chapter	ordinal	label	exercise_sha256	hint_sha256	solution_sha256	status
IV/01	1	exr:iv01-01	147130e751487f687bf2096b5b0b9bf1f5b7303f8dc5ab9d3bdf54864a46439c	b4d238c267f72a9ac6b020415b82c5539a71e1f47786c0d02d90eb8d70432682	307dd77969df47e31a45d76c2c9f8651776abb4873d0b6bb2b2d808607c252e8	PASS
IV/01	2	exr:iv01-02	d8f4403beb1249cc14d610f788937069129f400268487e936208a4e9392ccbe6	03dbcc3db9ff81762500c6df9bf35d49bf639d31d60acd7eadbb66a3c78d78d2	540934d57097d534f28eb29e2be97e3b2a19bfc3dc284ab147489695b29a1a72	PASS
IV/01	3	exr:iv01-03	a60e9b44a3f60cd531174165daa02d202c4b14c73373a0a9df2669117f7a4f93	61144b57b75ea6482cf5a2f41882f8e7d8529c51b7adfdcbe15e3d70fca39a35	508090d856041dcf82058ac81eb9a100ed963a985d649139ef3437616597aba6	PASS
IV/01	4	exr:iv01-04	750db3f4a51f2960e9961732058625a01efda92ae05dd036e6fe10c03054b004	9cd8e94097a93efac1b527d27c243098c68512cb946931d1c505d3596f56a540	05879a9059d4223444f3440d940a0df78c51ad73283881a27e4542c505c2117d	PASS
IV/01	5	exr:iv01-05	5120c4da29d64583400a8e9ffcd319681a016d4dfa936c10bf04f7642099f103	5e65b073527c8ccd74eb43ee1e014b045951969128aafc7e32b95bbbda8e42c6	0e11ccd31191ac4a7aee41ff483096276b3ea48f8829663a6ee641077fa57d30	PASS
IV/01	6	exr:iv01-06	cf19c271ef1f75676cbd0ea34a05c1e31b2e21c338983bb1aab8d8cc846703b3	89eb4ea01ee9ace336217b20b641424e9cf77ae1a9ad162ceea4e281f0e40a37	9e1cac4e166e3e65e132add6daa23ef235ec6d496050668b89c10b8cccfa5877	PASS
IV/01	7	exr:iv01-07	8db9a8b640e799f171d575d456e99eb31cda59dc07edf939132bf82878affb98	2e72acdd4d9125b63b0f0fbe049baa26dba613375dd2d2e21b8c6fb7d0df600b	6cbc7591fbebad9abeca437cefd051bab64717205553fb8d1e8e9f71e74f3254	PASS
IV/01	8	exr:iv01-08	f7f0066cc144d5eca29fcb8a97c0e7f8d344177dd0b5a0f917691fcd3c2c2667	d5d8554acb167cfab254a824a957ca046d4b9af9d0480568677b39b4dd7ffa8e	296903129ce1a0b6dfe6300b0d5ebc07d40a32849caee52c7f3188eea94aceb6	PASS
IV/01	9	exr:iv01-expand-01	1f4539d9771bcfa47b2d5fb80696b137c8ae778a5385552426d10ce0e601af63	c1104badf8188fc01f545305bab8b206797d97f4265e98947b029175b7b84f39	491875976e66d25426703536c948041226ca5a49f0331818e87bd0b9e970eee6	PASS
IV/01	10	exr:iv01-expand-02	17092f1a019a243b41ff0852c100c1a20bee44abde6f96d931f2350728965079	41724201ffa6ec0ee1db3b3816910d66d928db2026bc500893aceda60ee598eb	39fa4fbdc0888f173fc5a88887a990489b3562ebd319f10dee00143ad13f1619	PASS
IV/01	11	exr:iv01-expand-03	8f040f42593d85bf98bac7e4a255710030e0d3faa4b5cc50f85151ce211a9432	aed45317093f30c2215aaa1feba07ebcfea0fb1ffae4ae1382c376d5ce803d9c	1e799912ae03a5de9486e1234ff03f02ec608cc70f00165cd9627d6ac5ded26b	PASS
IV/01	12	exr:iv01-expand-04	f00d9e8fe40310676b0cef3e0ab9a7c8bdec8d76b396f93a2a34e904c3993d6a	e6201521b0d19ecf602b41980584a68dbdd2d96b956c03e2385a5e2a05d621d2	2c88ee893c4ae419d99d38978c521cf749ab26f5db6111a6631bd6660f556681	PASS
IV/01	13	exr:iv01-expand-05	ac9c321f6b885c461ba30af6809835e9c0f9b867ef1e6b0a493580171bc7a749	36ddabafa46cff2b4c3a401511b9ebe1b702e90b520c0c5d2e4ece3ed5593676	a001138801f3d20d72f3187cdb90bf9cd6aca8796c602d9b3b932f9a79827374	PASS
IV/01	14	exr:iv01-expand-06	83a005157b96bc52dff1b7a05fb439bd61832b240a9e85a3d7a19335b47270f3	9006ae26981babb8ae1bafe4d500fc7ea8324e845d08ce6c6efbcee0fe310d11	a9d3d9cf141cea489397c2493be842daedddd4644ccc849deecdcdc39215e466	PASS
IV/01	15	exr:iv01-expand-07	8e5f704de12c2ff38e36c86de0e57ea6c17cab1539091556e2bc7f166c4e70ea	95eac8cd534d3a13b938d40c6ed4c0578e5760384eabcff9985afed329337815	24c9890cdd9237ae2c2ca91a119ea4130f79e85ba2adff20f0702a375ca09dcb	PASS
IV/01	16	exr:iv01-expand-08	9460eb560a95994526bd52fd3709ba680974bcfa7f87619fe083bf5fa97b56a7	d8ee2abe5db6306b4453c79655da7e739e023fc27a08d9ad8d59b18029529338	76c0930e0a58a42a0c6aa27fcfa74c2012cac4ac3684b8c15a2199f569565b46	PASS
IV/01	17	exr:iv01-expand-09	15ea6a85923cc365856171fe77fc9f2b15f9d27d48626718fc5262d69d11d665	1ea59caa5cabfde02a2a7ef6c718761982fe8a8d3b20e27f0dee78654a7f1deb	39ab38178cd45ae97749f593ed5cf970e4d52d53bada8e132fd1a24aad6a10fa	PASS
IV/01	18	exr:iv01-expand-10	c59530bba9953fde307873bbe9b59e00f478ec80ffb14cbcf5f0d68864afe1e5	39d2db7cac5db3e2fb03f5a46145f08d6b88d3b319bc90e28a6c578d6c881e2d	d762a6ca08d3c42da1a6964a2d18ff4f2e9bb9ea91f30bce044f951563a43b80	PASS
IV/01	19	exr:iv01-expand-11	36712f3274f3a2fb4c300c55ee3307e008de49b00d5eb085471da151d7115ce9	cdcbb6fd81195cac43cb7c748fea48ae09e34479a6749291e5ea17822e70e807	b721b3dab37fc0e1c90b3776a69662a2156db1a237b59c8745a2d2ba385cfb93	PASS
IV/01	20	exr:iv01-expand-12	15aa8137c593f74ddea522c8f6da69a6ba3a75c04b9aefe21e528aab3144c02e	2a04456d57dc258ac0024075631591505900bef1c81f38f956cc19ca6e690afd	abdc8fda94bca5fc6865d14e09da4cd4654645099307b2fc80443cffe8698812	PASS
IV/01	21	exr:iv01-expand-13	c6c5eb293f1512ef31ed31983c1b712e3f927d0ec157a71e8648b7d3d70c6e1a	b689703d432b4c0325bebfea4d0e5b19e6293120fd494ceab6477d338b191d36	338e38bb0d8d0f3d3a7740b032e8387d5a693a8d256b33bc05058d0849c075b6	PASS
IV/01	22	exr:iv01-expand-14	7c894945588b1ae5a3430339f9c766fdcf560a3ee84f43d04d987fdf88b70539	9a447678d6ebee024b3a8fb8eacab469bdecd33c9fae976b30c374cab7412470	aef1b556b3154874a4d1d30cb3cbe9501b91157b4f4be92efd5b0a09568fde89	PASS
IV/01	23	exr:iv01-expand-15	75f6f818984fa17e2d59a728b03f06b1980e7cf8c667c33dcac0b1a5b7aeab3a	96174a2425a62e765b0d044fc2db5ee39c31e737f9b2080238877768b699a66a	525bd88c333d220cc65936bfbe43e6a036fd06cdd5b6d64a7c85a0e7525a3105	PASS
IV/01	24	exr:iv01-expand-16	06ac51d7f1fc13d790bf3fbdc9549bca4717d1029a3f97933f6d4f2634bdd6f4	0eff48b8a247a61d84426985fe08b195beadf501348489bc56c1d6d96af2f9a7	78d681a493115ce12391bd948a2184cb320feb7bb66bfc779b6f2a68ebeb0070	PASS
IV/02	1	exr:iv02-01	efb10faaf9c5ec4293840523d366cfb411791ccdd155cbabc7f8997f133747dc	748d09dd977febfe3e2d2ad1ffc0a00cb51a99e99e3ca4c45a3af13e2a315666	4ad74d8da03a13ea70b9fcb0f9c618956f760bf307ca38505c93d6b7d50062ba	PASS
IV/02	2	exr:iv02-02	26b7f26637befd9f5ef68555b2fb1e514476303888f086ff620290452dd7a592	04ec78239c4e2cfd636455c5d447749bc912bc17d532fad4b94eca0893ce51cd	5c0a395b1a7aef916f56a7e6ae01eb4fcc49068c199aee9ee6de9e566c45e4e9	PASS
IV/02	3	exr:iv02-03	15329961b2832a2b464b3967893c9bf67149ac8ac0ac9d340660e1d4c4b438f9	84c1b2a7dde80dd74797de6e88d59c9ddf6b2510b57466437213714268e003ac	ad4242572a0cb33b3138c5fa03cd987b27108d6046746ee860e70443ce390e3e	PASS
IV/02	4	exr:iv02-04	f26f61f79b6034052aa2ff310e6cde77aeb3f17543365bc01ef139cc4b6a8e54	ea5b2873ac6f0af29c16b438bbd2c0d1598d4ccc61076566bf17d4eacc3d7e7c	897e6cc831fdedfe0e4e1fa423e686840c2802686d1c202f9b603bfa17a41377	PASS
IV/02	5	exr:iv02-05	edecdb8a465a5a161cd5aca363bd3998a7d5558f0ca684ffee42e1d57dbfbed1	b4cedf823e20e5f50245f520f4b04d94a42c2e516a539f4c7feb5f966dd2b1e6	a1fa0518a83babdc976c30722db682ff7d2ecaf9498b8f03d15f02a0ba229660	PASS
IV/02	6	exr:iv02-06	8e2207347506c2f015f7e340156a1842ecd137920033b704dcaf24e325554291	5d21c70ca5de8394902d4bafb80443143698672ccacf9853884bcee1e24f76de	508e544910fbd6629607da1252708fc92a9f53e684088c4ed78630930f89afa9	PASS
IV/02	7	exr:iv02-07	af9b059db6144c115faa1385fb94e84915cee9e3611681abbdd9d848743c6e21	5e7a5d8c254279ae617f01176ee49d43d3a56b780f276cf238554bdd15106d71	854e1704c3ac4ea56a9fd2255c3868594b6fc1e426464f6941b0384b81e2163c	PASS
IV/02	8	exr:iv02-08	028a3a460ce19eb26be2f8b8e7028e708352c70085d2f85661b75cfe7fb83f8b	8cd54bbf7a2f61788d6165a30b595d9b5cd85f1645695ccf948b61e28b79bad6	3eb684be033672fc194977a377f0dc5c6cfbdf9e4a0512cebe644b95d9949505	PASS
IV/02	9	exr:iv02-expand-01	b213babc2d798e5be28832f708f3282c974a8fb3d08577f00fd2f66abcb69175	8816a98954414a8bf1b8ead143bed7240c38a668b665ebe0ddfc50b9e92eba30	07fce873123354e9d0c53ddf2bcad96d1ed5d509d9d322f6477ee2a484a1fb23	PASS
IV/02	10	exr:iv02-expand-02	73f462df56b4aa1711d5e6033894c99aa7010be600ca1abab7961c8a1e05a994	82f2528e0b9058c3d3173cd8faa00f20d38a8f606065b8a361b7cadadbb251db	74c7902a06017c0b9d6bb195bf8ab4a22e3eec12fcfd3f31ec754ebafae60ded	PASS
IV/02	11	exr:iv02-expand-03	9a96f7a61523e10ad9c688920a427f457099d5b209f68023ee01313738e52935	9672e47a39b4dee797a4870e40282dce9562b856c0be3cb448c6322a6cf8a859	9467e8582a2d16b5d3aff2cf790f9bea662edb5919274cecdd1666ebdf0e4d99	PASS
IV/02	12	exr:iv02-expand-04	24ca113db136e2f4ce548f23350484ffd0f5e511136f1cb3ff036b97b1cc8e4e	36fbc34bdb8922f88673bacc0ec9da44731999f4bb2a54809719645719d054aa	311a412e6e89d009a3aea05d446fd51713e31a6aa64cd68badae56bd2e7f24d4	PASS
IV/02	13	exr:iv02-expand-05	3ba0a750482525dc2166b5b375b2238c81fb6649e9598f6e683a1f1663e76e08	e8cbd20991935f4d4b8e97dcb57d0f642fccc9e1aec299458b8eea6833727c65	82243e1e3ac9ee45464c3a3328792407e0c62aa66ba2cc83c71ccb00aee87c56	PASS
IV/02	14	exr:iv02-expand-06	ae782937bcaf62611b29365d25e84769ebd78da336870f161e05d06df1165106	4cb271532c89a4ca21bd1863d6209b67e4c43229ff22549e170fce35db7c4104	2d578afd48ab5b485de8e81d921d04137db49d677e43756a2f4599f998678fd0	PASS
IV/02	15	exr:iv02-expand-07	3b4d926f7f5ec78f7551f7c71caf7cc232ce4a155c5544ed157d6f7c9fd96971	0297aa9723d550b379200a568bcc12c975981973bd38bf85edd2c2bcbadd53c7	458d2497f719d0f50311d5125ebe3da02b998a08f891ec1bcd700b0aff837ab3	PASS
IV/02	16	exr:iv02-expand-08	9ce074e67dc6eb30725c0cd9173ba79be31ba8a8a1daf30efdebd9e5ce015f10	e9c94ff3ba98b7ce4c2cb6acd88683aec5c4c8ee4ad5a96424379d63be32fdf9	be860cfefa8b100aa855423f0be72c930e49cc37fcc02f1af489de56561e15e1	PASS
IV/02	17	exr:iv02-expand-09	59a21e3e70e9adad0ea1a309b4dfb709b88d5a7e4650f5eadde44fabe86dbc26	80fedcd2b668067261c447b655c958077748698e98fcdee87e4c0f92bc9dae5d	0dfb23212455e4e6d3b6a9b68bd0f83658b23e7cce9708affcd777db41769408	PASS
IV/02	18	exr:iv02-expand-10	e03a251291da3884effcfe12012a50eb10711d7118a1022f67539d50eeace0c9	7a9e0fa7fd623b940704f3c4dc55ba82eb89427a9f71e07223036f5a03b6ff87	2466e03de6c161e2727e1606a35cc3845699ed4954f60b4aef808fcc894bd2f3	PASS
IV/02	19	exr:iv02-expand-11	d323965a9fba9ab2dcc176a8ede937d7cd086bb08c33786874bc062b10e24b5e	624dab2c854c531e39f13c768e0af7ef0479767597aefafd5af709ed4c3e2a35	b3f6bcb0d083b20098defa61178079776eb3fe5aae176a37c9030e361f3ba628	PASS
IV/02	20	exr:iv02-expand-12	ec33ffdf771c3e68a758a4e98d6df0b6664b433d5b717552666789280b11bb01	1c85e1452bd0f2a64d4ce49d761d0f2eeaee69f80fe3c156fb9740305f5ccebe	9de0e68e244005cec113ea070a54a26abf9a0521614f84acf5026415036bf8b2	PASS
IV/02	21	exr:iv02-expand-13	c583b937230aa8e2a5a2182f52daef7384339cce7ca3acb892b9ee16204c3ce2	1d5e74385cee48ec4412267356fc25ebc2ac0f22be8b1d4ca0ed3cf1f1ac2501	2f114c4c6a735513a55a3833fb084c8bef0870d43081823c8e73d029dfb1e662	PASS
IV/02	22	exr:iv02-expand-14	714fe5c3eb6f082283d5e47af1f14dc7e7d964ed0de08c2076297dc52d0a21a1	cf99da16e282d8844547013f55db14fafd7dafcdb8640988044b5070a8969006	04542e538546b12424d817b45a67a3c6b106907f39373ff8191a8eed1f91b609	PASS
IV/02	23	exr:iv02-expand-15	53bd23ad93deaf4da4f5f16505a6317455e75b799d414a876f187d2b97b6f634	26b72bd0861f8544a7b331c8f58a30cd79f54455d3d6d65e236ce07e60fd9d87	b9b37826c8a66fcca0bae5393e942b19adda6289609dfa07be32df64ee54e0c2	PASS
IV/02	24	exr:iv02-expand-16	1577aebdc29cad4deb5efc8d92b72c360c1a5f198a571785ce385ebe7013a937	4b298c8ac6bdbe80d57edcd7ebf525c47ba3235e4a96786105bb9f6abda698dc	0b6eebf04a34e0ee295d59fe71235320145ef4d414541394ff9a9e33394cee35	PASS
IV/03	1	exr:iv03-01	3ace7e4cf54bb20df2ea14b574aab38b778dc31313ab54259853ce473bb8e5b8	92ba66d911ccf4508d7806c76d60bbee62d75c6f779afe56510ecb7f6a89ab3e	eafe2bae8afd3e2eacf5e5def88806fd163e7179cefd77f2603683c16f35e934	PASS
IV/03	2	exr:iv03-02	d3a8610244b759dcfa0583f982ebe9f513d6ccd13590c22ec295b3e552431af9	62dfb1483a5de7abaf1a0546d13999f65812867c532205f42dbcea68312281fd	02be762d98dc2d31013a46d2c9bae3b9da131d0c6810305d1b354d07a37f1295	PASS
IV/03	3	exr:iv03-03	62d438f286ddffbabebe54cbd459da3e50a265d5b63c03a9e7109de609ae390b	3fff2c78523fc4b83b8c58fa07a5803ccd14debbd0c8a0f6d4881d33f124e509	b3c5f2beda5f1d0414e42a5476ed4c6750d58ce590daa324093a630cc1f8cb35	PASS
IV/03	4	exr:iv03-04	9d24b02c908d04dcebe5d1a38e70434a14db3fc3866855f2fbd0f52350145e94	5fdd45ce21eb1f2b2c0352efc9a2610682acdaa921005d781bc0f25a0cc80fa0	56c1984a2aafcc696fdbec4dbfe54a292a71a7ce710e9c8b22b409a3f909ae16	PASS
IV/03	5	exr:iv03-05	29ab54e47b837b221cc64733f1f6cf4dd961167094261caff33fdc719c968aaf	84d5a945c29b2aace41fca17fadf7627a37de2e2c094f02dc577be79b958f8d4	5a60a73b7e07ae6c4f0d9b04e7f35fad81a6ba160e0a2a046685bb8bfc1e2557	PASS
IV/03	6	exr:iv03-06	8814f27845bbe23ae6f07fca5bb09fe2a9d17ee0d08959cd73d17c5638cb1ca2	be8c26b5f89ee6404ab9de4d5212b2bc45f0382d506fdeb27dba1a15259baafa	0711db152b597bc863775c4967d022781627825ad49561be504249a5e8ce6578	PASS
IV/03	7	exr:iv03-07	853978bcca741eb6311b3a10868efba9aa7e73226720776db41ed75f98a69393	ed187539cc8f09468ae10abccdf9bacb7690a2915e16241a164eaa2854799e94	431c2c3234da3cfd328791ae9b709cb5997c71dcf465886befc77bbd6f1a0dde	PASS
IV/03	8	exr:iv03-08	fdd7092a50674425b091cc44f0b7656e98d07ccdb4168766f3a4c289b4277a07	da48e981203156914e12dfadb3c840f04c86b8799d71bbc521795fa4b6a691a7	8e571c7a69d2ff9275e71dc77732c06fb94c2d85699ff076a67e23ffcb23ca83	PASS
IV/03	9	exr:iv03-expand-01	d7f3feef7e87c09536aa3925c2913977f64d6604fa876809a476d674a8bca0bc	e846cbec78cd830465ec2e18a4b242775116d0b5406901c53a80be4587b869c6	e23194c6014425171607b5f0379027028df895b0b8a95aad7e1a2b572c5c8105	PASS
IV/03	10	exr:iv03-expand-02	09674b597b6fa90e82016adbc28442310f1854144a1960f3d4aae5fd6576a942	6589846693619d8550a9ee1e356998923ad3c49fa2c5a1f341a44c5576b4fd4c	760ff91193ccbda01364806303f754462aa84708cf347a44df2bd104c0cd72cc	PASS
IV/03	11	exr:iv03-expand-03	4853fc759c5d40424b51ceb4e596176f1034451213cbcb66a3e3882286647328	98b2cd8d3194d0686ed565cbf2b3858986f7adb4f7a08148442aac6dc98fce89	a23316f5fedf93d71bc85cd602113df672fd293eed7bbc653ca4bef2bfe0f8e2	PASS
IV/03	12	exr:iv03-expand-04	6f8c0da1262eec5b469a33e5bbc8532a03ec838624f0f570207137ff4ab280bc	aaa4120e61d3852594156585ae8e1738182b2870639c83509389d8342eb45141	3792bea1d17fd53464af1db98b6507069fd60dd8baf9aa8d38aa3a3d3b1127dc	PASS
IV/03	13	exr:iv03-expand-05	cf6419d5a70b27eae32270c58104e3accf2295664fac9df2482c77ce4fc318fe	6faa32059b4a66ee563de41c9961bfb4eae80da46b1be638eadd2a15c8304c3d	08e0d4306c22307fa4afd568fadb7b056c465e05100aebed37aafb2739c24db9	PASS
IV/03	14	exr:iv03-expand-06	ae9d4602518467d1d14ba38a2a4fcdbec8a0c6659f710e4630e351acdbf9ae48	fab4375e70078787377a65bcedfd521dfaf9eda607f7aaf206b6fd4074f1e386	a782243d38fc3334bc22ecdf3f736a971139aebeb8671dff808daed4a135d7d6	PASS
IV/03	15	exr:iv03-expand-07	e4885d147b7fcdc327dd07aefb324a193b7ebc5053cdf712b8dbfc109fc17ea7	8dd5f5dea79ab0684047ff9c197a830ef3550bcb99aeab5ca10ff5ca7c4bb536	2c99005c31874dd5f244a5328d6caac1c91493a4304337508e5cf473f9cf0b4e	PASS
IV/03	16	exr:iv03-expand-08	28e3a37217fb1c7e451e41ff023db40ac8db1186a5ab6ea95708f5a1a3a4001f	04006d5acc4626a7ce13605d02c9d220cd155e2c5f79ce91a14d98cfafdc96ae	766507b9b6033f5633635c8aff8be2fd91cc332482000bdb335c5364e3daf97f	PASS
IV/03	17	exr:iv03-expand-09	de8621a081c7d33d2a0e0b1e3252817cf13e3e29c5f2869d659daec028f026cb	76f5fef8e42eb82877fda58c551fcefd24e3dc66386a47a33e558507cea6a178	c612cdb15a126ab868b2e23bcc2b1e70abf7bef112a6fdbb06b07941dade8e56	PASS
IV/03	18	exr:iv03-expand-10	e164000486a17d3540ace12a6a81c5ddc807f130a2230b3cf0d6686db0f901b8	ac953409ef672c67149b8f842bc548e1b006eba50bf0e9d9c081a8d4d1f46e32	51a39a4096f4f557c80bb20d0a814fba6213de5be3257e97008c45a575102edd	PASS
IV/03	19	exr:iv03-expand-11	27453c91a11531d0f8832dd1ed26f53ad85d21c7a24f001ae587c4e974410eef	896a9e33b0245e6ff6ac402ff03cf7b3fd537428f04c00859a7fe42b1949cf18	7173d1e94a015862a3459cd10de1ca97aecda8f2dcd20984d3d6abb374d3c255	PASS
IV/03	20	exr:iv03-expand-12	0ad84b49f47961eba0bb8de1db5cbd95f66d90802494801f2163af1d5ac7cf3e	20e902e4ba93874a594547a550b4e8fe8c2c35fe364bf9c8f841b0c914b613e0	bcf432e829a4d4eaeb6c5f5fe4b2f4881820939453fbdc995d9d500f88a6fb1f	PASS
IV/03	21	exr:iv03-expand-13	b20d325d83a429ffefb64414833a7902c914a0871250f69fbd8e7d3dc4d13051	6684092484c7dab5170e52c747fb2505f32bc7e388c66e8f21aba066dfd18705	d8b98067e4e0b61c1624fa827ff301da7d32cbe74c8e58b7da062685f8cbc239	PASS
IV/03	22	exr:iv03-expand-14	f749d39d9e3b35105c8e64ff8a64a12afe7f1d8cbf73d3d55b60a9471381a55f	64bd537baa4005891e8946f075a227a0add55fa675c291e9a05096795d8232b1	143f931d76445e5c4687673b10185005437c7b18ca663704e83693fd90e62043	PASS
IV/03	23	exr:iv03-expand-15	f75a7abdfbfa91c405e92a011ddede81ffeadc264f47ee09a7b7581ffbd32a51	514c9f5114470a3d02f0687cd54dbe7fde0daa0ed31bcf1d64d99b0c71624aa4	74cef2c478d39fed030ae0d0c534866f03d76318eea1c0c9c054967b15bb3fc9	PASS
IV/03	24	exr:iv03-expand-16	be59eed89542637c5ac0cad8df6630de8c8be10898c485bf607ab24591be673d	4a94a80e8e7aa88f673a15ac6107ca3af265dfaa042f2a788a4911240fa915a3	574857d7175dc0d8df62752c321f9fb2d4b5fc29e8c2345fdbd74a37960dc5fc	PASS
IV/04	1	exr:iv04-01	472d188f0c781b6bf304f36db3000d3136c87f1c0f6f011ad78c3e9fcbc78bfc	fd859282acb2650a14c25d0b56d59f112112bc537141bde8bac4847355022eba	b956a70afdca3fdb2170a00708ea012cc7a2f721594d7321ac1586c32a3b509d	PASS
IV/04	2	exr:iv04-02	15dd6c1545ac83f4b4af722ce38774b5423aa27705b3761291f93c77a6ee8656	fd1bc3b5056ce13e9f3e20f216153a28f26531cf89224c3f30596315cdd5431b	1a41c4a619285c4892f1debac20c08a09a7dc5d744cd98b58be944dfb0a7ac98	PASS
IV/04	3	exr:iv04-03	1c69f4bb4cb2ea74e7f27f6ee06405fc4b09c3e57c9b0088fcca67ee4d1ff291	2790353993aeb27187c50e581cd9b75b2611896e4e8a593116d5973635d7b54c	59155153eb6fa5f90cc750bd8503e7809aaeb81058e060eecee9f58790bb332f	PASS
IV/04	4	exr:iv04-04	a74d2784cdc7c8dcb656fed8aea80714a0e056b84d4b7e5ff29d5192db5394b7	e8d852f6509f9d283e5ce4d088d158b509208b9f5a7efd40d895154e6bd049f4	50c5cbde658b1e431bf25e6cc4db0af73643ffc2640396b9af53ac260a4445d9	PASS
IV/04	5	exr:iv04-05	f49c20fc47d99b264810ce10041f2b3c28d1d65fef4a4d0230a3c696bc4af206	1540e3ea35886ed301996d766dc1ddb95eb926334c3c4cb19d238b207fa271c0	6d5afd408cad4413e8777ce5b012f04f6a15b8a9e86f0ac3fc0b220d3d78a254	PASS
IV/04	6	exr:iv04-06	cfed7a2f513d95d330d79e26382584d21732c537cc0a7fbfa560dfbc5e4f67b0	1b2966f48d425dc6d66de584318311828b7bb52b4caf6273a00dff574c22b14c	8bf5258ab9b0c49fc2f3eee3f9992a1c68b166a2796f8d0b80e0c5bf982e7794	PASS
IV/04	7	exr:iv04-07	2e1af7b0ae713107499c650c8d7006b372a4a3dc127e6ec7f5e4a96fe4183f94	5f21caade0c39fc1552e29dfb7dd362b6f37b405f0ecf527e4a10a6d7c88e984	a5a3e443635eceddb8f544a15b34f0b97563e854545f13b689ca7d16b0c2d050	PASS
IV/04	8	exr:iv04-08	c7e8597eab0fe1f5d3313f758ac2a9f7c5b9f1e60d6a4dbf7c1f768660cb4620	dcbc4c20c4e9b68d5fbf8dda3bf0170eb80c7ea1bac1c4e0775e4e6cdb3c9f7b	9722da3be7db5fff644d54b17581b952b2a81f515e42d627113400c1feb47989	PASS
IV/04	9	exr:iv04-expand-01	b2e48f24124d74927f28b58650422710289bb8ec0f70edff935cccf03d1c11ff	896502297cb20a06a62faf265fa81f297ddafd5c35d983c51f60ce910226ac39	82a1b318f5a7121b7c9868650fcb3c70cb5ba01723bd554913ce5039573faee3	PASS
IV/04	10	exr:iv04-expand-02	5ade08aa467ee9913a3fd663aacaf9c8e734667b1d1577d6944daf183e6d3e38	fdf4843d53356168e8d963f4ffaf864b779b29fbb98041516c6a25ad9326ac6f	42a60ab7b48271f2446624dc2632518bcbcb72394c98aa865e5c2c0ab97a79a5	PASS
IV/04	11	exr:iv04-expand-03	f13dccd12834a8823d04f3cf16c57cd5aed8e1510d47cf20c0366e08adecc9cd	fb87fb4a033ebff32fcbac74bb2cf5628c8f6ddabcba63c0c953345aadcd38b0	783e1f6253577d63daf52e696d1a912c8808cfbdfd21003f334243997fda9270	PASS
IV/04	12	exr:iv04-expand-04	9de20b882c5fb01481f5303d1958124f2de3027c92e19fb5a4b9b7b05d56d213	8dbf1d24437ca9ad21df6c85827bd4fceb920a61f33f665fe3f537cf2be90996	38822e06851d2498546253b57905a2b04960d6f1a9028886098f899d6347abfe	PASS
IV/04	13	exr:iv04-expand-05	e90dcec1c02805329d0f9d40d31c57f2ca757aff5514764ea312334fe28883aa	7c63fce28c7c9daa1e55acc4e732ef61608bfc26c564ab4af3f370cbbacf7f1b	8e0c2cb8101bdb08d5f9649a2301071a63d6f7d27d549856d2e8edfbb5a210ab	PASS
IV/04	14	exr:iv04-expand-06	968093d49b62e104e1ae57d72d21896e7e404856a88984777a875140b46ab42e	0e1046e0e3590fc1a291beda440a03c872c4b056b24704b048fb1a7de1c58ec2	16ddd96e72faf6b9b1642a069c08813379f80caa8077cdcf284cb1c43328efa5	PASS
IV/04	15	exr:iv04-expand-07	82bad0c7f9e401188460c948848302e9089455d785f461d52fe6e62dba417fa4	03066a5717b2fa188268566f92d6c81c2ec9b2dff09fe8b5c10b2ceed667f893	42b2f27dcddc4508be5fbb10a51144d0292823c5992e08b29c40358a0028566d	PASS
IV/04	16	exr:iv04-expand-08	6d5b2b70f545c79dc948426c509c54fc8781b3a79cf61954192bd09e895180bc	674b7a6281710b14e1a3d03d86b91d59064415664925d86d202e860183218454	fb405cb886f675712b008ef2f995311e335ea6c0b3f7717d36c220d22ad4be50	PASS
IV/04	17	exr:iv04-expand-09	da5d7a83580d077480c34a3452d4bce6de8b215d16c6f7f88997ffb323ae1324	5c8886204afd52a0506300edbd8ac80d25eed295512b9c6453ae6e2a777cdf05	46a93935b3687318b5e42b3cc321f2965e2a60b815a573efa152894904921dfd	PASS
IV/04	18	exr:iv04-expand-10	1f5d3f5f7a4384e4de2a78652720e5d97f70a6f84689067fa6c5f2f41fe6a476	e9e1ea5ac526ddde21160d3975f623529cdb953cf0f7ede94c373794d7fe5805	bb9361ab74c69fce43b5f2c9bb5a671a3eb14f397dece7cd83ffc29ac3b727c3	PASS
IV/04	19	exr:iv04-expand-11	5910b3c21f0a9f111a13a6adc091df9a341599eb95df7ac37c1891eb27d0d0d9	39202e3ce68ed3aa0d89c6eb1815111b1e5d6181f7f84ede4cb6337e5276b8db	8aa56ecc4fe03b08c7b5569471896b4ea58f647d7e4435742baa9bb49bcb3bb9	PASS
IV/04	20	exr:iv04-expand-12	9fae33846bd58b6884fea65c1e03689241c5e209f27dc5db75fc3bf8210cae10	4e33c594428de2a888a29157023b55111dce60b4944cbbeb1d530706d3af507c	d7fb70b1a1eefeecd960112affea09acc567f9eb2da3588bf36b373a9e6f910a	PASS
IV/04	21	exr:iv04-expand-13	04cd56351bb3534c78c7c861737d9bb7e6d0706f6bcf2c180182899325b50b6c	a4a8717044c3f21a407a95c3b93a817680dfa5182ad6ece4262797925192fd41	bfc5cc3b23ca3be928ce345ff6459627b79e1d0c9b7a9b8b759810fb65a3d2c5	PASS
IV/04	22	exr:iv04-expand-14	7f9801c93444f3fad58e713ee86064888657da4ebd305e37fa27ae362ae470ec	5ba3bf1ff472c5eeab5eb8670d10ebd75879c8cb2b025cc336f451e1a68da575	648072832e1cbafeea5f697a790dead3dd905b4735b712d5975836544957b8ce	PASS
IV/04	23	exr:iv04-expand-15	911cf7d2b1be2516d55c99e60c753ad695ec5efcdca2afaa47c2ecc0fb490ff1	e26732a8c7ec6473403bf25e360cf9754f9019951155e3ebf96d659209557db2	7ffbbb16c88b3b6782fccafe22cb596c0df9c83993704fd72697a52d8508c742	PASS
IV/04	24	exr:iv04-expand-16	2610ea84779a096659000afb4822cbf8ea08b6136ca38cab93a77fb07d4684d2	2b170be26940f82b033e06c80c51d6b08c636d33487ade2fa5bfbb3cafa28004	45bffd8973891598076a6c645d2fdc7b448dd3d1a76dead40a581621f801340b	PASS
IV/05	1	exr:iv05-01	de5b2c6e2b8c4556aa400b362444426b4aeb77f468c8ea861e1621de0d9d1ad5	25485a86ec6dad6c262bca2879149bc4c7d069c65e765a90a39967ad6fd734f6	9f5aeca10e82a1da68c97aec4022f9e9f8269a5c9d686a48d5bcebad89a3663b	PASS
IV/05	2	exr:iv05-02	8b3cf882be7b3e2af75b4e768371e472f3850899f38f922134813c01a52f345e	ef9b9fadc5956bde93585231834c926880c344a4187d37dcc041538cde715daf	2ba35d82d7de313fc5f27f2579b2eab2d330d057255e63aab12c3ab62a8bb37e	PASS
IV/05	3	exr:iv05-03	4ec70505a171a31ac7d993b6a6ade9b0d11f0bbb8802a15e54e24034260abcbf	fef84660cadcbe8689420480284e6c4e2d003ee5b9ec063321a3eec949f4bf31	d1d744305c7ca3871b6f9890f11d8653d0003c8ee9d6c2036d0e8eca672bdb50	PASS
IV/05	4	exr:iv05-04	377b94189f058b90d395b6d34044accfe2f5022e4fcf6d5d11e0700547800000	54957fdbf1165d1d1ed7192b0809767e33e017c75a6bbf7bc4823fafa52d7690	fdd8c7092902b4c30271a8ae297b422a6c70cedb31a603e53031fea8acd85659	PASS
IV/05	5	exr:iv05-05	fde3b74a0fae5ea3dd6f88ced871cc9fd2e6fea9ce9fefce2c405742d9cb42dd	85af6812f99e51c3560432a36edceffd932c0a5ba93de92958c1a0787ea11519	ddc803826de255c2ed5c2e77a731f63adab89220d5b4be45f793d019969424bd	PASS
IV/05	6	exr:iv05-06	52ba86603cfce3ec34de3f49c5bdc8ee9944e829ea6b7b27aa49e3c0d1e27742	ef2236a9c5c8b313574f4779f156abbca160cc4cfe2f9d93561fe465cc519910	ee05ba2e53c01a4a65fbf10f2e0bc20fb542f4396f52c488ed669a4e4f6198c2	PASS
IV/05	7	exr:iv05-07	56ddbd8c60de6dccbe7dce3c3ce8725cc9513329c9e6a668f1d4ea90e71fe75a	5034d1f628d9c6aaaa899f77c493c0ad60db710c2ce29569f5a7d4cbe7e8b4b7	a8110ce6c1e041df3b1ffef541361b3b156d3b85629f5f350b86abafb9215d1a	PASS
IV/05	8	exr:iv05-08	fd20236f9b27c7b85f70de43b7a3e51d26128d4220d2ed7c945847da817a7d7a	e18f54155410bef2cef98ea5ad4013231b1cc27a86ed973619b7e09b91b20e3f	40b1514bd34b339dbb13e207260b10ab6d054e1988b2b613d3f87807a26d4d29	PASS
IV/05	9	exr:iv05-expand-01	3ee063e608882669da09ee6813a2215a36920a01d1c288c6561753d71abea9c6	502c5183dff0ef25768731b619921fae4834c178cdb698bd2a6a4eabe3d87278	50fbc03cf3fefa6fa6de6445a2d8fa4e1a854d2f97c28dc0f7c95ad3ebdd5989	PASS
IV/05	10	exr:iv05-expand-02	75a9fa4b4e0758d6e2902b55b522088888d6ec1a03aeb7b9cc77027e56a41076	7157d4c36ef2c34a992c17acf95b292c841065000ccb5fd49e4e0b922b659d7d	c1a6f40290d0d5107a21a504d76a8a5286bd530378053f499dee7bc14a1d8281	PASS
IV/05	11	exr:iv05-expand-03	50919b716e807e89acd01f932144b3fd1a907105cd504353d317fb00fde3faf1	11ca199a5e26e5afcee1c5b57537ae396da5e5e5f3edb6dc3412b35c959d52b1	5dccc29049d4e8a8465b5555ab227a9c36889e34b0bc649ead18029a94c7f4fe	PASS
IV/05	12	exr:iv05-expand-04	ba25e932e5fb72a653710a3c7c5e1ac1691bcfbade1e20ab2a344c182a04805b	2eff44279c475d640b4b336fa6745dfc8d312cc77fc3763e3256cf0fd96b5ef0	791de702468ec4b95fcbf28eea499f02644965f7cfe0f0d4a63a785dd1cf789e	PASS
IV/05	13	exr:iv05-expand-05	6ff361df16175a36acdab44e47133da44792b0fa03f8a66278dd1ecc5a1c2580	f855556b8d409b0be313f7e59ad6293e32341a537fc965592829a11cc352bf7f	6bd9fe38da1dc8695cbe06cb74d36c1ab0be23381d35063686e9bc3a9b341a0d	PASS
IV/05	14	exr:iv05-expand-06	e7ac9f284db39e6fbe52ab5a4e5283da2211ec6eea2c551b5cc597451ba7b076	1bbb189189ea7a094189409bff018fa0ced1e2c3ddf637b6f753bf45581b08d3	8877b6e606b753062a1e07cf662f93c0fad1f3bc4651ce781495e48afd435711	PASS
IV/05	15	exr:iv05-expand-07	3017d98434c07f07bdd1b851bfd72dd98662c9bd76c4ec3cb7be9bc985f08a1d	5cd5f36ddbe1d8908314aedfe9535262a87fcf7b6a911f12073d20565df3bce3	689b77c6eccc4961c1e8db41f991e33123f9e47fa420157a4e6b22398581026f	PASS
IV/05	16	exr:iv05-expand-08	31b79f5030c87993eb462a22927f75148cd4f6eb07091d0a64646804b67b1651	0e7d90e10e2ac302c50a4ba2b8b2b3ddabc8e39b44a657cd06a18f313fbaabc9	7228944ab50749800481a0c406583e34ef9fc57223598180eb106d35e0f717b2	PASS
IV/05	17	exr:iv05-expand-09	c7a03a196eb1cdaaa347873b96b03f3a21f0137ce2eaa4fbb95d8f87a915a044	f0a07f8bd78ee895ea42119e4a1500106a101ba20b0106b1c850cf03cccf5048	35afa580c9e65bc6102dc4bcd0a7dfefc78fb84348c52c1993b70d1931106110	PASS
IV/05	18	exr:iv05-expand-10	a569c48563982bda88647151cd6469723384599eac0d62a7146b24635794ade5	fd061499e47c5d9034bdbbe42c394123215f95abecfd20b80a64e4ed733bde46	f92c76efc627423866f17d569b6f92fde2182e28a35a2ebb0163deca3d06778b	PASS
IV/05	19	exr:iv05-expand-11	15ddfb4eca1f9893354d11708a46fa5003e0a5f8f37197475396be51da71b568	e6da38565f1cee95f4dbeb58b7cf1fc762e602b8173f79e18893a170bae61a84	e841cf3b81577b109f57753a64559a7d7874bdfb3f1979e3c7db1e2fa6aaa89b	PASS
IV/05	20	exr:iv05-expand-12	a391ddfe5a3d366c3f15a2c2a39793a5efa532171b227192d66caf5762a54397	29ab14ac6596ee99e356e5b6d25ccf96ed76c658bc0a223278aa062942324e50	7e2a6a93bb63e983a67ab9bd1220f91ada9ff15ba307dab9c96a6e951b1ef8ae	PASS
IV/05	21	exr:iv05-expand-13	51b7ce478d52923dd5474efe98c4d78d35adae349a9b07c0247a4f00e4940032	19ccdef398b2a1a40f99710bb5a9937f4a4468d83ca052fccc80e1b8e4ea4175	613e2468bce190f18d55039dbb0ffa36c1ebcfdb7752f7dc4058a59e65f210bf	PASS
IV/05	22	exr:iv05-expand-14	5e11e6042936548f0359286643fa27cdbc01ea6311b05d45c4b1106ca331bc4d	a156419e188fa413d6021807ea752205b9f464742d876623841b0c8871eaa01a	710f5f3fb12ccfcca9af4f81d9969881663956ffb166a69243a92087d4e0c752	PASS
IV/05	23	exr:iv05-expand-15	4ec27ff5691a5d5226c5bb9d5e96407dcfa1d9defec383cc65ce60bbccb5a681	0047033db8e58b1486c04af5d445b733c13d8c69499f4bfdb0dff2fb1c591c38	ab65d130f95d7426181dfc834856c025471e167af73abf80ab83420db523a04e	PASS
IV/05	24	exr:iv05-expand-16	dce3dc183050d9c359d40730764ef936ac675c6ebc78941f4c3f84f85a1b617e	ab089f0c862a43669ad2186971bccc988925fed7ad1f7206d30215151dfb7aa3	22d6a4cbfb6c5718e3faecdd0c994762a3f34f7a8f13a4699761324bc196c832	PASS
IV/06	1	exr:iv06-01	41813cd7821037756cb13c1c6e18fcf8ff3adb2aa05735f8b75a09c399258cc5	1950f2f09736feda3000b74039289377a65d3e40878abcc9c5ff70b163ea73c4	6772db98788200d34d460f3c61ae68bc5133578b7136e705ba2cd3c4f34bb57a	PASS
IV/06	2	exr:iv06-02	b9eb2c6c999705e3fc3cddd7a6c749d1d4b38a3af2535290d0414ae8a213f560	2db5a6c654c4eac8021fd22460d4f21c7c84aace3dab12dfa4c2cfd3b905d890	d2ff18e332d6fb36a87c90837ad38ee74add6d63b3cfaf3951a2455671d90236	PASS
IV/06	3	exr:iv06-03	edcd4c019a6931dcf023611ad54caa0e21407134ceee0819091818da19083961	ba00ea05fe42b44407d7933e66a211616c90e9402aab38a9350a02cbbcc2f198	54b362c4ef5159a4f10754133c31828f5b67b81971383aee45e2c8e1b354e205	PASS
IV/06	4	exr:iv06-04	d12cd3cd5d5cd91e3d3bc11f0d62ecebe1cc0203b716d5ceb3f5009ad992b54a	fa823ab994d6bb2dffc61412d52ce939d004f888a2f907eeaf8533cf862a9362	14e91f329de5f3fc0fbac849ac9a841871cf5de0c54c3d7bb07467a2ac9878f7	PASS
IV/06	5	exr:iv06-05	d38abfb7ddd29c2f0c755d91d3900e04a2caf2ecd5eca0030829a32dda4fb43f	958e14a258da07566468b039bad95f8823f66149ddcbacad2b6b1a01be2199e8	a79db95dcd0e838cf93be34d210b35e79d1955d00ccfa589859413c95d43593c	PASS
IV/06	6	exr:iv06-06	45c486e6ad7e655af562846f561e4718717ab2277312b3ca8c8d8032dc54ee6b	aa8c5ba2b0bd6a7fa831d2eb0155b9cdc51af7069fc59f782538ea403c17eedf	4e462a5f120aecb5352d973153c2bca678e7cba30e3d866dec47d807f5822343	PASS
IV/06	7	exr:iv06-07	90f735e0764025153594d67d2cfe937fbfaa7bbad4a510bdd0ffc9fe77bcd845	61023842773ff3b00d181711c9ec7e6d73299a57f45e249c02b617493e3319f3	68dbf374123485792a3c817f1fab7c3497df95703e57f8b9e0c164cbc0e20849	PASS
IV/06	8	exr:iv06-08	dab55d53da5bc7f99e9b2c003be1ad5f8c58f001abfa46fe9685850bc6a9d3bd	6c34f5f0d40fb2e1b06b995397d107c5c6fa639bb2ee080e2d0b33429d804a07	7f8fb94bd0441bbce0a0b97ee7b2569ad9f6f3b78e622ed829ed7de36764a5ac	PASS
IV/06	9	exr:iv06-expand-01	191db1773a647c1e1a29b1a38430230814a11027bea2967e356f13014a060115	d0219da4c10313e9fc7078da55aa8bf4d6ef1f9c0fa70937bec5cf84df45adf9	bf008953071457603f05415ac354cf39572c39c6c96513de46f61a825c1e95bf	PASS
IV/06	10	exr:iv06-expand-02	d14bc6bd64ebfb770f9720d24ab9facb9d7c7d64c7db14f58db2493141d10ed7	d4c71e45742ad3a08627072fc7e5ac40b42649516e53aeb18787321dee472b9c	36e7b22b66830ce371acabc844c55854b297bb4c3cc278c32fa8274339cf8ffd	PASS
IV/06	11	exr:iv06-expand-03	ee2c5d8e9860dc625d2ce844843d0e0fa1dbf9ea3217baa35569e55da630bc0e	a993430def7519fbb2b66bffc834e7b10dfc08763abc60b9fbb497fd68e0b548	7274a4acbd363065892f9cd792c8e6ec2a20d639f06cb95f5fdc28bef9a4c5c5	PASS
IV/06	12	exr:iv06-expand-04	b4949f4cf7a6845f0783262a46db65ebab70d379827e08cfbca03541fb86e54d	27c7ceea9ba554723fdeb5fd307c281bdd7d731330f22694211998cafe5b4718	b151a34e18a9e59c3502bff72806696435b9a428c42fd909660d95028a5b65c4	PASS
IV/06	13	exr:iv06-expand-05	3bb9a5bb79355f6004b3f07ecda53eeb416310a232b10d8990380e3ee2fd7fa0	eaaa521fe154259b69cb7c7ff37542e487c299a830f8e5964757c3f949ee2681	4e84a2a6b388ef07929c6ad5f79c96670fc276f97bf43f7c3085a43c055e6e00	PASS
IV/06	14	exr:iv06-expand-06	a68a22e6429b3bd5c4c31cbdf92f7fc5cd5cd7bb97dab2b7f3c40828dce6e9dd	07bd80bad56db5ecaa4712415fa784defbfc8b9a10bb8c180b44c1884f7b8e55	9997a4e5a7611250b8aabcdccd78547b3e4ca5740b3f2f3607b53002e7b32842	PASS
IV/06	15	exr:iv06-expand-07	db683dca2a0176d95ebacc4261004f4fdcf66b40bb58ebbb8965636c439c7649	3216f687dc99c36d2d43e94207c4e413f72d7ea8eafd6a9e8b3006d87e6aa6ae	0202230a488e271a907cbf356a75115acae0f29b2c0c2310ba6e1c967430d320	PASS
IV/06	16	exr:iv06-expand-08	7986d4ffdffb6aafb9386284d7adf004e793bd46e4879422aee62bb98bc7a724	1874b6b377f4852c7b1504c063e115e146820e648a733f1cd63999ffdc775d75	456dcc7d2f827d469de6f0bf9438c37dff016a9bfc9e5fa4f9add22d239c8dec	PASS
IV/06	17	exr:iv06-expand-09	f73c28dcc47a150604e7e81e831a62e47305c6c67ac6e6cb8ff00f15398102ce	a64c212e225dbd9e7871d8f93e1bc9dbca6254f4aa6cf03dd22b78068320fe33	3d78fc5db224f2e410c2866fde545651e66f522378a81ab1df54f7e43222e855	PASS
IV/06	18	exr:iv06-expand-10	e0a51a5c2ac7c4caede433d2691611240c2026cf9f5aa6d1dfa57a59688b2a0b	14e58408b8feb1c367a814b30acea09c1e6e821efdd922e080a9d7da2096d311	f672fb13a003a3ecb9a0708139770d8bce7870604bdcd129c5ebd7c7bd9884fa	PASS
IV/06	19	exr:iv06-expand-11	75f86b67efafb6145ee2262650eed30ddc8b644c788139d61c62fe5e4ae425da	678652e20c94ecfc02b82616a7eb923546c732edd9a13cdc160d89ebb3e3968b	107f466a0e6bc40edd51adeb4822bb66d6bd80a1d1b682bbce9f99c443392632	PASS
IV/06	20	exr:iv06-expand-12	1e3f7c07f7a570937b37e1d90b40de6d9dbfa674a0d9023a66e4cf28fee5935c	6eecf6ac8eff0df07c6ff215b6e27d2caae117b05176432a06382b56559bcc8f	dccd33702df579775608359d394f27994ddcaa35e12199c39bd4ffb11b43445d	PASS
IV/06	21	exr:iv06-expand-13	59c3c431dfa440eb6745bea2c07acc4031600fc8b9681f97f7204eeba33aae3b	67213834f6c19d9058dfb6c916c613bbe1e7cb2108bccfe23b9ef775c2318af7	85d482167476506e5bdd2f59ac89596e8006f925347b545777938028b4f448f1	PASS
IV/06	22	exr:iv06-expand-14	7f925e0ed506a94d9020326436e02acb1c537497c705ca8c6701a2f727f5f81c	67a9601ef55f28f82d594055e8efe55ab41ea08bb43dd7cc93466516f672a7dc	621c4aed50329a7862079a1cbdcf725a499160313400d887932bba25d4babdc2	PASS
IV/06	23	exr:iv06-expand-15	1a74783ff99e52e205c743cb21aa0d59722fbf0d2b995b002aaa8584b1de1a27	a6677bb9ab93baafb0574d01d8b9ae8638dbcb45d678063ca6534d7b4f4fd18f	98d0d2c2bd547ac48fe2c423250e0fd4aa97b51ff2658b52abd73d268fb0fcf6	PASS
IV/06	24	exr:iv06-expand-16	35a49d9077a112c286e546bdf5b82dd5103d8299b45dff47f0fdbcfd6caf8a21	0597a56413f4c784568bc6d0dc801abd2ecf0e17ef1b5c6097e147c182dce75f	cb7dfe8ff97e4661498d555d9787edbda17257c73eb82aaae15d70a4ef69a026	PASS
IV/07	1	exr:iv07-01	c898f6da2f355e5aa5f6fce1d6a4fccf16796545ffa41e09be0f17ed232f869c	38f12d9f26d59da822fe1dca3613c631d800e31a8e71f1ed8e0f696e82114a91	f35da94596c0d6917f78bea8fea3b2fdbca39ffe1dab727bc5b7690a5afacdaf	PASS
IV/07	2	exr:iv07-02	c74a60bb75fcb9e9016f62dbf08eecb51768c2decdbdc6e500718629b9feea51	f6e2a2a8266dd189481e3585aeb018b39dcd0b2e2fd92071681196809462b13c	dc3ef5fb79b5b60eb1302ab9cb419981a2d108972219194328a529785ba1ff95	PASS
IV/07	3	exr:iv07-03	8787e9709a1a98783a35d269c74e4e13defacc20817d6baf8f07eb4f56485e80	96c743935c1a7f984b097e4ce2da0fb9fd2d138c98cbdab8d60ad7dc2f68b176	46c085443dbbe6214f842e5aab8fda4c5efddbc2ab6bf2911c2912bc873bbbb9	PASS
IV/07	4	exr:iv07-04	ce9e84eae115a775214ad298562709c2499881f9bf9ec576449ff18cb9c2d373	330d871c54c2d324951ec89f562d46fbc0f07536971993d350ad104d8a94253a	dc7e0a701de169e189a4d870762659a384affa9f7de8fef7d5c4837e42be9ba2	PASS
IV/07	5	exr:iv07-05	02283ee06731f1f3c02a62601a8d9bad284f8fd0ca9aa98fa83b2bfd7e022d1a	14eb66f23f2815627729a05bb733469808148d9c84931b73f962da319816d850	45ba0f1fb0043338daa897b4075163b27e06f3ccabba9107117c1136a8cc81c3	PASS
IV/07	6	exr:iv07-06	bf9f26e861cf3d4a686a0db67b43b853c9155c9ba5aebe29bdc6e40e3c896a70	80cf4eee1767dc25b507abe132e9559f6f72b3b87ab0aa1d8b302c83f93c14c0	cae787c30afd4e47cae3c6d719269164bf82dbc5022a6ee65cf61479e8f7d361	PASS
IV/07	7	exr:iv07-07	4e27c25867750334a13b1ff3a846635b619449054d9e478ebf08034e5261fdea	643dcd37494db44333805b8e5f5912de39b0beb7bb02a9597c3317b5f7b1df35	99a075426a9fce3b8d2c586c9af0c884b9056a6d370e6b57c34e38e1ddc46ef7	PASS
IV/07	8	exr:iv07-08	dc3332aed4e4e0e468e0621362785b29d529680a96995a10713d440753c82faf	1e571b9479911336e2fb9daa07ede60c9574621a835c22053ea92bff6fc1b360	441c0ed699e0ce8c86ae1790580041b686cae5acba2d9fdaadab57deba9a813b	PASS
IV/07	9	exr:iv07-expand-01	cac32314447e78e5eb5bc5648f2f19ceb3eab775c6279c316462cd2ba5e56b17	6627ee71b531a301ab4701d812eb5b4042f12f6792b56a01586c1701f37d1794	0bea8640f1c39536a0c799bf683a886d715de91eb9dd518e443feafe60b7f2ab	PASS
IV/07	10	exr:iv07-expand-02	76b9bcb28aee70ae67e383cfd6cc1168f16b626794ee5554c3f2f76886cf9484	46b066e5a8031e1a131136f4023f64ff93582d4249ed1493de8fed243b8572f7	90042d03f3895e9d486c0c9c1c01e305a44612c416697ef195a03b50e6a7f917	PASS
IV/07	11	exr:iv07-expand-03	f23e8b2ea8c8367fbdb3f9a20bf87a40c27212746328da7948e43e05e46d8d11	a84496c8c84f6c9bdecae6602af2e27e1e51abb681c96d57f80f6d95a96c8acc	b52526fe89ecc30de5b4c038a50a036d91e9ea3b78f94b7865d45314cf9a7d0f	PASS
IV/07	12	exr:iv07-expand-04	80f415a840518d94e58c94b93d03c781feb9ccaa29173f90054df5956ed975b8	5607e62807dd04f7d47c642352cbb7727f3b803451333467e5c430674598b368	23d81da14da21d951cb0496b774fbee890e7c3c50677daa44c82e6b9266a12c4	PASS
IV/07	13	exr:iv07-expand-05	91f16d5e55b7a28bf4ac703d55f36f751012cd9b9129d83ec863a0b2fa17413b	dcaacb19d34d03a14d18fc13c357f851efdcfe4ba74c32c45651d6c32a09480c	fcb4b897d9a60d54a3de55c080e277b0faccbe20efcefd8e7c68dbff1ed2d91d	PASS
IV/07	14	exr:iv07-expand-06	fd77f2ae74bce560932a1f1615732159cccae5c4e906974f0745d8f2a09884b6	8053973cfb5469d4a62c11072cab4e43a46c6fc6b7af015c633e2d5a7e3f78c7	21261a431e013d729d84193a548b0312deff1c7767ff61f950a66235eb3c9a83	PASS
IV/07	15	exr:iv07-expand-07	e674c0113efdd592f09105dd95aebb27e99468d6c489c93c44e09462655b3fa9	d803410241d2493606e7e2e0c8d133e2be820b6def93c7318fa121035e430497	0bff69d2edc72ab2e8a8d3119e267b70fa00f7e5107fd3bedb0a6b230934c203	PASS
IV/07	16	exr:iv07-expand-08	157a3b3098abbf66627808c12b2dd3699d5b8f80dbe370ff2d13075e5707220a	2a097f70c81b6e9d0fb5fdbfd502f035264b65210cff9ddfc53979a887109c09	23b595988d5e57ef76c07d1348ecef202d89dbecf0f276153ea1cfada5b09aa0	PASS
IV/07	17	exr:iv07-expand-09	9e45bf87c8c45658ec306aa2077ba68e5745cbf5ca7be67813c895b8821ce66a	414cca5073c12ab1d39eaf7b1d0da34c58511c86edf8ac834938082ded3fefae	b9d77f4b86cad27956f7451ed08974778ca8c6e278173b6d8efe1a7a7893692d	PASS
IV/07	18	exr:iv07-expand-10	f4efec26fb14324b83d68429d24ad6e6465a3e02c4eecde6b38f1688416b8641	d3646a02af8490c06f90cddf2b32adaee09de98963951d3a9519b7845e092446	ca9706f4bf0f621d9389f95238a774caae528793a6a55263bc21bc6f04f88398	PASS
IV/07	19	exr:iv07-expand-11	a1a2350fd615cf8732560bdb76af501ba582784982ad1cd82af14c23f67af650	bda82e370057401fc1e1c730975ea80ea6b58f58d5a7a6f92b631e3965add6bc	459638a6a8e08bc3c5668dfae06edd65da626c5020dc1c6e5ef22d46a51fa830	PASS
IV/07	20	exr:iv07-expand-12	221c2b1ad50aa9126263cad6f4ecb3c92ca2a9ed8848fa44a0e06d5384ab0dc9	8583e4b8bc5b632bb07657761fc2190fa64f913be285d87c4472aa3359789cfe	541c10ff60135ff1073e5257697df8aabead6f194ae443406fc56f820ae2e990	PASS
IV/07	21	exr:iv07-expand-13	9c727cd53208af2bd65becf4e805390a62e6e6bcc9c209e38a8f135536c32e6a	f9b15d2ef98cf9df829a3114ecd01e8e9f2aab4cee553445cc5a98d14313035c	a3c70f46f2dbc3b93c3faa2b817da7d3f5cc9286e4de62d263beff2372e223f9	PASS
IV/07	22	exr:iv07-expand-14	2a9fa7f479e0679ea47033284d50230d04cd7583a83d5b35917a5c1c6cfc3eb8	b6949ddeaf7933a32e3e5ebc844c5403cffd3052315ea748f4f1e00f63d97691	d38f21605739bd68d448e2ccd3422f8f793af0b607a35fe855ffcd0eca99d4a7	PASS
IV/07	23	exr:iv07-expand-15	5dc415d1fbbf096225405fbd477489b17c35a60e90a8a765942632120d58ccd8	25082bcccec611044c866634739745b4c0d8c59a179373c3d56a4e65b9d871a7	6a86caedd522f200fe84ee7d93fd48c6e278026d770fbc669c9fa8d8283ec32d	PASS
IV/07	24	exr:iv07-expand-16	8a7f6048c2b98184e0087cb63893bacf29996b6b86c7dd9a595beb964eaf91e3	e146f0534906a5fcba7ac2a4afce454333a974586a9a3b2dffda3922115bfdf8	c0273e00dd2a374221cabe89779b75a990f9170a32bfa6bcef2f0bb41bd4cd0f	PASS
IV/08	1	exr:iv08-01	43b2816bd4b0a9c938187d61b3996b08dce572cdb47388be46b5d94bc34e7f47	11b8a9b46deb41ca6dd04059a10f118f724634cecb4964bfbde08d6f2ac93f40	1302234bcac3ef626bba8b64f40e7c8798fa097e91c8a8bf116727b5f2191174	PASS
IV/08	2	exr:iv08-02	40f619f1f888ac8edd7dfb08ca7850a8b6b14025ab572cd4d9a7e15e9675629d	41f74bcedc8e38e5e67198d3bb2758ece9aca05a53913cc4197762d4cc85fe2e	f67ce93fe77b41384a15a1a7c65903ae9a12585f696fd753d477225473906b1c	PASS
IV/08	3	exr:iv08-03	c3837f03c98b915e5df10ce9b5c80c5d4be9f1bdcb37f8d003c25c6da771a6d6	eab9b145a0c293372e14e242f11e96c18117656e7fc65ef154c041a138dce736	e68d10fd7db56a28d912edc4610d4bd984f921c96a62524485c95f79074d9b66	PASS
IV/08	4	exr:iv08-04	7a19cb87c477d756996d101276d984d5129d9b04dfd4f8faa5ca2ab5d2fa1efd	1054003222cc4d8867b47399d40e06ca4e8934c7e3915abc797005fbfd44aec7	2a6e5247ecc2053120e9af5c4235526ecdfce5ceaf20d574fdcbb84aeeebb90e	PASS
IV/08	5	exr:iv08-05	daf53b81e69dd44764f04a15c0ec928ccfb7b4e0e1007aab3284c9df86500dfd	8c4ce0caa27986830a20eb491ad25a3d030def96e5fc4b5ca0a87de3d20f42a4	a6adc610cf33765b3e312dea4ca46d40cce8933b31929d70a6d94283976a99d6	PASS
IV/08	6	exr:iv08-06	f73b56a6c914f02e3dbaf0a509093190484a4521a101c71346461478c0901201	b7a0fcc7daf930abc5c6d095fac27072a18cbc33e0aacba2663287001ca16b93	4a9d011dd2078344569f26a6a8bf6683636e6830e0e090cc5607b499ac92fc7c	PASS
IV/08	7	exr:iv08-07	90259f984f1e111c16be133021b0a18cd86763e07f84c04f92d2176c9d36afaf	3a0c9816e5ee0421d5c7c243afb3c73ba946027a830a7cf8d4acf09a8123c63e	55a17760344aecb11751e55cefd34a03e183b4fdb177302cddf218772e817936	PASS
IV/08	8	exr:iv08-08	41a9e89994d757c077c50b772e10c9725d50fe64c89252d5149b432265ea4a82	2d5753586b4a7fad334b0834339cf7805fa0d02fc539881167bca69570587b9e	79e1cb8ad3c70a16626dc8d67985ee6839dd736bd2465d8f0b70e3219a3a9813	PASS
IV/08	9	exr:iv08-expand-01	16a1ea371f396330384c87a0cae79b1adb9af85e842a2c08f3fee70281a8fdf5	7d9945b1aade8697263fb4c886a7ce94a53a2be0b67088bd8e42de2ec9b978a8	0df5a29610d719c24106eaf0085023ee665532404e3698c6eb21c948fea62779	PASS
IV/08	10	exr:iv08-expand-02	54b3ef00110796aa4d8327c52a5ee5c0612b213c52f5a96c3bd935a241a1a378	70d10ae28f9258200fc0219e46b4f12c8de0a81d778fc427821a037d2a28234e	e6bd8383f8099868f15e6653b6a7131b6caca0aae3e7f658730f3cd7bca367ae	PASS
IV/08	11	exr:iv08-expand-03	0a9f9c63adb32def569632830e3211676cb5982d129ecc493568918be3c77fa4	9805c14c06825e8d0a5b635202f94a2e957f151716334b4bfa0b6a32a12de6a2	717667f0b86051bcf20ddc6b7fb5d3a80f75bd123cb1a234734766301e954599	PASS
IV/08	12	exr:iv08-expand-04	ecc6c08c352d5c56eaea68f149d601350fc3cb3e173ed6222ff18c680497a2c9	6009b43fc575ca3831eb204c8361272c772ffff5f99689a171d369775e936307	ca5a285d4482daed05511999d1d8f399ff10a29ce4aaa8a0c147ec4ccd6e08ca	PASS
IV/08	13	exr:iv08-expand-05	677ed95fb6e2cfe1610f12731d948b9810989a69b154eb7d7f383bc33858c8c4	7cd8e73f2315fe2b30b5ba14964f5a9981259684f6c093a910187bf4fd3528f1	69a38ad2d5a97e8adbbddfb81ee1196a85d81058ced59fde5ccf24fbb271aa9e	PASS
IV/08	14	exr:iv08-expand-06	9d7875b5fa7bd67e2b522404c2d48213cf2ae6db6e4f8cd03830d49c3fc207f9	a8dfc38c96f446336bb7129a10ca0c260a3485d989dad7fa710934560fed3895	34eeb25f491cf6d077dcff37d09e2b941d3b4000f519cb95636ac11e9d56f700	PASS
IV/08	15	exr:iv08-expand-07	026fbae78b057d62335f0f9aec8129fc628dc0e25fba300d29987b4f1a8c9ca4	ed46796d2907efa9144bfcc01923bfcfb419eaebd62a120e7d5508376e564f0a	c488735664dbf349424b9d64e4d82858ec09053d23408ba40057b97fa971f58b	PASS
IV/08	16	exr:iv08-expand-08	3672bf893fb5a9e9d87d925031de5d5c02b1d1cd5e69903b71ed87b289450ae6	7acc5a9961f295e66b74fdeadd5828233412bae8a366a849a37f0a6445f59b76	96b2c4e2ac019ffe018d0365d52d0a9695f208ac58d5913a522c771c0f7bd17f	PASS
IV/08	17	exr:iv08-expand-09	3f204ad4bba0b1d92b7199713aebed622c7a0262b639f2e92d48a8ab6552e5ea	f76e4a698313860861ce50e85d5f6b9a3b85912d5c20fd3a14c622ecd706f1a4	70a95d7a034e51a06d46450887cb459b32d0c2f1f11f762633e0abc3b4f83e58	PASS
IV/08	18	exr:iv08-expand-10	b766c8b4ee62ad04dcfd3e11493759ebf290d289bf69449217fa5fef67d3bb41	b9a6010d907a2935560d523b6811258944f691e66f9742441789f0da620e840b	5e6f03ba1d1e3ce16e454f55f8df0cd079bc915a5bfc0e8ce276628ffbaf303a	PASS
IV/08	19	exr:iv08-expand-11	1cf9ded8a2b209af5fe8e8ba2e8aed99b30a88191f593dbf927e0fe1a30db91b	c08e94603d62f790de3641248890021e81eccabb3b0f2a58b3570f528114bc6f	174535261be00c6fe92d5e2377d0bec61ce55fbeff71c149beff94abd2f8e13a	PASS
IV/08	20	exr:iv08-expand-12	e3b6c2708177e466fccba4d4ac300152350d5d07d6613f88787bf33f8a24da1b	be6e0dff99cb442e529a3cc5b74d4fae3f15c94d4e188580b7f7c2a61bd28946	e9a1cc170592596500f51cf45748b6144fa82ca455a3784b63ae4c8848e1c38d	PASS
IV/08	21	exr:iv08-expand-13	3e4c0a6953248b33db48ec0f8594d25e0ca4878e40deb64ff43a245f24c4b1e7	4176803d43590e6bcd8b8c1f3f570f2eda7bcbe6a8fb261f8fe161fa3e5d1602	102c4ea06a4946e44988d16b52bb59142696f6b0ccd2166bb5ac56f706c014af	PASS
IV/08	22	exr:iv08-expand-14	183432c9c46d9f7a71a6f96d1d86295bb235b856873289cca48fe59ef28c31a5	3847f7f2ca9f633b3bfd4924def7ea47726412baaa4250c961e9fd6ba1f40986	206b27ec5a4239943ebd4bd4ad80dc8c3aef890777c9d4d01efe9203c3dbd224	PASS
IV/08	23	exr:iv08-expand-15	ecd7ef0fa94c9ee4499687df6c764ba2d29baf265a434dc00254373594ab6886	3d23055128aa8a2cb63e0254408ffc4315693c7c2ea6a2360cb7bd0f030e2b22	663d059396fd4da434b6a460cdff9829bf9930572dd1ef7f016345ce8133d76b	PASS
IV/08	24	exr:iv08-expand-16	291b2d708f5f2f79f3ee28eaf56fd13b2478b5e2bba52ecce77c3cbcbf007bd5	86456c3074bd7bfab2d1573154e1fd53aa107bf26dded947b39afbdcb7cc20d8	7b43744e343fb6a5563c3ca855d84dd657fb71299bfc8b6d0c903f84970c7985	PASS
IV/09	1	exr:iv09-01	7e5ea9cc52e8c96df80649620e57c695b05c58a68f2a5ec9dcc5a6f8aadfbac8	248fb3fa92e5b92749ad983a49f38884a4b1ccf61ac58b3af9e7bd3b707d1a6f	ff05010f44c69cfb25f3105028e3a98bfbe8f7ece2ba5f9986cec12effc2c659	PASS
IV/09	2	exr:iv09-02	a59805c32d146a5cb984661d24f662e3ecb6e305206f2589f926d88567b7a0f9	3fb9d6ac35508333ab8fb4f8c7f85f433080c242bba868f3f7a3d068a8d7a53d	2dad78d44d6ea052bb5cef598fa9dd528088ed54fb7a999540e46375f983a3ef	PASS
IV/09	3	exr:iv09-03	cc560ab8c253ebf913eca7de2f58dc5960e68492b53a85226f9bd8d88d4eac24	6efc8f8ebf1736648240126ddb8a0dcd3cb4259c3505e5e83f316d2b6c30276b	90b43aa3abd10fa818a8c85234aaeef111e7b7546fdcb2c2635541ae9c13c819	PASS
IV/09	4	exr:iv09-04	6320fbf5f038615b4ee5056806087af0d249f4d4208ce3fc8d80c4a7ed105775	056093b5b8b0df90885c427d63f316bea216f18e7dfd3a9fec2bc639e3453a47	efddc4627ada16f845049d338772af8c35589cfaf958532b811e35d65f28a718	PASS
IV/09	5	exr:iv09-05	5f60917ee2cbf122ab139f7bb4322125b4e28c6a3b4d7faa8ac7160e84e071b5	56db79abb87e909fa12a01800a68b8cd2cab82ea2d42359a485bbc77d513b3db	25239d160613624836a03344a2182b7683837edf8cc40a3f682c4558749039c7	PASS
IV/09	6	exr:iv09-06	c78fc08024191cabf2e0eeb251401d05f8266f34c9376d973325273c88974de7	b60588fb99ea60846545a9d6f4102674b5ec736b5b7326dab899c9ea986dc04d	8a1559c2abcde84f61e3bb4d5cb0c2b3a4f67b9f27946e50b03f5ad75f6f0c3c	PASS
IV/09	7	exr:iv09-07	0dee8632c67e0c9d5bc2f04babca0b0e7c564c0c4e321740f177c88c1c6f8984	bd5da14373ba40bac495665ef1386c5655a4cfe91ec49db3ea2156ab126bf8a8	0bdb6ae63e65c92be0dc130fa0075662dbedc4b828a99d1640dbf4e56f10c8a4	PASS
IV/09	8	exr:iv09-08	77c1cf5cfe365b930ad4e97833a116697f14399b9c595683932d67849c4e4502	3c5ee8342dab6d7a748cad02ba21eebe668e4e3cb20b28d269617fb446a0fd0b	1bb6d0cf1bb2459ae9156c83c7f8fbb081a8bdea3e49435d78fdb3cd3455a44c	PASS
IV/09	9	exr:iv09-expand-01	d6c2450eac709805661dd0d9a349e7833a28259984f2af32c0469545e09d442c	3a45f4a24d297d4ad8aae4adc9e0d765a9087fbb1aef20c1b48d7833eddf6812	68f68061f52fea5d5a96429586011f69848c2cd8928ad9f2bdf337d5fe6c0cc8	PASS
IV/09	10	exr:iv09-expand-02	f1d4ef883b09ae2257967f9fdbf7c66a462da87ea0d552d2f44889118ad21140	578c085019b64a8295e70f292e362e184dcf17e4fc37edd3a999c14faf1daf90	64b9cc749e4e979a7b48d1c554642dec9baa701aefdaf083094d86e84b27c0b8	PASS
IV/09	11	exr:iv09-expand-03	d44c18057462b24191eb0524628ea6b4e7f831c7f9422395b689634a9b764e76	c172d738b745638e845f75c9195fb007ae7ac0ebb6ee95737870dcc62d03d565	01c82b79349979fccfbf7d71828d9d8bcb5dc9f04536e0948f764dd148ebec7a	PASS
IV/09	12	exr:iv09-expand-04	cc3d4f6cfd776585f640ea5ff705ba47315ead5a250ce520e0a369d636a28eab	17ab1720cbbd1af9e20ee06c949e123cdd6cac9073549ec98e21df22a117d66d	02f62640140f2c9a4a77abb5ee1e88f98671af7445a7fd3bb5f487b47e2a77af	PASS
IV/09	13	exr:iv09-expand-05	7ec544b45f73dc8bef98a16d78f37fff40546dded126e0e6639ee25a92558cdc	96206e47a6028bcb7fc80ed540167041e88714d4cb683262513bcee83a57342d	f6df09c83f27c8ed1030e79332923df0f2a2698c333d1ac2ec0aabf3346b1b82	PASS
IV/09	14	exr:iv09-expand-06	20b447a3f92fc5179369e0610f3721ba25076b35176d8b695cf43e26904ea806	35024990e8186c605ac2e8fe2a1c05531178b57b919b1dfdc648769a318509b5	ed915d12d3de3e62ebf88df6d08a94c83f75be0c795c7acbd3c470df7ec189ae	PASS
IV/09	15	exr:iv09-expand-07	78f00c31cb8e68eb606c9fc99bf621c504b3e15e56c9c92334bce8a37b9f5004	bd17e58893517b68a22f933cdd9522e9bca6470827194a759c9955e14b2103da	51be639b5985f54c4a73fd07ade50590a5f0de8ede6917f6a1e6202a0cb54025	PASS
IV/09	16	exr:iv09-expand-08	f378de36a6dc2d34a72f8b85ea1cf9977e184d171ce7f7486412194a8b3260ae	1173562d36638bec42b4c32d789b5fed1ba35f5b1f5b01bc1182f900e47066f7	5af2e05afa92e62494b434a0a7741d0f805d4e7374c4e34ee7d59785701fb1fb	PASS
IV/09	17	exr:iv09-expand-09	b79a08ab8c63d1d0dc38ecf9a60693310b109c8b38375fff7e107622b3729a08	fcdf3a6c276c0343e04c2109eaf8081300380e6f0652a7110edfff53a00cc110	cdc1661d3703948a431a3bae73cd10f8c72eb5f2b076aa2c78e89dd81470fa73	PASS
IV/09	18	exr:iv09-expand-10	5d14279b45cc4a4b4c15b7d743435ec3d41af27c5bf5443bc24141182580f210	3021969f11c164a17715ee55fffe322460d797d1fdb80935cb6878d3cbe0f17e	a4f3f153c6085b076b54e1a77b721649ff0c285014b62493a99f4c6f9e686211	PASS
IV/09	19	exr:iv09-expand-11	6cff02584bf0a7f297cc169e2cc102f5a8382605ee45b07a72f6e82d13ee5382	038256b761fb55270e68c8cba17addc8d46418ff95364085803f34f262d81cfa	62584d26beb12d1d73948e07c6a1d9a9f2a0de3b2b9d0a5a707776fb83815368	PASS
IV/09	20	exr:iv09-expand-12	9a71bfd099d1155c4cee1878b832f9f3e9e85aee7d09cf5e4acd28419f84f7c9	e69230c995140fdb44fbc49705261d0e132a79cbbac4e1ce2d19aabb04a70630	6522906b792157337d3e4a3ef895122575f19c7913f20ac014ad9f8066806765	PASS
IV/09	21	exr:iv09-expand-13	ea1f94cd76dbecd764c6a2b60e9a7622b9f8b5217c126a59f8df3434c5fe3d43	5066d89e2ca040efdf0f4c51109a2eca84d11f3c859384780ab4fef6b23fa077	43016abb4d358657cc64ba2ecc781579d50454976c6b5072d13ff09466a2e2a5	PASS
IV/09	22	exr:iv09-expand-14	a6fd975a996747600a0cc23e3525d12ea41f509baf65a3a37ce5ad3ecfc8cfb7	1ed48507ffbde632a7468d7fe1a294c8d4736cf25d7d5f90291580b4f0963360	f70ede07fbcdd7c4cd8c88b1fb33954c921ff5b3a697f5f80a4da160feff6537	PASS
IV/09	23	exr:iv09-expand-15	acec86c6aa37ed4f4223f755cbbbe7138c03b236060e158f5ead08664c94f122	4fbca43016e8cc13683b83d8b3a34ac21e4925a1b063623d72119f204912a85b	baa72ed793641c7e519c61e454198d33afd30505e83bdd3b6a86d94ad345bf05	PASS
IV/09	24	exr:iv09-expand-16	6d6d8a75ae963e6874d0f171c6702034d4b53c876de1e101da28998d9b3488fd	dddc245ffcc26b95cfbc3ede19e6189a6f5a4d53872d1105388a1cd4edb6d875	7bd6ced9abfcfa6d1d3fa9a62cfe55cead44250a2f64063188fcd4721ecd7dc3	PASS
IV/10	1	exr:iv10-01	d9c64c216abee3e5f97a795231bb0610a3d237ceee739988b3f2c724972d37a9	a341846b89a4c49c813f8b14db9edaee10440e206398652ac461a0d6b2e00d28	b9a409e429179911d1de47408406933aa8a2d33c2ef28b7212706df2e8e4c490	PASS
IV/10	2	exr:iv10-02	7a3f8e66d3efdc2c03f6f12c2c35cf5e71f199ebb173994884f8b708124006b4	effb6888e5695dfc726ec91a436b2a56c8155a3cec020c3487fd3cbefe1bf432	efb7f8a1ed37ef3f705719f3bd13efda57307f4ba69dfe4603e4fc82177d7324	PASS
IV/10	3	exr:iv10-03	5d5e454a86b9afd9c342d464c14f1de78f5813b17a33d027df015ad9a74f6b32	54cef9ab2a950672b85857338cac11a9bd8eaa364b7601b10a4ebbb23a0cfa73	14ac0050b667bdd10958d88b81df39866f7bd1dced39925503a4f7b5a055a02b	PASS
IV/10	4	exr:iv10-04	d2b8b3eef21be8332682942799f4ce795fb0a5d2114ce0aa86ccebe9f821d070	eda69b23a30b0c5a7ac336cd234a3afecb79754ee53175fd56ba5b10a9d49d70	6affefba092564892a5bfb0b6c937104ee7ad3bcd6b0d623490abb1260fa92f8	PASS
IV/10	5	exr:iv10-05	6470ec0412a17725a2d3b01262e1b1de137067994a5c0e945e36497d2d1ca35f	5e0d81d84f023628781923145cc273b6899fa971cda65c5e14b2b601e25c99e7	effd33b9243af7fec8803c74b496f1a369a1e05863c2326449ce4583b7f459fc	PASS
IV/10	6	exr:iv10-06	105d3113f34294acad4e5131a694592e690249cd72394f758898dc6d3e156129	edaa33d7b14d9fa59acd25f4ce66cc0f05fca53282dfc5407e1f73914a1afe92	4e3d884c1bc3436b212b5d4affba86931a2aefdf45898e8cba3668dae1872066	PASS
IV/10	7	exr:iv10-07	0846e3dea65b6281d24764ebd9001b109434c35a80ed595b6f003ee58132dcd4	e6f546f5a1d74a54cb4c0afe1b763422586cc3eaad8d9117bd825b424034c55a	087a388d0b721d4daaf5361f13212efd5b378b4f8d7af174e16bb1b79bcdcce1	PASS
IV/10	8	exr:iv10-08	032de074727c640c5276b54397474649af107aa3b7ef4e6d39f17f12b01836a5	b85e8b9147d5a731ea32f1b4f8d6ff4185f1966f751f5c7c67259dce9a9cdcd8	3411f99aa5bfa6849cb5abd4b128e33ce6aada5600b1f3355c1b0e4d93fe104e	PASS
IV/10	9	exr:iv10-expand-01	cac73c1eb7acb86290d90af6103a01e507dd9d05d6ec163d32a02fa13899f8cf	efe2cd61768c6f271fdfcad10762b29437ab604c7f3e5b6db01845ab43369b49	5b5d78d3b8df2e1eb97482f669ed538aa8274da7fc9749c7ca75f25379d8cb1e	PASS
IV/10	10	exr:iv10-expand-02	ca199c6448b2ebcdff6666f9acd23c3f79d4ed5a1c7834cd1dd385cf2960f89e	569cb9fb54f5e81070aa00d05d9d5a10cea68ca8e85b029b83d0cb86dfc09bff	cdaf3d6c97785cd18e306bbc9a8a04d9d6c8b3b7637d1cd05a7353eadf8372ea	PASS
IV/10	11	exr:iv10-expand-03	23c527c0f1e843994882e3d70ede7bc4169a593a6c81b453e6f4489b1a0fb1bf	05041ac41811f67afadb6391470d5cf3e110f992680cbea4d453f173dee26b86	676fa04852660a0e31bf39dc390d3ae54d288723659802fdb7a8d70884409c2e	PASS
IV/10	12	exr:iv10-expand-04	214187af3f26fd12bff454533b4c9b5c7fcfffd42377ea059b2924ddcd859d1e	d48b6f0532f1f9fbfb6edb9f44ad1919845f4eaf97d5a861d4a0215bae52549d	189ee1678488ad01d90c880a83f03e3e132d990b4875275365cd291029864ede	PASS
IV/10	13	exr:iv10-expand-05	8620a3b4697689c6177a48735451f0a323131a12daeb1017506b64e9b6a2a38a	76b30795e98c4bde55e6980dc5c1d08e312d0d7a7f1d7f07b874ab37c1153c56	18c436538ee1aa4b991a1ecafb12cc0ae5200097997aa6599c5f488b470bc221	PASS
IV/10	14	exr:iv10-expand-06	3f1961579126b74443e2970dc6c818954060dd14695b647d935c9b7c5bb0b0f5	f5ef0595189b70381e59f0ce8b1540a2e860109f3153a315dcf97be2fdfb89fc	9ad2df02577fb6de5996e588cdc8a809ef8336fbd26117927587b01eb2657c91	PASS
IV/10	15	exr:iv10-expand-07	4959a22078badfbd6e0e1d4ba77ff637d8395ac89730d2c648574f1826335a8d	995bb67452e83bb9d2ecabe9e61b4e890d3640939eac0c784ae5eb3082c485c9	3a66f01deae77f54d0e82d73993b2e1bcd0072d405a13d1e0100c0c501430276	PASS
IV/10	16	exr:iv10-expand-08	020b8a4d2d1847fbb0d95eebc6e06ecd7904dcb0b14d305b1bd80a776dca8797	a65b1da9c6bf44b72058ea483e198e2c373b88e05fcd15d9af0c8a852a974147	56460b7a0ec1ceecb53f51d745e27da6fb14a4333c14ed9439e96bed2b6af57a	PASS
IV/10	17	exr:iv10-expand-09	c4f12ff516c44ea53c37f8c71ad9a13f69c2363e3d722d444f72d47f49130897	9ba9aae36b3f072228eb2bcecd3eccbc944938a804a0b1994b989504f67a2381	b772add5d52ec8f4ef95b6227b79a73dd8c2dad78f84aa70d0a307f0f4488a70	PASS
IV/10	18	exr:iv10-expand-10	7d25d437ade288859e89a3cd25a7ff717023f4cc71ff8ba6fdf452f6a73d3980	4e96ddadfaf49465eaf18652db9ff9eb9ecca241e1bc9c4bf2e06b19feda8cdd	966e573433e0f952d5564d9090b5664c6d2afa23b55c0939fa550788b2095cc8	PASS
IV/10	19	exr:iv10-expand-11	ad9f9275e437a5d01d06fa2a6ad9c96576ff2c3539b376a45128b87f97f3c65c	a9ac138d5b697ad8edbf45f76f58d2dec08cff28da71a6d0068ca9ba4ffa3b70	bfdcab64eabe81b21325567972016206f114dd9b6dcb4fdfdea1cedf5bc79d46	PASS
IV/10	20	exr:iv10-expand-12	e81703c108fa952fbfc8f57c902d9371981c65d262b4d1c180737ecfb39081b3	df895ac89e1c846db5f0bd294cb0b6e42f7d97ca9e1a37b9bbd98b7d18e9427e	486e4af26080d2015fb3f477839dce364722846d75108a61df28c69981b3c7f1	PASS
IV/10	21	exr:iv10-expand-13	34db61251b3651b441f9370c562a112245f11622f0b84a6a19222b6d57ea1345	7af78a9818919e97b984908ac5385303942f18ed67804eb9749b201d5b4a2795	d94199c3f90fd8686d6c20492e0f9df38402148901a8a1d13e941cfdd04f6f50	PASS
IV/10	22	exr:iv10-expand-14	cd574a3653ff1fedb5f0040b46b6bc89c278ad3833c5bcc4a1b63734628d26a6	8a484291cf9bd9608ebc92e6ee2d81aefc43b7ee0ea8b621581cf31840f910bf	7f8873f22a421f1135c48827d71a6d5634ec8661150375961d1d8609b2923888	PASS
IV/10	23	exr:iv10-expand-15	fbc3a73899a756f78b6c09af9029e6cd789b5bfea8abc2eabddfcecd82969b8e	1e4307e6d9aa8943c1aefcb8eb4260bc4b772cb91543fda2fa77495530fb918b	2117bb8d93fcd8d1ecd8ef4b46dd2c0c3c1590dc4cce15c6ea60ce8d75bcc0b4	PASS
IV/10	24	exr:iv10-expand-16	d09676403d8b7f7fe389a2c23f0e67e33bae6fea71f001b296077c804badf64f	f64034941cecae6e35ec38b2022460f0468ede4411e9438a89975604014f16ce	1cb06a2f1e720e96837dfe9d831adef5db79e7dc38a7ff03e133579aa48976c0	PASS
IV/11	1	exr:iv11-01	b7493911975ec2e79815c931f4f17ccd53291984cf1bc3489727a22386d971ec	5ec61089053b586e35e4ddf7c6e81d079dd41e803a7393554b0edd5c8f473f46	8c82cb3773a7db7deba478448e5a6feffdfa63b5f2f75f281e5e688487f65a35	PASS
IV/11	2	exr:iv11-02	b30c89caf3465cd7794ed9327bfeee934c84c090b71c8d24263d4a5849ed0298	256fc200bd52bf383e5a647a8250051b7f486ed642944cf85ce60e14cd731fe4	860ed6b73770ba374807b3310420fc1e0fca849cfffad8c4013a74c35cc48a28	PASS
IV/11	3	exr:iv11-03	6149dd4f141a5468afd78825759826c24df484e212eb5263c8b447780690c317	8bf2ab9f683d9d7c453c9502d8166534b9115ee03706790c6397b23bd4ad78ba	e29d3e2470f3f5e3dbe6b2fc44b8ccaf8d3ace6ae1fec9d5490708eec48b0d44	PASS
IV/11	4	exr:iv11-04	1a34525a1a6aae32c99e8eb2fe724802a4866c47735b80c68cf4722b99427b1e	6b46afec0787960460ce59ed4b13522cfee3a897bb667e78b1138496c820306f	48d8f7b919c53c07733b804b440e635defb2848e830a6ed62ff14af943ff0ce2	PASS
IV/11	5	exr:iv11-05	5d0764974cdbbd0d9cc9c055f67be58c1a6bb5aad587c54431b38021dd7a99bd	49e54bc3465cdaa29dfbf3989801d3fcdba1044fa18dee302043bebd4fe0fe13	ef6eafb51057ab13b0c66d3da6e59e6260c16b598f6670c5100bd4e59a1ea4cf	PASS
IV/11	6	exr:iv11-06	cfce90c37cbf04d72b3371f76f9787e4d2f994e05ae7561334e6235edc088905	ed8e818d8ff9cc510837c76e7488a21e20f4cc89e9569571c253d3179248e3cc	9b24b0eb34c7f2d51567d46d746b3404034cc244c52bc666c43051d7e985c852	PASS
IV/11	7	exr:iv11-07	5314011091da3abf194bb7ce5292f7af6e28692ec8a415e0785a9efb29dd725e	0f68caa3fb5ab8b3af0ed1aecd1b0e243463618bb21d4af27c0902affc7cabba	fe0c71a4c385edd0353a95d351df168200acfd4a5c51f8ffe61b8c3d0e0fa38e	PASS
IV/11	8	exr:iv11-08	73059690bec00cbd1f375a58dd0590259df586dd131044c3ebb406dc87a885e2	02a708ccfc18d5d56465341054677c745e84637ed0eeedb241cd9fb64d2609e2	fe19f7e777be295d31816190a5af560664a18638241df958e1ef9c69a63770f6	PASS
IV/11	9	exr:iv11-expand-01	0c59dd9228d4836a8098268f05b4f88b0cccd9c044801d051d1cfaee993951ea	00fbb879f82f0700faf38df1cba07c06cc29e1513d812ac9974fc3cfda61bb29	6b227f4d00119baee758133b39d322c5298fa1b6ee1859de1b24e97fea4a6049	PASS
IV/11	10	exr:iv11-expand-02	c6cc2c7108a2938dd1ef3071cd86f08f6a3b58d39a8c469315a32d3692b84307	e90420cd0e503aeda045b11f0bb0de08c88166537826740d242faa992c8d2629	01c9526f17786e0f820f377c85876b4a95db300e1f9eed8e8834bece516bed65	PASS
IV/11	11	exr:iv11-expand-03	20e7cc51a4437c7f92cd282f40a57c0544ef6038a6afab7e1496f4b3676f36b3	370a081fc7f53ee4280746b84769dd93798cd75d19d458153505b9f7179bc58b	aab7332dcebd562202c3d9526ae1a21e909a78eb346b635cbda2c581ed805fd0	PASS
IV/11	12	exr:iv11-expand-04	94209e9d7fe84d3be1c724330fb1ec7218dc24fc9484897cbc5c5384797fdcf4	8a53d65e34bc6a72c59eda8c752bf5f314665050f23b3e872a99bf2b0faea272	68bfdb2f533d5488c280410fdc592079751a9ce8e0fc7009f28acfe22351a50d	PASS
IV/11	13	exr:iv11-expand-05	9ac17eff6ea35c795b1542838731f8ebd952cc4d14dfd78fb1c231b8b51bd4b9	0e7eae85b2440b81a1e8bca8ca967ab811d8e492b77a45c73faa3f453572a9e7	be9f2be04a19f8bad2999b6478f68c03a8ce4fcecda0b9f9db8140ceda5759b9	PASS
IV/11	14	exr:iv11-expand-06	d6490723a68727c062015fcccde6019bc69cca88dd305edc614eeb27808be132	691a845f9cd80aae75fe8e304fe8ce196e0bfea37149916ed3d14f3e4373e034	4e44afaf78284cde06cb1f270e94ad970f145056fd811b34ec9334cf0223a7fa	PASS
IV/11	15	exr:iv11-expand-07	807be788ca7707bc04f59df99f6bda4584aec936e26f3997c3073595faa4aebe	0447c6a912520f2243526856acb909ee4d5277cef7dfe904bf46047a825f0df6	576456933c0cadefde6ff36a344eb82d9f873b14bb34b32d25e2abcb7e1bce5d	PASS
IV/11	16	exr:iv11-expand-08	53f47b40d7a349ec2f748af3b062657106bad57d8955e25eae13ac370c67a70b	24a53e04aec11a93c1f70aa41cdc78705787182d5198a4137b24819800169138	77535e07ac77792d4d78ff674c30c62d0ed3d2f668e19fdb855106237a6aa367	PASS
IV/11	17	exr:iv11-expand-09	0bcb1606bb3d13c18b5328dc209e85cd743f97a65f245b833556d1158a2c3705	2bd6cf466de411db0a296e3e7938e32af1d550e0e815c136cc0c561c2a3bd35f	d508a04a9339ae68b961870a9c599bcff345f4aa18fa2e8d9c3b42671e47aee0	PASS
IV/11	18	exr:iv11-expand-10	ba6e2d21fac6eec56beeb38e9c89a7646e00d5663779f2e9bc67213ddb70b716	92ca503dade482ea9ffa6c146e4a17a21660c025300cd4dc0a6955342151b39f	de0e20bde94d486d0d9f7d7011ba046fca243366cfa5b82096ca1bcfa7deb17b	PASS
IV/11	19	exr:iv11-expand-11	024fc5951e805adcbb65b989f6e7abfd8a438d710088c2b777545b8b16b6f1a8	5f4a1883bf82bab09c91fda76e7176d0a06fe8a04f792ea703363a0c68c1abad	86444c4a7087427fd66a2a6e1bfb37e5500dac48b40bd98613e59b512ac1e8a5	PASS
IV/11	20	exr:iv11-expand-12	78e8d77ae23480236d68364b7cc17d837a1e2e8658f774918021a9cb41b8d564	cc82b4bb623e6429f5e792381e50ecbfd4141f9ba54c3f2c246125e5bc2acad5	68b75bcea7916224be019c433009cf4fcd78ee5e093914664f4d8058b49697d8	PASS
IV/11	21	exr:iv11-expand-13	bb6a4ad1b0b0cc0302adc7d29abad1707399a90adf6e3b8341094fbd75ca364b	6a17d9bd59d794afbcd399570ec8c2815b049ee58519203bfed6951014caace1	0bd8d45bd00d9b5fbb5925ea62bf0ced3c66b5efc7cc196686f78bdb50fcecc2	PASS
IV/11	22	exr:iv11-expand-14	e4a13316ecb2f9651584d4e63b7fef4f13d71b17aa01d5f8b0c5af7e0c5902a8	6cd34c18e9ebf81f9f6cc7298f5956d1eb4115693082289468439d018704402d	0c685d6c14d17478bbfd691ad06614cc7dad9a6075668d8f9c07a3eb8dfe7df0	PASS
IV/11	23	exr:iv11-expand-15	016c1fff32ee9b7903efdef9f2655b7c4c9a35202b291c6d87bdd79749b5c59b	761d55e9c78ee71d50eb676cc82dfe800359e40d01db374329ecdd79e407a72d	81e42721ec4eacad24dd2e009a568651b7f6de59face38bee0def19ede7a43c9	PASS
IV/11	24	exr:iv11-expand-16	54a08f1443d7ca10b436ed9226593bc57e21c83be5e407a995017bd84c985f82	e41a17954a6b9d5dda79004d1520d80fc1054ceddd4db2b20b26d14d8a7d31d4	2bec2943b157b60aaf63c0e7d7473a487b884ce1b9386adf211e34a1eabe8e3b	PASS
IV/12	1	exr:iv12-01	a7ea9e7cf0990066465afad1e4a217cdfcb9a1547d8a9899eb88d4ba51b8cce3	5d8f8d99f16d321ace4786a80aa1231ae40db1af39f64fd36c49bf3390fbee25	dcd30f567376b85116ebf57e6e4818b062aa8e77a8e21ff74db1246b5aaf07e9	PASS
IV/12	2	exr:iv12-02	377b94189f058b90d395b6d34044accfe2f5022e4fcf6d5d11e0700547800000	8f4f3ee0cd6fd1d65b7751337263007c0a0c528e9966f3458146d3af91629535	7da1516a6f773e0c839445113d8f835885395a973b48e8439a1fbf0993c5bcc8	PASS
IV/12	3	exr:iv12-03	9445e0291a6d802b44748a29b5c609cdf2ef772c9d315c91ea530a421e12c3b8	6216f31fedb0e8d7870664a08a468ff14d895a86ee16518fae7e6aceec6d9d5b	5014f99e54aa34605c723048c83f9fb181f3381c3cb52d817487836ac49cc29c	PASS
IV/12	4	exr:iv12-04	0846e3dea65b6281d24764ebd9001b109434c35a80ed595b6f003ee58132dcd4	a1619551e348207253964aa81d7794d4f3c07b2725852f8ffffd2f58f2d92e0e	e8d74a4e9dd1a75e5b502c40345174d49cb871ed3e6a4cd0b791434cdec4b5be	PASS
IV/12	5	exr:iv12-05	d43642231f82cfb98b921c20dce3e7fd2c193f317d66cccc8d9cbb3eb8b1cec6	dcfd96236959da25b8dbd478aa7fe8c9dea5606b5309e204dc8ecaf51c13564b	94b127a834bd849d84d6a78e72cccefc358e08ba6ed962730eb30764be8d4736	PASS
IV/12	6	exr:iv12-06	6c872ab86e1fabbbfbc58a989b8750558db41973cca6a4103d20e55972d927f8	58bb58423280bacb773b5aaf88052c52ee325dad4ad5389604eb2061468aee18	a85affc2dcabbca48d47d969c083db75182ee1049cb3ac1f27f5e2708d90beb8	PASS
IV/12	7	exr:iv12-07	fbe6cfe47050b4b5764481e10068b4fb32eddda863eeada273caa0cf35f74f1f	2639c710e9b10004ef173d5c033260bbc251617cbd6986c38794d31526ddea8b	a6dad5844c0b69fba3f7179d74c9a2f9bdf8863c8d2656a697ce6efdbd3d82da	PASS
IV/12	8	exr:iv12-08	6291f5f6484109591587dafe0a3604921f2c65c001179acb29aaaeb75a253f3a	4551fc2830083f344b7d27be2f6a846e1b9e11fc6a71b360923f3daceb339ed9	fa97185669e29f1a2f5d1ae06e801966096077c63cdb014d416cbc30e1f762a2	PASS
IV/12	9	exr:iv12-expand-01	0af3b8f2cebbfaaaf5df69bf68d456ec9bae0cddffeba9df7e06e2c3af8df6d1	febcda3c39a5c98ee4038e05682ef4a573e47f3d8a58c65b36e003166ff27f7f	defec7dbd42585f69536ae351c1d3c41c732caa1f02b8f29dec817d6234d70ec	PASS
IV/12	10	exr:iv12-expand-02	fa8cb7154f1556488e9078b59fb2eb52e1409ec08c145401490ddc461ed508cc	30bcddb0fb2dda363a5910402e5c83163e39d9f9a6036214082ba133d9b8d8f1	9df24a4b03e607507ee677bce1d84fc4939c05f3caabb02d9b259e29f1f37805	PASS
IV/12	11	exr:iv12-expand-03	eaee04cb4899a08c0f51916159f689e79648189b03661a7427b6a7bd35e82241	bf93117681076ef6eb88088678106d3fd82fab35de1ab50f7ded982f5a4493db	7746c5c5355b1a158e49f36259ae0c4aff97559b155b96dccb813476c64a7423	PASS
IV/12	12	exr:iv12-expand-04	533dfa117c541992ed85d8ea54b595bcc5577db56b282865a33eb075380f2225	f2f4bb71a2184b1bff908b4720f1e8368df05b62bb52ba552a2de9f881463ad8	db9b71d9a64e4272cf17737dccd979e74bbad00444d2c92b8338b1f6f3458f96	PASS
IV/12	13	exr:iv12-expand-05	f8a57dc8de12283d56cf4fab4ecb92c5ad79b1e0edd9a9a5446b874b3c8409be	98188cb47b3917c05091c1b55eda6133f124f28f8fdca732b4191813588f43b2	629354a76e331d823279d3871b5b6bf063a3a92d1816e50a797f04b8ec5ad50b	PASS
IV/12	14	exr:iv12-expand-06	34ef0ef07a5f729cb941f157223d28502baa0230908327e2d6339afa8be796db	fab78aac6cbf6ba719b49e2103f34b820d9ff16573c9f9ffe5f8d03e27c6f986	774557faee5a3494183e8975126889d094fbb73e0224d8a92b534aaba9372c5e	PASS
IV/12	15	exr:iv12-expand-07	b4e627e7df27afd1565c9a9a0ce66e5d4fe8ce12c768d069fc0d25c9d6cdaa07	c7295faf7335cc8bec8b21b971d9f7f5af0a933cb754470fa223d658eb67e6c6	3a8d4d713c3baefa0cf72a39c48f6640160c2291e1876d7a423a1e89418b245e	PASS
IV/12	16	exr:iv12-expand-08	17da7622b3e504311d2577bc19d40036ac1228441c5baf9ab3bee61975fd75e5	c82447265a7737defb03034f98c830a6f8f62b5b8c23bb4d4527630f05edebe5	f55d2592dfdea410fdee4ab60f0395ee6cf5576bf2529b0ac0ca7723c2b5068f	PASS
IV/12	17	exr:iv12-expand-09	c91138cbbe5cda80c0d8344edc2f91b0b633dba71b9cffe779fcbd53366c265a	057fd554c7b424b2011ff24d671d9c09acf789eb29edb6955be13ad77d36010e	f1c462c44627235ad652549dc28354a29aa7843883e245f5d7553a12a6497adf	PASS
IV/12	18	exr:iv12-expand-10	98a4cf48c2270a3d66a33c014f74cff45eb71c1920b18dcfec2e2300cdf35c3e	4411cc96faafa56c92e4e74599c12e0c1c13534740ba5943590b7fbb52547936	2704658b959cd70e8ca27f0d016437cfb87e21f136219d9ef583fa1c795b1a7d	PASS
IV/12	19	exr:iv12-expand-11	1d8cb6a495b2ca0eb460a6607325e18ef9a8bca8301e215a0fd80911a59a6ab6	347c0603b2c64010d9b7228e0421ee1d46e1ee783f927f61715677976b71863a	6ed4f5faa3e5550bf5f0cec0d5cb572a123b7b9b1da319700d04d0f3e8e3bc61	PASS
IV/12	20	exr:iv12-expand-12	c0dfec0cf6433af022659776435f793b172911cc785ab34c6772e1a0abb10fa6	ec9d33798b8f47e38a65cbc71459cc8dae3522708361252dcbab1d1cb0ece893	af648b767c7ef7c0ca1b0c47b21e38617de8b3ecc77d59fc8e43981119cd603e	PASS
IV/12	21	exr:iv12-expand-13	9a0d36b851367e9f880945c40cb2ecb13a11d88ddac66106438b375303809de5	76bcc1cb3437d07d4aade4df93f43189f438be5259500b18b9042beb51cd9215	2b9ef438e2092e6570ca6eeccedadcc83674e301d4c148343cf0b0c4fb97bfae	PASS
IV/12	22	exr:iv12-expand-14	f22d3ed599587bfa57960141f4e81371b437ecea6e852e0ad7dc255f47aa3e06	ca97d5052964a340011a999442662b9d0b3c1ba50aba007d4f7178c895bd3bd0	a9652af0f2dd1b787853dac8fde5e07c8cfbb8fcc511e2857a08691e132d6948	PASS
IV/12	23	exr:iv12-expand-15	74e5a5e42dafcf344845ea917d4fef0af6d006e71bd826ef1ef0943789205f4b	f20f85431899d6f2ef26828bcc28b72f4ea14f55cbb75a4aeeb8dddc49903ec3	58c05a32f642e4fe2f64241d49925000ab57f6c9c1c89f93091fe5468fc22616	PASS
IV/12	24	exr:iv12-expand-16	efc73b8381207e1f8a7deadf454d79970b5a242458479ed0a2a76d7d8a38a2ac	48c5f7df467dc168b5406784e308888ef63ca96b08dfa32f75f16bad099fbb61	d18350898481be28bb43990fce12939ce053a47d99ae583e7aeacf1f94e5ec16	PASS
IV/13	1	exr:iv13-01	deb91366251da7fbe9c055906a30d8d27353b7b4b38259fad9052dd50c5c35ce	a337e90add347334ddf9c02aeef0bae470bf2f6e91b1ce0aa078f924e5a89650	73ff497be43232164d1eccc990d3fb76678822138c228d19614804c5cd130c92	PASS
IV/13	2	exr:iv13-02	c650d8daf6bc8e0eb6df9fd8031b58832521a522288cdf742a6aa20965d65b32	d9cdd140a76aa76a3f36b434b2d3450a78756a878ad0bdb906fa84da07b296ac	f47c7cefa176da01545adcb34783f9c774aa05ef9fa97dbef68f39ffc5bc165a	PASS
IV/13	3	exr:iv13-03	eaa15cfdf29ef375a3b655e429c0b322ac5cee8fef7be5ecd80fa3b22b9a9114	ce8baa28b18418f2750338ac5e4897adc830b47f6c35f66fa1d50f022b52e160	8ca5f26b814ecd07c35baeb80af3f42a26693c923b7c1b5e6a2b50e23891b081	PASS
IV/13	4	exr:iv13-04	b0e09ebaea46b20c895173629a07eb68a6d25c2043d96c47e2bf867f41f7aad7	81aad7139c09ed7a95a0c7a24ae122e159fe3c27441a8e2173e49231e003c63e	8a487fba84980ef41557ad40c0a1f75111d5bf7a54cfbde65f8ea59f7e799a13	PASS
IV/13	5	exr:iv13-05	a0bfaf6526f4d0125c61ddf56bc4a379d62bcbea6b4b7005b2eb6321f7e71983	ee80006b3172391aa2da62e0580933b0a901ac840df2af4a8b2ec35145570b38	4a901ba4b105b452c33edc61432216f89ddd14e2dfd092792d6fdbdd818b2a14	PASS
IV/13	6	exr:iv13-06	f6936090141390221325ffbeb5b89bbe6279173125cf7571e8bc7acc5369539b	fff4e316795eeae6b607e5c742eedd03050d7345fafcf2502fdb17721cd01638	57e277e6f5891365a16f7cdf0abf072687d6fde59c5607686dc72d72010037f4	PASS
IV/13	7	exr:iv13-07	b209728cdf2dfef6cb234732f89485f78ce72bc51264de001fb60c2dedeb0c01	6229c71aaefa558557e8dd7ac37280af445feb6cc0a19f84ef68d81ba9595bc2	e30cafa231b69b5758acaf6870c2a90c6b72dd2e6b8dcbef3456a00b34df3213	PASS
IV/13	8	exr:iv13-08	5aa24919409ec19fc239b3bed4cc8a8baa104c1fa9d96d9382b8f6783c313717	485c7cc6f88e6dfd85a2f9872ffb1d92f116df477ff6fa3160500d14736c3ee0	a4151c47bf83a6919c81656a7cfc18543f9a2439a2922b0df6728ae8da937296	PASS
IV/13	9	exr:iv13-expand-01	4678773dd0cc8ff777408b031e2d5fa8fe0f752e1b32d67ab0e2dab598f9c3be	82306818a513be4f4357141bf95ed21077d8a53346708c8f81579c234307ad92	84138f36f0649b9801a15e39704374ec790298d810ad4920a4b5dfcf1e3a2c6a	PASS
IV/13	10	exr:iv13-expand-02	9b0153625611eb51afd8e3357bdb5f7655a873302c4034a188dd6f6ef0ff85c3	717124bfc3533800e23990de1da363b471ee758e43c525e8c44256389d94b583	348cb3e48820040b1f832944d5fc6fb473ab942fb9152f4684e83123a31451b5	PASS
IV/13	11	exr:iv13-expand-03	22f6d6f0ee83952ab3c4f74e40e1ff8280eb283355db4ad245ee04669d97ac8e	d7b7c487c1e95904af8064824dc9fb77dbcb47d4221470f3146e6ccd8c8d14bd	46741b327edb4c55c3bc5f8538fb7e015e57323d64113da6f033e4ccab2ae5c1	PASS
IV/13	12	exr:iv13-expand-04	407c6b0620521e2a0861d1c87414fe004b4b9f937ad66087bf62c60329cabc20	65d643f3c95390b9c671ba1e0b38fcbf38a886c59f1482700f67c851a9861c3c	1e452ddd519fa6877283bfefaa6807cdc0e0136c320845e1fa251348a4535031	PASS
IV/13	13	exr:iv13-expand-05	d60c8e147ac48e09ebddbd8295c30160d6b49196da476c6f866d72a96bac203c	1c9a89d4931db9465339e41b15e0a961fae6051f7a04019eb08d9b072709ce4a	8467b4349c5979610f60d6d8d4e8dd963e756475d73f1cf197cc7f6de334fe69	PASS
IV/13	14	exr:iv13-expand-06	b2739a8d7dfd5329d1e83937b6f20be24f9463492589299aa2049caea2b898ac	04de1fe45474e6adb9d44724cba3d982464eb6111237348257f3d62a5af2209d	a916ab4e650951a34efd6943e6f1f3024c5a335f3357e62f799740091aa91806	PASS
IV/13	15	exr:iv13-expand-07	897dfe60c23cf558aabcedc97e7b7273629332735a6cc13d5cbc4c7703d6122a	b84e3069dcd64cf6952fe2e4168966115740b93b186176b046c2519c2968fc93	e85c6d80168fa33c25d2ffbec93bd35d6d3181eef770105e30ff387370bd7edc	PASS
IV/13	16	exr:iv13-expand-08	d229eac8541b077757f24a1d8db1f5d2389504aef31febcc2d80037ef9c3b719	a3047bd4dba8aaf01a8e88f5771a27ff9f2ca2387452429f7ec5002ecdc5226b	794c41bb8079e2425fccd38b874c517b03eda871a3894e7af1fd6bbdb283f669	PASS
IV/13	17	exr:iv13-expand-09	f8659430b7ded5ee39c94bc0733c6602ecf07f1eba5c25a161e74465c63b3a02	c86746fe0ca18a3a20020840040a31c14d95926dda290f235de31ea5c87b3c15	2628dcd11d17f64947579b5ae78e833038e39c1734aac289e726e7c878363572	PASS
IV/13	18	exr:iv13-expand-10	1cbf3658a349c072a9372a4b1dd04b96f4ce9bf552b7aed9e507a1c14aca43b4	321d2987f920cec7466dac10a3b7bd6c5188f319fac4753beb0bf3f289f873d5	f818986faef197ed044a3fd26a65cb4a2d9746a88ba203a8e0f2d739cbf17f45	PASS
IV/13	19	exr:iv13-expand-11	cc24883f15b6f7146acfe0e824fcfeccc94e644b17768d59b3e8fea1394bf611	fa84826bc967f1f355fc1ab0166bb27e15a491f6f1c18eaab172d9c3469d3b71	38e1d8fc3ac1a580130a7f942671216b539d4c2fa7b35832b489d4b9d2c9c05a	PASS
IV/13	20	exr:iv13-expand-12	30c69556cdd16e6ba9218fee81322556a0c210cfd357737302f675d5d0ddb4ef	b06a4cbaa0d2ebcf486d5d3d754630709ff7cb93ffe831a95641bb652b327fff	26f6d28575ba9726209bc5deda15a94cdf15e92e55fcc61b3bc85b3f31d89d4e	PASS
IV/13	21	exr:iv13-expand-13	51034191748a27be962bed01078858296b9544e59af2bc83a100cc70665d586b	0fb29a8465a42b8a0329099198f6d6514c64e7a5ce53de22a1e5924c0a1fa18c	20fe4345d4aaa91f16115aae051e606690b357a8de0f17b193af9cee5cc68e39	PASS
IV/13	22	exr:iv13-expand-14	d7091268f88e95d07d405344d048001b019db94f3f46c9f1cd4f7ece011c598b	1f4ff282a8b0c088532fa98f0c00adcba8c0b364f2c0d0413471eee051a774da	c3dd8f52290f61fe4d89e50e4773c2ce06b3d51b28e8e6a089677152fe481c13	PASS
IV/13	23	exr:iv13-expand-15	0602ae9ac25fb118992648c3b0a0943f921547d5f902431dc1b8f45f39955b72	dfe54df8ddd7a9f4b55a1969b5e6b71b6390d59289b964708977bdfff23e5cb4	e0120feb466413f1830a72ae8bbba9d03c9766733cb4fd7aee2a7eb0d91b5f8b	PASS
IV/13	24	exr:iv13-expand-16	7b45cd58788b032eeeaaa3424127668f5c1fab2024ac2e1b6c71c9b61685e78d	65d07ab19b9b4d86329859b1af2b638a5150a4ceb46b1eec7bbdc4039b153c74	1c567a31c5b079d5a5eac364901c8d6952d46e9d6aff3eef9046a0eff9db58e2	PASS
IV/14	1	exr:iv14-01	8da72bc52e0f644c855762ba82e24b5a6a782db8eaf9027d1ed91cb99afa4e9a	b312727a7992efefbdfcc063bf65b1e009368265feb3bd1315fc096c5046ecfc	0c7023d6dfd38ff4ee400af87f693dd876b5aa129a913d145f6a46e60fa2eb2b	PASS
IV/14	2	exr:iv14-02	31c4c17eb7bd6aa07efbd16ed33e0f78b09f7aad38dd791ecf85f2d9fbee75f4	d2c3f2104a4f66b8a8cc808f8bad95c999814f36a47b2ef48ebcf533ef5a1cd2	e3669a17fa63986045e9f9e94c5d61ae93590ffc91d25e3a9b1716014a9daf4e	PASS
IV/14	3	exr:iv14-03	c79e13f61ea71d110eda75fde7411c4b611f9afb02e23e9a262d88ecd53e5b0f	8a5c8dc3bb23fd3780eea972325ff00b729cc0c26fd2d59b98555c2127add837	8d6b47fead7ab1c77325776bf872fdc9a9d69706693d298b74a1516a3626d3c7	PASS
IV/14	4	exr:iv14-04	00ea8a97c38ab305f4938574de095256b92d4333ebecac7e017a2b91b609de76	c3b1d2fbcbc4347145c38867d79aa718f8b7e6b649669ead3dbca3c22769de23	a987c42be2a01d9b76c577bff881fe27084aff744c19caf2eda6447781cb68e0	PASS
IV/14	5	exr:iv14-05	3e5c83252322eba39064f475d5c245e9dffcdfa53f0d17071e2f28f419637449	14dfac68fb20cdff5aee79c750a723e3cff2cb695e53f2a2d427625ae2ffdf25	820d8316bd41209bf68e09b8e6075b8727a940f93916bd48f251f1775ca0b9df	PASS
IV/14	6	exr:iv14-06	5e26283f68ffebc4982e81769d3ba9b842d69ee01820056097a8d4a3bb083a30	2ce036ce1f15a98444e8218478f8dd3c9275f8610c02e5a8729a4c1e29c88ce2	4822e185da6c9f07295f2626cd5a48500562f1a489542dcb5148f5a42c453325	PASS
IV/14	7	exr:iv14-07	4341db8f3217c3bd9ac90cd7c5c89644b9d2432f3c82914a61fede34be91f624	5cfa48a3f08779579a8dca8fae9cdb58fcd5e24e09b6855cfa344a877ad2ac0a	5cab9cfe0f2e15fc09e612dc0f7ee2d5e39f8253bc063dd07b628771492adaf3	PASS
IV/14	8	exr:iv14-08	068d38eb6618a1749f90d1038ea42458b8859dda90e223f375ab3f4114f0e7f6	1dc1f619b3e22841a0570064fd000bd95071af3962aac1e389e82606df3e896e	fa31917dfb74fc5c357619a5793f2bb84cc7ad97f871dcb2f9607e16198e3e8e	PASS
IV/14	9	exr:iv14-expand-01	7f777fa20e5ef75ea12d7bb8f443a8c62a44fd736178aed9179e3ff3ea523bfe	02d6aa9f09a76b61b4ec2f2085cb65b7441353be89766e2aedf30e0ef79da124	d0998a25bbc08d9537844f5998a72977d9984de045004b342a23ed80e1598c58	PASS
IV/14	10	exr:iv14-expand-02	5d5fab7c978266c1101094e18ff092a067386acf2ea4a6a7a5d1cdf6f182a4db	a772c802ee92166d5704b374cb6876d726e562e20bd3742e69b27a6400357053	185860c36c89679e81485d52a99fa1337cfbcc28b171cb58d00a994ba8c210fa	PASS
IV/14	11	exr:iv14-expand-03	6728937bd8d03c7071e64bfff50c6e54b7edb6444807435b4e69fec6da04459b	c9e278bab662ddf740b2b5a4160afad92a1cd33e0e09592b4450d7c21aac2335	02ceef9b5382c35ac92a7caa5edd9c136c135f684c3074f6e2733d6bf3d2ea30	PASS
IV/14	12	exr:iv14-expand-04	6fedb379b947a91006f588653de650f182380e9c0267a30c5cf99118a639f602	c40c514a0915a3ff781b2499574334b61778eb665f02d8127560d7f5cc9da33c	520565cf452bb6d99168d4f80466bc72c2027bcb6fa45b13247a7b09e9c0c80d	PASS
IV/14	13	exr:iv14-expand-05	a93ffa4fa41d97d21090de5543a6c09b7481a79f615c96797e0c7dc9c1548f5d	98f711f448ea8fd181af09763c488223dea2347a43ced45ac44c033761ed2da5	9fb0f43f8e5f1cd27a369e0cf834a2790f624e375520ddda8348231f9e4cf425	PASS
IV/14	14	exr:iv14-expand-06	086971e2ab210bdf4fe57323992253963c371115715be4aff6a094b2f46bc4cf	fb4ed4b8be26c87f134b022d35b835b8be6280ed71ffb9b0aba6e05363672fab	59a63b53ccebbae211f8dd949b396b46d7381d296dced543e588ad35305b2823	PASS
IV/14	15	exr:iv14-expand-07	3042e581904d888e1c28351efc1e598bb675317372d549e6f5b459227a7fc2f5	ce35cb6d6db2290ff180ce08b3f3b650d927207173468ae61d793d590c2ebee0	4347c6e9987f6fe8429d27950eac3677de2b0d7d43814431f0d8482c9f4ab30c	PASS
IV/14	16	exr:iv14-expand-08	c00590c75ca7e641a477f2d23d3e4e969e01f4a370d3efd30414c95273a5cb9d	58ff524bfde73d8a7f856277b7dc5f59a5a9964534d8e0d7aea812037aa8a82c	8b2ad37e98d349ae88230f74fc9d744adcc82ee1f011a19ec923b1664dd3c67a	PASS
IV/14	17	exr:iv14-expand-09	f8c7d7ae3e0b8268da1861ce044d334a9e69b55db1477e9afcfb229cbb66b98d	f6cddec9251e68290fbd53a51204043b9beb70a5be180e412ca96d332549c96e	6e29fa304bda6250114dae5f5efc28fa8471de29df394f0b9d8f6b3aee18e605	PASS
IV/14	18	exr:iv14-expand-10	1f813dfaa2e942555b3d76184b649677ac8c91f47426f41b754cb22c0bee8dea	ea9cd61382959900bdd65ac152ca89893fa85b4adff42e595c556740d827399c	15617b0f444e2c36e20ae6afe6ccbbbd63d076135ffefe8357aa29df97c18335	PASS
IV/14	19	exr:iv14-expand-11	af4b05de350a6d45ac5633d4fafaf48b871c9a92d7d6660fdadde4e9da36ff0e	38cc22ab1df5e78bead8fb4f9ec88ee2b473996d85a281eac892a3566be4c7bd	e1ce79dd42f121b12bc7d4472a2b5d74a22b86cbb0a73f33e513efe056e6e136	PASS
IV/14	20	exr:iv14-expand-12	fcb7f5bf4ac38e3824c0e157e4168cd8b101b71168eec4b9d5b74f6acafc7beb	1cef5de0950df4bc277e5c84edc7886425dd5bbe9f857a0376ca576a869f31b5	0be800228463b8eb2e4f424b74275a7801a3d4aea7161e862cb4f345a49016ef	PASS
IV/14	21	exr:iv14-expand-13	3dbe99b0b79356fd4d5fc548f840bd526e186809dcedd552423aaed391f556f9	5af09462467c24243ac1c56b4a51b542abbe480cb0ad1d2a84accb46da7dbde5	86f73cd7da37f33bcd9a54f5467b51c26ffedb95184273f2f838c106d1ab93f2	PASS
IV/14	22	exr:iv14-expand-14	66b67a671a0bdd6fa5c1de0804be3c9551ee6dcb9a64854be2e07c5db8cb363c	65c0278f071c1a230db41be6aa53028c7a71cbcd724d51f33b7c3e05c5e1ff59	9995e24860e489b65750a1cf90ffa7ceea8f60764cfa8aa5c1e9d7f4d37a98f5	PASS
IV/14	23	exr:iv14-expand-15	78e9ef985146cb5c5441e25296881e7faf1690248f743506c4158f1d0b4697f2	a9f927405b566790b720888e177967a8001fc9dc563be4f951fab91bd4ff3db5	ced4abdada55f4cfc58663bf55124d01f77c6e45e31d4c9b9a69467b8c75a7af	PASS
IV/14	24	exr:iv14-expand-16	07b8bee93d64a136076c0175a82f30ba1560cc126fe6224dcf6a99df665d0e13	4daa80cf2248697069e51fb2a441463290ff01f4ad12d450f7436dc254398c00	cc55458825c958a041d0216a1ba72f76c6a689107716c54691c816af20f16086	PASS
IV/15	1	exr:iv15-01	9b4c6378fcbedb51b3798912da306e2e7b43231e94fecdd02ed3ca73f4fb92da	9619d7cf39685bbb07c4ace839e15d3ac3a0bea2d2fcd783cfd2fac91698cd36	cfecf84af1ad4aa789e78daf637a84c794ef002079077591842cf11fb30ad95c	PASS
IV/15	2	exr:iv15-02	bb7cc11c3d36477350a1fa2a0e2eefff7ba60b7c2b331c85ada52207ecc09a7e	a7a784e628406d43ca21bde00e659daa461290ed802926ad533eebdd93ec7e3e	8bbf5f376a38f3630bd569c6875b4955c50988de166c85ad228a39ad8a0b80a8	PASS
IV/15	3	exr:iv15-03	55934b0124250eb633e2ccda101dc406847a75de6874d0fd02f9922a1960192a	9ee6456239b331c4e1dc19e42be95e6d9b6f6aae5e6b505b482fa6c9dd704e6b	c1abc7c5589784f1ec3fbf5bd306e57e9e150b2fc3f48cc7e35bc0fe1ec8c63b	PASS
IV/15	4	exr:iv15-04	90259f984f1e111c16be133021b0a18cd86763e07f84c04f92d2176c9d36afaf	0bafd48e8036871921122d4e00d35c86aa765e387d357742dd87d3e675b92be8	141cc4e5fdecddc386e78c842efd377d4288161eec24c9256690241d860cf4d1	PASS
IV/15	5	exr:iv15-05	1783a6f0efe57f28ebfe8af52d4a8f00ee6629c58e06db12c512b6a9765e6e7d	112d295feb2ee85c9c30c97d5859d8c645f9917e1c050224a3b9b7af8b50d1a1	29cd51d04bd479b6c723a5262c1def95ba7959d09f00fd7960aecf6ddfc7cd59	PASS
IV/15	6	exr:iv15-06	64f829428b27316a1f38ac7799b6065de3a120484da3f1f99cd1c784fa649f3f	9ea5ea8a66df9f4521b1a219b66b10e55e976e51ee2c36e75e286c845c9e271a	2c33b65c02606dbce49b6fc6f7bc8b4c9a4ed9ecdafd33a0b188af8b7110377d	PASS
IV/15	7	exr:iv15-07	7c183648b152a76cded4dac0c97abde74b5d3361be80f114f6d524c51b81b9f0	cb479de06896638233a71a97bd8c12a37dff4a2b680642e120117b5fa5bdbabe	2eb5645fb0643882fdc6beec39f4f542975504f0ce4093a137150cafe7a09a79	PASS
IV/15	8	exr:iv15-08	cd8553259169d8954b03952fe1349fe6eeb24d8b36e1f5541f53446f1c7a807e	1a48dba90809baffb428ede7c6947aec2bb35536e26cebec41c5d3ed8c4e5f71	74bbf5e0f30d297b24863716248cf3ae1feaf66b82d106def0ddc0893861be59	PASS
IV/15	9	exr:iv15-expand-01	3cebb89ef9dda6083b8fd3643e01d3ac9ad366df84e76ca3c3f9a1e1f5a249a8	eb117de398fe2431bcb9a9e0b9f0b64ab4ea10d570b796eda280d54286fb3a40	bcb847041011d78a5e2fd2a7594a4054898a2b8b1db3f31405ad75c187abef00	PASS
IV/15	10	exr:iv15-expand-02	c85d1ceb5c59ef92749e8b75360076691a02ba792fad1fb5bc3f06a00f6a17b2	83e289e364fb08a5525d55f26e10ed21d26bf1e31d6aabd709114db68c9ab9b1	f4875320518389a6917406fdbd19abc85fac5fceac69bcac123173b6684c1027	PASS
IV/15	11	exr:iv15-expand-03	0a6ff004dd03afb8543acafb73df59aa5a4d3715a144540385cf9183cb5aa031	88061c34e7303a78dff2e7e2d04eddefa51fd68ab73aedb6fda39d7e9804bd7b	76045eeaf36b11b6368415410a81410d5ed7cc2cca80626fb9897cf390265517	PASS
IV/15	12	exr:iv15-expand-04	851571749df0bef7c0d9f132cf9ff9fa81ea225dbaa3717ac4e033d86bfbf42e	ee3be9522964017f5ce21b1590a8f0065aaec9340d2dcd84a0f0e2725cff18f7	ffdd8a1369009574fbbcb983dc19e41aec337f3429104190b07d894bf6a15832	PASS
IV/15	13	exr:iv15-expand-05	aa9e90bc9dac9ae0b5f0b9844c7793bf1f4bffa065b7271b9280c4e0afbcc2ae	e6df69fdb06f3ba2c9597fb60fb0042766c09f0988f122561d2853df5e098dcd	ce41d6f49d58ecff0519cb905a0c4c513d02c4cd033367ab437697e9f5115ce4	PASS
IV/15	14	exr:iv15-expand-06	7f8afeca614b2e4d75efb5531743cc7998696fbe27f44530db570316b057e7d6	f7139c893b517061329e9ab5416e1560530313de3cb947dac27af01d6e330fe8	356ead653fc8a2bf3f88586e17e46eb631656965ca9947abf269a14fa4b9db85	PASS
IV/15	15	exr:iv15-expand-07	27f124acc60917892ae6693f4bafd75c15716e7de060668986c87ad96f47494f	b72083294fc16577866c6209bcd762e272c2c230e82a9c6f387f85a7978b87d0	6b76e631ea80f00aa6a71e5a619468c8025a91ce3521e006b3a8ab9776e26174	PASS
IV/15	16	exr:iv15-expand-08	eaad7230f1c12a828a22be795456a82796f9b57329c84234f46a90dadd1c7e45	7dafc92b209f174895096656f523ad3c61359fbcc66b07aace88cb6173427487	6ad254407eac67364eccba2966d615d173986f968333a274b5ffc55c4918b6c0	PASS
IV/15	17	exr:iv15-expand-09	0dd82cacdb87289d697c0e9451cfabb551ed08346a025828007cf79c7d620443	e15dfc22f212b62d2b34851654092fcab346792605561bd364e1b550cafd00e1	0b11a6cd1224d233409cb681f81a4e54b7cadf87255e608cc483bcba8dd11b25	PASS
IV/15	18	exr:iv15-expand-10	4f58b52b266e4116a2177a3bc49327855d90e4ca4afe1d01ff95b73125bf5ec6	79ba77f0ace48757b81d81da4f0e11f90ef8b9bad243389f7d6faa52e7cdb226	1aa2658861d14d65fc02d3e8e015bf48731a30684e2b6e923b0aef9077324841	PASS
IV/15	19	exr:iv15-expand-11	2431b531318a9633a77e9c7126d98f81befa4f82a84d6bde741260d89c1291d7	689b3af2639b38960b7e4517c4c91876b0bae0ba4ae74adfb3501fb2b7c52707	7603d11dd6d2ae2bdcc2c1ca923a33e4605c32cf7130f040127b0f186f9b49d5	PASS
IV/15	20	exr:iv15-expand-12	17c780604162a55f3b6ba282ff778717f30183aebfef763496a4510bd37ab346	5301fd41ec08920bec20df6d4e91043440d60c226410a629f59884a45c4e2d61	73c1ecdb78c6aa18c6e54bd5cf7e9bae9bf195b70453007b2476851c5ec9de3c	PASS
IV/15	21	exr:iv15-expand-13	588b2f8a999938454eca15da25e4a6c610e2064ff14ad127704b63f26f5ea568	0a79a62c2d0fae8bb116f2cfd9955077fe38e7d9e2c7134ae637043b88b159c7	9b93d664320e86880fc135eab0bf2132483ac0373e5fdaa92ca81e5023e250a8	PASS
IV/15	22	exr:iv15-expand-14	3e982514dd27916425d469cb97c5214707487e06734cc7a9a8ca72cf53de21da	56da90553982cdb16a998565c3b6261145e3ca12d1ede8456ab8600bb6eddf3a	494dad93ce23005bf970bfbe10aa963d66cd8e179edca52aa6c299e4b00980a1	PASS
IV/15	23	exr:iv15-expand-15	bd84f5e1019cd64b82f685a34075f99b608708338b30af0cb970c67529a75bec	b0f66794ea5c5c8a1fe808c3ad5b6c52751322eb0322d24f76df4acf7045f1a8	7a561121f0f6d41915b2c51d5b564462fa9887825800a2eafd239564438a5a77	PASS
IV/15	24	exr:iv15-expand-16	6a197a765ac828736a33768087acfe73a3e8c645e1f55d35e10dc9112afa18eb	d9fb4f9f581ef78d410859abd5d7253b0f5944a8062ff3a415055a5b0d443f70	1c7076a2170ceacbc59a82e40baadaeccf6222d2e7d6333b01551325cecbeae4	PASS
IV/16	1	exr:iv16-01	db77a046fe9894323be45c1111731fe54a90926aa01e63b6594c553e482bcec0	d90ead6ebf2514aadb14b66f2d975456a2b60f103af9d66f5aae75ca1c8830c1	12b353ab74e822826b9808e8267a32137eb8352c121043fbfe38b3e00ee675a9	PASS
IV/16	2	exr:iv16-02	0c286c389f75b884463a4e8aa8d4db4df784d7242c9734caeb23e42a260ff508	0488330917d9a7560e960c849c2f1675371da9bf887fa42056fc7139bce506cf	4fcba93b694a71d23d6f135b356ac769fb1dea577170561163791e4f1e0ba441	PASS
IV/16	3	exr:iv16-03	c977ee27d920c7886aa5f237f82c9abad20184ed2eb3da317d55d96955f10f84	29d1656dadc48dde583104c0a5e79c3e376c4d62afd9580bc54251a303fa8fd0	2b8cc3ac45f9ade8be765d220c04c142d8d8928e10a57955ec3aa9a822a0e03a	PASS
IV/16	4	exr:iv16-04	6ec28db666a302c8a7f9864c1e8ff60932aa9fb89c6b41032bfed37c61637a37	0114ee13fdad5ebe2ad4aa261e324846d2d30866fef03ea962fca438414d23d3	3923b9e65c68e6b046f59a675bd282dc2749e83ac51199fef8af503eed5ccc3e	PASS
IV/16	5	exr:iv16-05	ace8ec9489e73952b1e83efd8114a6f72d08c0e9b365d2df7ce1b5d4c7a7f918	cb1e7c65252b3ce67823c65c8270d58edb25b919ce4a2e3ef8426515bab5709f	81664bad8e6244a494a63d940ab7acdd6729b1f12b05d5bae0d34e441cc05b21	PASS
IV/16	6	exr:iv16-06	bcda364153d66ec2d5f84dfe864c0d8b2e19c70fdb000229e333699b592b903b	32f1d86bfe2814b550dd433e16aebfab10f7d0573492b7c3aa995e1833736a4f	6de41f6566d29dee023c3bb700a0fa8059d9207aea2a3fb3be6d0993d7d6e3dd	PASS
IV/16	7	exr:iv16-07	1374e9b0c08ad7f99bd398b51698c6d080ff6eead639fa6f28493582519f28fa	41ebfa613ee972b23d1fd9bafee8d506e761a02ed7d4204c47cf8910e0fcec5c	bd593359b49beedaf35c4b4da44c91afb7b18a3c67363b9e9231a3087af5a814	PASS
IV/16	8	exr:iv16-08	8af8fd12dc92ada5263daac6df820b31efa63e7df59bf73946c08694e94a5137	1220668ab84435e989f4e8606a3e0f520b8033dcf5d624a8caecfe449e2671ac	e2495d37dd5c856a817d96ab81fa842f673b28b535b7a49d34d8a0ba4dee5bb9	PASS
IV/16	9	exr:iv16-expand-01	073d41278d1f59770d7f07f618dd6093479d5efaed232556258882ab2d9e84b5	d007b444cb3514ea7fbffe46e3aefc0244cb13dc6cda60897591f660fcf07c3a	7d6765ca7f6769a8970074d24ef103bdfbaaa72a2c42e36dcc8acf26504a4b59	PASS
IV/16	10	exr:iv16-expand-02	49f9fbc3ca578001346da8fd76579fcf46f6203ae779e51791c4d23d77198d20	1876b6e03f13794032e4b80eb629e5b0eb5782f340e9ccce6d44dd2cc692e2a9	4fb4c6308f5846b2f21217e5dc2d5a194ed6beac85de5ffc629fe4900f657bdc	PASS
IV/16	11	exr:iv16-expand-03	9f4ad54941f620bfe0793e81016a8c4ea11fb31194555f9b56e549ad7442e57a	04092268a11d22bd95fd1838fc3076473892e8b6bd38e53f35f39872ed125614	aa108cb033cb01294fb8a84a540d815927311359d976ff20942b95edb2c419ac	PASS
IV/16	12	exr:iv16-expand-04	155af147df6e995f3051afdaf520d71c75e2d78e3afeb4c06a844cef5b04c79b	d74f45b68bac025252372c236750947b42cd4810fcd138432abcf060119f2cdb	95d6ce7d934d6a302b0c66fcc2f5b2e5e3ddf8d91e4545a3df2dc5712a9626f5	PASS
IV/16	13	exr:iv16-expand-05	8a72a408e9268591d4ebe1a2b2ca90a7582d20609a924ef7d3c6025eebf75590	32bedd09e2c95097b249f7fb64b4125330dc499dc9d1cd0d8dabf161b8b2d9cd	628966cc0e0d10ff339f52700babbb1a859c70aef752845c2d942e266aa8de54	PASS
IV/16	14	exr:iv16-expand-06	3009bffcaa384010895e594cd79ba75c66923920d3ca1d348aeeb5b58fdf56a7	73d88732f769d79081ce159050d5ed81624c74e771df3445b0a70b595e074018	e7ce491d52f6190213f2aec3e167572287c36af2cc7bb3f5a75cec533861839e	PASS
IV/16	15	exr:iv16-expand-07	816880ffb9851b59e3a7b9fdb42052672080297adc98dbd3dd3c520bb905ceac	3f22179eb77ad8623387517c2cb928e720e82497c268969bf9b507c83b4f6bb8	a7c30eeedec0eb455359446308887b7d397222d86e877d710f58260e070b44e6	PASS
IV/16	16	exr:iv16-expand-08	2f9bde8179532188d941e79d0ddf8bd91594d7e9549a4cd86341eb51854e060e	06b9f52fed6c19e2018075379045f01960e44361c4a30fa4806defd6374fad54	b2354b4836ac7ff0b9f270fe52de40209533360ae5fbb0970bb672b2a5db42a2	PASS
IV/16	17	exr:iv16-expand-09	3d4d9ad9cb232c4dce2437ad4077579aa26024b4757cf92b3a88d548b1ab324c	83908bd75acfdcd7266a461df2a799a776f130f3251deec92f4ab8f22ef78ff0	9534a879288f6a782726f46c4bf1600cf2323fdc302018fef25d8acbc3098b96	PASS
IV/16	18	exr:iv16-expand-10	e62c8726e2a21ae1c9c2b318f42b80ca6a33084bd707a9efee3e95b85ebbe89b	7411a44017ae923ab3e8ecbd7e427fdd6a100fd1d8ad55b8dc907723cc753259	44a3b89adb34591b0997fc5f8afe24492f4324bb1e5bea45c6abf9464adca4b6	PASS
IV/16	19	exr:iv16-expand-11	cb479f700dc9b61494d9b6489962f66b9edc9fe0cc3a66cad9c9d4ebf942b152	4546d711906e97f3375ded0920c068d91640b834798400e70970e69e8bf814ab	6edc6f77b711ac815b2b89d041565e1bd54f9bb9b0181cfd57a40f3e9312342b	PASS
IV/16	20	exr:iv16-expand-12	e66e64ce58767f40fb95fb91a073f8224938e3f95afc6cec3245a815b7e96776	71cf2d7215d288049e1dcac5086676d0c18a630010849f36965e940fc6c2737c	5ec83adaf94dd8db35b5633e3cc5f3b5c5698e58a6c2b3aef2cabd84d4569ca5	PASS
IV/16	21	exr:iv16-expand-13	ea741c53159e486682b0b497f0b5e19c02f9769e4d1c9966736b4a500e978591	6108e4488996b4f453998626dd1eb93b573c04e6a92aa222c882f0ad5eb1c4e0	9992410860b9a3eb1aca103b74c5e9a1b4d0c897283f29a7c1f5f0ee76f2f962	PASS
IV/16	22	exr:iv16-expand-14	513c2176ac16f265040cf5886345ad4fab3c76ce3a9453bd7a9b5f73b604019a	ec90244e111706a7bb8cc550e705995859c64dc3fb22ccb32eab8dbdf0856034	4e7e38b8273167756a4877d890829ed5a0a5757d39fd73492300adafce00e6dd	PASS
IV/16	23	exr:iv16-expand-15	7bbf98215fdf0610c8fb5f85fd2db027c4d0bb2fdd8d838816052807db34c5c2	90e35d82129a802b3423c5ad6ecc5f61e4f6bd1452c8fdedebb16d3f88410726	ff06d2ec5a514afaef1ef321cd2fe24cb0fdb872edfdb9240b5ca0c2ddc2e97a	PASS
IV/16	24	exr:iv16-expand-16	e68af44d6b0e0efd5612c798121c99fe6b75d06637c1a1c7ca60619451f50248	23229d5a2df20934babdb1b0b9362fb004f86b6a6dc2f059ca83dde2f7ac2e44	c8bc2a8fbbb01c1deb9172fb81bdb2e51c43804db5f91119b56b95e15d2fbdce	PASS
IV/17	1	exr:iv17-01	cdb1318a416d8b2fad0c0e0accae35f43b48dc4e174530f7ba0dba178007a1ad	2eece3d623e911acc99ad89b7105a8365b5e18c29064d069b33eda8c9ae40de9	3b6649163121efc116a8e5966a738cdc2efb788583998a69c11bf1562ff45261	PASS
IV/17	2	exr:iv17-02	9876ec8f4d5a36d9db65d31c6bd1ba6803187e92c94f79ca2448c61a0c8b8c32	74c79a6ebff5716106e576ad6ce6758aedbd16a88dcfbd436d0838ff19bae273	c0233ada069ecee245aa5ec669cd403c2dbc0c1d62251f020f3fdb5c3f08f9f1	PASS
IV/17	3	exr:iv17-03	caea765e3655567965ac448de239051356c444d55e84fc9e143edabaac9b19d6	ce491bcc3ef6d2dd97374991566e204f64d8fc7da95e34b7a9940c6b6e5e0a38	8f142c9b5af5ac17c51ac550272dea739eff9d6e1ad14e86fed012c91ac6a0ef	PASS
IV/17	4	exr:iv17-04	97759ff9326153ec80a0892aae2699a21a7949b66e16cc5ff10ef1cf16c3e123	6854d2c6cb6d8ccaf2bd4c5de01ff94f1519fbdd6da8077502ab7e306cb3f44e	ccdb7d5fd5a5a8fa9aaa5bb2b11b289a7b068ddbce9221856844ae510df3d0c0	PASS
IV/17	5	exr:iv17-05	5911339b1dfccf6898a78abd9f2f0e4057aafaa726851a79a2669ce03d7b568e	e86a0907e1ba89f126191dc4f1f2d1276c09f9b02ca087f650ebb8d47b814776	be253de5082e8b32362df65c26f375c0717ebcb8bcc141497388e6aadf1ca432	PASS
IV/17	6	exr:iv17-06	2c81c32f3b0ae1aa80fced6ec6b5f575eb7321e82f49e95e657e66db81d55020	865f876d851d374aaf2efc0801637417a4b3cd937addd493394ca4e39f487680	08dfeb619612caf81bc47a8cbc4acec3294d5e3a893abbfa9cfe4ec84f774da6	PASS
IV/17	7	exr:iv17-07	b38a6935b8e70449223f8bf3cce52d1fa9b8af7b98e93034134c0201d4807365	25fa9a827b9c8c9ed1b58f5c908313170dfbc56683625a36827b4c883a45c31a	e808786c81934caf830bec3b569339e29394366bad296d6756a7ce84da760d9e	PASS
IV/17	8	exr:iv17-08	1cd61600a611316ce6890d6ec2989fca88ea786285b6d3933e318d6928b87641	641ac48a58fd502b37b0d6647d18f635db178d07ee4467e15a4196ed2b290cca	614d59df55e868b7d30aef068505aa5880949bf3d8258b2eb75de1aac4f347e3	PASS
IV/17	9	exr:iv17-expand-01	9674a2e8efad7ad1009c77e6c838333986ea1358bf464daecceb32401fce4ce6	6a6e018cc5f494ff28019e4d3b3fa6461162926b27f368da20b65f969a6e56ef	e380ff8b5e0ca1abe732f0dfddd4f3ba4d0808c80d03c5b171e0efe3b95bbc7b	PASS
IV/17	10	exr:iv17-expand-02	77784bc82b59fe00af927a98871761c98d4b119ea90e1f1bfe70a2d67e6a351f	e07bee335102e68672c4de3ed92374c3b1cdcdf2419c21a1487ebe6b439e612e	01846cb95144e51acae8693f35723ef0b5066064b280203694bf7f94a2be298f	PASS
IV/17	11	exr:iv17-expand-03	3d0394ebf7ec801d1c5cf0e4eda4a0c38d3f055d717045a32aa1b3e5f04eb9a9	a6c888013f5b0b13c45891d4a48800b297cf631d61431a1b2db8023e97e27c6d	5346d61167e3e9525ec5d6c72e4e75e19127640959769ff1c110c70072b94be4	PASS
IV/17	12	exr:iv17-expand-04	e69789a6aec6876a4def6cd479e812a03af2c8f9ce8b1df4aa796c54e233e878	71d82075a07a8f2c8b1b06e51299a5827545074e5e6b8210d779798697bae32e	b1965ee8b47a0337c235984929512642f36bae39695190b08c6d6f87974bc342	PASS
IV/17	13	exr:iv17-expand-05	a8ffdead48abd35977b88ee3275ffa4336cc92933179f7a831657b2f596ec79e	f3e88a1e838288c1a44630a6025aca0b972d7cfe08a983e3bd28e4eb3181e5e8	a986600fde1de0d0d11607a44acf3a9d1532af78e238d9dbfd21b224988daba1	PASS
IV/17	14	exr:iv17-expand-06	dcfdbc7870f46e1d5a91afd9236462c955e2c9f40ffc3b44cc555289d2eb69d5	fda7848dcd057c16669756cbe92eb645ed2d5dc29245e6d65975646ac22795d6	256e4d6589f37317ffdc337096c67f35ea84bde78efb05990fcbd533fcd6de2d	PASS
IV/17	15	exr:iv17-expand-07	9b2e911df65d105fca21c7c1d031c24d523c710d83b13e60afcbcc1ba26273a7	3a6192ee88d9a7b58b23e5607ffd738352ce0662f735acb18d953acc62357258	c19a96eed2056795cba017336f317e6276e493f11ccfe1eeafc12544c4855e04	PASS
IV/17	16	exr:iv17-expand-08	2e67d60888be3d6d36dd9d77494115357094e6a465a0307a8bf94c1c4ec64af6	e99cfb102e7f3c7dcfc97e2de772289af0560e6ab167e669092b081005e54b91	aefe3528bb8984e4095d07cd5f28feca21e6f76247fe952178559bdc41e8390d	PASS
IV/17	17	exr:iv17-expand-09	f43171c56860ed5d6a44117503b6e2f41d80a5bae4e12ab852f3e67cfb7f120b	8148e7c0cd874afdb2e27c3942b27d635d9ae5a8a0823a17da20b3d1ea2421af	ab8a5027c4896f5cbcf3b2cca204bd450d0d6aa76a8b10b59e93e045adef2081	PASS
IV/17	18	exr:iv17-expand-10	e04249c4b1c9aee5e585e24a0eaf1d51b918a642a1fb663bfdde4346bb4aa74e	ef37b4ed5dffd0132363872673694ec79280785eabb12785ff2bb52d2eb20425	0964fabc8086ae5f702b0d2d1382b62943836c9e577ed5fe816fc2f9b780082f	PASS
IV/17	19	exr:iv17-expand-11	ad38bbf72debaf585671101fd0ff920716967f76eef497466786b91dac823041	2db343ba2b0f56bb395347d6daa7ab521d1b509f6a6a06227611ee3e83ca92e9	681b19982c94674843681b818afac133e5cd48bcc369be1dcba54cb32271edd4	PASS
IV/17	20	exr:iv17-expand-12	14e98a422950ac5e9d3fe3c64a9145a04ffdbd291d71c2c2999dd38cf6a01943	a7022df755bd0d09b158510ab9f03146a520d24a91bc4ec16707ac406889e4c1	8abbaaa6080f91a0dd74527a6b4f71fe65de3eb785275a400c0f3d3f821f1355	PASS
IV/17	21	exr:iv17-expand-13	6a1af78d285a4a39dddd4ea84bd36730f835f180e0a217e872d6b0715753a00b	1b1cf34527615eb1a940e54f90c9143922c7de6d9fa49bbf81d6e387c20e9e7c	b04033b486314b1f9d950f4b60de6c3cb0a47f5880812118618aeeee2baf1baa	PASS
IV/17	22	exr:iv17-expand-14	ce115ca58cb30efe179ba97fca2170fa827099a554cf91646968b64862aa3662	fff505e0e06f22cf1b252d1a1738305a393fba1b5bcb4719db2e75fc3bdd5723	fc195566bfbfdd0cd54fbdbdb40655153f2db98212d03aa3345d867d3da64532	PASS
IV/17	23	exr:iv17-expand-15	c93d7dc2174717ae0b66ec8d069a3d38ace2f59258702e45d64bde411da89e92	743f27ccde24bb3eaee4a60d98420f056ec596e1c26e79527b675caa08f8f805	1847e7a3415ee9a0d4ef1af1ed2587ac620a0d0e76cba09d2614cd2036e48ca2	PASS
IV/17	24	exr:iv17-expand-16	f495c35e06f02b5d0b4f34cb0437e9cd346eaede6fdbf765a5777799bacd0a4b	54e1bf6ea527b17ef77e3f793444d1bcc3e6eeb69a71e7ca933be1e9ac343a99	84fa080760b6fd0971bc808d619431cee8c58a801d420027b58184d69251fa6b	PASS
IV/18	1	exr:iv18-01	c498a0d35b272aa8085f916e99f85ad4358dc77fe8db15ca315427aa35f90a7d	49154e7b59cbba8625da928fb3dfbf2aaf9271a79950bad7c2829079dab8eae7	79044244e902062ad132e5d947b3f49f64ef24e3811488a929be4a94039195da	PASS
IV/18	2	exr:iv18-02	77c8e43b22c4a5e617a945c3a07c2bac6863514140d037219915f49d814891b5	caa9bff02fada23894933e23dea20a983606ddb7dceefb1968e341b6e7d25142	50deeb8b6b3f340909577182b3c74950529c63505c2eccc22c9d7b887e4d60dc	PASS
IV/18	3	exr:iv18-03	841019405483cea469c441aa14540c9d96a76649d560ae4bd70bf8fa08a790ed	cc185b4cc97c49e4c831733af69a58a540b03afd1eedf8397959f6d070744675	38c1acf4bef0fa70789fbaa820bcc460f74ee5fc73d498a82f99cad3b83de984	PASS
IV/18	4	exr:iv18-04	6fee2fa4b38cb9a9f53f2c6b31721226764b3bc609edbe4c571ec1b1371bd3a7	b02d039adf8de605ab7068e6a5e46bfde7334726ea2a27f3d2b9a72660a39b42	eb05c0cf6d0e4f6c5a09c3c2acd0947135e609240588f66b6ee49578e7ab3473	PASS
IV/18	5	exr:iv18-05	0dcf43fac79b5b5df229f43c67ee5d26fe9f7159004c29371d4c6d02f021e33c	5de1e878bac0b24f64474885fbf96982e0deb1c23fec3aca516c15d5aedc3385	3c4b64f7061223ea4acec89af9da2db9d5263146213d2d84a544072a3631c3fb	PASS
IV/18	6	exr:iv18-06	997605767c7f1f2b4bc7f5c3288043b00ec901da20b2c60625d4bdd8d7a6f76d	b11edf0f79612a9391cd599707473694a8eb6be64a839a20ead2a2bd1ed0e6d6	d161e013b42bb30931bd794922fe8de00194b235c2fdca6cd002208b3774cca0	PASS
IV/18	7	exr:iv18-07	d4260e3be39f443c98746146ee546bbce320f2624bfd05556d53bb5d6fd2c83f	76e0caf9a3a61245f03994916ab5be89c221230aad0066260a72067159a86291	aff426247586f5c914939049f3942de3b64ae2afc8b525efcc1c39dc19671e2c	PASS
IV/18	8	exr:iv18-08	b7901299b7ddde52fc17114f56f91175169bb54c6fcf76907f65167b563560d7	89484898075f23de49014565a849a062774644319592982aedd30593f12c5027	2b2b0972267d5a3622f003bc4883045b66523c37c6a797dc0e868ccbe0eb6dbd	PASS
IV/18	9	exr:iv18-expand-01	c64b25fd6579c08676f9a52ba911b81e4d135af637aa59f19fd9f4602516c4ec	f3ea1d68b4b7fa39f46318ab30f976e219d2e045387741b7ebd9eee428d8e82c	40d2a13f38f11222e776c52a094521aa38bd706f1683a448d709170e76476f17	PASS
IV/18	10	exr:iv18-expand-02	b70f7eccb57b826e23130065d2f575caac91965b263f70322c6649e15784f118	e5a28e048a8fced64b59758db64107b74dc86e24381043c8bdd5ebadc05ca86c	1aeb2d657e8d6b9e592a3c4418278be0480d67ff843416134dc60afa45290960	PASS
IV/18	11	exr:iv18-expand-03	e4164c64232c5cef1786e8559f4db850956cea259ae01f5fec25d26166fbae96	302204787040059c22fe8ea5594842397bc6bc7b0d3300b07a1f09f5f2033166	ed68db5732530dad208fe1c63aae3546fcd198c3fd1b7fa879c0e605b436e9cc	PASS
IV/18	12	exr:iv18-expand-04	45fcfd4e855867fb58b56715887c99e62e8d6c535ae8bdce9bdfadd5677004e0	2e8bec356a8ac01050aa1be94c9cb998756188c2970db96857a6077f46b9aa15	68077001b096305a147897b55d1cdbb9a448e5176b67ea471e4820bf19d46e76	PASS
IV/18	13	exr:iv18-expand-05	977b6c92cd078caa37f641b5d53749869d12003b16537ba7d17549149cf893da	dc27d38da72cb091c9053a76795f0c0755409302593d8f356358676e86a9f204	9baadf51fb02f52444925dad6a231797cc9e445808232ef7cf84ebb97d2de57a	PASS
IV/18	14	exr:iv18-expand-06	f4f5a982d0a1ef00c4c95ed5ef5cf6c68368a85d4450de353bea61dd68e82dcb	a9b9509e7a1295e35d4d1a071e95923b0298dd21c8a18cce8c7ac8695f1e028e	730b6045ea2340a7c8e12984a7369d22e4dbd3ad59eb9d302048e861af12632b	PASS
IV/18	15	exr:iv18-expand-07	054a6563692c4fc8455d4621d7db85cf960f413ea37fb74b3596994ae6802148	4f9e208f5a5366109834e90d4e36fea83026a1328f239c51a274165683ac120c	ed5fd8e5e1e45634b66eb5d59460e757eb19d8448ff52fda70b06c1ea66708b2	PASS
IV/18	16	exr:iv18-expand-08	7713ed1127096ab6103fe6d4425e6454cb520c7c5d2ff49e37fcbf5e292f4a10	9c9e8633a93d8770dc39f24f2d9278b97f78182e0c5df6d65cf085aadfad45eb	b1d70683af30e8bfc57b2cc06f361aeadf3f2d3b079eb0d1b85f279cbf17f7ea	PASS
IV/18	17	exr:iv18-expand-09	05347129a7dd096b95d3af9187798fe511ef5506f00cda03d1b18e9b732c908f	c8bba3e3315efab8e3222fc83666a952e05e63e20af5cd977978bf73430f9d28	00e237f5f5f86802f24001223c8789ff31e4c8eab4ed1ff4dc3ed02635137cab	PASS
IV/18	18	exr:iv18-expand-10	3e9c46012f768102fd78c33007378dd9fdfed7b327a7ac285863230431182ced	2f944ce2566e0d50c0254f94b2c7808e4b21766f7fa5f2787418f09035e67de5	2dc150c29ec4b040be66d1b5c3bbb29a0c6143b38c2b3eba14ab3ebaca6bfc7f	PASS
IV/18	19	exr:iv18-expand-11	5d013179f52e346e16bc747aae0a13c7fb275fe7614e126cf3d9e101e0b6d087	31ac300fe849dad85218ad5c9babc87fb91c4fd2f50253bca0152c4da3520bdb	61b95cfdfac504103c344bd36ac6dd0bae7fe966324ac8d8b685509ca1603ba6	PASS
IV/18	20	exr:iv18-expand-12	871bdc9ec8edf1197e50e9b57a694100fb15ec62bcf35431d9445626c7fdd404	d438d25e3d975fdcb585d9ebbd0565eba35b360800c235ff207ee800d03771fd	da14e3d75657cb050e21c16dc15de3bffe9950dfa115fb3fa1e728d2fa38f635	PASS
IV/18	21	exr:iv18-expand-13	e4bc880556a86ac4c4ed1b5344b0403884934ab1d9d6eefc4e8ead7f2f7eee66	fb6268ba7ec13197538074e577b60338ab133e70342a47e528fb10bd1076c4f8	24450942454b932a5cbf8e7abf88847773361b045a6b13d1711a0dea790324a0	PASS
IV/18	22	exr:iv18-expand-14	c18b00ec1755b7df2348f6e14b9e4de8ea77933a33c04110af7056fae27d92a6	835e85d917f168375321a7c91b06ca164d3ed8659a10d6acb39958f63249f03d	44d8dcad64d15f9bb25a41287d96b1d705c28f0507e823db80e6d2091a04613f	PASS
IV/18	23	exr:iv18-expand-15	99a8caa421b7204e9ff405d73af40de02ed9d379e8577e3282f912882f8b61ce	a423c020f498ce8ade56501d1213b9ed98dbaa207d9d5d00c796e2a6452aecba	7afdeeb9cc1a925968107c4be3f216078bfd091db386eb56f6abc77e16918c57	PASS
IV/18	24	exr:iv18-expand-16	5c457fbba75301e9f25a83b8d23d55a09df0c5d30487629335f8a0b5770f9a6e	a3e2fe27a940cf10e22842f18216e14b0c0dd08f0f1c79a55e69a6f80327ae8b	e496a1c1bbbfe723323009bee756776e5301780fa73687bef0993d95f14235f9	PASS
IV/19	1	exr:iv19-01	c68fb9258b28101f36b30ae41e21536fd3abea872854125292d9f5891e5e8735	36b7769f82d6f3884e062c48a9227385882e65a1a3ffdd0cc462f28ae567705b	24abfdfb01734a2e981e3a739a900064d6fb27174f2f0940bc5bcebd586764b8	PASS
IV/19	2	exr:iv19-02	b1ef0cfa742e01da86e0beaff691f963282840ae66c884565ec6fe2a89e0dba8	67190b44fde432d463e1e253e7c725aef5c8950b155bec4ec6da0ca273c0c1ad	59eaa98ed8f21d3f0d439d92433163136a66123fc123d71df8553ff3df81d404	PASS
IV/19	3	exr:iv19-03	79e63510e4bbc8d62050f2f0348510632344e552954687d9cb0b5328fdee4b00	efc902ad1a0dab66c1f44a39cee1bef6612f3809e4e282541a49344d26714158	05fa7674a8d26801cb1248c807c7b92b9609174548f1f870f68c8cf3b6d6a653	PASS
IV/19	4	exr:iv19-04	454cfb2d37c64ded18890394e12dab25acc996e8c5ed42cb4be4b559a9fdecd7	054b9f0c871cf5b5ee9f063205a4694b9d3e50aeca541061164677e744d382e9	a4fead2cd064e7d506186b3d03fe15cec86f879d1df69728e32aead9a2e7d143	PASS
IV/19	5	exr:iv19-05	75042f744a674d6da238de1b2feb0ad689ce44a618ec4441a733cdd4d1bcbb67	c76d138e4360666eae790953d7ed004949b330a8d1eae427ac7215b7fb592c32	ce468ff7c6eedf099e54722ce2feff14fdbf0e984dfa14d613a15d929647d0e6	PASS
IV/19	6	exr:iv19-06	8417040a3317ef437d44adee4a4c80df09c467dc7d23d76b3a2adc61458a5f0c	60821fad21cda1b98d06eb8feb9b46f7b43827611a7517a608377ed9c7c56eb7	cab16572e7d742c981f454d559ec21d3006facbd9b1364c248b898e36682ce52	PASS
IV/19	7	exr:iv19-07	bb78b67dcd0e3df450f3af5f43a85225c0d7b551daf7a3a9f82d0caaf2f48883	9e25ac2389083b536e0fb955144e6e8f23dfa9fcefc63318c1615ed54443decc	15d6a8d56a939ac57e6351109bca3bf74718c81b9ee21462d1e8f36c758c583e	PASS
IV/19	8	exr:iv19-08	0846e3dea65b6281d24764ebd9001b109434c35a80ed595b6f003ee58132dcd4	755fc0bba0815997d5850bdd8bba149fcf57d42ecccf690a8b44df30ca26201d	04f95f7d27ad7d7917b131555fb752c012b64760ebd29832e102733a18df1112	PASS
IV/19	9	exr:iv19-expand-01	dcaf39d7be859b44902a36e2d7f010a20f4db6f9cab2513bd9558057d7d40a67	52e7f17530689b2ec04a5dd26ef2ad7b1067ccde1bdd78e82a4355d9c0b97e50	71f96d05dc9e0e6de05d0dd009e3eb405643b0a88390cd2309d8a415b485ebd1	PASS
IV/19	10	exr:iv19-expand-02	8ca11f9c28d78f8e4fcd503912b0bd9352142a01c97aeddfcbc62db84ec67ae1	8b44057cd8b78950fce63682b80186fb007a4a673a47004fdeb5cdc93e121901	af0ce5271a2fe356d4a547262d885460c44721f0c12a3aad7d30065d73d05d03	PASS
IV/19	11	exr:iv19-expand-03	78e82a302688e139c12f5ca29b5ca299b899117df0ae022280e41e01684f4b14	df07f8692f73b7708fa558cbb794bba3fd5c4d9a1cd7a77708f7445adc58f5f0	15033b604a3dac63355925a35a4be3041e3b9185388b421b16acfb4c4f975196	PASS
IV/19	12	exr:iv19-expand-04	7486697d5f189cfe47f3da15169f70b1143dffeb883dc4148f0bcdbc094516b6	1326bc8e426a17721c86ced7d386b266d51205eb2887aeb5eb62caac9d2f1cb8	419b3342092e6de9f853919d7635721c9e7a310395ae0a1b5044ae517a87a323	PASS
IV/19	13	exr:iv19-expand-05	27a6ec904224f7df4cd69175fdb6d5ae041be83308ad9115f189cda2f9d8a80f	8d9814da9642396f7b953e98a6ddb7dca1e01f5f909adec07247595203e0e3b2	78f7e78dd3baaa50a24a795759cb58c7121a380de644f709638c81f1dae68583	PASS
IV/19	14	exr:iv19-expand-06	d3579a3ddb3fd3b6215561985c590d1e51f5461e7bf6838d6df87b578eaf710d	b911e0b1629ec202d1986da220fdc0cc84ae4aaeee991a0817ff51d08c2fcb6a	d3b3a8b4ee8e15e40542f594e899cbf0e23f32f96f0d1f7b564f70f99c2a8cd7	PASS
IV/19	15	exr:iv19-expand-07	af0e6cdf1d403248526f7d57952980044bc8b7d18e9bb7c8eeeff9c1f758f8e7	87d5770d13c22b0392ad347a4e9ae9399b87fc14e26feff1eed1f3d2e001f14d	7fc20aa557a684f0f2aec5da1137e9576af67bbd8eaccd0aa3ed4ba5bedf548b	PASS
IV/19	16	exr:iv19-expand-08	4f38686d6ec707b8bf89a083cfe8aba5134fc09188ac71e33e1a5dee9ab74ffe	70e455f2ee0f536b1d9b54e2f9c33e9c6cc63cf0c5bcc826f5a87aa544bc876c	781300006a820e53c592955e59dcd00070ea678a08e1602e3c32fdbc903c4269	PASS
IV/19	17	exr:iv19-expand-09	ad7b08e9ad8f38ce84289bbbe6b9389db0cef18524f9c0e3557edca1372bd014	86e3d0e3758d5a6112a4241f253ace4201dd5f694a922bca499a84d290a771d5	f003d3c65befd193603216fb97692712b3e84c0d7c02e538911ecbbb1384d3eb	PASS
IV/19	18	exr:iv19-expand-10	20592c19131d10bf4962186926cf3031b6b633bcee2e4b4bdc31ab4b91e7d240	7263326a4a5ceeb3de4cab07ae60a2e8e6e179aa81753e5186e4491f35cd1cc2	aa99cbe8737374221f183291af7e89147c2ee8566c489b3b1481415cf06c4986	PASS
IV/19	19	exr:iv19-expand-11	80a27916e8cfa7ffe87ce548eaf038da988a763aed0c11a36cb024981870c2b6	97277fd5d9545c98cf12570a9d9e7f26ee7789919d44206adb0f4161a758c64b	52a63e3a379a7884e91a5a30e03541653e0de8297da9dd1aa2dacaf02827c81c	PASS
IV/19	20	exr:iv19-expand-12	214cb9979b06a284260854f5c7489ba417594e1c02c2a7fe9e49f35cdaf49a15	a1edcd76f0cc20d71ede3225fcf56beb21b56018da99c997ebdc90a06006560a	a4f6b9c0cb26a048561356125fe7142bcfbded0b6205e5e1dec2e1af45cb9f0c	PASS
IV/19	21	exr:iv19-expand-13	65cfb141ce9075703661fc78bcfcade3143f23fabd03bf7a4e02b4c0141b3c41	3ed032cb3cf8feb6e3264456d2b9e5733be1e3c96c186a4ded7720205ada8af1	a022bb47d07e742be6953d198e77fd64f958f2902a41e024d9ae9d1af518407c	PASS
IV/19	22	exr:iv19-expand-14	84fbecc6ea8ddb636087dd5bf6b304fca7c6229224807210148bd34e48d974c6	28e1f53bb940f9a258108e2f1039df1be872f3a91ceb60b37a7eb08d107902c2	0718200dec80e06c91e45f5074c6984055c3ea29b7bacfd051de30ab75382eef	PASS
IV/19	23	exr:iv19-expand-15	2b4d57c046508f37b2fcc2890d1a59c8422c3de78aec0b9d945b6a741ee41f0c	cb61b7e92bedd5c5ccf31e5779a40bbf87a55e89539a3ad72679aa1a7b7c0217	2935b312ca75dc273e5e22285632e2e7dd22acb978808a523237b8b3918c558d	PASS
IV/19	24	exr:iv19-expand-16	da4b85d4b099a6c4e390c254d7d041c5bae11240ea9e9871a19b29bea461f8f0	1051543d480a6a8ad93e2ad6a3489645c2f7bd2dccb0a9d0d8af084c58d2eac2	5b1c241f6666dfb75ae44dbe544cea200bdc9b3880902415fe17e106c592542a	PASS
IV/20	1	exr:iv20-01	f9c85dbe037d49fa9d92e04a5083a8871f981c9c9669c10c958edd1442a16e94	dae150baa9e379493e8b771c9e40c4830346378de7d91b4264b302215fc40452	af6da1bf150b72ef2787288763cddc01c0b7e362d14a86f110628736b138a812	PASS
IV/20	2	exr:iv20-02	17b6c556a47a325df90339b7752071274b2a4d3e3162cbb78af13a5f5df8aa2a	8c3f6e16992b48ae72386ebfc936a4106f9995ee02d357bb6725cc8558986232	54a0db2e2f19e6ef148b7f49a6dc4122c4e33b3bc99bb3ddb7e6ddc862c9ee25	PASS
IV/20	3	exr:iv20-03	e88257a93b2d0570a6509c746777ecc2e34712dc3739384585202ad299c2338c	285c45f554e7f59f337dc2e07318b5ed60712be36e5f8cd3f4000c07d8006e9b	90f52e384c239a269385c8dc874970375f5c134f322c96b208d01ee314cd4797	PASS
IV/20	4	exr:iv20-04	5ecf86acd912db28728dee313a2d73843c59d37a62cd76710d6dbca245ddc677	0f939e1528045534f58c3c1d52c05c3f6df5ee8caa3be5963558e76e1f5b7c12	e0f94c4b0493b892dae715ae110c69285a729e0754fbf9bc36e5aee3aa68114b	PASS
IV/20	5	exr:iv20-05	078fc928ea21a7c6f0db48de67e2ec9f942fa90cd6a3b9d1d2560d7db4e6406d	9ced62add247b595446c53831743649b3bc7ad86d09d13698cf1ed35dc7e249e	4fd17033b5592024d0b78032759df1d64c670e4ea7937334ff797e116834da14	PASS
IV/20	6	exr:iv20-06	2b3a830978a864aaaad64d5f3c72a25b786a2427c455130bc78acd5dc7b2cdcd	18241e8e9c07aba96339f653486c3f38b2ebb45b3f3fd601a16630f3479a45ad	c32c2688d876dd4a1f2c8afe1c99e978302a563561556646c88df82930967b6c	PASS
IV/20	7	exr:iv20-07	230e4d9a0ff894823ed2cebfd334442c6e7e08e250831ed961aead17f4a0a863	52100d15554305ca25430023932b12b61984ba5a4bf5c9c5ec2504d949a85bd3	4698f6e1367d822b2ac1ea5abe1cb014246475dcddf56c23cc6e2974ceca6d7e	PASS
IV/20	8	exr:iv20-08	ae785e8a37c68bc496c1c0bf22b95c04c67fa9814b0d564c993be35772d81236	9fc784faf18633e51883c50b005d4dd04a2832e0b4fe321da75d340b8c9c82f5	9318ee58a04cffa90670a7b64243128b2ae205667a3f28739e6aa148d29e0e45	PASS
IV/20	9	exr:iv20-expand-01	749848e5c68b247e60971b3aa0f2d29e3ac740cdddbbdb7cfdd1aae617b725f1	0a2ec4d7d9940d6b5f10c65daca22c3779a6bfbce6ebb1e2375d293cba742d00	48901e8820ae968d79d41fcf2b2a0ab5aecfc02f61ab120dc9e4f6ff030f4e10	PASS
IV/20	10	exr:iv20-expand-02	ff8483e2189ae2488bdf93d89894c1fdff31220f88aaac8cb693e778a34ffb25	f3da184831c16c942a79cbac2c46531f0c2143198ef73b92df809c64afc3ba02	8bf2268c3bac0c9ef600e90d85eaea36dc52e0b35c30b20677f9574a459b1d22	PASS
IV/20	11	exr:iv20-expand-03	716b8b7af29c34be2ad941d30ec1a0d732f1248ff53bd79a0c3af3489eeae8d7	29a6f9d209717649e99d19aea64fe725c068d0b570b9b58c1ada3af1e40f6e76	01ce32c04cb5986652df3e521ea5ef62a09cc7b828ac034f8e39007f578e2b6d	PASS
IV/20	12	exr:iv20-expand-04	836597328bcb34e4ffc155c2d514e978dc8e7ed73f7c095b23de5969a038cae2	c2f53d509991c31a0529614e2d06c5fe7730b614107419025601e182a5ec8304	8b54bb0b848de130f9b8d51bf1b0c9557ed2db196cd1c73fa3aee1f2bb4d5e8e	PASS
IV/20	13	exr:iv20-expand-05	3f87115243bdd18f9b1341ffa3d95c78e7fd70f55fa8863568c4826e86c7c181	409f4109966a93bd6e8a30124d465b34a51f01808be40906be5be8d85230432d	3c54c13ddb25e2995fdeae6e7d489511a2784b0a5a511e0d65dc348c0e7c1b42	PASS
IV/20	14	exr:iv20-expand-06	25c1b9d1eac75106ddfa70ac2de8ebff2e14486ed5dfa94edc86216136a2d90e	823296260bc0e8bc8518d7d9e65d06ce5645cb2a876a816b4235795a6c755435	8b7c6a688d50ee3e744d361d2fe67dffd320cf0379827b382e3aef16d0640eae	PASS
IV/20	15	exr:iv20-expand-07	3ac73c1e746157b16eb6cbcffec0d64561f8f94b527f9897ffe9a9a7b9c89051	a063bb5cf87d0513402defd62f092856f1263eba980af6e1d4a9cea177ae3eb8	a30659c469aedb4069026552aebc8b0a0a437acf7b1573519477c2a2f793e404	PASS
IV/20	16	exr:iv20-expand-08	8b53042fa08a655bad745fb8e052af922c9a63825a0e09b1dc08500bec3762ea	72b716247bded19dce54369674d90ea670163f3aa62b6a1a12b18333839824c1	303a47ddc004a79389da09d5ccd85a16e65f699144cf0c10c3308512decd4475	PASS
IV/20	17	exr:iv20-expand-09	e09efcba7208b5c21592433451240807039c4844648db2c33b2c2e55cd7de1fe	13bb909d99f321f9aaf4a80e52462cb6a40ad7646df0eff1fe5a76c76fbb3bb7	17ec4a48fc8bf9596a8c5fe5e68883a64c479c6793918cd1f4f4d3a91325ef4d	PASS
IV/20	18	exr:iv20-expand-10	528f78b166166801f156493004dcc2194e2f51528b5dc4a31d105040b0d6b099	27d9ffa21efc7a987de62f9ef7e1eafb0b1e67474acc3d81c46646aa4ce3cf39	d0bf2169767c9225ec2936067a9ca8a15ca99ec51645af0563afc84f00928452	PASS
IV/20	19	exr:iv20-expand-11	92488e6340a6d7ab4f22032998f5dc119c8265d7eec82b003ecaf984fc7d918c	ed01313099e0052ac5f6fe48fca2923f567d1bbb30789f8178b618802e3b1246	ee78091b2faa4515c30a92fbd20c4e2c1fb3d46fc2f198060f77a0382c80281f	PASS
IV/20	20	exr:iv20-expand-12	9f52df447ac07588844dd9d4e79ad8c3989d2882e12655667af6a2053d26022e	98a79bc5e6e6b043abb515a6072fde8b6710da34fd36fbdcb2979010edfe5f03	103eb40c77ce7ded83395266b89032337f7dc962baee562a47586d6f4963a9b0	PASS
IV/20	21	exr:iv20-expand-13	4a135509c773c036f50d2d740d5c756048c52fc6b9405cc61f0b7bea929a3883	9201601e2b42d186467588edc7d8abffb1f4966dbfad770d71fd32729db3f264	e1562f633e89c2010ba2725879e3754083db207c3d38c679caa4f373dc74eb03	PASS
IV/20	22	exr:iv20-expand-14	511d6c33dd66f90b6d5c053feedb3c187ac5443cd894b0b72fecb3fa5715e63b	0b86ce9e1c62d105be521d60dcc0b2f34b513dd03840b417c27a322c0c1e6c60	bcdc46579d541023cd13085e23ea95ce13f56fcfb509461b52b2d187bb7111db	PASS
IV/20	23	exr:iv20-expand-15	f2dfa354b7d10f87df3ca3142224586080ec00c1cdb69a10aa44f570820de896	a28dbe05762f9b88921841a411fc74b45a6144720978002427e1f72faa481d32	22b3bc736f259bbe868cd0bc8beabebc21c8828b252cf8b07a808aca3d8f53c2	PASS
IV/20	24	exr:iv20-expand-16	1b3b4b6c886b65bffe2c157863dfebe1fe76bef5abbcab7af914acf03335851b	afab3db7a8dd59c6af1cd688121d056c60aa03e978d8827eb874e1fcf8feb3ac	e8d65d46e89be0464f7b666e478f84e3e234684eebb9c255c9aa8ef1c6ac705c	PASS
IV/21	1	exr:iv21-01	964f4327ec32e80f8e38c927044fb638eb0a1a2362442a55b08f44a5bcb6431d	824ccaaba146bfb3c9ee5cf81a52dc4c69dfb6d864f79090a05863ffe6cf760c	cfbab0578316533a557564a153cf4d3bef08bbba18e7b86abd45c17e424dc9d1	PASS
IV/21	2	exr:iv21-02	ae8c77db8ce1e034dc15f6fb7db4ed5664dc06b5d656a66a314f93adeaeee912	a091bc381368e2d11c58f5d49ede0802c4e2cfa922542460f8e94b2edc77330c	d5d3bda4b4a188321a0c61f9eacdc3391c88f4231771c9da4e2974ab805682e9	PASS
IV/21	3	exr:iv21-03	242f60b742603a311c43c73055d89474d333008758fa81ce9bfd726d78093e93	2fff218d69319682e5c7f66e9bf5b2b7c92b07f144f03ab764953311ee889052	fcc7ec01b5c5abe4b0575ed4fa1fcc9ebf74a133f97f09154727d2db3701dff2	PASS
IV/21	4	exr:iv21-04	644d3efd1253308fdd2c3d088e725f3bc0d03186bd2dd5216668ad41bcfe4d4a	c84f877242c70fdac97f4dd0d1922b3e571faf08d136b03e69bd91e45dac3622	f23d109b62e00ca6b5150f01c486ca27114ed30635782a00ee3efd69262af30e	PASS
IV/21	5	exr:iv21-05	f6190934995d9007707c9f738f888cb8323dd70d6b574e61f995f9cd19120652	85275aea859eb6998b6dfdd0ad524d3f9fadba3d226cbc73c0cc91b74fe9627d	b517bc026f22b769a52081142c400d2dca56f4954b8ad1e2f85b5d1532b8cfd5	PASS
IV/21	6	exr:iv21-06	035c1c37b3ad2c226725f43a3736a228583b18531a2e1b2e882e478e48de08b8	8b85bd9d36a2f66d8d9c01edece71fb874432854ed6c97b0cc918a2cba140a66	cee3bf907060b2e65c765249f9d600a732c67a62a0116fee7a599562e74cec2a	PASS
IV/21	7	exr:iv21-07	eafc2346ceacc4223086c5fedc2042d5227bfece512e5dfa16b9d524626ed7f7	7dd85321a9dd94c64aef77a2716945c541f21c1351df75c773fc212e9058dd75	6740ed8eca5cdd0a7f671acb57dfd6600cd883031351651cc6ba3fc4c9a2929e	PASS
IV/21	8	exr:iv21-08	75ed685822ef71afd78ecdfa48d4e0b76ce926622e7e88d0c12c18ebb72a4ffb	814f64f3664f357855f40aeda43715bb889fdf2b89b426d538e7b303fd80adae	10fc89744d8ef6c464047ee52938d234df661a265a283def448eae15808bc59f	PASS
IV/21	9	exr:iv21-expand-01	7eef4b22d3cf2c5920ac4f8482632c1d796c5eea7ab2451663c78f2553dc01e2	532f837a44834234ef13748fa59d2a827ceeca47ea84be959e44f73cbbf3029e	65d44f11aa1da0498a16b7b70112d50cfb1dbfec570a2b5956db4077625b9de2	PASS
IV/21	10	exr:iv21-expand-02	a172c3ca91ac4e3c16593a0a8e802da778cf9107bfb10d7431795bfe03fb6bef	ac42e833baf09f0a1facb98b2201fcef74478869cf788f56c05025b6c47fe6f4	1db14cbcc1956e4f53674523370063f1420c5d21e76ec6eb477a21ecb0ae3caa	PASS
IV/21	11	exr:iv21-expand-03	ba0c92f15d6a5af8a1df798b98f2acfe3e691c04b22713e39e33165c8c5d48ae	92de4650fdf6352baca495d099fa53da7d2fe407ac7727f046de0f3f70406062	5cc5bdbc135252de47423ba95ee72242e6fdc4e03e74815097422e2424b7bf3e	PASS
IV/21	12	exr:iv21-expand-04	e860e0b64842c444533451e9e898f4f1714a9b1bc34287dfe05a07916c09ce39	dd9cbfbec53c505c13e88338fa9dd9b898e592e40607746c807f3630916116ad	ea0e61f03f2aebaf4d162a0c007085334591b64a4afd86286c74802072c0f1d2	PASS
IV/21	13	exr:iv21-expand-05	947124b0633909b3466c10955ff1be465cd1a5e9ca66580ded251acc534e7457	abda72dcb3e5bb887b5b1eed5b48bcfe99490197b21f1df1971982cccbd3cffd	6da2bb61d1b0b036c323d60106882f99b3c9424b26f83e7acf52b050ebfbeb81	PASS
IV/21	14	exr:iv21-expand-06	45e1a886f22b8910505d5787bf4260d7822fbfd3e37df15bd2de685919a3e198	93bb5cae1b123d7aff23a7e162d9aba2422d7d2905c5185f9964c2b86e6ca4e9	2c5067483f5c812024748134888f21b7c39f411b9f8479ceb2c8f3687a311bef	PASS
IV/21	15	exr:iv21-expand-07	a960301ee67527c75e3b1a3781b25d74fab5a4cf6c5fd0e6ef97f21687052f43	2632604652d28567da7e22404852522c1becc960fbb33e55c9ad5efa4c35b9ce	0d295be8600c72926d7fe5152dc5e29aeb5fc18ee2c753e2f8badd10ffcb9151	PASS
IV/21	16	exr:iv21-expand-08	834f00f46ad002bf321b8225986e6187b41d962b3af3f2dab5e6db4f0d7fef84	ae95e0442b19cdb66423994205505e358b4d90f55892ba4a7f3428013f0a7c8e	ee7655d9e20e379fc62764b20f8bcdb998778a8271dd9cd0dce118e356309cc5	PASS
IV/21	17	exr:iv21-expand-09	f60e400ecfb1cca5177a0b50aea861a2bd45ba98b892f627ac5a0c4e96558b51	41770124ef9bad30f6c427d7df3f47e7625bc2f3912f484dd45c6b7b0b839464	eefb1568eae59c7b7529d0f8080326a0a0bbbafd46f6e7569de9aa984ebf83e5	PASS
IV/21	18	exr:iv21-expand-10	f138efb55310d3731d90f48f5213c8f092e7b28d94aa08f0ff123a440d3e1fb9	0c76610a07d61132df9c38de69e4ef6dcd4978411fe0ce003611d0983cedf894	753a1e4c1272428db957244e0554395d9c02b0fd36fd8ae8d4a3e5b585cc4f2a	PASS
IV/21	19	exr:iv21-expand-11	82fb430654785ede7c93aad7ebf8eac3873129b43e9a3eaddb1aac744438d8ec	56904c545eb0e86ea1a7445b745211185511a48e71cb073085266a9177a91d7c	6eb4ac110cbf81ed2d8323ff4344600dab741f60e300bb41cd6efc4a39a968cb	PASS
IV/21	20	exr:iv21-expand-12	7e5e765dd5ec8f3736f73f5b5a40cd1bc8ae58f5b8220e29697d3ecd2f5ca65f	32bc7c8bb035682b10b73aae1f268f85e1b5b6764280ce33e666a0fdbfde9f82	0e673e17d2dbcad586b87bdbddaf0df8c9f2cb01a559735a55755737b2afa01e	PASS
IV/21	21	exr:iv21-expand-13	2aa477064e568641087e5485d2ca7ad7a5277b462916c34265abba479037cf9f	e70d7a761f1fe5a2b0062b480c33aebdad16d6101434360b9889c557afe9d333	fc3dfd39930693feee9b683aac39b13f4590a23ddb2059758038079113dace84	PASS
IV/21	22	exr:iv21-expand-14	f3a59bbdc0a8555b2caf21863a435cfc269626be24ba9a8d40afaa3832ba929e	795bd3984258159541dd2625bd8178c6fbbbb156d13d45a189072bd513fa16ae	89581095e27cfc73960ddf9c01522c8a562e3206052ad2da140037bea17a8330	PASS
IV/21	23	exr:iv21-expand-15	27dea39c768e2fa152fb0bca1adaaebe6cad6beee5ea11d5de9b9e7832332eb2	65e8c1b4afa2b28894bd7914f65de99a55d8bc6f8380b5022eb26915cb65632a	ce68c7a4b5e0cbece458740b8545a75a3715143b55893f200191b6171bb19d9f	PASS
IV/21	24	exr:iv21-expand-16	c03d3dcd7b6b038621392e9007c0ad985877a5616f30197c0934694237af655b	a540dae7b37cb81024c67246a7ab7045bb5e443f6f3335964b65d1a3a2cd3346	8a045824cc680c8c57e63ee3e19eebb3b60a992b1e23dcf7843aa7d0380f959a	PASS
IV/22	1	exr:iv22-01	217b9ac1557d6140cad513c814e43a9ea9e457ee7cd6c44b533dfa011fc9eb4f	132ea506efee6a330f3dabf07ed64a8faf1a9d62d4428275e64756eb8cff2c4f	a32f76f555c8c95c417ed37a2f57ad301d6a43557c155b73ef51cc2fde970367	PASS
IV/22	2	exr:iv22-02	168a6bc410c409257dec8d406d14759d57a1b80ce3381c163f5606a99167d3fd	d3ca79b836331f507147db046cd830ac4d588bbbb0bc83d192b251395caf2030	9cc57a721f3df4ce0f3809ef6bf79a27756bb272e817b50a3e0dee4456c97756	PASS
IV/22	3	exr:iv22-03	5936eb7943c9898365867ae630ce167445bb7e85c277090a5df1f27983705121	280dad2df32837acb6d1f6225b5bd7a7cfff5e7ebf4e977ec2a76eb5fe49fa6f	330b6b3f74da52bb22940e2d0721985402ce3b7c0e36b9c80d9bc017c2e944be	PASS
IV/22	4	exr:iv22-04	61506021864e54f8582e3cf8c60f5b066dfb7169945204ea67eeeffc06c136f0	8204a10d9b7209a965c9edcdcf2baf151b5980d4ec47d50d88f396c1779629e8	01ce759024129ef211e1083337672abb464530c8b691219449b1a1fae17483ef	PASS
IV/22	5	exr:iv22-05	34b313583eaa1782a589aa3649824013040be4c2f1e7bce230af8efe5241db49	0a80f59e15a80438eb0f8b9909541b3d459c0ff478e5d4c6bf378f7fe1f2df97	8f3fd20e7af0a19b9f83dd25f53242492a50602d60dc10faab6760364a118fdc	PASS
IV/22	6	exr:iv22-06	1ce0a0635a2a0f17cbf16b99abe28027ef38dc9eb68d5a80535645a9360e40aa	84da1b2621cde37c5429ac4a5db63b9443b0b8af1799256b3a2dfd71cf23bf91	8a3c492369e664cfd2ecdaedcba6c45c17416c1e664d817e8d32f70747e27942	PASS
IV/22	7	exr:iv22-07	1d71cfa91e5194d46f973774864658880ff54f900e2560a6f82c54b9d8935d49	c5ce3dbcfd88abeb3f743c584a5c7a486a42999bfd6975087def57499c74105d	daceb842f4a246cb458a5fdd222d3e21c13cef1315bf6a5c8bf032a2fea57451	PASS
IV/22	8	exr:iv22-08	8d5112048d37c84b46da3e7f949acbe0edca465c6c39a90bff54e2e02f47e37c	d034cb3ad8ba1a94e171a59e67b10e389fd728afdee08e819c58c8a1dc978a33	76a28991680999be8f6c76a2e4da91526d56a6cc33ebc58fb0c1f07e1c8d5009	PASS
IV/22	9	exr:iv22-expand-01	b6bd90eeaa01d222f9f7da010431fbdcabc6a72dc3068a336a12c4cd275cf7f1	78fa571466590d6d1c844263fb0ee0dac678687cd5d96cd28744c9edef21198d	501670b04f8e1573eaf81882787564f0eeaaaee8ea795bd7954a14c01b990188	PASS
IV/22	10	exr:iv22-expand-02	c6c70f5b8864d9a6588fc5c6c0fb1a758847aa373ad5e7f91ec19a71caf3db19	0cbadc3f6e91229037d497bd2c04d07dbdf66d9c5cbaeeb65997fcbdf67acd64	3b3c8e4c87315e929be507b595978e57e6ca9ad96a8f14b8e9c99cbe52464bac	PASS
IV/22	11	exr:iv22-expand-03	dd88bb890c05d298593dfbde31bf7d6ac46414868e548ef3c630f0840bf29a9c	a91ee25f4ce62e3e1ca9e2316b4ac8423a5b75dad639c96dcc47fcecbf1a5b66	c732429f2ef4029efb763ce1089c07f7a98f31e1bcd7ed499ed3befc9b831449	PASS
IV/22	12	exr:iv22-expand-04	48f0624c05378e6b49177e4f3fd351ad788513a5669ca96ac25766eaf9230e10	8c1401742d9346a0ecc5b600813ac162f6efcb4f009b7dbebef7e52a5421ed87	fd99684a5a53e8c67ba9984762480dbf8c937e78643373caa7461c3883dace54	PASS
IV/22	13	exr:iv22-expand-05	d856ee8e81aa9e029ba87027267fef518291608f4c5bb69b3e61e7240a0f6905	06ed72cf1900d2ec7652a268cf27bf69086d1295994b357cbb45b5849d15b2f4	65cdaac4b239da5bf5d918aab4795d6e7cce0be7acbe5159be9f66c91a1471df	PASS
IV/22	14	exr:iv22-expand-06	6efbd1d97ebea2ee54e63eb3f355d5f4f2155031f7df8c4397d4ff8b9a7520ae	4247aae921a5f3179271472ba2bfb981cc9c5f9effb0aaac5ad14edb64bec0ae	270e869a87b94579a3cd4e7abacfaa215f18db28de63ba28df5727e2e5311492	PASS
IV/22	15	exr:iv22-expand-07	b9c863d46ab858cc56f73eccf1df7877955a0c723a6e95efbe3daed893b88853	9fcc0aa3d94d7f8696dd3c1e4f5e16c97c2c53cf42c1cb9f7ed51171e6ab6a9e	ed3ef1030fda6314c2bb6992a6e563032d02d6fb32cee41c8b584e2f693062cc	PASS
IV/22	16	exr:iv22-expand-08	0bfe52575195c355a76d956a42bab71643f95e0b41c0a091dc47aaa4217ca34f	eb79a30add15847be371193bf25e8f04fcae74de0d01a8e10e7b3a9819b60002	b00bbc46e0bd842c5fe6888940974c815dfc0dad1d5d8a2cb01a975de6ca368f	PASS
IV/22	17	exr:iv22-expand-09	1dbd8cdfdcab07aaa98cb28c5fd394961670524da09ceee0ad85c57717df873d	ad61d03fd535b3f20f3fb52fab7225fd09f6769de955cf6b93419fbbb9ff6a3e	9f151844adf1e9d8e6f00836046d375cf1935165e528402869382438b0603af1	PASS
IV/22	18	exr:iv22-expand-10	d7461419d46b038c21470ed23815b0d4fbdb5c3fbfb6224f250fd4f82b2f1b7c	92aaecdd68d6a68ba46895c8e97fba24ca92f0623d212c8548c226425d63dab6	edba760e92e4b41d9ede5e0b3246e288c7ed61e6d341bdf5c93f5997ea9ce7fa	PASS
IV/22	19	exr:iv22-expand-11	7081e1b6aac8bf379cfc5becd1cc19fd63e5f3489aebd352dd0131311354da09	96298ae32a94a90fb7c1e744ae1320968f7341b025362604b8fcd0a651e25c43	6f9ae0cf7d07e63746db6556ffa91e7a1c6557d4bb2339def33e5012c56a112f	PASS
IV/22	20	exr:iv22-expand-12	a59a5b2f76fee0a3ac8e106ac6da806ef95d455ab6624466674a252c0ed85aa1	ff47681e8079059d903ef403ed5a95252390f3e654f74413c59fa4e0ece2f044	0f8d2711e04d02c149cef80118b5a0e561828f197ec5012afad77da37143ab10	PASS
IV/22	21	exr:iv22-expand-13	fbb130581c1f9c2d95f3a625761fac030767635af1bad33b71231e2e34970074	7a5f60352ba759d78207602eedc7c2df382d44860d2790e687c4e2e34838fa86	ae346e311b57798985a399187464bdb3977dc22282d213f94e59c8ef22ea98a5	PASS
IV/22	22	exr:iv22-expand-14	4cd06b59b491ca193109e3c706e596e289a002188d1e7e1522541211709513ea	35f04680be2044e6cd3b51e3b340dad73f9040043a173c51c5814a971afacd72	7d8c153ea4ef68d2ab39252b7a5f0c768d7d80be79233cf5d97f825c765f5400	PASS
IV/22	23	exr:iv22-expand-15	2a72cd53a2eabda3be8f01030c193298d7b7dd0f236ecf9c829859368ee10883	af9575b06d89a88644fad2932c5efc6a4ca9e87f6b489a70a7dad9dd4792751d	36ccc8622f13f8499ddceb87ea8f961e3415c9725cd57e0d36376ce33a90f72d	PASS
IV/22	24	exr:iv22-expand-16	53f4dfc38742e54082e6a0e8dec1dec9ed952bc3929ea2975cbcf1cb6775e610	f9d1e3c963f2785c32008872b655410ab2f1391e116c2d7511b528c3fdbddc2d	30d2229b8fd1a4d933e53b073a531df1d7e73c0937ac5e5edb903a26822fde41	PASS
IV/23	1	exr:iv23-01	ddd79f315c1214e9a2099c1ea364be1d6e11ae648e465a9a127416a7a26cdbeb	edce1719aade008d764d0dfa69a0e10f6449d26b9443392c9479ea3c87039da7	1ec27dd3753b8f6fd55b73241e7dd3c9afde593acea1d9e04220f2720229d90f	PASS
IV/23	2	exr:iv23-02	454a56f7b062df40f61c41c9e78e343da5feb29f4f3476287aaee20ee8f4f4da	07132ca3e7ff05dfc8df6bc601efbee083cc0c71e0d1551973b6e7306f0c064e	0b6cb98abc2ea32608e6fc3f665d98717cb1ad0b5e28ce8ed19d36cb5ac9ae6c	PASS
IV/23	3	exr:iv23-03	e5579812ee708b1f4f290b3a98285a406fef10a00e27a8f1a08ad88bcdc8015c	485bbffb07b19c7eeb1ae1bd67c806b1b2ae8e10eeab37975bb44d4eed122f09	ec89ed799889103f37fc538559801d0748f1417030e1849a274819e4e0b9deb7	PASS
IV/23	4	exr:iv23-04	611bae0c5f9423d891f6a1eafe471399d49896bf91c871a3dfaf245b8990bf11	53023630566c348f5b68432a50666a01d1c59f26c063044c7029eb04f896b701	410c3f4472eb99c7e9183a4aaca3ba66d0928cf6a186f7a3687b4176ab177e5a	PASS
IV/23	5	exr:iv23-05	c63d8a1e325ade47e8839effa26939b8c1080fd2c6215c3d09674e72ace6d4fb	5aaa07958cfa5a36b995ecfc8b8d1e5ff5a2640067dadec305d2df1ddb84b8d2	6c3af311f733a9ce1d01ea06d46b24a77394680e594148ab8587e22b681f8b62	PASS
IV/23	6	exr:iv23-06	b59100e68c88210364d082f59aa945b66666c83e50516997e10e58da29602f8d	c29e07a102ec6c0f9cdfa6ab2321aab40fdef54cabf4335f7692c2451586cd38	9e8a9bf47c8e77599ceb6660686e3e00a707c3d0ec32d9eb038ff1d68bd9eb07	PASS
IV/23	7	exr:iv23-07	fc4d1e54bc4dfffbeaee0554cf36f1015da5edeff0a01f957050a780ad1388a3	147b056b18e9821020e7891f99c94bbc5cf08fd583ddfff7ed54a6526504aa53	7af7d73cf473b221942603d1b5831820da0de4dc040634d9c60457b452dcdc00	PASS
IV/23	8	exr:iv23-08	12f560ed7612504b515ba0732f93ac865616a4e8e9521d80bd942b50270c8640	4f83292ce2acda4d240c0f3c6ffa3ec9fcd75db1ab0550ec5aa5a5ba0f30ffb9	0c193a12f4ad9db9d909e8edfcb93de4d33d3664a54c68e540b159c4357d55a9	PASS
IV/23	9	exr:iv23-expand-01	fd95c25f30a130b96270ffad57de967766199dc91a0e31dadc302998448ebaec	798c588bd1c264f5e5d0cd84a6da69aa8f6e56f2d67bff535228e5c84f66d6a7	d4284489ba7757574b345a774a70b49f40194d5ea7df810dfcfa52d2a062c876	PASS
IV/23	10	exr:iv23-expand-02	b82b36682e6831a3dd13bf95d6b2cd91c494f976e42b27d24195769c7b11e668	43757d269c4dd667112ccbb8b5a861e2519196fd77c17d452adbd738c89eb265	a936fc39cfa3c41635d02a3a0a552bffac0d8ad5be309bcd43468a4ab2bb081a	PASS
IV/23	11	exr:iv23-expand-03	66dccbe57edfc4e2550774d3ff1a2d6b82fd1e6a6d5e629b4c23c85a5124579d	054d63446ae52f6a4e983d4bdc84bc842f532ba4a7c59f08a54374a39fe2ed53	2a623710e6506822c2d40577af00e27d53117aaa301ff877fae93365929fcf33	PASS
IV/23	12	exr:iv23-expand-04	172959b7861edfc354bc9ae5a3420ab130cf1498a94a8fa870ec7361062fe280	01c10d107207c731cd504cce3eb9ebbe468cd4f6c741e68851c8fb1b43ab48ee	b98c5521e89148faca2755ea04fecd9959d399c91c64fafee98951cd469d62a5	PASS
IV/23	13	exr:iv23-expand-05	0efa3442b7f30749e4eea9afb91f9aa459a39e3a47773992dd2a9f375da9fbd3	eca4d26c4d93d136c026f8df1526491ecaa20413303c9e379de7e87da1b07bf4	cfa24d48349ec0c135a64b53ed0d46c6d4bd2aebd7ce6762f315501c93b8c074	PASS
IV/23	14	exr:iv23-expand-06	ed081737f6a9d349b747fcc01f63b85dc8aa721c96d32da7a8856bbfecb1d5bd	cf311d6675c0f0348c0e4cc8c383cd23f31a6509b4be9d135cdb511ad3b77c5b	96dd122a272a4c7e4a338e61a71429938f5d48079ca18f2c94f0bde039f7ed3d	PASS
IV/23	15	exr:iv23-expand-07	f44ef03d8e972ea376cdafd946d0579e2e22d7e890072b9ab6b7bea859434550	a9b0459d974f87361de9afeda0bf4d7a3ba086c9db173a12d5477573e798ac2f	9f2f957a2cc893a15ac8e7b30503de8735ef49bebd57873c9fcbbc3c8146a7cc	PASS
IV/23	16	exr:iv23-expand-08	874e17321a189bc567b2885ba690f52f5acc1502fd90a053edbc0e7c3fce717e	6e6c8c610ab57fe4ec38f4a09fc56f95e6a2a35d1088de32e013752ed371384e	a3c219fb6a1a1cd188c088cd5ab5c07e48f0f795280ccfb782c2e9b053248d3d	PASS
IV/23	17	exr:iv23-expand-09	0d5858714b257bb50283e69e9ec90fd9628605eee32cc443346fde284eb98d7e	fba31666eae828308c18f3566d1c7a0bd621f8ac6e0aa63c6a3e922119020b59	4f4bebf9eeb940bbcce8cce8fcd4217cfcff34fdcfbf3430afc905ec92507017	PASS
IV/23	18	exr:iv23-expand-10	af06e85393dfac7e3e357c82312a027c2194901f147352d919db0d3ca9c17e4f	6c20fcf267dc7d3f02dc0850ee9f49b8717472605e5b58a74cefd50b40152625	41e516bbf63891c056170a974d0b50c82894e9fde806371cbaf991626d5d14d8	PASS
IV/23	19	exr:iv23-expand-11	46ba621b7720309d51ffab7654ee24cfed938546af4180044bf06c0aed3a6417	84f6dd1f0c208c03d43740d9322595cd998514eccf70d7cf84b9493da1d92568	e4b1700a4580f3acb3a8305c4d13797cec03fecb1e54fd3e2eec7280cf09c1ac	PASS
IV/23	20	exr:iv23-expand-12	9551da940711efff402c6a50101a0e24b60d4cd22444617d40ad1bd81147cbef	de620478e3ba4b630bf56e562ff00193efa8f32c4a41b14e565744c7b0bb9b7c	ad837c7877b5aca51ca96885fe79f3d1f8bfa7c54512a3af7e246c59a15e2b75	PASS
IV/23	21	exr:iv23-expand-13	967a77d716dbf619e80bdc71a2cfae15502ad42135f40a2d73eaa0378dc3e894	f278bd6293ee9b932e151950d54ef9b0c1e63b35d2cca674c88733c8b834322b	ba97273188bad7e9838bcfab8bf5ac42773e19bd67cc9c26d065f95c4e44d3c1	PASS
IV/23	22	exr:iv23-expand-14	ca08b7b111db070c2a3ef7d5124eae76217110db59bb53242c21be7270b21730	48ff88102bba5d4ba5acd185f423bfc8876ddfe6f436599a4fc16082c04f6049	e8419d9a91ea5e2e8f868a54c84f9bb9fcc8c0f3e2945acb09e4ec2c4438a525	PASS
IV/23	23	exr:iv23-expand-15	af3a542d2832143cfa7ef1082e51a0377eb1a649809510d7524107ccd45dc331	09e99ae07fcf97b4ba476de3860fc729fbdf4d58a24eabe07547377848d22ca1	fc38d497b8e8168b9d1db9ef88d8fbdd1d7401b584a35e87b60814ebb32f76d4	PASS
IV/23	24	exr:iv23-expand-16	2468531e9d260867f3e605b3fd1caef4ba1c6eac61a426d88688d37dd8ba1e2a	cf57f27b24ba24a0a201e9bacbf9c0290b8a7bd7c551aa8f492e09bc0b301713	8d4d0e90a9636fcdf4435b0ff340c8956005f6cfce0ad9efe349f1f721994fbd	PASS
IV/24	1	exr:iv24-01	861bdea9a558714aa992e4435d7d076aedd32ea6d52e9caa4ede895908296d51	25b342015a1ebc960341997c46a70c538ec94f65af901a0295288991d5b5a064	d89ea06ef17b7a4a7771e1e9938cc7569fefadbb28d1dc3364c4d8981eb8cfd2	PASS
IV/24	2	exr:iv24-02	2e3e25b48c129264e63364e5c4b54ebf0332ed88cef9ec94dd3803f8bf0cc031	7fd18728c0c53381bd7e12846b9015a6e4bdd095b2e6cb7a2df66e173d976881	f57476cd5380de258de88597c552519131562800322ff6c84b4061c88a3633f5	PASS
IV/24	3	exr:iv24-03	98e7d543c2e7c2030a86979028960ff69876c19c04f8991dfebfd3c434ef11fa	1af458e6604904f6be54cb2e10689d13687af9b69a5b92ae9570d655c77850f7	a03f681d1592d3b2596f525106dffcd48d19e80518a8efdf56bd580576057364	PASS
IV/24	4	exr:iv24-04	45e72f24c56c50c46fc33b5dafe20aa8fe800ff3bf86df4104a1f6a56d9fab47	f57a1f94aab80114cd3bb9560eb5835023a3a9b2c1edb03ed163270abb676b95	db49c81019bfec1e89a6a46ef98f52e3e59d1366b337831a2e9dcdcb7a74236b	PASS
IV/24	5	exr:iv24-05	d969bd579f52019ac978562f031aceb82e24fdd7a910d493dac5e4cbb9066ba0	9b5b1dabf20a2885a55aef5345296634af73220ae2c008db465c874989330702	a5af6c7649b5aecdb197582480bfd3c6f5b38aa48b135eb9a04721d737f6831f	PASS
IV/24	6	exr:iv24-06	ef60f3046efa81826a83e5a0b85382cca9004940f12528118cfd4b8f69efe661	97458ab7f9f9e54fe375e1cefb2da0bd83c88c8ca4aec1bb1ca0e26bad7c1747	1be8a38f310f4ebe23fd45d7060c8eea9eeb75363aece9cae70cc6a2213ced07	PASS
IV/24	7	exr:iv24-07	4c8dfd6431849c4f41fecac9afe4230cb759350a7d59cb3bedaf88fe8c1ea5b7	68480979ff8f3450da5c5f35d7fd03903c78355b0b129882220d0fa679f38d42	39819c94295127b9e37038dfc81526c9d22cbe325420999428af6f3b66ed1e84	PASS
IV/24	8	exr:iv24-08	4f27c5f840e4cdfff6ef7da26a6076ace69a4d1e400270351a96ba916e066fb1	f97d1b9c3261e92427007d52bb1335854156c3b84360a49a51728a7097e5b700	8b7cc1de9e2314e44692978e8382f6086ebc63f00081cd2d443376af83c2ce45	PASS
IV/24	9	exr:iv24-expand-01	138240e63197e3f9beef36fbf8a88303436e72efcf166a4727387c1c85737d19	1c969337e6c1ab807f0254a83391272f5ed841b5edfaeb67317e0e98c7d6179b	4f8daa4f639b1d316118adfadceb42b81ff8667c0932f4ac1d3a88576648ccf9	PASS
IV/24	10	exr:iv24-expand-02	52272cd3a5fc2519a62d8bc48d1878632d515b5f1382fe11875ce5e078357345	3f2b6f5283885d4c153130a33ec7634dc0466c5c901bb3c6be1e4710782f6a72	f7c6d5760cde9f054abcf7328c594666f015d3845b406d1bcb3928700d2cff81	PASS
IV/24	11	exr:iv24-expand-03	8c9bc0ecfa3d1f5bd4777cfbde17be47a4bb55963e28264b50c32fbb0887cc36	8ee539cdd839b4be6ef2f927b7ff2002a683934cfa2818f46d89be247d6b4a93	6dc5d117961d7f7a97fde4ccf395e3d0c73c405136057286d4905c44534ee3f4	PASS
IV/24	12	exr:iv24-expand-04	bfb46f0cea5a1c717742048e5f50eb0e0a609bdbf00bbd799b0bae447a46b9ae	714797e5f8deab12e07bfa4ed9f2bcda0c923d87ea7b643d37dcb838a268c288	a529884517447bd361e4d9c4984fdd2b1b8499606bbab1597831e829991f6585	PASS
IV/24	13	exr:iv24-expand-05	e89d23b896ee57fadb44306422b976dad8090fa028e13a67ca004339c545b5c2	6dfda2834a36a3bdf9d06120d4b881243d2e8c4a6f426eeb2a9997dc1381af07	a678165c9813e640f2116c8306af9c0dc7b8c4816923b65d36d9fc2724a26e2c	PASS
IV/24	14	exr:iv24-expand-06	b7b32f24d512bff17e7131e7f35ca9559e47b132985bfdde793f326c07c7523e	59d5a33137b6aa72e34dfadc7db116df3c7b7e628fdec8c93d9ee4085483d802	c705c3e3b86025e2095050644ca202a0ec2e6ea07504a9b456ce92b5f3976ae3	PASS
IV/24	15	exr:iv24-expand-07	d8286a15e488babfc10d1042379adc21a2fc3243eb7fad55a63156afd8fd0388	eb613d8a8942f97b810a2c3855c780d724503dc26b7b20b537f03217d1ae6553	75274eccd0afa3bc06e692549910efadfca1964aaa366c14a4554ba603534ec3	PASS
IV/24	16	exr:iv24-expand-08	fd86b5c843745f3e89ec71ee9c3753ec41ce218b9b805cb031d9e7c87deb04f9	c3e20ab73105931dc0e014b5df022e6f942b3159a9ae1f853553f02bdab3a5f2	5bfdaaa37f03884b19d2abff8db7524169a47cbf82db14d2f1d6691d0dfcdb1c	PASS
IV/24	17	exr:iv24-expand-09	60a35ab2210e01d10d4673e41cd8326c0125673dc65180f22350df1ec039d519	f4cacec878f810a9b71b2bbd35908e8684a590edfb18893565f1ef0636a8af3c	9bed39cab262fa86c5f51724019e683f2324c568ad4895fbcb73f096ef09a45d	PASS
IV/24	18	exr:iv24-expand-10	0fca9ae63866d734010fce7fb0a4ef1c225a3346388753201e4bf2e1bfd878ef	277b61d50dfa4dcbf6473e4a7fb649daba786070cfbf4284950be7378714f561	10f64b5fac47543db011e0006c19dcc30e8f5730598214a5c4c50ffbb9e93327	PASS
IV/24	19	exr:iv24-expand-11	61bd4da9acaf6eb113d1f97de892c5efb95e783789909acb46b9f9c9cf7ed6e2	58829f4a5f4fe138f0b89c63668b1ddfbd0b0bfba7119949023666ae6d2404a4	8069dda029e3a819630abd08f9580f18e183bdf4f2a3cccb93c9d4d2916cf4ab	PASS
IV/24	20	exr:iv24-expand-12	597a6391638262e5ad07551af1eea2695c3787c598740c3d860c4b3d10ef5598	3e8d19a819c6414c4b4d7c954618d14e95c150990651fcb7e0ce06697b75473d	26942aad8b67b82c75df52b7b9def0f09aa39111e264fe9220f9d1bfea0360eb	PASS
IV/24	21	exr:iv24-expand-13	5345d237350efe91970507ce81f05f2aa0b1de9718d5c5709dc9f33210510c6f	dcc7c4ab1b498690028fa35bbfaa4a9ee5559154b252bad190c9a28bce917fc6	2538ef988a72a8a10072119969a9e6662868f48e0957c0d2dfef4e0780534c75	PASS
IV/24	22	exr:iv24-expand-14	86c5bdd35dd4a3384b8eacb194d103de027452ec22f7f5e45ee2d51f2bd9bf7d	c90ddc4a3eaba9180917e7fb23d2f571341e70e3edc2ca93aea2c70eb4517a11	d5d662716d106103b1a60401a3c29c32f5d15e68c69542bfd88512855064c3b5	PASS
IV/24	23	exr:iv24-expand-15	e222965582c174143f141b529d1dc230ca42b0d284f008636a2974e2907b4c43	17dd20da6d63893b15747d7315d5b41cc2345d0912a64abc55d44aa7b24f4145	9ee9535680e4e007e483c7b56d40d7ae39a5a2aa26e8e9b523b13b1704eafda9	PASS
IV/24	24	exr:iv24-expand-16	5fefcaa550a0a51e27bdef2084a35e0fb8f50a2413df520448b8de83639522bc	94f4b9e0007b906cc0aa41782e18a34739fe0e4a8c2b61eaadb9b7ff2d5f4ae2	05603495c064c490af7e3697f0214cbd4aeabaafcfe16ec01f353b8080df15f7	PASS
IV/25	1	exr:iv25-01	280c82eadd6f0eb7389203564aba111b103dfbcc646ad6594fc75a402de52254	0b032693bc3fb6d6eb428fb7e3558a9cdac5ed0368cd6ed140d112045a658396	ce30f1093ec2d726f4207171f462f39625ec4c0c0bf22d57bd1aa2d3555eaa9d	PASS
IV/25	2	exr:iv25-02	24546dddf28e946aa04b9e689056863ca5a19fe5ed99e515c5c0701471349d96	5e6fc2a341eb34bf06b6c4007a605154144a0fad6403fccd6aad51542fa3a3a8	3cc6a53346744fdb100829efd41b3bdb764262d2866a1fe587d755c9822555b8	PASS
IV/25	3	exr:iv25-03	8d8e9a6d77ec975a34257b2d0dbf48a69fd507d54d22b31df670590ddfe8c727	a059aeec34d179237e0d17a66576b3d0756f413bacd6c993c0a4d5384e51cb75	dcba03885b0ba6db1d3d4716df60dd82d96997d1be03440a85f7fd3a8d114c20	PASS
IV/25	4	exr:iv25-04	33916c9f12876248d4362eb1c9fae411d6fff6e14b88b915e4f19b6626e6d154	8ad13d5826de32106751076be19843fda0dcee464d98fa6943a6fa2f5c2410a6	0ffb7fdd8a3d5f0702b85981a72bdb323681ee15a0e3835db0522317990a673d	PASS
IV/25	5	exr:iv25-05	d393e2b8a3a2e4171c0f31ccaed96e0f26af57eba518e86b264cf6e17fe74a3f	ad98d54cd4554ce9282a763fc21eefd44ef01711f222c524ee826250a40ffcdb	5f4219f9350eb1f21c3d8d3b4204f9f710b6fe0b461b0929f996c48d3a797583	PASS
IV/25	6	exr:iv25-06	ab202d653fef45194f2aeef0f1681c35d2effe8fc400a2ac3bccb05db3a21a24	50ce4e94a6f857a58ba764e672d39a2681d1f832993a98baaebb32a8e4fdc022	a212112bbb395aee6047db54c6bdbcf551640394c0c6ef76875dbd2b9cfac3bf	PASS
IV/25	7	exr:iv25-07	781d0be3ffbbc5be2a4ae9fb6655e87b5aed55a32c541f8c6cdb49ec31462a6f	7d803a1dbe709692b0a3596abba21a23f95406b228ef6f4fd178fb5ab1af6947	10439f641e766ec6ea4b7169ef87fda7d71d1ecc64ff1a2cb7c1183e266b64e7	PASS
IV/25	8	exr:iv25-08	a4da5dd720da63781f151062be043d3c3bc0a9ed5138f4a50342d8dde64e57d5	e3c83d7a65117387722f9f24a7f2533538d73c9cf117a4b469aa7eb69c9a9698	3c1f32c8855d386a6c76d7436eb06fb653510bd4476c965b63ecf44e9026d2aa	PASS
IV/25	9	exr:iv25-expand-01	9bcb7e78d0300cddddb9bbb3f7015d4bffdb1d8a5da4502b78929bb5804434e5	5c645bb64c9bdbfae2a79a2b7c67d000d34872b880a77bd94e3d08720affb8f7	a149c608012da295436a5d115d5c8c73ba70bb8307cc733f2257e61c08e2f184	PASS
IV/25	10	exr:iv25-expand-02	ab524ccd1c98515b8464562eb5bfd2fd7011532abb839c800f2d15dfe357be14	cd7ef6a3b1b1589d5cca01abdb71d2381ca14e396b82b25f477b5ada227eeb2a	e6adfef674fb0ff0cd481b35289658dbedc36c552f879a02578cd7c1707aeae2	PASS
IV/25	11	exr:iv25-expand-03	1ed8e20c7f72d022ac7c3694b08e7acc08ca97f3e95fd890935fedc271154ba7	dbf0ab8c25a92c5f7b1af2428dca9e828ef4b9ef97c57fa8254e4e7e4b8e5269	504226e5ef3ea3047353cadbe01184fc7b5fe84504f5e8fbd07fdeadf3004c5c	PASS
IV/25	12	exr:iv25-expand-04	220d3caa526c0139c9aa0a471ace52bd16d0c6d4f5d4786f4d10f8a4c1b75348	c7b56c14a29d416e8ffdc16099fc4a0b4d66ecb02c06ae0faec08354bc9ef706	ea9be8add51d5b68e36dc7148676da3e06680c30ceafb673b7d6130e681b0ef8	PASS
IV/25	13	exr:iv25-expand-05	253e522b4666e33074a0b5acebc797a95b415a05f85818c05f19b6c225dd57ba	722f0e400aff1d94cd38488276383249254f462635ec4e3f438f2643677a82f3	5e63ec7a374d2b4ab8bfe1b51c75e8d829e6ea81f0db46d8877ead4208d0b82a	PASS
IV/25	14	exr:iv25-expand-06	39e385e94b6487d3273607262016c12b431f477cb725baa261eeb3201b314848	fdc0ee7ed139a1685b6e5d10af9b9bdbd925bca9fc9da4500faaa7682139f6e7	ae4464eae3036c2292bd7f2d7ef417238780d4055b30b6433efc30b9249a9ce4	PASS
IV/25	15	exr:iv25-expand-07	7b847d6b7d93cf5b0b1c44635c60fa4c2dfb20bb4ed28d7965348cf1d84b6534	20c9b6d3ea62307f8ca05ab137a6176d1a4a9bda37e728cda59e5d9a3eee6ca6	c73758c0716c77f93d7b6ca8d672acd2c7d71e2908d4c2a7c14d12e67c3189b8	PASS
IV/25	16	exr:iv25-expand-08	7aa15739c6e6c1a72ab56c84c2d3a22d23a5fa1ab455d94701ae02ad1f975537	be2cd0d63b06e31db9e06d38f37d0df6ad304e90f56494c1fd1f563a585908dc	8f97df8713fa8a94bc7a0594e16dda214a7b6a5c823a8356b13ac11fef291190	PASS
IV/25	17	exr:iv25-expand-09	fd84a072c9bd2f85ad2cbcafbf6250e5587843079d907f47ccbb7cee8086521f	142e38b3c8ad1f277ff23ae500af94dfab0435104920d2a0d221705ea7c114d9	57674edbb59425ebae2bef958458a2d4c822dca7819a865d2c1654bb93e499e9	PASS
IV/25	18	exr:iv25-expand-10	71220120209f23342a85df08e5084e3c5a6003dfa74048a0c0247e4cdf11152d	a9651ad7661ef1f32bf31acaaaf199e84f7bd9f2efd6382e92e83f25ab8d3762	9b00235af7ac88e0c3220a62f840f049c6529dbf0405586df293a2e59f8059e8	PASS
IV/25	19	exr:iv25-expand-11	4ee716832f6b55986df6e303045719eb638ea0dd86e054c3bf764bc4500ec55b	333c20adcac89cb718e729740b121a113fae897ceedffb4f1bcdd3b1adee3076	47e4d3d88207dec93de0cbbee52dab781748365a4bd28a647101ed2a065ff79b	PASS
IV/25	20	exr:iv25-expand-12	f824059be96667e5562940b697ef432bbb21e76b89ef289ad53e83170ad3eabe	3c66008743a7ad2e8ca339010699071f0af34959b346c9b15df1b290e3b143b1	5954032c7786cdb1f4a9c73e886e2294b105261c6a6c4f416079f44a55ab642a	PASS
IV/25	21	exr:iv25-expand-13	169d70d169d06a9543e5537d4b6804a2ce7147ebe3e0d3a4b502c46b34711c61	a76901511aa413866a2f982277724a7b7c25661785999fb2c78a3ca34015bfcc	2a3f21bd2842efe67f50744a9dfbcd7adf11edb95684c9b896dc19d6df73a0c7	PASS
IV/25	22	exr:iv25-expand-14	5c282f5ed7f0b00a413797d5305dd0ba314aabfa44cf2f676380d9a94ca93b5c	c26b9b3a116960e32834b6ffc99d134aee0d5b0f4358b2fbc0c9b3392265ad79	b1232321b7e42e2f4d514c6978229767fd358911ac25e93ee87c66b377920bfa	PASS
IV/25	23	exr:iv25-expand-15	16370c15a001781e63450da22854b4d2f3ffc7f39330ff145a3f94439bbc68a4	e5c929b6a29b32501630cf7dff3af5c45336cb8c4a6ebe2cad61f546983a2202	aea8788ba343efecda476bc1c27043f514476311668512d6fb3ea039316d74e9	PASS
IV/25	24	exr:iv25-expand-16	5b56f32ecc83318cf33bffbf39b94c794907fb80073b6c255f9c1cd422cce002	4ec75293f2b1c4c8ba5bb3abe3984c2e4ae1bd6a0c23b67aadc343703dffc9b3	57b77ce1d5df163b778409e14c872f37cb2a23b4c978d013db36fb4abc15b5a5	PASS
IV/26	1	exr:iv26-01	a16f06855bfdda4a7c521949ffb117c63e5965a5dfb1a832d77982b433476722	481f14c9dc190b57e1e599f095b035180bc8505f1ce7f3f0cb2d0945248c22cf	42de64f8f4773f3979edfb4d9126d8efaa73a8b5e992be33896c35c5cd39c89c	PASS
IV/26	2	exr:iv26-02	5b51b945fb0da55caf00cdc1eb0d53b96f4c5139646f6b104bd2b434c385736b	4d97133dd1815445111a7947b8806ba9f95226600bd944e4cb4380193edf7dbc	5b5e8f56cf64cec157f346a69dc57df68c59d1c2fbc6c6c23c50dd08e48c63a7	PASS
IV/26	3	exr:iv26-03	fe7638fddeb0058c81b63fe049120e24b1685df85bbd6d8eeda12e4431b92f98	01c11df6a7bff9543409dc65f646a8631b06fcce79613b0d3865b5601945894a	a07a43305f4590f7b0702758fa0629d61c0fe93b5cf110f04e4728e76f69f660	PASS
IV/26	4	exr:iv26-04	a73b32ebe84184b85e3dcd15b3813a5a457229ce42202a8f43562c4a810ba503	0d9d416c843c409b85a58d3f71c4adc8ac67ecc49970dfbcedf3c595c85f5a4f	f069561d2c7bdb291203747c0057c36d46806020aa12b5e41485153ad1d1df75	PASS
IV/26	5	exr:iv26-05	b152ce05dc38d10e4b14a2c8526d2ac21e7ba4e446f7ee1c411da01ad2d189d9	5f5dd70c99c2af49fbba5984a758a2869259bb98f1a2289e1b6eafe232effb75	00dc21fb17762e19e18975f6a71beb1801007ee244575be5ad645ac2c20af471	PASS
IV/26	6	exr:iv26-06	073fd985867103d528053a155ae82e2aff075a00346e20febeebf7c375f607ac	0981d432ca5e8c060e0ed2350710c75eb3e2bc91102ae7fe9b876458cda8865c	e9e9d9f0f9e280bfbdf877cdffbb685b4d0b0cad9bb0bd6c670d5e7023f8f6d1	PASS
IV/26	7	exr:iv26-07	2dbc357bfd4b97ee96fa9b9efeb84c516e9efd2cbb2d2149cb589afe5f47ce45	b9604ec1233e0c854c387898e2bb5dcfe642336a0d9bffa3fadde13140661010	ff06e5b5a1a12698d2d622e01f9cf428a893884d39b3cd9c7b008f3dead7f33a	PASS
IV/26	8	exr:iv26-08	25a75435ba19fab39915d9e8b510596efc6ebe60308e475b7706d2d3facee036	4c946739264341872df70fc5cee810e0f99cacc79f689e5d7aa38d9c5723ff54	b85ba2e62f5804f59b604702059f8d0ddd9e39ce7803ecc0763671f98d0a1159	PASS
IV/26	9	exr:iv26-expand-01	a3bafbae9b9d0afa9b87157c07a2c9eaf6983e1c788a7756337c099d0f206c38	57e369a4dd93ece93a7e670c5971b872617488996aee63287c10e6b563f29042	543b09f03c3136c8c997764774c5da16aebaa346d12350d53e3701b6f49f9af3	PASS
IV/26	10	exr:iv26-expand-02	31c9cb75874b834eefd2d6839616218f475e35260a842c99af9c1db83f7e59b1	57e369a4dd93ece93a7e670c5971b872617488996aee63287c10e6b563f29042	7e8e259bccfef614c3d38464ed5527e0a96e802a35fa42a08c45934dec43527d	PASS
IV/26	11	exr:iv26-expand-03	2f9fa036d620e4abcbf67a6cd124937635324d6a6a3030678cbb2b2fd91e4b26	547fd3ac3de70697bc5d1221902fa15a8b9a9ad1028b37ab5c4b1f37a0192f22	1926a86a3806d910d9c351c39903984fa62cc336f2ca3fb859ace801c89df3a0	PASS
IV/26	12	exr:iv26-expand-04	deea8d25adfcff32c9c3b18d1cb7dc1d207bf3a0ade0066308a7c2103b32af60	9bfe47700d82b497a541c24da438f557475da8f4e201ce2420d6322fe2e74c48	339df94d6e30e08ee0bda039ba61dfba94c5b7c6c34b342071e253591aec6021	PASS
IV/26	13	exr:iv26-expand-05	80a2e3cbced7cfbf27f27736bdaeec3671a4984ca6a59a1bdb995f761288f9c8	f4ec91d01b25572bc68a95fb044046798e48851e00fea7bbcf1c713be19cb4dc	914a54988eb042a165ba5fc3e97a23bd41fd177223a943be9fa1024ba7a3b97c	PASS
IV/26	14	exr:iv26-expand-06	293b388bfd11e77b53767518f7a0a07bb203ad10549f260cf6bf45bdedb43085	252a396122031a7224f408ac86ec84636af6857a569fe25c3b424c6a021544b5	c14f4b2d42d2df88fff132353bfda02198efdfc047e9aeacb055e645786b3b65	PASS
IV/26	15	exr:iv26-expand-07	fc06b0d36c6be4906333f6ac5175e1693c75027e7cfdac1d283ea00cef381076	3aa4bdc82eef8d1e4d7f2976fa86f986183371988bb634969a4329c85e1b1193	32c076b5d3bfc5aa3149f23b2feac0b925b5372bcb8b8be04b5d4aaeaaf934c1	PASS
IV/26	16	exr:iv26-expand-08	4dab0d9af91cc01ffbd1fec0dcdd161664879c9b66aba1c969a48532375e2ae3	288ab412ddc8015fe6c7d2cf4aceacedde3dde60bb805c49b136d2c8f9899923	398e5c5057defd95d54105dcfef4ac4a4989df9174038241fe429067a961e4f6	PASS
IV/26	17	exr:iv26-expand-09	423beb62dfa01072723376e45398dd0d602ab77a27d0a9f81a7a483ebc177ded	00a714ce13f1865919bebf58cec3664695005361e8e1f4d6f1e9b9eb340fc76d	62f50e7397d97b6bfa4afe25d9e5c0bd45810e2e0809e56a4b7053069b258184	PASS
IV/26	18	exr:iv26-expand-10	c0d3edea82f4c7c062372684e72fcc6001a2517c76592f35d36f71804c744eb7	76848e3eb5ffeb74a9f30d66e2532a0c6ef9df94fb0037191d835d119ca974a4	410b75b9ba7dca3467118e17c767f8de969820a23be119dd31808433e9457f1f	PASS
IV/26	19	exr:iv26-expand-11	e1946bb87a96ff1c7fc9e7d1c2bd30f52877cac4a028bc92a23a626eda53ca95	4960d45238f6af9429dbc19a602f1e5efe1ec30e99452f3a41ac622e09e41839	2512a2ec1ce007d69547886561921a4de7aff9b76783a2ec2ff4d222688374e8	PASS
IV/26	20	exr:iv26-expand-12	c086cdb35409c0481e83b9e737e1c523fc6572928e48803c57cf13a68133a934	1d1c3515241f1ce168fef1535de2b3f628f4b32ee47c846531bb7da356a7a0d2	e11003f8c1e977e58d93206ee7cc7e88973531f7c50d4cb47fba20a09448fdf3	PASS
IV/26	21	exr:iv26-expand-13	74108abd4011509d0bb37f2e857f5f808081dec6357d5facef1160ba8e9fc7d6	b754eca8b7e401d756aa65fe3f20ea3db34daa306e8829d68b4fae5239d442cc	d313ef8eedbacbe82dbced55a2d075c4a1bf5d6a4782b9b324f3d8a8d524fa44	PASS
IV/26	22	exr:iv26-expand-14	f0cffe4e3fc2673ae1901f442c36a9981fac6ac2a0702d9fb9a9179a8763c160	69aba5d3e68e23087eaf86ebcc95d22285a5cdb7566a35a6e3afb3a4c9efe461	6bca9b97bda89e4ccb0a5902ae832133ba32be344c923cd9df3189b14314349d	PASS
IV/26	23	exr:iv26-expand-15	7bd6f60c3bb795701d0a05a6b103e845557abb04b23dd656a239612f9857cd16	491497c20f61ac33ffd4168f067ca37f9c346028f7d76684ffce97c12d8dc928	65d21d55f7a67b5647df887058a97d26ea55cf25eee9c153bab7c4c311beabdf	PASS
IV/26	24	exr:iv26-expand-16	bbc728cfea1c034e37b2ffbd46dffb844b3d9b3c1ffe5ef2b7e461fd3b54097a	0accbb25cdc85511bff6cb009a9d049ab5480785c3bb2e5773ac2f49edfd0c46	b89dfa389069c3cad8635f599db37a8286f3263d3d5d427757e419ff3fd6ca57	PASS
IV/27	1	exr:iv27-01	0e8b483b171fa70edd80336421bfae62a67f45b27f4903f5172ce93b61c9ad9d	0de396863e85204c3c814b684a0d3f4486908555d84d5d4e82748470e36744f3	c4cbb71eaaa75154c0de70cd1e0ee7e827dabdf1742bf6d53985dbb1b73ff690	PASS
IV/27	2	exr:iv27-02	b1289112650ee100327a13eb9a74e9dd6f419b6ca8ad8b8aac334e19706c7104	dde7aa599d2e6dfb72b95812ba7e4fb4fb74313b3a6d52d311dfc2a2529e7b9a	decc6d1f72b4af70ae27e5275bdd8dc3789c56c0387888ba1496824042b5dbe7	PASS
IV/27	3	exr:iv27-03	98668e6018afede7527d068569434a138ea72b088fd8d401f030cf62c50251ed	558260712f0998625b7e9390ca7a8a2c5b68bd093948c5bdbc23daefc7affc4f	ccb915b91a566792197d107373b8cf0633ae64432e98d5c316e27268765c3d7f	PASS
IV/27	4	exr:iv27-04	5ee3fc9b223122298780c052185bf71da113cd84bb8978df4103bbe689615723	56edc6de46c8c29d5f1ace010593ff00baa511f484346f2ff0319707db82afe5	07fbf6a46c199eb043a870ff536b573faf951c7cf4c2a800abd064e659d7a9ee	PASS
IV/27	5	exr:iv27-05	47c2b714dba2451de0b99680b0b4526d3a288d2675c6505892bd41a8f0aaa6c2	73b39d36cc6f32a7b97ed443838ccfafc810585dee6cffd8d2665546c92c8a4f	bd34056778a9d243afc6b462d70d4ea597557e803dc50b1a2ee1b557de6ab474	PASS
IV/27	6	exr:iv27-06	0c88c5a5ee5abf97e12484e41554072f22d583e76d381b6cbd943f248b6c826f	fd471b808cab1b19ed05ba5121baf1ca2decf37f903f1cb0cf50a950021c782b	a02d8838ffa73c69f3705d3c4e6f600191afc9a1835c932a47df786ff25b72d2	PASS
IV/27	7	exr:iv27-07	b30c83a21d23e38f3e145c7fd2a09b18f7713c05c7808fc64d2dc8d4e87fcfbb	755dedc2fd39511af343577929df68beddb88a5828b9dc0432e0a5398693f7a8	a2811c3798eab952bbc98205e7f3484c1e3fab7a75f90714fe36591d9bfb3294	PASS
IV/27	8	exr:iv27-08	ea24c1b3622ee651d79f9a2287753ba6152648a905d45cf470ca8777e287cd2c	fd28e923e0e78d1509a351368abcfac78e1dbf9f59079a87ad7049a0276f6265	96288b1a841fe5b68c820b26987a634dd848f71d5856341d6517f17e747e790a	PASS
IV/27	9	exr:iv27-expand-01	43d72a2985bc6646b7fcf3cdb52479943f5d489082b16bcc381948acf8b0ad09	998cf0380fedf2d6772e80ef58f7abd660ba1bad1a464dc9055e5b4990907bdc	a47c3031f019c3a6ef679ffb1fb7b4ffbab93b150559faa0227cd691913641bf	PASS
IV/27	10	exr:iv27-expand-02	dcdfaf9be71569addd97382541b957ed669b3d2c51ddf5be9de02645e6249985	ba85e3a482541fb4a82c5ff8e21b03c086304aa061808a1a90e1264a4f2165f2	ed574cef2a169cc63f67cf2e42676a76dec3e4b488c0776160d2bbc892a65cfa	PASS
IV/27	11	exr:iv27-expand-03	e87afd10969715f28d869630c6cbe3d2c186be7f9dc9b51325306d6264432403	420b94d554247d3eb618ec01abcf9334dc4160b3cd65ef60ff0a9e0bfe2df607	225c67e4d1611cc7cf6e3583de152e43768a564c50954313e4869f2b648b3a61	PASS
IV/27	12	exr:iv27-expand-04	585095a2f2fd9af0ad12b358867d2d9fe4e18bd79f9c9d2f83e19b5da735779c	ea042d77d8bfa5506b079e0d63fc4a77f587e910ce186bb27f82b39039a9cd77	c854c9543fed149233938c0de1382e90a87bac94efe13fc690791e391d547fc1	PASS
IV/27	13	exr:iv27-expand-05	9aad17bdda5fd8a7e879769d11487f0f516605e2aeebf99cc4791a5acbec9319	3aac564e3076e8c6340468bd228cb3e74ee8d28738e6417d863b2f08268feb2a	77d2879af1cae2a0106d87e1e8e40b71eb253ca79d17c8bb103c07e95cb42f12	PASS
IV/27	14	exr:iv27-expand-06	d41556985be80821cdd05b536e087ee23fc0b979f3de5c0d3fc1ada319ea2819	3012a7a10ceffb0697144db83008766e22bf139bdf149c8598a32790f451cfa8	182e86be9390d85d3c7992a36403ab3729b6bbe521f8a2a1367db97df04021e5	PASS
IV/27	15	exr:iv27-expand-07	2d564c4521331a71d26771719978d6c11514f91f5182ea5bf8c0e89a142e09dc	91d753355dcb8327f658cdf47c593d9b5afb311e53b703415bbc614e3c85d376	6d3ac899394bbaefaedd2e3aaa20a40e93aaa79393b2525d4e6d345b83231091	PASS
IV/27	16	exr:iv27-expand-08	f7c0d0694f7329b6078b325fab376c5612984f6290a0fe823a512efc54f6f106	d67d7a93a584808ff3909342b29b82eae3be202ffe6b59fe838ed2d2fad5e314	e7d33c32426babc936fce4a83f6861cf9a0d32b9ed82e3da7de0599a25398c42	PASS
IV/27	17	exr:iv27-expand-09	1f092b1996691f0def3393e57d03ccbfc20f8ee9f42069fc1283b43aba3fd92f	fafd4cc43e45be526e5c30b38fc1cdc850b15045f4c466bd23d41f455d9b1b73	a120a0f3366e9c49a7e8b06beca83fbeec051f6c5a7e4bbc2fc3f6137edc61f6	PASS
IV/27	18	exr:iv27-expand-10	f4599ac17f1d42b7dc993c50d77a8d695876b8ff142b2916672c21de2264ec51	f52fc85be19867c96b089cf5adda13e1f8aed3dc87cd55fc83f6714b6a9ca70b	b9eb36b7ec895a2f3c65e01ae03fa16862737312836002f14362795d423238e4	PASS
IV/27	19	exr:iv27-expand-11	4044b7204646a1ef97ff674fea70460d320ac6d5728beb2a7016161265f8635c	c81e3c70de72ad290701760f42ed7f5170e771679036dde4c2f3fd30993c6b47	1de502662466fe851d7669175b8348f2cc2faf5ee84520fe037c410db2a92f6a	PASS
IV/27	20	exr:iv27-expand-12	7d8a46ec73458579f850216ede69b670e50d44ff82b073912ac46955f83deddd	818986cc5eead4b004910727e27df30d5afb74fc6aeea37f63a712163de3cf43	4afa987a4a757c392741d8cf61572a3e1e8b6e2f4ae10b635e55dc87982a9b46	PASS
IV/27	21	exr:iv27-expand-13	db90e5d6e09377446636349bf7e2737d5d6c9bd54dbe866ed077da5116f41ea6	0f8101ab8e49d789162927e1674dc9d620bcb0d268219818dbfe7d4a2dc1a1cd	5361a20c1adc965b14750ffe377f63e06e963ed75c8c914c914de442810f6a7e	PASS
IV/27	22	exr:iv27-expand-14	82ce7c7454766f43ad5938d5dd7da11d615ba01e4a5a404f31d696707816e15d	21b3360145954be2a0082d7d42231395a3186cd5d606e1e9fc156c72e9c7117e	afb2bcf6cbc5817a4421f79179630dfd1fac2a6a598ae939b0dec178ae18d137	PASS
IV/27	23	exr:iv27-expand-15	cdbe25f68f951f26599f81827b2c3a1cd9abbb82a2298a67a82b2c3ef43f4197	bc389a1c2518428c66bc5eda9d0e4ed0baf3035a93880ed9e1661f1ca069dc09	a6714fe96a86b3775207ef9689087330aaad239626cd0cb166a3e8073037f85e	PASS
IV/27	24	exr:iv27-expand-16	51889ccfecc239a5f8efa74ff798ca0697ac3b844a2f2ca6455145fc43dfb219	e2f401afc4b5d6ab0f9d86153696ea7822e73638bec8eca1231c3af4349921cc	2264801ba3cd28b2c30c7863e05857713a1e08e765a23772c2ef5aa255f35231	PASS
IV/28	1	exr:iv28-01	a3c61185f98e46124b42811df5daae42b79d47a5a012b8e874fe03cd14f2e2cd	58608eb64ca89508c0b02331a07d19838216914ffd0b32296da6d4c7df7f6674	c65af2f685d014e83cee23881fdfef601c4199835dcd3cf5812672c6a025811f	PASS
IV/28	2	exr:iv28-02	0dde5cf94aef3ba24968fdeda936f49dc00110afb04bbe0d58140c47e7749ac3	5cb9896455680884d2e5a2ee341d067d714c1ab31fe7d5c99cb64c5e7b3c4b62	3885cb1dbae896e119008baaac83eeea97d356e36c92f14a0bfca0d092612d5f	PASS
IV/28	3	exr:iv28-03	406642989af9e5c73a32de4bc0e351ba1f09cb78190538770936ca851b3b4a73	e7b61bcb6f48910788368439421d5b30340cad9b27e208f75443b4443eb575b1	0c1ba0d21f31daf4463d6d39d1f27c705142731747f89c56e81788a10617665d	PASS
IV/28	4	exr:iv28-04	df4c5248b1037f0d87d97e97507da2085f88b394a7433923c08982b1990f16de	65b90877c31576b67e7d73e9f483033bf3ad1f96d1900f47ce454666bc06f88f	439596364bbbe3b23c7020d809b1bfb63a68bb0f1134704fdb6d21d6b0581496	PASS
IV/28	5	exr:iv28-05	9bca0a9a674f1a398689886ffc9555445fc36c014a2eb5b6046f58de1e24e370	d119d0df84d6add645edc65c550c9b1934ef9d01e2e038ce25ad81df7f8d3b1c	bebedc4f37dbecbe8f6bde237b7f191b7a3259969243acc9f907aee93c90cd58	PASS
IV/28	6	exr:iv28-06	6f9a9fab3291c010f688de1131d127b5cf5dceff6e427000ec46286e4bfbae2a	eb8640cddc3324e65a6b62da0a841a9f681811becdddc43de5c47e035dbf4fda	4fcc5d5e0e0590662fb99ec240cd128917238f1540e2551afc692b256b046be8	PASS
IV/28	7	exr:iv28-07	d41a893859a262476ab9e0e8041a99258e87389746ae7a23688cfee993d1fd9d	3799f45d3d172369d8241c0e77f52966106f9c2fdc65b5dcb5be02e2dcb34c6e	82b67f86c6471cb0f08fd0fe81a966986f3c0f8733abb7be3fdc830903ffc88c	PASS
IV/28	8	exr:iv28-08	3fcca7dfe28b0272a7460a411e2fc5fc5b8f404cc2113da4de2b7779da22be57	2c71ae3dac472a2163b8e86b65babe21f510a8ecb669b4116cd4a14a26f82dec	235fc447570a7e4718eca15223b7cdfbf4f645589def799a7782bbf111055e5c	PASS
IV/28	9	exr:iv28-expand-01	8cdae06d1b6ec8595ccdec1e4bbb900762dc4e39ae623097b0ed0aa7c1fbba32	df1e8ea66f4328651b66408bfd88871d24c5aeb1fe0cd6b15a6afc1d735f6369	7d119254ecf2295ba1a95b5a18b499bd666e8b9cfb7087f83768af0624873407	PASS
IV/28	10	exr:iv28-expand-02	8ddbf3c5025f4162ca724dbe47a64456dae4ba7178622b76ec369b4980be4b6f	6842e48f890b36f84f92587fe9e0b1b1e5fcc16d9dd3ba110ccd25df5ea3a536	be102185994a913fc84b92e7f6b6de9b6f1614bfd3f6875ce91f53078458234d	PASS
IV/28	11	exr:iv28-expand-03	552c93ab745269d3fd4f7613787022f1332ba852d2b435e0a7421a3916ed6830	e4f5ba0d605ce8a300e73d15c5a22af38aa6a371605d0b9b7ffc2ab4a28e9748	cc1c1939d8279fcaa400212c962fc0bad9b6f68731f0e62aaf3cfcba833dcf81	PASS
IV/28	12	exr:iv28-expand-04	9646c148be0d9c3e719b490c5e1b829389fa0fc7fd185c4e771f7ffeca458842	9f0ed752deea2042ab955a2e0a4611a8f3a4cf43190fbaa3d66ae7075e8e91fa	d69e24f6781610b905dba73e58eeba3034ad235412df9ba83c4ec260664a2e96	PASS
IV/28	13	exr:iv28-expand-05	b0821e41ce6f433c4cf0457b9f2b05449085fa9a8c1bd7074bc305daddc7d1c6	ad10cc7081a6daf65c07c05f55ad814bd13ab11016692337aa5de92ab452c06d	149c4fa72e49bb7e03b5284db5a5119144b2b807f69c357c1593b77ff18d0efa	PASS
IV/28	14	exr:iv28-expand-06	4f4fa07d4ada8e895041e7aec9643eded0237aad3be0d3667a47c9f803d6a7e3	fb5bb03432e7b8a6af68d065da28da1bcf8a1c24dd97edf388d8339e588beda4	ffa2dcd3d490fd29ac017ea837f7e3f82409d1e9664be6e16a972761b30174a3	PASS
IV/28	15	exr:iv28-expand-07	ba1ee2902df69fd3be10006801dd219ddae41beb9038d432cfc041884b6112fa	5215cae1eff8d1e5e039e312676322f94ec9dadff40a7910bd55eee153f2ca03	23dc6c86a893749853b0d3e9e2b66b83b083f71b523a6f863e56125683a31719	PASS
IV/28	16	exr:iv28-expand-08	6db820800ab6c3d88f95049ca5161aa7e69786536f273500251a2da76793bd0c	7d57fd4345644fb34ee1c5f03f2ab03d355f9ca367cc91ad9189a2480532b4b4	4377eff74bd05b29d9a315c6d40968d3227998c1ff294d7f8ae8e8caa7dc1a04	PASS
IV/28	17	exr:iv28-expand-09	9bb32dd1d79880c79d84742e71fd94b3d34a74f370fb76675b8d9aed713ec81d	28f33a363ba330bf4007f6b50fc7770144ed95baf641ea6135a017a49c94944c	3a8493ad9a0e3c08800af25c45a4061ea17ff42bdf0ea4363a103140eb9c0f07	PASS
IV/28	18	exr:iv28-expand-10	22c5c2bc07495040226437abdd512a712d4a1b586b2d1cbd2150417f7a25533b	cdf6a67737aabe31a2b91a82be3f8c562b5a2050833f64455d62b1b2d2e19e4d	d917551d04f6ecf32470a9b786815f3c67fec1ba97300d6e8d6f0007ceb1b9ca	PASS
IV/28	19	exr:iv28-expand-11	87543cc4e69a21c51aa9a23e3663d7c61060016ecbb98b22dc6fe1dd71b9a734	7d57fd4345644fb34ee1c5f03f2ab03d355f9ca367cc91ad9189a2480532b4b4	4f3f7a8b64cf7b57409aca8108e244c3a910d72d899dc63784c723c6beb2ce9e	PASS
IV/28	20	exr:iv28-expand-12	c99839e3cd60cc15ca87c22cda504d3b815c5e4e5b9f0fcad6f0601ce99cf92e	1852ea196f739cee80c64acfa57428381876ce4b7a423f50e4becc82abd1df96	4c9384a36583910f85a4e35d297c2593f256a5e53e75a0280e9003d7b308d2f5	PASS
IV/28	21	exr:iv28-expand-13	f07f920f5ea13027b4a49175d797e99e2ffb8ad673d94c8ec3a4a15459b946ac	f62d71e9731f4da8963930d6c1f78ba037a12522afdfb6f5e4ee99420fee0308	cecb7d3fc7e90374134fad1b9f58434bd0d8681b9846ecc3688799e7e782f61f	PASS
IV/28	22	exr:iv28-expand-14	af25919a5fd0249546aad80d834938113fd401b246fe8e426e1c649a8810a516	944ad48e6a7afca90cf1e075c22d42f71a41a621d7f57b4ddd36e53d926e5e88	ee36a744cbcdd874648ede16391454d7cd3088796cf6757f2bee23efffab49cf	PASS
IV/28	23	exr:iv28-expand-15	029973b69c67ea355880f087b21c10f29dbd028535d06fd6104fd32d4063daa8	624cf41b7989cbf0cdfa4591dcfe0e8afeafa3978bb521a89ff69fe399885574	78715e4391b30960cb184d2ba131ed1df7c8487e7314c559e332f4db28aeed73	PASS
IV/28	24	exr:iv28-expand-16	13a236cd36c03d03ea710a2e15b30abd00c58b3a0a5bf6c345c7d787a6b4dbd0	090841b9de10bc2e6b0fac00f6c3371dddffbaa960ffbd93d58dac1e92011137	7a0ccf012e0605721578a0913f198528ffb605df55cf5cac0b4fed35af9c64a2	PASS
IV/29	1	exr:iv29-01	22a7b6abe52329dc4077a34e467c6bb27827baf220692b4db5b2bbcaf38b1114	f24bd5cfda687b552141098f4d70b2396fc0b54efe44ec8a7371f58f5a89fc64	0105dc8c56b06c258d5e9f9ab369515b47d90c41630b5f41ad0c93aa6b746acb	PASS
IV/29	2	exr:iv29-02	aa895974afa4b2e5bf8cd4da8e605ceca90215855ac8edfb18b4cd104d5be6c0	4796f80bbc59320b22a5369547ee33717ed6c7e80cdb992cade340107fa96713	4583e8cf9950070b9f3f1c99e4e775b88dc673b867630b96a86918e5361e3d05	PASS
IV/29	3	exr:iv29-03	0233cfba44a3f0ec630aec02960d7d039495449dcb89f0b385efe5f76e1da70c	55f33a12aa6a36c3cab10f299eb0bcd063fcde12d4d1b0e522d542ad906e4343	5146b93902e4986fcc624b8ba12e4a3e82d8ed92d17231513813584d984314b4	PASS
IV/29	4	exr:iv29-04	a3c61185f98e46124b42811df5daae42b79d47a5a012b8e874fe03cd14f2e2cd	fe82b615b21fe8d88459ae17b61dd392be1c0ef9cd8b7ac4b0c96365e72ebbfe	3e992b22fd832138acaa741ef58afffa269f369c67ee6e336ef5329e6d7cb9ce	PASS
IV/29	5	exr:iv29-05	04785c3b57dc6cfa32d4f0fe6bee079d434a67a0a83b055eeee8dcffd5e0582f	8c519af91ea7c27c514364908049e36b2376befcecf5a65a8004341cfb0a7f9c	3918a9f425115248a23b00381bec248060b85528e0bd6e8a8ba8c06deb6a657d	PASS
IV/29	6	exr:iv29-06	1f4853c9ccd3b643ba38494df96d1e2b8b46cda7e5c77cb921f477639704000c	b416586990d638fe312b2f4393029c351e9047648d43495f27d69198d6d5431b	469da34900222952c52a6a3403ba827f14d6d4d1fca8e0ea3e06cb87f7744463	PASS
IV/29	7	exr:iv29-07	61c9a2941f9f8f8202168343591bdc38d8336ba3d0d8cbf4b3e43d9c53a171ff	04ec52512cbacc20f6cc12bbd930ad6b657d92e2ec2c3572f5b0693356d5a297	ae27d0a2e936124b8053c894eddf25b854988ad925e30d82c565fb77fdfe9a88	PASS
IV/29	8	exr:iv29-08	9b04c51f8f04594c9970f83508e2cc0d49e2eeef07434dd9093987101c4ceaf4	4ec9ca4b1f7d9b092cc16d67fc45210881170570f79047c237ba16c8a87a6b33	0657e0fcf475b8711295e0bce43ec36c975f223dd23dafc705362c8acb51d6fe	PASS
IV/29	9	exr:iv29-expand-01	455bc3671912911ed969443f5345b98ac455c4361e77b11fd2507e015b4af50d	9f3e65a31cbdf51e1079fab2a318a2c393ace0e451d6754580a6c8666a45fd50	4e4ac1c03136092cc737e795bd2c9bba50b641ac2a7105e0e772ddd4b1570e11	PASS
IV/29	10	exr:iv29-expand-02	d0edf93fbaa806bdae8c01488c9090bd27f0e16606bba7b8922c0402558b7fca	871a5d7713a80f66364c5fb9ea4f60c2670dd56b9a8c7fa7b2448e26c41330b6	34458b90a1098140f6e4014f51c0a26ec6cb33203a0180405cff13a1eff41a44	PASS
IV/29	11	exr:iv29-expand-03	4a3ed01f1af3607e378a2421c6f81efb719409a3ec9c8d37c8d327495f91cbbf	d335311a1f829f6ca6c83ece7324e86a66d75fbf31fcfeb89f3d8ad3510a4f63	c6dea26b2980e09b3c2886e0551694f5604ad65e9a035ad792b59de354908a9e	PASS
IV/29	12	exr:iv29-expand-04	021596ad411b573a88b75c6bec45153253dd821fe937bcbf78ce4ad073573ae3	3ed63d688b6a74d06ea171b93e361a59d506ce89ee718d889e88e973ce66f457	bd23efd5915b8bd0beed3472716512d7192aabea0f520aebe00afa997e4bf4cc	PASS
IV/29	13	exr:iv29-expand-05	fcf4a4fd1f97bbe4467ea293e2403f60841988c46a48da76141a05627fadaa13	3b603b43d8ace9facee296ef86a9e4b638c6cee33f6ae53b223bf8ec98e6da63	91bfabb59662068dc20ee8d9ca6cf4ceabfb81058628ebf51ff0824e50b3a424	PASS
IV/29	14	exr:iv29-expand-06	464f05b965b38455b67eebb6566d3cc73c2f1755b506f5227c98ac20f749ff23	29b7f960e8938212935ee6f904d460637879a8ceb2240fd7d1b9bed6f8775a3b	e494094414c3761afb13bdbdecebfbecc1e093335699e7df54ddb30a58f34253	PASS
IV/29	15	exr:iv29-expand-07	9fc5df70ba3f34b81b1a944a692adc7b2d0f42af3eee9fb704a02dec352327bc	ab26a2ea68b89051f56a7eecd0f6b540e652656b8b91cb282b2772c68067cac3	7f9145cb846410e0ae43100b1c1c1014f1f96860cef43954b4acd27b5a250107	PASS
IV/29	16	exr:iv29-expand-08	9c186caf06452c3c60d8ae6125dcf7a85f9ddde0bd3e8c0538ec24608de616b6	78b05632d9196d96de0a249dc80764cd9f6d1e353adef007a43b2c4f3778d231	fbda22e343c8ca05e01056283ff99f315154fe6a842beb9b2089d033b0dcb706	PASS
IV/29	17	exr:iv29-expand-09	0adc6ed31836bd882c7caaf0fb418df25bc4f6138ffe6fae7700bbddd51c37b4	6ebde38c3d237dd06f13f1f527eca13d6c6e0eef8e44dbc190f33375b53be31a	24777f9de6e7957ef97170c585e6ec095720a93c1cd6392cb4252f900fa11de0	PASS
IV/29	18	exr:iv29-expand-10	be1d9e60f24b2b7c99e58baf1d5678c28d94429e043332378da15313b9d6cb89	d2c9f2be04aafa7fe596438b69806e8e2601a8a5865845778e33ddf1b6114541	a13c09c15c132164b304a613d115079181627d65c01bf35e451d8900b680b2eb	PASS
IV/29	19	exr:iv29-expand-11	832645d759459752ae7df264c12ad585ff445630faa8f3f1a2071e740dbfbd76	370a081fc7f53ee4280746b84769dd93798cd75d19d458153505b9f7179bc58b	82f3f49c5f673487cdfec601b9ecc224d3a664449532f928f6de7d7e9581fae6	PASS
IV/29	20	exr:iv29-expand-12	f9fb17f20165f40dc6e50eff254321f0f33e265ad2a215bf88ba5ca1d11f490f	f427e373969522a59c8bbce32d78272c13a197be816b3c87e779f61f12336b23	a29fe7e24cd7e658fb5e4ffa0048fae4e0180a05d8485ea72f02ca1c8ae6feb0	PASS
IV/29	21	exr:iv29-expand-13	5f755f0e07df0b433c9a0dd4a8ecaf1a3edbdc3034678106b6720c44a362065b	4c5820075dca67e828f206528a26be6b4f06f0c51cbcc087b972fe6f0ef41838	002a0cec8e5d8a8457c7a51aaa50cdfb87d0b9a67eb1b8d9d879583ffe6a52ce	PASS
IV/29	22	exr:iv29-expand-14	0bc7e8a3171be9e56bafc297ec52a9bf0aa5b23c88ade9abf12d38a70d7f30d8	1c768b1f34ad6d0404dcabaaa50ae99d546ebe449ee6dba37532a41be37ce634	53d16214a5b8f4018dca41e1dafe2cb666c34fd960719d79bd0439b8bb702314	PASS
IV/29	23	exr:iv29-expand-15	cf902c31327ea62866e0ea56e34f75f37a3f3dd56a678c08028e6f054773fca7	ad3e41258f5921f304861df7d6ebd8ed1cdb639cfeb4e7b00aef78dcc984f7f2	f3d25dda90b6402a08a6d7178802ead8fb9d08c332a9386bb520bd9759e53843	PASS
IV/29	24	exr:iv29-expand-16	1294d7dc1ccf0886183c792bf6c5a96bb8dabb215dcaf12df7018b1c25591e27	62ebca9140b2725ddd6edaa735192da0d86c373308a3c84c92c83b8a8133c777	9b6fc0ef7b60411ec8eed35f867cefc332aa56e8d1e0bd3b21dc2a48f5e3af83	PASS
IV/30	1	exr:iv30-01	e50db6acf78611deecde0a4247e0fc72aa74539e7fcfe782244394f69dca5f04	c4c79eecf071c3fc664d76e474b2011e54f4a1acf4296586efa577911e41290e	405cb4ddb7bd7ca7bb95ed250e368884edcc4629ff8bd00e128970be2dea8fbf	PASS
IV/30	2	exr:iv30-02	95c56c68da4f6f1bb57d0376300cd3a59a393c7caed045baeaf55d7ff76aa6c9	5a8e36a7d61c4c649b171551427033e9b21846df2edbcb297ca7f459fd2bb811	7233fef2a6474163c12ff1fdb783396cb0b05b4d9e5e50e487af65465bf2144d	PASS
IV/30	3	exr:iv30-03	73410f8a6612bc567652b99749a918e0fd7791eb4f1bc4b21e25c50116bbed0d	1a58d8e125292e9e40e29a0fc7abdb56a9890ee25a0fcd836a8c3adb33e19d3e	278e9d94c474f60f22ede6afdc356b54bdcb3a91d1fdedb675ce3310611ddb7a	PASS
IV/30	4	exr:iv30-04	8ae6448a52b7759e5e6443be5ad5db6abd67cb794365d2385710893fe6c5ae64	920df44c0874604cb5f05117ba40a94f5434f2b46a9ef2e978171814f3a414df	e9a8f674e5e8b6cb7e3f2fe3845a9cfe4a1a0317f3dc8eabc31be9b9d56365f6	PASS
IV/30	5	exr:iv30-05	fb65525fd76352077b52bf4b2c9b8c12ce4a679a6e81d76df52c0bcb635a67fc	41099a3499bf602e6ba3910f934fe555ffbd2cd2081103c710a313f93b7cfa22	e8b0aa8d6459b6117836eebcd6833fcf55d31920f25e6bd16ffbbaa93dd6dcdc	PASS
IV/30	6	exr:iv30-06	26ebbdc1e9e99b5866390d8046b4ee8dfd7c77cd48c2ec8648a4c9248f66e8c4	f7d42d33b4f356cb6157430c1b7e566d31166349915a935b8888d13fcb946fef	637704bc57955009b87e117064fc2f1017cff41561d50a212edfeafd7d27f1c0	PASS
IV/30	7	exr:iv30-07	def40bea0447b20523fc4d6a12f5c8b882c57d70bd6e4da30c80777cdd88dad4	6bc6c166aa6eee168a3a11f4126dfc3d5c2c32f24f8f7bfc5e799bbffad2a8a5	b9c8cfbc4523841caa3b5fd5f2dbe0b8c74b80a286219f3d89d915d497cd72c2	PASS
IV/30	8	exr:iv30-08	e2228ad8e0c677e1e8d456fa40cdea9f749b9d736363096fc2ba02c134e80730	d5288f029ff3f46fd7c167624efacb5eb7fa7b3ac5b865415b8ed65e565fb8ca	adc869ee08109bb14e7c40da766f070553c1193c3e1eeca1324ea2624c73922e	PASS
IV/30	9	exr:iv30-expand-01	cefd168f8ba38a22cd08e953ba4da4910873a53b7d3350885b3ab127a6069030	8d480118a749fa46f1d430dfebd18ad0cbe42e354aa1ee276fd639a7493ef65b	e5d31d4478b9a09ff24ffedc62aac9febefd3a159a8c1d48f3236a6f0aae2a36	PASS
IV/30	10	exr:iv30-expand-02	239cc7d10539cea196e328dd7fcf66c9c87717d7e390bf8b89ee690f948d1563	7eb6398b85d47aafd4369e1f40aefac4f25630c00a2dfbf840de32202b1ba72d	a74ced29c4a56a96517ce3bf905c86484d51825ece1b77562fd20a05aa3bfc89	PASS
IV/30	11	exr:iv30-expand-03	47e8c1b04fd6ea559caee632d9a81be84a5e5cee4b2e885526553132ef022eb1	267cb63cb1ef52da2ff76f061452f09aa803adde46b45f5d4a4a9c7f3021a0e1	03f8e008a09f564b57522762e00d7aace6479ac4e782fdb07db3125203cfe87f	PASS
IV/30	12	exr:iv30-expand-04	cb4c4232b15e5fa1f5b4fe457bd657bec15e8f250e205fecafd3c16361048b9d	afccd99ec2d6a9a48f8558d5cbf5b224af511bcc382969743c3d4e9122263a34	c6bd59949a6755cc9107a6399829b285885d6dc0b1c4b46cfba8fc68bb143fe3	PASS
IV/30	13	exr:iv30-expand-05	a01c260fbdff3b11a2eb3dcf958d41a9c2c2e3a8600496f8bc694acaa781b74a	35192247fcadd8b93acc2995ccdd5975fe85c9b5c807e5e62960a892f5ef850e	4bb54638091e6f27d6082f52881c9d6caae31df1565461d3fd5b12c06d1b22b2	PASS
IV/30	14	exr:iv30-expand-06	e03c2119c2fdc7a6dceef9bdb5091de18b91e79d9f511ee9b34cc0f197e0c298	6a942eb14811d03b4a1f77a3139d6ddda0aef34f2014a073dd38eed9fbacf3c8	471b29043aeeea3e8d9ca6c22e1017564a140122c0a3e416f009cb53b8606b6e	PASS
IV/30	15	exr:iv30-expand-07	64c6bb668c09caa680eba26a1007ef0ad1b6cbbe898c63e512a84e76ef3977df	efe0e9968d9656f472058f3f5002798f46e8c5a8f06fd83450ced50112aafa83	e11585be8fa1a93081090223be2545b6450b4863d04cb21d42597f568bce74b1	PASS
IV/30	16	exr:iv30-expand-08	a3fe547763ebec98a6746ead93fd2fcb816f1d31148aaf5dae01a3ee237a5010	9d229897e3fd3bc6f18a0b9bfa8685b817602dc723e38e5947cfb1fe8359604e	9155a68b94a78e6859348682632354dc0faaeffa4f00c35c2b283d5300b96abe	PASS
IV/30	17	exr:iv30-expand-09	92d9bb2f188dcb4633ac0c30469d3a81cd2318d4a986f292217553a060b58283	65d46a6c8b49fadbf22c4100ac5e7f213b83d74a613579f58c3576b9c5c00b58	9e5d2329913ab904c099f9b9147b0fa2a67411ad407ed34e1d3e955fca0679b0	PASS
IV/30	18	exr:iv30-expand-10	5363515aa19cbe1c01643c9863d6f1eb36ed8c75bc966862149a96edd0e240ee	e2313c53b8e4c2a94886d0860948fb47f9b2b8e76b9d5d88fde74b0394e3a0d9	fcdd8f48b1ee57e235c6bab030e1b1b68e87d1fc50a851c3c10e249e9d222948	PASS
IV/30	19	exr:iv30-expand-11	519d53edab7aec0fd2414b2fbe8f74dfa26325406d882f44ad4340978d4047a1	6046450288b14703717a928412ba1dacd33a2899457857bd0fcb1a127681e983	a6fe64efae27ec220e485a7872ead99c8372092ca527be99df083475d2dbc54b	PASS
IV/30	20	exr:iv30-expand-12	0890f28319fd0fc9e47c2b5a03cd33a48643b534eb83ac20babe31598a00f519	51938808d9c20b092285c08cb778eb3541c9a03b529f033c51060387c4728c0e	c5daf259649b1731989f3ce6a0a7b9045a9f34428af9a22f64f33c616e235f0e	PASS
IV/30	21	exr:iv30-expand-13	cefbb5282de0b03f711652527bbdd87619a42b2a323c0504ec2b4b057629890a	ca352397115a1f87455ab308d8b64365321eb7d855f89ba80f5d5f46e3fde966	da9ceb14ca8420f2facbebd64469095ff37ab683ac54bf34a39402f225cef406	PASS
IV/30	22	exr:iv30-expand-14	dc952d3af636ed47b4b024260cb41857f6566cfb889d221e747d850255c2564b	244ed2f07a4c5349e4586acd3be46f50a9143dd632b177833667d556a342722a	5d8e7f347a5c218487e40d61be08d6e5742e7adfae588bbd7b0fa4f69f48972d	PASS
IV/30	23	exr:iv30-expand-15	fc967e5566124bafcd8b8fe1363c3c7db0386551d0314e793be272bf616661e5	8e4a59b32f0fd5e2f6fda23a00b16b0310206b158f808835a9b01a51a0209ee3	31de35c50584af0da9b0f01b6b34856c53189c14e4426226ea7babc4f2ec44b0	PASS
IV/30	24	exr:iv30-expand-16	e61593a0aabc0305e4db629e73b442f77c92cc61dc85ce91bab68257a6b1cd18	b26a6cf3c61a32d842dded679f1b47803dee24a562157b284ae0fb6332a8c501	958ae96419a420f31d19de69ed75ef317c5cf63a1ab23bb0d6b503915d932231	PASS
IV/31	1	exr:iv31-01	203aad34f8b25fa1c470ba9c67f9ece574fe532dd7ae358ee681aa9aa820651c	c3cdbc67d6aa9d6d72b120fbd2fe0d45f78084ae9224ef73f7f50205a9e8693d	37b958dd5ded8fd1b43a7e2a486cf4541ac06383838d7a8f9121f2990c0a5cce	PASS
IV/31	2	exr:iv31-02	218c5f288ab3609a41dcc95674a0171fc0b6dda0ed802079f78ba78a4a2e0532	15cfa9392313f2702fc23ba32cee63d3332ebf5a17a7fcd8e12460de380d5a6a	2fe8d1d935cd02ad029d9650fa1251b4eecd858b5514f7e613c93de3ecdc78ed	PASS
IV/31	3	exr:iv31-03	74ed4ac1ca5d91422a0e65ea128fae067e17bfdd2605e178ce32d05ea3c3ccaf	e7c2a2135f202f64678219edea437177363e3ccedf1a37dba24a49d5d372d2b3	3d8c1682f7b9bfa2479fa2c8696a49ca8b8e057c743e44632af65c8ced9e2b76	PASS
IV/31	4	exr:iv31-04	c5e8c5d76815965b1e428a465cd3f28a26f3da42a521e18a9494938aa93da4ad	7ac558d96d0218f96676493fa660220cedfbb95f95cbfc089883b79cea9d990a	8f2e454853b1a6f936fe5e4dbecf4dd490f7271fe313faf6597f66cb8b04dbcf	PASS
IV/31	5	exr:iv31-05	aa2b8caaa871f3be1a3c174a9c77191bda367d4a80f930dac7aadcc0f4bddb75	b88cc6f66441a7026ddfaa582fdd0473588558850085623f64c259e64ea48a94	08530c49cf534941479be2869edd9beebdbe6e4e0b526b4720ec57ea20d791d9	PASS
IV/31	6	exr:iv31-06	c2afb0d34c1e7527d70053b5fcea3401b2e5ad9d82572ef93eb5f1a08bd26488	63e98f39bb0743af17971148191d7aa4bd146b3672e66a098d09684421905157	1f16e602b80e83b09eddea15b81ade33fbcf8ca7077c09a41344dd288eb2f629	PASS
IV/31	7	exr:iv31-07	b094bd9355e153849b5593b670ec91b35d17bb4c7c5dd6f6c869b14f4ef39cac	7ac608b1e9fe8ba38b0807af54089d51256749d8dbf3224c8cc53dc376083d43	9eb65bdef6b011766beb8d989aa010541645773407d03e48f9328674f87414ed	PASS
IV/31	8	exr:iv31-08	5231b0e79bc3bca157c45975fc05a7ffdc55aadcb23eb972fcf3c64db95b0f3e	18c8bec46a62b845c405ce291a2369437cbd6895ade2b977f5dcfeb02da36510	f6f9baf129fa6743d7e198e54380cb00cf1690c493c8b6f2e24690b7393767cc	PASS
IV/31	9	exr:iv31-expand-01	6d9c51734f2a79dc4c3e42527a948d69b2ae230412789f6af20defb3420e64f9	a423abff10e297e8b9f2465136846d6237a420cda6955190382ba9e83e62111a	c5a26215be9a4029922bc8a9717d36d7fd219617de39b7322c0ca02a02a02f34	PASS
IV/31	10	exr:iv31-expand-02	9aabd6135bd995a944959c1afa2e93cd2b6eac7abffa2cfe4a2da0c8129e7410	ca6b5ead535e20e9dcf6165c0ff9fafd91c912993e0f98a875ac08fd798f76a9	eec0d87a68f907492f5065f2ab8a3340c775c1a6a4b4c71c91d96cb0893d2702	PASS
IV/31	11	exr:iv31-expand-03	5bc85f954a957ced564cf06026e8486d67d6313d855b8e047bc004569be256d4	9f15f70017c738241d6f09df371cf76a831c0073eb5078624b213bd67ec31f65	9b2eb8bb7aa5866f0225a958061d1d5acfdb5993eb3d447e0d4672977ff070e6	PASS
IV/31	12	exr:iv31-expand-04	2b7a7468e6ee0f957a02a306d817e7e974b290190f00d90c87f2e9992ca6a96d	29c7c573cdac46814eaed78292d1486db8b0421f5a860e86a9032a93e996ac10	7ff09c4cc850b21cd85ec862ca175df35e2f2eb0fae145bdb9ad306c71823c8d	PASS
IV/31	13	exr:iv31-expand-05	cdefeaf31b68e5585e2005ef6903607bfd9f1a2acf28aef278241789031ffb04	b4e9efd817a2f808690bc489e88ca02da0129e15c2eebd0e0cbc321d7fdc9320	83211f38863547a0a8775eed42f8455becf813d4a715014f201b304ee9f82cb8	PASS
IV/31	14	exr:iv31-expand-06	ebb700908c761e465bdac0f0dda287e3a9613749018e462f5959614d8ffd05d3	ae74e8323f1b5b0c54844fa2577af1fb329565be163828ffd1812eb0ffb1de9f	6da870154b171a476e49406e6fb5916322e309a2ae1a347fecd778077dd3f917	PASS
IV/31	15	exr:iv31-expand-07	23f3798ba6886e6cc2b75c5f7c37f53e0b06ae8682dd4b215e13563cc1cbfd4d	04dcad813529cbafb5d56614d4b7658d8b139255f7e9652d7eb9263a49edcb9b	512eb42a61def2429315f2445eb49bee16f65c0e16578b750ef205535d4c6bd2	PASS
IV/31	16	exr:iv31-expand-08	9c6fab57042b662b29a0dfcf28cbce18a1321eb2223826582ec5f10dcdeb0572	6ee372c862df90440925478bf5b597d9a82cfc2a047770de11507cb02a5077ac	b49546f5045d630dfc0f88b80e109cdd6cbd2ad5810d99574f6435d253a4ca14	PASS
IV/31	17	exr:iv31-expand-09	8ef977e16c0e3b050542c8223fbedf35e1c06040797fb422c41ad1ed11a83e63	4a482688d6de61badb170082003da156b189143675dfc58765a9de33b3f96b68	3501907a0417a0a3ecf07f98f6b0882cadf8f8223c3b0c97301986054507e16e	PASS
IV/31	18	exr:iv31-expand-10	7bfd3ceae971b08aba5016e4aaa390cb0ee7cc7b5b41345f4d0261e42d2b1114	1cdcb90d09e4f989c0f795902d7b2b4cb5e58d3c399c9a7fc7f5fa5f1e1a9911	16a63a2c91dc88aacce52945a389898e5f09d23efdfff15ce7d9877462a53d72	PASS
IV/31	19	exr:iv31-expand-11	acf6a7e407ac24b6c7ba8c778b163fad88c24a51c42bc3e22659f62cc8268216	370a081fc7f53ee4280746b84769dd93798cd75d19d458153505b9f7179bc58b	2735b3bfc77f0905485ba2339c5c3c9089c1c453db8ef915eda1de2b62f7bcc0	PASS
IV/31	20	exr:iv31-expand-12	a803a74f8056b261bbd4fefa844d6e53cd062a53edd71dc0051f9b304e8846b2	2a299d9d321280bc31b2e93d70757b8244b877e8f98ed570a48691f9b5971ea1	7aef4fd3bb59b75665371c95769e50275b2c7e5dd700fa7634ac278569baab1f	PASS
IV/31	21	exr:iv31-expand-13	2eea09d8dad72f950e2612f36bb179f25559203732c2828bab952c0b78f1f3f1	f20ad3acada2f239d1027493ee07d96a0e238e9548880fe3cabcd81ca90e763d	33d95d43b41d36ad1534e85dcacaea10dbb3ffa283d7877ddc3f3597a7704fde	PASS
IV/31	22	exr:iv31-expand-14	774cd3b8926980b60304db5f8cd8f5a01256c29306a510e18ccb9b7cffbe3c24	7f3593629ebc89a9621f9c151eca4ec5be64212ddb59432b8430c516176049c4	cade5e0a5a0db4de8d8056d6209fac97930abdd26dcced7226e6be9175d67c20	PASS
IV/31	23	exr:iv31-expand-15	5a70b82a7783157e5537b9dc0351d0d429ac016860af85001fc6d3b402fd40d6	24aed85e05200233d0b0c11f97db34630b94ee88f201b94697bcf380315d62c2	7b14100dc0e1d7a2ce815c136cd68f5c1e3e44140986ff991d9f77635a783a28	PASS
IV/31	24	exr:iv31-expand-16	5e4a8a7f05b06501aeaddf4bcb8c14210fd97638b86d57a4b25cae82fe0cddfd	43993db8cbae0fde96dc20e3e3f70d6690e44c053e7d6089199ea3597105bcb3	b15307fc642b80ab4926ed9621e3376deb49748510bc0549a543879a876e33d6	PASS
