chapter	ordinal	label	title	source_line	hint_sha256	hint_words	own_solution_similarity	nearest_neighbor_solution_similarity	duplicate_hint_count	status	hint	notes
III/01	1	exr:iii01-01		211	f0b91c97906eeba3d2efa7db6030bf9df3dbaae68ce210e7f3e9e15b5e9b4dbf	19	0.2368	0.0455	1	PASS	Check closure under complements and countable unions first; the remaining sigma-algebra operations follow from De Morgan's laws.	-
III/01	2	exr:iii01-02		221	f298bf669412197e227ac1a57dc4fa5960a6736e4943884b30a28583eeadca49	16	0.2424	0.1081	1	PASS	Use the generated-sigma-algebra definition as an intersection of all sigma-algebras containing the generators.	-
III/01	3	exr:iii01-03		231	3253b04bcc41434428869e8d57c1beb4828222a5a0d985ad8ca7ec404e5dce00	17	0.1579	0.0000	1	PASS	For Borel measurability on \(\mathbb R\), reduce to intervals with rational endpoints rather than arbitrary open sets.	-
III/01	4	exr:iii01-04		241	3175fa5a8c9e1e91799408c11d02dec757e7836f9f94d395a03b4fe6ce8ff592	18	0.0769	0.0244	1	PASS	Derive monotonicity by writing the larger set as a disjoint union of the smaller set and its difference.	-
III/01	5	exr:iii01-05		251	3378ca50069ccdd2b6dc3e44b753c45f9d7bec4a634c1b9cb86a6562dfe38f6d	14	0.1026	0.0938	1	PASS	For sigma-finiteness, exhibit an explicit countable cover by measurable sets of finite measure.	-
III/01	6	exr:iii01-06		261	452e106aa6e89d3c4d8f68377abdcfeadfa3320a55343fc1134c0803d14e6e1c	11	0.0000	0.0263	1	PASS	Disjointify the increasing sequence and apply countable additivity term by term.	-
III/01	7	exr:iii01-07		271	4e493ade02e6837b4caeb74ae71a132430b8bf86613c92efc45ce1ed7654f34c	21	0.0286	0.0278	1	PASS	For continuity from above, subtract from the finite set \(E_1\); that is exactly where \(\mu(E_1)<\infty\) is used.	-
III/01	8	exr:iii01-08		281	e11bccefbe7139768aca7b9ce0c1d1de1dda002fa0abebd7be0f6f89400b3939	19	0.1389	0.0526	1	PASS	To check completeness, start with a measurable null set and ask whether every one of its subsets is measurable.	-
III/01	9	exr:iii01-expand-01	Generated family	298	c476143dcc08a60f133e131cb330c35da307b7f101d87cb8a6aeab5180885b82	5	0.0000	0.0000	1	PASS	Close under complements and unions.	-
III/01	10	exr:iii01-expand-02	Continuity below	308	217a600fa14f54e05199018746ccd6375bf1095ddf226f529a64d72a9757cc31	4	0.0000	0.0000	1	PASS	Take the monotone limit.	-
III/01	11	exr:iii01-expand-03	Subadditivity	318	6848d0bc71d37f1c7745804de2a9305a3850e6985c6a19aa79352149e18c7a38	2	0.0000	0.0000	1	PASS	Use subadditivity.	-
III/01	12	exr:iii01-expand-04	Sigma-finite line	328	13f0c3ea28c763040973e6b3b9f3a453144df1b98d50213da5b8ced12ca59dd4	4	0.0000	0.0000	1	PASS	Cover by bounded intervals.	-
III/01	13	exr:iii01-expand-05	Null completion	338	a05ad4e7327bf81d2af5d08be405677a511bd049ab290fd52c6bf3e78ae32d48	4	0.0000	0.0000	1	PASS	Use completeness and monotonicity.	-
III/01	14	exr:iii01-expand-06	Monotonicity	350	a7a607001187bb2395b712038dee485765a2725137a23882fe698b23f99cf051	6	0.2857	0.2500	1	PASS	Write B as a disjoint union.	-
III/01	15	exr:iii01-expand-07	Continuity below	360	1d3debce3cfc1bfcdfe549e63a1efd63f593eec683b8b7f77e80abbda5e9f3ac	4	0.0000	0.1429	1	PASS	Disjointify the increasing sequence.	-
III/01	16	exr:iii01-expand-08	Continuity above	370	c6120fa1a5dcd0419049a88b5fe192e63ae1e0de9acd65ab0569434e691d37b7	7	0.0000	0.0000	1	PASS	Apply continuity below to E1 minus En.	-
III/01	17	exr:iii01-expand-09	Subadditivity proof	380	f955378d2c9f5bcc4966110ce22d9e8c21c1cba5581f507a3b248ba459fd0646	6	0.0909	0.0000	1	PASS	Replace sets by disjoint new pieces.	-
III/01	18	exr:iii01-expand-10	Finite-mass necessity	392	50363d0e3ad8bff0f42379b6fa1791667fda52e339b27c6d120f076b672dfe53	6	0.0000	0.0000	1	PASS	Use tails of the real line.	-
III/01	19	exr:iii01-expand-11	Algebra not sigma-algebra	402	8a5051846bfe463efdc2727dd476f7c418fa5e85a7fa2b302a4ca355b5603fb1	8	0.1818	0.0000	1	PASS	Use finite/cofinite subsets of the natural numbers.	-
III/01	20	exr:iii01-expand-12	Incomplete measure	412	50e757d3abdd238c50c039ecf04cf5fcc47a6ea877632d446766e6e6b568f64f	5	0.2222	0.0833	1	PASS	Look inside measurable null sets.	-
III/01	21	exr:iii01-expand-13	Probability events	424	dbdcd8898d12b5d9bf9af1829fa2e71aed84506fb29b1e456e67598be490c85f	3	0.1000	0.0000	1	PASS	Union their events.	-
III/01	22	exr:iii01-expand-14	Null modifications	434	41c9844f51704c6c6305a0ede3789d548d3a908f5e2784aba3b1d5e5f5c5e5d0	9	0.2727	0.0588	1	PASS	Exceptional sets can be arbitrary subsets of null sets.	-
III/01	23	exr:iii01-expand-15	Rational generators	446	8a19b8be204b6f0a6388d8e21e454834129cf7223df9ed207dd030cca1b4e7d2	8	0.1875	0.0286	1	PASS	Approximate open sets by countably many rational intervals.	-
III/01	24	exr:iii01-expand-16	Borel versus Lebesgue	456	7a309ec78122372cf4c74d35a03462d6c028b8dd365ba0a9b776938044670553	6	0.1333	0.1333	1	PASS	Add subsets of Borel null sets.	-
III/02	1	exr:iii02-01		208	28ed5597817f10b0692a07762be6161c444727fb9054c2c94ebc28ba40caa04f	17	0.0909	0.0811	1	PASS	Use the inverse-image definition: test \(f^{-1}((a,\infty))\) or another generating family of Borel sets.	-
III/02	2	exr:iii02-02		218	2ecea0015f628d476b7dfbf46abe16650ed41948e7dd708693665fa936ced5c8	15	0.0000	0.0000	1	PASS	Reduce measurability of algebraic combinations to measurability of the coordinate map on \(\mathbb R^2\).	-
III/02	3	exr:iii02-03		228	54c66b9008e42bacbb229dfaae5a8dfa2ba3274a7171c2b9e07827b081bfc366	20	0.0244	0.1111	1	PASS	For pointwise limits, express the relevant level set using countable unions and intersections of level sets of the approximating functions.	-
III/02	4	exr:iii02-04		238	1dc93be035e3204b10e2b6c566ba02df913aaab70628f88d992ed0ea5c437e5c	11	0.0606	0.0882	1	PASS	Approximate a nonnegative measurable function from below by dyadic simple functions.	-
III/02	5	exr:iii02-05		248	6c47b5085491ce3370307020b6e5f78d1e2db2f1a2b67a624017442c1dbfecec	16	0.0857	0.0526	1	PASS	Write the distribution function as \(\mu(\{|f|>t\})\) and compute the level set before its measure.	-
III/02	6	exr:iii02-06		258	a97319df5b0c15040d202e29c6f2dd9eb7ff1ecacdb0c0e825c0574b0b79029d	14	0.0000	0.0541	1	PASS	Almost-everywhere equality means the exceptional set has measure zero; identify that set explicitly.	-
III/02	7	exr:iii02-07		268	f5b0b9781a0d81efe5ae0cc717378589e2f05da06771e05b30bb6c52e8ba8c5d	20	0.0833	0.0571	1	PASS	To prove measurability of a supremum or infimum, rewrite the level set in terms of countably many measurable level sets.	-
III/02	8	exr:iii02-08		278	689355f53194a139d796b812611d89b045d02f51032af751fa0563ba6ac63c8e	19	0.0882	0.0263	1	PASS	For a composition, verify that the outer map is Borel measurable so inverse images remain in the sigma-algebra.	-
III/02	9	exr:iii02-expand-01	Indicator	295	5da43197e8888ea7bc52ed04504be6c8c297bcc18dce2daa6d515078e97b54ee	3	0.1000	0.0000	1	PASS	Inspect threshold sets.	-
III/02	10	exr:iii02-expand-02	Absolute value	305	1f7c1a29c9ff60fd8b6a10e7552a6f121eb87aa4b4e86771e647c9723200d139	5	0.0000	0.0000	1	PASS	Compose with a continuous map.	-
III/02	11	exr:iii02-expand-03	Maximum	315	2d004dcf8143b23f753a5b82466a7b9a4065a32eea3224a614130f739058b6e3	5	0.0000	0.0000	1	PASS	Use algebra and absolute value.	-
III/02	12	exr:iii02-expand-04	Pointwise limit	325	5ea36fb5e838fca494cf3a257272f938ce999a27fbcd8f84f0093358168fafe3	5	0.2500	0.0000	1	PASS	Use the pointwise limit theorem.	-
III/02	13	exr:iii02-expand-05	Simple range	335	ced383159ff7b6fca5df5ff201c0fd381360602de23f184327205d26ab9ceb6c	3	0.0000	0.0000	1	PASS	Recall the definition.	-
III/02	14	exr:iii02-expand-06	Ray criterion	347	83132a600df342a533d3420d950d3d75a648b2a0852eb1c35136bc47baf06144	6	0.0000	0.0000	1	PASS	Rays generate the Borel sigma-algebra.	-
III/02	15	exr:iii02-expand-07	Supremum	357	d127265cacb9fa89437b31d221b525eea708fb2665ec33a783e64cc8a13c45ae	7	0.2000	0.0000	1	PASS	Write a superlevel set as a union.	-
III/02	16	exr:iii02-expand-08	Limsup	367	987cf54c562c813cdc9700ae4ad6e39e44ac06c4e3a8da0265ca082d9de3ea95	6	0.0000	0.0000	1	PASS	Use tail suprema and countable infimum.	-
III/02	17	exr:iii02-expand-09	Simple approximation	377	8aa51435855ea81617c6c32de8d5358460a3285e4a7eb363b0cbdeae7e70abb7	6	0.0000	0.0000	1	PASS	Refine mesh and raise truncation level.	-
III/02	18	exr:iii02-expand-10	Nonmeasurable indicator	389	adce7eb1971fb628dd095a532858e634b2b3561c88211f005fd60bcdbf3e70ad	7	0.0000	0.0000	1	PASS	Use a threshold such as 1/2.	-
III/02	19	exr:iii02-expand-11	Incomplete null change	399	f06cc0cc385f19325302f710d29077e76d5cae97991e890668c89556e5bd6a5b	9	0.3333	0.1429	1	PASS	A subset of a null set can be nonmeasurable.	-
III/02	20	exr:iii02-expand-12	Pointwise intuition	409	681fc77146044e3a01cb8691ab6d072a06d53a9f8d27bed100f8950695cd3bad	9	0.1538	0.2500	1	PASS	Measurability concerns inverse images and the chosen sigma-algebra.	-
III/02	21	exr:iii02-expand-13	Random variables	421	0db9d71671208e922850e55b0e3880b558c1642390c3c8d01d7a925e72f3aca4	7	0.0909	0.0000	1	PASS	Events such as X<a need probabilities.	-
III/02	22	exr:iii02-expand-14	Quantization	431	3666752caa3ac04af6ca385f5a3257b042bb1a1c4cb7de53466832601a8eed93	8	0.1538	0.0769	1	PASS	They use finitely many values and measurable regions.	-
III/02	23	exr:iii02-expand-15	Composition	443	471cfcd0ac1a0b54fa43f1b8c3abfe82ce577b82a33df0597bb4b6225f5af3b3	3	0.0000	0.0000	1	PASS	Take inverse images.	-
III/02	24	exr:iii02-expand-16	Tail envelope	453	3b5fd930650a11b5d6eab02808c0b0bfe08daa0386b7a7a9728e6b324158fc0c	7	0.0000	0.0000	1	PASS	Removing early terms cannot raise a supremum.	-
III/03	1	exr:iii03-01		212	e31284b3e901c32675efa68f532d6f848e91d6ed850ab40889204c87317b1324	21	0.1562	0.0606	1	PASS	Start with the simple-function formula \(\int \sum a_k1_{E_k}=\sum a_k\mu(E_k)\) on disjoint pieces.	-
III/03	2	exr:iii03-02		222	a354469ad9a4095709c4670d3d83fa86014798c977a6a8bf1a8d22cd89ed9a9c	18	0.0857	0.0811	1	PASS	For a nonnegative function, choose an increasing sequence of simple functions and use the defining supremum/monotone limit.	-
III/03	3	exr:iii03-03		232	be224b1b9a4f4d6616c15ae8c2b0b2341959381a9d6e1caa52265650a5b013d5	18	0.0345	0.0556	1	PASS	Split \(f\) into \(f^+-f^-\) and check that both positive-part integrals are finite before calling \(f\) integrable.	-
III/03	4	exr:iii03-04		242	c2af4c13dbf14a4889e12f191d74193c33defab4a5811b2e15b99be500f36c34	16	0.0256	0.0294	1	PASS	Use monotonicity of the integral directly when one function is bounded above by another almost everywhere.	-
III/03	5	exr:iii03-05		252	9933e83597bea1138ffd3612a8726e657a37e57f4b7475591128b4a7f5a45249	14	0.0000	0.0294	1	PASS	Linearity for signed functions is safest after verifying absolute integrability of all terms involved.	-
III/03	6	exr:iii03-06		262	f5f11a61be72734bdd59286d341ef82f7012dfbb5b0c89676320720bd82644db	20	0.0278	0.0270	1	PASS	To compare with the Riemann integral, use the common simple/step approximations rather than treating the two definitions as identical.	-
III/03	7	exr:iii03-07		272	1e4c3539b600977436122d22ca193fd2d8bb3b202e3df5f4d2341494b2e322a8	16	0.0294	0.0645	1	PASS	An infinite integral is allowed for nonnegative functions; distinguish this from an undefined expression \(\infty-\infty\).	-
III/03	8	exr:iii03-08		282	ff9cd4627ed769bcbef61157875166496f368a9f013efaf396b601e861e7e107	19	0.0000	0.0000	1	PASS	For truncation, replace \(f\) by \(\min(f,n)\) or by bounded-support cutoffs and then pass to the limit.	-
III/03	9	exr:iii03-expand-01	Simple integral	299	13d8a409f77ed5735bd6a7c10d72a18ef67f59b6c05df7e1fb46e31e48078a9a	4	0.0000	0.0000	1	PASS	Multiply values by measures.	-
III/03	10	exr:iii03-expand-02	Indicator	309	739b59382fdac2fb97f6a7508a0e85abb809b1b99b8fb725c02c61a109572280	5	0.0000	0.0000	1	PASS	Use the simple-function definition.	-
III/03	11	exr:iii03-expand-03	Positive part	319	9db1967ac8169909e3d6c81fd3e369c3f5f3de251cc4ef0e3d9a7f7ae5749711	4	0.0000	0.0000	1	PASS	Keep positive magnitudes separately.	-
III/03	12	exr:iii03-expand-04	Absolute inequality	329	496d8e42eea2de8cadda478a69d24d16cf0a7551de0ad5053d41094b3de40498	4	0.0000	0.0000	1	PASS	Compare f with |f|.	-
III/03	13	exr:iii03-expand-05	Set integral	339	11cf88130811f7cb3cebb38c9074232f3ee471964c31380934495d13ee0bc50d	3	0.3333	0.0000	1	PASS	Use an indicator.	-
III/03	14	exr:iii03-expand-06	Zero criterion	351	f17dc104c2eeaf24c5ed9d0c8401246fae383629027473b6910247c4e535eb5e	7	0.0000	0.0000	1	PASS	Use level sets where f>=1/n.	-
III/03	15	exr:iii03-expand-07	Monotonicity	361	abf5dadf6631fe47e39c5e05b0f90bb7ffef0089d976984f0d7af703e4c5631d	4	0.2500	0.0000	1	PASS	Compare simple lower approximations.	-
III/03	16	exr:iii03-expand-08	Absolute inequality	371	183eed603338cf806026ffae50076d3d4d2d041db1d274658d7932f81593580a	4	0.0000	0.0000	1	PASS	Use -|f| <= f <= |f|.	-
III/03	17	exr:iii03-expand-09	Null invariance	381	5eddeb9c39afc4c1f7f371ee8fc127f778373a8cd7ba4c51a9e688f91ebb6a08	15	0.2000	0.0000	1	PASS	Use that the integral of a measurable function supported on a null set is zero.	-
III/03	18	exr:iii03-expand-10	Undefined signed integral	393	a94941a115ae0fa9707a82cc1ce2cdc5cb7a2e48957e283f4a1600889fc404cc	5	0.0000	0.1667	1	PASS	Use 1/x around zero.	-
III/03	19	exr:iii03-expand-11	Finite values not enough	403	c3d327b03e2183bdccd91cb3c2202e128f74a978001822c30fc7b6dbe4c60aa0	5	0.0000	0.0000	1	PASS	Use a slowly decaying tail.	-
III/03	20	exr:iii03-expand-12	Lebesgue not Riemann	413	7d16716ca3569d73a6269046833b9becf7771ca7d805df0efc64ee55dcd78d21	4	0.0000	0.0000	1	PASS	Use the rational indicator.	-
III/03	21	exr:iii03-expand-13	Expectation	425	c849a562221c8099c8397f40780488f433d6dcd8f9f2272670aa968cd32801ac	10	0.3750	0.0000	1	PASS	Probability is a measure and a random variable is measurable.	-
III/03	22	exr:iii03-expand-14	Sparse corruption	435	de61333ab7875656a264c8c72b442e1451d2056379129d3a6f1571bf6b2b634f	6	0.1000	0.1111	1	PASS	A finite set has measure zero.	-
III/03	23	exr:iii03-expand-15	Layer-cake	447	fe2a96b3521eedcf8316bcea09cc7adae772752758defc34946dba1c55819b8f	14	0.2857	0.1111	1	PASS	Represent f(x) as the integral over t of the indicator f(x)>t.	-
III/03	24	exr:iii03-expand-16	Power singularity	457	25c8ac9d87a5aa10b216e44146f77918e6f3f0f06ebdf601095a8b22d1706a2d	5	0.0000	0.0000	1	PASS	Integrate the power near zero.	-
III/04	1	exr:iii04-01		212	98b6f9ca14c82747d899e643ba78257866b881be1f1a19fc62c6f159022db9d9	19	0.0857	0.0606	1	PASS	For monotone convergence, check \(0\le f_n\uparrow f\) almost everywhere before passing the limit through the integral.	-
III/04	2	exr:iii04-02		222	a1cf1733f1cb2cd473c8d6f3786604d38c68619bbf9b353210330bcd6aa6ad17	17	0.0303	0.0250	1	PASS	Fatou gives a lower bound for \(\int\liminf f_n\); write the liminf explicitly before applying it.	-
III/04	3	exr:iii04-03		232	777ae308fff91f79161759b7b173ff406edb9020be303400016258bf4ea18538	15	0.0588	0.0357	1	PASS	For dominated convergence, find one integrable \(g\) with \(|f_n|\le g\) for every \(n\).	-
III/04	4	exr:iii04-04		242	facc076eaa83b752dfc450744ea949d730ac1a82befd133229a3e6f24278034f	14	0.0263	0.0263	1	PASS	Do not replace domination by pointwise boundedness; the dominating function must itself be integrable.	-
III/04	5	exr:iii04-05		252	2926e36de1fdfc3fcd8b549ce7a1fe93fe38fa3f45606c6cab70c698df96fe61	15	0.0000	0.0286	1	PASS	To build a counterexample, use moving spikes whose heights and supports defeat uniform integral control.	-
III/04	6	exr:iii04-06		262	2b0a8a0fcc1ab53d172b3b2d2c29149c2e242936e4bd7224d2763d8fd28cb01b	16	0.0303	0.0857	1	PASS	If the functions change sign, apply Fatou to a nonnegative modification or use dominated convergence instead.	-
III/04	7	exr:iii04-07		272	d9528d4682a3f342fc944527eac50a9b6493c0ec575bfa30bae71c25b26d0faa	17	0.0256	0.0909	1	PASS	Separate almost-everywhere convergence from convergence in measure or norm; the theorem only needs the stated mode.	-
III/04	8	exr:iii04-08		282	06fa7950ccfb10999d404ebd1f41fcee34189e8057dc0ca3c8f6c7dad596c79c	16	0.0571	0.0526	1	PASS	Choose the theorem with hypotheses you can actually verify rather than the strongest theorem you remember.	-
III/04	9	exr:iii04-expand-01	MCT limit	299	4e01574bfb4279d1958f7251c449ea146279407febb742705b8b357b5719abe1	2	0.0000	0.0000	1	PASS	Apply MCT.	-
III/04	10	exr:iii04-expand-02	Fatou	309	161a1e97fbbf7beb8e42e3842c8c0c2d5911fc45711ec39773e01ba12a49d009	2	0.0000	0.0000	1	PASS	Use Fatou.	-
III/04	11	exr:iii04-expand-03	DCT	319	fc2109502c8c026a3d439813f0f3577ab7ee553c24ca8c7c158ed86f119ab53c	2	0.0000	0.0000	1	PASS	Apply DCT.	-
III/04	12	exr:iii04-expand-04	L1 to measure	329	eef5be93eaa51d04f2c8fad07a84538607c610a6805ba4f96187ea2045726746	2	0.0000	0.0000	4	PASS	Use Chebyshev.	duplicate-hint diagnostic=4
III/04	13	exr:iii04-expand-05	Series MCT	339	1745ab9084d3341473859e8370232f5b075374924bc07a8c38ac92731becf564	3	0.3333	0.0000	1	PASS	Partial sums increase.	-
III/04	14	exr:iii04-expand-06	Fatou proof	351	2e646371dec9f213e04e630e9e9421d6e0516f83d4a234c4e089c95a59b7011a	9	0.0000	0.0000	1	PASS	Define g\_N as the infimum of the tail.	-
III/04	15	exr:iii04-expand-07	DCT integrability	361	73c8d0e644bb192f332aedbc59be5b98991678da722a505a44ebd525102fa756	10	0.0000	0.0000	1	PASS	The pointwise limit is bounded by the dominator almost everywhere.	-
III/04	16	exr:iii04-expand-08	L1 implies measure	371	badeb5c548c29ccda3fdb16acc3dccf570f221a4978b1ebe93ec76532259dabc	5	0.0000	0.0000	1	PASS	Apply Chebyshev to the difference.	-
III/04	17	exr:iii04-expand-09	MCT series	381	353e8fa898315f74b1b252b72a0b92710e8c065ae5ba400de394fb1d63f480fa	6	0.0000	0.0000	1	PASS	Partial sums form an increasing sequence.	-
III/04	18	exr:iii04-expand-10	Moving spike	393	0e79cd835f467a339982114afb11773621d4e12f1c0e792069c21c2739c5b54b	6	0.0000	0.0000	1	PASS	Use n on (0,1/n).	-
III/04	19	exr:iii04-expand-11	No dominator	403	971f13fbe1764bf23b3c0a803e49c246d455bedfe088929142ceb7577ca6b4a6	9	0.0000	0.0769	1	PASS	Any dominator must be large arbitrarily close to zero.	-
III/04	20	exr:iii04-expand-12	Signed monotone caveat	413	874d4e9491afc8417aa8a300d3e1bcddc797faccc085f0985d17f4e9ad418ca7	7	0.0667	0.0000	1	PASS	Signed infinite masses can create undefined subtraction.	-
III/04	21	exr:iii04-expand-13	Expectation limits	425	e820c5b174bb9fdf6b68a42a52ded4c197e00b8b081cbd4ed2374b5a1250cedd	3	0.0000	0.0909	1	PASS	Expectations are integrals.	-
III/04	22	exr:iii04-expand-14	Domain truncation	435	f9686f47d9d699320e928c0d79560dd7cd7caebb732df78cc4039bfc58e735a5	7	0.0000	0.0000	1	PASS	Use f times indicators of increasing sets.	-
III/04	23	exr:iii04-expand-15	Scheffe insight	447	3646c86f287813b8b67ac075df14713859fc1917c264904c376de98afcce97d8	5	0.1250	0.0000	1	PASS	Compare min(f\_n,f).	-
III/04	24	exr:iii04-expand-16	Uniform integrability	457	3b0f276c387bc44c2b16386b25408ec01109b8f6accab7dd14d2984a745caf92	8	0.0000	0.0000	1	PASS	It prevents substantial integral mass on tiny sets.	-
III/05	1	exr:iii05-01		209	f82add5890f878bff00caa9b22c38d1dab2957aaed839b4a6669255de2eb0f2b	17	0.1667	0.1250	1	PASS	On rectangles, start from measurable rectangles and extend to the product sigma-algebra before using product measure.	-
III/05	2	exr:iii05-02		219	9ea183e4621f6d6c9451f7d5cf50722fc1fdf302f6a2e021bb1c3c76ad7e49cf	18	0.0000	0.0000	1	PASS	Tonelli applies to nonnegative functions even when the integral is infinite; use it before worrying about absolute integrability.	-
III/05	3	exr:iii05-03		229	df8891b51fc1e8dce071bbf15b86fa1f1868f20189a42a3dd646810ce2ce7924	12	0.0000	0.0270	1	PASS	Fubini requires integrability; check \(\int |f|<\infty\) before changing the integration order.	-
III/05	4	exr:iii05-04		239	858ec072e32426b57f57586da12f47a43ec1637c3b8ea6fe62a30cd3e274d134	15	0.0882	0.0270	1	PASS	Compute the inner integral as a function of the outer variable and verify its measurability.	-
III/05	5	exr:iii05-05		249	2aef7dc97c5f545ad0e743947e44e3c74182e06552293b05666cc7a5d230e75a	14	0.0541	0.0556	1	PASS	For indicator functions, reduce Fubini/Tonelli to measuring sections of the underlying measurable set.	-
III/05	6	exr:iii05-06		259	fa843ebd5a62e12d87f45a4657801fde1565e1edf63bcf4ab75dfb561a5cf6c5	15	0.0500	0.0000	1	PASS	Sigma-finiteness is structural in standard product-measure construction; identify the finite-measure pieces explicitly.	-
III/05	7	exr:iii05-07		269	4b828319f9bf9562f0446b0a8df56c4fa398264de14728f8202be798144204d3	17	0.0000	0.0000	1	PASS	To expose failure of Fubini, look for conditionally convergent positive and negative parts with infinite total variation.	-
III/05	8	exr:iii05-08		279	5f15a2f8c832919d5cbf55e50f923d0ea7b473408590f71a4e241b9d835ee502	20	0.0476	0.0000	1	PASS	After swapping integrals, compare the two iterated expressions to the original product-space integral rather than only to each other.	-
III/05	9	exr:iii05-expand-01	Rectangle	296	e5968c9ac90b40468f38bfdbb3209042bb10a3241b921567d06294706cb1d584	1	0.0000	0.0000	1	PASS	Multiply.	-
III/05	10	exr:iii05-expand-02	Separable integral	306	6fe02f919108fffc99df9de4c966dcd18d2f549825cbb327bc765e08aeb61771	4	0.0000	0.0000	1	PASS	Factor the iterated integral.	-
III/05	11	exr:iii05-expand-03	Section	316	4eeaec9b39fc127fcd3d3eed73816301352925aeb9fb3e18774e4f5e2cc567ea	2	0.0000	0.0000	1	PASS	Fix x.	-
III/05	12	exr:iii05-expand-04	Tonelli infinity	326	2cecb52d4bf9a4cd285bfd336638d0b68d952698b5366040dd2c06d8893f53d5	6	0.0000	0.0000	1	PASS	Use equality in the extended sense.	-
III/05	13	exr:iii05-expand-05	Fubini criterion	336	42fee4fb8ae009b81b59ba29e5e075ad67e1c2f3f5716f875aeb661dec59360a	3	0.0000	0.0000	1	PASS	Check absolute integrability.	-
III/05	14	exr:iii05-expand-06	Rectangle rule	348	25bb6c82ab709a4bf0802e522dad9e6370588949e95c8086b4092168728259b3	5	0.0000	0.2000	1	PASS	It defines the product premeasure.	-
III/05	15	exr:iii05-expand-07	Tonelli proof	358	8a2c78ca3a2f21f62fa9ce19cd87e5deb3b0c9d638b55b04538817b994c8dd54	6	0.0870	0.0000	1	PASS	Indicators, simple functions, then monotone convergence.	-
III/05	16	exr:iii05-expand-08	Fubini from Tonelli	368	03987f083cfa5093b28779035e79d3e3c01d9196b9036d5877a7201c7acb7beb	7	0.0000	0.0000	1	PASS	Apply Tonelli to |f|, then split signs.	-
III/05	17	exr:iii05-expand-09	Section measurability	378	c0325dc9bc38a938242b79a0a506e6f688a5adcbbd642ccfad8ddb6bfc3d14e6	7	0.0000	0.0000	1	PASS	Iterated integrals require measurable one-variable functions.	-
III/05	18	exr:iii05-expand-10	Conditional order	390	1f5b8970acb2118c762e96fd1ef9e4cdf6ebd1929c2bae136f4ccc115444d018	5	0.1000	0.1111	1	PASS	Cancellation can depend on rearrangement.	-
III/05	19	exr:iii05-expand-11	Sigma-finite caveat	400	2f308755a380cbc55b7b33b5559fdea521a55c33aa4d3d56ade101654f508dfd	9	0.0000	0.0000	1	PASS	It supports extension uniqueness and standard Fubini/Tonelli formulations.	-
III/05	20	exr:iii05-expand-12	Iterated existence	410	0881612a33e25ac3e2f074b3ea0f5881574350c1ce50cb4381d3eb923ea838f0	5	0.0000	0.0000	1	PASS	Absolute integrability may still fail.	-
III/05	21	exr:iii05-expand-13	Probability	422	bec53d61670559260c2f8ec6771c2f61dc66d13fc57dc469dcde4c68e0d3e0b2	5	0.0000	0.0000	1	PASS	Use a product probability space.	-
III/05	22	exr:iii05-expand-14	Convolution theorem	432	c41bb05697699eafdb2a18b57fb2a07b580092bd02224c23c6602c04b1037ef2	9	0.0000	0.0000	1	PASS	The transform of a convolution is a double integral.	-
III/05	23	exr:iii05-expand-15	Triangle domain	444	b19b95a79a339fc53ccb852d0cbf9293eb902fe1695db9ca1c9f6b23a8b66a00	7	0.0000	0.0000	1	PASS	Describe the same triangle from y first.	-
III/05	24	exr:iii05-expand-16	A.e. section integrability	454	d09022027e8872e86ca85810f2e079923cbef9394e13e7a45390f9b0a4fc29cc	4	0.0000	0.0000	1	PASS	Apply Tonelli to |f|.	-
III/06	1	exr:iii06-01		213	4efedbb445f5cf03bfb5f2a74b4e7694150da599b7c71de71e577d17f3e7c659	16	0.0000	0.0323	1	PASS	Compute \(\int |f|^p\) and examine the singularity and tail separately; both regions must be integrable.	-
III/06	2	exr:iii06-02		223	8d30e7c0e6ec0705f33600e793a1b7dde46a7b09396b5341ec9e3119684c4ce5	20	0.0588	0.0714	1	PASS	Remember that \(L^p\) elements are equivalence classes: changing a function on a null set does not change its class.	-
III/06	3	exr:iii06-03		233	88d7bab8f625d9aab9647611667917a83d59ce4e1df1fdd81f3a529921815037	21	0.0250	0.0000	1	PASS	For a Cauchy sequence in \(L^p\), extract a rapidly Cauchy subsequence and use summable norm differences to build the limit.	-
III/06	4	exr:iii06-04		243	9f4ef5ed02e70630cb995f0632941e02c8c42e84a528b90f3e812c603b072ac5	17	0.0303	0.0000	1	PASS	On finite-measure spaces, apply Hölder to compare \(L^q\) and \(L^p\) norms when \(q>p\).	-
III/06	5	exr:iii06-05		253	eb77d9757f3247eec8a8328900e93bba6c6c04e1753650c5156b703f2a30bcde	18	0.0000	0.0882	1	PASS	On infinite-measure spaces, test inclusions with power-law examples instead of assuming the finite-measure relation survives.	-
III/06	6	exr:iii06-06		263	3c9aba28043990f0a14faabd0fb7de7c94d64a3ddf73259f68840bebca849c89	17	0.0323	0.0333	1	PASS	Use truncation in size and support to approximate an \(L^p\) function by bounded finite-support functions.	-
III/06	7	exr:iii06-07		273	a23f903bb25e008e462caee513a2649e588e8ed5b6fe4ca2d147d70c605ecab3	20	0.0278	0.0270	1	PASS	Norm convergence does not imply pointwise convergence of the whole sequence; look for an almost-everywhere convergent subsequence if needed.	-
III/06	8	exr:iii06-08		283	60a62ddd214ef61d837351b3121c804f852bd068651b0b50adf01b56a86d09a6	13	0.0278	0.0000	1	PASS	Check the endpoint \(p=\infty\) separately: the essential supremum replaces an integral formula.	-
III/06	9	exr:iii06-expand-01	Power singularity	300	0c5f13d79a71997fc234a23ab4f173545524dd2fdbbb7de4bcd77c3a83bb95e4	4	0.0000	0.0000	1	PASS	Require p/3<1.	-
III/06	10	exr:iii06-expand-02	Constant norm	310	3cbe34369b1c80b4b8cd8de75d24e53e7da8ea80fb131a1b3bb28fe7b45067f7	2	0.0000	0.0000	1	PASS	Integrate 1.	-
III/06	11	exr:iii06-expand-03	Essential sup	320	b4c97929f3ac28232853b0fcdc7f6e42365ac26afe24d386890f573f08726473	3	0.0000	0.0000	1	PASS	Ignore null exceptions.	-
III/06	12	exr:iii06-expand-04	Finite inclusion	330	6830297bd5a5735548385948bece09f25a694f444b67ccd352286abd9a7dfd19	4	0.0000	0.0000	1	PASS	Use finite-measure inclusion.	-
III/06	13	exr:iii06-expand-05	Chebyshev	340	eef5be93eaa51d04f2c8fad07a84538607c610a6805ba4f96187ea2045726746	2	0.0000	0.0000	4	PASS	Use Chebyshev.	duplicate-hint diagnostic=4
III/06	14	exr:iii06-expand-06	Norm zero	352	99c952367ee6c678f8e6a1e27dc02c2265d9e238372a50b8a13e1fffe4f66530	9	0.2500	0.2000	1	PASS	Apply the zero-integral criterion to |f|\textasciicircum{}p.	-
III/06	15	exr:iii06-expand-07	Finite inclusion	362	caaf84b859b445768e0ea038441dbf65c4cbd22fd5b7ebf75c1324c5099884fb	8	0.0000	0.0909	1	PASS	Apply Holder to |f|\textasciicircum{}p times 1.	-
III/06	16	exr:iii06-expand-08	Lp to measure	372	459ea682d13b8fa2732ecaa1a27c95e71f09fc8c9740b4259f7a9fb866b63f8a	5	0.0000	0.0000	1	PASS	Use Chebyshev on the difference.	-
III/06	17	exr:iii06-expand-09	Truncation	382	8a0be733afed95dcfa47113f13a6a254810dacd7cde59656ed45f8e995079fc8	10	0.0000	0.1000	1	PASS	Use DCT on the p-th power of the error.	-
III/06	18	exr:iii06-expand-10	Infinite measure	394	18b25e4ffacc7c89c930550916323418dcff84f3079b609a0ec10e4beabdb014	6	0.1000	0.0000	1	PASS	Use power decay on [1,infinity).	-
III/06	19	exr:iii06-expand-11	Pointwise not norm	404	725333f1495c669e106e2161aa5e7faff3f5e0d88f2f788a302ff7fbf631d2b6	3	0.0000	0.0000	2	PASS	Use moving spikes.	-
III/06	20	exr:iii06-expand-12	Norm not pointwise	414	9ba0684cc98744fa0d1fa62f9c062ebf5ffd9f5fd158d2e09332512836e96bb9	7	0.0303	0.0000	1	PASS	Use a typewriter sequence of moving supports.	-
III/06	21	exr:iii06-expand-13	Energy	426	9e10e8a01a9653bdf515c3d4f1c4c81d489436cff61b10649a68b7e0a79086ae	6	0.0000	0.0000	1	PASS	Squared magnitude and orthogonality behave well.	-
III/06	22	exr:iii06-expand-14	Worst case	436	4f90483c983a749f4c6cb4f5d51bc997dd6138d771e61d640282e27f19435e78	4	0.0000	0.3333	1	PASS	It uses essential supremum.	-
III/06	23	exr:iii06-expand-15	L1-Linfinity interpolation	448	a1c4a77c00f9ab882f3de2fad2672ca026809a292d683923394845a5c5b1abc9	4	0.0000	0.0000	1	PASS	Factor |f|\textasciicircum{}p.	-
III/06	24	exr:iii06-expand-16	Completeness strategy	458	fa5451a2780232cd7071fcd40698ebd53d737aec5277c753fb503a1564aa8433	7	0.1818	0.0000	1	PASS	Choose a subsequence with summable norm increments.	-
III/07	1	exr:iii07-01		219	9c6b1592047ddd699caec2c26dd28313a4c5c4e596019962f6d5e5a4e52dad5e	20	0.0667	0.0294	1	PASS	Choose conjugate exponents with \(1/p+1/q=1\) before applying Hölder; the exponent relation is part of the theorem.	-
III/07	2	exr:iii07-02		229	6875c5803aa5232a2d372b6b4e9f462d019b04b879b1098f3b2b085e4c6813eb	19	0.0303	0.0312	1	PASS	Normalize the functions by their \(L^p\) and \(L^q\) norms if you want a clean proof of Hölder.	-
III/07	3	exr:iii07-03		239	0ef3f5cac4a9c9091878d022a2d33a7d93fd4bb492bfb6853237faa87b207a6a	17	0.0000	0.0370	1	PASS	Apply Hölder to \(|f+g|^{p-1}|f|\) and \(|f+g|^{p-1}|g|\) to derive Minkowski.	-
III/07	4	exr:iii07-04		249	6e7f2ffa1b5fc3743b02f5ea56f87c555a03d9574f63297fe518fea527585932	12	0.0345	0.0345	1	PASS	Interpolation exponents are determined by solving a convex combination of reciprocal exponents.	-
III/07	5	exr:iii07-05		259	91c993f50f17e934c2ceb19230f5ecc3a4a92bea3dc3a8ee17de814d7cb140b3	13	0.0769	0.0312	1	PASS	Equality in Hölder requires proportionality of the appropriate powers of \(|f|\) and \(|g|\).	-
III/07	6	exr:iii07-06		269	aea23942d30a8995891dcfcc4ca5b9823ec544e6009445395c455d51bdb676de	16	0.0286	0.0000	1	PASS	Use Hölder to bound an integral operator by separating the kernel factor from the input function.	-
III/07	7	exr:iii07-07		279	8c68f75ed241fed705148c3ea101c7a06a5be51456c9f216e1ae1bee7915c2d1	18	0.0625	0.0526	1	PASS	At \(p=1\) or \(p=\infty\), check the endpoint form rather than dividing by a vanishing conjugate exponent.	-
III/07	8	exr:iii07-08		289	8ef6220c8cdc30ed3cddaef9721adc70805cb7e7b675fce82e610972be93d754	19	0.0244	0.0000	1	PASS	Track every exponent through the estimate; a correct inequality with the wrong target exponent is not an interpolation result.	-
III/07	9	exr:iii07-expand-01	Conjugate	306	e69ac91c43184f25429dbfc7a1d633e0000df4c5b5e80b30ed5f626221348458	6	0.0000	0.0000	1	PASS	Solve 1/3+1/q=1.	-
III/07	10	exr:iii07-expand-02	Holder bound	316	4093bc0bde835e5a4506661eef86154acc10e9c90c32a5fb5301199431ca8353	2	0.0000	0.0000	1	PASS	Use Holder.	-
III/07	11	exr:iii07-expand-03	Interpolation	326	766ae0488c9f5af39a5201937d5f34a43b125df9d65a1d751e31c7db2a8d95c0	2	0.0000	0.0000	1	PASS	Solve linearly.	-
III/07	12	exr:iii07-expand-04	Minkowski	336	4538d14090cd2a84b2183bb47cffaa3c06c55a638b614b18b6b8b61b1a498ff9	3	0.0000	0.0000	1	PASS	Use triangle inequality.	-
III/07	13	exr:iii07-expand-05	Young p=2	346	755069b4c1c995675f7779758c738d9523a21555bb9728fa240bd16aacb6f999	4	0.0000	0.0000	1	PASS	Use the quadratic case.	-
III/07	14	exr:iii07-expand-06	Holder proof	358	72117eb9eb0a9c8da6c14d1d37be12e1bca8a93486c28dcb62bcb6b6a52d1e2a	3	0.0000	0.0000	1	PASS	Normalize both functions.	-
III/07	15	exr:iii07-expand-07	Minkowski proof	368	fb2b980448ce452c650509413b46b0d05f6f0a95e3bd3d2700fbdc394085cf7d	9	0.0000	0.0000	1	PASS	Pair |f+g|\textasciicircum{}(p-1) with |f|+|g|.	-
III/07	16	exr:iii07-expand-08	Interpolation proof	378	7c80d9b214c441e3afefdec5107d19a3ca24b27d45a97f7998997289a91a5107	7	0.0000	0.1111	1	PASS	Factor |f|\textasciicircum{}r into two powers.	-
III/07	17	exr:iii07-expand-09	Equality	388	904516c9fd5a88c2b13ed68ada0321280471d17a01283ee3181335cd1a27508a	4	0.0000	0.0000	1	PASS	Trace equality in Young.	-
III/07	18	exr:iii07-expand-10	Wrong exponents	400	d05dfa0518a2474a164e3369d39c4ec29128a7d402a9ca621ff555482f84d69f	7	0.0000	0.2222	1	PASS	The powers must combine to exponent one.	-
III/07	19	exr:iii07-expand-11	p below one	410	9f344889a7e064909ae6e4a4377a58bd64431f0dda95338607d3061c1c481304	3	0.1200	0.0000	1	PASS	Triangle inequality fails.	-
III/07	20	exr:iii07-expand-12	Equality rare	420	d9464eac69cd5b9fbac195bc0384c866b4d5a374dc6ef6f7fbdf810731f29464	5	0.0000	0.0000	1	PASS	Equality requires proportional powered magnitudes.	-
III/07	21	exr:iii07-expand-13	Moments	432	48dd6a3060fdb51b274660f2c97a0dd5c69d6e7dd621fa93f293acc5eaadac56	6	0.0000	0.0000	1	PASS	Use probability measure and conjugate moments.	-
III/07	22	exr:iii07-expand-14	Kernel operator	442	210e9d8f31adf05b40c994d3cf51421b2fe11fc7bb1f8dc5799031eb17061d73	6	0.2857	0.0000	1	PASS	Pair the kernel section with f.	-
III/07	23	exr:iii07-expand-15	Dual extremizer	454	9a1d4d712c42b2cd0c8243dfab09635a315e9bf75e5c73135f3c2d8fd177b300	9	0.0000	0.0000	1	PASS	Use sign(f)|f|\textasciicircum{}(p-1) and normalize.	-
III/07	24	exr:iii07-expand-16	L1-Linfinity to L2	464	a5fba4645f8edd910003ebb6e7c40b097525d5a5f6e04eb51d64c295e68ffe4a	1	0.0000	0.0000	1	PASS	Interpolate.	-
III/08	1	exr:iii08-01		215	fd860813c7fa3a9e04cd9edf779b69eb77651d491a2f0b06238387c90a78c36f	17	0.0882	0.1579	1	PASS	Egorov needs finite measure; choose the exceptional set first and make uniform convergence hold on its complement.	-
III/08	2	exr:iii08-02		225	1686696e1d1e11e999f9acbde0a5c3a34f0b65f5705e603d52421ec3dadeb8f7	15	0.0270	0.0263	1	PASS	Quantify the exceptional set by summing the measures of the bad sets in the proof.	-
III/08	3	exr:iii08-03		235	8be23bf47615307c6dd583087d1e0b3b96c5de3508b0874f450a708f83417409	21	0.0000	0.0238	1	PASS	For a Vitali covering argument, extract a disjoint subfamily and compare the original set with an expanded union of those balls.	-
III/08	4	exr:iii08-04		245	c476ef3058f5ad4199febc62e9da0f4c4d396353edbbd197d9b2e0d4d12dae09	14	0.0294	0.0294	1	PASS	Compute the level set \(\{|f|>\lambda\}\) explicitly before evaluating the weak-\(L^p\) quantity.	-
III/08	5	exr:iii08-05		255	8d562154fbdf4cf7a5134230b5586be0159ad2d045a397321eb280f860d3fc25	23	0.0571	0.0571	1	PASS	Weak-\(L^p\) control is \(\sup_{\lambda>0}\lambda^p\mu(|f|>\lambda)\); optimize in \(\lambda\) only after deriving the level-set measure.	-
III/08	6	exr:iii08-06		265	f6ed9279039e60352db0ff1129221ab29dd1ee3d9d34d485a7e7b286f4f2d389	18	0.0714	0.0312	1	PASS	To separate weak and strong \(L^p\), use the borderline power \(|x|^{-n/p}\) on a suitable domain.	-
III/08	7	exr:iii08-07		275	5d06183d0fbc4a83c0fa0e0c460473faeb7e358a58d99eb893139162785b4580	17	0.0278	0.0645	1	PASS	Strong \(L^p\) implies weak \(L^p\) by Chebyshev's inequality; write that one-line estimate first.	-
III/08	8	exr:iii08-08		285	8c8566e79ba46016e479424a1dd903484044873efa1048f2821458835ccbf17f	17	0.0000	0.0278	1	PASS	Do not use Egorov on an infinite-measure space without first restricting to a finite-measure subset.	-
III/08	9	exr:iii08-expand-01	Chebyshev	302	eef5be93eaa51d04f2c8fad07a84538607c610a6805ba4f96187ea2045726746	2	0.0000	0.0000	4	PASS	Use Chebyshev.	duplicate-hint diagnostic=4
III/08	10	exr:iii08-expand-02	Weak exponent	312	a0e40216fcaa3b62a936f407de6e4d97b26bf060d50d879b01e600bef132d5fb	3	0.0000	0.0000	1	PASS	Match the exponent.	-
III/08	11	exr:iii08-expand-03	Critical example	322	25d3a51fb486e9cb6c28815d89884cea3a2a564f1dc8e09b8bb637a285af318a	4	0.0000	0.0000	1	PASS	Integrate x\textasciicircum{}(-1).	-
III/08	12	exr:iii08-expand-04	Egorov hypothesis	332	9f772e62be0e4f06c54b90b9481cb4def9d7d8f772c92f87dd25ade93d05e8f7	3	0.0000	0.0000	1	PASS	Check the theorem.	-
III/08	13	exr:iii08-expand-05	Measure convergence	342	07123b96adefd69f083d4721baa0fe81e68673ad90397d736837b4eced963ecb	3	0.0000	0.0000	1	PASS	Use bad sets.	-
III/08	14	exr:iii08-expand-06	Chebyshev proof	354	c36eebb4b9af2a747f17edeaa423af7649a2d745d83782b187d6dc9f7de246ab	10	0.1667	0.0588	1	PASS	On the superlevel set, |f|\textasciicircum{}p >= t\textasciicircum{}p.	-
III/08	15	exr:iii08-expand-07	Egorov mechanism	364	240b92eb54956833a975bb579009898e569e0ce9ac00b5e4d9d88ae23394233a	10	0.0000	0.0833	1	PASS	Track points where the tail is not yet uniformly accurate.	-
III/08	16	exr:iii08-expand-08	Strong to weak	374	eef5be93eaa51d04f2c8fad07a84538607c610a6805ba4f96187ea2045726746	2	0.0000	0.0000	4	PASS	Use Chebyshev.	duplicate-hint diagnostic=4
III/08	17	exr:iii08-expand-09	Vitali split	384	0ba7989e153971df6bf7a52fb031db80a1eae303d8df747d4c441ceee2d73dab	9	0.2500	0.0952	1	PASS	Separate small pointwise error from a small exceptional set.	-
III/08	18	exr:iii08-expand-10	Infinite measure Egorov	396	2dabcc14cd3cbc3b6c70803c7478374724e749772462f19645d358fe6ae602dc	5	0.0000	0.0000	1	PASS	Slow convergence can drift outward.	-
III/08	19	exr:iii08-expand-11	Weak not strong	406	765d2b9ff98eaf4f8702d848d56b0e551fb787bb24e1044940576e6e4e30e54a	8	0.1000	0.0000	1	PASS	Use x\textasciicircum{}(-1/p) on (0,1).	-
III/08	20	exr:iii08-expand-12	Measure not L1	416	725333f1495c669e106e2161aa5e7faff3f5e0d88f2f788a302ff7fbf631d2b6	3	0.0000	0.0000	2	PASS	Use moving spikes.	-
III/08	21	exr:iii08-expand-13	Critical PDE tails	428	295f330033f931b93df911fa8ac05d1dd3dacc329ecde1d0ff285c0d468135c8	10	0.0714	0.0000	1	PASS	They preserve scale-invariant tail control when strong integrability fails.	-
III/08	22	exr:iii08-expand-14	Uniform integrability	438	73a9da3df0ad33a80d297735256b9009a92e64ecedd2685dd02a5942bd3746a7	8	0.0000	0.0000	1	PASS	Small sets cannot hold large integral mass uniformly.	-
III/08	23	exr:iii08-expand-15	Weak quasi-norm	450	1ac01d451bcb04da23faf9036389382f9518bfbcc4515076c96d1747603cfec3	6	0.0000	0.0000	1	PASS	Handle t<1 and t>=1.	-
III/08	24	exr:iii08-expand-16	A.e. subsequence	460	24d0d9a898f4f173262bcca5ef8200d7e3d6fe8940b42a55fda2667713a8fc8a	8	0.0000	0.0000	1	PASS	Choose a subsequence with summable bad-set measures.	-
III/09	1	exr:iii09-01		226	d6fd63b8fe4eb28764f3ebc2c70316f1b1519f430f3642c3af56319a40bcfb5f	13	0.0000	0.0000	1	PASS	Use parity and periodicity before computing any Fourier coefficient; many integrals vanish immediately.	-
III/09	2	exr:iii09-02		236	72c73f21b1008c452ac14cbf069ca3b0dde7c14c7aff3d479d960d963d763c74	17	0.0000	0.0000	1	PASS	Write the partial sum as convolution with the Dirichlet kernel to see where localization and oscillation enter.	-
III/09	3	exr:iii09-03		246	33c428dcc7bc197e5125ad8e511e367bc767bcfbd5d8f7baa6ae32820e71f81c	20	0.0571	0.0571	1	PASS	At a jump discontinuity, the limit is the average of the two one-sided limits under the standard convergence hypotheses.	-
III/09	4	exr:iii09-04		256	bb6b07f23ff8447d08a5fb49e2704df6a734a37e3b7e70b6aafd1e17c559f216	13	0.0000	0.0303	1	PASS	Orthogonality of exponentials or sines/cosines turns coefficient computations into inner-product calculations.	-
III/09	5	exr:iii09-05		266	45dea1a9cd4ee6c44687b8f7dc7d461e7aca11dea20ca1a3e3538770df4f65bb	16	0.0000	0.0000	1	PASS	Parseval-type identities require the correct normalization of the basis and the period; check both constants.	-
III/09	6	exr:iii09-06		276	e72344dda97150b80409a6266b220f3c8b313b1530e3b852d08c1db6dea18fcb	20	0.0208	0.0312	1	PASS	To compare pointwise and \(L^2\) convergence, separate what is controlled by norm from what is controlled at each point.	-
III/09	7	exr:iii09-07		286	0f62a38f5854d912f03835a1e743e9c566a1f87315383113900c2820f7c8eee9	16	0.0455	0.1053	1	PASS	Gibbs behavior is localized near jumps; inspect overshoot in scaled coordinates rather than expecting uniform convergence.	-
III/09	8	exr:iii09-08		296	efc38152fea3229281c722615476e6ee109be7b7d1753942cd85d6e3df78c11a	18	0.0000	0.0000	1	PASS	For coefficient decay, integrate by parts only when the function has the needed regularity and periodic boundary compatibility.	-
III/09	9	exr:iii09-expand-01	Odd parity	313	7eb6398b85d47aafd4369e1f40aefac4f25630c00a2dfbf840de32202b1ba72d	2	0.0000	0.0000	1	PASS	Use parity.	-
III/09	10	exr:iii09-expand-02	Single mode	323	e340108970cafdaa995383e2eac4c594159efa282c458573709bdef7eb6887f5	6	0.0000	0.0000	1	PASS	It is already a basis mode.	-
III/09	11	exr:iii09-expand-03	Jump value	333	41d83c20e2187b866849e2aa8138b75bcb9bf72d50f02313f0d900a5f3014977	1	0.0000	0.0000	1	PASS	Average.	-
III/09	12	exr:iii09-expand-04	Orthogonality	343	1764f255c9a7168eb9eee8266cd07dbbdab8cc42b9ed0f30f26f5e3d85721cc8	5	0.0000	0.0000	1	PASS	Use parity or product identities.	-
III/09	13	exr:iii09-expand-05	Bessel	353	60c12cd18d16edc786d8f88a7cce137a4d467d2c7028dc43d9b8681096667485	5	0.1250	0.0000	1	PASS	Coefficient energy to function energy.	-
III/09	14	exr:iii09-expand-06	Parity proof	365	9291346f6442126e54dd1662352808cee7cea8540e0c1845193084011ff43615	5	0.0000	0.0000	1	PASS	Odd times even is odd.	-
III/09	15	exr:iii09-expand-07	Projection	375	1204411dc7cfe837dc7a5f3aab0e2b4b556ffe23024162c4b2eedde748e0b36b	5	0.0000	0.0000	1	PASS	It is an orthogonal projection.	-
III/09	16	exr:iii09-expand-08	Bessel proof	385	f6512cd72ba85b629b0eb4463f3cc03e205212aa716ad46a5312f75aaa6fdffa	4	0.0000	0.1667	1	PASS	Expand squared projection residual.	-
III/09	17	exr:iii09-expand-09	Midpoint principle	395	39c9804ca1ca4454a7d974028d6d7400f5e9861ffde6f8711bb5b2da11c52847	4	0.0000	0.0000	1	PASS	Use symmetric kernel concentration.	-
III/09	18	exr:iii09-expand-10	Uniform discontinuity	407	8cdd8d2a15af5c5bf4756562655b1fc3a143eb136742f207def02086ab689cdf	7	0.0000	0.0909	1	PASS	Uniform limits of continuous functions are continuous.	-
III/09	19	exr:iii09-expand-11	Bessel not Parseval	417	5ce354e2b46eb04098e94fd8215b7ddfd8a0ca9690859d9a8f5382dc9f87aeac	3	0.0000	0.0000	1	PASS	Completeness is needed.	-
III/09	20	exr:iii09-expand-12	Gibbs persistence	427	e28da8824e27ec7e0c208da5ceb65b17915fdf21897825649843788ecc8dc84a	8	0.0000	0.0000	1	PASS	The kernel has a universal rescaled jump profile.	-
III/09	21	exr:iii09-expand-13	Spectral compression	439	26174221c5abc7b992852e2e345d1caf292f2f630956a4ad517062d6b496b240	4	0.0000	0.0000	1	PASS	Smoothness gives coefficient decay.	-
III/09	22	exr:iii09-expand-14	Edge ringing	449	8e1e8a25e1227770d36227507cb566bae7f2928a69be02e3d2c20a50cb5abc0a	4	0.0000	0.0000	1	PASS	Jumps cause persistent ringing.	-
III/09	23	exr:iii09-expand-15	Parseval identity	461	df277c45071bb056b2e929ab0361af230930b6f695f7cacd4251644778e57df7	6	0.1000	0.0000	1	PASS	Apply Parseval to f(x)=x.	-
III/09	24	exr:iii09-expand-16	Fejer improvement	471	5539660e4935166cb5a99fdd35e6a8a1dbb178633c47eb4f28a14f2c9b8c9e3f	7	0.0000	0.0000	1	PASS	They average Dirichlet kernels into positive kernels.	-
III/10	1	exr:iii10-01		210	3a726dc065020f6844d23b7980e3003f4f7fbc590b457464189acffea06e6022	18	0.0370	0.0667	1	PASS	Start from \((f*g)(x)=\int f(x-y)g(y)\,dy\) and check integrability before changing variables.	-
III/10	2	exr:iii10-02		220	197e3d4ef6d6a4a761b7b8186f4c11bb780f9121e63ae473a4f8dae5d5738521	18	0.0000	0.0000	1	PASS	The support of a convolution lies in the Minkowski sum of supports; prove inclusion before looking for equality.	-
III/10	3	exr:iii10-03		230	21dfed80d7bbbdb7b522b655f7a4c23fb67039e4bf919e438e9e5630cdcc386a	13	0.0000	0.0606	1	PASS	Use Fubini/Tonelli to justify associativity or commutativity rather than rearranging integrals formally.	-
III/10	4	exr:iii10-04		240	d2e28508bcf83e9c0ea95ca884f139e770f076595d01b5a50e6b82dfe89a2d02	14	0.0000	0.0270	1	PASS	Young's inequality controls \(\|f*g\|_r\); choose exponents satisfying the correct reciprocal relation.	-
III/10	5	exr:iii10-05		250	fd66089d48bdc01ae3321339a03cb9a85d0b12b9105466d553cf6f36babe3721	15	0.0833	0.0000	1	PASS	For an approximate identity, verify unit mass, concentration near zero, and uniform \(L^1\) control.	-
III/10	6	exr:iii10-06		260	6735d86cab1c93e0b55b2ea8a29003553d6e3b998682b730ce78f84b15c8d2d1	19	0.0278	0.0513	1	PASS	Split the approximation error into near and far regions so continuity handles one part and concentration handles the other.	-
III/10	7	exr:iii10-07		270	461154486e19a555e7fc58eae2b26cd71ceb353f149bf5eeb300ba598ee5016a	17	0.1111	0.0556	1	PASS	A mollifier smooths because derivatives fall on the smooth kernel; differentiate under the integral after checking justification.	-
III/10	8	exr:iii10-08		280	22b73a75177e102df735b662d6d0a508074a167f57b82861edfc091ed9af920f	18	0.0000	0.0769	1	PASS	Keep support control explicit when using mollifiers on a domain; convolution near the boundary may leave the domain.	-
III/10	9	exr:iii10-expand-01	Support sum	297	013427c9306181badc11c2a99c78cd0d3c572056bcaed6547014df0c7b8d4a32	2	0.0000	0.0370	1	PASS	Add supports.	-
III/10	10	exr:iii10-expand-02	Commutativity	307	624f5ad6181c65813ee0cad0fdf8eaa5cb65ef6d4a3a65f7283da3b6852fcebb	4	0.0000	0.0000	1	PASS	Use z=x-y.	-
III/10	11	exr:iii10-expand-03	Young L1	317	63c45667787eade3f19a8a73e86b6afaaaf3dab45714ef6ed24f1ea34c5e6749	2	0.0000	0.0000	1	PASS	Use Young.	-
III/10	12	exr:iii10-expand-04	Mollifier mass	327	6a158a0bbe2632dfc57d35b54faefb3822a4f0a55ce096fe6dd8f05b98590c42	4	0.0000	0.0000	1	PASS	Use change of variables.	-
III/10	13	exr:iii10-expand-05	Derivative	337	a172900a7e7c3c07081ef26e1ca3a8fe22eacea1818b5a4aaac826c66ef4cb7a	6	0.0000	0.0000	1	PASS	Move it to the smooth factor.	-
III/10	14	exr:iii10-expand-06	Commutativity proof	349	9dcf4633cb50f85c0c88f046f773bb311e55b879ba368a210bcdacf4ed211b34	2	0.0000	0.0000	2	PASS	Change variables.	-
III/10	15	exr:iii10-expand-07	Young proof	359	3690da28bd4b0779fc274cba75319f7939f9b3c4072193cb9beb283025436a26	5	0.0000	0.0000	1	PASS	Use Tonelli and translation invariance.	-
III/10	16	exr:iii10-expand-08	Support proof	369	cf64ea949160b8d99a29f9e150b04e8c197d8ca51d53f962b8c88ae569df8a1b	7	0.1250	0.0000	1	PASS	A nonzero integrand imposes two support constraints.	-
III/10	17	exr:iii10-expand-09	Recovery proof	379	60230a385e29f07888b9fa4fc27ae9f4c6ebfbfafd2d0d61991c7dc194514cba	3	0.0000	0.0000	1	PASS	Average translation differences.	-
III/10	18	exr:iii10-expand-10	Product versus convolution	391	5949a3789a824e988652c794277d8a36633d955230afcaef258e6ed63e70abeb	3	0.0000	0.0000	1	PASS	Convolution averages translates.	-
III/10	19	exr:iii10-expand-11	Associativity hypotheses	401	1da21c56d29cd9b13c462f9626b974e091cee9fcecb7431dad098af2ba11441e	5	0.0000	0.0000	1	PASS	A triple integral is rearranged.	-
III/10	20	exr:iii10-expand-12	Support equality	411	acf9e857596ff689311bccd0820e6d777331f0cb38deff1b65533f2c37b161b1	3	0.0000	0.0000	1	PASS	Cancellation can occur.	-
III/10	21	exr:iii10-expand-13	Smoothing	423	2717063a47ef34fb08efe61881dd33ce19aa0d904eaac4690277ffb7a731e5d7	6	0.2500	0.1000	1	PASS	It averages against a smooth kernel.	-
III/10	22	exr:iii10-expand-14	Weak solutions	433	8f5b304aa44bb86d5b4ddf977456805fd075b92948886e6c425ed30bff5aa3e8	4	0.1111	0.1250	1	PASS	It produces smooth approximants.	-
III/10	23	exr:iii10-expand-15	Uniform error	445	f45177037fa040861d5b0971fa16308fac056fc252ec99dc6bd0fb7718c4cea8	9	0.0000	0.0000	1	PASS	Use modulus of continuity on the small kernel support.	-
III/10	24	exr:iii10-expand-16	Associativity	455	312c12f83814bfa6a5f440ebe1c28e190dfb062cfaa27d61161f70c118fe538a	7	0.0000	0.0000	1	PASS	Write the double integral and use Fubini.	-
III/11	1	exr:iii11-01		239	a0875d369c97b7ccef2f1171b1a01caff480c70dcfc5b60cfb85d4d19ee875f1	13	0.0938	0.0312	1	PASS	Fix the transform convention first; every scaling and inversion constant depends on it.	-
III/11	2	exr:iii11-02		249	be14ab1d87c81aa2d240b20cc3cdae8b9db041f98830fee030200db280301798	13	0.0000	0.0000	1	PASS	For translation, substitute \(y=x-a\) and keep the resulting exponential phase factor.	-
III/11	3	exr:iii11-03		259	af1f17b6e62620da7f46e3d431bffd180488999c52bcfd9c2b7fb3a82dfc1713	16	0.0000	0.0588	1	PASS	For modulation, multiply by the exponential first and read the frequency shift directly from the kernel.	-
III/11	4	exr:iii11-04		269	7b35017b67ca9e1ed1bebd6d3cbb695d8a64dfd1691304a67845b76001fb803c	13	0.0286	0.0294	1	PASS	For scaling, change variables carefully and track the absolute determinant or scalar factor.	-
III/11	5	exr:iii11-05		279	bb07ec1b02a8703ce333314a920ff4b79cb4d7d9b1c4a703ecd42c1b1dd8621b	18	0.0882	0.1333	1	PASS	Integration by parts moves differentiation in space to multiplication by frequency, with boundary terms killed by the hypotheses.	-
III/11	6	exr:iii11-06		289	a3f0ee8b97e290a2b399f13618e01ca3a4647a870d50d97d24f2be699d7b79d8	13	0.0667	0.0645	1	PASS	Convolution becomes multiplication after transforming; use this before attempting a direct convolution integral.	-
III/11	7	exr:iii11-07		299	1378768a2ab969303db683d9b1a59f0814924927923419b8fe3864796bc72ce2	16	0.0571	0.0811	1	PASS	Check inversion only under the theorem's hypotheses; a formal inverse integral need not converge pointwise.	-
III/11	8	exr:iii11-08		309	91f08b09dee378d200cb0ae6884d120578502361e7c8863c02134e959df2ba61	17	0.0270	0.0294	1	PASS	Use symmetry and reality conditions to predict whether the transform is even, odd, real, or conjugate-symmetric.	-
III/11	9	exr:iii11-expand-01	L1 bound	326	930e1f7fe19680f81161e1fdf8fa07ba2f617d5d3bc8be347a192c5a77e0e560	5	0.0000	0.2000	1	PASS	Use the L1 transform bound.	-
III/11	10	exr:iii11-expand-02	Translation	336	9116b2946e7fe47e61903beb7d77792821020f298ed5335aa0927a5df8ed2f30	2	0.0000	0.0000	1	PASS	Use translation.	-
III/11	11	exr:iii11-expand-03	Modulation	346	e37e5a099fa59b78526d49410130758f0cf588802ede665b2d3335bbbe5aef63	2	0.0000	0.0000	2	PASS	Use modulation.	-
III/11	12	exr:iii11-expand-04	Scaling	356	3922d0a7c2c74df576c0ac7f1890890ef77dc2ae40cf5cdcdcbe097f4b96dd20	2	0.0000	0.0000	1	PASS	Use scaling.	-
III/11	13	exr:iii11-expand-05	Derivative	366	9223e51ea82ebbb636f2e5f4cad9ab09063fff3bcca425ff400dbf37e68c5c43	3	0.0000	0.0000	3	PASS	Integrate by parts.	-
III/11	14	exr:iii11-expand-06	L1 bound proof	378	6296dcf9fe66ec838088b9fc1f008036918a33323ae957d98196e0618a2a1ce0	6	0.0000	0.0000	1	PASS	Take absolute values inside the integral.	-
III/11	15	exr:iii11-expand-07	Translation proof	388	9dcf4633cb50f85c0c88f046f773bb311e55b879ba368a210bcdacf4ed211b34	2	0.0000	0.0000	2	PASS	Change variables.	-
III/11	16	exr:iii11-expand-08	Convolution theorem	398	cdc49ce172db97ea9f463259106307a5c8118d12c1602ece5c99376eaef562c7	7	0.0000	0.0000	1	PASS	Use Fubini and a change of variables.	-
III/11	17	exr:iii11-expand-09	Derivative proof	408	9223e51ea82ebbb636f2e5f4cad9ab09063fff3bcca425ff400dbf37e68c5c43	3	0.0000	0.0000	3	PASS	Integrate by parts.	-
III/11	18	exr:iii11-expand-10	Riemann-Lebesgue converse	420	3a3b5059f906d3e297a001aa6ad60da294b5345699372455ba5e34e3c20600c9	5	0.0000	0.0000	1	PASS	The lemma is one-way.	-
III/11	19	exr:iii11-expand-11	Scaling error	430	7ceab83a1d6bdeec78f58ab9a9255176c8b9d2823f11bec14f430968a13fff05	5	0.0000	0.0909	1	PASS	Check the transform at zero.	-
III/11	20	exr:iii11-expand-12	Inversion hypothesis	440	7c1efe1f1ed1ba55acd7c0d1c6eb1d6326542aa82d287cea1adb9c3786c23da1	4	0.0000	0.0000	1	PASS	Inversion requires extra hypotheses.	-
III/11	21	exr:iii11-expand-13	Filtering	452	76b2ddaad7968f87df183d65ac3d605de66c4ef2791d07373b977b866f70d61a	4	0.0000	0.0000	1	PASS	Use the convolution theorem.	-
III/11	22	exr:iii11-expand-14	Constant-coefficient PDE	462	d85355cb74365ac3b91691b736efec93d63d23848d5095f45955414d3f1aff8a	4	0.0000	0.0000	1	PASS	Derivatives become polynomial multipliers.	-
III/11	23	exr:iii11-expand-15	Moment identity	474	a040b387d4200c2ce755459b8167c12a262c167e50223d70b36c0111a94f53b6	4	0.0000	0.0000	1	PASS	Differentiate under the integral.	-
III/11	24	exr:iii11-expand-16	Uncertainty scaling	484	ec6ae4dddeba913b2e37ee4661757931afe255a3a0c323665e0213b0a066674a	3	0.0000	0.0000	1	PASS	Use reciprocal scaling.	-
III/12	1	exr:iii12-01		221	d5e3e095cd3cf743fb9d7574d8c6631166d2d86e9c4364c1212845672dd30594	16	0.0000	0.0000	1	PASS	Complete the square in the exponent and compare the transformed Gaussian with the original Gaussian family.	-
III/12	2	exr:iii12-02		231	3e2210a46986faad1f8d624171af4f669f333e55077b09a2ecfd50e53d4dbeca	18	0.0357	0.0312	1	PASS	Differentiate the Gaussian transform identity with respect to frequency to generate transforms of \(x^k e^{-ax^2}\).	-
III/12	3	exr:iii12-03		241	0952f05f277dc3e59d451881fec0a1a679a6eea3df0f98626555152cb74092d4	18	0.0000	0.0588	1	PASS	Multiplication by \(x\) in physical space becomes differentiation in frequency; apply the rule instead of reintegrating from scratch.	-
III/12	4	exr:iii12-04		251	628ee9e8d44f4cb232e04a692a0b33d671940488e70779e6bfb3e3cca2748fcd	14	0.0294	0.0645	1	PASS	Differentiate in the Gaussian parameter when justified to produce moments or heat-kernel identities.	-
III/12	5	exr:iii12-05		261	113dde6fdf68e564a9a403d70507ce1f124921493cff6157ea1e089ed72ed0cf	17	0.0625	0.0588	1	PASS	For the heat kernel, transform the PDE so the time evolution becomes a scalar ODE in frequency.	-
III/12	6	exr:iii12-06		271	2e55fdb6bdfd31cbac64ab29caee63ce4c2c775474a1a5769492b01887728672	15	0.0606	0.0938	1	PASS	Check mass conservation by integrating the Gaussian kernel or evaluating its transform at zero frequency.	-
III/12	7	exr:iii12-07		281	f0b8b2ccde69c13fc5bc0b58f013ac76c04584c66caaebff7f812ea8164726c5	11	0.0000	0.0270	1	PASS	Spatial narrowing corresponds to frequency widening; derive the scaling law quantitatively.	-
III/12	8	exr:iii12-08		291	3c7d9687346dbc3970b7b1233c60a5838131d68c1a50703f4e3c954e2709b0a8	15	0.0000	0.0833	1	PASS	Normalize constants by testing the formula at a parameter value whose integral is already known.	-
III/12	9	exr:iii12-expand-01	Gaussian integral	308	1840f1f725d9de47409861cbab886ae5fc37b12453f43be3eaa3b0b858b6dfe1	4	0.0000	0.0000	1	PASS	Use the chapter normalization.	-
III/12	10	exr:iii12-expand-02	Self transform	318	b9094c7855ac8f9b917f701d04a33da4b95cbf60495ab113cf8138f45f0ca567	3	0.0000	0.0000	1	PASS	Use self-reciprocity.	-
III/12	11	exr:iii12-expand-03	Scaled Gaussian	328	fb679e4005a3b316531e97a546d5572f4d5a65cfb6f50a28ed5764ef6ced94ca	3	0.0000	0.0000	1	PASS	Use a=4.	-
III/12	12	exr:iii12-expand-04	Derivative	338	f1242a4f8f1429ebd7a8569767dc2693dd2cccd8bdfec217af034be60f48986f	3	0.0000	0.0000	1	PASS	Use chain rule.	-
III/12	13	exr:iii12-expand-05	Heat multiplier	348	b7900d73d4baba673e7bcd246ff2834dc85099eb1f3386159d153a65ddbfb99a	3	0.0000	0.0000	1	PASS	Recall transform solution.	-
III/12	14	exr:iii12-expand-06	Gaussian ODE	360	9bac33f9a45c29da9b2539cb48d75095f9e6b8ca65a4a3ce0adfc2674e425806	7	0.0000	0.0000	1	PASS	Differentiate in frequency and integrate by parts.	-
III/12	15	exr:iii12-expand-07	Scaled formula	370	845fbd2d9155278a7d428cd3377f5c777de4235bc1ede4ec6e5d2c96ace93363	8	0.2000	0.0000	1	PASS	Apply Fourier scaling to G(sqrt(a)x).	-
III/12	16	exr:iii12-expand-08	Semigroup proof	380	c905f7b5fee7a0fd37ced0bde856d548037954e786f243a178b54e217795c334	2	0.0000	0.0000	1	PASS	Transform convolution.	-
III/12	17	exr:iii12-expand-09	Tensor product	390	ab5c049b6c06e5235aa6120a4d97a2e93471b5ac50fdede90b9740dadc3d56e0	7	0.0000	0.0000	1	PASS	Both Gaussian and kernel split by coordinates.	-
III/12	18	exr:iii12-expand-10	Normalization	402	ae62dc21b3b414450588208e9f969203edd22d26b81d8d0617331ed49c239a2c	7	0.0000	0.0000	1	PASS	The placement of 2 pi changes scaling.	-
III/12	19	exr:iii12-expand-11	Differentiate under integral	412	b5ff6b731f837668312fc0cad1cb63a30fb64a861c36a40458c49c26744c0c01	5	0.0000	0.0000	1	PASS	Need integrable control on moments.	-
III/12	20	exr:iii12-expand-12	Width	422	6f2b56784f7c493572f29ca547e4bb4947c0e06f6238531cec1f0e0d81ca58be	3	0.0000	0.0000	1	PASS	Scaling is reciprocal.	-
III/12	21	exr:iii12-expand-13	Heat smoothing	434	d8e23cf9c35dd1643fc1043d23f8f400abf80cc4b6a2c33c7fef100b94f6cbda	3	0.0000	0.0000	1	PASS	Inspect the multiplier.	-
III/12	22	exr:iii12-expand-14	Gaussian filtering	444	c6dcfa3cbf699b62697b3c77b916b8240094677a3d3fb7bee739b0f386ea1b09	4	0.0000	0.0000	1	PASS	Use the semigroup law.	-
III/12	23	exr:iii12-expand-15	Hermite structure	456	ee68a9dc3046081f6db7a539e665ba571def574bc3bee6f005606968c79d7c27	4	0.0000	0.0000	1	PASS	Induct with product rule.	-
III/12	24	exr:iii12-expand-16	Parameter derivative	466	0214e60209d01ab6211a8899c972e4fd584c01555eec38aef9713b0b53eeafdb	8	0.0769	0.0769	1	PASS	Differentiate the Gaussian family before and after transform.	-
III/13	1	exr:iii13-01		233	4a0b7f54577bc1d9de856b5cfc60b9c0361769bfcb89d7faf7de203874bd3289	15	0.0625	0.0000	1	PASS	Use Plancherel to move the inner product to frequency space before estimating the transformed expression.	-
III/13	2	exr:iii13-02		243	9a4184146f0ade0349cfbdc51c93ebc9abd78febad95fa6dd9552b4a925a27ce	23	0.1290	0.0606	1	PASS	Define the \(L^2\) transform by density from Schwartz or \(L^1\cap L^2\) functions, not by assuming the integral exists pointwise.	-
III/13	3	exr:iii13-03		253	0f12d819c1f5ddc10532011caf47638eaeb7c075dd0ba9ed23a37f2b5c9c3be3	14	0.1481	0.0312	1	PASS	Parseval is the inner-product form of Plancherel; polarize the norm identity if necessary.	-
III/13	4	exr:iii13-04		263	50c4015cfbf31796c2e4bf5dd92e2024cf4bf3ac39d08a3c09241431931a187d	24	0.0476	0.0556	1	PASS	Two \(L^2\) functions that differ on a null set represent the same transform class, so avoid pointwise claims unless extra regularity is present.	-
III/13	5	exr:iii13-05		273	9812398ff88c6a96401530241a8d7ab6a17bf6d428107cd35e19b2f99df7784d	19	0.0294	0.0556	1	PASS	If the Fourier transform vanishes in \(L^2\), Plancherel forces the original function to have zero \(L^2\) norm.	-
III/13	6	exr:iii13-06		283	6d90c0074292145ccf105728471538401ad6a51400ddf685e5be7b3e934bca8e	17	0.1852	0.0303	1	PASS	Multipliers bounded in frequency define bounded \(L^2\) operators; estimate by the essential supremum of the multiplier.	-
III/13	7	exr:iii13-07		293	d6a6a8950bdcc2a6dbc7a26de738bf237d2cd0a204c774b9f0e8ab24516ea5d3	18	0.0000	0.0000	1	PASS	For convolution in \(L^2\), verify the other factor provides enough integrability to make the product formula legitimate.	-
III/13	8	exr:iii13-08		303	f3c11da02b65b156ba533c0de422f64068fcba7fdeb6649bb43f4fc842fa4507	16	0.0270	0.0270	1	PASS	Check normalization constants by applying Plancherel to a Gaussian, where both sides can be computed independently.	-
III/13	9	exr:iii13-expand-01	Energy	320	dbaef114567d5bf2cd013240f109dafc40ce5e38c26d32e8cb3a4f97bfc295af	2	0.0000	0.0000	3	PASS	Use Plancherel.	-
III/13	10	exr:iii13-expand-02	Multiplier	330	16d28a8d0fd8e3e1b0d72eb262f929ec63fa32e4e0330c764c60ee87513698ae	3	0.0000	0.0000	1	PASS	Use multiplier bound.	-
III/13	11	exr:iii13-expand-03	Parseval	340	e7b04561c1086c722a63176da61313e12f579f4a8fcb804edb2a382129acdf69	2	0.0000	0.0000	1	PASS	Use Parseval.	-
III/13	12	exr:iii13-expand-04	Cutoff error	350	dbaef114567d5bf2cd013240f109dafc40ce5e38c26d32e8cb3a4f97bfc295af	2	0.0000	0.0000	3	PASS	Use Plancherel.	-
III/13	13	exr:iii13-expand-05	Zero transform	360	711066bc42cd816bb37a93e24e336d3dff03458849ab15383dcf9d76883f7bf1	2	0.0000	0.0000	1	PASS	Use unitarity.	-
III/13	14	exr:iii13-expand-06	Extension uniqueness	372	c4be4986c0aea0b90b58957ff72f624c88fab24958d9a0acfb789521d502840c	8	0.1818	0.0000	1	PASS	Schwartz space is dense and transform is continuous.	-
III/13	15	exr:iii13-expand-07	Parseval from norm	382	489bb9999652470ee1cbc0e3b4fabac46fb6102611e4dc1af8cdf0fe0a501212	2	0.2000	0.0000	1	PASS	Use polarization.	-
III/13	16	exr:iii13-expand-08	Multiplier proof	392	9b5b33e23f53acd763d228d1a592660104335466e443ac54cdcac71861808cc3	6	0.0000	0.0000	1	PASS	Use Plancherel and pointwise multiplier bound.	-
III/13	17	exr:iii13-expand-09	Cutoff convergence	402	be50ff8f8b4e67cbd515660697bd3add87f5e9971383173aa81e2afe9d805ab0	8	0.1429	0.1250	1	PASS	Use integrable tail of |hat f|\textasciicircum{}2.	-
III/13	18	exr:iii13-expand-10	L2 not L1	414	7f53c39d1b5d092eb0edd9ac05a4691a8abecb8ff8af9d22f74ba63687f92ee7	10	0.0000	0.0000	1	PASS	L2 does not imply L1 on the whole real line.	-
III/13	19	exr:iii13-expand-11	Unbounded multiplier	424	5f5752e4c614f028f217e194ca554d97b66ad2fda207eaaf70a9050ec8ff20f5	7	0.1111	0.0000	1	PASS	Concentrate spectral mass where m is large.	-
III/13	20	exr:iii13-expand-12	Pointwise identity	434	36c743df13aad38b88632190fe0ac59b8044978b8e0a1345b3b1b9cb2c4a2d5c	5	0.1250	0.0000	1	PASS	L2 elements are equivalence classes.	-
III/13	21	exr:iii13-expand-13	Energy filter	446	dbaef114567d5bf2cd013240f109dafc40ce5e38c26d32e8cb3a4f97bfc295af	2	0.0000	0.0000	3	PASS	Use Plancherel.	-
III/13	22	exr:iii13-expand-14	Derivative energy	456	f42d2975adb1f57f2cd808a96aa516d91aff3e317ef49a2cc1230491606b1950	5	0.0000	0.0000	1	PASS	Fourier derivative multiplies by frequency.	-
III/13	23	exr:iii13-expand-15	Projection	468	e6f9e2fedcdd597fec86a8ca97ea3d19b514082f89456f1693ae55d0181a21e8	11	0.0000	0.1429	1	PASS	Its multiplier is a real indicator with m\textasciicircum{}2=m.	-
III/13	24	exr:iii13-expand-16	Sobolev preview	478	8670c3e06e0dc1fefa17dc198c8525fcde89924fc3aedda92507ae54f37e5bed	5	0.0000	0.0000	1	PASS	Use Plancherel and derivative rule.	-
III/14	1	exr:iii14-01		213	569ede7e53fe34ce46539018c3533198fcd3362a66bf2abd804bd306ea9885ec	18	0.0541	0.0606	1	PASS	To prove Schwartz decay, bound \(x^\alpha\partial^\beta f(x)\) uniformly for every pair of multi-indices.	-
III/14	2	exr:iii14-02		223	79baccde3be16ca4a437ef7f55553098595aaca3c5c0a05af4141461065f56e8	15	0.0000	0.0625	1	PASS	Differentiation preserves the Schwartz class because it only changes the derivative index in the seminorms.	-
III/14	3	exr:iii14-03		233	cddcdd27a420c637f5dc3813ea12d1fe4abf711d96a101bb64a5447105060e6e	11	0.0667	0.0000	1	PASS	Polynomial multiplication preserves Schwartz decay by shifting the polynomial weight index.	-
III/14	4	exr:iii14-04		243	cbc974863589e7679212e67aef844548c34417bbff941c7bab5f83d59e4e05b7	18	0.0645	0.0625	1	PASS	For the Fourier transform, integrate by parts to trade powers of frequency for derivatives of the original function.	-
III/14	5	exr:iii14-05		253	765dcb91ddffd3465e1fe2cb9acd9c6ef2e2e4f43f8b423f331d5c666e04a53d	30	0.0930	0.1296	1	PASS	Smooth compactly supported functions are Schwartz already in physical space, and their Fourier transforms are Schwartz too. Compact support without smoothness does not imply Schwartz membership or rapid Fourier decay.	-
III/14	6	exr:iii14-06		263	02eaccd1a93fddada91679d86840db6e889a3210a6bcc4dd32ae9dd70a1c0b34	16	0.0444	0.0645	1	PASS	Use the Schwartz seminorms to quantify convergence instead of relying on pointwise or uniform convergence alone.	-
III/14	7	exr:iii14-07		273	aaef8ebd74b6a793d9d3c51ba7d6917be08c5cdfda617f271a9d4746a8b4c5d2	15	0.0606	0.0667	1	PASS	A function can be Schwartz without compact support; the Gaussian is the standard test case.	-
III/14	8	exr:iii14-08		283	1e36235aa6b7269934f4aeddc507f47819f7fe18776031f1cd8702e3fa059a7a	18	0.0000	0.0882	1	PASS	To show a map is continuous on Schwartz space, estimate each output seminorm by finitely many input seminorms.	-
III/14	9	exr:iii14-expand-01	Gaussian	300	cc08c1e434a9e5bddeae04adbc33c315b05dd874afe3a86e48c7bfcb6c3507ed	5	0.0000	0.0294	1	PASS	Polynomially weighted derivatives are bounded.	-
III/14	10	exr:iii14-expand-02	Compact support	310	e3d71528e3c5ee5e69790af6e5ae3f1ea1ebf3f8ac331c14f870474e4dcfc593	4	0.0000	0.0000	1	PASS	Outside support it vanishes.	-
III/14	11	exr:iii14-expand-03	Polynomial	320	20551ff05d5514554ecc10d43a0ea8c91042ebeb4733dce857a176565c37f280	3	0.0000	0.0000	1	PASS	Check rapid decay.	-
III/14	12	exr:iii14-expand-04	Derivative closure	330	485f47129ef99e7cf427f43c2402b28aced05a310aa6d2fa262def778db931ce	2	0.0000	0.0000	1	PASS	Use seminorms.	-
III/14	13	exr:iii14-expand-05	Polynomial multiplication	340	9cd2b29822aa434fc9e7c84f5f9ad6e01b86e6cf6ecfc0c2cc83fc406e1e2e31	3	0.0000	0.0000	1	PASS	Shift polynomial weights.	-
III/14	14	exr:iii14-expand-06	Derivative stability	352	25cae6fea2d2e2d934d7f4b3e2a4cda320bcd08b810edd66ecab4ab19fdf5e5b	7	0.0000	0.0769	1	PASS	Each seminorm becomes another higher derivative seminorm.	-
III/14	15	exr:iii14-expand-07	Polynomial stability	362	cc02558966b934aa3830503a720cc62ddfdf2a3ddb6076604b242ba3bf0f031e	3	0.0000	0.0000	1	PASS	Combine polynomial weights.	-
III/14	16	exr:iii14-expand-08	Fourier invariance	372	9100e13bb63a8e3cf0d3083ca1ab679cd5e7aaa84376f2a7f6df50b5ad75e5b2	10	0.0000	0.0000	1	PASS	Convert frequency moments and derivatives to spatial derivatives and moments.	-
III/14	17	exr:iii14-expand-09	Convolution closure	382	2726ba9347c1b6dafb1028a4429b57c88927fa7207a6172d82574ef618282939	8	0.0000	0.0000	1	PASS	Differentiate under the integral and distribute polynomial weights.	-
III/14	18	exr:iii14-expand-10	Rapid not compact	394	0784616a1acbf9fe39e835966194498ed9ad6fba7e84c873dad2f0f7bcd5264a	3	0.1667	0.0000	1	PASS	Use a Gaussian.	-
III/14	19	exr:iii14-expand-11	L1 not Schwartz	404	078fc6519621d3cc6c6d62a43fbf4ccccf68b914857399d0cb19770689d41e9c	4	0.0000	0.0000	1	PASS	Use an interval indicator.	-
III/14	20	exr:iii14-expand-12	Smooth not Schwartz	414	986762f3ded809d8f994f2ba3137ff6d68bf47cd22e5627db78f51b37bcc9df1	5	0.2000	0.0000	1	PASS	Use the constant function 1.	-
III/14	21	exr:iii14-expand-13	Test space	426	c045d5f193dae50067f7ac74c1be2f9bb380f8f02fdd5402db223ae3976005fb	8	0.0000	0.1111	1	PASS	It is smooth, rapidly decaying, and Fourier-invariant.	-
III/14	22	exr:iii14-expand-14	Regularization	436	650507480c31dc77ad411b5131f77d3823a88d9d87d9c14c10e523b96616b457	12	0.0000	0.0714	1	PASS	They are dense in many Lp/Sobolev settings and easy to manipulate.	-
III/14	23	exr:iii14-expand-15	Translation	448	d11c42b5b0e0009d506ee309141c75f49f5b38dfd26740047ad3af864aefb147	9	0.0000	0.0000	1	PASS	Expand powers of x using x-a plus a.	-
III/14	24	exr:iii14-expand-16	Modulation	458	81c20de87c417a006b64dbf391f7ad6d7bdcf0e83cfe901316b0de1eb7a066b3	8	0.0000	0.0000	1	PASS	Differentiate with Leibniz; the modulation has unit magnitude.	-
III/15	1	exr:iii15-01		225	66cb298defb0d676431ac08c10004c52d1441220b9cd884156e27de0b012822b	22	0.0000	0.0286	1	PASS	To construct a bump, start from the standard smooth function \(e^{-1/(1-|x|^2)}\) inside the unit ball and zero outside.	-
III/15	2	exr:iii15-02		235	b6863262314c4a3863575e19e657005172362533bf0a32d00b3ff5b4c7002083	13	0.0303	0.0526	1	PASS	Rescaling and translating a bump moves its support; compute the transformed support explicitly.	-
III/15	3	exr:iii15-03		245	4c08c60c2b7e87919b21c0c001699f8d3acb54aae000876275297060489eb6f9	16	0.0541	0.0000	1	PASS	Products of test functions remain test functions, with support contained in the intersection of the supports.	-
III/15	4	exr:iii15-04		255	490cde4252fec8bd411a7f7ad797cbdd29fd21f7070a1877d9a5c9e344f97a66	13	0.0303	0.0526	1	PASS	Differentiation does not enlarge support; use this when preparing integration-by-parts arguments.	-
III/15	5	exr:iii15-05		265	4d6ae3f75bc661d8d82791171af48ce2380c880abc989672ee67c5f83ad476ab	19	0.0238	0.1515	1	PASS	Convergence in \(C_c^\infty\) requires eventual support in one fixed compact set plus uniform convergence of every derivative.	-
III/15	6	exr:iii15-06		275	b1fce53bd0785fc200ac45e7478b2335b9874b1807745c712def7b55309f4254	21	0.0000	0.0000	1	PASS	To build a cutoff equal to one on \(K\subset U\), cover \(K\) by finitely many smaller neighborhoods and patch bumps.	-
III/15	7	exr:iii15-07		285	8ca5092fca00b7afec2a41ab4e2d6f3c334bbb0f02669d7f152d102bd286b193	18	0.0455	0.0789	1	PASS	Compact support kills boundary terms because the test function and all needed derivatives vanish outside a bounded region.	-
III/15	8	exr:iii15-08		295	e91ef3a4a10cbab3a2d24c0fbf4b2abaac0378f218cbe07996885e17ec5ee940	19	0.0294	0.0244	1	PASS	Do not confuse a sequence of supports shrinking or escaping to infinity with convergence in the test-function topology.	-
III/15	9	exr:iii15-expand-01	Scaled support	312	2ad52e0e0a946c5e43a551acb14ca73eb8f6f80dda5cd80089e2e8ed208fe3ad	5	0.0000	0.0000	1	PASS	Solve |(x-a)/r|<=1.	-
III/15	10	exr:iii15-expand-02	Derivative support	322	d2cb56f3a0325ab4a00cae06f277fec61f3c79959f1362743d0a8c62cf42df7e	12	0.1000	0.0000	1	PASS	A derivative vanishes wherever the function is identically zero on a neighborhood.	-
III/15	11	exr:iii15-expand-03	Product support	332	2676c7dc03ac95152b78ccfbcbf4cc39715326f2dfd0d1241fabba657fa02591	7	0.0000	0.0000	1	PASS	A nonzero product requires both factors nonzero.	-
III/15	12	exr:iii15-expand-04	Translation	342	8df26495aad9851f37cddb3cc29274e68602cc487ed5daf841c54f005e497644	7	0.0000	0.0000	1	PASS	Smoothness and compactness are invariant under translation.	-
III/15	13	exr:iii15-expand-05	Compact cutoff	352	beeb5345c96916cf490b0bf16b1c10b177b190b2e8ad6232455410c600f060ba	4	0.0000	0.0000	1	PASS	Recall the bump theorem.	-
III/15	14	exr:iii15-expand-06	Boundary terms	364	99e26e57923302aad3643a1ad713de6acd4e865a6d1a48036a5dc68f1b69f4fd	11	0.1538	0.0667	1	PASS	The test function and all derivatives vanish outside a compact set.	-
III/15	15	exr:iii15-expand-07	Product closure	374	12e291d2045bde787c7f3b290f5350197008f1107614ba43bcc28443916e8702	5	0.2222	0.2500	1	PASS	Use smoothness and compact support.	-
III/15	16	exr:iii15-expand-08	Fixed-support criterion	384	c90b2bc92fa4f459d410d201138433a13f43598ff2862fac4e17728935d40664	8	0.0667	0.1429	1	PASS	Test convergence requires one common eventual compact support.	-
III/15	17	exr:iii15-expand-09	Partition identity	394	6f68b28989eebd1283c4d20e9612836686a1fd0983b47524bd1f978aae21ff87	8	0.0000	0.0909	1	PASS	Only finitely many terms meet the compact support.	-
III/15	18	exr:iii15-expand-10	Pointwise not test convergence	406	10d14a7cf3fb08fdc03771f96651c72f50097ded8c3596303dd88bd30ebabea8	6	0.1111	0.0000	1	PASS	Translate one fixed bump to infinity.	-
III/15	19	exr:iii15-expand-11	Uniform alone insufficient	416	608b91a69f16d4c01e92b87aeba7d512b3ca554e1fc864292ba2b45d39bf1416	10	0.0556	0.1667	1	PASS	Derivatives also need uniform control and supports must remain fixed.	-
III/15	20	exr:iii15-expand-12	Compact support not preserved by arbitrary composition	426	757309da9fbbcc3d1d89046a97d41e7aa1d7dab165575fe40505697c27821713	10	0.1304	0.0909	1	PASS	The inverse image of a compact support may be noncompact.	-
III/15	21	exr:iii15-expand-13	Localization	438	95e8a046f94af7450fce0dc8cc5bd7bc37ea32064f0f755128288fe9eef74f4a	9	0.0000	0.0370	1	PASS	The cutoff removes distant behavior without changing local action.	-
III/15	22	exr:iii15-expand-14	Numerical patching	448	cbfc898a1775cbcb105664ba34fb39dec9976b4980f62e8ddbd23268afd9dd39	10	0.0000	0.0000	1	PASS	Local basis functions can be assembled into a global object.	-
III/15	23	exr:iii15-expand-15	Nested cutoffs	460	6b91a5c4f22c509ae2ca818dd392e8bf8f2c01ef63a83b0fbf56c08a16a490cd	12	0.2222	0.0000	1	PASS	Use two nested compact neighborhoods between K and the boundary of U.	-
III/15	24	exr:iii15-expand-16	Test topology versus Schwartz	470	8eb8480692f8e8707fd4438ea07d9e39204d1d43ab77c835af19e94e38f44c33	17	0.0000	0.0000	1	PASS	Schwartz convergence allows supports to spread if weighted seminorms shrink, while test convergence fixes eventual compact support.	-
III/16	1	exr:iii16-01		229	cc0574b173bd6ee22c876f1befc4f58ed9783cff14939adc21f686a1ad231342	20	0.0541	0.0513	1	PASS	To verify a distribution, check linearity and estimate its action by finitely many test-function seminorms on each compact set.	-
III/16	2	exr:iii16-02		239	56445d9590acc69d23991a6186d80ec3baeb81268ed6fcf7702166238a8cdeda	20	0.0556	0.1081	1	PASS	A locally integrable function acts by \(T_f(\phi)=\int f\phi\); use local integrability because \(\phi\) has compact support.	-
III/16	3	exr:iii16-03		249	3134ecebbe9f7963baffa53a923323e37aa8cab799fc97db3695c22aee365841	18	0.0270	0.0333	1	PASS	The distributional derivative is defined by \(T'(\phi)=-T(\phi')\); the minus sign comes from integration by parts.	-
III/16	4	exr:iii16-04		259	6c24abb256f82d46bdfa68d47057dd8a485652b5f547b3323bf5fed28ae3c720	17	0.0333	0.0556	1	PASS	For Heaviside, integrate \(-\int_0^\infty \phi'(x)\,dx\) and use compact support to evaluate the endpoint.	-
III/16	5	exr:iii16-05		269	ae4f3209c85be577aa5635ef2a505d8313d8889d5be11f764d0d610706ac0aab	20	0.0526	0.0938	1	PASS	To prove convergence of distributions, fix an arbitrary test function first and pass to the scalar limit of the pairings.	-
III/16	6	exr:iii16-06		279	e4e93fff75578be313cf947559609e19c6219662bd554a08ae00352cd28338ca	20	0.0645	0.0556	1	PASS	Multiplication by a smooth function is defined by moving the multiplier onto the test function: \((aT)(\phi)=T(a\phi)\).	-
III/16	7	exr:iii16-07		289	6ec6bff1a298524db12f191c7722deac8b31755afc57baa2979476a8a1e37ed2	17	0.0000	0.0909	1	PASS	For a differential operator, move every derivative onto the test function with the appropriate sign before simplifying.	-
III/16	8	exr:iii16-08		299	91dace176c8eab60e49aa57a84f3aa9941afb223378b59caa675bbfd29ac4f91	20	0.0238	0.0294	1	PASS	Do not evaluate a general distribution at a point; only its action on test functions is defined without extra structure.	-
III/16	9	exr:iii16-expand-01	Dirac action	316	d67bf832d46a40511cb851cd5e806675c2c6db3f0b8fd0b65046322914973ca5	3	0.0000	0.0000	1	PASS	Use point evaluation.	-
III/16	10	exr:iii16-expand-02	Dirac derivative	326	077d65d919acac01ad09824f1198b6d5c48ed8ad871423e87ac4b9f72ffb3123	5	0.0000	0.0000	1	PASS	Use the distributional derivative definition.	-
III/16	11	exr:iii16-expand-03	Heaviside derivative	336	3a2d0a2ce0603cbc5774b2be3156927e6a81265ae47b64972f76b4caf01701c9	8	0.0000	0.0000	1	PASS	Integrate by parts on the positive half-line.	-
III/16	12	exr:iii16-expand-04	Smooth multiplier	346	1d70fb3874547c83a4604c042c4daab8903066b5236f68e30533e3b633b7f959	6	0.0000	0.1429	1	PASS	Move multiplication to the test function.	-
III/16	13	exr:iii16-expand-05	Distributional convergence	356	5c6591e2341486711b866b3c50bd217b02748bb7db6b44c96cb31b8752dcbd1c	5	0.1429	0.0000	1	PASS	Fix an arbitrary test function.	-
III/16	14	exr:iii16-expand-06	Regular derivative	368	9223e51ea82ebbb636f2e5f4cad9ab09063fff3bcca425ff400dbf37e68c5c43	3	0.0000	0.0000	3	PASS	Integrate by parts.	-
III/16	15	exr:iii16-expand-07	Derivative continuity	378	59b6cd6f455e3e08e1d77ec793582a681993e621560b54f289c516a2c7b2162e	8	0.1250	0.2500	1	PASS	Move the derivative to the fixed test function.	-
III/16	16	exr:iii16-expand-08	Linearity	388	c6f87b39f559f58a3a69dbc6b06195b05a118a0b7ef1c985af4fa984223ab9d3	7	0.0000	0.0000	1	PASS	Apply the definition to a linear combination.	-
III/16	17	exr:iii16-expand-09	Leibniz smooth factor	398	666d941c37800aa4357fe6bbe103ac61fea586d9fab3b02af742010da7aa3a5e	9	0.0000	0.1111	1	PASS	Evaluate on a test function and expand (a phi)'.	-
III/16	18	exr:iii16-expand-10	Dirac not ordinary function	410	bf153fe54ae88675022fea285c06a08312ddcc8134ecefd9a48e0017be7e1af6	9	0.0000	0.0000	1	PASS	Test with bumps supported in shrinking neighborhoods of zero.	-
III/16	19	exr:iii16-expand-11	Pointwise derivative failure	420	f3fdc516f6a505b7872c0ae57b08d76551b53b022467839e9b4e9a7a183c9db2	6	0.1250	0.0000	1	PASS	Distributional differentiation tests across the jump.	-
III/16	20	exr:iii16-expand-12	Weak convergence versus pointwise	430	9133e4ece8249faed805724793d81cfaffbb207d61054b28471e9b7492365730	9	0.0385	0.0000	1	PASS	Distributions may be singular and have no point values.	-
III/16	21	exr:iii16-expand-13	Impulse model	442	9ad6cc6425e0523ea4eb40fbd2ccc90109a6ee641e7c758b085070d07dfb791e	9	0.0000	0.0000	1	PASS	It concentrates finite action at a lower-dimensional set.	-
III/16	22	exr:iii16-expand-14	Approximation of sources	452	64edf0788fc19f8b3bda822424efd32bdb511085170570e22beb785e5fe84edf	10	0.0000	0.0000	1	PASS	It provides a smooth regularization with the same total mass.	-
III/16	23	exr:iii16-expand-15	Jump formula	464	c11286a2f897ceaab5ad87b5f415533276185e1413407fc8def9dca64e8062c7	10	0.0000	0.0000	1	PASS	Differentiate classically on smooth pieces and collect internal boundary terms.	-
III/16	24	exr:iii16-expand-16	Second derivative of |x|	474	53f6dca6e2cd3280086cbffd36bff083e1dfcf1379a4b281ad97ced221a0d87e	12	0.1000	0.0769	1	PASS	First derivative is sign(x); its jump at zero has size 2.	-
III/17	1	exr:iii17-01		231	1cc835b42ad3e8b463dd4915248398b444e4c4edaf0662233a190093c822d29e	19	0.1714	0.0233	1	PASS	A point lies outside the support if there is a neighborhood on which the distribution annihilates every test function.	-
III/17	2	exr:iii17-02		241	6ca20f779b0b725d175a3efef0e33a657c268af80934ca75c3ba26408f614b77	16	0.0526	0.0357	1	PASS	For \(\delta_{x_0}\), test functions supported away from \(x_0\) vanish at the evaluation point.	-
III/17	3	exr:iii17-03		251	3a1eba7a4e340dd3e88a4330a73366109a4f3705cff261cda90ae14676d5b9fd	22	0.0625	0.0714	1	PASS	Derivatives of a Dirac mass have the same support as the Dirac mass even though their action involves derivatives of test functions.	-
III/17	4	exr:iii17-04		261	bdbe907e7c496de5aae270ba7a57cff37390790eea630907c210673f71b19d63	19	0.0270	0.0303	1	PASS	To identify singular support, first remove the largest open set on which the distribution agrees with a smooth function.	-
III/17	5	exr:iii17-05		271	29e3154ed7ee1035859498e01f2d025f592d51f2b46dc56c4a91319820c83476	17	0.0571	0.0909	1	PASS	Multiplication by a smooth function can shrink support to where both the multiplier and distribution are active.	-
III/17	6	exr:iii17-06		281	06fea250da356f28ab3c56363dbb93a5290ff4317423354841b5ffd24edaa858	13	0.0286	0.0263	1	PASS	Use a cutoff supported in a small neighborhood to localize a distributional identity.	-
III/17	7	exr:iii17-07		291	d5d67d12f80dee171463a0f106f447fd2e312a2efee5b569ad67c8cc1a283ef6	18	0.0465	0.0244	1	PASS	Finite sums have support contained in the union of the individual supports; check whether cancellation can reduce it.	-
III/17	8	exr:iii17-08		301	11f7c6795f58759b71e62140c9101457870e6d4fd0ee850af49c08fc35f44d5b	20	0.0750	0.0698	1	PASS	For lower-dimensional concentrations, define the distribution by integration over the submanifold and inspect which test functions it can detect.	-
III/17	9	exr:iii17-expand-01	Dirac support	318	6eb65f4512aab80c84e58d93938de65dde9506203d4e3e64c37cfc4f383266c6	5	0.0000	0.0000	1	PASS	It only evaluates at a.	-
III/17	10	exr:iii17-expand-02	Dirac derivative	328	adf114331948c5a9f7a4e70ea38f543835439a979d65cd94fe00b0a7bcf01b89	4	0.0000	0.0000	1	PASS	Apply derivative definition repeatedly.	-
III/17	11	exr:iii17-expand-03	Jump weight	338	4092e254fe9380cfc9b103c85ec1a3b930920ddd26d1354f6fe4fe9587ba5ed7	4	0.0000	0.0000	1	PASS	Use the jump formula.	-
III/17	12	exr:iii17-expand-04	Smooth multiplier support	348	57f0c2810dba2e9b03a0953e4730fa3e0ca5e0e16ae4e10486179946d3ec51c5	10	0.0000	0.0909	1	PASS	If a test lies where T vanishes, so does aT.	-
III/17	13	exr:iii17-expand-05	Surface support	358	8716b2aae92b9f8b59029bda92ea9b5c19c576f7d95ee931f2ee51dbeeff9292	9	0.0833	0.1667	1	PASS	The functional only sees test functions on the curve.	-
III/17	14	exr:iii17-expand-06	Derivative support	370	32ec3d274bd26a896d7169bc49527d916d4e0f10e8a50690097d037196de8d9f	8	0.2000	0.1000	1	PASS	Test on an open set where T vanishes.	-
III/17	15	exr:iii17-expand-07	Dirac derivative formula	380	28b4946543bbffab42a42a9ee9278c83276a084c968184e9868bb8aedb4f8f3c	6	0.1000	0.0000	1	PASS	Induct from the distributional derivative definition.	-
III/17	16	exr:iii17-expand-08	Jump formula	390	7c092e7debe49a1f4c0e92a169b42d5f32bcfae4045ebdf1dba51b28c4fa0c23	9	0.0769	0.0909	1	PASS	Integrate by parts on each side of the jump.	-
III/17	17	exr:iii17-expand-09	Localization	400	894f25ae55cd64b6836f0b6c1c90710802100c19202ed750d11d1f5a2551fcaf	10	0.0000	0.2000	1	PASS	This is the definition of vanishing on an open set.	-
III/17	18	exr:iii17-expand-10	Support not pointwise support	412	1ceeee8de3698b0d3c1b1bfd1774d26820ff00985921bfb2ad3c0999bf455369	7	0.0000	0.0714	1	PASS	A general distribution has no pointwise values.	-
III/17	19	exr:iii17-expand-11	Derivative support equality not guaranteed	422	cf539372f3e29db0cb9c64e927f5f3163188346e1b9e878878af097f6e754d12	4	0.0000	0.0000	1	PASS	Differentiation may annihilate constants.	-
III/17	20	exr:iii17-expand-12	Smooth factor can shrink support	432	7dd3b3ab80a5cb2b187d8c697e75599b66633883829dfb16799034de4e384611	10	0.0000	0.0714	1	PASS	Choose the multiplier to vanish near part of the support.	-
III/17	21	exr:iii17-expand-13	Point source	444	e8c024cbc766964b6d63d8399b20364317a76afa88791fbece31d990d8d31511	9	0.0000	0.0000	1	PASS	It records the smallest closed set where action occurs.	-
III/17	22	exr:iii17-expand-14	Interface PDE	454	26eb76f108916097b8531d1009d407f12c20566bb3a0650cbc650540bfbe49ee	9	0.0769	0.0000	1	PASS	They act only on test values along a hypersurface.	-
III/17	23	exr:iii17-expand-15	Singular support	466	56ced5feaf6b760ab6556b3cb1e2744cb173b27bd9eef698bd49be77c82efd07	16	0.1250	0.1250	1	PASS	Support records where the function/distribution is nonzero; singular support records where it is not smooth.	-
III/17	24	exr:iii17-expand-16	Derivative hierarchy	476	7f61b8f4625220f1244a5c3ae1bbfa158df45bbd4c81c8994f4cec115366131e	14	0.0588	0.0588	1	PASS	Use derivative support inclusion and a test function with prescribed kth derivative at zero.	-
III/18	1	exr:iii18-01		221	5c85f62ba8da378c024d168ae399472c11799ecf72bf2f2381fc61a92bfd5706	16	0.0000	0.0263	1	PASS	Temperedness means continuity on Schwartz space; estimate the pairing by a finite combination of Schwartz seminorms.	-
III/18	2	exr:iii18-02		231	db5230e190096dea89ded215fb3cdac4daa2df1b4affcfbc595e43b04fa4ff3e	17	0.0500	0.0270	1	PASS	A polynomially growing function is tempered because rapid decay of test functions makes the pairing absolutely integrable.	-
III/18	3	exr:iii18-03		241	2ea459677d1b522f64f150d8b89266afb7988bff676c450053f2d5edf135bcfc	15	0.0278	0.1429	1	PASS	Finite measures are tempered when their growth is controlled sufficiently to pair with Schwartz functions.	-
III/18	4	exr:iii18-04		251	3fd3670391d1256eed033bacbb823153d0524f9d5e629ad3b7cfe14c782b78ef	13	0.0323	0.0312	1	PASS	Dirac masses are tempered because point evaluation is bounded by a Schwartz seminorm.	-
III/18	5	exr:iii18-05		261	abc7106d3a19e82b9f910de40716aa6d3781074b849ebd4de064763a2a246848	11	0.0690	0.0714	1	PASS	Differentiation preserves temperedness by moving derivatives to the Schwartz test function.	-
III/18	6	exr:iii18-06		271	2d168eb041e294a8dde8f770312b613ba9e0b5e24f384fa8e91aeecc27f4c129	14	0.0303	0.1724	1	PASS	Multiplication by polynomials preserves temperedness because polynomial weights are built into the Schwartz seminorms.	-
III/18	7	exr:iii18-07		281	859d14be41062c5e07927344318f83d1ff54157bf9b9a6372f47daf3dbbe063a	20	0.0250	0.0263	1	PASS	To show a distribution is not tempered, build Schwartz functions whose pairing grows faster than any finite seminorm bound permits.	-
III/18	8	exr:iii18-08		291	37231f6bed1d7ceafe0ee45b5a8b6f6bcd3407d88972ca5d80066512adb34a5d	23	0.0541	0.0000	1	PASS	Keep the test-function space visible: a distribution may be valid on \(C_c^\infty\) yet fail to extend continuously to Schwartz space.	-
III/18	9	exr:iii18-expand-01	Polynomial	308	cb8918fba2276c987567f4c0c39383ca371fca1ea96ca50d9c060e87804c6e75	4	0.0000	0.0000	1	PASS	It has polynomial growth.	-
III/18	10	exr:iii18-expand-02	Dirac	318	d2a15cf71223ce382b16ad59305a875398ed602b9f679f5d631ee636d6716787	8	0.0000	0.0000	1	PASS	Point evaluation is controlled by a Schwartz seminorm.	-
III/18	11	exr:iii18-expand-03	Derivative	328	759d2941274b17bf9ec03362a40193dc5293fc1bc28699bdee3b1a1caa7630ab	3	0.0000	0.0000	1	PASS	Differentiation preserves temperedness.	-
III/18	12	exr:iii18-expand-04	Polynomial multiplier	338	5b125aa5de3eaf8d29fa5d2ca35369fa4489323fc48ae2aa9c12b19554c62e3a	5	0.0000	0.0000	1	PASS	Polynomial multiplication preserves the class.	-
III/18	13	exr:iii18-expand-05	Finite measure	348	5fe4b79be153674d1aaa627001082e0b0f74f480d796f95f5b632905fb5a111e	5	0.0833	0.0000	1	PASS	Pair with bounded Schwartz functions.	-
III/18	14	exr:iii18-expand-06	Polynomial-growth proof	360	7ae8a16765fbb0628db8d48b56c0e2fde0c669b95dc6e3d46c762a744bc0e9c5	12	0.0667	0.0000	1	PASS	Use a Schwartz seminorm with decay power larger than growth plus dimension.	-
III/18	15	exr:iii18-expand-07	Derivative stability	370	b407bfa8f024a4e40f5762e97a7157e4e72b627ec0c5c7b6fc82f138afe82a06	8	0.0000	0.1667	1	PASS	Compose T with continuous differentiation on Schwartz space.	-
III/18	16	exr:iii18-expand-08	Polynomial multiplication	380	8e820db7e2f9998afe75322dbb866e045fd3d59bc299e5cf95d917061ec64b0c	8	0.0000	0.1250	1	PASS	Multiplication by p is continuous on Schwartz space.	-
III/18	17	exr:iii18-expand-09	Dirac continuity	390	d312b67e57ce37760d3524712618c43affd73f1cc37bdf683baee785470efdaf	8	0.0000	0.1429	1	PASS	Point derivatives are controlled by Schwartz derivative seminorms.	-
III/18	18	exr:iii18-expand-10	Exponential growth	402	14084e54e9540f76374d224aed9f70715612c09ab7a360afdf92fbf5640272a1	9	0.0588	0.0667	1	PASS	Schwartz functions need not decay faster than every exponential.	-
III/18	19	exr:iii18-expand-11	General distribution not tempered	412	f0261caf66b2784d3af2497d888074d1d8efd3a37871b6352349faae55bab73c	13	0.1250	0.0526	1	PASS	Tempered distributions act on the larger Schwartz test space, not just compact supports.	-
III/18	20	exr:iii18-expand-12	Locally integrable not enough	422	36c8f08f94e2d0278971e122525017e6c7708928957a0a9cd2763e844c171c00	13	0.1429	0.1250	1	PASS	Schwartz test functions need not have compact support, so behavior at infinity matters.	-
III/18	21	exr:iii18-expand-13	Frequency-ready sources	434	b4ef366c7c0cdd5b5dcec4f08ce68c7c245f7883f8d1d27e8ca7d25ee8fe871e	10	0.0000	0.0667	1	PASS	They include singular/polynomial-growth sources and admit Fourier transform.	-
III/18	22	exr:iii18-expand-14	Idealized signals	444	fcd541b1f86eaa7fd9e2f1fff8b1e0ab537ece45da957febc645d56768a9b99b	9	0.0714	0.0000	1	PASS	Dirac masses and polynomial-growth functions are both tempered.	-
III/18	23	exr:iii18-expand-15	Order estimate	456	c1735697efb544fd8fcd182f8d0fd792f11734a8ee385a4aa1383575898419dc	5	0.1429	0.0000	1	PASS	Its action is -phi'(0).	-
III/18	24	exr:iii18-expand-16	Growth threshold	466	11592f7b20ff94b1d52e93655c7752563d689dfd702a241d7807b40455ee1b34	8	0.0000	0.0000	1	PASS	Choose a weight exponent greater than N+n.	-
III/19	1	exr:iii19-01		230	d09d38468fee0f01cec2cd02e1f2c02817e934dc21d5b246ba0c3097d34c30d6	16	0.0938	0.0909	1	PASS	Define \(\widehat T\) by duality: pair \(T\) with the Fourier transform of the Schwartz test function.	-
III/19	2	exr:iii19-02		240	a0cd81001afb4355bd314f99302386077a66f88bd62cda2154b4f12c4d818371	18	0.0270	0.0833	1	PASS	To transform a Dirac mass, evaluate the transformed test function at the support point and simplify the exponential.	-
III/19	3	exr:iii19-03		250	224460fb7632c17c4062221cbc3d74fc57fdc4f31d576fa00aaa4130346d9f91	15	0.0857	0.2069	1	PASS	Distributional differentiation becomes multiplication by the frequency variable, with constants determined by the transform convention.	-
III/19	4	exr:iii19-04		260	aaf50f8d451943cfb5f09f4bf05b1de0daace3caf3b09be9b93a6ea13c6ea953	16	0.1250	0.1333	1	PASS	Multiplication by \(x\) becomes differentiation in frequency; derive it by duality rather than formal pointwise manipulation.	-
III/19	5	exr:iii19-05		270	af63d1281044fe15c12e69e090f439ef5953b7cb80df5eaffad3dc87b6074f0a	17	0.0571	0.0541	1	PASS	Polynomials transform into derivatives of Dirac masses, so expect singular frequency-space objects rather than ordinary functions.	-
III/19	6	exr:iii19-06		280	ef5886948731af7539db9e40dc5396792f6f6bc04885383d84d87ea5c8924f09	20	0.0312	0.0303	1	PASS	To solve a constant-coefficient equation, transform it and divide by the symbol only where that operation is distributionally meaningful.	-
III/19	7	exr:iii19-07		290	8707f83c05b96cb403d799dff87d19ac5c0fa63b3d45c78df16ba16883af304c	19	0.0556	0.0000	1	PASS	Check signs and \(2\pi\) factors by applying the identity to one Schwartz test function and tracing the convention.	-
III/19	8	exr:iii19-08		300	cb04a8969038299fcee51d3d87f61f2bcd61678a5618ab386ab563930e63f902	17	0.0000	0.0769	1	PASS	Do not require classical integrability of the original object; tempered-distribution duality is exactly what replaces it.	-
III/19	9	exr:iii19-expand-01	Dirac transform	317	d4d163c372dc570821df02175beae560ea18a0378d7624d39ac9b58a1d385d2a	4	0.0000	0.0000	1	PASS	Use the dual definition.	-
III/19	10	exr:iii19-expand-02	Constant transform	327	9f0e27d6e1c50b36f033e036cd2f56805f0dec5622392f872231fd5f68592821	4	0.0000	0.0000	1	PASS	Use Fourier duality/inversion.	-
III/19	11	exr:iii19-expand-03	Derivative	337	f75b35d610dc025fd9dee786aee461721e149b504651b7030fd3ea5654528285	4	0.0000	0.0000	1	PASS	Use the derivative rule.	-
III/19	12	exr:iii19-expand-04	Translated Dirac	347	cdbc9e95619574a9ca55632bfeb5263a2588b212ee5b278fd288f67b38128fe2	4	0.0000	0.0000	1	PASS	Use translation of delta.	-
III/19	13	exr:iii19-expand-05	Modulated constant	357	e37e5a099fa59b78526d49410130758f0cf588802ede665b2d3335bbbe5aef63	2	0.0000	0.0000	2	PASS	Use modulation.	-
III/19	14	exr:iii19-expand-06	Dirac proof	369	b8530902de8eed3ca9162785e25e90683e3e3d0e3510c0aeedabb9d04deed484	8	0.1000	0.1111	1	PASS	Evaluate the dual definition on a Schwartz test.	-
III/19	15	exr:iii19-expand-07	Derivative rule	379	7891b104bc78fdb2b032e0aa6253fb2d6a54cdf26330cc59e17f077418d246de	4	0.0000	0.0000	1	PASS	Move derivatives through duality.	-
III/19	16	exr:iii19-expand-08	Automorphism	389	e848ff56126e2ea4e3d32b79f2d04c9d3b225f1f10ebef912fdeddd0fbb41d4d	4	0.1429	0.1429	1	PASS	Dualize the Schwartz automorphism.	-
III/19	17	exr:iii19-expand-09	Translation rule	399	e2a1b34fa6a1a9e7e089223a9b057857f78e3dfb3ef5aa1912e36b555d1a1f03	7	0.0000	0.0000	1	PASS	Evaluate delta\_a on the transformed test.	-
III/19	18	exr:iii19-expand-10	Ordinary formula failure	411	20793db2dc5864875306518fd15316674f47902fcf439abbf77373c76cb48ba9	6	0.0000	0.0000	1	PASS	Delta is not an L1 function.	-
III/19	19	exr:iii19-expand-11	Division by zeros	421	20a999a474b8014dd028cec37153afbb45d4559f50cc5eeed0f27969ba445981	8	0.0769	0.0000	1	PASS	The reciprocal may not be an ordinary function.	-
III/19	20	exr:iii19-expand-12	Polynomial transform	431	70be3ccddc8a5ff6c84844b96e1a5b57f852b723abe270a09193ef6a4a5861be	6	0.0000	0.0000	1	PASS	Multiplication by x becomes frequency differentiation.	-
III/19	21	exr:iii19-expand-13	Impulse response	443	a6e72aaea424fed8e7a6f0dd5d8b39db3418f6c73d8f3f8055cb3c5050b6bc62	6	0.1111	0.1667	1	PASS	Delta is the identity for convolution.	-
III/19	22	exr:iii19-expand-14	PDE Green kernel	453	6a059c4327a77e418172202203a9d8632e4a01de35ee8f8fed3ffe2ad737fa9c	11	0.1000	0.0000	1	PASS	Invert the operator symbol in the distribution sense and inverse transform.	-
III/19	23	exr:iii19-expand-15	Transform of delta prime	465	1d70866401595e7ac00b756930f9b0f89aa7fa00936fdff8b60eb582a9f516a5	6	0.0000	0.3333	1	PASS	Apply the derivative rule to delta.	-
III/19	24	exr:iii19-expand-16	Transform of x	475	a4c0f9b70d78ec67db47c075822ae87ec01d4fbffb5478f07d19f55513b72c77	11	0.1250	0.0000	1	PASS	Use multiplication by x as frequency differentiation of transform of 1.	-
III/20	1	exr:iii20-01		222	97e31f6e413a6c36ea759b040758511115525c507d7028a6c8e433cc42321e48	19	0.2143	0.0233	1	PASS	To verify a weak derivative \(g\), test \(\int f\phi'=-\int g\phi\) for every compactly supported smooth \(\phi\).	-
III/20	2	exr:iii20-02		232	1cb6208b136a908bb02d91fb2b883a775efc56993c1267dcbf60a7a7180c2136	16	0.0476	0.0000	1	PASS	For piecewise smooth functions, integrate by parts on each smooth piece and inspect the interface terms.	-
III/20	3	exr:iii20-03		242	67a265fb3474dd6beadf96923909f3127ebdf63d1649d83a74e0066fcda734b2	23	0.1000	0.0444	1	PASS	A jump creates a Dirac contribution distributionally, so an \(L^p\) weak derivative may fail to exist even when a distributional derivative does.	-
III/20	4	exr:iii20-04		252	acd6dc91ec903abd81f1ab9c4ce13feac41d5a5effcd271c04340624b87facee	19	0.1875	0.0952	1	PASS	Weak derivatives are unique because a locally integrable function pairing to zero with every test function vanishes almost everywhere.	-
III/20	5	exr:iii20-05		262	8580be2250f998cebd190cd7418955cd1cf35d4ae253da3aeaeb946b4577bbbd	19	0.0000	0.0000	1	PASS	Approximate by smooth functions and pass to the limit in the integration-by-parts identity when norm control permits.	-
III/20	6	exr:iii20-06		272	0ab05a3f47235ee3f11ece53320d7cdf91a1cee919bfd0a174efa5b03f25302d	31	0.0476	0.0976	1	PASS	C1 regularity suffices for agreement with the weak derivative by integration by parts. For a general Sobolev function, use weak derivatives; do not infer full classical differentiability without a separate theorem.	-
III/20	7	exr:iii20-07		282	376fcaeae7341189890d0cc10934511adc1272aa48408498983a96fe6a1b2853	15	0.0303	0.0312	1	PASS	Use difference quotients when the chapter provides them as a criterion for Sobolev weak differentiability.	-
III/20	8	exr:iii20-08		292	98cfeb77755d24f38c2f9dd5b1ca0c892bae0852645f765b0246f69e3df0d37d	16	0.0000	0.0556	1	PASS	Keep boundary terms out of the definition by choosing compactly supported test functions inside the domain.	-
III/20	9	exr:iii20-expand-01	Absolute value	309	dd8b6005b736f4979fd702958ce2b30c3f93b484955f53385ed67fcf6067f668	12	0.0000	0.0000	1	PASS	Differentiate away from zero and check no jump in the function itself.	-
III/20	10	exr:iii20-expand-02	Heaviside	319	aa2965fab7e6bb7a7f9aeccba3613ee95daa357109b774ee6da3cc0537ed98a3	5	0.1429	0.0000	1	PASS	Its distributional derivative is delta.	-
III/20	11	exr:iii20-expand-03	Constant	329	ef60a1f599267cbffe048f495e9ea825793c8bc7014af0c6776306cfec781744	4	0.0000	0.0000	1	PASS	Use the defining identity.	-
III/20	12	exr:iii20-expand-04	Classical function	339	cd6e4b4debdf76c77a76c80b671e8f95ce695708ee6a7489b6b82a7159ada449	4	0.0000	0.0000	1	PASS	Use integration by parts.	-
III/20	13	exr:iii20-expand-05	Mollified derivative	349	d2306096f05d84da6dd7d3abec3e1250a93297a3373a55cc6206951570ffeeee	2	0.0000	0.0000	2	PASS	Use commutation.	-
III/20	14	exr:iii20-expand-06	Uniqueness	361	8ea1862e3254099e2eb06d7f18536e7079bb3da263d1462bbedf27a1f88e7be2	3	0.0000	0.0000	1	PASS	Subtract two candidates.	-
III/20	15	exr:iii20-expand-07	Classical implies weak	371	8f2948dcd58ea7fbd18703c795311d0decfdecc8b785672df2aaacb38f5bfc89	7	0.0000	0.0000	1	PASS	Integrate by parts against compactly supported tests.	-
III/20	16	exr:iii20-expand-08	Locality	381	c87612229f022e634adc025e536afc572b217bab68da89854e6e96c3da8df7c5	12	0.0769	0.0833	1	PASS	Use tests supported in a region where two functions agree almost everywhere.	-
III/20	17	exr:iii20-expand-09	Mollifier commutation	391	8f9cd50a422429ac9bca7dac7f6f38a9c7eb4f0f31301eaaee3bdddea7a468d4	9	0.0000	0.1818	1	PASS	Differentiate convolution and transfer derivative using the weak identity.	-
III/20	18	exr:iii20-expand-10	Jump obstruction	403	90082f71d7b7463cd6364697c1a8482bdfa5f3602a9f4a91504afd57d18cbbfb	7	0.2222	0.2500	1	PASS	Its distributional derivative contains a Dirac mass.	-
III/20	19	exr:iii20-expand-11	Classical failure not weak failure	413	3412e937f2a255e155f8ebb8360daece5fa33022099407ca8a1827180bde9cbd	2	0.0000	0.0000	1	PASS	Use |x|.	-
III/20	20	exr:iii20-expand-12	Point changes	423	e8ed2773af0b8bce2e410ff45ca7dd204942a2d5b149e527c062d9605514f857	10	0.0000	0.1111	1	PASS	Weak identities use integrals and functions are a.e. classes.	-
III/20	21	exr:iii20-expand-13	Finite elements	435	5f5b73c4b5cd2cc46fabe5b84620407235ad1b35ebe1e86ee5caf84a8bdacf8e	11	0.0556	0.0000	1	PASS	Classical derivatives exist on elements and integral identities tolerate lower regularity.	-
III/20	22	exr:iii20-expand-14	Image edges	445	5bb833692cc03e0534e29495b2e83d0d1e0fd4b2a84bcc253355ddead886a3f6	15	0.0667	0.0588	1	PASS	A corner such as |x| has an Lp derivative, while a jump produces a Dirac.	-
III/20	23	exr:iii20-expand-15	Second weak derivative of |x|	457	593ab260411a8111e8b8cd0e956dc7ba06918ac5d07e38995968b57d26037803	3	0.0000	0.0000	1	PASS	Differentiate sign(x).	-
III/20	24	exr:iii20-expand-16	Chain rule preview	467	ce45af4f85588d2532dff461b4a33889c013f29182667bfa6b680d4f44c05adf	8	0.0286	0.0000	1	PASS	Expect derivative of composition to multiply weak derivative.	-
III/21	1	exr:iii21-01		222	29193198cfb1b178eadd199618eb738f15ea10337ce425f0d378dd4e19406a0b	14	0.0286	0.0698	1	PASS	Compute every weak derivative required by the Sobolev norm before evaluating the norm itself.	-
III/21	2	exr:iii21-02		232	215d17930dd017dc9ede9ee135a2314bae2393ba1f8b78090bc4ca6616295d20	18	0.0769	0.0667	1	PASS	For \(H^k\), use the Hilbert norm built from \(L^2\) norms of derivatives up to order \(k\).	-
III/21	3	exr:iii21-03		242	a9732d7f8345959f9a25f8afc9887a7a1a3dcc4a6049e62c66200b86544598fc	15	0.0000	0.0294	1	PASS	Check dimension and exponent restrictions before invoking any Sobolev embedding; they determine the target space.	-
III/21	4	exr:iii21-04		252	bd8c07d23d49e588d4d4633571181157548b96debcc3ff03231cff6b4e335a13	15	0.0294	0.0250	1	PASS	Trace statements require boundary regularity and sufficient Sobolev exponent; verify both before assigning boundary values.	-
III/21	5	exr:iii21-05		262	a8b624d33745a78bab777a148be141599bc8e9d71b8e08ef0bd6a6528aa828dd	13	0.0000	0.0000	1	PASS	Use completeness by showing a Cauchy sequence converges in each derivative component consistently.	-
III/21	6	exr:iii21-06		272	fb23ea34521494c79da27d4e788b11faeab2065e5e35e66565275327e885f5dc	17	0.0000	0.0185	1	PASS	To prove an inequality, normalize by scaling first and see which exponent is forced by dimensional balance.	-
III/21	7	exr:iii21-07		282	8b7113cc4f2244d55a7738b6ba1a1db9c8dc4e74c3c623c0603d208af305784e	16	0.0000	0.0278	1	PASS	Construct counterexamples near singular points to test whether a proposed function lies in \(W^{1,p}\).	-
III/21	8	exr:iii21-08		292	92989a75dcab6f502b25f2c2665287df058828300ca53f55cf19a15b15e5a9ce	20	0.0189	0.1111	1	PASS	Do not infer continuity from Sobolev membership unless the relevant embedding theorem places the space inside a continuous-function class.	-
III/21	9	exr:iii21-expand-01	H1 norm	309	b3c67544597a6bf36a24d4436e416222434062af717b66de4d3f43d8f2a29422	7	0.0000	0.0238	1	PASS	Use the function and first weak derivatives.	-
III/21	10	exr:iii21-expand-02	Cusp threshold	319	d6fa9dca9488ae963b026d0e839ff88bfc58d8faccf1e9aedb3a7282a320bd39	8	0.2500	0.0000	1	PASS	Check integrability of |x|\textasciicircum{}((alpha-1)p).	-
III/21	11	exr:iii21-expand-03	Zero boundary	329	5bd31b6fa0b81a75f236fb3c289875041e84197a2b5637a18453d3bd6ad3ffa4	9	0.0000	0.0000	1	PASS	It is the closure of compactly supported smooth functions.	-
III/21	12	exr:iii21-expand-04	Poincare	339	f7b1fddbaa9cd1f7131f21a1cae91dac50463a747f2a57eb19c82a17f012251d	4	0.0000	0.1250	1	PASS	Use zero-boundary assumption.	-
III/21	13	exr:iii21-expand-05	Hk	349	df35512bafa7621b72b73e6fd7d6a5fac69c6daccba097bdeb7e195095a0e36a	2	0.0000	0.0000	1	PASS	Recall notation.	-
III/21	14	exr:iii21-expand-06	Hilbert structure	361	dfdff2e225b992ea028ef52327f0ce9a2f9899b96bd37a3104306d48020a406f	8	0.0000	0.0000	1	PASS	Sum L2 inner products of all weak derivatives.	-
III/21	15	exr:iii21-expand-07	Poincare norm equivalence	371	f09f0da5bb8a541b51629eaa8438b869616117a20df940b73f3d3b48233ee7e8	7	0.0000	0.0000	1	PASS	Use Poincare plus the trivial reverse bound.	-
III/21	16	exr:iii21-expand-08	Completeness strategy	381	a0e525de6666c9df4bdb47fb492084f779fd7e7404b9ce0c8da19e1d1f68a89d	7	0.0000	0.0000	1	PASS	Take Lp limits of every derivative component.	-
III/21	17	exr:iii21-expand-09	Embedding hypothesis	391	2de2307fbf5dd209a597b3f0f0e600861d638c5b2ad31c6e09508670bd419686	9	0.0714	0.0000	1	PASS	The critical scaling depends on k p versus n.	-
III/21	18	exr:iii21-expand-10	Smoothness not required	403	99c96384f815a7119a6939280607a00035f768a83d8d54a7594ff6a942e1166c	6	0.0000	0.0000	1	PASS	Use |x| on a bounded interval.	-
III/21	19	exr:iii21-expand-11	Boundary value not pointwise automatic	413	ebd74814584f8c2862c363ede0e1e7acc88634e67df41d69944f0a88dd0fcccd	7	0.0000	0.0000	1	PASS	Sobolev functions are a.e. equivalence classes.	-
III/21	20	exr:iii21-expand-12	Unbounded-domain Poincare	423	9d291c41eff98dfb0626d7947d0f6ffdd718b01ebd09e0568244f06124aa317f	6	0.0769	0.0714	1	PASS	Translations/constants may escape gradient control.	-
III/21	21	exr:iii21-expand-13	Energy method	435	7c6fa07d380e90d001866cde30d7e8f868f7cf7467e84746eca0d62b645c5a71	13	0.0000	0.0667	1	PASS	Both u and gradient are square integrable and boundary data are built in.	-
III/21	22	exr:iii21-expand-14	Compactness	445	884f3441627e03058082530c095b8e2feb0972f1c73190046c88d2fea5ac4732	8	0.0000	0.0000	1	PASS	It provides strongly convergent subsequences in weaker norms.	-
III/21	23	exr:iii21-expand-15	Scaling criticality	457	6c8f4d769b4635315fa15bd2895269a6616458f874ba35dc4a0bc5ae4b519614	10	0.1071	0.0000	1	PASS	Track how derivative Lp norms scale under u(lambda x).	-
III/21	24	exr:iii21-expand-16	One-dimensional estimate	467	fd4f0803565ab15dd3442dbd759f9abb307ac5e295e422e537c5d845921f0ad3	10	0.0000	0.0000	1	PASS	Write u(x)-u(y) as the integral of u'.	-
III/22	1	exr:iii22-01		222	f34f7f5b063c2afd0fe8d49aba41c6f21e266f3c9149af09e5938dc936454d32	14	0.0000	0.0000	1	PASS	Extend or localize the function first if naive convolution would sample outside the domain.	-
III/22	2	exr:iii22-02		232	952318e39a2ba01d87febd5f6126e6cc6cb79b2c7dc094d11124a932b098ab17	14	0.0345	0.1000	1	PASS	Choose a mollifier \(\rho_\varepsilon\) and use \(f*\rho_\varepsilon\) as the smooth approximation.	-
III/22	3	exr:iii22-03		242	a56cd893265868af45aa3303b6f287c0c4a0d81c510b799f936bc0190a1a5777	17	0.0909	0.0286	1	PASS	Norm convergence follows by translation continuity plus averaging; write the convolution error as an average of translates.	-
III/22	4	exr:iii22-04		252	ebf1cce262a86a60c48635d3f52e778e59480ac2b6fecc31a82a84a5dd04df26	13	0.0323	0.0323	1	PASS	Use a cutoff after mollification when compact support inside the domain is required.	-
III/22	5	exr:iii22-05		262	5cff0b615f35552fbf187860e90410e5b1fe4c734705e2c7c93eab320ce50432	19	0.0263	0.0645	1	PASS	Track weak derivatives through convolution: \(D^\alpha(f*\rho_\varepsilon)=(D^\alpha f)*\rho_\varepsilon\) in the weak sense.	-
III/22	6	exr:iii22-06		272	a7d6fcf5f84a1734ca1c8376efdd3e40163c4af2faab1f4c73ad7cd5c11c403c	15	0.0000	0.0238	1	PASS	Boundary conditions may not survive ordinary mollification; modify the construction rather than assuming they do.	-
III/22	7	exr:iii22-07		282	3dc8e72f6c28beb24d56b71be37e4ed3336675ca44343206361e9bf770bc610b	14	0.0571	0.0857	1	PASS	Density in norm is stronger than pointwise approximation; estimate the actual target-space norm.	-
III/22	8	exr:iii22-08		292	bf4d48039a94714be3ca9409d2c638b6a2792b16c455b8160ff47960e95cab60	18	0.0256	0.0263	1	PASS	Choose the approximation scale after fixing the error tolerance so each localization and smoothing error is controlled separately.	-
III/22	9	exr:iii22-expand-01	Mollifier mass	309	984fbf511ca421a81ea18b4c1f9c883698814cb9e507beb6fb521de24102f25e	2	0.0000	0.0000	1	PASS	Scale variables.	-
III/22	10	exr:iii22-expand-02	Mollifier support	319	f22e46c196877edbb7f6e3037eb36c88642d8cb8a53291251784dfe030e15689	3	0.2500	0.0000	1	PASS	Scale by epsilon.	-
III/22	11	exr:iii22-expand-03	Smoothness	329	fb949fa0d87ab134de07d9be52692ede4e8e402d0287ee9917c55e8b7345ecb2	5	0.0833	0.1667	1	PASS	Derivatives fall on rho\_epsilon.	-
III/22	12	exr:iii22-expand-04	Lp convergence	339	393b3bb63ed8824115afaf6c30cc99ba905eb654b1a27b69633ad001588aef21	4	0.0000	0.0000	1	PASS	Use approximate identity theorem.	-
III/22	13	exr:iii22-expand-05	Weak derivative	349	d2306096f05d84da6dd7d3abec3e1250a93297a3373a55cc6206951570ffeeee	2	0.0000	0.0000	2	PASS	Use commutation.	-
III/22	14	exr:iii22-expand-06	Approximate identity proof	361	d43784908e26965dd04366e6b5279dbb3803cd4e060fcf394255099278f88cf6	8	0.0000	0.0000	1	PASS	Write the difference as an average of translations.	-
III/22	15	exr:iii22-expand-07	Derivative commutation	371	0f809fc7d6978421af1960fff2896837f82034ba970d1421786ec2aaee02bf78	6	0.1111	0.0000	1	PASS	Transfer derivatives using the weak identity.	-
III/22	16	exr:iii22-expand-08	Density	381	b5e2e059fe6a121e2200424ce5efd799e431d63cfb7edc0ec402a541c907305b	5	0.0000	0.0000	1	PASS	First truncate spatially, then mollify.	-
III/22	17	exr:iii22-expand-09	Boundary need	391	eb353c7c36cdff86e393b485532f70447c02c0675019f925ca8249fcc11009c8	9	0.1333	0.0000	1	PASS	A nonzero trace creates a jump across the boundary.	-
III/22	18	exr:iii22-expand-10	Linfinity density	403	18dea2afb10851fb77a0c63f9625f6b056b5aa362bfef849e56e782b57e56e15	10	0.2727	0.0769	1	PASS	Uniform norm cannot approximate a nonvanishing constant by compact support.	-
III/22	19	exr:iii22-expand-11	Pointwise not norm	413	49c6b2e7ef08339f15db84c946fc832fe6cf9d0d37fa8896700b03e9cd24ac9b	6	0.0909	0.0909	1	PASS	Norm convergence requires integrated error control.	-
III/22	20	exr:iii22-expand-12	Boundary leakage	423	237bf6938d460567d4b4e7280268bd4fa40d3bbd53bdf56d9939efc9db80e679	7	0.0000	0.0000	1	PASS	Convolution spreads support by the kernel radius.	-
III/22	21	exr:iii22-expand-13	Finite elements	435	a5826104d8220ad821881f56efd021dfb2f1f81de5c6c0727e347bc30b03e3d5	9	0.0625	0.0000	1	PASS	Smooth/finite-dimensional test functions approximate energy-space functions.	-
III/22	22	exr:iii22-expand-14	Spectral regularization	445	76b4866ecc1f413e3d0af5cefda919769776d2985096bc603ba071bcbe3cfe29	7	0.0000	0.0000	1	PASS	It diagonalizes Sobolev norms and operator multipliers.	-
III/22	23	exr:iii22-expand-15	Two-scale approximation	457	331646da091fe229837b3988f05b551c5067037475c52de130d1e6d0aef66fd3	17	0.0000	0.0000	1	PASS	Choose a compact cutoff making the tail small, then choose mollifier scale making local smoothing error small.	-
III/22	24	exr:iii22-expand-16	Sobolev density transfer	467	c6b3a83480b88423351864967b4e2a429290f9064480c7a287ab93e591caf2c3	10	0.0833	0.0000	1	PASS	Apply the Lp approximate-identity theorem to every weak derivative.	-
III/23	1	exr:iii23-01		229	929debf4df058205a373651827770a325def3302289e412d581a634dddba461a	22	0.0930	0.0500	1	PASS	Multiply the PDE by a test function, integrate over the domain, and integrate derivatives off the unknown to obtain the weak form.	-
III/23	2	exr:iii23-02		239	1af41145834e0ef8dac91bfc530764cf607085ce977c2d05dc0770b9fc642fb0	21	0.0238	0.0435	1	PASS	Choose the trial space so the boundary condition is encoded structurally, for example by zero trace rather than a pointwise statement.	-
III/23	3	exr:iii23-03		249	f08eb00abddb947141df2e267cbc53e2830e65f30ae07f2d390aeaf2f27f8bac	19	0.0476	0.0811	1	PASS	Bound the bilinear form using Hölder, Cauchy--Schwarz, or Sobolev inequalities until it is continuous in the chosen norm.	-
III/23	4	exr:iii23-04		259	dae4165f0f0c5f623b6aa4eb2a7be6d9dc947631fd75e28d97af0574a5207b75	19	0.0000	0.0625	1	PASS	Coercivity requires a lower bound on \(a(u,u)\); use Poincaré-type control when the gradient norm alone appears.	-
III/23	5	exr:iii23-05		269	3aeeaa7accf994109b914cc5ce503481d50fa73112b396a50312d615ea432ca7	16	0.0588	0.0526	1	PASS	Only after boundedness and coercivity are verified should you invoke Lax--Milgram for existence and uniqueness.	-
III/23	6	exr:iii23-06		279	aa5265c03d3b221d04e5eb2e8fa7c12314e9a870fc03ec7183b68d541c8ec632	18	0.0244	0.0938	1	PASS	Interpret the right-hand side as a bounded linear functional on the test space and estimate its norm.	-
III/23	7	exr:iii23-07		289	9687a87889b14011d3d9c72370ada4d910e6f51e3f2811007cffbb3ce51e63af	18	0.0263	0.0500	1	PASS	To recover the strong PDE, integrate by parts backward only when the weak solution has enough additional regularity.	-
III/23	8	exr:iii23-08		299	b4529400b918a88bff064ada51774732c603a280ad51d62fbefe1434c84791e0	15	0.0000	0.0000	1	PASS	Keep essential and natural boundary conditions distinct: they enter the variational formulation in different ways.	-
III/23	9	exr:iii23-expand-01	Weak Poisson	316	8c3f6dfce2e241ae3b3081005a88b052631754c221e7ee2c7f72c93afc627a6f	4	0.0000	0.0000	1	PASS	Integrate by parts once.	-
III/23	10	exr:iii23-expand-02	Energy space	326	8e08af711738f637729cab7b6904474c5fe9b31c80863896167e6d04404fc649	3	0.0000	0.0000	1	PASS	Encode zero trace.	-
III/23	11	exr:iii23-expand-03	Coercivity	336	44966a041fb34e887682864c9ca6c06ed34b78e8e9b6a906ca370ca16bd5df4b	2	0.0000	0.0000	1	PASS	Use Poincare.	-
III/23	12	exr:iii23-expand-04	Uniqueness test	346	0f1339834d1a8efacd9eb4c923c15800e9f689fbc0a9f7e4089b1365801e7199	5	0.0000	0.0000	1	PASS	Test with the solution difference.	-
III/23	13	exr:iii23-expand-05	Galerkin matrix	356	71639e6cdcfaf32a6c04c36b2726a4326792cb94ebd75c1485c591784c077dde	7	0.0000	0.0000	1	PASS	Evaluate the bilinear form on basis pairs.	-
III/23	14	exr:iii23-expand-06	Weak derivation	368	c0dddc6109f623fb8f48d0720b098b32957a040602696554dd6eb7d4d547c847	8	0.0714	0.0000	1	PASS	Multiply by a test and integrate by parts.	-
III/23	15	exr:iii23-expand-07	Boundedness	378	7d7f825c959fe5957c9b33acf05982767e46f154e1f1d0fe4e1dcddef147e94d	3	0.0000	0.0000	1	PASS	Use Cauchy--Schwarz.	-
III/23	16	exr:iii23-expand-08	Energy uniqueness	388	d9e712d0fda594c709ffadfe6747b48281a675e7f6c1680518c1841be4a75514	8	0.0000	0.0000	1	PASS	Subtract two solutions and test with the difference.	-
III/23	17	exr:iii23-expand-09	Galerkin stability	398	16b56b599bed962ae30bb513a88301974e67ce48bb7895214b500e2d2374292a	7	0.0000	0.0000	1	PASS	Test the discrete equation with u\_h.	-
III/23	18	exr:iii23-expand-10	No coercivity	410	a0a1339a3681118773c2ec167ced96ef2ab8cc87fb6f29699b10b832fa87d9a7	11	0.0000	0.0000	1	PASS	Testing with the difference yields only zero energy, not zero vector.	-
III/23	19	exr:iii23-expand-11	Wrong trial space	420	c2712a52e4a7ccd669ec28bb888fcedc902ce6ed3e1004adfe95f59f6367cb56	9	0.0909	0.0000	1	PASS	The homogeneous boundary condition is no longer built in.	-
III/23	20	exr:iii23-expand-12	Formal integration by parts	430	375a57a995c8fbc5007d1fa6d0ab4011cf4c112cc12512d0265f218af5adeda6	11	0.0000	0.0000	1	PASS	Derivatives are interpreted weakly and only first derivatives need be integrable.	-
III/23	21	exr:iii23-expand-13	Finite elements	442	ed5e9acbd247a0228692a46905b346b3f9430de9961dad3d0d63c6368f5e214d	10	0.0000	0.0769	1	PASS	Choose local finite-dimensional basis functions inside the energy space.	-
III/23	22	exr:iii23-expand-14	Rough coefficients	452	1bb7fd2987f5082c8f62f75d779c8a1f52da39a6af910cb75ac45e4d68865975	8	0.0833	0.0000	1	PASS	The coefficient multiplies weak gradients inside an integral.	-
III/23	23	exr:iii23-expand-15	Lax--Milgram estimate	464	a5dbc7e391f51d6c6adac88edd118810e4d80ffa28be07d4858b6d50d475f1e3	9	0.0000	0.0000	1	PASS	Test with u and use bounded action of F.	-
III/23	24	exr:iii23-expand-16	Cea preview	474	c0aaa0778a9b2afb14ff890828c1e7cb25d14d15cc2aac3ba4bee8ce7fcbbf53	13	0.2632	0.0000	1	PASS	Orthogonality of the error plus boundedness/coercivity compare true error with any competitor.	-
III/24	1	exr:iii24-01		219	739dfe195614eae9e9d8a9fc3b731c56411a51a9b9d38b050b5abbd033b8feb3	36	0.0323	0.0000	1	PASS	To verify \(L\Phi=\delta\), use $\langle L\Phi,\phi\rangle=\langle\Phi,L^t\phi\rangle$ with the formal transpose. For $L=P(D)$ and the linear pairing, $L^t=P(-D)$; $-\Delta$ is unchanged.	-
III/24	2	exr:iii24-02		229	d9dda5cdae7a642f016b6c925b5fa32d8c7411b36aa68e48aa71edae37d9a861	17	0.0625	0.0606	1	PASS	Fourier transform converts a constant-coefficient operator into multiplication by its symbol; solve algebraically in frequency space.	-
III/24	3	exr:iii24-03		239	d12e49179a9bcbc5612a35e4ce6dcac13f0513813e77ed96e764c3316606a106	15	0.0256	0.0323	1	PASS	After finding \(\widehat\Phi\), identify the inverse transform and track singular behavior at the source.	-
III/24	4	exr:iii24-04		249	08fb13f2053b7277942aa8ff47586df0b23f7d34e297b9c7d70612aeb16910ce	22	0.0278	0.0256	1	PASS	A solution \(u=\Phi*f\) is valid only when the convolution and differentiation operations are justified in the chosen function/distribution class.	-
III/24	5	exr:iii24-05		259	958de6932ea4c59f1b4c7584bc617cfd702508a3236620d09fba95f528936c58	16	0.0286	0.0312	1	PASS	Use scaling of the operator to predict the homogeneity of the fundamental solution before computing constants.	-
III/24	6	exr:iii24-06		269	3fe6e098aabe56c8ae42cddc575dad9b4c611071b6946fb6d5e5c3d29748608e	19	0.0000	0.0000	1	PASS	For Laplace-type operators, separate the singular point from the smooth region and verify harmonicity away from the source.	-
III/24	7	exr:iii24-07		279	bdc71c4effcd5b3205ee81381457b77ef4af41432754666b08f5aa915bee6cf2	19	0.0606	0.0526	1	PASS	Boundary conditions are not part of a free-space fundamental solution; do not confuse it with a Green function.	-
III/24	8	exr:iii24-08		289	151113d39426a07e44b6200307c2624e40e99358843c88b198b476e78e90237d	21	0.0189	0.0000	1	PASS	Check the normalization constant by integrating the flux over a small sphere around the singularity or by testing against a bump.	-
III/24	9	exr:iii24-expand-01	Definition	306	fcfe5b2b50c85e9a5fbe947804e6879908616ea29dc0befc315854d8ca558dc7	5	0.0000	0.0000	1	PASS	Use the distributional inverse definition.	-
III/24	10	exr:iii24-expand-02	Convolution	316	7089b30383710bae95158fc3601e615dffdb8c7d5fce585b066c3920bd3b61a9	3	0.2500	0.0000	1	PASS	Differentiate through convolution.	-
III/24	11	exr:iii24-expand-03	Dimension 3	326	a2058449e9edc4ecc4810009b3ea660c27704f1d39162b742be8cc3360fbd5b1	5	0.0000	0.0000	1	PASS	Use |x|\textasciicircum{}(2-n).	-
III/24	12	exr:iii24-expand-04	Dimension 2	336	a0b91bc1d726ed8af928432bec7fcfc0944d994cb2bdcab017a980b7be13688a	5	0.0000	0.0000	1	PASS	Recall the critical radial case.	-
III/24	13	exr:iii24-expand-05	Off-source	346	5cbd3b6824dfcdc060e76847c658a960d0cd5c32147983b6d7cde150338c670d	7	0.0000	0.2000	1	PASS	Delta vanishes on tests away from zero.	-
III/24	14	exr:iii24-expand-06	Convolution inversion	358	098b3a457befb306502ac57c241c53081f663ebf0ff5e64efd63ea4790c99e7b	7	0.2000	0.0000	1	PASS	Use constant-coefficient differentiation and delta identity.	-
III/24	15	exr:iii24-expand-07	Radial harmonicity	368	804955a37da0ff327fafc75d77fe166f152e428cc9c8c8468b14a12952317240	5	0.1111	0.0000	1	PASS	Use the radial Laplacian formula.	-
III/24	16	exr:iii24-expand-08	Flux normalization	378	199681c146955e2a16c1aa7949b42a067588c874396ebd9cc7b093cc10ea9af8	15	0.1250	0.0000	1	PASS	Differentiate r\textasciicircum{}(2-n) and multiply by sphere area scale r\textasciicircum{}(n-1).	-
III/24	17	exr:iii24-expand-09	Smooth off pole	388	a21eb61f6bd5eb29af5a0059022bcfaea8e4020a9630100443a71c6dcef96376	6	0.1111	0.0000	1	PASS	Test functions there annihilate delta\_0.	-
III/24	18	exr:iii24-expand-10	Fundamental versus Green	400	094fd353a0907d57ef28ab7975c5f3f28163721d7420717cc3cba573f279bc11	7	0.1250	0.0000	1	PASS	It does not satisfy the boundary conditions.	-
III/24	19	exr:iii24-expand-11	Uniqueness failure	410	55bcfc2b6c4ee84e9efbbced4c59478448ef9d168f34647931d44058abcd2fc5	4	0.0000	0.0000	1	PASS	Add any homogeneous solution.	-
III/24	20	exr:iii24-expand-12	Classical failure at pole	420	197f55f78320f4b4d28d17c07470bc70436a3b2f7c2634a5a3fb74fde1f32a56	5	0.0000	0.1250	1	PASS	The kernel is singular there.	-
III/24	21	exr:iii24-expand-13	Point-source field	432	c22aac5acabc68a5879d731d58a88d6565a97b4c67d916e86c35a3fa0273819b	9	0.0000	0.0000	1	PASS	The integral sums translated impulse responses weighted by f.	-
III/24	22	exr:iii24-expand-14	Electrostatics	442	b7fcf589e442b430e68bb5e2c6e588c47c8698b177d30ee3be21122852f248d7	9	0.0000	0.0000	1	PASS	It is the free-space inverse of the Laplacian.	-
III/24	23	exr:iii24-expand-15	Scaling	454	e6439705e04f8a629e43f89b927ce7028c9070846e2471d2cac9054999f77b02	14	0.0000	0.0625	1	PASS	The Laplacian scales like length\textasciicircum{}(-2), while delta scales like length\textasciicircum{}(-n).	-
III/24	24	exr:iii24-expand-16	Fourier derivation	464	8269b92fffcf828a5bd2feb71f0209656e427b91acf5e78fa8c8a0c3bf13592d	4	0.0000	0.0000	1	PASS	Transform -Delta E=delta.	-
III/25	1	exr:iii25-01		230	e52bffdc12f94380657f2adac35549426885fa4d67f8152fa1262e30f57c2e9b	19	0.0250	0.0556	1	PASS	Write the Green function as a free-space singular kernel plus a correction chosen to enforce the boundary condition.	-
III/25	2	exr:iii25-02		240	1529d91a9fa304d484a98174283028b9cbc20166fe1247ab4c1ede80d8e0281b	18	0.0000	0.0909	1	PASS	Verify the differential equation away from the pole and then verify the delta source distributionally at the pole.	-
III/25	3	exr:iii25-03		250	f29cc00c6286d9eb46a81d55091dd765502c8220ae01df66303e1a7cab021fd8	14	0.0278	0.0312	1	PASS	Check the boundary condition in the spatial variable separately from the source-variable dependence.	-
III/25	4	exr:iii25-04		260	b22c0855bce9756a359ce2888173179af9123d9518721e7da6e1dd3bc2a0a261	15	0.0000	0.0270	1	PASS	Use Green's identity to derive the representation formula rather than guessing the integral kernel.	-
III/25	5	exr:iii25-05		270	46f1d03b644eea386dd39762086d0aed833fac71ba22630f0a7c2e881e7cdcc4	20	0.0278	0.1000	1	PASS	Symmetry \(G(x,y)=G(y,x)\) follows from self-adjoint structure when the hypotheses hold; identify that structure first.	-
III/25	6	exr:iii25-06		280	252dbc353daac616d7d44a37693c2f64aa7e547f724986ee82097cb7bb68cbed	15	0.0250	0.0556	1	PASS	Positivity requires a maximum-principle or energy argument; it is not automatic for every operator.	-
III/25	7	exr:iii25-07		290	3253f566c9a06d00035831d9f4960e41e24c9cf6b445ab832cea5a6e552c57c2	19	0.0000	0.0732	1	PASS	In one dimension, solve the homogeneous ODE on each side of the source and match continuity plus derivative jump.	-
III/25	8	exr:iii25-08		300	083bb31f73eb3b2ce1f0d24de05528f5d73652691b40055bf20a3d4b18ea9166	14	0.0571	0.1176	1	PASS	Distinguish Dirichlet, Neumann, and periodic Green functions by the boundary/compatibility conditions they satisfy.	-
III/25	9	exr:iii25-expand-01	Boundary check	317	bd88747f1e38e3ca9ad819e30fa4d1b4ec93681a352c43b95fb204bc63c03595	8	0.0000	0.0000	1	PASS	Enforce the homogeneous data in the x variable.	-
III/25	10	exr:iii25-expand-02	Jump	327	c2f4a96239d261e9ca5debedf414f7e96677ee9a2d444106c37b1c44e8c0095a	4	0.0000	0.0000	1	PASS	Integrate across the source.	-
III/25	11	exr:iii25-expand-03	Continuity	337	5dff149ff313bb4763863042ec1d898d7789c37c8c04c5a2d58bb0f95fc7d20a	10	0.0000	0.0000	1	PASS	A jump in G would create a delta-prime term.	-
III/25	12	exr:iii25-expand-04	Symmetry	347	581a39f846fb13ee79b324b716d58b56edf9d8b59eb410299c1f0dbe9743fca0	2	0.1429	0.0000	1	PASS	Self-adjointness.	-
III/25	13	exr:iii25-expand-05	Representation	357	e6fa95bd7c2562159673b65bcfa65a5e92e90654d4b99c0ae416abfd3d11f2f3	4	0.0000	0.0000	1	PASS	Integrate forcing against G.	-
III/25	14	exr:iii25-expand-06	One-dimensional construction	369	82e7e8998f2be245654795d8834850de5bcacf737484f9307bbb67fb6928c264	14	0.0000	0.0000	1	PASS	Use a linear homogeneous solution on each side, continuity, boundary values, and derivative jump.	-
III/25	15	exr:iii25-expand-07	Symmetry proof	379	bc89120fa51c6973933d9c3c951b68b205161197e0135cc331e311158517b1a9	7	0.0769	0.0000	1	PASS	Pair the inverse with two forcing functions.	-
III/25	16	exr:iii25-expand-08	Representation proof	389	5668887c23c79e6d7e537554347b5f65bebb5b196bf92b92929c3468b0a13b7b	9	0.0000	0.1667	1	PASS	Apply the differential operator in x under the integral.	-
III/25	17	exr:iii25-expand-09	Jump derivation	399	58f225b9b618b7ecf7460469b91d1903980ae5763246b3c9b8d8806551146c5d	6	0.0000	0.0000	1	PASS	Integrate over (y-epsilon,y+epsilon).	-
III/25	18	exr:iii25-expand-10	Free-space kernel	411	8c34991e11a7997b1daea55bd8473a321bd1c81bbb42fe04d982885ad10bef92	10	0.0000	0.0357	1	PASS	It knows only the operator and source, not the boundary.	-
III/25	19	exr:iii25-expand-11	Neumann compatibility	421	bb0de44d8e4d8df9ba2904c3d9356671c3ef347069d571c2d233614858712fd1	9	0.0370	0.1111	1	PASS	Constants lie in the kernel of the Neumann Laplacian.	-
III/25	20	exr:iii25-expand-12	Symmetry can fail	431	aec1f6719512edc2fad552955bdb08239157c342b5b90968dec854c8145e5bda	8	0.0000	0.0000	1	PASS	The inverse operator need not be self-adjoint.	-
III/25	21	exr:iii25-expand-13	Boundary response	443	b1480224caa3f87a514aa1a49fda4d0c414a8d7a1a41dd28b6d0f04a1eae3a46	10	0.0000	0.0833	1	PASS	They build both propagation and boundary constraints into one kernel.	-
III/25	22	exr:iii25-expand-14	Inverse matrix analogy	453	ea1d489b35c1476f93c55c7a363f6d317e78eca0e18a060286a0d3df326f57af	8	0.0000	0.0000	1	PASS	The source coordinate is like a column index.	-
III/25	23	exr:iii25-expand-15	Positivity	465	d99adcb803b8f73a0e795b0cb73351fd43a4aa758bebfe77359bf262b54817fc	9	0.0000	0.0294	1	PASS	Inspect each product factor on 0<=x,y<=1.	-
III/25	24	exr:iii25-expand-16	Eigenfunction expansion	475	c38feb3551f3d2451a6fc6e27d45c44713aa8fa2751afecb36d79cbf6eacc53c	9	0.0278	0.0000	1	PASS	Expand f in eigenfunctions and invert each scalar eigenvalue.	-
III/26	1	exr:iii26-01		220	bad1411263f5582e6b657d5dddef807fa8e7e5fda404cd644a6b5272a64603dd	16	0.0278	0.2593	1	PASS	Choose one homogeneous solution satisfying the left boundary condition and another satisfying the right boundary condition.	-
III/26	2	exr:iii26-02		230	76098af1dffefe315efa72dd29c99b5308f4fa9ea74f9e0388c30d434345b823	15	0.0286	0.1515	1	PASS	Compute the Wronskian; its nonvanishing is what lets the two homogeneous solutions normalize the kernel.	-
III/26	3	exr:iii26-03		240	ffb0e5b3b5ef78593301e5016f4c4f0899eaa9382719c740ea2cf4945e6027e0	16	0.0606	0.0333	1	PASS	Define the kernel piecewise on \(x<\xi\) and \(x>\xi\) using the two boundary-adapted solutions.	-
III/26	4	exr:iii26-04		250	297290addf25e9e894b9abc5c045c305c854afa8f5021c0d225f91c848bc63cd	13	0.0000	0.1429	1	PASS	Enforce continuity of the kernel at \(x=\xi\) before imposing the derivative jump.	-
III/26	5	exr:iii26-05		260	2d07927a1441e8e0952ffee6c1ce9db093d0196fd7273b1a7aced4021ace3119	19	0.0882	0.0000	1	PASS	Integrate the differential equation across a small interval around \(\xi\) to derive the exact jump in the first derivative.	-
III/26	6	exr:iii26-06		270	bdcaafec716ef8064b34890eea362e2e817ab97b5572bdcfd6988bbf3f7c388a	14	0.1000	0.0303	1	PASS	Check the boundary conditions on the kernel before inserting it into the solution integral.	-
III/26	7	exr:iii26-07		280	87b5f640928dcb984a537c4927655b1d4705125deedb63eb8b3f77a7c04442e7	18	0.0250	0.1111	1	PASS	For self-adjoint Sturm--Liouville problems, test whether the kernel should be symmetric after including the weight correctly.	-
III/26	8	exr:iii26-08		290	394fc4f46b95fbb6e3890d2b6f1b225d26bb3a0d53fb344deddfd6f0ecd996a7	19	0.0256	0.0250	1	PASS	Periodic or Neumann problems may require compatibility conditions or removal of a zero mode; inspect the homogeneous kernel first.	-
III/26	9	exr:iii26-expand-01	Wronskian	307	a11ddce1bbaf42bc199cc53abcb01b84d3bbfc5ffd93f2de1a9d96ade386fee8	5	0.0000	0.0000	1	PASS	Use u v'-u'v.	-
III/26	10	exr:iii26-expand-02	Piecewise product	317	637d969f1b6cff0af9e022574ff42dba2ccc97fd9cf72b516e4277c9c2e9553a	10	0.0000	0.0000	1	PASS	Use left solution at x and right solution at xi.	-
III/26	11	exr:iii26-expand-03	Continuity	327	614528a94b51fc50bd6de9f85bbf9abc1d5ecf18c5cf11df57d9a37182c801a2	5	0.0000	0.0000	1	PASS	Keep the kernel value continuous.	-
III/26	12	exr:iii26-expand-04	Flux jump	337	a959c1f39c25f0aefeb194b56fd0cba48c764082224abe0ef2d38775a0378021	5	0.6000	0.0000	1	PASS	A prescribed derivative/flux jump.	-
III/26	13	exr:iii26-expand-05	Resonance	347	73804fb95d96d7e7276adf963cfe68896abfe8f7b2fc6cabebf8fdbf3ee988a4	4	0.0000	0.0000	1	PASS	A spectral denominator vanishes.	-
III/26	14	exr:iii26-expand-06	Wronskian constancy	359	2bfd11b7dd1e774a1167517d904fbd65a5cc253343eede95fa60c54d786d800b	10	0.0000	0.0000	1	PASS	Differentiate p(u v'-u' v) and use both equations.	-
III/26	15	exr:iii26-expand-07	Kernel construction	369	89f2a501dc82d911cd9984064a3a935881a2ad2ab78e1e6dc72c2115d91b5805	7	0.2000	0.0000	1	PASS	Each factor is the selected homogeneous solution.	-
III/26	16	exr:iii26-expand-08	Jump normalization	379	5dfe4ff1ce87139e910a08cf0e44fd3a44795423181dc8192fd0a06dc413d19e	7	0.0000	0.0000	1	PASS	Integrate the differential equation across the source.	-
III/26	17	exr:iii26-expand-09	Symmetry	389	868e71d4eb7eaa33299b1fb84d4b62453f0ac853666b211c680b457b815dfcd7	5	0.0000	0.0000	1	PASS	Exchange min and max variables.	-
III/26	18	exr:iii26-expand-10	Eigenvalue denominator	401	6ccb562fdbf7ac014901a4aedad7782202a3aa393d19764f138784e052376e9e	7	0.0000	0.0000	1	PASS	A denominator lambda\_k-lambda becomes zero.	-
III/26	19	exr:iii26-expand-11	Nonself-adjoint symmetry	411	46e9d37750dadd9dacb7f1d71c5b49d5b0292d103e2a5a6571cc228639462cb1	7	0.1111	0.2000	1	PASS	The inverse operator is not self-adjoint.	-
III/26	20	exr:iii26-expand-12	Wrong boundary solution	421	59e7e5473e21b15494450289f95a21a69b75ea8165b1ba13cc272992836a2d4f	7	0.0714	0.0000	1	PASS	The other boundary condition is not enforced.	-
III/26	21	exr:iii26-expand-13	Mode response	433	135839dd7aab451c367bf0e4fb9b14928aae3572c827cd19f442a08cb48ec4e5	5	0.0000	0.0000	1	PASS	Inspect 1/(lambda\_k-lambda).	-
III/26	22	exr:iii26-expand-14	Vibration model	443	1c2d7562b880b0444b33809c2419d0555daa8e0f35d1f11749cc1d2ea2124cd6	9	0.0000	0.0625	1	PASS	Separation of variables yields self-adjoint second-order eigenproblems.	-
III/26	23	exr:iii26-expand-15	Compatibility	455	5e129978ec7c24f4f3f0a0dc40a6461acf9c90889242baa25ab71f530e57d52b	13	0.0714	0.0000	1	PASS	Take inner product of (L-lambda\_0)y=f with the null eigenfunction.	-
III/26	24	exr:iii26-expand-16	Resolvent pole	465	9c4c4585dbd68cea986de8409b7443abf743c51b89090b917dee73b9ad8a20a7	10	0.1176	0.0000	1	PASS	As lambda approaches an isolated simple eigenvalue, one denominator dominates.	-
III/27	1	exr:iii27-01		224	f111c5e8f81f38edd1881b254466e4d7749a885cf79f53a12f3b20bff19f540f	21	0.1163	0.0238	1	PASS	Inspect the principal coefficient matrix or principal symbol; positive definiteness is the basic ellipticity test in the scalar second-order case.	-
III/27	2	exr:iii27-02		234	21b918cadb2f7ee08fe961b5f820f16c6ba4f69ebc599e6abcde88f2094e3568	18	0.1111	0.0732	1	PASS	For a maximum principle, assume an interior positive maximum and evaluate the first and second derivative information there.	-
III/27	3	exr:iii27-03		244	a5d50b52c4ab597b7bfd0c1fc6e1e0bb50c04cb4c353626287541e2c4b1174bb	21	0.0233	0.0323	1	PASS	Use the sign of the zeroth-order term exactly where the theorem requires it; changing that sign can destroy the conclusion.	-
III/27	4	exr:iii27-04		254	fab2feeffa7994b569b27933225e7ae1483e8d40baaf6dc7a6b8415962e3d24d	17	0.0667	0.1875	1	PASS	Uniqueness follows by applying the maximum principle to the difference of two solutions with zero boundary data.	-
III/27	5	exr:iii27-05		264	382909851fba783bef38b29c44df86e28324e76888a0d6f53713893fb60ed9ad	16	0.0882	0.0333	1	PASS	Comparison follows by applying the maximum principle to the difference between the candidate sub- and supersolutions.	-
III/27	6	exr:iii27-06		274	2d2404d0292680178b5e43369a1883399310e588d117f9d8da7ee9249f6f971c	20	0.0513	0.0000	1	PASS	For a counterexample, alter ellipticity or the sign condition and look for an interior extremum that violates the expected bound.	-
III/27	7	exr:iii27-07		284	30b7c223281aa0adb6491693161754e90dc04498ad2cd126768ba7ccc394afdf	20	0.0625	0.0556	1	PASS	In weak settings, translate the maximum principle into an energy inequality for the positive part when that method is available.	-
III/27	8	exr:iii27-08		294	cf491e6f5e465c57bf8e0bd0602e865562e614de81292093e5c3a2c466c96d1c	16	0.0270	0.0000	1	PASS	Keep boundary regularity and domain assumptions visible; the qualitative theorem is not independent of the setting.	-
III/27	9	exr:iii27-expand-01	Elliptic matrix	311	ebb3af9e106a9a080273952c30a5d9804f60ef0c22ac24e411ad196b56fb2086	2	0.0000	0.0000	1	PASS	Check eigenvalues.	-
III/27	10	exr:iii27-expand-02	Degenerate matrix	321	0907f182647eea75946d7317da97e6d2fbde774632b4074c17224cd09e6df912	3	0.0000	0.0000	1	PASS	Check positive definiteness.	-
III/27	11	exr:iii27-expand-03	Uniqueness	331	d40bf63b10e391ace35963ac0c9c52be4e8c819b2c8205c1e5d4ee595affc825	7	0.4000	0.0000	2	PASS	Apply maximum principle to u and -u.	-
III/27	12	exr:iii27-expand-04	Comparison	341	c5311c636e84c175c8baa05968e8c6270cd103d8361d5a0af6e331f5b4fab232	2	0.0000	0.0000	1	PASS	Apply comparison.	-
III/27	13	exr:iii27-expand-05	Barrier Laplacian	351	95b6affb017d787b127d95293ce6c8be38f3f5760ed610de5942135848b1ba81	9	0.0000	0.0000	1	PASS	Each second derivative of |x|\textasciicircum{}2 is 2.	-
III/27	14	exr:iii27-expand-06	Maximum uniqueness	363	d40bf63b10e391ace35963ac0c9c52be4e8c819b2c8205c1e5d4ee595affc825	7	0.1667	0.0000	2	PASS	Apply maximum principle to u and -u.	-
III/27	15	exr:iii27-expand-07	Comparison proof	373	42a4cadde08ab7a114210090b1893bc38f523a43ab49875281b53c20c5ea8766	9	0.0000	0.0000	1	PASS	Apply it to u-v with the appropriate sign.	-
III/27	16	exr:iii27-expand-08	Ellipticity check	383	37ff44df3681d4a1e2d1065f02c35d16c2ae08619838b00a63b3e0a343d3f728	2	0.0000	0.0000	1	PASS	Diagonalize orthogonally.	-
III/27	17	exr:iii27-expand-09	Barrier method	393	3b2a0514573771d96268ccccc03cbb7d3dcf7ce5899316d66908d76d7791b208	5	0.0000	0.0000	1	PASS	Apply comparison to their difference.	-
III/27	18	exr:iii27-expand-10	Wrong lower-order sign	405	c37607ead29ee3109789a16f74d330bb8c4efd5f0c7e813159ea6d8fa211b5f1	15	0.0909	0.1333	1	PASS	At an interior maximum, the lower-order term may reinforce rather than contradict the maximum.	-
III/27	19	exr:iii27-expand-11	Degenerate ellipticity	415	e06221f7fb6929f149d9e85df555b19ac8fcbd30171b08e8b02f4d69dbb6d35d	9	0.0714	0.0000	1	PASS	The principal quadratic form does not control all directions.	-
III/27	20	exr:iii27-expand-12	Boundary condition absent	425	ec0920b3a0d3c0b50d83a29343ca06264133e05ee9ff4b9aad8943e356037f3c	4	0.0000	0.0000	1	PASS	Many harmonic functions exist.	-
III/27	21	exr:iii27-expand-13	Positivity	437	1e64e66d75bcd6b78560f465f071536f48f0729af7670a0b2d0af16a2a3a4044	8	0.0000	0.0000	1	PASS	Apply comparison with zero or a suitable barrier.	-
III/27	22	exr:iii27-expand-14	A priori bounds	447	e8b8d4b5c459e255ff3d64e196bd63c18c59d374fb28cdeab6d77f2d560e235b	8	0.0714	0.0000	1	PASS	They provide solution bounds independent of mesh resolution.	-
III/27	23	exr:iii27-expand-15	Hopf intuition	459	b21fd3c6b47c6cc3d31d58aced2cae3fa2abfe5765b91bc57a11c6956f5ddabf	13	0.0667	0.0000	1	PASS	A tangent-flat contact would contradict the strong interior comparison with a barrier.	-
III/27	24	exr:iii27-expand-16	Green positivity	469	197f0a4b1d9dd9a32d0438952144a0685b4c4fb08abc91c43b7cb88766819107	9	0.0000	0.0000	1	PASS	Approximate a positive point source and apply positivity preservation.	-
III/28	1	exr:iii28-01		230	7864fcf9ca536de4a827092286e67f4a277bf4db9781ac08fb654abf8fb1489a	20	0.0541	0.0278	1	PASS	Transform in the variables where the operator is translation invariant; leave the remaining variables untouched if separation is more natural.	-
III/28	2	exr:iii28-02		240	bac2ee92773d8f6320aa55a031207eb4d956c99df16abc71319380dd7cc726c4	20	0.0556	0.0811	1	PASS	The Fourier transform turns spatial derivatives into multiplication by frequency, reducing the PDE to algebra or an ODE in time.	-
III/28	3	exr:iii28-03		250	4f462fcfe420b294c4216c14e51bceb5fe6a79186409f7c2b895b194aca3b971	21	0.0714	0.0323	1	PASS	For the heat equation, solve \(\partial_t\widehat u=-4\pi^2|\xi|^2\widehat u\) and then invert the transform.	-
III/28	4	exr:iii28-04		260	d6e289af3839c983060b774b3f42e1de6d79edaef9427382227e585a9d592a2a	17	0.0278	0.0200	1	PASS	For the wave equation, solve the frequency-space oscillator and impose both initial displacement and velocity data.	-
III/28	5	exr:iii28-05		270	0e2103935ffa9a90b839c76d97414ab259cc53b55286616b7d1835c98cd6b51b	21	0.0192	0.0000	1	PASS	For elliptic resolvents, divide by the symbol only after checking zeros and the distribution/function space in which the multiplier acts.	-
III/28	6	exr:iii28-06		280	4391584b1b230cc9ed35a5c8553ad0a0327f81dd06798c5de13260793bc731ee	17	0.0444	0.0294	1	PASS	On bounded or periodic domains, replace the continuous Fourier transform by Fourier series or an eigenfunction expansion.	-
III/28	7	exr:iii28-07		290	046a70cdf355b4ad63fc0699f87d42382ca1f2e10ad480cca4e6e4cccf41065d	17	0.0278	0.0250	1	PASS	Interpret large-frequency behavior of the multiplier as smoothing, damping, or amplification before estimating the inverse transform.	-
III/28	8	exr:iii28-08		300	20cfe64432cd84e6f7f19c47cd2d5d9df63d89b3c113ad9e28258eb8da0b1fec	17	0.0541	0.0000	1	PASS	Verify the final formula by checking the transformed equation and then the original initial or boundary conditions.	-
III/28	9	exr:iii28-expand-01	Heat multiplier	317	19e974aced5a73e02d7774a0a9bd49f21eebc58723a3f8dca0b7061b421e70a1	3	0.0000	0.0333	2	PASS	Transform the Laplacian.	-
III/28	10	exr:iii28-expand-02	Wave frequency	327	19e974aced5a73e02d7774a0a9bd49f21eebc58723a3f8dca0b7061b421e70a1	3	0.0000	0.0000	2	PASS	Transform the Laplacian.	-
III/28	11	exr:iii28-expand-03	Poisson symbol	337	ae8df9498bc2602c71e58c8ed92d6111c76366097b82da99e59c5ba789be6196	9	0.2000	0.5000	1	PASS	Divide by 4 pi\textasciicircum{}2 |xi|\textasciicircum{}2.	-
III/28	12	exr:iii28-expand-04	Spectral heat	347	8c6e852bfddb9c9dc1eb3579b92dbb67aa00a7d690fca430c5c2134d0051e5f5	5	0.2500	0.3333	1	PASS	Solve c'+lambda c=0.	-
III/28	13	exr:iii28-expand-05	Resolvent	357	d2da600c0c097cc394430ed87ba772b989de7d57889af3524dfb272d1a07f25a	5	0.0000	0.0000	1	PASS	Solve the scalar coefficient equation.	-
III/28	14	exr:iii28-expand-06	Heat transform	369	4060ab4007378fed6d699cc411a14b56b28307038eef74accde901375c61b39b	7	0.0000	0.0000	1	PASS	Solve the scalar ODE for each xi.	-
III/28	15	exr:iii28-expand-07	Wave transform	379	c28cadad17422d9ebdeb57cb387ebf88107bcab1794670ea933a6512e0b5718b	6	0.0000	0.0000	1	PASS	Solve the second-order oscillator ODE.	-
III/28	16	exr:iii28-expand-08	Spectral heat	389	203d6526f442de034d05ae64cb1fd49b1cd547b3f0dd07fb822f07d6b7ee7d22	8	0.2222	0.2222	1	PASS	Expand initial data and equate each eigenmode coefficient.	-
III/28	17	exr:iii28-expand-09	Resolvent diagonalization	399	c74a2ecad6f111e6f1a6a6e50d9e78a2359ea4d3e5c19188f743cb43f6c159f4	7	0.1667	0.1667	1	PASS	Apply L-lambda to an eigenfunction expansion.	-
III/28	18	exr:iii28-expand-10	Symbol zero	411	246ed56f30ea6db33159b621ce14480230b09bcc4e69e71c91e8d73baf0c131b	3	0.0000	0.0000	1	PASS	The symbol vanishes.	-
III/28	19	exr:iii28-expand-11	Wrong basis	421	031172558635000bb18d5f2656095669e5a9ae51ab7c448fba29de3032fa126e	7	0.0000	0.0000	1	PASS	They need not satisfy the boundary data.	-
III/28	20	exr:iii28-expand-12	Heat reversibility	431	9c2574f326ae0a0025523938e77a64f9a0338ab7bd687db36b0f46bad0e7d678	13	0.0000	0.0000	1	PASS	It multiplies frequencies by exp(+4 pi\textasciicircum{}2 t |xi|\textasciicircum{}2).	-
III/28	21	exr:iii28-expand-13	Diffusion smoothing	443	b64bbf797de47eab27af7e31e0dc38723b2b6344195c4f0c87bd133b0de39527	7	0.0000	0.2727	1	PASS	High-frequency spectral components are strongly damped.	-
III/28	22	exr:iii28-expand-14	Modal dynamics	453	5238c413679f2539086fd8c2f520b433697c990002dfd2389d21cf8f85ec2b7f	8	0.0000	0.0000	1	PASS	They decouple the PDE into scalar modal ODEs.	-
III/28	23	exr:iii28-expand-15	Energy decay	465	c573d02eeda633813094f5a3a078945abfc1d4d33ff62aeba4011e0e4345dd39	13	0.0000	0.2500	1	PASS	Differentiate the sum of |c\_k|\textasciicircum{}2 exp(-2 lambda\_k t).	-
III/28	24	exr:iii28-expand-16	Semigroup property	475	ebb253e660e0cf320b858d0e2281be02608fdbec050984c877d5ac1fc0f6743d	3	0.0000	0.0000	1	PASS	Check every eigenmode.	-
