"file"	"status"	"exit_code"	"pdf_path"	"error"
"Downloads_theory_figures_ch01_basis_vectors.tex"	"fail"	"12"	""	"theory_figures_ch01_basis_vectors.tex:2: Undefined control sequence."
"Downloads_theory_figures_ch01_cartesian_position_vector.tex"	"fail"	"12"	""	"theory_figures_ch01_cartesian_position_vector.tex:4: Package pgfkeys Error: I d"
"Downloads_theory_figures_ch01_change_of_basis.tex"	"fail"	"12"	""	"theory_figures_ch01_change_of_basis.tex:3: Package pgfkeys Error: I do not know"
"Downloads_theory_figures_ch01_coordinate_rotation.tex"	"fail"	"12"	""	"theory_figures_ch01_coordinate_rotation.tex:2: Package pgfkeys Error: I do not"
"Downloads_theory_figures_ch01_cross_product_orientation.tex"	"success"	"0"	"build\compile-audit\figure-tex\Downloads_theory_figures_ch01_cross_product_orientation\Downloads_theory_figures_ch01_cross_product_orientation-wrapper.pdf"	""
"Downloads_theory_figures_ch01_distance_between_points.tex"	"fail"	"12"	""	"theory_figures_ch01_distance_between_points.tex:2: Undefined control sequence."
"Downloads_theory_figures_ch01_dot_product_angle.tex"	"success"	"0"	"build\compile-audit\figure-tex\Downloads_theory_figures_ch01_dot_product_angle\Downloads_theory_figures_ch01_dot_product_angle-wrapper.pdf"	""
"Downloads_theory_figures_ch01_eigenvectors.tex"	"success"	"0"	"build\compile-audit\figure-tex\Downloads_theory_figures_ch01_eigenvectors\Downloads_theory_figures_ch01_eigenvectors-wrapper.pdf"	""
"Downloads_theory_figures_ch01_function_vector_space.tex"	"fail"	"12"	""	"theory_figures_ch01_function_vector_space.tex:2: Package pgfkeys Error: I do no"
"Downloads_theory_figures_ch01_gram_schmidt.tex"	"success"	"0"	"build\compile-audit\figure-tex\Downloads_theory_figures_ch01_gram_schmidt\Downloads_theory_figures_ch01_gram_schmidt-wrapper.pdf"	""
"Downloads_theory_figures_ch01_hilbert_space_bridge.tex"	"fail"	"12"	""	"theory_figures_ch01_hilbert_space_bridge.tex:2: Package xcolor Error: Undefined"
"Downloads_theory_figures_ch01_linear_independence.tex"	"success"	"0"	"build\compile-audit\figure-tex\Downloads_theory_figures_ch01_linear_independence\Downloads_theory_figures_ch01_linear_independence-wrapper.pdf"	""
"Downloads_theory_figures_ch01_linear_transformation.tex"	"success"	"0"	"build\compile-audit\figure-tex\Downloads_theory_figures_ch01_linear_transformation\Downloads_theory_figures_ch01_linear_transformation-wrapper.pdf"	""
"Downloads_theory_figures_ch01_orthogonal_projection.tex"	"success"	"0"	"build\compile-audit\figure-tex\Downloads_theory_figures_ch01_orthogonal_projection\Downloads_theory_figures_ch01_orthogonal_projection-wrapper.pdf"	""
"Downloads_theory_figures_ch01_parallelogram_area.tex"	"fail"	"12"	""	"theory_figures_ch01_parallelogram_area.tex:3: Package pgfkeys Error: I do not k"
"Downloads_theory_figures_ch01_right_hand_rule.tex"	"success"	"0"	"build\compile-audit\figure-tex\Downloads_theory_figures_ch01_right_hand_rule\Downloads_theory_figures_ch01_right_hand_rule-wrapper.pdf"	""
"Downloads_theory_figures_ch01_scalar_multiplication.tex"	"fail"	"12"	""	"theory_figures_ch01_scalar_multiplication.tex:3: Package pgfkeys Error: I do no"
"Downloads_theory_figures_ch01_span_plane.tex"	"fail"	"12"	""	"theory_figures_ch01_span_plane.tex:2: Package pgfkeys Error: I do not know the"
"Downloads_theory_figures_ch01_torque_lever_arm.tex"	"fail"	"12"	""	"theory_figures_ch01_torque_lever_arm.tex:2: Package pgfkeys Error: I do not kno"
"Downloads_theory_figures_ch01_unit_vector_geometry.tex"	"fail"	"12"	""	"theory_figures_ch01_unit_vector_geometry.tex:2: Undefined control sequence."
"Downloads_theory_figures_ch01_vector_addition_head_to_tail.tex"	"fail"	"12"	""	"theory_figures_ch01_vector_addition_head_to_tail.tex:5: Package pgfkeys Error:"
"Downloads_theory_figures_ch01_vector_components.tex"	"fail"	"12"	""	"theory_figures_ch01_vector_components.tex:2: Package pgfkeys Error: I do not kn"
"Downloads_theory_figures_ch01_vector_subtraction.tex"	"fail"	"12"	""	"theory_figures_ch01_vector_subtraction.tex:3: Package pgfkeys Error: I do not k"
"Downloads_theory_figures_ch01_work_interpretation.tex"	"fail"	"12"	""	"theory_figures_ch01_work_interpretation.tex:2: Package pgfkeys Error: I do not"
"Downloads_theory_figures_ch02_chain_rule_graph.tex"	"fail"	"12"	""	"theory_figures_ch02_chain_rule_graph.tex:2: Package pgfkeys Error: I do not kno"
"Downloads_theory_figures_ch02_directional_derivative_geometry.tex"	"fail"	"12"	""	"theory_figures_ch02_directional_derivative_geometry.tex:6: Package pgfkeys Erro"
"Downloads_theory_figures_ch02_epsilon_delta_limit.tex"	"fail"	"12"	""	"theory_figures_ch02_epsilon_delta_limit.tex:2: Package pgfkeys Error: I do not"
"Downloads_theory_figures_ch02_function_mapping.tex"	"fail"	"12"	""	"theory_figures_ch02_function_mapping.tex:2: Package pgfkeys Error: I do not kno"
"Downloads_theory_figures_ch02_gradient_flow.tex"	"fail"	"12"	""	"theory_figures_ch02_gradient_flow.tex:2: Package xcolor Error: Undefined color"
"Downloads_theory_figures_ch02_jacobian_area.tex"	"fail"	"12"	""	"theory_figures_ch02_jacobian_area.tex:3: Package pgfkeys Error: I do not know t"
"Downloads_theory_figures_ch02_local_linearization.tex"	"fail"	"12"	""	"theory_figures_ch02_local_linearization.tex:2: Package pgfkeys Error: I do not"
"Downloads_theory_figures_ch02_total_differential_plane.tex"	"fail"	"12"	""	"theory_figures_ch02_total_differential_plane.tex:3: Package xcolor Error: Undef"
"Downloads_theory_figures_ch03_divergence_source_sink.tex"	"fail"	"12"	""	"theory_figures_ch03_divergence_source_sink.tex:15: Package pgfkeys Error: I do"
"Downloads_theory_figures_ch03_gauss_volume.tex"	"fail"	"12"	""	"theory_figures_ch03_gauss_volume.tex:2: Package xcolor Error: Undefined color `"
"Downloads_theory_figures_ch03_green_cells.tex"	"fail"	"12"	""	"theory_figures_ch03_green_cells.tex:2: Package xcolor Error: Undefined color `v"
"Downloads_theory_figures_ch03_laplacian_curvature.tex"	"fail"	"12"	""	"theory_figures_ch03_laplacian_curvature.tex:2: Package pgfkeys Error: I do not"
"Downloads_theory_figures_ch03_stokes_orientation.tex"	"fail"	"12"	""	"theory_figures_ch03_stokes_orientation.tex:2: Package xcolor Error: Undefined c"
"Downloads_theory_figures_ch03_surface_flux.tex"	"fail"	"12"	""	"theory_figures_ch03_surface_flux.tex:2: Package xcolor Error: Undefined color `"
"Downloads_theory_figures_ch03_vector_calculus_architecture.tex"	"fail"	"12"	""	"theory_figures_ch03_vector_calculus_architecture.tex:3: Package xcolor Error: U"
"Downloads_theory_figures_ch03_volume_elements.tex"	"fail"	"12"	""	"theory_figures_ch03_volume_elements.tex:2: Package xcolor Error: Undefined colo"
"Downloads_theory_figures_ch04_coupled_modes.tex"	"fail"	"12"	""	"theory_figures_ch04_coupled_modes.tex:4: Package xcolor Error: Undefined color"
"Downloads_theory_figures_ch04_damping_regimes.tex"	"fail"	"12"	""	"theory_figures_ch04_damping_regimes.tex:4: Package pgfkeys Error: I do not know"
"Downloads_theory_figures_ch04_evolution_architecture.tex"	"fail"	"12"	""	"theory_figures_ch04_evolution_architecture.tex:2: Package xcolor Error: Undefin"
"Downloads_theory_figures_ch04_harmonic_motion.tex"	"fail"	"12"	""	"theory_figures_ch04_harmonic_motion.tex:4: Package pgfkeys Error: I do not know"
"Downloads_theory_figures_ch04_phase_portraits.tex"	"fail"	"12"	""	"theory_figures_ch04_phase_portraits.tex:4: Package pgfkeys Error: I do not know"
"Downloads_theory_figures_ch04_pitchfork.tex"	"fail"	"12"	""	"theory_figures_ch04_pitchfork.tex:4: Package pgfkeys Error: I do not know the k"
"Downloads_theory_figures_ch04_representation_map.tex"	"fail"	"12"	""	"theory_figures_ch04_representation_map.tex:2: Package xcolor Error: Undefined c"
"Downloads_theory_figures_ch04_slope_field.tex"	"fail"	"12"	""	"theory_figures_ch04_slope_field.tex:5: Package pgfkeys Error: I do not know the"
"Downloads_theory_figures_ch05_argand_plane.tex"	"success"	"0"	"build\compile-audit\figure-tex\Downloads_theory_figures_ch05_argand_plane\Downloads_theory_figures_ch05_argand_plane-wrapper.pdf"	""
"Downloads_theory_figures_ch05_complex_addition.tex"	"success"	"0"	"build\compile-audit\figure-tex\Downloads_theory_figures_ch05_complex_addition\Downloads_theory_figures_ch05_complex_addition-wrapper.pdf"	""
"Downloads_theory_figures_ch05_complex_multiplication.tex"	"success"	"0"	"build\compile-audit\figure-tex\Downloads_theory_figures_ch05_complex_multiplication\Downloads_theory_figures_ch05_complex_multiplication-wrapper.pdf"	""
"Downloads_theory_figures_ch05_cr_geometry.tex"	"success"	"0"	"build\compile-audit\figure-tex\Downloads_theory_figures_ch05_cr_geometry\Downloads_theory_figures_ch05_cr_geometry-wrapper.pdf"	""
"Downloads_theory_figures_ch05_euler_rotation.tex"	"success"	"0"	"build\compile-audit\figure-tex\Downloads_theory_figures_ch05_euler_rotation\Downloads_theory_figures_ch05_euler_rotation-wrapper.pdf"	""
"Downloads_theory_figures_ch05_mobius_preview.tex"	"success"	"0"	"build\compile-audit\figure-tex\Downloads_theory_figures_ch05_mobius_preview\Downloads_theory_figures_ch05_mobius_preview-wrapper.pdf"	""
"Downloads_theory_figures_ch05_number_system_extension.tex"	"success"	"0"	"build\compile-audit\figure-tex\Downloads_theory_figures_ch05_number_system_extension\Downloads_theory_figures_ch05_number_system_extension-wrapper.pdf"	""
"Downloads_theory_figures_ch05_polar_coordinates.tex"	"success"	"0"	"build\compile-audit\figure-tex\Downloads_theory_figures_ch05_polar_coordinates\Downloads_theory_figures_ch05_polar_coordinates-wrapper.pdf"	""
"Downloads_theory_figures_ch05_representation_map.tex"	"success"	"0"	"build\compile-audit\figure-tex\Downloads_theory_figures_ch05_representation_map\Downloads_theory_figures_ch05_representation_map-wrapper.pdf"	""
"Downloads_theory_figures_ch05_riemann_sphere_preview.tex"	"success"	"0"	"build\compile-audit\figure-tex\Downloads_theory_figures_ch05_riemann_sphere_preview\Downloads_theory_figures_ch05_riemann_sphere_preview-wrapper.pdf"	""
"Downloads_theory_figures_ch05_roots_of_unity.tex"	"success"	"0"	"build\compile-audit\figure-tex\Downloads_theory_figures_ch05_roots_of_unity\Downloads_theory_figures_ch05_roots_of_unity-wrapper.pdf"	""
"Downloads_theory_figures_ch05_square_mapping.tex"	"success"	"0"	"build\compile-audit\figure-tex\Downloads_theory_figures_ch05_square_mapping\Downloads_theory_figures_ch05_square_mapping-wrapper.pdf"	""
"Downloads_theory_figures_common_chapter_figure_styles.tex"	"fail"	"12"	"build\compile-audit\figure-tex\Downloads_theory_figures_common_chapter_figure_styles\Downloads_theory_figures_common_chapter_figure_styles-wrapper.pdf"	""
"Downloads_theory-main-CH5-PRODUCTION-COMMITS-1-48-v2.5_ch4_work_figures_ch01_basis_vectors.tex"	"fail"	"12"	""	"s.tex:2: Undefined control sequence."
"Downloads_theory-main-CH5-PRODUCTION-COMMITS-1-48-v2.5_ch4_work_figures_ch01_cartesian_position_vector.tex"	"fail"	"12"	""	"sition_vector.tex:4: Package pgfkeys Error: I do not know the key '/tikz/physic"
"Downloads_theory-main-CH5-PRODUCTION-COMMITS-1-48-v2.5_ch4_work_figures_ch01_change_of_basis.tex"	"fail"	"12"	""	"sis.tex:3: Package pgfkeys Error: I do not know the key '/tikz/physics axis' an"
"Downloads_theory-main-CH5-PRODUCTION-COMMITS-1-48-v2.5_ch4_work_figures_ch01_coordinate_rotation.tex"	"fail"	"12"	""	"otation.tex:2: Package pgfkeys Error: I do not know the key '/tikz/book axis' a"
"Downloads_theory-main-CH5-PRODUCTION-COMMITS-1-48-v2.5_ch4_work_figures_ch01_cross_product_orientation.tex"	"success"	"0"	"build\compile-audit\figure-tex\Downloads_theory-main-CH5-PRODUCTION-COMMITS-1-48-v2.5_ch4_work_figures_ch01_cross_product_orientation\Downloads_theory-main-CH5-PRODUCTION-COMMITS-1-48-v2.5_ch4_work_figures_ch01_cross_product_orientation-wrapper.pdf"	""
"Downloads_theory-main-CH5-PRODUCTION-COMMITS-1-48-v2.5_ch4_work_figures_ch01_distance_between_points.tex"	"fail"	"12"	""	"ween_points.tex:2: Undefined control sequence."
"Downloads_theory-main-CH5-PRODUCTION-COMMITS-1-48-v2.5_ch4_work_figures_ch01_dot_product_angle.tex"	"success"	"0"	"build\compile-audit\figure-tex\Downloads_theory-main-CH5-PRODUCTION-COMMITS-1-48-v2.5_ch4_work_figures_ch01_dot_product_angle\Downloads_theory-main-CH5-PRODUCTION-COMMITS-1-48-v2.5_ch4_work_figures_ch01_dot_product_angle-wrapper.pdf"	""
"Downloads_theory-main-CH5-PRODUCTION-COMMITS-1-48-v2.5_ch4_work_figures_ch01_eigenvectors.tex"	"success"	"0"	"build\compile-audit\figure-tex\Downloads_theory-main-CH5-PRODUCTION-COMMITS-1-48-v2.5_ch4_work_figures_ch01_eigenvectors\Downloads_theory-main-CH5-PRODUCTION-COMMITS-1-48-v2.5_ch4_work_figures_ch01_eigenvectors-wrapper.pdf"	""
"Downloads_theory-main-CH5-PRODUCTION-COMMITS-1-48-v2.5_ch4_work_figures_ch01_function_vector_space.tex"	"fail"	"12"	""	"tor_space.tex:2: Package pgfkeys Error: I do not know the key '/tikz/book axis'"
"Downloads_theory-main-CH5-PRODUCTION-COMMITS-1-48-v2.5_ch4_work_figures_ch01_gram_schmidt.tex"	"success"	"0"	"build\compile-audit\figure-tex\Downloads_theory-main-CH5-PRODUCTION-COMMITS-1-48-v2.5_ch4_work_figures_ch01_gram_schmidt\Downloads_theory-main-CH5-PRODUCTION-COMMITS-1-48-v2.5_ch4_work_figures_ch01_gram_schmidt-wrapper.pdf"	""
"Downloads_theory-main-CH5-PRODUCTION-COMMITS-1-48-v2.5_ch4_work_figures_ch01_hilbert_space_bridge.tex"	"fail"	"12"	""	"e_bridge.tex:2: Package xcolor Error: Undefined color `visualblue'."
"Downloads_theory-main-CH5-PRODUCTION-COMMITS-1-48-v2.5_ch4_work_figures_ch01_linear_independence.tex"	"success"	"0"	"build\compile-audit\figure-tex\Downloads_theory-main-CH5-PRODUCTION-COMMITS-1-48-v2.5_ch4_work_figures_ch01_linear_independence\Downloads_theory-main-CH5-PRODUCTION-COMMITS-1-48-v2.5_ch4_work_figures_ch01_linear_independence-wrapper.pdf"	""
"Downloads_theory-main-CH5-PRODUCTION-COMMITS-1-48-v2.5_ch4_work_figures_ch01_linear_transformation.tex"	"success"	"0"	"build\compile-audit\figure-tex\Downloads_theory-main-CH5-PRODUCTION-COMMITS-1-48-v2.5_ch4_work_figures_ch01_linear_transformation\Downloads_theory-main-CH5-PRODUCTION-COMMITS-1-48-v2.5_ch4_work_figures_ch01_linear_transformation-wrapper.pdf"	""
"Downloads_theory-main-CH5-PRODUCTION-COMMITS-1-48-v2.5_ch4_work_figures_ch01_orthogonal_projection.tex"	"success"	"0"	"build\compile-audit\figure-tex\Downloads_theory-main-CH5-PRODUCTION-COMMITS-1-48-v2.5_ch4_work_figures_ch01_orthogonal_projection\Downloads_theory-main-CH5-PRODUCTION-COMMITS-1-48-v2.5_ch4_work_figures_ch01_orthogonal_projection-wrapper.pdf"	""
"Downloads_theory-main-CH5-PRODUCTION-COMMITS-1-48-v2.5_ch4_work_figures_ch01_parallelogram_area.tex"	"fail"	"12"	""	"m_area.tex:3: Package pgfkeys Error: I do not know the key '/tikz/softblue' and"
"Downloads_theory-main-CH5-PRODUCTION-COMMITS-1-48-v2.5_ch4_work_figures_ch01_right_hand_rule.tex"	"success"	"0"	"build\compile-audit\figure-tex\Downloads_theory-main-CH5-PRODUCTION-COMMITS-1-48-v2.5_ch4_work_figures_ch01_right_hand_rule\Downloads_theory-main-CH5-PRODUCTION-COMMITS-1-48-v2.5_ch4_work_figures_ch01_right_hand_rule-wrapper.pdf"	""
"Downloads_theory-main-CH5-PRODUCTION-COMMITS-1-48-v2.5_ch4_work_figures_ch01_scalar_multiplication.tex"	"fail"	"12"	""	"plication.tex:3: Package pgfkeys Error: I do not know the key '/tikz/book vecto"
"Downloads_theory-main-CH5-PRODUCTION-COMMITS-1-48-v2.5_ch4_work_figures_ch01_span_plane.tex"	"fail"	"12"	""	"ex:2: Package pgfkeys Error: I do not know the key '/tikz/softblue' and I am go"
"Downloads_theory-main-CH5-PRODUCTION-COMMITS-1-48-v2.5_ch4_work_figures_ch01_torque_lever_arm.tex"	"fail"	"12"	""	"_arm.tex:2: Package pgfkeys Error: I do not know the key '/tikz/visualink' and"
"Downloads_theory-main-CH5-PRODUCTION-COMMITS-1-48-v2.5_ch4_work_figures_ch01_unit_vector_geometry.tex"	"fail"	"12"	""	"geometry.tex:2: Undefined control sequence."
"Downloads_theory-main-CH5-PRODUCTION-COMMITS-1-48-v2.5_ch4_work_figures_ch01_vector_addition_head_to_tail.tex"	"fail"	"12"	""	"ion_head_to_tail.tex:5: Package pgfkeys Error: I do not know the key '/tikz/phy"
"Downloads_theory-main-CH5-PRODUCTION-COMMITS-1-48-v2.5_ch4_work_figures_ch01_vector_components.tex"	"fail"	"12"	""	"nents.tex:2: Package pgfkeys Error: I do not know the key '/tikz/physics axis'"
"Downloads_theory-main-CH5-PRODUCTION-COMMITS-1-48-v2.5_ch4_work_figures_ch01_vector_subtraction.tex"	"fail"	"12"	""	"action.tex:3: Package pgfkeys Error: I do not know the key '/tikz/book vector'"
"Downloads_theory-main-CH5-PRODUCTION-COMMITS-1-48-v2.5_ch4_work_figures_ch01_work_interpretation.tex"	"fail"	"12"	""	"etation.tex:2: Package pgfkeys Error: I do not know the key '/tikz/book axis' a"
"Downloads_theory-main-CH5-PRODUCTION-COMMITS-1-48-v2.5_ch4_work_figures_ch02_chain_rule_graph.tex"	"fail"	"12"	""	"raph.tex:2: Package pgfkeys Error: I do not know the key '/tikz/concept node' a"
"Downloads_theory-main-CH5-PRODUCTION-COMMITS-1-48-v2.5_ch4_work_figures_ch02_directional_derivative_geometry.tex"	"fail"	"12"	""	"derivative_geometry.tex:6: Package pgfkeys Error: I do not know the key '/tikz/"
"Downloads_theory-main-CH5-PRODUCTION-COMMITS-1-48-v2.5_ch4_work_figures_ch02_epsilon_delta_limit.tex"	"fail"	"12"	""	"a_limit.tex:2: Package pgfkeys Error: I do not know the key '/tikz/physics axis"
"Downloads_theory-main-CH5-PRODUCTION-COMMITS-1-48-v2.5_ch4_work_figures_ch02_function_mapping.tex"	"fail"	"12"	""	"ping.tex:2: Package pgfkeys Error: I do not know the key '/tikz/concept node' a"
"Downloads_theory-main-CH5-PRODUCTION-COMMITS-1-48-v2.5_ch4_work_figures_ch02_gradient_flow.tex"	"fail"	"12"	""	"w.tex:2: Package xcolor Error: Undefined color `visualcyan'."
"Downloads_theory-main-CH5-PRODUCTION-COMMITS-1-48-v2.5_ch4_work_figures_ch02_jacobian_area.tex"	"fail"	"12"	""	"a.tex:3: Package pgfkeys Error: I do not know the key '/tikz/visualgrid' and I"
"Downloads_theory-main-CH5-PRODUCTION-COMMITS-1-48-v2.5_ch4_work_figures_ch02_local_linearization.tex"	"fail"	"12"	""	"ization.tex:2: Package pgfkeys Error: I do not know the key '/tikz/physics axis"
"Downloads_theory-main-CH5-PRODUCTION-COMMITS-1-48-v2.5_ch4_work_figures_ch02_total_differential_plane.tex"	"fail"	"12"	""	"ential_plane.tex:3: Package xcolor Error: Undefined color `visualcyan'."
"Downloads_theory-main-CH5-PRODUCTION-COMMITS-1-48-v2.5_ch4_work_figures_ch03_divergence_source_sink.tex"	"fail"	"12"	""	"ource_sink.tex:15: Package pgfkeys Error: I do not know the key '/tikz/field ve"
"Downloads_theory-main-CH5-PRODUCTION-COMMITS-1-48-v2.5_ch4_work_figures_ch03_gauss_volume.tex"	"fail"	"12"	""	".tex:2: Package xcolor Error: Undefined color `visualcyan'."
"Downloads_theory-main-CH5-PRODUCTION-COMMITS-1-48-v2.5_ch4_work_figures_ch03_green_cells.tex"	"fail"	"12"	""	"tex:2: Package xcolor Error: Undefined color `visualcyan'."
"Downloads_theory-main-CH5-PRODUCTION-COMMITS-1-48-v2.5_ch4_work_figures_ch03_laplacian_curvature.tex"	"fail"	"12"	""	"rvature.tex:2: Package pgfkeys Error: I do not know the key '/tikz/physics axis"
"Downloads_theory-main-CH5-PRODUCTION-COMMITS-1-48-v2.5_ch4_work_figures_ch03_stokes_orientation.tex"	"fail"	"12"	""	"tation.tex:2: Package xcolor Error: Undefined color `visualcyan'."
"Downloads_theory-main-CH5-PRODUCTION-COMMITS-1-48-v2.5_ch4_work_figures_ch03_surface_flux.tex"	"fail"	"12"	""	".tex:2: Package xcolor Error: Undefined color `visualcyan'."
"Downloads_theory-main-CH5-PRODUCTION-COMMITS-1-48-v2.5_ch4_work_figures_ch03_vector_calculus_architecture.tex"	"fail"	"12"	""	"lus_architecture.tex:3: Package xcolor Error: Undefined color `visualcyan'."
"Downloads_theory-main-CH5-PRODUCTION-COMMITS-1-48-v2.5_ch4_work_figures_ch03_volume_elements.tex"	"fail"	"12"	""	"nts.tex:2: Package xcolor Error: Undefined color `visualcyan'."
"Downloads_theory-main-CH5-PRODUCTION-COMMITS-1-48-v2.5_ch4_work_figures_ch04_coupled_modes.tex"	"fail"	"12"	""	"s.tex:4: Package xcolor Error: Undefined color `softblue'."
"Downloads_theory-main-CH5-PRODUCTION-COMMITS-1-48-v2.5_ch4_work_figures_ch04_damping_regimes.tex"	"fail"	"12"	""	"mes.tex:4: Package pgfkeys Error: I do not know the key '/tikz/chapterblue' and"
"Downloads_theory-main-CH5-PRODUCTION-COMMITS-1-48-v2.5_ch4_work_figures_ch04_evolution_architecture.tex"	"fail"	"12"	""	"chitecture.tex:2: Package xcolor Error: Undefined color `softblue'."
"Downloads_theory-main-CH5-PRODUCTION-COMMITS-1-48-v2.5_ch4_work_figures_ch04_harmonic_motion.tex"	"fail"	"12"	""	"ion.tex:4: Package pgfkeys Error: I do not know the key '/tikz/chapterblue' and"
"Downloads_theory-main-CH5-PRODUCTION-COMMITS-1-48-v2.5_ch4_work_figures_ch04_phase_portraits.tex"	"fail"	"12"	""	"its.tex:4: Package pgfkeys Error: I do not know the key '/tikz/chapterblue' and"
"Downloads_theory-main-CH5-PRODUCTION-COMMITS-1-48-v2.5_ch4_work_figures_ch04_pitchfork.tex"	"fail"	"12"	""	"x:4: Package pgfkeys Error: I do not know the key '/tikz/chapterblue' and I am"
"Downloads_theory-main-CH5-PRODUCTION-COMMITS-1-48-v2.5_ch4_work_figures_ch04_representation_map.tex"	"fail"	"12"	""	"on_map.tex:2: Package xcolor Error: Undefined color `softblue'."
"Downloads_theory-main-CH5-PRODUCTION-COMMITS-1-48-v2.5_ch4_work_figures_ch04_slope_field.tex"	"fail"	"12"	""	"tex:5: Package pgfkeys Error: I do not know the key '/tikz/chapterblue' and I a"
"Downloads_theory-main-CH5-PRODUCTION-COMMITS-1-48-v2.5_ch4_work_figures_ch05_argand_plane.tex"	"success"	"0"	"build\compile-audit\figure-tex\Downloads_theory-main-CH5-PRODUCTION-COMMITS-1-48-v2.5_ch4_work_figures_ch05_argand_plane\Downloads_theory-main-CH5-PRODUCTION-COMMITS-1-48-v2.5_ch4_work_figures_ch05_argand_plane-wrapper.pdf"	""
"Downloads_theory-main-CH5-PRODUCTION-COMMITS-1-48-v2.5_ch4_work_figures_ch05_complex_addition.tex"	"success"	"0"	"build\compile-audit\figure-tex\Downloads_theory-main-CH5-PRODUCTION-COMMITS-1-48-v2.5_ch4_work_figures_ch05_complex_addition\Downloads_theory-main-CH5-PRODUCTION-COMMITS-1-48-v2.5_ch4_work_figures_ch05_complex_addition-wrapper.pdf"	""
"Downloads_theory-main-CH5-PRODUCTION-COMMITS-1-48-v2.5_ch4_work_figures_ch05_complex_multiplication.tex"	"success"	"0"	"build\compile-audit\figure-tex\Downloads_theory-main-CH5-PRODUCTION-COMMITS-1-48-v2.5_ch4_work_figures_ch05_complex_multiplication\Downloads_theory-main-CH5-PRODUCTION-COMMITS-1-48-v2.5_ch4_work_figures_ch05_complex_multiplication-wrapper.pdf"	""
"Downloads_theory-main-CH5-PRODUCTION-COMMITS-1-48-v2.5_ch4_work_figures_ch05_cr_geometry.tex"	"success"	"0"	"build\compile-audit\figure-tex\Downloads_theory-main-CH5-PRODUCTION-COMMITS-1-48-v2.5_ch4_work_figures_ch05_cr_geometry\Downloads_theory-main-CH5-PRODUCTION-COMMITS-1-48-v2.5_ch4_work_figures_ch05_cr_geometry-wrapper.pdf"	""
"Downloads_theory-main-CH5-PRODUCTION-COMMITS-1-48-v2.5_ch4_work_figures_ch05_euler_rotation.tex"	"success"	"0"	"build\compile-audit\figure-tex\Downloads_theory-main-CH5-PRODUCTION-COMMITS-1-48-v2.5_ch4_work_figures_ch05_euler_rotation\Downloads_theory-main-CH5-PRODUCTION-COMMITS-1-48-v2.5_ch4_work_figures_ch05_euler_rotation-wrapper.pdf"	""
"Downloads_theory-main-CH5-PRODUCTION-COMMITS-1-48-v2.5_ch4_work_figures_ch05_mobius_preview.tex"	"success"	"0"	"build\compile-audit\figure-tex\Downloads_theory-main-CH5-PRODUCTION-COMMITS-1-48-v2.5_ch4_work_figures_ch05_mobius_preview\Downloads_theory-main-CH5-PRODUCTION-COMMITS-1-48-v2.5_ch4_work_figures_ch05_mobius_preview-wrapper.pdf"	""
"Downloads_theory-main-CH5-PRODUCTION-COMMITS-1-48-v2.5_ch4_work_figures_ch05_number_system_extension.tex"	"success"	"0"	"build\compile-audit\figure-tex\Downloads_theory-main-CH5-PRODUCTION-COMMITS-1-48-v2.5_ch4_work_figures_ch05_number_system_extension\Downloads_theory-main-CH5-PRODUCTION-COMMITS-1-48-v2.5_ch4_work_figures_ch05_number_system_extension-wrapper.pdf"	""
"Downloads_theory-main-CH5-PRODUCTION-COMMITS-1-48-v2.5_ch4_work_figures_ch05_polar_coordinates.tex"	"success"	"0"	"build\compile-audit\figure-tex\Downloads_theory-main-CH5-PRODUCTION-COMMITS-1-48-v2.5_ch4_work_figures_ch05_polar_coordinates\Downloads_theory-main-CH5-PRODUCTION-COMMITS-1-48-v2.5_ch4_work_figures_ch05_polar_coordinates-wrapper.pdf"	""
"Downloads_theory-main-CH5-PRODUCTION-COMMITS-1-48-v2.5_ch4_work_figures_ch05_representation_map.tex"	"success"	"0"	"build\compile-audit\figure-tex\Downloads_theory-main-CH5-PRODUCTION-COMMITS-1-48-v2.5_ch4_work_figures_ch05_representation_map\Downloads_theory-main-CH5-PRODUCTION-COMMITS-1-48-v2.5_ch4_work_figures_ch05_representation_map-wrapper.pdf"	""
"Downloads_theory-main-CH5-PRODUCTION-COMMITS-1-48-v2.5_ch4_work_figures_ch05_riemann_sphere_preview.tex"	"success"	"0"	"build\compile-audit\figure-tex\Downloads_theory-main-CH5-PRODUCTION-COMMITS-1-48-v2.5_ch4_work_figures_ch05_riemann_sphere_preview\Downloads_theory-main-CH5-PRODUCTION-COMMITS-1-48-v2.5_ch4_work_figures_ch05_riemann_sphere_preview-wrapper.pdf"	""
"Downloads_theory-main-CH5-PRODUCTION-COMMITS-1-48-v2.5_ch4_work_figures_ch05_roots_of_unity.tex"	"success"	"0"	"build\compile-audit\figure-tex\Downloads_theory-main-CH5-PRODUCTION-COMMITS-1-48-v2.5_ch4_work_figures_ch05_roots_of_unity\Downloads_theory-main-CH5-PRODUCTION-COMMITS-1-48-v2.5_ch4_work_figures_ch05_roots_of_unity-wrapper.pdf"	""
"Downloads_theory-main-CH5-PRODUCTION-COMMITS-1-48-v2.5_ch4_work_figures_ch05_square_mapping.tex"	"success"	"0"	"build\compile-audit\figure-tex\Downloads_theory-main-CH5-PRODUCTION-COMMITS-1-48-v2.5_ch4_work_figures_ch05_square_mapping\Downloads_theory-main-CH5-PRODUCTION-COMMITS-1-48-v2.5_ch4_work_figures_ch05_square_mapping-wrapper.pdf"	""
"Downloads_theory-main-CH5-PRODUCTION-COMMITS-1-48-v2.5_ch4_work_figures_common_chapter_figure_styles.tex"	"fail"	"12"	"build\compile-audit\figure-tex\Downloads_theory-main-CH5-PRODUCTION-COMMITS-1-48-v2.5_ch4_work_figures_common_chapter_figure_styles\Downloads_theory-main-CH5-PRODUCTION-COMMITS-1-48-v2.5_ch4_work_figures_common_chapter_figure_styles-wrapper.pdf"	""
"Downloads_theory-main-CH6-COMMIT-56-v2.8_ch4_work_figures_ch01_basis_vectors.tex"	"fail"	"12"	""	"theory-main-CH6-COMMIT-56-v2.8_ch4_work_figures_ch01_basis_vectors.tex:2: Undef"
"Downloads_theory-main-CH6-COMMIT-56-v2.8_ch4_work_figures_ch01_cartesian_position_vector.tex"	"fail"	"12"	""	"tex:4: Package pgfkeys Error: I do not know the key '/tikz/physics axis' and I"
"Downloads_theory-main-CH6-COMMIT-56-v2.8_ch4_work_figures_ch01_change_of_basis.tex"	"fail"	"12"	""	"theory-main-CH6-COMMIT-56-v2.8_ch4_work_figures_ch01_change_of_basis.tex:3: Pac"
"Downloads_theory-main-CH6-COMMIT-56-v2.8_ch4_work_figures_ch01_coordinate_rotation.tex"	"fail"	"12"	""	"Package pgfkeys Error: I do not know the key '/tikz/book axis' and I am going"
"Downloads_theory-main-CH6-COMMIT-56-v2.8_ch4_work_figures_ch01_cross_product_orientation.tex"	"success"	"0"	"build\compile-audit\figure-tex\Downloads_theory-main-CH6-COMMIT-56-v2.8_ch4_work_figures_ch01_cross_product_orientation\Downloads_theory-main-CH6-COMMIT-56-v2.8_ch4_work_figures_ch01_cross_product_orientation-wrapper.pdf"	""
"Downloads_theory-main-CH6-COMMIT-56-v2.8_ch4_work_figures_ch01_distance_between_points.tex"	"fail"	"12"	""	"x:2: Undefined control sequence."
"Downloads_theory-main-CH6-COMMIT-56-v2.8_ch4_work_figures_ch01_dot_product_angle.tex"	"success"	"0"	"build\compile-audit\figure-tex\Downloads_theory-main-CH6-COMMIT-56-v2.8_ch4_work_figures_ch01_dot_product_angle\Downloads_theory-main-CH6-COMMIT-56-v2.8_ch4_work_figures_ch01_dot_product_angle-wrapper.pdf"	""
"Downloads_theory-main-CH6-COMMIT-56-v2.8_ch4_work_figures_ch01_eigenvectors.tex"	"success"	"0"	"build\compile-audit\figure-tex\Downloads_theory-main-CH6-COMMIT-56-v2.8_ch4_work_figures_ch01_eigenvectors\Downloads_theory-main-CH6-COMMIT-56-v2.8_ch4_work_figures_ch01_eigenvectors-wrapper.pdf"	""
"Downloads_theory-main-CH6-COMMIT-56-v2.8_ch4_work_figures_ch01_function_vector_space.tex"	"fail"	"12"	""	"2: Package pgfkeys Error: I do not know the key '/tikz/book axis' and I am goin"
"Downloads_theory-main-CH6-COMMIT-56-v2.8_ch4_work_figures_ch01_gram_schmidt.tex"	"success"	"0"	"build\compile-audit\figure-tex\Downloads_theory-main-CH6-COMMIT-56-v2.8_ch4_work_figures_ch01_gram_schmidt\Downloads_theory-main-CH6-COMMIT-56-v2.8_ch4_work_figures_ch01_gram_schmidt-wrapper.pdf"	""
"Downloads_theory-main-CH6-COMMIT-56-v2.8_ch4_work_figures_ch01_hilbert_space_bridge.tex"	"fail"	"12"	""	": Package xcolor Error: Undefined color `visualblue'."
"Downloads_theory-main-CH6-COMMIT-56-v2.8_ch4_work_figures_ch01_linear_independence.tex"	"success"	"0"	"build\compile-audit\figure-tex\Downloads_theory-main-CH6-COMMIT-56-v2.8_ch4_work_figures_ch01_linear_independence\Downloads_theory-main-CH6-COMMIT-56-v2.8_ch4_work_figures_ch01_linear_independence-wrapper.pdf"	""
"Downloads_theory-main-CH6-COMMIT-56-v2.8_ch4_work_figures_ch01_linear_transformation.tex"	"success"	"0"	"build\compile-audit\figure-tex\Downloads_theory-main-CH6-COMMIT-56-v2.8_ch4_work_figures_ch01_linear_transformation\Downloads_theory-main-CH6-COMMIT-56-v2.8_ch4_work_figures_ch01_linear_transformation-wrapper.pdf"	""
"Downloads_theory-main-CH6-COMMIT-56-v2.8_ch4_work_figures_ch01_orthogonal_projection.tex"	"success"	"0"	"build\compile-audit\figure-tex\Downloads_theory-main-CH6-COMMIT-56-v2.8_ch4_work_figures_ch01_orthogonal_projection\Downloads_theory-main-CH6-COMMIT-56-v2.8_ch4_work_figures_ch01_orthogonal_projection-wrapper.pdf"	""
"Downloads_theory-main-CH6-COMMIT-56-v2.8_ch4_work_figures_ch01_parallelogram_area.tex"	"fail"	"12"	""	"Package pgfkeys Error: I do not know the key '/tikz/softblue' and I am going to"
"Downloads_theory-main-CH6-COMMIT-56-v2.8_ch4_work_figures_ch01_right_hand_rule.tex"	"success"	"0"	"build\compile-audit\figure-tex\Downloads_theory-main-CH6-COMMIT-56-v2.8_ch4_work_figures_ch01_right_hand_rule\Downloads_theory-main-CH6-COMMIT-56-v2.8_ch4_work_figures_ch01_right_hand_rule-wrapper.pdf"	""
"Downloads_theory-main-CH6-COMMIT-56-v2.8_ch4_work_figures_ch01_scalar_multiplication.tex"	"fail"	"12"	""	"3: Package pgfkeys Error: I do not know the key '/tikz/book vector' and I am go"
"Downloads_theory-main-CH6-COMMIT-56-v2.8_ch4_work_figures_ch01_span_plane.tex"	"fail"	"12"	""	"theory-main-CH6-COMMIT-56-v2.8_ch4_work_figures_ch01_span_plane.tex:2: Package"
"Downloads_theory-main-CH6-COMMIT-56-v2.8_ch4_work_figures_ch01_torque_lever_arm.tex"	"fail"	"12"	""	"theory-main-CH6-COMMIT-56-v2.8_ch4_work_figures_ch01_torque_lever_arm.tex:2: Pa"
"Downloads_theory-main-CH6-COMMIT-56-v2.8_ch4_work_figures_ch01_unit_vector_geometry.tex"	"fail"	"12"	""	""
"Downloads_theory-main-CH6-COMMIT-56-v2.8_ch4_work_figures_ch01_vector_addition_head_to_tail.tex"	"fail"	"12"	""	"il.tex:5: Package pgfkeys Error: I do not know the key '/tikz/physics vector' a"
"Downloads_theory-main-CH6-COMMIT-56-v2.8_ch4_work_figures_ch01_vector_components.tex"	"fail"	"12"	""	"theory-main-CH6-COMMIT-56-v2.8_ch4_work_figures_ch01_vector_components.tex:2: P"
"Downloads_theory-main-CH6-COMMIT-56-v2.8_ch4_work_figures_ch01_vector_subtraction.tex"	"fail"	"12"	""	"Package pgfkeys Error: I do not know the key '/tikz/book vector' and I am going"
"Downloads_theory-main-CH6-COMMIT-56-v2.8_ch4_work_figures_ch01_work_interpretation.tex"	"fail"	"12"	""	"Package pgfkeys Error: I do not know the key '/tikz/book axis' and I am going"
"Downloads_theory-main-CH6-COMMIT-56-v2.8_ch4_work_figures_ch02_chain_rule_graph.tex"	"fail"	"12"	""	"theory-main-CH6-COMMIT-56-v2.8_ch4_work_figures_ch02_chain_rule_graph.tex:2: Pa"
"Downloads_theory-main-CH6-COMMIT-56-v2.8_ch4_work_figures_ch02_directional_derivative_geometry.tex"	"fail"	"12"	""	"metry.tex:6: Package pgfkeys Error: I do not know the key '/tikz/visualcyan' an"
"Downloads_theory-main-CH6-COMMIT-56-v2.8_ch4_work_figures_ch02_epsilon_delta_limit.tex"	"fail"	"12"	""	"Package pgfkeys Error: I do not know the key '/tikz/physics axis' and I am goi"
"Downloads_theory-main-CH6-COMMIT-56-v2.8_ch4_work_figures_ch02_function_mapping.tex"	"fail"	"12"	""	"theory-main-CH6-COMMIT-56-v2.8_ch4_work_figures_ch02_function_mapping.tex:2: Pa"
"Downloads_theory-main-CH6-COMMIT-56-v2.8_ch4_work_figures_ch02_gradient_flow.tex"	"fail"	"12"	""	"theory-main-CH6-COMMIT-56-v2.8_ch4_work_figures_ch02_gradient_flow.tex:2: Packa"
"Downloads_theory-main-CH6-COMMIT-56-v2.8_ch4_work_figures_ch02_jacobian_area.tex"	"fail"	"12"	""	"theory-main-CH6-COMMIT-56-v2.8_ch4_work_figures_ch02_jacobian_area.tex:3: Packa"
"Downloads_theory-main-CH6-COMMIT-56-v2.8_ch4_work_figures_ch02_local_linearization.tex"	"fail"	"12"	""	"Package pgfkeys Error: I do not know the key '/tikz/physics axis' and I am goi"
"Downloads_theory-main-CH6-COMMIT-56-v2.8_ch4_work_figures_ch02_total_differential_plane.tex"	"fail"	"12"	""	"ex:3: Package xcolor Error: Undefined color `visualcyan'."
"Downloads_theory-main-CH6-COMMIT-56-v2.8_ch4_work_figures_ch03_divergence_source_sink.tex"	"fail"	"12"	""	":15: Package pgfkeys Error: I do not know the key '/tikz/field vector' and I am"
"Downloads_theory-main-CH6-COMMIT-56-v2.8_ch4_work_figures_ch03_gauss_volume.tex"	"fail"	"12"	""	"theory-main-CH6-COMMIT-56-v2.8_ch4_work_figures_ch03_gauss_volume.tex:2: Packag"
"Downloads_theory-main-CH6-COMMIT-56-v2.8_ch4_work_figures_ch03_green_cells.tex"	"fail"	"12"	""	"theory-main-CH6-COMMIT-56-v2.8_ch4_work_figures_ch03_green_cells.tex:2: Package"
"Downloads_theory-main-CH6-COMMIT-56-v2.8_ch4_work_figures_ch03_laplacian_curvature.tex"	"fail"	"12"	""	"Package pgfkeys Error: I do not know the key '/tikz/physics axis' and I am goi"
"Downloads_theory-main-CH6-COMMIT-56-v2.8_ch4_work_figures_ch03_stokes_orientation.tex"	"fail"	"12"	""	"Package xcolor Error: Undefined color `visualcyan'."
"Downloads_theory-main-CH6-COMMIT-56-v2.8_ch4_work_figures_ch03_surface_flux.tex"	"fail"	"12"	""	"theory-main-CH6-COMMIT-56-v2.8_ch4_work_figures_ch03_surface_flux.tex:2: Packag"
"Downloads_theory-main-CH6-COMMIT-56-v2.8_ch4_work_figures_ch03_vector_calculus_architecture.tex"	"fail"	"12"	""	"re.tex:3: Package xcolor Error: Undefined color `visualcyan'."
"Downloads_theory-main-CH6-COMMIT-56-v2.8_ch4_work_figures_ch03_volume_elements.tex"	"fail"	"12"	""	"theory-main-CH6-COMMIT-56-v2.8_ch4_work_figures_ch03_volume_elements.tex:2: Pac"
"Downloads_theory-main-CH6-COMMIT-56-v2.8_ch4_work_figures_ch04_coupled_modes.tex"	"fail"	"12"	""	"theory-main-CH6-COMMIT-56-v2.8_ch4_work_figures_ch04_coupled_modes.tex:4: Packa"
"Downloads_theory-main-CH6-COMMIT-56-v2.8_ch4_work_figures_ch04_damping_regimes.tex"	"fail"	"12"	""	"theory-main-CH6-COMMIT-56-v2.8_ch4_work_figures_ch04_damping_regimes.tex:4: Pac"
"Downloads_theory-main-CH6-COMMIT-56-v2.8_ch4_work_figures_ch04_evolution_architecture.tex"	"fail"	"12"	""	":2: Package xcolor Error: Undefined color `softblue'."
"Downloads_theory-main-CH6-COMMIT-56-v2.8_ch4_work_figures_ch04_harmonic_motion.tex"	"fail"	"12"	""	"theory-main-CH6-COMMIT-56-v2.8_ch4_work_figures_ch04_harmonic_motion.tex:4: Pac"
"Downloads_theory-main-CH6-COMMIT-56-v2.8_ch4_work_figures_ch04_phase_portraits.tex"	"fail"	"12"	""	"theory-main-CH6-COMMIT-56-v2.8_ch4_work_figures_ch04_phase_portraits.tex:4: Pac"
"Downloads_theory-main-CH6-COMMIT-56-v2.8_ch4_work_figures_ch04_pitchfork.tex"	"fail"	"12"	""	"theory-main-CH6-COMMIT-56-v2.8_ch4_work_figures_ch04_pitchfork.tex:4: Package p"
"Downloads_theory-main-CH6-COMMIT-56-v2.8_ch4_work_figures_ch04_representation_map.tex"	"fail"	"12"	""	"Package xcolor Error: Undefined color `softblue'."
"Downloads_theory-main-CH6-COMMIT-56-v2.8_ch4_work_figures_ch04_slope_field.tex"	"fail"	"12"	""	"theory-main-CH6-COMMIT-56-v2.8_ch4_work_figures_ch04_slope_field.tex:5: Package"
"Downloads_theory-main-CH6-COMMIT-56-v2.8_ch4_work_figures_ch05_argand_plane.tex"	"success"	"0"	"build\compile-audit\figure-tex\Downloads_theory-main-CH6-COMMIT-56-v2.8_ch4_work_figures_ch05_argand_plane\Downloads_theory-main-CH6-COMMIT-56-v2.8_ch4_work_figures_ch05_argand_plane-wrapper.pdf"	""
"Downloads_theory-main-CH6-COMMIT-56-v2.8_ch4_work_figures_ch05_complex_addition.tex"	"success"	"0"	"build\compile-audit\figure-tex\Downloads_theory-main-CH6-COMMIT-56-v2.8_ch4_work_figures_ch05_complex_addition\Downloads_theory-main-CH6-COMMIT-56-v2.8_ch4_work_figures_ch05_complex_addition-wrapper.pdf"	""
"Downloads_theory-main-CH6-COMMIT-56-v2.8_ch4_work_figures_ch05_complex_multiplication.tex"	"success"	"0"	"build\compile-audit\figure-tex\Downloads_theory-main-CH6-COMMIT-56-v2.8_ch4_work_figures_ch05_complex_multiplication\Downloads_theory-main-CH6-COMMIT-56-v2.8_ch4_work_figures_ch05_complex_multiplication-wrapper.pdf"	""
"Downloads_theory-main-CH6-COMMIT-56-v2.8_ch4_work_figures_ch05_cr_geometry.tex"	"success"	"0"	"build\compile-audit\figure-tex\Downloads_theory-main-CH6-COMMIT-56-v2.8_ch4_work_figures_ch05_cr_geometry\Downloads_theory-main-CH6-COMMIT-56-v2.8_ch4_work_figures_ch05_cr_geometry-wrapper.pdf"	""
"Downloads_theory-main-CH6-COMMIT-56-v2.8_ch4_work_figures_ch05_euler_rotation.tex"	"success"	"0"	"build\compile-audit\figure-tex\Downloads_theory-main-CH6-COMMIT-56-v2.8_ch4_work_figures_ch05_euler_rotation\Downloads_theory-main-CH6-COMMIT-56-v2.8_ch4_work_figures_ch05_euler_rotation-wrapper.pdf"	""
"Downloads_theory-main-CH6-COMMIT-56-v2.8_ch4_work_figures_ch05_mobius_preview.tex"	"success"	"0"	"build\compile-audit\figure-tex\Downloads_theory-main-CH6-COMMIT-56-v2.8_ch4_work_figures_ch05_mobius_preview\Downloads_theory-main-CH6-COMMIT-56-v2.8_ch4_work_figures_ch05_mobius_preview-wrapper.pdf"	""
"Downloads_theory-main-CH6-COMMIT-56-v2.8_ch4_work_figures_ch05_number_system_extension.tex"	"success"	"0"	"build\compile-audit\figure-tex\Downloads_theory-main-CH6-COMMIT-56-v2.8_ch4_work_figures_ch05_number_system_extension\Downloads_theory-main-CH6-COMMIT-56-v2.8_ch4_work_figures_ch05_number_system_extension-wrapper.pdf"	""
"Downloads_theory-main-CH6-COMMIT-56-v2.8_ch4_work_figures_ch05_polar_coordinates.tex"	"success"	"0"	"build\compile-audit\figure-tex\Downloads_theory-main-CH6-COMMIT-56-v2.8_ch4_work_figures_ch05_polar_coordinates\Downloads_theory-main-CH6-COMMIT-56-v2.8_ch4_work_figures_ch05_polar_coordinates-wrapper.pdf"	""
"Downloads_theory-main-CH6-COMMIT-56-v2.8_ch4_work_figures_ch05_representation_map.tex"	"success"	"0"	"build\compile-audit\figure-tex\Downloads_theory-main-CH6-COMMIT-56-v2.8_ch4_work_figures_ch05_representation_map\Downloads_theory-main-CH6-COMMIT-56-v2.8_ch4_work_figures_ch05_representation_map-wrapper.pdf"	""
"Downloads_theory-main-CH6-COMMIT-56-v2.8_ch4_work_figures_ch05_riemann_sphere_preview.tex"	"success"	"0"	"build\compile-audit\figure-tex\Downloads_theory-main-CH6-COMMIT-56-v2.8_ch4_work_figures_ch05_riemann_sphere_preview\Downloads_theory-main-CH6-COMMIT-56-v2.8_ch4_work_figures_ch05_riemann_sphere_preview-wrapper.pdf"	""
"Downloads_theory-main-CH6-COMMIT-56-v2.8_ch4_work_figures_ch05_roots_of_unity.tex"	"success"	"0"	"build\compile-audit\figure-tex\Downloads_theory-main-CH6-COMMIT-56-v2.8_ch4_work_figures_ch05_roots_of_unity\Downloads_theory-main-CH6-COMMIT-56-v2.8_ch4_work_figures_ch05_roots_of_unity-wrapper.pdf"	""
"Downloads_theory-main-CH6-COMMIT-56-v2.8_ch4_work_figures_ch05_square_mapping.tex"	"success"	"0"	"build\compile-audit\figure-tex\Downloads_theory-main-CH6-COMMIT-56-v2.8_ch4_work_figures_ch05_square_mapping\Downloads_theory-main-CH6-COMMIT-56-v2.8_ch4_work_figures_ch05_square_mapping-wrapper.pdf"	""
"Downloads_theory-main-CH6-COMMIT-56-v2.8_ch4_work_figures_ch06_change_of_basis_preview.tex"	"success"	"0"	"build\compile-audit\figure-tex\Downloads_theory-main-CH6-COMMIT-56-v2.8_ch4_work_figures_ch06_change_of_basis_preview\Downloads_theory-main-CH6-COMMIT-56-v2.8_ch4_work_figures_ch06_change_of_basis_preview-wrapper.pdf"	""
"Downloads_theory-main-CH6-COMMIT-56-v2.8_ch4_work_figures_ch06_dependence_independence.tex"	"success"	"0"	"build\compile-audit\figure-tex\Downloads_theory-main-CH6-COMMIT-56-v2.8_ch4_work_figures_ch06_dependence_independence\Downloads_theory-main-CH6-COMMIT-56-v2.8_ch4_work_figures_ch06_dependence_independence-wrapper.pdf"	""
"Downloads_theory-main-CH6-COMMIT-56-v2.8_ch4_work_figures_ch06_history_timeline.tex"	"success"	"0"	"build\compile-audit\figure-tex\Downloads_theory-main-CH6-COMMIT-56-v2.8_ch4_work_figures_ch06_history_timeline\Downloads_theory-main-CH6-COMMIT-56-v2.8_ch4_work_figures_ch06_history_timeline-wrapper.pdf"	""
"Downloads_theory-main-CH6-COMMIT-56-v2.8_ch4_work_figures_ch06_scalar_multiplication.tex"	"success"	"0"	"build\compile-audit\figure-tex\Downloads_theory-main-CH6-COMMIT-56-v2.8_ch4_work_figures_ch06_scalar_multiplication\Downloads_theory-main-CH6-COMMIT-56-v2.8_ch4_work_figures_ch06_scalar_multiplication-wrapper.pdf"	""
"Downloads_theory-main-CH6-COMMIT-56-v2.8_ch4_work_figures_ch06_span_basis.tex"	"success"	"0"	"build\compile-audit\figure-tex\Downloads_theory-main-CH6-COMMIT-56-v2.8_ch4_work_figures_ch06_span_basis\Downloads_theory-main-CH6-COMMIT-56-v2.8_ch4_work_figures_ch06_span_basis-wrapper.pdf"	""
"Downloads_theory-main-CH6-COMMIT-56-v2.8_ch4_work_figures_ch06_state_space_map.tex"	"success"	"0"	"build\compile-audit\figure-tex\Downloads_theory-main-CH6-COMMIT-56-v2.8_ch4_work_figures_ch06_state_space_map\Downloads_theory-main-CH6-COMMIT-56-v2.8_ch4_work_figures_ch06_state_space_map-wrapper.pdf"	""
"Downloads_theory-main-CH6-COMMIT-56-v2.8_ch4_work_figures_ch06_subspace_plane.tex"	"success"	"0"	"build\compile-audit\figure-tex\Downloads_theory-main-CH6-COMMIT-56-v2.8_ch4_work_figures_ch06_subspace_plane\Downloads_theory-main-CH6-COMMIT-56-v2.8_ch4_work_figures_ch06_subspace_plane-wrapper.pdf"	""
"Downloads_theory-main-CH6-COMMIT-56-v2.8_ch4_work_figures_ch06_vector_addition.tex"	"success"	"0"	"build\compile-audit\figure-tex\Downloads_theory-main-CH6-COMMIT-56-v2.8_ch4_work_figures_ch06_vector_addition\Downloads_theory-main-CH6-COMMIT-56-v2.8_ch4_work_figures_ch06_vector_addition-wrapper.pdf"	""
"Downloads_theory-main-CH6-COMMIT-56-v2.8_ch4_work_figures_common_chapter_figure_styles.tex"	"fail"	"12"	"build\compile-audit\figure-tex\Downloads_theory-main-CH6-COMMIT-56-v2.8_ch4_work_figures_common_chapter_figure_styles\Downloads_theory-main-CH6-COMMIT-56-v2.8_ch4_work_figures_common_chapter_figure_styles-wrapper.pdf"	""
"Downloads_theory-main-CH6-COMMIT-56-v2.8-FULL-PROJECT_ch4_work_figures_ch01_basis_vectors.tex"	"fail"	"12"	""	".tex:2: Undefined control sequence."
"Downloads_theory-main-CH6-COMMIT-56-v2.8-FULL-PROJECT_ch4_work_figures_ch01_cartesian_position_vector.tex"	"fail"	"12"	""	"ition_vector.tex:4: Package pgfkeys Error: I do not know the key '/tikz/physics"
"Downloads_theory-main-CH6-COMMIT-56-v2.8-FULL-PROJECT_ch4_work_figures_ch01_change_of_basis.tex"	"fail"	"12"	""	"is.tex:3: Package pgfkeys Error: I do not know the key '/tikz/physics axis' and"
"Downloads_theory-main-CH6-COMMIT-56-v2.8-FULL-PROJECT_ch4_work_figures_ch01_coordinate_rotation.tex"	"fail"	"12"	""	"tation.tex:2: Package pgfkeys Error: I do not know the key '/tikz/book axis' an"
"Downloads_theory-main-CH6-COMMIT-56-v2.8-FULL-PROJECT_ch4_work_figures_ch01_cross_product_orientation.tex"	"success"	"0"	"build\compile-audit\figure-tex\Downloads_theory-main-CH6-COMMIT-56-v2.8-FULL-PROJECT_ch4_work_figures_ch01_cross_product_orientation\Downloads_theory-main-CH6-COMMIT-56-v2.8-FULL-PROJECT_ch4_work_figures_ch01_cross_product_orientation-wrapper.pdf"	""
"Downloads_theory-main-CH6-COMMIT-56-v2.8-FULL-PROJECT_ch4_work_figures_ch01_distance_between_points.tex"	"fail"	"12"	""	"een_points.tex:2: Undefined control sequence."
"Downloads_theory-main-CH6-COMMIT-56-v2.8-FULL-PROJECT_ch4_work_figures_ch01_dot_product_angle.tex"	"success"	"0"	"build\compile-audit\figure-tex\Downloads_theory-main-CH6-COMMIT-56-v2.8-FULL-PROJECT_ch4_work_figures_ch01_dot_product_angle\Downloads_theory-main-CH6-COMMIT-56-v2.8-FULL-PROJECT_ch4_work_figures_ch01_dot_product_angle-wrapper.pdf"	""
"Downloads_theory-main-CH6-COMMIT-56-v2.8-FULL-PROJECT_ch4_work_figures_ch01_eigenvectors.tex"	"success"	"0"	"build\compile-audit\figure-tex\Downloads_theory-main-CH6-COMMIT-56-v2.8-FULL-PROJECT_ch4_work_figures_ch01_eigenvectors\Downloads_theory-main-CH6-COMMIT-56-v2.8-FULL-PROJECT_ch4_work_figures_ch01_eigenvectors-wrapper.pdf"	""
"Downloads_theory-main-CH6-COMMIT-56-v2.8-FULL-PROJECT_ch4_work_figures_ch01_function_vector_space.tex"	"fail"	"12"	""	"or_space.tex:2: Package pgfkeys Error: I do not know the key '/tikz/book axis'"
"Downloads_theory-main-CH6-COMMIT-56-v2.8-FULL-PROJECT_ch4_work_figures_ch01_gram_schmidt.tex"	"success"	"0"	"build\compile-audit\figure-tex\Downloads_theory-main-CH6-COMMIT-56-v2.8-FULL-PROJECT_ch4_work_figures_ch01_gram_schmidt\Downloads_theory-main-CH6-COMMIT-56-v2.8-FULL-PROJECT_ch4_work_figures_ch01_gram_schmidt-wrapper.pdf"	""
"Downloads_theory-main-CH6-COMMIT-56-v2.8-FULL-PROJECT_ch4_work_figures_ch01_hilbert_space_bridge.tex"	"fail"	"12"	""	"_bridge.tex:2: Package xcolor Error: Undefined color `visualblue'."
"Downloads_theory-main-CH6-COMMIT-56-v2.8-FULL-PROJECT_ch4_work_figures_ch01_linear_independence.tex"	"success"	"0"	"build\compile-audit\figure-tex\Downloads_theory-main-CH6-COMMIT-56-v2.8-FULL-PROJECT_ch4_work_figures_ch01_linear_independence\Downloads_theory-main-CH6-COMMIT-56-v2.8-FULL-PROJECT_ch4_work_figures_ch01_linear_independence-wrapper.pdf"	""
"Downloads_theory-main-CH6-COMMIT-56-v2.8-FULL-PROJECT_ch4_work_figures_ch01_linear_transformation.tex"	"success"	"0"	"build\compile-audit\figure-tex\Downloads_theory-main-CH6-COMMIT-56-v2.8-FULL-PROJECT_ch4_work_figures_ch01_linear_transformation\Downloads_theory-main-CH6-COMMIT-56-v2.8-FULL-PROJECT_ch4_work_figures_ch01_linear_transformation-wrapper.pdf"	""
"Downloads_theory-main-CH6-COMMIT-56-v2.8-FULL-PROJECT_ch4_work_figures_ch01_orthogonal_projection.tex"	"success"	"0"	"build\compile-audit\figure-tex\Downloads_theory-main-CH6-COMMIT-56-v2.8-FULL-PROJECT_ch4_work_figures_ch01_orthogonal_projection\Downloads_theory-main-CH6-COMMIT-56-v2.8-FULL-PROJECT_ch4_work_figures_ch01_orthogonal_projection-wrapper.pdf"	""
"Downloads_theory-main-CH6-COMMIT-56-v2.8-FULL-PROJECT_ch4_work_figures_ch01_parallelogram_area.tex"	"fail"	"12"	""	"_area.tex:3: Package pgfkeys Error: I do not know the key '/tikz/softblue' and"
"Downloads_theory-main-CH6-COMMIT-56-v2.8-FULL-PROJECT_ch4_work_figures_ch01_right_hand_rule.tex"	"success"	"0"	"build\compile-audit\figure-tex\Downloads_theory-main-CH6-COMMIT-56-v2.8-FULL-PROJECT_ch4_work_figures_ch01_right_hand_rule\Downloads_theory-main-CH6-COMMIT-56-v2.8-FULL-PROJECT_ch4_work_figures_ch01_right_hand_rule-wrapper.pdf"	""
"Downloads_theory-main-CH6-COMMIT-56-v2.8-FULL-PROJECT_ch4_work_figures_ch01_scalar_multiplication.tex"	"fail"	"12"	""	"lication.tex:3: Package pgfkeys Error: I do not know the key '/tikz/book vector"
"Downloads_theory-main-CH6-COMMIT-56-v2.8-FULL-PROJECT_ch4_work_figures_ch01_span_plane.tex"	"fail"	"12"	""	"x:2: Package pgfkeys Error: I do not know the key '/tikz/softblue' and I am goi"
"Downloads_theory-main-CH6-COMMIT-56-v2.8-FULL-PROJECT_ch4_work_figures_ch01_torque_lever_arm.tex"	"fail"	"12"	""	"arm.tex:2: Package pgfkeys Error: I do not know the key '/tikz/visualink' and I"
"Downloads_theory-main-CH6-COMMIT-56-v2.8-FULL-PROJECT_ch4_work_figures_ch01_unit_vector_geometry.tex"	"fail"	"12"	""	"eometry.tex:2: Undefined control sequence."
"Downloads_theory-main-CH6-COMMIT-56-v2.8-FULL-PROJECT_ch4_work_figures_ch01_vector_addition_head_to_tail.tex"	"fail"	"12"	""	"on_head_to_tail.tex:5: Package pgfkeys Error: I do not know the key '/tikz/phys"
"Downloads_theory-main-CH6-COMMIT-56-v2.8-FULL-PROJECT_ch4_work_figures_ch01_vector_components.tex"	"fail"	"12"	""	"ents.tex:2: Package pgfkeys Error: I do not know the key '/tikz/physics axis' a"
"Downloads_theory-main-CH6-COMMIT-56-v2.8-FULL-PROJECT_ch4_work_figures_ch01_vector_subtraction.tex"	"fail"	"12"	""	"ction.tex:3: Package pgfkeys Error: I do not know the key '/tikz/book vector' a"
"Downloads_theory-main-CH6-COMMIT-56-v2.8-FULL-PROJECT_ch4_work_figures_ch01_work_interpretation.tex"	"fail"	"12"	""	"tation.tex:2: Package pgfkeys Error: I do not know the key '/tikz/book axis' an"
"Downloads_theory-main-CH6-COMMIT-56-v2.8-FULL-PROJECT_ch4_work_figures_ch02_chain_rule_graph.tex"	"fail"	"12"	""	"aph.tex:2: Package pgfkeys Error: I do not know the key '/tikz/concept node' an"
"Downloads_theory-main-CH6-COMMIT-56-v2.8-FULL-PROJECT_ch4_work_figures_ch02_directional_derivative_geometry.tex"	"fail"	"12"	""	"erivative_geometry.tex:6: Package pgfkeys Error: I do not know the key '/tikz/v"
"Downloads_theory-main-CH6-COMMIT-56-v2.8-FULL-PROJECT_ch4_work_figures_ch02_epsilon_delta_limit.tex"	"fail"	"12"	""	"_limit.tex:2: Package pgfkeys Error: I do not know the key '/tikz/physics axis'"
"Downloads_theory-main-CH6-COMMIT-56-v2.8-FULL-PROJECT_ch4_work_figures_ch02_function_mapping.tex"	"fail"	"12"	""	"ing.tex:2: Package pgfkeys Error: I do not know the key '/tikz/concept node' an"
"Downloads_theory-main-CH6-COMMIT-56-v2.8-FULL-PROJECT_ch4_work_figures_ch02_gradient_flow.tex"	"fail"	"12"	""	".tex:2: Package xcolor Error: Undefined color `visualcyan'."
"Downloads_theory-main-CH6-COMMIT-56-v2.8-FULL-PROJECT_ch4_work_figures_ch02_jacobian_area.tex"	"fail"	"12"	""	".tex:3: Package pgfkeys Error: I do not know the key '/tikz/visualgrid' and I a"
"Downloads_theory-main-CH6-COMMIT-56-v2.8-FULL-PROJECT_ch4_work_figures_ch02_local_linearization.tex"	"fail"	"12"	""	"zation.tex:2: Package pgfkeys Error: I do not know the key '/tikz/physics axis'"
"Downloads_theory-main-CH6-COMMIT-56-v2.8-FULL-PROJECT_ch4_work_figures_ch02_total_differential_plane.tex"	"fail"	"12"	""	"ntial_plane.tex:3: Package xcolor Error: Undefined color `visualcyan'."
"Downloads_theory-main-CH6-COMMIT-56-v2.8-FULL-PROJECT_ch4_work_figures_ch03_divergence_source_sink.tex"	"fail"	"12"	""	"urce_sink.tex:15: Package pgfkeys Error: I do not know the key '/tikz/field vec"
"Downloads_theory-main-CH6-COMMIT-56-v2.8-FULL-PROJECT_ch4_work_figures_ch03_gauss_volume.tex"	"fail"	"12"	""	"tex:2: Package xcolor Error: Undefined color `visualcyan'."
"Downloads_theory-main-CH6-COMMIT-56-v2.8-FULL-PROJECT_ch4_work_figures_ch03_green_cells.tex"	"fail"	"12"	""	"ex:2: Package xcolor Error: Undefined color `visualcyan'."
"Downloads_theory-main-CH6-COMMIT-56-v2.8-FULL-PROJECT_ch4_work_figures_ch03_laplacian_curvature.tex"	"fail"	"12"	""	"vature.tex:2: Package pgfkeys Error: I do not know the key '/tikz/physics axis'"
"Downloads_theory-main-CH6-COMMIT-56-v2.8-FULL-PROJECT_ch4_work_figures_ch03_stokes_orientation.tex"	"fail"	"12"	""	"ation.tex:2: Package xcolor Error: Undefined color `visualcyan'."
"Downloads_theory-main-CH6-COMMIT-56-v2.8-FULL-PROJECT_ch4_work_figures_ch03_surface_flux.tex"	"fail"	"12"	""	"tex:2: Package xcolor Error: Undefined color `visualcyan'."
"Downloads_theory-main-CH6-COMMIT-56-v2.8-FULL-PROJECT_ch4_work_figures_ch03_vector_calculus_architecture.tex"	"fail"	"12"	""	"us_architecture.tex:3: Package xcolor Error: Undefined color `visualcyan'."
"Downloads_theory-main-CH6-COMMIT-56-v2.8-FULL-PROJECT_ch4_work_figures_ch03_volume_elements.tex"	"fail"	"12"	""	"ts.tex:2: Package xcolor Error: Undefined color `visualcyan'."
"Downloads_theory-main-CH6-COMMIT-56-v2.8-FULL-PROJECT_ch4_work_figures_ch04_coupled_modes.tex"	"fail"	"12"	""	".tex:4: Package xcolor Error: Undefined color `softblue'."
"Downloads_theory-main-CH6-COMMIT-56-v2.8-FULL-PROJECT_ch4_work_figures_ch04_damping_regimes.tex"	"fail"	"12"	""	"es.tex:4: Package pgfkeys Error: I do not know the key '/tikz/chapterblue' and"
"Downloads_theory-main-CH6-COMMIT-56-v2.8-FULL-PROJECT_ch4_work_figures_ch04_evolution_architecture.tex"	"fail"	"12"	""	"hitecture.tex:2: Package xcolor Error: Undefined color `softblue'."
"Downloads_theory-main-CH6-COMMIT-56-v2.8-FULL-PROJECT_ch4_work_figures_ch04_harmonic_motion.tex"	"fail"	"12"	""	"on.tex:4: Package pgfkeys Error: I do not know the key '/tikz/chapterblue' and"
"Downloads_theory-main-CH6-COMMIT-56-v2.8-FULL-PROJECT_ch4_work_figures_ch04_phase_portraits.tex"	"fail"	"12"	""	"ts.tex:4: Package pgfkeys Error: I do not know the key '/tikz/chapterblue' and"
"Downloads_theory-main-CH6-COMMIT-56-v2.8-FULL-PROJECT_ch4_work_figures_ch04_pitchfork.tex"	"fail"	"12"	""	":4: Package pgfkeys Error: I do not know the key '/tikz/chapterblue' and I am g"
"Downloads_theory-main-CH6-COMMIT-56-v2.8-FULL-PROJECT_ch4_work_figures_ch04_representation_map.tex"	"fail"	"12"	""	"n_map.tex:2: Package xcolor Error: Undefined color `softblue'."
"Downloads_theory-main-CH6-COMMIT-56-v2.8-FULL-PROJECT_ch4_work_figures_ch04_slope_field.tex"	"fail"	"12"	""	"ex:5: Package pgfkeys Error: I do not know the key '/tikz/chapterblue' and I am"
"Downloads_theory-main-CH6-COMMIT-56-v2.8-FULL-PROJECT_ch4_work_figures_ch05_argand_plane.tex"	"success"	"0"	"build\compile-audit\figure-tex\Downloads_theory-main-CH6-COMMIT-56-v2.8-FULL-PROJECT_ch4_work_figures_ch05_argand_plane\Downloads_theory-main-CH6-COMMIT-56-v2.8-FULL-PROJECT_ch4_work_figures_ch05_argand_plane-wrapper.pdf"	""
"Downloads_theory-main-CH6-COMMIT-56-v2.8-FULL-PROJECT_ch4_work_figures_ch05_complex_addition.tex"	"success"	"0"	"build\compile-audit\figure-tex\Downloads_theory-main-CH6-COMMIT-56-v2.8-FULL-PROJECT_ch4_work_figures_ch05_complex_addition\Downloads_theory-main-CH6-COMMIT-56-v2.8-FULL-PROJECT_ch4_work_figures_ch05_complex_addition-wrapper.pdf"	""
"Downloads_theory-main-CH6-COMMIT-56-v2.8-FULL-PROJECT_ch4_work_figures_ch05_complex_multiplication.tex"	"success"	"0"	"build\compile-audit\figure-tex\Downloads_theory-main-CH6-COMMIT-56-v2.8-FULL-PROJECT_ch4_work_figures_ch05_complex_multiplication\Downloads_theory-main-CH6-COMMIT-56-v2.8-FULL-PROJECT_ch4_work_figures_ch05_complex_multiplication-wrapper.pdf"	""
"Downloads_theory-main-CH6-COMMIT-56-v2.8-FULL-PROJECT_ch4_work_figures_ch05_cr_geometry.tex"	"success"	"0"	"build\compile-audit\figure-tex\Downloads_theory-main-CH6-COMMIT-56-v2.8-FULL-PROJECT_ch4_work_figures_ch05_cr_geometry\Downloads_theory-main-CH6-COMMIT-56-v2.8-FULL-PROJECT_ch4_work_figures_ch05_cr_geometry-wrapper.pdf"	""
"Downloads_theory-main-CH6-COMMIT-56-v2.8-FULL-PROJECT_ch4_work_figures_ch05_euler_rotation.tex"	"success"	"0"	"build\compile-audit\figure-tex\Downloads_theory-main-CH6-COMMIT-56-v2.8-FULL-PROJECT_ch4_work_figures_ch05_euler_rotation\Downloads_theory-main-CH6-COMMIT-56-v2.8-FULL-PROJECT_ch4_work_figures_ch05_euler_rotation-wrapper.pdf"	""
"Downloads_theory-main-CH6-COMMIT-56-v2.8-FULL-PROJECT_ch4_work_figures_ch05_mobius_preview.tex"	"success"	"0"	"build\compile-audit\figure-tex\Downloads_theory-main-CH6-COMMIT-56-v2.8-FULL-PROJECT_ch4_work_figures_ch05_mobius_preview\Downloads_theory-main-CH6-COMMIT-56-v2.8-FULL-PROJECT_ch4_work_figures_ch05_mobius_preview-wrapper.pdf"	""
"Downloads_theory-main-CH6-COMMIT-56-v2.8-FULL-PROJECT_ch4_work_figures_ch05_number_system_extension.tex"	"success"	"0"	"build\compile-audit\figure-tex\Downloads_theory-main-CH6-COMMIT-56-v2.8-FULL-PROJECT_ch4_work_figures_ch05_number_system_extension\Downloads_theory-main-CH6-COMMIT-56-v2.8-FULL-PROJECT_ch4_work_figures_ch05_number_system_extension-wrapper.pdf"	""
"Downloads_theory-main-CH6-COMMIT-56-v2.8-FULL-PROJECT_ch4_work_figures_ch05_polar_coordinates.tex"	"success"	"0"	"build\compile-audit\figure-tex\Downloads_theory-main-CH6-COMMIT-56-v2.8-FULL-PROJECT_ch4_work_figures_ch05_polar_coordinates\Downloads_theory-main-CH6-COMMIT-56-v2.8-FULL-PROJECT_ch4_work_figures_ch05_polar_coordinates-wrapper.pdf"	""
"Downloads_theory-main-CH6-COMMIT-56-v2.8-FULL-PROJECT_ch4_work_figures_ch05_representation_map.tex"	"success"	"0"	"build\compile-audit\figure-tex\Downloads_theory-main-CH6-COMMIT-56-v2.8-FULL-PROJECT_ch4_work_figures_ch05_representation_map\Downloads_theory-main-CH6-COMMIT-56-v2.8-FULL-PROJECT_ch4_work_figures_ch05_representation_map-wrapper.pdf"	""
"Downloads_theory-main-CH6-COMMIT-56-v2.8-FULL-PROJECT_ch4_work_figures_ch05_riemann_sphere_preview.tex"	"success"	"0"	"build\compile-audit\figure-tex\Downloads_theory-main-CH6-COMMIT-56-v2.8-FULL-PROJECT_ch4_work_figures_ch05_riemann_sphere_preview\Downloads_theory-main-CH6-COMMIT-56-v2.8-FULL-PROJECT_ch4_work_figures_ch05_riemann_sphere_preview-wrapper.pdf"	""
"Downloads_theory-main-CH6-COMMIT-56-v2.8-FULL-PROJECT_ch4_work_figures_ch05_roots_of_unity.tex"	"success"	"0"	"build\compile-audit\figure-tex\Downloads_theory-main-CH6-COMMIT-56-v2.8-FULL-PROJECT_ch4_work_figures_ch05_roots_of_unity\Downloads_theory-main-CH6-COMMIT-56-v2.8-FULL-PROJECT_ch4_work_figures_ch05_roots_of_unity-wrapper.pdf"	""
"Downloads_theory-main-CH6-COMMIT-56-v2.8-FULL-PROJECT_ch4_work_figures_ch05_square_mapping.tex"	"success"	"0"	"build\compile-audit\figure-tex\Downloads_theory-main-CH6-COMMIT-56-v2.8-FULL-PROJECT_ch4_work_figures_ch05_square_mapping\Downloads_theory-main-CH6-COMMIT-56-v2.8-FULL-PROJECT_ch4_work_figures_ch05_square_mapping-wrapper.pdf"	""
"Downloads_theory-main-CH6-COMMIT-56-v2.8-FULL-PROJECT_ch4_work_figures_ch06_change_of_basis_preview.tex"	"success"	"0"	"build\compile-audit\figure-tex\Downloads_theory-main-CH6-COMMIT-56-v2.8-FULL-PROJECT_ch4_work_figures_ch06_change_of_basis_preview\Downloads_theory-main-CH6-COMMIT-56-v2.8-FULL-PROJECT_ch4_work_figures_ch06_change_of_basis_preview-wrapper.pdf"	""
"Downloads_theory-main-CH6-COMMIT-56-v2.8-FULL-PROJECT_ch4_work_figures_ch06_dependence_independence.tex"	"success"	"0"	"build\compile-audit\figure-tex\Downloads_theory-main-CH6-COMMIT-56-v2.8-FULL-PROJECT_ch4_work_figures_ch06_dependence_independence\Downloads_theory-main-CH6-COMMIT-56-v2.8-FULL-PROJECT_ch4_work_figures_ch06_dependence_independence-wrapper.pdf"	""
"Downloads_theory-main-CH6-COMMIT-56-v2.8-FULL-PROJECT_ch4_work_figures_ch06_history_timeline.tex"	"success"	"0"	"build\compile-audit\figure-tex\Downloads_theory-main-CH6-COMMIT-56-v2.8-FULL-PROJECT_ch4_work_figures_ch06_history_timeline\Downloads_theory-main-CH6-COMMIT-56-v2.8-FULL-PROJECT_ch4_work_figures_ch06_history_timeline-wrapper.pdf"	""
"Downloads_theory-main-CH6-COMMIT-56-v2.8-FULL-PROJECT_ch4_work_figures_ch06_scalar_multiplication.tex"	"success"	"0"	"build\compile-audit\figure-tex\Downloads_theory-main-CH6-COMMIT-56-v2.8-FULL-PROJECT_ch4_work_figures_ch06_scalar_multiplication\Downloads_theory-main-CH6-COMMIT-56-v2.8-FULL-PROJECT_ch4_work_figures_ch06_scalar_multiplication-wrapper.pdf"	""
"Downloads_theory-main-CH6-COMMIT-56-v2.8-FULL-PROJECT_ch4_work_figures_ch06_span_basis.tex"	"success"	"0"	"build\compile-audit\figure-tex\Downloads_theory-main-CH6-COMMIT-56-v2.8-FULL-PROJECT_ch4_work_figures_ch06_span_basis\Downloads_theory-main-CH6-COMMIT-56-v2.8-FULL-PROJECT_ch4_work_figures_ch06_span_basis-wrapper.pdf"	""
"Downloads_theory-main-CH6-COMMIT-56-v2.8-FULL-PROJECT_ch4_work_figures_ch06_state_space_map.tex"	"success"	"0"	"build\compile-audit\figure-tex\Downloads_theory-main-CH6-COMMIT-56-v2.8-FULL-PROJECT_ch4_work_figures_ch06_state_space_map\Downloads_theory-main-CH6-COMMIT-56-v2.8-FULL-PROJECT_ch4_work_figures_ch06_state_space_map-wrapper.pdf"	""
"Downloads_theory-main-CH6-COMMIT-56-v2.8-FULL-PROJECT_ch4_work_figures_ch06_subspace_plane.tex"	"success"	"0"	"build\compile-audit\figure-tex\Downloads_theory-main-CH6-COMMIT-56-v2.8-FULL-PROJECT_ch4_work_figures_ch06_subspace_plane\Downloads_theory-main-CH6-COMMIT-56-v2.8-FULL-PROJECT_ch4_work_figures_ch06_subspace_plane-wrapper.pdf"	""
"Downloads_theory-main-CH6-COMMIT-56-v2.8-FULL-PROJECT_ch4_work_figures_ch06_vector_addition.tex"	"success"	"0"	"build\compile-audit\figure-tex\Downloads_theory-main-CH6-COMMIT-56-v2.8-FULL-PROJECT_ch4_work_figures_ch06_vector_addition\Downloads_theory-main-CH6-COMMIT-56-v2.8-FULL-PROJECT_ch4_work_figures_ch06_vector_addition-wrapper.pdf"	""
"Downloads_theory-main-CH6-COMMIT-56-v2.8-FULL-PROJECT_ch4_work_figures_common_chapter_figure_styles.tex"	"fail"	"12"	"build\compile-audit\figure-tex\Downloads_theory-main-CH6-COMMIT-56-v2.8-FULL-PROJECT_ch4_work_figures_common_chapter_figure_styles\Downloads_theory-main-CH6-COMMIT-56-v2.8-FULL-PROJECT_ch4_work_figures_common_chapter_figure_styles-wrapper.pdf"	""
"Downloads_theory-main-CH6-COMMITS-57-61-v2.9-CORRECTED-FULL-PROJECT_ch4_work_figures_ch01_basis_vectors.tex"	"fail"	"12"	""	"_basis_vectors.tex:2: Undefined control sequence."
"Downloads_theory-main-CH6-COMMITS-57-61-v2.9-CORRECTED-FULL-PROJECT_ch4_work_figures_ch01_cartesian_position_vector.tex"	"fail"	"12"	""	"_cartesian_position_vector.tex:4: Package pgfkeys Error: I do not know the key"
"Downloads_theory-main-CH6-COMMITS-57-61-v2.9-CORRECTED-FULL-PROJECT_ch4_work_figures_ch01_change_of_basis.tex"	"fail"	"12"	""	"_change_of_basis.tex:3: Package pgfkeys Error: I do not know the key '/tikz/phy"
"Downloads_theory-main-CH6-COMMITS-57-61-v2.9-CORRECTED-FULL-PROJECT_ch4_work_figures_ch01_coordinate_rotation.tex"	"fail"	"12"	""	"_coordinate_rotation.tex:2: Package pgfkeys Error: I do not know the key '/tikz"
"Downloads_theory-main-CH6-COMMITS-57-61-v2.9-CORRECTED-FULL-PROJECT_ch4_work_figures_ch01_cross_product_orientation.tex"	"success"	"0"	"build\compile-audit\figure-tex\Downloads_theory-main-CH6-COMMITS-57-61-v2.9-CORRECTED-FULL-PROJECT_ch4_work_figures_ch01_cross_product_orientation\Downloads_theory-main-CH6-COMMITS-57-61-v2.9-CORRECTED-FULL-PROJECT_ch4_work_figures_ch01_cross_product_orientation-wrapper.pdf"	""
"Downloads_theory-main-CH6-COMMITS-57-61-v2.9-CORRECTED-FULL-PROJECT_ch4_work_figures_ch01_distance_between_points.tex"	"fail"	"12"	""	"_distance_between_points.tex:2: Undefined control sequence."
"Downloads_theory-main-CH6-COMMITS-57-61-v2.9-CORRECTED-FULL-PROJECT_ch4_work_figures_ch01_dot_product_angle.tex"	"success"	"0"	"build\compile-audit\figure-tex\Downloads_theory-main-CH6-COMMITS-57-61-v2.9-CORRECTED-FULL-PROJECT_ch4_work_figures_ch01_dot_product_angle\Downloads_theory-main-CH6-COMMITS-57-61-v2.9-CORRECTED-FULL-PROJECT_ch4_work_figures_ch01_dot_product_angle-wrapper.pdf"	""
"Downloads_theory-main-CH6-COMMITS-57-61-v2.9-CORRECTED-FULL-PROJECT_ch4_work_figures_ch01_eigenvectors.tex"	"success"	"0"	"build\compile-audit\figure-tex\Downloads_theory-main-CH6-COMMITS-57-61-v2.9-CORRECTED-FULL-PROJECT_ch4_work_figures_ch01_eigenvectors\Downloads_theory-main-CH6-COMMITS-57-61-v2.9-CORRECTED-FULL-PROJECT_ch4_work_figures_ch01_eigenvectors-wrapper.pdf"	""
"Downloads_theory-main-CH6-COMMITS-57-61-v2.9-CORRECTED-FULL-PROJECT_ch4_work_figures_ch01_function_vector_space.tex"	"fail"	"12"	""	"_function_vector_space.tex:2: Package pgfkeys Error: I do not know the key '/ti"
"Downloads_theory-main-CH6-COMMITS-57-61-v2.9-CORRECTED-FULL-PROJECT_ch4_work_figures_ch01_gram_schmidt.tex"	"success"	"0"	"build\compile-audit\figure-tex\Downloads_theory-main-CH6-COMMITS-57-61-v2.9-CORRECTED-FULL-PROJECT_ch4_work_figures_ch01_gram_schmidt\Downloads_theory-main-CH6-COMMITS-57-61-v2.9-CORRECTED-FULL-PROJECT_ch4_work_figures_ch01_gram_schmidt-wrapper.pdf"	""
"Downloads_theory-main-CH6-COMMITS-57-61-v2.9-CORRECTED-FULL-PROJECT_ch4_work_figures_ch01_hilbert_space_bridge.tex"	"fail"	"12"	""	"_hilbert_space_bridge.tex:2: Package xcolor Error: Undefined color `visualblue'"
"Downloads_theory-main-CH6-COMMITS-57-61-v2.9-CORRECTED-FULL-PROJECT_ch4_work_figures_ch01_linear_independence.tex"	"success"	"0"	"build\compile-audit\figure-tex\Downloads_theory-main-CH6-COMMITS-57-61-v2.9-CORRECTED-FULL-PROJECT_ch4_work_figures_ch01_linear_independence\Downloads_theory-main-CH6-COMMITS-57-61-v2.9-CORRECTED-FULL-PROJECT_ch4_work_figures_ch01_linear_independence-wrapper.pdf"	""
"Downloads_theory-main-CH6-COMMITS-57-61-v2.9-CORRECTED-FULL-PROJECT_ch4_work_figures_ch01_linear_transformation.tex"	"success"	"0"	"build\compile-audit\figure-tex\Downloads_theory-main-CH6-COMMITS-57-61-v2.9-CORRECTED-FULL-PROJECT_ch4_work_figures_ch01_linear_transformation\Downloads_theory-main-CH6-COMMITS-57-61-v2.9-CORRECTED-FULL-PROJECT_ch4_work_figures_ch01_linear_transformation-wrapper.pdf"	""
"Downloads_theory-main-CH6-COMMITS-57-61-v2.9-CORRECTED-FULL-PROJECT_ch4_work_figures_ch01_orthogonal_projection.tex"	"success"	"0"	"build\compile-audit\figure-tex\Downloads_theory-main-CH6-COMMITS-57-61-v2.9-CORRECTED-FULL-PROJECT_ch4_work_figures_ch01_orthogonal_projection\Downloads_theory-main-CH6-COMMITS-57-61-v2.9-CORRECTED-FULL-PROJECT_ch4_work_figures_ch01_orthogonal_projection-wrapper.pdf"	""
"Downloads_theory-main-CH6-COMMITS-57-61-v2.9-CORRECTED-FULL-PROJECT_ch4_work_figures_ch01_parallelogram_area.tex"	"fail"	"12"	""	"_parallelogram_area.tex:3: Package pgfkeys Error: I do not know the key '/tikz/"
"Downloads_theory-main-CH6-COMMITS-57-61-v2.9-CORRECTED-FULL-PROJECT_ch4_work_figures_ch01_right_hand_rule.tex"	"success"	"0"	"build\compile-audit\figure-tex\Downloads_theory-main-CH6-COMMITS-57-61-v2.9-CORRECTED-FULL-PROJECT_ch4_work_figures_ch01_right_hand_rule\Downloads_theory-main-CH6-COMMITS-57-61-v2.9-CORRECTED-FULL-PROJECT_ch4_work_figures_ch01_right_hand_rule-wrapper.pdf"	""
"Downloads_theory-main-CH6-COMMITS-57-61-v2.9-CORRECTED-FULL-PROJECT_ch4_work_figures_ch01_scalar_multiplication.tex"	"fail"	"12"	""	"_scalar_multiplication.tex:3: Package pgfkeys Error: I do not know the key '/ti"
"Downloads_theory-main-CH6-COMMITS-57-61-v2.9-CORRECTED-FULL-PROJECT_ch4_work_figures_ch01_span_plane.tex"	"fail"	"12"	""	"_span_plane.tex:2: Package pgfkeys Error: I do not know the key '/tikz/softblue"
"Downloads_theory-main-CH6-COMMITS-57-61-v2.9-CORRECTED-FULL-PROJECT_ch4_work_figures_ch01_torque_lever_arm.tex"	"fail"	"12"	""	"_torque_lever_arm.tex:2: Package pgfkeys Error: I do not know the key '/tikz/vi"
"Downloads_theory-main-CH6-COMMITS-57-61-v2.9-CORRECTED-FULL-PROJECT_ch4_work_figures_ch01_unit_vector_geometry.tex"	"fail"	"12"	""	"_unit_vector_geometry.tex:2: Undefined control sequence."
"Downloads_theory-main-CH6-COMMITS-57-61-v2.9-CORRECTED-FULL-PROJECT_ch4_work_figures_ch01_vector_addition_head_to_tail.tex"	"fail"	"12"	""	"_vector_addition_head_to_tail.tex:5: Package pgfkeys Error: I do not know the k"
"Downloads_theory-main-CH6-COMMITS-57-61-v2.9-CORRECTED-FULL-PROJECT_ch4_work_figures_ch01_vector_components.tex"	"fail"	"12"	""	"_vector_components.tex:2: Package pgfkeys Error: I do not know the key '/tikz/p"
"Downloads_theory-main-CH6-COMMITS-57-61-v2.9-CORRECTED-FULL-PROJECT_ch4_work_figures_ch01_vector_subtraction.tex"	"fail"	"12"	""	"_vector_subtraction.tex:3: Package pgfkeys Error: I do not know the key '/tikz/"
"Downloads_theory-main-CH6-COMMITS-57-61-v2.9-CORRECTED-FULL-PROJECT_ch4_work_figures_ch01_work_interpretation.tex"	"fail"	"12"	""	"_work_interpretation.tex:2: Package pgfkeys Error: I do not know the key '/tikz"
"Downloads_theory-main-CH6-COMMITS-57-61-v2.9-CORRECTED-FULL-PROJECT_ch4_work_figures_ch02_chain_rule_graph.tex"	"fail"	"12"	""	"_chain_rule_graph.tex:2: Package pgfkeys Error: I do not know the key '/tikz/co"
"Downloads_theory-main-CH6-COMMITS-57-61-v2.9-CORRECTED-FULL-PROJECT_ch4_work_figures_ch02_directional_derivative_geometry.tex"	"fail"	"12"	""	"_directional_derivative_geometry.tex:6: Package pgfkeys Error: I do not know th"
"Downloads_theory-main-CH6-COMMITS-57-61-v2.9-CORRECTED-FULL-PROJECT_ch4_work_figures_ch02_epsilon_delta_limit.tex"	"fail"	"12"	""	"_epsilon_delta_limit.tex:2: Package pgfkeys Error: I do not know the key '/tikz"
"Downloads_theory-main-CH6-COMMITS-57-61-v2.9-CORRECTED-FULL-PROJECT_ch4_work_figures_ch02_function_mapping.tex"	"fail"	"12"	""	"_function_mapping.tex:2: Package pgfkeys Error: I do not know the key '/tikz/co"
"Downloads_theory-main-CH6-COMMITS-57-61-v2.9-CORRECTED-FULL-PROJECT_ch4_work_figures_ch02_gradient_flow.tex"	"fail"	"12"	""	"_gradient_flow.tex:2: Package xcolor Error: Undefined color `visualcyan'."
"Downloads_theory-main-CH6-COMMITS-57-61-v2.9-CORRECTED-FULL-PROJECT_ch4_work_figures_ch02_jacobian_area.tex"	"fail"	"12"	""	"_jacobian_area.tex:3: Package pgfkeys Error: I do not know the key '/tikz/visua"
"Downloads_theory-main-CH6-COMMITS-57-61-v2.9-CORRECTED-FULL-PROJECT_ch4_work_figures_ch02_local_linearization.tex"	"fail"	"12"	""	"_local_linearization.tex:2: Package pgfkeys Error: I do not know the key '/tikz"
"Downloads_theory-main-CH6-COMMITS-57-61-v2.9-CORRECTED-FULL-PROJECT_ch4_work_figures_ch02_total_differential_plane.tex"	"fail"	"12"	""	"_total_differential_plane.tex:3: Package xcolor Error: Undefined color `visualc"
"Downloads_theory-main-CH6-COMMITS-57-61-v2.9-CORRECTED-FULL-PROJECT_ch4_work_figures_ch03_divergence_source_sink.tex"	"fail"	"12"	""	"_divergence_source_sink.tex:15: Package pgfkeys Error: I do not know the key '/"
"Downloads_theory-main-CH6-COMMITS-57-61-v2.9-CORRECTED-FULL-PROJECT_ch4_work_figures_ch03_gauss_volume.tex"	"fail"	"12"	""	"_gauss_volume.tex:2: Package xcolor Error: Undefined color `visualcyan'."
"Downloads_theory-main-CH6-COMMITS-57-61-v2.9-CORRECTED-FULL-PROJECT_ch4_work_figures_ch03_green_cells.tex"	"fail"	"12"	""	"_green_cells.tex:2: Package xcolor Error: Undefined color `visualcyan'."
"Downloads_theory-main-CH6-COMMITS-57-61-v2.9-CORRECTED-FULL-PROJECT_ch4_work_figures_ch03_laplacian_curvature.tex"	"fail"	"12"	""	"_laplacian_curvature.tex:2: Package pgfkeys Error: I do not know the key '/tikz"
"Downloads_theory-main-CH6-COMMITS-57-61-v2.9-CORRECTED-FULL-PROJECT_ch4_work_figures_ch03_stokes_orientation.tex"	"fail"	"12"	""	"_stokes_orientation.tex:2: Package xcolor Error: Undefined color `visualcyan'."
"Downloads_theory-main-CH6-COMMITS-57-61-v2.9-CORRECTED-FULL-PROJECT_ch4_work_figures_ch03_surface_flux.tex"	"fail"	"12"	""	"_surface_flux.tex:2: Package xcolor Error: Undefined color `visualcyan'."
"Downloads_theory-main-CH6-COMMITS-57-61-v2.9-CORRECTED-FULL-PROJECT_ch4_work_figures_ch03_vector_calculus_architecture.tex"	"fail"	"12"	""	"_vector_calculus_architecture.tex:3: Package xcolor Error: Undefined color `vis"
"Downloads_theory-main-CH6-COMMITS-57-61-v2.9-CORRECTED-FULL-PROJECT_ch4_work_figures_ch03_volume_elements.tex"	"fail"	"12"	""	"_volume_elements.tex:2: Package xcolor Error: Undefined color `visualcyan'."
"Downloads_theory-main-CH6-COMMITS-57-61-v2.9-CORRECTED-FULL-PROJECT_ch4_work_figures_ch04_coupled_modes.tex"	"fail"	"12"	""	"_coupled_modes.tex:4: Package xcolor Error: Undefined color `softblue'."
"Downloads_theory-main-CH6-COMMITS-57-61-v2.9-CORRECTED-FULL-PROJECT_ch4_work_figures_ch04_damping_regimes.tex"	"fail"	"12"	""	"_damping_regimes.tex:4: Package pgfkeys Error: I do not know the key '/tikz/cha"
"Downloads_theory-main-CH6-COMMITS-57-61-v2.9-CORRECTED-FULL-PROJECT_ch4_work_figures_ch04_evolution_architecture.tex"	"fail"	"12"	""	"_evolution_architecture.tex:2: Package xcolor Error: Undefined color `softblue'"
"Downloads_theory-main-CH6-COMMITS-57-61-v2.9-CORRECTED-FULL-PROJECT_ch4_work_figures_ch04_harmonic_motion.tex"	"fail"	"12"	""	"_harmonic_motion.tex:4: Package pgfkeys Error: I do not know the key '/tikz/cha"
"Downloads_theory-main-CH6-COMMITS-57-61-v2.9-CORRECTED-FULL-PROJECT_ch4_work_figures_ch04_phase_portraits.tex"	"fail"	"12"	""	"_phase_portraits.tex:4: Package pgfkeys Error: I do not know the key '/tikz/cha"
"Downloads_theory-main-CH6-COMMITS-57-61-v2.9-CORRECTED-FULL-PROJECT_ch4_work_figures_ch04_pitchfork.tex"	"fail"	"12"	""	"_pitchfork.tex:4: Package pgfkeys Error: I do not know the key '/tikz/chapterbl"
"Downloads_theory-main-CH6-COMMITS-57-61-v2.9-CORRECTED-FULL-PROJECT_ch4_work_figures_ch04_representation_map.tex"	"fail"	"12"	""	"_representation_map.tex:2: Package xcolor Error: Undefined color `softblue'."
"Downloads_theory-main-CH6-COMMITS-57-61-v2.9-CORRECTED-FULL-PROJECT_ch4_work_figures_ch04_slope_field.tex"	"fail"	"12"	""	"_slope_field.tex:5: Package pgfkeys Error: I do not know the key '/tikz/chapter"
"Downloads_theory-main-CH6-COMMITS-57-61-v2.9-CORRECTED-FULL-PROJECT_ch4_work_figures_ch05_argand_plane.tex"	"success"	"0"	"build\compile-audit\figure-tex\Downloads_theory-main-CH6-COMMITS-57-61-v2.9-CORRECTED-FULL-PROJECT_ch4_work_figures_ch05_argand_plane\Downloads_theory-main-CH6-COMMITS-57-61-v2.9-CORRECTED-FULL-PROJECT_ch4_work_figures_ch05_argand_plane-wrapper.pdf"	""
"Downloads_theory-main-CH6-COMMITS-57-61-v2.9-CORRECTED-FULL-PROJECT_ch4_work_figures_ch05_complex_addition.tex"	"success"	"0"	"build\compile-audit\figure-tex\Downloads_theory-main-CH6-COMMITS-57-61-v2.9-CORRECTED-FULL-PROJECT_ch4_work_figures_ch05_complex_addition\Downloads_theory-main-CH6-COMMITS-57-61-v2.9-CORRECTED-FULL-PROJECT_ch4_work_figures_ch05_complex_addition-wrapper.pdf"	""
"Downloads_theory-main-CH6-COMMITS-57-61-v2.9-CORRECTED-FULL-PROJECT_ch4_work_figures_ch05_complex_multiplication.tex"	"success"	"0"	"build\compile-audit\figure-tex\Downloads_theory-main-CH6-COMMITS-57-61-v2.9-CORRECTED-FULL-PROJECT_ch4_work_figures_ch05_complex_multiplication\Downloads_theory-main-CH6-COMMITS-57-61-v2.9-CORRECTED-FULL-PROJECT_ch4_work_figures_ch05_complex_multiplication-wrapper.pdf"	""
"Downloads_theory-main-CH6-COMMITS-57-61-v2.9-CORRECTED-FULL-PROJECT_ch4_work_figures_ch05_cr_geometry.tex"	"success"	"0"	"build\compile-audit\figure-tex\Downloads_theory-main-CH6-COMMITS-57-61-v2.9-CORRECTED-FULL-PROJECT_ch4_work_figures_ch05_cr_geometry\Downloads_theory-main-CH6-COMMITS-57-61-v2.9-CORRECTED-FULL-PROJECT_ch4_work_figures_ch05_cr_geometry-wrapper.pdf"	""
"Downloads_theory-main-CH6-COMMITS-57-61-v2.9-CORRECTED-FULL-PROJECT_ch4_work_figures_ch05_euler_rotation.tex"	"success"	"0"	"build\compile-audit\figure-tex\Downloads_theory-main-CH6-COMMITS-57-61-v2.9-CORRECTED-FULL-PROJECT_ch4_work_figures_ch05_euler_rotation\Downloads_theory-main-CH6-COMMITS-57-61-v2.9-CORRECTED-FULL-PROJECT_ch4_work_figures_ch05_euler_rotation-wrapper.pdf"	""
"Downloads_theory-main-CH6-COMMITS-57-61-v2.9-CORRECTED-FULL-PROJECT_ch4_work_figures_ch05_mobius_preview.tex"	"success"	"0"	"build\compile-audit\figure-tex\Downloads_theory-main-CH6-COMMITS-57-61-v2.9-CORRECTED-FULL-PROJECT_ch4_work_figures_ch05_mobius_preview\Downloads_theory-main-CH6-COMMITS-57-61-v2.9-CORRECTED-FULL-PROJECT_ch4_work_figures_ch05_mobius_preview-wrapper.pdf"	""
"Downloads_theory-main-CH6-COMMITS-57-61-v2.9-CORRECTED-FULL-PROJECT_ch4_work_figures_ch05_number_system_extension.tex"	"success"	"0"	"build\compile-audit\figure-tex\Downloads_theory-main-CH6-COMMITS-57-61-v2.9-CORRECTED-FULL-PROJECT_ch4_work_figures_ch05_number_system_extension\Downloads_theory-main-CH6-COMMITS-57-61-v2.9-CORRECTED-FULL-PROJECT_ch4_work_figures_ch05_number_system_extension-wrapper.pdf"	""
"Downloads_theory-main-CH6-COMMITS-57-61-v2.9-CORRECTED-FULL-PROJECT_ch4_work_figures_ch05_polar_coordinates.tex"	"success"	"0"	"build\compile-audit\figure-tex\Downloads_theory-main-CH6-COMMITS-57-61-v2.9-CORRECTED-FULL-PROJECT_ch4_work_figures_ch05_polar_coordinates\Downloads_theory-main-CH6-COMMITS-57-61-v2.9-CORRECTED-FULL-PROJECT_ch4_work_figures_ch05_polar_coordinates-wrapper.pdf"	""
"Downloads_theory-main-CH6-COMMITS-57-61-v2.9-CORRECTED-FULL-PROJECT_ch4_work_figures_ch05_representation_map.tex"	"success"	"0"	"build\compile-audit\figure-tex\Downloads_theory-main-CH6-COMMITS-57-61-v2.9-CORRECTED-FULL-PROJECT_ch4_work_figures_ch05_representation_map\Downloads_theory-main-CH6-COMMITS-57-61-v2.9-CORRECTED-FULL-PROJECT_ch4_work_figures_ch05_representation_map-wrapper.pdf"	""
"Downloads_theory-main-CH6-COMMITS-57-61-v2.9-CORRECTED-FULL-PROJECT_ch4_work_figures_ch05_riemann_sphere_preview.tex"	"success"	"0"	"build\compile-audit\figure-tex\Downloads_theory-main-CH6-COMMITS-57-61-v2.9-CORRECTED-FULL-PROJECT_ch4_work_figures_ch05_riemann_sphere_preview\Downloads_theory-main-CH6-COMMITS-57-61-v2.9-CORRECTED-FULL-PROJECT_ch4_work_figures_ch05_riemann_sphere_preview-wrapper.pdf"	""
"Downloads_theory-main-CH6-COMMITS-57-61-v2.9-CORRECTED-FULL-PROJECT_ch4_work_figures_ch05_roots_of_unity.tex"	"success"	"0"	"build\compile-audit\figure-tex\Downloads_theory-main-CH6-COMMITS-57-61-v2.9-CORRECTED-FULL-PROJECT_ch4_work_figures_ch05_roots_of_unity\Downloads_theory-main-CH6-COMMITS-57-61-v2.9-CORRECTED-FULL-PROJECT_ch4_work_figures_ch05_roots_of_unity-wrapper.pdf"	""
"Downloads_theory-main-CH6-COMMITS-57-61-v2.9-CORRECTED-FULL-PROJECT_ch4_work_figures_ch05_square_mapping.tex"	"success"	"0"	"build\compile-audit\figure-tex\Downloads_theory-main-CH6-COMMITS-57-61-v2.9-CORRECTED-FULL-PROJECT_ch4_work_figures_ch05_square_mapping\Downloads_theory-main-CH6-COMMITS-57-61-v2.9-CORRECTED-FULL-PROJECT_ch4_work_figures_ch05_square_mapping-wrapper.pdf"	""
"Downloads_theory-main-CH6-COMMITS-57-61-v2.9-CORRECTED-FULL-PROJECT_ch4_work_figures_ch06_change_of_basis_preview.tex"	"success"	"0"	"build\compile-audit\figure-tex\Downloads_theory-main-CH6-COMMITS-57-61-v2.9-CORRECTED-FULL-PROJECT_ch4_work_figures_ch06_change_of_basis_preview\Downloads_theory-main-CH6-COMMITS-57-61-v2.9-CORRECTED-FULL-PROJECT_ch4_work_figures_ch06_change_of_basis_preview-wrapper.pdf"	""
"Downloads_theory-main-CH6-COMMITS-57-61-v2.9-CORRECTED-FULL-PROJECT_ch4_work_figures_ch06_dependence_independence.tex"	"success"	"0"	"build\compile-audit\figure-tex\Downloads_theory-main-CH6-COMMITS-57-61-v2.9-CORRECTED-FULL-PROJECT_ch4_work_figures_ch06_dependence_independence\Downloads_theory-main-CH6-COMMITS-57-61-v2.9-CORRECTED-FULL-PROJECT_ch4_work_figures_ch06_dependence_independence-wrapper.pdf"	""
"Downloads_theory-main-CH6-COMMITS-57-61-v2.9-CORRECTED-FULL-PROJECT_ch4_work_figures_ch06_history_timeline.tex"	"success"	"0"	"build\compile-audit\figure-tex\Downloads_theory-main-CH6-COMMITS-57-61-v2.9-CORRECTED-FULL-PROJECT_ch4_work_figures_ch06_history_timeline\Downloads_theory-main-CH6-COMMITS-57-61-v2.9-CORRECTED-FULL-PROJECT_ch4_work_figures_ch06_history_timeline-wrapper.pdf"	""
"Downloads_theory-main-CH6-COMMITS-57-61-v2.9-CORRECTED-FULL-PROJECT_ch4_work_figures_ch06_scalar_multiplication.tex"	"success"	"0"	"build\compile-audit\figure-tex\Downloads_theory-main-CH6-COMMITS-57-61-v2.9-CORRECTED-FULL-PROJECT_ch4_work_figures_ch06_scalar_multiplication\Downloads_theory-main-CH6-COMMITS-57-61-v2.9-CORRECTED-FULL-PROJECT_ch4_work_figures_ch06_scalar_multiplication-wrapper.pdf"	""
"Downloads_theory-main-CH6-COMMITS-57-61-v2.9-CORRECTED-FULL-PROJECT_ch4_work_figures_ch06_span_basis.tex"	"success"	"0"	"build\compile-audit\figure-tex\Downloads_theory-main-CH6-COMMITS-57-61-v2.9-CORRECTED-FULL-PROJECT_ch4_work_figures_ch06_span_basis\Downloads_theory-main-CH6-COMMITS-57-61-v2.9-CORRECTED-FULL-PROJECT_ch4_work_figures_ch06_span_basis-wrapper.pdf"	""
"Downloads_theory-main-CH6-COMMITS-57-61-v2.9-CORRECTED-FULL-PROJECT_ch4_work_figures_ch06_state_space_map.tex"	"success"	"0"	"build\compile-audit\figure-tex\Downloads_theory-main-CH6-COMMITS-57-61-v2.9-CORRECTED-FULL-PROJECT_ch4_work_figures_ch06_state_space_map\Downloads_theory-main-CH6-COMMITS-57-61-v2.9-CORRECTED-FULL-PROJECT_ch4_work_figures_ch06_state_space_map-wrapper.pdf"	""
"Downloads_theory-main-CH6-COMMITS-57-61-v2.9-CORRECTED-FULL-PROJECT_ch4_work_figures_ch06_subspace_plane.tex"	"success"	"0"	"build\compile-audit\figure-tex\Downloads_theory-main-CH6-COMMITS-57-61-v2.9-CORRECTED-FULL-PROJECT_ch4_work_figures_ch06_subspace_plane\Downloads_theory-main-CH6-COMMITS-57-61-v2.9-CORRECTED-FULL-PROJECT_ch4_work_figures_ch06_subspace_plane-wrapper.pdf"	""
"Downloads_theory-main-CH6-COMMITS-57-61-v2.9-CORRECTED-FULL-PROJECT_ch4_work_figures_ch06_vector_addition.tex"	"success"	"0"	"build\compile-audit\figure-tex\Downloads_theory-main-CH6-COMMITS-57-61-v2.9-CORRECTED-FULL-PROJECT_ch4_work_figures_ch06_vector_addition\Downloads_theory-main-CH6-COMMITS-57-61-v2.9-CORRECTED-FULL-PROJECT_ch4_work_figures_ch06_vector_addition-wrapper.pdf"	""
"Downloads_theory-main-CH6-COMMITS-57-61-v2.9-CORRECTED-FULL-PROJECT_ch4_work_figures_common_chapter_figure_styles.tex"	"fail"	"12"	"build\compile-audit\figure-tex\Downloads_theory-main-CH6-COMMITS-57-61-v2.9-CORRECTED-FULL-PROJECT_ch4_work_figures_common_chapter_figure_styles\Downloads_theory-main-CH6-COMMITS-57-61-v2.9-CORRECTED-FULL-PROJECT_ch4_work_figures_common_chapter_figure_styles-wrapper.pdf"	""
"Downloads_theory-main-CH6-COMMITS-57-61-v2.9-FULL-PROJECT_1_ch4_work_figures_ch01_basis_vectors.tex"	"fail"	"12"	""	"ectors.tex:2: Undefined control sequence."
"Downloads_theory-main-CH6-COMMITS-57-61-v2.9-FULL-PROJECT_1_ch4_work_figures_ch01_cartesian_position_vector.tex"	"fail"	"12"	""	"an_position_vector.tex:4: Package pgfkeys Error: I do not know the key '/tikz/p"
"Downloads_theory-main-CH6-COMMITS-57-61-v2.9-FULL-PROJECT_1_ch4_work_figures_ch01_change_of_basis.tex"	"fail"	"12"	""	"of_basis.tex:3: Package pgfkeys Error: I do not know the key '/tikz/physics axi"
"Downloads_theory-main-CH6-COMMITS-57-61-v2.9-FULL-PROJECT_1_ch4_work_figures_ch01_coordinate_rotation.tex"	"fail"	"12"	""	"ate_rotation.tex:2: Package pgfkeys Error: I do not know the key '/tikz/book ax"
"Downloads_theory-main-CH6-COMMITS-57-61-v2.9-FULL-PROJECT_1_ch4_work_figures_ch01_cross_product_orientation.tex"	"success"	"0"	"build\compile-audit\figure-tex\Downloads_theory-main-CH6-COMMITS-57-61-v2.9-FULL-PROJECT_1_ch4_work_figures_ch01_cross_product_orientation\Downloads_theory-main-CH6-COMMITS-57-61-v2.9-FULL-PROJECT_1_ch4_work_figures_ch01_cross_product_orientation-wrapper.pdf"	""
"Downloads_theory-main-CH6-COMMITS-57-61-v2.9-FULL-PROJECT_1_ch4_work_figures_ch01_distance_between_points.tex"	"fail"	"12"	""	"e_between_points.tex:2: Undefined control sequence."
"Downloads_theory-main-CH6-COMMITS-57-61-v2.9-FULL-PROJECT_1_ch4_work_figures_ch01_dot_product_angle.tex"	"success"	"0"	"build\compile-audit\figure-tex\Downloads_theory-main-CH6-COMMITS-57-61-v2.9-FULL-PROJECT_1_ch4_work_figures_ch01_dot_product_angle\Downloads_theory-main-CH6-COMMITS-57-61-v2.9-FULL-PROJECT_1_ch4_work_figures_ch01_dot_product_angle-wrapper.pdf"	""
"Downloads_theory-main-CH6-COMMITS-57-61-v2.9-FULL-PROJECT_1_ch4_work_figures_ch01_eigenvectors.tex"	"success"	"0"	"build\compile-audit\figure-tex\Downloads_theory-main-CH6-COMMITS-57-61-v2.9-FULL-PROJECT_1_ch4_work_figures_ch01_eigenvectors\Downloads_theory-main-CH6-COMMITS-57-61-v2.9-FULL-PROJECT_1_ch4_work_figures_ch01_eigenvectors-wrapper.pdf"	""
"Downloads_theory-main-CH6-COMMITS-57-61-v2.9-FULL-PROJECT_1_ch4_work_figures_ch01_function_vector_space.tex"	"fail"	"12"	""	"n_vector_space.tex:2: Package pgfkeys Error: I do not know the key '/tikz/book"
"Downloads_theory-main-CH6-COMMITS-57-61-v2.9-FULL-PROJECT_1_ch4_work_figures_ch01_gram_schmidt.tex"	"success"	"0"	"build\compile-audit\figure-tex\Downloads_theory-main-CH6-COMMITS-57-61-v2.9-FULL-PROJECT_1_ch4_work_figures_ch01_gram_schmidt\Downloads_theory-main-CH6-COMMITS-57-61-v2.9-FULL-PROJECT_1_ch4_work_figures_ch01_gram_schmidt-wrapper.pdf"	""
"Downloads_theory-main-CH6-COMMITS-57-61-v2.9-FULL-PROJECT_1_ch4_work_figures_ch01_hilbert_space_bridge.tex"	"fail"	"12"	""	"_space_bridge.tex:2: Package xcolor Error: Undefined color `visualblue'."
"Downloads_theory-main-CH6-COMMITS-57-61-v2.9-FULL-PROJECT_1_ch4_work_figures_ch01_linear_independence.tex"	"success"	"0"	"build\compile-audit\figure-tex\Downloads_theory-main-CH6-COMMITS-57-61-v2.9-FULL-PROJECT_1_ch4_work_figures_ch01_linear_independence\Downloads_theory-main-CH6-COMMITS-57-61-v2.9-FULL-PROJECT_1_ch4_work_figures_ch01_linear_independence-wrapper.pdf"	""
"Downloads_theory-main-CH6-COMMITS-57-61-v2.9-FULL-PROJECT_1_ch4_work_figures_ch01_linear_transformation.tex"	"success"	"0"	"build\compile-audit\figure-tex\Downloads_theory-main-CH6-COMMITS-57-61-v2.9-FULL-PROJECT_1_ch4_work_figures_ch01_linear_transformation\Downloads_theory-main-CH6-COMMITS-57-61-v2.9-FULL-PROJECT_1_ch4_work_figures_ch01_linear_transformation-wrapper.pdf"	""
"Downloads_theory-main-CH6-COMMITS-57-61-v2.9-FULL-PROJECT_1_ch4_work_figures_ch01_orthogonal_projection.tex"	"success"	"0"	"build\compile-audit\figure-tex\Downloads_theory-main-CH6-COMMITS-57-61-v2.9-FULL-PROJECT_1_ch4_work_figures_ch01_orthogonal_projection\Downloads_theory-main-CH6-COMMITS-57-61-v2.9-FULL-PROJECT_1_ch4_work_figures_ch01_orthogonal_projection-wrapper.pdf"	""
"Downloads_theory-main-CH6-COMMITS-57-61-v2.9-FULL-PROJECT_1_ch4_work_figures_ch01_parallelogram_area.tex"	"fail"	"12"	""	"logram_area.tex:3: Package pgfkeys Error: I do not know the key '/tikz/softblue"
"Downloads_theory-main-CH6-COMMITS-57-61-v2.9-FULL-PROJECT_1_ch4_work_figures_ch01_right_hand_rule.tex"	"success"	"0"	"build\compile-audit\figure-tex\Downloads_theory-main-CH6-COMMITS-57-61-v2.9-FULL-PROJECT_1_ch4_work_figures_ch01_right_hand_rule\Downloads_theory-main-CH6-COMMITS-57-61-v2.9-FULL-PROJECT_1_ch4_work_figures_ch01_right_hand_rule-wrapper.pdf"	""
"Downloads_theory-main-CH6-COMMITS-57-61-v2.9-FULL-PROJECT_1_ch4_work_figures_ch01_scalar_multiplication.tex"	"fail"	"12"	""	"multiplication.tex:3: Package pgfkeys Error: I do not know the key '/tikz/book"
"Downloads_theory-main-CH6-COMMITS-57-61-v2.9-FULL-PROJECT_1_ch4_work_figures_ch01_span_plane.tex"	"fail"	"12"	""	"ane.tex:2: Package pgfkeys Error: I do not know the key '/tikz/softblue' and I"
"Downloads_theory-main-CH6-COMMITS-57-61-v2.9-FULL-PROJECT_1_ch4_work_figures_ch01_torque_lever_arm.tex"	"fail"	"12"	""	"lever_arm.tex:2: Package pgfkeys Error: I do not know the key '/tikz/visualink'"
"Downloads_theory-main-CH6-COMMITS-57-61-v2.9-FULL-PROJECT_1_ch4_work_figures_ch01_unit_vector_geometry.tex"	"fail"	"12"	""	"ctor_geometry.tex:2: Undefined control sequence."
"Downloads_theory-main-CH6-COMMITS-57-61-v2.9-FULL-PROJECT_1_ch4_work_figures_ch01_vector_addition_head_to_tail.tex"	"fail"	"12"	""	"addition_head_to_tail.tex:5: Package pgfkeys Error: I do not know the key '/tik"
"Downloads_theory-main-CH6-COMMITS-57-61-v2.9-FULL-PROJECT_1_ch4_work_figures_ch01_vector_components.tex"	"fail"	"12"	""	"components.tex:2: Package pgfkeys Error: I do not know the key '/tikz/physics a"
"Downloads_theory-main-CH6-COMMITS-57-61-v2.9-FULL-PROJECT_1_ch4_work_figures_ch01_vector_subtraction.tex"	"fail"	"12"	""	"subtraction.tex:3: Package pgfkeys Error: I do not know the key '/tikz/book vec"
"Downloads_theory-main-CH6-COMMITS-57-61-v2.9-FULL-PROJECT_1_ch4_work_figures_ch01_work_interpretation.tex"	"fail"	"12"	""	"terpretation.tex:2: Package pgfkeys Error: I do not know the key '/tikz/book ax"
"Downloads_theory-main-CH6-COMMITS-57-61-v2.9-FULL-PROJECT_1_ch4_work_figures_ch02_chain_rule_graph.tex"	"fail"	"12"	""	"ule_graph.tex:2: Package pgfkeys Error: I do not know the key '/tikz/concept no"
"Downloads_theory-main-CH6-COMMITS-57-61-v2.9-FULL-PROJECT_1_ch4_work_figures_ch02_directional_derivative_geometry.tex"	"fail"	"12"	""	"onal_derivative_geometry.tex:6: Package pgfkeys Error: I do not know the key '/"
"Downloads_theory-main-CH6-COMMITS-57-61-v2.9-FULL-PROJECT_1_ch4_work_figures_ch02_epsilon_delta_limit.tex"	"fail"	"12"	""	"_delta_limit.tex:2: Package pgfkeys Error: I do not know the key '/tikz/physics"
"Downloads_theory-main-CH6-COMMITS-57-61-v2.9-FULL-PROJECT_1_ch4_work_figures_ch02_function_mapping.tex"	"fail"	"12"	""	"n_mapping.tex:2: Package pgfkeys Error: I do not know the key '/tikz/concept no"
"Downloads_theory-main-CH6-COMMITS-57-61-v2.9-FULL-PROJECT_1_ch4_work_figures_ch02_gradient_flow.tex"	"fail"	"12"	""	"t_flow.tex:2: Package xcolor Error: Undefined color `visualcyan'."
"Downloads_theory-main-CH6-COMMITS-57-61-v2.9-FULL-PROJECT_1_ch4_work_figures_ch02_jacobian_area.tex"	"fail"	"12"	""	"n_area.tex:3: Package pgfkeys Error: I do not know the key '/tikz/visualgrid' a"
"Downloads_theory-main-CH6-COMMITS-57-61-v2.9-FULL-PROJECT_1_ch4_work_figures_ch02_local_linearization.tex"	"fail"	"12"	""	"inearization.tex:2: Package pgfkeys Error: I do not know the key '/tikz/physics"
"Downloads_theory-main-CH6-COMMITS-57-61-v2.9-FULL-PROJECT_1_ch4_work_figures_ch02_total_differential_plane.tex"	"fail"	"12"	""	"ifferential_plane.tex:3: Package xcolor Error: Undefined color `visualcyan'."
"Downloads_theory-main-CH6-COMMITS-57-61-v2.9-FULL-PROJECT_1_ch4_work_figures_ch03_divergence_source_sink.tex"	"fail"	"12"	""	"nce_source_sink.tex:15: Package pgfkeys Error: I do not know the key '/tikz/fie"
"Downloads_theory-main-CH6-COMMITS-57-61-v2.9-FULL-PROJECT_1_ch4_work_figures_ch03_gauss_volume.tex"	"fail"	"12"	""	"olume.tex:2: Package xcolor Error: Undefined color `visualcyan'."
"Downloads_theory-main-CH6-COMMITS-57-61-v2.9-FULL-PROJECT_1_ch4_work_figures_ch03_green_cells.tex"	"fail"	"12"	""	"ells.tex:2: Package xcolor Error: Undefined color `visualcyan'."
"Downloads_theory-main-CH6-COMMITS-57-61-v2.9-FULL-PROJECT_1_ch4_work_figures_ch03_laplacian_curvature.tex"	"fail"	"12"	""	"an_curvature.tex:2: Package pgfkeys Error: I do not know the key '/tikz/physics"
"Downloads_theory-main-CH6-COMMITS-57-61-v2.9-FULL-PROJECT_1_ch4_work_figures_ch03_stokes_orientation.tex"	"fail"	"12"	""	"orientation.tex:2: Package xcolor Error: Undefined color `visualcyan'."
"Downloads_theory-main-CH6-COMMITS-57-61-v2.9-FULL-PROJECT_1_ch4_work_figures_ch03_surface_flux.tex"	"fail"	"12"	""	"_flux.tex:2: Package xcolor Error: Undefined color `visualcyan'."
"Downloads_theory-main-CH6-COMMITS-57-61-v2.9-FULL-PROJECT_1_ch4_work_figures_ch03_vector_calculus_architecture.tex"	"fail"	"12"	""	"calculus_architecture.tex:3: Package xcolor Error: Undefined color `visualcyan'"
"Downloads_theory-main-CH6-COMMITS-57-61-v2.9-FULL-PROJECT_1_ch4_work_figures_ch03_volume_elements.tex"	"fail"	"12"	""	"elements.tex:2: Package xcolor Error: Undefined color `visualcyan'."
"Downloads_theory-main-CH6-COMMITS-57-61-v2.9-FULL-PROJECT_1_ch4_work_figures_ch04_coupled_modes.tex"	"fail"	"12"	""	"_modes.tex:4: Package xcolor Error: Undefined color `softblue'."
"Downloads_theory-main-CH6-COMMITS-57-61-v2.9-FULL-PROJECT_1_ch4_work_figures_ch04_damping_regimes.tex"	"fail"	"12"	""	"_regimes.tex:4: Package pgfkeys Error: I do not know the key '/tikz/chapterblue"
"Downloads_theory-main-CH6-COMMITS-57-61-v2.9-FULL-PROJECT_1_ch4_work_figures_ch04_evolution_architecture.tex"	"fail"	"12"	""	"on_architecture.tex:2: Package xcolor Error: Undefined color `softblue'."
"Downloads_theory-main-CH6-COMMITS-57-61-v2.9-FULL-PROJECT_1_ch4_work_figures_ch04_harmonic_motion.tex"	"fail"	"12"	""	"c_motion.tex:4: Package pgfkeys Error: I do not know the key '/tikz/chapterblue"
"Downloads_theory-main-CH6-COMMITS-57-61-v2.9-FULL-PROJECT_1_ch4_work_figures_ch04_phase_portraits.tex"	"fail"	"12"	""	"ortraits.tex:4: Package pgfkeys Error: I do not know the key '/tikz/chapterblue"
"Downloads_theory-main-CH6-COMMITS-57-61-v2.9-FULL-PROJECT_1_ch4_work_figures_ch04_pitchfork.tex"	"fail"	"12"	""	"rk.tex:4: Package pgfkeys Error: I do not know the key '/tikz/chapterblue' and"
"Downloads_theory-main-CH6-COMMITS-57-61-v2.9-FULL-PROJECT_1_ch4_work_figures_ch04_representation_map.tex"	"fail"	"12"	""	"ntation_map.tex:2: Package xcolor Error: Undefined color `softblue'."
"Downloads_theory-main-CH6-COMMITS-57-61-v2.9-FULL-PROJECT_1_ch4_work_figures_ch04_slope_field.tex"	"fail"	"12"	""	"ield.tex:5: Package pgfkeys Error: I do not know the key '/tikz/chapterblue' an"
"Downloads_theory-main-CH6-COMMITS-57-61-v2.9-FULL-PROJECT_1_ch4_work_figures_ch05_argand_plane.tex"	"success"	"0"	"build\compile-audit\figure-tex\Downloads_theory-main-CH6-COMMITS-57-61-v2.9-FULL-PROJECT_1_ch4_work_figures_ch05_argand_plane\Downloads_theory-main-CH6-COMMITS-57-61-v2.9-FULL-PROJECT_1_ch4_work_figures_ch05_argand_plane-wrapper.pdf"	""
"Downloads_theory-main-CH6-COMMITS-57-61-v2.9-FULL-PROJECT_1_ch4_work_figures_ch05_complex_addition.tex"	"success"	"0"	"build\compile-audit\figure-tex\Downloads_theory-main-CH6-COMMITS-57-61-v2.9-FULL-PROJECT_1_ch4_work_figures_ch05_complex_addition\Downloads_theory-main-CH6-COMMITS-57-61-v2.9-FULL-PROJECT_1_ch4_work_figures_ch05_complex_addition-wrapper.pdf"	""
"Downloads_theory-main-CH6-COMMITS-57-61-v2.9-FULL-PROJECT_1_ch4_work_figures_ch05_complex_multiplication.tex"	"success"	"0"	"build\compile-audit\figure-tex\Downloads_theory-main-CH6-COMMITS-57-61-v2.9-FULL-PROJECT_1_ch4_work_figures_ch05_complex_multiplication\Downloads_theory-main-CH6-COMMITS-57-61-v2.9-FULL-PROJECT_1_ch4_work_figures_ch05_complex_multiplication-wrapper.pdf"	""
"Downloads_theory-main-CH6-COMMITS-57-61-v2.9-FULL-PROJECT_1_ch4_work_figures_ch05_cr_geometry.tex"	"success"	"0"	"build\compile-audit\figure-tex\Downloads_theory-main-CH6-COMMITS-57-61-v2.9-FULL-PROJECT_1_ch4_work_figures_ch05_cr_geometry\Downloads_theory-main-CH6-COMMITS-57-61-v2.9-FULL-PROJECT_1_ch4_work_figures_ch05_cr_geometry-wrapper.pdf"	""
"Downloads_theory-main-CH6-COMMITS-57-61-v2.9-FULL-PROJECT_1_ch4_work_figures_ch05_euler_rotation.tex"	"success"	"0"	"build\compile-audit\figure-tex\Downloads_theory-main-CH6-COMMITS-57-61-v2.9-FULL-PROJECT_1_ch4_work_figures_ch05_euler_rotation\Downloads_theory-main-CH6-COMMITS-57-61-v2.9-FULL-PROJECT_1_ch4_work_figures_ch05_euler_rotation-wrapper.pdf"	""
"Downloads_theory-main-CH6-COMMITS-57-61-v2.9-FULL-PROJECT_1_ch4_work_figures_ch05_mobius_preview.tex"	"success"	"0"	"build\compile-audit\figure-tex\Downloads_theory-main-CH6-COMMITS-57-61-v2.9-FULL-PROJECT_1_ch4_work_figures_ch05_mobius_preview\Downloads_theory-main-CH6-COMMITS-57-61-v2.9-FULL-PROJECT_1_ch4_work_figures_ch05_mobius_preview-wrapper.pdf"	""
"Downloads_theory-main-CH6-COMMITS-57-61-v2.9-FULL-PROJECT_1_ch4_work_figures_ch05_number_system_extension.tex"	"success"	"0"	"build\compile-audit\figure-tex\Downloads_theory-main-CH6-COMMITS-57-61-v2.9-FULL-PROJECT_1_ch4_work_figures_ch05_number_system_extension\Downloads_theory-main-CH6-COMMITS-57-61-v2.9-FULL-PROJECT_1_ch4_work_figures_ch05_number_system_extension-wrapper.pdf"	""
"Downloads_theory-main-CH6-COMMITS-57-61-v2.9-FULL-PROJECT_1_ch4_work_figures_ch05_polar_coordinates.tex"	"success"	"0"	"build\compile-audit\figure-tex\Downloads_theory-main-CH6-COMMITS-57-61-v2.9-FULL-PROJECT_1_ch4_work_figures_ch05_polar_coordinates\Downloads_theory-main-CH6-COMMITS-57-61-v2.9-FULL-PROJECT_1_ch4_work_figures_ch05_polar_coordinates-wrapper.pdf"	""
"Downloads_theory-main-CH6-COMMITS-57-61-v2.9-FULL-PROJECT_1_ch4_work_figures_ch05_representation_map.tex"	"success"	"0"	"build\compile-audit\figure-tex\Downloads_theory-main-CH6-COMMITS-57-61-v2.9-FULL-PROJECT_1_ch4_work_figures_ch05_representation_map\Downloads_theory-main-CH6-COMMITS-57-61-v2.9-FULL-PROJECT_1_ch4_work_figures_ch05_representation_map-wrapper.pdf"	""
"Downloads_theory-main-CH6-COMMITS-57-61-v2.9-FULL-PROJECT_1_ch4_work_figures_ch05_riemann_sphere_preview.tex"	"success"	"0"	"build\compile-audit\figure-tex\Downloads_theory-main-CH6-COMMITS-57-61-v2.9-FULL-PROJECT_1_ch4_work_figures_ch05_riemann_sphere_preview\Downloads_theory-main-CH6-COMMITS-57-61-v2.9-FULL-PROJECT_1_ch4_work_figures_ch05_riemann_sphere_preview-wrapper.pdf"	""
"Downloads_theory-main-CH6-COMMITS-57-61-v2.9-FULL-PROJECT_1_ch4_work_figures_ch05_roots_of_unity.tex"	"success"	"0"	"build\compile-audit\figure-tex\Downloads_theory-main-CH6-COMMITS-57-61-v2.9-FULL-PROJECT_1_ch4_work_figures_ch05_roots_of_unity\Downloads_theory-main-CH6-COMMITS-57-61-v2.9-FULL-PROJECT_1_ch4_work_figures_ch05_roots_of_unity-wrapper.pdf"	""
"Downloads_theory-main-CH6-COMMITS-57-61-v2.9-FULL-PROJECT_1_ch4_work_figures_ch05_square_mapping.tex"	"success"	"0"	"build\compile-audit\figure-tex\Downloads_theory-main-CH6-COMMITS-57-61-v2.9-FULL-PROJECT_1_ch4_work_figures_ch05_square_mapping\Downloads_theory-main-CH6-COMMITS-57-61-v2.9-FULL-PROJECT_1_ch4_work_figures_ch05_square_mapping-wrapper.pdf"	""
"Downloads_theory-main-CH6-COMMITS-57-61-v2.9-FULL-PROJECT_1_ch4_work_figures_ch06_basis_change.tex"	"success"	"0"	"build\compile-audit\figure-tex\Downloads_theory-main-CH6-COMMITS-57-61-v2.9-FULL-PROJECT_1_ch4_work_figures_ch06_basis_change\Downloads_theory-main-CH6-COMMITS-57-61-v2.9-FULL-PROJECT_1_ch4_work_figures_ch06_basis_change-wrapper.pdf"	""
"Downloads_theory-main-CH6-COMMITS-57-61-v2.9-FULL-PROJECT_1_ch4_work_figures_ch06_bra_ket_duality.tex"	"success"	"0"	"build\compile-audit\figure-tex\Downloads_theory-main-CH6-COMMITS-57-61-v2.9-FULL-PROJECT_1_ch4_work_figures_ch06_bra_ket_duality\Downloads_theory-main-CH6-COMMITS-57-61-v2.9-FULL-PROJECT_1_ch4_work_figures_ch06_bra_ket_duality-wrapper.pdf"	""
"Downloads_theory-main-CH6-COMMITS-57-61-v2.9-FULL-PROJECT_1_ch4_work_figures_ch06_cauchy_completion.tex"	"success"	"0"	"build\compile-audit\figure-tex\Downloads_theory-main-CH6-COMMITS-57-61-v2.9-FULL-PROJECT_1_ch4_work_figures_ch06_cauchy_completion\Downloads_theory-main-CH6-COMMITS-57-61-v2.9-FULL-PROJECT_1_ch4_work_figures_ch06_cauchy_completion-wrapper.pdf"	""
"Downloads_theory-main-CH6-COMMITS-57-61-v2.9-FULL-PROJECT_1_ch4_work_figures_ch06_change_of_basis_preview.tex"	"success"	"0"	"build\compile-audit\figure-tex\Downloads_theory-main-CH6-COMMITS-57-61-v2.9-FULL-PROJECT_1_ch4_work_figures_ch06_change_of_basis_preview\Downloads_theory-main-CH6-COMMITS-57-61-v2.9-FULL-PROJECT_1_ch4_work_figures_ch06_change_of_basis_preview-wrapper.pdf"	""
"Downloads_theory-main-CH6-COMMITS-57-61-v2.9-FULL-PROJECT_1_ch4_work_figures_ch06_cofactor_expansion.tex"	"success"	"0"	"build\compile-audit\figure-tex\Downloads_theory-main-CH6-COMMITS-57-61-v2.9-FULL-PROJECT_1_ch4_work_figures_ch06_cofactor_expansion\Downloads_theory-main-CH6-COMMITS-57-61-v2.9-FULL-PROJECT_1_ch4_work_figures_ch06_cofactor_expansion-wrapper.pdf"	""
"Downloads_theory-main-CH6-COMMITS-57-61-v2.9-FULL-PROJECT_1_ch4_work_figures_ch06_commutator_flow.tex"	"success"	"0"	"build\compile-audit\figure-tex\Downloads_theory-main-CH6-COMMITS-57-61-v2.9-FULL-PROJECT_1_ch4_work_figures_ch06_commutator_flow\Downloads_theory-main-CH6-COMMITS-57-61-v2.9-FULL-PROJECT_1_ch4_work_figures_ch06_commutator_flow-wrapper.pdf"	""
"Downloads_theory-main-CH6-COMMITS-57-61-v2.9-FULL-PROJECT_1_ch4_work_figures_ch06_complex_vector.tex"	"success"	"0"	"build\compile-audit\figure-tex\Downloads_theory-main-CH6-COMMITS-57-61-v2.9-FULL-PROJECT_1_ch4_work_figures_ch06_complex_vector\Downloads_theory-main-CH6-COMMITS-57-61-v2.9-FULL-PROJECT_1_ch4_work_figures_ch06_complex_vector-wrapper.pdf"	""
"Downloads_theory-main-CH6-COMMITS-57-61-v2.9-FULL-PROJECT_1_ch4_work_figures_ch06_composition_maps.tex"	"success"	"0"	"build\compile-audit\figure-tex\Downloads_theory-main-CH6-COMMITS-57-61-v2.9-FULL-PROJECT_1_ch4_work_figures_ch06_composition_maps\Downloads_theory-main-CH6-COMMITS-57-61-v2.9-FULL-PROJECT_1_ch4_work_figures_ch06_composition_maps-wrapper.pdf"	""
"Downloads_theory-main-CH6-COMMITS-57-61-v2.9-FULL-PROJECT_1_ch4_work_figures_ch06_coupled_oscillators.tex"	"success"	"0"	"build\compile-audit\figure-tex\Downloads_theory-main-CH6-COMMITS-57-61-v2.9-FULL-PROJECT_1_ch4_work_figures_ch06_coupled_oscillators\Downloads_theory-main-CH6-COMMITS-57-61-v2.9-FULL-PROJECT_1_ch4_work_figures_ch06_coupled_oscillators-wrapper.pdf"	""
"Downloads_theory-main-CH6-COMMITS-57-61-v2.9-FULL-PROJECT_1_ch4_work_figures_ch06_degenerate_eigenspace.tex"	"success"	"0"	"build\compile-audit\figure-tex\Downloads_theory-main-CH6-COMMITS-57-61-v2.9-FULL-PROJECT_1_ch4_work_figures_ch06_degenerate_eigenspace\Downloads_theory-main-CH6-COMMITS-57-61-v2.9-FULL-PROJECT_1_ch4_work_figures_ch06_degenerate_eigenspace-wrapper.pdf"	""
"Downloads_theory-main-CH6-COMMITS-57-61-v2.9-FULL-PROJECT_1_ch4_work_figures_ch06_dependence_independence.tex"	"success"	"0"	"build\compile-audit\figure-tex\Downloads_theory-main-CH6-COMMITS-57-61-v2.9-FULL-PROJECT_1_ch4_work_figures_ch06_dependence_independence\Downloads_theory-main-CH6-COMMITS-57-61-v2.9-FULL-PROJECT_1_ch4_work_figures_ch06_dependence_independence-wrapper.pdf"	""
"Downloads_theory-main-CH6-COMMITS-57-61-v2.9-FULL-PROJECT_1_ch4_work_figures_ch06_determinant_area.tex"	"success"	"0"	"build\compile-audit\figure-tex\Downloads_theory-main-CH6-COMMITS-57-61-v2.9-FULL-PROJECT_1_ch4_work_figures_ch06_determinant_area\Downloads_theory-main-CH6-COMMITS-57-61-v2.9-FULL-PROJECT_1_ch4_work_figures_ch06_determinant_area-wrapper.pdf"	""
"Downloads_theory-main-CH6-COMMITS-57-61-v2.9-FULL-PROJECT_1_ch4_work_figures_ch06_determinant_orientation.tex"	"success"	"0"	"build\compile-audit\figure-tex\Downloads_theory-main-CH6-COMMITS-57-61-v2.9-FULL-PROJECT_1_ch4_work_figures_ch06_determinant_orientation\Downloads_theory-main-CH6-COMMITS-57-61-v2.9-FULL-PROJECT_1_ch4_work_figures_ch06_determinant_orientation-wrapper.pdf"	""
"Downloads_theory-main-CH6-COMMITS-57-61-v2.9-FULL-PROJECT_1_ch4_work_figures_ch06_diagonalization.tex"	"success"	"0"	"build\compile-audit\figure-tex\Downloads_theory-main-CH6-COMMITS-57-61-v2.9-FULL-PROJECT_1_ch4_work_figures_ch06_diagonalization\Downloads_theory-main-CH6-COMMITS-57-61-v2.9-FULL-PROJECT_1_ch4_work_figures_ch06_diagonalization-wrapper.pdf"	""
"Downloads_theory-main-CH6-COMMITS-57-61-v2.9-FULL-PROJECT_1_ch4_work_figures_ch06_eigenvector_action.tex"	"success"	"0"	"build\compile-audit\figure-tex\Downloads_theory-main-CH6-COMMITS-57-61-v2.9-FULL-PROJECT_1_ch4_work_figures_ch06_eigenvector_action\Downloads_theory-main-CH6-COMMITS-57-61-v2.9-FULL-PROJECT_1_ch4_work_figures_ch06_eigenvector_action-wrapper.pdf"	""
"Downloads_theory-main-CH6-COMMITS-57-61-v2.9-FULL-PROJECT_1_ch4_work_figures_ch06_fourier_basis.tex"	"success"	"0"	"build\compile-audit\figure-tex\Downloads_theory-main-CH6-COMMITS-57-61-v2.9-FULL-PROJECT_1_ch4_work_figures_ch06_fourier_basis\Downloads_theory-main-CH6-COMMITS-57-61-v2.9-FULL-PROJECT_1_ch4_work_figures_ch06_fourier_basis-wrapper.pdf"	""
"Downloads_theory-main-CH6-COMMITS-57-61-v2.9-FULL-PROJECT_1_ch4_work_figures_ch06_gram_schmidt_steps.tex"	"success"	"0"	"build\compile-audit\figure-tex\Downloads_theory-main-CH6-COMMITS-57-61-v2.9-FULL-PROJECT_1_ch4_work_figures_ch06_gram_schmidt_steps\Downloads_theory-main-CH6-COMMITS-57-61-v2.9-FULL-PROJECT_1_ch4_work_figures_ch06_gram_schmidt_steps-wrapper.pdf"	""
"Downloads_theory-main-CH6-COMMITS-57-61-v2.9-FULL-PROJECT_1_ch4_work_figures_ch06_hermitian_spectrum.tex"	"success"	"0"	"build\compile-audit\figure-tex\Downloads_theory-main-CH6-COMMITS-57-61-v2.9-FULL-PROJECT_1_ch4_work_figures_ch06_hermitian_spectrum\Downloads_theory-main-CH6-COMMITS-57-61-v2.9-FULL-PROJECT_1_ch4_work_figures_ch06_hermitian_spectrum-wrapper.pdf"	""
"Downloads_theory-main-CH6-COMMITS-57-61-v2.9-FULL-PROJECT_1_ch4_work_figures_ch06_hilbert_physics_bridge.tex"	"success"	"0"	"build\compile-audit\figure-tex\Downloads_theory-main-CH6-COMMITS-57-61-v2.9-FULL-PROJECT_1_ch4_work_figures_ch06_hilbert_physics_bridge\Downloads_theory-main-CH6-COMMITS-57-61-v2.9-FULL-PROJECT_1_ch4_work_figures_ch06_hilbert_physics_bridge-wrapper.pdf"	""
"Downloads_theory-main-CH6-COMMITS-57-61-v2.9-FULL-PROJECT_1_ch4_work_figures_ch06_history_timeline.tex"	"success"	"0"	"build\compile-audit\figure-tex\Downloads_theory-main-CH6-COMMITS-57-61-v2.9-FULL-PROJECT_1_ch4_work_figures_ch06_history_timeline\Downloads_theory-main-CH6-COMMITS-57-61-v2.9-FULL-PROJECT_1_ch4_work_figures_ch06_history_timeline-wrapper.pdf"	""
"Downloads_theory-main-CH6-COMMITS-57-61-v2.9-FULL-PROJECT_1_ch4_work_figures_ch06_inner_product_angle.tex"	"success"	"0"	"build\compile-audit\figure-tex\Downloads_theory-main-CH6-COMMITS-57-61-v2.9-FULL-PROJECT_1_ch4_work_figures_ch06_inner_product_angle\Downloads_theory-main-CH6-COMMITS-57-61-v2.9-FULL-PROJECT_1_ch4_work_figures_ch06_inner_product_angle-wrapper.pdf"	""
"Downloads_theory-main-CH6-COMMITS-57-61-v2.9-FULL-PROJECT_1_ch4_work_figures_ch06_kernel_image.tex"	"success"	"0"	"build\compile-audit\figure-tex\Downloads_theory-main-CH6-COMMITS-57-61-v2.9-FULL-PROJECT_1_ch4_work_figures_ch06_kernel_image\Downloads_theory-main-CH6-COMMITS-57-61-v2.9-FULL-PROJECT_1_ch4_work_figures_ch06_kernel_image-wrapper.pdf"	""
"Downloads_theory-main-CH6-COMMITS-57-61-v2.9-FULL-PROJECT_1_ch4_work_figures_ch06_l2_function_space.tex"	"success"	"0"	"build\compile-audit\figure-tex\Downloads_theory-main-CH6-COMMITS-57-61-v2.9-FULL-PROJECT_1_ch4_work_figures_ch06_l2_function_space\Downloads_theory-main-CH6-COMMITS-57-61-v2.9-FULL-PROJECT_1_ch4_work_figures_ch06_l2_function_space-wrapper.pdf"	""
"Downloads_theory-main-CH6-COMMITS-57-61-v2.9-FULL-PROJECT_1_ch4_work_figures_ch06_l2_sequence.tex"	"success"	"0"	"build\compile-audit\figure-tex\Downloads_theory-main-CH6-COMMITS-57-61-v2.9-FULL-PROJECT_1_ch4_work_figures_ch06_l2_sequence\Downloads_theory-main-CH6-COMMITS-57-61-v2.9-FULL-PROJECT_1_ch4_work_figures_ch06_l2_sequence-wrapper.pdf"	""
"Downloads_theory-main-CH6-COMMITS-57-61-v2.9-FULL-PROJECT_1_ch4_work_figures_ch06_least_squares.tex"	"success"	"0"	"build\compile-audit\figure-tex\Downloads_theory-main-CH6-COMMITS-57-61-v2.9-FULL-PROJECT_1_ch4_work_figures_ch06_least_squares\Downloads_theory-main-CH6-COMMITS-57-61-v2.9-FULL-PROJECT_1_ch4_work_figures_ch06_least_squares-wrapper.pdf"	""
"Downloads_theory-main-CH6-COMMITS-57-61-v2.9-FULL-PROJECT_1_ch4_work_figures_ch06_linear_map_machine.tex"	"success"	"0"	"build\compile-audit\figure-tex\Downloads_theory-main-CH6-COMMITS-57-61-v2.9-FULL-PROJECT_1_ch4_work_figures_ch06_linear_map_machine\Downloads_theory-main-CH6-COMMITS-57-61-v2.9-FULL-PROJECT_1_ch4_work_figures_ch06_linear_map_machine-wrapper.pdf"	""
"Downloads_theory-main-CH6-COMMITS-57-61-v2.9-FULL-PROJECT_1_ch4_work_figures_ch06_matrix_columns.tex"	"success"	"0"	"build\compile-audit\figure-tex\Downloads_theory-main-CH6-COMMITS-57-61-v2.9-FULL-PROJECT_1_ch4_work_figures_ch06_matrix_columns\Downloads_theory-main-CH6-COMMITS-57-61-v2.9-FULL-PROJECT_1_ch4_work_figures_ch06_matrix_columns-wrapper.pdf"	""
"Downloads_theory-main-CH6-COMMITS-57-61-v2.9-FULL-PROJECT_1_ch4_work_figures_ch06_normal_operator.tex"	"success"	"0"	"build\compile-audit\figure-tex\Downloads_theory-main-CH6-COMMITS-57-61-v2.9-FULL-PROJECT_1_ch4_work_figures_ch06_normal_operator\Downloads_theory-main-CH6-COMMITS-57-61-v2.9-FULL-PROJECT_1_ch4_work_figures_ch06_normal_operator-wrapper.pdf"	""
"Downloads_theory-main-CH6-COMMITS-57-61-v2.9-FULL-PROJECT_1_ch4_work_figures_ch06_orthogonal_complement.tex"	"success"	"0"	"build\compile-audit\figure-tex\Downloads_theory-main-CH6-COMMITS-57-61-v2.9-FULL-PROJECT_1_ch4_work_figures_ch06_orthogonal_complement\Downloads_theory-main-CH6-COMMITS-57-61-v2.9-FULL-PROJECT_1_ch4_work_figures_ch06_orthogonal_complement-wrapper.pdf"	""
"Downloads_theory-main-CH6-COMMITS-57-61-v2.9-FULL-PROJECT_1_ch4_work_figures_ch06_orthogonal_projection.tex"	"success"	"0"	"build\compile-audit\figure-tex\Downloads_theory-main-CH6-COMMITS-57-61-v2.9-FULL-PROJECT_1_ch4_work_figures_ch06_orthogonal_projection\Downloads_theory-main-CH6-COMMITS-57-61-v2.9-FULL-PROJECT_1_ch4_work_figures_ch06_orthogonal_projection-wrapper.pdf"	""
"Downloads_theory-main-CH6-COMMITS-57-61-v2.9-FULL-PROJECT_1_ch4_work_figures_ch06_outer_product.tex"	"success"	"0"	"build\compile-audit\figure-tex\Downloads_theory-main-CH6-COMMITS-57-61-v2.9-FULL-PROJECT_1_ch4_work_figures_ch06_outer_product\Downloads_theory-main-CH6-COMMITS-57-61-v2.9-FULL-PROJECT_1_ch4_work_figures_ch06_outer_product-wrapper.pdf"	""
"Downloads_theory-main-CH6-COMMITS-57-61-v2.9-FULL-PROJECT_1_ch4_work_figures_ch06_pauli_bloch.tex"	"success"	"0"	"build\compile-audit\figure-tex\Downloads_theory-main-CH6-COMMITS-57-61-v2.9-FULL-PROJECT_1_ch4_work_figures_ch06_pauli_bloch\Downloads_theory-main-CH6-COMMITS-57-61-v2.9-FULL-PROJECT_1_ch4_work_figures_ch06_pauli_bloch-wrapper.pdf"	""
"Downloads_theory-main-CH6-COMMITS-57-61-v2.9-FULL-PROJECT_1_ch4_work_figures_ch06_qr_factorization.tex"	"success"	"0"	"build\compile-audit\figure-tex\Downloads_theory-main-CH6-COMMITS-57-61-v2.9-FULL-PROJECT_1_ch4_work_figures_ch06_qr_factorization\Downloads_theory-main-CH6-COMMITS-57-61-v2.9-FULL-PROJECT_1_ch4_work_figures_ch06_qr_factorization-wrapper.pdf"	""
"Downloads_theory-main-CH6-COMMITS-57-61-v2.9-FULL-PROJECT_1_ch4_work_figures_ch06_rank_nullity.tex"	"success"	"0"	"build\compile-audit\figure-tex\Downloads_theory-main-CH6-COMMITS-57-61-v2.9-FULL-PROJECT_1_ch4_work_figures_ch06_rank_nullity\Downloads_theory-main-CH6-COMMITS-57-61-v2.9-FULL-PROJECT_1_ch4_work_figures_ch06_rank_nullity-wrapper.pdf"	""
"Downloads_theory-main-CH6-COMMITS-57-61-v2.9-FULL-PROJECT_1_ch4_work_figures_ch06_scalar_multiplication.tex"	"success"	"0"	"build\compile-audit\figure-tex\Downloads_theory-main-CH6-COMMITS-57-61-v2.9-FULL-PROJECT_1_ch4_work_figures_ch06_scalar_multiplication\Downloads_theory-main-CH6-COMMITS-57-61-v2.9-FULL-PROJECT_1_ch4_work_figures_ch06_scalar_multiplication-wrapper.pdf"	""
"Downloads_theory-main-CH6-COMMITS-57-61-v2.9-FULL-PROJECT_1_ch4_work_figures_ch06_span_basis.tex"	"success"	"0"	"build\compile-audit\figure-tex\Downloads_theory-main-CH6-COMMITS-57-61-v2.9-FULL-PROJECT_1_ch4_work_figures_ch06_span_basis\Downloads_theory-main-CH6-COMMITS-57-61-v2.9-FULL-PROJECT_1_ch4_work_figures_ch06_span_basis-wrapper.pdf"	""
"Downloads_theory-main-CH6-COMMITS-57-61-v2.9-FULL-PROJECT_1_ch4_work_figures_ch06_spectral_projectors.tex"	"success"	"0"	"build\compile-audit\figure-tex\Downloads_theory-main-CH6-COMMITS-57-61-v2.9-FULL-PROJECT_1_ch4_work_figures_ch06_spectral_projectors\Downloads_theory-main-CH6-COMMITS-57-61-v2.9-FULL-PROJECT_1_ch4_work_figures_ch06_spectral_projectors-wrapper.pdf"	""
"Downloads_theory-main-CH6-COMMITS-57-61-v2.9-FULL-PROJECT_1_ch4_work_figures_ch06_state_space_map.tex"	"success"	"0"	"build\compile-audit\figure-tex\Downloads_theory-main-CH6-COMMITS-57-61-v2.9-FULL-PROJECT_1_ch4_work_figures_ch06_state_space_map\Downloads_theory-main-CH6-COMMITS-57-61-v2.9-FULL-PROJECT_1_ch4_work_figures_ch06_state_space_map-wrapper.pdf"	""
"Downloads_theory-main-CH6-COMMITS-57-61-v2.9-FULL-PROJECT_1_ch4_work_figures_ch06_subspace_plane.tex"	"success"	"0"	"build\compile-audit\figure-tex\Downloads_theory-main-CH6-COMMITS-57-61-v2.9-FULL-PROJECT_1_ch4_work_figures_ch06_subspace_plane\Downloads_theory-main-CH6-COMMITS-57-61-v2.9-FULL-PROJECT_1_ch4_work_figures_ch06_subspace_plane-wrapper.pdf"	""
"Downloads_theory-main-CH6-COMMITS-57-61-v2.9-FULL-PROJECT_1_ch4_work_figures_ch06_unitary_rotation.tex"	"success"	"0"	"build\compile-audit\figure-tex\Downloads_theory-main-CH6-COMMITS-57-61-v2.9-FULL-PROJECT_1_ch4_work_figures_ch06_unitary_rotation\Downloads_theory-main-CH6-COMMITS-57-61-v2.9-FULL-PROJECT_1_ch4_work_figures_ch06_unitary_rotation-wrapper.pdf"	""
"Downloads_theory-main-CH6-COMMITS-57-61-v2.9-FULL-PROJECT_1_ch4_work_figures_ch06_vector_addition.tex"	"success"	"0"	"build\compile-audit\figure-tex\Downloads_theory-main-CH6-COMMITS-57-61-v2.9-FULL-PROJECT_1_ch4_work_figures_ch06_vector_addition\Downloads_theory-main-CH6-COMMITS-57-61-v2.9-FULL-PROJECT_1_ch4_work_figures_ch06_vector_addition-wrapper.pdf"	""
"Downloads_theory-main-CH6-COMMITS-57-61-v2.9-FULL-PROJECT_1_ch4_work_figures_common_chapter_figure_styles.tex"	"fail"	"12"	"build\compile-audit\figure-tex\Downloads_theory-main-CH6-COMMITS-57-61-v2.9-FULL-PROJECT_1_ch4_work_figures_common_chapter_figure_styles\Downloads_theory-main-CH6-COMMITS-57-61-v2.9-FULL-PROJECT_1_ch4_work_figures_common_chapter_figure_styles-wrapper.pdf"	""
"Downloads_theory-main-CH6-COMMITS-57-61-v2.9-FULL-PROJECT_ch4_work_figures_ch01_basis_vectors.tex"	"fail"	"12"	""	"tors.tex:2: Undefined control sequence."
"Downloads_theory-main-CH6-COMMITS-57-61-v2.9-FULL-PROJECT_ch4_work_figures_ch01_cartesian_position_vector.tex"	"fail"	"12"	""	"_position_vector.tex:4: Package pgfkeys Error: I do not know the key '/tikz/phy"
"Downloads_theory-main-CH6-COMMITS-57-61-v2.9-FULL-PROJECT_ch4_work_figures_ch01_change_of_basis.tex"	"fail"	"12"	""	"_basis.tex:3: Package pgfkeys Error: I do not know the key '/tikz/physics axis'"
"Downloads_theory-main-CH6-COMMITS-57-61-v2.9-FULL-PROJECT_ch4_work_figures_ch01_coordinate_rotation.tex"	"fail"	"12"	""	"e_rotation.tex:2: Package pgfkeys Error: I do not know the key '/tikz/book axis"
"Downloads_theory-main-CH6-COMMITS-57-61-v2.9-FULL-PROJECT_ch4_work_figures_ch01_cross_product_orientation.tex"	"success"	"0"	"build\compile-audit\figure-tex\Downloads_theory-main-CH6-COMMITS-57-61-v2.9-FULL-PROJECT_ch4_work_figures_ch01_cross_product_orientation\Downloads_theory-main-CH6-COMMITS-57-61-v2.9-FULL-PROJECT_ch4_work_figures_ch01_cross_product_orientation-wrapper.pdf"	""
"Downloads_theory-main-CH6-COMMITS-57-61-v2.9-FULL-PROJECT_ch4_work_figures_ch01_distance_between_points.tex"	"fail"	"12"	""	"between_points.tex:2: Undefined control sequence."
"Downloads_theory-main-CH6-COMMITS-57-61-v2.9-FULL-PROJECT_ch4_work_figures_ch01_dot_product_angle.tex"	"success"	"0"	"build\compile-audit\figure-tex\Downloads_theory-main-CH6-COMMITS-57-61-v2.9-FULL-PROJECT_ch4_work_figures_ch01_dot_product_angle\Downloads_theory-main-CH6-COMMITS-57-61-v2.9-FULL-PROJECT_ch4_work_figures_ch01_dot_product_angle-wrapper.pdf"	""
"Downloads_theory-main-CH6-COMMITS-57-61-v2.9-FULL-PROJECT_ch4_work_figures_ch01_eigenvectors.tex"	"success"	"0"	"build\compile-audit\figure-tex\Downloads_theory-main-CH6-COMMITS-57-61-v2.9-FULL-PROJECT_ch4_work_figures_ch01_eigenvectors\Downloads_theory-main-CH6-COMMITS-57-61-v2.9-FULL-PROJECT_ch4_work_figures_ch01_eigenvectors-wrapper.pdf"	""
"Downloads_theory-main-CH6-COMMITS-57-61-v2.9-FULL-PROJECT_ch4_work_figures_ch01_function_vector_space.tex"	"fail"	"12"	""	"vector_space.tex:2: Package pgfkeys Error: I do not know the key '/tikz/book ax"
"Downloads_theory-main-CH6-COMMITS-57-61-v2.9-FULL-PROJECT_ch4_work_figures_ch01_gram_schmidt.tex"	"success"	"0"	"build\compile-audit\figure-tex\Downloads_theory-main-CH6-COMMITS-57-61-v2.9-FULL-PROJECT_ch4_work_figures_ch01_gram_schmidt\Downloads_theory-main-CH6-COMMITS-57-61-v2.9-FULL-PROJECT_ch4_work_figures_ch01_gram_schmidt-wrapper.pdf"	""
"Downloads_theory-main-CH6-COMMITS-57-61-v2.9-FULL-PROJECT_ch4_work_figures_ch01_hilbert_space_bridge.tex"	"fail"	"12"	""	"pace_bridge.tex:2: Package xcolor Error: Undefined color `visualblue'."
"Downloads_theory-main-CH6-COMMITS-57-61-v2.9-FULL-PROJECT_ch4_work_figures_ch01_linear_independence.tex"	"success"	"0"	"build\compile-audit\figure-tex\Downloads_theory-main-CH6-COMMITS-57-61-v2.9-FULL-PROJECT_ch4_work_figures_ch01_linear_independence\Downloads_theory-main-CH6-COMMITS-57-61-v2.9-FULL-PROJECT_ch4_work_figures_ch01_linear_independence-wrapper.pdf"	""
"Downloads_theory-main-CH6-COMMITS-57-61-v2.9-FULL-PROJECT_ch4_work_figures_ch01_linear_transformation.tex"	"success"	"0"	"build\compile-audit\figure-tex\Downloads_theory-main-CH6-COMMITS-57-61-v2.9-FULL-PROJECT_ch4_work_figures_ch01_linear_transformation\Downloads_theory-main-CH6-COMMITS-57-61-v2.9-FULL-PROJECT_ch4_work_figures_ch01_linear_transformation-wrapper.pdf"	""
"Downloads_theory-main-CH6-COMMITS-57-61-v2.9-FULL-PROJECT_ch4_work_figures_ch01_orthogonal_projection.tex"	"success"	"0"	"build\compile-audit\figure-tex\Downloads_theory-main-CH6-COMMITS-57-61-v2.9-FULL-PROJECT_ch4_work_figures_ch01_orthogonal_projection\Downloads_theory-main-CH6-COMMITS-57-61-v2.9-FULL-PROJECT_ch4_work_figures_ch01_orthogonal_projection-wrapper.pdf"	""
"Downloads_theory-main-CH6-COMMITS-57-61-v2.9-FULL-PROJECT_ch4_work_figures_ch01_parallelogram_area.tex"	"fail"	"12"	""	"gram_area.tex:3: Package pgfkeys Error: I do not know the key '/tikz/softblue'"
"Downloads_theory-main-CH6-COMMITS-57-61-v2.9-FULL-PROJECT_ch4_work_figures_ch01_right_hand_rule.tex"	"success"	"0"	"build\compile-audit\figure-tex\Downloads_theory-main-CH6-COMMITS-57-61-v2.9-FULL-PROJECT_ch4_work_figures_ch01_right_hand_rule\Downloads_theory-main-CH6-COMMITS-57-61-v2.9-FULL-PROJECT_ch4_work_figures_ch01_right_hand_rule-wrapper.pdf"	""
"Downloads_theory-main-CH6-COMMITS-57-61-v2.9-FULL-PROJECT_ch4_work_figures_ch01_scalar_multiplication.tex"	"fail"	"12"	""	"ltiplication.tex:3: Package pgfkeys Error: I do not know the key '/tikz/book ve"
"Downloads_theory-main-CH6-COMMITS-57-61-v2.9-FULL-PROJECT_ch4_work_figures_ch01_span_plane.tex"	"fail"	"12"	""	"e.tex:2: Package pgfkeys Error: I do not know the key '/tikz/softblue' and I am"
"Downloads_theory-main-CH6-COMMITS-57-61-v2.9-FULL-PROJECT_ch4_work_figures_ch01_torque_lever_arm.tex"	"fail"	"12"	""	"ver_arm.tex:2: Package pgfkeys Error: I do not know the key '/tikz/visualink' a"
"Downloads_theory-main-CH6-COMMITS-57-61-v2.9-FULL-PROJECT_ch4_work_figures_ch01_unit_vector_geometry.tex"	"fail"	"12"	""	"or_geometry.tex:2: Undefined control sequence."
"Downloads_theory-main-CH6-COMMITS-57-61-v2.9-FULL-PROJECT_ch4_work_figures_ch01_vector_addition_head_to_tail.tex"	"fail"	"12"	""	"dition_head_to_tail.tex:5: Package pgfkeys Error: I do not know the key '/tikz/"
"Downloads_theory-main-CH6-COMMITS-57-61-v2.9-FULL-PROJECT_ch4_work_figures_ch01_vector_components.tex"	"fail"	"12"	""	"mponents.tex:2: Package pgfkeys Error: I do not know the key '/tikz/physics axi"
"Downloads_theory-main-CH6-COMMITS-57-61-v2.9-FULL-PROJECT_ch4_work_figures_ch01_vector_subtraction.tex"	"fail"	"12"	""	"btraction.tex:3: Package pgfkeys Error: I do not know the key '/tikz/book vecto"
"Downloads_theory-main-CH6-COMMITS-57-61-v2.9-FULL-PROJECT_ch4_work_figures_ch01_work_interpretation.tex"	"fail"	"12"	""	"rpretation.tex:2: Package pgfkeys Error: I do not know the key '/tikz/book axis"
"Downloads_theory-main-CH6-COMMITS-57-61-v2.9-FULL-PROJECT_ch4_work_figures_ch02_chain_rule_graph.tex"	"fail"	"12"	""	"e_graph.tex:2: Package pgfkeys Error: I do not know the key '/tikz/concept node"
"Downloads_theory-main-CH6-COMMITS-57-61-v2.9-FULL-PROJECT_ch4_work_figures_ch02_directional_derivative_geometry.tex"	"fail"	"12"	""	"al_derivative_geometry.tex:6: Package pgfkeys Error: I do not know the key '/ti"
"Downloads_theory-main-CH6-COMMITS-57-61-v2.9-FULL-PROJECT_ch4_work_figures_ch02_epsilon_delta_limit.tex"	"fail"	"12"	""	"elta_limit.tex:2: Package pgfkeys Error: I do not know the key '/tikz/physics a"
"Downloads_theory-main-CH6-COMMITS-57-61-v2.9-FULL-PROJECT_ch4_work_figures_ch02_function_mapping.tex"	"fail"	"12"	""	"mapping.tex:2: Package pgfkeys Error: I do not know the key '/tikz/concept node"
"Downloads_theory-main-CH6-COMMITS-57-61-v2.9-FULL-PROJECT_ch4_work_figures_ch02_gradient_flow.tex"	"fail"	"12"	""	"flow.tex:2: Package xcolor Error: Undefined color `visualcyan'."
"Downloads_theory-main-CH6-COMMITS-57-61-v2.9-FULL-PROJECT_ch4_work_figures_ch02_jacobian_area.tex"	"fail"	"12"	""	"area.tex:3: Package pgfkeys Error: I do not know the key '/tikz/visualgrid' and"
"Downloads_theory-main-CH6-COMMITS-57-61-v2.9-FULL-PROJECT_ch4_work_figures_ch02_local_linearization.tex"	"fail"	"12"	""	"earization.tex:2: Package pgfkeys Error: I do not know the key '/tikz/physics a"
"Downloads_theory-main-CH6-COMMITS-57-61-v2.9-FULL-PROJECT_ch4_work_figures_ch02_total_differential_plane.tex"	"fail"	"12"	""	"ferential_plane.tex:3: Package xcolor Error: Undefined color `visualcyan'."
"Downloads_theory-main-CH6-COMMITS-57-61-v2.9-FULL-PROJECT_ch4_work_figures_ch03_divergence_source_sink.tex"	"fail"	"12"	""	"e_source_sink.tex:15: Package pgfkeys Error: I do not know the key '/tikz/field"
"Downloads_theory-main-CH6-COMMITS-57-61-v2.9-FULL-PROJECT_ch4_work_figures_ch03_gauss_volume.tex"	"fail"	"12"	""	"ume.tex:2: Package xcolor Error: Undefined color `visualcyan'."
"Downloads_theory-main-CH6-COMMITS-57-61-v2.9-FULL-PROJECT_ch4_work_figures_ch03_green_cells.tex"	"fail"	"12"	""	"ls.tex:2: Package xcolor Error: Undefined color `visualcyan'."
"Downloads_theory-main-CH6-COMMITS-57-61-v2.9-FULL-PROJECT_ch4_work_figures_ch03_laplacian_curvature.tex"	"fail"	"12"	""	"_curvature.tex:2: Package pgfkeys Error: I do not know the key '/tikz/physics a"
"Downloads_theory-main-CH6-COMMITS-57-61-v2.9-FULL-PROJECT_ch4_work_figures_ch03_stokes_orientation.tex"	"fail"	"12"	""	"ientation.tex:2: Package xcolor Error: Undefined color `visualcyan'."
"Downloads_theory-main-CH6-COMMITS-57-61-v2.9-FULL-PROJECT_ch4_work_figures_ch03_surface_flux.tex"	"fail"	"12"	""	"lux.tex:2: Package xcolor Error: Undefined color `visualcyan'."
"Downloads_theory-main-CH6-COMMITS-57-61-v2.9-FULL-PROJECT_ch4_work_figures_ch03_vector_calculus_architecture.tex"	"fail"	"12"	""	"lculus_architecture.tex:3: Package xcolor Error: Undefined color `visualcyan'."
"Downloads_theory-main-CH6-COMMITS-57-61-v2.9-FULL-PROJECT_ch4_work_figures_ch03_volume_elements.tex"	"fail"	"12"	""	"ements.tex:2: Package xcolor Error: Undefined color `visualcyan'."
"Downloads_theory-main-CH6-COMMITS-57-61-v2.9-FULL-PROJECT_ch4_work_figures_ch04_coupled_modes.tex"	"fail"	"12"	""	"odes.tex:4: Package xcolor Error: Undefined color `softblue'."
"Downloads_theory-main-CH6-COMMITS-57-61-v2.9-FULL-PROJECT_ch4_work_figures_ch04_damping_regimes.tex"	"fail"	"12"	""	"egimes.tex:4: Package pgfkeys Error: I do not know the key '/tikz/chapterblue'"
"Downloads_theory-main-CH6-COMMITS-57-61-v2.9-FULL-PROJECT_ch4_work_figures_ch04_evolution_architecture.tex"	"fail"	"12"	""	"_architecture.tex:2: Package xcolor Error: Undefined color `softblue'."
"Downloads_theory-main-CH6-COMMITS-57-61-v2.9-FULL-PROJECT_ch4_work_figures_ch04_harmonic_motion.tex"	"fail"	"12"	""	"motion.tex:4: Package pgfkeys Error: I do not know the key '/tikz/chapterblue'"
"Downloads_theory-main-CH6-COMMITS-57-61-v2.9-FULL-PROJECT_ch4_work_figures_ch04_phase_portraits.tex"	"fail"	"12"	""	"traits.tex:4: Package pgfkeys Error: I do not know the key '/tikz/chapterblue'"
"Downloads_theory-main-CH6-COMMITS-57-61-v2.9-FULL-PROJECT_ch4_work_figures_ch04_pitchfork.tex"	"fail"	"12"	""	".tex:4: Package pgfkeys Error: I do not know the key '/tikz/chapterblue' and I"
"Downloads_theory-main-CH6-COMMITS-57-61-v2.9-FULL-PROJECT_ch4_work_figures_ch04_representation_map.tex"	"fail"	"12"	""	"ation_map.tex:2: Package xcolor Error: Undefined color `softblue'."
"Downloads_theory-main-CH6-COMMITS-57-61-v2.9-FULL-PROJECT_ch4_work_figures_ch04_slope_field.tex"	"fail"	"12"	""	"ld.tex:5: Package pgfkeys Error: I do not know the key '/tikz/chapterblue' and"
"Downloads_theory-main-CH6-COMMITS-57-61-v2.9-FULL-PROJECT_ch4_work_figures_ch05_argand_plane.tex"	"success"	"0"	"build\compile-audit\figure-tex\Downloads_theory-main-CH6-COMMITS-57-61-v2.9-FULL-PROJECT_ch4_work_figures_ch05_argand_plane\Downloads_theory-main-CH6-COMMITS-57-61-v2.9-FULL-PROJECT_ch4_work_figures_ch05_argand_plane-wrapper.pdf"	""
"Downloads_theory-main-CH6-COMMITS-57-61-v2.9-FULL-PROJECT_ch4_work_figures_ch05_complex_addition.tex"	"success"	"0"	"build\compile-audit\figure-tex\Downloads_theory-main-CH6-COMMITS-57-61-v2.9-FULL-PROJECT_ch4_work_figures_ch05_complex_addition\Downloads_theory-main-CH6-COMMITS-57-61-v2.9-FULL-PROJECT_ch4_work_figures_ch05_complex_addition-wrapper.pdf"	""
"Downloads_theory-main-CH6-COMMITS-57-61-v2.9-FULL-PROJECT_ch4_work_figures_ch05_complex_multiplication.tex"	"success"	"0"	"build\compile-audit\figure-tex\Downloads_theory-main-CH6-COMMITS-57-61-v2.9-FULL-PROJECT_ch4_work_figures_ch05_complex_multiplication\Downloads_theory-main-CH6-COMMITS-57-61-v2.9-FULL-PROJECT_ch4_work_figures_ch05_complex_multiplication-wrapper.pdf"	""
"Downloads_theory-main-CH6-COMMITS-57-61-v2.9-FULL-PROJECT_ch4_work_figures_ch05_cr_geometry.tex"	"success"	"0"	"build\compile-audit\figure-tex\Downloads_theory-main-CH6-COMMITS-57-61-v2.9-FULL-PROJECT_ch4_work_figures_ch05_cr_geometry\Downloads_theory-main-CH6-COMMITS-57-61-v2.9-FULL-PROJECT_ch4_work_figures_ch05_cr_geometry-wrapper.pdf"	""
"Downloads_theory-main-CH6-COMMITS-57-61-v2.9-FULL-PROJECT_ch4_work_figures_ch05_euler_rotation.tex"	"success"	"0"	"build\compile-audit\figure-tex\Downloads_theory-main-CH6-COMMITS-57-61-v2.9-FULL-PROJECT_ch4_work_figures_ch05_euler_rotation\Downloads_theory-main-CH6-COMMITS-57-61-v2.9-FULL-PROJECT_ch4_work_figures_ch05_euler_rotation-wrapper.pdf"	""
"Downloads_theory-main-CH6-COMMITS-57-61-v2.9-FULL-PROJECT_ch4_work_figures_ch05_mobius_preview.tex"	"success"	"0"	"build\compile-audit\figure-tex\Downloads_theory-main-CH6-COMMITS-57-61-v2.9-FULL-PROJECT_ch4_work_figures_ch05_mobius_preview\Downloads_theory-main-CH6-COMMITS-57-61-v2.9-FULL-PROJECT_ch4_work_figures_ch05_mobius_preview-wrapper.pdf"	""
"Downloads_theory-main-CH6-COMMITS-57-61-v2.9-FULL-PROJECT_ch4_work_figures_ch05_number_system_extension.tex"	"success"	"0"	"build\compile-audit\figure-tex\Downloads_theory-main-CH6-COMMITS-57-61-v2.9-FULL-PROJECT_ch4_work_figures_ch05_number_system_extension\Downloads_theory-main-CH6-COMMITS-57-61-v2.9-FULL-PROJECT_ch4_work_figures_ch05_number_system_extension-wrapper.pdf"	""
"Downloads_theory-main-CH6-COMMITS-57-61-v2.9-FULL-PROJECT_ch4_work_figures_ch05_polar_coordinates.tex"	"success"	"0"	"build\compile-audit\figure-tex\Downloads_theory-main-CH6-COMMITS-57-61-v2.9-FULL-PROJECT_ch4_work_figures_ch05_polar_coordinates\Downloads_theory-main-CH6-COMMITS-57-61-v2.9-FULL-PROJECT_ch4_work_figures_ch05_polar_coordinates-wrapper.pdf"	""
"Downloads_theory-main-CH6-COMMITS-57-61-v2.9-FULL-PROJECT_ch4_work_figures_ch05_representation_map.tex"	"success"	"0"	"build\compile-audit\figure-tex\Downloads_theory-main-CH6-COMMITS-57-61-v2.9-FULL-PROJECT_ch4_work_figures_ch05_representation_map\Downloads_theory-main-CH6-COMMITS-57-61-v2.9-FULL-PROJECT_ch4_work_figures_ch05_representation_map-wrapper.pdf"	""
"Downloads_theory-main-CH6-COMMITS-57-61-v2.9-FULL-PROJECT_ch4_work_figures_ch05_riemann_sphere_preview.tex"	"success"	"0"	"build\compile-audit\figure-tex\Downloads_theory-main-CH6-COMMITS-57-61-v2.9-FULL-PROJECT_ch4_work_figures_ch05_riemann_sphere_preview\Downloads_theory-main-CH6-COMMITS-57-61-v2.9-FULL-PROJECT_ch4_work_figures_ch05_riemann_sphere_preview-wrapper.pdf"	""
"Downloads_theory-main-CH6-COMMITS-57-61-v2.9-FULL-PROJECT_ch4_work_figures_ch05_roots_of_unity.tex"	"success"	"0"	"build\compile-audit\figure-tex\Downloads_theory-main-CH6-COMMITS-57-61-v2.9-FULL-PROJECT_ch4_work_figures_ch05_roots_of_unity\Downloads_theory-main-CH6-COMMITS-57-61-v2.9-FULL-PROJECT_ch4_work_figures_ch05_roots_of_unity-wrapper.pdf"	""
"Downloads_theory-main-CH6-COMMITS-57-61-v2.9-FULL-PROJECT_ch4_work_figures_ch05_square_mapping.tex"	"success"	"0"	"build\compile-audit\figure-tex\Downloads_theory-main-CH6-COMMITS-57-61-v2.9-FULL-PROJECT_ch4_work_figures_ch05_square_mapping\Downloads_theory-main-CH6-COMMITS-57-61-v2.9-FULL-PROJECT_ch4_work_figures_ch05_square_mapping-wrapper.pdf"	""
"Downloads_theory-main-CH6-COMMITS-57-61-v2.9-FULL-PROJECT_ch4_work_figures_ch06_change_of_basis_preview.tex"	"success"	"0"	"build\compile-audit\figure-tex\Downloads_theory-main-CH6-COMMITS-57-61-v2.9-FULL-PROJECT_ch4_work_figures_ch06_change_of_basis_preview\Downloads_theory-main-CH6-COMMITS-57-61-v2.9-FULL-PROJECT_ch4_work_figures_ch06_change_of_basis_preview-wrapper.pdf"	""
"Downloads_theory-main-CH6-COMMITS-57-61-v2.9-FULL-PROJECT_ch4_work_figures_ch06_dependence_independence.tex"	"success"	"0"	"build\compile-audit\figure-tex\Downloads_theory-main-CH6-COMMITS-57-61-v2.9-FULL-PROJECT_ch4_work_figures_ch06_dependence_independence\Downloads_theory-main-CH6-COMMITS-57-61-v2.9-FULL-PROJECT_ch4_work_figures_ch06_dependence_independence-wrapper.pdf"	""
"Downloads_theory-main-CH6-COMMITS-57-61-v2.9-FULL-PROJECT_ch4_work_figures_ch06_history_timeline.tex"	"success"	"0"	"build\compile-audit\figure-tex\Downloads_theory-main-CH6-COMMITS-57-61-v2.9-FULL-PROJECT_ch4_work_figures_ch06_history_timeline\Downloads_theory-main-CH6-COMMITS-57-61-v2.9-FULL-PROJECT_ch4_work_figures_ch06_history_timeline-wrapper.pdf"	""
"Downloads_theory-main-CH6-COMMITS-57-61-v2.9-FULL-PROJECT_ch4_work_figures_ch06_scalar_multiplication.tex"	"success"	"0"	"build\compile-audit\figure-tex\Downloads_theory-main-CH6-COMMITS-57-61-v2.9-FULL-PROJECT_ch4_work_figures_ch06_scalar_multiplication\Downloads_theory-main-CH6-COMMITS-57-61-v2.9-FULL-PROJECT_ch4_work_figures_ch06_scalar_multiplication-wrapper.pdf"	""
"Downloads_theory-main-CH6-COMMITS-57-61-v2.9-FULL-PROJECT_ch4_work_figures_ch06_span_basis.tex"	"success"	"0"	"build\compile-audit\figure-tex\Downloads_theory-main-CH6-COMMITS-57-61-v2.9-FULL-PROJECT_ch4_work_figures_ch06_span_basis\Downloads_theory-main-CH6-COMMITS-57-61-v2.9-FULL-PROJECT_ch4_work_figures_ch06_span_basis-wrapper.pdf"	""
"Downloads_theory-main-CH6-COMMITS-57-61-v2.9-FULL-PROJECT_ch4_work_figures_ch06_state_space_map.tex"	"success"	"0"	"build\compile-audit\figure-tex\Downloads_theory-main-CH6-COMMITS-57-61-v2.9-FULL-PROJECT_ch4_work_figures_ch06_state_space_map\Downloads_theory-main-CH6-COMMITS-57-61-v2.9-FULL-PROJECT_ch4_work_figures_ch06_state_space_map-wrapper.pdf"	""
"Downloads_theory-main-CH6-COMMITS-57-61-v2.9-FULL-PROJECT_ch4_work_figures_ch06_subspace_plane.tex"	"success"	"0"	"build\compile-audit\figure-tex\Downloads_theory-main-CH6-COMMITS-57-61-v2.9-FULL-PROJECT_ch4_work_figures_ch06_subspace_plane\Downloads_theory-main-CH6-COMMITS-57-61-v2.9-FULL-PROJECT_ch4_work_figures_ch06_subspace_plane-wrapper.pdf"	""
"Downloads_theory-main-CH6-COMMITS-57-61-v2.9-FULL-PROJECT_ch4_work_figures_ch06_vector_addition.tex"	"success"	"0"	"build\compile-audit\figure-tex\Downloads_theory-main-CH6-COMMITS-57-61-v2.9-FULL-PROJECT_ch4_work_figures_ch06_vector_addition\Downloads_theory-main-CH6-COMMITS-57-61-v2.9-FULL-PROJECT_ch4_work_figures_ch06_vector_addition-wrapper.pdf"	""
"Downloads_theory-main-CH6-COMMITS-57-61-v2.9-FULL-PROJECT_ch4_work_figures_common_chapter_figure_styles.tex"	"fail"	"12"	"build\compile-audit\figure-tex\Downloads_theory-main-CH6-COMMITS-57-61-v2.9-FULL-PROJECT_ch4_work_figures_common_chapter_figure_styles\Downloads_theory-main-CH6-COMMITS-57-61-v2.9-FULL-PROJECT_ch4_work_figures_common_chapter_figure_styles-wrapper.pdf"	""
