volume	file	line	family	classification	consumers	original_comment	action
IV	books/vol04_complex_analysis/chapters/ch01_complex_differentiability/chapter.tex	24	VOL04-EXPANSION	ACTIVE_KEEP	scripts/volume04/audit_example_exercise_balance.py;scripts/volume04/audit_example_exercise_expansion.py;scripts/volume04/expansion_common.py;scripts/volume04/reconcile_example_exercise_evidence.py;scripts/volume04/tex_safety.py	% BEGIN VOL04-EXPANSION IV01-example-01	keep; active tooling references this marker family
IV	books/vol04_complex_analysis/chapters/ch01_complex_differentiability/chapter.tex	33	VOL04-EXPANSION	ACTIVE_KEEP	scripts/volume04/audit_example_exercise_balance.py;scripts/volume04/audit_example_exercise_expansion.py;scripts/volume04/expansion_common.py;scripts/volume04/reconcile_example_exercise_evidence.py;scripts/volume04/tex_safety.py	% END VOL04-EXPANSION IV01-example-01	keep; active tooling references this marker family
IV	books/vol04_complex_analysis/chapters/ch01_complex_differentiability/chapter.tex	43	VOL04-EXPANSION	ACTIVE_KEEP	scripts/volume04/audit_example_exercise_balance.py;scripts/volume04/audit_example_exercise_expansion.py;scripts/volume04/expansion_common.py;scripts/volume04/reconcile_example_exercise_evidence.py;scripts/volume04/tex_safety.py	% BEGIN VOL04-EXPANSION IV01-example-02	keep; active tooling references this marker family
IV	books/vol04_complex_analysis/chapters/ch01_complex_differentiability/chapter.tex	55	VOL04-EXPANSION	ACTIVE_KEEP	scripts/volume04/audit_example_exercise_balance.py;scripts/volume04/audit_example_exercise_expansion.py;scripts/volume04/expansion_common.py;scripts/volume04/reconcile_example_exercise_evidence.py;scripts/volume04/tex_safety.py	% END VOL04-EXPANSION IV01-example-02	keep; active tooling references this marker family
IV	books/vol04_complex_analysis/chapters/ch01_complex_differentiability/chapter.tex	65	VOL04-EXPANSION	ACTIVE_KEEP	scripts/volume04/audit_example_exercise_balance.py;scripts/volume04/audit_example_exercise_expansion.py;scripts/volume04/expansion_common.py;scripts/volume04/reconcile_example_exercise_evidence.py;scripts/volume04/tex_safety.py	% BEGIN VOL04-EXPANSION IV01-example-03	keep; active tooling references this marker family
IV	books/vol04_complex_analysis/chapters/ch01_complex_differentiability/chapter.tex	73	VOL04-EXPANSION	ACTIVE_KEEP	scripts/volume04/audit_example_exercise_balance.py;scripts/volume04/audit_example_exercise_expansion.py;scripts/volume04/expansion_common.py;scripts/volume04/reconcile_example_exercise_evidence.py;scripts/volume04/tex_safety.py	% END VOL04-EXPANSION IV01-example-03	keep; active tooling references this marker family
IV	books/vol04_complex_analysis/chapters/ch01_complex_differentiability/chapter.tex	205	VOL04-HINT-RECONCILIATION	OBSOLETE_REMOVE		% VOL04-HINT-RECONCILIATION-IV01	remove pure-comment marker; provenance preserved in this ledger
IV	books/vol04_complex_analysis/chapters/ch01_complex_differentiability/chapter.tex	290	VOL04-EXPANSION	ACTIVE_KEEP	scripts/volume04/audit_example_exercise_balance.py;scripts/volume04/audit_example_exercise_expansion.py;scripts/volume04/expansion_common.py;scripts/volume04/reconcile_example_exercise_evidence.py;scripts/volume04/tex_safety.py	% BEGIN VOL04-EXPANSION IV01-exercises-01	keep; active tooling references this marker family
IV	books/vol04_complex_analysis/chapters/ch01_complex_differentiability/chapter.tex	464	VOL04-EXPANSION	ACTIVE_KEEP	scripts/volume04/audit_example_exercise_balance.py;scripts/volume04/audit_example_exercise_expansion.py;scripts/volume04/expansion_common.py;scripts/volume04/reconcile_example_exercise_evidence.py;scripts/volume04/tex_safety.py	% END VOL04-EXPANSION IV01-exercises-01	keep; active tooling references this marker family
IV	books/vol04_complex_analysis/chapters/ch02_cauchy_riemann_equations/chapter.tex	24	VOL04-EXPANSION	ACTIVE_KEEP	scripts/volume04/audit_example_exercise_balance.py;scripts/volume04/audit_example_exercise_expansion.py;scripts/volume04/expansion_common.py;scripts/volume04/reconcile_example_exercise_evidence.py;scripts/volume04/tex_safety.py	% BEGIN VOL04-EXPANSION IV02-example-01	keep; active tooling references this marker family
IV	books/vol04_complex_analysis/chapters/ch02_cauchy_riemann_equations/chapter.tex	32	VOL04-EXPANSION	ACTIVE_KEEP	scripts/volume04/audit_example_exercise_balance.py;scripts/volume04/audit_example_exercise_expansion.py;scripts/volume04/expansion_common.py;scripts/volume04/reconcile_example_exercise_evidence.py;scripts/volume04/tex_safety.py	% END VOL04-EXPANSION IV02-example-01	keep; active tooling references this marker family
IV	books/vol04_complex_analysis/chapters/ch02_cauchy_riemann_equations/chapter.tex	45	VOL04-EXPANSION	ACTIVE_KEEP	scripts/volume04/audit_example_exercise_balance.py;scripts/volume04/audit_example_exercise_expansion.py;scripts/volume04/expansion_common.py;scripts/volume04/reconcile_example_exercise_evidence.py;scripts/volume04/tex_safety.py	% BEGIN VOL04-EXPANSION IV02-example-02	keep; active tooling references this marker family
IV	books/vol04_complex_analysis/chapters/ch02_cauchy_riemann_equations/chapter.tex	53	VOL04-EXPANSION	ACTIVE_KEEP	scripts/volume04/audit_example_exercise_balance.py;scripts/volume04/audit_example_exercise_expansion.py;scripts/volume04/expansion_common.py;scripts/volume04/reconcile_example_exercise_evidence.py;scripts/volume04/tex_safety.py	% END VOL04-EXPANSION IV02-example-02	keep; active tooling references this marker family
IV	books/vol04_complex_analysis/chapters/ch02_cauchy_riemann_equations/chapter.tex	63	VOL04-EXPANSION	ACTIVE_KEEP	scripts/volume04/audit_example_exercise_balance.py;scripts/volume04/audit_example_exercise_expansion.py;scripts/volume04/expansion_common.py;scripts/volume04/reconcile_example_exercise_evidence.py;scripts/volume04/tex_safety.py	% BEGIN VOL04-EXPANSION IV02-example-03	keep; active tooling references this marker family
IV	books/vol04_complex_analysis/chapters/ch02_cauchy_riemann_equations/chapter.tex	71	VOL04-EXPANSION	ACTIVE_KEEP	scripts/volume04/audit_example_exercise_balance.py;scripts/volume04/audit_example_exercise_expansion.py;scripts/volume04/expansion_common.py;scripts/volume04/reconcile_example_exercise_evidence.py;scripts/volume04/tex_safety.py	% END VOL04-EXPANSION IV02-example-03	keep; active tooling references this marker family
IV	books/vol04_complex_analysis/chapters/ch02_cauchy_riemann_equations/chapter.tex	200	VOL04-HINT-RECONCILIATION	OBSOLETE_REMOVE		% VOL04-HINT-RECONCILIATION-IV02	remove pure-comment marker; provenance preserved in this ledger
IV	books/vol04_complex_analysis/chapters/ch02_cauchy_riemann_equations/chapter.tex	285	VOL04-EXPANSION	ACTIVE_KEEP	scripts/volume04/audit_example_exercise_balance.py;scripts/volume04/audit_example_exercise_expansion.py;scripts/volume04/expansion_common.py;scripts/volume04/reconcile_example_exercise_evidence.py;scripts/volume04/tex_safety.py	% BEGIN VOL04-EXPANSION IV02-exercises-01	keep; active tooling references this marker family
IV	books/vol04_complex_analysis/chapters/ch02_cauchy_riemann_equations/chapter.tex	459	VOL04-EXPANSION	ACTIVE_KEEP	scripts/volume04/audit_example_exercise_balance.py;scripts/volume04/audit_example_exercise_expansion.py;scripts/volume04/expansion_common.py;scripts/volume04/reconcile_example_exercise_evidence.py;scripts/volume04/tex_safety.py	% END VOL04-EXPANSION IV02-exercises-01	keep; active tooling references this marker family
IV	books/vol04_complex_analysis/chapters/ch03_power_series_and_analytic_functions/chapter.tex	24	VOL04-EXPANSION	ACTIVE_KEEP	scripts/volume04/audit_example_exercise_balance.py;scripts/volume04/audit_example_exercise_expansion.py;scripts/volume04/expansion_common.py;scripts/volume04/reconcile_example_exercise_evidence.py;scripts/volume04/tex_safety.py	% BEGIN VOL04-EXPANSION IV03-example-01	keep; active tooling references this marker family
IV	books/vol04_complex_analysis/chapters/ch03_power_series_and_analytic_functions/chapter.tex	32	VOL04-EXPANSION	ACTIVE_KEEP	scripts/volume04/audit_example_exercise_balance.py;scripts/volume04/audit_example_exercise_expansion.py;scripts/volume04/expansion_common.py;scripts/volume04/reconcile_example_exercise_evidence.py;scripts/volume04/tex_safety.py	% END VOL04-EXPANSION IV03-example-01	keep; active tooling references this marker family
IV	books/vol04_complex_analysis/chapters/ch03_power_series_and_analytic_functions/chapter.tex	42	VOL04-EXPANSION	ACTIVE_KEEP	scripts/volume04/audit_example_exercise_balance.py;scripts/volume04/audit_example_exercise_expansion.py;scripts/volume04/expansion_common.py;scripts/volume04/reconcile_example_exercise_evidence.py;scripts/volume04/tex_safety.py	% BEGIN VOL04-EXPANSION IV03-example-02	keep; active tooling references this marker family
IV	books/vol04_complex_analysis/chapters/ch03_power_series_and_analytic_functions/chapter.tex	51	VOL04-EXPANSION	ACTIVE_KEEP	scripts/volume04/audit_example_exercise_balance.py;scripts/volume04/audit_example_exercise_expansion.py;scripts/volume04/expansion_common.py;scripts/volume04/reconcile_example_exercise_evidence.py;scripts/volume04/tex_safety.py	% END VOL04-EXPANSION IV03-example-02	keep; active tooling references this marker family
IV	books/vol04_complex_analysis/chapters/ch03_power_series_and_analytic_functions/chapter.tex	61	VOL04-EXPANSION	ACTIVE_KEEP	scripts/volume04/audit_example_exercise_balance.py;scripts/volume04/audit_example_exercise_expansion.py;scripts/volume04/expansion_common.py;scripts/volume04/reconcile_example_exercise_evidence.py;scripts/volume04/tex_safety.py	% BEGIN VOL04-EXPANSION IV03-example-03	keep; active tooling references this marker family
IV	books/vol04_complex_analysis/chapters/ch03_power_series_and_analytic_functions/chapter.tex	69	VOL04-EXPANSION	ACTIVE_KEEP	scripts/volume04/audit_example_exercise_balance.py;scripts/volume04/audit_example_exercise_expansion.py;scripts/volume04/expansion_common.py;scripts/volume04/reconcile_example_exercise_evidence.py;scripts/volume04/tex_safety.py	% END VOL04-EXPANSION IV03-example-03	keep; active tooling references this marker family
IV	books/vol04_complex_analysis/chapters/ch03_power_series_and_analytic_functions/chapter.tex	201	VOL04-HINT-RECONCILIATION	OBSOLETE_REMOVE		% VOL04-HINT-RECONCILIATION-IV03	remove pure-comment marker; provenance preserved in this ledger
IV	books/vol04_complex_analysis/chapters/ch03_power_series_and_analytic_functions/chapter.tex	286	VOL04-EXPANSION	ACTIVE_KEEP	scripts/volume04/audit_example_exercise_balance.py;scripts/volume04/audit_example_exercise_expansion.py;scripts/volume04/expansion_common.py;scripts/volume04/reconcile_example_exercise_evidence.py;scripts/volume04/tex_safety.py	% BEGIN VOL04-EXPANSION IV03-exercises-01	keep; active tooling references this marker family
IV	books/vol04_complex_analysis/chapters/ch03_power_series_and_analytic_functions/chapter.tex	460	VOL04-EXPANSION	ACTIVE_KEEP	scripts/volume04/audit_example_exercise_balance.py;scripts/volume04/audit_example_exercise_expansion.py;scripts/volume04/expansion_common.py;scripts/volume04/reconcile_example_exercise_evidence.py;scripts/volume04/tex_safety.py	% END VOL04-EXPANSION IV03-exercises-01	keep; active tooling references this marker family
IV	books/vol04_complex_analysis/chapters/ch04_complex_integration/chapter.tex	24	VOL04-EXPANSION	ACTIVE_KEEP	scripts/volume04/audit_example_exercise_balance.py;scripts/volume04/audit_example_exercise_expansion.py;scripts/volume04/expansion_common.py;scripts/volume04/reconcile_example_exercise_evidence.py;scripts/volume04/tex_safety.py	% BEGIN VOL04-EXPANSION IV04-example-01	keep; active tooling references this marker family
IV	books/vol04_complex_analysis/chapters/ch04_complex_integration/chapter.tex	33	VOL04-EXPANSION	ACTIVE_KEEP	scripts/volume04/audit_example_exercise_balance.py;scripts/volume04/audit_example_exercise_expansion.py;scripts/volume04/expansion_common.py;scripts/volume04/reconcile_example_exercise_evidence.py;scripts/volume04/tex_safety.py	% END VOL04-EXPANSION IV04-example-01	keep; active tooling references this marker family
IV	books/vol04_complex_analysis/chapters/ch04_complex_integration/chapter.tex	43	VOL04-EXPANSION	ACTIVE_KEEP	scripts/volume04/audit_example_exercise_balance.py;scripts/volume04/audit_example_exercise_expansion.py;scripts/volume04/expansion_common.py;scripts/volume04/reconcile_example_exercise_evidence.py;scripts/volume04/tex_safety.py	% BEGIN VOL04-EXPANSION IV04-example-02	keep; active tooling references this marker family
IV	books/vol04_complex_analysis/chapters/ch04_complex_integration/chapter.tex	53	VOL04-EXPANSION	ACTIVE_KEEP	scripts/volume04/audit_example_exercise_balance.py;scripts/volume04/audit_example_exercise_expansion.py;scripts/volume04/expansion_common.py;scripts/volume04/reconcile_example_exercise_evidence.py;scripts/volume04/tex_safety.py	% END VOL04-EXPANSION IV04-example-02	keep; active tooling references this marker family
IV	books/vol04_complex_analysis/chapters/ch04_complex_integration/chapter.tex	63	VOL04-EXPANSION	ACTIVE_KEEP	scripts/volume04/audit_example_exercise_balance.py;scripts/volume04/audit_example_exercise_expansion.py;scripts/volume04/expansion_common.py;scripts/volume04/reconcile_example_exercise_evidence.py;scripts/volume04/tex_safety.py	% BEGIN VOL04-EXPANSION IV04-example-03	keep; active tooling references this marker family
IV	books/vol04_complex_analysis/chapters/ch04_complex_integration/chapter.tex	71	VOL04-EXPANSION	ACTIVE_KEEP	scripts/volume04/audit_example_exercise_balance.py;scripts/volume04/audit_example_exercise_expansion.py;scripts/volume04/expansion_common.py;scripts/volume04/reconcile_example_exercise_evidence.py;scripts/volume04/tex_safety.py	% END VOL04-EXPANSION IV04-example-03	keep; active tooling references this marker family
IV	books/vol04_complex_analysis/chapters/ch04_complex_integration/chapter.tex	255	VOL04-HINT-RECONCILIATION	OBSOLETE_REMOVE		% VOL04-HINT-RECONCILIATION-IV04	remove pure-comment marker; provenance preserved in this ledger
IV	books/vol04_complex_analysis/chapters/ch04_complex_integration/chapter.tex	375	VOL04-EXPANSION	ACTIVE_KEEP	scripts/volume04/audit_example_exercise_balance.py;scripts/volume04/audit_example_exercise_expansion.py;scripts/volume04/expansion_common.py;scripts/volume04/reconcile_example_exercise_evidence.py;scripts/volume04/tex_safety.py	% BEGIN VOL04-EXPANSION IV04-exercises-01	keep; active tooling references this marker family
IV	books/vol04_complex_analysis/chapters/ch04_complex_integration/chapter.tex	549	VOL04-EXPANSION	ACTIVE_KEEP	scripts/volume04/audit_example_exercise_balance.py;scripts/volume04/audit_example_exercise_expansion.py;scripts/volume04/expansion_common.py;scripts/volume04/reconcile_example_exercise_evidence.py;scripts/volume04/tex_safety.py	% END VOL04-EXPANSION IV04-exercises-01	keep; active tooling references this marker family
IV	books/vol04_complex_analysis/chapters/ch05_cauchy_s_theorem/chapter.tex	27	VOL04-EXPANSION	ACTIVE_KEEP	scripts/volume04/audit_example_exercise_balance.py;scripts/volume04/audit_example_exercise_expansion.py;scripts/volume04/expansion_common.py;scripts/volume04/reconcile_example_exercise_evidence.py;scripts/volume04/tex_safety.py	% BEGIN VOL04-EXPANSION IV05-example-01	keep; active tooling references this marker family
IV	books/vol04_complex_analysis/chapters/ch05_cauchy_s_theorem/chapter.tex	35	VOL04-EXPANSION	ACTIVE_KEEP	scripts/volume04/audit_example_exercise_balance.py;scripts/volume04/audit_example_exercise_expansion.py;scripts/volume04/expansion_common.py;scripts/volume04/reconcile_example_exercise_evidence.py;scripts/volume04/tex_safety.py	% END VOL04-EXPANSION IV05-example-01	keep; active tooling references this marker family
IV	books/vol04_complex_analysis/chapters/ch05_cauchy_s_theorem/chapter.tex	45	VOL04-EXPANSION	ACTIVE_KEEP	scripts/volume04/audit_example_exercise_balance.py;scripts/volume04/audit_example_exercise_expansion.py;scripts/volume04/expansion_common.py;scripts/volume04/reconcile_example_exercise_evidence.py;scripts/volume04/tex_safety.py	% BEGIN VOL04-EXPANSION IV05-example-02	keep; active tooling references this marker family
IV	books/vol04_complex_analysis/chapters/ch05_cauchy_s_theorem/chapter.tex	49	VOL04-EXPANSION	ACTIVE_KEEP	scripts/volume04/audit_example_exercise_balance.py;scripts/volume04/audit_example_exercise_expansion.py;scripts/volume04/expansion_common.py;scripts/volume04/reconcile_example_exercise_evidence.py;scripts/volume04/tex_safety.py	% END VOL04-EXPANSION IV05-example-02	keep; active tooling references this marker family
IV	books/vol04_complex_analysis/chapters/ch05_cauchy_s_theorem/chapter.tex	59	VOL04-EXPANSION	ACTIVE_KEEP	scripts/volume04/audit_example_exercise_balance.py;scripts/volume04/audit_example_exercise_expansion.py;scripts/volume04/expansion_common.py;scripts/volume04/reconcile_example_exercise_evidence.py;scripts/volume04/tex_safety.py	% BEGIN VOL04-EXPANSION IV05-example-03	keep; active tooling references this marker family
IV	books/vol04_complex_analysis/chapters/ch05_cauchy_s_theorem/chapter.tex	67	VOL04-EXPANSION	ACTIVE_KEEP	scripts/volume04/audit_example_exercise_balance.py;scripts/volume04/audit_example_exercise_expansion.py;scripts/volume04/expansion_common.py;scripts/volume04/reconcile_example_exercise_evidence.py;scripts/volume04/tex_safety.py	% END VOL04-EXPANSION IV05-example-03	keep; active tooling references this marker family
IV	books/vol04_complex_analysis/chapters/ch05_cauchy_s_theorem/chapter.tex	200	VOL04-HINT-RECONCILIATION	OBSOLETE_REMOVE		% VOL04-HINT-RECONCILIATION-IV05	remove pure-comment marker; provenance preserved in this ledger
IV	books/vol04_complex_analysis/chapters/ch05_cauchy_s_theorem/chapter.tex	285	VOL04-EXPANSION	ACTIVE_KEEP	scripts/volume04/audit_example_exercise_balance.py;scripts/volume04/audit_example_exercise_expansion.py;scripts/volume04/expansion_common.py;scripts/volume04/reconcile_example_exercise_evidence.py;scripts/volume04/tex_safety.py	% BEGIN VOL04-EXPANSION IV05-exercises-01	keep; active tooling references this marker family
IV	books/vol04_complex_analysis/chapters/ch05_cauchy_s_theorem/chapter.tex	459	VOL04-EXPANSION	ACTIVE_KEEP	scripts/volume04/audit_example_exercise_balance.py;scripts/volume04/audit_example_exercise_expansion.py;scripts/volume04/expansion_common.py;scripts/volume04/reconcile_example_exercise_evidence.py;scripts/volume04/tex_safety.py	% END VOL04-EXPANSION IV05-exercises-01	keep; active tooling references this marker family
IV	books/vol04_complex_analysis/chapters/ch06_cauchy_s_integral_formula/chapter.tex	24	VOL04-EXPANSION	ACTIVE_KEEP	scripts/volume04/audit_example_exercise_balance.py;scripts/volume04/audit_example_exercise_expansion.py;scripts/volume04/expansion_common.py;scripts/volume04/reconcile_example_exercise_evidence.py;scripts/volume04/tex_safety.py	% BEGIN VOL04-EXPANSION IV06-example-01	keep; active tooling references this marker family
IV	books/vol04_complex_analysis/chapters/ch06_cauchy_s_integral_formula/chapter.tex	32	VOL04-EXPANSION	ACTIVE_KEEP	scripts/volume04/audit_example_exercise_balance.py;scripts/volume04/audit_example_exercise_expansion.py;scripts/volume04/expansion_common.py;scripts/volume04/reconcile_example_exercise_evidence.py;scripts/volume04/tex_safety.py	% END VOL04-EXPANSION IV06-example-01	keep; active tooling references this marker family
IV	books/vol04_complex_analysis/chapters/ch06_cauchy_s_integral_formula/chapter.tex	42	VOL04-EXPANSION	ACTIVE_KEEP	scripts/volume04/audit_example_exercise_balance.py;scripts/volume04/audit_example_exercise_expansion.py;scripts/volume04/expansion_common.py;scripts/volume04/reconcile_example_exercise_evidence.py;scripts/volume04/tex_safety.py	% BEGIN VOL04-EXPANSION IV06-example-02	keep; active tooling references this marker family
IV	books/vol04_complex_analysis/chapters/ch06_cauchy_s_integral_formula/chapter.tex	52	VOL04-EXPANSION	ACTIVE_KEEP	scripts/volume04/audit_example_exercise_balance.py;scripts/volume04/audit_example_exercise_expansion.py;scripts/volume04/expansion_common.py;scripts/volume04/reconcile_example_exercise_evidence.py;scripts/volume04/tex_safety.py	% END VOL04-EXPANSION IV06-example-02	keep; active tooling references this marker family
IV	books/vol04_complex_analysis/chapters/ch06_cauchy_s_integral_formula/chapter.tex	62	VOL04-EXPANSION	ACTIVE_KEEP	scripts/volume04/audit_example_exercise_balance.py;scripts/volume04/audit_example_exercise_expansion.py;scripts/volume04/expansion_common.py;scripts/volume04/reconcile_example_exercise_evidence.py;scripts/volume04/tex_safety.py	% BEGIN VOL04-EXPANSION IV06-example-03	keep; active tooling references this marker family
IV	books/vol04_complex_analysis/chapters/ch06_cauchy_s_integral_formula/chapter.tex	70	VOL04-EXPANSION	ACTIVE_KEEP	scripts/volume04/audit_example_exercise_balance.py;scripts/volume04/audit_example_exercise_expansion.py;scripts/volume04/expansion_common.py;scripts/volume04/reconcile_example_exercise_evidence.py;scripts/volume04/tex_safety.py	% END VOL04-EXPANSION IV06-example-03	keep; active tooling references this marker family
IV	books/vol04_complex_analysis/chapters/ch06_cauchy_s_integral_formula/chapter.tex	209	VOL04-HINT-RECONCILIATION	OBSOLETE_REMOVE		% VOL04-HINT-RECONCILIATION-IV06	remove pure-comment marker; provenance preserved in this ledger
IV	books/vol04_complex_analysis/chapters/ch06_cauchy_s_integral_formula/chapter.tex	294	VOL04-EXPANSION	ACTIVE_KEEP	scripts/volume04/audit_example_exercise_balance.py;scripts/volume04/audit_example_exercise_expansion.py;scripts/volume04/expansion_common.py;scripts/volume04/reconcile_example_exercise_evidence.py;scripts/volume04/tex_safety.py	% BEGIN VOL04-EXPANSION IV06-exercises-01	keep; active tooling references this marker family
IV	books/vol04_complex_analysis/chapters/ch06_cauchy_s_integral_formula/chapter.tex	468	VOL04-EXPANSION	ACTIVE_KEEP	scripts/volume04/audit_example_exercise_balance.py;scripts/volume04/audit_example_exercise_expansion.py;scripts/volume04/expansion_common.py;scripts/volume04/reconcile_example_exercise_evidence.py;scripts/volume04/tex_safety.py	% END VOL04-EXPANSION IV06-exercises-01	keep; active tooling references this marker family
IV	books/vol04_complex_analysis/chapters/ch07_zeros_and_the_identity_theorem/chapter.tex	27	VOL04-EXPANSION	ACTIVE_KEEP	scripts/volume04/audit_example_exercise_balance.py;scripts/volume04/audit_example_exercise_expansion.py;scripts/volume04/expansion_common.py;scripts/volume04/reconcile_example_exercise_evidence.py;scripts/volume04/tex_safety.py	% BEGIN VOL04-EXPANSION IV07-example-01	keep; active tooling references this marker family
IV	books/vol04_complex_analysis/chapters/ch07_zeros_and_the_identity_theorem/chapter.tex	31	VOL04-EXPANSION	ACTIVE_KEEP	scripts/volume04/audit_example_exercise_balance.py;scripts/volume04/audit_example_exercise_expansion.py;scripts/volume04/expansion_common.py;scripts/volume04/reconcile_example_exercise_evidence.py;scripts/volume04/tex_safety.py	% END VOL04-EXPANSION IV07-example-01	keep; active tooling references this marker family
IV	books/vol04_complex_analysis/chapters/ch07_zeros_and_the_identity_theorem/chapter.tex	41	VOL04-EXPANSION	ACTIVE_KEEP	scripts/volume04/audit_example_exercise_balance.py;scripts/volume04/audit_example_exercise_expansion.py;scripts/volume04/expansion_common.py;scripts/volume04/reconcile_example_exercise_evidence.py;scripts/volume04/tex_safety.py	% BEGIN VOL04-EXPANSION IV07-example-02	keep; active tooling references this marker family
IV	books/vol04_complex_analysis/chapters/ch07_zeros_and_the_identity_theorem/chapter.tex	45	VOL04-EXPANSION	ACTIVE_KEEP	scripts/volume04/audit_example_exercise_balance.py;scripts/volume04/audit_example_exercise_expansion.py;scripts/volume04/expansion_common.py;scripts/volume04/reconcile_example_exercise_evidence.py;scripts/volume04/tex_safety.py	% END VOL04-EXPANSION IV07-example-02	keep; active tooling references this marker family
IV	books/vol04_complex_analysis/chapters/ch07_zeros_and_the_identity_theorem/chapter.tex	55	VOL04-EXPANSION	ACTIVE_KEEP	scripts/volume04/audit_example_exercise_balance.py;scripts/volume04/audit_example_exercise_expansion.py;scripts/volume04/expansion_common.py;scripts/volume04/reconcile_example_exercise_evidence.py;scripts/volume04/tex_safety.py	% BEGIN VOL04-EXPANSION IV07-example-03	keep; active tooling references this marker family
IV	books/vol04_complex_analysis/chapters/ch07_zeros_and_the_identity_theorem/chapter.tex	59	VOL04-EXPANSION	ACTIVE_KEEP	scripts/volume04/audit_example_exercise_balance.py;scripts/volume04/audit_example_exercise_expansion.py;scripts/volume04/expansion_common.py;scripts/volume04/reconcile_example_exercise_evidence.py;scripts/volume04/tex_safety.py	% END VOL04-EXPANSION IV07-example-03	keep; active tooling references this marker family
IV	books/vol04_complex_analysis/chapters/ch07_zeros_and_the_identity_theorem/chapter.tex	188	VOL04-HINT-RECONCILIATION	OBSOLETE_REMOVE		% VOL04-HINT-RECONCILIATION-IV07	remove pure-comment marker; provenance preserved in this ledger
IV	books/vol04_complex_analysis/chapters/ch07_zeros_and_the_identity_theorem/chapter.tex	273	VOL04-EXPANSION	ACTIVE_KEEP	scripts/volume04/audit_example_exercise_balance.py;scripts/volume04/audit_example_exercise_expansion.py;scripts/volume04/expansion_common.py;scripts/volume04/reconcile_example_exercise_evidence.py;scripts/volume04/tex_safety.py	% BEGIN VOL04-EXPANSION IV07-exercises-01	keep; active tooling references this marker family
IV	books/vol04_complex_analysis/chapters/ch07_zeros_and_the_identity_theorem/chapter.tex	447	VOL04-EXPANSION	ACTIVE_KEEP	scripts/volume04/audit_example_exercise_balance.py;scripts/volume04/audit_example_exercise_expansion.py;scripts/volume04/expansion_common.py;scripts/volume04/reconcile_example_exercise_evidence.py;scripts/volume04/tex_safety.py	% END VOL04-EXPANSION IV07-exercises-01	keep; active tooling references this marker family
IV	books/vol04_complex_analysis/chapters/ch08_laurent_series/chapter.tex	24	VOL04-EXPANSION	ACTIVE_KEEP	scripts/volume04/audit_example_exercise_balance.py;scripts/volume04/audit_example_exercise_expansion.py;scripts/volume04/expansion_common.py;scripts/volume04/reconcile_example_exercise_evidence.py;scripts/volume04/tex_safety.py	% BEGIN VOL04-EXPANSION IV08-example-01	keep; active tooling references this marker family
IV	books/vol04_complex_analysis/chapters/ch08_laurent_series/chapter.tex	36	VOL04-EXPANSION	ACTIVE_KEEP	scripts/volume04/audit_example_exercise_balance.py;scripts/volume04/audit_example_exercise_expansion.py;scripts/volume04/expansion_common.py;scripts/volume04/reconcile_example_exercise_evidence.py;scripts/volume04/tex_safety.py	% END VOL04-EXPANSION IV08-example-01	keep; active tooling references this marker family
IV	books/vol04_complex_analysis/chapters/ch08_laurent_series/chapter.tex	46	VOL04-EXPANSION	ACTIVE_KEEP	scripts/volume04/audit_example_exercise_balance.py;scripts/volume04/audit_example_exercise_expansion.py;scripts/volume04/expansion_common.py;scripts/volume04/reconcile_example_exercise_evidence.py;scripts/volume04/tex_safety.py	% BEGIN VOL04-EXPANSION IV08-example-02	keep; active tooling references this marker family
IV	books/vol04_complex_analysis/chapters/ch08_laurent_series/chapter.tex	54	VOL04-EXPANSION	ACTIVE_KEEP	scripts/volume04/audit_example_exercise_balance.py;scripts/volume04/audit_example_exercise_expansion.py;scripts/volume04/expansion_common.py;scripts/volume04/reconcile_example_exercise_evidence.py;scripts/volume04/tex_safety.py	% END VOL04-EXPANSION IV08-example-02	keep; active tooling references this marker family
IV	books/vol04_complex_analysis/chapters/ch08_laurent_series/chapter.tex	64	VOL04-EXPANSION	ACTIVE_KEEP	scripts/volume04/audit_example_exercise_balance.py;scripts/volume04/audit_example_exercise_expansion.py;scripts/volume04/expansion_common.py;scripts/volume04/reconcile_example_exercise_evidence.py;scripts/volume04/tex_safety.py	% BEGIN VOL04-EXPANSION IV08-example-03	keep; active tooling references this marker family
IV	books/vol04_complex_analysis/chapters/ch08_laurent_series/chapter.tex	72	VOL04-EXPANSION	ACTIVE_KEEP	scripts/volume04/audit_example_exercise_balance.py;scripts/volume04/audit_example_exercise_expansion.py;scripts/volume04/expansion_common.py;scripts/volume04/reconcile_example_exercise_evidence.py;scripts/volume04/tex_safety.py	% END VOL04-EXPANSION IV08-example-03	keep; active tooling references this marker family
IV	books/vol04_complex_analysis/chapters/ch08_laurent_series/chapter.tex	207	VOL04-HINT-RECONCILIATION	OBSOLETE_REMOVE		% VOL04-HINT-RECONCILIATION-IV08	remove pure-comment marker; provenance preserved in this ledger
IV	books/vol04_complex_analysis/chapters/ch08_laurent_series/chapter.tex	292	VOL04-EXPANSION	ACTIVE_KEEP	scripts/volume04/audit_example_exercise_balance.py;scripts/volume04/audit_example_exercise_expansion.py;scripts/volume04/expansion_common.py;scripts/volume04/reconcile_example_exercise_evidence.py;scripts/volume04/tex_safety.py	% BEGIN VOL04-EXPANSION IV08-exercises-01	keep; active tooling references this marker family
IV	books/vol04_complex_analysis/chapters/ch08_laurent_series/chapter.tex	466	VOL04-EXPANSION	ACTIVE_KEEP	scripts/volume04/audit_example_exercise_balance.py;scripts/volume04/audit_example_exercise_expansion.py;scripts/volume04/expansion_common.py;scripts/volume04/reconcile_example_exercise_evidence.py;scripts/volume04/tex_safety.py	% END VOL04-EXPANSION IV08-exercises-01	keep; active tooling references this marker family
IV	books/vol04_complex_analysis/chapters/ch09_isolated_singularities/chapter.tex	24	VOL04-EXPANSION	ACTIVE_KEEP	scripts/volume04/audit_example_exercise_balance.py;scripts/volume04/audit_example_exercise_expansion.py;scripts/volume04/expansion_common.py;scripts/volume04/reconcile_example_exercise_evidence.py;scripts/volume04/tex_safety.py	% BEGIN VOL04-EXPANSION IV09-example-01	keep; active tooling references this marker family
IV	books/vol04_complex_analysis/chapters/ch09_isolated_singularities/chapter.tex	32	VOL04-EXPANSION	ACTIVE_KEEP	scripts/volume04/audit_example_exercise_balance.py;scripts/volume04/audit_example_exercise_expansion.py;scripts/volume04/expansion_common.py;scripts/volume04/reconcile_example_exercise_evidence.py;scripts/volume04/tex_safety.py	% END VOL04-EXPANSION IV09-example-01	keep; active tooling references this marker family
IV	books/vol04_complex_analysis/chapters/ch09_isolated_singularities/chapter.tex	42	VOL04-EXPANSION	ACTIVE_KEEP	scripts/volume04/audit_example_exercise_balance.py;scripts/volume04/audit_example_exercise_expansion.py;scripts/volume04/expansion_common.py;scripts/volume04/reconcile_example_exercise_evidence.py;scripts/volume04/tex_safety.py	% BEGIN VOL04-EXPANSION IV09-example-02	keep; active tooling references this marker family
IV	books/vol04_complex_analysis/chapters/ch09_isolated_singularities/chapter.tex	46	VOL04-EXPANSION	ACTIVE_KEEP	scripts/volume04/audit_example_exercise_balance.py;scripts/volume04/audit_example_exercise_expansion.py;scripts/volume04/expansion_common.py;scripts/volume04/reconcile_example_exercise_evidence.py;scripts/volume04/tex_safety.py	% END VOL04-EXPANSION IV09-example-02	keep; active tooling references this marker family
IV	books/vol04_complex_analysis/chapters/ch09_isolated_singularities/chapter.tex	56	VOL04-EXPANSION	ACTIVE_KEEP	scripts/volume04/audit_example_exercise_balance.py;scripts/volume04/audit_example_exercise_expansion.py;scripts/volume04/expansion_common.py;scripts/volume04/reconcile_example_exercise_evidence.py;scripts/volume04/tex_safety.py	% BEGIN VOL04-EXPANSION IV09-example-03	keep; active tooling references this marker family
IV	books/vol04_complex_analysis/chapters/ch09_isolated_singularities/chapter.tex	64	VOL04-EXPANSION	ACTIVE_KEEP	scripts/volume04/audit_example_exercise_balance.py;scripts/volume04/audit_example_exercise_expansion.py;scripts/volume04/expansion_common.py;scripts/volume04/reconcile_example_exercise_evidence.py;scripts/volume04/tex_safety.py	% END VOL04-EXPANSION IV09-example-03	keep; active tooling references this marker family
IV	books/vol04_complex_analysis/chapters/ch09_isolated_singularities/chapter.tex	196	VOL04-HINT-RECONCILIATION	OBSOLETE_REMOVE		% VOL04-HINT-RECONCILIATION-IV09	remove pure-comment marker; provenance preserved in this ledger
IV	books/vol04_complex_analysis/chapters/ch09_isolated_singularities/chapter.tex	281	VOL04-EXPANSION	ACTIVE_KEEP	scripts/volume04/audit_example_exercise_balance.py;scripts/volume04/audit_example_exercise_expansion.py;scripts/volume04/expansion_common.py;scripts/volume04/reconcile_example_exercise_evidence.py;scripts/volume04/tex_safety.py	% BEGIN VOL04-EXPANSION IV09-exercises-01	keep; active tooling references this marker family
IV	books/vol04_complex_analysis/chapters/ch09_isolated_singularities/chapter.tex	455	VOL04-EXPANSION	ACTIVE_KEEP	scripts/volume04/audit_example_exercise_balance.py;scripts/volume04/audit_example_exercise_expansion.py;scripts/volume04/expansion_common.py;scripts/volume04/reconcile_example_exercise_evidence.py;scripts/volume04/tex_safety.py	% END VOL04-EXPANSION IV09-exercises-01	keep; active tooling references this marker family
IV	books/vol04_complex_analysis/chapters/ch10_residues_and_the_residue_theorem/chapter.tex	24	VOL04-EXPANSION	ACTIVE_KEEP	scripts/volume04/audit_example_exercise_balance.py;scripts/volume04/audit_example_exercise_expansion.py;scripts/volume04/expansion_common.py;scripts/volume04/reconcile_example_exercise_evidence.py;scripts/volume04/tex_safety.py	% BEGIN VOL04-EXPANSION IV10-example-01	keep; active tooling references this marker family
IV	books/vol04_complex_analysis/chapters/ch10_residues_and_the_residue_theorem/chapter.tex	32	VOL04-EXPANSION	ACTIVE_KEEP	scripts/volume04/audit_example_exercise_balance.py;scripts/volume04/audit_example_exercise_expansion.py;scripts/volume04/expansion_common.py;scripts/volume04/reconcile_example_exercise_evidence.py;scripts/volume04/tex_safety.py	% END VOL04-EXPANSION IV10-example-01	keep; active tooling references this marker family
IV	books/vol04_complex_analysis/chapters/ch10_residues_and_the_residue_theorem/chapter.tex	42	VOL04-EXPANSION	ACTIVE_KEEP	scripts/volume04/audit_example_exercise_balance.py;scripts/volume04/audit_example_exercise_expansion.py;scripts/volume04/expansion_common.py;scripts/volume04/reconcile_example_exercise_evidence.py;scripts/volume04/tex_safety.py	% BEGIN VOL04-EXPANSION IV10-example-02	keep; active tooling references this marker family
IV	books/vol04_complex_analysis/chapters/ch10_residues_and_the_residue_theorem/chapter.tex	51	VOL04-EXPANSION	ACTIVE_KEEP	scripts/volume04/audit_example_exercise_balance.py;scripts/volume04/audit_example_exercise_expansion.py;scripts/volume04/expansion_common.py;scripts/volume04/reconcile_example_exercise_evidence.py;scripts/volume04/tex_safety.py	% END VOL04-EXPANSION IV10-example-02	keep; active tooling references this marker family
IV	books/vol04_complex_analysis/chapters/ch10_residues_and_the_residue_theorem/chapter.tex	61	VOL04-EXPANSION	ACTIVE_KEEP	scripts/volume04/audit_example_exercise_balance.py;scripts/volume04/audit_example_exercise_expansion.py;scripts/volume04/expansion_common.py;scripts/volume04/reconcile_example_exercise_evidence.py;scripts/volume04/tex_safety.py	% BEGIN VOL04-EXPANSION IV10-example-03	keep; active tooling references this marker family
IV	books/vol04_complex_analysis/chapters/ch10_residues_and_the_residue_theorem/chapter.tex	69	VOL04-EXPANSION	ACTIVE_KEEP	scripts/volume04/audit_example_exercise_balance.py;scripts/volume04/audit_example_exercise_expansion.py;scripts/volume04/expansion_common.py;scripts/volume04/reconcile_example_exercise_evidence.py;scripts/volume04/tex_safety.py	% END VOL04-EXPANSION IV10-example-03	keep; active tooling references this marker family
IV	books/vol04_complex_analysis/chapters/ch10_residues_and_the_residue_theorem/chapter.tex	211	VOL04-HINT-RECONCILIATION	OBSOLETE_REMOVE		% VOL04-HINT-RECONCILIATION-IV10	remove pure-comment marker; provenance preserved in this ledger
IV	books/vol04_complex_analysis/chapters/ch10_residues_and_the_residue_theorem/chapter.tex	296	VOL04-EXPANSION	ACTIVE_KEEP	scripts/volume04/audit_example_exercise_balance.py;scripts/volume04/audit_example_exercise_expansion.py;scripts/volume04/expansion_common.py;scripts/volume04/reconcile_example_exercise_evidence.py;scripts/volume04/tex_safety.py	% BEGIN VOL04-EXPANSION IV10-exercises-01	keep; active tooling references this marker family
IV	books/vol04_complex_analysis/chapters/ch10_residues_and_the_residue_theorem/chapter.tex	470	VOL04-EXPANSION	ACTIVE_KEEP	scripts/volume04/audit_example_exercise_balance.py;scripts/volume04/audit_example_exercise_expansion.py;scripts/volume04/expansion_common.py;scripts/volume04/reconcile_example_exercise_evidence.py;scripts/volume04/tex_safety.py	% END VOL04-EXPANSION IV10-exercises-01	keep; active tooling references this marker family
IV	books/vol04_complex_analysis/chapters/ch11_evaluation_of_real_integrals/chapter.tex	24	VOL04-EXPANSION	ACTIVE_KEEP	scripts/volume04/audit_example_exercise_balance.py;scripts/volume04/audit_example_exercise_expansion.py;scripts/volume04/expansion_common.py;scripts/volume04/reconcile_example_exercise_evidence.py;scripts/volume04/tex_safety.py	% BEGIN VOL04-EXPANSION IV11-example-01	keep; active tooling references this marker family
IV	books/vol04_complex_analysis/chapters/ch11_evaluation_of_real_integrals/chapter.tex	31	VOL04-EXPANSION	ACTIVE_KEEP	scripts/volume04/audit_example_exercise_balance.py;scripts/volume04/audit_example_exercise_expansion.py;scripts/volume04/expansion_common.py;scripts/volume04/reconcile_example_exercise_evidence.py;scripts/volume04/tex_safety.py	% END VOL04-EXPANSION IV11-example-01	keep; active tooling references this marker family
IV	books/vol04_complex_analysis/chapters/ch11_evaluation_of_real_integrals/chapter.tex	41	VOL04-EXPANSION	ACTIVE_KEEP	scripts/volume04/audit_example_exercise_balance.py;scripts/volume04/audit_example_exercise_expansion.py;scripts/volume04/expansion_common.py;scripts/volume04/reconcile_example_exercise_evidence.py;scripts/volume04/tex_safety.py	% BEGIN VOL04-EXPANSION IV11-example-02	keep; active tooling references this marker family
IV	books/vol04_complex_analysis/chapters/ch11_evaluation_of_real_integrals/chapter.tex	49	VOL04-EXPANSION	ACTIVE_KEEP	scripts/volume04/audit_example_exercise_balance.py;scripts/volume04/audit_example_exercise_expansion.py;scripts/volume04/expansion_common.py;scripts/volume04/reconcile_example_exercise_evidence.py;scripts/volume04/tex_safety.py	% END VOL04-EXPANSION IV11-example-02	keep; active tooling references this marker family
IV	books/vol04_complex_analysis/chapters/ch11_evaluation_of_real_integrals/chapter.tex	59	VOL04-EXPANSION	ACTIVE_KEEP	scripts/volume04/audit_example_exercise_balance.py;scripts/volume04/audit_example_exercise_expansion.py;scripts/volume04/expansion_common.py;scripts/volume04/reconcile_example_exercise_evidence.py;scripts/volume04/tex_safety.py	% BEGIN VOL04-EXPANSION IV11-example-03	keep; active tooling references this marker family
IV	books/vol04_complex_analysis/chapters/ch11_evaluation_of_real_integrals/chapter.tex	67	VOL04-EXPANSION	ACTIVE_KEEP	scripts/volume04/audit_example_exercise_balance.py;scripts/volume04/audit_example_exercise_expansion.py;scripts/volume04/expansion_common.py;scripts/volume04/reconcile_example_exercise_evidence.py;scripts/volume04/tex_safety.py	% END VOL04-EXPANSION IV11-example-03	keep; active tooling references this marker family
IV	books/vol04_complex_analysis/chapters/ch11_evaluation_of_real_integrals/chapter.tex	202	VOL04-HINT-RECONCILIATION	OBSOLETE_REMOVE		% VOL04-HINT-RECONCILIATION-IV11	remove pure-comment marker; provenance preserved in this ledger
IV	books/vol04_complex_analysis/chapters/ch11_evaluation_of_real_integrals/chapter.tex	287	VOL04-EXPANSION	ACTIVE_KEEP	scripts/volume04/audit_example_exercise_balance.py;scripts/volume04/audit_example_exercise_expansion.py;scripts/volume04/expansion_common.py;scripts/volume04/reconcile_example_exercise_evidence.py;scripts/volume04/tex_safety.py	% BEGIN VOL04-EXPANSION IV11-exercises-01	keep; active tooling references this marker family
IV	books/vol04_complex_analysis/chapters/ch11_evaluation_of_real_integrals/chapter.tex	461	VOL04-EXPANSION	ACTIVE_KEEP	scripts/volume04/audit_example_exercise_balance.py;scripts/volume04/audit_example_exercise_expansion.py;scripts/volume04/expansion_common.py;scripts/volume04/reconcile_example_exercise_evidence.py;scripts/volume04/tex_safety.py	% END VOL04-EXPANSION IV11-exercises-01	keep; active tooling references this marker family
IV	books/vol04_complex_analysis/chapters/ch12_winding_numbers_and_the_argument_principle/chapter.tex	24	VOL04-EXPANSION	ACTIVE_KEEP	scripts/volume04/audit_example_exercise_balance.py;scripts/volume04/audit_example_exercise_expansion.py;scripts/volume04/expansion_common.py;scripts/volume04/reconcile_example_exercise_evidence.py;scripts/volume04/tex_safety.py	% BEGIN VOL04-EXPANSION IV12-example-01	keep; active tooling references this marker family
IV	books/vol04_complex_analysis/chapters/ch12_winding_numbers_and_the_argument_principle/chapter.tex	32	VOL04-EXPANSION	ACTIVE_KEEP	scripts/volume04/audit_example_exercise_balance.py;scripts/volume04/audit_example_exercise_expansion.py;scripts/volume04/expansion_common.py;scripts/volume04/reconcile_example_exercise_evidence.py;scripts/volume04/tex_safety.py	% END VOL04-EXPANSION IV12-example-01	keep; active tooling references this marker family
IV	books/vol04_complex_analysis/chapters/ch12_winding_numbers_and_the_argument_principle/chapter.tex	42	VOL04-EXPANSION	ACTIVE_KEEP	scripts/volume04/audit_example_exercise_balance.py;scripts/volume04/audit_example_exercise_expansion.py;scripts/volume04/expansion_common.py;scripts/volume04/reconcile_example_exercise_evidence.py;scripts/volume04/tex_safety.py	% BEGIN VOL04-EXPANSION IV12-example-02	keep; active tooling references this marker family
IV	books/vol04_complex_analysis/chapters/ch12_winding_numbers_and_the_argument_principle/chapter.tex	50	VOL04-EXPANSION	ACTIVE_KEEP	scripts/volume04/audit_example_exercise_balance.py;scripts/volume04/audit_example_exercise_expansion.py;scripts/volume04/expansion_common.py;scripts/volume04/reconcile_example_exercise_evidence.py;scripts/volume04/tex_safety.py	% END VOL04-EXPANSION IV12-example-02	keep; active tooling references this marker family
IV	books/vol04_complex_analysis/chapters/ch12_winding_numbers_and_the_argument_principle/chapter.tex	60	VOL04-EXPANSION	ACTIVE_KEEP	scripts/volume04/audit_example_exercise_balance.py;scripts/volume04/audit_example_exercise_expansion.py;scripts/volume04/expansion_common.py;scripts/volume04/reconcile_example_exercise_evidence.py;scripts/volume04/tex_safety.py	% BEGIN VOL04-EXPANSION IV12-example-03	keep; active tooling references this marker family
IV	books/vol04_complex_analysis/chapters/ch12_winding_numbers_and_the_argument_principle/chapter.tex	68	VOL04-EXPANSION	ACTIVE_KEEP	scripts/volume04/audit_example_exercise_balance.py;scripts/volume04/audit_example_exercise_expansion.py;scripts/volume04/expansion_common.py;scripts/volume04/reconcile_example_exercise_evidence.py;scripts/volume04/tex_safety.py	% END VOL04-EXPANSION IV12-example-03	keep; active tooling references this marker family
IV	books/vol04_complex_analysis/chapters/ch12_winding_numbers_and_the_argument_principle/chapter.tex	259	VOL04-HINT-RECONCILIATION	OBSOLETE_REMOVE		% VOL04-HINT-RECONCILIATION-IV12	remove pure-comment marker; provenance preserved in this ledger
IV	books/vol04_complex_analysis/chapters/ch12_winding_numbers_and_the_argument_principle/chapter.tex	381	VOL04-EXPANSION	ACTIVE_KEEP	scripts/volume04/audit_example_exercise_balance.py;scripts/volume04/audit_example_exercise_expansion.py;scripts/volume04/expansion_common.py;scripts/volume04/reconcile_example_exercise_evidence.py;scripts/volume04/tex_safety.py	% BEGIN VOL04-EXPANSION IV12-exercises-01	keep; active tooling references this marker family
IV	books/vol04_complex_analysis/chapters/ch12_winding_numbers_and_the_argument_principle/chapter.tex	555	VOL04-EXPANSION	ACTIVE_KEEP	scripts/volume04/audit_example_exercise_balance.py;scripts/volume04/audit_example_exercise_expansion.py;scripts/volume04/expansion_common.py;scripts/volume04/reconcile_example_exercise_evidence.py;scripts/volume04/tex_safety.py	% END VOL04-EXPANSION IV12-exercises-01	keep; active tooling references this marker family
IV	books/vol04_complex_analysis/chapters/ch13_rouch_s_theorem/chapter.tex	24	VOL04-EXPANSION	ACTIVE_KEEP	scripts/volume04/audit_example_exercise_balance.py;scripts/volume04/audit_example_exercise_expansion.py;scripts/volume04/expansion_common.py;scripts/volume04/reconcile_example_exercise_evidence.py;scripts/volume04/tex_safety.py	% BEGIN VOL04-EXPANSION IV13-example-01	keep; active tooling references this marker family
IV	books/vol04_complex_analysis/chapters/ch13_rouch_s_theorem/chapter.tex	28	VOL04-EXPANSION	ACTIVE_KEEP	scripts/volume04/audit_example_exercise_balance.py;scripts/volume04/audit_example_exercise_expansion.py;scripts/volume04/expansion_common.py;scripts/volume04/reconcile_example_exercise_evidence.py;scripts/volume04/tex_safety.py	% END VOL04-EXPANSION IV13-example-01	keep; active tooling references this marker family
IV	books/vol04_complex_analysis/chapters/ch13_rouch_s_theorem/chapter.tex	38	VOL04-EXPANSION	ACTIVE_KEEP	scripts/volume04/audit_example_exercise_balance.py;scripts/volume04/audit_example_exercise_expansion.py;scripts/volume04/expansion_common.py;scripts/volume04/reconcile_example_exercise_evidence.py;scripts/volume04/tex_safety.py	% BEGIN VOL04-EXPANSION IV13-example-02	keep; active tooling references this marker family
IV	books/vol04_complex_analysis/chapters/ch13_rouch_s_theorem/chapter.tex	46	VOL04-EXPANSION	ACTIVE_KEEP	scripts/volume04/audit_example_exercise_balance.py;scripts/volume04/audit_example_exercise_expansion.py;scripts/volume04/expansion_common.py;scripts/volume04/reconcile_example_exercise_evidence.py;scripts/volume04/tex_safety.py	% END VOL04-EXPANSION IV13-example-02	keep; active tooling references this marker family
IV	books/vol04_complex_analysis/chapters/ch13_rouch_s_theorem/chapter.tex	97	VOL04-EXPANSION	ACTIVE_KEEP	scripts/volume04/audit_example_exercise_balance.py;scripts/volume04/audit_example_exercise_expansion.py;scripts/volume04/expansion_common.py;scripts/volume04/reconcile_example_exercise_evidence.py;scripts/volume04/tex_safety.py	% BEGIN VOL04-EXPANSION IV13-example-03	keep; active tooling references this marker family
IV	books/vol04_complex_analysis/chapters/ch13_rouch_s_theorem/chapter.tex	101	VOL04-EXPANSION	ACTIVE_KEEP	scripts/volume04/audit_example_exercise_balance.py;scripts/volume04/audit_example_exercise_expansion.py;scripts/volume04/expansion_common.py;scripts/volume04/reconcile_example_exercise_evidence.py;scripts/volume04/tex_safety.py	% END VOL04-EXPANSION IV13-example-03	keep; active tooling references this marker family
IV	books/vol04_complex_analysis/chapters/ch13_rouch_s_theorem/chapter.tex	233	VOL04-HINT-RECONCILIATION	OBSOLETE_REMOVE		% VOL04-HINT-RECONCILIATION-IV13	remove pure-comment marker; provenance preserved in this ledger
IV	books/vol04_complex_analysis/chapters/ch13_rouch_s_theorem/chapter.tex	318	VOL04-EXPANSION	ACTIVE_KEEP	scripts/volume04/audit_example_exercise_balance.py;scripts/volume04/audit_example_exercise_expansion.py;scripts/volume04/expansion_common.py;scripts/volume04/reconcile_example_exercise_evidence.py;scripts/volume04/tex_safety.py	% BEGIN VOL04-EXPANSION IV13-exercises-01	keep; active tooling references this marker family
IV	books/vol04_complex_analysis/chapters/ch13_rouch_s_theorem/chapter.tex	492	VOL04-EXPANSION	ACTIVE_KEEP	scripts/volume04/audit_example_exercise_balance.py;scripts/volume04/audit_example_exercise_expansion.py;scripts/volume04/expansion_common.py;scripts/volume04/reconcile_example_exercise_evidence.py;scripts/volume04/tex_safety.py	% END VOL04-EXPANSION IV13-exercises-01	keep; active tooling references this marker family
IV	books/vol04_complex_analysis/chapters/ch14_branches_of_the_logarithm_and_roots/chapter.tex	24	VOL04-EXPANSION	ACTIVE_KEEP	scripts/volume04/audit_example_exercise_balance.py;scripts/volume04/audit_example_exercise_expansion.py;scripts/volume04/expansion_common.py;scripts/volume04/reconcile_example_exercise_evidence.py;scripts/volume04/tex_safety.py	% BEGIN VOL04-EXPANSION IV14-example-01	keep; active tooling references this marker family
IV	books/vol04_complex_analysis/chapters/ch14_branches_of_the_logarithm_and_roots/chapter.tex	32	VOL04-EXPANSION	ACTIVE_KEEP	scripts/volume04/audit_example_exercise_balance.py;scripts/volume04/audit_example_exercise_expansion.py;scripts/volume04/expansion_common.py;scripts/volume04/reconcile_example_exercise_evidence.py;scripts/volume04/tex_safety.py	% END VOL04-EXPANSION IV14-example-01	keep; active tooling references this marker family
IV	books/vol04_complex_analysis/chapters/ch14_branches_of_the_logarithm_and_roots/chapter.tex	42	VOL04-EXPANSION	ACTIVE_KEEP	scripts/volume04/audit_example_exercise_balance.py;scripts/volume04/audit_example_exercise_expansion.py;scripts/volume04/expansion_common.py;scripts/volume04/reconcile_example_exercise_evidence.py;scripts/volume04/tex_safety.py	% BEGIN VOL04-EXPANSION IV14-example-02	keep; active tooling references this marker family
IV	books/vol04_complex_analysis/chapters/ch14_branches_of_the_logarithm_and_roots/chapter.tex	50	VOL04-EXPANSION	ACTIVE_KEEP	scripts/volume04/audit_example_exercise_balance.py;scripts/volume04/audit_example_exercise_expansion.py;scripts/volume04/expansion_common.py;scripts/volume04/reconcile_example_exercise_evidence.py;scripts/volume04/tex_safety.py	% END VOL04-EXPANSION IV14-example-02	keep; active tooling references this marker family
IV	books/vol04_complex_analysis/chapters/ch14_branches_of_the_logarithm_and_roots/chapter.tex	60	VOL04-EXPANSION	ACTIVE_KEEP	scripts/volume04/audit_example_exercise_balance.py;scripts/volume04/audit_example_exercise_expansion.py;scripts/volume04/expansion_common.py;scripts/volume04/reconcile_example_exercise_evidence.py;scripts/volume04/tex_safety.py	% BEGIN VOL04-EXPANSION IV14-example-03	keep; active tooling references this marker family
IV	books/vol04_complex_analysis/chapters/ch14_branches_of_the_logarithm_and_roots/chapter.tex	68	VOL04-EXPANSION	ACTIVE_KEEP	scripts/volume04/audit_example_exercise_balance.py;scripts/volume04/audit_example_exercise_expansion.py;scripts/volume04/expansion_common.py;scripts/volume04/reconcile_example_exercise_evidence.py;scripts/volume04/tex_safety.py	% END VOL04-EXPANSION IV14-example-03	keep; active tooling references this marker family
IV	books/vol04_complex_analysis/chapters/ch14_branches_of_the_logarithm_and_roots/chapter.tex	203	VOL04-HINT-RECONCILIATION	OBSOLETE_REMOVE		% VOL04-HINT-RECONCILIATION-IV14	remove pure-comment marker; provenance preserved in this ledger
IV	books/vol04_complex_analysis/chapters/ch14_branches_of_the_logarithm_and_roots/chapter.tex	288	VOL04-EXPANSION	ACTIVE_KEEP	scripts/volume04/audit_example_exercise_balance.py;scripts/volume04/audit_example_exercise_expansion.py;scripts/volume04/expansion_common.py;scripts/volume04/reconcile_example_exercise_evidence.py;scripts/volume04/tex_safety.py	% BEGIN VOL04-EXPANSION IV14-exercises-01	keep; active tooling references this marker family
IV	books/vol04_complex_analysis/chapters/ch14_branches_of_the_logarithm_and_roots/chapter.tex	462	VOL04-EXPANSION	ACTIVE_KEEP	scripts/volume04/audit_example_exercise_balance.py;scripts/volume04/audit_example_exercise_expansion.py;scripts/volume04/expansion_common.py;scripts/volume04/reconcile_example_exercise_evidence.py;scripts/volume04/tex_safety.py	% END VOL04-EXPANSION IV14-exercises-01	keep; active tooling references this marker family
IV	books/vol04_complex_analysis/chapters/ch15_analytic_continuation/chapter.tex	24	VOL04-EXPANSION	ACTIVE_KEEP	scripts/volume04/audit_example_exercise_balance.py;scripts/volume04/audit_example_exercise_expansion.py;scripts/volume04/expansion_common.py;scripts/volume04/reconcile_example_exercise_evidence.py;scripts/volume04/tex_safety.py	% BEGIN VOL04-EXPANSION IV15-example-01	keep; active tooling references this marker family
IV	books/vol04_complex_analysis/chapters/ch15_analytic_continuation/chapter.tex	28	VOL04-EXPANSION	ACTIVE_KEEP	scripts/volume04/audit_example_exercise_balance.py;scripts/volume04/audit_example_exercise_expansion.py;scripts/volume04/expansion_common.py;scripts/volume04/reconcile_example_exercise_evidence.py;scripts/volume04/tex_safety.py	% END VOL04-EXPANSION IV15-example-01	keep; active tooling references this marker family
IV	books/vol04_complex_analysis/chapters/ch15_analytic_continuation/chapter.tex	38	VOL04-EXPANSION	ACTIVE_KEEP	scripts/volume04/audit_example_exercise_balance.py;scripts/volume04/audit_example_exercise_expansion.py;scripts/volume04/expansion_common.py;scripts/volume04/reconcile_example_exercise_evidence.py;scripts/volume04/tex_safety.py	% BEGIN VOL04-EXPANSION IV15-example-02	keep; active tooling references this marker family
IV	books/vol04_complex_analysis/chapters/ch15_analytic_continuation/chapter.tex	42	VOL04-EXPANSION	ACTIVE_KEEP	scripts/volume04/audit_example_exercise_balance.py;scripts/volume04/audit_example_exercise_expansion.py;scripts/volume04/expansion_common.py;scripts/volume04/reconcile_example_exercise_evidence.py;scripts/volume04/tex_safety.py	% END VOL04-EXPANSION IV15-example-02	keep; active tooling references this marker family
IV	books/vol04_complex_analysis/chapters/ch15_analytic_continuation/chapter.tex	81	VOL04-EXPANSION	ACTIVE_KEEP	scripts/volume04/audit_example_exercise_balance.py;scripts/volume04/audit_example_exercise_expansion.py;scripts/volume04/expansion_common.py;scripts/volume04/reconcile_example_exercise_evidence.py;scripts/volume04/tex_safety.py	% BEGIN VOL04-EXPANSION IV15-example-03	keep; active tooling references this marker family
IV	books/vol04_complex_analysis/chapters/ch15_analytic_continuation/chapter.tex	85	VOL04-EXPANSION	ACTIVE_KEEP	scripts/volume04/audit_example_exercise_balance.py;scripts/volume04/audit_example_exercise_expansion.py;scripts/volume04/expansion_common.py;scripts/volume04/reconcile_example_exercise_evidence.py;scripts/volume04/tex_safety.py	% END VOL04-EXPANSION IV15-example-03	keep; active tooling references this marker family
IV	books/vol04_complex_analysis/chapters/ch15_analytic_continuation/chapter.tex	220	VOL04-HINT-RECONCILIATION	OBSOLETE_REMOVE		% VOL04-HINT-RECONCILIATION-IV15	remove pure-comment marker; provenance preserved in this ledger
IV	books/vol04_complex_analysis/chapters/ch15_analytic_continuation/chapter.tex	305	VOL04-EXPANSION	ACTIVE_KEEP	scripts/volume04/audit_example_exercise_balance.py;scripts/volume04/audit_example_exercise_expansion.py;scripts/volume04/expansion_common.py;scripts/volume04/reconcile_example_exercise_evidence.py;scripts/volume04/tex_safety.py	% BEGIN VOL04-EXPANSION IV15-exercises-01	keep; active tooling references this marker family
IV	books/vol04_complex_analysis/chapters/ch15_analytic_continuation/chapter.tex	479	VOL04-EXPANSION	ACTIVE_KEEP	scripts/volume04/audit_example_exercise_balance.py;scripts/volume04/audit_example_exercise_expansion.py;scripts/volume04/expansion_common.py;scripts/volume04/reconcile_example_exercise_evidence.py;scripts/volume04/tex_safety.py	% END VOL04-EXPANSION IV15-exercises-01	keep; active tooling references this marker family
IV	books/vol04_complex_analysis/chapters/ch16_m_bius_transformations/chapter.tex	24	VOL04-EXPANSION	ACTIVE_KEEP	scripts/volume04/audit_example_exercise_balance.py;scripts/volume04/audit_example_exercise_expansion.py;scripts/volume04/expansion_common.py;scripts/volume04/reconcile_example_exercise_evidence.py;scripts/volume04/tex_safety.py	% BEGIN VOL04-EXPANSION IV16-example-01	keep; active tooling references this marker family
IV	books/vol04_complex_analysis/chapters/ch16_m_bius_transformations/chapter.tex	32	VOL04-EXPANSION	ACTIVE_KEEP	scripts/volume04/audit_example_exercise_balance.py;scripts/volume04/audit_example_exercise_expansion.py;scripts/volume04/expansion_common.py;scripts/volume04/reconcile_example_exercise_evidence.py;scripts/volume04/tex_safety.py	% END VOL04-EXPANSION IV16-example-01	keep; active tooling references this marker family
IV	books/vol04_complex_analysis/chapters/ch16_m_bius_transformations/chapter.tex	42	VOL04-EXPANSION	ACTIVE_KEEP	scripts/volume04/audit_example_exercise_balance.py;scripts/volume04/audit_example_exercise_expansion.py;scripts/volume04/expansion_common.py;scripts/volume04/reconcile_example_exercise_evidence.py;scripts/volume04/tex_safety.py	% BEGIN VOL04-EXPANSION IV16-example-02	keep; active tooling references this marker family
IV	books/vol04_complex_analysis/chapters/ch16_m_bius_transformations/chapter.tex	50	VOL04-EXPANSION	ACTIVE_KEEP	scripts/volume04/audit_example_exercise_balance.py;scripts/volume04/audit_example_exercise_expansion.py;scripts/volume04/expansion_common.py;scripts/volume04/reconcile_example_exercise_evidence.py;scripts/volume04/tex_safety.py	% END VOL04-EXPANSION IV16-example-02	keep; active tooling references this marker family
IV	books/vol04_complex_analysis/chapters/ch16_m_bius_transformations/chapter.tex	60	VOL04-EXPANSION	ACTIVE_KEEP	scripts/volume04/audit_example_exercise_balance.py;scripts/volume04/audit_example_exercise_expansion.py;scripts/volume04/expansion_common.py;scripts/volume04/reconcile_example_exercise_evidence.py;scripts/volume04/tex_safety.py	% BEGIN VOL04-EXPANSION IV16-example-03	keep; active tooling references this marker family
IV	books/vol04_complex_analysis/chapters/ch16_m_bius_transformations/chapter.tex	68	VOL04-EXPANSION	ACTIVE_KEEP	scripts/volume04/audit_example_exercise_balance.py;scripts/volume04/audit_example_exercise_expansion.py;scripts/volume04/expansion_common.py;scripts/volume04/reconcile_example_exercise_evidence.py;scripts/volume04/tex_safety.py	% END VOL04-EXPANSION IV16-example-03	keep; active tooling references this marker family
IV	books/vol04_complex_analysis/chapters/ch16_m_bius_transformations/chapter.tex	203	VOL04-HINT-RECONCILIATION	OBSOLETE_REMOVE		% VOL04-HINT-RECONCILIATION-IV16	remove pure-comment marker; provenance preserved in this ledger
IV	books/vol04_complex_analysis/chapters/ch16_m_bius_transformations/chapter.tex	288	VOL04-EXPANSION	ACTIVE_KEEP	scripts/volume04/audit_example_exercise_balance.py;scripts/volume04/audit_example_exercise_expansion.py;scripts/volume04/expansion_common.py;scripts/volume04/reconcile_example_exercise_evidence.py;scripts/volume04/tex_safety.py	% BEGIN VOL04-EXPANSION IV16-exercises-01	keep; active tooling references this marker family
IV	books/vol04_complex_analysis/chapters/ch16_m_bius_transformations/chapter.tex	462	VOL04-EXPANSION	ACTIVE_KEEP	scripts/volume04/audit_example_exercise_balance.py;scripts/volume04/audit_example_exercise_expansion.py;scripts/volume04/expansion_common.py;scripts/volume04/reconcile_example_exercise_evidence.py;scripts/volume04/tex_safety.py	% END VOL04-EXPANSION IV16-exercises-01	keep; active tooling references this marker family
IV	books/vol04_complex_analysis/chapters/ch17_conformal_mapping/chapter.tex	24	VOL04-EXPANSION	ACTIVE_KEEP	scripts/volume04/audit_example_exercise_balance.py;scripts/volume04/audit_example_exercise_expansion.py;scripts/volume04/expansion_common.py;scripts/volume04/reconcile_example_exercise_evidence.py;scripts/volume04/tex_safety.py	% BEGIN VOL04-EXPANSION IV17-example-01	keep; active tooling references this marker family
IV	books/vol04_complex_analysis/chapters/ch17_conformal_mapping/chapter.tex	32	VOL04-EXPANSION	ACTIVE_KEEP	scripts/volume04/audit_example_exercise_balance.py;scripts/volume04/audit_example_exercise_expansion.py;scripts/volume04/expansion_common.py;scripts/volume04/reconcile_example_exercise_evidence.py;scripts/volume04/tex_safety.py	% END VOL04-EXPANSION IV17-example-01	keep; active tooling references this marker family
IV	books/vol04_complex_analysis/chapters/ch17_conformal_mapping/chapter.tex	42	VOL04-EXPANSION	ACTIVE_KEEP	scripts/volume04/audit_example_exercise_balance.py;scripts/volume04/audit_example_exercise_expansion.py;scripts/volume04/expansion_common.py;scripts/volume04/reconcile_example_exercise_evidence.py;scripts/volume04/tex_safety.py	% BEGIN VOL04-EXPANSION IV17-example-02	keep; active tooling references this marker family
IV	books/vol04_complex_analysis/chapters/ch17_conformal_mapping/chapter.tex	50	VOL04-EXPANSION	ACTIVE_KEEP	scripts/volume04/audit_example_exercise_balance.py;scripts/volume04/audit_example_exercise_expansion.py;scripts/volume04/expansion_common.py;scripts/volume04/reconcile_example_exercise_evidence.py;scripts/volume04/tex_safety.py	% END VOL04-EXPANSION IV17-example-02	keep; active tooling references this marker family
IV	books/vol04_complex_analysis/chapters/ch17_conformal_mapping/chapter.tex	60	VOL04-EXPANSION	ACTIVE_KEEP	scripts/volume04/audit_example_exercise_balance.py;scripts/volume04/audit_example_exercise_expansion.py;scripts/volume04/expansion_common.py;scripts/volume04/reconcile_example_exercise_evidence.py;scripts/volume04/tex_safety.py	% BEGIN VOL04-EXPANSION IV17-example-03	keep; active tooling references this marker family
IV	books/vol04_complex_analysis/chapters/ch17_conformal_mapping/chapter.tex	68	VOL04-EXPANSION	ACTIVE_KEEP	scripts/volume04/audit_example_exercise_balance.py;scripts/volume04/audit_example_exercise_expansion.py;scripts/volume04/expansion_common.py;scripts/volume04/reconcile_example_exercise_evidence.py;scripts/volume04/tex_safety.py	% END VOL04-EXPANSION IV17-example-03	keep; active tooling references this marker family
IV	books/vol04_complex_analysis/chapters/ch17_conformal_mapping/chapter.tex	217	VOL04-HINT-RECONCILIATION	OBSOLETE_REMOVE		% VOL04-HINT-RECONCILIATION-IV17	remove pure-comment marker; provenance preserved in this ledger
IV	books/vol04_complex_analysis/chapters/ch17_conformal_mapping/chapter.tex	302	VOL04-EXPANSION	ACTIVE_KEEP	scripts/volume04/audit_example_exercise_balance.py;scripts/volume04/audit_example_exercise_expansion.py;scripts/volume04/expansion_common.py;scripts/volume04/reconcile_example_exercise_evidence.py;scripts/volume04/tex_safety.py	% BEGIN VOL04-EXPANSION IV17-exercises-01	keep; active tooling references this marker family
IV	books/vol04_complex_analysis/chapters/ch17_conformal_mapping/chapter.tex	476	VOL04-EXPANSION	ACTIVE_KEEP	scripts/volume04/audit_example_exercise_balance.py;scripts/volume04/audit_example_exercise_expansion.py;scripts/volume04/expansion_common.py;scripts/volume04/reconcile_example_exercise_evidence.py;scripts/volume04/tex_safety.py	% END VOL04-EXPANSION IV17-exercises-01	keep; active tooling references this marker family
IV	books/vol04_complex_analysis/chapters/ch18_schwarz_christoffel_transformations/chapter.tex	24	VOL04-EXPANSION	ACTIVE_KEEP	scripts/volume04/audit_example_exercise_balance.py;scripts/volume04/audit_example_exercise_expansion.py;scripts/volume04/expansion_common.py;scripts/volume04/reconcile_example_exercise_evidence.py;scripts/volume04/tex_safety.py	% BEGIN VOL04-EXPANSION IV18-example-01	keep; active tooling references this marker family
IV	books/vol04_complex_analysis/chapters/ch18_schwarz_christoffel_transformations/chapter.tex	32	VOL04-EXPANSION	ACTIVE_KEEP	scripts/volume04/audit_example_exercise_balance.py;scripts/volume04/audit_example_exercise_expansion.py;scripts/volume04/expansion_common.py;scripts/volume04/reconcile_example_exercise_evidence.py;scripts/volume04/tex_safety.py	% END VOL04-EXPANSION IV18-example-01	keep; active tooling references this marker family
IV	books/vol04_complex_analysis/chapters/ch18_schwarz_christoffel_transformations/chapter.tex	42	VOL04-EXPANSION	ACTIVE_KEEP	scripts/volume04/audit_example_exercise_balance.py;scripts/volume04/audit_example_exercise_expansion.py;scripts/volume04/expansion_common.py;scripts/volume04/reconcile_example_exercise_evidence.py;scripts/volume04/tex_safety.py	% BEGIN VOL04-EXPANSION IV18-example-02	keep; active tooling references this marker family
IV	books/vol04_complex_analysis/chapters/ch18_schwarz_christoffel_transformations/chapter.tex	50	VOL04-EXPANSION	ACTIVE_KEEP	scripts/volume04/audit_example_exercise_balance.py;scripts/volume04/audit_example_exercise_expansion.py;scripts/volume04/expansion_common.py;scripts/volume04/reconcile_example_exercise_evidence.py;scripts/volume04/tex_safety.py	% END VOL04-EXPANSION IV18-example-02	keep; active tooling references this marker family
IV	books/vol04_complex_analysis/chapters/ch18_schwarz_christoffel_transformations/chapter.tex	60	VOL04-EXPANSION	ACTIVE_KEEP	scripts/volume04/audit_example_exercise_balance.py;scripts/volume04/audit_example_exercise_expansion.py;scripts/volume04/expansion_common.py;scripts/volume04/reconcile_example_exercise_evidence.py;scripts/volume04/tex_safety.py	% BEGIN VOL04-EXPANSION IV18-example-03	keep; active tooling references this marker family
IV	books/vol04_complex_analysis/chapters/ch18_schwarz_christoffel_transformations/chapter.tex	64	VOL04-EXPANSION	ACTIVE_KEEP	scripts/volume04/audit_example_exercise_balance.py;scripts/volume04/audit_example_exercise_expansion.py;scripts/volume04/expansion_common.py;scripts/volume04/reconcile_example_exercise_evidence.py;scripts/volume04/tex_safety.py	% END VOL04-EXPANSION IV18-example-03	keep; active tooling references this marker family
IV	books/vol04_complex_analysis/chapters/ch18_schwarz_christoffel_transformations/chapter.tex	230	VOL04-HINT-RECONCILIATION	OBSOLETE_REMOVE		% VOL04-HINT-RECONCILIATION-IV18	remove pure-comment marker; provenance preserved in this ledger
IV	books/vol04_complex_analysis/chapters/ch18_schwarz_christoffel_transformations/chapter.tex	358	VOL04-EXPANSION	ACTIVE_KEEP	scripts/volume04/audit_example_exercise_balance.py;scripts/volume04/audit_example_exercise_expansion.py;scripts/volume04/expansion_common.py;scripts/volume04/reconcile_example_exercise_evidence.py;scripts/volume04/tex_safety.py	% BEGIN VOL04-EXPANSION IV18-exercises-01	keep; active tooling references this marker family
IV	books/vol04_complex_analysis/chapters/ch18_schwarz_christoffel_transformations/chapter.tex	532	VOL04-EXPANSION	ACTIVE_KEEP	scripts/volume04/audit_example_exercise_balance.py;scripts/volume04/audit_example_exercise_expansion.py;scripts/volume04/expansion_common.py;scripts/volume04/reconcile_example_exercise_evidence.py;scripts/volume04/tex_safety.py	% END VOL04-EXPANSION IV18-exercises-01	keep; active tooling references this marker family
IV	books/vol04_complex_analysis/chapters/ch19_the_gamma_function/chapter.tex	24	VOL04-EXPANSION	ACTIVE_KEEP	scripts/volume04/audit_example_exercise_balance.py;scripts/volume04/audit_example_exercise_expansion.py;scripts/volume04/expansion_common.py;scripts/volume04/reconcile_example_exercise_evidence.py;scripts/volume04/tex_safety.py	% BEGIN VOL04-EXPANSION IV19-example-01	keep; active tooling references this marker family
IV	books/vol04_complex_analysis/chapters/ch19_the_gamma_function/chapter.tex	41	VOL04-EXPANSION	ACTIVE_KEEP	scripts/volume04/audit_example_exercise_balance.py;scripts/volume04/audit_example_exercise_expansion.py;scripts/volume04/expansion_common.py;scripts/volume04/reconcile_example_exercise_evidence.py;scripts/volume04/tex_safety.py	% END VOL04-EXPANSION IV19-example-01	keep; active tooling references this marker family
IV	books/vol04_complex_analysis/chapters/ch19_the_gamma_function/chapter.tex	51	VOL04-EXPANSION	ACTIVE_KEEP	scripts/volume04/audit_example_exercise_balance.py;scripts/volume04/audit_example_exercise_expansion.py;scripts/volume04/expansion_common.py;scripts/volume04/reconcile_example_exercise_evidence.py;scripts/volume04/tex_safety.py	% BEGIN VOL04-EXPANSION IV19-example-02	keep; active tooling references this marker family
IV	books/vol04_complex_analysis/chapters/ch19_the_gamma_function/chapter.tex	63	VOL04-EXPANSION	ACTIVE_KEEP	scripts/volume04/audit_example_exercise_balance.py;scripts/volume04/audit_example_exercise_expansion.py;scripts/volume04/expansion_common.py;scripts/volume04/reconcile_example_exercise_evidence.py;scripts/volume04/tex_safety.py	% END VOL04-EXPANSION IV19-example-02	keep; active tooling references this marker family
IV	books/vol04_complex_analysis/chapters/ch19_the_gamma_function/chapter.tex	73	VOL04-EXPANSION	ACTIVE_KEEP	scripts/volume04/audit_example_exercise_balance.py;scripts/volume04/audit_example_exercise_expansion.py;scripts/volume04/expansion_common.py;scripts/volume04/reconcile_example_exercise_evidence.py;scripts/volume04/tex_safety.py	% BEGIN VOL04-EXPANSION IV19-example-03	keep; active tooling references this marker family
IV	books/vol04_complex_analysis/chapters/ch19_the_gamma_function/chapter.tex	85	VOL04-EXPANSION	ACTIVE_KEEP	scripts/volume04/audit_example_exercise_balance.py;scripts/volume04/audit_example_exercise_expansion.py;scripts/volume04/expansion_common.py;scripts/volume04/reconcile_example_exercise_evidence.py;scripts/volume04/tex_safety.py	% END VOL04-EXPANSION IV19-example-03	keep; active tooling references this marker family
IV	books/vol04_complex_analysis/chapters/ch19_the_gamma_function/chapter.tex	220	VOL04-HINT-RECONCILIATION	OBSOLETE_REMOVE		% VOL04-HINT-RECONCILIATION-IV19	remove pure-comment marker; provenance preserved in this ledger
IV	books/vol04_complex_analysis/chapters/ch19_the_gamma_function/chapter.tex	305	VOL04-EXPANSION	ACTIVE_KEEP	scripts/volume04/audit_example_exercise_balance.py;scripts/volume04/audit_example_exercise_expansion.py;scripts/volume04/expansion_common.py;scripts/volume04/reconcile_example_exercise_evidence.py;scripts/volume04/tex_safety.py	% BEGIN VOL04-EXPANSION IV19-exercises-01	keep; active tooling references this marker family
IV	books/vol04_complex_analysis/chapters/ch19_the_gamma_function/chapter.tex	479	VOL04-EXPANSION	ACTIVE_KEEP	scripts/volume04/audit_example_exercise_balance.py;scripts/volume04/audit_example_exercise_expansion.py;scripts/volume04/expansion_common.py;scripts/volume04/reconcile_example_exercise_evidence.py;scripts/volume04/tex_safety.py	% END VOL04-EXPANSION IV19-exercises-01	keep; active tooling references this marker family
IV	books/vol04_complex_analysis/chapters/ch20_beta_and_gamma_identities/chapter.tex	24	VOL04-EXPANSION	ACTIVE_KEEP	scripts/volume04/audit_example_exercise_balance.py;scripts/volume04/audit_example_exercise_expansion.py;scripts/volume04/expansion_common.py;scripts/volume04/reconcile_example_exercise_evidence.py;scripts/volume04/tex_safety.py	% BEGIN VOL04-EXPANSION IV20-example-01	keep; active tooling references this marker family
IV	books/vol04_complex_analysis/chapters/ch20_beta_and_gamma_identities/chapter.tex	37	VOL04-EXPANSION	ACTIVE_KEEP	scripts/volume04/audit_example_exercise_balance.py;scripts/volume04/audit_example_exercise_expansion.py;scripts/volume04/expansion_common.py;scripts/volume04/reconcile_example_exercise_evidence.py;scripts/volume04/tex_safety.py	% END VOL04-EXPANSION IV20-example-01	keep; active tooling references this marker family
IV	books/vol04_complex_analysis/chapters/ch20_beta_and_gamma_identities/chapter.tex	47	VOL04-EXPANSION	ACTIVE_KEEP	scripts/volume04/audit_example_exercise_balance.py;scripts/volume04/audit_example_exercise_expansion.py;scripts/volume04/expansion_common.py;scripts/volume04/reconcile_example_exercise_evidence.py;scripts/volume04/tex_safety.py	% BEGIN VOL04-EXPANSION IV20-example-02	keep; active tooling references this marker family
IV	books/vol04_complex_analysis/chapters/ch20_beta_and_gamma_identities/chapter.tex	61	VOL04-EXPANSION	ACTIVE_KEEP	scripts/volume04/audit_example_exercise_balance.py;scripts/volume04/audit_example_exercise_expansion.py;scripts/volume04/expansion_common.py;scripts/volume04/reconcile_example_exercise_evidence.py;scripts/volume04/tex_safety.py	% END VOL04-EXPANSION IV20-example-02	keep; active tooling references this marker family
IV	books/vol04_complex_analysis/chapters/ch20_beta_and_gamma_identities/chapter.tex	71	VOL04-EXPANSION	ACTIVE_KEEP	scripts/volume04/audit_example_exercise_balance.py;scripts/volume04/audit_example_exercise_expansion.py;scripts/volume04/expansion_common.py;scripts/volume04/reconcile_example_exercise_evidence.py;scripts/volume04/tex_safety.py	% BEGIN VOL04-EXPANSION IV20-example-03	keep; active tooling references this marker family
IV	books/vol04_complex_analysis/chapters/ch20_beta_and_gamma_identities/chapter.tex	85	VOL04-EXPANSION	ACTIVE_KEEP	scripts/volume04/audit_example_exercise_balance.py;scripts/volume04/audit_example_exercise_expansion.py;scripts/volume04/expansion_common.py;scripts/volume04/reconcile_example_exercise_evidence.py;scripts/volume04/tex_safety.py	% END VOL04-EXPANSION IV20-example-03	keep; active tooling references this marker family
IV	books/vol04_complex_analysis/chapters/ch20_beta_and_gamma_identities/chapter.tex	220	VOL04-HINT-RECONCILIATION	OBSOLETE_REMOVE		% VOL04-HINT-RECONCILIATION-IV20	remove pure-comment marker; provenance preserved in this ledger
IV	books/vol04_complex_analysis/chapters/ch20_beta_and_gamma_identities/chapter.tex	305	VOL04-EXPANSION	ACTIVE_KEEP	scripts/volume04/audit_example_exercise_balance.py;scripts/volume04/audit_example_exercise_expansion.py;scripts/volume04/expansion_common.py;scripts/volume04/reconcile_example_exercise_evidence.py;scripts/volume04/tex_safety.py	% BEGIN VOL04-EXPANSION IV20-exercises-01	keep; active tooling references this marker family
IV	books/vol04_complex_analysis/chapters/ch20_beta_and_gamma_identities/chapter.tex	479	VOL04-EXPANSION	ACTIVE_KEEP	scripts/volume04/audit_example_exercise_balance.py;scripts/volume04/audit_example_exercise_expansion.py;scripts/volume04/expansion_common.py;scripts/volume04/reconcile_example_exercise_evidence.py;scripts/volume04/tex_safety.py	% END VOL04-EXPANSION IV20-exercises-01	keep; active tooling references this marker family
IV	books/vol04_complex_analysis/chapters/ch21_keyhole_contours_and_branch_cut_integrals/chapter.tex	24	VOL04-EXPANSION	ACTIVE_KEEP	scripts/volume04/audit_example_exercise_balance.py;scripts/volume04/audit_example_exercise_expansion.py;scripts/volume04/expansion_common.py;scripts/volume04/reconcile_example_exercise_evidence.py;scripts/volume04/tex_safety.py	% BEGIN VOL04-EXPANSION IV21-example-01	keep; active tooling references this marker family
IV	books/vol04_complex_analysis/chapters/ch21_keyhole_contours_and_branch_cut_integrals/chapter.tex	36	VOL04-EXPANSION	ACTIVE_KEEP	scripts/volume04/audit_example_exercise_balance.py;scripts/volume04/audit_example_exercise_expansion.py;scripts/volume04/expansion_common.py;scripts/volume04/reconcile_example_exercise_evidence.py;scripts/volume04/tex_safety.py	% END VOL04-EXPANSION IV21-example-01	keep; active tooling references this marker family
IV	books/vol04_complex_analysis/chapters/ch21_keyhole_contours_and_branch_cut_integrals/chapter.tex	46	VOL04-EXPANSION	ACTIVE_KEEP	scripts/volume04/audit_example_exercise_balance.py;scripts/volume04/audit_example_exercise_expansion.py;scripts/volume04/expansion_common.py;scripts/volume04/reconcile_example_exercise_evidence.py;scripts/volume04/tex_safety.py	% BEGIN VOL04-EXPANSION IV21-example-02	keep; active tooling references this marker family
IV	books/vol04_complex_analysis/chapters/ch21_keyhole_contours_and_branch_cut_integrals/chapter.tex	58	VOL04-EXPANSION	ACTIVE_KEEP	scripts/volume04/audit_example_exercise_balance.py;scripts/volume04/audit_example_exercise_expansion.py;scripts/volume04/expansion_common.py;scripts/volume04/reconcile_example_exercise_evidence.py;scripts/volume04/tex_safety.py	% END VOL04-EXPANSION IV21-example-02	keep; active tooling references this marker family
IV	books/vol04_complex_analysis/chapters/ch21_keyhole_contours_and_branch_cut_integrals/chapter.tex	68	VOL04-EXPANSION	ACTIVE_KEEP	scripts/volume04/audit_example_exercise_balance.py;scripts/volume04/audit_example_exercise_expansion.py;scripts/volume04/expansion_common.py;scripts/volume04/reconcile_example_exercise_evidence.py;scripts/volume04/tex_safety.py	% BEGIN VOL04-EXPANSION IV21-example-03	keep; active tooling references this marker family
IV	books/vol04_complex_analysis/chapters/ch21_keyhole_contours_and_branch_cut_integrals/chapter.tex	81	VOL04-EXPANSION	ACTIVE_KEEP	scripts/volume04/audit_example_exercise_balance.py;scripts/volume04/audit_example_exercise_expansion.py;scripts/volume04/expansion_common.py;scripts/volume04/reconcile_example_exercise_evidence.py;scripts/volume04/tex_safety.py	% END VOL04-EXPANSION IV21-example-03	keep; active tooling references this marker family
IV	books/vol04_complex_analysis/chapters/ch21_keyhole_contours_and_branch_cut_integrals/chapter.tex	216	VOL04-HINT-RECONCILIATION	OBSOLETE_REMOVE		% VOL04-HINT-RECONCILIATION-IV21	remove pure-comment marker; provenance preserved in this ledger
IV	books/vol04_complex_analysis/chapters/ch21_keyhole_contours_and_branch_cut_integrals/chapter.tex	301	VOL04-EXPANSION	ACTIVE_KEEP	scripts/volume04/audit_example_exercise_balance.py;scripts/volume04/audit_example_exercise_expansion.py;scripts/volume04/expansion_common.py;scripts/volume04/reconcile_example_exercise_evidence.py;scripts/volume04/tex_safety.py	% BEGIN VOL04-EXPANSION IV21-exercises-01	keep; active tooling references this marker family
IV	books/vol04_complex_analysis/chapters/ch21_keyhole_contours_and_branch_cut_integrals/chapter.tex	475	VOL04-EXPANSION	ACTIVE_KEEP	scripts/volume04/audit_example_exercise_balance.py;scripts/volume04/audit_example_exercise_expansion.py;scripts/volume04/expansion_common.py;scripts/volume04/reconcile_example_exercise_evidence.py;scripts/volume04/tex_safety.py	% END VOL04-EXPANSION IV21-exercises-01	keep; active tooling references this marker family
IV	books/vol04_complex_analysis/chapters/ch22_from_analytic_continuation_to_riemann_surfaces/chapter.tex	24	VOL04-EXPANSION	ACTIVE_KEEP	scripts/volume04/audit_example_exercise_balance.py;scripts/volume04/audit_example_exercise_expansion.py;scripts/volume04/expansion_common.py;scripts/volume04/reconcile_example_exercise_evidence.py;scripts/volume04/tex_safety.py	% BEGIN VOL04-EXPANSION IV22-example-01	keep; active tooling references this marker family
IV	books/vol04_complex_analysis/chapters/ch22_from_analytic_continuation_to_riemann_surfaces/chapter.tex	32	VOL04-EXPANSION	ACTIVE_KEEP	scripts/volume04/audit_example_exercise_balance.py;scripts/volume04/audit_example_exercise_expansion.py;scripts/volume04/expansion_common.py;scripts/volume04/reconcile_example_exercise_evidence.py;scripts/volume04/tex_safety.py	% END VOL04-EXPANSION IV22-example-01	keep; active tooling references this marker family
IV	books/vol04_complex_analysis/chapters/ch22_from_analytic_continuation_to_riemann_surfaces/chapter.tex	42	VOL04-EXPANSION	ACTIVE_KEEP	scripts/volume04/audit_example_exercise_balance.py;scripts/volume04/audit_example_exercise_expansion.py;scripts/volume04/expansion_common.py;scripts/volume04/reconcile_example_exercise_evidence.py;scripts/volume04/tex_safety.py	% BEGIN VOL04-EXPANSION IV22-example-02	keep; active tooling references this marker family
IV	books/vol04_complex_analysis/chapters/ch22_from_analytic_continuation_to_riemann_surfaces/chapter.tex	46	VOL04-EXPANSION	ACTIVE_KEEP	scripts/volume04/audit_example_exercise_balance.py;scripts/volume04/audit_example_exercise_expansion.py;scripts/volume04/expansion_common.py;scripts/volume04/reconcile_example_exercise_evidence.py;scripts/volume04/tex_safety.py	% END VOL04-EXPANSION IV22-example-02	keep; active tooling references this marker family
IV	books/vol04_complex_analysis/chapters/ch22_from_analytic_continuation_to_riemann_surfaces/chapter.tex	56	VOL04-EXPANSION	ACTIVE_KEEP	scripts/volume04/audit_example_exercise_balance.py;scripts/volume04/audit_example_exercise_expansion.py;scripts/volume04/expansion_common.py;scripts/volume04/reconcile_example_exercise_evidence.py;scripts/volume04/tex_safety.py	% BEGIN VOL04-EXPANSION IV22-example-03	keep; active tooling references this marker family
IV	books/vol04_complex_analysis/chapters/ch22_from_analytic_continuation_to_riemann_surfaces/chapter.tex	64	VOL04-EXPANSION	ACTIVE_KEEP	scripts/volume04/audit_example_exercise_balance.py;scripts/volume04/audit_example_exercise_expansion.py;scripts/volume04/expansion_common.py;scripts/volume04/reconcile_example_exercise_evidence.py;scripts/volume04/tex_safety.py	% END VOL04-EXPANSION IV22-example-03	keep; active tooling references this marker family
IV	books/vol04_complex_analysis/chapters/ch22_from_analytic_continuation_to_riemann_surfaces/chapter.tex	199	VOL04-HINT-RECONCILIATION	OBSOLETE_REMOVE		% VOL04-HINT-RECONCILIATION-IV22	remove pure-comment marker; provenance preserved in this ledger
IV	books/vol04_complex_analysis/chapters/ch22_from_analytic_continuation_to_riemann_surfaces/chapter.tex	284	VOL04-EXPANSION	ACTIVE_KEEP	scripts/volume04/audit_example_exercise_balance.py;scripts/volume04/audit_example_exercise_expansion.py;scripts/volume04/expansion_common.py;scripts/volume04/reconcile_example_exercise_evidence.py;scripts/volume04/tex_safety.py	% BEGIN VOL04-EXPANSION IV22-exercises-01	keep; active tooling references this marker family
IV	books/vol04_complex_analysis/chapters/ch22_from_analytic_continuation_to_riemann_surfaces/chapter.tex	458	VOL04-EXPANSION	ACTIVE_KEEP	scripts/volume04/audit_example_exercise_balance.py;scripts/volume04/audit_example_exercise_expansion.py;scripts/volume04/expansion_common.py;scripts/volume04/reconcile_example_exercise_evidence.py;scripts/volume04/tex_safety.py	% END VOL04-EXPANSION IV22-exercises-01	keep; active tooling references this marker family
IV	books/vol04_complex_analysis/chapters/ch23_covering_maps_and_monodromy/chapter.tex	24	VOL04-EXPANSION	ACTIVE_KEEP	scripts/volume04/audit_example_exercise_balance.py;scripts/volume04/audit_example_exercise_expansion.py;scripts/volume04/expansion_common.py;scripts/volume04/reconcile_example_exercise_evidence.py;scripts/volume04/tex_safety.py	% BEGIN VOL04-EXPANSION IV23-example-01	keep; active tooling references this marker family
IV	books/vol04_complex_analysis/chapters/ch23_covering_maps_and_monodromy/chapter.tex	32	VOL04-EXPANSION	ACTIVE_KEEP	scripts/volume04/audit_example_exercise_balance.py;scripts/volume04/audit_example_exercise_expansion.py;scripts/volume04/expansion_common.py;scripts/volume04/reconcile_example_exercise_evidence.py;scripts/volume04/tex_safety.py	% END VOL04-EXPANSION IV23-example-01	keep; active tooling references this marker family
IV	books/vol04_complex_analysis/chapters/ch23_covering_maps_and_monodromy/chapter.tex	42	VOL04-EXPANSION	ACTIVE_KEEP	scripts/volume04/audit_example_exercise_balance.py;scripts/volume04/audit_example_exercise_expansion.py;scripts/volume04/expansion_common.py;scripts/volume04/reconcile_example_exercise_evidence.py;scripts/volume04/tex_safety.py	% BEGIN VOL04-EXPANSION IV23-example-02	keep; active tooling references this marker family
IV	books/vol04_complex_analysis/chapters/ch23_covering_maps_and_monodromy/chapter.tex	50	VOL04-EXPANSION	ACTIVE_KEEP	scripts/volume04/audit_example_exercise_balance.py;scripts/volume04/audit_example_exercise_expansion.py;scripts/volume04/expansion_common.py;scripts/volume04/reconcile_example_exercise_evidence.py;scripts/volume04/tex_safety.py	% END VOL04-EXPANSION IV23-example-02	keep; active tooling references this marker family
IV	books/vol04_complex_analysis/chapters/ch23_covering_maps_and_monodromy/chapter.tex	60	VOL04-EXPANSION	ACTIVE_KEEP	scripts/volume04/audit_example_exercise_balance.py;scripts/volume04/audit_example_exercise_expansion.py;scripts/volume04/expansion_common.py;scripts/volume04/reconcile_example_exercise_evidence.py;scripts/volume04/tex_safety.py	% BEGIN VOL04-EXPANSION IV23-example-03	keep; active tooling references this marker family
IV	books/vol04_complex_analysis/chapters/ch23_covering_maps_and_monodromy/chapter.tex	68	VOL04-EXPANSION	ACTIVE_KEEP	scripts/volume04/audit_example_exercise_balance.py;scripts/volume04/audit_example_exercise_expansion.py;scripts/volume04/expansion_common.py;scripts/volume04/reconcile_example_exercise_evidence.py;scripts/volume04/tex_safety.py	% END VOL04-EXPANSION IV23-example-03	keep; active tooling references this marker family
IV	books/vol04_complex_analysis/chapters/ch23_covering_maps_and_monodromy/chapter.tex	203	VOL04-HINT-RECONCILIATION	OBSOLETE_REMOVE		% VOL04-HINT-RECONCILIATION-IV23	remove pure-comment marker; provenance preserved in this ledger
IV	books/vol04_complex_analysis/chapters/ch23_covering_maps_and_monodromy/chapter.tex	288	VOL04-EXPANSION	ACTIVE_KEEP	scripts/volume04/audit_example_exercise_balance.py;scripts/volume04/audit_example_exercise_expansion.py;scripts/volume04/expansion_common.py;scripts/volume04/reconcile_example_exercise_evidence.py;scripts/volume04/tex_safety.py	% BEGIN VOL04-EXPANSION IV23-exercises-01	keep; active tooling references this marker family
IV	books/vol04_complex_analysis/chapters/ch23_covering_maps_and_monodromy/chapter.tex	462	VOL04-EXPANSION	ACTIVE_KEEP	scripts/volume04/audit_example_exercise_balance.py;scripts/volume04/audit_example_exercise_expansion.py;scripts/volume04/expansion_common.py;scripts/volume04/reconcile_example_exercise_evidence.py;scripts/volume04/tex_safety.py	% END VOL04-EXPANSION IV23-exercises-01	keep; active tooling references this marker family
IV	books/vol04_complex_analysis/chapters/ch24_branched_coverings/chapter.tex	24	VOL04-EXPANSION	ACTIVE_KEEP	scripts/volume04/audit_example_exercise_balance.py;scripts/volume04/audit_example_exercise_expansion.py;scripts/volume04/expansion_common.py;scripts/volume04/reconcile_example_exercise_evidence.py;scripts/volume04/tex_safety.py	% BEGIN VOL04-EXPANSION IV24-example-01	keep; active tooling references this marker family
IV	books/vol04_complex_analysis/chapters/ch24_branched_coverings/chapter.tex	32	VOL04-EXPANSION	ACTIVE_KEEP	scripts/volume04/audit_example_exercise_balance.py;scripts/volume04/audit_example_exercise_expansion.py;scripts/volume04/expansion_common.py;scripts/volume04/reconcile_example_exercise_evidence.py;scripts/volume04/tex_safety.py	% END VOL04-EXPANSION IV24-example-01	keep; active tooling references this marker family
IV	books/vol04_complex_analysis/chapters/ch24_branched_coverings/chapter.tex	42	VOL04-EXPANSION	ACTIVE_KEEP	scripts/volume04/audit_example_exercise_balance.py;scripts/volume04/audit_example_exercise_expansion.py;scripts/volume04/expansion_common.py;scripts/volume04/reconcile_example_exercise_evidence.py;scripts/volume04/tex_safety.py	% BEGIN VOL04-EXPANSION IV24-example-02	keep; active tooling references this marker family
IV	books/vol04_complex_analysis/chapters/ch24_branched_coverings/chapter.tex	50	VOL04-EXPANSION	ACTIVE_KEEP	scripts/volume04/audit_example_exercise_balance.py;scripts/volume04/audit_example_exercise_expansion.py;scripts/volume04/expansion_common.py;scripts/volume04/reconcile_example_exercise_evidence.py;scripts/volume04/tex_safety.py	% END VOL04-EXPANSION IV24-example-02	keep; active tooling references this marker family
IV	books/vol04_complex_analysis/chapters/ch24_branched_coverings/chapter.tex	60	VOL04-EXPANSION	ACTIVE_KEEP	scripts/volume04/audit_example_exercise_balance.py;scripts/volume04/audit_example_exercise_expansion.py;scripts/volume04/expansion_common.py;scripts/volume04/reconcile_example_exercise_evidence.py;scripts/volume04/tex_safety.py	% BEGIN VOL04-EXPANSION IV24-example-03	keep; active tooling references this marker family
IV	books/vol04_complex_analysis/chapters/ch24_branched_coverings/chapter.tex	72	VOL04-EXPANSION	ACTIVE_KEEP	scripts/volume04/audit_example_exercise_balance.py;scripts/volume04/audit_example_exercise_expansion.py;scripts/volume04/expansion_common.py;scripts/volume04/reconcile_example_exercise_evidence.py;scripts/volume04/tex_safety.py	% END VOL04-EXPANSION IV24-example-03	keep; active tooling references this marker family
IV	books/vol04_complex_analysis/chapters/ch24_branched_coverings/chapter.tex	211	VOL04-HINT-RECONCILIATION	OBSOLETE_REMOVE		% VOL04-HINT-RECONCILIATION-IV24	remove pure-comment marker; provenance preserved in this ledger
IV	books/vol04_complex_analysis/chapters/ch24_branched_coverings/chapter.tex	296	VOL04-EXPANSION	ACTIVE_KEEP	scripts/volume04/audit_example_exercise_balance.py;scripts/volume04/audit_example_exercise_expansion.py;scripts/volume04/expansion_common.py;scripts/volume04/reconcile_example_exercise_evidence.py;scripts/volume04/tex_safety.py	% BEGIN VOL04-EXPANSION IV24-exercises-01	keep; active tooling references this marker family
IV	books/vol04_complex_analysis/chapters/ch24_branched_coverings/chapter.tex	470	VOL04-EXPANSION	ACTIVE_KEEP	scripts/volume04/audit_example_exercise_balance.py;scripts/volume04/audit_example_exercise_expansion.py;scripts/volume04/expansion_common.py;scripts/volume04/reconcile_example_exercise_evidence.py;scripts/volume04/tex_safety.py	% END VOL04-EXPANSION IV24-exercises-01	keep; active tooling references this marker family
IV	books/vol04_complex_analysis/chapters/ch25_construction_by_gluing/chapter.tex	24	VOL04-EXPANSION	ACTIVE_KEEP	scripts/volume04/audit_example_exercise_balance.py;scripts/volume04/audit_example_exercise_expansion.py;scripts/volume04/expansion_common.py;scripts/volume04/reconcile_example_exercise_evidence.py;scripts/volume04/tex_safety.py	% BEGIN VOL04-EXPANSION IV25-example-01	keep; active tooling references this marker family
IV	books/vol04_complex_analysis/chapters/ch25_construction_by_gluing/chapter.tex	32	VOL04-EXPANSION	ACTIVE_KEEP	scripts/volume04/audit_example_exercise_balance.py;scripts/volume04/audit_example_exercise_expansion.py;scripts/volume04/expansion_common.py;scripts/volume04/reconcile_example_exercise_evidence.py;scripts/volume04/tex_safety.py	% END VOL04-EXPANSION IV25-example-01	keep; active tooling references this marker family
IV	books/vol04_complex_analysis/chapters/ch25_construction_by_gluing/chapter.tex	42	VOL04-EXPANSION	ACTIVE_KEEP	scripts/volume04/audit_example_exercise_balance.py;scripts/volume04/audit_example_exercise_expansion.py;scripts/volume04/expansion_common.py;scripts/volume04/reconcile_example_exercise_evidence.py;scripts/volume04/tex_safety.py	% BEGIN VOL04-EXPANSION IV25-example-02	keep; active tooling references this marker family
IV	books/vol04_complex_analysis/chapters/ch25_construction_by_gluing/chapter.tex	46	VOL04-EXPANSION	ACTIVE_KEEP	scripts/volume04/audit_example_exercise_balance.py;scripts/volume04/audit_example_exercise_expansion.py;scripts/volume04/expansion_common.py;scripts/volume04/reconcile_example_exercise_evidence.py;scripts/volume04/tex_safety.py	% END VOL04-EXPANSION IV25-example-02	keep; active tooling references this marker family
IV	books/vol04_complex_analysis/chapters/ch25_construction_by_gluing/chapter.tex	56	VOL04-EXPANSION	ACTIVE_KEEP	scripts/volume04/audit_example_exercise_balance.py;scripts/volume04/audit_example_exercise_expansion.py;scripts/volume04/expansion_common.py;scripts/volume04/reconcile_example_exercise_evidence.py;scripts/volume04/tex_safety.py	% BEGIN VOL04-EXPANSION IV25-example-03	keep; active tooling references this marker family
IV	books/vol04_complex_analysis/chapters/ch25_construction_by_gluing/chapter.tex	60	VOL04-EXPANSION	ACTIVE_KEEP	scripts/volume04/audit_example_exercise_balance.py;scripts/volume04/audit_example_exercise_expansion.py;scripts/volume04/expansion_common.py;scripts/volume04/reconcile_example_exercise_evidence.py;scripts/volume04/tex_safety.py	% END VOL04-EXPANSION IV25-example-03	keep; active tooling references this marker family
IV	books/vol04_complex_analysis/chapters/ch25_construction_by_gluing/chapter.tex	195	VOL04-HINT-RECONCILIATION	OBSOLETE_REMOVE		% VOL04-HINT-RECONCILIATION-IV25	remove pure-comment marker; provenance preserved in this ledger
IV	books/vol04_complex_analysis/chapters/ch25_construction_by_gluing/chapter.tex	280	VOL04-EXPANSION	ACTIVE_KEEP	scripts/volume04/audit_example_exercise_balance.py;scripts/volume04/audit_example_exercise_expansion.py;scripts/volume04/expansion_common.py;scripts/volume04/reconcile_example_exercise_evidence.py;scripts/volume04/tex_safety.py	% BEGIN VOL04-EXPANSION IV25-exercises-01	keep; active tooling references this marker family
IV	books/vol04_complex_analysis/chapters/ch25_construction_by_gluing/chapter.tex	454	VOL04-EXPANSION	ACTIVE_KEEP	scripts/volume04/audit_example_exercise_balance.py;scripts/volume04/audit_example_exercise_expansion.py;scripts/volume04/expansion_common.py;scripts/volume04/reconcile_example_exercise_evidence.py;scripts/volume04/tex_safety.py	% END VOL04-EXPANSION IV25-exercises-01	keep; active tooling references this marker family
IV	books/vol04_complex_analysis/chapters/ch26_compactification_and_genus/chapter.tex	24	VOL04-EXPANSION	ACTIVE_KEEP	scripts/volume04/audit_example_exercise_balance.py;scripts/volume04/audit_example_exercise_expansion.py;scripts/volume04/expansion_common.py;scripts/volume04/reconcile_example_exercise_evidence.py;scripts/volume04/tex_safety.py	% BEGIN VOL04-EXPANSION IV26-example-01	keep; active tooling references this marker family
IV	books/vol04_complex_analysis/chapters/ch26_compactification_and_genus/chapter.tex	32	VOL04-EXPANSION	ACTIVE_KEEP	scripts/volume04/audit_example_exercise_balance.py;scripts/volume04/audit_example_exercise_expansion.py;scripts/volume04/expansion_common.py;scripts/volume04/reconcile_example_exercise_evidence.py;scripts/volume04/tex_safety.py	% END VOL04-EXPANSION IV26-example-01	keep; active tooling references this marker family
IV	books/vol04_complex_analysis/chapters/ch26_compactification_and_genus/chapter.tex	42	VOL04-EXPANSION	ACTIVE_KEEP	scripts/volume04/audit_example_exercise_balance.py;scripts/volume04/audit_example_exercise_expansion.py;scripts/volume04/expansion_common.py;scripts/volume04/reconcile_example_exercise_evidence.py;scripts/volume04/tex_safety.py	% BEGIN VOL04-EXPANSION IV26-example-02	keep; active tooling references this marker family
IV	books/vol04_complex_analysis/chapters/ch26_compactification_and_genus/chapter.tex	50	VOL04-EXPANSION	ACTIVE_KEEP	scripts/volume04/audit_example_exercise_balance.py;scripts/volume04/audit_example_exercise_expansion.py;scripts/volume04/expansion_common.py;scripts/volume04/reconcile_example_exercise_evidence.py;scripts/volume04/tex_safety.py	% END VOL04-EXPANSION IV26-example-02	keep; active tooling references this marker family
IV	books/vol04_complex_analysis/chapters/ch26_compactification_and_genus/chapter.tex	60	VOL04-EXPANSION	ACTIVE_KEEP	scripts/volume04/audit_example_exercise_balance.py;scripts/volume04/audit_example_exercise_expansion.py;scripts/volume04/expansion_common.py;scripts/volume04/reconcile_example_exercise_evidence.py;scripts/volume04/tex_safety.py	% BEGIN VOL04-EXPANSION IV26-example-03	keep; active tooling references this marker family
IV	books/vol04_complex_analysis/chapters/ch26_compactification_and_genus/chapter.tex	68	VOL04-EXPANSION	ACTIVE_KEEP	scripts/volume04/audit_example_exercise_balance.py;scripts/volume04/audit_example_exercise_expansion.py;scripts/volume04/expansion_common.py;scripts/volume04/reconcile_example_exercise_evidence.py;scripts/volume04/tex_safety.py	% END VOL04-EXPANSION IV26-example-03	keep; active tooling references this marker family
IV	books/vol04_complex_analysis/chapters/ch26_compactification_and_genus/chapter.tex	203	VOL04-HINT-RECONCILIATION	OBSOLETE_REMOVE		% VOL04-HINT-RECONCILIATION-IV26	remove pure-comment marker; provenance preserved in this ledger
IV	books/vol04_complex_analysis/chapters/ch26_compactification_and_genus/chapter.tex	288	VOL04-EXPANSION	ACTIVE_KEEP	scripts/volume04/audit_example_exercise_balance.py;scripts/volume04/audit_example_exercise_expansion.py;scripts/volume04/expansion_common.py;scripts/volume04/reconcile_example_exercise_evidence.py;scripts/volume04/tex_safety.py	% BEGIN VOL04-EXPANSION IV26-exercises-01	keep; active tooling references this marker family
IV	books/vol04_complex_analysis/chapters/ch26_compactification_and_genus/chapter.tex	462	VOL04-EXPANSION	ACTIVE_KEEP	scripts/volume04/audit_example_exercise_balance.py;scripts/volume04/audit_example_exercise_expansion.py;scripts/volume04/expansion_common.py;scripts/volume04/reconcile_example_exercise_evidence.py;scripts/volume04/tex_safety.py	% END VOL04-EXPANSION IV26-exercises-01	keep; active tooling references this marker family
IV	books/vol04_complex_analysis/chapters/ch27_lattices_and_complex_tori/chapter.tex	24	VOL04-EXPANSION	ACTIVE_KEEP	scripts/volume04/audit_example_exercise_balance.py;scripts/volume04/audit_example_exercise_expansion.py;scripts/volume04/expansion_common.py;scripts/volume04/reconcile_example_exercise_evidence.py;scripts/volume04/tex_safety.py	% BEGIN VOL04-EXPANSION IV27-example-01	keep; active tooling references this marker family
IV	books/vol04_complex_analysis/chapters/ch27_lattices_and_complex_tori/chapter.tex	32	VOL04-EXPANSION	ACTIVE_KEEP	scripts/volume04/audit_example_exercise_balance.py;scripts/volume04/audit_example_exercise_expansion.py;scripts/volume04/expansion_common.py;scripts/volume04/reconcile_example_exercise_evidence.py;scripts/volume04/tex_safety.py	% END VOL04-EXPANSION IV27-example-01	keep; active tooling references this marker family
IV	books/vol04_complex_analysis/chapters/ch27_lattices_and_complex_tori/chapter.tex	42	VOL04-EXPANSION	ACTIVE_KEEP	scripts/volume04/audit_example_exercise_balance.py;scripts/volume04/audit_example_exercise_expansion.py;scripts/volume04/expansion_common.py;scripts/volume04/reconcile_example_exercise_evidence.py;scripts/volume04/tex_safety.py	% BEGIN VOL04-EXPANSION IV27-example-02	keep; active tooling references this marker family
IV	books/vol04_complex_analysis/chapters/ch27_lattices_and_complex_tori/chapter.tex	54	VOL04-EXPANSION	ACTIVE_KEEP	scripts/volume04/audit_example_exercise_balance.py;scripts/volume04/audit_example_exercise_expansion.py;scripts/volume04/expansion_common.py;scripts/volume04/reconcile_example_exercise_evidence.py;scripts/volume04/tex_safety.py	% END VOL04-EXPANSION IV27-example-02	keep; active tooling references this marker family
IV	books/vol04_complex_analysis/chapters/ch27_lattices_and_complex_tori/chapter.tex	64	VOL04-EXPANSION	ACTIVE_KEEP	scripts/volume04/audit_example_exercise_balance.py;scripts/volume04/audit_example_exercise_expansion.py;scripts/volume04/expansion_common.py;scripts/volume04/reconcile_example_exercise_evidence.py;scripts/volume04/tex_safety.py	% BEGIN VOL04-EXPANSION IV27-example-03	keep; active tooling references this marker family
IV	books/vol04_complex_analysis/chapters/ch27_lattices_and_complex_tori/chapter.tex	72	VOL04-EXPANSION	ACTIVE_KEEP	scripts/volume04/audit_example_exercise_balance.py;scripts/volume04/audit_example_exercise_expansion.py;scripts/volume04/expansion_common.py;scripts/volume04/reconcile_example_exercise_evidence.py;scripts/volume04/tex_safety.py	% END VOL04-EXPANSION IV27-example-03	keep; active tooling references this marker family
IV	books/vol04_complex_analysis/chapters/ch27_lattices_and_complex_tori/chapter.tex	207	VOL04-HINT-RECONCILIATION	OBSOLETE_REMOVE		% VOL04-HINT-RECONCILIATION-IV27	remove pure-comment marker; provenance preserved in this ledger
IV	books/vol04_complex_analysis/chapters/ch27_lattices_and_complex_tori/chapter.tex	292	VOL04-EXPANSION	ACTIVE_KEEP	scripts/volume04/audit_example_exercise_balance.py;scripts/volume04/audit_example_exercise_expansion.py;scripts/volume04/expansion_common.py;scripts/volume04/reconcile_example_exercise_evidence.py;scripts/volume04/tex_safety.py	% BEGIN VOL04-EXPANSION IV27-exercises-01	keep; active tooling references this marker family
IV	books/vol04_complex_analysis/chapters/ch27_lattices_and_complex_tori/chapter.tex	466	VOL04-EXPANSION	ACTIVE_KEEP	scripts/volume04/audit_example_exercise_balance.py;scripts/volume04/audit_example_exercise_expansion.py;scripts/volume04/expansion_common.py;scripts/volume04/reconcile_example_exercise_evidence.py;scripts/volume04/tex_safety.py	% END VOL04-EXPANSION IV27-exercises-01	keep; active tooling references this marker family
IV	books/vol04_complex_analysis/chapters/ch28_elliptic_functions/chapter.tex	24	VOL04-EXPANSION	ACTIVE_KEEP	scripts/volume04/audit_example_exercise_balance.py;scripts/volume04/audit_example_exercise_expansion.py;scripts/volume04/expansion_common.py;scripts/volume04/reconcile_example_exercise_evidence.py;scripts/volume04/tex_safety.py	% BEGIN VOL04-EXPANSION IV28-example-01	keep; active tooling references this marker family
IV	books/vol04_complex_analysis/chapters/ch28_elliptic_functions/chapter.tex	36	VOL04-EXPANSION	ACTIVE_KEEP	scripts/volume04/audit_example_exercise_balance.py;scripts/volume04/audit_example_exercise_expansion.py;scripts/volume04/expansion_common.py;scripts/volume04/reconcile_example_exercise_evidence.py;scripts/volume04/tex_safety.py	% END VOL04-EXPANSION IV28-example-01	keep; active tooling references this marker family
IV	books/vol04_complex_analysis/chapters/ch28_elliptic_functions/chapter.tex	46	VOL04-EXPANSION	ACTIVE_KEEP	scripts/volume04/audit_example_exercise_balance.py;scripts/volume04/audit_example_exercise_expansion.py;scripts/volume04/expansion_common.py;scripts/volume04/reconcile_example_exercise_evidence.py;scripts/volume04/tex_safety.py	% BEGIN VOL04-EXPANSION IV28-example-02	keep; active tooling references this marker family
IV	books/vol04_complex_analysis/chapters/ch28_elliptic_functions/chapter.tex	54	VOL04-EXPANSION	ACTIVE_KEEP	scripts/volume04/audit_example_exercise_balance.py;scripts/volume04/audit_example_exercise_expansion.py;scripts/volume04/expansion_common.py;scripts/volume04/reconcile_example_exercise_evidence.py;scripts/volume04/tex_safety.py	% END VOL04-EXPANSION IV28-example-02	keep; active tooling references this marker family
IV	books/vol04_complex_analysis/chapters/ch28_elliptic_functions/chapter.tex	64	VOL04-EXPANSION	ACTIVE_KEEP	scripts/volume04/audit_example_exercise_balance.py;scripts/volume04/audit_example_exercise_expansion.py;scripts/volume04/expansion_common.py;scripts/volume04/reconcile_example_exercise_evidence.py;scripts/volume04/tex_safety.py	% BEGIN VOL04-EXPANSION IV28-example-03	keep; active tooling references this marker family
IV	books/vol04_complex_analysis/chapters/ch28_elliptic_functions/chapter.tex	68	VOL04-EXPANSION	ACTIVE_KEEP	scripts/volume04/audit_example_exercise_balance.py;scripts/volume04/audit_example_exercise_expansion.py;scripts/volume04/expansion_common.py;scripts/volume04/reconcile_example_exercise_evidence.py;scripts/volume04/tex_safety.py	% END VOL04-EXPANSION IV28-example-03	keep; active tooling references this marker family
IV	books/vol04_complex_analysis/chapters/ch28_elliptic_functions/chapter.tex	203	VOL04-HINT-RECONCILIATION	OBSOLETE_REMOVE		% VOL04-HINT-RECONCILIATION-IV28	remove pure-comment marker; provenance preserved in this ledger
IV	books/vol04_complex_analysis/chapters/ch28_elliptic_functions/chapter.tex	288	VOL04-EXPANSION	ACTIVE_KEEP	scripts/volume04/audit_example_exercise_balance.py;scripts/volume04/audit_example_exercise_expansion.py;scripts/volume04/expansion_common.py;scripts/volume04/reconcile_example_exercise_evidence.py;scripts/volume04/tex_safety.py	% BEGIN VOL04-EXPANSION IV28-exercises-01	keep; active tooling references this marker family
IV	books/vol04_complex_analysis/chapters/ch28_elliptic_functions/chapter.tex	462	VOL04-EXPANSION	ACTIVE_KEEP	scripts/volume04/audit_example_exercise_balance.py;scripts/volume04/audit_example_exercise_expansion.py;scripts/volume04/expansion_common.py;scripts/volume04/reconcile_example_exercise_evidence.py;scripts/volume04/tex_safety.py	% END VOL04-EXPANSION IV28-exercises-01	keep; active tooling references this marker family
IV	books/vol04_complex_analysis/chapters/ch29_the_weierstrass_function/chapter.tex	24	VOL04-EXPANSION	ACTIVE_KEEP	scripts/volume04/audit_example_exercise_balance.py;scripts/volume04/audit_example_exercise_expansion.py;scripts/volume04/expansion_common.py;scripts/volume04/reconcile_example_exercise_evidence.py;scripts/volume04/tex_safety.py	% BEGIN VOL04-EXPANSION IV29-example-01	keep; active tooling references this marker family
IV	books/vol04_complex_analysis/chapters/ch29_the_weierstrass_function/chapter.tex	34	VOL04-EXPANSION	ACTIVE_KEEP	scripts/volume04/audit_example_exercise_balance.py;scripts/volume04/audit_example_exercise_expansion.py;scripts/volume04/expansion_common.py;scripts/volume04/reconcile_example_exercise_evidence.py;scripts/volume04/tex_safety.py	% END VOL04-EXPANSION IV29-example-01	keep; active tooling references this marker family
IV	books/vol04_complex_analysis/chapters/ch29_the_weierstrass_function/chapter.tex	44	VOL04-EXPANSION	ACTIVE_KEEP	scripts/volume04/audit_example_exercise_balance.py;scripts/volume04/audit_example_exercise_expansion.py;scripts/volume04/expansion_common.py;scripts/volume04/reconcile_example_exercise_evidence.py;scripts/volume04/tex_safety.py	% BEGIN VOL04-EXPANSION IV29-example-02	keep; active tooling references this marker family
IV	books/vol04_complex_analysis/chapters/ch29_the_weierstrass_function/chapter.tex	52	VOL04-EXPANSION	ACTIVE_KEEP	scripts/volume04/audit_example_exercise_balance.py;scripts/volume04/audit_example_exercise_expansion.py;scripts/volume04/expansion_common.py;scripts/volume04/reconcile_example_exercise_evidence.py;scripts/volume04/tex_safety.py	% END VOL04-EXPANSION IV29-example-02	keep; active tooling references this marker family
IV	books/vol04_complex_analysis/chapters/ch29_the_weierstrass_function/chapter.tex	62	VOL04-EXPANSION	ACTIVE_KEEP	scripts/volume04/audit_example_exercise_balance.py;scripts/volume04/audit_example_exercise_expansion.py;scripts/volume04/expansion_common.py;scripts/volume04/reconcile_example_exercise_evidence.py;scripts/volume04/tex_safety.py	% BEGIN VOL04-EXPANSION IV29-example-03	keep; active tooling references this marker family
IV	books/vol04_complex_analysis/chapters/ch29_the_weierstrass_function/chapter.tex	77	VOL04-EXPANSION	ACTIVE_KEEP	scripts/volume04/audit_example_exercise_balance.py;scripts/volume04/audit_example_exercise_expansion.py;scripts/volume04/expansion_common.py;scripts/volume04/reconcile_example_exercise_evidence.py;scripts/volume04/tex_safety.py	% END VOL04-EXPANSION IV29-example-03	keep; active tooling references this marker family
IV	books/vol04_complex_analysis/chapters/ch29_the_weierstrass_function/chapter.tex	222	VOL04-HINT-RECONCILIATION	OBSOLETE_REMOVE		% VOL04-HINT-RECONCILIATION-IV29	remove pure-comment marker; provenance preserved in this ledger
IV	books/vol04_complex_analysis/chapters/ch29_the_weierstrass_function/chapter.tex	307	VOL04-EXPANSION	ACTIVE_KEEP	scripts/volume04/audit_example_exercise_balance.py;scripts/volume04/audit_example_exercise_expansion.py;scripts/volume04/expansion_common.py;scripts/volume04/reconcile_example_exercise_evidence.py;scripts/volume04/tex_safety.py	% BEGIN VOL04-EXPANSION IV29-exercises-01	keep; active tooling references this marker family
IV	books/vol04_complex_analysis/chapters/ch29_the_weierstrass_function/chapter.tex	481	VOL04-EXPANSION	ACTIVE_KEEP	scripts/volume04/audit_example_exercise_balance.py;scripts/volume04/audit_example_exercise_expansion.py;scripts/volume04/expansion_common.py;scripts/volume04/reconcile_example_exercise_evidence.py;scripts/volume04/tex_safety.py	% END VOL04-EXPANSION IV29-exercises-01	keep; active tooling references this marker family
IV	books/vol04_complex_analysis/chapters/ch30_addition_formulas/chapter.tex	24	VOL04-EXPANSION	ACTIVE_KEEP	scripts/volume04/audit_example_exercise_balance.py;scripts/volume04/audit_example_exercise_expansion.py;scripts/volume04/expansion_common.py;scripts/volume04/reconcile_example_exercise_evidence.py;scripts/volume04/tex_safety.py	% BEGIN VOL04-EXPANSION IV30-example-01	keep; active tooling references this marker family
IV	books/vol04_complex_analysis/chapters/ch30_addition_formulas/chapter.tex	36	VOL04-EXPANSION	ACTIVE_KEEP	scripts/volume04/audit_example_exercise_balance.py;scripts/volume04/audit_example_exercise_expansion.py;scripts/volume04/expansion_common.py;scripts/volume04/reconcile_example_exercise_evidence.py;scripts/volume04/tex_safety.py	% END VOL04-EXPANSION IV30-example-01	keep; active tooling references this marker family
IV	books/vol04_complex_analysis/chapters/ch30_addition_formulas/chapter.tex	46	VOL04-EXPANSION	ACTIVE_KEEP	scripts/volume04/audit_example_exercise_balance.py;scripts/volume04/audit_example_exercise_expansion.py;scripts/volume04/expansion_common.py;scripts/volume04/reconcile_example_exercise_evidence.py;scripts/volume04/tex_safety.py	% BEGIN VOL04-EXPANSION IV30-example-02	keep; active tooling references this marker family
IV	books/vol04_complex_analysis/chapters/ch30_addition_formulas/chapter.tex	59	VOL04-EXPANSION	ACTIVE_KEEP	scripts/volume04/audit_example_exercise_balance.py;scripts/volume04/audit_example_exercise_expansion.py;scripts/volume04/expansion_common.py;scripts/volume04/reconcile_example_exercise_evidence.py;scripts/volume04/tex_safety.py	% END VOL04-EXPANSION IV30-example-02	keep; active tooling references this marker family
IV	books/vol04_complex_analysis/chapters/ch30_addition_formulas/chapter.tex	69	VOL04-EXPANSION	ACTIVE_KEEP	scripts/volume04/audit_example_exercise_balance.py;scripts/volume04/audit_example_exercise_expansion.py;scripts/volume04/expansion_common.py;scripts/volume04/reconcile_example_exercise_evidence.py;scripts/volume04/tex_safety.py	% BEGIN VOL04-EXPANSION IV30-example-03	keep; active tooling references this marker family
IV	books/vol04_complex_analysis/chapters/ch30_addition_formulas/chapter.tex	77	VOL04-EXPANSION	ACTIVE_KEEP	scripts/volume04/audit_example_exercise_balance.py;scripts/volume04/audit_example_exercise_expansion.py;scripts/volume04/expansion_common.py;scripts/volume04/reconcile_example_exercise_evidence.py;scripts/volume04/tex_safety.py	% END VOL04-EXPANSION IV30-example-03	keep; active tooling references this marker family
IV	books/vol04_complex_analysis/chapters/ch30_addition_formulas/chapter.tex	212	VOL04-HINT-RECONCILIATION	OBSOLETE_REMOVE		% VOL04-HINT-RECONCILIATION-IV30	remove pure-comment marker; provenance preserved in this ledger
IV	books/vol04_complex_analysis/chapters/ch30_addition_formulas/chapter.tex	297	VOL04-EXPANSION	ACTIVE_KEEP	scripts/volume04/audit_example_exercise_balance.py;scripts/volume04/audit_example_exercise_expansion.py;scripts/volume04/expansion_common.py;scripts/volume04/reconcile_example_exercise_evidence.py;scripts/volume04/tex_safety.py	% BEGIN VOL04-EXPANSION IV30-exercises-01	keep; active tooling references this marker family
IV	books/vol04_complex_analysis/chapters/ch30_addition_formulas/chapter.tex	471	VOL04-EXPANSION	ACTIVE_KEEP	scripts/volume04/audit_example_exercise_balance.py;scripts/volume04/audit_example_exercise_expansion.py;scripts/volume04/expansion_common.py;scripts/volume04/reconcile_example_exercise_evidence.py;scripts/volume04/tex_safety.py	% END VOL04-EXPANSION IV30-exercises-01	keep; active tooling references this marker family
IV	books/vol04_complex_analysis/chapters/ch31_elliptic_curves_as_riemann_surfaces/chapter.tex	24	VOL04-EXPANSION	ACTIVE_KEEP	scripts/volume04/audit_example_exercise_balance.py;scripts/volume04/audit_example_exercise_expansion.py;scripts/volume04/expansion_common.py;scripts/volume04/reconcile_example_exercise_evidence.py;scripts/volume04/tex_safety.py	% BEGIN VOL04-EXPANSION IV31-example-01	keep; active tooling references this marker family
IV	books/vol04_complex_analysis/chapters/ch31_elliptic_curves_as_riemann_surfaces/chapter.tex	36	VOL04-EXPANSION	ACTIVE_KEEP	scripts/volume04/audit_example_exercise_balance.py;scripts/volume04/audit_example_exercise_expansion.py;scripts/volume04/expansion_common.py;scripts/volume04/reconcile_example_exercise_evidence.py;scripts/volume04/tex_safety.py	% END VOL04-EXPANSION IV31-example-01	keep; active tooling references this marker family
IV	books/vol04_complex_analysis/chapters/ch31_elliptic_curves_as_riemann_surfaces/chapter.tex	46	VOL04-EXPANSION	ACTIVE_KEEP	scripts/volume04/audit_example_exercise_balance.py;scripts/volume04/audit_example_exercise_expansion.py;scripts/volume04/expansion_common.py;scripts/volume04/reconcile_example_exercise_evidence.py;scripts/volume04/tex_safety.py	% BEGIN VOL04-EXPANSION IV31-example-02	keep; active tooling references this marker family
IV	books/vol04_complex_analysis/chapters/ch31_elliptic_curves_as_riemann_surfaces/chapter.tex	58	VOL04-EXPANSION	ACTIVE_KEEP	scripts/volume04/audit_example_exercise_balance.py;scripts/volume04/audit_example_exercise_expansion.py;scripts/volume04/expansion_common.py;scripts/volume04/reconcile_example_exercise_evidence.py;scripts/volume04/tex_safety.py	% END VOL04-EXPANSION IV31-example-02	keep; active tooling references this marker family
IV	books/vol04_complex_analysis/chapters/ch31_elliptic_curves_as_riemann_surfaces/chapter.tex	68	VOL04-EXPANSION	ACTIVE_KEEP	scripts/volume04/audit_example_exercise_balance.py;scripts/volume04/audit_example_exercise_expansion.py;scripts/volume04/expansion_common.py;scripts/volume04/reconcile_example_exercise_evidence.py;scripts/volume04/tex_safety.py	% BEGIN VOL04-EXPANSION IV31-example-03	keep; active tooling references this marker family
IV	books/vol04_complex_analysis/chapters/ch31_elliptic_curves_as_riemann_surfaces/chapter.tex	76	VOL04-EXPANSION	ACTIVE_KEEP	scripts/volume04/audit_example_exercise_balance.py;scripts/volume04/audit_example_exercise_expansion.py;scripts/volume04/expansion_common.py;scripts/volume04/reconcile_example_exercise_evidence.py;scripts/volume04/tex_safety.py	% END VOL04-EXPANSION IV31-example-03	keep; active tooling references this marker family
IV	books/vol04_complex_analysis/chapters/ch31_elliptic_curves_as_riemann_surfaces/chapter.tex	221	VOL04-HINT-RECONCILIATION	OBSOLETE_REMOVE		% VOL04-HINT-RECONCILIATION-IV31	remove pure-comment marker; provenance preserved in this ledger
IV	books/vol04_complex_analysis/chapters/ch31_elliptic_curves_as_riemann_surfaces/chapter.tex	306	VOL04-EXPANSION	ACTIVE_KEEP	scripts/volume04/audit_example_exercise_balance.py;scripts/volume04/audit_example_exercise_expansion.py;scripts/volume04/expansion_common.py;scripts/volume04/reconcile_example_exercise_evidence.py;scripts/volume04/tex_safety.py	% BEGIN VOL04-EXPANSION IV31-exercises-01	keep; active tooling references this marker family
IV	books/vol04_complex_analysis/chapters/ch31_elliptic_curves_as_riemann_surfaces/chapter.tex	480	VOL04-EXPANSION	ACTIVE_KEEP	scripts/volume04/audit_example_exercise_balance.py;scripts/volume04/audit_example_exercise_expansion.py;scripts/volume04/expansion_common.py;scripts/volume04/reconcile_example_exercise_evidence.py;scripts/volume04/tex_safety.py	% END VOL04-EXPANSION IV31-exercises-01	keep; active tooling references this marker family
V	books/vol05_commutative_algebra/chapters/ch01_rings_ideals_and_quotients/chapter.tex	27	VOL05-EXPANSION	ACTIVE_KEEP	scripts/volume05/audit_example_exercise_balance.py;scripts/volume05/audit_example_exercise_expansion.py;scripts/volume05/expansion_common.py	% BEGIN VOL05-EXPANSION V01-example-01	keep; active tooling references this marker family
V	books/vol05_commutative_algebra/chapters/ch01_rings_ideals_and_quotients/chapter.tex	31	VOL05-EXPANSION	ACTIVE_KEEP	scripts/volume05/audit_example_exercise_balance.py;scripts/volume05/audit_example_exercise_expansion.py;scripts/volume05/expansion_common.py	% END VOL05-EXPANSION V01-example-01	keep; active tooling references this marker family
V	books/vol05_commutative_algebra/chapters/ch01_rings_ideals_and_quotients/chapter.tex	41	VOL05-EXPANSION	ACTIVE_KEEP	scripts/volume05/audit_example_exercise_balance.py;scripts/volume05/audit_example_exercise_expansion.py;scripts/volume05/expansion_common.py	% BEGIN VOL05-EXPANSION V01-example-02	keep; active tooling references this marker family
V	books/vol05_commutative_algebra/chapters/ch01_rings_ideals_and_quotients/chapter.tex	45	VOL05-EXPANSION	ACTIVE_KEEP	scripts/volume05/audit_example_exercise_balance.py;scripts/volume05/audit_example_exercise_expansion.py;scripts/volume05/expansion_common.py	% END VOL05-EXPANSION V01-example-02	keep; active tooling references this marker family
V	books/vol05_commutative_algebra/chapters/ch01_rings_ideals_and_quotients/chapter.tex	52	VOL05-EXPANSION	ACTIVE_KEEP	scripts/volume05/audit_example_exercise_balance.py;scripts/volume05/audit_example_exercise_expansion.py;scripts/volume05/expansion_common.py	% BEGIN VOL05-EXPANSION V01-example-03	keep; active tooling references this marker family
V	books/vol05_commutative_algebra/chapters/ch01_rings_ideals_and_quotients/chapter.tex	56	VOL05-EXPANSION	ACTIVE_KEEP	scripts/volume05/audit_example_exercise_balance.py;scripts/volume05/audit_example_exercise_expansion.py;scripts/volume05/expansion_common.py	% END VOL05-EXPANSION V01-example-03	keep; active tooling references this marker family
V	books/vol05_commutative_algebra/chapters/ch01_rings_ideals_and_quotients/chapter.tex	272	VOL05-EXPANSION	ACTIVE_KEEP	scripts/volume05/audit_example_exercise_balance.py;scripts/volume05/audit_example_exercise_expansion.py;scripts/volume05/expansion_common.py	% BEGIN VOL05-EXPANSION V01-exercises-01	keep; active tooling references this marker family
V	books/vol05_commutative_algebra/chapters/ch01_rings_ideals_and_quotients/chapter.tex	446	VOL05-EXPANSION	ACTIVE_KEEP	scripts/volume05/audit_example_exercise_balance.py;scripts/volume05/audit_example_exercise_expansion.py;scripts/volume05/expansion_common.py	% END VOL05-EXPANSION V01-exercises-01	keep; active tooling references this marker family
V	books/vol05_commutative_algebra/chapters/ch02_prime_and_maximal_ideals/chapter.tex	27	VOL05-EXPANSION	ACTIVE_KEEP	scripts/volume05/audit_example_exercise_balance.py;scripts/volume05/audit_example_exercise_expansion.py;scripts/volume05/expansion_common.py	% BEGIN VOL05-EXPANSION V02-example-01	keep; active tooling references this marker family
V	books/vol05_commutative_algebra/chapters/ch02_prime_and_maximal_ideals/chapter.tex	31	VOL05-EXPANSION	ACTIVE_KEEP	scripts/volume05/audit_example_exercise_balance.py;scripts/volume05/audit_example_exercise_expansion.py;scripts/volume05/expansion_common.py	% END VOL05-EXPANSION V02-example-01	keep; active tooling references this marker family
V	books/vol05_commutative_algebra/chapters/ch02_prime_and_maximal_ideals/chapter.tex	41	VOL05-EXPANSION	ACTIVE_KEEP	scripts/volume05/audit_example_exercise_balance.py;scripts/volume05/audit_example_exercise_expansion.py;scripts/volume05/expansion_common.py	% BEGIN VOL05-EXPANSION V02-example-02	keep; active tooling references this marker family
V	books/vol05_commutative_algebra/chapters/ch02_prime_and_maximal_ideals/chapter.tex	45	VOL05-EXPANSION	ACTIVE_KEEP	scripts/volume05/audit_example_exercise_balance.py;scripts/volume05/audit_example_exercise_expansion.py;scripts/volume05/expansion_common.py	% END VOL05-EXPANSION V02-example-02	keep; active tooling references this marker family
V	books/vol05_commutative_algebra/chapters/ch02_prime_and_maximal_ideals/chapter.tex	52	VOL05-EXPANSION	ACTIVE_KEEP	scripts/volume05/audit_example_exercise_balance.py;scripts/volume05/audit_example_exercise_expansion.py;scripts/volume05/expansion_common.py	% BEGIN VOL05-EXPANSION V02-example-03	keep; active tooling references this marker family
V	books/vol05_commutative_algebra/chapters/ch02_prime_and_maximal_ideals/chapter.tex	56	VOL05-EXPANSION	ACTIVE_KEEP	scripts/volume05/audit_example_exercise_balance.py;scripts/volume05/audit_example_exercise_expansion.py;scripts/volume05/expansion_common.py	% END VOL05-EXPANSION V02-example-03	keep; active tooling references this marker family
V	books/vol05_commutative_algebra/chapters/ch02_prime_and_maximal_ideals/chapter.tex	272	VOL05-EXPANSION	ACTIVE_KEEP	scripts/volume05/audit_example_exercise_balance.py;scripts/volume05/audit_example_exercise_expansion.py;scripts/volume05/expansion_common.py	% BEGIN VOL05-EXPANSION V02-exercises-01	keep; active tooling references this marker family
V	books/vol05_commutative_algebra/chapters/ch02_prime_and_maximal_ideals/chapter.tex	446	VOL05-EXPANSION	ACTIVE_KEEP	scripts/volume05/audit_example_exercise_balance.py;scripts/volume05/audit_example_exercise_expansion.py;scripts/volume05/expansion_common.py	% END VOL05-EXPANSION V02-exercises-01	keep; active tooling references this marker family
V	books/vol05_commutative_algebra/chapters/ch03_radicals_and_nilpotents/chapter.tex	27	VOL05-EXPANSION	ACTIVE_KEEP	scripts/volume05/audit_example_exercise_balance.py;scripts/volume05/audit_example_exercise_expansion.py;scripts/volume05/expansion_common.py	% BEGIN VOL05-EXPANSION V03-example-01	keep; active tooling references this marker family
V	books/vol05_commutative_algebra/chapters/ch03_radicals_and_nilpotents/chapter.tex	31	VOL05-EXPANSION	ACTIVE_KEEP	scripts/volume05/audit_example_exercise_balance.py;scripts/volume05/audit_example_exercise_expansion.py;scripts/volume05/expansion_common.py	% END VOL05-EXPANSION V03-example-01	keep; active tooling references this marker family
V	books/vol05_commutative_algebra/chapters/ch03_radicals_and_nilpotents/chapter.tex	41	VOL05-EXPANSION	ACTIVE_KEEP	scripts/volume05/audit_example_exercise_balance.py;scripts/volume05/audit_example_exercise_expansion.py;scripts/volume05/expansion_common.py	% BEGIN VOL05-EXPANSION V03-example-02	keep; active tooling references this marker family
V	books/vol05_commutative_algebra/chapters/ch03_radicals_and_nilpotents/chapter.tex	45	VOL05-EXPANSION	ACTIVE_KEEP	scripts/volume05/audit_example_exercise_balance.py;scripts/volume05/audit_example_exercise_expansion.py;scripts/volume05/expansion_common.py	% END VOL05-EXPANSION V03-example-02	keep; active tooling references this marker family
V	books/vol05_commutative_algebra/chapters/ch03_radicals_and_nilpotents/chapter.tex	52	VOL05-EXPANSION	ACTIVE_KEEP	scripts/volume05/audit_example_exercise_balance.py;scripts/volume05/audit_example_exercise_expansion.py;scripts/volume05/expansion_common.py	% BEGIN VOL05-EXPANSION V03-example-03	keep; active tooling references this marker family
V	books/vol05_commutative_algebra/chapters/ch03_radicals_and_nilpotents/chapter.tex	56	VOL05-EXPANSION	ACTIVE_KEEP	scripts/volume05/audit_example_exercise_balance.py;scripts/volume05/audit_example_exercise_expansion.py;scripts/volume05/expansion_common.py	% END VOL05-EXPANSION V03-example-03	keep; active tooling references this marker family
V	books/vol05_commutative_algebra/chapters/ch03_radicals_and_nilpotents/chapter.tex	272	VOL05-EXPANSION	ACTIVE_KEEP	scripts/volume05/audit_example_exercise_balance.py;scripts/volume05/audit_example_exercise_expansion.py;scripts/volume05/expansion_common.py	% BEGIN VOL05-EXPANSION V03-exercises-01	keep; active tooling references this marker family
V	books/vol05_commutative_algebra/chapters/ch03_radicals_and_nilpotents/chapter.tex	446	VOL05-EXPANSION	ACTIVE_KEEP	scripts/volume05/audit_example_exercise_balance.py;scripts/volume05/audit_example_exercise_expansion.py;scripts/volume05/expansion_common.py	% END VOL05-EXPANSION V03-exercises-01	keep; active tooling references this marker family
V	books/vol05_commutative_algebra/chapters/ch04_chinese_remainder_theory/chapter.tex	27	VOL05-EXPANSION	ACTIVE_KEEP	scripts/volume05/audit_example_exercise_balance.py;scripts/volume05/audit_example_exercise_expansion.py;scripts/volume05/expansion_common.py	% BEGIN VOL05-EXPANSION V04-example-01	keep; active tooling references this marker family
V	books/vol05_commutative_algebra/chapters/ch04_chinese_remainder_theory/chapter.tex	31	VOL05-EXPANSION	ACTIVE_KEEP	scripts/volume05/audit_example_exercise_balance.py;scripts/volume05/audit_example_exercise_expansion.py;scripts/volume05/expansion_common.py	% END VOL05-EXPANSION V04-example-01	keep; active tooling references this marker family
V	books/vol05_commutative_algebra/chapters/ch04_chinese_remainder_theory/chapter.tex	41	VOL05-EXPANSION	ACTIVE_KEEP	scripts/volume05/audit_example_exercise_balance.py;scripts/volume05/audit_example_exercise_expansion.py;scripts/volume05/expansion_common.py	% BEGIN VOL05-EXPANSION V04-example-02	keep; active tooling references this marker family
V	books/vol05_commutative_algebra/chapters/ch04_chinese_remainder_theory/chapter.tex	45	VOL05-EXPANSION	ACTIVE_KEEP	scripts/volume05/audit_example_exercise_balance.py;scripts/volume05/audit_example_exercise_expansion.py;scripts/volume05/expansion_common.py	% END VOL05-EXPANSION V04-example-02	keep; active tooling references this marker family
V	books/vol05_commutative_algebra/chapters/ch04_chinese_remainder_theory/chapter.tex	52	VOL05-EXPANSION	ACTIVE_KEEP	scripts/volume05/audit_example_exercise_balance.py;scripts/volume05/audit_example_exercise_expansion.py;scripts/volume05/expansion_common.py	% BEGIN VOL05-EXPANSION V04-example-03	keep; active tooling references this marker family
V	books/vol05_commutative_algebra/chapters/ch04_chinese_remainder_theory/chapter.tex	56	VOL05-EXPANSION	ACTIVE_KEEP	scripts/volume05/audit_example_exercise_balance.py;scripts/volume05/audit_example_exercise_expansion.py;scripts/volume05/expansion_common.py	% END VOL05-EXPANSION V04-example-03	keep; active tooling references this marker family
V	books/vol05_commutative_algebra/chapters/ch04_chinese_remainder_theory/chapter.tex	272	VOL05-EXPANSION	ACTIVE_KEEP	scripts/volume05/audit_example_exercise_balance.py;scripts/volume05/audit_example_exercise_expansion.py;scripts/volume05/expansion_common.py	% BEGIN VOL05-EXPANSION V04-exercises-01	keep; active tooling references this marker family
V	books/vol05_commutative_algebra/chapters/ch04_chinese_remainder_theory/chapter.tex	446	VOL05-EXPANSION	ACTIVE_KEEP	scripts/volume05/audit_example_exercise_balance.py;scripts/volume05/audit_example_exercise_expansion.py;scripts/volume05/expansion_common.py	% END VOL05-EXPANSION V04-exercises-01	keep; active tooling references this marker family
V	books/vol05_commutative_algebra/chapters/ch05_multiplicative_systems/chapter.tex	27	VOL05-EXPANSION	ACTIVE_KEEP	scripts/volume05/audit_example_exercise_balance.py;scripts/volume05/audit_example_exercise_expansion.py;scripts/volume05/expansion_common.py	% BEGIN VOL05-EXPANSION V05-example-01	keep; active tooling references this marker family
V	books/vol05_commutative_algebra/chapters/ch05_multiplicative_systems/chapter.tex	31	VOL05-EXPANSION	ACTIVE_KEEP	scripts/volume05/audit_example_exercise_balance.py;scripts/volume05/audit_example_exercise_expansion.py;scripts/volume05/expansion_common.py	% END VOL05-EXPANSION V05-example-01	keep; active tooling references this marker family
V	books/vol05_commutative_algebra/chapters/ch05_multiplicative_systems/chapter.tex	41	VOL05-EXPANSION	ACTIVE_KEEP	scripts/volume05/audit_example_exercise_balance.py;scripts/volume05/audit_example_exercise_expansion.py;scripts/volume05/expansion_common.py	% BEGIN VOL05-EXPANSION V05-example-02	keep; active tooling references this marker family
V	books/vol05_commutative_algebra/chapters/ch05_multiplicative_systems/chapter.tex	45	VOL05-EXPANSION	ACTIVE_KEEP	scripts/volume05/audit_example_exercise_balance.py;scripts/volume05/audit_example_exercise_expansion.py;scripts/volume05/expansion_common.py	% END VOL05-EXPANSION V05-example-02	keep; active tooling references this marker family
V	books/vol05_commutative_algebra/chapters/ch05_multiplicative_systems/chapter.tex	52	VOL05-EXPANSION	ACTIVE_KEEP	scripts/volume05/audit_example_exercise_balance.py;scripts/volume05/audit_example_exercise_expansion.py;scripts/volume05/expansion_common.py	% BEGIN VOL05-EXPANSION V05-example-03	keep; active tooling references this marker family
V	books/vol05_commutative_algebra/chapters/ch05_multiplicative_systems/chapter.tex	56	VOL05-EXPANSION	ACTIVE_KEEP	scripts/volume05/audit_example_exercise_balance.py;scripts/volume05/audit_example_exercise_expansion.py;scripts/volume05/expansion_common.py	% END VOL05-EXPANSION V05-example-03	keep; active tooling references this marker family
V	books/vol05_commutative_algebra/chapters/ch05_multiplicative_systems/chapter.tex	272	VOL05-EXPANSION	ACTIVE_KEEP	scripts/volume05/audit_example_exercise_balance.py;scripts/volume05/audit_example_exercise_expansion.py;scripts/volume05/expansion_common.py	% BEGIN VOL05-EXPANSION V05-exercises-01	keep; active tooling references this marker family
V	books/vol05_commutative_algebra/chapters/ch05_multiplicative_systems/chapter.tex	446	VOL05-EXPANSION	ACTIVE_KEEP	scripts/volume05/audit_example_exercise_balance.py;scripts/volume05/audit_example_exercise_expansion.py;scripts/volume05/expansion_common.py	% END VOL05-EXPANSION V05-exercises-01	keep; active tooling references this marker family
V	books/vol05_commutative_algebra/chapters/ch06_localization_of_rings/chapter.tex	27	VOL05-EXPANSION	ACTIVE_KEEP	scripts/volume05/audit_example_exercise_balance.py;scripts/volume05/audit_example_exercise_expansion.py;scripts/volume05/expansion_common.py	% BEGIN VOL05-EXPANSION V06-example-01	keep; active tooling references this marker family
V	books/vol05_commutative_algebra/chapters/ch06_localization_of_rings/chapter.tex	31	VOL05-EXPANSION	ACTIVE_KEEP	scripts/volume05/audit_example_exercise_balance.py;scripts/volume05/audit_example_exercise_expansion.py;scripts/volume05/expansion_common.py	% END VOL05-EXPANSION V06-example-01	keep; active tooling references this marker family
V	books/vol05_commutative_algebra/chapters/ch06_localization_of_rings/chapter.tex	41	VOL05-EXPANSION	ACTIVE_KEEP	scripts/volume05/audit_example_exercise_balance.py;scripts/volume05/audit_example_exercise_expansion.py;scripts/volume05/expansion_common.py	% BEGIN VOL05-EXPANSION V06-example-02	keep; active tooling references this marker family
V	books/vol05_commutative_algebra/chapters/ch06_localization_of_rings/chapter.tex	45	VOL05-EXPANSION	ACTIVE_KEEP	scripts/volume05/audit_example_exercise_balance.py;scripts/volume05/audit_example_exercise_expansion.py;scripts/volume05/expansion_common.py	% END VOL05-EXPANSION V06-example-02	keep; active tooling references this marker family
V	books/vol05_commutative_algebra/chapters/ch06_localization_of_rings/chapter.tex	52	VOL05-EXPANSION	ACTIVE_KEEP	scripts/volume05/audit_example_exercise_balance.py;scripts/volume05/audit_example_exercise_expansion.py;scripts/volume05/expansion_common.py	% BEGIN VOL05-EXPANSION V06-example-03	keep; active tooling references this marker family
V	books/vol05_commutative_algebra/chapters/ch06_localization_of_rings/chapter.tex	56	VOL05-EXPANSION	ACTIVE_KEEP	scripts/volume05/audit_example_exercise_balance.py;scripts/volume05/audit_example_exercise_expansion.py;scripts/volume05/expansion_common.py	% END VOL05-EXPANSION V06-example-03	keep; active tooling references this marker family
V	books/vol05_commutative_algebra/chapters/ch06_localization_of_rings/chapter.tex	275	VOL05-EXPANSION	ACTIVE_KEEP	scripts/volume05/audit_example_exercise_balance.py;scripts/volume05/audit_example_exercise_expansion.py;scripts/volume05/expansion_common.py	% BEGIN VOL05-EXPANSION V06-exercises-01	keep; active tooling references this marker family
V	books/vol05_commutative_algebra/chapters/ch06_localization_of_rings/chapter.tex	449	VOL05-EXPANSION	ACTIVE_KEEP	scripts/volume05/audit_example_exercise_balance.py;scripts/volume05/audit_example_exercise_expansion.py;scripts/volume05/expansion_common.py	% END VOL05-EXPANSION V06-exercises-01	keep; active tooling references this marker family
V	books/vol05_commutative_algebra/chapters/ch07_localization_of_modules/chapter.tex	27	VOL05-EXPANSION	ACTIVE_KEEP	scripts/volume05/audit_example_exercise_balance.py;scripts/volume05/audit_example_exercise_expansion.py;scripts/volume05/expansion_common.py	% BEGIN VOL05-EXPANSION V07-example-01	keep; active tooling references this marker family
V	books/vol05_commutative_algebra/chapters/ch07_localization_of_modules/chapter.tex	31	VOL05-EXPANSION	ACTIVE_KEEP	scripts/volume05/audit_example_exercise_balance.py;scripts/volume05/audit_example_exercise_expansion.py;scripts/volume05/expansion_common.py	% END VOL05-EXPANSION V07-example-01	keep; active tooling references this marker family
V	books/vol05_commutative_algebra/chapters/ch07_localization_of_modules/chapter.tex	41	VOL05-EXPANSION	ACTIVE_KEEP	scripts/volume05/audit_example_exercise_balance.py;scripts/volume05/audit_example_exercise_expansion.py;scripts/volume05/expansion_common.py	% BEGIN VOL05-EXPANSION V07-example-02	keep; active tooling references this marker family
V	books/vol05_commutative_algebra/chapters/ch07_localization_of_modules/chapter.tex	45	VOL05-EXPANSION	ACTIVE_KEEP	scripts/volume05/audit_example_exercise_balance.py;scripts/volume05/audit_example_exercise_expansion.py;scripts/volume05/expansion_common.py	% END VOL05-EXPANSION V07-example-02	keep; active tooling references this marker family
V	books/vol05_commutative_algebra/chapters/ch07_localization_of_modules/chapter.tex	52	VOL05-EXPANSION	ACTIVE_KEEP	scripts/volume05/audit_example_exercise_balance.py;scripts/volume05/audit_example_exercise_expansion.py;scripts/volume05/expansion_common.py	% BEGIN VOL05-EXPANSION V07-example-03	keep; active tooling references this marker family
V	books/vol05_commutative_algebra/chapters/ch07_localization_of_modules/chapter.tex	56	VOL05-EXPANSION	ACTIVE_KEEP	scripts/volume05/audit_example_exercise_balance.py;scripts/volume05/audit_example_exercise_expansion.py;scripts/volume05/expansion_common.py	% END VOL05-EXPANSION V07-example-03	keep; active tooling references this marker family
V	books/vol05_commutative_algebra/chapters/ch07_localization_of_modules/chapter.tex	275	VOL05-EXPANSION	ACTIVE_KEEP	scripts/volume05/audit_example_exercise_balance.py;scripts/volume05/audit_example_exercise_expansion.py;scripts/volume05/expansion_common.py	% BEGIN VOL05-EXPANSION V07-exercises-01	keep; active tooling references this marker family
V	books/vol05_commutative_algebra/chapters/ch07_localization_of_modules/chapter.tex	449	VOL05-EXPANSION	ACTIVE_KEEP	scripts/volume05/audit_example_exercise_balance.py;scripts/volume05/audit_example_exercise_expansion.py;scripts/volume05/expansion_common.py	% END VOL05-EXPANSION V07-exercises-01	keep; active tooling references this marker family
V	books/vol05_commutative_algebra/chapters/ch08_local_rings_and_localization_at_primes/chapter.tex	27	VOL05-EXPANSION	ACTIVE_KEEP	scripts/volume05/audit_example_exercise_balance.py;scripts/volume05/audit_example_exercise_expansion.py;scripts/volume05/expansion_common.py	% BEGIN VOL05-EXPANSION V08-example-01	keep; active tooling references this marker family
V	books/vol05_commutative_algebra/chapters/ch08_local_rings_and_localization_at_primes/chapter.tex	31	VOL05-EXPANSION	ACTIVE_KEEP	scripts/volume05/audit_example_exercise_balance.py;scripts/volume05/audit_example_exercise_expansion.py;scripts/volume05/expansion_common.py	% END VOL05-EXPANSION V08-example-01	keep; active tooling references this marker family
V	books/vol05_commutative_algebra/chapters/ch08_local_rings_and_localization_at_primes/chapter.tex	41	VOL05-EXPANSION	ACTIVE_KEEP	scripts/volume05/audit_example_exercise_balance.py;scripts/volume05/audit_example_exercise_expansion.py;scripts/volume05/expansion_common.py	% BEGIN VOL05-EXPANSION V08-example-02	keep; active tooling references this marker family
V	books/vol05_commutative_algebra/chapters/ch08_local_rings_and_localization_at_primes/chapter.tex	45	VOL05-EXPANSION	ACTIVE_KEEP	scripts/volume05/audit_example_exercise_balance.py;scripts/volume05/audit_example_exercise_expansion.py;scripts/volume05/expansion_common.py	% END VOL05-EXPANSION V08-example-02	keep; active tooling references this marker family
V	books/vol05_commutative_algebra/chapters/ch08_local_rings_and_localization_at_primes/chapter.tex	52	VOL05-EXPANSION	ACTIVE_KEEP	scripts/volume05/audit_example_exercise_balance.py;scripts/volume05/audit_example_exercise_expansion.py;scripts/volume05/expansion_common.py	% BEGIN VOL05-EXPANSION V08-example-03	keep; active tooling references this marker family
V	books/vol05_commutative_algebra/chapters/ch08_local_rings_and_localization_at_primes/chapter.tex	56	VOL05-EXPANSION	ACTIVE_KEEP	scripts/volume05/audit_example_exercise_balance.py;scripts/volume05/audit_example_exercise_expansion.py;scripts/volume05/expansion_common.py	% END VOL05-EXPANSION V08-example-03	keep; active tooling references this marker family
V	books/vol05_commutative_algebra/chapters/ch08_local_rings_and_localization_at_primes/chapter.tex	275	VOL05-EXPANSION	ACTIVE_KEEP	scripts/volume05/audit_example_exercise_balance.py;scripts/volume05/audit_example_exercise_expansion.py;scripts/volume05/expansion_common.py	% BEGIN VOL05-EXPANSION V08-exercises-01	keep; active tooling references this marker family
V	books/vol05_commutative_algebra/chapters/ch08_local_rings_and_localization_at_primes/chapter.tex	449	VOL05-EXPANSION	ACTIVE_KEEP	scripts/volume05/audit_example_exercise_balance.py;scripts/volume05/audit_example_exercise_expansion.py;scripts/volume05/expansion_common.py	% END VOL05-EXPANSION V08-exercises-01	keep; active tooling references this marker family
V	books/vol05_commutative_algebra/chapters/ch09_modules_and_exact_sequences/chapter.tex	27	VOL05-EXPANSION	ACTIVE_KEEP	scripts/volume05/audit_example_exercise_balance.py;scripts/volume05/audit_example_exercise_expansion.py;scripts/volume05/expansion_common.py	% BEGIN VOL05-EXPANSION V09-example-01	keep; active tooling references this marker family
V	books/vol05_commutative_algebra/chapters/ch09_modules_and_exact_sequences/chapter.tex	31	VOL05-EXPANSION	ACTIVE_KEEP	scripts/volume05/audit_example_exercise_balance.py;scripts/volume05/audit_example_exercise_expansion.py;scripts/volume05/expansion_common.py	% END VOL05-EXPANSION V09-example-01	keep; active tooling references this marker family
V	books/vol05_commutative_algebra/chapters/ch09_modules_and_exact_sequences/chapter.tex	41	VOL05-EXPANSION	ACTIVE_KEEP	scripts/volume05/audit_example_exercise_balance.py;scripts/volume05/audit_example_exercise_expansion.py;scripts/volume05/expansion_common.py	% BEGIN VOL05-EXPANSION V09-example-02	keep; active tooling references this marker family
V	books/vol05_commutative_algebra/chapters/ch09_modules_and_exact_sequences/chapter.tex	45	VOL05-EXPANSION	ACTIVE_KEEP	scripts/volume05/audit_example_exercise_balance.py;scripts/volume05/audit_example_exercise_expansion.py;scripts/volume05/expansion_common.py	% END VOL05-EXPANSION V09-example-02	keep; active tooling references this marker family
V	books/vol05_commutative_algebra/chapters/ch09_modules_and_exact_sequences/chapter.tex	52	VOL05-EXPANSION	ACTIVE_KEEP	scripts/volume05/audit_example_exercise_balance.py;scripts/volume05/audit_example_exercise_expansion.py;scripts/volume05/expansion_common.py	% BEGIN VOL05-EXPANSION V09-example-03	keep; active tooling references this marker family
V	books/vol05_commutative_algebra/chapters/ch09_modules_and_exact_sequences/chapter.tex	56	VOL05-EXPANSION	ACTIVE_KEEP	scripts/volume05/audit_example_exercise_balance.py;scripts/volume05/audit_example_exercise_expansion.py;scripts/volume05/expansion_common.py	% END VOL05-EXPANSION V09-example-03	keep; active tooling references this marker family
V	books/vol05_commutative_algebra/chapters/ch09_modules_and_exact_sequences/chapter.tex	275	VOL05-EXPANSION	ACTIVE_KEEP	scripts/volume05/audit_example_exercise_balance.py;scripts/volume05/audit_example_exercise_expansion.py;scripts/volume05/expansion_common.py	% BEGIN VOL05-EXPANSION V09-exercises-01	keep; active tooling references this marker family
V	books/vol05_commutative_algebra/chapters/ch09_modules_and_exact_sequences/chapter.tex	449	VOL05-EXPANSION	ACTIVE_KEEP	scripts/volume05/audit_example_exercise_balance.py;scripts/volume05/audit_example_exercise_expansion.py;scripts/volume05/expansion_common.py	% END VOL05-EXPANSION V09-exercises-01	keep; active tooling references this marker family
V	books/vol05_commutative_algebra/chapters/ch10_tensor_products/chapter.tex	27	VOL05-EXPANSION	ACTIVE_KEEP	scripts/volume05/audit_example_exercise_balance.py;scripts/volume05/audit_example_exercise_expansion.py;scripts/volume05/expansion_common.py	% BEGIN VOL05-EXPANSION V10-example-01	keep; active tooling references this marker family
V	books/vol05_commutative_algebra/chapters/ch10_tensor_products/chapter.tex	31	VOL05-EXPANSION	ACTIVE_KEEP	scripts/volume05/audit_example_exercise_balance.py;scripts/volume05/audit_example_exercise_expansion.py;scripts/volume05/expansion_common.py	% END VOL05-EXPANSION V10-example-01	keep; active tooling references this marker family
V	books/vol05_commutative_algebra/chapters/ch10_tensor_products/chapter.tex	41	VOL05-EXPANSION	ACTIVE_KEEP	scripts/volume05/audit_example_exercise_balance.py;scripts/volume05/audit_example_exercise_expansion.py;scripts/volume05/expansion_common.py	% BEGIN VOL05-EXPANSION V10-example-02	keep; active tooling references this marker family
V	books/vol05_commutative_algebra/chapters/ch10_tensor_products/chapter.tex	45	VOL05-EXPANSION	ACTIVE_KEEP	scripts/volume05/audit_example_exercise_balance.py;scripts/volume05/audit_example_exercise_expansion.py;scripts/volume05/expansion_common.py	% END VOL05-EXPANSION V10-example-02	keep; active tooling references this marker family
V	books/vol05_commutative_algebra/chapters/ch10_tensor_products/chapter.tex	52	VOL05-EXPANSION	ACTIVE_KEEP	scripts/volume05/audit_example_exercise_balance.py;scripts/volume05/audit_example_exercise_expansion.py;scripts/volume05/expansion_common.py	% BEGIN VOL05-EXPANSION V10-example-03	keep; active tooling references this marker family
V	books/vol05_commutative_algebra/chapters/ch10_tensor_products/chapter.tex	56	VOL05-EXPANSION	ACTIVE_KEEP	scripts/volume05/audit_example_exercise_balance.py;scripts/volume05/audit_example_exercise_expansion.py;scripts/volume05/expansion_common.py	% END VOL05-EXPANSION V10-example-03	keep; active tooling references this marker family
V	books/vol05_commutative_algebra/chapters/ch10_tensor_products/chapter.tex	278	VOL05-EXPANSION	ACTIVE_KEEP	scripts/volume05/audit_example_exercise_balance.py;scripts/volume05/audit_example_exercise_expansion.py;scripts/volume05/expansion_common.py	% BEGIN VOL05-EXPANSION V10-exercises-01	keep; active tooling references this marker family
V	books/vol05_commutative_algebra/chapters/ch10_tensor_products/chapter.tex	452	VOL05-EXPANSION	ACTIVE_KEEP	scripts/volume05/audit_example_exercise_balance.py;scripts/volume05/audit_example_exercise_expansion.py;scripts/volume05/expansion_common.py	% END VOL05-EXPANSION V10-exercises-01	keep; active tooling references this marker family
V	books/vol05_commutative_algebra/chapters/ch11_quotients_and_base_change/chapter.tex	27	VOL05-EXPANSION	ACTIVE_KEEP	scripts/volume05/audit_example_exercise_balance.py;scripts/volume05/audit_example_exercise_expansion.py;scripts/volume05/expansion_common.py	% BEGIN VOL05-EXPANSION V11-example-01	keep; active tooling references this marker family
V	books/vol05_commutative_algebra/chapters/ch11_quotients_and_base_change/chapter.tex	31	VOL05-EXPANSION	ACTIVE_KEEP	scripts/volume05/audit_example_exercise_balance.py;scripts/volume05/audit_example_exercise_expansion.py;scripts/volume05/expansion_common.py	% END VOL05-EXPANSION V11-example-01	keep; active tooling references this marker family
V	books/vol05_commutative_algebra/chapters/ch11_quotients_and_base_change/chapter.tex	41	VOL05-EXPANSION	ACTIVE_KEEP	scripts/volume05/audit_example_exercise_balance.py;scripts/volume05/audit_example_exercise_expansion.py;scripts/volume05/expansion_common.py	% BEGIN VOL05-EXPANSION V11-example-02	keep; active tooling references this marker family
V	books/vol05_commutative_algebra/chapters/ch11_quotients_and_base_change/chapter.tex	45	VOL05-EXPANSION	ACTIVE_KEEP	scripts/volume05/audit_example_exercise_balance.py;scripts/volume05/audit_example_exercise_expansion.py;scripts/volume05/expansion_common.py	% END VOL05-EXPANSION V11-example-02	keep; active tooling references this marker family
V	books/vol05_commutative_algebra/chapters/ch11_quotients_and_base_change/chapter.tex	52	VOL05-EXPANSION	ACTIVE_KEEP	scripts/volume05/audit_example_exercise_balance.py;scripts/volume05/audit_example_exercise_expansion.py;scripts/volume05/expansion_common.py	% BEGIN VOL05-EXPANSION V11-example-03	keep; active tooling references this marker family
V	books/vol05_commutative_algebra/chapters/ch11_quotients_and_base_change/chapter.tex	56	VOL05-EXPANSION	ACTIVE_KEEP	scripts/volume05/audit_example_exercise_balance.py;scripts/volume05/audit_example_exercise_expansion.py;scripts/volume05/expansion_common.py	% END VOL05-EXPANSION V11-example-03	keep; active tooling references this marker family
V	books/vol05_commutative_algebra/chapters/ch11_quotients_and_base_change/chapter.tex	275	VOL05-EXPANSION	ACTIVE_KEEP	scripts/volume05/audit_example_exercise_balance.py;scripts/volume05/audit_example_exercise_expansion.py;scripts/volume05/expansion_common.py	% BEGIN VOL05-EXPANSION V11-exercises-01	keep; active tooling references this marker family
V	books/vol05_commutative_algebra/chapters/ch11_quotients_and_base_change/chapter.tex	449	VOL05-EXPANSION	ACTIVE_KEEP	scripts/volume05/audit_example_exercise_balance.py;scripts/volume05/audit_example_exercise_expansion.py;scripts/volume05/expansion_common.py	% END VOL05-EXPANSION V11-exercises-01	keep; active tooling references this marker family
V	books/vol05_commutative_algebra/chapters/ch12_hom_and_finitely_presented_modules/chapter.tex	27	VOL05-EXPANSION	ACTIVE_KEEP	scripts/volume05/audit_example_exercise_balance.py;scripts/volume05/audit_example_exercise_expansion.py;scripts/volume05/expansion_common.py	% BEGIN VOL05-EXPANSION V12-example-01	keep; active tooling references this marker family
V	books/vol05_commutative_algebra/chapters/ch12_hom_and_finitely_presented_modules/chapter.tex	31	VOL05-EXPANSION	ACTIVE_KEEP	scripts/volume05/audit_example_exercise_balance.py;scripts/volume05/audit_example_exercise_expansion.py;scripts/volume05/expansion_common.py	% END VOL05-EXPANSION V12-example-01	keep; active tooling references this marker family
V	books/vol05_commutative_algebra/chapters/ch12_hom_and_finitely_presented_modules/chapter.tex	41	VOL05-EXPANSION	ACTIVE_KEEP	scripts/volume05/audit_example_exercise_balance.py;scripts/volume05/audit_example_exercise_expansion.py;scripts/volume05/expansion_common.py	% BEGIN VOL05-EXPANSION V12-example-02	keep; active tooling references this marker family
V	books/vol05_commutative_algebra/chapters/ch12_hom_and_finitely_presented_modules/chapter.tex	45	VOL05-EXPANSION	ACTIVE_KEEP	scripts/volume05/audit_example_exercise_balance.py;scripts/volume05/audit_example_exercise_expansion.py;scripts/volume05/expansion_common.py	% END VOL05-EXPANSION V12-example-02	keep; active tooling references this marker family
V	books/vol05_commutative_algebra/chapters/ch12_hom_and_finitely_presented_modules/chapter.tex	52	VOL05-EXPANSION	ACTIVE_KEEP	scripts/volume05/audit_example_exercise_balance.py;scripts/volume05/audit_example_exercise_expansion.py;scripts/volume05/expansion_common.py	% BEGIN VOL05-EXPANSION V12-example-03	keep; active tooling references this marker family
V	books/vol05_commutative_algebra/chapters/ch12_hom_and_finitely_presented_modules/chapter.tex	56	VOL05-EXPANSION	ACTIVE_KEEP	scripts/volume05/audit_example_exercise_balance.py;scripts/volume05/audit_example_exercise_expansion.py;scripts/volume05/expansion_common.py	% END VOL05-EXPANSION V12-example-03	keep; active tooling references this marker family
V	books/vol05_commutative_algebra/chapters/ch12_hom_and_finitely_presented_modules/chapter.tex	346	VOL05-EXPANSION	ACTIVE_KEEP	scripts/volume05/audit_example_exercise_balance.py;scripts/volume05/audit_example_exercise_expansion.py;scripts/volume05/expansion_common.py	% BEGIN VOL05-EXPANSION V12-exercises-01	keep; active tooling references this marker family
V	books/vol05_commutative_algebra/chapters/ch12_hom_and_finitely_presented_modules/chapter.tex	520	VOL05-EXPANSION	ACTIVE_KEEP	scripts/volume05/audit_example_exercise_balance.py;scripts/volume05/audit_example_exercise_expansion.py;scripts/volume05/expansion_common.py	% END VOL05-EXPANSION V12-exercises-01	keep; active tooling references this marker family
V	books/vol05_commutative_algebra/chapters/ch13_free_and_projective_modules/chapter.tex	27	VOL05-EXPANSION	ACTIVE_KEEP	scripts/volume05/audit_example_exercise_balance.py;scripts/volume05/audit_example_exercise_expansion.py;scripts/volume05/expansion_common.py	% BEGIN VOL05-EXPANSION V13-example-01	keep; active tooling references this marker family
V	books/vol05_commutative_algebra/chapters/ch13_free_and_projective_modules/chapter.tex	31	VOL05-EXPANSION	ACTIVE_KEEP	scripts/volume05/audit_example_exercise_balance.py;scripts/volume05/audit_example_exercise_expansion.py;scripts/volume05/expansion_common.py	% END VOL05-EXPANSION V13-example-01	keep; active tooling references this marker family
V	books/vol05_commutative_algebra/chapters/ch13_free_and_projective_modules/chapter.tex	41	VOL05-EXPANSION	ACTIVE_KEEP	scripts/volume05/audit_example_exercise_balance.py;scripts/volume05/audit_example_exercise_expansion.py;scripts/volume05/expansion_common.py	% BEGIN VOL05-EXPANSION V13-example-02	keep; active tooling references this marker family
V	books/vol05_commutative_algebra/chapters/ch13_free_and_projective_modules/chapter.tex	45	VOL05-EXPANSION	ACTIVE_KEEP	scripts/volume05/audit_example_exercise_balance.py;scripts/volume05/audit_example_exercise_expansion.py;scripts/volume05/expansion_common.py	% END VOL05-EXPANSION V13-example-02	keep; active tooling references this marker family
V	books/vol05_commutative_algebra/chapters/ch13_free_and_projective_modules/chapter.tex	52	VOL05-EXPANSION	ACTIVE_KEEP	scripts/volume05/audit_example_exercise_balance.py;scripts/volume05/audit_example_exercise_expansion.py;scripts/volume05/expansion_common.py	% BEGIN VOL05-EXPANSION V13-example-03	keep; active tooling references this marker family
V	books/vol05_commutative_algebra/chapters/ch13_free_and_projective_modules/chapter.tex	56	VOL05-EXPANSION	ACTIVE_KEEP	scripts/volume05/audit_example_exercise_balance.py;scripts/volume05/audit_example_exercise_expansion.py;scripts/volume05/expansion_common.py	% END VOL05-EXPANSION V13-example-03	keep; active tooling references this marker family
V	books/vol05_commutative_algebra/chapters/ch13_free_and_projective_modules/chapter.tex	275	VOL05-EXPANSION	ACTIVE_KEEP	scripts/volume05/audit_example_exercise_balance.py;scripts/volume05/audit_example_exercise_expansion.py;scripts/volume05/expansion_common.py	% BEGIN VOL05-EXPANSION V13-exercises-01	keep; active tooling references this marker family
V	books/vol05_commutative_algebra/chapters/ch13_free_and_projective_modules/chapter.tex	449	VOL05-EXPANSION	ACTIVE_KEEP	scripts/volume05/audit_example_exercise_balance.py;scripts/volume05/audit_example_exercise_expansion.py;scripts/volume05/expansion_common.py	% END VOL05-EXPANSION V13-exercises-01	keep; active tooling references this marker family
V	books/vol05_commutative_algebra/chapters/ch14_flat_modules/chapter.tex	27	VOL05-EXPANSION	ACTIVE_KEEP	scripts/volume05/audit_example_exercise_balance.py;scripts/volume05/audit_example_exercise_expansion.py;scripts/volume05/expansion_common.py	% BEGIN VOL05-EXPANSION V14-example-01	keep; active tooling references this marker family
V	books/vol05_commutative_algebra/chapters/ch14_flat_modules/chapter.tex	31	VOL05-EXPANSION	ACTIVE_KEEP	scripts/volume05/audit_example_exercise_balance.py;scripts/volume05/audit_example_exercise_expansion.py;scripts/volume05/expansion_common.py	% END VOL05-EXPANSION V14-example-01	keep; active tooling references this marker family
V	books/vol05_commutative_algebra/chapters/ch14_flat_modules/chapter.tex	41	VOL05-EXPANSION	ACTIVE_KEEP	scripts/volume05/audit_example_exercise_balance.py;scripts/volume05/audit_example_exercise_expansion.py;scripts/volume05/expansion_common.py	% BEGIN VOL05-EXPANSION V14-example-02	keep; active tooling references this marker family
V	books/vol05_commutative_algebra/chapters/ch14_flat_modules/chapter.tex	45	VOL05-EXPANSION	ACTIVE_KEEP	scripts/volume05/audit_example_exercise_balance.py;scripts/volume05/audit_example_exercise_expansion.py;scripts/volume05/expansion_common.py	% END VOL05-EXPANSION V14-example-02	keep; active tooling references this marker family
V	books/vol05_commutative_algebra/chapters/ch14_flat_modules/chapter.tex	52	VOL05-EXPANSION	ACTIVE_KEEP	scripts/volume05/audit_example_exercise_balance.py;scripts/volume05/audit_example_exercise_expansion.py;scripts/volume05/expansion_common.py	% BEGIN VOL05-EXPANSION V14-example-03	keep; active tooling references this marker family
V	books/vol05_commutative_algebra/chapters/ch14_flat_modules/chapter.tex	56	VOL05-EXPANSION	ACTIVE_KEEP	scripts/volume05/audit_example_exercise_balance.py;scripts/volume05/audit_example_exercise_expansion.py;scripts/volume05/expansion_common.py	% END VOL05-EXPANSION V14-example-03	keep; active tooling references this marker family
V	books/vol05_commutative_algebra/chapters/ch14_flat_modules/chapter.tex	278	VOL05-EXPANSION	ACTIVE_KEEP	scripts/volume05/audit_example_exercise_balance.py;scripts/volume05/audit_example_exercise_expansion.py;scripts/volume05/expansion_common.py	% BEGIN VOL05-EXPANSION V14-exercises-01	keep; active tooling references this marker family
V	books/vol05_commutative_algebra/chapters/ch14_flat_modules/chapter.tex	452	VOL05-EXPANSION	ACTIVE_KEEP	scripts/volume05/audit_example_exercise_balance.py;scripts/volume05/audit_example_exercise_expansion.py;scripts/volume05/expansion_common.py	% END VOL05-EXPANSION V14-exercises-01	keep; active tooling references this marker family
V	books/vol05_commutative_algebra/chapters/ch15_noetherian_rings_and_modules/chapter.tex	27	VOL05-EXPANSION	ACTIVE_KEEP	scripts/volume05/audit_example_exercise_balance.py;scripts/volume05/audit_example_exercise_expansion.py;scripts/volume05/expansion_common.py	% BEGIN VOL05-EXPANSION V15-example-01	keep; active tooling references this marker family
V	books/vol05_commutative_algebra/chapters/ch15_noetherian_rings_and_modules/chapter.tex	31	VOL05-EXPANSION	ACTIVE_KEEP	scripts/volume05/audit_example_exercise_balance.py;scripts/volume05/audit_example_exercise_expansion.py;scripts/volume05/expansion_common.py	% END VOL05-EXPANSION V15-example-01	keep; active tooling references this marker family
V	books/vol05_commutative_algebra/chapters/ch15_noetherian_rings_and_modules/chapter.tex	44	VOL05-EXPANSION	ACTIVE_KEEP	scripts/volume05/audit_example_exercise_balance.py;scripts/volume05/audit_example_exercise_expansion.py;scripts/volume05/expansion_common.py	% BEGIN VOL05-EXPANSION V15-example-02	keep; active tooling references this marker family
V	books/vol05_commutative_algebra/chapters/ch15_noetherian_rings_and_modules/chapter.tex	48	VOL05-EXPANSION	ACTIVE_KEEP	scripts/volume05/audit_example_exercise_balance.py;scripts/volume05/audit_example_exercise_expansion.py;scripts/volume05/expansion_common.py	% END VOL05-EXPANSION V15-example-02	keep; active tooling references this marker family
V	books/vol05_commutative_algebra/chapters/ch15_noetherian_rings_and_modules/chapter.tex	55	VOL05-EXPANSION	ACTIVE_KEEP	scripts/volume05/audit_example_exercise_balance.py;scripts/volume05/audit_example_exercise_expansion.py;scripts/volume05/expansion_common.py	% BEGIN VOL05-EXPANSION V15-example-03	keep; active tooling references this marker family
V	books/vol05_commutative_algebra/chapters/ch15_noetherian_rings_and_modules/chapter.tex	59	VOL05-EXPANSION	ACTIVE_KEEP	scripts/volume05/audit_example_exercise_balance.py;scripts/volume05/audit_example_exercise_expansion.py;scripts/volume05/expansion_common.py	% END VOL05-EXPANSION V15-example-03	keep; active tooling references this marker family
V	books/vol05_commutative_algebra/chapters/ch15_noetherian_rings_and_modules/chapter.tex	278	VOL05-EXPANSION	ACTIVE_KEEP	scripts/volume05/audit_example_exercise_balance.py;scripts/volume05/audit_example_exercise_expansion.py;scripts/volume05/expansion_common.py	% BEGIN VOL05-EXPANSION V15-exercises-01	keep; active tooling references this marker family
V	books/vol05_commutative_algebra/chapters/ch15_noetherian_rings_and_modules/chapter.tex	452	VOL05-EXPANSION	ACTIVE_KEEP	scripts/volume05/audit_example_exercise_balance.py;scripts/volume05/audit_example_exercise_expansion.py;scripts/volume05/expansion_common.py	% END VOL05-EXPANSION V15-exercises-01	keep; active tooling references this marker family
V	books/vol05_commutative_algebra/chapters/ch16_support/chapter.tex	27	VOL05-EXPANSION	ACTIVE_KEEP	scripts/volume05/audit_example_exercise_balance.py;scripts/volume05/audit_example_exercise_expansion.py;scripts/volume05/expansion_common.py	% BEGIN VOL05-EXPANSION V16-example-01	keep; active tooling references this marker family
V	books/vol05_commutative_algebra/chapters/ch16_support/chapter.tex	31	VOL05-EXPANSION	ACTIVE_KEEP	scripts/volume05/audit_example_exercise_balance.py;scripts/volume05/audit_example_exercise_expansion.py;scripts/volume05/expansion_common.py	% END VOL05-EXPANSION V16-example-01	keep; active tooling references this marker family
V	books/vol05_commutative_algebra/chapters/ch16_support/chapter.tex	38	VOL05-EXPANSION	ACTIVE_KEEP	scripts/volume05/audit_example_exercise_balance.py;scripts/volume05/audit_example_exercise_expansion.py;scripts/volume05/expansion_common.py	% BEGIN VOL05-EXPANSION V16-example-02	keep; active tooling references this marker family
V	books/vol05_commutative_algebra/chapters/ch16_support/chapter.tex	42	VOL05-EXPANSION	ACTIVE_KEEP	scripts/volume05/audit_example_exercise_balance.py;scripts/volume05/audit_example_exercise_expansion.py;scripts/volume05/expansion_common.py	% END VOL05-EXPANSION V16-example-02	keep; active tooling references this marker family
V	books/vol05_commutative_algebra/chapters/ch16_support/chapter.tex	49	VOL05-EXPANSION	ACTIVE_KEEP	scripts/volume05/audit_example_exercise_balance.py;scripts/volume05/audit_example_exercise_expansion.py;scripts/volume05/expansion_common.py	% BEGIN VOL05-EXPANSION V16-example-03	keep; active tooling references this marker family
V	books/vol05_commutative_algebra/chapters/ch16_support/chapter.tex	53	VOL05-EXPANSION	ACTIVE_KEEP	scripts/volume05/audit_example_exercise_balance.py;scripts/volume05/audit_example_exercise_expansion.py;scripts/volume05/expansion_common.py	% END VOL05-EXPANSION V16-example-03	keep; active tooling references this marker family
V	books/vol05_commutative_algebra/chapters/ch16_support/chapter.tex	278	VOL05-EXPANSION	ACTIVE_KEEP	scripts/volume05/audit_example_exercise_balance.py;scripts/volume05/audit_example_exercise_expansion.py;scripts/volume05/expansion_common.py	% BEGIN VOL05-EXPANSION V16-exercises-01	keep; active tooling references this marker family
V	books/vol05_commutative_algebra/chapters/ch16_support/chapter.tex	452	VOL05-EXPANSION	ACTIVE_KEEP	scripts/volume05/audit_example_exercise_balance.py;scripts/volume05/audit_example_exercise_expansion.py;scripts/volume05/expansion_common.py	% END VOL05-EXPANSION V16-exercises-01	keep; active tooling references this marker family
V	books/vol05_commutative_algebra/chapters/ch17_associated_primes/chapter.tex	27	VOL05-EXPANSION	ACTIVE_KEEP	scripts/volume05/audit_example_exercise_balance.py;scripts/volume05/audit_example_exercise_expansion.py;scripts/volume05/expansion_common.py	% BEGIN VOL05-EXPANSION V17-example-01	keep; active tooling references this marker family
V	books/vol05_commutative_algebra/chapters/ch17_associated_primes/chapter.tex	31	VOL05-EXPANSION	ACTIVE_KEEP	scripts/volume05/audit_example_exercise_balance.py;scripts/volume05/audit_example_exercise_expansion.py;scripts/volume05/expansion_common.py	% END VOL05-EXPANSION V17-example-01	keep; active tooling references this marker family
V	books/vol05_commutative_algebra/chapters/ch17_associated_primes/chapter.tex	41	VOL05-EXPANSION	ACTIVE_KEEP	scripts/volume05/audit_example_exercise_balance.py;scripts/volume05/audit_example_exercise_expansion.py;scripts/volume05/expansion_common.py	% BEGIN VOL05-EXPANSION V17-example-02	keep; active tooling references this marker family
V	books/vol05_commutative_algebra/chapters/ch17_associated_primes/chapter.tex	45	VOL05-EXPANSION	ACTIVE_KEEP	scripts/volume05/audit_example_exercise_balance.py;scripts/volume05/audit_example_exercise_expansion.py;scripts/volume05/expansion_common.py	% END VOL05-EXPANSION V17-example-02	keep; active tooling references this marker family
V	books/vol05_commutative_algebra/chapters/ch17_associated_primes/chapter.tex	52	VOL05-EXPANSION	ACTIVE_KEEP	scripts/volume05/audit_example_exercise_balance.py;scripts/volume05/audit_example_exercise_expansion.py;scripts/volume05/expansion_common.py	% BEGIN VOL05-EXPANSION V17-example-03	keep; active tooling references this marker family
V	books/vol05_commutative_algebra/chapters/ch17_associated_primes/chapter.tex	56	VOL05-EXPANSION	ACTIVE_KEEP	scripts/volume05/audit_example_exercise_balance.py;scripts/volume05/audit_example_exercise_expansion.py;scripts/volume05/expansion_common.py	% END VOL05-EXPANSION V17-example-03	keep; active tooling references this marker family
V	books/vol05_commutative_algebra/chapters/ch17_associated_primes/chapter.tex	275	VOL05-EXPANSION	ACTIVE_KEEP	scripts/volume05/audit_example_exercise_balance.py;scripts/volume05/audit_example_exercise_expansion.py;scripts/volume05/expansion_common.py	% BEGIN VOL05-EXPANSION V17-exercises-01	keep; active tooling references this marker family
V	books/vol05_commutative_algebra/chapters/ch17_associated_primes/chapter.tex	449	VOL05-EXPANSION	ACTIVE_KEEP	scripts/volume05/audit_example_exercise_balance.py;scripts/volume05/audit_example_exercise_expansion.py;scripts/volume05/expansion_common.py	% END VOL05-EXPANSION V17-exercises-01	keep; active tooling references this marker family
V	books/vol05_commutative_algebra/chapters/ch18_completion_and_i_adic_topology/chapter.tex	27	VOL05-EXPANSION	ACTIVE_KEEP	scripts/volume05/audit_example_exercise_balance.py;scripts/volume05/audit_example_exercise_expansion.py;scripts/volume05/expansion_common.py	% BEGIN VOL05-EXPANSION V18-example-01	keep; active tooling references this marker family
V	books/vol05_commutative_algebra/chapters/ch18_completion_and_i_adic_topology/chapter.tex	31	VOL05-EXPANSION	ACTIVE_KEEP	scripts/volume05/audit_example_exercise_balance.py;scripts/volume05/audit_example_exercise_expansion.py;scripts/volume05/expansion_common.py	% END VOL05-EXPANSION V18-example-01	keep; active tooling references this marker family
V	books/vol05_commutative_algebra/chapters/ch18_completion_and_i_adic_topology/chapter.tex	41	VOL05-EXPANSION	ACTIVE_KEEP	scripts/volume05/audit_example_exercise_balance.py;scripts/volume05/audit_example_exercise_expansion.py;scripts/volume05/expansion_common.py	% BEGIN VOL05-EXPANSION V18-example-02	keep; active tooling references this marker family
V	books/vol05_commutative_algebra/chapters/ch18_completion_and_i_adic_topology/chapter.tex	45	VOL05-EXPANSION	ACTIVE_KEEP	scripts/volume05/audit_example_exercise_balance.py;scripts/volume05/audit_example_exercise_expansion.py;scripts/volume05/expansion_common.py	% END VOL05-EXPANSION V18-example-02	keep; active tooling references this marker family
V	books/vol05_commutative_algebra/chapters/ch18_completion_and_i_adic_topology/chapter.tex	80	VOL05-EXPANSION	ACTIVE_KEEP	scripts/volume05/audit_example_exercise_balance.py;scripts/volume05/audit_example_exercise_expansion.py;scripts/volume05/expansion_common.py	% BEGIN VOL05-EXPANSION V18-example-03	keep; active tooling references this marker family
V	books/vol05_commutative_algebra/chapters/ch18_completion_and_i_adic_topology/chapter.tex	84	VOL05-EXPANSION	ACTIVE_KEEP	scripts/volume05/audit_example_exercise_balance.py;scripts/volume05/audit_example_exercise_expansion.py;scripts/volume05/expansion_common.py	% END VOL05-EXPANSION V18-example-03	keep; active tooling references this marker family
V	books/vol05_commutative_algebra/chapters/ch18_completion_and_i_adic_topology/chapter.tex	344	VOL05-EXPANSION	ACTIVE_KEEP	scripts/volume05/audit_example_exercise_balance.py;scripts/volume05/audit_example_exercise_expansion.py;scripts/volume05/expansion_common.py	% BEGIN VOL05-EXPANSION V18-exercises-01	keep; active tooling references this marker family
V	books/vol05_commutative_algebra/chapters/ch18_completion_and_i_adic_topology/chapter.tex	518	VOL05-EXPANSION	ACTIVE_KEEP	scripts/volume05/audit_example_exercise_balance.py;scripts/volume05/audit_example_exercise_expansion.py;scripts/volume05/expansion_common.py	% END VOL05-EXPANSION V18-exercises-01	keep; active tooling references this marker family
V	books/vol05_commutative_algebra/chapters/ch19_integral_dependence/chapter.tex	27	VOL05-EXPANSION	ACTIVE_KEEP	scripts/volume05/audit_example_exercise_balance.py;scripts/volume05/audit_example_exercise_expansion.py;scripts/volume05/expansion_common.py	% BEGIN VOL05-EXPANSION V19-example-01	keep; active tooling references this marker family
V	books/vol05_commutative_algebra/chapters/ch19_integral_dependence/chapter.tex	31	VOL05-EXPANSION	ACTIVE_KEEP	scripts/volume05/audit_example_exercise_balance.py;scripts/volume05/audit_example_exercise_expansion.py;scripts/volume05/expansion_common.py	% END VOL05-EXPANSION V19-example-01	keep; active tooling references this marker family
V	books/vol05_commutative_algebra/chapters/ch19_integral_dependence/chapter.tex	41	VOL05-EXPANSION	ACTIVE_KEEP	scripts/volume05/audit_example_exercise_balance.py;scripts/volume05/audit_example_exercise_expansion.py;scripts/volume05/expansion_common.py	% BEGIN VOL05-EXPANSION V19-example-02	keep; active tooling references this marker family
V	books/vol05_commutative_algebra/chapters/ch19_integral_dependence/chapter.tex	45	VOL05-EXPANSION	ACTIVE_KEEP	scripts/volume05/audit_example_exercise_balance.py;scripts/volume05/audit_example_exercise_expansion.py;scripts/volume05/expansion_common.py	% END VOL05-EXPANSION V19-example-02	keep; active tooling references this marker family
V	books/vol05_commutative_algebra/chapters/ch19_integral_dependence/chapter.tex	52	VOL05-EXPANSION	ACTIVE_KEEP	scripts/volume05/audit_example_exercise_balance.py;scripts/volume05/audit_example_exercise_expansion.py;scripts/volume05/expansion_common.py	% BEGIN VOL05-EXPANSION V19-example-03	keep; active tooling references this marker family
V	books/vol05_commutative_algebra/chapters/ch19_integral_dependence/chapter.tex	56	VOL05-EXPANSION	ACTIVE_KEEP	scripts/volume05/audit_example_exercise_balance.py;scripts/volume05/audit_example_exercise_expansion.py;scripts/volume05/expansion_common.py	% END VOL05-EXPANSION V19-example-03	keep; active tooling references this marker family
V	books/vol05_commutative_algebra/chapters/ch19_integral_dependence/chapter.tex	275	VOL05-EXPANSION	ACTIVE_KEEP	scripts/volume05/audit_example_exercise_balance.py;scripts/volume05/audit_example_exercise_expansion.py;scripts/volume05/expansion_common.py	% BEGIN VOL05-EXPANSION V19-exercises-01	keep; active tooling references this marker family
V	books/vol05_commutative_algebra/chapters/ch19_integral_dependence/chapter.tex	449	VOL05-EXPANSION	ACTIVE_KEEP	scripts/volume05/audit_example_exercise_balance.py;scripts/volume05/audit_example_exercise_expansion.py;scripts/volume05/expansion_common.py	% END VOL05-EXPANSION V19-exercises-01	keep; active tooling references this marker family
V	books/vol05_commutative_algebra/chapters/ch20_integral_closure_and_normalization/chapter.tex	27	VOL05-EXPANSION	ACTIVE_KEEP	scripts/volume05/audit_example_exercise_balance.py;scripts/volume05/audit_example_exercise_expansion.py;scripts/volume05/expansion_common.py	% BEGIN VOL05-EXPANSION V20-example-01	keep; active tooling references this marker family
V	books/vol05_commutative_algebra/chapters/ch20_integral_closure_and_normalization/chapter.tex	31	VOL05-EXPANSION	ACTIVE_KEEP	scripts/volume05/audit_example_exercise_balance.py;scripts/volume05/audit_example_exercise_expansion.py;scripts/volume05/expansion_common.py	% END VOL05-EXPANSION V20-example-01	keep; active tooling references this marker family
V	books/vol05_commutative_algebra/chapters/ch20_integral_closure_and_normalization/chapter.tex	41	VOL05-EXPANSION	ACTIVE_KEEP	scripts/volume05/audit_example_exercise_balance.py;scripts/volume05/audit_example_exercise_expansion.py;scripts/volume05/expansion_common.py	% BEGIN VOL05-EXPANSION V20-example-02	keep; active tooling references this marker family
V	books/vol05_commutative_algebra/chapters/ch20_integral_closure_and_normalization/chapter.tex	45	VOL05-EXPANSION	ACTIVE_KEEP	scripts/volume05/audit_example_exercise_balance.py;scripts/volume05/audit_example_exercise_expansion.py;scripts/volume05/expansion_common.py	% END VOL05-EXPANSION V20-example-02	keep; active tooling references this marker family
V	books/vol05_commutative_algebra/chapters/ch20_integral_closure_and_normalization/chapter.tex	52	VOL05-EXPANSION	ACTIVE_KEEP	scripts/volume05/audit_example_exercise_balance.py;scripts/volume05/audit_example_exercise_expansion.py;scripts/volume05/expansion_common.py	% BEGIN VOL05-EXPANSION V20-example-03	keep; active tooling references this marker family
V	books/vol05_commutative_algebra/chapters/ch20_integral_closure_and_normalization/chapter.tex	56	VOL05-EXPANSION	ACTIVE_KEEP	scripts/volume05/audit_example_exercise_balance.py;scripts/volume05/audit_example_exercise_expansion.py;scripts/volume05/expansion_common.py	% END VOL05-EXPANSION V20-example-03	keep; active tooling references this marker family
V	books/vol05_commutative_algebra/chapters/ch20_integral_closure_and_normalization/chapter.tex	275	VOL05-EXPANSION	ACTIVE_KEEP	scripts/volume05/audit_example_exercise_balance.py;scripts/volume05/audit_example_exercise_expansion.py;scripts/volume05/expansion_common.py	% BEGIN VOL05-EXPANSION V20-exercises-01	keep; active tooling references this marker family
V	books/vol05_commutative_algebra/chapters/ch20_integral_closure_and_normalization/chapter.tex	449	VOL05-EXPANSION	ACTIVE_KEEP	scripts/volume05/audit_example_exercise_balance.py;scripts/volume05/audit_example_exercise_expansion.py;scripts/volume05/expansion_common.py	% END VOL05-EXPANSION V20-exercises-01	keep; active tooling references this marker family
V	books/vol05_commutative_algebra/chapters/ch21_valuation_rings/chapter.tex	27	VOL05-EXPANSION	ACTIVE_KEEP	scripts/volume05/audit_example_exercise_balance.py;scripts/volume05/audit_example_exercise_expansion.py;scripts/volume05/expansion_common.py	% BEGIN VOL05-EXPANSION V21-example-01	keep; active tooling references this marker family
V	books/vol05_commutative_algebra/chapters/ch21_valuation_rings/chapter.tex	31	VOL05-EXPANSION	ACTIVE_KEEP	scripts/volume05/audit_example_exercise_balance.py;scripts/volume05/audit_example_exercise_expansion.py;scripts/volume05/expansion_common.py	% END VOL05-EXPANSION V21-example-01	keep; active tooling references this marker family
V	books/vol05_commutative_algebra/chapters/ch21_valuation_rings/chapter.tex	41	VOL05-EXPANSION	ACTIVE_KEEP	scripts/volume05/audit_example_exercise_balance.py;scripts/volume05/audit_example_exercise_expansion.py;scripts/volume05/expansion_common.py	% BEGIN VOL05-EXPANSION V21-example-02	keep; active tooling references this marker family
V	books/vol05_commutative_algebra/chapters/ch21_valuation_rings/chapter.tex	45	VOL05-EXPANSION	ACTIVE_KEEP	scripts/volume05/audit_example_exercise_balance.py;scripts/volume05/audit_example_exercise_expansion.py;scripts/volume05/expansion_common.py	% END VOL05-EXPANSION V21-example-02	keep; active tooling references this marker family
V	books/vol05_commutative_algebra/chapters/ch21_valuation_rings/chapter.tex	52	VOL05-EXPANSION	ACTIVE_KEEP	scripts/volume05/audit_example_exercise_balance.py;scripts/volume05/audit_example_exercise_expansion.py;scripts/volume05/expansion_common.py	% BEGIN VOL05-EXPANSION V21-example-03	keep; active tooling references this marker family
V	books/vol05_commutative_algebra/chapters/ch21_valuation_rings/chapter.tex	56	VOL05-EXPANSION	ACTIVE_KEEP	scripts/volume05/audit_example_exercise_balance.py;scripts/volume05/audit_example_exercise_expansion.py;scripts/volume05/expansion_common.py	% END VOL05-EXPANSION V21-example-03	keep; active tooling references this marker family
V	books/vol05_commutative_algebra/chapters/ch21_valuation_rings/chapter.tex	275	VOL05-EXPANSION	ACTIVE_KEEP	scripts/volume05/audit_example_exercise_balance.py;scripts/volume05/audit_example_exercise_expansion.py;scripts/volume05/expansion_common.py	% BEGIN VOL05-EXPANSION V21-exercises-01	keep; active tooling references this marker family
V	books/vol05_commutative_algebra/chapters/ch21_valuation_rings/chapter.tex	449	VOL05-EXPANSION	ACTIVE_KEEP	scripts/volume05/audit_example_exercise_balance.py;scripts/volume05/audit_example_exercise_expansion.py;scripts/volume05/expansion_common.py	% END VOL05-EXPANSION V21-exercises-01	keep; active tooling references this marker family
V	books/vol05_commutative_algebra/chapters/ch22_chain_complexes/chapter.tex	27	VOL05-EXPANSION	ACTIVE_KEEP	scripts/volume05/audit_example_exercise_balance.py;scripts/volume05/audit_example_exercise_expansion.py;scripts/volume05/expansion_common.py	% BEGIN VOL05-EXPANSION V22-example-01	keep; active tooling references this marker family
V	books/vol05_commutative_algebra/chapters/ch22_chain_complexes/chapter.tex	31	VOL05-EXPANSION	ACTIVE_KEEP	scripts/volume05/audit_example_exercise_balance.py;scripts/volume05/audit_example_exercise_expansion.py;scripts/volume05/expansion_common.py	% END VOL05-EXPANSION V22-example-01	keep; active tooling references this marker family
V	books/vol05_commutative_algebra/chapters/ch22_chain_complexes/chapter.tex	41	VOL05-EXPANSION	ACTIVE_KEEP	scripts/volume05/audit_example_exercise_balance.py;scripts/volume05/audit_example_exercise_expansion.py;scripts/volume05/expansion_common.py	% BEGIN VOL05-EXPANSION V22-example-02	keep; active tooling references this marker family
V	books/vol05_commutative_algebra/chapters/ch22_chain_complexes/chapter.tex	45	VOL05-EXPANSION	ACTIVE_KEEP	scripts/volume05/audit_example_exercise_balance.py;scripts/volume05/audit_example_exercise_expansion.py;scripts/volume05/expansion_common.py	% END VOL05-EXPANSION V22-example-02	keep; active tooling references this marker family
V	books/vol05_commutative_algebra/chapters/ch22_chain_complexes/chapter.tex	52	VOL05-EXPANSION	ACTIVE_KEEP	scripts/volume05/audit_example_exercise_balance.py;scripts/volume05/audit_example_exercise_expansion.py;scripts/volume05/expansion_common.py	% BEGIN VOL05-EXPANSION V22-example-03	keep; active tooling references this marker family
V	books/vol05_commutative_algebra/chapters/ch22_chain_complexes/chapter.tex	56	VOL05-EXPANSION	ACTIVE_KEEP	scripts/volume05/audit_example_exercise_balance.py;scripts/volume05/audit_example_exercise_expansion.py;scripts/volume05/expansion_common.py	% END VOL05-EXPANSION V22-example-03	keep; active tooling references this marker family
V	books/vol05_commutative_algebra/chapters/ch22_chain_complexes/chapter.tex	306	VOL05-EXPANSION	ACTIVE_KEEP	scripts/volume05/audit_example_exercise_balance.py;scripts/volume05/audit_example_exercise_expansion.py;scripts/volume05/expansion_common.py	% BEGIN VOL05-EXPANSION V22-exercises-01	keep; active tooling references this marker family
V	books/vol05_commutative_algebra/chapters/ch22_chain_complexes/chapter.tex	480	VOL05-EXPANSION	ACTIVE_KEEP	scripts/volume05/audit_example_exercise_balance.py;scripts/volume05/audit_example_exercise_expansion.py;scripts/volume05/expansion_common.py	% END VOL05-EXPANSION V22-exercises-01	keep; active tooling references this marker family
V	books/vol05_commutative_algebra/chapters/ch23_free_resolutions/chapter.tex	27	VOL05-EXPANSION	ACTIVE_KEEP	scripts/volume05/audit_example_exercise_balance.py;scripts/volume05/audit_example_exercise_expansion.py;scripts/volume05/expansion_common.py	% BEGIN VOL05-EXPANSION V23-example-01	keep; active tooling references this marker family
V	books/vol05_commutative_algebra/chapters/ch23_free_resolutions/chapter.tex	31	VOL05-EXPANSION	ACTIVE_KEEP	scripts/volume05/audit_example_exercise_balance.py;scripts/volume05/audit_example_exercise_expansion.py;scripts/volume05/expansion_common.py	% END VOL05-EXPANSION V23-example-01	keep; active tooling references this marker family
V	books/vol05_commutative_algebra/chapters/ch23_free_resolutions/chapter.tex	41	VOL05-EXPANSION	ACTIVE_KEEP	scripts/volume05/audit_example_exercise_balance.py;scripts/volume05/audit_example_exercise_expansion.py;scripts/volume05/expansion_common.py	% BEGIN VOL05-EXPANSION V23-example-02	keep; active tooling references this marker family
V	books/vol05_commutative_algebra/chapters/ch23_free_resolutions/chapter.tex	45	VOL05-EXPANSION	ACTIVE_KEEP	scripts/volume05/audit_example_exercise_balance.py;scripts/volume05/audit_example_exercise_expansion.py;scripts/volume05/expansion_common.py	% END VOL05-EXPANSION V23-example-02	keep; active tooling references this marker family
V	books/vol05_commutative_algebra/chapters/ch23_free_resolutions/chapter.tex	52	VOL05-EXPANSION	ACTIVE_KEEP	scripts/volume05/audit_example_exercise_balance.py;scripts/volume05/audit_example_exercise_expansion.py;scripts/volume05/expansion_common.py	% BEGIN VOL05-EXPANSION V23-example-03	keep; active tooling references this marker family
V	books/vol05_commutative_algebra/chapters/ch23_free_resolutions/chapter.tex	56	VOL05-EXPANSION	ACTIVE_KEEP	scripts/volume05/audit_example_exercise_balance.py;scripts/volume05/audit_example_exercise_expansion.py;scripts/volume05/expansion_common.py	% END VOL05-EXPANSION V23-example-03	keep; active tooling references this marker family
V	books/vol05_commutative_algebra/chapters/ch23_free_resolutions/chapter.tex	278	VOL05-EXPANSION	ACTIVE_KEEP	scripts/volume05/audit_example_exercise_balance.py;scripts/volume05/audit_example_exercise_expansion.py;scripts/volume05/expansion_common.py	% BEGIN VOL05-EXPANSION V23-exercises-01	keep; active tooling references this marker family
V	books/vol05_commutative_algebra/chapters/ch23_free_resolutions/chapter.tex	452	VOL05-EXPANSION	ACTIVE_KEEP	scripts/volume05/audit_example_exercise_balance.py;scripts/volume05/audit_example_exercise_expansion.py;scripts/volume05/expansion_common.py	% END VOL05-EXPANSION V23-exercises-01	keep; active tooling references this marker family
V	books/vol05_commutative_algebra/chapters/ch24_syzygies/chapter.tex	27	VOL05-EXPANSION	ACTIVE_KEEP	scripts/volume05/audit_example_exercise_balance.py;scripts/volume05/audit_example_exercise_expansion.py;scripts/volume05/expansion_common.py	% BEGIN VOL05-EXPANSION V24-example-01	keep; active tooling references this marker family
V	books/vol05_commutative_algebra/chapters/ch24_syzygies/chapter.tex	31	VOL05-EXPANSION	ACTIVE_KEEP	scripts/volume05/audit_example_exercise_balance.py;scripts/volume05/audit_example_exercise_expansion.py;scripts/volume05/expansion_common.py	% END VOL05-EXPANSION V24-example-01	keep; active tooling references this marker family
V	books/vol05_commutative_algebra/chapters/ch24_syzygies/chapter.tex	41	VOL05-EXPANSION	ACTIVE_KEEP	scripts/volume05/audit_example_exercise_balance.py;scripts/volume05/audit_example_exercise_expansion.py;scripts/volume05/expansion_common.py	% BEGIN VOL05-EXPANSION V24-example-02	keep; active tooling references this marker family
V	books/vol05_commutative_algebra/chapters/ch24_syzygies/chapter.tex	45	VOL05-EXPANSION	ACTIVE_KEEP	scripts/volume05/audit_example_exercise_balance.py;scripts/volume05/audit_example_exercise_expansion.py;scripts/volume05/expansion_common.py	% END VOL05-EXPANSION V24-example-02	keep; active tooling references this marker family
V	books/vol05_commutative_algebra/chapters/ch24_syzygies/chapter.tex	52	VOL05-EXPANSION	ACTIVE_KEEP	scripts/volume05/audit_example_exercise_balance.py;scripts/volume05/audit_example_exercise_expansion.py;scripts/volume05/expansion_common.py	% BEGIN VOL05-EXPANSION V24-example-03	keep; active tooling references this marker family
V	books/vol05_commutative_algebra/chapters/ch24_syzygies/chapter.tex	56	VOL05-EXPANSION	ACTIVE_KEEP	scripts/volume05/audit_example_exercise_balance.py;scripts/volume05/audit_example_exercise_expansion.py;scripts/volume05/expansion_common.py	% END VOL05-EXPANSION V24-example-03	keep; active tooling references this marker family
V	books/vol05_commutative_algebra/chapters/ch24_syzygies/chapter.tex	339	VOL05-EXPANSION	ACTIVE_KEEP	scripts/volume05/audit_example_exercise_balance.py;scripts/volume05/audit_example_exercise_expansion.py;scripts/volume05/expansion_common.py	% BEGIN VOL05-EXPANSION V24-exercises-01	keep; active tooling references this marker family
V	books/vol05_commutative_algebra/chapters/ch24_syzygies/chapter.tex	513	VOL05-EXPANSION	ACTIVE_KEEP	scripts/volume05/audit_example_exercise_balance.py;scripts/volume05/audit_example_exercise_expansion.py;scripts/volume05/expansion_common.py	% END VOL05-EXPANSION V24-exercises-01	keep; active tooling references this marker family
V	books/vol05_commutative_algebra/chapters/ch25_minimal_resolutions/chapter.tex	27	VOL05-EXPANSION	ACTIVE_KEEP	scripts/volume05/audit_example_exercise_balance.py;scripts/volume05/audit_example_exercise_expansion.py;scripts/volume05/expansion_common.py	% BEGIN VOL05-EXPANSION V25-example-01	keep; active tooling references this marker family
V	books/vol05_commutative_algebra/chapters/ch25_minimal_resolutions/chapter.tex	31	VOL05-EXPANSION	ACTIVE_KEEP	scripts/volume05/audit_example_exercise_balance.py;scripts/volume05/audit_example_exercise_expansion.py;scripts/volume05/expansion_common.py	% END VOL05-EXPANSION V25-example-01	keep; active tooling references this marker family
V	books/vol05_commutative_algebra/chapters/ch25_minimal_resolutions/chapter.tex	41	VOL05-EXPANSION	ACTIVE_KEEP	scripts/volume05/audit_example_exercise_balance.py;scripts/volume05/audit_example_exercise_expansion.py;scripts/volume05/expansion_common.py	% BEGIN VOL05-EXPANSION V25-example-02	keep; active tooling references this marker family
V	books/vol05_commutative_algebra/chapters/ch25_minimal_resolutions/chapter.tex	45	VOL05-EXPANSION	ACTIVE_KEEP	scripts/volume05/audit_example_exercise_balance.py;scripts/volume05/audit_example_exercise_expansion.py;scripts/volume05/expansion_common.py	% END VOL05-EXPANSION V25-example-02	keep; active tooling references this marker family
V	books/vol05_commutative_algebra/chapters/ch25_minimal_resolutions/chapter.tex	52	VOL05-EXPANSION	ACTIVE_KEEP	scripts/volume05/audit_example_exercise_balance.py;scripts/volume05/audit_example_exercise_expansion.py;scripts/volume05/expansion_common.py	% BEGIN VOL05-EXPANSION V25-example-03	keep; active tooling references this marker family
V	books/vol05_commutative_algebra/chapters/ch25_minimal_resolutions/chapter.tex	56	VOL05-EXPANSION	ACTIVE_KEEP	scripts/volume05/audit_example_exercise_balance.py;scripts/volume05/audit_example_exercise_expansion.py;scripts/volume05/expansion_common.py	% END VOL05-EXPANSION V25-example-03	keep; active tooling references this marker family
V	books/vol05_commutative_algebra/chapters/ch25_minimal_resolutions/chapter.tex	327	VOL05-EXPANSION	ACTIVE_KEEP	scripts/volume05/audit_example_exercise_balance.py;scripts/volume05/audit_example_exercise_expansion.py;scripts/volume05/expansion_common.py	% BEGIN VOL05-EXPANSION V25-exercises-01	keep; active tooling references this marker family
V	books/vol05_commutative_algebra/chapters/ch25_minimal_resolutions/chapter.tex	501	VOL05-EXPANSION	ACTIVE_KEEP	scripts/volume05/audit_example_exercise_balance.py;scripts/volume05/audit_example_exercise_expansion.py;scripts/volume05/expansion_common.py	% END VOL05-EXPANSION V25-exercises-01	keep; active tooling references this marker family
V	books/vol05_commutative_algebra/chapters/ch26_the_tor_functor/chapter.tex	27	VOL05-EXPANSION	ACTIVE_KEEP	scripts/volume05/audit_example_exercise_balance.py;scripts/volume05/audit_example_exercise_expansion.py;scripts/volume05/expansion_common.py	% BEGIN VOL05-EXPANSION V26-example-01	keep; active tooling references this marker family
V	books/vol05_commutative_algebra/chapters/ch26_the_tor_functor/chapter.tex	31	VOL05-EXPANSION	ACTIVE_KEEP	scripts/volume05/audit_example_exercise_balance.py;scripts/volume05/audit_example_exercise_expansion.py;scripts/volume05/expansion_common.py	% END VOL05-EXPANSION V26-example-01	keep; active tooling references this marker family
V	books/vol05_commutative_algebra/chapters/ch26_the_tor_functor/chapter.tex	41	VOL05-EXPANSION	ACTIVE_KEEP	scripts/volume05/audit_example_exercise_balance.py;scripts/volume05/audit_example_exercise_expansion.py;scripts/volume05/expansion_common.py	% BEGIN VOL05-EXPANSION V26-example-02	keep; active tooling references this marker family
V	books/vol05_commutative_algebra/chapters/ch26_the_tor_functor/chapter.tex	45	VOL05-EXPANSION	ACTIVE_KEEP	scripts/volume05/audit_example_exercise_balance.py;scripts/volume05/audit_example_exercise_expansion.py;scripts/volume05/expansion_common.py	% END VOL05-EXPANSION V26-example-02	keep; active tooling references this marker family
V	books/vol05_commutative_algebra/chapters/ch26_the_tor_functor/chapter.tex	52	VOL05-EXPANSION	ACTIVE_KEEP	scripts/volume05/audit_example_exercise_balance.py;scripts/volume05/audit_example_exercise_expansion.py;scripts/volume05/expansion_common.py	% BEGIN VOL05-EXPANSION V26-example-03	keep; active tooling references this marker family
V	books/vol05_commutative_algebra/chapters/ch26_the_tor_functor/chapter.tex	56	VOL05-EXPANSION	ACTIVE_KEEP	scripts/volume05/audit_example_exercise_balance.py;scripts/volume05/audit_example_exercise_expansion.py;scripts/volume05/expansion_common.py	% END VOL05-EXPANSION V26-example-03	keep; active tooling references this marker family
V	books/vol05_commutative_algebra/chapters/ch26_the_tor_functor/chapter.tex	275	VOL05-EXPANSION	ACTIVE_KEEP	scripts/volume05/audit_example_exercise_balance.py;scripts/volume05/audit_example_exercise_expansion.py;scripts/volume05/expansion_common.py	% BEGIN VOL05-EXPANSION V26-exercises-01	keep; active tooling references this marker family
V	books/vol05_commutative_algebra/chapters/ch26_the_tor_functor/chapter.tex	449	VOL05-EXPANSION	ACTIVE_KEEP	scripts/volume05/audit_example_exercise_balance.py;scripts/volume05/audit_example_exercise_expansion.py;scripts/volume05/expansion_common.py	% END VOL05-EXPANSION V26-exercises-01	keep; active tooling references this marker family
V	books/vol05_commutative_algebra/chapters/ch27_the_ext_functor/chapter.tex	27	VOL05-EXPANSION	ACTIVE_KEEP	scripts/volume05/audit_example_exercise_balance.py;scripts/volume05/audit_example_exercise_expansion.py;scripts/volume05/expansion_common.py	% BEGIN VOL05-EXPANSION V27-example-01	keep; active tooling references this marker family
V	books/vol05_commutative_algebra/chapters/ch27_the_ext_functor/chapter.tex	31	VOL05-EXPANSION	ACTIVE_KEEP	scripts/volume05/audit_example_exercise_balance.py;scripts/volume05/audit_example_exercise_expansion.py;scripts/volume05/expansion_common.py	% END VOL05-EXPANSION V27-example-01	keep; active tooling references this marker family
V	books/vol05_commutative_algebra/chapters/ch27_the_ext_functor/chapter.tex	41	VOL05-EXPANSION	ACTIVE_KEEP	scripts/volume05/audit_example_exercise_balance.py;scripts/volume05/audit_example_exercise_expansion.py;scripts/volume05/expansion_common.py	% BEGIN VOL05-EXPANSION V27-example-02	keep; active tooling references this marker family
V	books/vol05_commutative_algebra/chapters/ch27_the_ext_functor/chapter.tex	45	VOL05-EXPANSION	ACTIVE_KEEP	scripts/volume05/audit_example_exercise_balance.py;scripts/volume05/audit_example_exercise_expansion.py;scripts/volume05/expansion_common.py	% END VOL05-EXPANSION V27-example-02	keep; active tooling references this marker family
V	books/vol05_commutative_algebra/chapters/ch27_the_ext_functor/chapter.tex	52	VOL05-EXPANSION	ACTIVE_KEEP	scripts/volume05/audit_example_exercise_balance.py;scripts/volume05/audit_example_exercise_expansion.py;scripts/volume05/expansion_common.py	% BEGIN VOL05-EXPANSION V27-example-03	keep; active tooling references this marker family
V	books/vol05_commutative_algebra/chapters/ch27_the_ext_functor/chapter.tex	56	VOL05-EXPANSION	ACTIVE_KEEP	scripts/volume05/audit_example_exercise_balance.py;scripts/volume05/audit_example_exercise_expansion.py;scripts/volume05/expansion_common.py	% END VOL05-EXPANSION V27-example-03	keep; active tooling references this marker family
V	books/vol05_commutative_algebra/chapters/ch27_the_ext_functor/chapter.tex	275	VOL05-EXPANSION	ACTIVE_KEEP	scripts/volume05/audit_example_exercise_balance.py;scripts/volume05/audit_example_exercise_expansion.py;scripts/volume05/expansion_common.py	% BEGIN VOL05-EXPANSION V27-exercises-01	keep; active tooling references this marker family
V	books/vol05_commutative_algebra/chapters/ch27_the_ext_functor/chapter.tex	449	VOL05-EXPANSION	ACTIVE_KEEP	scripts/volume05/audit_example_exercise_balance.py;scripts/volume05/audit_example_exercise_expansion.py;scripts/volume05/expansion_common.py	% END VOL05-EXPANSION V27-exercises-01	keep; active tooling references this marker family
V	books/vol05_commutative_algebra/chapters/ch28_derived_functor_viewpoint/chapter.tex	27	VOL05-EXPANSION	ACTIVE_KEEP	scripts/volume05/audit_example_exercise_balance.py;scripts/volume05/audit_example_exercise_expansion.py;scripts/volume05/expansion_common.py	% BEGIN VOL05-EXPANSION V28-example-01	keep; active tooling references this marker family
V	books/vol05_commutative_algebra/chapters/ch28_derived_functor_viewpoint/chapter.tex	31	VOL05-EXPANSION	ACTIVE_KEEP	scripts/volume05/audit_example_exercise_balance.py;scripts/volume05/audit_example_exercise_expansion.py;scripts/volume05/expansion_common.py	% END VOL05-EXPANSION V28-example-01	keep; active tooling references this marker family
V	books/vol05_commutative_algebra/chapters/ch28_derived_functor_viewpoint/chapter.tex	41	VOL05-EXPANSION	ACTIVE_KEEP	scripts/volume05/audit_example_exercise_balance.py;scripts/volume05/audit_example_exercise_expansion.py;scripts/volume05/expansion_common.py	% BEGIN VOL05-EXPANSION V28-example-02	keep; active tooling references this marker family
V	books/vol05_commutative_algebra/chapters/ch28_derived_functor_viewpoint/chapter.tex	45	VOL05-EXPANSION	ACTIVE_KEEP	scripts/volume05/audit_example_exercise_balance.py;scripts/volume05/audit_example_exercise_expansion.py;scripts/volume05/expansion_common.py	% END VOL05-EXPANSION V28-example-02	keep; active tooling references this marker family
V	books/vol05_commutative_algebra/chapters/ch28_derived_functor_viewpoint/chapter.tex	52	VOL05-EXPANSION	ACTIVE_KEEP	scripts/volume05/audit_example_exercise_balance.py;scripts/volume05/audit_example_exercise_expansion.py;scripts/volume05/expansion_common.py	% BEGIN VOL05-EXPANSION V28-example-03	keep; active tooling references this marker family
V	books/vol05_commutative_algebra/chapters/ch28_derived_functor_viewpoint/chapter.tex	56	VOL05-EXPANSION	ACTIVE_KEEP	scripts/volume05/audit_example_exercise_balance.py;scripts/volume05/audit_example_exercise_expansion.py;scripts/volume05/expansion_common.py	% END VOL05-EXPANSION V28-example-03	keep; active tooling references this marker family
V	books/vol05_commutative_algebra/chapters/ch28_derived_functor_viewpoint/chapter.tex	278	VOL05-EXPANSION	ACTIVE_KEEP	scripts/volume05/audit_example_exercise_balance.py;scripts/volume05/audit_example_exercise_expansion.py;scripts/volume05/expansion_common.py	% BEGIN VOL05-EXPANSION V28-exercises-01	keep; active tooling references this marker family
V	books/vol05_commutative_algebra/chapters/ch28_derived_functor_viewpoint/chapter.tex	452	VOL05-EXPANSION	ACTIVE_KEEP	scripts/volume05/audit_example_exercise_balance.py;scripts/volume05/audit_example_exercise_expansion.py;scripts/volume05/expansion_common.py	% END VOL05-EXPANSION V28-exercises-01	keep; active tooling references this marker family
VI	books/vol06_algebraic_geometry/chapters/ch01_algebraic_sets/chapter.tex	2	Status: DRAFTED	ACTIVE_KEEP	books/vol01_linear_algebra/freeze/freeze_volume01.py;books/vol01_linear_algebra/reconciliation/reconcile_volume01.py;books/vol08_algebraic_topology/freeze/AUDIT_VOLUME08_FREEZE.py;build/vol03-review/finalize_evidence.py;reports/vol03/VOL03_REMAINING_MATH_REPAIRS.json;reports/vol03/verify_review.py;scripts/series/audit_i_viii.py;scripts/series/generate_navigation.py;scripts/series/generate_release_dashboard.py;scripts/volume01/add_volume01_dossiers.py;scripts/volume01/generate_volume01_chapters.py;scripts/volume02/audit_full_volume02.py;scripts/volume02/audit_i01_i07.py;scripts/volume02/audit_i08_i12.py;scripts/volume02/common_volume02.py;scripts/volume02/generate_i01_i07.py;scripts/volume03/audit_full_volume03.py;scripts/volume03/audit_volume03_stage.py;scripts/volume03/common_volume03.py;scripts/volume04/audit_full_volume04.py;scripts/volume04/audit_volume04_stage.py;scripts/volume04/common_volume04.py;scripts/volume05/audit_full_volume05.py;scripts/volume05/audit_volume05_stage.py;scripts/volume05/common_volume05.py	% Status: DRAFTED	keep; active tooling references this marker family
VI	books/vol06_algebraic_geometry/chapters/ch01_algebraic_sets/chapter.tex	4	Editorial provenance	OBSOLETE_REMOVE		% Editorial provenance:	remove pure-comment marker; provenance preserved in this ledger
VI	books/vol06_algebraic_geometry/chapters/ch01_algebraic_sets/chapter.tex	5	SOURCE_MIGRATION.tsv	ACTIVE_KEEP	books/vol01_linear_algebra/freeze/freeze_volume01.py;books/vol01_linear_algebra/reconciliation/reconcile_volume01.py;books/vol08_algebraic_topology/reconciliation/VOLUME08_RECONCILIATION_MANIFEST.json;books/vol08_algebraic_topology/reconciliation/reconcile_volume08.py;editorial/provenance/vol3.yaml;release/theory_of_mathematics_i_viii_v1.0/RELEASE.json;scripts/series/audit_reviewed_freezes_i_viii.py;scripts/series/build_i_viii_release_bundle.py;scripts/series/generate_release_dashboard.py;scripts/series/reconcile_i_viii_release.py;scripts/volume01/add_volume01_dossiers.py;scripts/volume01/scaffold_volume01.py;scripts/volume02/audit_full_volume02.py;scripts/volume02/audit_i08_i12.py;scripts/volume02/common_volume02.py;scripts/volume02/generate_i01_i07.py;scripts/volume02/generate_i08_i12.py;scripts/volume02/generate_i13_i25.py;scripts/volume03/audit_full_volume03.py;scripts/volume03/audit_volume03_stage.py;scripts/volume03/generate_volume03_batch.py;scripts/volume04/audit_full_volume04.py;scripts/volume04/audit_volume04_stage.py;scripts/volume04/generate_volume04_batch.py;scripts/volume05/audit_full_volume05.py;scripts/volume05/audit_volume05_stage.py;scripts/volume05/generate_volume05_batch.py	%   - governed by editorial/SOURCE_MIGRATION.tsv	keep; active tooling references this marker family
VI	books/vol06_algebraic_geometry/chapters/ch01_algebraic_sets/chapter.tex	6	Legacy provenance	ACTIVE_KEEP	scripts/volume02/audit_pedagogy.py;scripts/volume03/common_volume03.py;scripts/volume04/common_volume04.py;scripts/volume05/common_volume05.py	%   - primary legacy family: theory-of-differential-geometry-4.tex	keep; active tooling references this marker family
VI	books/vol06_algebraic_geometry/chapters/ch01_algebraic_sets/chapter.tex	187	VOL06-EXPANSION	ACTIVE_KEEP	scripts/volume06/audit_example_exercise_balance.py;scripts/volume06/audit_example_exercise_expansion.py;scripts/volume06/expansion_common.py	% BEGIN VOL06-EXPANSION VI01-example-01	keep; active tooling references this marker family
VI	books/vol06_algebraic_geometry/chapters/ch01_algebraic_sets/chapter.tex	191	VOL06-EXPANSION	ACTIVE_KEEP	scripts/volume06/audit_example_exercise_balance.py;scripts/volume06/audit_example_exercise_expansion.py;scripts/volume06/expansion_common.py	% END VOL06-EXPANSION VI01-example-01	keep; active tooling references this marker family
VI	books/vol06_algebraic_geometry/chapters/ch01_algebraic_sets/chapter.tex	377	VOL06-EXPANSION	ACTIVE_KEEP	scripts/volume06/audit_example_exercise_balance.py;scripts/volume06/audit_example_exercise_expansion.py;scripts/volume06/expansion_common.py	% BEGIN VOL06-EXPANSION VI01-example-02	keep; active tooling references this marker family
VI	books/vol06_algebraic_geometry/chapters/ch01_algebraic_sets/chapter.tex	381	VOL06-EXPANSION	ACTIVE_KEEP	scripts/volume06/audit_example_exercise_balance.py;scripts/volume06/audit_example_exercise_expansion.py;scripts/volume06/expansion_common.py	% END VOL06-EXPANSION VI01-example-02	keep; active tooling references this marker family
VI	books/vol06_algebraic_geometry/chapters/ch01_algebraic_sets/chapter.tex	534	VOL06-EXPANSION	ACTIVE_KEEP	scripts/volume06/audit_example_exercise_balance.py;scripts/volume06/audit_example_exercise_expansion.py;scripts/volume06/expansion_common.py	% BEGIN VOL06-EXPANSION VI01-example-03	keep; active tooling references this marker family
VI	books/vol06_algebraic_geometry/chapters/ch01_algebraic_sets/chapter.tex	538	VOL06-EXPANSION	ACTIVE_KEEP	scripts/volume06/audit_example_exercise_balance.py;scripts/volume06/audit_example_exercise_expansion.py;scripts/volume06/expansion_common.py	% END VOL06-EXPANSION VI01-example-03	keep; active tooling references this marker family
VI	books/vol06_algebraic_geometry/chapters/ch01_algebraic_sets/chapter.tex	737	VOL06-EXPANSION	ACTIVE_KEEP	scripts/volume06/audit_example_exercise_balance.py;scripts/volume06/audit_example_exercise_expansion.py;scripts/volume06/expansion_common.py	% BEGIN VOL06-EXPANSION VI01-exercises-01	keep; active tooling references this marker family
VI	books/vol06_algebraic_geometry/chapters/ch01_algebraic_sets/chapter.tex	911	VOL06-EXPANSION	ACTIVE_KEEP	scripts/volume06/audit_example_exercise_balance.py;scripts/volume06/audit_example_exercise_expansion.py;scripts/volume06/expansion_common.py	% END VOL06-EXPANSION VI01-exercises-01	keep; active tooling references this marker family
VI	books/vol06_algebraic_geometry/chapters/ch02_zariski_topology/chapter.tex	134	VOL06-EXPANSION	ACTIVE_KEEP	scripts/volume06/audit_example_exercise_balance.py;scripts/volume06/audit_example_exercise_expansion.py;scripts/volume06/expansion_common.py	% BEGIN VOL06-EXPANSION VI02-example-01	keep; active tooling references this marker family
VI	books/vol06_algebraic_geometry/chapters/ch02_zariski_topology/chapter.tex	138	VOL06-EXPANSION	ACTIVE_KEEP	scripts/volume06/audit_example_exercise_balance.py;scripts/volume06/audit_example_exercise_expansion.py;scripts/volume06/expansion_common.py	% END VOL06-EXPANSION VI02-example-01	keep; active tooling references this marker family
VI	books/vol06_algebraic_geometry/chapters/ch02_zariski_topology/chapter.tex	262	VOL06-EXPANSION	ACTIVE_KEEP	scripts/volume06/audit_example_exercise_balance.py;scripts/volume06/audit_example_exercise_expansion.py;scripts/volume06/expansion_common.py	% BEGIN VOL06-EXPANSION VI02-example-02	keep; active tooling references this marker family
VI	books/vol06_algebraic_geometry/chapters/ch02_zariski_topology/chapter.tex	266	VOL06-EXPANSION	ACTIVE_KEEP	scripts/volume06/audit_example_exercise_balance.py;scripts/volume06/audit_example_exercise_expansion.py;scripts/volume06/expansion_common.py	% END VOL06-EXPANSION VI02-example-02	keep; active tooling references this marker family
VI	books/vol06_algebraic_geometry/chapters/ch02_zariski_topology/chapter.tex	398	VOL06-EXPANSION	ACTIVE_KEEP	scripts/volume06/audit_example_exercise_balance.py;scripts/volume06/audit_example_exercise_expansion.py;scripts/volume06/expansion_common.py	% BEGIN VOL06-EXPANSION VI02-example-03	keep; active tooling references this marker family
VI	books/vol06_algebraic_geometry/chapters/ch02_zariski_topology/chapter.tex	402	VOL06-EXPANSION	ACTIVE_KEEP	scripts/volume06/audit_example_exercise_balance.py;scripts/volume06/audit_example_exercise_expansion.py;scripts/volume06/expansion_common.py	% END VOL06-EXPANSION VI02-example-03	keep; active tooling references this marker family
VI	books/vol06_algebraic_geometry/chapters/ch02_zariski_topology/chapter.tex	537	VOL06-EXPANSION	ACTIVE_KEEP	scripts/volume06/audit_example_exercise_balance.py;scripts/volume06/audit_example_exercise_expansion.py;scripts/volume06/expansion_common.py	% BEGIN VOL06-EXPANSION VI02-exercises-01	keep; active tooling references this marker family
VI	books/vol06_algebraic_geometry/chapters/ch02_zariski_topology/chapter.tex	711	VOL06-EXPANSION	ACTIVE_KEEP	scripts/volume06/audit_example_exercise_balance.py;scripts/volume06/audit_example_exercise_expansion.py;scripts/volume06/expansion_common.py	% END VOL06-EXPANSION VI02-exercises-01	keep; active tooling references this marker family
VI	books/vol06_algebraic_geometry/chapters/ch03_coordinate_rings/chapter.tex	179	VOL06-EXPANSION	ACTIVE_KEEP	scripts/volume06/audit_example_exercise_balance.py;scripts/volume06/audit_example_exercise_expansion.py;scripts/volume06/expansion_common.py	% BEGIN VOL06-EXPANSION VI03-example-01	keep; active tooling references this marker family
VI	books/vol06_algebraic_geometry/chapters/ch03_coordinate_rings/chapter.tex	183	VOL06-EXPANSION	ACTIVE_KEEP	scripts/volume06/audit_example_exercise_balance.py;scripts/volume06/audit_example_exercise_expansion.py;scripts/volume06/expansion_common.py	% END VOL06-EXPANSION VI03-example-01	keep; active tooling references this marker family
VI	books/vol06_algebraic_geometry/chapters/ch03_coordinate_rings/chapter.tex	263	VOL06-EXPANSION	ACTIVE_KEEP	scripts/volume06/audit_example_exercise_balance.py;scripts/volume06/audit_example_exercise_expansion.py;scripts/volume06/expansion_common.py	% BEGIN VOL06-EXPANSION VI03-example-02	keep; active tooling references this marker family
VI	books/vol06_algebraic_geometry/chapters/ch03_coordinate_rings/chapter.tex	267	VOL06-EXPANSION	ACTIVE_KEEP	scripts/volume06/audit_example_exercise_balance.py;scripts/volume06/audit_example_exercise_expansion.py;scripts/volume06/expansion_common.py	% END VOL06-EXPANSION VI03-example-02	keep; active tooling references this marker family
VI	books/vol06_algebraic_geometry/chapters/ch03_coordinate_rings/chapter.tex	359	VOL06-EXPANSION	ACTIVE_KEEP	scripts/volume06/audit_example_exercise_balance.py;scripts/volume06/audit_example_exercise_expansion.py;scripts/volume06/expansion_common.py	% BEGIN VOL06-EXPANSION VI03-example-03	keep; active tooling references this marker family
VI	books/vol06_algebraic_geometry/chapters/ch03_coordinate_rings/chapter.tex	363	VOL06-EXPANSION	ACTIVE_KEEP	scripts/volume06/audit_example_exercise_balance.py;scripts/volume06/audit_example_exercise_expansion.py;scripts/volume06/expansion_common.py	% END VOL06-EXPANSION VI03-example-03	keep; active tooling references this marker family
VI	books/vol06_algebraic_geometry/chapters/ch03_coordinate_rings/chapter.tex	486	VOL06-EXPANSION	ACTIVE_KEEP	scripts/volume06/audit_example_exercise_balance.py;scripts/volume06/audit_example_exercise_expansion.py;scripts/volume06/expansion_common.py	% BEGIN VOL06-EXPANSION VI03-exercises-01	keep; active tooling references this marker family
VI	books/vol06_algebraic_geometry/chapters/ch03_coordinate_rings/chapter.tex	660	VOL06-EXPANSION	ACTIVE_KEEP	scripts/volume06/audit_example_exercise_balance.py;scripts/volume06/audit_example_exercise_expansion.py;scripts/volume06/expansion_common.py	% END VOL06-EXPANSION VI03-exercises-01	keep; active tooling references this marker family
VI	books/vol06_algebraic_geometry/chapters/ch04_morphisms_affine_algebraic_sets/chapter.tex	2	Status: DRAFTED	ACTIVE_KEEP	books/vol01_linear_algebra/freeze/freeze_volume01.py;books/vol01_linear_algebra/reconciliation/reconcile_volume01.py;books/vol08_algebraic_topology/freeze/AUDIT_VOLUME08_FREEZE.py;build/vol03-review/finalize_evidence.py;reports/vol03/VOL03_REMAINING_MATH_REPAIRS.json;reports/vol03/verify_review.py;scripts/series/audit_i_viii.py;scripts/series/generate_navigation.py;scripts/series/generate_release_dashboard.py;scripts/volume01/add_volume01_dossiers.py;scripts/volume01/generate_volume01_chapters.py;scripts/volume02/audit_full_volume02.py;scripts/volume02/audit_i01_i07.py;scripts/volume02/audit_i08_i12.py;scripts/volume02/common_volume02.py;scripts/volume02/generate_i01_i07.py;scripts/volume03/audit_full_volume03.py;scripts/volume03/audit_volume03_stage.py;scripts/volume03/common_volume03.py;scripts/volume04/audit_full_volume04.py;scripts/volume04/audit_volume04_stage.py;scripts/volume04/common_volume04.py;scripts/volume05/audit_full_volume05.py;scripts/volume05/audit_volume05_stage.py;scripts/volume05/common_volume05.py	% Status: DRAFTED - reorganized examples/exercises/problem dossiers/challenges	keep; active tooling references this marker family
VI	books/vol06_algebraic_geometry/chapters/ch04_morphisms_affine_algebraic_sets/chapter.tex	309	VOL06-EXPANSION	ACTIVE_KEEP	scripts/volume06/audit_example_exercise_balance.py;scripts/volume06/audit_example_exercise_expansion.py;scripts/volume06/expansion_common.py	% BEGIN VOL06-EXPANSION VI04-example-01	keep; active tooling references this marker family
VI	books/vol06_algebraic_geometry/chapters/ch04_morphisms_affine_algebraic_sets/chapter.tex	313	VOL06-EXPANSION	ACTIVE_KEEP	scripts/volume06/audit_example_exercise_balance.py;scripts/volume06/audit_example_exercise_expansion.py;scripts/volume06/expansion_common.py	% END VOL06-EXPANSION VI04-example-01	keep; active tooling references this marker family
VI	books/vol06_algebraic_geometry/chapters/ch04_morphisms_affine_algebraic_sets/chapter.tex	603	VOL06-EXPANSION	ACTIVE_KEEP	scripts/volume06/audit_example_exercise_balance.py;scripts/volume06/audit_example_exercise_expansion.py;scripts/volume06/expansion_common.py	% BEGIN VOL06-EXPANSION VI04-example-02	keep; active tooling references this marker family
VI	books/vol06_algebraic_geometry/chapters/ch04_morphisms_affine_algebraic_sets/chapter.tex	607	VOL06-EXPANSION	ACTIVE_KEEP	scripts/volume06/audit_example_exercise_balance.py;scripts/volume06/audit_example_exercise_expansion.py;scripts/volume06/expansion_common.py	% END VOL06-EXPANSION VI04-example-02	keep; active tooling references this marker family
VI	books/vol06_algebraic_geometry/chapters/ch04_morphisms_affine_algebraic_sets/chapter.tex	894	VOL06-EXPANSION	ACTIVE_KEEP	scripts/volume06/audit_example_exercise_balance.py;scripts/volume06/audit_example_exercise_expansion.py;scripts/volume06/expansion_common.py	% BEGIN VOL06-EXPANSION VI04-example-03	keep; active tooling references this marker family
VI	books/vol06_algebraic_geometry/chapters/ch04_morphisms_affine_algebraic_sets/chapter.tex	898	VOL06-EXPANSION	ACTIVE_KEEP	scripts/volume06/audit_example_exercise_balance.py;scripts/volume06/audit_example_exercise_expansion.py;scripts/volume06/expansion_common.py	% END VOL06-EXPANSION VI04-example-03	keep; active tooling references this marker family
VI	books/vol06_algebraic_geometry/chapters/ch04_morphisms_affine_algebraic_sets/chapter.tex	1156	VOL06-EXPANSION	ACTIVE_KEEP	scripts/volume06/audit_example_exercise_balance.py;scripts/volume06/audit_example_exercise_expansion.py;scripts/volume06/expansion_common.py	% BEGIN VOL06-EXPANSION VI04-exercises-01	keep; active tooling references this marker family
VI	books/vol06_algebraic_geometry/chapters/ch04_morphisms_affine_algebraic_sets/chapter.tex	1330	VOL06-EXPANSION	ACTIVE_KEEP	scripts/volume06/audit_example_exercise_balance.py;scripts/volume06/audit_example_exercise_expansion.py;scripts/volume06/expansion_common.py	% END VOL06-EXPANSION VI04-exercises-01	keep; active tooling references this marker family
VI	books/vol06_algebraic_geometry/chapters/ch05_irreducibility_components/chapter.tex	2	Status: DRAFTED	ACTIVE_KEEP	books/vol01_linear_algebra/freeze/freeze_volume01.py;books/vol01_linear_algebra/reconciliation/reconcile_volume01.py;books/vol08_algebraic_topology/freeze/AUDIT_VOLUME08_FREEZE.py;build/vol03-review/finalize_evidence.py;reports/vol03/VOL03_REMAINING_MATH_REPAIRS.json;reports/vol03/verify_review.py;scripts/series/audit_i_viii.py;scripts/series/generate_navigation.py;scripts/series/generate_release_dashboard.py;scripts/volume01/add_volume01_dossiers.py;scripts/volume01/generate_volume01_chapters.py;scripts/volume02/audit_full_volume02.py;scripts/volume02/audit_i01_i07.py;scripts/volume02/audit_i08_i12.py;scripts/volume02/common_volume02.py;scripts/volume02/generate_i01_i07.py;scripts/volume03/audit_full_volume03.py;scripts/volume03/audit_volume03_stage.py;scripts/volume03/common_volume03.py;scripts/volume04/audit_full_volume04.py;scripts/volume04/audit_volume04_stage.py;scripts/volume04/common_volume04.py;scripts/volume05/audit_full_volume05.py;scripts/volume05/audit_volume05_stage.py;scripts/volume05/common_volume05.py	% Status: DRAFTED (reorganized complete review before repository write)	keep; active tooling references this marker family
VI	books/vol06_algebraic_geometry/chapters/ch05_irreducibility_components/chapter.tex	178	VOL06-EXPANSION	ACTIVE_KEEP	scripts/volume06/audit_example_exercise_balance.py;scripts/volume06/audit_example_exercise_expansion.py;scripts/volume06/expansion_common.py	% BEGIN VOL06-EXPANSION VI05-example-01	keep; active tooling references this marker family
VI	books/vol06_algebraic_geometry/chapters/ch05_irreducibility_components/chapter.tex	182	VOL06-EXPANSION	ACTIVE_KEEP	scripts/volume06/audit_example_exercise_balance.py;scripts/volume06/audit_example_exercise_expansion.py;scripts/volume06/expansion_common.py	% END VOL06-EXPANSION VI05-example-01	keep; active tooling references this marker family
VI	books/vol06_algebraic_geometry/chapters/ch05_irreducibility_components/chapter.tex	364	VOL06-EXPANSION	ACTIVE_KEEP	scripts/volume06/audit_example_exercise_balance.py;scripts/volume06/audit_example_exercise_expansion.py;scripts/volume06/expansion_common.py	% BEGIN VOL06-EXPANSION VI05-example-02	keep; active tooling references this marker family
VI	books/vol06_algebraic_geometry/chapters/ch05_irreducibility_components/chapter.tex	368	VOL06-EXPANSION	ACTIVE_KEEP	scripts/volume06/audit_example_exercise_balance.py;scripts/volume06/audit_example_exercise_expansion.py;scripts/volume06/expansion_common.py	% END VOL06-EXPANSION VI05-example-02	keep; active tooling references this marker family
VI	books/vol06_algebraic_geometry/chapters/ch05_irreducibility_components/chapter.tex	530	VOL06-EXPANSION	ACTIVE_KEEP	scripts/volume06/audit_example_exercise_balance.py;scripts/volume06/audit_example_exercise_expansion.py;scripts/volume06/expansion_common.py	% BEGIN VOL06-EXPANSION VI05-example-03	keep; active tooling references this marker family
VI	books/vol06_algebraic_geometry/chapters/ch05_irreducibility_components/chapter.tex	534	VOL06-EXPANSION	ACTIVE_KEEP	scripts/volume06/audit_example_exercise_balance.py;scripts/volume06/audit_example_exercise_expansion.py;scripts/volume06/expansion_common.py	% END VOL06-EXPANSION VI05-example-03	keep; active tooling references this marker family
VI	books/vol06_algebraic_geometry/chapters/ch05_irreducibility_components/chapter.tex	817	VOL06-EXPANSION	ACTIVE_KEEP	scripts/volume06/audit_example_exercise_balance.py;scripts/volume06/audit_example_exercise_expansion.py;scripts/volume06/expansion_common.py	% BEGIN VOL06-EXPANSION VI05-exercises-01	keep; active tooling references this marker family
VI	books/vol06_algebraic_geometry/chapters/ch05_irreducibility_components/chapter.tex	991	VOL06-EXPANSION	ACTIVE_KEEP	scripts/volume06/audit_example_exercise_balance.py;scripts/volume06/audit_example_exercise_expansion.py;scripts/volume06/expansion_common.py	% END VOL06-EXPANSION VI05-exercises-01	keep; active tooling references this marker family
VI	books/vol06_algebraic_geometry/chapters/ch06_prime_ideals_geometric_points/chapter.tex	2	Status: DRAFTED	ACTIVE_KEEP	books/vol01_linear_algebra/freeze/freeze_volume01.py;books/vol01_linear_algebra/reconciliation/reconcile_volume01.py;books/vol08_algebraic_topology/freeze/AUDIT_VOLUME08_FREEZE.py;build/vol03-review/finalize_evidence.py;reports/vol03/VOL03_REMAINING_MATH_REPAIRS.json;reports/vol03/verify_review.py;scripts/series/audit_i_viii.py;scripts/series/generate_navigation.py;scripts/series/generate_release_dashboard.py;scripts/volume01/add_volume01_dossiers.py;scripts/volume01/generate_volume01_chapters.py;scripts/volume02/audit_full_volume02.py;scripts/volume02/audit_i01_i07.py;scripts/volume02/audit_i08_i12.py;scripts/volume02/common_volume02.py;scripts/volume02/generate_i01_i07.py;scripts/volume03/audit_full_volume03.py;scripts/volume03/audit_volume03_stage.py;scripts/volume03/common_volume03.py;scripts/volume04/audit_full_volume04.py;scripts/volume04/audit_volume04_stage.py;scripts/volume04/common_volume04.py;scripts/volume05/audit_full_volume05.py;scripts/volume05/audit_volume05_stage.py;scripts/volume05/common_volume05.py	% Status: DRAFTED (extended review draft)	keep; active tooling references this marker family
VI	books/vol06_algebraic_geometry/chapters/ch06_prime_ideals_geometric_points/chapter.tex	200	VOL06-EXPANSION	ACTIVE_KEEP	scripts/volume06/audit_example_exercise_balance.py;scripts/volume06/audit_example_exercise_expansion.py;scripts/volume06/expansion_common.py	% BEGIN VOL06-EXPANSION VI06-example-01	keep; active tooling references this marker family
VI	books/vol06_algebraic_geometry/chapters/ch06_prime_ideals_geometric_points/chapter.tex	204	VOL06-EXPANSION	ACTIVE_KEEP	scripts/volume06/audit_example_exercise_balance.py;scripts/volume06/audit_example_exercise_expansion.py;scripts/volume06/expansion_common.py	% END VOL06-EXPANSION VI06-example-01	keep; active tooling references this marker family
VI	books/vol06_algebraic_geometry/chapters/ch06_prime_ideals_geometric_points/chapter.tex	345	VOL06-EXPANSION	ACTIVE_KEEP	scripts/volume06/audit_example_exercise_balance.py;scripts/volume06/audit_example_exercise_expansion.py;scripts/volume06/expansion_common.py	% BEGIN VOL06-EXPANSION VI06-example-02	keep; active tooling references this marker family
VI	books/vol06_algebraic_geometry/chapters/ch06_prime_ideals_geometric_points/chapter.tex	349	VOL06-EXPANSION	ACTIVE_KEEP	scripts/volume06/audit_example_exercise_balance.py;scripts/volume06/audit_example_exercise_expansion.py;scripts/volume06/expansion_common.py	% END VOL06-EXPANSION VI06-example-02	keep; active tooling references this marker family
VI	books/vol06_algebraic_geometry/chapters/ch06_prime_ideals_geometric_points/chapter.tex	429	VOL06-EXPANSION	ACTIVE_KEEP	scripts/volume06/audit_example_exercise_balance.py;scripts/volume06/audit_example_exercise_expansion.py;scripts/volume06/expansion_common.py	% BEGIN VOL06-EXPANSION VI06-example-03	keep; active tooling references this marker family
VI	books/vol06_algebraic_geometry/chapters/ch06_prime_ideals_geometric_points/chapter.tex	433	VOL06-EXPANSION	ACTIVE_KEEP	scripts/volume06/audit_example_exercise_balance.py;scripts/volume06/audit_example_exercise_expansion.py;scripts/volume06/expansion_common.py	% END VOL06-EXPANSION VI06-example-03	keep; active tooling references this marker family
VI	books/vol06_algebraic_geometry/chapters/ch06_prime_ideals_geometric_points/chapter.tex	569	VOL06-EXPANSION	ACTIVE_KEEP	scripts/volume06/audit_example_exercise_balance.py;scripts/volume06/audit_example_exercise_expansion.py;scripts/volume06/expansion_common.py	% BEGIN VOL06-EXPANSION VI06-exercises-01	keep; active tooling references this marker family
VI	books/vol06_algebraic_geometry/chapters/ch06_prime_ideals_geometric_points/chapter.tex	743	VOL06-EXPANSION	ACTIVE_KEEP	scripts/volume06/audit_example_exercise_balance.py;scripts/volume06/audit_example_exercise_expansion.py;scripts/volume06/expansion_common.py	% END VOL06-EXPANSION VI06-exercises-01	keep; active tooling references this marker family
VI	books/vol06_algebraic_geometry/chapters/ch07_spectrum_of_a_ring/chapter.tex	110	VOL06-EXPANSION	ACTIVE_KEEP	scripts/volume06/audit_example_exercise_balance.py;scripts/volume06/audit_example_exercise_expansion.py;scripts/volume06/expansion_common.py	% BEGIN VOL06-EXPANSION VI07-example-01	keep; active tooling references this marker family
VI	books/vol06_algebraic_geometry/chapters/ch07_spectrum_of_a_ring/chapter.tex	114	VOL06-EXPANSION	ACTIVE_KEEP	scripts/volume06/audit_example_exercise_balance.py;scripts/volume06/audit_example_exercise_expansion.py;scripts/volume06/expansion_common.py	% END VOL06-EXPANSION VI07-example-01	keep; active tooling references this marker family
VI	books/vol06_algebraic_geometry/chapters/ch07_spectrum_of_a_ring/chapter.tex	200	VOL06-EXPANSION	ACTIVE_KEEP	scripts/volume06/audit_example_exercise_balance.py;scripts/volume06/audit_example_exercise_expansion.py;scripts/volume06/expansion_common.py	% BEGIN VOL06-EXPANSION VI07-example-02	keep; active tooling references this marker family
VI	books/vol06_algebraic_geometry/chapters/ch07_spectrum_of_a_ring/chapter.tex	204	VOL06-EXPANSION	ACTIVE_KEEP	scripts/volume06/audit_example_exercise_balance.py;scripts/volume06/audit_example_exercise_expansion.py;scripts/volume06/expansion_common.py	% END VOL06-EXPANSION VI07-example-02	keep; active tooling references this marker family
VI	books/vol06_algebraic_geometry/chapters/ch07_spectrum_of_a_ring/chapter.tex	284	VOL06-EXPANSION	ACTIVE_KEEP	scripts/volume06/audit_example_exercise_balance.py;scripts/volume06/audit_example_exercise_expansion.py;scripts/volume06/expansion_common.py	% BEGIN VOL06-EXPANSION VI07-example-03	keep; active tooling references this marker family
VI	books/vol06_algebraic_geometry/chapters/ch07_spectrum_of_a_ring/chapter.tex	288	VOL06-EXPANSION	ACTIVE_KEEP	scripts/volume06/audit_example_exercise_balance.py;scripts/volume06/audit_example_exercise_expansion.py;scripts/volume06/expansion_common.py	% END VOL06-EXPANSION VI07-example-03	keep; active tooling references this marker family
VI	books/vol06_algebraic_geometry/chapters/ch07_spectrum_of_a_ring/chapter.tex	436	VOL06-EXPANSION	ACTIVE_KEEP	scripts/volume06/audit_example_exercise_balance.py;scripts/volume06/audit_example_exercise_expansion.py;scripts/volume06/expansion_common.py	% BEGIN VOL06-EXPANSION VI07-exercises-01	keep; active tooling references this marker family
VI	books/vol06_algebraic_geometry/chapters/ch07_spectrum_of_a_ring/chapter.tex	610	VOL06-EXPANSION	ACTIVE_KEEP	scripts/volume06/audit_example_exercise_balance.py;scripts/volume06/audit_example_exercise_expansion.py;scripts/volume06/expansion_common.py	% END VOL06-EXPANSION VI07-exercises-01	keep; active tooling references this marker family
VI	books/vol06_algebraic_geometry/chapters/ch07_spectrum_of_a_ring/exercise_hints.tex	2	PEDAGOGY-ENRICHED-VI	ACTIVE_KEEP	scripts/volume06/audit_pedagogy.py;scripts/volume06/enrich_hints.py;scripts/volume07/audit_pedagogy.py;scripts/volume07/enrich_hints.py	% PEDAGOGY-ENRICHED-VI	keep; active tooling references this marker family
VI	books/vol06_algebraic_geometry/chapters/ch07_spectrum_of_a_ring/exercise_hints.tex	7	PEDAGOGY-ENRICHED-VI	ACTIVE_KEEP	scripts/volume06/audit_pedagogy.py;scripts/volume06/enrich_hints.py;scripts/volume07/audit_pedagogy.py;scripts/volume07/enrich_hints.py	% PEDAGOGY-ENRICHED-VI	keep; active tooling references this marker family
VI	books/vol06_algebraic_geometry/chapters/ch07_spectrum_of_a_ring/exercise_hints.tex	12	PEDAGOGY-ENRICHED-VI	ACTIVE_KEEP	scripts/volume06/audit_pedagogy.py;scripts/volume06/enrich_hints.py;scripts/volume07/audit_pedagogy.py;scripts/volume07/enrich_hints.py	% PEDAGOGY-ENRICHED-VI	keep; active tooling references this marker family
VI	books/vol06_algebraic_geometry/chapters/ch07_spectrum_of_a_ring/exercise_hints.tex	17	PEDAGOGY-ENRICHED-VI	ACTIVE_KEEP	scripts/volume06/audit_pedagogy.py;scripts/volume06/enrich_hints.py;scripts/volume07/audit_pedagogy.py;scripts/volume07/enrich_hints.py	% PEDAGOGY-ENRICHED-VI	keep; active tooling references this marker family
VI	books/vol06_algebraic_geometry/chapters/ch07_spectrum_of_a_ring/exercise_hints.tex	22	PEDAGOGY-ENRICHED-VI	ACTIVE_KEEP	scripts/volume06/audit_pedagogy.py;scripts/volume06/enrich_hints.py;scripts/volume07/audit_pedagogy.py;scripts/volume07/enrich_hints.py	% PEDAGOGY-ENRICHED-VI	keep; active tooling references this marker family
VI	books/vol06_algebraic_geometry/chapters/ch07_spectrum_of_a_ring/exercise_hints.tex	27	PEDAGOGY-ENRICHED-VI	ACTIVE_KEEP	scripts/volume06/audit_pedagogy.py;scripts/volume06/enrich_hints.py;scripts/volume07/audit_pedagogy.py;scripts/volume07/enrich_hints.py	% PEDAGOGY-ENRICHED-VI	keep; active tooling references this marker family
VI	books/vol06_algebraic_geometry/chapters/ch07_spectrum_of_a_ring/exercise_hints.tex	32	PEDAGOGY-ENRICHED-VI	ACTIVE_KEEP	scripts/volume06/audit_pedagogy.py;scripts/volume06/enrich_hints.py;scripts/volume07/audit_pedagogy.py;scripts/volume07/enrich_hints.py	% PEDAGOGY-ENRICHED-VI	keep; active tooling references this marker family
VI	books/vol06_algebraic_geometry/chapters/ch07_spectrum_of_a_ring/exercise_hints.tex	37	PEDAGOGY-ENRICHED-VI	ACTIVE_KEEP	scripts/volume06/audit_pedagogy.py;scripts/volume06/enrich_hints.py;scripts/volume07/audit_pedagogy.py;scripts/volume07/enrich_hints.py	% PEDAGOGY-ENRICHED-VI	keep; active tooling references this marker family
VI	books/vol06_algebraic_geometry/chapters/ch07_spectrum_of_a_ring/exercise_hints.tex	42	PEDAGOGY-ENRICHED-VI	ACTIVE_KEEP	scripts/volume06/audit_pedagogy.py;scripts/volume06/enrich_hints.py;scripts/volume07/audit_pedagogy.py;scripts/volume07/enrich_hints.py	% PEDAGOGY-ENRICHED-VI	keep; active tooling references this marker family
VI	books/vol06_algebraic_geometry/chapters/ch07_spectrum_of_a_ring/exercise_hints.tex	47	PEDAGOGY-ENRICHED-VI	ACTIVE_KEEP	scripts/volume06/audit_pedagogy.py;scripts/volume06/enrich_hints.py;scripts/volume07/audit_pedagogy.py;scripts/volume07/enrich_hints.py	% PEDAGOGY-ENRICHED-VI	keep; active tooling references this marker family
VI	books/vol06_algebraic_geometry/chapters/ch07_spectrum_of_a_ring/exercise_hints.tex	52	PEDAGOGY-ENRICHED-VI	ACTIVE_KEEP	scripts/volume06/audit_pedagogy.py;scripts/volume06/enrich_hints.py;scripts/volume07/audit_pedagogy.py;scripts/volume07/enrich_hints.py	% PEDAGOGY-ENRICHED-VI	keep; active tooling references this marker family
VI	books/vol06_algebraic_geometry/chapters/ch07_spectrum_of_a_ring/exercise_hints.tex	57	PEDAGOGY-ENRICHED-VI	ACTIVE_KEEP	scripts/volume06/audit_pedagogy.py;scripts/volume06/enrich_hints.py;scripts/volume07/audit_pedagogy.py;scripts/volume07/enrich_hints.py	% PEDAGOGY-ENRICHED-VI	keep; active tooling references this marker family
VI	books/vol06_algebraic_geometry/chapters/ch07_spectrum_of_a_ring/exercise_hints.tex	62	PEDAGOGY-ENRICHED-VI	ACTIVE_KEEP	scripts/volume06/audit_pedagogy.py;scripts/volume06/enrich_hints.py;scripts/volume07/audit_pedagogy.py;scripts/volume07/enrich_hints.py	% PEDAGOGY-ENRICHED-VI	keep; active tooling references this marker family
VI	books/vol06_algebraic_geometry/chapters/ch07_spectrum_of_a_ring/exercise_hints.tex	67	PEDAGOGY-ENRICHED-VI	ACTIVE_KEEP	scripts/volume06/audit_pedagogy.py;scripts/volume06/enrich_hints.py;scripts/volume07/audit_pedagogy.py;scripts/volume07/enrich_hints.py	% PEDAGOGY-ENRICHED-VI	keep; active tooling references this marker family
VI	books/vol06_algebraic_geometry/chapters/ch07_spectrum_of_a_ring/exercise_hints.tex	72	PEDAGOGY-ENRICHED-VI	ACTIVE_KEEP	scripts/volume06/audit_pedagogy.py;scripts/volume06/enrich_hints.py;scripts/volume07/audit_pedagogy.py;scripts/volume07/enrich_hints.py	% PEDAGOGY-ENRICHED-VI	keep; active tooling references this marker family
VI	books/vol06_algebraic_geometry/chapters/ch07_spectrum_of_a_ring/exercise_hints.tex	77	PEDAGOGY-ENRICHED-VI	ACTIVE_KEEP	scripts/volume06/audit_pedagogy.py;scripts/volume06/enrich_hints.py;scripts/volume07/audit_pedagogy.py;scripts/volume07/enrich_hints.py	% PEDAGOGY-ENRICHED-VI	keep; active tooling references this marker family
VI	books/vol06_algebraic_geometry/chapters/ch07_spectrum_of_a_ring/exercise_hints.tex	82	PEDAGOGY-ENRICHED-VI	ACTIVE_KEEP	scripts/volume06/audit_pedagogy.py;scripts/volume06/enrich_hints.py;scripts/volume07/audit_pedagogy.py;scripts/volume07/enrich_hints.py	% PEDAGOGY-ENRICHED-VI	keep; active tooling references this marker family
VI	books/vol06_algebraic_geometry/chapters/ch07_spectrum_of_a_ring/exercise_hints.tex	87	PEDAGOGY-ENRICHED-VI	ACTIVE_KEEP	scripts/volume06/audit_pedagogy.py;scripts/volume06/enrich_hints.py;scripts/volume07/audit_pedagogy.py;scripts/volume07/enrich_hints.py	% PEDAGOGY-ENRICHED-VI	keep; active tooling references this marker family
VI	books/vol06_algebraic_geometry/chapters/ch07_spectrum_of_a_ring/exercise_hints.tex	92	PEDAGOGY-ENRICHED-VI	ACTIVE_KEEP	scripts/volume06/audit_pedagogy.py;scripts/volume06/enrich_hints.py;scripts/volume07/audit_pedagogy.py;scripts/volume07/enrich_hints.py	% PEDAGOGY-ENRICHED-VI	keep; active tooling references this marker family
VI	books/vol06_algebraic_geometry/chapters/ch07_spectrum_of_a_ring/exercise_hints.tex	97	PEDAGOGY-ENRICHED-VI	ACTIVE_KEEP	scripts/volume06/audit_pedagogy.py;scripts/volume06/enrich_hints.py;scripts/volume07/audit_pedagogy.py;scripts/volume07/enrich_hints.py	% PEDAGOGY-ENRICHED-VI	keep; active tooling references this marker family
VI	books/vol06_algebraic_geometry/chapters/ch08_basic_open_sets/chapter.tex	156	VOL06-EXPANSION	ACTIVE_KEEP	scripts/volume06/audit_example_exercise_balance.py;scripts/volume06/audit_example_exercise_expansion.py;scripts/volume06/expansion_common.py	% BEGIN VOL06-EXPANSION VI08-example-01	keep; active tooling references this marker family
VI	books/vol06_algebraic_geometry/chapters/ch08_basic_open_sets/chapter.tex	160	VOL06-EXPANSION	ACTIVE_KEEP	scripts/volume06/audit_example_exercise_balance.py;scripts/volume06/audit_example_exercise_expansion.py;scripts/volume06/expansion_common.py	% END VOL06-EXPANSION VI08-example-01	keep; active tooling references this marker family
VI	books/vol06_algebraic_geometry/chapters/ch08_basic_open_sets/chapter.tex	249	VOL06-EXPANSION	ACTIVE_KEEP	scripts/volume06/audit_example_exercise_balance.py;scripts/volume06/audit_example_exercise_expansion.py;scripts/volume06/expansion_common.py	% BEGIN VOL06-EXPANSION VI08-example-02	keep; active tooling references this marker family
VI	books/vol06_algebraic_geometry/chapters/ch08_basic_open_sets/chapter.tex	253	VOL06-EXPANSION	ACTIVE_KEEP	scripts/volume06/audit_example_exercise_balance.py;scripts/volume06/audit_example_exercise_expansion.py;scripts/volume06/expansion_common.py	% END VOL06-EXPANSION VI08-example-02	keep; active tooling references this marker family
VI	books/vol06_algebraic_geometry/chapters/ch08_basic_open_sets/chapter.tex	325	VOL06-EXPANSION	ACTIVE_KEEP	scripts/volume06/audit_example_exercise_balance.py;scripts/volume06/audit_example_exercise_expansion.py;scripts/volume06/expansion_common.py	% BEGIN VOL06-EXPANSION VI08-example-03	keep; active tooling references this marker family
VI	books/vol06_algebraic_geometry/chapters/ch08_basic_open_sets/chapter.tex	329	VOL06-EXPANSION	ACTIVE_KEEP	scripts/volume06/audit_example_exercise_balance.py;scripts/volume06/audit_example_exercise_expansion.py;scripts/volume06/expansion_common.py	% END VOL06-EXPANSION VI08-example-03	keep; active tooling references this marker family
VI	books/vol06_algebraic_geometry/chapters/ch08_basic_open_sets/chapter.tex	474	VOL06-EXPANSION	ACTIVE_KEEP	scripts/volume06/audit_example_exercise_balance.py;scripts/volume06/audit_example_exercise_expansion.py;scripts/volume06/expansion_common.py	% BEGIN VOL06-EXPANSION VI08-exercises-01	keep; active tooling references this marker family
VI	books/vol06_algebraic_geometry/chapters/ch08_basic_open_sets/chapter.tex	648	VOL06-EXPANSION	ACTIVE_KEEP	scripts/volume06/audit_example_exercise_balance.py;scripts/volume06/audit_example_exercise_expansion.py;scripts/volume06/expansion_common.py	% END VOL06-EXPANSION VI08-exercises-01	keep; active tooling references this marker family
VI	books/vol06_algebraic_geometry/chapters/ch08_basic_open_sets/exercise_hints.tex	2	PEDAGOGY-ENRICHED-VI	ACTIVE_KEEP	scripts/volume06/audit_pedagogy.py;scripts/volume06/enrich_hints.py;scripts/volume07/audit_pedagogy.py;scripts/volume07/enrich_hints.py	% PEDAGOGY-ENRICHED-VI	keep; active tooling references this marker family
VI	books/vol06_algebraic_geometry/chapters/ch08_basic_open_sets/exercise_hints.tex	7	PEDAGOGY-ENRICHED-VI	ACTIVE_KEEP	scripts/volume06/audit_pedagogy.py;scripts/volume06/enrich_hints.py;scripts/volume07/audit_pedagogy.py;scripts/volume07/enrich_hints.py	% PEDAGOGY-ENRICHED-VI	keep; active tooling references this marker family
VI	books/vol06_algebraic_geometry/chapters/ch08_basic_open_sets/exercise_hints.tex	12	PEDAGOGY-ENRICHED-VI	ACTIVE_KEEP	scripts/volume06/audit_pedagogy.py;scripts/volume06/enrich_hints.py;scripts/volume07/audit_pedagogy.py;scripts/volume07/enrich_hints.py	% PEDAGOGY-ENRICHED-VI	keep; active tooling references this marker family
VI	books/vol06_algebraic_geometry/chapters/ch08_basic_open_sets/exercise_hints.tex	17	PEDAGOGY-ENRICHED-VI	ACTIVE_KEEP	scripts/volume06/audit_pedagogy.py;scripts/volume06/enrich_hints.py;scripts/volume07/audit_pedagogy.py;scripts/volume07/enrich_hints.py	% PEDAGOGY-ENRICHED-VI	keep; active tooling references this marker family
VI	books/vol06_algebraic_geometry/chapters/ch08_basic_open_sets/exercise_hints.tex	22	PEDAGOGY-ENRICHED-VI	ACTIVE_KEEP	scripts/volume06/audit_pedagogy.py;scripts/volume06/enrich_hints.py;scripts/volume07/audit_pedagogy.py;scripts/volume07/enrich_hints.py	% PEDAGOGY-ENRICHED-VI	keep; active tooling references this marker family
VI	books/vol06_algebraic_geometry/chapters/ch08_basic_open_sets/exercise_hints.tex	27	PEDAGOGY-ENRICHED-VI	ACTIVE_KEEP	scripts/volume06/audit_pedagogy.py;scripts/volume06/enrich_hints.py;scripts/volume07/audit_pedagogy.py;scripts/volume07/enrich_hints.py	% PEDAGOGY-ENRICHED-VI	keep; active tooling references this marker family
VI	books/vol06_algebraic_geometry/chapters/ch08_basic_open_sets/exercise_hints.tex	32	PEDAGOGY-ENRICHED-VI	ACTIVE_KEEP	scripts/volume06/audit_pedagogy.py;scripts/volume06/enrich_hints.py;scripts/volume07/audit_pedagogy.py;scripts/volume07/enrich_hints.py	% PEDAGOGY-ENRICHED-VI	keep; active tooling references this marker family
VI	books/vol06_algebraic_geometry/chapters/ch08_basic_open_sets/exercise_hints.tex	37	PEDAGOGY-ENRICHED-VI	ACTIVE_KEEP	scripts/volume06/audit_pedagogy.py;scripts/volume06/enrich_hints.py;scripts/volume07/audit_pedagogy.py;scripts/volume07/enrich_hints.py	% PEDAGOGY-ENRICHED-VI	keep; active tooling references this marker family
VI	books/vol06_algebraic_geometry/chapters/ch08_basic_open_sets/exercise_hints.tex	42	PEDAGOGY-ENRICHED-VI	ACTIVE_KEEP	scripts/volume06/audit_pedagogy.py;scripts/volume06/enrich_hints.py;scripts/volume07/audit_pedagogy.py;scripts/volume07/enrich_hints.py	% PEDAGOGY-ENRICHED-VI	keep; active tooling references this marker family
VI	books/vol06_algebraic_geometry/chapters/ch08_basic_open_sets/exercise_hints.tex	47	PEDAGOGY-ENRICHED-VI	ACTIVE_KEEP	scripts/volume06/audit_pedagogy.py;scripts/volume06/enrich_hints.py;scripts/volume07/audit_pedagogy.py;scripts/volume07/enrich_hints.py	% PEDAGOGY-ENRICHED-VI	keep; active tooling references this marker family
VI	books/vol06_algebraic_geometry/chapters/ch08_basic_open_sets/exercise_hints.tex	52	PEDAGOGY-ENRICHED-VI	ACTIVE_KEEP	scripts/volume06/audit_pedagogy.py;scripts/volume06/enrich_hints.py;scripts/volume07/audit_pedagogy.py;scripts/volume07/enrich_hints.py	% PEDAGOGY-ENRICHED-VI	keep; active tooling references this marker family
VI	books/vol06_algebraic_geometry/chapters/ch08_basic_open_sets/exercise_hints.tex	57	PEDAGOGY-ENRICHED-VI	ACTIVE_KEEP	scripts/volume06/audit_pedagogy.py;scripts/volume06/enrich_hints.py;scripts/volume07/audit_pedagogy.py;scripts/volume07/enrich_hints.py	% PEDAGOGY-ENRICHED-VI	keep; active tooling references this marker family
VI	books/vol06_algebraic_geometry/chapters/ch08_basic_open_sets/exercise_hints.tex	62	PEDAGOGY-ENRICHED-VI	ACTIVE_KEEP	scripts/volume06/audit_pedagogy.py;scripts/volume06/enrich_hints.py;scripts/volume07/audit_pedagogy.py;scripts/volume07/enrich_hints.py	% PEDAGOGY-ENRICHED-VI	keep; active tooling references this marker family
VI	books/vol06_algebraic_geometry/chapters/ch08_basic_open_sets/exercise_hints.tex	67	PEDAGOGY-ENRICHED-VI	ACTIVE_KEEP	scripts/volume06/audit_pedagogy.py;scripts/volume06/enrich_hints.py;scripts/volume07/audit_pedagogy.py;scripts/volume07/enrich_hints.py	% PEDAGOGY-ENRICHED-VI	keep; active tooling references this marker family
VI	books/vol06_algebraic_geometry/chapters/ch08_basic_open_sets/exercise_hints.tex	72	PEDAGOGY-ENRICHED-VI	ACTIVE_KEEP	scripts/volume06/audit_pedagogy.py;scripts/volume06/enrich_hints.py;scripts/volume07/audit_pedagogy.py;scripts/volume07/enrich_hints.py	% PEDAGOGY-ENRICHED-VI	keep; active tooling references this marker family
VI	books/vol06_algebraic_geometry/chapters/ch08_basic_open_sets/exercise_hints.tex	77	PEDAGOGY-ENRICHED-VI	ACTIVE_KEEP	scripts/volume06/audit_pedagogy.py;scripts/volume06/enrich_hints.py;scripts/volume07/audit_pedagogy.py;scripts/volume07/enrich_hints.py	% PEDAGOGY-ENRICHED-VI	keep; active tooling references this marker family
VI	books/vol06_algebraic_geometry/chapters/ch08_basic_open_sets/exercise_hints.tex	82	PEDAGOGY-ENRICHED-VI	ACTIVE_KEEP	scripts/volume06/audit_pedagogy.py;scripts/volume06/enrich_hints.py;scripts/volume07/audit_pedagogy.py;scripts/volume07/enrich_hints.py	% PEDAGOGY-ENRICHED-VI	keep; active tooling references this marker family
VI	books/vol06_algebraic_geometry/chapters/ch08_basic_open_sets/exercise_hints.tex	87	PEDAGOGY-ENRICHED-VI	ACTIVE_KEEP	scripts/volume06/audit_pedagogy.py;scripts/volume06/enrich_hints.py;scripts/volume07/audit_pedagogy.py;scripts/volume07/enrich_hints.py	% PEDAGOGY-ENRICHED-VI	keep; active tooling references this marker family
VI	books/vol06_algebraic_geometry/chapters/ch08_basic_open_sets/exercise_hints.tex	92	PEDAGOGY-ENRICHED-VI	ACTIVE_KEEP	scripts/volume06/audit_pedagogy.py;scripts/volume06/enrich_hints.py;scripts/volume07/audit_pedagogy.py;scripts/volume07/enrich_hints.py	% PEDAGOGY-ENRICHED-VI	keep; active tooling references this marker family
VI	books/vol06_algebraic_geometry/chapters/ch08_basic_open_sets/exercise_hints.tex	97	PEDAGOGY-ENRICHED-VI	ACTIVE_KEEP	scripts/volume06/audit_pedagogy.py;scripts/volume06/enrich_hints.py;scripts/volume07/audit_pedagogy.py;scripts/volume07/enrich_hints.py	% PEDAGOGY-ENRICHED-VI	keep; active tooling references this marker family
VI	books/vol06_algebraic_geometry/chapters/ch09_generic_closed_points/chapter.tex	205	VOL06-EXPANSION	ACTIVE_KEEP	scripts/volume06/audit_example_exercise_balance.py;scripts/volume06/audit_example_exercise_expansion.py;scripts/volume06/expansion_common.py	% BEGIN VOL06-EXPANSION VI09-example-01	keep; active tooling references this marker family
VI	books/vol06_algebraic_geometry/chapters/ch09_generic_closed_points/chapter.tex	209	VOL06-EXPANSION	ACTIVE_KEEP	scripts/volume06/audit_example_exercise_balance.py;scripts/volume06/audit_example_exercise_expansion.py;scripts/volume06/expansion_common.py	% END VOL06-EXPANSION VI09-example-01	keep; active tooling references this marker family
VI	books/vol06_algebraic_geometry/chapters/ch09_generic_closed_points/chapter.tex	293	VOL06-EXPANSION	ACTIVE_KEEP	scripts/volume06/audit_example_exercise_balance.py;scripts/volume06/audit_example_exercise_expansion.py;scripts/volume06/expansion_common.py	% BEGIN VOL06-EXPANSION VI09-example-02	keep; active tooling references this marker family
VI	books/vol06_algebraic_geometry/chapters/ch09_generic_closed_points/chapter.tex	297	VOL06-EXPANSION	ACTIVE_KEEP	scripts/volume06/audit_example_exercise_balance.py;scripts/volume06/audit_example_exercise_expansion.py;scripts/volume06/expansion_common.py	% END VOL06-EXPANSION VI09-example-02	keep; active tooling references this marker family
VI	books/vol06_algebraic_geometry/chapters/ch09_generic_closed_points/chapter.tex	374	VOL06-EXPANSION	ACTIVE_KEEP	scripts/volume06/audit_example_exercise_balance.py;scripts/volume06/audit_example_exercise_expansion.py;scripts/volume06/expansion_common.py	% BEGIN VOL06-EXPANSION VI09-example-03	keep; active tooling references this marker family
VI	books/vol06_algebraic_geometry/chapters/ch09_generic_closed_points/chapter.tex	378	VOL06-EXPANSION	ACTIVE_KEEP	scripts/volume06/audit_example_exercise_balance.py;scripts/volume06/audit_example_exercise_expansion.py;scripts/volume06/expansion_common.py	% END VOL06-EXPANSION VI09-example-03	keep; active tooling references this marker family
VI	books/vol06_algebraic_geometry/chapters/ch09_generic_closed_points/chapter.tex	526	VOL06-EXPANSION	ACTIVE_KEEP	scripts/volume06/audit_example_exercise_balance.py;scripts/volume06/audit_example_exercise_expansion.py;scripts/volume06/expansion_common.py	% BEGIN VOL06-EXPANSION VI09-exercises-01	keep; active tooling references this marker family
VI	books/vol06_algebraic_geometry/chapters/ch09_generic_closed_points/chapter.tex	700	VOL06-EXPANSION	ACTIVE_KEEP	scripts/volume06/audit_example_exercise_balance.py;scripts/volume06/audit_example_exercise_expansion.py;scripts/volume06/expansion_common.py	% END VOL06-EXPANSION VI09-exercises-01	keep; active tooling references this marker family
VI	books/vol06_algebraic_geometry/chapters/ch09_generic_closed_points/exercise_hints.tex	2	PEDAGOGY-ENRICHED-VI	ACTIVE_KEEP	scripts/volume06/audit_pedagogy.py;scripts/volume06/enrich_hints.py;scripts/volume07/audit_pedagogy.py;scripts/volume07/enrich_hints.py	% PEDAGOGY-ENRICHED-VI	keep; active tooling references this marker family
VI	books/vol06_algebraic_geometry/chapters/ch09_generic_closed_points/exercise_hints.tex	9	PEDAGOGY-ENRICHED-VI	ACTIVE_KEEP	scripts/volume06/audit_pedagogy.py;scripts/volume06/enrich_hints.py;scripts/volume07/audit_pedagogy.py;scripts/volume07/enrich_hints.py	% PEDAGOGY-ENRICHED-VI	keep; active tooling references this marker family
VI	books/vol06_algebraic_geometry/chapters/ch09_generic_closed_points/exercise_hints.tex	15	PEDAGOGY-ENRICHED-VI	ACTIVE_KEEP	scripts/volume06/audit_pedagogy.py;scripts/volume06/enrich_hints.py;scripts/volume07/audit_pedagogy.py;scripts/volume07/enrich_hints.py	% PEDAGOGY-ENRICHED-VI	keep; active tooling references this marker family
VI	books/vol06_algebraic_geometry/chapters/ch09_generic_closed_points/exercise_hints.tex	22	PEDAGOGY-ENRICHED-VI	ACTIVE_KEEP	scripts/volume06/audit_pedagogy.py;scripts/volume06/enrich_hints.py;scripts/volume07/audit_pedagogy.py;scripts/volume07/enrich_hints.py	% PEDAGOGY-ENRICHED-VI	keep; active tooling references this marker family
VI	books/vol06_algebraic_geometry/chapters/ch09_generic_closed_points/exercise_hints.tex	28	PEDAGOGY-ENRICHED-VI	ACTIVE_KEEP	scripts/volume06/audit_pedagogy.py;scripts/volume06/enrich_hints.py;scripts/volume07/audit_pedagogy.py;scripts/volume07/enrich_hints.py	% PEDAGOGY-ENRICHED-VI	keep; active tooling references this marker family
VI	books/vol06_algebraic_geometry/chapters/ch09_generic_closed_points/exercise_hints.tex	35	PEDAGOGY-ENRICHED-VI	ACTIVE_KEEP	scripts/volume06/audit_pedagogy.py;scripts/volume06/enrich_hints.py;scripts/volume07/audit_pedagogy.py;scripts/volume07/enrich_hints.py	% PEDAGOGY-ENRICHED-VI	keep; active tooling references this marker family
VI	books/vol06_algebraic_geometry/chapters/ch09_generic_closed_points/exercise_hints.tex	41	PEDAGOGY-ENRICHED-VI	ACTIVE_KEEP	scripts/volume06/audit_pedagogy.py;scripts/volume06/enrich_hints.py;scripts/volume07/audit_pedagogy.py;scripts/volume07/enrich_hints.py	% PEDAGOGY-ENRICHED-VI	keep; active tooling references this marker family
VI	books/vol06_algebraic_geometry/chapters/ch09_generic_closed_points/exercise_hints.tex	47	PEDAGOGY-ENRICHED-VI	ACTIVE_KEEP	scripts/volume06/audit_pedagogy.py;scripts/volume06/enrich_hints.py;scripts/volume07/audit_pedagogy.py;scripts/volume07/enrich_hints.py	% PEDAGOGY-ENRICHED-VI	keep; active tooling references this marker family
VI	books/vol06_algebraic_geometry/chapters/ch09_generic_closed_points/exercise_hints.tex	53	PEDAGOGY-ENRICHED-VI	ACTIVE_KEEP	scripts/volume06/audit_pedagogy.py;scripts/volume06/enrich_hints.py;scripts/volume07/audit_pedagogy.py;scripts/volume07/enrich_hints.py	% PEDAGOGY-ENRICHED-VI	keep; active tooling references this marker family
VI	books/vol06_algebraic_geometry/chapters/ch09_generic_closed_points/exercise_hints.tex	59	PEDAGOGY-ENRICHED-VI	ACTIVE_KEEP	scripts/volume06/audit_pedagogy.py;scripts/volume06/enrich_hints.py;scripts/volume07/audit_pedagogy.py;scripts/volume07/enrich_hints.py	% PEDAGOGY-ENRICHED-VI	keep; active tooling references this marker family
VI	books/vol06_algebraic_geometry/chapters/ch09_generic_closed_points/exercise_hints.tex	65	PEDAGOGY-ENRICHED-VI	ACTIVE_KEEP	scripts/volume06/audit_pedagogy.py;scripts/volume06/enrich_hints.py;scripts/volume07/audit_pedagogy.py;scripts/volume07/enrich_hints.py	% PEDAGOGY-ENRICHED-VI	keep; active tooling references this marker family
VI	books/vol06_algebraic_geometry/chapters/ch09_generic_closed_points/exercise_hints.tex	72	PEDAGOGY-ENRICHED-VI	ACTIVE_KEEP	scripts/volume06/audit_pedagogy.py;scripts/volume06/enrich_hints.py;scripts/volume07/audit_pedagogy.py;scripts/volume07/enrich_hints.py	% PEDAGOGY-ENRICHED-VI	keep; active tooling references this marker family
VI	books/vol06_algebraic_geometry/chapters/ch09_generic_closed_points/exercise_hints.tex	78	PEDAGOGY-ENRICHED-VI	ACTIVE_KEEP	scripts/volume06/audit_pedagogy.py;scripts/volume06/enrich_hints.py;scripts/volume07/audit_pedagogy.py;scripts/volume07/enrich_hints.py	% PEDAGOGY-ENRICHED-VI	keep; active tooling references this marker family
VI	books/vol06_algebraic_geometry/chapters/ch09_generic_closed_points/exercise_hints.tex	85	PEDAGOGY-ENRICHED-VI	ACTIVE_KEEP	scripts/volume06/audit_pedagogy.py;scripts/volume06/enrich_hints.py;scripts/volume07/audit_pedagogy.py;scripts/volume07/enrich_hints.py	% PEDAGOGY-ENRICHED-VI	keep; active tooling references this marker family
VI	books/vol06_algebraic_geometry/chapters/ch09_generic_closed_points/exercise_hints.tex	92	PEDAGOGY-ENRICHED-VI	ACTIVE_KEEP	scripts/volume06/audit_pedagogy.py;scripts/volume06/enrich_hints.py;scripts/volume07/audit_pedagogy.py;scripts/volume07/enrich_hints.py	% PEDAGOGY-ENRICHED-VI	keep; active tooling references this marker family
VI	books/vol06_algebraic_geometry/chapters/ch09_generic_closed_points/exercise_hints.tex	98	PEDAGOGY-ENRICHED-VI	ACTIVE_KEEP	scripts/volume06/audit_pedagogy.py;scripts/volume06/enrich_hints.py;scripts/volume07/audit_pedagogy.py;scripts/volume07/enrich_hints.py	% PEDAGOGY-ENRICHED-VI	keep; active tooling references this marker family
VI	books/vol06_algebraic_geometry/chapters/ch09_generic_closed_points/exercise_hints.tex	105	PEDAGOGY-ENRICHED-VI	ACTIVE_KEEP	scripts/volume06/audit_pedagogy.py;scripts/volume06/enrich_hints.py;scripts/volume07/audit_pedagogy.py;scripts/volume07/enrich_hints.py	% PEDAGOGY-ENRICHED-VI	keep; active tooling references this marker family
VI	books/vol06_algebraic_geometry/chapters/ch09_generic_closed_points/exercise_hints.tex	111	PEDAGOGY-ENRICHED-VI	ACTIVE_KEEP	scripts/volume06/audit_pedagogy.py;scripts/volume06/enrich_hints.py;scripts/volume07/audit_pedagogy.py;scripts/volume07/enrich_hints.py	% PEDAGOGY-ENRICHED-VI	keep; active tooling references this marker family
VI	books/vol06_algebraic_geometry/chapters/ch09_generic_closed_points/exercise_hints.tex	117	PEDAGOGY-ENRICHED-VI	ACTIVE_KEEP	scripts/volume06/audit_pedagogy.py;scripts/volume06/enrich_hints.py;scripts/volume07/audit_pedagogy.py;scripts/volume07/enrich_hints.py	% PEDAGOGY-ENRICHED-VI	keep; active tooling references this marker family
VI	books/vol06_algebraic_geometry/chapters/ch09_generic_closed_points/exercise_hints.tex	124	PEDAGOGY-ENRICHED-VI	ACTIVE_KEEP	scripts/volume06/audit_pedagogy.py;scripts/volume06/enrich_hints.py;scripts/volume07/audit_pedagogy.py;scripts/volume07/enrich_hints.py	% PEDAGOGY-ENRICHED-VI	keep; active tooling references this marker family
VI	books/vol06_algebraic_geometry/chapters/ch10_reduced_nonreduced_geometry/chapter.tex	174	VOL06-EXPANSION	ACTIVE_KEEP	scripts/volume06/audit_example_exercise_balance.py;scripts/volume06/audit_example_exercise_expansion.py;scripts/volume06/expansion_common.py	% BEGIN VOL06-EXPANSION VI10-example-01	keep; active tooling references this marker family
VI	books/vol06_algebraic_geometry/chapters/ch10_reduced_nonreduced_geometry/chapter.tex	178	VOL06-EXPANSION	ACTIVE_KEEP	scripts/volume06/audit_example_exercise_balance.py;scripts/volume06/audit_example_exercise_expansion.py;scripts/volume06/expansion_common.py	% END VOL06-EXPANSION VI10-example-01	keep; active tooling references this marker family
VI	books/vol06_algebraic_geometry/chapters/ch10_reduced_nonreduced_geometry/chapter.tex	297	VOL06-EXPANSION	ACTIVE_KEEP	scripts/volume06/audit_example_exercise_balance.py;scripts/volume06/audit_example_exercise_expansion.py;scripts/volume06/expansion_common.py	% BEGIN VOL06-EXPANSION VI10-example-02	keep; active tooling references this marker family
VI	books/vol06_algebraic_geometry/chapters/ch10_reduced_nonreduced_geometry/chapter.tex	301	VOL06-EXPANSION	ACTIVE_KEEP	scripts/volume06/audit_example_exercise_balance.py;scripts/volume06/audit_example_exercise_expansion.py;scripts/volume06/expansion_common.py	% END VOL06-EXPANSION VI10-example-02	keep; active tooling references this marker family
VI	books/vol06_algebraic_geometry/chapters/ch10_reduced_nonreduced_geometry/chapter.tex	445	VOL06-EXPANSION	ACTIVE_KEEP	scripts/volume06/audit_example_exercise_balance.py;scripts/volume06/audit_example_exercise_expansion.py;scripts/volume06/expansion_common.py	% BEGIN VOL06-EXPANSION VI10-example-03	keep; active tooling references this marker family
VI	books/vol06_algebraic_geometry/chapters/ch10_reduced_nonreduced_geometry/chapter.tex	449	VOL06-EXPANSION	ACTIVE_KEEP	scripts/volume06/audit_example_exercise_balance.py;scripts/volume06/audit_example_exercise_expansion.py;scripts/volume06/expansion_common.py	% END VOL06-EXPANSION VI10-example-03	keep; active tooling references this marker family
VI	books/vol06_algebraic_geometry/chapters/ch10_reduced_nonreduced_geometry/chapter.tex	629	VOL06-EXPANSION	ACTIVE_KEEP	scripts/volume06/audit_example_exercise_balance.py;scripts/volume06/audit_example_exercise_expansion.py;scripts/volume06/expansion_common.py	% BEGIN VOL06-EXPANSION VI10-exercises-01	keep; active tooling references this marker family
VI	books/vol06_algebraic_geometry/chapters/ch10_reduced_nonreduced_geometry/chapter.tex	803	VOL06-EXPANSION	ACTIVE_KEEP	scripts/volume06/audit_example_exercise_balance.py;scripts/volume06/audit_example_exercise_expansion.py;scripts/volume06/expansion_common.py	% END VOL06-EXPANSION VI10-exercises-01	keep; active tooling references this marker family
VI	books/vol06_algebraic_geometry/chapters/ch10_reduced_nonreduced_geometry/exercise_hints.tex	2	PEDAGOGY-ENRICHED-VI	ACTIVE_KEEP	scripts/volume06/audit_pedagogy.py;scripts/volume06/enrich_hints.py;scripts/volume07/audit_pedagogy.py;scripts/volume07/enrich_hints.py	% PEDAGOGY-ENRICHED-VI	keep; active tooling references this marker family
VI	books/vol06_algebraic_geometry/chapters/ch10_reduced_nonreduced_geometry/exercise_hints.tex	6	PEDAGOGY-ENRICHED-VI	ACTIVE_KEEP	scripts/volume06/audit_pedagogy.py;scripts/volume06/enrich_hints.py;scripts/volume07/audit_pedagogy.py;scripts/volume07/enrich_hints.py	% PEDAGOGY-ENRICHED-VI	keep; active tooling references this marker family
VI	books/vol06_algebraic_geometry/chapters/ch10_reduced_nonreduced_geometry/exercise_hints.tex	11	PEDAGOGY-ENRICHED-VI	ACTIVE_KEEP	scripts/volume06/audit_pedagogy.py;scripts/volume06/enrich_hints.py;scripts/volume07/audit_pedagogy.py;scripts/volume07/enrich_hints.py	% PEDAGOGY-ENRICHED-VI	keep; active tooling references this marker family
VI	books/vol06_algebraic_geometry/chapters/ch10_reduced_nonreduced_geometry/exercise_hints.tex	15	PEDAGOGY-ENRICHED-VI	ACTIVE_KEEP	scripts/volume06/audit_pedagogy.py;scripts/volume06/enrich_hints.py;scripts/volume07/audit_pedagogy.py;scripts/volume07/enrich_hints.py	% PEDAGOGY-ENRICHED-VI	keep; active tooling references this marker family
VI	books/vol06_algebraic_geometry/chapters/ch10_reduced_nonreduced_geometry/exercise_hints.tex	19	PEDAGOGY-ENRICHED-VI	ACTIVE_KEEP	scripts/volume06/audit_pedagogy.py;scripts/volume06/enrich_hints.py;scripts/volume07/audit_pedagogy.py;scripts/volume07/enrich_hints.py	% PEDAGOGY-ENRICHED-VI	keep; active tooling references this marker family
VI	books/vol06_algebraic_geometry/chapters/ch10_reduced_nonreduced_geometry/exercise_hints.tex	23	PEDAGOGY-ENRICHED-VI	ACTIVE_KEEP	scripts/volume06/audit_pedagogy.py;scripts/volume06/enrich_hints.py;scripts/volume07/audit_pedagogy.py;scripts/volume07/enrich_hints.py	% PEDAGOGY-ENRICHED-VI	keep; active tooling references this marker family
VI	books/vol06_algebraic_geometry/chapters/ch10_reduced_nonreduced_geometry/exercise_hints.tex	27	PEDAGOGY-ENRICHED-VI	ACTIVE_KEEP	scripts/volume06/audit_pedagogy.py;scripts/volume06/enrich_hints.py;scripts/volume07/audit_pedagogy.py;scripts/volume07/enrich_hints.py	% PEDAGOGY-ENRICHED-VI	keep; active tooling references this marker family
VI	books/vol06_algebraic_geometry/chapters/ch10_reduced_nonreduced_geometry/exercise_hints.tex	32	PEDAGOGY-ENRICHED-VI	ACTIVE_KEEP	scripts/volume06/audit_pedagogy.py;scripts/volume06/enrich_hints.py;scripts/volume07/audit_pedagogy.py;scripts/volume07/enrich_hints.py	% PEDAGOGY-ENRICHED-VI	keep; active tooling references this marker family
VI	books/vol06_algebraic_geometry/chapters/ch10_reduced_nonreduced_geometry/exercise_hints.tex	36	PEDAGOGY-ENRICHED-VI	ACTIVE_KEEP	scripts/volume06/audit_pedagogy.py;scripts/volume06/enrich_hints.py;scripts/volume07/audit_pedagogy.py;scripts/volume07/enrich_hints.py	% PEDAGOGY-ENRICHED-VI	keep; active tooling references this marker family
VI	books/vol06_algebraic_geometry/chapters/ch10_reduced_nonreduced_geometry/exercise_hints.tex	41	PEDAGOGY-ENRICHED-VI	ACTIVE_KEEP	scripts/volume06/audit_pedagogy.py;scripts/volume06/enrich_hints.py;scripts/volume07/audit_pedagogy.py;scripts/volume07/enrich_hints.py	% PEDAGOGY-ENRICHED-VI	keep; active tooling references this marker family
VI	books/vol06_algebraic_geometry/chapters/ch10_reduced_nonreduced_geometry/exercise_hints.tex	45	PEDAGOGY-ENRICHED-VI	ACTIVE_KEEP	scripts/volume06/audit_pedagogy.py;scripts/volume06/enrich_hints.py;scripts/volume07/audit_pedagogy.py;scripts/volume07/enrich_hints.py	% PEDAGOGY-ENRICHED-VI	keep; active tooling references this marker family
VI	books/vol06_algebraic_geometry/chapters/ch10_reduced_nonreduced_geometry/exercise_hints.tex	49	PEDAGOGY-ENRICHED-VI	ACTIVE_KEEP	scripts/volume06/audit_pedagogy.py;scripts/volume06/enrich_hints.py;scripts/volume07/audit_pedagogy.py;scripts/volume07/enrich_hints.py	% PEDAGOGY-ENRICHED-VI	keep; active tooling references this marker family
VI	books/vol06_algebraic_geometry/chapters/ch10_reduced_nonreduced_geometry/exercise_hints.tex	54	PEDAGOGY-ENRICHED-VI	ACTIVE_KEEP	scripts/volume06/audit_pedagogy.py;scripts/volume06/enrich_hints.py;scripts/volume07/audit_pedagogy.py;scripts/volume07/enrich_hints.py	% PEDAGOGY-ENRICHED-VI	keep; active tooling references this marker family
VI	books/vol06_algebraic_geometry/chapters/ch10_reduced_nonreduced_geometry/exercise_hints.tex	58	PEDAGOGY-ENRICHED-VI	ACTIVE_KEEP	scripts/volume06/audit_pedagogy.py;scripts/volume06/enrich_hints.py;scripts/volume07/audit_pedagogy.py;scripts/volume07/enrich_hints.py	% PEDAGOGY-ENRICHED-VI	keep; active tooling references this marker family
VI	books/vol06_algebraic_geometry/chapters/ch10_reduced_nonreduced_geometry/exercise_hints.tex	62	PEDAGOGY-ENRICHED-VI	ACTIVE_KEEP	scripts/volume06/audit_pedagogy.py;scripts/volume06/enrich_hints.py;scripts/volume07/audit_pedagogy.py;scripts/volume07/enrich_hints.py	% PEDAGOGY-ENRICHED-VI	keep; active tooling references this marker family
VI	books/vol06_algebraic_geometry/chapters/ch10_reduced_nonreduced_geometry/exercise_hints.tex	66	PEDAGOGY-ENRICHED-VI	ACTIVE_KEEP	scripts/volume06/audit_pedagogy.py;scripts/volume06/enrich_hints.py;scripts/volume07/audit_pedagogy.py;scripts/volume07/enrich_hints.py	% PEDAGOGY-ENRICHED-VI	keep; active tooling references this marker family
VI	books/vol06_algebraic_geometry/chapters/ch10_reduced_nonreduced_geometry/exercise_hints.tex	70	PEDAGOGY-ENRICHED-VI	ACTIVE_KEEP	scripts/volume06/audit_pedagogy.py;scripts/volume06/enrich_hints.py;scripts/volume07/audit_pedagogy.py;scripts/volume07/enrich_hints.py	% PEDAGOGY-ENRICHED-VI	keep; active tooling references this marker family
VI	books/vol06_algebraic_geometry/chapters/ch10_reduced_nonreduced_geometry/exercise_hints.tex	74	PEDAGOGY-ENRICHED-VI	ACTIVE_KEEP	scripts/volume06/audit_pedagogy.py;scripts/volume06/enrich_hints.py;scripts/volume07/audit_pedagogy.py;scripts/volume07/enrich_hints.py	% PEDAGOGY-ENRICHED-VI	keep; active tooling references this marker family
VI	books/vol06_algebraic_geometry/chapters/ch10_reduced_nonreduced_geometry/exercise_hints.tex	78	PEDAGOGY-ENRICHED-VI	ACTIVE_KEEP	scripts/volume06/audit_pedagogy.py;scripts/volume06/enrich_hints.py;scripts/volume07/audit_pedagogy.py;scripts/volume07/enrich_hints.py	% PEDAGOGY-ENRICHED-VI	keep; active tooling references this marker family
VI	books/vol06_algebraic_geometry/chapters/ch10_reduced_nonreduced_geometry/exercise_hints.tex	84	PEDAGOGY-ENRICHED-VI	ACTIVE_KEEP	scripts/volume06/audit_pedagogy.py;scripts/volume06/enrich_hints.py;scripts/volume07/audit_pedagogy.py;scripts/volume07/enrich_hints.py	% PEDAGOGY-ENRICHED-VI	keep; active tooling references this marker family
VI	books/vol06_algebraic_geometry/chapters/ch11_local_rings_residue_fields/chapter.tex	181	VOL06-EXPANSION	ACTIVE_KEEP	scripts/volume06/audit_example_exercise_balance.py;scripts/volume06/audit_example_exercise_expansion.py;scripts/volume06/expansion_common.py	% BEGIN VOL06-EXPANSION VI11-example-01	keep; active tooling references this marker family
VI	books/vol06_algebraic_geometry/chapters/ch11_local_rings_residue_fields/chapter.tex	185	VOL06-EXPANSION	ACTIVE_KEEP	scripts/volume06/audit_example_exercise_balance.py;scripts/volume06/audit_example_exercise_expansion.py;scripts/volume06/expansion_common.py	% END VOL06-EXPANSION VI11-example-01	keep; active tooling references this marker family
VI	books/vol06_algebraic_geometry/chapters/ch11_local_rings_residue_fields/chapter.tex	281	VOL06-EXPANSION	ACTIVE_KEEP	scripts/volume06/audit_example_exercise_balance.py;scripts/volume06/audit_example_exercise_expansion.py;scripts/volume06/expansion_common.py	% BEGIN VOL06-EXPANSION VI11-example-02	keep; active tooling references this marker family
VI	books/vol06_algebraic_geometry/chapters/ch11_local_rings_residue_fields/chapter.tex	285	VOL06-EXPANSION	ACTIVE_KEEP	scripts/volume06/audit_example_exercise_balance.py;scripts/volume06/audit_example_exercise_expansion.py;scripts/volume06/expansion_common.py	% END VOL06-EXPANSION VI11-example-02	keep; active tooling references this marker family
VI	books/vol06_algebraic_geometry/chapters/ch11_local_rings_residue_fields/chapter.tex	367	VOL06-EXPANSION	ACTIVE_KEEP	scripts/volume06/audit_example_exercise_balance.py;scripts/volume06/audit_example_exercise_expansion.py;scripts/volume06/expansion_common.py	% BEGIN VOL06-EXPANSION VI11-example-03	keep; active tooling references this marker family
VI	books/vol06_algebraic_geometry/chapters/ch11_local_rings_residue_fields/chapter.tex	371	VOL06-EXPANSION	ACTIVE_KEEP	scripts/volume06/audit_example_exercise_balance.py;scripts/volume06/audit_example_exercise_expansion.py;scripts/volume06/expansion_common.py	% END VOL06-EXPANSION VI11-example-03	keep; active tooling references this marker family
VI	books/vol06_algebraic_geometry/chapters/ch11_local_rings_residue_fields/chapter.tex	504	VOL06-EXPANSION	ACTIVE_KEEP	scripts/volume06/audit_example_exercise_balance.py;scripts/volume06/audit_example_exercise_expansion.py;scripts/volume06/expansion_common.py	% BEGIN VOL06-EXPANSION VI11-exercises-01	keep; active tooling references this marker family
VI	books/vol06_algebraic_geometry/chapters/ch11_local_rings_residue_fields/chapter.tex	678	VOL06-EXPANSION	ACTIVE_KEEP	scripts/volume06/audit_example_exercise_balance.py;scripts/volume06/audit_example_exercise_expansion.py;scripts/volume06/expansion_common.py	% END VOL06-EXPANSION VI11-exercises-01	keep; active tooling references this marker family
VI	books/vol06_algebraic_geometry/chapters/ch12_presheaves/chapter.tex	132	VOL06-EXPANSION	ACTIVE_KEEP	scripts/volume06/audit_example_exercise_balance.py;scripts/volume06/audit_example_exercise_expansion.py;scripts/volume06/expansion_common.py	% BEGIN VOL06-EXPANSION VI12-example-01	keep; active tooling references this marker family
VI	books/vol06_algebraic_geometry/chapters/ch12_presheaves/chapter.tex	136	VOL06-EXPANSION	ACTIVE_KEEP	scripts/volume06/audit_example_exercise_balance.py;scripts/volume06/audit_example_exercise_expansion.py;scripts/volume06/expansion_common.py	% END VOL06-EXPANSION VI12-example-01	keep; active tooling references this marker family
VI	books/vol06_algebraic_geometry/chapters/ch12_presheaves/chapter.tex	206	VOL06-EXPANSION	ACTIVE_KEEP	scripts/volume06/audit_example_exercise_balance.py;scripts/volume06/audit_example_exercise_expansion.py;scripts/volume06/expansion_common.py	% BEGIN VOL06-EXPANSION VI12-example-02	keep; active tooling references this marker family
VI	books/vol06_algebraic_geometry/chapters/ch12_presheaves/chapter.tex	210	VOL06-EXPANSION	ACTIVE_KEEP	scripts/volume06/audit_example_exercise_balance.py;scripts/volume06/audit_example_exercise_expansion.py;scripts/volume06/expansion_common.py	% END VOL06-EXPANSION VI12-example-02	keep; active tooling references this marker family
VI	books/vol06_algebraic_geometry/chapters/ch12_presheaves/chapter.tex	272	VOL06-EXPANSION	ACTIVE_KEEP	scripts/volume06/audit_example_exercise_balance.py;scripts/volume06/audit_example_exercise_expansion.py;scripts/volume06/expansion_common.py	% BEGIN VOL06-EXPANSION VI12-example-03	keep; active tooling references this marker family
VI	books/vol06_algebraic_geometry/chapters/ch12_presheaves/chapter.tex	276	VOL06-EXPANSION	ACTIVE_KEEP	scripts/volume06/audit_example_exercise_balance.py;scripts/volume06/audit_example_exercise_expansion.py;scripts/volume06/expansion_common.py	% END VOL06-EXPANSION VI12-example-03	keep; active tooling references this marker family
VI	books/vol06_algebraic_geometry/chapters/ch12_presheaves/chapter.tex	472	VOL06-EXPANSION	ACTIVE_KEEP	scripts/volume06/audit_example_exercise_balance.py;scripts/volume06/audit_example_exercise_expansion.py;scripts/volume06/expansion_common.py	% BEGIN VOL06-EXPANSION VI12-exercises-01	keep; active tooling references this marker family
VI	books/vol06_algebraic_geometry/chapters/ch12_presheaves/chapter.tex	646	VOL06-EXPANSION	ACTIVE_KEEP	scripts/volume06/audit_example_exercise_balance.py;scripts/volume06/audit_example_exercise_expansion.py;scripts/volume06/expansion_common.py	% END VOL06-EXPANSION VI12-exercises-01	keep; active tooling references this marker family
VI	books/vol06_algebraic_geometry/chapters/ch13_sheaves_stalks/chapter.tex	121	VOL06-EXPANSION	ACTIVE_KEEP	scripts/volume06/audit_example_exercise_balance.py;scripts/volume06/audit_example_exercise_expansion.py;scripts/volume06/expansion_common.py	% BEGIN VOL06-EXPANSION VI13-example-01	keep; active tooling references this marker family
VI	books/vol06_algebraic_geometry/chapters/ch13_sheaves_stalks/chapter.tex	125	VOL06-EXPANSION	ACTIVE_KEEP	scripts/volume06/audit_example_exercise_balance.py;scripts/volume06/audit_example_exercise_expansion.py;scripts/volume06/expansion_common.py	% END VOL06-EXPANSION VI13-example-01	keep; active tooling references this marker family
VI	books/vol06_algebraic_geometry/chapters/ch13_sheaves_stalks/chapter.tex	225	VOL06-EXPANSION	ACTIVE_KEEP	scripts/volume06/audit_example_exercise_balance.py;scripts/volume06/audit_example_exercise_expansion.py;scripts/volume06/expansion_common.py	% BEGIN VOL06-EXPANSION VI13-example-02	keep; active tooling references this marker family
VI	books/vol06_algebraic_geometry/chapters/ch13_sheaves_stalks/chapter.tex	229	VOL06-EXPANSION	ACTIVE_KEEP	scripts/volume06/audit_example_exercise_balance.py;scripts/volume06/audit_example_exercise_expansion.py;scripts/volume06/expansion_common.py	% END VOL06-EXPANSION VI13-example-02	keep; active tooling references this marker family
VI	books/vol06_algebraic_geometry/chapters/ch13_sheaves_stalks/chapter.tex	340	VOL06-EXPANSION	ACTIVE_KEEP	scripts/volume06/audit_example_exercise_balance.py;scripts/volume06/audit_example_exercise_expansion.py;scripts/volume06/expansion_common.py	% BEGIN VOL06-EXPANSION VI13-example-03	keep; active tooling references this marker family
VI	books/vol06_algebraic_geometry/chapters/ch13_sheaves_stalks/chapter.tex	344	VOL06-EXPANSION	ACTIVE_KEEP	scripts/volume06/audit_example_exercise_balance.py;scripts/volume06/audit_example_exercise_expansion.py;scripts/volume06/expansion_common.py	% END VOL06-EXPANSION VI13-example-03	keep; active tooling references this marker family
VI	books/vol06_algebraic_geometry/chapters/ch13_sheaves_stalks/chapter.tex	456	VOL06-EXPANSION	ACTIVE_KEEP	scripts/volume06/audit_example_exercise_balance.py;scripts/volume06/audit_example_exercise_expansion.py;scripts/volume06/expansion_common.py	% BEGIN VOL06-EXPANSION VI13-exercises-01	keep; active tooling references this marker family
VI	books/vol06_algebraic_geometry/chapters/ch13_sheaves_stalks/chapter.tex	630	VOL06-EXPANSION	ACTIVE_KEEP	scripts/volume06/audit_example_exercise_balance.py;scripts/volume06/audit_example_exercise_expansion.py;scripts/volume06/expansion_common.py	% END VOL06-EXPANSION VI13-exercises-01	keep; active tooling references this marker family
VI	books/vol06_algebraic_geometry/chapters/ch13_sheaves_stalks/exercise_hints.tex	2	PEDAGOGY-ENRICHED-VI	ACTIVE_KEEP	scripts/volume06/audit_pedagogy.py;scripts/volume06/enrich_hints.py;scripts/volume07/audit_pedagogy.py;scripts/volume07/enrich_hints.py	% PEDAGOGY-ENRICHED-VI	keep; active tooling references this marker family
VI	books/vol06_algebraic_geometry/chapters/ch13_sheaves_stalks/exercise_hints.tex	7	PEDAGOGY-ENRICHED-VI	ACTIVE_KEEP	scripts/volume06/audit_pedagogy.py;scripts/volume06/enrich_hints.py;scripts/volume07/audit_pedagogy.py;scripts/volume07/enrich_hints.py	% PEDAGOGY-ENRICHED-VI	keep; active tooling references this marker family
VI	books/vol06_algebraic_geometry/chapters/ch13_sheaves_stalks/exercise_hints.tex	12	PEDAGOGY-ENRICHED-VI	ACTIVE_KEEP	scripts/volume06/audit_pedagogy.py;scripts/volume06/enrich_hints.py;scripts/volume07/audit_pedagogy.py;scripts/volume07/enrich_hints.py	% PEDAGOGY-ENRICHED-VI	keep; active tooling references this marker family
VI	books/vol06_algebraic_geometry/chapters/ch13_sheaves_stalks/exercise_hints.tex	17	PEDAGOGY-ENRICHED-VI	ACTIVE_KEEP	scripts/volume06/audit_pedagogy.py;scripts/volume06/enrich_hints.py;scripts/volume07/audit_pedagogy.py;scripts/volume07/enrich_hints.py	% PEDAGOGY-ENRICHED-VI	keep; active tooling references this marker family
VI	books/vol06_algebraic_geometry/chapters/ch13_sheaves_stalks/exercise_hints.tex	22	PEDAGOGY-ENRICHED-VI	ACTIVE_KEEP	scripts/volume06/audit_pedagogy.py;scripts/volume06/enrich_hints.py;scripts/volume07/audit_pedagogy.py;scripts/volume07/enrich_hints.py	% PEDAGOGY-ENRICHED-VI	keep; active tooling references this marker family
VI	books/vol06_algebraic_geometry/chapters/ch13_sheaves_stalks/exercise_hints.tex	27	PEDAGOGY-ENRICHED-VI	ACTIVE_KEEP	scripts/volume06/audit_pedagogy.py;scripts/volume06/enrich_hints.py;scripts/volume07/audit_pedagogy.py;scripts/volume07/enrich_hints.py	% PEDAGOGY-ENRICHED-VI	keep; active tooling references this marker family
VI	books/vol06_algebraic_geometry/chapters/ch13_sheaves_stalks/exercise_hints.tex	32	PEDAGOGY-ENRICHED-VI	ACTIVE_KEEP	scripts/volume06/audit_pedagogy.py;scripts/volume06/enrich_hints.py;scripts/volume07/audit_pedagogy.py;scripts/volume07/enrich_hints.py	% PEDAGOGY-ENRICHED-VI	keep; active tooling references this marker family
VI	books/vol06_algebraic_geometry/chapters/ch13_sheaves_stalks/exercise_hints.tex	37	PEDAGOGY-ENRICHED-VI	ACTIVE_KEEP	scripts/volume06/audit_pedagogy.py;scripts/volume06/enrich_hints.py;scripts/volume07/audit_pedagogy.py;scripts/volume07/enrich_hints.py	% PEDAGOGY-ENRICHED-VI	keep; active tooling references this marker family
VI	books/vol06_algebraic_geometry/chapters/ch13_sheaves_stalks/exercise_hints.tex	42	PEDAGOGY-ENRICHED-VI	ACTIVE_KEEP	scripts/volume06/audit_pedagogy.py;scripts/volume06/enrich_hints.py;scripts/volume07/audit_pedagogy.py;scripts/volume07/enrich_hints.py	% PEDAGOGY-ENRICHED-VI	keep; active tooling references this marker family
VI	books/vol06_algebraic_geometry/chapters/ch13_sheaves_stalks/exercise_hints.tex	47	PEDAGOGY-ENRICHED-VI	ACTIVE_KEEP	scripts/volume06/audit_pedagogy.py;scripts/volume06/enrich_hints.py;scripts/volume07/audit_pedagogy.py;scripts/volume07/enrich_hints.py	% PEDAGOGY-ENRICHED-VI	keep; active tooling references this marker family
VI	books/vol06_algebraic_geometry/chapters/ch13_sheaves_stalks/exercise_hints.tex	52	PEDAGOGY-ENRICHED-VI	ACTIVE_KEEP	scripts/volume06/audit_pedagogy.py;scripts/volume06/enrich_hints.py;scripts/volume07/audit_pedagogy.py;scripts/volume07/enrich_hints.py	% PEDAGOGY-ENRICHED-VI	keep; active tooling references this marker family
VI	books/vol06_algebraic_geometry/chapters/ch13_sheaves_stalks/exercise_hints.tex	57	PEDAGOGY-ENRICHED-VI	ACTIVE_KEEP	scripts/volume06/audit_pedagogy.py;scripts/volume06/enrich_hints.py;scripts/volume07/audit_pedagogy.py;scripts/volume07/enrich_hints.py	% PEDAGOGY-ENRICHED-VI	keep; active tooling references this marker family
VI	books/vol06_algebraic_geometry/chapters/ch13_sheaves_stalks/exercise_hints.tex	62	PEDAGOGY-ENRICHED-VI	ACTIVE_KEEP	scripts/volume06/audit_pedagogy.py;scripts/volume06/enrich_hints.py;scripts/volume07/audit_pedagogy.py;scripts/volume07/enrich_hints.py	% PEDAGOGY-ENRICHED-VI	keep; active tooling references this marker family
VI	books/vol06_algebraic_geometry/chapters/ch13_sheaves_stalks/exercise_hints.tex	67	PEDAGOGY-ENRICHED-VI	ACTIVE_KEEP	scripts/volume06/audit_pedagogy.py;scripts/volume06/enrich_hints.py;scripts/volume07/audit_pedagogy.py;scripts/volume07/enrich_hints.py	% PEDAGOGY-ENRICHED-VI	keep; active tooling references this marker family
VI	books/vol06_algebraic_geometry/chapters/ch13_sheaves_stalks/exercise_hints.tex	72	PEDAGOGY-ENRICHED-VI	ACTIVE_KEEP	scripts/volume06/audit_pedagogy.py;scripts/volume06/enrich_hints.py;scripts/volume07/audit_pedagogy.py;scripts/volume07/enrich_hints.py	% PEDAGOGY-ENRICHED-VI	keep; active tooling references this marker family
VI	books/vol06_algebraic_geometry/chapters/ch13_sheaves_stalks/exercise_hints.tex	77	PEDAGOGY-ENRICHED-VI	ACTIVE_KEEP	scripts/volume06/audit_pedagogy.py;scripts/volume06/enrich_hints.py;scripts/volume07/audit_pedagogy.py;scripts/volume07/enrich_hints.py	% PEDAGOGY-ENRICHED-VI	keep; active tooling references this marker family
VI	books/vol06_algebraic_geometry/chapters/ch13_sheaves_stalks/exercise_hints.tex	82	PEDAGOGY-ENRICHED-VI	ACTIVE_KEEP	scripts/volume06/audit_pedagogy.py;scripts/volume06/enrich_hints.py;scripts/volume07/audit_pedagogy.py;scripts/volume07/enrich_hints.py	% PEDAGOGY-ENRICHED-VI	keep; active tooling references this marker family
VI	books/vol06_algebraic_geometry/chapters/ch13_sheaves_stalks/exercise_hints.tex	87	PEDAGOGY-ENRICHED-VI	ACTIVE_KEEP	scripts/volume06/audit_pedagogy.py;scripts/volume06/enrich_hints.py;scripts/volume07/audit_pedagogy.py;scripts/volume07/enrich_hints.py	% PEDAGOGY-ENRICHED-VI	keep; active tooling references this marker family
VI	books/vol06_algebraic_geometry/chapters/ch13_sheaves_stalks/exercise_hints.tex	92	PEDAGOGY-ENRICHED-VI	ACTIVE_KEEP	scripts/volume06/audit_pedagogy.py;scripts/volume06/enrich_hints.py;scripts/volume07/audit_pedagogy.py;scripts/volume07/enrich_hints.py	% PEDAGOGY-ENRICHED-VI	keep; active tooling references this marker family
VI	books/vol06_algebraic_geometry/chapters/ch13_sheaves_stalks/exercise_hints.tex	97	PEDAGOGY-ENRICHED-VI	ACTIVE_KEEP	scripts/volume06/audit_pedagogy.py;scripts/volume06/enrich_hints.py;scripts/volume07/audit_pedagogy.py;scripts/volume07/enrich_hints.py	% PEDAGOGY-ENRICHED-VI	keep; active tooling references this marker family
VI	books/vol06_algebraic_geometry/chapters/ch13_sheaves_stalks/exercise_hints.tex	102	PEDAGOGY-ENRICHED-VI	ACTIVE_KEEP	scripts/volume06/audit_pedagogy.py;scripts/volume06/enrich_hints.py;scripts/volume07/audit_pedagogy.py;scripts/volume07/enrich_hints.py	% PEDAGOGY-ENRICHED-VI	keep; active tooling references this marker family
VI	books/vol06_algebraic_geometry/chapters/ch13_sheaves_stalks/exercise_hints.tex	107	PEDAGOGY-ENRICHED-VI	ACTIVE_KEEP	scripts/volume06/audit_pedagogy.py;scripts/volume06/enrich_hints.py;scripts/volume07/audit_pedagogy.py;scripts/volume07/enrich_hints.py	% PEDAGOGY-ENRICHED-VI	keep; active tooling references this marker family
VI	books/vol06_algebraic_geometry/chapters/ch13_sheaves_stalks/exercise_hints.tex	112	PEDAGOGY-ENRICHED-VI	ACTIVE_KEEP	scripts/volume06/audit_pedagogy.py;scripts/volume06/enrich_hints.py;scripts/volume07/audit_pedagogy.py;scripts/volume07/enrich_hints.py	% PEDAGOGY-ENRICHED-VI	keep; active tooling references this marker family
VI	books/vol06_algebraic_geometry/chapters/ch13_sheaves_stalks/exercise_hints.tex	117	PEDAGOGY-ENRICHED-VI	ACTIVE_KEEP	scripts/volume06/audit_pedagogy.py;scripts/volume06/enrich_hints.py;scripts/volume07/audit_pedagogy.py;scripts/volume07/enrich_hints.py	% PEDAGOGY-ENRICHED-VI	keep; active tooling references this marker family
VI	books/vol06_algebraic_geometry/chapters/ch13_sheaves_stalks/exercise_hints.tex	122	PEDAGOGY-ENRICHED-VI	ACTIVE_KEEP	scripts/volume06/audit_pedagogy.py;scripts/volume06/enrich_hints.py;scripts/volume07/audit_pedagogy.py;scripts/volume07/enrich_hints.py	% PEDAGOGY-ENRICHED-VI	keep; active tooling references this marker family
VI	books/vol06_algebraic_geometry/chapters/ch13_sheaves_stalks/exercise_hints.tex	127	PEDAGOGY-ENRICHED-VI	ACTIVE_KEEP	scripts/volume06/audit_pedagogy.py;scripts/volume06/enrich_hints.py;scripts/volume07/audit_pedagogy.py;scripts/volume07/enrich_hints.py	% PEDAGOGY-ENRICHED-VI	keep; active tooling references this marker family
VI	books/vol06_algebraic_geometry/chapters/ch14_sheafification/chapter.tex	195	VOL06-EXPANSION	ACTIVE_KEEP	scripts/volume06/audit_example_exercise_balance.py;scripts/volume06/audit_example_exercise_expansion.py;scripts/volume06/expansion_common.py	% BEGIN VOL06-EXPANSION VI14-example-01	keep; active tooling references this marker family
VI	books/vol06_algebraic_geometry/chapters/ch14_sheafification/chapter.tex	199	VOL06-EXPANSION	ACTIVE_KEEP	scripts/volume06/audit_example_exercise_balance.py;scripts/volume06/audit_example_exercise_expansion.py;scripts/volume06/expansion_common.py	% END VOL06-EXPANSION VI14-example-01	keep; active tooling references this marker family
VI	books/vol06_algebraic_geometry/chapters/ch14_sheafification/chapter.tex	329	VOL06-EXPANSION	ACTIVE_KEEP	scripts/volume06/audit_example_exercise_balance.py;scripts/volume06/audit_example_exercise_expansion.py;scripts/volume06/expansion_common.py	% BEGIN VOL06-EXPANSION VI14-example-02	keep; active tooling references this marker family
VI	books/vol06_algebraic_geometry/chapters/ch14_sheafification/chapter.tex	333	VOL06-EXPANSION	ACTIVE_KEEP	scripts/volume06/audit_example_exercise_balance.py;scripts/volume06/audit_example_exercise_expansion.py;scripts/volume06/expansion_common.py	% END VOL06-EXPANSION VI14-example-02	keep; active tooling references this marker family
VI	books/vol06_algebraic_geometry/chapters/ch14_sheafification/chapter.tex	406	VOL06-EXPANSION	ACTIVE_KEEP	scripts/volume06/audit_example_exercise_balance.py;scripts/volume06/audit_example_exercise_expansion.py;scripts/volume06/expansion_common.py	% BEGIN VOL06-EXPANSION VI14-example-03	keep; active tooling references this marker family
VI	books/vol06_algebraic_geometry/chapters/ch14_sheafification/chapter.tex	410	VOL06-EXPANSION	ACTIVE_KEEP	scripts/volume06/audit_example_exercise_balance.py;scripts/volume06/audit_example_exercise_expansion.py;scripts/volume06/expansion_common.py	% END VOL06-EXPANSION VI14-example-03	keep; active tooling references this marker family
VI	books/vol06_algebraic_geometry/chapters/ch14_sheafification/chapter.tex	517	VOL06-EXPANSION	ACTIVE_KEEP	scripts/volume06/audit_example_exercise_balance.py;scripts/volume06/audit_example_exercise_expansion.py;scripts/volume06/expansion_common.py	% BEGIN VOL06-EXPANSION VI14-exercises-01	keep; active tooling references this marker family
VI	books/vol06_algebraic_geometry/chapters/ch14_sheafification/chapter.tex	691	VOL06-EXPANSION	ACTIVE_KEEP	scripts/volume06/audit_example_exercise_balance.py;scripts/volume06/audit_example_exercise_expansion.py;scripts/volume06/expansion_common.py	% END VOL06-EXPANSION VI14-exercises-01	keep; active tooling references this marker family
VI	books/vol06_algebraic_geometry/chapters/ch15_kernels_images_quotients/chapter.tex	137	VOL06-EXPANSION	ACTIVE_KEEP	scripts/volume06/audit_example_exercise_balance.py;scripts/volume06/audit_example_exercise_expansion.py;scripts/volume06/expansion_common.py	% BEGIN VOL06-EXPANSION VI15-example-01	keep; active tooling references this marker family
VI	books/vol06_algebraic_geometry/chapters/ch15_kernels_images_quotients/chapter.tex	141	VOL06-EXPANSION	ACTIVE_KEEP	scripts/volume06/audit_example_exercise_balance.py;scripts/volume06/audit_example_exercise_expansion.py;scripts/volume06/expansion_common.py	% END VOL06-EXPANSION VI15-example-01	keep; active tooling references this marker family
VI	books/vol06_algebraic_geometry/chapters/ch15_kernels_images_quotients/chapter.tex	234	VOL06-EXPANSION	ACTIVE_KEEP	scripts/volume06/audit_example_exercise_balance.py;scripts/volume06/audit_example_exercise_expansion.py;scripts/volume06/expansion_common.py	% BEGIN VOL06-EXPANSION VI15-example-02	keep; active tooling references this marker family
VI	books/vol06_algebraic_geometry/chapters/ch15_kernels_images_quotients/chapter.tex	238	VOL06-EXPANSION	ACTIVE_KEEP	scripts/volume06/audit_example_exercise_balance.py;scripts/volume06/audit_example_exercise_expansion.py;scripts/volume06/expansion_common.py	% END VOL06-EXPANSION VI15-example-02	keep; active tooling references this marker family
VI	books/vol06_algebraic_geometry/chapters/ch15_kernels_images_quotients/chapter.tex	271	VOL06-EXPANSION	ACTIVE_KEEP	scripts/volume06/audit_example_exercise_balance.py;scripts/volume06/audit_example_exercise_expansion.py;scripts/volume06/expansion_common.py	% BEGIN VOL06-EXPANSION VI15-example-03	keep; active tooling references this marker family
VI	books/vol06_algebraic_geometry/chapters/ch15_kernels_images_quotients/chapter.tex	275	VOL06-EXPANSION	ACTIVE_KEEP	scripts/volume06/audit_example_exercise_balance.py;scripts/volume06/audit_example_exercise_expansion.py;scripts/volume06/expansion_common.py	% END VOL06-EXPANSION VI15-example-03	keep; active tooling references this marker family
VI	books/vol06_algebraic_geometry/chapters/ch15_kernels_images_quotients/chapter.tex	386	VOL06-EXPANSION	ACTIVE_KEEP	scripts/volume06/audit_example_exercise_balance.py;scripts/volume06/audit_example_exercise_expansion.py;scripts/volume06/expansion_common.py	% BEGIN VOL06-EXPANSION VI15-exercises-01	keep; active tooling references this marker family
VI	books/vol06_algebraic_geometry/chapters/ch15_kernels_images_quotients/chapter.tex	560	VOL06-EXPANSION	ACTIVE_KEEP	scripts/volume06/audit_example_exercise_balance.py;scripts/volume06/audit_example_exercise_expansion.py;scripts/volume06/expansion_common.py	% END VOL06-EXPANSION VI15-exercises-01	keep; active tooling references this marker family
VI	books/vol06_algebraic_geometry/chapters/ch15_kernels_images_quotients/exercise_hints.tex	3	PEDAGOGY-ENRICHED-VI	ACTIVE_KEEP	scripts/volume06/audit_pedagogy.py;scripts/volume06/enrich_hints.py;scripts/volume07/audit_pedagogy.py;scripts/volume07/enrich_hints.py	% PEDAGOGY-ENRICHED-VI	keep; active tooling references this marker family
VI	books/vol06_algebraic_geometry/chapters/ch15_kernels_images_quotients/exercise_hints.tex	9	PEDAGOGY-ENRICHED-VI	ACTIVE_KEEP	scripts/volume06/audit_pedagogy.py;scripts/volume06/enrich_hints.py;scripts/volume07/audit_pedagogy.py;scripts/volume07/enrich_hints.py	% PEDAGOGY-ENRICHED-VI	keep; active tooling references this marker family
VI	books/vol06_algebraic_geometry/chapters/ch15_kernels_images_quotients/exercise_hints.tex	15	PEDAGOGY-ENRICHED-VI	ACTIVE_KEEP	scripts/volume06/audit_pedagogy.py;scripts/volume06/enrich_hints.py;scripts/volume07/audit_pedagogy.py;scripts/volume07/enrich_hints.py	% PEDAGOGY-ENRICHED-VI	keep; active tooling references this marker family
VI	books/vol06_algebraic_geometry/chapters/ch15_kernels_images_quotients/exercise_hints.tex	21	PEDAGOGY-ENRICHED-VI	ACTIVE_KEEP	scripts/volume06/audit_pedagogy.py;scripts/volume06/enrich_hints.py;scripts/volume07/audit_pedagogy.py;scripts/volume07/enrich_hints.py	% PEDAGOGY-ENRICHED-VI	keep; active tooling references this marker family
VI	books/vol06_algebraic_geometry/chapters/ch15_kernels_images_quotients/exercise_hints.tex	27	PEDAGOGY-ENRICHED-VI	ACTIVE_KEEP	scripts/volume06/audit_pedagogy.py;scripts/volume06/enrich_hints.py;scripts/volume07/audit_pedagogy.py;scripts/volume07/enrich_hints.py	% PEDAGOGY-ENRICHED-VI	keep; active tooling references this marker family
VI	books/vol06_algebraic_geometry/chapters/ch15_kernels_images_quotients/exercise_hints.tex	33	PEDAGOGY-ENRICHED-VI	ACTIVE_KEEP	scripts/volume06/audit_pedagogy.py;scripts/volume06/enrich_hints.py;scripts/volume07/audit_pedagogy.py;scripts/volume07/enrich_hints.py	% PEDAGOGY-ENRICHED-VI	keep; active tooling references this marker family
VI	books/vol06_algebraic_geometry/chapters/ch15_kernels_images_quotients/exercise_hints.tex	39	PEDAGOGY-ENRICHED-VI	ACTIVE_KEEP	scripts/volume06/audit_pedagogy.py;scripts/volume06/enrich_hints.py;scripts/volume07/audit_pedagogy.py;scripts/volume07/enrich_hints.py	% PEDAGOGY-ENRICHED-VI	keep; active tooling references this marker family
VI	books/vol06_algebraic_geometry/chapters/ch15_kernels_images_quotients/exercise_hints.tex	45	PEDAGOGY-ENRICHED-VI	ACTIVE_KEEP	scripts/volume06/audit_pedagogy.py;scripts/volume06/enrich_hints.py;scripts/volume07/audit_pedagogy.py;scripts/volume07/enrich_hints.py	% PEDAGOGY-ENRICHED-VI	keep; active tooling references this marker family
VI	books/vol06_algebraic_geometry/chapters/ch15_kernels_images_quotients/exercise_hints.tex	51	PEDAGOGY-ENRICHED-VI	ACTIVE_KEEP	scripts/volume06/audit_pedagogy.py;scripts/volume06/enrich_hints.py;scripts/volume07/audit_pedagogy.py;scripts/volume07/enrich_hints.py	% PEDAGOGY-ENRICHED-VI	keep; active tooling references this marker family
VI	books/vol06_algebraic_geometry/chapters/ch15_kernels_images_quotients/exercise_hints.tex	57	PEDAGOGY-ENRICHED-VI	ACTIVE_KEEP	scripts/volume06/audit_pedagogy.py;scripts/volume06/enrich_hints.py;scripts/volume07/audit_pedagogy.py;scripts/volume07/enrich_hints.py	% PEDAGOGY-ENRICHED-VI	keep; active tooling references this marker family
VI	books/vol06_algebraic_geometry/chapters/ch15_kernels_images_quotients/exercise_hints.tex	63	PEDAGOGY-ENRICHED-VI	ACTIVE_KEEP	scripts/volume06/audit_pedagogy.py;scripts/volume06/enrich_hints.py;scripts/volume07/audit_pedagogy.py;scripts/volume07/enrich_hints.py	% PEDAGOGY-ENRICHED-VI	keep; active tooling references this marker family
VI	books/vol06_algebraic_geometry/chapters/ch15_kernels_images_quotients/exercise_hints.tex	69	PEDAGOGY-ENRICHED-VI	ACTIVE_KEEP	scripts/volume06/audit_pedagogy.py;scripts/volume06/enrich_hints.py;scripts/volume07/audit_pedagogy.py;scripts/volume07/enrich_hints.py	% PEDAGOGY-ENRICHED-VI	keep; active tooling references this marker family
VI	books/vol06_algebraic_geometry/chapters/ch15_kernels_images_quotients/exercise_hints.tex	75	PEDAGOGY-ENRICHED-VI	ACTIVE_KEEP	scripts/volume06/audit_pedagogy.py;scripts/volume06/enrich_hints.py;scripts/volume07/audit_pedagogy.py;scripts/volume07/enrich_hints.py	% PEDAGOGY-ENRICHED-VI	keep; active tooling references this marker family
VI	books/vol06_algebraic_geometry/chapters/ch15_kernels_images_quotients/exercise_hints.tex	81	PEDAGOGY-ENRICHED-VI	ACTIVE_KEEP	scripts/volume06/audit_pedagogy.py;scripts/volume06/enrich_hints.py;scripts/volume07/audit_pedagogy.py;scripts/volume07/enrich_hints.py	% PEDAGOGY-ENRICHED-VI	keep; active tooling references this marker family
VI	books/vol06_algebraic_geometry/chapters/ch15_kernels_images_quotients/exercise_hints.tex	87	PEDAGOGY-ENRICHED-VI	ACTIVE_KEEP	scripts/volume06/audit_pedagogy.py;scripts/volume06/enrich_hints.py;scripts/volume07/audit_pedagogy.py;scripts/volume07/enrich_hints.py	% PEDAGOGY-ENRICHED-VI	keep; active tooling references this marker family
VI	books/vol06_algebraic_geometry/chapters/ch15_kernels_images_quotients/exercise_hints.tex	93	PEDAGOGY-ENRICHED-VI	ACTIVE_KEEP	scripts/volume06/audit_pedagogy.py;scripts/volume06/enrich_hints.py;scripts/volume07/audit_pedagogy.py;scripts/volume07/enrich_hints.py	% PEDAGOGY-ENRICHED-VI	keep; active tooling references this marker family
VI	books/vol06_algebraic_geometry/chapters/ch15_kernels_images_quotients/exercise_hints.tex	99	PEDAGOGY-ENRICHED-VI	ACTIVE_KEEP	scripts/volume06/audit_pedagogy.py;scripts/volume06/enrich_hints.py;scripts/volume07/audit_pedagogy.py;scripts/volume07/enrich_hints.py	% PEDAGOGY-ENRICHED-VI	keep; active tooling references this marker family
VI	books/vol06_algebraic_geometry/chapters/ch15_kernels_images_quotients/exercise_hints.tex	105	PEDAGOGY-ENRICHED-VI	ACTIVE_KEEP	scripts/volume06/audit_pedagogy.py;scripts/volume06/enrich_hints.py;scripts/volume07/audit_pedagogy.py;scripts/volume07/enrich_hints.py	% PEDAGOGY-ENRICHED-VI	keep; active tooling references this marker family
VI	books/vol06_algebraic_geometry/chapters/ch15_kernels_images_quotients/exercise_hints.tex	111	PEDAGOGY-ENRICHED-VI	ACTIVE_KEEP	scripts/volume06/audit_pedagogy.py;scripts/volume06/enrich_hints.py;scripts/volume07/audit_pedagogy.py;scripts/volume07/enrich_hints.py	% PEDAGOGY-ENRICHED-VI	keep; active tooling references this marker family
VI	books/vol06_algebraic_geometry/chapters/ch15_kernels_images_quotients/exercise_hints.tex	117	PEDAGOGY-ENRICHED-VI	ACTIVE_KEEP	scripts/volume06/audit_pedagogy.py;scripts/volume06/enrich_hints.py;scripts/volume07/audit_pedagogy.py;scripts/volume07/enrich_hints.py	% PEDAGOGY-ENRICHED-VI	keep; active tooling references this marker family
VI	books/vol06_algebraic_geometry/chapters/ch15_kernels_images_quotients/exercise_hints.tex	123	PEDAGOGY-ENRICHED-VI	ACTIVE_KEEP	scripts/volume06/audit_pedagogy.py;scripts/volume06/enrich_hints.py;scripts/volume07/audit_pedagogy.py;scripts/volume07/enrich_hints.py	% PEDAGOGY-ENRICHED-VI	keep; active tooling references this marker family
VI	books/vol06_algebraic_geometry/chapters/ch15_kernels_images_quotients/exercise_hints.tex	129	PEDAGOGY-ENRICHED-VI	ACTIVE_KEEP	scripts/volume06/audit_pedagogy.py;scripts/volume06/enrich_hints.py;scripts/volume07/audit_pedagogy.py;scripts/volume07/enrich_hints.py	% PEDAGOGY-ENRICHED-VI	keep; active tooling references this marker family
VI	books/vol06_algebraic_geometry/chapters/ch15_kernels_images_quotients/exercise_hints.tex	135	PEDAGOGY-ENRICHED-VI	ACTIVE_KEEP	scripts/volume06/audit_pedagogy.py;scripts/volume06/enrich_hints.py;scripts/volume07/audit_pedagogy.py;scripts/volume07/enrich_hints.py	% PEDAGOGY-ENRICHED-VI	keep; active tooling references this marker family
VI	books/vol06_algebraic_geometry/chapters/ch15_kernels_images_quotients/exercise_hints.tex	141	PEDAGOGY-ENRICHED-VI	ACTIVE_KEEP	scripts/volume06/audit_pedagogy.py;scripts/volume06/enrich_hints.py;scripts/volume07/audit_pedagogy.py;scripts/volume07/enrich_hints.py	% PEDAGOGY-ENRICHED-VI	keep; active tooling references this marker family
VI	books/vol06_algebraic_geometry/chapters/ch15_kernels_images_quotients/exercise_hints.tex	147	PEDAGOGY-ENRICHED-VI	ACTIVE_KEEP	scripts/volume06/audit_pedagogy.py;scripts/volume06/enrich_hints.py;scripts/volume07/audit_pedagogy.py;scripts/volume07/enrich_hints.py	% PEDAGOGY-ENRICHED-VI	keep; active tooling references this marker family
VI	books/vol06_algebraic_geometry/chapters/ch15_kernels_images_quotients/exercise_hints.tex	153	PEDAGOGY-ENRICHED-VI	ACTIVE_KEEP	scripts/volume06/audit_pedagogy.py;scripts/volume06/enrich_hints.py;scripts/volume07/audit_pedagogy.py;scripts/volume07/enrich_hints.py	% PEDAGOGY-ENRICHED-VI	keep; active tooling references this marker family
VI	books/vol06_algebraic_geometry/chapters/ch16_exact_sequences_sheaves/chapter.tex	133	VOL06-EXPANSION	ACTIVE_KEEP	scripts/volume06/audit_example_exercise_balance.py;scripts/volume06/audit_example_exercise_expansion.py;scripts/volume06/expansion_common.py	% BEGIN VOL06-EXPANSION VI16-example-01	keep; active tooling references this marker family
VI	books/vol06_algebraic_geometry/chapters/ch16_exact_sequences_sheaves/chapter.tex	137	VOL06-EXPANSION	ACTIVE_KEEP	scripts/volume06/audit_example_exercise_balance.py;scripts/volume06/audit_example_exercise_expansion.py;scripts/volume06/expansion_common.py	% END VOL06-EXPANSION VI16-example-01	keep; active tooling references this marker family
VI	books/vol06_algebraic_geometry/chapters/ch16_exact_sequences_sheaves/chapter.tex	196	VOL06-EXPANSION	ACTIVE_KEEP	scripts/volume06/audit_example_exercise_balance.py;scripts/volume06/audit_example_exercise_expansion.py;scripts/volume06/expansion_common.py	% BEGIN VOL06-EXPANSION VI16-example-02	keep; active tooling references this marker family
VI	books/vol06_algebraic_geometry/chapters/ch16_exact_sequences_sheaves/chapter.tex	200	VOL06-EXPANSION	ACTIVE_KEEP	scripts/volume06/audit_example_exercise_balance.py;scripts/volume06/audit_example_exercise_expansion.py;scripts/volume06/expansion_common.py	% END VOL06-EXPANSION VI16-example-02	keep; active tooling references this marker family
VI	books/vol06_algebraic_geometry/chapters/ch16_exact_sequences_sheaves/chapter.tex	237	VOL06-EXPANSION	ACTIVE_KEEP	scripts/volume06/audit_example_exercise_balance.py;scripts/volume06/audit_example_exercise_expansion.py;scripts/volume06/expansion_common.py	% BEGIN VOL06-EXPANSION VI16-example-03	keep; active tooling references this marker family
VI	books/vol06_algebraic_geometry/chapters/ch16_exact_sequences_sheaves/chapter.tex	241	VOL06-EXPANSION	ACTIVE_KEEP	scripts/volume06/audit_example_exercise_balance.py;scripts/volume06/audit_example_exercise_expansion.py;scripts/volume06/expansion_common.py	% END VOL06-EXPANSION VI16-example-03	keep; active tooling references this marker family
VI	books/vol06_algebraic_geometry/chapters/ch16_exact_sequences_sheaves/chapter.tex	317	VOL06-EXPANSION	ACTIVE_KEEP	scripts/volume06/audit_example_exercise_balance.py;scripts/volume06/audit_example_exercise_expansion.py;scripts/volume06/expansion_common.py	% BEGIN VOL06-EXPANSION VI16-exercises-01	keep; active tooling references this marker family
VI	books/vol06_algebraic_geometry/chapters/ch16_exact_sequences_sheaves/chapter.tex	491	VOL06-EXPANSION	ACTIVE_KEEP	scripts/volume06/audit_example_exercise_balance.py;scripts/volume06/audit_example_exercise_expansion.py;scripts/volume06/expansion_common.py	% END VOL06-EXPANSION VI16-exercises-01	keep; active tooling references this marker family
VI	books/vol06_algebraic_geometry/chapters/ch16_exact_sequences_sheaves/exercise_hints.tex	2	PEDAGOGY-ENRICHED-VI	ACTIVE_KEEP	scripts/volume06/audit_pedagogy.py;scripts/volume06/enrich_hints.py;scripts/volume07/audit_pedagogy.py;scripts/volume07/enrich_hints.py	% PEDAGOGY-ENRICHED-VI	keep; active tooling references this marker family
VI	books/vol06_algebraic_geometry/chapters/ch16_exact_sequences_sheaves/exercise_hints.tex	8	PEDAGOGY-ENRICHED-VI	ACTIVE_KEEP	scripts/volume06/audit_pedagogy.py;scripts/volume06/enrich_hints.py;scripts/volume07/audit_pedagogy.py;scripts/volume07/enrich_hints.py	% PEDAGOGY-ENRICHED-VI	keep; active tooling references this marker family
VI	books/vol06_algebraic_geometry/chapters/ch16_exact_sequences_sheaves/exercise_hints.tex	14	PEDAGOGY-ENRICHED-VI	ACTIVE_KEEP	scripts/volume06/audit_pedagogy.py;scripts/volume06/enrich_hints.py;scripts/volume07/audit_pedagogy.py;scripts/volume07/enrich_hints.py	% PEDAGOGY-ENRICHED-VI	keep; active tooling references this marker family
VI	books/vol06_algebraic_geometry/chapters/ch16_exact_sequences_sheaves/exercise_hints.tex	20	PEDAGOGY-ENRICHED-VI	ACTIVE_KEEP	scripts/volume06/audit_pedagogy.py;scripts/volume06/enrich_hints.py;scripts/volume07/audit_pedagogy.py;scripts/volume07/enrich_hints.py	% PEDAGOGY-ENRICHED-VI	keep; active tooling references this marker family
VI	books/vol06_algebraic_geometry/chapters/ch16_exact_sequences_sheaves/exercise_hints.tex	26	PEDAGOGY-ENRICHED-VI	ACTIVE_KEEP	scripts/volume06/audit_pedagogy.py;scripts/volume06/enrich_hints.py;scripts/volume07/audit_pedagogy.py;scripts/volume07/enrich_hints.py	% PEDAGOGY-ENRICHED-VI	keep; active tooling references this marker family
VI	books/vol06_algebraic_geometry/chapters/ch16_exact_sequences_sheaves/exercise_hints.tex	32	PEDAGOGY-ENRICHED-VI	ACTIVE_KEEP	scripts/volume06/audit_pedagogy.py;scripts/volume06/enrich_hints.py;scripts/volume07/audit_pedagogy.py;scripts/volume07/enrich_hints.py	% PEDAGOGY-ENRICHED-VI	keep; active tooling references this marker family
VI	books/vol06_algebraic_geometry/chapters/ch16_exact_sequences_sheaves/exercise_hints.tex	38	PEDAGOGY-ENRICHED-VI	ACTIVE_KEEP	scripts/volume06/audit_pedagogy.py;scripts/volume06/enrich_hints.py;scripts/volume07/audit_pedagogy.py;scripts/volume07/enrich_hints.py	% PEDAGOGY-ENRICHED-VI	keep; active tooling references this marker family
VI	books/vol06_algebraic_geometry/chapters/ch16_exact_sequences_sheaves/exercise_hints.tex	44	PEDAGOGY-ENRICHED-VI	ACTIVE_KEEP	scripts/volume06/audit_pedagogy.py;scripts/volume06/enrich_hints.py;scripts/volume07/audit_pedagogy.py;scripts/volume07/enrich_hints.py	% PEDAGOGY-ENRICHED-VI	keep; active tooling references this marker family
VI	books/vol06_algebraic_geometry/chapters/ch16_exact_sequences_sheaves/exercise_hints.tex	50	PEDAGOGY-ENRICHED-VI	ACTIVE_KEEP	scripts/volume06/audit_pedagogy.py;scripts/volume06/enrich_hints.py;scripts/volume07/audit_pedagogy.py;scripts/volume07/enrich_hints.py	% PEDAGOGY-ENRICHED-VI	keep; active tooling references this marker family
VI	books/vol06_algebraic_geometry/chapters/ch16_exact_sequences_sheaves/exercise_hints.tex	56	PEDAGOGY-ENRICHED-VI	ACTIVE_KEEP	scripts/volume06/audit_pedagogy.py;scripts/volume06/enrich_hints.py;scripts/volume07/audit_pedagogy.py;scripts/volume07/enrich_hints.py	% PEDAGOGY-ENRICHED-VI	keep; active tooling references this marker family
VI	books/vol06_algebraic_geometry/chapters/ch16_exact_sequences_sheaves/exercise_hints.tex	62	PEDAGOGY-ENRICHED-VI	ACTIVE_KEEP	scripts/volume06/audit_pedagogy.py;scripts/volume06/enrich_hints.py;scripts/volume07/audit_pedagogy.py;scripts/volume07/enrich_hints.py	% PEDAGOGY-ENRICHED-VI	keep; active tooling references this marker family
VI	books/vol06_algebraic_geometry/chapters/ch16_exact_sequences_sheaves/exercise_hints.tex	68	PEDAGOGY-ENRICHED-VI	ACTIVE_KEEP	scripts/volume06/audit_pedagogy.py;scripts/volume06/enrich_hints.py;scripts/volume07/audit_pedagogy.py;scripts/volume07/enrich_hints.py	% PEDAGOGY-ENRICHED-VI	keep; active tooling references this marker family
VI	books/vol06_algebraic_geometry/chapters/ch16_exact_sequences_sheaves/exercise_hints.tex	74	PEDAGOGY-ENRICHED-VI	ACTIVE_KEEP	scripts/volume06/audit_pedagogy.py;scripts/volume06/enrich_hints.py;scripts/volume07/audit_pedagogy.py;scripts/volume07/enrich_hints.py	% PEDAGOGY-ENRICHED-VI	keep; active tooling references this marker family
VI	books/vol06_algebraic_geometry/chapters/ch16_exact_sequences_sheaves/exercise_hints.tex	80	PEDAGOGY-ENRICHED-VI	ACTIVE_KEEP	scripts/volume06/audit_pedagogy.py;scripts/volume06/enrich_hints.py;scripts/volume07/audit_pedagogy.py;scripts/volume07/enrich_hints.py	% PEDAGOGY-ENRICHED-VI	keep; active tooling references this marker family
VI	books/vol06_algebraic_geometry/chapters/ch16_exact_sequences_sheaves/exercise_hints.tex	86	PEDAGOGY-ENRICHED-VI	ACTIVE_KEEP	scripts/volume06/audit_pedagogy.py;scripts/volume06/enrich_hints.py;scripts/volume07/audit_pedagogy.py;scripts/volume07/enrich_hints.py	% PEDAGOGY-ENRICHED-VI	keep; active tooling references this marker family
VI	books/vol06_algebraic_geometry/chapters/ch16_exact_sequences_sheaves/exercise_hints.tex	92	PEDAGOGY-ENRICHED-VI	ACTIVE_KEEP	scripts/volume06/audit_pedagogy.py;scripts/volume06/enrich_hints.py;scripts/volume07/audit_pedagogy.py;scripts/volume07/enrich_hints.py	% PEDAGOGY-ENRICHED-VI	keep; active tooling references this marker family
VI	books/vol06_algebraic_geometry/chapters/ch16_exact_sequences_sheaves/exercise_hints.tex	98	PEDAGOGY-ENRICHED-VI	ACTIVE_KEEP	scripts/volume06/audit_pedagogy.py;scripts/volume06/enrich_hints.py;scripts/volume07/audit_pedagogy.py;scripts/volume07/enrich_hints.py	% PEDAGOGY-ENRICHED-VI	keep; active tooling references this marker family
VI	books/vol06_algebraic_geometry/chapters/ch16_exact_sequences_sheaves/exercise_hints.tex	104	PEDAGOGY-ENRICHED-VI	ACTIVE_KEEP	scripts/volume06/audit_pedagogy.py;scripts/volume06/enrich_hints.py;scripts/volume07/audit_pedagogy.py;scripts/volume07/enrich_hints.py	% PEDAGOGY-ENRICHED-VI	keep; active tooling references this marker family
VI	books/vol06_algebraic_geometry/chapters/ch16_exact_sequences_sheaves/exercise_hints.tex	110	PEDAGOGY-ENRICHED-VI	ACTIVE_KEEP	scripts/volume06/audit_pedagogy.py;scripts/volume06/enrich_hints.py;scripts/volume07/audit_pedagogy.py;scripts/volume07/enrich_hints.py	% PEDAGOGY-ENRICHED-VI	keep; active tooling references this marker family
VI	books/vol06_algebraic_geometry/chapters/ch16_exact_sequences_sheaves/exercise_hints.tex	116	PEDAGOGY-ENRICHED-VI	ACTIVE_KEEP	scripts/volume06/audit_pedagogy.py;scripts/volume06/enrich_hints.py;scripts/volume07/audit_pedagogy.py;scripts/volume07/enrich_hints.py	% PEDAGOGY-ENRICHED-VI	keep; active tooling references this marker family
VI	books/vol06_algebraic_geometry/chapters/ch16_exact_sequences_sheaves/exercise_hints.tex	122	PEDAGOGY-ENRICHED-VI	ACTIVE_KEEP	scripts/volume06/audit_pedagogy.py;scripts/volume06/enrich_hints.py;scripts/volume07/audit_pedagogy.py;scripts/volume07/enrich_hints.py	% PEDAGOGY-ENRICHED-VI	keep; active tooling references this marker family
VI	books/vol06_algebraic_geometry/chapters/ch16_exact_sequences_sheaves/exercise_hints.tex	128	PEDAGOGY-ENRICHED-VI	ACTIVE_KEEP	scripts/volume06/audit_pedagogy.py;scripts/volume06/enrich_hints.py;scripts/volume07/audit_pedagogy.py;scripts/volume07/enrich_hints.py	% PEDAGOGY-ENRICHED-VI	keep; active tooling references this marker family
VI	books/vol06_algebraic_geometry/chapters/ch16_exact_sequences_sheaves/exercise_hints.tex	134	PEDAGOGY-ENRICHED-VI	ACTIVE_KEEP	scripts/volume06/audit_pedagogy.py;scripts/volume06/enrich_hints.py;scripts/volume07/audit_pedagogy.py;scripts/volume07/enrich_hints.py	% PEDAGOGY-ENRICHED-VI	keep; active tooling references this marker family
VI	books/vol06_algebraic_geometry/chapters/ch16_exact_sequences_sheaves/exercise_hints.tex	140	PEDAGOGY-ENRICHED-VI	ACTIVE_KEEP	scripts/volume06/audit_pedagogy.py;scripts/volume06/enrich_hints.py;scripts/volume07/audit_pedagogy.py;scripts/volume07/enrich_hints.py	% PEDAGOGY-ENRICHED-VI	keep; active tooling references this marker family
VI	books/vol06_algebraic_geometry/chapters/ch16_exact_sequences_sheaves/exercise_hints.tex	146	PEDAGOGY-ENRICHED-VI	ACTIVE_KEEP	scripts/volume06/audit_pedagogy.py;scripts/volume06/enrich_hints.py;scripts/volume07/audit_pedagogy.py;scripts/volume07/enrich_hints.py	% PEDAGOGY-ENRICHED-VI	keep; active tooling references this marker family
VI	books/vol06_algebraic_geometry/chapters/ch16_exact_sequences_sheaves/exercise_hints.tex	152	PEDAGOGY-ENRICHED-VI	ACTIVE_KEEP	scripts/volume06/audit_pedagogy.py;scripts/volume06/enrich_hints.py;scripts/volume07/audit_pedagogy.py;scripts/volume07/enrich_hints.py	% PEDAGOGY-ENRICHED-VI	keep; active tooling references this marker family
VI	books/vol06_algebraic_geometry/chapters/ch16_exact_sequences_sheaves/challenges/c01.tex	12	PEDAGOGY-ENRICHED-VI	ACTIVE_KEEP	scripts/volume06/audit_pedagogy.py;scripts/volume06/enrich_hints.py;scripts/volume07/audit_pedagogy.py;scripts/volume07/enrich_hints.py	% PEDAGOGY-ENRICHED-VI	keep; active tooling references this marker family
VI	books/vol06_algebraic_geometry/chapters/ch16_exact_sequences_sheaves/challenges/c02.tex	5	PEDAGOGY-ENRICHED-VI	ACTIVE_KEEP	scripts/volume06/audit_pedagogy.py;scripts/volume06/enrich_hints.py;scripts/volume07/audit_pedagogy.py;scripts/volume07/enrich_hints.py	% PEDAGOGY-ENRICHED-VI	keep; active tooling references this marker family
VI	books/vol06_algebraic_geometry/chapters/ch16_exact_sequences_sheaves/challenges/c03.tex	5	PEDAGOGY-ENRICHED-VI	ACTIVE_KEEP	scripts/volume06/audit_pedagogy.py;scripts/volume06/enrich_hints.py;scripts/volume07/audit_pedagogy.py;scripts/volume07/enrich_hints.py	% PEDAGOGY-ENRICHED-VI	keep; active tooling references this marker family
VI	books/vol06_algebraic_geometry/chapters/ch16_exact_sequences_sheaves/challenges/c04.tex	5	PEDAGOGY-ENRICHED-VI	ACTIVE_KEEP	scripts/volume06/audit_pedagogy.py;scripts/volume06/enrich_hints.py;scripts/volume07/audit_pedagogy.py;scripts/volume07/enrich_hints.py	% PEDAGOGY-ENRICHED-VI	keep; active tooling references this marker family
VI	books/vol06_algebraic_geometry/chapters/ch16_exact_sequences_sheaves/challenges/c05.tex	5	PEDAGOGY-ENRICHED-VI	ACTIVE_KEEP	scripts/volume06/audit_pedagogy.py;scripts/volume06/enrich_hints.py;scripts/volume07/audit_pedagogy.py;scripts/volume07/enrich_hints.py	% PEDAGOGY-ENRICHED-VI	keep; active tooling references this marker family
VI	books/vol06_algebraic_geometry/chapters/ch17_structure_sheaf/chapter.tex	119	VOL06-EXPANSION	ACTIVE_KEEP	scripts/volume06/audit_example_exercise_balance.py;scripts/volume06/audit_example_exercise_expansion.py;scripts/volume06/expansion_common.py	% BEGIN VOL06-EXPANSION VI17-example-01	keep; active tooling references this marker family
VI	books/vol06_algebraic_geometry/chapters/ch17_structure_sheaf/chapter.tex	123	VOL06-EXPANSION	ACTIVE_KEEP	scripts/volume06/audit_example_exercise_balance.py;scripts/volume06/audit_example_exercise_expansion.py;scripts/volume06/expansion_common.py	% END VOL06-EXPANSION VI17-example-01	keep; active tooling references this marker family
VI	books/vol06_algebraic_geometry/chapters/ch17_structure_sheaf/chapter.tex	190	VOL06-EXPANSION	ACTIVE_KEEP	scripts/volume06/audit_example_exercise_balance.py;scripts/volume06/audit_example_exercise_expansion.py;scripts/volume06/expansion_common.py	% BEGIN VOL06-EXPANSION VI17-example-02	keep; active tooling references this marker family
VI	books/vol06_algebraic_geometry/chapters/ch17_structure_sheaf/chapter.tex	194	VOL06-EXPANSION	ACTIVE_KEEP	scripts/volume06/audit_example_exercise_balance.py;scripts/volume06/audit_example_exercise_expansion.py;scripts/volume06/expansion_common.py	% END VOL06-EXPANSION VI17-example-02	keep; active tooling references this marker family
VI	books/vol06_algebraic_geometry/chapters/ch17_structure_sheaf/chapter.tex	274	VOL06-EXPANSION	ACTIVE_KEEP	scripts/volume06/audit_example_exercise_balance.py;scripts/volume06/audit_example_exercise_expansion.py;scripts/volume06/expansion_common.py	% BEGIN VOL06-EXPANSION VI17-example-03	keep; active tooling references this marker family
VI	books/vol06_algebraic_geometry/chapters/ch17_structure_sheaf/chapter.tex	278	VOL06-EXPANSION	ACTIVE_KEEP	scripts/volume06/audit_example_exercise_balance.py;scripts/volume06/audit_example_exercise_expansion.py;scripts/volume06/expansion_common.py	% END VOL06-EXPANSION VI17-example-03	keep; active tooling references this marker family
VI	books/vol06_algebraic_geometry/chapters/ch17_structure_sheaf/chapter.tex	377	VOL06-EXPANSION	ACTIVE_KEEP	scripts/volume06/audit_example_exercise_balance.py;scripts/volume06/audit_example_exercise_expansion.py;scripts/volume06/expansion_common.py	% BEGIN VOL06-EXPANSION VI17-exercises-01	keep; active tooling references this marker family
VI	books/vol06_algebraic_geometry/chapters/ch17_structure_sheaf/chapter.tex	551	VOL06-EXPANSION	ACTIVE_KEEP	scripts/volume06/audit_example_exercise_balance.py;scripts/volume06/audit_example_exercise_expansion.py;scripts/volume06/expansion_common.py	% END VOL06-EXPANSION VI17-exercises-01	keep; active tooling references this marker family
VI	books/vol06_algebraic_geometry/chapters/ch17_structure_sheaf/exercise_hints.tex	2	PEDAGOGY-ENRICHED-VI	ACTIVE_KEEP	scripts/volume06/audit_pedagogy.py;scripts/volume06/enrich_hints.py;scripts/volume07/audit_pedagogy.py;scripts/volume07/enrich_hints.py	% PEDAGOGY-ENRICHED-VI	keep; active tooling references this marker family
VI	books/vol06_algebraic_geometry/chapters/ch17_structure_sheaf/exercise_hints.tex	8	PEDAGOGY-ENRICHED-VI	ACTIVE_KEEP	scripts/volume06/audit_pedagogy.py;scripts/volume06/enrich_hints.py;scripts/volume07/audit_pedagogy.py;scripts/volume07/enrich_hints.py	% PEDAGOGY-ENRICHED-VI	keep; active tooling references this marker family
VI	books/vol06_algebraic_geometry/chapters/ch17_structure_sheaf/exercise_hints.tex	14	PEDAGOGY-ENRICHED-VI	ACTIVE_KEEP	scripts/volume06/audit_pedagogy.py;scripts/volume06/enrich_hints.py;scripts/volume07/audit_pedagogy.py;scripts/volume07/enrich_hints.py	% PEDAGOGY-ENRICHED-VI	keep; active tooling references this marker family
VI	books/vol06_algebraic_geometry/chapters/ch17_structure_sheaf/exercise_hints.tex	20	PEDAGOGY-ENRICHED-VI	ACTIVE_KEEP	scripts/volume06/audit_pedagogy.py;scripts/volume06/enrich_hints.py;scripts/volume07/audit_pedagogy.py;scripts/volume07/enrich_hints.py	% PEDAGOGY-ENRICHED-VI	keep; active tooling references this marker family
VI	books/vol06_algebraic_geometry/chapters/ch17_structure_sheaf/exercise_hints.tex	26	PEDAGOGY-ENRICHED-VI	ACTIVE_KEEP	scripts/volume06/audit_pedagogy.py;scripts/volume06/enrich_hints.py;scripts/volume07/audit_pedagogy.py;scripts/volume07/enrich_hints.py	% PEDAGOGY-ENRICHED-VI	keep; active tooling references this marker family
VI	books/vol06_algebraic_geometry/chapters/ch17_structure_sheaf/exercise_hints.tex	32	PEDAGOGY-ENRICHED-VI	ACTIVE_KEEP	scripts/volume06/audit_pedagogy.py;scripts/volume06/enrich_hints.py;scripts/volume07/audit_pedagogy.py;scripts/volume07/enrich_hints.py	% PEDAGOGY-ENRICHED-VI	keep; active tooling references this marker family
VI	books/vol06_algebraic_geometry/chapters/ch17_structure_sheaf/exercise_hints.tex	38	PEDAGOGY-ENRICHED-VI	ACTIVE_KEEP	scripts/volume06/audit_pedagogy.py;scripts/volume06/enrich_hints.py;scripts/volume07/audit_pedagogy.py;scripts/volume07/enrich_hints.py	% PEDAGOGY-ENRICHED-VI	keep; active tooling references this marker family
VI	books/vol06_algebraic_geometry/chapters/ch17_structure_sheaf/exercise_hints.tex	44	PEDAGOGY-ENRICHED-VI	ACTIVE_KEEP	scripts/volume06/audit_pedagogy.py;scripts/volume06/enrich_hints.py;scripts/volume07/audit_pedagogy.py;scripts/volume07/enrich_hints.py	% PEDAGOGY-ENRICHED-VI	keep; active tooling references this marker family
VI	books/vol06_algebraic_geometry/chapters/ch17_structure_sheaf/exercise_hints.tex	50	PEDAGOGY-ENRICHED-VI	ACTIVE_KEEP	scripts/volume06/audit_pedagogy.py;scripts/volume06/enrich_hints.py;scripts/volume07/audit_pedagogy.py;scripts/volume07/enrich_hints.py	% PEDAGOGY-ENRICHED-VI	keep; active tooling references this marker family
VI	books/vol06_algebraic_geometry/chapters/ch17_structure_sheaf/exercise_hints.tex	56	PEDAGOGY-ENRICHED-VI	ACTIVE_KEEP	scripts/volume06/audit_pedagogy.py;scripts/volume06/enrich_hints.py;scripts/volume07/audit_pedagogy.py;scripts/volume07/enrich_hints.py	% PEDAGOGY-ENRICHED-VI	keep; active tooling references this marker family
VI	books/vol06_algebraic_geometry/chapters/ch17_structure_sheaf/exercise_hints.tex	62	PEDAGOGY-ENRICHED-VI	ACTIVE_KEEP	scripts/volume06/audit_pedagogy.py;scripts/volume06/enrich_hints.py;scripts/volume07/audit_pedagogy.py;scripts/volume07/enrich_hints.py	% PEDAGOGY-ENRICHED-VI	keep; active tooling references this marker family
VI	books/vol06_algebraic_geometry/chapters/ch17_structure_sheaf/exercise_hints.tex	68	PEDAGOGY-ENRICHED-VI	ACTIVE_KEEP	scripts/volume06/audit_pedagogy.py;scripts/volume06/enrich_hints.py;scripts/volume07/audit_pedagogy.py;scripts/volume07/enrich_hints.py	% PEDAGOGY-ENRICHED-VI	keep; active tooling references this marker family
VI	books/vol06_algebraic_geometry/chapters/ch17_structure_sheaf/exercise_hints.tex	74	PEDAGOGY-ENRICHED-VI	ACTIVE_KEEP	scripts/volume06/audit_pedagogy.py;scripts/volume06/enrich_hints.py;scripts/volume07/audit_pedagogy.py;scripts/volume07/enrich_hints.py	% PEDAGOGY-ENRICHED-VI	keep; active tooling references this marker family
VI	books/vol06_algebraic_geometry/chapters/ch17_structure_sheaf/exercise_hints.tex	80	PEDAGOGY-ENRICHED-VI	ACTIVE_KEEP	scripts/volume06/audit_pedagogy.py;scripts/volume06/enrich_hints.py;scripts/volume07/audit_pedagogy.py;scripts/volume07/enrich_hints.py	% PEDAGOGY-ENRICHED-VI	keep; active tooling references this marker family
VI	books/vol06_algebraic_geometry/chapters/ch17_structure_sheaf/exercise_hints.tex	86	PEDAGOGY-ENRICHED-VI	ACTIVE_KEEP	scripts/volume06/audit_pedagogy.py;scripts/volume06/enrich_hints.py;scripts/volume07/audit_pedagogy.py;scripts/volume07/enrich_hints.py	% PEDAGOGY-ENRICHED-VI	keep; active tooling references this marker family
VI	books/vol06_algebraic_geometry/chapters/ch17_structure_sheaf/exercise_hints.tex	92	PEDAGOGY-ENRICHED-VI	ACTIVE_KEEP	scripts/volume06/audit_pedagogy.py;scripts/volume06/enrich_hints.py;scripts/volume07/audit_pedagogy.py;scripts/volume07/enrich_hints.py	% PEDAGOGY-ENRICHED-VI	keep; active tooling references this marker family
VI	books/vol06_algebraic_geometry/chapters/ch17_structure_sheaf/exercise_hints.tex	98	PEDAGOGY-ENRICHED-VI	ACTIVE_KEEP	scripts/volume06/audit_pedagogy.py;scripts/volume06/enrich_hints.py;scripts/volume07/audit_pedagogy.py;scripts/volume07/enrich_hints.py	% PEDAGOGY-ENRICHED-VI	keep; active tooling references this marker family
VI	books/vol06_algebraic_geometry/chapters/ch17_structure_sheaf/exercise_hints.tex	104	PEDAGOGY-ENRICHED-VI	ACTIVE_KEEP	scripts/volume06/audit_pedagogy.py;scripts/volume06/enrich_hints.py;scripts/volume07/audit_pedagogy.py;scripts/volume07/enrich_hints.py	% PEDAGOGY-ENRICHED-VI	keep; active tooling references this marker family
VI	books/vol06_algebraic_geometry/chapters/ch17_structure_sheaf/exercise_hints.tex	110	PEDAGOGY-ENRICHED-VI	ACTIVE_KEEP	scripts/volume06/audit_pedagogy.py;scripts/volume06/enrich_hints.py;scripts/volume07/audit_pedagogy.py;scripts/volume07/enrich_hints.py	% PEDAGOGY-ENRICHED-VI	keep; active tooling references this marker family
VI	books/vol06_algebraic_geometry/chapters/ch17_structure_sheaf/exercise_hints.tex	116	PEDAGOGY-ENRICHED-VI	ACTIVE_KEEP	scripts/volume06/audit_pedagogy.py;scripts/volume06/enrich_hints.py;scripts/volume07/audit_pedagogy.py;scripts/volume07/enrich_hints.py	% PEDAGOGY-ENRICHED-VI	keep; active tooling references this marker family
VI	books/vol06_algebraic_geometry/chapters/ch17_structure_sheaf/exercise_hints.tex	122	PEDAGOGY-ENRICHED-VI	ACTIVE_KEEP	scripts/volume06/audit_pedagogy.py;scripts/volume06/enrich_hints.py;scripts/volume07/audit_pedagogy.py;scripts/volume07/enrich_hints.py	% PEDAGOGY-ENRICHED-VI	keep; active tooling references this marker family
VI	books/vol06_algebraic_geometry/chapters/ch17_structure_sheaf/exercise_hints.tex	128	PEDAGOGY-ENRICHED-VI	ACTIVE_KEEP	scripts/volume06/audit_pedagogy.py;scripts/volume06/enrich_hints.py;scripts/volume07/audit_pedagogy.py;scripts/volume07/enrich_hints.py	% PEDAGOGY-ENRICHED-VI	keep; active tooling references this marker family
VI	books/vol06_algebraic_geometry/chapters/ch17_structure_sheaf/exercise_hints.tex	134	PEDAGOGY-ENRICHED-VI	ACTIVE_KEEP	scripts/volume06/audit_pedagogy.py;scripts/volume06/enrich_hints.py;scripts/volume07/audit_pedagogy.py;scripts/volume07/enrich_hints.py	% PEDAGOGY-ENRICHED-VI	keep; active tooling references this marker family
VI	books/vol06_algebraic_geometry/chapters/ch17_structure_sheaf/exercise_hints.tex	140	PEDAGOGY-ENRICHED-VI	ACTIVE_KEEP	scripts/volume06/audit_pedagogy.py;scripts/volume06/enrich_hints.py;scripts/volume07/audit_pedagogy.py;scripts/volume07/enrich_hints.py	% PEDAGOGY-ENRICHED-VI	keep; active tooling references this marker family
VI	books/vol06_algebraic_geometry/chapters/ch17_structure_sheaf/exercise_hints.tex	146	PEDAGOGY-ENRICHED-VI	ACTIVE_KEEP	scripts/volume06/audit_pedagogy.py;scripts/volume06/enrich_hints.py;scripts/volume07/audit_pedagogy.py;scripts/volume07/enrich_hints.py	% PEDAGOGY-ENRICHED-VI	keep; active tooling references this marker family
VI	books/vol06_algebraic_geometry/chapters/ch17_structure_sheaf/exercise_hints.tex	152	PEDAGOGY-ENRICHED-VI	ACTIVE_KEEP	scripts/volume06/audit_pedagogy.py;scripts/volume06/enrich_hints.py;scripts/volume07/audit_pedagogy.py;scripts/volume07/enrich_hints.py	% PEDAGOGY-ENRICHED-VI	keep; active tooling references this marker family
VI	books/vol06_algebraic_geometry/chapters/ch18_affine_schemes/chapter.tex	116	VOL06-EXPANSION	ACTIVE_KEEP	scripts/volume06/audit_example_exercise_balance.py;scripts/volume06/audit_example_exercise_expansion.py;scripts/volume06/expansion_common.py	% BEGIN VOL06-EXPANSION VI18-example-01	keep; active tooling references this marker family
VI	books/vol06_algebraic_geometry/chapters/ch18_affine_schemes/chapter.tex	120	VOL06-EXPANSION	ACTIVE_KEEP	scripts/volume06/audit_example_exercise_balance.py;scripts/volume06/audit_example_exercise_expansion.py;scripts/volume06/expansion_common.py	% END VOL06-EXPANSION VI18-example-01	keep; active tooling references this marker family
VI	books/vol06_algebraic_geometry/chapters/ch18_affine_schemes/chapter.tex	212	VOL06-EXPANSION	ACTIVE_KEEP	scripts/volume06/audit_example_exercise_balance.py;scripts/volume06/audit_example_exercise_expansion.py;scripts/volume06/expansion_common.py	% BEGIN VOL06-EXPANSION VI18-example-02	keep; active tooling references this marker family
VI	books/vol06_algebraic_geometry/chapters/ch18_affine_schemes/chapter.tex	216	VOL06-EXPANSION	ACTIVE_KEEP	scripts/volume06/audit_example_exercise_balance.py;scripts/volume06/audit_example_exercise_expansion.py;scripts/volume06/expansion_common.py	% END VOL06-EXPANSION VI18-example-02	keep; active tooling references this marker family
VI	books/vol06_algebraic_geometry/chapters/ch18_affine_schemes/chapter.tex	250	VOL06-EXPANSION	ACTIVE_KEEP	scripts/volume06/audit_example_exercise_balance.py;scripts/volume06/audit_example_exercise_expansion.py;scripts/volume06/expansion_common.py	% BEGIN VOL06-EXPANSION VI18-example-03	keep; active tooling references this marker family
VI	books/vol06_algebraic_geometry/chapters/ch18_affine_schemes/chapter.tex	254	VOL06-EXPANSION	ACTIVE_KEEP	scripts/volume06/audit_example_exercise_balance.py;scripts/volume06/audit_example_exercise_expansion.py;scripts/volume06/expansion_common.py	% END VOL06-EXPANSION VI18-example-03	keep; active tooling references this marker family
VI	books/vol06_algebraic_geometry/chapters/ch18_affine_schemes/chapter.tex	384	VOL06-EXPANSION	ACTIVE_KEEP	scripts/volume06/audit_example_exercise_balance.py;scripts/volume06/audit_example_exercise_expansion.py;scripts/volume06/expansion_common.py	% BEGIN VOL06-EXPANSION VI18-exercises-01	keep; active tooling references this marker family
VI	books/vol06_algebraic_geometry/chapters/ch18_affine_schemes/chapter.tex	558	VOL06-EXPANSION	ACTIVE_KEEP	scripts/volume06/audit_example_exercise_balance.py;scripts/volume06/audit_example_exercise_expansion.py;scripts/volume06/expansion_common.py	% END VOL06-EXPANSION VI18-exercises-01	keep; active tooling references this marker family
VI	books/vol06_algebraic_geometry/chapters/ch19_morphisms_affine_schemes/chapter.tex	2	Status: DRAFTED	ACTIVE_KEEP	books/vol01_linear_algebra/freeze/freeze_volume01.py;books/vol01_linear_algebra/reconciliation/reconcile_volume01.py;books/vol08_algebraic_topology/freeze/AUDIT_VOLUME08_FREEZE.py;build/vol03-review/finalize_evidence.py;reports/vol03/VOL03_REMAINING_MATH_REPAIRS.json;reports/vol03/verify_review.py;scripts/series/audit_i_viii.py;scripts/series/generate_navigation.py;scripts/series/generate_release_dashboard.py;scripts/volume01/add_volume01_dossiers.py;scripts/volume01/generate_volume01_chapters.py;scripts/volume02/audit_full_volume02.py;scripts/volume02/audit_i01_i07.py;scripts/volume02/audit_i08_i12.py;scripts/volume02/common_volume02.py;scripts/volume02/generate_i01_i07.py;scripts/volume03/audit_full_volume03.py;scripts/volume03/audit_volume03_stage.py;scripts/volume03/common_volume03.py;scripts/volume04/audit_full_volume04.py;scripts/volume04/audit_volume04_stage.py;scripts/volume04/common_volume04.py;scripts/volume05/audit_full_volume05.py;scripts/volume05/audit_volume05_stage.py;scripts/volume05/common_volume05.py	% Status: DRAFTED (corpus/ledger audited)	keep; active tooling references this marker family
VI	books/vol06_algebraic_geometry/chapters/ch19_morphisms_affine_schemes/chapter.tex	136	VOL06-EXPANSION	ACTIVE_KEEP	scripts/volume06/audit_example_exercise_balance.py;scripts/volume06/audit_example_exercise_expansion.py;scripts/volume06/expansion_common.py	% BEGIN VOL06-EXPANSION VI19-example-01	keep; active tooling references this marker family
VI	books/vol06_algebraic_geometry/chapters/ch19_morphisms_affine_schemes/chapter.tex	140	VOL06-EXPANSION	ACTIVE_KEEP	scripts/volume06/audit_example_exercise_balance.py;scripts/volume06/audit_example_exercise_expansion.py;scripts/volume06/expansion_common.py	% END VOL06-EXPANSION VI19-example-01	keep; active tooling references this marker family
VI	books/vol06_algebraic_geometry/chapters/ch19_morphisms_affine_schemes/chapter.tex	190	VOL06-EXPANSION	ACTIVE_KEEP	scripts/volume06/audit_example_exercise_balance.py;scripts/volume06/audit_example_exercise_expansion.py;scripts/volume06/expansion_common.py	% BEGIN VOL06-EXPANSION VI19-example-02	keep; active tooling references this marker family
VI	books/vol06_algebraic_geometry/chapters/ch19_morphisms_affine_schemes/chapter.tex	194	VOL06-EXPANSION	ACTIVE_KEEP	scripts/volume06/audit_example_exercise_balance.py;scripts/volume06/audit_example_exercise_expansion.py;scripts/volume06/expansion_common.py	% END VOL06-EXPANSION VI19-example-02	keep; active tooling references this marker family
VI	books/vol06_algebraic_geometry/chapters/ch19_morphisms_affine_schemes/chapter.tex	294	VOL06-EXPANSION	ACTIVE_KEEP	scripts/volume06/audit_example_exercise_balance.py;scripts/volume06/audit_example_exercise_expansion.py;scripts/volume06/expansion_common.py	% BEGIN VOL06-EXPANSION VI19-example-03	keep; active tooling references this marker family
VI	books/vol06_algebraic_geometry/chapters/ch19_morphisms_affine_schemes/chapter.tex	298	VOL06-EXPANSION	ACTIVE_KEEP	scripts/volume06/audit_example_exercise_balance.py;scripts/volume06/audit_example_exercise_expansion.py;scripts/volume06/expansion_common.py	% END VOL06-EXPANSION VI19-example-03	keep; active tooling references this marker family
VI	books/vol06_algebraic_geometry/chapters/ch19_morphisms_affine_schemes/chapter.tex	419	VOL06-EXPANSION	ACTIVE_KEEP	scripts/volume06/audit_example_exercise_balance.py;scripts/volume06/audit_example_exercise_expansion.py;scripts/volume06/expansion_common.py	% BEGIN VOL06-EXPANSION VI19-exercises-01	keep; active tooling references this marker family
VI	books/vol06_algebraic_geometry/chapters/ch19_morphisms_affine_schemes/chapter.tex	593	VOL06-EXPANSION	ACTIVE_KEEP	scripts/volume06/audit_example_exercise_balance.py;scripts/volume06/audit_example_exercise_expansion.py;scripts/volume06/expansion_common.py	% END VOL06-EXPANSION VI19-exercises-01	keep; active tooling references this marker family
VI	books/vol06_algebraic_geometry/chapters/ch20_gluing_affine_schemes/chapter.tex	2	Status: DRAFTED	ACTIVE_KEEP	books/vol01_linear_algebra/freeze/freeze_volume01.py;books/vol01_linear_algebra/reconciliation/reconcile_volume01.py;books/vol08_algebraic_topology/freeze/AUDIT_VOLUME08_FREEZE.py;build/vol03-review/finalize_evidence.py;reports/vol03/VOL03_REMAINING_MATH_REPAIRS.json;reports/vol03/verify_review.py;scripts/series/audit_i_viii.py;scripts/series/generate_navigation.py;scripts/series/generate_release_dashboard.py;scripts/volume01/add_volume01_dossiers.py;scripts/volume01/generate_volume01_chapters.py;scripts/volume02/audit_full_volume02.py;scripts/volume02/audit_i01_i07.py;scripts/volume02/audit_i08_i12.py;scripts/volume02/common_volume02.py;scripts/volume02/generate_i01_i07.py;scripts/volume03/audit_full_volume03.py;scripts/volume03/audit_volume03_stage.py;scripts/volume03/common_volume03.py;scripts/volume04/audit_full_volume04.py;scripts/volume04/audit_volume04_stage.py;scripts/volume04/common_volume04.py;scripts/volume05/audit_full_volume05.py;scripts/volume05/audit_volume05_stage.py;scripts/volume05/common_volume05.py	% Status: DRAFTED (corpus/ledger audited)	keep; active tooling references this marker family
VI	books/vol06_algebraic_geometry/chapters/ch20_gluing_affine_schemes/chapter.tex	112	VOL06-EXPANSION	ACTIVE_KEEP	scripts/volume06/audit_example_exercise_balance.py;scripts/volume06/audit_example_exercise_expansion.py;scripts/volume06/expansion_common.py	% BEGIN VOL06-EXPANSION VI20-example-01	keep; active tooling references this marker family
VI	books/vol06_algebraic_geometry/chapters/ch20_gluing_affine_schemes/chapter.tex	116	VOL06-EXPANSION	ACTIVE_KEEP	scripts/volume06/audit_example_exercise_balance.py;scripts/volume06/audit_example_exercise_expansion.py;scripts/volume06/expansion_common.py	% END VOL06-EXPANSION VI20-example-01	keep; active tooling references this marker family
VI	books/vol06_algebraic_geometry/chapters/ch20_gluing_affine_schemes/chapter.tex	164	VOL06-EXPANSION	ACTIVE_KEEP	scripts/volume06/audit_example_exercise_balance.py;scripts/volume06/audit_example_exercise_expansion.py;scripts/volume06/expansion_common.py	% BEGIN VOL06-EXPANSION VI20-example-02	keep; active tooling references this marker family
VI	books/vol06_algebraic_geometry/chapters/ch20_gluing_affine_schemes/chapter.tex	168	VOL06-EXPANSION	ACTIVE_KEEP	scripts/volume06/audit_example_exercise_balance.py;scripts/volume06/audit_example_exercise_expansion.py;scripts/volume06/expansion_common.py	% END VOL06-EXPANSION VI20-example-02	keep; active tooling references this marker family
VI	books/vol06_algebraic_geometry/chapters/ch20_gluing_affine_schemes/chapter.tex	224	VOL06-EXPANSION	ACTIVE_KEEP	scripts/volume06/audit_example_exercise_balance.py;scripts/volume06/audit_example_exercise_expansion.py;scripts/volume06/expansion_common.py	% BEGIN VOL06-EXPANSION VI20-example-03	keep; active tooling references this marker family
VI	books/vol06_algebraic_geometry/chapters/ch20_gluing_affine_schemes/chapter.tex	228	VOL06-EXPANSION	ACTIVE_KEEP	scripts/volume06/audit_example_exercise_balance.py;scripts/volume06/audit_example_exercise_expansion.py;scripts/volume06/expansion_common.py	% END VOL06-EXPANSION VI20-example-03	keep; active tooling references this marker family
VI	books/vol06_algebraic_geometry/chapters/ch20_gluing_affine_schemes/chapter.tex	301	VOL06-EXPANSION	ACTIVE_KEEP	scripts/volume06/audit_example_exercise_balance.py;scripts/volume06/audit_example_exercise_expansion.py;scripts/volume06/expansion_common.py	% BEGIN VOL06-EXPANSION VI20-exercises-01	keep; active tooling references this marker family
VI	books/vol06_algebraic_geometry/chapters/ch20_gluing_affine_schemes/chapter.tex	475	VOL06-EXPANSION	ACTIVE_KEEP	scripts/volume06/audit_example_exercise_balance.py;scripts/volume06/audit_example_exercise_expansion.py;scripts/volume06/expansion_common.py	% END VOL06-EXPANSION VI20-exercises-01	keep; active tooling references this marker family
VI	books/vol06_algebraic_geometry/chapters/ch21_schemes_and_points/chapter.tex	57	VOL06-EXPANSION	ACTIVE_KEEP	scripts/volume06/audit_example_exercise_balance.py;scripts/volume06/audit_example_exercise_expansion.py;scripts/volume06/expansion_common.py	% BEGIN VOL06-EXPANSION VI21-example-01	keep; active tooling references this marker family
VI	books/vol06_algebraic_geometry/chapters/ch21_schemes_and_points/chapter.tex	61	VOL06-EXPANSION	ACTIVE_KEEP	scripts/volume06/audit_example_exercise_balance.py;scripts/volume06/audit_example_exercise_expansion.py;scripts/volume06/expansion_common.py	% END VOL06-EXPANSION VI21-example-01	keep; active tooling references this marker family
VI	books/vol06_algebraic_geometry/chapters/ch21_schemes_and_points/chapter.tex	126	VOL06-EXPANSION	ACTIVE_KEEP	scripts/volume06/audit_example_exercise_balance.py;scripts/volume06/audit_example_exercise_expansion.py;scripts/volume06/expansion_common.py	% BEGIN VOL06-EXPANSION VI21-example-02	keep; active tooling references this marker family
VI	books/vol06_algebraic_geometry/chapters/ch21_schemes_and_points/chapter.tex	130	VOL06-EXPANSION	ACTIVE_KEEP	scripts/volume06/audit_example_exercise_balance.py;scripts/volume06/audit_example_exercise_expansion.py;scripts/volume06/expansion_common.py	% END VOL06-EXPANSION VI21-example-02	keep; active tooling references this marker family
VI	books/vol06_algebraic_geometry/chapters/ch21_schemes_and_points/chapter.tex	187	VOL06-EXPANSION	ACTIVE_KEEP	scripts/volume06/audit_example_exercise_balance.py;scripts/volume06/audit_example_exercise_expansion.py;scripts/volume06/expansion_common.py	% BEGIN VOL06-EXPANSION VI21-example-03	keep; active tooling references this marker family
VI	books/vol06_algebraic_geometry/chapters/ch21_schemes_and_points/chapter.tex	191	VOL06-EXPANSION	ACTIVE_KEEP	scripts/volume06/audit_example_exercise_balance.py;scripts/volume06/audit_example_exercise_expansion.py;scripts/volume06/expansion_common.py	% END VOL06-EXPANSION VI21-example-03	keep; active tooling references this marker family
VI	books/vol06_algebraic_geometry/chapters/ch21_schemes_and_points/chapter.tex	275	VOL06-EXPANSION	ACTIVE_KEEP	scripts/volume06/audit_example_exercise_balance.py;scripts/volume06/audit_example_exercise_expansion.py;scripts/volume06/expansion_common.py	% BEGIN VOL06-EXPANSION VI21-exercises-01	keep; active tooling references this marker family
VI	books/vol06_algebraic_geometry/chapters/ch21_schemes_and_points/chapter.tex	449	VOL06-EXPANSION	ACTIVE_KEEP	scripts/volume06/audit_example_exercise_balance.py;scripts/volume06/audit_example_exercise_expansion.py;scripts/volume06/expansion_common.py	% END VOL06-EXPANSION VI21-exercises-01	keep; active tooling references this marker family
VI	books/vol06_algebraic_geometry/chapters/ch22_open_closed_subschemes/chapter.tex	43	VOL06-EXPANSION	ACTIVE_KEEP	scripts/volume06/audit_example_exercise_balance.py;scripts/volume06/audit_example_exercise_expansion.py;scripts/volume06/expansion_common.py	% BEGIN VOL06-EXPANSION VI22-example-01	keep; active tooling references this marker family
VI	books/vol06_algebraic_geometry/chapters/ch22_open_closed_subschemes/chapter.tex	47	VOL06-EXPANSION	ACTIVE_KEEP	scripts/volume06/audit_example_exercise_balance.py;scripts/volume06/audit_example_exercise_expansion.py;scripts/volume06/expansion_common.py	% END VOL06-EXPANSION VI22-example-01	keep; active tooling references this marker family
VI	books/vol06_algebraic_geometry/chapters/ch22_open_closed_subschemes/chapter.tex	111	VOL06-EXPANSION	ACTIVE_KEEP	scripts/volume06/audit_example_exercise_balance.py;scripts/volume06/audit_example_exercise_expansion.py;scripts/volume06/expansion_common.py	% BEGIN VOL06-EXPANSION VI22-example-02	keep; active tooling references this marker family
VI	books/vol06_algebraic_geometry/chapters/ch22_open_closed_subschemes/chapter.tex	115	VOL06-EXPANSION	ACTIVE_KEEP	scripts/volume06/audit_example_exercise_balance.py;scripts/volume06/audit_example_exercise_expansion.py;scripts/volume06/expansion_common.py	% END VOL06-EXPANSION VI22-example-02	keep; active tooling references this marker family
VI	books/vol06_algebraic_geometry/chapters/ch22_open_closed_subschemes/chapter.tex	159	VOL06-EXPANSION	ACTIVE_KEEP	scripts/volume06/audit_example_exercise_balance.py;scripts/volume06/audit_example_exercise_expansion.py;scripts/volume06/expansion_common.py	% BEGIN VOL06-EXPANSION VI22-example-03	keep; active tooling references this marker family
VI	books/vol06_algebraic_geometry/chapters/ch22_open_closed_subschemes/chapter.tex	163	VOL06-EXPANSION	ACTIVE_KEEP	scripts/volume06/audit_example_exercise_balance.py;scripts/volume06/audit_example_exercise_expansion.py;scripts/volume06/expansion_common.py	% END VOL06-EXPANSION VI22-example-03	keep; active tooling references this marker family
VI	books/vol06_algebraic_geometry/chapters/ch22_open_closed_subschemes/chapter.tex	241	VOL06-EXPANSION	ACTIVE_KEEP	scripts/volume06/audit_example_exercise_balance.py;scripts/volume06/audit_example_exercise_expansion.py;scripts/volume06/expansion_common.py	% BEGIN VOL06-EXPANSION VI22-exercises-01	keep; active tooling references this marker family
VI	books/vol06_algebraic_geometry/chapters/ch22_open_closed_subschemes/chapter.tex	415	VOL06-EXPANSION	ACTIVE_KEEP	scripts/volume06/audit_example_exercise_balance.py;scripts/volume06/audit_example_exercise_expansion.py;scripts/volume06/expansion_common.py	% END VOL06-EXPANSION VI22-exercises-01	keep; active tooling references this marker family
VI	books/vol06_algebraic_geometry/chapters/ch23_fiber_products/chapter.tex	76	VOL06-EXPANSION	ACTIVE_KEEP	scripts/volume06/audit_example_exercise_balance.py;scripts/volume06/audit_example_exercise_expansion.py;scripts/volume06/expansion_common.py	% BEGIN VOL06-EXPANSION VI23-example-01	keep; active tooling references this marker family
VI	books/vol06_algebraic_geometry/chapters/ch23_fiber_products/chapter.tex	80	VOL06-EXPANSION	ACTIVE_KEEP	scripts/volume06/audit_example_exercise_balance.py;scripts/volume06/audit_example_exercise_expansion.py;scripts/volume06/expansion_common.py	% END VOL06-EXPANSION VI23-example-01	keep; active tooling references this marker family
VI	books/vol06_algebraic_geometry/chapters/ch23_fiber_products/chapter.tex	126	VOL06-EXPANSION	ACTIVE_KEEP	scripts/volume06/audit_example_exercise_balance.py;scripts/volume06/audit_example_exercise_expansion.py;scripts/volume06/expansion_common.py	% BEGIN VOL06-EXPANSION VI23-example-02	keep; active tooling references this marker family
VI	books/vol06_algebraic_geometry/chapters/ch23_fiber_products/chapter.tex	130	VOL06-EXPANSION	ACTIVE_KEEP	scripts/volume06/audit_example_exercise_balance.py;scripts/volume06/audit_example_exercise_expansion.py;scripts/volume06/expansion_common.py	% END VOL06-EXPANSION VI23-example-02	keep; active tooling references this marker family
VI	books/vol06_algebraic_geometry/chapters/ch23_fiber_products/chapter.tex	179	VOL06-EXPANSION	ACTIVE_KEEP	scripts/volume06/audit_example_exercise_balance.py;scripts/volume06/audit_example_exercise_expansion.py;scripts/volume06/expansion_common.py	% BEGIN VOL06-EXPANSION VI23-example-03	keep; active tooling references this marker family
VI	books/vol06_algebraic_geometry/chapters/ch23_fiber_products/chapter.tex	183	VOL06-EXPANSION	ACTIVE_KEEP	scripts/volume06/audit_example_exercise_balance.py;scripts/volume06/audit_example_exercise_expansion.py;scripts/volume06/expansion_common.py	% END VOL06-EXPANSION VI23-example-03	keep; active tooling references this marker family
VI	books/vol06_algebraic_geometry/chapters/ch23_fiber_products/chapter.tex	282	VOL06-EXPANSION	ACTIVE_KEEP	scripts/volume06/audit_example_exercise_balance.py;scripts/volume06/audit_example_exercise_expansion.py;scripts/volume06/expansion_common.py	% BEGIN VOL06-EXPANSION VI23-exercises-01	keep; active tooling references this marker family
VI	books/vol06_algebraic_geometry/chapters/ch23_fiber_products/chapter.tex	456	VOL06-EXPANSION	ACTIVE_KEEP	scripts/volume06/audit_example_exercise_balance.py;scripts/volume06/audit_example_exercise_expansion.py;scripts/volume06/expansion_common.py	% END VOL06-EXPANSION VI23-exercises-01	keep; active tooling references this marker family
VI	books/vol06_algebraic_geometry/chapters/ch24_base_change/chapter.tex	76	VOL06-EXPANSION	ACTIVE_KEEP	scripts/volume06/audit_example_exercise_balance.py;scripts/volume06/audit_example_exercise_expansion.py;scripts/volume06/expansion_common.py	% BEGIN VOL06-EXPANSION VI24-example-01	keep; active tooling references this marker family
VI	books/vol06_algebraic_geometry/chapters/ch24_base_change/chapter.tex	80	VOL06-EXPANSION	ACTIVE_KEEP	scripts/volume06/audit_example_exercise_balance.py;scripts/volume06/audit_example_exercise_expansion.py;scripts/volume06/expansion_common.py	% END VOL06-EXPANSION VI24-example-01	keep; active tooling references this marker family
VI	books/vol06_algebraic_geometry/chapters/ch24_base_change/chapter.tex	121	VOL06-EXPANSION	ACTIVE_KEEP	scripts/volume06/audit_example_exercise_balance.py;scripts/volume06/audit_example_exercise_expansion.py;scripts/volume06/expansion_common.py	% BEGIN VOL06-EXPANSION VI24-example-02	keep; active tooling references this marker family
VI	books/vol06_algebraic_geometry/chapters/ch24_base_change/chapter.tex	125	VOL06-EXPANSION	ACTIVE_KEEP	scripts/volume06/audit_example_exercise_balance.py;scripts/volume06/audit_example_exercise_expansion.py;scripts/volume06/expansion_common.py	% END VOL06-EXPANSION VI24-example-02	keep; active tooling references this marker family
VI	books/vol06_algebraic_geometry/chapters/ch24_base_change/chapter.tex	166	VOL06-EXPANSION	ACTIVE_KEEP	scripts/volume06/audit_example_exercise_balance.py;scripts/volume06/audit_example_exercise_expansion.py;scripts/volume06/expansion_common.py	% BEGIN VOL06-EXPANSION VI24-example-03	keep; active tooling references this marker family
VI	books/vol06_algebraic_geometry/chapters/ch24_base_change/chapter.tex	170	VOL06-EXPANSION	ACTIVE_KEEP	scripts/volume06/audit_example_exercise_balance.py;scripts/volume06/audit_example_exercise_expansion.py;scripts/volume06/expansion_common.py	% END VOL06-EXPANSION VI24-example-03	keep; active tooling references this marker family
VI	books/vol06_algebraic_geometry/chapters/ch24_base_change/chapter.tex	264	VOL06-EXPANSION	ACTIVE_KEEP	scripts/volume06/audit_example_exercise_balance.py;scripts/volume06/audit_example_exercise_expansion.py;scripts/volume06/expansion_common.py	% BEGIN VOL06-EXPANSION VI24-exercises-01	keep; active tooling references this marker family
VI	books/vol06_algebraic_geometry/chapters/ch24_base_change/chapter.tex	438	VOL06-EXPANSION	ACTIVE_KEEP	scripts/volume06/audit_example_exercise_balance.py;scripts/volume06/audit_example_exercise_expansion.py;scripts/volume06/expansion_common.py	% END VOL06-EXPANSION VI24-exercises-01	keep; active tooling references this marker family
VI	books/vol06_algebraic_geometry/chapters/ch25_fibers_geometric_fibers/chapter.tex	52	VOL06-EXPANSION	ACTIVE_KEEP	scripts/volume06/audit_example_exercise_balance.py;scripts/volume06/audit_example_exercise_expansion.py;scripts/volume06/expansion_common.py	% BEGIN VOL06-EXPANSION VI25-example-01	keep; active tooling references this marker family
VI	books/vol06_algebraic_geometry/chapters/ch25_fibers_geometric_fibers/chapter.tex	56	VOL06-EXPANSION	ACTIVE_KEEP	scripts/volume06/audit_example_exercise_balance.py;scripts/volume06/audit_example_exercise_expansion.py;scripts/volume06/expansion_common.py	% END VOL06-EXPANSION VI25-example-01	keep; active tooling references this marker family
VI	books/vol06_algebraic_geometry/chapters/ch25_fibers_geometric_fibers/chapter.tex	118	VOL06-EXPANSION	ACTIVE_KEEP	scripts/volume06/audit_example_exercise_balance.py;scripts/volume06/audit_example_exercise_expansion.py;scripts/volume06/expansion_common.py	% BEGIN VOL06-EXPANSION VI25-example-02	keep; active tooling references this marker family
VI	books/vol06_algebraic_geometry/chapters/ch25_fibers_geometric_fibers/chapter.tex	122	VOL06-EXPANSION	ACTIVE_KEEP	scripts/volume06/audit_example_exercise_balance.py;scripts/volume06/audit_example_exercise_expansion.py;scripts/volume06/expansion_common.py	% END VOL06-EXPANSION VI25-example-02	keep; active tooling references this marker family
VI	books/vol06_algebraic_geometry/chapters/ch25_fibers_geometric_fibers/chapter.tex	146	VOL06-EXPANSION	ACTIVE_KEEP	scripts/volume06/audit_example_exercise_balance.py;scripts/volume06/audit_example_exercise_expansion.py;scripts/volume06/expansion_common.py	% BEGIN VOL06-EXPANSION VI25-example-03	keep; active tooling references this marker family
VI	books/vol06_algebraic_geometry/chapters/ch25_fibers_geometric_fibers/chapter.tex	150	VOL06-EXPANSION	ACTIVE_KEEP	scripts/volume06/audit_example_exercise_balance.py;scripts/volume06/audit_example_exercise_expansion.py;scripts/volume06/expansion_common.py	% END VOL06-EXPANSION VI25-example-03	keep; active tooling references this marker family
VI	books/vol06_algebraic_geometry/chapters/ch25_fibers_geometric_fibers/chapter.tex	232	VOL06-EXPANSION	ACTIVE_KEEP	scripts/volume06/audit_example_exercise_balance.py;scripts/volume06/audit_example_exercise_expansion.py;scripts/volume06/expansion_common.py	% BEGIN VOL06-EXPANSION VI25-exercises-01	keep; active tooling references this marker family
VI	books/vol06_algebraic_geometry/chapters/ch25_fibers_geometric_fibers/chapter.tex	406	VOL06-EXPANSION	ACTIVE_KEEP	scripts/volume06/audit_example_exercise_balance.py;scripts/volume06/audit_example_exercise_expansion.py;scripts/volume06/expansion_common.py	% END VOL06-EXPANSION VI25-exercises-01	keep; active tooling references this marker family
VI	books/vol06_algebraic_geometry/chapters/ch26_finite_type_noetherian_morphisms/chapter.tex	54	VOL06-EXPANSION	ACTIVE_KEEP	scripts/volume06/audit_example_exercise_balance.py;scripts/volume06/audit_example_exercise_expansion.py;scripts/volume06/expansion_common.py	% BEGIN VOL06-EXPANSION VI26-example-01	keep; active tooling references this marker family
VI	books/vol06_algebraic_geometry/chapters/ch26_finite_type_noetherian_morphisms/chapter.tex	58	VOL06-EXPANSION	ACTIVE_KEEP	scripts/volume06/audit_example_exercise_balance.py;scripts/volume06/audit_example_exercise_expansion.py;scripts/volume06/expansion_common.py	% END VOL06-EXPANSION VI26-example-01	keep; active tooling references this marker family
VI	books/vol06_algebraic_geometry/chapters/ch26_finite_type_noetherian_morphisms/chapter.tex	101	VOL06-EXPANSION	ACTIVE_KEEP	scripts/volume06/audit_example_exercise_balance.py;scripts/volume06/audit_example_exercise_expansion.py;scripts/volume06/expansion_common.py	% BEGIN VOL06-EXPANSION VI26-example-02	keep; active tooling references this marker family
VI	books/vol06_algebraic_geometry/chapters/ch26_finite_type_noetherian_morphisms/chapter.tex	105	VOL06-EXPANSION	ACTIVE_KEEP	scripts/volume06/audit_example_exercise_balance.py;scripts/volume06/audit_example_exercise_expansion.py;scripts/volume06/expansion_common.py	% END VOL06-EXPANSION VI26-example-02	keep; active tooling references this marker family
VI	books/vol06_algebraic_geometry/chapters/ch26_finite_type_noetherian_morphisms/chapter.tex	143	VOL06-EXPANSION	ACTIVE_KEEP	scripts/volume06/audit_example_exercise_balance.py;scripts/volume06/audit_example_exercise_expansion.py;scripts/volume06/expansion_common.py	% BEGIN VOL06-EXPANSION VI26-example-03	keep; active tooling references this marker family
VI	books/vol06_algebraic_geometry/chapters/ch26_finite_type_noetherian_morphisms/chapter.tex	147	VOL06-EXPANSION	ACTIVE_KEEP	scripts/volume06/audit_example_exercise_balance.py;scripts/volume06/audit_example_exercise_expansion.py;scripts/volume06/expansion_common.py	% END VOL06-EXPANSION VI26-example-03	keep; active tooling references this marker family
VI	books/vol06_algebraic_geometry/chapters/ch26_finite_type_noetherian_morphisms/chapter.tex	221	VOL06-EXPANSION	ACTIVE_KEEP	scripts/volume06/audit_example_exercise_balance.py;scripts/volume06/audit_example_exercise_expansion.py;scripts/volume06/expansion_common.py	% BEGIN VOL06-EXPANSION VI26-exercises-01	keep; active tooling references this marker family
VI	books/vol06_algebraic_geometry/chapters/ch26_finite_type_noetherian_morphisms/chapter.tex	395	VOL06-EXPANSION	ACTIVE_KEEP	scripts/volume06/audit_example_exercise_balance.py;scripts/volume06/audit_example_exercise_expansion.py;scripts/volume06/expansion_common.py	% END VOL06-EXPANSION VI26-exercises-01	keep; active tooling references this marker family
VI	books/vol06_algebraic_geometry/chapters/ch27_integral_schemes_function_fields/chapter.tex	44	VOL06-EXPANSION	ACTIVE_KEEP	scripts/volume06/audit_example_exercise_balance.py;scripts/volume06/audit_example_exercise_expansion.py;scripts/volume06/expansion_common.py	% BEGIN VOL06-EXPANSION VI27-example-01	keep; active tooling references this marker family
VI	books/vol06_algebraic_geometry/chapters/ch27_integral_schemes_function_fields/chapter.tex	48	VOL06-EXPANSION	ACTIVE_KEEP	scripts/volume06/audit_example_exercise_balance.py;scripts/volume06/audit_example_exercise_expansion.py;scripts/volume06/expansion_common.py	% END VOL06-EXPANSION VI27-example-01	keep; active tooling references this marker family
VI	books/vol06_algebraic_geometry/chapters/ch27_integral_schemes_function_fields/chapter.tex	103	VOL06-EXPANSION	ACTIVE_KEEP	scripts/volume06/audit_example_exercise_balance.py;scripts/volume06/audit_example_exercise_expansion.py;scripts/volume06/expansion_common.py	% BEGIN VOL06-EXPANSION VI27-example-02	keep; active tooling references this marker family
VI	books/vol06_algebraic_geometry/chapters/ch27_integral_schemes_function_fields/chapter.tex	107	VOL06-EXPANSION	ACTIVE_KEEP	scripts/volume06/audit_example_exercise_balance.py;scripts/volume06/audit_example_exercise_expansion.py;scripts/volume06/expansion_common.py	% END VOL06-EXPANSION VI27-example-02	keep; active tooling references this marker family
VI	books/vol06_algebraic_geometry/chapters/ch27_integral_schemes_function_fields/chapter.tex	153	VOL06-EXPANSION	ACTIVE_KEEP	scripts/volume06/audit_example_exercise_balance.py;scripts/volume06/audit_example_exercise_expansion.py;scripts/volume06/expansion_common.py	% BEGIN VOL06-EXPANSION VI27-example-03	keep; active tooling references this marker family
VI	books/vol06_algebraic_geometry/chapters/ch27_integral_schemes_function_fields/chapter.tex	157	VOL06-EXPANSION	ACTIVE_KEEP	scripts/volume06/audit_example_exercise_balance.py;scripts/volume06/audit_example_exercise_expansion.py;scripts/volume06/expansion_common.py	% END VOL06-EXPANSION VI27-example-03	keep; active tooling references this marker family
VI	books/vol06_algebraic_geometry/chapters/ch27_integral_schemes_function_fields/chapter.tex	237	VOL06-EXPANSION	ACTIVE_KEEP	scripts/volume06/audit_example_exercise_balance.py;scripts/volume06/audit_example_exercise_expansion.py;scripts/volume06/expansion_common.py	% BEGIN VOL06-EXPANSION VI27-exercises-01	keep; active tooling references this marker family
VI	books/vol06_algebraic_geometry/chapters/ch27_integral_schemes_function_fields/chapter.tex	411	VOL06-EXPANSION	ACTIVE_KEEP	scripts/volume06/audit_example_exercise_balance.py;scripts/volume06/audit_example_exercise_expansion.py;scripts/volume06/expansion_common.py	% END VOL06-EXPANSION VI27-exercises-01	keep; active tooling references this marker family
VI	books/vol06_algebraic_geometry/chapters/ch28_normalization/chapter.tex	40	VOL06-EXPANSION	ACTIVE_KEEP	scripts/volume06/audit_example_exercise_balance.py;scripts/volume06/audit_example_exercise_expansion.py;scripts/volume06/expansion_common.py	% BEGIN VOL06-EXPANSION VI28-example-01	keep; active tooling references this marker family
VI	books/vol06_algebraic_geometry/chapters/ch28_normalization/chapter.tex	44	VOL06-EXPANSION	ACTIVE_KEEP	scripts/volume06/audit_example_exercise_balance.py;scripts/volume06/audit_example_exercise_expansion.py;scripts/volume06/expansion_common.py	% END VOL06-EXPANSION VI28-example-01	keep; active tooling references this marker family
VI	books/vol06_algebraic_geometry/chapters/ch28_normalization/chapter.tex	95	VOL06-EXPANSION	ACTIVE_KEEP	scripts/volume06/audit_example_exercise_balance.py;scripts/volume06/audit_example_exercise_expansion.py;scripts/volume06/expansion_common.py	% BEGIN VOL06-EXPANSION VI28-example-02	keep; active tooling references this marker family
VI	books/vol06_algebraic_geometry/chapters/ch28_normalization/chapter.tex	99	VOL06-EXPANSION	ACTIVE_KEEP	scripts/volume06/audit_example_exercise_balance.py;scripts/volume06/audit_example_exercise_expansion.py;scripts/volume06/expansion_common.py	% END VOL06-EXPANSION VI28-example-02	keep; active tooling references this marker family
VI	books/vol06_algebraic_geometry/chapters/ch28_normalization/chapter.tex	152	VOL06-EXPANSION	ACTIVE_KEEP	scripts/volume06/audit_example_exercise_balance.py;scripts/volume06/audit_example_exercise_expansion.py;scripts/volume06/expansion_common.py	% BEGIN VOL06-EXPANSION VI28-example-03	keep; active tooling references this marker family
VI	books/vol06_algebraic_geometry/chapters/ch28_normalization/chapter.tex	156	VOL06-EXPANSION	ACTIVE_KEEP	scripts/volume06/audit_example_exercise_balance.py;scripts/volume06/audit_example_exercise_expansion.py;scripts/volume06/expansion_common.py	% END VOL06-EXPANSION VI28-example-03	keep; active tooling references this marker family
VI	books/vol06_algebraic_geometry/chapters/ch28_normalization/chapter.tex	240	VOL06-EXPANSION	ACTIVE_KEEP	scripts/volume06/audit_example_exercise_balance.py;scripts/volume06/audit_example_exercise_expansion.py;scripts/volume06/expansion_common.py	% BEGIN VOL06-EXPANSION VI28-exercises-01	keep; active tooling references this marker family
VI	books/vol06_algebraic_geometry/chapters/ch28_normalization/chapter.tex	414	VOL06-EXPANSION	ACTIVE_KEEP	scripts/volume06/audit_example_exercise_balance.py;scripts/volume06/audit_example_exercise_expansion.py;scripts/volume06/expansion_common.py	% END VOL06-EXPANSION VI28-exercises-01	keep; active tooling references this marker family
VI	books/vol06_algebraic_geometry/chapters/ch29_krull_dimension/chapter.tex	50	VOL06-EXPANSION	ACTIVE_KEEP	scripts/volume06/audit_example_exercise_balance.py;scripts/volume06/audit_example_exercise_expansion.py;scripts/volume06/expansion_common.py	% BEGIN VOL06-EXPANSION VI29-example-01	keep; active tooling references this marker family
VI	books/vol06_algebraic_geometry/chapters/ch29_krull_dimension/chapter.tex	54	VOL06-EXPANSION	ACTIVE_KEEP	scripts/volume06/audit_example_exercise_balance.py;scripts/volume06/audit_example_exercise_expansion.py;scripts/volume06/expansion_common.py	% END VOL06-EXPANSION VI29-example-01	keep; active tooling references this marker family
VI	books/vol06_algebraic_geometry/chapters/ch29_krull_dimension/chapter.tex	98	VOL06-EXPANSION	ACTIVE_KEEP	scripts/volume06/audit_example_exercise_balance.py;scripts/volume06/audit_example_exercise_expansion.py;scripts/volume06/expansion_common.py	% BEGIN VOL06-EXPANSION VI29-example-02	keep; active tooling references this marker family
VI	books/vol06_algebraic_geometry/chapters/ch29_krull_dimension/chapter.tex	102	VOL06-EXPANSION	ACTIVE_KEEP	scripts/volume06/audit_example_exercise_balance.py;scripts/volume06/audit_example_exercise_expansion.py;scripts/volume06/expansion_common.py	% END VOL06-EXPANSION VI29-example-02	keep; active tooling references this marker family
VI	books/vol06_algebraic_geometry/chapters/ch29_krull_dimension/chapter.tex	146	VOL06-EXPANSION	ACTIVE_KEEP	scripts/volume06/audit_example_exercise_balance.py;scripts/volume06/audit_example_exercise_expansion.py;scripts/volume06/expansion_common.py	% BEGIN VOL06-EXPANSION VI29-example-03	keep; active tooling references this marker family
VI	books/vol06_algebraic_geometry/chapters/ch29_krull_dimension/chapter.tex	150	VOL06-EXPANSION	ACTIVE_KEEP	scripts/volume06/audit_example_exercise_balance.py;scripts/volume06/audit_example_exercise_expansion.py;scripts/volume06/expansion_common.py	% END VOL06-EXPANSION VI29-example-03	keep; active tooling references this marker family
VI	books/vol06_algebraic_geometry/chapters/ch29_krull_dimension/chapter.tex	234	VOL06-EXPANSION	ACTIVE_KEEP	scripts/volume06/audit_example_exercise_balance.py;scripts/volume06/audit_example_exercise_expansion.py;scripts/volume06/expansion_common.py	% BEGIN VOL06-EXPANSION VI29-exercises-01	keep; active tooling references this marker family
VI	books/vol06_algebraic_geometry/chapters/ch29_krull_dimension/chapter.tex	408	VOL06-EXPANSION	ACTIVE_KEEP	scripts/volume06/audit_example_exercise_balance.py;scripts/volume06/audit_example_exercise_expansion.py;scripts/volume06/expansion_common.py	% END VOL06-EXPANSION VI29-exercises-01	keep; active tooling references this marker family
VI	books/vol06_algebraic_geometry/chapters/ch30_dimension_of_schemes/chapter.tex	47	VOL06-EXPANSION	ACTIVE_KEEP	scripts/volume06/audit_example_exercise_balance.py;scripts/volume06/audit_example_exercise_expansion.py;scripts/volume06/expansion_common.py	% BEGIN VOL06-EXPANSION VI30-example-01	keep; active tooling references this marker family
VI	books/vol06_algebraic_geometry/chapters/ch30_dimension_of_schemes/chapter.tex	51	VOL06-EXPANSION	ACTIVE_KEEP	scripts/volume06/audit_example_exercise_balance.py;scripts/volume06/audit_example_exercise_expansion.py;scripts/volume06/expansion_common.py	% END VOL06-EXPANSION VI30-example-01	keep; active tooling references this marker family
VI	books/vol06_algebraic_geometry/chapters/ch30_dimension_of_schemes/chapter.tex	103	VOL06-EXPANSION	ACTIVE_KEEP	scripts/volume06/audit_example_exercise_balance.py;scripts/volume06/audit_example_exercise_expansion.py;scripts/volume06/expansion_common.py	% BEGIN VOL06-EXPANSION VI30-example-02	keep; active tooling references this marker family
VI	books/vol06_algebraic_geometry/chapters/ch30_dimension_of_schemes/chapter.tex	107	VOL06-EXPANSION	ACTIVE_KEEP	scripts/volume06/audit_example_exercise_balance.py;scripts/volume06/audit_example_exercise_expansion.py;scripts/volume06/expansion_common.py	% END VOL06-EXPANSION VI30-example-02	keep; active tooling references this marker family
VI	books/vol06_algebraic_geometry/chapters/ch30_dimension_of_schemes/chapter.tex	148	VOL06-EXPANSION	ACTIVE_KEEP	scripts/volume06/audit_example_exercise_balance.py;scripts/volume06/audit_example_exercise_expansion.py;scripts/volume06/expansion_common.py	% BEGIN VOL06-EXPANSION VI30-example-03	keep; active tooling references this marker family
VI	books/vol06_algebraic_geometry/chapters/ch30_dimension_of_schemes/chapter.tex	152	VOL06-EXPANSION	ACTIVE_KEEP	scripts/volume06/audit_example_exercise_balance.py;scripts/volume06/audit_example_exercise_expansion.py;scripts/volume06/expansion_common.py	% END VOL06-EXPANSION VI30-example-03	keep; active tooling references this marker family
VI	books/vol06_algebraic_geometry/chapters/ch30_dimension_of_schemes/chapter.tex	229	VOL06-EXPANSION	ACTIVE_KEEP	scripts/volume06/audit_example_exercise_balance.py;scripts/volume06/audit_example_exercise_expansion.py;scripts/volume06/expansion_common.py	% BEGIN VOL06-EXPANSION VI30-exercises-01	keep; active tooling references this marker family
VI	books/vol06_algebraic_geometry/chapters/ch30_dimension_of_schemes/chapter.tex	403	VOL06-EXPANSION	ACTIVE_KEEP	scripts/volume06/audit_example_exercise_balance.py;scripts/volume06/audit_example_exercise_expansion.py;scripts/volume06/expansion_common.py	% END VOL06-EXPANSION VI30-exercises-01	keep; active tooling references this marker family
VI	books/vol06_algebraic_geometry/chapters/ch31_codimension/chapter.tex	71	VOL06-EXPANSION	ACTIVE_KEEP	scripts/volume06/audit_example_exercise_balance.py;scripts/volume06/audit_example_exercise_expansion.py;scripts/volume06/expansion_common.py	% BEGIN VOL06-EXPANSION VI31-example-01	keep; active tooling references this marker family
VI	books/vol06_algebraic_geometry/chapters/ch31_codimension/chapter.tex	75	VOL06-EXPANSION	ACTIVE_KEEP	scripts/volume06/audit_example_exercise_balance.py;scripts/volume06/audit_example_exercise_expansion.py;scripts/volume06/expansion_common.py	% END VOL06-EXPANSION VI31-example-01	keep; active tooling references this marker family
VI	books/vol06_algebraic_geometry/chapters/ch31_codimension/chapter.tex	125	VOL06-EXPANSION	ACTIVE_KEEP	scripts/volume06/audit_example_exercise_balance.py;scripts/volume06/audit_example_exercise_expansion.py;scripts/volume06/expansion_common.py	% BEGIN VOL06-EXPANSION VI31-example-02	keep; active tooling references this marker family
VI	books/vol06_algebraic_geometry/chapters/ch31_codimension/chapter.tex	129	VOL06-EXPANSION	ACTIVE_KEEP	scripts/volume06/audit_example_exercise_balance.py;scripts/volume06/audit_example_exercise_expansion.py;scripts/volume06/expansion_common.py	% END VOL06-EXPANSION VI31-example-02	keep; active tooling references this marker family
VI	books/vol06_algebraic_geometry/chapters/ch31_codimension/chapter.tex	171	VOL06-EXPANSION	ACTIVE_KEEP	scripts/volume06/audit_example_exercise_balance.py;scripts/volume06/audit_example_exercise_expansion.py;scripts/volume06/expansion_common.py	% BEGIN VOL06-EXPANSION VI31-example-03	keep; active tooling references this marker family
VI	books/vol06_algebraic_geometry/chapters/ch31_codimension/chapter.tex	175	VOL06-EXPANSION	ACTIVE_KEEP	scripts/volume06/audit_example_exercise_balance.py;scripts/volume06/audit_example_exercise_expansion.py;scripts/volume06/expansion_common.py	% END VOL06-EXPANSION VI31-example-03	keep; active tooling references this marker family
VI	books/vol06_algebraic_geometry/chapters/ch31_codimension/chapter.tex	276	VOL06-EXPANSION	ACTIVE_KEEP	scripts/volume06/audit_example_exercise_balance.py;scripts/volume06/audit_example_exercise_expansion.py;scripts/volume06/expansion_common.py	% BEGIN VOL06-EXPANSION VI31-exercises-01	keep; active tooling references this marker family
VI	books/vol06_algebraic_geometry/chapters/ch31_codimension/chapter.tex	450	VOL06-EXPANSION	ACTIVE_KEEP	scripts/volume06/audit_example_exercise_balance.py;scripts/volume06/audit_example_exercise_expansion.py;scripts/volume06/expansion_common.py	% END VOL06-EXPANSION VI31-exercises-01	keep; active tooling references this marker family
VI	books/vol06_algebraic_geometry/chapters/ch32_tangent_spaces_and_local_geometry/chapter.tex	79	VOL06-EXPANSION	ACTIVE_KEEP	scripts/volume06/audit_example_exercise_balance.py;scripts/volume06/audit_example_exercise_expansion.py;scripts/volume06/expansion_common.py	% BEGIN VOL06-EXPANSION VI32-example-01	keep; active tooling references this marker family
VI	books/vol06_algebraic_geometry/chapters/ch32_tangent_spaces_and_local_geometry/chapter.tex	83	VOL06-EXPANSION	ACTIVE_KEEP	scripts/volume06/audit_example_exercise_balance.py;scripts/volume06/audit_example_exercise_expansion.py;scripts/volume06/expansion_common.py	% END VOL06-EXPANSION VI32-example-01	keep; active tooling references this marker family
VI	books/vol06_algebraic_geometry/chapters/ch32_tangent_spaces_and_local_geometry/chapter.tex	155	VOL06-EXPANSION	ACTIVE_KEEP	scripts/volume06/audit_example_exercise_balance.py;scripts/volume06/audit_example_exercise_expansion.py;scripts/volume06/expansion_common.py	% BEGIN VOL06-EXPANSION VI32-example-02	keep; active tooling references this marker family
VI	books/vol06_algebraic_geometry/chapters/ch32_tangent_spaces_and_local_geometry/chapter.tex	159	VOL06-EXPANSION	ACTIVE_KEEP	scripts/volume06/audit_example_exercise_balance.py;scripts/volume06/audit_example_exercise_expansion.py;scripts/volume06/expansion_common.py	% END VOL06-EXPANSION VI32-example-02	keep; active tooling references this marker family
VI	books/vol06_algebraic_geometry/chapters/ch32_tangent_spaces_and_local_geometry/chapter.tex	254	VOL06-EXPANSION	ACTIVE_KEEP	scripts/volume06/audit_example_exercise_balance.py;scripts/volume06/audit_example_exercise_expansion.py;scripts/volume06/expansion_common.py	% BEGIN VOL06-EXPANSION VI32-example-03	keep; active tooling references this marker family
VI	books/vol06_algebraic_geometry/chapters/ch32_tangent_spaces_and_local_geometry/chapter.tex	258	VOL06-EXPANSION	ACTIVE_KEEP	scripts/volume06/audit_example_exercise_balance.py;scripts/volume06/audit_example_exercise_expansion.py;scripts/volume06/expansion_common.py	% END VOL06-EXPANSION VI32-example-03	keep; active tooling references this marker family
VI	books/vol06_algebraic_geometry/chapters/ch32_tangent_spaces_and_local_geometry/chapter.tex	357	VOL06-EXPANSION	ACTIVE_KEEP	scripts/volume06/audit_example_exercise_balance.py;scripts/volume06/audit_example_exercise_expansion.py;scripts/volume06/expansion_common.py	% BEGIN VOL06-EXPANSION VI32-exercises-01	keep; active tooling references this marker family
VI	books/vol06_algebraic_geometry/chapters/ch32_tangent_spaces_and_local_geometry/chapter.tex	531	VOL06-EXPANSION	ACTIVE_KEEP	scripts/volume06/audit_example_exercise_balance.py;scripts/volume06/audit_example_exercise_expansion.py;scripts/volume06/expansion_common.py	% END VOL06-EXPANSION VI32-exercises-01	keep; active tooling references this marker family
VI	books/vol06_algebraic_geometry/chapters/ch33_o_x_modules_quasicoherent/chapter.tex	76	VOL06-EXPANSION	ACTIVE_KEEP	scripts/volume06/audit_example_exercise_balance.py;scripts/volume06/audit_example_exercise_expansion.py;scripts/volume06/expansion_common.py	% BEGIN VOL06-EXPANSION VI33-example-01	keep; active tooling references this marker family
VI	books/vol06_algebraic_geometry/chapters/ch33_o_x_modules_quasicoherent/chapter.tex	80	VOL06-EXPANSION	ACTIVE_KEEP	scripts/volume06/audit_example_exercise_balance.py;scripts/volume06/audit_example_exercise_expansion.py;scripts/volume06/expansion_common.py	% END VOL06-EXPANSION VI33-example-01	keep; active tooling references this marker family
VI	books/vol06_algebraic_geometry/chapters/ch33_o_x_modules_quasicoherent/chapter.tex	153	VOL06-EXPANSION	ACTIVE_KEEP	scripts/volume06/audit_example_exercise_balance.py;scripts/volume06/audit_example_exercise_expansion.py;scripts/volume06/expansion_common.py	% BEGIN VOL06-EXPANSION VI33-example-02	keep; active tooling references this marker family
VI	books/vol06_algebraic_geometry/chapters/ch33_o_x_modules_quasicoherent/chapter.tex	157	VOL06-EXPANSION	ACTIVE_KEEP	scripts/volume06/audit_example_exercise_balance.py;scripts/volume06/audit_example_exercise_expansion.py;scripts/volume06/expansion_common.py	% END VOL06-EXPANSION VI33-example-02	keep; active tooling references this marker family
VI	books/vol06_algebraic_geometry/chapters/ch33_o_x_modules_quasicoherent/chapter.tex	237	VOL06-EXPANSION	ACTIVE_KEEP	scripts/volume06/audit_example_exercise_balance.py;scripts/volume06/audit_example_exercise_expansion.py;scripts/volume06/expansion_common.py	% BEGIN VOL06-EXPANSION VI33-example-03	keep; active tooling references this marker family
VI	books/vol06_algebraic_geometry/chapters/ch33_o_x_modules_quasicoherent/chapter.tex	241	VOL06-EXPANSION	ACTIVE_KEEP	scripts/volume06/audit_example_exercise_balance.py;scripts/volume06/audit_example_exercise_expansion.py;scripts/volume06/expansion_common.py	% END VOL06-EXPANSION VI33-example-03	keep; active tooling references this marker family
VI	books/vol06_algebraic_geometry/chapters/ch33_o_x_modules_quasicoherent/chapter.tex	330	VOL06-EXPANSION	ACTIVE_KEEP	scripts/volume06/audit_example_exercise_balance.py;scripts/volume06/audit_example_exercise_expansion.py;scripts/volume06/expansion_common.py	% BEGIN VOL06-EXPANSION VI33-exercises-01	keep; active tooling references this marker family
VI	books/vol06_algebraic_geometry/chapters/ch33_o_x_modules_quasicoherent/chapter.tex	504	VOL06-EXPANSION	ACTIVE_KEEP	scripts/volume06/audit_example_exercise_balance.py;scripts/volume06/audit_example_exercise_expansion.py;scripts/volume06/expansion_common.py	% END VOL06-EXPANSION VI33-exercises-01	keep; active tooling references this marker family
VI	books/vol06_algebraic_geometry/chapters/ch34_graded_rings/chapter.tex	85	VOL06-EXPANSION	ACTIVE_KEEP	scripts/volume06/audit_example_exercise_balance.py;scripts/volume06/audit_example_exercise_expansion.py;scripts/volume06/expansion_common.py	% BEGIN VOL06-EXPANSION VI34-example-01	keep; active tooling references this marker family
VI	books/vol06_algebraic_geometry/chapters/ch34_graded_rings/chapter.tex	89	VOL06-EXPANSION	ACTIVE_KEEP	scripts/volume06/audit_example_exercise_balance.py;scripts/volume06/audit_example_exercise_expansion.py;scripts/volume06/expansion_common.py	% END VOL06-EXPANSION VI34-example-01	keep; active tooling references this marker family
VI	books/vol06_algebraic_geometry/chapters/ch34_graded_rings/chapter.tex	150	VOL06-EXPANSION	ACTIVE_KEEP	scripts/volume06/audit_example_exercise_balance.py;scripts/volume06/audit_example_exercise_expansion.py;scripts/volume06/expansion_common.py	% BEGIN VOL06-EXPANSION VI34-example-02	keep; active tooling references this marker family
VI	books/vol06_algebraic_geometry/chapters/ch34_graded_rings/chapter.tex	154	VOL06-EXPANSION	ACTIVE_KEEP	scripts/volume06/audit_example_exercise_balance.py;scripts/volume06/audit_example_exercise_expansion.py;scripts/volume06/expansion_common.py	% END VOL06-EXPANSION VI34-example-02	keep; active tooling references this marker family
VI	books/vol06_algebraic_geometry/chapters/ch34_graded_rings/chapter.tex	218	VOL06-EXPANSION	ACTIVE_KEEP	scripts/volume06/audit_example_exercise_balance.py;scripts/volume06/audit_example_exercise_expansion.py;scripts/volume06/expansion_common.py	% BEGIN VOL06-EXPANSION VI34-example-03	keep; active tooling references this marker family
VI	books/vol06_algebraic_geometry/chapters/ch34_graded_rings/chapter.tex	222	VOL06-EXPANSION	ACTIVE_KEEP	scripts/volume06/audit_example_exercise_balance.py;scripts/volume06/audit_example_exercise_expansion.py;scripts/volume06/expansion_common.py	% END VOL06-EXPANSION VI34-example-03	keep; active tooling references this marker family
VI	books/vol06_algebraic_geometry/chapters/ch34_graded_rings/chapter.tex	328	VOL06-EXPANSION	ACTIVE_KEEP	scripts/volume06/audit_example_exercise_balance.py;scripts/volume06/audit_example_exercise_expansion.py;scripts/volume06/expansion_common.py	% BEGIN VOL06-EXPANSION VI34-exercises-01	keep; active tooling references this marker family
VI	books/vol06_algebraic_geometry/chapters/ch34_graded_rings/chapter.tex	502	VOL06-EXPANSION	ACTIVE_KEEP	scripts/volume06/audit_example_exercise_balance.py;scripts/volume06/audit_example_exercise_expansion.py;scripts/volume06/expansion_common.py	% END VOL06-EXPANSION VI34-exercises-01	keep; active tooling references this marker family
VI	books/vol06_algebraic_geometry/chapters/ch35_proj/chapter.tex	116	VOL06-EXPANSION	ACTIVE_KEEP	scripts/volume06/audit_example_exercise_balance.py;scripts/volume06/audit_example_exercise_expansion.py;scripts/volume06/expansion_common.py	% BEGIN VOL06-EXPANSION VI35-example-01	keep; active tooling references this marker family
VI	books/vol06_algebraic_geometry/chapters/ch35_proj/chapter.tex	120	VOL06-EXPANSION	ACTIVE_KEEP	scripts/volume06/audit_example_exercise_balance.py;scripts/volume06/audit_example_exercise_expansion.py;scripts/volume06/expansion_common.py	% END VOL06-EXPANSION VI35-example-01	keep; active tooling references this marker family
VI	books/vol06_algebraic_geometry/chapters/ch35_proj/chapter.tex	213	VOL06-EXPANSION	ACTIVE_KEEP	scripts/volume06/audit_example_exercise_balance.py;scripts/volume06/audit_example_exercise_expansion.py;scripts/volume06/expansion_common.py	% BEGIN VOL06-EXPANSION VI35-example-02	keep; active tooling references this marker family
VI	books/vol06_algebraic_geometry/chapters/ch35_proj/chapter.tex	217	VOL06-EXPANSION	ACTIVE_KEEP	scripts/volume06/audit_example_exercise_balance.py;scripts/volume06/audit_example_exercise_expansion.py;scripts/volume06/expansion_common.py	% END VOL06-EXPANSION VI35-example-02	keep; active tooling references this marker family
VI	books/vol06_algebraic_geometry/chapters/ch35_proj/chapter.tex	297	VOL06-EXPANSION	ACTIVE_KEEP	scripts/volume06/audit_example_exercise_balance.py;scripts/volume06/audit_example_exercise_expansion.py;scripts/volume06/expansion_common.py	% BEGIN VOL06-EXPANSION VI35-example-03	keep; active tooling references this marker family
VI	books/vol06_algebraic_geometry/chapters/ch35_proj/chapter.tex	301	VOL06-EXPANSION	ACTIVE_KEEP	scripts/volume06/audit_example_exercise_balance.py;scripts/volume06/audit_example_exercise_expansion.py;scripts/volume06/expansion_common.py	% END VOL06-EXPANSION VI35-example-03	keep; active tooling references this marker family
VI	books/vol06_algebraic_geometry/chapters/ch35_proj/chapter.tex	398	VOL06-EXPANSION	ACTIVE_KEEP	scripts/volume06/audit_example_exercise_balance.py;scripts/volume06/audit_example_exercise_expansion.py;scripts/volume06/expansion_common.py	% BEGIN VOL06-EXPANSION VI35-exercises-01	keep; active tooling references this marker family
VI	books/vol06_algebraic_geometry/chapters/ch35_proj/chapter.tex	572	VOL06-EXPANSION	ACTIVE_KEEP	scripts/volume06/audit_example_exercise_balance.py;scripts/volume06/audit_example_exercise_expansion.py;scripts/volume06/expansion_common.py	% END VOL06-EXPANSION VI35-exercises-01	keep; active tooling references this marker family
VI	books/vol06_algebraic_geometry/chapters/ch36_projective_space/chapter.tex	141	VOL06-EXPANSION	ACTIVE_KEEP	scripts/volume06/audit_example_exercise_balance.py;scripts/volume06/audit_example_exercise_expansion.py;scripts/volume06/expansion_common.py	% BEGIN VOL06-EXPANSION VI36-example-01	keep; active tooling references this marker family
VI	books/vol06_algebraic_geometry/chapters/ch36_projective_space/chapter.tex	146	VOL06-EXPANSION	ACTIVE_KEEP	scripts/volume06/audit_example_exercise_balance.py;scripts/volume06/audit_example_exercise_expansion.py;scripts/volume06/expansion_common.py	% END VOL06-EXPANSION VI36-example-01	keep; active tooling references this marker family
VI	books/vol06_algebraic_geometry/chapters/ch36_projective_space/chapter.tex	235	VOL06-EXPANSION	ACTIVE_KEEP	scripts/volume06/audit_example_exercise_balance.py;scripts/volume06/audit_example_exercise_expansion.py;scripts/volume06/expansion_common.py	% BEGIN VOL06-EXPANSION VI36-example-02	keep; active tooling references this marker family
VI	books/vol06_algebraic_geometry/chapters/ch36_projective_space/chapter.tex	239	VOL06-EXPANSION	ACTIVE_KEEP	scripts/volume06/audit_example_exercise_balance.py;scripts/volume06/audit_example_exercise_expansion.py;scripts/volume06/expansion_common.py	% END VOL06-EXPANSION VI36-example-02	keep; active tooling references this marker family
VI	books/vol06_algebraic_geometry/chapters/ch36_projective_space/chapter.tex	314	VOL06-EXPANSION	ACTIVE_KEEP	scripts/volume06/audit_example_exercise_balance.py;scripts/volume06/audit_example_exercise_expansion.py;scripts/volume06/expansion_common.py	% BEGIN VOL06-EXPANSION VI36-example-03	keep; active tooling references this marker family
VI	books/vol06_algebraic_geometry/chapters/ch36_projective_space/chapter.tex	318	VOL06-EXPANSION	ACTIVE_KEEP	scripts/volume06/audit_example_exercise_balance.py;scripts/volume06/audit_example_exercise_expansion.py;scripts/volume06/expansion_common.py	% END VOL06-EXPANSION VI36-example-03	keep; active tooling references this marker family
VI	books/vol06_algebraic_geometry/chapters/ch36_projective_space/chapter.tex	426	VOL06-EXPANSION	ACTIVE_KEEP	scripts/volume06/audit_example_exercise_balance.py;scripts/volume06/audit_example_exercise_expansion.py;scripts/volume06/expansion_common.py	% BEGIN VOL06-EXPANSION VI36-exercises-01	keep; active tooling references this marker family
VI	books/vol06_algebraic_geometry/chapters/ch36_projective_space/chapter.tex	600	VOL06-EXPANSION	ACTIVE_KEEP	scripts/volume06/audit_example_exercise_balance.py;scripts/volume06/audit_example_exercise_expansion.py;scripts/volume06/expansion_common.py	% END VOL06-EXPANSION VI36-exercises-01	keep; active tooling references this marker family
VI	books/vol06_algebraic_geometry/chapters/ch37_projective_schemes/chapter.tex	112	VOL06-EXPANSION	ACTIVE_KEEP	scripts/volume06/audit_example_exercise_balance.py;scripts/volume06/audit_example_exercise_expansion.py;scripts/volume06/expansion_common.py	% BEGIN VOL06-EXPANSION VI37-example-01	keep; active tooling references this marker family
VI	books/vol06_algebraic_geometry/chapters/ch37_projective_schemes/chapter.tex	116	VOL06-EXPANSION	ACTIVE_KEEP	scripts/volume06/audit_example_exercise_balance.py;scripts/volume06/audit_example_exercise_expansion.py;scripts/volume06/expansion_common.py	% END VOL06-EXPANSION VI37-example-01	keep; active tooling references this marker family
VI	books/vol06_algebraic_geometry/chapters/ch37_projective_schemes/chapter.tex	210	VOL06-EXPANSION	ACTIVE_KEEP	scripts/volume06/audit_example_exercise_balance.py;scripts/volume06/audit_example_exercise_expansion.py;scripts/volume06/expansion_common.py	% BEGIN VOL06-EXPANSION VI37-example-02	keep; active tooling references this marker family
VI	books/vol06_algebraic_geometry/chapters/ch37_projective_schemes/chapter.tex	214	VOL06-EXPANSION	ACTIVE_KEEP	scripts/volume06/audit_example_exercise_balance.py;scripts/volume06/audit_example_exercise_expansion.py;scripts/volume06/expansion_common.py	% END VOL06-EXPANSION VI37-example-02	keep; active tooling references this marker family
VI	books/vol06_algebraic_geometry/chapters/ch37_projective_schemes/chapter.tex	304	VOL06-EXPANSION	ACTIVE_KEEP	scripts/volume06/audit_example_exercise_balance.py;scripts/volume06/audit_example_exercise_expansion.py;scripts/volume06/expansion_common.py	% BEGIN VOL06-EXPANSION VI37-example-03	keep; active tooling references this marker family
VI	books/vol06_algebraic_geometry/chapters/ch37_projective_schemes/chapter.tex	308	VOL06-EXPANSION	ACTIVE_KEEP	scripts/volume06/audit_example_exercise_balance.py;scripts/volume06/audit_example_exercise_expansion.py;scripts/volume06/expansion_common.py	% END VOL06-EXPANSION VI37-example-03	keep; active tooling references this marker family
VI	books/vol06_algebraic_geometry/chapters/ch37_projective_schemes/chapter.tex	392	VOL06-EXPANSION	ACTIVE_KEEP	scripts/volume06/audit_example_exercise_balance.py;scripts/volume06/audit_example_exercise_expansion.py;scripts/volume06/expansion_common.py	% BEGIN VOL06-EXPANSION VI37-exercises-01	keep; active tooling references this marker family
VI	books/vol06_algebraic_geometry/chapters/ch37_projective_schemes/chapter.tex	566	VOL06-EXPANSION	ACTIVE_KEEP	scripts/volume06/audit_example_exercise_balance.py;scripts/volume06/audit_example_exercise_expansion.py;scripts/volume06/expansion_common.py	% END VOL06-EXPANSION VI37-exercises-01	keep; active tooling references this marker family
VI	books/vol06_algebraic_geometry/chapters/ch38_projective_morphisms_and_closed_embeddings/chapter.tex	119	VOL06-EXPANSION	ACTIVE_KEEP	scripts/volume06/audit_example_exercise_balance.py;scripts/volume06/audit_example_exercise_expansion.py;scripts/volume06/expansion_common.py	% BEGIN VOL06-EXPANSION VI38-example-01	keep; active tooling references this marker family
VI	books/vol06_algebraic_geometry/chapters/ch38_projective_morphisms_and_closed_embeddings/chapter.tex	123	VOL06-EXPANSION	ACTIVE_KEEP	scripts/volume06/audit_example_exercise_balance.py;scripts/volume06/audit_example_exercise_expansion.py;scripts/volume06/expansion_common.py	% END VOL06-EXPANSION VI38-example-01	keep; active tooling references this marker family
VI	books/vol06_algebraic_geometry/chapters/ch38_projective_morphisms_and_closed_embeddings/chapter.tex	218	VOL06-EXPANSION	ACTIVE_KEEP	scripts/volume06/audit_example_exercise_balance.py;scripts/volume06/audit_example_exercise_expansion.py;scripts/volume06/expansion_common.py	% BEGIN VOL06-EXPANSION VI38-example-02	keep; active tooling references this marker family
VI	books/vol06_algebraic_geometry/chapters/ch38_projective_morphisms_and_closed_embeddings/chapter.tex	222	VOL06-EXPANSION	ACTIVE_KEEP	scripts/volume06/audit_example_exercise_balance.py;scripts/volume06/audit_example_exercise_expansion.py;scripts/volume06/expansion_common.py	% END VOL06-EXPANSION VI38-example-02	keep; active tooling references this marker family
VI	books/vol06_algebraic_geometry/chapters/ch38_projective_morphisms_and_closed_embeddings/chapter.tex	360	VOL06-EXPANSION	ACTIVE_KEEP	scripts/volume06/audit_example_exercise_balance.py;scripts/volume06/audit_example_exercise_expansion.py;scripts/volume06/expansion_common.py	% BEGIN VOL06-EXPANSION VI38-example-03	keep; active tooling references this marker family
VI	books/vol06_algebraic_geometry/chapters/ch38_projective_morphisms_and_closed_embeddings/chapter.tex	364	VOL06-EXPANSION	ACTIVE_KEEP	scripts/volume06/audit_example_exercise_balance.py;scripts/volume06/audit_example_exercise_expansion.py;scripts/volume06/expansion_common.py	% END VOL06-EXPANSION VI38-example-03	keep; active tooling references this marker family
VI	books/vol06_algebraic_geometry/chapters/ch38_projective_morphisms_and_closed_embeddings/chapter.tex	452	VOL06-EXPANSION	ACTIVE_KEEP	scripts/volume06/audit_example_exercise_balance.py;scripts/volume06/audit_example_exercise_expansion.py;scripts/volume06/expansion_common.py	% BEGIN VOL06-EXPANSION VI38-exercises-01	keep; active tooling references this marker family
VI	books/vol06_algebraic_geometry/chapters/ch38_projective_morphisms_and_closed_embeddings/chapter.tex	626	VOL06-EXPANSION	ACTIVE_KEEP	scripts/volume06/audit_example_exercise_balance.py;scripts/volume06/audit_example_exercise_expansion.py;scripts/volume06/expansion_common.py	% END VOL06-EXPANSION VI38-exercises-01	keep; active tooling references this marker family
VI	books/vol06_algebraic_geometry/chapters/ch39_weil_divisors/chapter.tex	101	VOL06-EXPANSION	ACTIVE_KEEP	scripts/volume06/audit_example_exercise_balance.py;scripts/volume06/audit_example_exercise_expansion.py;scripts/volume06/expansion_common.py	% BEGIN VOL06-EXPANSION VI39-example-01	keep; active tooling references this marker family
VI	books/vol06_algebraic_geometry/chapters/ch39_weil_divisors/chapter.tex	105	VOL06-EXPANSION	ACTIVE_KEEP	scripts/volume06/audit_example_exercise_balance.py;scripts/volume06/audit_example_exercise_expansion.py;scripts/volume06/expansion_common.py	% END VOL06-EXPANSION VI39-example-01	keep; active tooling references this marker family
VI	books/vol06_algebraic_geometry/chapters/ch39_weil_divisors/chapter.tex	237	VOL06-EXPANSION	ACTIVE_KEEP	scripts/volume06/audit_example_exercise_balance.py;scripts/volume06/audit_example_exercise_expansion.py;scripts/volume06/expansion_common.py	% BEGIN VOL06-EXPANSION VI39-example-02	keep; active tooling references this marker family
VI	books/vol06_algebraic_geometry/chapters/ch39_weil_divisors/chapter.tex	241	VOL06-EXPANSION	ACTIVE_KEEP	scripts/volume06/audit_example_exercise_balance.py;scripts/volume06/audit_example_exercise_expansion.py;scripts/volume06/expansion_common.py	% END VOL06-EXPANSION VI39-example-02	keep; active tooling references this marker family
VI	books/vol06_algebraic_geometry/chapters/ch39_weil_divisors/chapter.tex	350	VOL06-EXPANSION	ACTIVE_KEEP	scripts/volume06/audit_example_exercise_balance.py;scripts/volume06/audit_example_exercise_expansion.py;scripts/volume06/expansion_common.py	% BEGIN VOL06-EXPANSION VI39-example-03	keep; active tooling references this marker family
VI	books/vol06_algebraic_geometry/chapters/ch39_weil_divisors/chapter.tex	354	VOL06-EXPANSION	ACTIVE_KEEP	scripts/volume06/audit_example_exercise_balance.py;scripts/volume06/audit_example_exercise_expansion.py;scripts/volume06/expansion_common.py	% END VOL06-EXPANSION VI39-example-03	keep; active tooling references this marker family
VI	books/vol06_algebraic_geometry/chapters/ch39_weil_divisors/chapter.tex	470	PEDAGOGY-ENRICHED-VI	ACTIVE_KEEP	scripts/volume06/audit_pedagogy.py;scripts/volume06/enrich_hints.py;scripts/volume07/audit_pedagogy.py;scripts/volume07/enrich_hints.py	% PEDAGOGY-ENRICHED-VI	keep; active tooling references this marker family
VI	books/vol06_algebraic_geometry/chapters/ch39_weil_divisors/chapter.tex	479	PEDAGOGY-ENRICHED-VI	ACTIVE_KEEP	scripts/volume06/audit_pedagogy.py;scripts/volume06/enrich_hints.py;scripts/volume07/audit_pedagogy.py;scripts/volume07/enrich_hints.py	% PEDAGOGY-ENRICHED-VI	keep; active tooling references this marker family
VI	books/vol06_algebraic_geometry/chapters/ch39_weil_divisors/chapter.tex	488	PEDAGOGY-ENRICHED-VI	ACTIVE_KEEP	scripts/volume06/audit_pedagogy.py;scripts/volume06/enrich_hints.py;scripts/volume07/audit_pedagogy.py;scripts/volume07/enrich_hints.py	% PEDAGOGY-ENRICHED-VI	keep; active tooling references this marker family
VI	books/vol06_algebraic_geometry/chapters/ch39_weil_divisors/chapter.tex	497	PEDAGOGY-ENRICHED-VI	ACTIVE_KEEP	scripts/volume06/audit_pedagogy.py;scripts/volume06/enrich_hints.py;scripts/volume07/audit_pedagogy.py;scripts/volume07/enrich_hints.py	% PEDAGOGY-ENRICHED-VI	keep; active tooling references this marker family
VI	books/vol06_algebraic_geometry/chapters/ch39_weil_divisors/chapter.tex	506	PEDAGOGY-ENRICHED-VI	ACTIVE_KEEP	scripts/volume06/audit_pedagogy.py;scripts/volume06/enrich_hints.py;scripts/volume07/audit_pedagogy.py;scripts/volume07/enrich_hints.py	% PEDAGOGY-ENRICHED-VI	keep; active tooling references this marker family
VI	books/vol06_algebraic_geometry/chapters/ch39_weil_divisors/chapter.tex	515	PEDAGOGY-ENRICHED-VI	ACTIVE_KEEP	scripts/volume06/audit_pedagogy.py;scripts/volume06/enrich_hints.py;scripts/volume07/audit_pedagogy.py;scripts/volume07/enrich_hints.py	% PEDAGOGY-ENRICHED-VI	keep; active tooling references this marker family
VI	books/vol06_algebraic_geometry/chapters/ch39_weil_divisors/chapter.tex	524	PEDAGOGY-ENRICHED-VI	ACTIVE_KEEP	scripts/volume06/audit_pedagogy.py;scripts/volume06/enrich_hints.py;scripts/volume07/audit_pedagogy.py;scripts/volume07/enrich_hints.py	% PEDAGOGY-ENRICHED-VI	keep; active tooling references this marker family
VI	books/vol06_algebraic_geometry/chapters/ch39_weil_divisors/chapter.tex	533	PEDAGOGY-ENRICHED-VI	ACTIVE_KEEP	scripts/volume06/audit_pedagogy.py;scripts/volume06/enrich_hints.py;scripts/volume07/audit_pedagogy.py;scripts/volume07/enrich_hints.py	% PEDAGOGY-ENRICHED-VI	keep; active tooling references this marker family
VI	books/vol06_algebraic_geometry/chapters/ch39_weil_divisors/chapter.tex	542	PEDAGOGY-ENRICHED-VI	ACTIVE_KEEP	scripts/volume06/audit_pedagogy.py;scripts/volume06/enrich_hints.py;scripts/volume07/audit_pedagogy.py;scripts/volume07/enrich_hints.py	% PEDAGOGY-ENRICHED-VI	keep; active tooling references this marker family
VI	books/vol06_algebraic_geometry/chapters/ch39_weil_divisors/chapter.tex	551	PEDAGOGY-ENRICHED-VI	ACTIVE_KEEP	scripts/volume06/audit_pedagogy.py;scripts/volume06/enrich_hints.py;scripts/volume07/audit_pedagogy.py;scripts/volume07/enrich_hints.py	% PEDAGOGY-ENRICHED-VI	keep; active tooling references this marker family
VI	books/vol06_algebraic_geometry/chapters/ch39_weil_divisors/chapter.tex	560	PEDAGOGY-ENRICHED-VI	ACTIVE_KEEP	scripts/volume06/audit_pedagogy.py;scripts/volume06/enrich_hints.py;scripts/volume07/audit_pedagogy.py;scripts/volume07/enrich_hints.py	% PEDAGOGY-ENRICHED-VI	keep; active tooling references this marker family
VI	books/vol06_algebraic_geometry/chapters/ch39_weil_divisors/chapter.tex	569	PEDAGOGY-ENRICHED-VI	ACTIVE_KEEP	scripts/volume06/audit_pedagogy.py;scripts/volume06/enrich_hints.py;scripts/volume07/audit_pedagogy.py;scripts/volume07/enrich_hints.py	% PEDAGOGY-ENRICHED-VI	keep; active tooling references this marker family
VI	books/vol06_algebraic_geometry/chapters/ch39_weil_divisors/chapter.tex	578	PEDAGOGY-ENRICHED-VI	ACTIVE_KEEP	scripts/volume06/audit_pedagogy.py;scripts/volume06/enrich_hints.py;scripts/volume07/audit_pedagogy.py;scripts/volume07/enrich_hints.py	% PEDAGOGY-ENRICHED-VI	keep; active tooling references this marker family
VI	books/vol06_algebraic_geometry/chapters/ch39_weil_divisors/chapter.tex	587	PEDAGOGY-ENRICHED-VI	ACTIVE_KEEP	scripts/volume06/audit_pedagogy.py;scripts/volume06/enrich_hints.py;scripts/volume07/audit_pedagogy.py;scripts/volume07/enrich_hints.py	% PEDAGOGY-ENRICHED-VI	keep; active tooling references this marker family
VI	books/vol06_algebraic_geometry/chapters/ch39_weil_divisors/chapter.tex	596	PEDAGOGY-ENRICHED-VI	ACTIVE_KEEP	scripts/volume06/audit_pedagogy.py;scripts/volume06/enrich_hints.py;scripts/volume07/audit_pedagogy.py;scripts/volume07/enrich_hints.py	% PEDAGOGY-ENRICHED-VI	keep; active tooling references this marker family
VI	books/vol06_algebraic_geometry/chapters/ch39_weil_divisors/chapter.tex	605	PEDAGOGY-ENRICHED-VI	ACTIVE_KEEP	scripts/volume06/audit_pedagogy.py;scripts/volume06/enrich_hints.py;scripts/volume07/audit_pedagogy.py;scripts/volume07/enrich_hints.py	% PEDAGOGY-ENRICHED-VI	keep; active tooling references this marker family
VI	books/vol06_algebraic_geometry/chapters/ch39_weil_divisors/chapter.tex	614	PEDAGOGY-ENRICHED-VI	ACTIVE_KEEP	scripts/volume06/audit_pedagogy.py;scripts/volume06/enrich_hints.py;scripts/volume07/audit_pedagogy.py;scripts/volume07/enrich_hints.py	% PEDAGOGY-ENRICHED-VI	keep; active tooling references this marker family
VI	books/vol06_algebraic_geometry/chapters/ch39_weil_divisors/chapter.tex	623	PEDAGOGY-ENRICHED-VI	ACTIVE_KEEP	scripts/volume06/audit_pedagogy.py;scripts/volume06/enrich_hints.py;scripts/volume07/audit_pedagogy.py;scripts/volume07/enrich_hints.py	% PEDAGOGY-ENRICHED-VI	keep; active tooling references this marker family
VI	books/vol06_algebraic_geometry/chapters/ch39_weil_divisors/chapter.tex	632	PEDAGOGY-ENRICHED-VI	ACTIVE_KEEP	scripts/volume06/audit_pedagogy.py;scripts/volume06/enrich_hints.py;scripts/volume07/audit_pedagogy.py;scripts/volume07/enrich_hints.py	% PEDAGOGY-ENRICHED-VI	keep; active tooling references this marker family
VI	books/vol06_algebraic_geometry/chapters/ch39_weil_divisors/chapter.tex	641	PEDAGOGY-ENRICHED-VI	ACTIVE_KEEP	scripts/volume06/audit_pedagogy.py;scripts/volume06/enrich_hints.py;scripts/volume07/audit_pedagogy.py;scripts/volume07/enrich_hints.py	% PEDAGOGY-ENRICHED-VI	keep; active tooling references this marker family
VI	books/vol06_algebraic_geometry/chapters/ch39_weil_divisors/chapter.tex	650	PEDAGOGY-ENRICHED-VI	ACTIVE_KEEP	scripts/volume06/audit_pedagogy.py;scripts/volume06/enrich_hints.py;scripts/volume07/audit_pedagogy.py;scripts/volume07/enrich_hints.py	% PEDAGOGY-ENRICHED-VI	keep; active tooling references this marker family
VI	books/vol06_algebraic_geometry/chapters/ch39_weil_divisors/chapter.tex	659	PEDAGOGY-ENRICHED-VI	ACTIVE_KEEP	scripts/volume06/audit_pedagogy.py;scripts/volume06/enrich_hints.py;scripts/volume07/audit_pedagogy.py;scripts/volume07/enrich_hints.py	% PEDAGOGY-ENRICHED-VI	keep; active tooling references this marker family
VI	books/vol06_algebraic_geometry/chapters/ch39_weil_divisors/chapter.tex	668	PEDAGOGY-ENRICHED-VI	ACTIVE_KEEP	scripts/volume06/audit_pedagogy.py;scripts/volume06/enrich_hints.py;scripts/volume07/audit_pedagogy.py;scripts/volume07/enrich_hints.py	% PEDAGOGY-ENRICHED-VI	keep; active tooling references this marker family
VI	books/vol06_algebraic_geometry/chapters/ch39_weil_divisors/chapter.tex	677	PEDAGOGY-ENRICHED-VI	ACTIVE_KEEP	scripts/volume06/audit_pedagogy.py;scripts/volume06/enrich_hints.py;scripts/volume07/audit_pedagogy.py;scripts/volume07/enrich_hints.py	% PEDAGOGY-ENRICHED-VI	keep; active tooling references this marker family
VI	books/vol06_algebraic_geometry/chapters/ch39_weil_divisors/chapter.tex	771	VOL06-EXPANSION	ACTIVE_KEEP	scripts/volume06/audit_example_exercise_balance.py;scripts/volume06/audit_example_exercise_expansion.py;scripts/volume06/expansion_common.py	% BEGIN VOL06-EXPANSION VI39-exercises-01	keep; active tooling references this marker family
VI	books/vol06_algebraic_geometry/chapters/ch39_weil_divisors/chapter.tex	945	VOL06-EXPANSION	ACTIVE_KEEP	scripts/volume06/audit_example_exercise_balance.py;scripts/volume06/audit_example_exercise_expansion.py;scripts/volume06/expansion_common.py	% END VOL06-EXPANSION VI39-exercises-01	keep; active tooling references this marker family
VI	books/vol06_algebraic_geometry/chapters/ch40_cartier_divisors/chapter.tex	113	VOL06-EXPANSION	ACTIVE_KEEP	scripts/volume06/audit_example_exercise_balance.py;scripts/volume06/audit_example_exercise_expansion.py;scripts/volume06/expansion_common.py	% BEGIN VOL06-EXPANSION VI40-example-01	keep; active tooling references this marker family
VI	books/vol06_algebraic_geometry/chapters/ch40_cartier_divisors/chapter.tex	117	VOL06-EXPANSION	ACTIVE_KEEP	scripts/volume06/audit_example_exercise_balance.py;scripts/volume06/audit_example_exercise_expansion.py;scripts/volume06/expansion_common.py	% END VOL06-EXPANSION VI40-example-01	keep; active tooling references this marker family
VI	books/vol06_algebraic_geometry/chapters/ch40_cartier_divisors/chapter.tex	206	VOL06-EXPANSION	ACTIVE_KEEP	scripts/volume06/audit_example_exercise_balance.py;scripts/volume06/audit_example_exercise_expansion.py;scripts/volume06/expansion_common.py	% BEGIN VOL06-EXPANSION VI40-example-02	keep; active tooling references this marker family
VI	books/vol06_algebraic_geometry/chapters/ch40_cartier_divisors/chapter.tex	210	VOL06-EXPANSION	ACTIVE_KEEP	scripts/volume06/audit_example_exercise_balance.py;scripts/volume06/audit_example_exercise_expansion.py;scripts/volume06/expansion_common.py	% END VOL06-EXPANSION VI40-example-02	keep; active tooling references this marker family
VI	books/vol06_algebraic_geometry/chapters/ch40_cartier_divisors/chapter.tex	331	VOL06-EXPANSION	ACTIVE_KEEP	scripts/volume06/audit_example_exercise_balance.py;scripts/volume06/audit_example_exercise_expansion.py;scripts/volume06/expansion_common.py	% BEGIN VOL06-EXPANSION VI40-example-03	keep; active tooling references this marker family
VI	books/vol06_algebraic_geometry/chapters/ch40_cartier_divisors/chapter.tex	335	VOL06-EXPANSION	ACTIVE_KEEP	scripts/volume06/audit_example_exercise_balance.py;scripts/volume06/audit_example_exercise_expansion.py;scripts/volume06/expansion_common.py	% END VOL06-EXPANSION VI40-example-03	keep; active tooling references this marker family
VI	books/vol06_algebraic_geometry/chapters/ch40_cartier_divisors/chapter.tex	494	PEDAGOGY-ENRICHED-VI	ACTIVE_KEEP	scripts/volume06/audit_pedagogy.py;scripts/volume06/enrich_hints.py;scripts/volume07/audit_pedagogy.py;scripts/volume07/enrich_hints.py	% PEDAGOGY-ENRICHED-VI	keep; active tooling references this marker family
VI	books/vol06_algebraic_geometry/chapters/ch40_cartier_divisors/chapter.tex	503	PEDAGOGY-ENRICHED-VI	ACTIVE_KEEP	scripts/volume06/audit_pedagogy.py;scripts/volume06/enrich_hints.py;scripts/volume07/audit_pedagogy.py;scripts/volume07/enrich_hints.py	% PEDAGOGY-ENRICHED-VI	keep; active tooling references this marker family
VI	books/vol06_algebraic_geometry/chapters/ch40_cartier_divisors/chapter.tex	512	PEDAGOGY-ENRICHED-VI	ACTIVE_KEEP	scripts/volume06/audit_pedagogy.py;scripts/volume06/enrich_hints.py;scripts/volume07/audit_pedagogy.py;scripts/volume07/enrich_hints.py	% PEDAGOGY-ENRICHED-VI	keep; active tooling references this marker family
VI	books/vol06_algebraic_geometry/chapters/ch40_cartier_divisors/chapter.tex	521	PEDAGOGY-ENRICHED-VI	ACTIVE_KEEP	scripts/volume06/audit_pedagogy.py;scripts/volume06/enrich_hints.py;scripts/volume07/audit_pedagogy.py;scripts/volume07/enrich_hints.py	% PEDAGOGY-ENRICHED-VI	keep; active tooling references this marker family
VI	books/vol06_algebraic_geometry/chapters/ch40_cartier_divisors/chapter.tex	530	PEDAGOGY-ENRICHED-VI	ACTIVE_KEEP	scripts/volume06/audit_pedagogy.py;scripts/volume06/enrich_hints.py;scripts/volume07/audit_pedagogy.py;scripts/volume07/enrich_hints.py	% PEDAGOGY-ENRICHED-VI	keep; active tooling references this marker family
VI	books/vol06_algebraic_geometry/chapters/ch40_cartier_divisors/chapter.tex	539	PEDAGOGY-ENRICHED-VI	ACTIVE_KEEP	scripts/volume06/audit_pedagogy.py;scripts/volume06/enrich_hints.py;scripts/volume07/audit_pedagogy.py;scripts/volume07/enrich_hints.py	% PEDAGOGY-ENRICHED-VI	keep; active tooling references this marker family
VI	books/vol06_algebraic_geometry/chapters/ch40_cartier_divisors/chapter.tex	548	PEDAGOGY-ENRICHED-VI	ACTIVE_KEEP	scripts/volume06/audit_pedagogy.py;scripts/volume06/enrich_hints.py;scripts/volume07/audit_pedagogy.py;scripts/volume07/enrich_hints.py	% PEDAGOGY-ENRICHED-VI	keep; active tooling references this marker family
VI	books/vol06_algebraic_geometry/chapters/ch40_cartier_divisors/chapter.tex	557	PEDAGOGY-ENRICHED-VI	ACTIVE_KEEP	scripts/volume06/audit_pedagogy.py;scripts/volume06/enrich_hints.py;scripts/volume07/audit_pedagogy.py;scripts/volume07/enrich_hints.py	% PEDAGOGY-ENRICHED-VI	keep; active tooling references this marker family
VI	books/vol06_algebraic_geometry/chapters/ch40_cartier_divisors/chapter.tex	566	PEDAGOGY-ENRICHED-VI	ACTIVE_KEEP	scripts/volume06/audit_pedagogy.py;scripts/volume06/enrich_hints.py;scripts/volume07/audit_pedagogy.py;scripts/volume07/enrich_hints.py	% PEDAGOGY-ENRICHED-VI	keep; active tooling references this marker family
VI	books/vol06_algebraic_geometry/chapters/ch40_cartier_divisors/chapter.tex	575	PEDAGOGY-ENRICHED-VI	ACTIVE_KEEP	scripts/volume06/audit_pedagogy.py;scripts/volume06/enrich_hints.py;scripts/volume07/audit_pedagogy.py;scripts/volume07/enrich_hints.py	% PEDAGOGY-ENRICHED-VI	keep; active tooling references this marker family
VI	books/vol06_algebraic_geometry/chapters/ch40_cartier_divisors/chapter.tex	584	PEDAGOGY-ENRICHED-VI	ACTIVE_KEEP	scripts/volume06/audit_pedagogy.py;scripts/volume06/enrich_hints.py;scripts/volume07/audit_pedagogy.py;scripts/volume07/enrich_hints.py	% PEDAGOGY-ENRICHED-VI	keep; active tooling references this marker family
VI	books/vol06_algebraic_geometry/chapters/ch40_cartier_divisors/chapter.tex	593	PEDAGOGY-ENRICHED-VI	ACTIVE_KEEP	scripts/volume06/audit_pedagogy.py;scripts/volume06/enrich_hints.py;scripts/volume07/audit_pedagogy.py;scripts/volume07/enrich_hints.py	% PEDAGOGY-ENRICHED-VI	keep; active tooling references this marker family
VI	books/vol06_algebraic_geometry/chapters/ch40_cartier_divisors/chapter.tex	602	PEDAGOGY-ENRICHED-VI	ACTIVE_KEEP	scripts/volume06/audit_pedagogy.py;scripts/volume06/enrich_hints.py;scripts/volume07/audit_pedagogy.py;scripts/volume07/enrich_hints.py	% PEDAGOGY-ENRICHED-VI	keep; active tooling references this marker family
VI	books/vol06_algebraic_geometry/chapters/ch40_cartier_divisors/chapter.tex	611	PEDAGOGY-ENRICHED-VI	ACTIVE_KEEP	scripts/volume06/audit_pedagogy.py;scripts/volume06/enrich_hints.py;scripts/volume07/audit_pedagogy.py;scripts/volume07/enrich_hints.py	% PEDAGOGY-ENRICHED-VI	keep; active tooling references this marker family
VI	books/vol06_algebraic_geometry/chapters/ch40_cartier_divisors/chapter.tex	620	PEDAGOGY-ENRICHED-VI	ACTIVE_KEEP	scripts/volume06/audit_pedagogy.py;scripts/volume06/enrich_hints.py;scripts/volume07/audit_pedagogy.py;scripts/volume07/enrich_hints.py	% PEDAGOGY-ENRICHED-VI	keep; active tooling references this marker family
VI	books/vol06_algebraic_geometry/chapters/ch40_cartier_divisors/chapter.tex	629	PEDAGOGY-ENRICHED-VI	ACTIVE_KEEP	scripts/volume06/audit_pedagogy.py;scripts/volume06/enrich_hints.py;scripts/volume07/audit_pedagogy.py;scripts/volume07/enrich_hints.py	% PEDAGOGY-ENRICHED-VI	keep; active tooling references this marker family
VI	books/vol06_algebraic_geometry/chapters/ch40_cartier_divisors/chapter.tex	638	PEDAGOGY-ENRICHED-VI	ACTIVE_KEEP	scripts/volume06/audit_pedagogy.py;scripts/volume06/enrich_hints.py;scripts/volume07/audit_pedagogy.py;scripts/volume07/enrich_hints.py	% PEDAGOGY-ENRICHED-VI	keep; active tooling references this marker family
VI	books/vol06_algebraic_geometry/chapters/ch40_cartier_divisors/chapter.tex	647	PEDAGOGY-ENRICHED-VI	ACTIVE_KEEP	scripts/volume06/audit_pedagogy.py;scripts/volume06/enrich_hints.py;scripts/volume07/audit_pedagogy.py;scripts/volume07/enrich_hints.py	% PEDAGOGY-ENRICHED-VI	keep; active tooling references this marker family
VI	books/vol06_algebraic_geometry/chapters/ch40_cartier_divisors/chapter.tex	656	PEDAGOGY-ENRICHED-VI	ACTIVE_KEEP	scripts/volume06/audit_pedagogy.py;scripts/volume06/enrich_hints.py;scripts/volume07/audit_pedagogy.py;scripts/volume07/enrich_hints.py	% PEDAGOGY-ENRICHED-VI	keep; active tooling references this marker family
VI	books/vol06_algebraic_geometry/chapters/ch40_cartier_divisors/chapter.tex	665	PEDAGOGY-ENRICHED-VI	ACTIVE_KEEP	scripts/volume06/audit_pedagogy.py;scripts/volume06/enrich_hints.py;scripts/volume07/audit_pedagogy.py;scripts/volume07/enrich_hints.py	% PEDAGOGY-ENRICHED-VI	keep; active tooling references this marker family
VI	books/vol06_algebraic_geometry/chapters/ch40_cartier_divisors/chapter.tex	674	PEDAGOGY-ENRICHED-VI	ACTIVE_KEEP	scripts/volume06/audit_pedagogy.py;scripts/volume06/enrich_hints.py;scripts/volume07/audit_pedagogy.py;scripts/volume07/enrich_hints.py	% PEDAGOGY-ENRICHED-VI	keep; active tooling references this marker family
VI	books/vol06_algebraic_geometry/chapters/ch40_cartier_divisors/chapter.tex	683	PEDAGOGY-ENRICHED-VI	ACTIVE_KEEP	scripts/volume06/audit_pedagogy.py;scripts/volume06/enrich_hints.py;scripts/volume07/audit_pedagogy.py;scripts/volume07/enrich_hints.py	% PEDAGOGY-ENRICHED-VI	keep; active tooling references this marker family
VI	books/vol06_algebraic_geometry/chapters/ch40_cartier_divisors/chapter.tex	692	PEDAGOGY-ENRICHED-VI	ACTIVE_KEEP	scripts/volume06/audit_pedagogy.py;scripts/volume06/enrich_hints.py;scripts/volume07/audit_pedagogy.py;scripts/volume07/enrich_hints.py	% PEDAGOGY-ENRICHED-VI	keep; active tooling references this marker family
VI	books/vol06_algebraic_geometry/chapters/ch40_cartier_divisors/chapter.tex	701	PEDAGOGY-ENRICHED-VI	ACTIVE_KEEP	scripts/volume06/audit_pedagogy.py;scripts/volume06/enrich_hints.py;scripts/volume07/audit_pedagogy.py;scripts/volume07/enrich_hints.py	% PEDAGOGY-ENRICHED-VI	keep; active tooling references this marker family
VI	books/vol06_algebraic_geometry/chapters/ch40_cartier_divisors/chapter.tex	795	VOL06-EXPANSION	ACTIVE_KEEP	scripts/volume06/audit_example_exercise_balance.py;scripts/volume06/audit_example_exercise_expansion.py;scripts/volume06/expansion_common.py	% BEGIN VOL06-EXPANSION VI40-exercises-01	keep; active tooling references this marker family
VI	books/vol06_algebraic_geometry/chapters/ch40_cartier_divisors/chapter.tex	969	VOL06-EXPANSION	ACTIVE_KEEP	scripts/volume06/audit_example_exercise_balance.py;scripts/volume06/audit_example_exercise_expansion.py;scripts/volume06/expansion_common.py	% END VOL06-EXPANSION VI40-exercises-01	keep; active tooling references this marker family
VI	books/vol06_algebraic_geometry/chapters/ch41_divisor_class_groups/chapter.tex	204	VOL06-EXPANSION	ACTIVE_KEEP	scripts/volume06/audit_example_exercise_balance.py;scripts/volume06/audit_example_exercise_expansion.py;scripts/volume06/expansion_common.py	% BEGIN VOL06-EXPANSION VI41-example-01	keep; active tooling references this marker family
VI	books/vol06_algebraic_geometry/chapters/ch41_divisor_class_groups/chapter.tex	208	VOL06-EXPANSION	ACTIVE_KEEP	scripts/volume06/audit_example_exercise_balance.py;scripts/volume06/audit_example_exercise_expansion.py;scripts/volume06/expansion_common.py	% END VOL06-EXPANSION VI41-example-01	keep; active tooling references this marker family
VI	books/vol06_algebraic_geometry/chapters/ch41_divisor_class_groups/chapter.tex	434	VOL06-EXPANSION	ACTIVE_KEEP	scripts/volume06/audit_example_exercise_balance.py;scripts/volume06/audit_example_exercise_expansion.py;scripts/volume06/expansion_common.py	% BEGIN VOL06-EXPANSION VI41-example-02	keep; active tooling references this marker family
VI	books/vol06_algebraic_geometry/chapters/ch41_divisor_class_groups/chapter.tex	438	VOL06-EXPANSION	ACTIVE_KEEP	scripts/volume06/audit_example_exercise_balance.py;scripts/volume06/audit_example_exercise_expansion.py;scripts/volume06/expansion_common.py	% END VOL06-EXPANSION VI41-example-02	keep; active tooling references this marker family
VI	books/vol06_algebraic_geometry/chapters/ch41_divisor_class_groups/chapter.tex	654	VOL06-EXPANSION	ACTIVE_KEEP	scripts/volume06/audit_example_exercise_balance.py;scripts/volume06/audit_example_exercise_expansion.py;scripts/volume06/expansion_common.py	% BEGIN VOL06-EXPANSION VI41-example-03	keep; active tooling references this marker family
VI	books/vol06_algebraic_geometry/chapters/ch41_divisor_class_groups/chapter.tex	658	VOL06-EXPANSION	ACTIVE_KEEP	scripts/volume06/audit_example_exercise_balance.py;scripts/volume06/audit_example_exercise_expansion.py;scripts/volume06/expansion_common.py	% END VOL06-EXPANSION VI41-example-03	keep; active tooling references this marker family
VI	books/vol06_algebraic_geometry/chapters/ch41_divisor_class_groups/chapter.tex	1078	VOL06-EXPANSION	ACTIVE_KEEP	scripts/volume06/audit_example_exercise_balance.py;scripts/volume06/audit_example_exercise_expansion.py;scripts/volume06/expansion_common.py	% BEGIN VOL06-EXPANSION VI41-exercises-01	keep; active tooling references this marker family
VI	books/vol06_algebraic_geometry/chapters/ch41_divisor_class_groups/chapter.tex	1252	VOL06-EXPANSION	ACTIVE_KEEP	scripts/volume06/audit_example_exercise_balance.py;scripts/volume06/audit_example_exercise_expansion.py;scripts/volume06/expansion_common.py	% END VOL06-EXPANSION VI41-exercises-01	keep; active tooling references this marker family
VI	books/vol06_algebraic_geometry/chapters/ch42_line_bundles_and_picard_groups/chapter.tex	217	VOL06-EXPANSION	ACTIVE_KEEP	scripts/volume06/audit_example_exercise_balance.py;scripts/volume06/audit_example_exercise_expansion.py;scripts/volume06/expansion_common.py	% BEGIN VOL06-EXPANSION VI42-example-01	keep; active tooling references this marker family
VI	books/vol06_algebraic_geometry/chapters/ch42_line_bundles_and_picard_groups/chapter.tex	221	VOL06-EXPANSION	ACTIVE_KEEP	scripts/volume06/audit_example_exercise_balance.py;scripts/volume06/audit_example_exercise_expansion.py;scripts/volume06/expansion_common.py	% END VOL06-EXPANSION VI42-example-01	keep; active tooling references this marker family
VI	books/vol06_algebraic_geometry/chapters/ch42_line_bundles_and_picard_groups/chapter.tex	406	VOL06-EXPANSION	ACTIVE_KEEP	scripts/volume06/audit_example_exercise_balance.py;scripts/volume06/audit_example_exercise_expansion.py;scripts/volume06/expansion_common.py	% BEGIN VOL06-EXPANSION VI42-example-02	keep; active tooling references this marker family
VI	books/vol06_algebraic_geometry/chapters/ch42_line_bundles_and_picard_groups/chapter.tex	410	VOL06-EXPANSION	ACTIVE_KEEP	scripts/volume06/audit_example_exercise_balance.py;scripts/volume06/audit_example_exercise_expansion.py;scripts/volume06/expansion_common.py	% END VOL06-EXPANSION VI42-example-02	keep; active tooling references this marker family
VI	books/vol06_algebraic_geometry/chapters/ch42_line_bundles_and_picard_groups/chapter.tex	574	VOL06-EXPANSION	ACTIVE_KEEP	scripts/volume06/audit_example_exercise_balance.py;scripts/volume06/audit_example_exercise_expansion.py;scripts/volume06/expansion_common.py	% BEGIN VOL06-EXPANSION VI42-example-03	keep; active tooling references this marker family
VI	books/vol06_algebraic_geometry/chapters/ch42_line_bundles_and_picard_groups/chapter.tex	578	VOL06-EXPANSION	ACTIVE_KEEP	scripts/volume06/audit_example_exercise_balance.py;scripts/volume06/audit_example_exercise_expansion.py;scripts/volume06/expansion_common.py	% END VOL06-EXPANSION VI42-example-03	keep; active tooling references this marker family
VI	books/vol06_algebraic_geometry/chapters/ch42_line_bundles_and_picard_groups/chapter.tex	996	VOL06-EXPANSION	ACTIVE_KEEP	scripts/volume06/audit_example_exercise_balance.py;scripts/volume06/audit_example_exercise_expansion.py;scripts/volume06/expansion_common.py	% BEGIN VOL06-EXPANSION VI42-exercises-01	keep; active tooling references this marker family
VI	books/vol06_algebraic_geometry/chapters/ch42_line_bundles_and_picard_groups/chapter.tex	1170	VOL06-EXPANSION	ACTIVE_KEEP	scripts/volume06/audit_example_exercise_balance.py;scripts/volume06/audit_example_exercise_expansion.py;scripts/volume06/expansion_common.py	% END VOL06-EXPANSION VI42-exercises-01	keep; active tooling references this marker family
VI	books/vol06_algebraic_geometry/chapters/ch42_line_bundles_and_picard_groups/exercise_hints.tex	5	PEDAGOGY-ENRICHED-VI	ACTIVE_KEEP	scripts/volume06/audit_pedagogy.py;scripts/volume06/enrich_hints.py;scripts/volume07/audit_pedagogy.py;scripts/volume07/enrich_hints.py	% PEDAGOGY-ENRICHED-VI	keep; active tooling references this marker family
VI	books/vol06_algebraic_geometry/chapters/ch42_line_bundles_and_picard_groups/exercise_hints.tex	12	PEDAGOGY-ENRICHED-VI	ACTIVE_KEEP	scripts/volume06/audit_pedagogy.py;scripts/volume06/enrich_hints.py;scripts/volume07/audit_pedagogy.py;scripts/volume07/enrich_hints.py	% PEDAGOGY-ENRICHED-VI	keep; active tooling references this marker family
VI	books/vol06_algebraic_geometry/chapters/ch42_line_bundles_and_picard_groups/exercise_hints.tex	19	PEDAGOGY-ENRICHED-VI	ACTIVE_KEEP	scripts/volume06/audit_pedagogy.py;scripts/volume06/enrich_hints.py;scripts/volume07/audit_pedagogy.py;scripts/volume07/enrich_hints.py	% PEDAGOGY-ENRICHED-VI	keep; active tooling references this marker family
VI	books/vol06_algebraic_geometry/chapters/ch42_line_bundles_and_picard_groups/exercise_hints.tex	26	PEDAGOGY-ENRICHED-VI	ACTIVE_KEEP	scripts/volume06/audit_pedagogy.py;scripts/volume06/enrich_hints.py;scripts/volume07/audit_pedagogy.py;scripts/volume07/enrich_hints.py	% PEDAGOGY-ENRICHED-VI	keep; active tooling references this marker family
VI	books/vol06_algebraic_geometry/chapters/ch42_line_bundles_and_picard_groups/exercise_hints.tex	33	PEDAGOGY-ENRICHED-VI	ACTIVE_KEEP	scripts/volume06/audit_pedagogy.py;scripts/volume06/enrich_hints.py;scripts/volume07/audit_pedagogy.py;scripts/volume07/enrich_hints.py	% PEDAGOGY-ENRICHED-VI	keep; active tooling references this marker family
VI	books/vol06_algebraic_geometry/chapters/ch42_line_bundles_and_picard_groups/exercise_hints.tex	40	PEDAGOGY-ENRICHED-VI	ACTIVE_KEEP	scripts/volume06/audit_pedagogy.py;scripts/volume06/enrich_hints.py;scripts/volume07/audit_pedagogy.py;scripts/volume07/enrich_hints.py	% PEDAGOGY-ENRICHED-VI	keep; active tooling references this marker family
VI	books/vol06_algebraic_geometry/chapters/ch42_line_bundles_and_picard_groups/exercise_hints.tex	47	PEDAGOGY-ENRICHED-VI	ACTIVE_KEEP	scripts/volume06/audit_pedagogy.py;scripts/volume06/enrich_hints.py;scripts/volume07/audit_pedagogy.py;scripts/volume07/enrich_hints.py	% PEDAGOGY-ENRICHED-VI	keep; active tooling references this marker family
VI	books/vol06_algebraic_geometry/chapters/ch42_line_bundles_and_picard_groups/exercise_hints.tex	54	PEDAGOGY-ENRICHED-VI	ACTIVE_KEEP	scripts/volume06/audit_pedagogy.py;scripts/volume06/enrich_hints.py;scripts/volume07/audit_pedagogy.py;scripts/volume07/enrich_hints.py	% PEDAGOGY-ENRICHED-VI	keep; active tooling references this marker family
VI	books/vol06_algebraic_geometry/chapters/ch42_line_bundles_and_picard_groups/exercise_hints.tex	61	PEDAGOGY-ENRICHED-VI	ACTIVE_KEEP	scripts/volume06/audit_pedagogy.py;scripts/volume06/enrich_hints.py;scripts/volume07/audit_pedagogy.py;scripts/volume07/enrich_hints.py	% PEDAGOGY-ENRICHED-VI	keep; active tooling references this marker family
VI	books/vol06_algebraic_geometry/chapters/ch42_line_bundles_and_picard_groups/exercise_hints.tex	68	PEDAGOGY-ENRICHED-VI	ACTIVE_KEEP	scripts/volume06/audit_pedagogy.py;scripts/volume06/enrich_hints.py;scripts/volume07/audit_pedagogy.py;scripts/volume07/enrich_hints.py	% PEDAGOGY-ENRICHED-VI	keep; active tooling references this marker family
VI	books/vol06_algebraic_geometry/chapters/ch42_line_bundles_and_picard_groups/exercise_hints.tex	75	PEDAGOGY-ENRICHED-VI	ACTIVE_KEEP	scripts/volume06/audit_pedagogy.py;scripts/volume06/enrich_hints.py;scripts/volume07/audit_pedagogy.py;scripts/volume07/enrich_hints.py	% PEDAGOGY-ENRICHED-VI	keep; active tooling references this marker family
VI	books/vol06_algebraic_geometry/chapters/ch42_line_bundles_and_picard_groups/exercise_hints.tex	82	PEDAGOGY-ENRICHED-VI	ACTIVE_KEEP	scripts/volume06/audit_pedagogy.py;scripts/volume06/enrich_hints.py;scripts/volume07/audit_pedagogy.py;scripts/volume07/enrich_hints.py	% PEDAGOGY-ENRICHED-VI	keep; active tooling references this marker family
VI	books/vol06_algebraic_geometry/chapters/ch42_line_bundles_and_picard_groups/exercise_hints.tex	89	PEDAGOGY-ENRICHED-VI	ACTIVE_KEEP	scripts/volume06/audit_pedagogy.py;scripts/volume06/enrich_hints.py;scripts/volume07/audit_pedagogy.py;scripts/volume07/enrich_hints.py	% PEDAGOGY-ENRICHED-VI	keep; active tooling references this marker family
VI	books/vol06_algebraic_geometry/chapters/ch42_line_bundles_and_picard_groups/exercise_hints.tex	96	PEDAGOGY-ENRICHED-VI	ACTIVE_KEEP	scripts/volume06/audit_pedagogy.py;scripts/volume06/enrich_hints.py;scripts/volume07/audit_pedagogy.py;scripts/volume07/enrich_hints.py	% PEDAGOGY-ENRICHED-VI	keep; active tooling references this marker family
VI	books/vol06_algebraic_geometry/chapters/ch42_line_bundles_and_picard_groups/exercise_hints.tex	103	PEDAGOGY-ENRICHED-VI	ACTIVE_KEEP	scripts/volume06/audit_pedagogy.py;scripts/volume06/enrich_hints.py;scripts/volume07/audit_pedagogy.py;scripts/volume07/enrich_hints.py	% PEDAGOGY-ENRICHED-VI	keep; active tooling references this marker family
VI	books/vol06_algebraic_geometry/chapters/ch42_line_bundles_and_picard_groups/exercise_hints.tex	110	PEDAGOGY-ENRICHED-VI	ACTIVE_KEEP	scripts/volume06/audit_pedagogy.py;scripts/volume06/enrich_hints.py;scripts/volume07/audit_pedagogy.py;scripts/volume07/enrich_hints.py	% PEDAGOGY-ENRICHED-VI	keep; active tooling references this marker family
VI	books/vol06_algebraic_geometry/chapters/ch42_line_bundles_and_picard_groups/exercise_hints.tex	117	PEDAGOGY-ENRICHED-VI	ACTIVE_KEEP	scripts/volume06/audit_pedagogy.py;scripts/volume06/enrich_hints.py;scripts/volume07/audit_pedagogy.py;scripts/volume07/enrich_hints.py	% PEDAGOGY-ENRICHED-VI	keep; active tooling references this marker family
VI	books/vol06_algebraic_geometry/chapters/ch42_line_bundles_and_picard_groups/exercise_hints.tex	124	PEDAGOGY-ENRICHED-VI	ACTIVE_KEEP	scripts/volume06/audit_pedagogy.py;scripts/volume06/enrich_hints.py;scripts/volume07/audit_pedagogy.py;scripts/volume07/enrich_hints.py	% PEDAGOGY-ENRICHED-VI	keep; active tooling references this marker family
VI	books/vol06_algebraic_geometry/chapters/ch42_line_bundles_and_picard_groups/exercise_hints.tex	131	PEDAGOGY-ENRICHED-VI	ACTIVE_KEEP	scripts/volume06/audit_pedagogy.py;scripts/volume06/enrich_hints.py;scripts/volume07/audit_pedagogy.py;scripts/volume07/enrich_hints.py	% PEDAGOGY-ENRICHED-VI	keep; active tooling references this marker family
VI	books/vol06_algebraic_geometry/chapters/ch42_line_bundles_and_picard_groups/exercise_hints.tex	138	PEDAGOGY-ENRICHED-VI	ACTIVE_KEEP	scripts/volume06/audit_pedagogy.py;scripts/volume06/enrich_hints.py;scripts/volume07/audit_pedagogy.py;scripts/volume07/enrich_hints.py	% PEDAGOGY-ENRICHED-VI	keep; active tooling references this marker family
VI	books/vol06_algebraic_geometry/chapters/ch42_line_bundles_and_picard_groups/exercise_hints.tex	145	PEDAGOGY-ENRICHED-VI	ACTIVE_KEEP	scripts/volume06/audit_pedagogy.py;scripts/volume06/enrich_hints.py;scripts/volume07/audit_pedagogy.py;scripts/volume07/enrich_hints.py	% PEDAGOGY-ENRICHED-VI	keep; active tooling references this marker family
VI	books/vol06_algebraic_geometry/chapters/ch42_line_bundles_and_picard_groups/exercise_hints.tex	152	PEDAGOGY-ENRICHED-VI	ACTIVE_KEEP	scripts/volume06/audit_pedagogy.py;scripts/volume06/enrich_hints.py;scripts/volume07/audit_pedagogy.py;scripts/volume07/enrich_hints.py	% PEDAGOGY-ENRICHED-VI	keep; active tooling references this marker family
VI	books/vol06_algebraic_geometry/chapters/ch42_line_bundles_and_picard_groups/exercise_hints.tex	159	PEDAGOGY-ENRICHED-VI	ACTIVE_KEEP	scripts/volume06/audit_pedagogy.py;scripts/volume06/enrich_hints.py;scripts/volume07/audit_pedagogy.py;scripts/volume07/enrich_hints.py	% PEDAGOGY-ENRICHED-VI	keep; active tooling references this marker family
VI	books/vol06_algebraic_geometry/chapters/ch42_line_bundles_and_picard_groups/exercise_hints.tex	166	PEDAGOGY-ENRICHED-VI	ACTIVE_KEEP	scripts/volume06/audit_pedagogy.py;scripts/volume06/enrich_hints.py;scripts/volume07/audit_pedagogy.py;scripts/volume07/enrich_hints.py	% PEDAGOGY-ENRICHED-VI	keep; active tooling references this marker family
VI	books/vol06_algebraic_geometry/chapters/ch43_plane_cubics/chapter.tex	165	VOL06-EXPANSION	ACTIVE_KEEP	scripts/volume06/audit_example_exercise_balance.py;scripts/volume06/audit_example_exercise_expansion.py;scripts/volume06/expansion_common.py	% BEGIN VOL06-EXPANSION VI43-example-01	keep; active tooling references this marker family
VI	books/vol06_algebraic_geometry/chapters/ch43_plane_cubics/chapter.tex	169	VOL06-EXPANSION	ACTIVE_KEEP	scripts/volume06/audit_example_exercise_balance.py;scripts/volume06/audit_example_exercise_expansion.py;scripts/volume06/expansion_common.py	% END VOL06-EXPANSION VI43-example-01	keep; active tooling references this marker family
VI	books/vol06_algebraic_geometry/chapters/ch43_plane_cubics/chapter.tex	432	VOL06-EXPANSION	ACTIVE_KEEP	scripts/volume06/audit_example_exercise_balance.py;scripts/volume06/audit_example_exercise_expansion.py;scripts/volume06/expansion_common.py	% BEGIN VOL06-EXPANSION VI43-example-02	keep; active tooling references this marker family
VI	books/vol06_algebraic_geometry/chapters/ch43_plane_cubics/chapter.tex	436	VOL06-EXPANSION	ACTIVE_KEEP	scripts/volume06/audit_example_exercise_balance.py;scripts/volume06/audit_example_exercise_expansion.py;scripts/volume06/expansion_common.py	% END VOL06-EXPANSION VI43-example-02	keep; active tooling references this marker family
VI	books/vol06_algebraic_geometry/chapters/ch43_plane_cubics/chapter.tex	555	VOL06-EXPANSION	ACTIVE_KEEP	scripts/volume06/audit_example_exercise_balance.py;scripts/volume06/audit_example_exercise_expansion.py;scripts/volume06/expansion_common.py	% BEGIN VOL06-EXPANSION VI43-example-03	keep; active tooling references this marker family
VI	books/vol06_algebraic_geometry/chapters/ch43_plane_cubics/chapter.tex	559	VOL06-EXPANSION	ACTIVE_KEEP	scripts/volume06/audit_example_exercise_balance.py;scripts/volume06/audit_example_exercise_expansion.py;scripts/volume06/expansion_common.py	% END VOL06-EXPANSION VI43-example-03	keep; active tooling references this marker family
VI	books/vol06_algebraic_geometry/chapters/ch43_plane_cubics/chapter.tex	870	VOL06-EXPANSION	ACTIVE_KEEP	scripts/volume06/audit_example_exercise_balance.py;scripts/volume06/audit_example_exercise_expansion.py;scripts/volume06/expansion_common.py	% BEGIN VOL06-EXPANSION VI43-exercises-01	keep; active tooling references this marker family
VI	books/vol06_algebraic_geometry/chapters/ch43_plane_cubics/chapter.tex	1044	VOL06-EXPANSION	ACTIVE_KEEP	scripts/volume06/audit_example_exercise_balance.py;scripts/volume06/audit_example_exercise_expansion.py;scripts/volume06/expansion_common.py	% END VOL06-EXPANSION VI43-exercises-01	keep; active tooling references this marker family
VI	books/vol06_algebraic_geometry/chapters/ch43_plane_cubics/exercise_hints.tex	5	PEDAGOGY-ENRICHED-VI	ACTIVE_KEEP	scripts/volume06/audit_pedagogy.py;scripts/volume06/enrich_hints.py;scripts/volume07/audit_pedagogy.py;scripts/volume07/enrich_hints.py	% PEDAGOGY-ENRICHED-VI	keep; active tooling references this marker family
VI	books/vol06_algebraic_geometry/chapters/ch43_plane_cubics/exercise_hints.tex	12	PEDAGOGY-ENRICHED-VI	ACTIVE_KEEP	scripts/volume06/audit_pedagogy.py;scripts/volume06/enrich_hints.py;scripts/volume07/audit_pedagogy.py;scripts/volume07/enrich_hints.py	% PEDAGOGY-ENRICHED-VI	keep; active tooling references this marker family
VI	books/vol06_algebraic_geometry/chapters/ch43_plane_cubics/exercise_hints.tex	19	PEDAGOGY-ENRICHED-VI	ACTIVE_KEEP	scripts/volume06/audit_pedagogy.py;scripts/volume06/enrich_hints.py;scripts/volume07/audit_pedagogy.py;scripts/volume07/enrich_hints.py	% PEDAGOGY-ENRICHED-VI	keep; active tooling references this marker family
VI	books/vol06_algebraic_geometry/chapters/ch43_plane_cubics/exercise_hints.tex	26	PEDAGOGY-ENRICHED-VI	ACTIVE_KEEP	scripts/volume06/audit_pedagogy.py;scripts/volume06/enrich_hints.py;scripts/volume07/audit_pedagogy.py;scripts/volume07/enrich_hints.py	% PEDAGOGY-ENRICHED-VI	keep; active tooling references this marker family
VI	books/vol06_algebraic_geometry/chapters/ch43_plane_cubics/exercise_hints.tex	33	PEDAGOGY-ENRICHED-VI	ACTIVE_KEEP	scripts/volume06/audit_pedagogy.py;scripts/volume06/enrich_hints.py;scripts/volume07/audit_pedagogy.py;scripts/volume07/enrich_hints.py	% PEDAGOGY-ENRICHED-VI	keep; active tooling references this marker family
VI	books/vol06_algebraic_geometry/chapters/ch43_plane_cubics/exercise_hints.tex	40	PEDAGOGY-ENRICHED-VI	ACTIVE_KEEP	scripts/volume06/audit_pedagogy.py;scripts/volume06/enrich_hints.py;scripts/volume07/audit_pedagogy.py;scripts/volume07/enrich_hints.py	% PEDAGOGY-ENRICHED-VI	keep; active tooling references this marker family
VI	books/vol06_algebraic_geometry/chapters/ch43_plane_cubics/exercise_hints.tex	47	PEDAGOGY-ENRICHED-VI	ACTIVE_KEEP	scripts/volume06/audit_pedagogy.py;scripts/volume06/enrich_hints.py;scripts/volume07/audit_pedagogy.py;scripts/volume07/enrich_hints.py	% PEDAGOGY-ENRICHED-VI	keep; active tooling references this marker family
VI	books/vol06_algebraic_geometry/chapters/ch43_plane_cubics/exercise_hints.tex	54	PEDAGOGY-ENRICHED-VI	ACTIVE_KEEP	scripts/volume06/audit_pedagogy.py;scripts/volume06/enrich_hints.py;scripts/volume07/audit_pedagogy.py;scripts/volume07/enrich_hints.py	% PEDAGOGY-ENRICHED-VI	keep; active tooling references this marker family
VI	books/vol06_algebraic_geometry/chapters/ch43_plane_cubics/exercise_hints.tex	61	PEDAGOGY-ENRICHED-VI	ACTIVE_KEEP	scripts/volume06/audit_pedagogy.py;scripts/volume06/enrich_hints.py;scripts/volume07/audit_pedagogy.py;scripts/volume07/enrich_hints.py	% PEDAGOGY-ENRICHED-VI	keep; active tooling references this marker family
VI	books/vol06_algebraic_geometry/chapters/ch43_plane_cubics/exercise_hints.tex	68	PEDAGOGY-ENRICHED-VI	ACTIVE_KEEP	scripts/volume06/audit_pedagogy.py;scripts/volume06/enrich_hints.py;scripts/volume07/audit_pedagogy.py;scripts/volume07/enrich_hints.py	% PEDAGOGY-ENRICHED-VI	keep; active tooling references this marker family
VI	books/vol06_algebraic_geometry/chapters/ch43_plane_cubics/exercise_hints.tex	75	PEDAGOGY-ENRICHED-VI	ACTIVE_KEEP	scripts/volume06/audit_pedagogy.py;scripts/volume06/enrich_hints.py;scripts/volume07/audit_pedagogy.py;scripts/volume07/enrich_hints.py	% PEDAGOGY-ENRICHED-VI	keep; active tooling references this marker family
VI	books/vol06_algebraic_geometry/chapters/ch43_plane_cubics/exercise_hints.tex	82	PEDAGOGY-ENRICHED-VI	ACTIVE_KEEP	scripts/volume06/audit_pedagogy.py;scripts/volume06/enrich_hints.py;scripts/volume07/audit_pedagogy.py;scripts/volume07/enrich_hints.py	% PEDAGOGY-ENRICHED-VI	keep; active tooling references this marker family
VI	books/vol06_algebraic_geometry/chapters/ch43_plane_cubics/exercise_hints.tex	89	PEDAGOGY-ENRICHED-VI	ACTIVE_KEEP	scripts/volume06/audit_pedagogy.py;scripts/volume06/enrich_hints.py;scripts/volume07/audit_pedagogy.py;scripts/volume07/enrich_hints.py	% PEDAGOGY-ENRICHED-VI	keep; active tooling references this marker family
VI	books/vol06_algebraic_geometry/chapters/ch43_plane_cubics/exercise_hints.tex	96	PEDAGOGY-ENRICHED-VI	ACTIVE_KEEP	scripts/volume06/audit_pedagogy.py;scripts/volume06/enrich_hints.py;scripts/volume07/audit_pedagogy.py;scripts/volume07/enrich_hints.py	% PEDAGOGY-ENRICHED-VI	keep; active tooling references this marker family
VI	books/vol06_algebraic_geometry/chapters/ch43_plane_cubics/exercise_hints.tex	103	PEDAGOGY-ENRICHED-VI	ACTIVE_KEEP	scripts/volume06/audit_pedagogy.py;scripts/volume06/enrich_hints.py;scripts/volume07/audit_pedagogy.py;scripts/volume07/enrich_hints.py	% PEDAGOGY-ENRICHED-VI	keep; active tooling references this marker family
VI	books/vol06_algebraic_geometry/chapters/ch43_plane_cubics/exercise_hints.tex	110	PEDAGOGY-ENRICHED-VI	ACTIVE_KEEP	scripts/volume06/audit_pedagogy.py;scripts/volume06/enrich_hints.py;scripts/volume07/audit_pedagogy.py;scripts/volume07/enrich_hints.py	% PEDAGOGY-ENRICHED-VI	keep; active tooling references this marker family
VI	books/vol06_algebraic_geometry/chapters/ch43_plane_cubics/exercise_hints.tex	117	PEDAGOGY-ENRICHED-VI	ACTIVE_KEEP	scripts/volume06/audit_pedagogy.py;scripts/volume06/enrich_hints.py;scripts/volume07/audit_pedagogy.py;scripts/volume07/enrich_hints.py	% PEDAGOGY-ENRICHED-VI	keep; active tooling references this marker family
VI	books/vol06_algebraic_geometry/chapters/ch43_plane_cubics/exercise_hints.tex	124	PEDAGOGY-ENRICHED-VI	ACTIVE_KEEP	scripts/volume06/audit_pedagogy.py;scripts/volume06/enrich_hints.py;scripts/volume07/audit_pedagogy.py;scripts/volume07/enrich_hints.py	% PEDAGOGY-ENRICHED-VI	keep; active tooling references this marker family
VI	books/vol06_algebraic_geometry/chapters/ch43_plane_cubics/exercise_hints.tex	131	PEDAGOGY-ENRICHED-VI	ACTIVE_KEEP	scripts/volume06/audit_pedagogy.py;scripts/volume06/enrich_hints.py;scripts/volume07/audit_pedagogy.py;scripts/volume07/enrich_hints.py	% PEDAGOGY-ENRICHED-VI	keep; active tooling references this marker family
VI	books/vol06_algebraic_geometry/chapters/ch43_plane_cubics/exercise_hints.tex	138	PEDAGOGY-ENRICHED-VI	ACTIVE_KEEP	scripts/volume06/audit_pedagogy.py;scripts/volume06/enrich_hints.py;scripts/volume07/audit_pedagogy.py;scripts/volume07/enrich_hints.py	% PEDAGOGY-ENRICHED-VI	keep; active tooling references this marker family
VI	books/vol06_algebraic_geometry/chapters/ch43_plane_cubics/exercise_hints.tex	145	PEDAGOGY-ENRICHED-VI	ACTIVE_KEEP	scripts/volume06/audit_pedagogy.py;scripts/volume06/enrich_hints.py;scripts/volume07/audit_pedagogy.py;scripts/volume07/enrich_hints.py	% PEDAGOGY-ENRICHED-VI	keep; active tooling references this marker family
VI	books/vol06_algebraic_geometry/chapters/ch43_plane_cubics/exercise_hints.tex	152	PEDAGOGY-ENRICHED-VI	ACTIVE_KEEP	scripts/volume06/audit_pedagogy.py;scripts/volume06/enrich_hints.py;scripts/volume07/audit_pedagogy.py;scripts/volume07/enrich_hints.py	% PEDAGOGY-ENRICHED-VI	keep; active tooling references this marker family
VI	books/vol06_algebraic_geometry/chapters/ch43_plane_cubics/exercise_hints.tex	159	PEDAGOGY-ENRICHED-VI	ACTIVE_KEEP	scripts/volume06/audit_pedagogy.py;scripts/volume06/enrich_hints.py;scripts/volume07/audit_pedagogy.py;scripts/volume07/enrich_hints.py	% PEDAGOGY-ENRICHED-VI	keep; active tooling references this marker family
VI	books/vol06_algebraic_geometry/chapters/ch43_plane_cubics/exercise_hints.tex	166	PEDAGOGY-ENRICHED-VI	ACTIVE_KEEP	scripts/volume06/audit_pedagogy.py;scripts/volume06/enrich_hints.py;scripts/volume07/audit_pedagogy.py;scripts/volume07/enrich_hints.py	% PEDAGOGY-ENRICHED-VI	keep; active tooling references this marker family
VI	books/vol06_algebraic_geometry/chapters/ch44_cremona_transformations/chapter.tex	125	VOL06-EXPANSION	ACTIVE_KEEP	scripts/volume06/audit_example_exercise_balance.py;scripts/volume06/audit_example_exercise_expansion.py;scripts/volume06/expansion_common.py	% BEGIN VOL06-EXPANSION VI44-example-01	keep; active tooling references this marker family
VI	books/vol06_algebraic_geometry/chapters/ch44_cremona_transformations/chapter.tex	129	VOL06-EXPANSION	ACTIVE_KEEP	scripts/volume06/audit_example_exercise_balance.py;scripts/volume06/audit_example_exercise_expansion.py;scripts/volume06/expansion_common.py	% END VOL06-EXPANSION VI44-example-01	keep; active tooling references this marker family
VI	books/vol06_algebraic_geometry/chapters/ch44_cremona_transformations/chapter.tex	302	VOL06-EXPANSION	ACTIVE_KEEP	scripts/volume06/audit_example_exercise_balance.py;scripts/volume06/audit_example_exercise_expansion.py;scripts/volume06/expansion_common.py	% BEGIN VOL06-EXPANSION VI44-example-02	keep; active tooling references this marker family
VI	books/vol06_algebraic_geometry/chapters/ch44_cremona_transformations/chapter.tex	306	VOL06-EXPANSION	ACTIVE_KEEP	scripts/volume06/audit_example_exercise_balance.py;scripts/volume06/audit_example_exercise_expansion.py;scripts/volume06/expansion_common.py	% END VOL06-EXPANSION VI44-example-02	keep; active tooling references this marker family
VI	books/vol06_algebraic_geometry/chapters/ch44_cremona_transformations/chapter.tex	415	VOL06-EXPANSION	ACTIVE_KEEP	scripts/volume06/audit_example_exercise_balance.py;scripts/volume06/audit_example_exercise_expansion.py;scripts/volume06/expansion_common.py	% BEGIN VOL06-EXPANSION VI44-example-03	keep; active tooling references this marker family
VI	books/vol06_algebraic_geometry/chapters/ch44_cremona_transformations/chapter.tex	419	VOL06-EXPANSION	ACTIVE_KEEP	scripts/volume06/audit_example_exercise_balance.py;scripts/volume06/audit_example_exercise_expansion.py;scripts/volume06/expansion_common.py	% END VOL06-EXPANSION VI44-example-03	keep; active tooling references this marker family
VI	books/vol06_algebraic_geometry/chapters/ch44_cremona_transformations/chapter.tex	698	VOL06-EXPANSION	ACTIVE_KEEP	scripts/volume06/audit_example_exercise_balance.py;scripts/volume06/audit_example_exercise_expansion.py;scripts/volume06/expansion_common.py	% BEGIN VOL06-EXPANSION VI44-exercises-01	keep; active tooling references this marker family
VI	books/vol06_algebraic_geometry/chapters/ch44_cremona_transformations/chapter.tex	872	VOL06-EXPANSION	ACTIVE_KEEP	scripts/volume06/audit_example_exercise_balance.py;scripts/volume06/audit_example_exercise_expansion.py;scripts/volume06/expansion_common.py	% END VOL06-EXPANSION VI44-exercises-01	keep; active tooling references this marker family
VI	books/vol06_algebraic_geometry/chapters/ch44_cremona_transformations/exercise_hints.tex	5	PEDAGOGY-ENRICHED-VI	ACTIVE_KEEP	scripts/volume06/audit_pedagogy.py;scripts/volume06/enrich_hints.py;scripts/volume07/audit_pedagogy.py;scripts/volume07/enrich_hints.py	% PEDAGOGY-ENRICHED-VI	keep; active tooling references this marker family
VI	books/vol06_algebraic_geometry/chapters/ch44_cremona_transformations/exercise_hints.tex	12	PEDAGOGY-ENRICHED-VI	ACTIVE_KEEP	scripts/volume06/audit_pedagogy.py;scripts/volume06/enrich_hints.py;scripts/volume07/audit_pedagogy.py;scripts/volume07/enrich_hints.py	% PEDAGOGY-ENRICHED-VI	keep; active tooling references this marker family
VI	books/vol06_algebraic_geometry/chapters/ch44_cremona_transformations/exercise_hints.tex	19	PEDAGOGY-ENRICHED-VI	ACTIVE_KEEP	scripts/volume06/audit_pedagogy.py;scripts/volume06/enrich_hints.py;scripts/volume07/audit_pedagogy.py;scripts/volume07/enrich_hints.py	% PEDAGOGY-ENRICHED-VI	keep; active tooling references this marker family
VI	books/vol06_algebraic_geometry/chapters/ch44_cremona_transformations/exercise_hints.tex	26	PEDAGOGY-ENRICHED-VI	ACTIVE_KEEP	scripts/volume06/audit_pedagogy.py;scripts/volume06/enrich_hints.py;scripts/volume07/audit_pedagogy.py;scripts/volume07/enrich_hints.py	% PEDAGOGY-ENRICHED-VI	keep; active tooling references this marker family
VI	books/vol06_algebraic_geometry/chapters/ch44_cremona_transformations/exercise_hints.tex	33	PEDAGOGY-ENRICHED-VI	ACTIVE_KEEP	scripts/volume06/audit_pedagogy.py;scripts/volume06/enrich_hints.py;scripts/volume07/audit_pedagogy.py;scripts/volume07/enrich_hints.py	% PEDAGOGY-ENRICHED-VI	keep; active tooling references this marker family
VI	books/vol06_algebraic_geometry/chapters/ch44_cremona_transformations/exercise_hints.tex	40	PEDAGOGY-ENRICHED-VI	ACTIVE_KEEP	scripts/volume06/audit_pedagogy.py;scripts/volume06/enrich_hints.py;scripts/volume07/audit_pedagogy.py;scripts/volume07/enrich_hints.py	% PEDAGOGY-ENRICHED-VI	keep; active tooling references this marker family
VI	books/vol06_algebraic_geometry/chapters/ch44_cremona_transformations/exercise_hints.tex	47	PEDAGOGY-ENRICHED-VI	ACTIVE_KEEP	scripts/volume06/audit_pedagogy.py;scripts/volume06/enrich_hints.py;scripts/volume07/audit_pedagogy.py;scripts/volume07/enrich_hints.py	% PEDAGOGY-ENRICHED-VI	keep; active tooling references this marker family
VI	books/vol06_algebraic_geometry/chapters/ch44_cremona_transformations/exercise_hints.tex	54	PEDAGOGY-ENRICHED-VI	ACTIVE_KEEP	scripts/volume06/audit_pedagogy.py;scripts/volume06/enrich_hints.py;scripts/volume07/audit_pedagogy.py;scripts/volume07/enrich_hints.py	% PEDAGOGY-ENRICHED-VI	keep; active tooling references this marker family
VI	books/vol06_algebraic_geometry/chapters/ch44_cremona_transformations/exercise_hints.tex	61	PEDAGOGY-ENRICHED-VI	ACTIVE_KEEP	scripts/volume06/audit_pedagogy.py;scripts/volume06/enrich_hints.py;scripts/volume07/audit_pedagogy.py;scripts/volume07/enrich_hints.py	% PEDAGOGY-ENRICHED-VI	keep; active tooling references this marker family
VI	books/vol06_algebraic_geometry/chapters/ch44_cremona_transformations/exercise_hints.tex	68	PEDAGOGY-ENRICHED-VI	ACTIVE_KEEP	scripts/volume06/audit_pedagogy.py;scripts/volume06/enrich_hints.py;scripts/volume07/audit_pedagogy.py;scripts/volume07/enrich_hints.py	% PEDAGOGY-ENRICHED-VI	keep; active tooling references this marker family
VI	books/vol06_algebraic_geometry/chapters/ch44_cremona_transformations/exercise_hints.tex	75	PEDAGOGY-ENRICHED-VI	ACTIVE_KEEP	scripts/volume06/audit_pedagogy.py;scripts/volume06/enrich_hints.py;scripts/volume07/audit_pedagogy.py;scripts/volume07/enrich_hints.py	% PEDAGOGY-ENRICHED-VI	keep; active tooling references this marker family
VI	books/vol06_algebraic_geometry/chapters/ch44_cremona_transformations/exercise_hints.tex	82	PEDAGOGY-ENRICHED-VI	ACTIVE_KEEP	scripts/volume06/audit_pedagogy.py;scripts/volume06/enrich_hints.py;scripts/volume07/audit_pedagogy.py;scripts/volume07/enrich_hints.py	% PEDAGOGY-ENRICHED-VI	keep; active tooling references this marker family
VI	books/vol06_algebraic_geometry/chapters/ch44_cremona_transformations/exercise_hints.tex	89	PEDAGOGY-ENRICHED-VI	ACTIVE_KEEP	scripts/volume06/audit_pedagogy.py;scripts/volume06/enrich_hints.py;scripts/volume07/audit_pedagogy.py;scripts/volume07/enrich_hints.py	% PEDAGOGY-ENRICHED-VI	keep; active tooling references this marker family
VI	books/vol06_algebraic_geometry/chapters/ch44_cremona_transformations/exercise_hints.tex	96	PEDAGOGY-ENRICHED-VI	ACTIVE_KEEP	scripts/volume06/audit_pedagogy.py;scripts/volume06/enrich_hints.py;scripts/volume07/audit_pedagogy.py;scripts/volume07/enrich_hints.py	% PEDAGOGY-ENRICHED-VI	keep; active tooling references this marker family
VI	books/vol06_algebraic_geometry/chapters/ch44_cremona_transformations/exercise_hints.tex	103	PEDAGOGY-ENRICHED-VI	ACTIVE_KEEP	scripts/volume06/audit_pedagogy.py;scripts/volume06/enrich_hints.py;scripts/volume07/audit_pedagogy.py;scripts/volume07/enrich_hints.py	% PEDAGOGY-ENRICHED-VI	keep; active tooling references this marker family
VI	books/vol06_algebraic_geometry/chapters/ch44_cremona_transformations/exercise_hints.tex	110	PEDAGOGY-ENRICHED-VI	ACTIVE_KEEP	scripts/volume06/audit_pedagogy.py;scripts/volume06/enrich_hints.py;scripts/volume07/audit_pedagogy.py;scripts/volume07/enrich_hints.py	% PEDAGOGY-ENRICHED-VI	keep; active tooling references this marker family
VI	books/vol06_algebraic_geometry/chapters/ch44_cremona_transformations/exercise_hints.tex	117	PEDAGOGY-ENRICHED-VI	ACTIVE_KEEP	scripts/volume06/audit_pedagogy.py;scripts/volume06/enrich_hints.py;scripts/volume07/audit_pedagogy.py;scripts/volume07/enrich_hints.py	% PEDAGOGY-ENRICHED-VI	keep; active tooling references this marker family
VI	books/vol06_algebraic_geometry/chapters/ch44_cremona_transformations/exercise_hints.tex	124	PEDAGOGY-ENRICHED-VI	ACTIVE_KEEP	scripts/volume06/audit_pedagogy.py;scripts/volume06/enrich_hints.py;scripts/volume07/audit_pedagogy.py;scripts/volume07/enrich_hints.py	% PEDAGOGY-ENRICHED-VI	keep; active tooling references this marker family
VI	books/vol06_algebraic_geometry/chapters/ch44_cremona_transformations/exercise_hints.tex	131	PEDAGOGY-ENRICHED-VI	ACTIVE_KEEP	scripts/volume06/audit_pedagogy.py;scripts/volume06/enrich_hints.py;scripts/volume07/audit_pedagogy.py;scripts/volume07/enrich_hints.py	% PEDAGOGY-ENRICHED-VI	keep; active tooling references this marker family
VI	books/vol06_algebraic_geometry/chapters/ch44_cremona_transformations/exercise_hints.tex	138	PEDAGOGY-ENRICHED-VI	ACTIVE_KEEP	scripts/volume06/audit_pedagogy.py;scripts/volume06/enrich_hints.py;scripts/volume07/audit_pedagogy.py;scripts/volume07/enrich_hints.py	% PEDAGOGY-ENRICHED-VI	keep; active tooling references this marker family
VI	books/vol06_algebraic_geometry/chapters/ch44_cremona_transformations/exercise_hints.tex	145	PEDAGOGY-ENRICHED-VI	ACTIVE_KEEP	scripts/volume06/audit_pedagogy.py;scripts/volume06/enrich_hints.py;scripts/volume07/audit_pedagogy.py;scripts/volume07/enrich_hints.py	% PEDAGOGY-ENRICHED-VI	keep; active tooling references this marker family
VI	books/vol06_algebraic_geometry/chapters/ch44_cremona_transformations/exercise_hints.tex	152	PEDAGOGY-ENRICHED-VI	ACTIVE_KEEP	scripts/volume06/audit_pedagogy.py;scripts/volume06/enrich_hints.py;scripts/volume07/audit_pedagogy.py;scripts/volume07/enrich_hints.py	% PEDAGOGY-ENRICHED-VI	keep; active tooling references this marker family
VI	books/vol06_algebraic_geometry/chapters/ch44_cremona_transformations/exercise_hints.tex	159	PEDAGOGY-ENRICHED-VI	ACTIVE_KEEP	scripts/volume06/audit_pedagogy.py;scripts/volume06/enrich_hints.py;scripts/volume07/audit_pedagogy.py;scripts/volume07/enrich_hints.py	% PEDAGOGY-ENRICHED-VI	keep; active tooling references this marker family
VI	books/vol06_algebraic_geometry/chapters/ch44_cremona_transformations/exercise_hints.tex	166	PEDAGOGY-ENRICHED-VI	ACTIVE_KEEP	scripts/volume06/audit_pedagogy.py;scripts/volume06/enrich_hints.py;scripts/volume07/audit_pedagogy.py;scripts/volume07/enrich_hints.py	% PEDAGOGY-ENRICHED-VI	keep; active tooling references this marker family
VI	books/vol06_algebraic_geometry/chapters/ch45_blow_ups/chapter.tex	145	VOL06-EXPANSION	ACTIVE_KEEP	scripts/volume06/audit_example_exercise_balance.py;scripts/volume06/audit_example_exercise_expansion.py;scripts/volume06/expansion_common.py	% BEGIN VOL06-EXPANSION VI45-example-01	keep; active tooling references this marker family
VI	books/vol06_algebraic_geometry/chapters/ch45_blow_ups/chapter.tex	149	VOL06-EXPANSION	ACTIVE_KEEP	scripts/volume06/audit_example_exercise_balance.py;scripts/volume06/audit_example_exercise_expansion.py;scripts/volume06/expansion_common.py	% END VOL06-EXPANSION VI45-example-01	keep; active tooling references this marker family
VI	books/vol06_algebraic_geometry/chapters/ch45_blow_ups/chapter.tex	295	VOL06-EXPANSION	ACTIVE_KEEP	scripts/volume06/audit_example_exercise_balance.py;scripts/volume06/audit_example_exercise_expansion.py;scripts/volume06/expansion_common.py	% BEGIN VOL06-EXPANSION VI45-example-02	keep; active tooling references this marker family
VI	books/vol06_algebraic_geometry/chapters/ch45_blow_ups/chapter.tex	299	VOL06-EXPANSION	ACTIVE_KEEP	scripts/volume06/audit_example_exercise_balance.py;scripts/volume06/audit_example_exercise_expansion.py;scripts/volume06/expansion_common.py	% END VOL06-EXPANSION VI45-example-02	keep; active tooling references this marker family
VI	books/vol06_algebraic_geometry/chapters/ch45_blow_ups/chapter.tex	492	VOL06-EXPANSION	ACTIVE_KEEP	scripts/volume06/audit_example_exercise_balance.py;scripts/volume06/audit_example_exercise_expansion.py;scripts/volume06/expansion_common.py	% BEGIN VOL06-EXPANSION VI45-example-03	keep; active tooling references this marker family
VI	books/vol06_algebraic_geometry/chapters/ch45_blow_ups/chapter.tex	496	VOL06-EXPANSION	ACTIVE_KEEP	scripts/volume06/audit_example_exercise_balance.py;scripts/volume06/audit_example_exercise_expansion.py;scripts/volume06/expansion_common.py	% END VOL06-EXPANSION VI45-example-03	keep; active tooling references this marker family
VI	books/vol06_algebraic_geometry/chapters/ch45_blow_ups/chapter.tex	835	VOL06-EXPANSION	ACTIVE_KEEP	scripts/volume06/audit_example_exercise_balance.py;scripts/volume06/audit_example_exercise_expansion.py;scripts/volume06/expansion_common.py	% BEGIN VOL06-EXPANSION VI45-exercises-01	keep; active tooling references this marker family
VI	books/vol06_algebraic_geometry/chapters/ch45_blow_ups/chapter.tex	1009	VOL06-EXPANSION	ACTIVE_KEEP	scripts/volume06/audit_example_exercise_balance.py;scripts/volume06/audit_example_exercise_expansion.py;scripts/volume06/expansion_common.py	% END VOL06-EXPANSION VI45-exercises-01	keep; active tooling references this marker family
VI	books/vol06_algebraic_geometry/chapters/ch45_blow_ups/exercise_hints.tex	5	PEDAGOGY-ENRICHED-VI	ACTIVE_KEEP	scripts/volume06/audit_pedagogy.py;scripts/volume06/enrich_hints.py;scripts/volume07/audit_pedagogy.py;scripts/volume07/enrich_hints.py	% PEDAGOGY-ENRICHED-VI	keep; active tooling references this marker family
VI	books/vol06_algebraic_geometry/chapters/ch45_blow_ups/exercise_hints.tex	12	PEDAGOGY-ENRICHED-VI	ACTIVE_KEEP	scripts/volume06/audit_pedagogy.py;scripts/volume06/enrich_hints.py;scripts/volume07/audit_pedagogy.py;scripts/volume07/enrich_hints.py	% PEDAGOGY-ENRICHED-VI	keep; active tooling references this marker family
VI	books/vol06_algebraic_geometry/chapters/ch45_blow_ups/exercise_hints.tex	19	PEDAGOGY-ENRICHED-VI	ACTIVE_KEEP	scripts/volume06/audit_pedagogy.py;scripts/volume06/enrich_hints.py;scripts/volume07/audit_pedagogy.py;scripts/volume07/enrich_hints.py	% PEDAGOGY-ENRICHED-VI	keep; active tooling references this marker family
VI	books/vol06_algebraic_geometry/chapters/ch45_blow_ups/exercise_hints.tex	26	PEDAGOGY-ENRICHED-VI	ACTIVE_KEEP	scripts/volume06/audit_pedagogy.py;scripts/volume06/enrich_hints.py;scripts/volume07/audit_pedagogy.py;scripts/volume07/enrich_hints.py	% PEDAGOGY-ENRICHED-VI	keep; active tooling references this marker family
VI	books/vol06_algebraic_geometry/chapters/ch45_blow_ups/exercise_hints.tex	33	PEDAGOGY-ENRICHED-VI	ACTIVE_KEEP	scripts/volume06/audit_pedagogy.py;scripts/volume06/enrich_hints.py;scripts/volume07/audit_pedagogy.py;scripts/volume07/enrich_hints.py	% PEDAGOGY-ENRICHED-VI	keep; active tooling references this marker family
VI	books/vol06_algebraic_geometry/chapters/ch45_blow_ups/exercise_hints.tex	40	PEDAGOGY-ENRICHED-VI	ACTIVE_KEEP	scripts/volume06/audit_pedagogy.py;scripts/volume06/enrich_hints.py;scripts/volume07/audit_pedagogy.py;scripts/volume07/enrich_hints.py	% PEDAGOGY-ENRICHED-VI	keep; active tooling references this marker family
VI	books/vol06_algebraic_geometry/chapters/ch45_blow_ups/exercise_hints.tex	47	PEDAGOGY-ENRICHED-VI	ACTIVE_KEEP	scripts/volume06/audit_pedagogy.py;scripts/volume06/enrich_hints.py;scripts/volume07/audit_pedagogy.py;scripts/volume07/enrich_hints.py	% PEDAGOGY-ENRICHED-VI	keep; active tooling references this marker family
VI	books/vol06_algebraic_geometry/chapters/ch45_blow_ups/exercise_hints.tex	54	PEDAGOGY-ENRICHED-VI	ACTIVE_KEEP	scripts/volume06/audit_pedagogy.py;scripts/volume06/enrich_hints.py;scripts/volume07/audit_pedagogy.py;scripts/volume07/enrich_hints.py	% PEDAGOGY-ENRICHED-VI	keep; active tooling references this marker family
VI	books/vol06_algebraic_geometry/chapters/ch45_blow_ups/exercise_hints.tex	61	PEDAGOGY-ENRICHED-VI	ACTIVE_KEEP	scripts/volume06/audit_pedagogy.py;scripts/volume06/enrich_hints.py;scripts/volume07/audit_pedagogy.py;scripts/volume07/enrich_hints.py	% PEDAGOGY-ENRICHED-VI	keep; active tooling references this marker family
VI	books/vol06_algebraic_geometry/chapters/ch45_blow_ups/exercise_hints.tex	68	PEDAGOGY-ENRICHED-VI	ACTIVE_KEEP	scripts/volume06/audit_pedagogy.py;scripts/volume06/enrich_hints.py;scripts/volume07/audit_pedagogy.py;scripts/volume07/enrich_hints.py	% PEDAGOGY-ENRICHED-VI	keep; active tooling references this marker family
VI	books/vol06_algebraic_geometry/chapters/ch45_blow_ups/exercise_hints.tex	75	PEDAGOGY-ENRICHED-VI	ACTIVE_KEEP	scripts/volume06/audit_pedagogy.py;scripts/volume06/enrich_hints.py;scripts/volume07/audit_pedagogy.py;scripts/volume07/enrich_hints.py	% PEDAGOGY-ENRICHED-VI	keep; active tooling references this marker family
VI	books/vol06_algebraic_geometry/chapters/ch45_blow_ups/exercise_hints.tex	82	PEDAGOGY-ENRICHED-VI	ACTIVE_KEEP	scripts/volume06/audit_pedagogy.py;scripts/volume06/enrich_hints.py;scripts/volume07/audit_pedagogy.py;scripts/volume07/enrich_hints.py	% PEDAGOGY-ENRICHED-VI	keep; active tooling references this marker family
VI	books/vol06_algebraic_geometry/chapters/ch45_blow_ups/exercise_hints.tex	89	PEDAGOGY-ENRICHED-VI	ACTIVE_KEEP	scripts/volume06/audit_pedagogy.py;scripts/volume06/enrich_hints.py;scripts/volume07/audit_pedagogy.py;scripts/volume07/enrich_hints.py	% PEDAGOGY-ENRICHED-VI	keep; active tooling references this marker family
VI	books/vol06_algebraic_geometry/chapters/ch45_blow_ups/exercise_hints.tex	96	PEDAGOGY-ENRICHED-VI	ACTIVE_KEEP	scripts/volume06/audit_pedagogy.py;scripts/volume06/enrich_hints.py;scripts/volume07/audit_pedagogy.py;scripts/volume07/enrich_hints.py	% PEDAGOGY-ENRICHED-VI	keep; active tooling references this marker family
VI	books/vol06_algebraic_geometry/chapters/ch45_blow_ups/exercise_hints.tex	103	PEDAGOGY-ENRICHED-VI	ACTIVE_KEEP	scripts/volume06/audit_pedagogy.py;scripts/volume06/enrich_hints.py;scripts/volume07/audit_pedagogy.py;scripts/volume07/enrich_hints.py	% PEDAGOGY-ENRICHED-VI	keep; active tooling references this marker family
VI	books/vol06_algebraic_geometry/chapters/ch45_blow_ups/exercise_hints.tex	110	PEDAGOGY-ENRICHED-VI	ACTIVE_KEEP	scripts/volume06/audit_pedagogy.py;scripts/volume06/enrich_hints.py;scripts/volume07/audit_pedagogy.py;scripts/volume07/enrich_hints.py	% PEDAGOGY-ENRICHED-VI	keep; active tooling references this marker family
VI	books/vol06_algebraic_geometry/chapters/ch45_blow_ups/exercise_hints.tex	117	PEDAGOGY-ENRICHED-VI	ACTIVE_KEEP	scripts/volume06/audit_pedagogy.py;scripts/volume06/enrich_hints.py;scripts/volume07/audit_pedagogy.py;scripts/volume07/enrich_hints.py	% PEDAGOGY-ENRICHED-VI	keep; active tooling references this marker family
VI	books/vol06_algebraic_geometry/chapters/ch45_blow_ups/exercise_hints.tex	124	PEDAGOGY-ENRICHED-VI	ACTIVE_KEEP	scripts/volume06/audit_pedagogy.py;scripts/volume06/enrich_hints.py;scripts/volume07/audit_pedagogy.py;scripts/volume07/enrich_hints.py	% PEDAGOGY-ENRICHED-VI	keep; active tooling references this marker family
VI	books/vol06_algebraic_geometry/chapters/ch45_blow_ups/exercise_hints.tex	131	PEDAGOGY-ENRICHED-VI	ACTIVE_KEEP	scripts/volume06/audit_pedagogy.py;scripts/volume06/enrich_hints.py;scripts/volume07/audit_pedagogy.py;scripts/volume07/enrich_hints.py	% PEDAGOGY-ENRICHED-VI	keep; active tooling references this marker family
VI	books/vol06_algebraic_geometry/chapters/ch45_blow_ups/exercise_hints.tex	138	PEDAGOGY-ENRICHED-VI	ACTIVE_KEEP	scripts/volume06/audit_pedagogy.py;scripts/volume06/enrich_hints.py;scripts/volume07/audit_pedagogy.py;scripts/volume07/enrich_hints.py	% PEDAGOGY-ENRICHED-VI	keep; active tooling references this marker family
VI	books/vol06_algebraic_geometry/chapters/ch45_blow_ups/exercise_hints.tex	145	PEDAGOGY-ENRICHED-VI	ACTIVE_KEEP	scripts/volume06/audit_pedagogy.py;scripts/volume06/enrich_hints.py;scripts/volume07/audit_pedagogy.py;scripts/volume07/enrich_hints.py	% PEDAGOGY-ENRICHED-VI	keep; active tooling references this marker family
VI	books/vol06_algebraic_geometry/chapters/ch45_blow_ups/exercise_hints.tex	152	PEDAGOGY-ENRICHED-VI	ACTIVE_KEEP	scripts/volume06/audit_pedagogy.py;scripts/volume06/enrich_hints.py;scripts/volume07/audit_pedagogy.py;scripts/volume07/enrich_hints.py	% PEDAGOGY-ENRICHED-VI	keep; active tooling references this marker family
VI	books/vol06_algebraic_geometry/chapters/ch45_blow_ups/exercise_hints.tex	159	PEDAGOGY-ENRICHED-VI	ACTIVE_KEEP	scripts/volume06/audit_pedagogy.py;scripts/volume06/enrich_hints.py;scripts/volume07/audit_pedagogy.py;scripts/volume07/enrich_hints.py	% PEDAGOGY-ENRICHED-VI	keep; active tooling references this marker family
VI	books/vol06_algebraic_geometry/chapters/ch45_blow_ups/exercise_hints.tex	166	PEDAGOGY-ENRICHED-VI	ACTIVE_KEEP	scripts/volume06/audit_pedagogy.py;scripts/volume06/enrich_hints.py;scripts/volume07/audit_pedagogy.py;scripts/volume07/enrich_hints.py	% PEDAGOGY-ENRICHED-VI	keep; active tooling references this marker family
VI	books/vol06_algebraic_geometry/chapters/ch46_flabby_sheaves/chapter.tex	38	VOL06-EXPANSION	ACTIVE_KEEP	scripts/volume06/audit_example_exercise_balance.py;scripts/volume06/audit_example_exercise_expansion.py;scripts/volume06/expansion_common.py	% BEGIN VOL06-EXPANSION VI46-example-01	keep; active tooling references this marker family
VI	books/vol06_algebraic_geometry/chapters/ch46_flabby_sheaves/chapter.tex	42	VOL06-EXPANSION	ACTIVE_KEEP	scripts/volume06/audit_example_exercise_balance.py;scripts/volume06/audit_example_exercise_expansion.py;scripts/volume06/expansion_common.py	% END VOL06-EXPANSION VI46-example-01	keep; active tooling references this marker family
VI	books/vol06_algebraic_geometry/chapters/ch46_flabby_sheaves/chapter.tex	46	VOL06-EXPANSION	ACTIVE_KEEP	scripts/volume06/audit_example_exercise_balance.py;scripts/volume06/audit_example_exercise_expansion.py;scripts/volume06/expansion_common.py	% BEGIN VOL06-EXPANSION VI46-example-02	keep; active tooling references this marker family
VI	books/vol06_algebraic_geometry/chapters/ch46_flabby_sheaves/chapter.tex	50	VOL06-EXPANSION	ACTIVE_KEEP	scripts/volume06/audit_example_exercise_balance.py;scripts/volume06/audit_example_exercise_expansion.py;scripts/volume06/expansion_common.py	% END VOL06-EXPANSION VI46-example-02	keep; active tooling references this marker family
VI	books/vol06_algebraic_geometry/chapters/ch46_flabby_sheaves/chapter.tex	93	VOL06-EXPANSION	ACTIVE_KEEP	scripts/volume06/audit_example_exercise_balance.py;scripts/volume06/audit_example_exercise_expansion.py;scripts/volume06/expansion_common.py	% BEGIN VOL06-EXPANSION VI46-example-03	keep; active tooling references this marker family
VI	books/vol06_algebraic_geometry/chapters/ch46_flabby_sheaves/chapter.tex	97	VOL06-EXPANSION	ACTIVE_KEEP	scripts/volume06/audit_example_exercise_balance.py;scripts/volume06/audit_example_exercise_expansion.py;scripts/volume06/expansion_common.py	% END VOL06-EXPANSION VI46-example-03	keep; active tooling references this marker family
VI	books/vol06_algebraic_geometry/chapters/ch46_flabby_sheaves/chapter.tex	473	VOL06-EXPANSION	ACTIVE_KEEP	scripts/volume06/audit_example_exercise_balance.py;scripts/volume06/audit_example_exercise_expansion.py;scripts/volume06/expansion_common.py	% BEGIN VOL06-EXPANSION VI46-exercises-01	keep; active tooling references this marker family
VI	books/vol06_algebraic_geometry/chapters/ch46_flabby_sheaves/chapter.tex	647	VOL06-EXPANSION	ACTIVE_KEEP	scripts/volume06/audit_example_exercise_balance.py;scripts/volume06/audit_example_exercise_expansion.py;scripts/volume06/expansion_common.py	% END VOL06-EXPANSION VI46-exercises-01	keep; active tooling references this marker family
VI	books/vol06_algebraic_geometry/chapters/ch46_flabby_sheaves/exercise_hints.tex	5	PEDAGOGY-ENRICHED-VI	ACTIVE_KEEP	scripts/volume06/audit_pedagogy.py;scripts/volume06/enrich_hints.py;scripts/volume07/audit_pedagogy.py;scripts/volume07/enrich_hints.py	% PEDAGOGY-ENRICHED-VI	keep; active tooling references this marker family
VI	books/vol06_algebraic_geometry/chapters/ch46_flabby_sheaves/exercise_hints.tex	12	PEDAGOGY-ENRICHED-VI	ACTIVE_KEEP	scripts/volume06/audit_pedagogy.py;scripts/volume06/enrich_hints.py;scripts/volume07/audit_pedagogy.py;scripts/volume07/enrich_hints.py	% PEDAGOGY-ENRICHED-VI	keep; active tooling references this marker family
VI	books/vol06_algebraic_geometry/chapters/ch46_flabby_sheaves/exercise_hints.tex	19	PEDAGOGY-ENRICHED-VI	ACTIVE_KEEP	scripts/volume06/audit_pedagogy.py;scripts/volume06/enrich_hints.py;scripts/volume07/audit_pedagogy.py;scripts/volume07/enrich_hints.py	% PEDAGOGY-ENRICHED-VI	keep; active tooling references this marker family
VI	books/vol06_algebraic_geometry/chapters/ch46_flabby_sheaves/exercise_hints.tex	26	PEDAGOGY-ENRICHED-VI	ACTIVE_KEEP	scripts/volume06/audit_pedagogy.py;scripts/volume06/enrich_hints.py;scripts/volume07/audit_pedagogy.py;scripts/volume07/enrich_hints.py	% PEDAGOGY-ENRICHED-VI	keep; active tooling references this marker family
VI	books/vol06_algebraic_geometry/chapters/ch46_flabby_sheaves/exercise_hints.tex	33	PEDAGOGY-ENRICHED-VI	ACTIVE_KEEP	scripts/volume06/audit_pedagogy.py;scripts/volume06/enrich_hints.py;scripts/volume07/audit_pedagogy.py;scripts/volume07/enrich_hints.py	% PEDAGOGY-ENRICHED-VI	keep; active tooling references this marker family
VI	books/vol06_algebraic_geometry/chapters/ch46_flabby_sheaves/exercise_hints.tex	40	PEDAGOGY-ENRICHED-VI	ACTIVE_KEEP	scripts/volume06/audit_pedagogy.py;scripts/volume06/enrich_hints.py;scripts/volume07/audit_pedagogy.py;scripts/volume07/enrich_hints.py	% PEDAGOGY-ENRICHED-VI	keep; active tooling references this marker family
VI	books/vol06_algebraic_geometry/chapters/ch46_flabby_sheaves/exercise_hints.tex	47	PEDAGOGY-ENRICHED-VI	ACTIVE_KEEP	scripts/volume06/audit_pedagogy.py;scripts/volume06/enrich_hints.py;scripts/volume07/audit_pedagogy.py;scripts/volume07/enrich_hints.py	% PEDAGOGY-ENRICHED-VI	keep; active tooling references this marker family
VI	books/vol06_algebraic_geometry/chapters/ch46_flabby_sheaves/exercise_hints.tex	54	PEDAGOGY-ENRICHED-VI	ACTIVE_KEEP	scripts/volume06/audit_pedagogy.py;scripts/volume06/enrich_hints.py;scripts/volume07/audit_pedagogy.py;scripts/volume07/enrich_hints.py	% PEDAGOGY-ENRICHED-VI	keep; active tooling references this marker family
VI	books/vol06_algebraic_geometry/chapters/ch46_flabby_sheaves/exercise_hints.tex	61	PEDAGOGY-ENRICHED-VI	ACTIVE_KEEP	scripts/volume06/audit_pedagogy.py;scripts/volume06/enrich_hints.py;scripts/volume07/audit_pedagogy.py;scripts/volume07/enrich_hints.py	% PEDAGOGY-ENRICHED-VI	keep; active tooling references this marker family
VI	books/vol06_algebraic_geometry/chapters/ch46_flabby_sheaves/exercise_hints.tex	68	PEDAGOGY-ENRICHED-VI	ACTIVE_KEEP	scripts/volume06/audit_pedagogy.py;scripts/volume06/enrich_hints.py;scripts/volume07/audit_pedagogy.py;scripts/volume07/enrich_hints.py	% PEDAGOGY-ENRICHED-VI	keep; active tooling references this marker family
VI	books/vol06_algebraic_geometry/chapters/ch46_flabby_sheaves/exercise_hints.tex	75	PEDAGOGY-ENRICHED-VI	ACTIVE_KEEP	scripts/volume06/audit_pedagogy.py;scripts/volume06/enrich_hints.py;scripts/volume07/audit_pedagogy.py;scripts/volume07/enrich_hints.py	% PEDAGOGY-ENRICHED-VI	keep; active tooling references this marker family
VI	books/vol06_algebraic_geometry/chapters/ch46_flabby_sheaves/exercise_hints.tex	82	PEDAGOGY-ENRICHED-VI	ACTIVE_KEEP	scripts/volume06/audit_pedagogy.py;scripts/volume06/enrich_hints.py;scripts/volume07/audit_pedagogy.py;scripts/volume07/enrich_hints.py	% PEDAGOGY-ENRICHED-VI	keep; active tooling references this marker family
VI	books/vol06_algebraic_geometry/chapters/ch46_flabby_sheaves/exercise_hints.tex	89	PEDAGOGY-ENRICHED-VI	ACTIVE_KEEP	scripts/volume06/audit_pedagogy.py;scripts/volume06/enrich_hints.py;scripts/volume07/audit_pedagogy.py;scripts/volume07/enrich_hints.py	% PEDAGOGY-ENRICHED-VI	keep; active tooling references this marker family
VI	books/vol06_algebraic_geometry/chapters/ch46_flabby_sheaves/exercise_hints.tex	96	PEDAGOGY-ENRICHED-VI	ACTIVE_KEEP	scripts/volume06/audit_pedagogy.py;scripts/volume06/enrich_hints.py;scripts/volume07/audit_pedagogy.py;scripts/volume07/enrich_hints.py	% PEDAGOGY-ENRICHED-VI	keep; active tooling references this marker family
VI	books/vol06_algebraic_geometry/chapters/ch46_flabby_sheaves/exercise_hints.tex	103	PEDAGOGY-ENRICHED-VI	ACTIVE_KEEP	scripts/volume06/audit_pedagogy.py;scripts/volume06/enrich_hints.py;scripts/volume07/audit_pedagogy.py;scripts/volume07/enrich_hints.py	% PEDAGOGY-ENRICHED-VI	keep; active tooling references this marker family
VI	books/vol06_algebraic_geometry/chapters/ch46_flabby_sheaves/exercise_hints.tex	110	PEDAGOGY-ENRICHED-VI	ACTIVE_KEEP	scripts/volume06/audit_pedagogy.py;scripts/volume06/enrich_hints.py;scripts/volume07/audit_pedagogy.py;scripts/volume07/enrich_hints.py	% PEDAGOGY-ENRICHED-VI	keep; active tooling references this marker family
VI	books/vol06_algebraic_geometry/chapters/ch46_flabby_sheaves/exercise_hints.tex	117	PEDAGOGY-ENRICHED-VI	ACTIVE_KEEP	scripts/volume06/audit_pedagogy.py;scripts/volume06/enrich_hints.py;scripts/volume07/audit_pedagogy.py;scripts/volume07/enrich_hints.py	% PEDAGOGY-ENRICHED-VI	keep; active tooling references this marker family
VI	books/vol06_algebraic_geometry/chapters/ch46_flabby_sheaves/exercise_hints.tex	124	PEDAGOGY-ENRICHED-VI	ACTIVE_KEEP	scripts/volume06/audit_pedagogy.py;scripts/volume06/enrich_hints.py;scripts/volume07/audit_pedagogy.py;scripts/volume07/enrich_hints.py	% PEDAGOGY-ENRICHED-VI	keep; active tooling references this marker family
VI	books/vol06_algebraic_geometry/chapters/ch46_flabby_sheaves/exercise_hints.tex	131	PEDAGOGY-ENRICHED-VI	ACTIVE_KEEP	scripts/volume06/audit_pedagogy.py;scripts/volume06/enrich_hints.py;scripts/volume07/audit_pedagogy.py;scripts/volume07/enrich_hints.py	% PEDAGOGY-ENRICHED-VI	keep; active tooling references this marker family
VI	books/vol06_algebraic_geometry/chapters/ch46_flabby_sheaves/exercise_hints.tex	138	PEDAGOGY-ENRICHED-VI	ACTIVE_KEEP	scripts/volume06/audit_pedagogy.py;scripts/volume06/enrich_hints.py;scripts/volume07/audit_pedagogy.py;scripts/volume07/enrich_hints.py	% PEDAGOGY-ENRICHED-VI	keep; active tooling references this marker family
VI	books/vol06_algebraic_geometry/chapters/ch46_flabby_sheaves/exercise_hints.tex	145	PEDAGOGY-ENRICHED-VI	ACTIVE_KEEP	scripts/volume06/audit_pedagogy.py;scripts/volume06/enrich_hints.py;scripts/volume07/audit_pedagogy.py;scripts/volume07/enrich_hints.py	% PEDAGOGY-ENRICHED-VI	keep; active tooling references this marker family
VI	books/vol06_algebraic_geometry/chapters/ch46_flabby_sheaves/exercise_hints.tex	152	PEDAGOGY-ENRICHED-VI	ACTIVE_KEEP	scripts/volume06/audit_pedagogy.py;scripts/volume06/enrich_hints.py;scripts/volume07/audit_pedagogy.py;scripts/volume07/enrich_hints.py	% PEDAGOGY-ENRICHED-VI	keep; active tooling references this marker family
VI	books/vol06_algebraic_geometry/chapters/ch46_flabby_sheaves/exercise_hints.tex	159	PEDAGOGY-ENRICHED-VI	ACTIVE_KEEP	scripts/volume06/audit_pedagogy.py;scripts/volume06/enrich_hints.py;scripts/volume07/audit_pedagogy.py;scripts/volume07/enrich_hints.py	% PEDAGOGY-ENRICHED-VI	keep; active tooling references this marker family
VI	books/vol06_algebraic_geometry/chapters/ch46_flabby_sheaves/exercise_hints.tex	166	PEDAGOGY-ENRICHED-VI	ACTIVE_KEEP	scripts/volume06/audit_pedagogy.py;scripts/volume06/enrich_hints.py;scripts/volume07/audit_pedagogy.py;scripts/volume07/enrich_hints.py	% PEDAGOGY-ENRICHED-VI	keep; active tooling references this marker family
VI	books/vol06_algebraic_geometry/chapters/ch47_ech_cohomology/chapter.tex	34	VOL06-EXPANSION	ACTIVE_KEEP	scripts/volume06/audit_example_exercise_balance.py;scripts/volume06/audit_example_exercise_expansion.py;scripts/volume06/expansion_common.py	% BEGIN VOL06-EXPANSION VI47-example-01	keep; active tooling references this marker family
VI	books/vol06_algebraic_geometry/chapters/ch47_ech_cohomology/chapter.tex	38	VOL06-EXPANSION	ACTIVE_KEEP	scripts/volume06/audit_example_exercise_balance.py;scripts/volume06/audit_example_exercise_expansion.py;scripts/volume06/expansion_common.py	% END VOL06-EXPANSION VI47-example-01	keep; active tooling references this marker family
VI	books/vol06_algebraic_geometry/chapters/ch47_ech_cohomology/chapter.tex	99	VOL06-EXPANSION	ACTIVE_KEEP	scripts/volume06/audit_example_exercise_balance.py;scripts/volume06/audit_example_exercise_expansion.py;scripts/volume06/expansion_common.py	% BEGIN VOL06-EXPANSION VI47-example-02	keep; active tooling references this marker family
VI	books/vol06_algebraic_geometry/chapters/ch47_ech_cohomology/chapter.tex	103	VOL06-EXPANSION	ACTIVE_KEEP	scripts/volume06/audit_example_exercise_balance.py;scripts/volume06/audit_example_exercise_expansion.py;scripts/volume06/expansion_common.py	% END VOL06-EXPANSION VI47-example-02	keep; active tooling references this marker family
VI	books/vol06_algebraic_geometry/chapters/ch47_ech_cohomology/chapter.tex	191	VOL06-EXPANSION	ACTIVE_KEEP	scripts/volume06/audit_example_exercise_balance.py;scripts/volume06/audit_example_exercise_expansion.py;scripts/volume06/expansion_common.py	% BEGIN VOL06-EXPANSION VI47-example-03	keep; active tooling references this marker family
VI	books/vol06_algebraic_geometry/chapters/ch47_ech_cohomology/chapter.tex	195	VOL06-EXPANSION	ACTIVE_KEEP	scripts/volume06/audit_example_exercise_balance.py;scripts/volume06/audit_example_exercise_expansion.py;scripts/volume06/expansion_common.py	% END VOL06-EXPANSION VI47-example-03	keep; active tooling references this marker family
VI	books/vol06_algebraic_geometry/chapters/ch47_ech_cohomology/chapter.tex	564	VOL06-EXPANSION	ACTIVE_KEEP	scripts/volume06/audit_example_exercise_balance.py;scripts/volume06/audit_example_exercise_expansion.py;scripts/volume06/expansion_common.py	% BEGIN VOL06-EXPANSION VI47-exercises-01	keep; active tooling references this marker family
VI	books/vol06_algebraic_geometry/chapters/ch47_ech_cohomology/chapter.tex	738	VOL06-EXPANSION	ACTIVE_KEEP	scripts/volume06/audit_example_exercise_balance.py;scripts/volume06/audit_example_exercise_expansion.py;scripts/volume06/expansion_common.py	% END VOL06-EXPANSION VI47-exercises-01	keep; active tooling references this marker family
VI	books/vol06_algebraic_geometry/chapters/ch47_ech_cohomology/exercise_hints.tex	5	PEDAGOGY-ENRICHED-VI	ACTIVE_KEEP	scripts/volume06/audit_pedagogy.py;scripts/volume06/enrich_hints.py;scripts/volume07/audit_pedagogy.py;scripts/volume07/enrich_hints.py	% PEDAGOGY-ENRICHED-VI	keep; active tooling references this marker family
VI	books/vol06_algebraic_geometry/chapters/ch47_ech_cohomology/exercise_hints.tex	12	PEDAGOGY-ENRICHED-VI	ACTIVE_KEEP	scripts/volume06/audit_pedagogy.py;scripts/volume06/enrich_hints.py;scripts/volume07/audit_pedagogy.py;scripts/volume07/enrich_hints.py	% PEDAGOGY-ENRICHED-VI	keep; active tooling references this marker family
VI	books/vol06_algebraic_geometry/chapters/ch47_ech_cohomology/exercise_hints.tex	19	PEDAGOGY-ENRICHED-VI	ACTIVE_KEEP	scripts/volume06/audit_pedagogy.py;scripts/volume06/enrich_hints.py;scripts/volume07/audit_pedagogy.py;scripts/volume07/enrich_hints.py	% PEDAGOGY-ENRICHED-VI	keep; active tooling references this marker family
VI	books/vol06_algebraic_geometry/chapters/ch47_ech_cohomology/exercise_hints.tex	26	PEDAGOGY-ENRICHED-VI	ACTIVE_KEEP	scripts/volume06/audit_pedagogy.py;scripts/volume06/enrich_hints.py;scripts/volume07/audit_pedagogy.py;scripts/volume07/enrich_hints.py	% PEDAGOGY-ENRICHED-VI	keep; active tooling references this marker family
VI	books/vol06_algebraic_geometry/chapters/ch47_ech_cohomology/exercise_hints.tex	33	PEDAGOGY-ENRICHED-VI	ACTIVE_KEEP	scripts/volume06/audit_pedagogy.py;scripts/volume06/enrich_hints.py;scripts/volume07/audit_pedagogy.py;scripts/volume07/enrich_hints.py	% PEDAGOGY-ENRICHED-VI	keep; active tooling references this marker family
VI	books/vol06_algebraic_geometry/chapters/ch47_ech_cohomology/exercise_hints.tex	40	PEDAGOGY-ENRICHED-VI	ACTIVE_KEEP	scripts/volume06/audit_pedagogy.py;scripts/volume06/enrich_hints.py;scripts/volume07/audit_pedagogy.py;scripts/volume07/enrich_hints.py	% PEDAGOGY-ENRICHED-VI	keep; active tooling references this marker family
VI	books/vol06_algebraic_geometry/chapters/ch47_ech_cohomology/exercise_hints.tex	47	PEDAGOGY-ENRICHED-VI	ACTIVE_KEEP	scripts/volume06/audit_pedagogy.py;scripts/volume06/enrich_hints.py;scripts/volume07/audit_pedagogy.py;scripts/volume07/enrich_hints.py	% PEDAGOGY-ENRICHED-VI	keep; active tooling references this marker family
VI	books/vol06_algebraic_geometry/chapters/ch47_ech_cohomology/exercise_hints.tex	54	PEDAGOGY-ENRICHED-VI	ACTIVE_KEEP	scripts/volume06/audit_pedagogy.py;scripts/volume06/enrich_hints.py;scripts/volume07/audit_pedagogy.py;scripts/volume07/enrich_hints.py	% PEDAGOGY-ENRICHED-VI	keep; active tooling references this marker family
VI	books/vol06_algebraic_geometry/chapters/ch47_ech_cohomology/exercise_hints.tex	61	PEDAGOGY-ENRICHED-VI	ACTIVE_KEEP	scripts/volume06/audit_pedagogy.py;scripts/volume06/enrich_hints.py;scripts/volume07/audit_pedagogy.py;scripts/volume07/enrich_hints.py	% PEDAGOGY-ENRICHED-VI	keep; active tooling references this marker family
VI	books/vol06_algebraic_geometry/chapters/ch47_ech_cohomology/exercise_hints.tex	68	PEDAGOGY-ENRICHED-VI	ACTIVE_KEEP	scripts/volume06/audit_pedagogy.py;scripts/volume06/enrich_hints.py;scripts/volume07/audit_pedagogy.py;scripts/volume07/enrich_hints.py	% PEDAGOGY-ENRICHED-VI	keep; active tooling references this marker family
VI	books/vol06_algebraic_geometry/chapters/ch47_ech_cohomology/exercise_hints.tex	75	PEDAGOGY-ENRICHED-VI	ACTIVE_KEEP	scripts/volume06/audit_pedagogy.py;scripts/volume06/enrich_hints.py;scripts/volume07/audit_pedagogy.py;scripts/volume07/enrich_hints.py	% PEDAGOGY-ENRICHED-VI	keep; active tooling references this marker family
VI	books/vol06_algebraic_geometry/chapters/ch47_ech_cohomology/exercise_hints.tex	82	PEDAGOGY-ENRICHED-VI	ACTIVE_KEEP	scripts/volume06/audit_pedagogy.py;scripts/volume06/enrich_hints.py;scripts/volume07/audit_pedagogy.py;scripts/volume07/enrich_hints.py	% PEDAGOGY-ENRICHED-VI	keep; active tooling references this marker family
VI	books/vol06_algebraic_geometry/chapters/ch47_ech_cohomology/exercise_hints.tex	89	PEDAGOGY-ENRICHED-VI	ACTIVE_KEEP	scripts/volume06/audit_pedagogy.py;scripts/volume06/enrich_hints.py;scripts/volume07/audit_pedagogy.py;scripts/volume07/enrich_hints.py	% PEDAGOGY-ENRICHED-VI	keep; active tooling references this marker family
VI	books/vol06_algebraic_geometry/chapters/ch47_ech_cohomology/exercise_hints.tex	96	PEDAGOGY-ENRICHED-VI	ACTIVE_KEEP	scripts/volume06/audit_pedagogy.py;scripts/volume06/enrich_hints.py;scripts/volume07/audit_pedagogy.py;scripts/volume07/enrich_hints.py	% PEDAGOGY-ENRICHED-VI	keep; active tooling references this marker family
VI	books/vol06_algebraic_geometry/chapters/ch47_ech_cohomology/exercise_hints.tex	103	PEDAGOGY-ENRICHED-VI	ACTIVE_KEEP	scripts/volume06/audit_pedagogy.py;scripts/volume06/enrich_hints.py;scripts/volume07/audit_pedagogy.py;scripts/volume07/enrich_hints.py	% PEDAGOGY-ENRICHED-VI	keep; active tooling references this marker family
VI	books/vol06_algebraic_geometry/chapters/ch47_ech_cohomology/exercise_hints.tex	110	PEDAGOGY-ENRICHED-VI	ACTIVE_KEEP	scripts/volume06/audit_pedagogy.py;scripts/volume06/enrich_hints.py;scripts/volume07/audit_pedagogy.py;scripts/volume07/enrich_hints.py	% PEDAGOGY-ENRICHED-VI	keep; active tooling references this marker family
VI	books/vol06_algebraic_geometry/chapters/ch47_ech_cohomology/exercise_hints.tex	117	PEDAGOGY-ENRICHED-VI	ACTIVE_KEEP	scripts/volume06/audit_pedagogy.py;scripts/volume06/enrich_hints.py;scripts/volume07/audit_pedagogy.py;scripts/volume07/enrich_hints.py	% PEDAGOGY-ENRICHED-VI	keep; active tooling references this marker family
VI	books/vol06_algebraic_geometry/chapters/ch47_ech_cohomology/exercise_hints.tex	124	PEDAGOGY-ENRICHED-VI	ACTIVE_KEEP	scripts/volume06/audit_pedagogy.py;scripts/volume06/enrich_hints.py;scripts/volume07/audit_pedagogy.py;scripts/volume07/enrich_hints.py	% PEDAGOGY-ENRICHED-VI	keep; active tooling references this marker family
VI	books/vol06_algebraic_geometry/chapters/ch47_ech_cohomology/exercise_hints.tex	131	PEDAGOGY-ENRICHED-VI	ACTIVE_KEEP	scripts/volume06/audit_pedagogy.py;scripts/volume06/enrich_hints.py;scripts/volume07/audit_pedagogy.py;scripts/volume07/enrich_hints.py	% PEDAGOGY-ENRICHED-VI	keep; active tooling references this marker family
VI	books/vol06_algebraic_geometry/chapters/ch47_ech_cohomology/exercise_hints.tex	138	PEDAGOGY-ENRICHED-VI	ACTIVE_KEEP	scripts/volume06/audit_pedagogy.py;scripts/volume06/enrich_hints.py;scripts/volume07/audit_pedagogy.py;scripts/volume07/enrich_hints.py	% PEDAGOGY-ENRICHED-VI	keep; active tooling references this marker family
VI	books/vol06_algebraic_geometry/chapters/ch47_ech_cohomology/exercise_hints.tex	145	PEDAGOGY-ENRICHED-VI	ACTIVE_KEEP	scripts/volume06/audit_pedagogy.py;scripts/volume06/enrich_hints.py;scripts/volume07/audit_pedagogy.py;scripts/volume07/enrich_hints.py	% PEDAGOGY-ENRICHED-VI	keep; active tooling references this marker family
VI	books/vol06_algebraic_geometry/chapters/ch47_ech_cohomology/exercise_hints.tex	152	PEDAGOGY-ENRICHED-VI	ACTIVE_KEEP	scripts/volume06/audit_pedagogy.py;scripts/volume06/enrich_hints.py;scripts/volume07/audit_pedagogy.py;scripts/volume07/enrich_hints.py	% PEDAGOGY-ENRICHED-VI	keep; active tooling references this marker family
VI	books/vol06_algebraic_geometry/chapters/ch47_ech_cohomology/exercise_hints.tex	159	PEDAGOGY-ENRICHED-VI	ACTIVE_KEEP	scripts/volume06/audit_pedagogy.py;scripts/volume06/enrich_hints.py;scripts/volume07/audit_pedagogy.py;scripts/volume07/enrich_hints.py	% PEDAGOGY-ENRICHED-VI	keep; active tooling references this marker family
VI	books/vol06_algebraic_geometry/chapters/ch47_ech_cohomology/exercise_hints.tex	166	PEDAGOGY-ENRICHED-VI	ACTIVE_KEEP	scripts/volume06/audit_pedagogy.py;scripts/volume06/enrich_hints.py;scripts/volume07/audit_pedagogy.py;scripts/volume07/enrich_hints.py	% PEDAGOGY-ENRICHED-VI	keep; active tooling references this marker family
VI	books/vol06_algebraic_geometry/chapters/ch48_exact_sequences_and_cohomology/chapter.tex	34	VOL06-EXPANSION	ACTIVE_KEEP	scripts/volume06/audit_example_exercise_balance.py;scripts/volume06/audit_example_exercise_expansion.py;scripts/volume06/expansion_common.py	% BEGIN VOL06-EXPANSION VI48-example-01	keep; active tooling references this marker family
VI	books/vol06_algebraic_geometry/chapters/ch48_exact_sequences_and_cohomology/chapter.tex	38	VOL06-EXPANSION	ACTIVE_KEEP	scripts/volume06/audit_example_exercise_balance.py;scripts/volume06/audit_example_exercise_expansion.py;scripts/volume06/expansion_common.py	% END VOL06-EXPANSION VI48-example-01	keep; active tooling references this marker family
VI	books/vol06_algebraic_geometry/chapters/ch48_exact_sequences_and_cohomology/chapter.tex	99	VOL06-EXPANSION	ACTIVE_KEEP	scripts/volume06/audit_example_exercise_balance.py;scripts/volume06/audit_example_exercise_expansion.py;scripts/volume06/expansion_common.py	% BEGIN VOL06-EXPANSION VI48-example-02	keep; active tooling references this marker family
VI	books/vol06_algebraic_geometry/chapters/ch48_exact_sequences_and_cohomology/chapter.tex	103	VOL06-EXPANSION	ACTIVE_KEEP	scripts/volume06/audit_example_exercise_balance.py;scripts/volume06/audit_example_exercise_expansion.py;scripts/volume06/expansion_common.py	% END VOL06-EXPANSION VI48-example-02	keep; active tooling references this marker family
VI	books/vol06_algebraic_geometry/chapters/ch48_exact_sequences_and_cohomology/chapter.tex	196	VOL06-EXPANSION	ACTIVE_KEEP	scripts/volume06/audit_example_exercise_balance.py;scripts/volume06/audit_example_exercise_expansion.py;scripts/volume06/expansion_common.py	% BEGIN VOL06-EXPANSION VI48-example-03	keep; active tooling references this marker family
VI	books/vol06_algebraic_geometry/chapters/ch48_exact_sequences_and_cohomology/chapter.tex	200	VOL06-EXPANSION	ACTIVE_KEEP	scripts/volume06/audit_example_exercise_balance.py;scripts/volume06/audit_example_exercise_expansion.py;scripts/volume06/expansion_common.py	% END VOL06-EXPANSION VI48-example-03	keep; active tooling references this marker family
VI	books/vol06_algebraic_geometry/chapters/ch48_exact_sequences_and_cohomology/chapter.tex	517	VOL06-EXPANSION	ACTIVE_KEEP	scripts/volume06/audit_example_exercise_balance.py;scripts/volume06/audit_example_exercise_expansion.py;scripts/volume06/expansion_common.py	% BEGIN VOL06-EXPANSION VI48-exercises-01	keep; active tooling references this marker family
VI	books/vol06_algebraic_geometry/chapters/ch48_exact_sequences_and_cohomology/chapter.tex	691	VOL06-EXPANSION	ACTIVE_KEEP	scripts/volume06/audit_example_exercise_balance.py;scripts/volume06/audit_example_exercise_expansion.py;scripts/volume06/expansion_common.py	% END VOL06-EXPANSION VI48-exercises-01	keep; active tooling references this marker family
VI	books/vol06_algebraic_geometry/chapters/ch48_exact_sequences_and_cohomology/exercise_hints.tex	5	PEDAGOGY-ENRICHED-VI	ACTIVE_KEEP	scripts/volume06/audit_pedagogy.py;scripts/volume06/enrich_hints.py;scripts/volume07/audit_pedagogy.py;scripts/volume07/enrich_hints.py	% PEDAGOGY-ENRICHED-VI	keep; active tooling references this marker family
VI	books/vol06_algebraic_geometry/chapters/ch48_exact_sequences_and_cohomology/exercise_hints.tex	12	PEDAGOGY-ENRICHED-VI	ACTIVE_KEEP	scripts/volume06/audit_pedagogy.py;scripts/volume06/enrich_hints.py;scripts/volume07/audit_pedagogy.py;scripts/volume07/enrich_hints.py	% PEDAGOGY-ENRICHED-VI	keep; active tooling references this marker family
VI	books/vol06_algebraic_geometry/chapters/ch48_exact_sequences_and_cohomology/exercise_hints.tex	19	PEDAGOGY-ENRICHED-VI	ACTIVE_KEEP	scripts/volume06/audit_pedagogy.py;scripts/volume06/enrich_hints.py;scripts/volume07/audit_pedagogy.py;scripts/volume07/enrich_hints.py	% PEDAGOGY-ENRICHED-VI	keep; active tooling references this marker family
VI	books/vol06_algebraic_geometry/chapters/ch48_exact_sequences_and_cohomology/exercise_hints.tex	26	PEDAGOGY-ENRICHED-VI	ACTIVE_KEEP	scripts/volume06/audit_pedagogy.py;scripts/volume06/enrich_hints.py;scripts/volume07/audit_pedagogy.py;scripts/volume07/enrich_hints.py	% PEDAGOGY-ENRICHED-VI	keep; active tooling references this marker family
VI	books/vol06_algebraic_geometry/chapters/ch48_exact_sequences_and_cohomology/exercise_hints.tex	33	PEDAGOGY-ENRICHED-VI	ACTIVE_KEEP	scripts/volume06/audit_pedagogy.py;scripts/volume06/enrich_hints.py;scripts/volume07/audit_pedagogy.py;scripts/volume07/enrich_hints.py	% PEDAGOGY-ENRICHED-VI	keep; active tooling references this marker family
VI	books/vol06_algebraic_geometry/chapters/ch48_exact_sequences_and_cohomology/exercise_hints.tex	40	PEDAGOGY-ENRICHED-VI	ACTIVE_KEEP	scripts/volume06/audit_pedagogy.py;scripts/volume06/enrich_hints.py;scripts/volume07/audit_pedagogy.py;scripts/volume07/enrich_hints.py	% PEDAGOGY-ENRICHED-VI	keep; active tooling references this marker family
VI	books/vol06_algebraic_geometry/chapters/ch48_exact_sequences_and_cohomology/exercise_hints.tex	47	PEDAGOGY-ENRICHED-VI	ACTIVE_KEEP	scripts/volume06/audit_pedagogy.py;scripts/volume06/enrich_hints.py;scripts/volume07/audit_pedagogy.py;scripts/volume07/enrich_hints.py	% PEDAGOGY-ENRICHED-VI	keep; active tooling references this marker family
VI	books/vol06_algebraic_geometry/chapters/ch48_exact_sequences_and_cohomology/exercise_hints.tex	54	PEDAGOGY-ENRICHED-VI	ACTIVE_KEEP	scripts/volume06/audit_pedagogy.py;scripts/volume06/enrich_hints.py;scripts/volume07/audit_pedagogy.py;scripts/volume07/enrich_hints.py	% PEDAGOGY-ENRICHED-VI	keep; active tooling references this marker family
VI	books/vol06_algebraic_geometry/chapters/ch48_exact_sequences_and_cohomology/exercise_hints.tex	61	PEDAGOGY-ENRICHED-VI	ACTIVE_KEEP	scripts/volume06/audit_pedagogy.py;scripts/volume06/enrich_hints.py;scripts/volume07/audit_pedagogy.py;scripts/volume07/enrich_hints.py	% PEDAGOGY-ENRICHED-VI	keep; active tooling references this marker family
VI	books/vol06_algebraic_geometry/chapters/ch48_exact_sequences_and_cohomology/exercise_hints.tex	68	PEDAGOGY-ENRICHED-VI	ACTIVE_KEEP	scripts/volume06/audit_pedagogy.py;scripts/volume06/enrich_hints.py;scripts/volume07/audit_pedagogy.py;scripts/volume07/enrich_hints.py	% PEDAGOGY-ENRICHED-VI	keep; active tooling references this marker family
VI	books/vol06_algebraic_geometry/chapters/ch48_exact_sequences_and_cohomology/exercise_hints.tex	75	PEDAGOGY-ENRICHED-VI	ACTIVE_KEEP	scripts/volume06/audit_pedagogy.py;scripts/volume06/enrich_hints.py;scripts/volume07/audit_pedagogy.py;scripts/volume07/enrich_hints.py	% PEDAGOGY-ENRICHED-VI	keep; active tooling references this marker family
VI	books/vol06_algebraic_geometry/chapters/ch48_exact_sequences_and_cohomology/exercise_hints.tex	82	PEDAGOGY-ENRICHED-VI	ACTIVE_KEEP	scripts/volume06/audit_pedagogy.py;scripts/volume06/enrich_hints.py;scripts/volume07/audit_pedagogy.py;scripts/volume07/enrich_hints.py	% PEDAGOGY-ENRICHED-VI	keep; active tooling references this marker family
VI	books/vol06_algebraic_geometry/chapters/ch48_exact_sequences_and_cohomology/exercise_hints.tex	89	PEDAGOGY-ENRICHED-VI	ACTIVE_KEEP	scripts/volume06/audit_pedagogy.py;scripts/volume06/enrich_hints.py;scripts/volume07/audit_pedagogy.py;scripts/volume07/enrich_hints.py	% PEDAGOGY-ENRICHED-VI	keep; active tooling references this marker family
VI	books/vol06_algebraic_geometry/chapters/ch48_exact_sequences_and_cohomology/exercise_hints.tex	96	PEDAGOGY-ENRICHED-VI	ACTIVE_KEEP	scripts/volume06/audit_pedagogy.py;scripts/volume06/enrich_hints.py;scripts/volume07/audit_pedagogy.py;scripts/volume07/enrich_hints.py	% PEDAGOGY-ENRICHED-VI	keep; active tooling references this marker family
VI	books/vol06_algebraic_geometry/chapters/ch48_exact_sequences_and_cohomology/exercise_hints.tex	103	PEDAGOGY-ENRICHED-VI	ACTIVE_KEEP	scripts/volume06/audit_pedagogy.py;scripts/volume06/enrich_hints.py;scripts/volume07/audit_pedagogy.py;scripts/volume07/enrich_hints.py	% PEDAGOGY-ENRICHED-VI	keep; active tooling references this marker family
VI	books/vol06_algebraic_geometry/chapters/ch48_exact_sequences_and_cohomology/exercise_hints.tex	110	PEDAGOGY-ENRICHED-VI	ACTIVE_KEEP	scripts/volume06/audit_pedagogy.py;scripts/volume06/enrich_hints.py;scripts/volume07/audit_pedagogy.py;scripts/volume07/enrich_hints.py	% PEDAGOGY-ENRICHED-VI	keep; active tooling references this marker family
VI	books/vol06_algebraic_geometry/chapters/ch48_exact_sequences_and_cohomology/exercise_hints.tex	117	PEDAGOGY-ENRICHED-VI	ACTIVE_KEEP	scripts/volume06/audit_pedagogy.py;scripts/volume06/enrich_hints.py;scripts/volume07/audit_pedagogy.py;scripts/volume07/enrich_hints.py	% PEDAGOGY-ENRICHED-VI	keep; active tooling references this marker family
VI	books/vol06_algebraic_geometry/chapters/ch48_exact_sequences_and_cohomology/exercise_hints.tex	124	PEDAGOGY-ENRICHED-VI	ACTIVE_KEEP	scripts/volume06/audit_pedagogy.py;scripts/volume06/enrich_hints.py;scripts/volume07/audit_pedagogy.py;scripts/volume07/enrich_hints.py	% PEDAGOGY-ENRICHED-VI	keep; active tooling references this marker family
VI	books/vol06_algebraic_geometry/chapters/ch48_exact_sequences_and_cohomology/exercise_hints.tex	131	PEDAGOGY-ENRICHED-VI	ACTIVE_KEEP	scripts/volume06/audit_pedagogy.py;scripts/volume06/enrich_hints.py;scripts/volume07/audit_pedagogy.py;scripts/volume07/enrich_hints.py	% PEDAGOGY-ENRICHED-VI	keep; active tooling references this marker family
VI	books/vol06_algebraic_geometry/chapters/ch48_exact_sequences_and_cohomology/exercise_hints.tex	138	PEDAGOGY-ENRICHED-VI	ACTIVE_KEEP	scripts/volume06/audit_pedagogy.py;scripts/volume06/enrich_hints.py;scripts/volume07/audit_pedagogy.py;scripts/volume07/enrich_hints.py	% PEDAGOGY-ENRICHED-VI	keep; active tooling references this marker family
VI	books/vol06_algebraic_geometry/chapters/ch48_exact_sequences_and_cohomology/exercise_hints.tex	145	PEDAGOGY-ENRICHED-VI	ACTIVE_KEEP	scripts/volume06/audit_pedagogy.py;scripts/volume06/enrich_hints.py;scripts/volume07/audit_pedagogy.py;scripts/volume07/enrich_hints.py	% PEDAGOGY-ENRICHED-VI	keep; active tooling references this marker family
VI	books/vol06_algebraic_geometry/chapters/ch48_exact_sequences_and_cohomology/exercise_hints.tex	152	PEDAGOGY-ENRICHED-VI	ACTIVE_KEEP	scripts/volume06/audit_pedagogy.py;scripts/volume06/enrich_hints.py;scripts/volume07/audit_pedagogy.py;scripts/volume07/enrich_hints.py	% PEDAGOGY-ENRICHED-VI	keep; active tooling references this marker family
VI	books/vol06_algebraic_geometry/chapters/ch48_exact_sequences_and_cohomology/exercise_hints.tex	159	PEDAGOGY-ENRICHED-VI	ACTIVE_KEEP	scripts/volume06/audit_pedagogy.py;scripts/volume06/enrich_hints.py;scripts/volume07/audit_pedagogy.py;scripts/volume07/enrich_hints.py	% PEDAGOGY-ENRICHED-VI	keep; active tooling references this marker family
VI	books/vol06_algebraic_geometry/chapters/ch48_exact_sequences_and_cohomology/exercise_hints.tex	166	PEDAGOGY-ENRICHED-VI	ACTIVE_KEEP	scripts/volume06/audit_pedagogy.py;scripts/volume06/enrich_hints.py;scripts/volume07/audit_pedagogy.py;scripts/volume07/enrich_hints.py	% PEDAGOGY-ENRICHED-VI	keep; active tooling references this marker family
VI	books/vol06_algebraic_geometry/chapters/ch49_basic_vanishing_results/chapter.tex	33	VOL06-EXPANSION	ACTIVE_KEEP	scripts/volume06/audit_example_exercise_balance.py;scripts/volume06/audit_example_exercise_expansion.py;scripts/volume06/expansion_common.py	% BEGIN VOL06-EXPANSION VI49-example-01	keep; active tooling references this marker family
VI	books/vol06_algebraic_geometry/chapters/ch49_basic_vanishing_results/chapter.tex	37	VOL06-EXPANSION	ACTIVE_KEEP	scripts/volume06/audit_example_exercise_balance.py;scripts/volume06/audit_example_exercise_expansion.py;scripts/volume06/expansion_common.py	% END VOL06-EXPANSION VI49-example-01	keep; active tooling references this marker family
VI	books/vol06_algebraic_geometry/chapters/ch49_basic_vanishing_results/chapter.tex	80	VOL06-EXPANSION	ACTIVE_KEEP	scripts/volume06/audit_example_exercise_balance.py;scripts/volume06/audit_example_exercise_expansion.py;scripts/volume06/expansion_common.py	% BEGIN VOL06-EXPANSION VI49-example-02	keep; active tooling references this marker family
VI	books/vol06_algebraic_geometry/chapters/ch49_basic_vanishing_results/chapter.tex	84	VOL06-EXPANSION	ACTIVE_KEEP	scripts/volume06/audit_example_exercise_balance.py;scripts/volume06/audit_example_exercise_expansion.py;scripts/volume06/expansion_common.py	% END VOL06-EXPANSION VI49-example-02	keep; active tooling references this marker family
VI	books/vol06_algebraic_geometry/chapters/ch49_basic_vanishing_results/chapter.tex	241	VOL06-EXPANSION	ACTIVE_KEEP	scripts/volume06/audit_example_exercise_balance.py;scripts/volume06/audit_example_exercise_expansion.py;scripts/volume06/expansion_common.py	% BEGIN VOL06-EXPANSION VI49-example-03	keep; active tooling references this marker family
VI	books/vol06_algebraic_geometry/chapters/ch49_basic_vanishing_results/chapter.tex	245	VOL06-EXPANSION	ACTIVE_KEEP	scripts/volume06/audit_example_exercise_balance.py;scripts/volume06/audit_example_exercise_expansion.py;scripts/volume06/expansion_common.py	% END VOL06-EXPANSION VI49-example-03	keep; active tooling references this marker family
VI	books/vol06_algebraic_geometry/chapters/ch49_basic_vanishing_results/chapter.tex	510	VOL06-EXPANSION	ACTIVE_KEEP	scripts/volume06/audit_example_exercise_balance.py;scripts/volume06/audit_example_exercise_expansion.py;scripts/volume06/expansion_common.py	% BEGIN VOL06-EXPANSION VI49-exercises-01	keep; active tooling references this marker family
VI	books/vol06_algebraic_geometry/chapters/ch49_basic_vanishing_results/chapter.tex	684	VOL06-EXPANSION	ACTIVE_KEEP	scripts/volume06/audit_example_exercise_balance.py;scripts/volume06/audit_example_exercise_expansion.py;scripts/volume06/expansion_common.py	% END VOL06-EXPANSION VI49-exercises-01	keep; active tooling references this marker family
VI	books/vol06_algebraic_geometry/chapters/ch49_basic_vanishing_results/exercise_hints.tex	5	PEDAGOGY-ENRICHED-VI	ACTIVE_KEEP	scripts/volume06/audit_pedagogy.py;scripts/volume06/enrich_hints.py;scripts/volume07/audit_pedagogy.py;scripts/volume07/enrich_hints.py	% PEDAGOGY-ENRICHED-VI	keep; active tooling references this marker family
VI	books/vol06_algebraic_geometry/chapters/ch49_basic_vanishing_results/exercise_hints.tex	12	PEDAGOGY-ENRICHED-VI	ACTIVE_KEEP	scripts/volume06/audit_pedagogy.py;scripts/volume06/enrich_hints.py;scripts/volume07/audit_pedagogy.py;scripts/volume07/enrich_hints.py	% PEDAGOGY-ENRICHED-VI	keep; active tooling references this marker family
VI	books/vol06_algebraic_geometry/chapters/ch49_basic_vanishing_results/exercise_hints.tex	19	PEDAGOGY-ENRICHED-VI	ACTIVE_KEEP	scripts/volume06/audit_pedagogy.py;scripts/volume06/enrich_hints.py;scripts/volume07/audit_pedagogy.py;scripts/volume07/enrich_hints.py	% PEDAGOGY-ENRICHED-VI	keep; active tooling references this marker family
VI	books/vol06_algebraic_geometry/chapters/ch49_basic_vanishing_results/exercise_hints.tex	26	PEDAGOGY-ENRICHED-VI	ACTIVE_KEEP	scripts/volume06/audit_pedagogy.py;scripts/volume06/enrich_hints.py;scripts/volume07/audit_pedagogy.py;scripts/volume07/enrich_hints.py	% PEDAGOGY-ENRICHED-VI	keep; active tooling references this marker family
VI	books/vol06_algebraic_geometry/chapters/ch49_basic_vanishing_results/exercise_hints.tex	33	PEDAGOGY-ENRICHED-VI	ACTIVE_KEEP	scripts/volume06/audit_pedagogy.py;scripts/volume06/enrich_hints.py;scripts/volume07/audit_pedagogy.py;scripts/volume07/enrich_hints.py	% PEDAGOGY-ENRICHED-VI	keep; active tooling references this marker family
VI	books/vol06_algebraic_geometry/chapters/ch49_basic_vanishing_results/exercise_hints.tex	40	PEDAGOGY-ENRICHED-VI	ACTIVE_KEEP	scripts/volume06/audit_pedagogy.py;scripts/volume06/enrich_hints.py;scripts/volume07/audit_pedagogy.py;scripts/volume07/enrich_hints.py	% PEDAGOGY-ENRICHED-VI	keep; active tooling references this marker family
VI	books/vol06_algebraic_geometry/chapters/ch49_basic_vanishing_results/exercise_hints.tex	47	PEDAGOGY-ENRICHED-VI	ACTIVE_KEEP	scripts/volume06/audit_pedagogy.py;scripts/volume06/enrich_hints.py;scripts/volume07/audit_pedagogy.py;scripts/volume07/enrich_hints.py	% PEDAGOGY-ENRICHED-VI	keep; active tooling references this marker family
VI	books/vol06_algebraic_geometry/chapters/ch49_basic_vanishing_results/exercise_hints.tex	54	PEDAGOGY-ENRICHED-VI	ACTIVE_KEEP	scripts/volume06/audit_pedagogy.py;scripts/volume06/enrich_hints.py;scripts/volume07/audit_pedagogy.py;scripts/volume07/enrich_hints.py	% PEDAGOGY-ENRICHED-VI	keep; active tooling references this marker family
VI	books/vol06_algebraic_geometry/chapters/ch49_basic_vanishing_results/exercise_hints.tex	61	PEDAGOGY-ENRICHED-VI	ACTIVE_KEEP	scripts/volume06/audit_pedagogy.py;scripts/volume06/enrich_hints.py;scripts/volume07/audit_pedagogy.py;scripts/volume07/enrich_hints.py	% PEDAGOGY-ENRICHED-VI	keep; active tooling references this marker family
VI	books/vol06_algebraic_geometry/chapters/ch49_basic_vanishing_results/exercise_hints.tex	68	PEDAGOGY-ENRICHED-VI	ACTIVE_KEEP	scripts/volume06/audit_pedagogy.py;scripts/volume06/enrich_hints.py;scripts/volume07/audit_pedagogy.py;scripts/volume07/enrich_hints.py	% PEDAGOGY-ENRICHED-VI	keep; active tooling references this marker family
VI	books/vol06_algebraic_geometry/chapters/ch49_basic_vanishing_results/exercise_hints.tex	75	PEDAGOGY-ENRICHED-VI	ACTIVE_KEEP	scripts/volume06/audit_pedagogy.py;scripts/volume06/enrich_hints.py;scripts/volume07/audit_pedagogy.py;scripts/volume07/enrich_hints.py	% PEDAGOGY-ENRICHED-VI	keep; active tooling references this marker family
VI	books/vol06_algebraic_geometry/chapters/ch49_basic_vanishing_results/exercise_hints.tex	82	PEDAGOGY-ENRICHED-VI	ACTIVE_KEEP	scripts/volume06/audit_pedagogy.py;scripts/volume06/enrich_hints.py;scripts/volume07/audit_pedagogy.py;scripts/volume07/enrich_hints.py	% PEDAGOGY-ENRICHED-VI	keep; active tooling references this marker family
VI	books/vol06_algebraic_geometry/chapters/ch49_basic_vanishing_results/exercise_hints.tex	89	PEDAGOGY-ENRICHED-VI	ACTIVE_KEEP	scripts/volume06/audit_pedagogy.py;scripts/volume06/enrich_hints.py;scripts/volume07/audit_pedagogy.py;scripts/volume07/enrich_hints.py	% PEDAGOGY-ENRICHED-VI	keep; active tooling references this marker family
VI	books/vol06_algebraic_geometry/chapters/ch49_basic_vanishing_results/exercise_hints.tex	96	PEDAGOGY-ENRICHED-VI	ACTIVE_KEEP	scripts/volume06/audit_pedagogy.py;scripts/volume06/enrich_hints.py;scripts/volume07/audit_pedagogy.py;scripts/volume07/enrich_hints.py	% PEDAGOGY-ENRICHED-VI	keep; active tooling references this marker family
VI	books/vol06_algebraic_geometry/chapters/ch49_basic_vanishing_results/exercise_hints.tex	103	PEDAGOGY-ENRICHED-VI	ACTIVE_KEEP	scripts/volume06/audit_pedagogy.py;scripts/volume06/enrich_hints.py;scripts/volume07/audit_pedagogy.py;scripts/volume07/enrich_hints.py	% PEDAGOGY-ENRICHED-VI	keep; active tooling references this marker family
VI	books/vol06_algebraic_geometry/chapters/ch49_basic_vanishing_results/exercise_hints.tex	110	PEDAGOGY-ENRICHED-VI	ACTIVE_KEEP	scripts/volume06/audit_pedagogy.py;scripts/volume06/enrich_hints.py;scripts/volume07/audit_pedagogy.py;scripts/volume07/enrich_hints.py	% PEDAGOGY-ENRICHED-VI	keep; active tooling references this marker family
VI	books/vol06_algebraic_geometry/chapters/ch49_basic_vanishing_results/exercise_hints.tex	117	PEDAGOGY-ENRICHED-VI	ACTIVE_KEEP	scripts/volume06/audit_pedagogy.py;scripts/volume06/enrich_hints.py;scripts/volume07/audit_pedagogy.py;scripts/volume07/enrich_hints.py	% PEDAGOGY-ENRICHED-VI	keep; active tooling references this marker family
VI	books/vol06_algebraic_geometry/chapters/ch49_basic_vanishing_results/exercise_hints.tex	124	PEDAGOGY-ENRICHED-VI	ACTIVE_KEEP	scripts/volume06/audit_pedagogy.py;scripts/volume06/enrich_hints.py;scripts/volume07/audit_pedagogy.py;scripts/volume07/enrich_hints.py	% PEDAGOGY-ENRICHED-VI	keep; active tooling references this marker family
VI	books/vol06_algebraic_geometry/chapters/ch49_basic_vanishing_results/exercise_hints.tex	131	PEDAGOGY-ENRICHED-VI	ACTIVE_KEEP	scripts/volume06/audit_pedagogy.py;scripts/volume06/enrich_hints.py;scripts/volume07/audit_pedagogy.py;scripts/volume07/enrich_hints.py	% PEDAGOGY-ENRICHED-VI	keep; active tooling references this marker family
VI	books/vol06_algebraic_geometry/chapters/ch49_basic_vanishing_results/exercise_hints.tex	138	PEDAGOGY-ENRICHED-VI	ACTIVE_KEEP	scripts/volume06/audit_pedagogy.py;scripts/volume06/enrich_hints.py;scripts/volume07/audit_pedagogy.py;scripts/volume07/enrich_hints.py	% PEDAGOGY-ENRICHED-VI	keep; active tooling references this marker family
VI	books/vol06_algebraic_geometry/chapters/ch49_basic_vanishing_results/exercise_hints.tex	145	PEDAGOGY-ENRICHED-VI	ACTIVE_KEEP	scripts/volume06/audit_pedagogy.py;scripts/volume06/enrich_hints.py;scripts/volume07/audit_pedagogy.py;scripts/volume07/enrich_hints.py	% PEDAGOGY-ENRICHED-VI	keep; active tooling references this marker family
VI	books/vol06_algebraic_geometry/chapters/ch49_basic_vanishing_results/exercise_hints.tex	152	PEDAGOGY-ENRICHED-VI	ACTIVE_KEEP	scripts/volume06/audit_pedagogy.py;scripts/volume06/enrich_hints.py;scripts/volume07/audit_pedagogy.py;scripts/volume07/enrich_hints.py	% PEDAGOGY-ENRICHED-VI	keep; active tooling references this marker family
VI	books/vol06_algebraic_geometry/chapters/ch49_basic_vanishing_results/exercise_hints.tex	159	PEDAGOGY-ENRICHED-VI	ACTIVE_KEEP	scripts/volume06/audit_pedagogy.py;scripts/volume06/enrich_hints.py;scripts/volume07/audit_pedagogy.py;scripts/volume07/enrich_hints.py	% PEDAGOGY-ENRICHED-VI	keep; active tooling references this marker family
VI	books/vol06_algebraic_geometry/chapters/ch49_basic_vanishing_results/exercise_hints.tex	166	PEDAGOGY-ENRICHED-VI	ACTIVE_KEEP	scripts/volume06/audit_pedagogy.py;scripts/volume06/enrich_hints.py;scripts/volume07/audit_pedagogy.py;scripts/volume07/enrich_hints.py	% PEDAGOGY-ENRICHED-VI	keep; active tooling references this marker family
VII	books/vol07_differential_geometry/chapters/ch01_topological_manifolds/chapter.tex	158	PEDAGOGY-ENRICHED-VII	ACTIVE_KEEP	scripts/volume07/audit_pedagogy.py;scripts/volume07/enrich_hints.py	% PEDAGOGY-ENRICHED-VII	keep; active tooling references this marker family
VII	books/vol07_differential_geometry/chapters/ch01_topological_manifolds/chapter.tex	167	PEDAGOGY-ENRICHED-VII	ACTIVE_KEEP	scripts/volume07/audit_pedagogy.py;scripts/volume07/enrich_hints.py	% PEDAGOGY-ENRICHED-VII	keep; active tooling references this marker family
VII	books/vol07_differential_geometry/chapters/ch01_topological_manifolds/chapter.tex	176	PEDAGOGY-ENRICHED-VII	ACTIVE_KEEP	scripts/volume07/audit_pedagogy.py;scripts/volume07/enrich_hints.py	% PEDAGOGY-ENRICHED-VII	keep; active tooling references this marker family
VII	books/vol07_differential_geometry/chapters/ch01_topological_manifolds/chapter.tex	185	PEDAGOGY-ENRICHED-VII	ACTIVE_KEEP	scripts/volume07/audit_pedagogy.py;scripts/volume07/enrich_hints.py	% PEDAGOGY-ENRICHED-VII	keep; active tooling references this marker family
VII	books/vol07_differential_geometry/chapters/ch01_topological_manifolds/chapter.tex	194	PEDAGOGY-ENRICHED-VII	ACTIVE_KEEP	scripts/volume07/audit_pedagogy.py;scripts/volume07/enrich_hints.py	% PEDAGOGY-ENRICHED-VII	keep; active tooling references this marker family
VII	books/vol07_differential_geometry/chapters/ch01_topological_manifolds/chapter.tex	203	PEDAGOGY-ENRICHED-VII	ACTIVE_KEEP	scripts/volume07/audit_pedagogy.py;scripts/volume07/enrich_hints.py	% PEDAGOGY-ENRICHED-VII	keep; active tooling references this marker family
VII	books/vol07_differential_geometry/chapters/ch01_topological_manifolds/chapter.tex	212	PEDAGOGY-ENRICHED-VII	ACTIVE_KEEP	scripts/volume07/audit_pedagogy.py;scripts/volume07/enrich_hints.py	% PEDAGOGY-ENRICHED-VII	keep; active tooling references this marker family
VII	books/vol07_differential_geometry/chapters/ch01_topological_manifolds/chapter.tex	221	PEDAGOGY-ENRICHED-VII	ACTIVE_KEEP	scripts/volume07/audit_pedagogy.py;scripts/volume07/enrich_hints.py	% PEDAGOGY-ENRICHED-VII	keep; active tooling references this marker family
VII	books/vol07_differential_geometry/chapters/ch01_topological_manifolds/chapter.tex	230	PEDAGOGY-ENRICHED-VII	ACTIVE_KEEP	scripts/volume07/audit_pedagogy.py;scripts/volume07/enrich_hints.py	% PEDAGOGY-ENRICHED-VII	keep; active tooling references this marker family
VII	books/vol07_differential_geometry/chapters/ch01_topological_manifolds/chapter.tex	239	PEDAGOGY-ENRICHED-VII	ACTIVE_KEEP	scripts/volume07/audit_pedagogy.py;scripts/volume07/enrich_hints.py	% PEDAGOGY-ENRICHED-VII	keep; active tooling references this marker family
VII	books/vol07_differential_geometry/chapters/ch01_topological_manifolds/chapter.tex	248	PEDAGOGY-ENRICHED-VII	ACTIVE_KEEP	scripts/volume07/audit_pedagogy.py;scripts/volume07/enrich_hints.py	% PEDAGOGY-ENRICHED-VII	keep; active tooling references this marker family
VII	books/vol07_differential_geometry/chapters/ch01_topological_manifolds/chapter.tex	257	PEDAGOGY-ENRICHED-VII	ACTIVE_KEEP	scripts/volume07/audit_pedagogy.py;scripts/volume07/enrich_hints.py	% PEDAGOGY-ENRICHED-VII	keep; active tooling references this marker family
VII	books/vol07_differential_geometry/chapters/ch01_topological_manifolds/chapter.tex	266	PEDAGOGY-ENRICHED-VII	ACTIVE_KEEP	scripts/volume07/audit_pedagogy.py;scripts/volume07/enrich_hints.py	% PEDAGOGY-ENRICHED-VII	keep; active tooling references this marker family
VII	books/vol07_differential_geometry/chapters/ch01_topological_manifolds/chapter.tex	275	PEDAGOGY-ENRICHED-VII	ACTIVE_KEEP	scripts/volume07/audit_pedagogy.py;scripts/volume07/enrich_hints.py	% PEDAGOGY-ENRICHED-VII	keep; active tooling references this marker family
VII	books/vol07_differential_geometry/chapters/ch01_topological_manifolds/chapter.tex	284	PEDAGOGY-ENRICHED-VII	ACTIVE_KEEP	scripts/volume07/audit_pedagogy.py;scripts/volume07/enrich_hints.py	% PEDAGOGY-ENRICHED-VII	keep; active tooling references this marker family
VII	books/vol07_differential_geometry/chapters/ch01_topological_manifolds/chapter.tex	293	PEDAGOGY-ENRICHED-VII	ACTIVE_KEEP	scripts/volume07/audit_pedagogy.py;scripts/volume07/enrich_hints.py	% PEDAGOGY-ENRICHED-VII	keep; active tooling references this marker family
VII	books/vol07_differential_geometry/chapters/ch01_topological_manifolds/chapter.tex	303	PEDAGOGY-ENRICHED-VII	ACTIVE_KEEP	scripts/volume07/audit_pedagogy.py;scripts/volume07/enrich_hints.py	% PEDAGOGY-ENRICHED-VII	keep; active tooling references this marker family
VII	books/vol07_differential_geometry/chapters/ch01_topological_manifolds/chapter.tex	312	PEDAGOGY-ENRICHED-VII	ACTIVE_KEEP	scripts/volume07/audit_pedagogy.py;scripts/volume07/enrich_hints.py	% PEDAGOGY-ENRICHED-VII	keep; active tooling references this marker family
VII	books/vol07_differential_geometry/chapters/ch01_topological_manifolds/chapter.tex	321	PEDAGOGY-ENRICHED-VII	ACTIVE_KEEP	scripts/volume07/audit_pedagogy.py;scripts/volume07/enrich_hints.py	% PEDAGOGY-ENRICHED-VII	keep; active tooling references this marker family
VII	books/vol07_differential_geometry/chapters/ch01_topological_manifolds/chapter.tex	330	PEDAGOGY-ENRICHED-VII	ACTIVE_KEEP	scripts/volume07/audit_pedagogy.py;scripts/volume07/enrich_hints.py	% PEDAGOGY-ENRICHED-VII	keep; active tooling references this marker family
VII	books/vol07_differential_geometry/chapters/ch01_topological_manifolds/chapter.tex	339	PEDAGOGY-ENRICHED-VII	ACTIVE_KEEP	scripts/volume07/audit_pedagogy.py;scripts/volume07/enrich_hints.py	% PEDAGOGY-ENRICHED-VII	keep; active tooling references this marker family
VII	books/vol07_differential_geometry/chapters/ch01_topological_manifolds/chapter.tex	348	PEDAGOGY-ENRICHED-VII	ACTIVE_KEEP	scripts/volume07/audit_pedagogy.py;scripts/volume07/enrich_hints.py	% PEDAGOGY-ENRICHED-VII	keep; active tooling references this marker family
VII	books/vol07_differential_geometry/chapters/ch01_topological_manifolds/chapter.tex	357	PEDAGOGY-ENRICHED-VII	ACTIVE_KEEP	scripts/volume07/audit_pedagogy.py;scripts/volume07/enrich_hints.py	% PEDAGOGY-ENRICHED-VII	keep; active tooling references this marker family
VII	books/vol07_differential_geometry/chapters/ch01_topological_manifolds/chapter.tex	366	PEDAGOGY-ENRICHED-VII	ACTIVE_KEEP	scripts/volume07/audit_pedagogy.py;scripts/volume07/enrich_hints.py	% PEDAGOGY-ENRICHED-VII	keep; active tooling references this marker family
VII	books/vol07_differential_geometry/chapters/ch01_topological_manifolds/pedagogy_expansion.tex	1	VOL07-EXPANSION	ACTIVE_KEEP	scripts/volume07/audit_example_exercise_expansion.py;scripts/volume07/reconcile_example_exercise_evidence.py	% BEGIN VOL07-EXPANSION VII01	keep; active tooling references this marker family
VII	books/vol07_differential_geometry/chapters/ch01_topological_manifolds/pedagogy_expansion.tex	190	VOL07-EXPANSION	ACTIVE_KEEP	scripts/volume07/audit_example_exercise_expansion.py;scripts/volume07/reconcile_example_exercise_evidence.py	% END VOL07-EXPANSION VII01	keep; active tooling references this marker family
VII	books/vol07_differential_geometry/chapters/ch02_smooth_structures_and_atlases/chapter.tex	82	PEDAGOGY-ENRICHED-VII	ACTIVE_KEEP	scripts/volume07/audit_pedagogy.py;scripts/volume07/enrich_hints.py	% PEDAGOGY-ENRICHED-VII	keep; active tooling references this marker family
VII	books/vol07_differential_geometry/chapters/ch02_smooth_structures_and_atlases/chapter.tex	93	PEDAGOGY-ENRICHED-VII	ACTIVE_KEEP	scripts/volume07/audit_pedagogy.py;scripts/volume07/enrich_hints.py	% PEDAGOGY-ENRICHED-VII	keep; active tooling references this marker family
VII	books/vol07_differential_geometry/chapters/ch02_smooth_structures_and_atlases/chapter.tex	104	PEDAGOGY-ENRICHED-VII	ACTIVE_KEEP	scripts/volume07/audit_pedagogy.py;scripts/volume07/enrich_hints.py	% PEDAGOGY-ENRICHED-VII	keep; active tooling references this marker family
VII	books/vol07_differential_geometry/chapters/ch02_smooth_structures_and_atlases/chapter.tex	115	PEDAGOGY-ENRICHED-VII	ACTIVE_KEEP	scripts/volume07/audit_pedagogy.py;scripts/volume07/enrich_hints.py	% PEDAGOGY-ENRICHED-VII	keep; active tooling references this marker family
VII	books/vol07_differential_geometry/chapters/ch02_smooth_structures_and_atlases/chapter.tex	126	PEDAGOGY-ENRICHED-VII	ACTIVE_KEEP	scripts/volume07/audit_pedagogy.py;scripts/volume07/enrich_hints.py	% PEDAGOGY-ENRICHED-VII	keep; active tooling references this marker family
VII	books/vol07_differential_geometry/chapters/ch02_smooth_structures_and_atlases/chapter.tex	137	PEDAGOGY-ENRICHED-VII	ACTIVE_KEEP	scripts/volume07/audit_pedagogy.py;scripts/volume07/enrich_hints.py	% PEDAGOGY-ENRICHED-VII	keep; active tooling references this marker family
VII	books/vol07_differential_geometry/chapters/ch02_smooth_structures_and_atlases/chapter.tex	148	PEDAGOGY-ENRICHED-VII	ACTIVE_KEEP	scripts/volume07/audit_pedagogy.py;scripts/volume07/enrich_hints.py	% PEDAGOGY-ENRICHED-VII	keep; active tooling references this marker family
VII	books/vol07_differential_geometry/chapters/ch02_smooth_structures_and_atlases/chapter.tex	159	PEDAGOGY-ENRICHED-VII	ACTIVE_KEEP	scripts/volume07/audit_pedagogy.py;scripts/volume07/enrich_hints.py	% PEDAGOGY-ENRICHED-VII	keep; active tooling references this marker family
VII	books/vol07_differential_geometry/chapters/ch02_smooth_structures_and_atlases/chapter.tex	170	PEDAGOGY-ENRICHED-VII	ACTIVE_KEEP	scripts/volume07/audit_pedagogy.py;scripts/volume07/enrich_hints.py	% PEDAGOGY-ENRICHED-VII	keep; active tooling references this marker family
VII	books/vol07_differential_geometry/chapters/ch02_smooth_structures_and_atlases/chapter.tex	181	PEDAGOGY-ENRICHED-VII	ACTIVE_KEEP	scripts/volume07/audit_pedagogy.py;scripts/volume07/enrich_hints.py	% PEDAGOGY-ENRICHED-VII	keep; active tooling references this marker family
VII	books/vol07_differential_geometry/chapters/ch02_smooth_structures_and_atlases/chapter.tex	192	PEDAGOGY-ENRICHED-VII	ACTIVE_KEEP	scripts/volume07/audit_pedagogy.py;scripts/volume07/enrich_hints.py	% PEDAGOGY-ENRICHED-VII	keep; active tooling references this marker family
VII	books/vol07_differential_geometry/chapters/ch02_smooth_structures_and_atlases/chapter.tex	203	PEDAGOGY-ENRICHED-VII	ACTIVE_KEEP	scripts/volume07/audit_pedagogy.py;scripts/volume07/enrich_hints.py	% PEDAGOGY-ENRICHED-VII	keep; active tooling references this marker family
VII	books/vol07_differential_geometry/chapters/ch02_smooth_structures_and_atlases/chapter.tex	214	PEDAGOGY-ENRICHED-VII	ACTIVE_KEEP	scripts/volume07/audit_pedagogy.py;scripts/volume07/enrich_hints.py	% PEDAGOGY-ENRICHED-VII	keep; active tooling references this marker family
VII	books/vol07_differential_geometry/chapters/ch02_smooth_structures_and_atlases/chapter.tex	225	PEDAGOGY-ENRICHED-VII	ACTIVE_KEEP	scripts/volume07/audit_pedagogy.py;scripts/volume07/enrich_hints.py	% PEDAGOGY-ENRICHED-VII	keep; active tooling references this marker family
VII	books/vol07_differential_geometry/chapters/ch02_smooth_structures_and_atlases/chapter.tex	236	PEDAGOGY-ENRICHED-VII	ACTIVE_KEEP	scripts/volume07/audit_pedagogy.py;scripts/volume07/enrich_hints.py	% PEDAGOGY-ENRICHED-VII	keep; active tooling references this marker family
VII	books/vol07_differential_geometry/chapters/ch02_smooth_structures_and_atlases/chapter.tex	247	PEDAGOGY-ENRICHED-VII	ACTIVE_KEEP	scripts/volume07/audit_pedagogy.py;scripts/volume07/enrich_hints.py	% PEDAGOGY-ENRICHED-VII	keep; active tooling references this marker family
VII	books/vol07_differential_geometry/chapters/ch02_smooth_structures_and_atlases/chapter.tex	258	PEDAGOGY-ENRICHED-VII	ACTIVE_KEEP	scripts/volume07/audit_pedagogy.py;scripts/volume07/enrich_hints.py	% PEDAGOGY-ENRICHED-VII	keep; active tooling references this marker family
VII	books/vol07_differential_geometry/chapters/ch02_smooth_structures_and_atlases/chapter.tex	269	PEDAGOGY-ENRICHED-VII	ACTIVE_KEEP	scripts/volume07/audit_pedagogy.py;scripts/volume07/enrich_hints.py	% PEDAGOGY-ENRICHED-VII	keep; active tooling references this marker family
VII	books/vol07_differential_geometry/chapters/ch02_smooth_structures_and_atlases/chapter.tex	280	PEDAGOGY-ENRICHED-VII	ACTIVE_KEEP	scripts/volume07/audit_pedagogy.py;scripts/volume07/enrich_hints.py	% PEDAGOGY-ENRICHED-VII	keep; active tooling references this marker family
VII	books/vol07_differential_geometry/chapters/ch02_smooth_structures_and_atlases/chapter.tex	291	PEDAGOGY-ENRICHED-VII	ACTIVE_KEEP	scripts/volume07/audit_pedagogy.py;scripts/volume07/enrich_hints.py	% PEDAGOGY-ENRICHED-VII	keep; active tooling references this marker family
VII	books/vol07_differential_geometry/chapters/ch02_smooth_structures_and_atlases/chapter.tex	302	PEDAGOGY-ENRICHED-VII	ACTIVE_KEEP	scripts/volume07/audit_pedagogy.py;scripts/volume07/enrich_hints.py	% PEDAGOGY-ENRICHED-VII	keep; active tooling references this marker family
VII	books/vol07_differential_geometry/chapters/ch02_smooth_structures_and_atlases/chapter.tex	313	PEDAGOGY-ENRICHED-VII	ACTIVE_KEEP	scripts/volume07/audit_pedagogy.py;scripts/volume07/enrich_hints.py	% PEDAGOGY-ENRICHED-VII	keep; active tooling references this marker family
VII	books/vol07_differential_geometry/chapters/ch02_smooth_structures_and_atlases/chapter.tex	324	PEDAGOGY-ENRICHED-VII	ACTIVE_KEEP	scripts/volume07/audit_pedagogy.py;scripts/volume07/enrich_hints.py	% PEDAGOGY-ENRICHED-VII	keep; active tooling references this marker family
VII	books/vol07_differential_geometry/chapters/ch02_smooth_structures_and_atlases/chapter.tex	335	PEDAGOGY-ENRICHED-VII	ACTIVE_KEEP	scripts/volume07/audit_pedagogy.py;scripts/volume07/enrich_hints.py	% PEDAGOGY-ENRICHED-VII	keep; active tooling references this marker family
VII	books/vol07_differential_geometry/chapters/ch02_smooth_structures_and_atlases/pedagogy_expansion.tex	1	VOL07-EXPANSION	ACTIVE_KEEP	scripts/volume07/audit_example_exercise_expansion.py;scripts/volume07/reconcile_example_exercise_evidence.py	% BEGIN VOL07-EXPANSION VII02	keep; active tooling references this marker family
VII	books/vol07_differential_geometry/chapters/ch02_smooth_structures_and_atlases/pedagogy_expansion.tex	194	VOL07-EXPANSION	ACTIVE_KEEP	scripts/volume07/audit_example_exercise_expansion.py;scripts/volume07/reconcile_example_exercise_evidence.py	% END VOL07-EXPANSION VII02	keep; active tooling references this marker family
VII	books/vol07_differential_geometry/chapters/ch03_smooth_maps_and_diffeomorphisms/chapter.tex	79	PEDAGOGY-ENRICHED-VII	ACTIVE_KEEP	scripts/volume07/audit_pedagogy.py;scripts/volume07/enrich_hints.py	% PEDAGOGY-ENRICHED-VII	keep; active tooling references this marker family
VII	books/vol07_differential_geometry/chapters/ch03_smooth_maps_and_diffeomorphisms/chapter.tex	90	PEDAGOGY-ENRICHED-VII	ACTIVE_KEEP	scripts/volume07/audit_pedagogy.py;scripts/volume07/enrich_hints.py	% PEDAGOGY-ENRICHED-VII	keep; active tooling references this marker family
VII	books/vol07_differential_geometry/chapters/ch03_smooth_maps_and_diffeomorphisms/chapter.tex	101	PEDAGOGY-ENRICHED-VII	ACTIVE_KEEP	scripts/volume07/audit_pedagogy.py;scripts/volume07/enrich_hints.py	% PEDAGOGY-ENRICHED-VII	keep; active tooling references this marker family
VII	books/vol07_differential_geometry/chapters/ch03_smooth_maps_and_diffeomorphisms/chapter.tex	112	PEDAGOGY-ENRICHED-VII	ACTIVE_KEEP	scripts/volume07/audit_pedagogy.py;scripts/volume07/enrich_hints.py	% PEDAGOGY-ENRICHED-VII	keep; active tooling references this marker family
VII	books/vol07_differential_geometry/chapters/ch03_smooth_maps_and_diffeomorphisms/chapter.tex	123	PEDAGOGY-ENRICHED-VII	ACTIVE_KEEP	scripts/volume07/audit_pedagogy.py;scripts/volume07/enrich_hints.py	% PEDAGOGY-ENRICHED-VII	keep; active tooling references this marker family
VII	books/vol07_differential_geometry/chapters/ch03_smooth_maps_and_diffeomorphisms/chapter.tex	134	PEDAGOGY-ENRICHED-VII	ACTIVE_KEEP	scripts/volume07/audit_pedagogy.py;scripts/volume07/enrich_hints.py	% PEDAGOGY-ENRICHED-VII	keep; active tooling references this marker family
VII	books/vol07_differential_geometry/chapters/ch03_smooth_maps_and_diffeomorphisms/chapter.tex	145	PEDAGOGY-ENRICHED-VII	ACTIVE_KEEP	scripts/volume07/audit_pedagogy.py;scripts/volume07/enrich_hints.py	% PEDAGOGY-ENRICHED-VII	keep; active tooling references this marker family
VII	books/vol07_differential_geometry/chapters/ch03_smooth_maps_and_diffeomorphisms/chapter.tex	156	PEDAGOGY-ENRICHED-VII	ACTIVE_KEEP	scripts/volume07/audit_pedagogy.py;scripts/volume07/enrich_hints.py	% PEDAGOGY-ENRICHED-VII	keep; active tooling references this marker family
VII	books/vol07_differential_geometry/chapters/ch03_smooth_maps_and_diffeomorphisms/chapter.tex	167	PEDAGOGY-ENRICHED-VII	ACTIVE_KEEP	scripts/volume07/audit_pedagogy.py;scripts/volume07/enrich_hints.py	% PEDAGOGY-ENRICHED-VII	keep; active tooling references this marker family
VII	books/vol07_differential_geometry/chapters/ch03_smooth_maps_and_diffeomorphisms/chapter.tex	178	PEDAGOGY-ENRICHED-VII	ACTIVE_KEEP	scripts/volume07/audit_pedagogy.py;scripts/volume07/enrich_hints.py	% PEDAGOGY-ENRICHED-VII	keep; active tooling references this marker family
VII	books/vol07_differential_geometry/chapters/ch03_smooth_maps_and_diffeomorphisms/chapter.tex	189	PEDAGOGY-ENRICHED-VII	ACTIVE_KEEP	scripts/volume07/audit_pedagogy.py;scripts/volume07/enrich_hints.py	% PEDAGOGY-ENRICHED-VII	keep; active tooling references this marker family
VII	books/vol07_differential_geometry/chapters/ch03_smooth_maps_and_diffeomorphisms/chapter.tex	200	PEDAGOGY-ENRICHED-VII	ACTIVE_KEEP	scripts/volume07/audit_pedagogy.py;scripts/volume07/enrich_hints.py	% PEDAGOGY-ENRICHED-VII	keep; active tooling references this marker family
VII	books/vol07_differential_geometry/chapters/ch03_smooth_maps_and_diffeomorphisms/chapter.tex	211	PEDAGOGY-ENRICHED-VII	ACTIVE_KEEP	scripts/volume07/audit_pedagogy.py;scripts/volume07/enrich_hints.py	% PEDAGOGY-ENRICHED-VII	keep; active tooling references this marker family
VII	books/vol07_differential_geometry/chapters/ch03_smooth_maps_and_diffeomorphisms/chapter.tex	222	PEDAGOGY-ENRICHED-VII	ACTIVE_KEEP	scripts/volume07/audit_pedagogy.py;scripts/volume07/enrich_hints.py	% PEDAGOGY-ENRICHED-VII	keep; active tooling references this marker family
VII	books/vol07_differential_geometry/chapters/ch03_smooth_maps_and_diffeomorphisms/chapter.tex	233	PEDAGOGY-ENRICHED-VII	ACTIVE_KEEP	scripts/volume07/audit_pedagogy.py;scripts/volume07/enrich_hints.py	% PEDAGOGY-ENRICHED-VII	keep; active tooling references this marker family
VII	books/vol07_differential_geometry/chapters/ch03_smooth_maps_and_diffeomorphisms/chapter.tex	244	PEDAGOGY-ENRICHED-VII	ACTIVE_KEEP	scripts/volume07/audit_pedagogy.py;scripts/volume07/enrich_hints.py	% PEDAGOGY-ENRICHED-VII	keep; active tooling references this marker family
VII	books/vol07_differential_geometry/chapters/ch03_smooth_maps_and_diffeomorphisms/chapter.tex	255	PEDAGOGY-ENRICHED-VII	ACTIVE_KEEP	scripts/volume07/audit_pedagogy.py;scripts/volume07/enrich_hints.py	% PEDAGOGY-ENRICHED-VII	keep; active tooling references this marker family
VII	books/vol07_differential_geometry/chapters/ch03_smooth_maps_and_diffeomorphisms/chapter.tex	266	PEDAGOGY-ENRICHED-VII	ACTIVE_KEEP	scripts/volume07/audit_pedagogy.py;scripts/volume07/enrich_hints.py	% PEDAGOGY-ENRICHED-VII	keep; active tooling references this marker family
VII	books/vol07_differential_geometry/chapters/ch03_smooth_maps_and_diffeomorphisms/chapter.tex	277	PEDAGOGY-ENRICHED-VII	ACTIVE_KEEP	scripts/volume07/audit_pedagogy.py;scripts/volume07/enrich_hints.py	% PEDAGOGY-ENRICHED-VII	keep; active tooling references this marker family
VII	books/vol07_differential_geometry/chapters/ch03_smooth_maps_and_diffeomorphisms/chapter.tex	288	PEDAGOGY-ENRICHED-VII	ACTIVE_KEEP	scripts/volume07/audit_pedagogy.py;scripts/volume07/enrich_hints.py	% PEDAGOGY-ENRICHED-VII	keep; active tooling references this marker family
VII	books/vol07_differential_geometry/chapters/ch03_smooth_maps_and_diffeomorphisms/chapter.tex	299	PEDAGOGY-ENRICHED-VII	ACTIVE_KEEP	scripts/volume07/audit_pedagogy.py;scripts/volume07/enrich_hints.py	% PEDAGOGY-ENRICHED-VII	keep; active tooling references this marker family
VII	books/vol07_differential_geometry/chapters/ch03_smooth_maps_and_diffeomorphisms/chapter.tex	310	PEDAGOGY-ENRICHED-VII	ACTIVE_KEEP	scripts/volume07/audit_pedagogy.py;scripts/volume07/enrich_hints.py	% PEDAGOGY-ENRICHED-VII	keep; active tooling references this marker family
VII	books/vol07_differential_geometry/chapters/ch03_smooth_maps_and_diffeomorphisms/chapter.tex	321	PEDAGOGY-ENRICHED-VII	ACTIVE_KEEP	scripts/volume07/audit_pedagogy.py;scripts/volume07/enrich_hints.py	% PEDAGOGY-ENRICHED-VII	keep; active tooling references this marker family
VII	books/vol07_differential_geometry/chapters/ch03_smooth_maps_and_diffeomorphisms/chapter.tex	332	PEDAGOGY-ENRICHED-VII	ACTIVE_KEEP	scripts/volume07/audit_pedagogy.py;scripts/volume07/enrich_hints.py	% PEDAGOGY-ENRICHED-VII	keep; active tooling references this marker family
VII	books/vol07_differential_geometry/chapters/ch03_smooth_maps_and_diffeomorphisms/pedagogy_expansion.tex	1	VOL07-EXPANSION	ACTIVE_KEEP	scripts/volume07/audit_example_exercise_expansion.py;scripts/volume07/reconcile_example_exercise_evidence.py	% BEGIN VOL07-EXPANSION VII03	keep; active tooling references this marker family
VII	books/vol07_differential_geometry/chapters/ch03_smooth_maps_and_diffeomorphisms/pedagogy_expansion.tex	190	VOL07-EXPANSION	ACTIVE_KEEP	scripts/volume07/audit_example_exercise_expansion.py;scripts/volume07/reconcile_example_exercise_evidence.py	% END VOL07-EXPANSION VII03	keep; active tooling references this marker family
VII	books/vol07_differential_geometry/chapters/ch04_tangent_spaces/chapter.tex	217	PEDAGOGY-ENRICHED-VII	ACTIVE_KEEP	scripts/volume07/audit_pedagogy.py;scripts/volume07/enrich_hints.py	% PEDAGOGY-ENRICHED-VII	keep; active tooling references this marker family
VII	books/vol07_differential_geometry/chapters/ch04_tangent_spaces/chapter.tex	228	PEDAGOGY-ENRICHED-VII	ACTIVE_KEEP	scripts/volume07/audit_pedagogy.py;scripts/volume07/enrich_hints.py	% PEDAGOGY-ENRICHED-VII	keep; active tooling references this marker family
VII	books/vol07_differential_geometry/chapters/ch04_tangent_spaces/chapter.tex	239	PEDAGOGY-ENRICHED-VII	ACTIVE_KEEP	scripts/volume07/audit_pedagogy.py;scripts/volume07/enrich_hints.py	% PEDAGOGY-ENRICHED-VII	keep; active tooling references this marker family
VII	books/vol07_differential_geometry/chapters/ch04_tangent_spaces/chapter.tex	250	PEDAGOGY-ENRICHED-VII	ACTIVE_KEEP	scripts/volume07/audit_pedagogy.py;scripts/volume07/enrich_hints.py	% PEDAGOGY-ENRICHED-VII	keep; active tooling references this marker family
VII	books/vol07_differential_geometry/chapters/ch04_tangent_spaces/chapter.tex	261	PEDAGOGY-ENRICHED-VII	ACTIVE_KEEP	scripts/volume07/audit_pedagogy.py;scripts/volume07/enrich_hints.py	% PEDAGOGY-ENRICHED-VII	keep; active tooling references this marker family
VII	books/vol07_differential_geometry/chapters/ch04_tangent_spaces/chapter.tex	272	PEDAGOGY-ENRICHED-VII	ACTIVE_KEEP	scripts/volume07/audit_pedagogy.py;scripts/volume07/enrich_hints.py	% PEDAGOGY-ENRICHED-VII	keep; active tooling references this marker family
VII	books/vol07_differential_geometry/chapters/ch04_tangent_spaces/chapter.tex	283	PEDAGOGY-ENRICHED-VII	ACTIVE_KEEP	scripts/volume07/audit_pedagogy.py;scripts/volume07/enrich_hints.py	% PEDAGOGY-ENRICHED-VII	keep; active tooling references this marker family
VII	books/vol07_differential_geometry/chapters/ch04_tangent_spaces/chapter.tex	294	PEDAGOGY-ENRICHED-VII	ACTIVE_KEEP	scripts/volume07/audit_pedagogy.py;scripts/volume07/enrich_hints.py	% PEDAGOGY-ENRICHED-VII	keep; active tooling references this marker family
VII	books/vol07_differential_geometry/chapters/ch04_tangent_spaces/chapter.tex	305	PEDAGOGY-ENRICHED-VII	ACTIVE_KEEP	scripts/volume07/audit_pedagogy.py;scripts/volume07/enrich_hints.py	% PEDAGOGY-ENRICHED-VII	keep; active tooling references this marker family
VII	books/vol07_differential_geometry/chapters/ch04_tangent_spaces/chapter.tex	316	PEDAGOGY-ENRICHED-VII	ACTIVE_KEEP	scripts/volume07/audit_pedagogy.py;scripts/volume07/enrich_hints.py	% PEDAGOGY-ENRICHED-VII	keep; active tooling references this marker family
VII	books/vol07_differential_geometry/chapters/ch04_tangent_spaces/chapter.tex	327	PEDAGOGY-ENRICHED-VII	ACTIVE_KEEP	scripts/volume07/audit_pedagogy.py;scripts/volume07/enrich_hints.py	% PEDAGOGY-ENRICHED-VII	keep; active tooling references this marker family
VII	books/vol07_differential_geometry/chapters/ch04_tangent_spaces/chapter.tex	338	PEDAGOGY-ENRICHED-VII	ACTIVE_KEEP	scripts/volume07/audit_pedagogy.py;scripts/volume07/enrich_hints.py	% PEDAGOGY-ENRICHED-VII	keep; active tooling references this marker family
VII	books/vol07_differential_geometry/chapters/ch04_tangent_spaces/chapter.tex	349	PEDAGOGY-ENRICHED-VII	ACTIVE_KEEP	scripts/volume07/audit_pedagogy.py;scripts/volume07/enrich_hints.py	% PEDAGOGY-ENRICHED-VII	keep; active tooling references this marker family
VII	books/vol07_differential_geometry/chapters/ch04_tangent_spaces/chapter.tex	360	PEDAGOGY-ENRICHED-VII	ACTIVE_KEEP	scripts/volume07/audit_pedagogy.py;scripts/volume07/enrich_hints.py	% PEDAGOGY-ENRICHED-VII	keep; active tooling references this marker family
VII	books/vol07_differential_geometry/chapters/ch04_tangent_spaces/chapter.tex	371	PEDAGOGY-ENRICHED-VII	ACTIVE_KEEP	scripts/volume07/audit_pedagogy.py;scripts/volume07/enrich_hints.py	% PEDAGOGY-ENRICHED-VII	keep; active tooling references this marker family
VII	books/vol07_differential_geometry/chapters/ch04_tangent_spaces/chapter.tex	382	PEDAGOGY-ENRICHED-VII	ACTIVE_KEEP	scripts/volume07/audit_pedagogy.py;scripts/volume07/enrich_hints.py	% PEDAGOGY-ENRICHED-VII	keep; active tooling references this marker family
VII	books/vol07_differential_geometry/chapters/ch04_tangent_spaces/chapter.tex	393	PEDAGOGY-ENRICHED-VII	ACTIVE_KEEP	scripts/volume07/audit_pedagogy.py;scripts/volume07/enrich_hints.py	% PEDAGOGY-ENRICHED-VII	keep; active tooling references this marker family
VII	books/vol07_differential_geometry/chapters/ch04_tangent_spaces/chapter.tex	404	PEDAGOGY-ENRICHED-VII	ACTIVE_KEEP	scripts/volume07/audit_pedagogy.py;scripts/volume07/enrich_hints.py	% PEDAGOGY-ENRICHED-VII	keep; active tooling references this marker family
VII	books/vol07_differential_geometry/chapters/ch04_tangent_spaces/chapter.tex	415	PEDAGOGY-ENRICHED-VII	ACTIVE_KEEP	scripts/volume07/audit_pedagogy.py;scripts/volume07/enrich_hints.py	% PEDAGOGY-ENRICHED-VII	keep; active tooling references this marker family
VII	books/vol07_differential_geometry/chapters/ch04_tangent_spaces/chapter.tex	426	PEDAGOGY-ENRICHED-VII	ACTIVE_KEEP	scripts/volume07/audit_pedagogy.py;scripts/volume07/enrich_hints.py	% PEDAGOGY-ENRICHED-VII	keep; active tooling references this marker family
VII	books/vol07_differential_geometry/chapters/ch04_tangent_spaces/chapter.tex	437	PEDAGOGY-ENRICHED-VII	ACTIVE_KEEP	scripts/volume07/audit_pedagogy.py;scripts/volume07/enrich_hints.py	% PEDAGOGY-ENRICHED-VII	keep; active tooling references this marker family
VII	books/vol07_differential_geometry/chapters/ch04_tangent_spaces/chapter.tex	448	PEDAGOGY-ENRICHED-VII	ACTIVE_KEEP	scripts/volume07/audit_pedagogy.py;scripts/volume07/enrich_hints.py	% PEDAGOGY-ENRICHED-VII	keep; active tooling references this marker family
VII	books/vol07_differential_geometry/chapters/ch04_tangent_spaces/chapter.tex	459	PEDAGOGY-ENRICHED-VII	ACTIVE_KEEP	scripts/volume07/audit_pedagogy.py;scripts/volume07/enrich_hints.py	% PEDAGOGY-ENRICHED-VII	keep; active tooling references this marker family
VII	books/vol07_differential_geometry/chapters/ch04_tangent_spaces/chapter.tex	470	PEDAGOGY-ENRICHED-VII	ACTIVE_KEEP	scripts/volume07/audit_pedagogy.py;scripts/volume07/enrich_hints.py	% PEDAGOGY-ENRICHED-VII	keep; active tooling references this marker family
VII	books/vol07_differential_geometry/chapters/ch04_tangent_spaces/pedagogy_expansion.tex	1	VOL07-EXPANSION	ACTIVE_KEEP	scripts/volume07/audit_example_exercise_expansion.py;scripts/volume07/reconcile_example_exercise_evidence.py	% BEGIN VOL07-EXPANSION VII04	keep; active tooling references this marker family
VII	books/vol07_differential_geometry/chapters/ch04_tangent_spaces/pedagogy_expansion.tex	198	VOL07-EXPANSION	ACTIVE_KEEP	scripts/volume07/audit_example_exercise_expansion.py;scripts/volume07/reconcile_example_exercise_evidence.py	% END VOL07-EXPANSION VII04	keep; active tooling references this marker family
VII	books/vol07_differential_geometry/chapters/ch05_cotangent_spaces/chapter.tex	200	PEDAGOGY-ENRICHED-VII	ACTIVE_KEEP	scripts/volume07/audit_pedagogy.py;scripts/volume07/enrich_hints.py	% PEDAGOGY-ENRICHED-VII	keep; active tooling references this marker family
VII	books/vol07_differential_geometry/chapters/ch05_cotangent_spaces/chapter.tex	211	PEDAGOGY-ENRICHED-VII	ACTIVE_KEEP	scripts/volume07/audit_pedagogy.py;scripts/volume07/enrich_hints.py	% PEDAGOGY-ENRICHED-VII	keep; active tooling references this marker family
VII	books/vol07_differential_geometry/chapters/ch05_cotangent_spaces/chapter.tex	222	PEDAGOGY-ENRICHED-VII	ACTIVE_KEEP	scripts/volume07/audit_pedagogy.py;scripts/volume07/enrich_hints.py	% PEDAGOGY-ENRICHED-VII	keep; active tooling references this marker family
VII	books/vol07_differential_geometry/chapters/ch05_cotangent_spaces/chapter.tex	233	PEDAGOGY-ENRICHED-VII	ACTIVE_KEEP	scripts/volume07/audit_pedagogy.py;scripts/volume07/enrich_hints.py	% PEDAGOGY-ENRICHED-VII	keep; active tooling references this marker family
VII	books/vol07_differential_geometry/chapters/ch05_cotangent_spaces/chapter.tex	244	PEDAGOGY-ENRICHED-VII	ACTIVE_KEEP	scripts/volume07/audit_pedagogy.py;scripts/volume07/enrich_hints.py	% PEDAGOGY-ENRICHED-VII	keep; active tooling references this marker family
VII	books/vol07_differential_geometry/chapters/ch05_cotangent_spaces/chapter.tex	255	PEDAGOGY-ENRICHED-VII	ACTIVE_KEEP	scripts/volume07/audit_pedagogy.py;scripts/volume07/enrich_hints.py	% PEDAGOGY-ENRICHED-VII	keep; active tooling references this marker family
VII	books/vol07_differential_geometry/chapters/ch05_cotangent_spaces/chapter.tex	266	PEDAGOGY-ENRICHED-VII	ACTIVE_KEEP	scripts/volume07/audit_pedagogy.py;scripts/volume07/enrich_hints.py	% PEDAGOGY-ENRICHED-VII	keep; active tooling references this marker family
VII	books/vol07_differential_geometry/chapters/ch05_cotangent_spaces/chapter.tex	277	PEDAGOGY-ENRICHED-VII	ACTIVE_KEEP	scripts/volume07/audit_pedagogy.py;scripts/volume07/enrich_hints.py	% PEDAGOGY-ENRICHED-VII	keep; active tooling references this marker family
VII	books/vol07_differential_geometry/chapters/ch05_cotangent_spaces/chapter.tex	288	PEDAGOGY-ENRICHED-VII	ACTIVE_KEEP	scripts/volume07/audit_pedagogy.py;scripts/volume07/enrich_hints.py	% PEDAGOGY-ENRICHED-VII	keep; active tooling references this marker family
VII	books/vol07_differential_geometry/chapters/ch05_cotangent_spaces/chapter.tex	299	PEDAGOGY-ENRICHED-VII	ACTIVE_KEEP	scripts/volume07/audit_pedagogy.py;scripts/volume07/enrich_hints.py	% PEDAGOGY-ENRICHED-VII	keep; active tooling references this marker family
VII	books/vol07_differential_geometry/chapters/ch05_cotangent_spaces/chapter.tex	310	PEDAGOGY-ENRICHED-VII	ACTIVE_KEEP	scripts/volume07/audit_pedagogy.py;scripts/volume07/enrich_hints.py	% PEDAGOGY-ENRICHED-VII	keep; active tooling references this marker family
VII	books/vol07_differential_geometry/chapters/ch05_cotangent_spaces/chapter.tex	321	PEDAGOGY-ENRICHED-VII	ACTIVE_KEEP	scripts/volume07/audit_pedagogy.py;scripts/volume07/enrich_hints.py	% PEDAGOGY-ENRICHED-VII	keep; active tooling references this marker family
VII	books/vol07_differential_geometry/chapters/ch05_cotangent_spaces/chapter.tex	332	PEDAGOGY-ENRICHED-VII	ACTIVE_KEEP	scripts/volume07/audit_pedagogy.py;scripts/volume07/enrich_hints.py	% PEDAGOGY-ENRICHED-VII	keep; active tooling references this marker family
VII	books/vol07_differential_geometry/chapters/ch05_cotangent_spaces/chapter.tex	343	PEDAGOGY-ENRICHED-VII	ACTIVE_KEEP	scripts/volume07/audit_pedagogy.py;scripts/volume07/enrich_hints.py	% PEDAGOGY-ENRICHED-VII	keep; active tooling references this marker family
VII	books/vol07_differential_geometry/chapters/ch05_cotangent_spaces/chapter.tex	354	PEDAGOGY-ENRICHED-VII	ACTIVE_KEEP	scripts/volume07/audit_pedagogy.py;scripts/volume07/enrich_hints.py	% PEDAGOGY-ENRICHED-VII	keep; active tooling references this marker family
VII	books/vol07_differential_geometry/chapters/ch05_cotangent_spaces/chapter.tex	365	PEDAGOGY-ENRICHED-VII	ACTIVE_KEEP	scripts/volume07/audit_pedagogy.py;scripts/volume07/enrich_hints.py	% PEDAGOGY-ENRICHED-VII	keep; active tooling references this marker family
VII	books/vol07_differential_geometry/chapters/ch05_cotangent_spaces/chapter.tex	376	PEDAGOGY-ENRICHED-VII	ACTIVE_KEEP	scripts/volume07/audit_pedagogy.py;scripts/volume07/enrich_hints.py	% PEDAGOGY-ENRICHED-VII	keep; active tooling references this marker family
VII	books/vol07_differential_geometry/chapters/ch05_cotangent_spaces/chapter.tex	387	PEDAGOGY-ENRICHED-VII	ACTIVE_KEEP	scripts/volume07/audit_pedagogy.py;scripts/volume07/enrich_hints.py	% PEDAGOGY-ENRICHED-VII	keep; active tooling references this marker family
VII	books/vol07_differential_geometry/chapters/ch05_cotangent_spaces/chapter.tex	398	PEDAGOGY-ENRICHED-VII	ACTIVE_KEEP	scripts/volume07/audit_pedagogy.py;scripts/volume07/enrich_hints.py	% PEDAGOGY-ENRICHED-VII	keep; active tooling references this marker family
VII	books/vol07_differential_geometry/chapters/ch05_cotangent_spaces/chapter.tex	409	PEDAGOGY-ENRICHED-VII	ACTIVE_KEEP	scripts/volume07/audit_pedagogy.py;scripts/volume07/enrich_hints.py	% PEDAGOGY-ENRICHED-VII	keep; active tooling references this marker family
VII	books/vol07_differential_geometry/chapters/ch05_cotangent_spaces/chapter.tex	420	PEDAGOGY-ENRICHED-VII	ACTIVE_KEEP	scripts/volume07/audit_pedagogy.py;scripts/volume07/enrich_hints.py	% PEDAGOGY-ENRICHED-VII	keep; active tooling references this marker family
VII	books/vol07_differential_geometry/chapters/ch05_cotangent_spaces/chapter.tex	431	PEDAGOGY-ENRICHED-VII	ACTIVE_KEEP	scripts/volume07/audit_pedagogy.py;scripts/volume07/enrich_hints.py	% PEDAGOGY-ENRICHED-VII	keep; active tooling references this marker family
VII	books/vol07_differential_geometry/chapters/ch05_cotangent_spaces/chapter.tex	442	PEDAGOGY-ENRICHED-VII	ACTIVE_KEEP	scripts/volume07/audit_pedagogy.py;scripts/volume07/enrich_hints.py	% PEDAGOGY-ENRICHED-VII	keep; active tooling references this marker family
VII	books/vol07_differential_geometry/chapters/ch05_cotangent_spaces/chapter.tex	453	PEDAGOGY-ENRICHED-VII	ACTIVE_KEEP	scripts/volume07/audit_pedagogy.py;scripts/volume07/enrich_hints.py	% PEDAGOGY-ENRICHED-VII	keep; active tooling references this marker family
VII	books/vol07_differential_geometry/chapters/ch05_cotangent_spaces/pedagogy_expansion.tex	1	VOL07-EXPANSION	ACTIVE_KEEP	scripts/volume07/audit_example_exercise_expansion.py;scripts/volume07/reconcile_example_exercise_evidence.py	% BEGIN VOL07-EXPANSION VII05	keep; active tooling references this marker family
VII	books/vol07_differential_geometry/chapters/ch05_cotangent_spaces/pedagogy_expansion.tex	198	VOL07-EXPANSION	ACTIVE_KEEP	scripts/volume07/audit_example_exercise_expansion.py;scripts/volume07/reconcile_example_exercise_evidence.py	% END VOL07-EXPANSION VII05	keep; active tooling references this marker family
VII	books/vol07_differential_geometry/chapters/ch06_submanifolds_and_products/chapter.tex	214	PEDAGOGY-ENRICHED-VII	ACTIVE_KEEP	scripts/volume07/audit_pedagogy.py;scripts/volume07/enrich_hints.py	% PEDAGOGY-ENRICHED-VII	keep; active tooling references this marker family
VII	books/vol07_differential_geometry/chapters/ch06_submanifolds_and_products/chapter.tex	225	PEDAGOGY-ENRICHED-VII	ACTIVE_KEEP	scripts/volume07/audit_pedagogy.py;scripts/volume07/enrich_hints.py	% PEDAGOGY-ENRICHED-VII	keep; active tooling references this marker family
VII	books/vol07_differential_geometry/chapters/ch06_submanifolds_and_products/chapter.tex	236	PEDAGOGY-ENRICHED-VII	ACTIVE_KEEP	scripts/volume07/audit_pedagogy.py;scripts/volume07/enrich_hints.py	% PEDAGOGY-ENRICHED-VII	keep; active tooling references this marker family
VII	books/vol07_differential_geometry/chapters/ch06_submanifolds_and_products/chapter.tex	247	PEDAGOGY-ENRICHED-VII	ACTIVE_KEEP	scripts/volume07/audit_pedagogy.py;scripts/volume07/enrich_hints.py	% PEDAGOGY-ENRICHED-VII	keep; active tooling references this marker family
VII	books/vol07_differential_geometry/chapters/ch06_submanifolds_and_products/chapter.tex	258	PEDAGOGY-ENRICHED-VII	ACTIVE_KEEP	scripts/volume07/audit_pedagogy.py;scripts/volume07/enrich_hints.py	% PEDAGOGY-ENRICHED-VII	keep; active tooling references this marker family
VII	books/vol07_differential_geometry/chapters/ch06_submanifolds_and_products/chapter.tex	269	PEDAGOGY-ENRICHED-VII	ACTIVE_KEEP	scripts/volume07/audit_pedagogy.py;scripts/volume07/enrich_hints.py	% PEDAGOGY-ENRICHED-VII	keep; active tooling references this marker family
VII	books/vol07_differential_geometry/chapters/ch06_submanifolds_and_products/chapter.tex	280	PEDAGOGY-ENRICHED-VII	ACTIVE_KEEP	scripts/volume07/audit_pedagogy.py;scripts/volume07/enrich_hints.py	% PEDAGOGY-ENRICHED-VII	keep; active tooling references this marker family
VII	books/vol07_differential_geometry/chapters/ch06_submanifolds_and_products/chapter.tex	291	PEDAGOGY-ENRICHED-VII	ACTIVE_KEEP	scripts/volume07/audit_pedagogy.py;scripts/volume07/enrich_hints.py	% PEDAGOGY-ENRICHED-VII	keep; active tooling references this marker family
VII	books/vol07_differential_geometry/chapters/ch06_submanifolds_and_products/chapter.tex	302	PEDAGOGY-ENRICHED-VII	ACTIVE_KEEP	scripts/volume07/audit_pedagogy.py;scripts/volume07/enrich_hints.py	% PEDAGOGY-ENRICHED-VII	keep; active tooling references this marker family
VII	books/vol07_differential_geometry/chapters/ch06_submanifolds_and_products/chapter.tex	313	PEDAGOGY-ENRICHED-VII	ACTIVE_KEEP	scripts/volume07/audit_pedagogy.py;scripts/volume07/enrich_hints.py	% PEDAGOGY-ENRICHED-VII	keep; active tooling references this marker family
VII	books/vol07_differential_geometry/chapters/ch06_submanifolds_and_products/chapter.tex	324	PEDAGOGY-ENRICHED-VII	ACTIVE_KEEP	scripts/volume07/audit_pedagogy.py;scripts/volume07/enrich_hints.py	% PEDAGOGY-ENRICHED-VII	keep; active tooling references this marker family
VII	books/vol07_differential_geometry/chapters/ch06_submanifolds_and_products/chapter.tex	335	PEDAGOGY-ENRICHED-VII	ACTIVE_KEEP	scripts/volume07/audit_pedagogy.py;scripts/volume07/enrich_hints.py	% PEDAGOGY-ENRICHED-VII	keep; active tooling references this marker family
VII	books/vol07_differential_geometry/chapters/ch06_submanifolds_and_products/chapter.tex	346	PEDAGOGY-ENRICHED-VII	ACTIVE_KEEP	scripts/volume07/audit_pedagogy.py;scripts/volume07/enrich_hints.py	% PEDAGOGY-ENRICHED-VII	keep; active tooling references this marker family
VII	books/vol07_differential_geometry/chapters/ch06_submanifolds_and_products/chapter.tex	357	PEDAGOGY-ENRICHED-VII	ACTIVE_KEEP	scripts/volume07/audit_pedagogy.py;scripts/volume07/enrich_hints.py	% PEDAGOGY-ENRICHED-VII	keep; active tooling references this marker family
VII	books/vol07_differential_geometry/chapters/ch06_submanifolds_and_products/chapter.tex	368	PEDAGOGY-ENRICHED-VII	ACTIVE_KEEP	scripts/volume07/audit_pedagogy.py;scripts/volume07/enrich_hints.py	% PEDAGOGY-ENRICHED-VII	keep; active tooling references this marker family
VII	books/vol07_differential_geometry/chapters/ch06_submanifolds_and_products/chapter.tex	379	PEDAGOGY-ENRICHED-VII	ACTIVE_KEEP	scripts/volume07/audit_pedagogy.py;scripts/volume07/enrich_hints.py	% PEDAGOGY-ENRICHED-VII	keep; active tooling references this marker family
VII	books/vol07_differential_geometry/chapters/ch06_submanifolds_and_products/chapter.tex	390	PEDAGOGY-ENRICHED-VII	ACTIVE_KEEP	scripts/volume07/audit_pedagogy.py;scripts/volume07/enrich_hints.py	% PEDAGOGY-ENRICHED-VII	keep; active tooling references this marker family
VII	books/vol07_differential_geometry/chapters/ch06_submanifolds_and_products/chapter.tex	401	PEDAGOGY-ENRICHED-VII	ACTIVE_KEEP	scripts/volume07/audit_pedagogy.py;scripts/volume07/enrich_hints.py	% PEDAGOGY-ENRICHED-VII	keep; active tooling references this marker family
VII	books/vol07_differential_geometry/chapters/ch06_submanifolds_and_products/chapter.tex	412	PEDAGOGY-ENRICHED-VII	ACTIVE_KEEP	scripts/volume07/audit_pedagogy.py;scripts/volume07/enrich_hints.py	% PEDAGOGY-ENRICHED-VII	keep; active tooling references this marker family
VII	books/vol07_differential_geometry/chapters/ch06_submanifolds_and_products/chapter.tex	423	PEDAGOGY-ENRICHED-VII	ACTIVE_KEEP	scripts/volume07/audit_pedagogy.py;scripts/volume07/enrich_hints.py	% PEDAGOGY-ENRICHED-VII	keep; active tooling references this marker family
VII	books/vol07_differential_geometry/chapters/ch06_submanifolds_and_products/chapter.tex	434	PEDAGOGY-ENRICHED-VII	ACTIVE_KEEP	scripts/volume07/audit_pedagogy.py;scripts/volume07/enrich_hints.py	% PEDAGOGY-ENRICHED-VII	keep; active tooling references this marker family
VII	books/vol07_differential_geometry/chapters/ch06_submanifolds_and_products/chapter.tex	445	PEDAGOGY-ENRICHED-VII	ACTIVE_KEEP	scripts/volume07/audit_pedagogy.py;scripts/volume07/enrich_hints.py	% PEDAGOGY-ENRICHED-VII	keep; active tooling references this marker family
VII	books/vol07_differential_geometry/chapters/ch06_submanifolds_and_products/chapter.tex	456	PEDAGOGY-ENRICHED-VII	ACTIVE_KEEP	scripts/volume07/audit_pedagogy.py;scripts/volume07/enrich_hints.py	% PEDAGOGY-ENRICHED-VII	keep; active tooling references this marker family
VII	books/vol07_differential_geometry/chapters/ch06_submanifolds_and_products/chapter.tex	467	PEDAGOGY-ENRICHED-VII	ACTIVE_KEEP	scripts/volume07/audit_pedagogy.py;scripts/volume07/enrich_hints.py	% PEDAGOGY-ENRICHED-VII	keep; active tooling references this marker family
VII	books/vol07_differential_geometry/chapters/ch06_submanifolds_and_products/pedagogy_expansion.tex	1	VOL07-EXPANSION	ACTIVE_KEEP	scripts/volume07/audit_example_exercise_expansion.py;scripts/volume07/reconcile_example_exercise_evidence.py	% BEGIN VOL07-EXPANSION VII06	keep; active tooling references this marker family
VII	books/vol07_differential_geometry/chapters/ch06_submanifolds_and_products/pedagogy_expansion.tex	198	VOL07-EXPANSION	ACTIVE_KEEP	scripts/volume07/audit_example_exercise_expansion.py;scripts/volume07/reconcile_example_exercise_evidence.py	% END VOL07-EXPANSION VII06	keep; active tooling references this marker family
VII	books/vol07_differential_geometry/chapters/ch07_vector_bundles/chapter.tex	150	PEDAGOGY-ENRICHED-VII	ACTIVE_KEEP	scripts/volume07/audit_pedagogy.py;scripts/volume07/enrich_hints.py	% PEDAGOGY-ENRICHED-VII	keep; active tooling references this marker family
VII	books/vol07_differential_geometry/chapters/ch07_vector_bundles/chapter.tex	161	PEDAGOGY-ENRICHED-VII	ACTIVE_KEEP	scripts/volume07/audit_pedagogy.py;scripts/volume07/enrich_hints.py	% PEDAGOGY-ENRICHED-VII	keep; active tooling references this marker family
VII	books/vol07_differential_geometry/chapters/ch07_vector_bundles/chapter.tex	172	PEDAGOGY-ENRICHED-VII	ACTIVE_KEEP	scripts/volume07/audit_pedagogy.py;scripts/volume07/enrich_hints.py	% PEDAGOGY-ENRICHED-VII	keep; active tooling references this marker family
VII	books/vol07_differential_geometry/chapters/ch07_vector_bundles/chapter.tex	183	PEDAGOGY-ENRICHED-VII	ACTIVE_KEEP	scripts/volume07/audit_pedagogy.py;scripts/volume07/enrich_hints.py	% PEDAGOGY-ENRICHED-VII	keep; active tooling references this marker family
VII	books/vol07_differential_geometry/chapters/ch07_vector_bundles/chapter.tex	194	PEDAGOGY-ENRICHED-VII	ACTIVE_KEEP	scripts/volume07/audit_pedagogy.py;scripts/volume07/enrich_hints.py	% PEDAGOGY-ENRICHED-VII	keep; active tooling references this marker family
VII	books/vol07_differential_geometry/chapters/ch07_vector_bundles/chapter.tex	205	PEDAGOGY-ENRICHED-VII	ACTIVE_KEEP	scripts/volume07/audit_pedagogy.py;scripts/volume07/enrich_hints.py	% PEDAGOGY-ENRICHED-VII	keep; active tooling references this marker family
VII	books/vol07_differential_geometry/chapters/ch07_vector_bundles/chapter.tex	216	PEDAGOGY-ENRICHED-VII	ACTIVE_KEEP	scripts/volume07/audit_pedagogy.py;scripts/volume07/enrich_hints.py	% PEDAGOGY-ENRICHED-VII	keep; active tooling references this marker family
VII	books/vol07_differential_geometry/chapters/ch07_vector_bundles/chapter.tex	227	PEDAGOGY-ENRICHED-VII	ACTIVE_KEEP	scripts/volume07/audit_pedagogy.py;scripts/volume07/enrich_hints.py	% PEDAGOGY-ENRICHED-VII	keep; active tooling references this marker family
VII	books/vol07_differential_geometry/chapters/ch07_vector_bundles/chapter.tex	238	PEDAGOGY-ENRICHED-VII	ACTIVE_KEEP	scripts/volume07/audit_pedagogy.py;scripts/volume07/enrich_hints.py	% PEDAGOGY-ENRICHED-VII	keep; active tooling references this marker family
VII	books/vol07_differential_geometry/chapters/ch07_vector_bundles/chapter.tex	249	PEDAGOGY-ENRICHED-VII	ACTIVE_KEEP	scripts/volume07/audit_pedagogy.py;scripts/volume07/enrich_hints.py	% PEDAGOGY-ENRICHED-VII	keep; active tooling references this marker family
VII	books/vol07_differential_geometry/chapters/ch07_vector_bundles/chapter.tex	260	PEDAGOGY-ENRICHED-VII	ACTIVE_KEEP	scripts/volume07/audit_pedagogy.py;scripts/volume07/enrich_hints.py	% PEDAGOGY-ENRICHED-VII	keep; active tooling references this marker family
VII	books/vol07_differential_geometry/chapters/ch07_vector_bundles/chapter.tex	271	PEDAGOGY-ENRICHED-VII	ACTIVE_KEEP	scripts/volume07/audit_pedagogy.py;scripts/volume07/enrich_hints.py	% PEDAGOGY-ENRICHED-VII	keep; active tooling references this marker family
VII	books/vol07_differential_geometry/chapters/ch07_vector_bundles/chapter.tex	282	PEDAGOGY-ENRICHED-VII	ACTIVE_KEEP	scripts/volume07/audit_pedagogy.py;scripts/volume07/enrich_hints.py	% PEDAGOGY-ENRICHED-VII	keep; active tooling references this marker family
VII	books/vol07_differential_geometry/chapters/ch07_vector_bundles/chapter.tex	293	PEDAGOGY-ENRICHED-VII	ACTIVE_KEEP	scripts/volume07/audit_pedagogy.py;scripts/volume07/enrich_hints.py	% PEDAGOGY-ENRICHED-VII	keep; active tooling references this marker family
VII	books/vol07_differential_geometry/chapters/ch07_vector_bundles/chapter.tex	304	PEDAGOGY-ENRICHED-VII	ACTIVE_KEEP	scripts/volume07/audit_pedagogy.py;scripts/volume07/enrich_hints.py	% PEDAGOGY-ENRICHED-VII	keep; active tooling references this marker family
VII	books/vol07_differential_geometry/chapters/ch07_vector_bundles/chapter.tex	315	PEDAGOGY-ENRICHED-VII	ACTIVE_KEEP	scripts/volume07/audit_pedagogy.py;scripts/volume07/enrich_hints.py	% PEDAGOGY-ENRICHED-VII	keep; active tooling references this marker family
VII	books/vol07_differential_geometry/chapters/ch07_vector_bundles/chapter.tex	326	PEDAGOGY-ENRICHED-VII	ACTIVE_KEEP	scripts/volume07/audit_pedagogy.py;scripts/volume07/enrich_hints.py	% PEDAGOGY-ENRICHED-VII	keep; active tooling references this marker family
VII	books/vol07_differential_geometry/chapters/ch07_vector_bundles/chapter.tex	337	PEDAGOGY-ENRICHED-VII	ACTIVE_KEEP	scripts/volume07/audit_pedagogy.py;scripts/volume07/enrich_hints.py	% PEDAGOGY-ENRICHED-VII	keep; active tooling references this marker family
VII	books/vol07_differential_geometry/chapters/ch07_vector_bundles/chapter.tex	348	PEDAGOGY-ENRICHED-VII	ACTIVE_KEEP	scripts/volume07/audit_pedagogy.py;scripts/volume07/enrich_hints.py	% PEDAGOGY-ENRICHED-VII	keep; active tooling references this marker family
VII	books/vol07_differential_geometry/chapters/ch07_vector_bundles/chapter.tex	359	PEDAGOGY-ENRICHED-VII	ACTIVE_KEEP	scripts/volume07/audit_pedagogy.py;scripts/volume07/enrich_hints.py	% PEDAGOGY-ENRICHED-VII	keep; active tooling references this marker family
VII	books/vol07_differential_geometry/chapters/ch07_vector_bundles/chapter.tex	370	PEDAGOGY-ENRICHED-VII	ACTIVE_KEEP	scripts/volume07/audit_pedagogy.py;scripts/volume07/enrich_hints.py	% PEDAGOGY-ENRICHED-VII	keep; active tooling references this marker family
VII	books/vol07_differential_geometry/chapters/ch07_vector_bundles/chapter.tex	381	PEDAGOGY-ENRICHED-VII	ACTIVE_KEEP	scripts/volume07/audit_pedagogy.py;scripts/volume07/enrich_hints.py	% PEDAGOGY-ENRICHED-VII	keep; active tooling references this marker family
VII	books/vol07_differential_geometry/chapters/ch07_vector_bundles/chapter.tex	392	PEDAGOGY-ENRICHED-VII	ACTIVE_KEEP	scripts/volume07/audit_pedagogy.py;scripts/volume07/enrich_hints.py	% PEDAGOGY-ENRICHED-VII	keep; active tooling references this marker family
VII	books/vol07_differential_geometry/chapters/ch07_vector_bundles/chapter.tex	403	PEDAGOGY-ENRICHED-VII	ACTIVE_KEEP	scripts/volume07/audit_pedagogy.py;scripts/volume07/enrich_hints.py	% PEDAGOGY-ENRICHED-VII	keep; active tooling references this marker family
VII	books/vol07_differential_geometry/chapters/ch07_vector_bundles/pedagogy_expansion.tex	1	VOL07-EXPANSION	ACTIVE_KEEP	scripts/volume07/audit_example_exercise_expansion.py;scripts/volume07/reconcile_example_exercise_evidence.py	% BEGIN VOL07-EXPANSION VII07	keep; active tooling references this marker family
VII	books/vol07_differential_geometry/chapters/ch07_vector_bundles/pedagogy_expansion.tex	194	VOL07-EXPANSION	ACTIVE_KEEP	scripts/volume07/audit_example_exercise_expansion.py;scripts/volume07/reconcile_example_exercise_evidence.py	% END VOL07-EXPANSION VII07	keep; active tooling references this marker family
VII	books/vol07_differential_geometry/chapters/ch08_principal_and_frame_bundles/chapter.tex	159	PEDAGOGY-ENRICHED-VII	ACTIVE_KEEP	scripts/volume07/audit_pedagogy.py;scripts/volume07/enrich_hints.py	% PEDAGOGY-ENRICHED-VII	keep; active tooling references this marker family
VII	books/vol07_differential_geometry/chapters/ch08_principal_and_frame_bundles/chapter.tex	170	PEDAGOGY-ENRICHED-VII	ACTIVE_KEEP	scripts/volume07/audit_pedagogy.py;scripts/volume07/enrich_hints.py	% PEDAGOGY-ENRICHED-VII	keep; active tooling references this marker family
VII	books/vol07_differential_geometry/chapters/ch08_principal_and_frame_bundles/chapter.tex	181	PEDAGOGY-ENRICHED-VII	ACTIVE_KEEP	scripts/volume07/audit_pedagogy.py;scripts/volume07/enrich_hints.py	% PEDAGOGY-ENRICHED-VII	keep; active tooling references this marker family
VII	books/vol07_differential_geometry/chapters/ch08_principal_and_frame_bundles/chapter.tex	192	PEDAGOGY-ENRICHED-VII	ACTIVE_KEEP	scripts/volume07/audit_pedagogy.py;scripts/volume07/enrich_hints.py	% PEDAGOGY-ENRICHED-VII	keep; active tooling references this marker family
VII	books/vol07_differential_geometry/chapters/ch08_principal_and_frame_bundles/chapter.tex	203	PEDAGOGY-ENRICHED-VII	ACTIVE_KEEP	scripts/volume07/audit_pedagogy.py;scripts/volume07/enrich_hints.py	% PEDAGOGY-ENRICHED-VII	keep; active tooling references this marker family
VII	books/vol07_differential_geometry/chapters/ch08_principal_and_frame_bundles/chapter.tex	214	PEDAGOGY-ENRICHED-VII	ACTIVE_KEEP	scripts/volume07/audit_pedagogy.py;scripts/volume07/enrich_hints.py	% PEDAGOGY-ENRICHED-VII	keep; active tooling references this marker family
VII	books/vol07_differential_geometry/chapters/ch08_principal_and_frame_bundles/chapter.tex	225	PEDAGOGY-ENRICHED-VII	ACTIVE_KEEP	scripts/volume07/audit_pedagogy.py;scripts/volume07/enrich_hints.py	% PEDAGOGY-ENRICHED-VII	keep; active tooling references this marker family
VII	books/vol07_differential_geometry/chapters/ch08_principal_and_frame_bundles/chapter.tex	236	PEDAGOGY-ENRICHED-VII	ACTIVE_KEEP	scripts/volume07/audit_pedagogy.py;scripts/volume07/enrich_hints.py	% PEDAGOGY-ENRICHED-VII	keep; active tooling references this marker family
VII	books/vol07_differential_geometry/chapters/ch08_principal_and_frame_bundles/chapter.tex	247	PEDAGOGY-ENRICHED-VII	ACTIVE_KEEP	scripts/volume07/audit_pedagogy.py;scripts/volume07/enrich_hints.py	% PEDAGOGY-ENRICHED-VII	keep; active tooling references this marker family
VII	books/vol07_differential_geometry/chapters/ch08_principal_and_frame_bundles/chapter.tex	258	PEDAGOGY-ENRICHED-VII	ACTIVE_KEEP	scripts/volume07/audit_pedagogy.py;scripts/volume07/enrich_hints.py	% PEDAGOGY-ENRICHED-VII	keep; active tooling references this marker family
VII	books/vol07_differential_geometry/chapters/ch08_principal_and_frame_bundles/chapter.tex	269	PEDAGOGY-ENRICHED-VII	ACTIVE_KEEP	scripts/volume07/audit_pedagogy.py;scripts/volume07/enrich_hints.py	% PEDAGOGY-ENRICHED-VII	keep; active tooling references this marker family
VII	books/vol07_differential_geometry/chapters/ch08_principal_and_frame_bundles/chapter.tex	280	PEDAGOGY-ENRICHED-VII	ACTIVE_KEEP	scripts/volume07/audit_pedagogy.py;scripts/volume07/enrich_hints.py	% PEDAGOGY-ENRICHED-VII	keep; active tooling references this marker family
VII	books/vol07_differential_geometry/chapters/ch08_principal_and_frame_bundles/chapter.tex	291	PEDAGOGY-ENRICHED-VII	ACTIVE_KEEP	scripts/volume07/audit_pedagogy.py;scripts/volume07/enrich_hints.py	% PEDAGOGY-ENRICHED-VII	keep; active tooling references this marker family
VII	books/vol07_differential_geometry/chapters/ch08_principal_and_frame_bundles/chapter.tex	302	PEDAGOGY-ENRICHED-VII	ACTIVE_KEEP	scripts/volume07/audit_pedagogy.py;scripts/volume07/enrich_hints.py	% PEDAGOGY-ENRICHED-VII	keep; active tooling references this marker family
VII	books/vol07_differential_geometry/chapters/ch08_principal_and_frame_bundles/chapter.tex	313	PEDAGOGY-ENRICHED-VII	ACTIVE_KEEP	scripts/volume07/audit_pedagogy.py;scripts/volume07/enrich_hints.py	% PEDAGOGY-ENRICHED-VII	keep; active tooling references this marker family
VII	books/vol07_differential_geometry/chapters/ch08_principal_and_frame_bundles/chapter.tex	324	PEDAGOGY-ENRICHED-VII	ACTIVE_KEEP	scripts/volume07/audit_pedagogy.py;scripts/volume07/enrich_hints.py	% PEDAGOGY-ENRICHED-VII	keep; active tooling references this marker family
VII	books/vol07_differential_geometry/chapters/ch08_principal_and_frame_bundles/chapter.tex	335	PEDAGOGY-ENRICHED-VII	ACTIVE_KEEP	scripts/volume07/audit_pedagogy.py;scripts/volume07/enrich_hints.py	% PEDAGOGY-ENRICHED-VII	keep; active tooling references this marker family
VII	books/vol07_differential_geometry/chapters/ch08_principal_and_frame_bundles/chapter.tex	346	PEDAGOGY-ENRICHED-VII	ACTIVE_KEEP	scripts/volume07/audit_pedagogy.py;scripts/volume07/enrich_hints.py	% PEDAGOGY-ENRICHED-VII	keep; active tooling references this marker family
VII	books/vol07_differential_geometry/chapters/ch08_principal_and_frame_bundles/chapter.tex	357	PEDAGOGY-ENRICHED-VII	ACTIVE_KEEP	scripts/volume07/audit_pedagogy.py;scripts/volume07/enrich_hints.py	% PEDAGOGY-ENRICHED-VII	keep; active tooling references this marker family
VII	books/vol07_differential_geometry/chapters/ch08_principal_and_frame_bundles/chapter.tex	368	PEDAGOGY-ENRICHED-VII	ACTIVE_KEEP	scripts/volume07/audit_pedagogy.py;scripts/volume07/enrich_hints.py	% PEDAGOGY-ENRICHED-VII	keep; active tooling references this marker family
VII	books/vol07_differential_geometry/chapters/ch08_principal_and_frame_bundles/chapter.tex	379	PEDAGOGY-ENRICHED-VII	ACTIVE_KEEP	scripts/volume07/audit_pedagogy.py;scripts/volume07/enrich_hints.py	% PEDAGOGY-ENRICHED-VII	keep; active tooling references this marker family
VII	books/vol07_differential_geometry/chapters/ch08_principal_and_frame_bundles/chapter.tex	390	PEDAGOGY-ENRICHED-VII	ACTIVE_KEEP	scripts/volume07/audit_pedagogy.py;scripts/volume07/enrich_hints.py	% PEDAGOGY-ENRICHED-VII	keep; active tooling references this marker family
VII	books/vol07_differential_geometry/chapters/ch08_principal_and_frame_bundles/chapter.tex	401	PEDAGOGY-ENRICHED-VII	ACTIVE_KEEP	scripts/volume07/audit_pedagogy.py;scripts/volume07/enrich_hints.py	% PEDAGOGY-ENRICHED-VII	keep; active tooling references this marker family
VII	books/vol07_differential_geometry/chapters/ch08_principal_and_frame_bundles/chapter.tex	412	PEDAGOGY-ENRICHED-VII	ACTIVE_KEEP	scripts/volume07/audit_pedagogy.py;scripts/volume07/enrich_hints.py	% PEDAGOGY-ENRICHED-VII	keep; active tooling references this marker family
VII	books/vol07_differential_geometry/chapters/ch08_principal_and_frame_bundles/pedagogy_expansion.tex	1	VOL07-EXPANSION	ACTIVE_KEEP	scripts/volume07/audit_example_exercise_expansion.py;scripts/volume07/reconcile_example_exercise_evidence.py	% BEGIN VOL07-EXPANSION VII08	keep; active tooling references this marker family
VII	books/vol07_differential_geometry/chapters/ch08_principal_and_frame_bundles/pedagogy_expansion.tex	194	VOL07-EXPANSION	ACTIVE_KEEP	scripts/volume07/audit_example_exercise_expansion.py;scripts/volume07/reconcile_example_exercise_evidence.py	% END VOL07-EXPANSION VII08	keep; active tooling references this marker family
VII	books/vol07_differential_geometry/chapters/ch09_differential_forms/chapter.tex	187	PEDAGOGY-ENRICHED-VII	ACTIVE_KEEP	scripts/volume07/audit_pedagogy.py;scripts/volume07/enrich_hints.py	% PEDAGOGY-ENRICHED-VII	keep; active tooling references this marker family
VII	books/vol07_differential_geometry/chapters/ch09_differential_forms/chapter.tex	198	PEDAGOGY-ENRICHED-VII	ACTIVE_KEEP	scripts/volume07/audit_pedagogy.py;scripts/volume07/enrich_hints.py	% PEDAGOGY-ENRICHED-VII	keep; active tooling references this marker family
VII	books/vol07_differential_geometry/chapters/ch09_differential_forms/chapter.tex	209	PEDAGOGY-ENRICHED-VII	ACTIVE_KEEP	scripts/volume07/audit_pedagogy.py;scripts/volume07/enrich_hints.py	% PEDAGOGY-ENRICHED-VII	keep; active tooling references this marker family
VII	books/vol07_differential_geometry/chapters/ch09_differential_forms/chapter.tex	220	PEDAGOGY-ENRICHED-VII	ACTIVE_KEEP	scripts/volume07/audit_pedagogy.py;scripts/volume07/enrich_hints.py	% PEDAGOGY-ENRICHED-VII	keep; active tooling references this marker family
VII	books/vol07_differential_geometry/chapters/ch09_differential_forms/chapter.tex	231	PEDAGOGY-ENRICHED-VII	ACTIVE_KEEP	scripts/volume07/audit_pedagogy.py;scripts/volume07/enrich_hints.py	% PEDAGOGY-ENRICHED-VII	keep; active tooling references this marker family
VII	books/vol07_differential_geometry/chapters/ch09_differential_forms/chapter.tex	242	PEDAGOGY-ENRICHED-VII	ACTIVE_KEEP	scripts/volume07/audit_pedagogy.py;scripts/volume07/enrich_hints.py	% PEDAGOGY-ENRICHED-VII	keep; active tooling references this marker family
VII	books/vol07_differential_geometry/chapters/ch09_differential_forms/chapter.tex	253	PEDAGOGY-ENRICHED-VII	ACTIVE_KEEP	scripts/volume07/audit_pedagogy.py;scripts/volume07/enrich_hints.py	% PEDAGOGY-ENRICHED-VII	keep; active tooling references this marker family
VII	books/vol07_differential_geometry/chapters/ch09_differential_forms/chapter.tex	264	PEDAGOGY-ENRICHED-VII	ACTIVE_KEEP	scripts/volume07/audit_pedagogy.py;scripts/volume07/enrich_hints.py	% PEDAGOGY-ENRICHED-VII	keep; active tooling references this marker family
VII	books/vol07_differential_geometry/chapters/ch09_differential_forms/chapter.tex	275	PEDAGOGY-ENRICHED-VII	ACTIVE_KEEP	scripts/volume07/audit_pedagogy.py;scripts/volume07/enrich_hints.py	% PEDAGOGY-ENRICHED-VII	keep; active tooling references this marker family
VII	books/vol07_differential_geometry/chapters/ch09_differential_forms/chapter.tex	286	PEDAGOGY-ENRICHED-VII	ACTIVE_KEEP	scripts/volume07/audit_pedagogy.py;scripts/volume07/enrich_hints.py	% PEDAGOGY-ENRICHED-VII	keep; active tooling references this marker family
VII	books/vol07_differential_geometry/chapters/ch09_differential_forms/chapter.tex	297	PEDAGOGY-ENRICHED-VII	ACTIVE_KEEP	scripts/volume07/audit_pedagogy.py;scripts/volume07/enrich_hints.py	% PEDAGOGY-ENRICHED-VII	keep; active tooling references this marker family
VII	books/vol07_differential_geometry/chapters/ch09_differential_forms/chapter.tex	308	PEDAGOGY-ENRICHED-VII	ACTIVE_KEEP	scripts/volume07/audit_pedagogy.py;scripts/volume07/enrich_hints.py	% PEDAGOGY-ENRICHED-VII	keep; active tooling references this marker family
VII	books/vol07_differential_geometry/chapters/ch09_differential_forms/chapter.tex	319	PEDAGOGY-ENRICHED-VII	ACTIVE_KEEP	scripts/volume07/audit_pedagogy.py;scripts/volume07/enrich_hints.py	% PEDAGOGY-ENRICHED-VII	keep; active tooling references this marker family
VII	books/vol07_differential_geometry/chapters/ch09_differential_forms/chapter.tex	330	PEDAGOGY-ENRICHED-VII	ACTIVE_KEEP	scripts/volume07/audit_pedagogy.py;scripts/volume07/enrich_hints.py	% PEDAGOGY-ENRICHED-VII	keep; active tooling references this marker family
VII	books/vol07_differential_geometry/chapters/ch09_differential_forms/chapter.tex	341	PEDAGOGY-ENRICHED-VII	ACTIVE_KEEP	scripts/volume07/audit_pedagogy.py;scripts/volume07/enrich_hints.py	% PEDAGOGY-ENRICHED-VII	keep; active tooling references this marker family
VII	books/vol07_differential_geometry/chapters/ch09_differential_forms/chapter.tex	352	PEDAGOGY-ENRICHED-VII	ACTIVE_KEEP	scripts/volume07/audit_pedagogy.py;scripts/volume07/enrich_hints.py	% PEDAGOGY-ENRICHED-VII	keep; active tooling references this marker family
VII	books/vol07_differential_geometry/chapters/ch09_differential_forms/chapter.tex	363	PEDAGOGY-ENRICHED-VII	ACTIVE_KEEP	scripts/volume07/audit_pedagogy.py;scripts/volume07/enrich_hints.py	% PEDAGOGY-ENRICHED-VII	keep; active tooling references this marker family
VII	books/vol07_differential_geometry/chapters/ch09_differential_forms/chapter.tex	374	PEDAGOGY-ENRICHED-VII	ACTIVE_KEEP	scripts/volume07/audit_pedagogy.py;scripts/volume07/enrich_hints.py	% PEDAGOGY-ENRICHED-VII	keep; active tooling references this marker family
VII	books/vol07_differential_geometry/chapters/ch09_differential_forms/chapter.tex	385	PEDAGOGY-ENRICHED-VII	ACTIVE_KEEP	scripts/volume07/audit_pedagogy.py;scripts/volume07/enrich_hints.py	% PEDAGOGY-ENRICHED-VII	keep; active tooling references this marker family
VII	books/vol07_differential_geometry/chapters/ch09_differential_forms/chapter.tex	396	PEDAGOGY-ENRICHED-VII	ACTIVE_KEEP	scripts/volume07/audit_pedagogy.py;scripts/volume07/enrich_hints.py	% PEDAGOGY-ENRICHED-VII	keep; active tooling references this marker family
VII	books/vol07_differential_geometry/chapters/ch09_differential_forms/chapter.tex	407	PEDAGOGY-ENRICHED-VII	ACTIVE_KEEP	scripts/volume07/audit_pedagogy.py;scripts/volume07/enrich_hints.py	% PEDAGOGY-ENRICHED-VII	keep; active tooling references this marker family
VII	books/vol07_differential_geometry/chapters/ch09_differential_forms/chapter.tex	418	PEDAGOGY-ENRICHED-VII	ACTIVE_KEEP	scripts/volume07/audit_pedagogy.py;scripts/volume07/enrich_hints.py	% PEDAGOGY-ENRICHED-VII	keep; active tooling references this marker family
VII	books/vol07_differential_geometry/chapters/ch09_differential_forms/chapter.tex	429	PEDAGOGY-ENRICHED-VII	ACTIVE_KEEP	scripts/volume07/audit_pedagogy.py;scripts/volume07/enrich_hints.py	% PEDAGOGY-ENRICHED-VII	keep; active tooling references this marker family
VII	books/vol07_differential_geometry/chapters/ch09_differential_forms/chapter.tex	440	PEDAGOGY-ENRICHED-VII	ACTIVE_KEEP	scripts/volume07/audit_pedagogy.py;scripts/volume07/enrich_hints.py	% PEDAGOGY-ENRICHED-VII	keep; active tooling references this marker family
VII	books/vol07_differential_geometry/chapters/ch09_differential_forms/pedagogy_expansion.tex	1	VOL07-EXPANSION	ACTIVE_KEEP	scripts/volume07/audit_example_exercise_expansion.py;scripts/volume07/reconcile_example_exercise_evidence.py	% BEGIN VOL07-EXPANSION VII09	keep; active tooling references this marker family
VII	books/vol07_differential_geometry/chapters/ch09_differential_forms/pedagogy_expansion.tex	202	VOL07-EXPANSION	ACTIVE_KEEP	scripts/volume07/audit_example_exercise_expansion.py;scripts/volume07/reconcile_example_exercise_evidence.py	% END VOL07-EXPANSION VII09	keep; active tooling references this marker family
VII	books/vol07_differential_geometry/chapters/ch10_orientation_and_integration/chapter.tex	168	PEDAGOGY-ENRICHED-VII	ACTIVE_KEEP	scripts/volume07/audit_pedagogy.py;scripts/volume07/enrich_hints.py	% PEDAGOGY-ENRICHED-VII	keep; active tooling references this marker family
VII	books/vol07_differential_geometry/chapters/ch10_orientation_and_integration/chapter.tex	179	PEDAGOGY-ENRICHED-VII	ACTIVE_KEEP	scripts/volume07/audit_pedagogy.py;scripts/volume07/enrich_hints.py	% PEDAGOGY-ENRICHED-VII	keep; active tooling references this marker family
VII	books/vol07_differential_geometry/chapters/ch10_orientation_and_integration/chapter.tex	190	PEDAGOGY-ENRICHED-VII	ACTIVE_KEEP	scripts/volume07/audit_pedagogy.py;scripts/volume07/enrich_hints.py	% PEDAGOGY-ENRICHED-VII	keep; active tooling references this marker family
VII	books/vol07_differential_geometry/chapters/ch10_orientation_and_integration/chapter.tex	201	PEDAGOGY-ENRICHED-VII	ACTIVE_KEEP	scripts/volume07/audit_pedagogy.py;scripts/volume07/enrich_hints.py	% PEDAGOGY-ENRICHED-VII	keep; active tooling references this marker family
VII	books/vol07_differential_geometry/chapters/ch10_orientation_and_integration/chapter.tex	212	PEDAGOGY-ENRICHED-VII	ACTIVE_KEEP	scripts/volume07/audit_pedagogy.py;scripts/volume07/enrich_hints.py	% PEDAGOGY-ENRICHED-VII	keep; active tooling references this marker family
VII	books/vol07_differential_geometry/chapters/ch10_orientation_and_integration/chapter.tex	223	PEDAGOGY-ENRICHED-VII	ACTIVE_KEEP	scripts/volume07/audit_pedagogy.py;scripts/volume07/enrich_hints.py	% PEDAGOGY-ENRICHED-VII	keep; active tooling references this marker family
VII	books/vol07_differential_geometry/chapters/ch10_orientation_and_integration/chapter.tex	234	PEDAGOGY-ENRICHED-VII	ACTIVE_KEEP	scripts/volume07/audit_pedagogy.py;scripts/volume07/enrich_hints.py	% PEDAGOGY-ENRICHED-VII	keep; active tooling references this marker family
VII	books/vol07_differential_geometry/chapters/ch10_orientation_and_integration/chapter.tex	245	PEDAGOGY-ENRICHED-VII	ACTIVE_KEEP	scripts/volume07/audit_pedagogy.py;scripts/volume07/enrich_hints.py	% PEDAGOGY-ENRICHED-VII	keep; active tooling references this marker family
VII	books/vol07_differential_geometry/chapters/ch10_orientation_and_integration/chapter.tex	256	PEDAGOGY-ENRICHED-VII	ACTIVE_KEEP	scripts/volume07/audit_pedagogy.py;scripts/volume07/enrich_hints.py	% PEDAGOGY-ENRICHED-VII	keep; active tooling references this marker family
VII	books/vol07_differential_geometry/chapters/ch10_orientation_and_integration/chapter.tex	267	PEDAGOGY-ENRICHED-VII	ACTIVE_KEEP	scripts/volume07/audit_pedagogy.py;scripts/volume07/enrich_hints.py	% PEDAGOGY-ENRICHED-VII	keep; active tooling references this marker family
VII	books/vol07_differential_geometry/chapters/ch10_orientation_and_integration/chapter.tex	278	PEDAGOGY-ENRICHED-VII	ACTIVE_KEEP	scripts/volume07/audit_pedagogy.py;scripts/volume07/enrich_hints.py	% PEDAGOGY-ENRICHED-VII	keep; active tooling references this marker family
VII	books/vol07_differential_geometry/chapters/ch10_orientation_and_integration/chapter.tex	289	PEDAGOGY-ENRICHED-VII	ACTIVE_KEEP	scripts/volume07/audit_pedagogy.py;scripts/volume07/enrich_hints.py	% PEDAGOGY-ENRICHED-VII	keep; active tooling references this marker family
VII	books/vol07_differential_geometry/chapters/ch10_orientation_and_integration/chapter.tex	300	PEDAGOGY-ENRICHED-VII	ACTIVE_KEEP	scripts/volume07/audit_pedagogy.py;scripts/volume07/enrich_hints.py	% PEDAGOGY-ENRICHED-VII	keep; active tooling references this marker family
VII	books/vol07_differential_geometry/chapters/ch10_orientation_and_integration/chapter.tex	311	PEDAGOGY-ENRICHED-VII	ACTIVE_KEEP	scripts/volume07/audit_pedagogy.py;scripts/volume07/enrich_hints.py	% PEDAGOGY-ENRICHED-VII	keep; active tooling references this marker family
VII	books/vol07_differential_geometry/chapters/ch10_orientation_and_integration/chapter.tex	322	PEDAGOGY-ENRICHED-VII	ACTIVE_KEEP	scripts/volume07/audit_pedagogy.py;scripts/volume07/enrich_hints.py	% PEDAGOGY-ENRICHED-VII	keep; active tooling references this marker family
VII	books/vol07_differential_geometry/chapters/ch10_orientation_and_integration/chapter.tex	333	PEDAGOGY-ENRICHED-VII	ACTIVE_KEEP	scripts/volume07/audit_pedagogy.py;scripts/volume07/enrich_hints.py	% PEDAGOGY-ENRICHED-VII	keep; active tooling references this marker family
VII	books/vol07_differential_geometry/chapters/ch10_orientation_and_integration/chapter.tex	344	PEDAGOGY-ENRICHED-VII	ACTIVE_KEEP	scripts/volume07/audit_pedagogy.py;scripts/volume07/enrich_hints.py	% PEDAGOGY-ENRICHED-VII	keep; active tooling references this marker family
VII	books/vol07_differential_geometry/chapters/ch10_orientation_and_integration/chapter.tex	355	PEDAGOGY-ENRICHED-VII	ACTIVE_KEEP	scripts/volume07/audit_pedagogy.py;scripts/volume07/enrich_hints.py	% PEDAGOGY-ENRICHED-VII	keep; active tooling references this marker family
VII	books/vol07_differential_geometry/chapters/ch10_orientation_and_integration/chapter.tex	366	PEDAGOGY-ENRICHED-VII	ACTIVE_KEEP	scripts/volume07/audit_pedagogy.py;scripts/volume07/enrich_hints.py	% PEDAGOGY-ENRICHED-VII	keep; active tooling references this marker family
VII	books/vol07_differential_geometry/chapters/ch10_orientation_and_integration/chapter.tex	377	PEDAGOGY-ENRICHED-VII	ACTIVE_KEEP	scripts/volume07/audit_pedagogy.py;scripts/volume07/enrich_hints.py	% PEDAGOGY-ENRICHED-VII	keep; active tooling references this marker family
VII	books/vol07_differential_geometry/chapters/ch10_orientation_and_integration/chapter.tex	388	PEDAGOGY-ENRICHED-VII	ACTIVE_KEEP	scripts/volume07/audit_pedagogy.py;scripts/volume07/enrich_hints.py	% PEDAGOGY-ENRICHED-VII	keep; active tooling references this marker family
VII	books/vol07_differential_geometry/chapters/ch10_orientation_and_integration/chapter.tex	399	PEDAGOGY-ENRICHED-VII	ACTIVE_KEEP	scripts/volume07/audit_pedagogy.py;scripts/volume07/enrich_hints.py	% PEDAGOGY-ENRICHED-VII	keep; active tooling references this marker family
VII	books/vol07_differential_geometry/chapters/ch10_orientation_and_integration/chapter.tex	410	PEDAGOGY-ENRICHED-VII	ACTIVE_KEEP	scripts/volume07/audit_pedagogy.py;scripts/volume07/enrich_hints.py	% PEDAGOGY-ENRICHED-VII	keep; active tooling references this marker family
VII	books/vol07_differential_geometry/chapters/ch10_orientation_and_integration/chapter.tex	421	PEDAGOGY-ENRICHED-VII	ACTIVE_KEEP	scripts/volume07/audit_pedagogy.py;scripts/volume07/enrich_hints.py	% PEDAGOGY-ENRICHED-VII	keep; active tooling references this marker family
VII	books/vol07_differential_geometry/chapters/ch10_orientation_and_integration/pedagogy_expansion.tex	1	VOL07-EXPANSION	ACTIVE_KEEP	scripts/volume07/audit_example_exercise_expansion.py;scripts/volume07/reconcile_example_exercise_evidence.py	% BEGIN VOL07-EXPANSION VII10	keep; active tooling references this marker family
VII	books/vol07_differential_geometry/chapters/ch10_orientation_and_integration/pedagogy_expansion.tex	198	VOL07-EXPANSION	ACTIVE_KEEP	scripts/volume07/audit_example_exercise_expansion.py;scripts/volume07/reconcile_example_exercise_evidence.py	% END VOL07-EXPANSION VII10	keep; active tooling references this marker family
VII	books/vol07_differential_geometry/chapters/ch11_stokes_theorem/chapter.tex	149	PEDAGOGY-ENRICHED-VII	ACTIVE_KEEP	scripts/volume07/audit_pedagogy.py;scripts/volume07/enrich_hints.py	% PEDAGOGY-ENRICHED-VII	keep; active tooling references this marker family
VII	books/vol07_differential_geometry/chapters/ch11_stokes_theorem/chapter.tex	160	PEDAGOGY-ENRICHED-VII	ACTIVE_KEEP	scripts/volume07/audit_pedagogy.py;scripts/volume07/enrich_hints.py	% PEDAGOGY-ENRICHED-VII	keep; active tooling references this marker family
VII	books/vol07_differential_geometry/chapters/ch11_stokes_theorem/chapter.tex	171	PEDAGOGY-ENRICHED-VII	ACTIVE_KEEP	scripts/volume07/audit_pedagogy.py;scripts/volume07/enrich_hints.py	% PEDAGOGY-ENRICHED-VII	keep; active tooling references this marker family
VII	books/vol07_differential_geometry/chapters/ch11_stokes_theorem/chapter.tex	182	PEDAGOGY-ENRICHED-VII	ACTIVE_KEEP	scripts/volume07/audit_pedagogy.py;scripts/volume07/enrich_hints.py	% PEDAGOGY-ENRICHED-VII	keep; active tooling references this marker family
VII	books/vol07_differential_geometry/chapters/ch11_stokes_theorem/chapter.tex	193	PEDAGOGY-ENRICHED-VII	ACTIVE_KEEP	scripts/volume07/audit_pedagogy.py;scripts/volume07/enrich_hints.py	% PEDAGOGY-ENRICHED-VII	keep; active tooling references this marker family
VII	books/vol07_differential_geometry/chapters/ch11_stokes_theorem/chapter.tex	204	PEDAGOGY-ENRICHED-VII	ACTIVE_KEEP	scripts/volume07/audit_pedagogy.py;scripts/volume07/enrich_hints.py	% PEDAGOGY-ENRICHED-VII	keep; active tooling references this marker family
VII	books/vol07_differential_geometry/chapters/ch11_stokes_theorem/chapter.tex	215	PEDAGOGY-ENRICHED-VII	ACTIVE_KEEP	scripts/volume07/audit_pedagogy.py;scripts/volume07/enrich_hints.py	% PEDAGOGY-ENRICHED-VII	keep; active tooling references this marker family
VII	books/vol07_differential_geometry/chapters/ch11_stokes_theorem/chapter.tex	226	PEDAGOGY-ENRICHED-VII	ACTIVE_KEEP	scripts/volume07/audit_pedagogy.py;scripts/volume07/enrich_hints.py	% PEDAGOGY-ENRICHED-VII	keep; active tooling references this marker family
VII	books/vol07_differential_geometry/chapters/ch11_stokes_theorem/chapter.tex	237	PEDAGOGY-ENRICHED-VII	ACTIVE_KEEP	scripts/volume07/audit_pedagogy.py;scripts/volume07/enrich_hints.py	% PEDAGOGY-ENRICHED-VII	keep; active tooling references this marker family
VII	books/vol07_differential_geometry/chapters/ch11_stokes_theorem/chapter.tex	248	PEDAGOGY-ENRICHED-VII	ACTIVE_KEEP	scripts/volume07/audit_pedagogy.py;scripts/volume07/enrich_hints.py	% PEDAGOGY-ENRICHED-VII	keep; active tooling references this marker family
VII	books/vol07_differential_geometry/chapters/ch11_stokes_theorem/chapter.tex	259	PEDAGOGY-ENRICHED-VII	ACTIVE_KEEP	scripts/volume07/audit_pedagogy.py;scripts/volume07/enrich_hints.py	% PEDAGOGY-ENRICHED-VII	keep; active tooling references this marker family
VII	books/vol07_differential_geometry/chapters/ch11_stokes_theorem/chapter.tex	270	PEDAGOGY-ENRICHED-VII	ACTIVE_KEEP	scripts/volume07/audit_pedagogy.py;scripts/volume07/enrich_hints.py	% PEDAGOGY-ENRICHED-VII	keep; active tooling references this marker family
VII	books/vol07_differential_geometry/chapters/ch11_stokes_theorem/chapter.tex	281	PEDAGOGY-ENRICHED-VII	ACTIVE_KEEP	scripts/volume07/audit_pedagogy.py;scripts/volume07/enrich_hints.py	% PEDAGOGY-ENRICHED-VII	keep; active tooling references this marker family
VII	books/vol07_differential_geometry/chapters/ch11_stokes_theorem/chapter.tex	292	PEDAGOGY-ENRICHED-VII	ACTIVE_KEEP	scripts/volume07/audit_pedagogy.py;scripts/volume07/enrich_hints.py	% PEDAGOGY-ENRICHED-VII	keep; active tooling references this marker family
VII	books/vol07_differential_geometry/chapters/ch11_stokes_theorem/chapter.tex	303	PEDAGOGY-ENRICHED-VII	ACTIVE_KEEP	scripts/volume07/audit_pedagogy.py;scripts/volume07/enrich_hints.py	% PEDAGOGY-ENRICHED-VII	keep; active tooling references this marker family
VII	books/vol07_differential_geometry/chapters/ch11_stokes_theorem/chapter.tex	314	PEDAGOGY-ENRICHED-VII	ACTIVE_KEEP	scripts/volume07/audit_pedagogy.py;scripts/volume07/enrich_hints.py	% PEDAGOGY-ENRICHED-VII	keep; active tooling references this marker family
VII	books/vol07_differential_geometry/chapters/ch11_stokes_theorem/chapter.tex	325	PEDAGOGY-ENRICHED-VII	ACTIVE_KEEP	scripts/volume07/audit_pedagogy.py;scripts/volume07/enrich_hints.py	% PEDAGOGY-ENRICHED-VII	keep; active tooling references this marker family
VII	books/vol07_differential_geometry/chapters/ch11_stokes_theorem/chapter.tex	336	PEDAGOGY-ENRICHED-VII	ACTIVE_KEEP	scripts/volume07/audit_pedagogy.py;scripts/volume07/enrich_hints.py	% PEDAGOGY-ENRICHED-VII	keep; active tooling references this marker family
VII	books/vol07_differential_geometry/chapters/ch11_stokes_theorem/chapter.tex	347	PEDAGOGY-ENRICHED-VII	ACTIVE_KEEP	scripts/volume07/audit_pedagogy.py;scripts/volume07/enrich_hints.py	% PEDAGOGY-ENRICHED-VII	keep; active tooling references this marker family
VII	books/vol07_differential_geometry/chapters/ch11_stokes_theorem/chapter.tex	358	PEDAGOGY-ENRICHED-VII	ACTIVE_KEEP	scripts/volume07/audit_pedagogy.py;scripts/volume07/enrich_hints.py	% PEDAGOGY-ENRICHED-VII	keep; active tooling references this marker family
VII	books/vol07_differential_geometry/chapters/ch11_stokes_theorem/chapter.tex	369	PEDAGOGY-ENRICHED-VII	ACTIVE_KEEP	scripts/volume07/audit_pedagogy.py;scripts/volume07/enrich_hints.py	% PEDAGOGY-ENRICHED-VII	keep; active tooling references this marker family
VII	books/vol07_differential_geometry/chapters/ch11_stokes_theorem/chapter.tex	380	PEDAGOGY-ENRICHED-VII	ACTIVE_KEEP	scripts/volume07/audit_pedagogy.py;scripts/volume07/enrich_hints.py	% PEDAGOGY-ENRICHED-VII	keep; active tooling references this marker family
VII	books/vol07_differential_geometry/chapters/ch11_stokes_theorem/chapter.tex	391	PEDAGOGY-ENRICHED-VII	ACTIVE_KEEP	scripts/volume07/audit_pedagogy.py;scripts/volume07/enrich_hints.py	% PEDAGOGY-ENRICHED-VII	keep; active tooling references this marker family
VII	books/vol07_differential_geometry/chapters/ch11_stokes_theorem/chapter.tex	402	PEDAGOGY-ENRICHED-VII	ACTIVE_KEEP	scripts/volume07/audit_pedagogy.py;scripts/volume07/enrich_hints.py	% PEDAGOGY-ENRICHED-VII	keep; active tooling references this marker family
VII	books/vol07_differential_geometry/chapters/ch11_stokes_theorem/pedagogy_expansion.tex	1	VOL07-EXPANSION	ACTIVE_KEEP	scripts/volume07/audit_example_exercise_expansion.py;scripts/volume07/reconcile_example_exercise_evidence.py	% BEGIN VOL07-EXPANSION VII11	keep; active tooling references this marker family
VII	books/vol07_differential_geometry/chapters/ch11_stokes_theorem/pedagogy_expansion.tex	206	VOL07-EXPANSION	ACTIVE_KEEP	scripts/volume07/audit_example_exercise_expansion.py;scripts/volume07/reconcile_example_exercise_evidence.py	% END VOL07-EXPANSION VII11	keep; active tooling references this marker family
VII	books/vol07_differential_geometry/chapters/ch12_regular_curves/chapter.tex	186	PEDAGOGY-ENRICHED-VII	ACTIVE_KEEP	scripts/volume07/audit_pedagogy.py;scripts/volume07/enrich_hints.py	% PEDAGOGY-ENRICHED-VII	keep; active tooling references this marker family
VII	books/vol07_differential_geometry/chapters/ch12_regular_curves/chapter.tex	197	PEDAGOGY-ENRICHED-VII	ACTIVE_KEEP	scripts/volume07/audit_pedagogy.py;scripts/volume07/enrich_hints.py	% PEDAGOGY-ENRICHED-VII	keep; active tooling references this marker family
VII	books/vol07_differential_geometry/chapters/ch12_regular_curves/chapter.tex	208	PEDAGOGY-ENRICHED-VII	ACTIVE_KEEP	scripts/volume07/audit_pedagogy.py;scripts/volume07/enrich_hints.py	% PEDAGOGY-ENRICHED-VII	keep; active tooling references this marker family
VII	books/vol07_differential_geometry/chapters/ch12_regular_curves/chapter.tex	219	PEDAGOGY-ENRICHED-VII	ACTIVE_KEEP	scripts/volume07/audit_pedagogy.py;scripts/volume07/enrich_hints.py	% PEDAGOGY-ENRICHED-VII	keep; active tooling references this marker family
VII	books/vol07_differential_geometry/chapters/ch12_regular_curves/chapter.tex	230	PEDAGOGY-ENRICHED-VII	ACTIVE_KEEP	scripts/volume07/audit_pedagogy.py;scripts/volume07/enrich_hints.py	% PEDAGOGY-ENRICHED-VII	keep; active tooling references this marker family
VII	books/vol07_differential_geometry/chapters/ch12_regular_curves/chapter.tex	241	PEDAGOGY-ENRICHED-VII	ACTIVE_KEEP	scripts/volume07/audit_pedagogy.py;scripts/volume07/enrich_hints.py	% PEDAGOGY-ENRICHED-VII	keep; active tooling references this marker family
VII	books/vol07_differential_geometry/chapters/ch12_regular_curves/chapter.tex	252	PEDAGOGY-ENRICHED-VII	ACTIVE_KEEP	scripts/volume07/audit_pedagogy.py;scripts/volume07/enrich_hints.py	% PEDAGOGY-ENRICHED-VII	keep; active tooling references this marker family
VII	books/vol07_differential_geometry/chapters/ch12_regular_curves/chapter.tex	263	PEDAGOGY-ENRICHED-VII	ACTIVE_KEEP	scripts/volume07/audit_pedagogy.py;scripts/volume07/enrich_hints.py	% PEDAGOGY-ENRICHED-VII	keep; active tooling references this marker family
VII	books/vol07_differential_geometry/chapters/ch12_regular_curves/chapter.tex	274	PEDAGOGY-ENRICHED-VII	ACTIVE_KEEP	scripts/volume07/audit_pedagogy.py;scripts/volume07/enrich_hints.py	% PEDAGOGY-ENRICHED-VII	keep; active tooling references this marker family
VII	books/vol07_differential_geometry/chapters/ch12_regular_curves/chapter.tex	285	PEDAGOGY-ENRICHED-VII	ACTIVE_KEEP	scripts/volume07/audit_pedagogy.py;scripts/volume07/enrich_hints.py	% PEDAGOGY-ENRICHED-VII	keep; active tooling references this marker family
VII	books/vol07_differential_geometry/chapters/ch12_regular_curves/chapter.tex	296	PEDAGOGY-ENRICHED-VII	ACTIVE_KEEP	scripts/volume07/audit_pedagogy.py;scripts/volume07/enrich_hints.py	% PEDAGOGY-ENRICHED-VII	keep; active tooling references this marker family
VII	books/vol07_differential_geometry/chapters/ch12_regular_curves/chapter.tex	307	PEDAGOGY-ENRICHED-VII	ACTIVE_KEEP	scripts/volume07/audit_pedagogy.py;scripts/volume07/enrich_hints.py	% PEDAGOGY-ENRICHED-VII	keep; active tooling references this marker family
VII	books/vol07_differential_geometry/chapters/ch12_regular_curves/chapter.tex	318	PEDAGOGY-ENRICHED-VII	ACTIVE_KEEP	scripts/volume07/audit_pedagogy.py;scripts/volume07/enrich_hints.py	% PEDAGOGY-ENRICHED-VII	keep; active tooling references this marker family
VII	books/vol07_differential_geometry/chapters/ch12_regular_curves/chapter.tex	329	PEDAGOGY-ENRICHED-VII	ACTIVE_KEEP	scripts/volume07/audit_pedagogy.py;scripts/volume07/enrich_hints.py	% PEDAGOGY-ENRICHED-VII	keep; active tooling references this marker family
VII	books/vol07_differential_geometry/chapters/ch12_regular_curves/chapter.tex	340	PEDAGOGY-ENRICHED-VII	ACTIVE_KEEP	scripts/volume07/audit_pedagogy.py;scripts/volume07/enrich_hints.py	% PEDAGOGY-ENRICHED-VII	keep; active tooling references this marker family
VII	books/vol07_differential_geometry/chapters/ch12_regular_curves/chapter.tex	351	PEDAGOGY-ENRICHED-VII	ACTIVE_KEEP	scripts/volume07/audit_pedagogy.py;scripts/volume07/enrich_hints.py	% PEDAGOGY-ENRICHED-VII	keep; active tooling references this marker family
VII	books/vol07_differential_geometry/chapters/ch12_regular_curves/chapter.tex	362	PEDAGOGY-ENRICHED-VII	ACTIVE_KEEP	scripts/volume07/audit_pedagogy.py;scripts/volume07/enrich_hints.py	% PEDAGOGY-ENRICHED-VII	keep; active tooling references this marker family
VII	books/vol07_differential_geometry/chapters/ch12_regular_curves/chapter.tex	373	PEDAGOGY-ENRICHED-VII	ACTIVE_KEEP	scripts/volume07/audit_pedagogy.py;scripts/volume07/enrich_hints.py	% PEDAGOGY-ENRICHED-VII	keep; active tooling references this marker family
VII	books/vol07_differential_geometry/chapters/ch12_regular_curves/chapter.tex	384	PEDAGOGY-ENRICHED-VII	ACTIVE_KEEP	scripts/volume07/audit_pedagogy.py;scripts/volume07/enrich_hints.py	% PEDAGOGY-ENRICHED-VII	keep; active tooling references this marker family
VII	books/vol07_differential_geometry/chapters/ch12_regular_curves/chapter.tex	395	PEDAGOGY-ENRICHED-VII	ACTIVE_KEEP	scripts/volume07/audit_pedagogy.py;scripts/volume07/enrich_hints.py	% PEDAGOGY-ENRICHED-VII	keep; active tooling references this marker family
VII	books/vol07_differential_geometry/chapters/ch12_regular_curves/chapter.tex	406	PEDAGOGY-ENRICHED-VII	ACTIVE_KEEP	scripts/volume07/audit_pedagogy.py;scripts/volume07/enrich_hints.py	% PEDAGOGY-ENRICHED-VII	keep; active tooling references this marker family
VII	books/vol07_differential_geometry/chapters/ch12_regular_curves/chapter.tex	417	PEDAGOGY-ENRICHED-VII	ACTIVE_KEEP	scripts/volume07/audit_pedagogy.py;scripts/volume07/enrich_hints.py	% PEDAGOGY-ENRICHED-VII	keep; active tooling references this marker family
VII	books/vol07_differential_geometry/chapters/ch12_regular_curves/chapter.tex	428	PEDAGOGY-ENRICHED-VII	ACTIVE_KEEP	scripts/volume07/audit_pedagogy.py;scripts/volume07/enrich_hints.py	% PEDAGOGY-ENRICHED-VII	keep; active tooling references this marker family
VII	books/vol07_differential_geometry/chapters/ch12_regular_curves/chapter.tex	439	PEDAGOGY-ENRICHED-VII	ACTIVE_KEEP	scripts/volume07/audit_pedagogy.py;scripts/volume07/enrich_hints.py	% PEDAGOGY-ENRICHED-VII	keep; active tooling references this marker family
VII	books/vol07_differential_geometry/chapters/ch12_regular_curves/pedagogy_expansion.tex	1	VOL07-EXPANSION	ACTIVE_KEEP	scripts/volume07/audit_example_exercise_expansion.py;scripts/volume07/reconcile_example_exercise_evidence.py	% BEGIN VOL07-EXPANSION VII12	keep; active tooling references this marker family
VII	books/vol07_differential_geometry/chapters/ch12_regular_curves/pedagogy_expansion.tex	198	VOL07-EXPANSION	ACTIVE_KEEP	scripts/volume07/audit_example_exercise_expansion.py;scripts/volume07/reconcile_example_exercise_evidence.py	% END VOL07-EXPANSION VII12	keep; active tooling references this marker family
VII	books/vol07_differential_geometry/chapters/ch13_frenet_frames_curvature_and_torsion/chapter.tex	156	PEDAGOGY-ENRICHED-VII	ACTIVE_KEEP	scripts/volume07/audit_pedagogy.py;scripts/volume07/enrich_hints.py	% PEDAGOGY-ENRICHED-VII	keep; active tooling references this marker family
VII	books/vol07_differential_geometry/chapters/ch13_frenet_frames_curvature_and_torsion/chapter.tex	167	PEDAGOGY-ENRICHED-VII	ACTIVE_KEEP	scripts/volume07/audit_pedagogy.py;scripts/volume07/enrich_hints.py	% PEDAGOGY-ENRICHED-VII	keep; active tooling references this marker family
VII	books/vol07_differential_geometry/chapters/ch13_frenet_frames_curvature_and_torsion/chapter.tex	178	PEDAGOGY-ENRICHED-VII	ACTIVE_KEEP	scripts/volume07/audit_pedagogy.py;scripts/volume07/enrich_hints.py	% PEDAGOGY-ENRICHED-VII	keep; active tooling references this marker family
VII	books/vol07_differential_geometry/chapters/ch13_frenet_frames_curvature_and_torsion/chapter.tex	189	PEDAGOGY-ENRICHED-VII	ACTIVE_KEEP	scripts/volume07/audit_pedagogy.py;scripts/volume07/enrich_hints.py	% PEDAGOGY-ENRICHED-VII	keep; active tooling references this marker family
VII	books/vol07_differential_geometry/chapters/ch13_frenet_frames_curvature_and_torsion/chapter.tex	200	PEDAGOGY-ENRICHED-VII	ACTIVE_KEEP	scripts/volume07/audit_pedagogy.py;scripts/volume07/enrich_hints.py	% PEDAGOGY-ENRICHED-VII	keep; active tooling references this marker family
VII	books/vol07_differential_geometry/chapters/ch13_frenet_frames_curvature_and_torsion/chapter.tex	211	PEDAGOGY-ENRICHED-VII	ACTIVE_KEEP	scripts/volume07/audit_pedagogy.py;scripts/volume07/enrich_hints.py	% PEDAGOGY-ENRICHED-VII	keep; active tooling references this marker family
VII	books/vol07_differential_geometry/chapters/ch13_frenet_frames_curvature_and_torsion/chapter.tex	222	PEDAGOGY-ENRICHED-VII	ACTIVE_KEEP	scripts/volume07/audit_pedagogy.py;scripts/volume07/enrich_hints.py	% PEDAGOGY-ENRICHED-VII	keep; active tooling references this marker family
VII	books/vol07_differential_geometry/chapters/ch13_frenet_frames_curvature_and_torsion/chapter.tex	233	PEDAGOGY-ENRICHED-VII	ACTIVE_KEEP	scripts/volume07/audit_pedagogy.py;scripts/volume07/enrich_hints.py	% PEDAGOGY-ENRICHED-VII	keep; active tooling references this marker family
VII	books/vol07_differential_geometry/chapters/ch13_frenet_frames_curvature_and_torsion/chapter.tex	244	PEDAGOGY-ENRICHED-VII	ACTIVE_KEEP	scripts/volume07/audit_pedagogy.py;scripts/volume07/enrich_hints.py	% PEDAGOGY-ENRICHED-VII	keep; active tooling references this marker family
VII	books/vol07_differential_geometry/chapters/ch13_frenet_frames_curvature_and_torsion/chapter.tex	255	PEDAGOGY-ENRICHED-VII	ACTIVE_KEEP	scripts/volume07/audit_pedagogy.py;scripts/volume07/enrich_hints.py	% PEDAGOGY-ENRICHED-VII	keep; active tooling references this marker family
VII	books/vol07_differential_geometry/chapters/ch13_frenet_frames_curvature_and_torsion/chapter.tex	266	PEDAGOGY-ENRICHED-VII	ACTIVE_KEEP	scripts/volume07/audit_pedagogy.py;scripts/volume07/enrich_hints.py	% PEDAGOGY-ENRICHED-VII	keep; active tooling references this marker family
VII	books/vol07_differential_geometry/chapters/ch13_frenet_frames_curvature_and_torsion/chapter.tex	277	PEDAGOGY-ENRICHED-VII	ACTIVE_KEEP	scripts/volume07/audit_pedagogy.py;scripts/volume07/enrich_hints.py	% PEDAGOGY-ENRICHED-VII	keep; active tooling references this marker family
VII	books/vol07_differential_geometry/chapters/ch13_frenet_frames_curvature_and_torsion/chapter.tex	288	PEDAGOGY-ENRICHED-VII	ACTIVE_KEEP	scripts/volume07/audit_pedagogy.py;scripts/volume07/enrich_hints.py	% PEDAGOGY-ENRICHED-VII	keep; active tooling references this marker family
VII	books/vol07_differential_geometry/chapters/ch13_frenet_frames_curvature_and_torsion/chapter.tex	299	PEDAGOGY-ENRICHED-VII	ACTIVE_KEEP	scripts/volume07/audit_pedagogy.py;scripts/volume07/enrich_hints.py	% PEDAGOGY-ENRICHED-VII	keep; active tooling references this marker family
VII	books/vol07_differential_geometry/chapters/ch13_frenet_frames_curvature_and_torsion/chapter.tex	310	PEDAGOGY-ENRICHED-VII	ACTIVE_KEEP	scripts/volume07/audit_pedagogy.py;scripts/volume07/enrich_hints.py	% PEDAGOGY-ENRICHED-VII	keep; active tooling references this marker family
VII	books/vol07_differential_geometry/chapters/ch13_frenet_frames_curvature_and_torsion/chapter.tex	321	PEDAGOGY-ENRICHED-VII	ACTIVE_KEEP	scripts/volume07/audit_pedagogy.py;scripts/volume07/enrich_hints.py	% PEDAGOGY-ENRICHED-VII	keep; active tooling references this marker family
VII	books/vol07_differential_geometry/chapters/ch13_frenet_frames_curvature_and_torsion/chapter.tex	332	PEDAGOGY-ENRICHED-VII	ACTIVE_KEEP	scripts/volume07/audit_pedagogy.py;scripts/volume07/enrich_hints.py	% PEDAGOGY-ENRICHED-VII	keep; active tooling references this marker family
VII	books/vol07_differential_geometry/chapters/ch13_frenet_frames_curvature_and_torsion/chapter.tex	343	PEDAGOGY-ENRICHED-VII	ACTIVE_KEEP	scripts/volume07/audit_pedagogy.py;scripts/volume07/enrich_hints.py	% PEDAGOGY-ENRICHED-VII	keep; active tooling references this marker family
VII	books/vol07_differential_geometry/chapters/ch13_frenet_frames_curvature_and_torsion/chapter.tex	354	PEDAGOGY-ENRICHED-VII	ACTIVE_KEEP	scripts/volume07/audit_pedagogy.py;scripts/volume07/enrich_hints.py	% PEDAGOGY-ENRICHED-VII	keep; active tooling references this marker family
VII	books/vol07_differential_geometry/chapters/ch13_frenet_frames_curvature_and_torsion/chapter.tex	365	PEDAGOGY-ENRICHED-VII	ACTIVE_KEEP	scripts/volume07/audit_pedagogy.py;scripts/volume07/enrich_hints.py	% PEDAGOGY-ENRICHED-VII	keep; active tooling references this marker family
VII	books/vol07_differential_geometry/chapters/ch13_frenet_frames_curvature_and_torsion/chapter.tex	376	PEDAGOGY-ENRICHED-VII	ACTIVE_KEEP	scripts/volume07/audit_pedagogy.py;scripts/volume07/enrich_hints.py	% PEDAGOGY-ENRICHED-VII	keep; active tooling references this marker family
VII	books/vol07_differential_geometry/chapters/ch13_frenet_frames_curvature_and_torsion/chapter.tex	387	PEDAGOGY-ENRICHED-VII	ACTIVE_KEEP	scripts/volume07/audit_pedagogy.py;scripts/volume07/enrich_hints.py	% PEDAGOGY-ENRICHED-VII	keep; active tooling references this marker family
VII	books/vol07_differential_geometry/chapters/ch13_frenet_frames_curvature_and_torsion/chapter.tex	398	PEDAGOGY-ENRICHED-VII	ACTIVE_KEEP	scripts/volume07/audit_pedagogy.py;scripts/volume07/enrich_hints.py	% PEDAGOGY-ENRICHED-VII	keep; active tooling references this marker family
VII	books/vol07_differential_geometry/chapters/ch13_frenet_frames_curvature_and_torsion/chapter.tex	409	PEDAGOGY-ENRICHED-VII	ACTIVE_KEEP	scripts/volume07/audit_pedagogy.py;scripts/volume07/enrich_hints.py	% PEDAGOGY-ENRICHED-VII	keep; active tooling references this marker family
VII	books/vol07_differential_geometry/chapters/ch13_frenet_frames_curvature_and_torsion/pedagogy_expansion.tex	1	VOL07-EXPANSION	ACTIVE_KEEP	scripts/volume07/audit_example_exercise_expansion.py;scripts/volume07/reconcile_example_exercise_evidence.py	% BEGIN VOL07-EXPANSION VII13	keep; active tooling references this marker family
VII	books/vol07_differential_geometry/chapters/ch13_frenet_frames_curvature_and_torsion/pedagogy_expansion.tex	199	VOL07-EXPANSION	ACTIVE_KEEP	scripts/volume07/audit_example_exercise_expansion.py;scripts/volume07/reconcile_example_exercise_evidence.py	% END VOL07-EXPANSION VII13	keep; active tooling references this marker family
VII	books/vol07_differential_geometry/chapters/ch14_regular_surfaces/chapter.tex	176	PEDAGOGY-ENRICHED-VII	ACTIVE_KEEP	scripts/volume07/audit_pedagogy.py;scripts/volume07/enrich_hints.py	% PEDAGOGY-ENRICHED-VII	keep; active tooling references this marker family
VII	books/vol07_differential_geometry/chapters/ch14_regular_surfaces/chapter.tex	187	PEDAGOGY-ENRICHED-VII	ACTIVE_KEEP	scripts/volume07/audit_pedagogy.py;scripts/volume07/enrich_hints.py	% PEDAGOGY-ENRICHED-VII	keep; active tooling references this marker family
VII	books/vol07_differential_geometry/chapters/ch14_regular_surfaces/chapter.tex	198	PEDAGOGY-ENRICHED-VII	ACTIVE_KEEP	scripts/volume07/audit_pedagogy.py;scripts/volume07/enrich_hints.py	% PEDAGOGY-ENRICHED-VII	keep; active tooling references this marker family
VII	books/vol07_differential_geometry/chapters/ch14_regular_surfaces/chapter.tex	209	PEDAGOGY-ENRICHED-VII	ACTIVE_KEEP	scripts/volume07/audit_pedagogy.py;scripts/volume07/enrich_hints.py	% PEDAGOGY-ENRICHED-VII	keep; active tooling references this marker family
VII	books/vol07_differential_geometry/chapters/ch14_regular_surfaces/chapter.tex	220	PEDAGOGY-ENRICHED-VII	ACTIVE_KEEP	scripts/volume07/audit_pedagogy.py;scripts/volume07/enrich_hints.py	% PEDAGOGY-ENRICHED-VII	keep; active tooling references this marker family
VII	books/vol07_differential_geometry/chapters/ch14_regular_surfaces/chapter.tex	231	PEDAGOGY-ENRICHED-VII	ACTIVE_KEEP	scripts/volume07/audit_pedagogy.py;scripts/volume07/enrich_hints.py	% PEDAGOGY-ENRICHED-VII	keep; active tooling references this marker family
VII	books/vol07_differential_geometry/chapters/ch14_regular_surfaces/chapter.tex	242	PEDAGOGY-ENRICHED-VII	ACTIVE_KEEP	scripts/volume07/audit_pedagogy.py;scripts/volume07/enrich_hints.py	% PEDAGOGY-ENRICHED-VII	keep; active tooling references this marker family
VII	books/vol07_differential_geometry/chapters/ch14_regular_surfaces/chapter.tex	253	PEDAGOGY-ENRICHED-VII	ACTIVE_KEEP	scripts/volume07/audit_pedagogy.py;scripts/volume07/enrich_hints.py	% PEDAGOGY-ENRICHED-VII	keep; active tooling references this marker family
VII	books/vol07_differential_geometry/chapters/ch14_regular_surfaces/chapter.tex	264	PEDAGOGY-ENRICHED-VII	ACTIVE_KEEP	scripts/volume07/audit_pedagogy.py;scripts/volume07/enrich_hints.py	% PEDAGOGY-ENRICHED-VII	keep; active tooling references this marker family
VII	books/vol07_differential_geometry/chapters/ch14_regular_surfaces/chapter.tex	275	PEDAGOGY-ENRICHED-VII	ACTIVE_KEEP	scripts/volume07/audit_pedagogy.py;scripts/volume07/enrich_hints.py	% PEDAGOGY-ENRICHED-VII	keep; active tooling references this marker family
VII	books/vol07_differential_geometry/chapters/ch14_regular_surfaces/chapter.tex	286	PEDAGOGY-ENRICHED-VII	ACTIVE_KEEP	scripts/volume07/audit_pedagogy.py;scripts/volume07/enrich_hints.py	% PEDAGOGY-ENRICHED-VII	keep; active tooling references this marker family
VII	books/vol07_differential_geometry/chapters/ch14_regular_surfaces/chapter.tex	297	PEDAGOGY-ENRICHED-VII	ACTIVE_KEEP	scripts/volume07/audit_pedagogy.py;scripts/volume07/enrich_hints.py	% PEDAGOGY-ENRICHED-VII	keep; active tooling references this marker family
VII	books/vol07_differential_geometry/chapters/ch14_regular_surfaces/chapter.tex	308	PEDAGOGY-ENRICHED-VII	ACTIVE_KEEP	scripts/volume07/audit_pedagogy.py;scripts/volume07/enrich_hints.py	% PEDAGOGY-ENRICHED-VII	keep; active tooling references this marker family
VII	books/vol07_differential_geometry/chapters/ch14_regular_surfaces/chapter.tex	319	PEDAGOGY-ENRICHED-VII	ACTIVE_KEEP	scripts/volume07/audit_pedagogy.py;scripts/volume07/enrich_hints.py	% PEDAGOGY-ENRICHED-VII	keep; active tooling references this marker family
VII	books/vol07_differential_geometry/chapters/ch14_regular_surfaces/chapter.tex	330	PEDAGOGY-ENRICHED-VII	ACTIVE_KEEP	scripts/volume07/audit_pedagogy.py;scripts/volume07/enrich_hints.py	% PEDAGOGY-ENRICHED-VII	keep; active tooling references this marker family
VII	books/vol07_differential_geometry/chapters/ch14_regular_surfaces/chapter.tex	341	PEDAGOGY-ENRICHED-VII	ACTIVE_KEEP	scripts/volume07/audit_pedagogy.py;scripts/volume07/enrich_hints.py	% PEDAGOGY-ENRICHED-VII	keep; active tooling references this marker family
VII	books/vol07_differential_geometry/chapters/ch14_regular_surfaces/chapter.tex	352	PEDAGOGY-ENRICHED-VII	ACTIVE_KEEP	scripts/volume07/audit_pedagogy.py;scripts/volume07/enrich_hints.py	% PEDAGOGY-ENRICHED-VII	keep; active tooling references this marker family
VII	books/vol07_differential_geometry/chapters/ch14_regular_surfaces/chapter.tex	363	PEDAGOGY-ENRICHED-VII	ACTIVE_KEEP	scripts/volume07/audit_pedagogy.py;scripts/volume07/enrich_hints.py	% PEDAGOGY-ENRICHED-VII	keep; active tooling references this marker family
VII	books/vol07_differential_geometry/chapters/ch14_regular_surfaces/chapter.tex	374	PEDAGOGY-ENRICHED-VII	ACTIVE_KEEP	scripts/volume07/audit_pedagogy.py;scripts/volume07/enrich_hints.py	% PEDAGOGY-ENRICHED-VII	keep; active tooling references this marker family
VII	books/vol07_differential_geometry/chapters/ch14_regular_surfaces/chapter.tex	385	PEDAGOGY-ENRICHED-VII	ACTIVE_KEEP	scripts/volume07/audit_pedagogy.py;scripts/volume07/enrich_hints.py	% PEDAGOGY-ENRICHED-VII	keep; active tooling references this marker family
VII	books/vol07_differential_geometry/chapters/ch14_regular_surfaces/chapter.tex	396	PEDAGOGY-ENRICHED-VII	ACTIVE_KEEP	scripts/volume07/audit_pedagogy.py;scripts/volume07/enrich_hints.py	% PEDAGOGY-ENRICHED-VII	keep; active tooling references this marker family
VII	books/vol07_differential_geometry/chapters/ch14_regular_surfaces/chapter.tex	407	PEDAGOGY-ENRICHED-VII	ACTIVE_KEEP	scripts/volume07/audit_pedagogy.py;scripts/volume07/enrich_hints.py	% PEDAGOGY-ENRICHED-VII	keep; active tooling references this marker family
VII	books/vol07_differential_geometry/chapters/ch14_regular_surfaces/chapter.tex	418	PEDAGOGY-ENRICHED-VII	ACTIVE_KEEP	scripts/volume07/audit_pedagogy.py;scripts/volume07/enrich_hints.py	% PEDAGOGY-ENRICHED-VII	keep; active tooling references this marker family
VII	books/vol07_differential_geometry/chapters/ch14_regular_surfaces/chapter.tex	429	PEDAGOGY-ENRICHED-VII	ACTIVE_KEEP	scripts/volume07/audit_pedagogy.py;scripts/volume07/enrich_hints.py	% PEDAGOGY-ENRICHED-VII	keep; active tooling references this marker family
VII	books/vol07_differential_geometry/chapters/ch14_regular_surfaces/pedagogy_expansion.tex	1	VOL07-EXPANSION	ACTIVE_KEEP	scripts/volume07/audit_example_exercise_expansion.py;scripts/volume07/reconcile_example_exercise_evidence.py	% BEGIN VOL07-EXPANSION VII14	keep; active tooling references this marker family
VII	books/vol07_differential_geometry/chapters/ch14_regular_surfaces/pedagogy_expansion.tex	202	VOL07-EXPANSION	ACTIVE_KEEP	scripts/volume07/audit_example_exercise_expansion.py;scripts/volume07/reconcile_example_exercise_evidence.py	% END VOL07-EXPANSION VII14	keep; active tooling references this marker family
VII	books/vol07_differential_geometry/chapters/ch15_first_and_second_fundamental_forms/chapter.tex	200	PEDAGOGY-ENRICHED-VII	ACTIVE_KEEP	scripts/volume07/audit_pedagogy.py;scripts/volume07/enrich_hints.py	% PEDAGOGY-ENRICHED-VII	keep; active tooling references this marker family
VII	books/vol07_differential_geometry/chapters/ch15_first_and_second_fundamental_forms/chapter.tex	211	PEDAGOGY-ENRICHED-VII	ACTIVE_KEEP	scripts/volume07/audit_pedagogy.py;scripts/volume07/enrich_hints.py	% PEDAGOGY-ENRICHED-VII	keep; active tooling references this marker family
VII	books/vol07_differential_geometry/chapters/ch15_first_and_second_fundamental_forms/chapter.tex	222	PEDAGOGY-ENRICHED-VII	ACTIVE_KEEP	scripts/volume07/audit_pedagogy.py;scripts/volume07/enrich_hints.py	% PEDAGOGY-ENRICHED-VII	keep; active tooling references this marker family
VII	books/vol07_differential_geometry/chapters/ch15_first_and_second_fundamental_forms/chapter.tex	233	PEDAGOGY-ENRICHED-VII	ACTIVE_KEEP	scripts/volume07/audit_pedagogy.py;scripts/volume07/enrich_hints.py	% PEDAGOGY-ENRICHED-VII	keep; active tooling references this marker family
VII	books/vol07_differential_geometry/chapters/ch15_first_and_second_fundamental_forms/chapter.tex	244	PEDAGOGY-ENRICHED-VII	ACTIVE_KEEP	scripts/volume07/audit_pedagogy.py;scripts/volume07/enrich_hints.py	% PEDAGOGY-ENRICHED-VII	keep; active tooling references this marker family
VII	books/vol07_differential_geometry/chapters/ch15_first_and_second_fundamental_forms/chapter.tex	255	PEDAGOGY-ENRICHED-VII	ACTIVE_KEEP	scripts/volume07/audit_pedagogy.py;scripts/volume07/enrich_hints.py	% PEDAGOGY-ENRICHED-VII	keep; active tooling references this marker family
VII	books/vol07_differential_geometry/chapters/ch15_first_and_second_fundamental_forms/chapter.tex	266	PEDAGOGY-ENRICHED-VII	ACTIVE_KEEP	scripts/volume07/audit_pedagogy.py;scripts/volume07/enrich_hints.py	% PEDAGOGY-ENRICHED-VII	keep; active tooling references this marker family
VII	books/vol07_differential_geometry/chapters/ch15_first_and_second_fundamental_forms/chapter.tex	277	PEDAGOGY-ENRICHED-VII	ACTIVE_KEEP	scripts/volume07/audit_pedagogy.py;scripts/volume07/enrich_hints.py	% PEDAGOGY-ENRICHED-VII	keep; active tooling references this marker family
VII	books/vol07_differential_geometry/chapters/ch15_first_and_second_fundamental_forms/chapter.tex	288	PEDAGOGY-ENRICHED-VII	ACTIVE_KEEP	scripts/volume07/audit_pedagogy.py;scripts/volume07/enrich_hints.py	% PEDAGOGY-ENRICHED-VII	keep; active tooling references this marker family
VII	books/vol07_differential_geometry/chapters/ch15_first_and_second_fundamental_forms/chapter.tex	299	PEDAGOGY-ENRICHED-VII	ACTIVE_KEEP	scripts/volume07/audit_pedagogy.py;scripts/volume07/enrich_hints.py	% PEDAGOGY-ENRICHED-VII	keep; active tooling references this marker family
VII	books/vol07_differential_geometry/chapters/ch15_first_and_second_fundamental_forms/chapter.tex	310	PEDAGOGY-ENRICHED-VII	ACTIVE_KEEP	scripts/volume07/audit_pedagogy.py;scripts/volume07/enrich_hints.py	% PEDAGOGY-ENRICHED-VII	keep; active tooling references this marker family
VII	books/vol07_differential_geometry/chapters/ch15_first_and_second_fundamental_forms/chapter.tex	321	PEDAGOGY-ENRICHED-VII	ACTIVE_KEEP	scripts/volume07/audit_pedagogy.py;scripts/volume07/enrich_hints.py	% PEDAGOGY-ENRICHED-VII	keep; active tooling references this marker family
VII	books/vol07_differential_geometry/chapters/ch15_first_and_second_fundamental_forms/chapter.tex	332	PEDAGOGY-ENRICHED-VII	ACTIVE_KEEP	scripts/volume07/audit_pedagogy.py;scripts/volume07/enrich_hints.py	% PEDAGOGY-ENRICHED-VII	keep; active tooling references this marker family
VII	books/vol07_differential_geometry/chapters/ch15_first_and_second_fundamental_forms/chapter.tex	343	PEDAGOGY-ENRICHED-VII	ACTIVE_KEEP	scripts/volume07/audit_pedagogy.py;scripts/volume07/enrich_hints.py	% PEDAGOGY-ENRICHED-VII	keep; active tooling references this marker family
VII	books/vol07_differential_geometry/chapters/ch15_first_and_second_fundamental_forms/chapter.tex	354	PEDAGOGY-ENRICHED-VII	ACTIVE_KEEP	scripts/volume07/audit_pedagogy.py;scripts/volume07/enrich_hints.py	% PEDAGOGY-ENRICHED-VII	keep; active tooling references this marker family
VII	books/vol07_differential_geometry/chapters/ch15_first_and_second_fundamental_forms/chapter.tex	365	PEDAGOGY-ENRICHED-VII	ACTIVE_KEEP	scripts/volume07/audit_pedagogy.py;scripts/volume07/enrich_hints.py	% PEDAGOGY-ENRICHED-VII	keep; active tooling references this marker family
VII	books/vol07_differential_geometry/chapters/ch15_first_and_second_fundamental_forms/chapter.tex	376	PEDAGOGY-ENRICHED-VII	ACTIVE_KEEP	scripts/volume07/audit_pedagogy.py;scripts/volume07/enrich_hints.py	% PEDAGOGY-ENRICHED-VII	keep; active tooling references this marker family
VII	books/vol07_differential_geometry/chapters/ch15_first_and_second_fundamental_forms/chapter.tex	387	PEDAGOGY-ENRICHED-VII	ACTIVE_KEEP	scripts/volume07/audit_pedagogy.py;scripts/volume07/enrich_hints.py	% PEDAGOGY-ENRICHED-VII	keep; active tooling references this marker family
VII	books/vol07_differential_geometry/chapters/ch15_first_and_second_fundamental_forms/chapter.tex	398	PEDAGOGY-ENRICHED-VII	ACTIVE_KEEP	scripts/volume07/audit_pedagogy.py;scripts/volume07/enrich_hints.py	% PEDAGOGY-ENRICHED-VII	keep; active tooling references this marker family
VII	books/vol07_differential_geometry/chapters/ch15_first_and_second_fundamental_forms/chapter.tex	409	PEDAGOGY-ENRICHED-VII	ACTIVE_KEEP	scripts/volume07/audit_pedagogy.py;scripts/volume07/enrich_hints.py	% PEDAGOGY-ENRICHED-VII	keep; active tooling references this marker family
VII	books/vol07_differential_geometry/chapters/ch15_first_and_second_fundamental_forms/chapter.tex	420	PEDAGOGY-ENRICHED-VII	ACTIVE_KEEP	scripts/volume07/audit_pedagogy.py;scripts/volume07/enrich_hints.py	% PEDAGOGY-ENRICHED-VII	keep; active tooling references this marker family
VII	books/vol07_differential_geometry/chapters/ch15_first_and_second_fundamental_forms/chapter.tex	431	PEDAGOGY-ENRICHED-VII	ACTIVE_KEEP	scripts/volume07/audit_pedagogy.py;scripts/volume07/enrich_hints.py	% PEDAGOGY-ENRICHED-VII	keep; active tooling references this marker family
VII	books/vol07_differential_geometry/chapters/ch15_first_and_second_fundamental_forms/chapter.tex	442	PEDAGOGY-ENRICHED-VII	ACTIVE_KEEP	scripts/volume07/audit_pedagogy.py;scripts/volume07/enrich_hints.py	% PEDAGOGY-ENRICHED-VII	keep; active tooling references this marker family
VII	books/vol07_differential_geometry/chapters/ch15_first_and_second_fundamental_forms/chapter.tex	453	PEDAGOGY-ENRICHED-VII	ACTIVE_KEEP	scripts/volume07/audit_pedagogy.py;scripts/volume07/enrich_hints.py	% PEDAGOGY-ENRICHED-VII	keep; active tooling references this marker family
VII	books/vol07_differential_geometry/chapters/ch15_first_and_second_fundamental_forms/pedagogy_expansion.tex	1	VOL07-EXPANSION	ACTIVE_KEEP	scripts/volume07/audit_example_exercise_expansion.py;scripts/volume07/reconcile_example_exercise_evidence.py	% BEGIN VOL07-EXPANSION VII15	keep; active tooling references this marker family
VII	books/vol07_differential_geometry/chapters/ch15_first_and_second_fundamental_forms/pedagogy_expansion.tex	198	VOL07-EXPANSION	ACTIVE_KEEP	scripts/volume07/audit_example_exercise_expansion.py;scripts/volume07/reconcile_example_exercise_evidence.py	% END VOL07-EXPANSION VII15	keep; active tooling references this marker family
VII	books/vol07_differential_geometry/chapters/ch16_the_gauss_map_and_shape_operator/chapter.tex	169	PEDAGOGY-ENRICHED-VII	ACTIVE_KEEP	scripts/volume07/audit_pedagogy.py;scripts/volume07/enrich_hints.py	% PEDAGOGY-ENRICHED-VII	keep; active tooling references this marker family
VII	books/vol07_differential_geometry/chapters/ch16_the_gauss_map_and_shape_operator/chapter.tex	182	PEDAGOGY-ENRICHED-VII	ACTIVE_KEEP	scripts/volume07/audit_pedagogy.py;scripts/volume07/enrich_hints.py	% PEDAGOGY-ENRICHED-VII	keep; active tooling references this marker family
VII	books/vol07_differential_geometry/chapters/ch16_the_gauss_map_and_shape_operator/chapter.tex	193	PEDAGOGY-ENRICHED-VII	ACTIVE_KEEP	scripts/volume07/audit_pedagogy.py;scripts/volume07/enrich_hints.py	% PEDAGOGY-ENRICHED-VII	keep; active tooling references this marker family
VII	books/vol07_differential_geometry/chapters/ch16_the_gauss_map_and_shape_operator/chapter.tex	204	PEDAGOGY-ENRICHED-VII	ACTIVE_KEEP	scripts/volume07/audit_pedagogy.py;scripts/volume07/enrich_hints.py	% PEDAGOGY-ENRICHED-VII	keep; active tooling references this marker family
VII	books/vol07_differential_geometry/chapters/ch16_the_gauss_map_and_shape_operator/chapter.tex	215	PEDAGOGY-ENRICHED-VII	ACTIVE_KEEP	scripts/volume07/audit_pedagogy.py;scripts/volume07/enrich_hints.py	% PEDAGOGY-ENRICHED-VII	keep; active tooling references this marker family
VII	books/vol07_differential_geometry/chapters/ch16_the_gauss_map_and_shape_operator/chapter.tex	226	PEDAGOGY-ENRICHED-VII	ACTIVE_KEEP	scripts/volume07/audit_pedagogy.py;scripts/volume07/enrich_hints.py	% PEDAGOGY-ENRICHED-VII	keep; active tooling references this marker family
VII	books/vol07_differential_geometry/chapters/ch16_the_gauss_map_and_shape_operator/chapter.tex	237	PEDAGOGY-ENRICHED-VII	ACTIVE_KEEP	scripts/volume07/audit_pedagogy.py;scripts/volume07/enrich_hints.py	% PEDAGOGY-ENRICHED-VII	keep; active tooling references this marker family
VII	books/vol07_differential_geometry/chapters/ch16_the_gauss_map_and_shape_operator/chapter.tex	248	PEDAGOGY-ENRICHED-VII	ACTIVE_KEEP	scripts/volume07/audit_pedagogy.py;scripts/volume07/enrich_hints.py	% PEDAGOGY-ENRICHED-VII	keep; active tooling references this marker family
VII	books/vol07_differential_geometry/chapters/ch16_the_gauss_map_and_shape_operator/chapter.tex	259	PEDAGOGY-ENRICHED-VII	ACTIVE_KEEP	scripts/volume07/audit_pedagogy.py;scripts/volume07/enrich_hints.py	% PEDAGOGY-ENRICHED-VII	keep; active tooling references this marker family
VII	books/vol07_differential_geometry/chapters/ch16_the_gauss_map_and_shape_operator/chapter.tex	273	PEDAGOGY-ENRICHED-VII	ACTIVE_KEEP	scripts/volume07/audit_pedagogy.py;scripts/volume07/enrich_hints.py	% PEDAGOGY-ENRICHED-VII	keep; active tooling references this marker family
VII	books/vol07_differential_geometry/chapters/ch16_the_gauss_map_and_shape_operator/chapter.tex	284	PEDAGOGY-ENRICHED-VII	ACTIVE_KEEP	scripts/volume07/audit_pedagogy.py;scripts/volume07/enrich_hints.py	% PEDAGOGY-ENRICHED-VII	keep; active tooling references this marker family
VII	books/vol07_differential_geometry/chapters/ch16_the_gauss_map_and_shape_operator/chapter.tex	295	PEDAGOGY-ENRICHED-VII	ACTIVE_KEEP	scripts/volume07/audit_pedagogy.py;scripts/volume07/enrich_hints.py	% PEDAGOGY-ENRICHED-VII	keep; active tooling references this marker family
VII	books/vol07_differential_geometry/chapters/ch16_the_gauss_map_and_shape_operator/chapter.tex	306	PEDAGOGY-ENRICHED-VII	ACTIVE_KEEP	scripts/volume07/audit_pedagogy.py;scripts/volume07/enrich_hints.py	% PEDAGOGY-ENRICHED-VII	keep; active tooling references this marker family
VII	books/vol07_differential_geometry/chapters/ch16_the_gauss_map_and_shape_operator/chapter.tex	318	PEDAGOGY-ENRICHED-VII	ACTIVE_KEEP	scripts/volume07/audit_pedagogy.py;scripts/volume07/enrich_hints.py	% PEDAGOGY-ENRICHED-VII	keep; active tooling references this marker family
VII	books/vol07_differential_geometry/chapters/ch16_the_gauss_map_and_shape_operator/chapter.tex	331	PEDAGOGY-ENRICHED-VII	ACTIVE_KEEP	scripts/volume07/audit_pedagogy.py;scripts/volume07/enrich_hints.py	% PEDAGOGY-ENRICHED-VII	keep; active tooling references this marker family
VII	books/vol07_differential_geometry/chapters/ch16_the_gauss_map_and_shape_operator/chapter.tex	342	PEDAGOGY-ENRICHED-VII	ACTIVE_KEEP	scripts/volume07/audit_pedagogy.py;scripts/volume07/enrich_hints.py	% PEDAGOGY-ENRICHED-VII	keep; active tooling references this marker family
VII	books/vol07_differential_geometry/chapters/ch16_the_gauss_map_and_shape_operator/chapter.tex	353	PEDAGOGY-ENRICHED-VII	ACTIVE_KEEP	scripts/volume07/audit_pedagogy.py;scripts/volume07/enrich_hints.py	% PEDAGOGY-ENRICHED-VII	keep; active tooling references this marker family
VII	books/vol07_differential_geometry/chapters/ch16_the_gauss_map_and_shape_operator/chapter.tex	364	PEDAGOGY-ENRICHED-VII	ACTIVE_KEEP	scripts/volume07/audit_pedagogy.py;scripts/volume07/enrich_hints.py	% PEDAGOGY-ENRICHED-VII	keep; active tooling references this marker family
VII	books/vol07_differential_geometry/chapters/ch16_the_gauss_map_and_shape_operator/chapter.tex	375	PEDAGOGY-ENRICHED-VII	ACTIVE_KEEP	scripts/volume07/audit_pedagogy.py;scripts/volume07/enrich_hints.py	% PEDAGOGY-ENRICHED-VII	keep; active tooling references this marker family
VII	books/vol07_differential_geometry/chapters/ch16_the_gauss_map_and_shape_operator/chapter.tex	388	PEDAGOGY-ENRICHED-VII	ACTIVE_KEEP	scripts/volume07/audit_pedagogy.py;scripts/volume07/enrich_hints.py	% PEDAGOGY-ENRICHED-VII	keep; active tooling references this marker family
VII	books/vol07_differential_geometry/chapters/ch16_the_gauss_map_and_shape_operator/chapter.tex	399	PEDAGOGY-ENRICHED-VII	ACTIVE_KEEP	scripts/volume07/audit_pedagogy.py;scripts/volume07/enrich_hints.py	% PEDAGOGY-ENRICHED-VII	keep; active tooling references this marker family
VII	books/vol07_differential_geometry/chapters/ch16_the_gauss_map_and_shape_operator/chapter.tex	414	PEDAGOGY-ENRICHED-VII	ACTIVE_KEEP	scripts/volume07/audit_pedagogy.py;scripts/volume07/enrich_hints.py	% PEDAGOGY-ENRICHED-VII	keep; active tooling references this marker family
VII	books/vol07_differential_geometry/chapters/ch16_the_gauss_map_and_shape_operator/chapter.tex	427	PEDAGOGY-ENRICHED-VII	ACTIVE_KEEP	scripts/volume07/audit_pedagogy.py;scripts/volume07/enrich_hints.py	% PEDAGOGY-ENRICHED-VII	keep; active tooling references this marker family
VII	books/vol07_differential_geometry/chapters/ch16_the_gauss_map_and_shape_operator/chapter.tex	438	PEDAGOGY-ENRICHED-VII	ACTIVE_KEEP	scripts/volume07/audit_pedagogy.py;scripts/volume07/enrich_hints.py	% PEDAGOGY-ENRICHED-VII	keep; active tooling references this marker family
VII	books/vol07_differential_geometry/chapters/ch16_the_gauss_map_and_shape_operator/pedagogy_expansion.tex	1	VOL07-EXPANSION	ACTIVE_KEEP	scripts/volume07/audit_example_exercise_expansion.py;scripts/volume07/reconcile_example_exercise_evidence.py	% BEGIN VOL07-EXPANSION VII16	keep; active tooling references this marker family
VII	books/vol07_differential_geometry/chapters/ch16_the_gauss_map_and_shape_operator/pedagogy_expansion.tex	190	VOL07-EXPANSION	ACTIVE_KEEP	scripts/volume07/audit_example_exercise_expansion.py;scripts/volume07/reconcile_example_exercise_evidence.py	% END VOL07-EXPANSION VII16	keep; active tooling references this marker family
VII	books/vol07_differential_geometry/chapters/ch17_principal_gaussian_and_mean_curvature/chapter.tex	173	PEDAGOGY-ENRICHED-VII	ACTIVE_KEEP	scripts/volume07/audit_pedagogy.py;scripts/volume07/enrich_hints.py	% PEDAGOGY-ENRICHED-VII	keep; active tooling references this marker family
VII	books/vol07_differential_geometry/chapters/ch17_principal_gaussian_and_mean_curvature/chapter.tex	184	PEDAGOGY-ENRICHED-VII	ACTIVE_KEEP	scripts/volume07/audit_pedagogy.py;scripts/volume07/enrich_hints.py	% PEDAGOGY-ENRICHED-VII	keep; active tooling references this marker family
VII	books/vol07_differential_geometry/chapters/ch17_principal_gaussian_and_mean_curvature/chapter.tex	196	PEDAGOGY-ENRICHED-VII	ACTIVE_KEEP	scripts/volume07/audit_pedagogy.py;scripts/volume07/enrich_hints.py	% PEDAGOGY-ENRICHED-VII	keep; active tooling references this marker family
VII	books/vol07_differential_geometry/chapters/ch17_principal_gaussian_and_mean_curvature/chapter.tex	207	PEDAGOGY-ENRICHED-VII	ACTIVE_KEEP	scripts/volume07/audit_pedagogy.py;scripts/volume07/enrich_hints.py	% PEDAGOGY-ENRICHED-VII	keep; active tooling references this marker family
VII	books/vol07_differential_geometry/chapters/ch17_principal_gaussian_and_mean_curvature/chapter.tex	218	PEDAGOGY-ENRICHED-VII	ACTIVE_KEEP	scripts/volume07/audit_pedagogy.py;scripts/volume07/enrich_hints.py	% PEDAGOGY-ENRICHED-VII	keep; active tooling references this marker family
VII	books/vol07_differential_geometry/chapters/ch17_principal_gaussian_and_mean_curvature/chapter.tex	229	PEDAGOGY-ENRICHED-VII	ACTIVE_KEEP	scripts/volume07/audit_pedagogy.py;scripts/volume07/enrich_hints.py	% PEDAGOGY-ENRICHED-VII	keep; active tooling references this marker family
VII	books/vol07_differential_geometry/chapters/ch17_principal_gaussian_and_mean_curvature/chapter.tex	240	PEDAGOGY-ENRICHED-VII	ACTIVE_KEEP	scripts/volume07/audit_pedagogy.py;scripts/volume07/enrich_hints.py	% PEDAGOGY-ENRICHED-VII	keep; active tooling references this marker family
VII	books/vol07_differential_geometry/chapters/ch17_principal_gaussian_and_mean_curvature/chapter.tex	251	PEDAGOGY-ENRICHED-VII	ACTIVE_KEEP	scripts/volume07/audit_pedagogy.py;scripts/volume07/enrich_hints.py	% PEDAGOGY-ENRICHED-VII	keep; active tooling references this marker family
VII	books/vol07_differential_geometry/chapters/ch17_principal_gaussian_and_mean_curvature/chapter.tex	262	PEDAGOGY-ENRICHED-VII	ACTIVE_KEEP	scripts/volume07/audit_pedagogy.py;scripts/volume07/enrich_hints.py	% PEDAGOGY-ENRICHED-VII	keep; active tooling references this marker family
VII	books/vol07_differential_geometry/chapters/ch17_principal_gaussian_and_mean_curvature/chapter.tex	273	PEDAGOGY-ENRICHED-VII	ACTIVE_KEEP	scripts/volume07/audit_pedagogy.py;scripts/volume07/enrich_hints.py	% PEDAGOGY-ENRICHED-VII	keep; active tooling references this marker family
VII	books/vol07_differential_geometry/chapters/ch17_principal_gaussian_and_mean_curvature/chapter.tex	284	PEDAGOGY-ENRICHED-VII	ACTIVE_KEEP	scripts/volume07/audit_pedagogy.py;scripts/volume07/enrich_hints.py	% PEDAGOGY-ENRICHED-VII	keep; active tooling references this marker family
VII	books/vol07_differential_geometry/chapters/ch17_principal_gaussian_and_mean_curvature/chapter.tex	296	PEDAGOGY-ENRICHED-VII	ACTIVE_KEEP	scripts/volume07/audit_pedagogy.py;scripts/volume07/enrich_hints.py	% PEDAGOGY-ENRICHED-VII	keep; active tooling references this marker family
VII	books/vol07_differential_geometry/chapters/ch17_principal_gaussian_and_mean_curvature/chapter.tex	307	PEDAGOGY-ENRICHED-VII	ACTIVE_KEEP	scripts/volume07/audit_pedagogy.py;scripts/volume07/enrich_hints.py	% PEDAGOGY-ENRICHED-VII	keep; active tooling references this marker family
VII	books/vol07_differential_geometry/chapters/ch17_principal_gaussian_and_mean_curvature/chapter.tex	318	PEDAGOGY-ENRICHED-VII	ACTIVE_KEEP	scripts/volume07/audit_pedagogy.py;scripts/volume07/enrich_hints.py	% PEDAGOGY-ENRICHED-VII	keep; active tooling references this marker family
VII	books/vol07_differential_geometry/chapters/ch17_principal_gaussian_and_mean_curvature/chapter.tex	329	PEDAGOGY-ENRICHED-VII	ACTIVE_KEEP	scripts/volume07/audit_pedagogy.py;scripts/volume07/enrich_hints.py	% PEDAGOGY-ENRICHED-VII	keep; active tooling references this marker family
VII	books/vol07_differential_geometry/chapters/ch17_principal_gaussian_and_mean_curvature/chapter.tex	340	PEDAGOGY-ENRICHED-VII	ACTIVE_KEEP	scripts/volume07/audit_pedagogy.py;scripts/volume07/enrich_hints.py	% PEDAGOGY-ENRICHED-VII	keep; active tooling references this marker family
VII	books/vol07_differential_geometry/chapters/ch17_principal_gaussian_and_mean_curvature/chapter.tex	351	PEDAGOGY-ENRICHED-VII	ACTIVE_KEEP	scripts/volume07/audit_pedagogy.py;scripts/volume07/enrich_hints.py	% PEDAGOGY-ENRICHED-VII	keep; active tooling references this marker family
VII	books/vol07_differential_geometry/chapters/ch17_principal_gaussian_and_mean_curvature/chapter.tex	362	PEDAGOGY-ENRICHED-VII	ACTIVE_KEEP	scripts/volume07/audit_pedagogy.py;scripts/volume07/enrich_hints.py	% PEDAGOGY-ENRICHED-VII	keep; active tooling references this marker family
VII	books/vol07_differential_geometry/chapters/ch17_principal_gaussian_and_mean_curvature/chapter.tex	373	PEDAGOGY-ENRICHED-VII	ACTIVE_KEEP	scripts/volume07/audit_pedagogy.py;scripts/volume07/enrich_hints.py	% PEDAGOGY-ENRICHED-VII	keep; active tooling references this marker family
VII	books/vol07_differential_geometry/chapters/ch17_principal_gaussian_and_mean_curvature/chapter.tex	384	PEDAGOGY-ENRICHED-VII	ACTIVE_KEEP	scripts/volume07/audit_pedagogy.py;scripts/volume07/enrich_hints.py	% PEDAGOGY-ENRICHED-VII	keep; active tooling references this marker family
VII	books/vol07_differential_geometry/chapters/ch17_principal_gaussian_and_mean_curvature/chapter.tex	395	PEDAGOGY-ENRICHED-VII	ACTIVE_KEEP	scripts/volume07/audit_pedagogy.py;scripts/volume07/enrich_hints.py	% PEDAGOGY-ENRICHED-VII	keep; active tooling references this marker family
VII	books/vol07_differential_geometry/chapters/ch17_principal_gaussian_and_mean_curvature/chapter.tex	406	PEDAGOGY-ENRICHED-VII	ACTIVE_KEEP	scripts/volume07/audit_pedagogy.py;scripts/volume07/enrich_hints.py	% PEDAGOGY-ENRICHED-VII	keep; active tooling references this marker family
VII	books/vol07_differential_geometry/chapters/ch17_principal_gaussian_and_mean_curvature/chapter.tex	417	PEDAGOGY-ENRICHED-VII	ACTIVE_KEEP	scripts/volume07/audit_pedagogy.py;scripts/volume07/enrich_hints.py	% PEDAGOGY-ENRICHED-VII	keep; active tooling references this marker family
VII	books/vol07_differential_geometry/chapters/ch17_principal_gaussian_and_mean_curvature/chapter.tex	428	PEDAGOGY-ENRICHED-VII	ACTIVE_KEEP	scripts/volume07/audit_pedagogy.py;scripts/volume07/enrich_hints.py	% PEDAGOGY-ENRICHED-VII	keep; active tooling references this marker family
VII	books/vol07_differential_geometry/chapters/ch17_principal_gaussian_and_mean_curvature/pedagogy_expansion.tex	1	VOL07-EXPANSION	ACTIVE_KEEP	scripts/volume07/audit_example_exercise_expansion.py;scripts/volume07/reconcile_example_exercise_evidence.py	% BEGIN VOL07-EXPANSION VII17	keep; active tooling references this marker family
VII	books/vol07_differential_geometry/chapters/ch17_principal_gaussian_and_mean_curvature/pedagogy_expansion.tex	194	VOL07-EXPANSION	ACTIVE_KEEP	scripts/volume07/audit_example_exercise_expansion.py;scripts/volume07/reconcile_example_exercise_evidence.py	% END VOL07-EXPANSION VII17	keep; active tooling references this marker family
VII	books/vol07_differential_geometry/chapters/ch18_ruled_and_developable_surfaces/chapter.tex	172	PEDAGOGY-ENRICHED-VII	ACTIVE_KEEP	scripts/volume07/audit_pedagogy.py;scripts/volume07/enrich_hints.py	% PEDAGOGY-ENRICHED-VII	keep; active tooling references this marker family
VII	books/vol07_differential_geometry/chapters/ch18_ruled_and_developable_surfaces/chapter.tex	183	PEDAGOGY-ENRICHED-VII	ACTIVE_KEEP	scripts/volume07/audit_pedagogy.py;scripts/volume07/enrich_hints.py	% PEDAGOGY-ENRICHED-VII	keep; active tooling references this marker family
VII	books/vol07_differential_geometry/chapters/ch18_ruled_and_developable_surfaces/chapter.tex	195	PEDAGOGY-ENRICHED-VII	ACTIVE_KEEP	scripts/volume07/audit_pedagogy.py;scripts/volume07/enrich_hints.py	% PEDAGOGY-ENRICHED-VII	keep; active tooling references this marker family
VII	books/vol07_differential_geometry/chapters/ch18_ruled_and_developable_surfaces/chapter.tex	206	PEDAGOGY-ENRICHED-VII	ACTIVE_KEEP	scripts/volume07/audit_pedagogy.py;scripts/volume07/enrich_hints.py	% PEDAGOGY-ENRICHED-VII	keep; active tooling references this marker family
VII	books/vol07_differential_geometry/chapters/ch18_ruled_and_developable_surfaces/chapter.tex	217	PEDAGOGY-ENRICHED-VII	ACTIVE_KEEP	scripts/volume07/audit_pedagogy.py;scripts/volume07/enrich_hints.py	% PEDAGOGY-ENRICHED-VII	keep; active tooling references this marker family
VII	books/vol07_differential_geometry/chapters/ch18_ruled_and_developable_surfaces/chapter.tex	228	PEDAGOGY-ENRICHED-VII	ACTIVE_KEEP	scripts/volume07/audit_pedagogy.py;scripts/volume07/enrich_hints.py	% PEDAGOGY-ENRICHED-VII	keep; active tooling references this marker family
VII	books/vol07_differential_geometry/chapters/ch18_ruled_and_developable_surfaces/chapter.tex	239	PEDAGOGY-ENRICHED-VII	ACTIVE_KEEP	scripts/volume07/audit_pedagogy.py;scripts/volume07/enrich_hints.py	% PEDAGOGY-ENRICHED-VII	keep; active tooling references this marker family
VII	books/vol07_differential_geometry/chapters/ch18_ruled_and_developable_surfaces/chapter.tex	250	PEDAGOGY-ENRICHED-VII	ACTIVE_KEEP	scripts/volume07/audit_pedagogy.py;scripts/volume07/enrich_hints.py	% PEDAGOGY-ENRICHED-VII	keep; active tooling references this marker family
VII	books/vol07_differential_geometry/chapters/ch18_ruled_and_developable_surfaces/chapter.tex	261	PEDAGOGY-ENRICHED-VII	ACTIVE_KEEP	scripts/volume07/audit_pedagogy.py;scripts/volume07/enrich_hints.py	% PEDAGOGY-ENRICHED-VII	keep; active tooling references this marker family
VII	books/vol07_differential_geometry/chapters/ch18_ruled_and_developable_surfaces/chapter.tex	272	PEDAGOGY-ENRICHED-VII	ACTIVE_KEEP	scripts/volume07/audit_pedagogy.py;scripts/volume07/enrich_hints.py	% PEDAGOGY-ENRICHED-VII	keep; active tooling references this marker family
VII	books/vol07_differential_geometry/chapters/ch18_ruled_and_developable_surfaces/chapter.tex	283	PEDAGOGY-ENRICHED-VII	ACTIVE_KEEP	scripts/volume07/audit_pedagogy.py;scripts/volume07/enrich_hints.py	% PEDAGOGY-ENRICHED-VII	keep; active tooling references this marker family
VII	books/vol07_differential_geometry/chapters/ch18_ruled_and_developable_surfaces/chapter.tex	294	PEDAGOGY-ENRICHED-VII	ACTIVE_KEEP	scripts/volume07/audit_pedagogy.py;scripts/volume07/enrich_hints.py	% PEDAGOGY-ENRICHED-VII	keep; active tooling references this marker family
VII	books/vol07_differential_geometry/chapters/ch18_ruled_and_developable_surfaces/chapter.tex	305	PEDAGOGY-ENRICHED-VII	ACTIVE_KEEP	scripts/volume07/audit_pedagogy.py;scripts/volume07/enrich_hints.py	% PEDAGOGY-ENRICHED-VII	keep; active tooling references this marker family
VII	books/vol07_differential_geometry/chapters/ch18_ruled_and_developable_surfaces/chapter.tex	316	PEDAGOGY-ENRICHED-VII	ACTIVE_KEEP	scripts/volume07/audit_pedagogy.py;scripts/volume07/enrich_hints.py	% PEDAGOGY-ENRICHED-VII	keep; active tooling references this marker family
VII	books/vol07_differential_geometry/chapters/ch18_ruled_and_developable_surfaces/chapter.tex	327	PEDAGOGY-ENRICHED-VII	ACTIVE_KEEP	scripts/volume07/audit_pedagogy.py;scripts/volume07/enrich_hints.py	% PEDAGOGY-ENRICHED-VII	keep; active tooling references this marker family
VII	books/vol07_differential_geometry/chapters/ch18_ruled_and_developable_surfaces/chapter.tex	338	PEDAGOGY-ENRICHED-VII	ACTIVE_KEEP	scripts/volume07/audit_pedagogy.py;scripts/volume07/enrich_hints.py	% PEDAGOGY-ENRICHED-VII	keep; active tooling references this marker family
VII	books/vol07_differential_geometry/chapters/ch18_ruled_and_developable_surfaces/chapter.tex	349	PEDAGOGY-ENRICHED-VII	ACTIVE_KEEP	scripts/volume07/audit_pedagogy.py;scripts/volume07/enrich_hints.py	% PEDAGOGY-ENRICHED-VII	keep; active tooling references this marker family
VII	books/vol07_differential_geometry/chapters/ch18_ruled_and_developable_surfaces/chapter.tex	360	PEDAGOGY-ENRICHED-VII	ACTIVE_KEEP	scripts/volume07/audit_pedagogy.py;scripts/volume07/enrich_hints.py	% PEDAGOGY-ENRICHED-VII	keep; active tooling references this marker family
VII	books/vol07_differential_geometry/chapters/ch18_ruled_and_developable_surfaces/chapter.tex	371	PEDAGOGY-ENRICHED-VII	ACTIVE_KEEP	scripts/volume07/audit_pedagogy.py;scripts/volume07/enrich_hints.py	% PEDAGOGY-ENRICHED-VII	keep; active tooling references this marker family
VII	books/vol07_differential_geometry/chapters/ch18_ruled_and_developable_surfaces/chapter.tex	382	PEDAGOGY-ENRICHED-VII	ACTIVE_KEEP	scripts/volume07/audit_pedagogy.py;scripts/volume07/enrich_hints.py	% PEDAGOGY-ENRICHED-VII	keep; active tooling references this marker family
VII	books/vol07_differential_geometry/chapters/ch18_ruled_and_developable_surfaces/chapter.tex	393	PEDAGOGY-ENRICHED-VII	ACTIVE_KEEP	scripts/volume07/audit_pedagogy.py;scripts/volume07/enrich_hints.py	% PEDAGOGY-ENRICHED-VII	keep; active tooling references this marker family
VII	books/vol07_differential_geometry/chapters/ch18_ruled_and_developable_surfaces/chapter.tex	404	PEDAGOGY-ENRICHED-VII	ACTIVE_KEEP	scripts/volume07/audit_pedagogy.py;scripts/volume07/enrich_hints.py	% PEDAGOGY-ENRICHED-VII	keep; active tooling references this marker family
VII	books/vol07_differential_geometry/chapters/ch18_ruled_and_developable_surfaces/chapter.tex	415	PEDAGOGY-ENRICHED-VII	ACTIVE_KEEP	scripts/volume07/audit_pedagogy.py;scripts/volume07/enrich_hints.py	% PEDAGOGY-ENRICHED-VII	keep; active tooling references this marker family
VII	books/vol07_differential_geometry/chapters/ch18_ruled_and_developable_surfaces/chapter.tex	426	PEDAGOGY-ENRICHED-VII	ACTIVE_KEEP	scripts/volume07/audit_pedagogy.py;scripts/volume07/enrich_hints.py	% PEDAGOGY-ENRICHED-VII	keep; active tooling references this marker family
VII	books/vol07_differential_geometry/chapters/ch18_ruled_and_developable_surfaces/pedagogy_expansion.tex	1	VOL07-EXPANSION	ACTIVE_KEEP	scripts/volume07/audit_example_exercise_expansion.py;scripts/volume07/reconcile_example_exercise_evidence.py	% BEGIN VOL07-EXPANSION VII18	keep; active tooling references this marker family
VII	books/vol07_differential_geometry/chapters/ch18_ruled_and_developable_surfaces/pedagogy_expansion.tex	198	VOL07-EXPANSION	ACTIVE_KEEP	scripts/volume07/audit_example_exercise_expansion.py;scripts/volume07/reconcile_example_exercise_evidence.py	% END VOL07-EXPANSION VII18	keep; active tooling references this marker family
VII	books/vol07_differential_geometry/chapters/ch19_minimal_surfaces/chapter.tex	220	PEDAGOGY-ENRICHED-VII	ACTIVE_KEEP	scripts/volume07/audit_pedagogy.py;scripts/volume07/enrich_hints.py	% PEDAGOGY-ENRICHED-VII	keep; active tooling references this marker family
VII	books/vol07_differential_geometry/chapters/ch19_minimal_surfaces/chapter.tex	231	PEDAGOGY-ENRICHED-VII	ACTIVE_KEEP	scripts/volume07/audit_pedagogy.py;scripts/volume07/enrich_hints.py	% PEDAGOGY-ENRICHED-VII	keep; active tooling references this marker family
VII	books/vol07_differential_geometry/chapters/ch19_minimal_surfaces/chapter.tex	242	PEDAGOGY-ENRICHED-VII	ACTIVE_KEEP	scripts/volume07/audit_pedagogy.py;scripts/volume07/enrich_hints.py	% PEDAGOGY-ENRICHED-VII	keep; active tooling references this marker family
VII	books/vol07_differential_geometry/chapters/ch19_minimal_surfaces/chapter.tex	253	PEDAGOGY-ENRICHED-VII	ACTIVE_KEEP	scripts/volume07/audit_pedagogy.py;scripts/volume07/enrich_hints.py	% PEDAGOGY-ENRICHED-VII	keep; active tooling references this marker family
VII	books/vol07_differential_geometry/chapters/ch19_minimal_surfaces/chapter.tex	264	PEDAGOGY-ENRICHED-VII	ACTIVE_KEEP	scripts/volume07/audit_pedagogy.py;scripts/volume07/enrich_hints.py	% PEDAGOGY-ENRICHED-VII	keep; active tooling references this marker family
VII	books/vol07_differential_geometry/chapters/ch19_minimal_surfaces/chapter.tex	275	PEDAGOGY-ENRICHED-VII	ACTIVE_KEEP	scripts/volume07/audit_pedagogy.py;scripts/volume07/enrich_hints.py	% PEDAGOGY-ENRICHED-VII	keep; active tooling references this marker family
VII	books/vol07_differential_geometry/chapters/ch19_minimal_surfaces/chapter.tex	286	PEDAGOGY-ENRICHED-VII	ACTIVE_KEEP	scripts/volume07/audit_pedagogy.py;scripts/volume07/enrich_hints.py	% PEDAGOGY-ENRICHED-VII	keep; active tooling references this marker family
VII	books/vol07_differential_geometry/chapters/ch19_minimal_surfaces/chapter.tex	297	PEDAGOGY-ENRICHED-VII	ACTIVE_KEEP	scripts/volume07/audit_pedagogy.py;scripts/volume07/enrich_hints.py	% PEDAGOGY-ENRICHED-VII	keep; active tooling references this marker family
VII	books/vol07_differential_geometry/chapters/ch19_minimal_surfaces/chapter.tex	308	PEDAGOGY-ENRICHED-VII	ACTIVE_KEEP	scripts/volume07/audit_pedagogy.py;scripts/volume07/enrich_hints.py	% PEDAGOGY-ENRICHED-VII	keep; active tooling references this marker family
VII	books/vol07_differential_geometry/chapters/ch19_minimal_surfaces/chapter.tex	319	PEDAGOGY-ENRICHED-VII	ACTIVE_KEEP	scripts/volume07/audit_pedagogy.py;scripts/volume07/enrich_hints.py	% PEDAGOGY-ENRICHED-VII	keep; active tooling references this marker family
VII	books/vol07_differential_geometry/chapters/ch19_minimal_surfaces/chapter.tex	330	PEDAGOGY-ENRICHED-VII	ACTIVE_KEEP	scripts/volume07/audit_pedagogy.py;scripts/volume07/enrich_hints.py	% PEDAGOGY-ENRICHED-VII	keep; active tooling references this marker family
VII	books/vol07_differential_geometry/chapters/ch19_minimal_surfaces/chapter.tex	341	PEDAGOGY-ENRICHED-VII	ACTIVE_KEEP	scripts/volume07/audit_pedagogy.py;scripts/volume07/enrich_hints.py	% PEDAGOGY-ENRICHED-VII	keep; active tooling references this marker family
VII	books/vol07_differential_geometry/chapters/ch19_minimal_surfaces/chapter.tex	352	PEDAGOGY-ENRICHED-VII	ACTIVE_KEEP	scripts/volume07/audit_pedagogy.py;scripts/volume07/enrich_hints.py	% PEDAGOGY-ENRICHED-VII	keep; active tooling references this marker family
VII	books/vol07_differential_geometry/chapters/ch19_minimal_surfaces/chapter.tex	363	PEDAGOGY-ENRICHED-VII	ACTIVE_KEEP	scripts/volume07/audit_pedagogy.py;scripts/volume07/enrich_hints.py	% PEDAGOGY-ENRICHED-VII	keep; active tooling references this marker family
VII	books/vol07_differential_geometry/chapters/ch19_minimal_surfaces/chapter.tex	374	PEDAGOGY-ENRICHED-VII	ACTIVE_KEEP	scripts/volume07/audit_pedagogy.py;scripts/volume07/enrich_hints.py	% PEDAGOGY-ENRICHED-VII	keep; active tooling references this marker family
VII	books/vol07_differential_geometry/chapters/ch19_minimal_surfaces/chapter.tex	385	PEDAGOGY-ENRICHED-VII	ACTIVE_KEEP	scripts/volume07/audit_pedagogy.py;scripts/volume07/enrich_hints.py	% PEDAGOGY-ENRICHED-VII	keep; active tooling references this marker family
VII	books/vol07_differential_geometry/chapters/ch19_minimal_surfaces/chapter.tex	396	PEDAGOGY-ENRICHED-VII	ACTIVE_KEEP	scripts/volume07/audit_pedagogy.py;scripts/volume07/enrich_hints.py	% PEDAGOGY-ENRICHED-VII	keep; active tooling references this marker family
VII	books/vol07_differential_geometry/chapters/ch19_minimal_surfaces/chapter.tex	407	PEDAGOGY-ENRICHED-VII	ACTIVE_KEEP	scripts/volume07/audit_pedagogy.py;scripts/volume07/enrich_hints.py	% PEDAGOGY-ENRICHED-VII	keep; active tooling references this marker family
VII	books/vol07_differential_geometry/chapters/ch19_minimal_surfaces/chapter.tex	418	PEDAGOGY-ENRICHED-VII	ACTIVE_KEEP	scripts/volume07/audit_pedagogy.py;scripts/volume07/enrich_hints.py	% PEDAGOGY-ENRICHED-VII	keep; active tooling references this marker family
VII	books/vol07_differential_geometry/chapters/ch19_minimal_surfaces/chapter.tex	429	PEDAGOGY-ENRICHED-VII	ACTIVE_KEEP	scripts/volume07/audit_pedagogy.py;scripts/volume07/enrich_hints.py	% PEDAGOGY-ENRICHED-VII	keep; active tooling references this marker family
VII	books/vol07_differential_geometry/chapters/ch19_minimal_surfaces/chapter.tex	440	PEDAGOGY-ENRICHED-VII	ACTIVE_KEEP	scripts/volume07/audit_pedagogy.py;scripts/volume07/enrich_hints.py	% PEDAGOGY-ENRICHED-VII	keep; active tooling references this marker family
VII	books/vol07_differential_geometry/chapters/ch19_minimal_surfaces/chapter.tex	451	PEDAGOGY-ENRICHED-VII	ACTIVE_KEEP	scripts/volume07/audit_pedagogy.py;scripts/volume07/enrich_hints.py	% PEDAGOGY-ENRICHED-VII	keep; active tooling references this marker family
VII	books/vol07_differential_geometry/chapters/ch19_minimal_surfaces/chapter.tex	462	PEDAGOGY-ENRICHED-VII	ACTIVE_KEEP	scripts/volume07/audit_pedagogy.py;scripts/volume07/enrich_hints.py	% PEDAGOGY-ENRICHED-VII	keep; active tooling references this marker family
VII	books/vol07_differential_geometry/chapters/ch19_minimal_surfaces/chapter.tex	473	PEDAGOGY-ENRICHED-VII	ACTIVE_KEEP	scripts/volume07/audit_pedagogy.py;scripts/volume07/enrich_hints.py	% PEDAGOGY-ENRICHED-VII	keep; active tooling references this marker family
VII	books/vol07_differential_geometry/chapters/ch19_minimal_surfaces/pedagogy_expansion.tex	1	VOL07-EXPANSION	ACTIVE_KEEP	scripts/volume07/audit_example_exercise_expansion.py;scripts/volume07/reconcile_example_exercise_evidence.py	% BEGIN VOL07-EXPANSION VII19	keep; active tooling references this marker family
VII	books/vol07_differential_geometry/chapters/ch19_minimal_surfaces/pedagogy_expansion.tex	190	VOL07-EXPANSION	ACTIVE_KEEP	scripts/volume07/audit_example_exercise_expansion.py;scripts/volume07/reconcile_example_exercise_evidence.py	% END VOL07-EXPANSION VII19	keep; active tooling references this marker family
VII	books/vol07_differential_geometry/chapters/ch20_riemannian_metrics/chapter.tex	272	PEDAGOGY-ENRICHED-VII	ACTIVE_KEEP	scripts/volume07/audit_pedagogy.py;scripts/volume07/enrich_hints.py	% PEDAGOGY-ENRICHED-VII	keep; active tooling references this marker family
VII	books/vol07_differential_geometry/chapters/ch20_riemannian_metrics/chapter.tex	283	PEDAGOGY-ENRICHED-VII	ACTIVE_KEEP	scripts/volume07/audit_pedagogy.py;scripts/volume07/enrich_hints.py	% PEDAGOGY-ENRICHED-VII	keep; active tooling references this marker family
VII	books/vol07_differential_geometry/chapters/ch20_riemannian_metrics/chapter.tex	294	PEDAGOGY-ENRICHED-VII	ACTIVE_KEEP	scripts/volume07/audit_pedagogy.py;scripts/volume07/enrich_hints.py	% PEDAGOGY-ENRICHED-VII	keep; active tooling references this marker family
VII	books/vol07_differential_geometry/chapters/ch20_riemannian_metrics/chapter.tex	305	PEDAGOGY-ENRICHED-VII	ACTIVE_KEEP	scripts/volume07/audit_pedagogy.py;scripts/volume07/enrich_hints.py	% PEDAGOGY-ENRICHED-VII	keep; active tooling references this marker family
VII	books/vol07_differential_geometry/chapters/ch20_riemannian_metrics/chapter.tex	316	PEDAGOGY-ENRICHED-VII	ACTIVE_KEEP	scripts/volume07/audit_pedagogy.py;scripts/volume07/enrich_hints.py	% PEDAGOGY-ENRICHED-VII	keep; active tooling references this marker family
VII	books/vol07_differential_geometry/chapters/ch20_riemannian_metrics/chapter.tex	327	PEDAGOGY-ENRICHED-VII	ACTIVE_KEEP	scripts/volume07/audit_pedagogy.py;scripts/volume07/enrich_hints.py	% PEDAGOGY-ENRICHED-VII	keep; active tooling references this marker family
VII	books/vol07_differential_geometry/chapters/ch20_riemannian_metrics/chapter.tex	338	PEDAGOGY-ENRICHED-VII	ACTIVE_KEEP	scripts/volume07/audit_pedagogy.py;scripts/volume07/enrich_hints.py	% PEDAGOGY-ENRICHED-VII	keep; active tooling references this marker family
VII	books/vol07_differential_geometry/chapters/ch20_riemannian_metrics/chapter.tex	349	PEDAGOGY-ENRICHED-VII	ACTIVE_KEEP	scripts/volume07/audit_pedagogy.py;scripts/volume07/enrich_hints.py	% PEDAGOGY-ENRICHED-VII	keep; active tooling references this marker family
VII	books/vol07_differential_geometry/chapters/ch20_riemannian_metrics/chapter.tex	360	PEDAGOGY-ENRICHED-VII	ACTIVE_KEEP	scripts/volume07/audit_pedagogy.py;scripts/volume07/enrich_hints.py	% PEDAGOGY-ENRICHED-VII	keep; active tooling references this marker family
VII	books/vol07_differential_geometry/chapters/ch20_riemannian_metrics/chapter.tex	371	PEDAGOGY-ENRICHED-VII	ACTIVE_KEEP	scripts/volume07/audit_pedagogy.py;scripts/volume07/enrich_hints.py	% PEDAGOGY-ENRICHED-VII	keep; active tooling references this marker family
VII	books/vol07_differential_geometry/chapters/ch20_riemannian_metrics/chapter.tex	382	PEDAGOGY-ENRICHED-VII	ACTIVE_KEEP	scripts/volume07/audit_pedagogy.py;scripts/volume07/enrich_hints.py	% PEDAGOGY-ENRICHED-VII	keep; active tooling references this marker family
VII	books/vol07_differential_geometry/chapters/ch20_riemannian_metrics/chapter.tex	393	PEDAGOGY-ENRICHED-VII	ACTIVE_KEEP	scripts/volume07/audit_pedagogy.py;scripts/volume07/enrich_hints.py	% PEDAGOGY-ENRICHED-VII	keep; active tooling references this marker family
VII	books/vol07_differential_geometry/chapters/ch20_riemannian_metrics/chapter.tex	404	PEDAGOGY-ENRICHED-VII	ACTIVE_KEEP	scripts/volume07/audit_pedagogy.py;scripts/volume07/enrich_hints.py	% PEDAGOGY-ENRICHED-VII	keep; active tooling references this marker family
VII	books/vol07_differential_geometry/chapters/ch20_riemannian_metrics/chapter.tex	415	PEDAGOGY-ENRICHED-VII	ACTIVE_KEEP	scripts/volume07/audit_pedagogy.py;scripts/volume07/enrich_hints.py	% PEDAGOGY-ENRICHED-VII	keep; active tooling references this marker family
VII	books/vol07_differential_geometry/chapters/ch20_riemannian_metrics/chapter.tex	426	PEDAGOGY-ENRICHED-VII	ACTIVE_KEEP	scripts/volume07/audit_pedagogy.py;scripts/volume07/enrich_hints.py	% PEDAGOGY-ENRICHED-VII	keep; active tooling references this marker family
VII	books/vol07_differential_geometry/chapters/ch20_riemannian_metrics/chapter.tex	437	PEDAGOGY-ENRICHED-VII	ACTIVE_KEEP	scripts/volume07/audit_pedagogy.py;scripts/volume07/enrich_hints.py	% PEDAGOGY-ENRICHED-VII	keep; active tooling references this marker family
VII	books/vol07_differential_geometry/chapters/ch20_riemannian_metrics/chapter.tex	448	PEDAGOGY-ENRICHED-VII	ACTIVE_KEEP	scripts/volume07/audit_pedagogy.py;scripts/volume07/enrich_hints.py	% PEDAGOGY-ENRICHED-VII	keep; active tooling references this marker family
VII	books/vol07_differential_geometry/chapters/ch20_riemannian_metrics/chapter.tex	459	PEDAGOGY-ENRICHED-VII	ACTIVE_KEEP	scripts/volume07/audit_pedagogy.py;scripts/volume07/enrich_hints.py	% PEDAGOGY-ENRICHED-VII	keep; active tooling references this marker family
VII	books/vol07_differential_geometry/chapters/ch20_riemannian_metrics/chapter.tex	470	PEDAGOGY-ENRICHED-VII	ACTIVE_KEEP	scripts/volume07/audit_pedagogy.py;scripts/volume07/enrich_hints.py	% PEDAGOGY-ENRICHED-VII	keep; active tooling references this marker family
VII	books/vol07_differential_geometry/chapters/ch20_riemannian_metrics/chapter.tex	481	PEDAGOGY-ENRICHED-VII	ACTIVE_KEEP	scripts/volume07/audit_pedagogy.py;scripts/volume07/enrich_hints.py	% PEDAGOGY-ENRICHED-VII	keep; active tooling references this marker family
VII	books/vol07_differential_geometry/chapters/ch20_riemannian_metrics/chapter.tex	492	PEDAGOGY-ENRICHED-VII	ACTIVE_KEEP	scripts/volume07/audit_pedagogy.py;scripts/volume07/enrich_hints.py	% PEDAGOGY-ENRICHED-VII	keep; active tooling references this marker family
VII	books/vol07_differential_geometry/chapters/ch20_riemannian_metrics/chapter.tex	503	PEDAGOGY-ENRICHED-VII	ACTIVE_KEEP	scripts/volume07/audit_pedagogy.py;scripts/volume07/enrich_hints.py	% PEDAGOGY-ENRICHED-VII	keep; active tooling references this marker family
VII	books/vol07_differential_geometry/chapters/ch20_riemannian_metrics/chapter.tex	514	PEDAGOGY-ENRICHED-VII	ACTIVE_KEEP	scripts/volume07/audit_pedagogy.py;scripts/volume07/enrich_hints.py	% PEDAGOGY-ENRICHED-VII	keep; active tooling references this marker family
VII	books/vol07_differential_geometry/chapters/ch20_riemannian_metrics/chapter.tex	525	PEDAGOGY-ENRICHED-VII	ACTIVE_KEEP	scripts/volume07/audit_pedagogy.py;scripts/volume07/enrich_hints.py	% PEDAGOGY-ENRICHED-VII	keep; active tooling references this marker family
VII	books/vol07_differential_geometry/chapters/ch20_riemannian_metrics/pedagogy_expansion.tex	1	VOL07-EXPANSION	ACTIVE_KEEP	scripts/volume07/audit_example_exercise_expansion.py;scripts/volume07/reconcile_example_exercise_evidence.py	% BEGIN VOL07-EXPANSION VII20	keep; active tooling references this marker family
VII	books/vol07_differential_geometry/chapters/ch20_riemannian_metrics/pedagogy_expansion.tex	222	VOL07-EXPANSION	ACTIVE_KEEP	scripts/volume07/audit_example_exercise_expansion.py;scripts/volume07/reconcile_example_exercise_evidence.py	% END VOL07-EXPANSION VII20	keep; active tooling references this marker family
VII	books/vol07_differential_geometry/chapters/ch21_connections/chapter.tex	272	PEDAGOGY-ENRICHED-VII	ACTIVE_KEEP	scripts/volume07/audit_pedagogy.py;scripts/volume07/enrich_hints.py	% PEDAGOGY-ENRICHED-VII	keep; active tooling references this marker family
VII	books/vol07_differential_geometry/chapters/ch21_connections/chapter.tex	283	PEDAGOGY-ENRICHED-VII	ACTIVE_KEEP	scripts/volume07/audit_pedagogy.py;scripts/volume07/enrich_hints.py	% PEDAGOGY-ENRICHED-VII	keep; active tooling references this marker family
VII	books/vol07_differential_geometry/chapters/ch21_connections/chapter.tex	294	PEDAGOGY-ENRICHED-VII	ACTIVE_KEEP	scripts/volume07/audit_pedagogy.py;scripts/volume07/enrich_hints.py	% PEDAGOGY-ENRICHED-VII	keep; active tooling references this marker family
VII	books/vol07_differential_geometry/chapters/ch21_connections/chapter.tex	305	PEDAGOGY-ENRICHED-VII	ACTIVE_KEEP	scripts/volume07/audit_pedagogy.py;scripts/volume07/enrich_hints.py	% PEDAGOGY-ENRICHED-VII	keep; active tooling references this marker family
VII	books/vol07_differential_geometry/chapters/ch21_connections/chapter.tex	316	PEDAGOGY-ENRICHED-VII	ACTIVE_KEEP	scripts/volume07/audit_pedagogy.py;scripts/volume07/enrich_hints.py	% PEDAGOGY-ENRICHED-VII	keep; active tooling references this marker family
VII	books/vol07_differential_geometry/chapters/ch21_connections/chapter.tex	327	PEDAGOGY-ENRICHED-VII	ACTIVE_KEEP	scripts/volume07/audit_pedagogy.py;scripts/volume07/enrich_hints.py	% PEDAGOGY-ENRICHED-VII	keep; active tooling references this marker family
VII	books/vol07_differential_geometry/chapters/ch21_connections/chapter.tex	338	PEDAGOGY-ENRICHED-VII	ACTIVE_KEEP	scripts/volume07/audit_pedagogy.py;scripts/volume07/enrich_hints.py	% PEDAGOGY-ENRICHED-VII	keep; active tooling references this marker family
VII	books/vol07_differential_geometry/chapters/ch21_connections/chapter.tex	349	PEDAGOGY-ENRICHED-VII	ACTIVE_KEEP	scripts/volume07/audit_pedagogy.py;scripts/volume07/enrich_hints.py	% PEDAGOGY-ENRICHED-VII	keep; active tooling references this marker family
VII	books/vol07_differential_geometry/chapters/ch21_connections/chapter.tex	360	PEDAGOGY-ENRICHED-VII	ACTIVE_KEEP	scripts/volume07/audit_pedagogy.py;scripts/volume07/enrich_hints.py	% PEDAGOGY-ENRICHED-VII	keep; active tooling references this marker family
VII	books/vol07_differential_geometry/chapters/ch21_connections/chapter.tex	371	PEDAGOGY-ENRICHED-VII	ACTIVE_KEEP	scripts/volume07/audit_pedagogy.py;scripts/volume07/enrich_hints.py	% PEDAGOGY-ENRICHED-VII	keep; active tooling references this marker family
VII	books/vol07_differential_geometry/chapters/ch21_connections/chapter.tex	382	PEDAGOGY-ENRICHED-VII	ACTIVE_KEEP	scripts/volume07/audit_pedagogy.py;scripts/volume07/enrich_hints.py	% PEDAGOGY-ENRICHED-VII	keep; active tooling references this marker family
VII	books/vol07_differential_geometry/chapters/ch21_connections/chapter.tex	393	PEDAGOGY-ENRICHED-VII	ACTIVE_KEEP	scripts/volume07/audit_pedagogy.py;scripts/volume07/enrich_hints.py	% PEDAGOGY-ENRICHED-VII	keep; active tooling references this marker family
VII	books/vol07_differential_geometry/chapters/ch21_connections/chapter.tex	404	PEDAGOGY-ENRICHED-VII	ACTIVE_KEEP	scripts/volume07/audit_pedagogy.py;scripts/volume07/enrich_hints.py	% PEDAGOGY-ENRICHED-VII	keep; active tooling references this marker family
VII	books/vol07_differential_geometry/chapters/ch21_connections/chapter.tex	415	PEDAGOGY-ENRICHED-VII	ACTIVE_KEEP	scripts/volume07/audit_pedagogy.py;scripts/volume07/enrich_hints.py	% PEDAGOGY-ENRICHED-VII	keep; active tooling references this marker family
VII	books/vol07_differential_geometry/chapters/ch21_connections/chapter.tex	426	PEDAGOGY-ENRICHED-VII	ACTIVE_KEEP	scripts/volume07/audit_pedagogy.py;scripts/volume07/enrich_hints.py	% PEDAGOGY-ENRICHED-VII	keep; active tooling references this marker family
VII	books/vol07_differential_geometry/chapters/ch21_connections/chapter.tex	437	PEDAGOGY-ENRICHED-VII	ACTIVE_KEEP	scripts/volume07/audit_pedagogy.py;scripts/volume07/enrich_hints.py	% PEDAGOGY-ENRICHED-VII	keep; active tooling references this marker family
VII	books/vol07_differential_geometry/chapters/ch21_connections/chapter.tex	448	PEDAGOGY-ENRICHED-VII	ACTIVE_KEEP	scripts/volume07/audit_pedagogy.py;scripts/volume07/enrich_hints.py	% PEDAGOGY-ENRICHED-VII	keep; active tooling references this marker family
VII	books/vol07_differential_geometry/chapters/ch21_connections/chapter.tex	459	PEDAGOGY-ENRICHED-VII	ACTIVE_KEEP	scripts/volume07/audit_pedagogy.py;scripts/volume07/enrich_hints.py	% PEDAGOGY-ENRICHED-VII	keep; active tooling references this marker family
VII	books/vol07_differential_geometry/chapters/ch21_connections/chapter.tex	470	PEDAGOGY-ENRICHED-VII	ACTIVE_KEEP	scripts/volume07/audit_pedagogy.py;scripts/volume07/enrich_hints.py	% PEDAGOGY-ENRICHED-VII	keep; active tooling references this marker family
VII	books/vol07_differential_geometry/chapters/ch21_connections/chapter.tex	481	PEDAGOGY-ENRICHED-VII	ACTIVE_KEEP	scripts/volume07/audit_pedagogy.py;scripts/volume07/enrich_hints.py	% PEDAGOGY-ENRICHED-VII	keep; active tooling references this marker family
VII	books/vol07_differential_geometry/chapters/ch21_connections/chapter.tex	492	PEDAGOGY-ENRICHED-VII	ACTIVE_KEEP	scripts/volume07/audit_pedagogy.py;scripts/volume07/enrich_hints.py	% PEDAGOGY-ENRICHED-VII	keep; active tooling references this marker family
VII	books/vol07_differential_geometry/chapters/ch21_connections/chapter.tex	503	PEDAGOGY-ENRICHED-VII	ACTIVE_KEEP	scripts/volume07/audit_pedagogy.py;scripts/volume07/enrich_hints.py	% PEDAGOGY-ENRICHED-VII	keep; active tooling references this marker family
VII	books/vol07_differential_geometry/chapters/ch21_connections/chapter.tex	514	PEDAGOGY-ENRICHED-VII	ACTIVE_KEEP	scripts/volume07/audit_pedagogy.py;scripts/volume07/enrich_hints.py	% PEDAGOGY-ENRICHED-VII	keep; active tooling references this marker family
VII	books/vol07_differential_geometry/chapters/ch21_connections/chapter.tex	525	PEDAGOGY-ENRICHED-VII	ACTIVE_KEEP	scripts/volume07/audit_pedagogy.py;scripts/volume07/enrich_hints.py	% PEDAGOGY-ENRICHED-VII	keep; active tooling references this marker family
VII	books/vol07_differential_geometry/chapters/ch21_connections/pedagogy_expansion.tex	1	VOL07-EXPANSION	ACTIVE_KEEP	scripts/volume07/audit_example_exercise_expansion.py;scripts/volume07/reconcile_example_exercise_evidence.py	% BEGIN VOL07-EXPANSION VII21	keep; active tooling references this marker family
VII	books/vol07_differential_geometry/chapters/ch21_connections/pedagogy_expansion.tex	222	VOL07-EXPANSION	ACTIVE_KEEP	scripts/volume07/audit_example_exercise_expansion.py;scripts/volume07/reconcile_example_exercise_evidence.py	% END VOL07-EXPANSION VII21	keep; active tooling references this marker family
VII	books/vol07_differential_geometry/chapters/ch22_the_levi_civita_connection/chapter.tex	253	PEDAGOGY-ENRICHED-VII	ACTIVE_KEEP	scripts/volume07/audit_pedagogy.py;scripts/volume07/enrich_hints.py	% PEDAGOGY-ENRICHED-VII	keep; active tooling references this marker family
VII	books/vol07_differential_geometry/chapters/ch22_the_levi_civita_connection/chapter.tex	265	PEDAGOGY-ENRICHED-VII	ACTIVE_KEEP	scripts/volume07/audit_pedagogy.py;scripts/volume07/enrich_hints.py	% PEDAGOGY-ENRICHED-VII	keep; active tooling references this marker family
VII	books/vol07_differential_geometry/chapters/ch22_the_levi_civita_connection/chapter.tex	277	PEDAGOGY-ENRICHED-VII	ACTIVE_KEEP	scripts/volume07/audit_pedagogy.py;scripts/volume07/enrich_hints.py	% PEDAGOGY-ENRICHED-VII	keep; active tooling references this marker family
VII	books/vol07_differential_geometry/chapters/ch22_the_levi_civita_connection/chapter.tex	289	PEDAGOGY-ENRICHED-VII	ACTIVE_KEEP	scripts/volume07/audit_pedagogy.py;scripts/volume07/enrich_hints.py	% PEDAGOGY-ENRICHED-VII	keep; active tooling references this marker family
VII	books/vol07_differential_geometry/chapters/ch22_the_levi_civita_connection/chapter.tex	301	PEDAGOGY-ENRICHED-VII	ACTIVE_KEEP	scripts/volume07/audit_pedagogy.py;scripts/volume07/enrich_hints.py	% PEDAGOGY-ENRICHED-VII	keep; active tooling references this marker family
VII	books/vol07_differential_geometry/chapters/ch22_the_levi_civita_connection/chapter.tex	313	PEDAGOGY-ENRICHED-VII	ACTIVE_KEEP	scripts/volume07/audit_pedagogy.py;scripts/volume07/enrich_hints.py	% PEDAGOGY-ENRICHED-VII	keep; active tooling references this marker family
VII	books/vol07_differential_geometry/chapters/ch22_the_levi_civita_connection/chapter.tex	325	PEDAGOGY-ENRICHED-VII	ACTIVE_KEEP	scripts/volume07/audit_pedagogy.py;scripts/volume07/enrich_hints.py	% PEDAGOGY-ENRICHED-VII	keep; active tooling references this marker family
VII	books/vol07_differential_geometry/chapters/ch22_the_levi_civita_connection/chapter.tex	337	PEDAGOGY-ENRICHED-VII	ACTIVE_KEEP	scripts/volume07/audit_pedagogy.py;scripts/volume07/enrich_hints.py	% PEDAGOGY-ENRICHED-VII	keep; active tooling references this marker family
VII	books/vol07_differential_geometry/chapters/ch22_the_levi_civita_connection/chapter.tex	349	PEDAGOGY-ENRICHED-VII	ACTIVE_KEEP	scripts/volume07/audit_pedagogy.py;scripts/volume07/enrich_hints.py	% PEDAGOGY-ENRICHED-VII	keep; active tooling references this marker family
VII	books/vol07_differential_geometry/chapters/ch22_the_levi_civita_connection/chapter.tex	361	PEDAGOGY-ENRICHED-VII	ACTIVE_KEEP	scripts/volume07/audit_pedagogy.py;scripts/volume07/enrich_hints.py	% PEDAGOGY-ENRICHED-VII	keep; active tooling references this marker family
VII	books/vol07_differential_geometry/chapters/ch22_the_levi_civita_connection/chapter.tex	373	PEDAGOGY-ENRICHED-VII	ACTIVE_KEEP	scripts/volume07/audit_pedagogy.py;scripts/volume07/enrich_hints.py	% PEDAGOGY-ENRICHED-VII	keep; active tooling references this marker family
VII	books/vol07_differential_geometry/chapters/ch22_the_levi_civita_connection/chapter.tex	385	PEDAGOGY-ENRICHED-VII	ACTIVE_KEEP	scripts/volume07/audit_pedagogy.py;scripts/volume07/enrich_hints.py	% PEDAGOGY-ENRICHED-VII	keep; active tooling references this marker family
VII	books/vol07_differential_geometry/chapters/ch22_the_levi_civita_connection/chapter.tex	397	PEDAGOGY-ENRICHED-VII	ACTIVE_KEEP	scripts/volume07/audit_pedagogy.py;scripts/volume07/enrich_hints.py	% PEDAGOGY-ENRICHED-VII	keep; active tooling references this marker family
VII	books/vol07_differential_geometry/chapters/ch22_the_levi_civita_connection/chapter.tex	409	PEDAGOGY-ENRICHED-VII	ACTIVE_KEEP	scripts/volume07/audit_pedagogy.py;scripts/volume07/enrich_hints.py	% PEDAGOGY-ENRICHED-VII	keep; active tooling references this marker family
VII	books/vol07_differential_geometry/chapters/ch22_the_levi_civita_connection/chapter.tex	421	PEDAGOGY-ENRICHED-VII	ACTIVE_KEEP	scripts/volume07/audit_pedagogy.py;scripts/volume07/enrich_hints.py	% PEDAGOGY-ENRICHED-VII	keep; active tooling references this marker family
VII	books/vol07_differential_geometry/chapters/ch22_the_levi_civita_connection/chapter.tex	433	PEDAGOGY-ENRICHED-VII	ACTIVE_KEEP	scripts/volume07/audit_pedagogy.py;scripts/volume07/enrich_hints.py	% PEDAGOGY-ENRICHED-VII	keep; active tooling references this marker family
VII	books/vol07_differential_geometry/chapters/ch22_the_levi_civita_connection/chapter.tex	445	PEDAGOGY-ENRICHED-VII	ACTIVE_KEEP	scripts/volume07/audit_pedagogy.py;scripts/volume07/enrich_hints.py	% PEDAGOGY-ENRICHED-VII	keep; active tooling references this marker family
VII	books/vol07_differential_geometry/chapters/ch22_the_levi_civita_connection/chapter.tex	457	PEDAGOGY-ENRICHED-VII	ACTIVE_KEEP	scripts/volume07/audit_pedagogy.py;scripts/volume07/enrich_hints.py	% PEDAGOGY-ENRICHED-VII	keep; active tooling references this marker family
VII	books/vol07_differential_geometry/chapters/ch22_the_levi_civita_connection/chapter.tex	469	PEDAGOGY-ENRICHED-VII	ACTIVE_KEEP	scripts/volume07/audit_pedagogy.py;scripts/volume07/enrich_hints.py	% PEDAGOGY-ENRICHED-VII	keep; active tooling references this marker family
VII	books/vol07_differential_geometry/chapters/ch22_the_levi_civita_connection/chapter.tex	481	PEDAGOGY-ENRICHED-VII	ACTIVE_KEEP	scripts/volume07/audit_pedagogy.py;scripts/volume07/enrich_hints.py	% PEDAGOGY-ENRICHED-VII	keep; active tooling references this marker family
VII	books/vol07_differential_geometry/chapters/ch22_the_levi_civita_connection/chapter.tex	493	PEDAGOGY-ENRICHED-VII	ACTIVE_KEEP	scripts/volume07/audit_pedagogy.py;scripts/volume07/enrich_hints.py	% PEDAGOGY-ENRICHED-VII	keep; active tooling references this marker family
VII	books/vol07_differential_geometry/chapters/ch22_the_levi_civita_connection/chapter.tex	505	PEDAGOGY-ENRICHED-VII	ACTIVE_KEEP	scripts/volume07/audit_pedagogy.py;scripts/volume07/enrich_hints.py	% PEDAGOGY-ENRICHED-VII	keep; active tooling references this marker family
VII	books/vol07_differential_geometry/chapters/ch22_the_levi_civita_connection/chapter.tex	517	PEDAGOGY-ENRICHED-VII	ACTIVE_KEEP	scripts/volume07/audit_pedagogy.py;scripts/volume07/enrich_hints.py	% PEDAGOGY-ENRICHED-VII	keep; active tooling references this marker family
VII	books/vol07_differential_geometry/chapters/ch22_the_levi_civita_connection/chapter.tex	529	PEDAGOGY-ENRICHED-VII	ACTIVE_KEEP	scripts/volume07/audit_pedagogy.py;scripts/volume07/enrich_hints.py	% PEDAGOGY-ENRICHED-VII	keep; active tooling references this marker family
VII	books/vol07_differential_geometry/chapters/ch22_the_levi_civita_connection/pedagogy_expansion.tex	1	VOL07-EXPANSION	ACTIVE_KEEP	scripts/volume07/audit_example_exercise_expansion.py;scripts/volume07/reconcile_example_exercise_evidence.py	% BEGIN VOL07-EXPANSION VII22	keep; active tooling references this marker family
VII	books/vol07_differential_geometry/chapters/ch22_the_levi_civita_connection/pedagogy_expansion.tex	222	VOL07-EXPANSION	ACTIVE_KEEP	scripts/volume07/audit_example_exercise_expansion.py;scripts/volume07/reconcile_example_exercise_evidence.py	% END VOL07-EXPANSION VII22	keep; active tooling references this marker family
VII	books/vol07_differential_geometry/chapters/ch23_geodesics/chapter.tex	288	PEDAGOGY-ENRICHED-VII	ACTIVE_KEEP	scripts/volume07/audit_pedagogy.py;scripts/volume07/enrich_hints.py	% PEDAGOGY-ENRICHED-VII	keep; active tooling references this marker family
VII	books/vol07_differential_geometry/chapters/ch23_geodesics/chapter.tex	300	PEDAGOGY-ENRICHED-VII	ACTIVE_KEEP	scripts/volume07/audit_pedagogy.py;scripts/volume07/enrich_hints.py	% PEDAGOGY-ENRICHED-VII	keep; active tooling references this marker family
VII	books/vol07_differential_geometry/chapters/ch23_geodesics/chapter.tex	312	PEDAGOGY-ENRICHED-VII	ACTIVE_KEEP	scripts/volume07/audit_pedagogy.py;scripts/volume07/enrich_hints.py	% PEDAGOGY-ENRICHED-VII	keep; active tooling references this marker family
VII	books/vol07_differential_geometry/chapters/ch23_geodesics/chapter.tex	324	PEDAGOGY-ENRICHED-VII	ACTIVE_KEEP	scripts/volume07/audit_pedagogy.py;scripts/volume07/enrich_hints.py	% PEDAGOGY-ENRICHED-VII	keep; active tooling references this marker family
VII	books/vol07_differential_geometry/chapters/ch23_geodesics/chapter.tex	336	PEDAGOGY-ENRICHED-VII	ACTIVE_KEEP	scripts/volume07/audit_pedagogy.py;scripts/volume07/enrich_hints.py	% PEDAGOGY-ENRICHED-VII	keep; active tooling references this marker family
VII	books/vol07_differential_geometry/chapters/ch23_geodesics/chapter.tex	348	PEDAGOGY-ENRICHED-VII	ACTIVE_KEEP	scripts/volume07/audit_pedagogy.py;scripts/volume07/enrich_hints.py	% PEDAGOGY-ENRICHED-VII	keep; active tooling references this marker family
VII	books/vol07_differential_geometry/chapters/ch23_geodesics/chapter.tex	360	PEDAGOGY-ENRICHED-VII	ACTIVE_KEEP	scripts/volume07/audit_pedagogy.py;scripts/volume07/enrich_hints.py	% PEDAGOGY-ENRICHED-VII	keep; active tooling references this marker family
VII	books/vol07_differential_geometry/chapters/ch23_geodesics/chapter.tex	372	PEDAGOGY-ENRICHED-VII	ACTIVE_KEEP	scripts/volume07/audit_pedagogy.py;scripts/volume07/enrich_hints.py	% PEDAGOGY-ENRICHED-VII	keep; active tooling references this marker family
VII	books/vol07_differential_geometry/chapters/ch23_geodesics/chapter.tex	384	PEDAGOGY-ENRICHED-VII	ACTIVE_KEEP	scripts/volume07/audit_pedagogy.py;scripts/volume07/enrich_hints.py	% PEDAGOGY-ENRICHED-VII	keep; active tooling references this marker family
VII	books/vol07_differential_geometry/chapters/ch23_geodesics/chapter.tex	396	PEDAGOGY-ENRICHED-VII	ACTIVE_KEEP	scripts/volume07/audit_pedagogy.py;scripts/volume07/enrich_hints.py	% PEDAGOGY-ENRICHED-VII	keep; active tooling references this marker family
VII	books/vol07_differential_geometry/chapters/ch23_geodesics/chapter.tex	408	PEDAGOGY-ENRICHED-VII	ACTIVE_KEEP	scripts/volume07/audit_pedagogy.py;scripts/volume07/enrich_hints.py	% PEDAGOGY-ENRICHED-VII	keep; active tooling references this marker family
VII	books/vol07_differential_geometry/chapters/ch23_geodesics/chapter.tex	420	PEDAGOGY-ENRICHED-VII	ACTIVE_KEEP	scripts/volume07/audit_pedagogy.py;scripts/volume07/enrich_hints.py	% PEDAGOGY-ENRICHED-VII	keep; active tooling references this marker family
VII	books/vol07_differential_geometry/chapters/ch23_geodesics/chapter.tex	432	PEDAGOGY-ENRICHED-VII	ACTIVE_KEEP	scripts/volume07/audit_pedagogy.py;scripts/volume07/enrich_hints.py	% PEDAGOGY-ENRICHED-VII	keep; active tooling references this marker family
VII	books/vol07_differential_geometry/chapters/ch23_geodesics/chapter.tex	444	PEDAGOGY-ENRICHED-VII	ACTIVE_KEEP	scripts/volume07/audit_pedagogy.py;scripts/volume07/enrich_hints.py	% PEDAGOGY-ENRICHED-VII	keep; active tooling references this marker family
VII	books/vol07_differential_geometry/chapters/ch23_geodesics/chapter.tex	456	PEDAGOGY-ENRICHED-VII	ACTIVE_KEEP	scripts/volume07/audit_pedagogy.py;scripts/volume07/enrich_hints.py	% PEDAGOGY-ENRICHED-VII	keep; active tooling references this marker family
VII	books/vol07_differential_geometry/chapters/ch23_geodesics/chapter.tex	468	PEDAGOGY-ENRICHED-VII	ACTIVE_KEEP	scripts/volume07/audit_pedagogy.py;scripts/volume07/enrich_hints.py	% PEDAGOGY-ENRICHED-VII	keep; active tooling references this marker family
VII	books/vol07_differential_geometry/chapters/ch23_geodesics/chapter.tex	480	PEDAGOGY-ENRICHED-VII	ACTIVE_KEEP	scripts/volume07/audit_pedagogy.py;scripts/volume07/enrich_hints.py	% PEDAGOGY-ENRICHED-VII	keep; active tooling references this marker family
VII	books/vol07_differential_geometry/chapters/ch23_geodesics/chapter.tex	492	PEDAGOGY-ENRICHED-VII	ACTIVE_KEEP	scripts/volume07/audit_pedagogy.py;scripts/volume07/enrich_hints.py	% PEDAGOGY-ENRICHED-VII	keep; active tooling references this marker family
VII	books/vol07_differential_geometry/chapters/ch23_geodesics/chapter.tex	504	PEDAGOGY-ENRICHED-VII	ACTIVE_KEEP	scripts/volume07/audit_pedagogy.py;scripts/volume07/enrich_hints.py	% PEDAGOGY-ENRICHED-VII	keep; active tooling references this marker family
VII	books/vol07_differential_geometry/chapters/ch23_geodesics/chapter.tex	516	PEDAGOGY-ENRICHED-VII	ACTIVE_KEEP	scripts/volume07/audit_pedagogy.py;scripts/volume07/enrich_hints.py	% PEDAGOGY-ENRICHED-VII	keep; active tooling references this marker family
VII	books/vol07_differential_geometry/chapters/ch23_geodesics/chapter.tex	528	PEDAGOGY-ENRICHED-VII	ACTIVE_KEEP	scripts/volume07/audit_pedagogy.py;scripts/volume07/enrich_hints.py	% PEDAGOGY-ENRICHED-VII	keep; active tooling references this marker family
VII	books/vol07_differential_geometry/chapters/ch23_geodesics/chapter.tex	540	PEDAGOGY-ENRICHED-VII	ACTIVE_KEEP	scripts/volume07/audit_pedagogy.py;scripts/volume07/enrich_hints.py	% PEDAGOGY-ENRICHED-VII	keep; active tooling references this marker family
VII	books/vol07_differential_geometry/chapters/ch23_geodesics/chapter.tex	552	PEDAGOGY-ENRICHED-VII	ACTIVE_KEEP	scripts/volume07/audit_pedagogy.py;scripts/volume07/enrich_hints.py	% PEDAGOGY-ENRICHED-VII	keep; active tooling references this marker family
VII	books/vol07_differential_geometry/chapters/ch23_geodesics/chapter.tex	564	PEDAGOGY-ENRICHED-VII	ACTIVE_KEEP	scripts/volume07/audit_pedagogy.py;scripts/volume07/enrich_hints.py	% PEDAGOGY-ENRICHED-VII	keep; active tooling references this marker family
VII	books/vol07_differential_geometry/chapters/ch23_geodesics/pedagogy_expansion.tex	1	VOL07-EXPANSION	ACTIVE_KEEP	scripts/volume07/audit_example_exercise_expansion.py;scripts/volume07/reconcile_example_exercise_evidence.py	% BEGIN VOL07-EXPANSION VII23	keep; active tooling references this marker family
VII	books/vol07_differential_geometry/chapters/ch23_geodesics/pedagogy_expansion.tex	222	VOL07-EXPANSION	ACTIVE_KEEP	scripts/volume07/audit_example_exercise_expansion.py;scripts/volume07/reconcile_example_exercise_evidence.py	% END VOL07-EXPANSION VII23	keep; active tooling references this marker family
VII	books/vol07_differential_geometry/chapters/ch24_parallel_transport/chapter.tex	254	PEDAGOGY-ENRICHED-VII	ACTIVE_KEEP	scripts/volume07/audit_pedagogy.py;scripts/volume07/enrich_hints.py	% PEDAGOGY-ENRICHED-VII	keep; active tooling references this marker family
VII	books/vol07_differential_geometry/chapters/ch24_parallel_transport/chapter.tex	266	PEDAGOGY-ENRICHED-VII	ACTIVE_KEEP	scripts/volume07/audit_pedagogy.py;scripts/volume07/enrich_hints.py	% PEDAGOGY-ENRICHED-VII	keep; active tooling references this marker family
VII	books/vol07_differential_geometry/chapters/ch24_parallel_transport/chapter.tex	278	PEDAGOGY-ENRICHED-VII	ACTIVE_KEEP	scripts/volume07/audit_pedagogy.py;scripts/volume07/enrich_hints.py	% PEDAGOGY-ENRICHED-VII	keep; active tooling references this marker family
VII	books/vol07_differential_geometry/chapters/ch24_parallel_transport/chapter.tex	290	PEDAGOGY-ENRICHED-VII	ACTIVE_KEEP	scripts/volume07/audit_pedagogy.py;scripts/volume07/enrich_hints.py	% PEDAGOGY-ENRICHED-VII	keep; active tooling references this marker family
VII	books/vol07_differential_geometry/chapters/ch24_parallel_transport/chapter.tex	302	PEDAGOGY-ENRICHED-VII	ACTIVE_KEEP	scripts/volume07/audit_pedagogy.py;scripts/volume07/enrich_hints.py	% PEDAGOGY-ENRICHED-VII	keep; active tooling references this marker family
VII	books/vol07_differential_geometry/chapters/ch24_parallel_transport/chapter.tex	314	PEDAGOGY-ENRICHED-VII	ACTIVE_KEEP	scripts/volume07/audit_pedagogy.py;scripts/volume07/enrich_hints.py	% PEDAGOGY-ENRICHED-VII	keep; active tooling references this marker family
VII	books/vol07_differential_geometry/chapters/ch24_parallel_transport/chapter.tex	326	PEDAGOGY-ENRICHED-VII	ACTIVE_KEEP	scripts/volume07/audit_pedagogy.py;scripts/volume07/enrich_hints.py	% PEDAGOGY-ENRICHED-VII	keep; active tooling references this marker family
VII	books/vol07_differential_geometry/chapters/ch24_parallel_transport/chapter.tex	338	PEDAGOGY-ENRICHED-VII	ACTIVE_KEEP	scripts/volume07/audit_pedagogy.py;scripts/volume07/enrich_hints.py	% PEDAGOGY-ENRICHED-VII	keep; active tooling references this marker family
VII	books/vol07_differential_geometry/chapters/ch24_parallel_transport/chapter.tex	350	PEDAGOGY-ENRICHED-VII	ACTIVE_KEEP	scripts/volume07/audit_pedagogy.py;scripts/volume07/enrich_hints.py	% PEDAGOGY-ENRICHED-VII	keep; active tooling references this marker family
VII	books/vol07_differential_geometry/chapters/ch24_parallel_transport/chapter.tex	362	PEDAGOGY-ENRICHED-VII	ACTIVE_KEEP	scripts/volume07/audit_pedagogy.py;scripts/volume07/enrich_hints.py	% PEDAGOGY-ENRICHED-VII	keep; active tooling references this marker family
VII	books/vol07_differential_geometry/chapters/ch24_parallel_transport/chapter.tex	374	PEDAGOGY-ENRICHED-VII	ACTIVE_KEEP	scripts/volume07/audit_pedagogy.py;scripts/volume07/enrich_hints.py	% PEDAGOGY-ENRICHED-VII	keep; active tooling references this marker family
VII	books/vol07_differential_geometry/chapters/ch24_parallel_transport/chapter.tex	386	PEDAGOGY-ENRICHED-VII	ACTIVE_KEEP	scripts/volume07/audit_pedagogy.py;scripts/volume07/enrich_hints.py	% PEDAGOGY-ENRICHED-VII	keep; active tooling references this marker family
VII	books/vol07_differential_geometry/chapters/ch24_parallel_transport/chapter.tex	398	PEDAGOGY-ENRICHED-VII	ACTIVE_KEEP	scripts/volume07/audit_pedagogy.py;scripts/volume07/enrich_hints.py	% PEDAGOGY-ENRICHED-VII	keep; active tooling references this marker family
VII	books/vol07_differential_geometry/chapters/ch24_parallel_transport/chapter.tex	410	PEDAGOGY-ENRICHED-VII	ACTIVE_KEEP	scripts/volume07/audit_pedagogy.py;scripts/volume07/enrich_hints.py	% PEDAGOGY-ENRICHED-VII	keep; active tooling references this marker family
VII	books/vol07_differential_geometry/chapters/ch24_parallel_transport/chapter.tex	422	PEDAGOGY-ENRICHED-VII	ACTIVE_KEEP	scripts/volume07/audit_pedagogy.py;scripts/volume07/enrich_hints.py	% PEDAGOGY-ENRICHED-VII	keep; active tooling references this marker family
VII	books/vol07_differential_geometry/chapters/ch24_parallel_transport/chapter.tex	434	PEDAGOGY-ENRICHED-VII	ACTIVE_KEEP	scripts/volume07/audit_pedagogy.py;scripts/volume07/enrich_hints.py	% PEDAGOGY-ENRICHED-VII	keep; active tooling references this marker family
VII	books/vol07_differential_geometry/chapters/ch24_parallel_transport/chapter.tex	446	PEDAGOGY-ENRICHED-VII	ACTIVE_KEEP	scripts/volume07/audit_pedagogy.py;scripts/volume07/enrich_hints.py	% PEDAGOGY-ENRICHED-VII	keep; active tooling references this marker family
VII	books/vol07_differential_geometry/chapters/ch24_parallel_transport/chapter.tex	458	PEDAGOGY-ENRICHED-VII	ACTIVE_KEEP	scripts/volume07/audit_pedagogy.py;scripts/volume07/enrich_hints.py	% PEDAGOGY-ENRICHED-VII	keep; active tooling references this marker family
VII	books/vol07_differential_geometry/chapters/ch24_parallel_transport/chapter.tex	470	PEDAGOGY-ENRICHED-VII	ACTIVE_KEEP	scripts/volume07/audit_pedagogy.py;scripts/volume07/enrich_hints.py	% PEDAGOGY-ENRICHED-VII	keep; active tooling references this marker family
VII	books/vol07_differential_geometry/chapters/ch24_parallel_transport/chapter.tex	482	PEDAGOGY-ENRICHED-VII	ACTIVE_KEEP	scripts/volume07/audit_pedagogy.py;scripts/volume07/enrich_hints.py	% PEDAGOGY-ENRICHED-VII	keep; active tooling references this marker family
VII	books/vol07_differential_geometry/chapters/ch24_parallel_transport/chapter.tex	494	PEDAGOGY-ENRICHED-VII	ACTIVE_KEEP	scripts/volume07/audit_pedagogy.py;scripts/volume07/enrich_hints.py	% PEDAGOGY-ENRICHED-VII	keep; active tooling references this marker family
VII	books/vol07_differential_geometry/chapters/ch24_parallel_transport/chapter.tex	506	PEDAGOGY-ENRICHED-VII	ACTIVE_KEEP	scripts/volume07/audit_pedagogy.py;scripts/volume07/enrich_hints.py	% PEDAGOGY-ENRICHED-VII	keep; active tooling references this marker family
VII	books/vol07_differential_geometry/chapters/ch24_parallel_transport/chapter.tex	518	PEDAGOGY-ENRICHED-VII	ACTIVE_KEEP	scripts/volume07/audit_pedagogy.py;scripts/volume07/enrich_hints.py	% PEDAGOGY-ENRICHED-VII	keep; active tooling references this marker family
VII	books/vol07_differential_geometry/chapters/ch24_parallel_transport/chapter.tex	530	PEDAGOGY-ENRICHED-VII	ACTIVE_KEEP	scripts/volume07/audit_pedagogy.py;scripts/volume07/enrich_hints.py	% PEDAGOGY-ENRICHED-VII	keep; active tooling references this marker family
VII	books/vol07_differential_geometry/chapters/ch24_parallel_transport/pedagogy_expansion.tex	1	VOL07-EXPANSION	ACTIVE_KEEP	scripts/volume07/audit_example_exercise_expansion.py;scripts/volume07/reconcile_example_exercise_evidence.py	% BEGIN VOL07-EXPANSION VII24	keep; active tooling references this marker family
VII	books/vol07_differential_geometry/chapters/ch24_parallel_transport/pedagogy_expansion.tex	222	VOL07-EXPANSION	ACTIVE_KEEP	scripts/volume07/audit_example_exercise_expansion.py;scripts/volume07/reconcile_example_exercise_evidence.py	% END VOL07-EXPANSION VII24	keep; active tooling references this marker family
VII	books/vol07_differential_geometry/chapters/ch25_holonomy/chapter.tex	320	PEDAGOGY-ENRICHED-VII	ACTIVE_KEEP	scripts/volume07/audit_pedagogy.py;scripts/volume07/enrich_hints.py	% PEDAGOGY-ENRICHED-VII	keep; active tooling references this marker family
VII	books/vol07_differential_geometry/chapters/ch25_holonomy/chapter.tex	332	PEDAGOGY-ENRICHED-VII	ACTIVE_KEEP	scripts/volume07/audit_pedagogy.py;scripts/volume07/enrich_hints.py	% PEDAGOGY-ENRICHED-VII	keep; active tooling references this marker family
VII	books/vol07_differential_geometry/chapters/ch25_holonomy/chapter.tex	344	PEDAGOGY-ENRICHED-VII	ACTIVE_KEEP	scripts/volume07/audit_pedagogy.py;scripts/volume07/enrich_hints.py	% PEDAGOGY-ENRICHED-VII	keep; active tooling references this marker family
VII	books/vol07_differential_geometry/chapters/ch25_holonomy/chapter.tex	356	PEDAGOGY-ENRICHED-VII	ACTIVE_KEEP	scripts/volume07/audit_pedagogy.py;scripts/volume07/enrich_hints.py	% PEDAGOGY-ENRICHED-VII	keep; active tooling references this marker family
VII	books/vol07_differential_geometry/chapters/ch25_holonomy/chapter.tex	368	PEDAGOGY-ENRICHED-VII	ACTIVE_KEEP	scripts/volume07/audit_pedagogy.py;scripts/volume07/enrich_hints.py	% PEDAGOGY-ENRICHED-VII	keep; active tooling references this marker family
VII	books/vol07_differential_geometry/chapters/ch25_holonomy/chapter.tex	380	PEDAGOGY-ENRICHED-VII	ACTIVE_KEEP	scripts/volume07/audit_pedagogy.py;scripts/volume07/enrich_hints.py	% PEDAGOGY-ENRICHED-VII	keep; active tooling references this marker family
VII	books/vol07_differential_geometry/chapters/ch25_holonomy/chapter.tex	392	PEDAGOGY-ENRICHED-VII	ACTIVE_KEEP	scripts/volume07/audit_pedagogy.py;scripts/volume07/enrich_hints.py	% PEDAGOGY-ENRICHED-VII	keep; active tooling references this marker family
VII	books/vol07_differential_geometry/chapters/ch25_holonomy/chapter.tex	404	PEDAGOGY-ENRICHED-VII	ACTIVE_KEEP	scripts/volume07/audit_pedagogy.py;scripts/volume07/enrich_hints.py	% PEDAGOGY-ENRICHED-VII	keep; active tooling references this marker family
VII	books/vol07_differential_geometry/chapters/ch25_holonomy/chapter.tex	416	PEDAGOGY-ENRICHED-VII	ACTIVE_KEEP	scripts/volume07/audit_pedagogy.py;scripts/volume07/enrich_hints.py	% PEDAGOGY-ENRICHED-VII	keep; active tooling references this marker family
VII	books/vol07_differential_geometry/chapters/ch25_holonomy/chapter.tex	428	PEDAGOGY-ENRICHED-VII	ACTIVE_KEEP	scripts/volume07/audit_pedagogy.py;scripts/volume07/enrich_hints.py	% PEDAGOGY-ENRICHED-VII	keep; active tooling references this marker family
VII	books/vol07_differential_geometry/chapters/ch25_holonomy/chapter.tex	440	PEDAGOGY-ENRICHED-VII	ACTIVE_KEEP	scripts/volume07/audit_pedagogy.py;scripts/volume07/enrich_hints.py	% PEDAGOGY-ENRICHED-VII	keep; active tooling references this marker family
VII	books/vol07_differential_geometry/chapters/ch25_holonomy/chapter.tex	452	PEDAGOGY-ENRICHED-VII	ACTIVE_KEEP	scripts/volume07/audit_pedagogy.py;scripts/volume07/enrich_hints.py	% PEDAGOGY-ENRICHED-VII	keep; active tooling references this marker family
VII	books/vol07_differential_geometry/chapters/ch25_holonomy/chapter.tex	464	PEDAGOGY-ENRICHED-VII	ACTIVE_KEEP	scripts/volume07/audit_pedagogy.py;scripts/volume07/enrich_hints.py	% PEDAGOGY-ENRICHED-VII	keep; active tooling references this marker family
VII	books/vol07_differential_geometry/chapters/ch25_holonomy/chapter.tex	476	PEDAGOGY-ENRICHED-VII	ACTIVE_KEEP	scripts/volume07/audit_pedagogy.py;scripts/volume07/enrich_hints.py	% PEDAGOGY-ENRICHED-VII	keep; active tooling references this marker family
VII	books/vol07_differential_geometry/chapters/ch25_holonomy/chapter.tex	488	PEDAGOGY-ENRICHED-VII	ACTIVE_KEEP	scripts/volume07/audit_pedagogy.py;scripts/volume07/enrich_hints.py	% PEDAGOGY-ENRICHED-VII	keep; active tooling references this marker family
VII	books/vol07_differential_geometry/chapters/ch25_holonomy/chapter.tex	500	PEDAGOGY-ENRICHED-VII	ACTIVE_KEEP	scripts/volume07/audit_pedagogy.py;scripts/volume07/enrich_hints.py	% PEDAGOGY-ENRICHED-VII	keep; active tooling references this marker family
VII	books/vol07_differential_geometry/chapters/ch25_holonomy/chapter.tex	512	PEDAGOGY-ENRICHED-VII	ACTIVE_KEEP	scripts/volume07/audit_pedagogy.py;scripts/volume07/enrich_hints.py	% PEDAGOGY-ENRICHED-VII	keep; active tooling references this marker family
VII	books/vol07_differential_geometry/chapters/ch25_holonomy/chapter.tex	524	PEDAGOGY-ENRICHED-VII	ACTIVE_KEEP	scripts/volume07/audit_pedagogy.py;scripts/volume07/enrich_hints.py	% PEDAGOGY-ENRICHED-VII	keep; active tooling references this marker family
VII	books/vol07_differential_geometry/chapters/ch25_holonomy/chapter.tex	536	PEDAGOGY-ENRICHED-VII	ACTIVE_KEEP	scripts/volume07/audit_pedagogy.py;scripts/volume07/enrich_hints.py	% PEDAGOGY-ENRICHED-VII	keep; active tooling references this marker family
VII	books/vol07_differential_geometry/chapters/ch25_holonomy/chapter.tex	548	PEDAGOGY-ENRICHED-VII	ACTIVE_KEEP	scripts/volume07/audit_pedagogy.py;scripts/volume07/enrich_hints.py	% PEDAGOGY-ENRICHED-VII	keep; active tooling references this marker family
VII	books/vol07_differential_geometry/chapters/ch25_holonomy/chapter.tex	560	PEDAGOGY-ENRICHED-VII	ACTIVE_KEEP	scripts/volume07/audit_pedagogy.py;scripts/volume07/enrich_hints.py	% PEDAGOGY-ENRICHED-VII	keep; active tooling references this marker family
VII	books/vol07_differential_geometry/chapters/ch25_holonomy/chapter.tex	572	PEDAGOGY-ENRICHED-VII	ACTIVE_KEEP	scripts/volume07/audit_pedagogy.py;scripts/volume07/enrich_hints.py	% PEDAGOGY-ENRICHED-VII	keep; active tooling references this marker family
VII	books/vol07_differential_geometry/chapters/ch25_holonomy/chapter.tex	584	PEDAGOGY-ENRICHED-VII	ACTIVE_KEEP	scripts/volume07/audit_pedagogy.py;scripts/volume07/enrich_hints.py	% PEDAGOGY-ENRICHED-VII	keep; active tooling references this marker family
VII	books/vol07_differential_geometry/chapters/ch25_holonomy/chapter.tex	596	PEDAGOGY-ENRICHED-VII	ACTIVE_KEEP	scripts/volume07/audit_pedagogy.py;scripts/volume07/enrich_hints.py	% PEDAGOGY-ENRICHED-VII	keep; active tooling references this marker family
VII	books/vol07_differential_geometry/chapters/ch25_holonomy/pedagogy_expansion.tex	1	VOL07-EXPANSION	ACTIVE_KEEP	scripts/volume07/audit_example_exercise_expansion.py;scripts/volume07/reconcile_example_exercise_evidence.py	% BEGIN VOL07-EXPANSION VII25	keep; active tooling references this marker family
VII	books/vol07_differential_geometry/chapters/ch25_holonomy/pedagogy_expansion.tex	222	VOL07-EXPANSION	ACTIVE_KEEP	scripts/volume07/audit_example_exercise_expansion.py;scripts/volume07/reconcile_example_exercise_evidence.py	% END VOL07-EXPANSION VII25	keep; active tooling references this marker family
VII	books/vol07_differential_geometry/chapters/ch26_the_riemann_curvature_tensor/chapter.tex	280	PEDAGOGY-ENRICHED-VII	ACTIVE_KEEP	scripts/volume07/audit_pedagogy.py;scripts/volume07/enrich_hints.py	% PEDAGOGY-ENRICHED-VII	keep; active tooling references this marker family
VII	books/vol07_differential_geometry/chapters/ch26_the_riemann_curvature_tensor/chapter.tex	291	PEDAGOGY-ENRICHED-VII	ACTIVE_KEEP	scripts/volume07/audit_pedagogy.py;scripts/volume07/enrich_hints.py	% PEDAGOGY-ENRICHED-VII	keep; active tooling references this marker family
VII	books/vol07_differential_geometry/chapters/ch26_the_riemann_curvature_tensor/chapter.tex	302	PEDAGOGY-ENRICHED-VII	ACTIVE_KEEP	scripts/volume07/audit_pedagogy.py;scripts/volume07/enrich_hints.py	% PEDAGOGY-ENRICHED-VII	keep; active tooling references this marker family
VII	books/vol07_differential_geometry/chapters/ch26_the_riemann_curvature_tensor/chapter.tex	313	PEDAGOGY-ENRICHED-VII	ACTIVE_KEEP	scripts/volume07/audit_pedagogy.py;scripts/volume07/enrich_hints.py	% PEDAGOGY-ENRICHED-VII	keep; active tooling references this marker family
VII	books/vol07_differential_geometry/chapters/ch26_the_riemann_curvature_tensor/chapter.tex	324	PEDAGOGY-ENRICHED-VII	ACTIVE_KEEP	scripts/volume07/audit_pedagogy.py;scripts/volume07/enrich_hints.py	% PEDAGOGY-ENRICHED-VII	keep; active tooling references this marker family
VII	books/vol07_differential_geometry/chapters/ch26_the_riemann_curvature_tensor/chapter.tex	335	PEDAGOGY-ENRICHED-VII	ACTIVE_KEEP	scripts/volume07/audit_pedagogy.py;scripts/volume07/enrich_hints.py	% PEDAGOGY-ENRICHED-VII	keep; active tooling references this marker family
VII	books/vol07_differential_geometry/chapters/ch26_the_riemann_curvature_tensor/chapter.tex	346	PEDAGOGY-ENRICHED-VII	ACTIVE_KEEP	scripts/volume07/audit_pedagogy.py;scripts/volume07/enrich_hints.py	% PEDAGOGY-ENRICHED-VII	keep; active tooling references this marker family
VII	books/vol07_differential_geometry/chapters/ch26_the_riemann_curvature_tensor/chapter.tex	357	PEDAGOGY-ENRICHED-VII	ACTIVE_KEEP	scripts/volume07/audit_pedagogy.py;scripts/volume07/enrich_hints.py	% PEDAGOGY-ENRICHED-VII	keep; active tooling references this marker family
VII	books/vol07_differential_geometry/chapters/ch26_the_riemann_curvature_tensor/chapter.tex	368	PEDAGOGY-ENRICHED-VII	ACTIVE_KEEP	scripts/volume07/audit_pedagogy.py;scripts/volume07/enrich_hints.py	% PEDAGOGY-ENRICHED-VII	keep; active tooling references this marker family
VII	books/vol07_differential_geometry/chapters/ch26_the_riemann_curvature_tensor/chapter.tex	379	PEDAGOGY-ENRICHED-VII	ACTIVE_KEEP	scripts/volume07/audit_pedagogy.py;scripts/volume07/enrich_hints.py	% PEDAGOGY-ENRICHED-VII	keep; active tooling references this marker family
VII	books/vol07_differential_geometry/chapters/ch26_the_riemann_curvature_tensor/chapter.tex	390	PEDAGOGY-ENRICHED-VII	ACTIVE_KEEP	scripts/volume07/audit_pedagogy.py;scripts/volume07/enrich_hints.py	% PEDAGOGY-ENRICHED-VII	keep; active tooling references this marker family
VII	books/vol07_differential_geometry/chapters/ch26_the_riemann_curvature_tensor/chapter.tex	401	PEDAGOGY-ENRICHED-VII	ACTIVE_KEEP	scripts/volume07/audit_pedagogy.py;scripts/volume07/enrich_hints.py	% PEDAGOGY-ENRICHED-VII	keep; active tooling references this marker family
VII	books/vol07_differential_geometry/chapters/ch26_the_riemann_curvature_tensor/chapter.tex	412	PEDAGOGY-ENRICHED-VII	ACTIVE_KEEP	scripts/volume07/audit_pedagogy.py;scripts/volume07/enrich_hints.py	% PEDAGOGY-ENRICHED-VII	keep; active tooling references this marker family
VII	books/vol07_differential_geometry/chapters/ch26_the_riemann_curvature_tensor/chapter.tex	423	PEDAGOGY-ENRICHED-VII	ACTIVE_KEEP	scripts/volume07/audit_pedagogy.py;scripts/volume07/enrich_hints.py	% PEDAGOGY-ENRICHED-VII	keep; active tooling references this marker family
VII	books/vol07_differential_geometry/chapters/ch26_the_riemann_curvature_tensor/chapter.tex	434	PEDAGOGY-ENRICHED-VII	ACTIVE_KEEP	scripts/volume07/audit_pedagogy.py;scripts/volume07/enrich_hints.py	% PEDAGOGY-ENRICHED-VII	keep; active tooling references this marker family
VII	books/vol07_differential_geometry/chapters/ch26_the_riemann_curvature_tensor/chapter.tex	445	PEDAGOGY-ENRICHED-VII	ACTIVE_KEEP	scripts/volume07/audit_pedagogy.py;scripts/volume07/enrich_hints.py	% PEDAGOGY-ENRICHED-VII	keep; active tooling references this marker family
VII	books/vol07_differential_geometry/chapters/ch26_the_riemann_curvature_tensor/chapter.tex	456	PEDAGOGY-ENRICHED-VII	ACTIVE_KEEP	scripts/volume07/audit_pedagogy.py;scripts/volume07/enrich_hints.py	% PEDAGOGY-ENRICHED-VII	keep; active tooling references this marker family
VII	books/vol07_differential_geometry/chapters/ch26_the_riemann_curvature_tensor/chapter.tex	467	PEDAGOGY-ENRICHED-VII	ACTIVE_KEEP	scripts/volume07/audit_pedagogy.py;scripts/volume07/enrich_hints.py	% PEDAGOGY-ENRICHED-VII	keep; active tooling references this marker family
VII	books/vol07_differential_geometry/chapters/ch26_the_riemann_curvature_tensor/chapter.tex	478	PEDAGOGY-ENRICHED-VII	ACTIVE_KEEP	scripts/volume07/audit_pedagogy.py;scripts/volume07/enrich_hints.py	% PEDAGOGY-ENRICHED-VII	keep; active tooling references this marker family
VII	books/vol07_differential_geometry/chapters/ch26_the_riemann_curvature_tensor/chapter.tex	489	PEDAGOGY-ENRICHED-VII	ACTIVE_KEEP	scripts/volume07/audit_pedagogy.py;scripts/volume07/enrich_hints.py	% PEDAGOGY-ENRICHED-VII	keep; active tooling references this marker family
VII	books/vol07_differential_geometry/chapters/ch26_the_riemann_curvature_tensor/chapter.tex	500	PEDAGOGY-ENRICHED-VII	ACTIVE_KEEP	scripts/volume07/audit_pedagogy.py;scripts/volume07/enrich_hints.py	% PEDAGOGY-ENRICHED-VII	keep; active tooling references this marker family
VII	books/vol07_differential_geometry/chapters/ch26_the_riemann_curvature_tensor/chapter.tex	511	PEDAGOGY-ENRICHED-VII	ACTIVE_KEEP	scripts/volume07/audit_pedagogy.py;scripts/volume07/enrich_hints.py	% PEDAGOGY-ENRICHED-VII	keep; active tooling references this marker family
VII	books/vol07_differential_geometry/chapters/ch26_the_riemann_curvature_tensor/chapter.tex	522	PEDAGOGY-ENRICHED-VII	ACTIVE_KEEP	scripts/volume07/audit_pedagogy.py;scripts/volume07/enrich_hints.py	% PEDAGOGY-ENRICHED-VII	keep; active tooling references this marker family
VII	books/vol07_differential_geometry/chapters/ch26_the_riemann_curvature_tensor/chapter.tex	533	PEDAGOGY-ENRICHED-VII	ACTIVE_KEEP	scripts/volume07/audit_pedagogy.py;scripts/volume07/enrich_hints.py	% PEDAGOGY-ENRICHED-VII	keep; active tooling references this marker family
VII	books/vol07_differential_geometry/chapters/ch26_the_riemann_curvature_tensor/pedagogy_expansion.tex	1	VOL07-EXPANSION	ACTIVE_KEEP	scripts/volume07/audit_example_exercise_expansion.py;scripts/volume07/reconcile_example_exercise_evidence.py	% BEGIN VOL07-EXPANSION VII26	keep; active tooling references this marker family
VII	books/vol07_differential_geometry/chapters/ch26_the_riemann_curvature_tensor/pedagogy_expansion.tex	222	VOL07-EXPANSION	ACTIVE_KEEP	scripts/volume07/audit_example_exercise_expansion.py;scripts/volume07/reconcile_example_exercise_evidence.py	% END VOL07-EXPANSION VII26	keep; active tooling references this marker family
VII	books/vol07_differential_geometry/chapters/ch27_ricci_and_scalar_curvature/chapter.tex	240	PEDAGOGY-ENRICHED-VII	ACTIVE_KEEP	scripts/volume07/audit_pedagogy.py;scripts/volume07/enrich_hints.py	% PEDAGOGY-ENRICHED-VII	keep; active tooling references this marker family
VII	books/vol07_differential_geometry/chapters/ch27_ricci_and_scalar_curvature/chapter.tex	251	PEDAGOGY-ENRICHED-VII	ACTIVE_KEEP	scripts/volume07/audit_pedagogy.py;scripts/volume07/enrich_hints.py	% PEDAGOGY-ENRICHED-VII	keep; active tooling references this marker family
VII	books/vol07_differential_geometry/chapters/ch27_ricci_and_scalar_curvature/chapter.tex	262	PEDAGOGY-ENRICHED-VII	ACTIVE_KEEP	scripts/volume07/audit_pedagogy.py;scripts/volume07/enrich_hints.py	% PEDAGOGY-ENRICHED-VII	keep; active tooling references this marker family
VII	books/vol07_differential_geometry/chapters/ch27_ricci_and_scalar_curvature/chapter.tex	273	PEDAGOGY-ENRICHED-VII	ACTIVE_KEEP	scripts/volume07/audit_pedagogy.py;scripts/volume07/enrich_hints.py	% PEDAGOGY-ENRICHED-VII	keep; active tooling references this marker family
VII	books/vol07_differential_geometry/chapters/ch27_ricci_and_scalar_curvature/chapter.tex	284	PEDAGOGY-ENRICHED-VII	ACTIVE_KEEP	scripts/volume07/audit_pedagogy.py;scripts/volume07/enrich_hints.py	% PEDAGOGY-ENRICHED-VII	keep; active tooling references this marker family
VII	books/vol07_differential_geometry/chapters/ch27_ricci_and_scalar_curvature/chapter.tex	295	PEDAGOGY-ENRICHED-VII	ACTIVE_KEEP	scripts/volume07/audit_pedagogy.py;scripts/volume07/enrich_hints.py	% PEDAGOGY-ENRICHED-VII	keep; active tooling references this marker family
VII	books/vol07_differential_geometry/chapters/ch27_ricci_and_scalar_curvature/chapter.tex	306	PEDAGOGY-ENRICHED-VII	ACTIVE_KEEP	scripts/volume07/audit_pedagogy.py;scripts/volume07/enrich_hints.py	% PEDAGOGY-ENRICHED-VII	keep; active tooling references this marker family
VII	books/vol07_differential_geometry/chapters/ch27_ricci_and_scalar_curvature/chapter.tex	317	PEDAGOGY-ENRICHED-VII	ACTIVE_KEEP	scripts/volume07/audit_pedagogy.py;scripts/volume07/enrich_hints.py	% PEDAGOGY-ENRICHED-VII	keep; active tooling references this marker family
VII	books/vol07_differential_geometry/chapters/ch27_ricci_and_scalar_curvature/chapter.tex	328	PEDAGOGY-ENRICHED-VII	ACTIVE_KEEP	scripts/volume07/audit_pedagogy.py;scripts/volume07/enrich_hints.py	% PEDAGOGY-ENRICHED-VII	keep; active tooling references this marker family
VII	books/vol07_differential_geometry/chapters/ch27_ricci_and_scalar_curvature/chapter.tex	339	PEDAGOGY-ENRICHED-VII	ACTIVE_KEEP	scripts/volume07/audit_pedagogy.py;scripts/volume07/enrich_hints.py	% PEDAGOGY-ENRICHED-VII	keep; active tooling references this marker family
VII	books/vol07_differential_geometry/chapters/ch27_ricci_and_scalar_curvature/chapter.tex	350	PEDAGOGY-ENRICHED-VII	ACTIVE_KEEP	scripts/volume07/audit_pedagogy.py;scripts/volume07/enrich_hints.py	% PEDAGOGY-ENRICHED-VII	keep; active tooling references this marker family
VII	books/vol07_differential_geometry/chapters/ch27_ricci_and_scalar_curvature/chapter.tex	361	PEDAGOGY-ENRICHED-VII	ACTIVE_KEEP	scripts/volume07/audit_pedagogy.py;scripts/volume07/enrich_hints.py	% PEDAGOGY-ENRICHED-VII	keep; active tooling references this marker family
VII	books/vol07_differential_geometry/chapters/ch27_ricci_and_scalar_curvature/chapter.tex	372	PEDAGOGY-ENRICHED-VII	ACTIVE_KEEP	scripts/volume07/audit_pedagogy.py;scripts/volume07/enrich_hints.py	% PEDAGOGY-ENRICHED-VII	keep; active tooling references this marker family
VII	books/vol07_differential_geometry/chapters/ch27_ricci_and_scalar_curvature/chapter.tex	383	PEDAGOGY-ENRICHED-VII	ACTIVE_KEEP	scripts/volume07/audit_pedagogy.py;scripts/volume07/enrich_hints.py	% PEDAGOGY-ENRICHED-VII	keep; active tooling references this marker family
VII	books/vol07_differential_geometry/chapters/ch27_ricci_and_scalar_curvature/chapter.tex	394	PEDAGOGY-ENRICHED-VII	ACTIVE_KEEP	scripts/volume07/audit_pedagogy.py;scripts/volume07/enrich_hints.py	% PEDAGOGY-ENRICHED-VII	keep; active tooling references this marker family
VII	books/vol07_differential_geometry/chapters/ch27_ricci_and_scalar_curvature/chapter.tex	405	PEDAGOGY-ENRICHED-VII	ACTIVE_KEEP	scripts/volume07/audit_pedagogy.py;scripts/volume07/enrich_hints.py	% PEDAGOGY-ENRICHED-VII	keep; active tooling references this marker family
VII	books/vol07_differential_geometry/chapters/ch27_ricci_and_scalar_curvature/chapter.tex	416	PEDAGOGY-ENRICHED-VII	ACTIVE_KEEP	scripts/volume07/audit_pedagogy.py;scripts/volume07/enrich_hints.py	% PEDAGOGY-ENRICHED-VII	keep; active tooling references this marker family
VII	books/vol07_differential_geometry/chapters/ch27_ricci_and_scalar_curvature/chapter.tex	427	PEDAGOGY-ENRICHED-VII	ACTIVE_KEEP	scripts/volume07/audit_pedagogy.py;scripts/volume07/enrich_hints.py	% PEDAGOGY-ENRICHED-VII	keep; active tooling references this marker family
VII	books/vol07_differential_geometry/chapters/ch27_ricci_and_scalar_curvature/chapter.tex	438	PEDAGOGY-ENRICHED-VII	ACTIVE_KEEP	scripts/volume07/audit_pedagogy.py;scripts/volume07/enrich_hints.py	% PEDAGOGY-ENRICHED-VII	keep; active tooling references this marker family
VII	books/vol07_differential_geometry/chapters/ch27_ricci_and_scalar_curvature/chapter.tex	449	PEDAGOGY-ENRICHED-VII	ACTIVE_KEEP	scripts/volume07/audit_pedagogy.py;scripts/volume07/enrich_hints.py	% PEDAGOGY-ENRICHED-VII	keep; active tooling references this marker family
VII	books/vol07_differential_geometry/chapters/ch27_ricci_and_scalar_curvature/chapter.tex	460	PEDAGOGY-ENRICHED-VII	ACTIVE_KEEP	scripts/volume07/audit_pedagogy.py;scripts/volume07/enrich_hints.py	% PEDAGOGY-ENRICHED-VII	keep; active tooling references this marker family
VII	books/vol07_differential_geometry/chapters/ch27_ricci_and_scalar_curvature/chapter.tex	471	PEDAGOGY-ENRICHED-VII	ACTIVE_KEEP	scripts/volume07/audit_pedagogy.py;scripts/volume07/enrich_hints.py	% PEDAGOGY-ENRICHED-VII	keep; active tooling references this marker family
VII	books/vol07_differential_geometry/chapters/ch27_ricci_and_scalar_curvature/chapter.tex	482	PEDAGOGY-ENRICHED-VII	ACTIVE_KEEP	scripts/volume07/audit_pedagogy.py;scripts/volume07/enrich_hints.py	% PEDAGOGY-ENRICHED-VII	keep; active tooling references this marker family
VII	books/vol07_differential_geometry/chapters/ch27_ricci_and_scalar_curvature/chapter.tex	493	PEDAGOGY-ENRICHED-VII	ACTIVE_KEEP	scripts/volume07/audit_pedagogy.py;scripts/volume07/enrich_hints.py	% PEDAGOGY-ENRICHED-VII	keep; active tooling references this marker family
VII	books/vol07_differential_geometry/chapters/ch27_ricci_and_scalar_curvature/pedagogy_expansion.tex	1	VOL07-EXPANSION	ACTIVE_KEEP	scripts/volume07/audit_example_exercise_expansion.py;scripts/volume07/reconcile_example_exercise_evidence.py	% BEGIN VOL07-EXPANSION VII27	keep; active tooling references this marker family
VII	books/vol07_differential_geometry/chapters/ch27_ricci_and_scalar_curvature/pedagogy_expansion.tex	222	VOL07-EXPANSION	ACTIVE_KEEP	scripts/volume07/audit_example_exercise_expansion.py;scripts/volume07/reconcile_example_exercise_evidence.py	% END VOL07-EXPANSION VII27	keep; active tooling references this marker family
VII	books/vol07_differential_geometry/chapters/ch28_weyl_curvature/chapter.tex	225	PEDAGOGY-ENRICHED-VII	ACTIVE_KEEP	scripts/volume07/audit_pedagogy.py;scripts/volume07/enrich_hints.py	% PEDAGOGY-ENRICHED-VII	keep; active tooling references this marker family
VII	books/vol07_differential_geometry/chapters/ch28_weyl_curvature/chapter.tex	236	PEDAGOGY-ENRICHED-VII	ACTIVE_KEEP	scripts/volume07/audit_pedagogy.py;scripts/volume07/enrich_hints.py	% PEDAGOGY-ENRICHED-VII	keep; active tooling references this marker family
VII	books/vol07_differential_geometry/chapters/ch28_weyl_curvature/chapter.tex	247	PEDAGOGY-ENRICHED-VII	ACTIVE_KEEP	scripts/volume07/audit_pedagogy.py;scripts/volume07/enrich_hints.py	% PEDAGOGY-ENRICHED-VII	keep; active tooling references this marker family
VII	books/vol07_differential_geometry/chapters/ch28_weyl_curvature/chapter.tex	258	PEDAGOGY-ENRICHED-VII	ACTIVE_KEEP	scripts/volume07/audit_pedagogy.py;scripts/volume07/enrich_hints.py	% PEDAGOGY-ENRICHED-VII	keep; active tooling references this marker family
VII	books/vol07_differential_geometry/chapters/ch28_weyl_curvature/chapter.tex	269	PEDAGOGY-ENRICHED-VII	ACTIVE_KEEP	scripts/volume07/audit_pedagogy.py;scripts/volume07/enrich_hints.py	% PEDAGOGY-ENRICHED-VII	keep; active tooling references this marker family
VII	books/vol07_differential_geometry/chapters/ch28_weyl_curvature/chapter.tex	280	PEDAGOGY-ENRICHED-VII	ACTIVE_KEEP	scripts/volume07/audit_pedagogy.py;scripts/volume07/enrich_hints.py	% PEDAGOGY-ENRICHED-VII	keep; active tooling references this marker family
VII	books/vol07_differential_geometry/chapters/ch28_weyl_curvature/chapter.tex	291	PEDAGOGY-ENRICHED-VII	ACTIVE_KEEP	scripts/volume07/audit_pedagogy.py;scripts/volume07/enrich_hints.py	% PEDAGOGY-ENRICHED-VII	keep; active tooling references this marker family
VII	books/vol07_differential_geometry/chapters/ch28_weyl_curvature/chapter.tex	302	PEDAGOGY-ENRICHED-VII	ACTIVE_KEEP	scripts/volume07/audit_pedagogy.py;scripts/volume07/enrich_hints.py	% PEDAGOGY-ENRICHED-VII	keep; active tooling references this marker family
VII	books/vol07_differential_geometry/chapters/ch28_weyl_curvature/chapter.tex	313	PEDAGOGY-ENRICHED-VII	ACTIVE_KEEP	scripts/volume07/audit_pedagogy.py;scripts/volume07/enrich_hints.py	% PEDAGOGY-ENRICHED-VII	keep; active tooling references this marker family
VII	books/vol07_differential_geometry/chapters/ch28_weyl_curvature/chapter.tex	324	PEDAGOGY-ENRICHED-VII	ACTIVE_KEEP	scripts/volume07/audit_pedagogy.py;scripts/volume07/enrich_hints.py	% PEDAGOGY-ENRICHED-VII	keep; active tooling references this marker family
VII	books/vol07_differential_geometry/chapters/ch28_weyl_curvature/chapter.tex	335	PEDAGOGY-ENRICHED-VII	ACTIVE_KEEP	scripts/volume07/audit_pedagogy.py;scripts/volume07/enrich_hints.py	% PEDAGOGY-ENRICHED-VII	keep; active tooling references this marker family
VII	books/vol07_differential_geometry/chapters/ch28_weyl_curvature/chapter.tex	346	PEDAGOGY-ENRICHED-VII	ACTIVE_KEEP	scripts/volume07/audit_pedagogy.py;scripts/volume07/enrich_hints.py	% PEDAGOGY-ENRICHED-VII	keep; active tooling references this marker family
VII	books/vol07_differential_geometry/chapters/ch28_weyl_curvature/chapter.tex	357	PEDAGOGY-ENRICHED-VII	ACTIVE_KEEP	scripts/volume07/audit_pedagogy.py;scripts/volume07/enrich_hints.py	% PEDAGOGY-ENRICHED-VII	keep; active tooling references this marker family
VII	books/vol07_differential_geometry/chapters/ch28_weyl_curvature/chapter.tex	368	PEDAGOGY-ENRICHED-VII	ACTIVE_KEEP	scripts/volume07/audit_pedagogy.py;scripts/volume07/enrich_hints.py	% PEDAGOGY-ENRICHED-VII	keep; active tooling references this marker family
VII	books/vol07_differential_geometry/chapters/ch28_weyl_curvature/chapter.tex	379	PEDAGOGY-ENRICHED-VII	ACTIVE_KEEP	scripts/volume07/audit_pedagogy.py;scripts/volume07/enrich_hints.py	% PEDAGOGY-ENRICHED-VII	keep; active tooling references this marker family
VII	books/vol07_differential_geometry/chapters/ch28_weyl_curvature/chapter.tex	390	PEDAGOGY-ENRICHED-VII	ACTIVE_KEEP	scripts/volume07/audit_pedagogy.py;scripts/volume07/enrich_hints.py	% PEDAGOGY-ENRICHED-VII	keep; active tooling references this marker family
VII	books/vol07_differential_geometry/chapters/ch28_weyl_curvature/chapter.tex	401	PEDAGOGY-ENRICHED-VII	ACTIVE_KEEP	scripts/volume07/audit_pedagogy.py;scripts/volume07/enrich_hints.py	% PEDAGOGY-ENRICHED-VII	keep; active tooling references this marker family
VII	books/vol07_differential_geometry/chapters/ch28_weyl_curvature/chapter.tex	412	PEDAGOGY-ENRICHED-VII	ACTIVE_KEEP	scripts/volume07/audit_pedagogy.py;scripts/volume07/enrich_hints.py	% PEDAGOGY-ENRICHED-VII	keep; active tooling references this marker family
VII	books/vol07_differential_geometry/chapters/ch28_weyl_curvature/chapter.tex	423	PEDAGOGY-ENRICHED-VII	ACTIVE_KEEP	scripts/volume07/audit_pedagogy.py;scripts/volume07/enrich_hints.py	% PEDAGOGY-ENRICHED-VII	keep; active tooling references this marker family
VII	books/vol07_differential_geometry/chapters/ch28_weyl_curvature/chapter.tex	434	PEDAGOGY-ENRICHED-VII	ACTIVE_KEEP	scripts/volume07/audit_pedagogy.py;scripts/volume07/enrich_hints.py	% PEDAGOGY-ENRICHED-VII	keep; active tooling references this marker family
VII	books/vol07_differential_geometry/chapters/ch28_weyl_curvature/chapter.tex	445	PEDAGOGY-ENRICHED-VII	ACTIVE_KEEP	scripts/volume07/audit_pedagogy.py;scripts/volume07/enrich_hints.py	% PEDAGOGY-ENRICHED-VII	keep; active tooling references this marker family
VII	books/vol07_differential_geometry/chapters/ch28_weyl_curvature/chapter.tex	456	PEDAGOGY-ENRICHED-VII	ACTIVE_KEEP	scripts/volume07/audit_pedagogy.py;scripts/volume07/enrich_hints.py	% PEDAGOGY-ENRICHED-VII	keep; active tooling references this marker family
VII	books/vol07_differential_geometry/chapters/ch28_weyl_curvature/chapter.tex	467	PEDAGOGY-ENRICHED-VII	ACTIVE_KEEP	scripts/volume07/audit_pedagogy.py;scripts/volume07/enrich_hints.py	% PEDAGOGY-ENRICHED-VII	keep; active tooling references this marker family
VII	books/vol07_differential_geometry/chapters/ch28_weyl_curvature/chapter.tex	478	PEDAGOGY-ENRICHED-VII	ACTIVE_KEEP	scripts/volume07/audit_pedagogy.py;scripts/volume07/enrich_hints.py	% PEDAGOGY-ENRICHED-VII	keep; active tooling references this marker family
VII	books/vol07_differential_geometry/chapters/ch28_weyl_curvature/pedagogy_expansion.tex	1	VOL07-EXPANSION	ACTIVE_KEEP	scripts/volume07/audit_example_exercise_expansion.py;scripts/volume07/reconcile_example_exercise_evidence.py	% BEGIN VOL07-EXPANSION VII28	keep; active tooling references this marker family
VII	books/vol07_differential_geometry/chapters/ch28_weyl_curvature/pedagogy_expansion.tex	222	VOL07-EXPANSION	ACTIVE_KEEP	scripts/volume07/audit_example_exercise_expansion.py;scripts/volume07/reconcile_example_exercise_evidence.py	% END VOL07-EXPANSION VII28	keep; active tooling references this marker family
VII	books/vol07_differential_geometry/chapters/ch29_indefinite_metrics/chapter.tex	246	PEDAGOGY-ENRICHED-VII	ACTIVE_KEEP	scripts/volume07/audit_pedagogy.py;scripts/volume07/enrich_hints.py	% PEDAGOGY-ENRICHED-VII	keep; active tooling references this marker family
VII	books/vol07_differential_geometry/chapters/ch29_indefinite_metrics/chapter.tex	257	PEDAGOGY-ENRICHED-VII	ACTIVE_KEEP	scripts/volume07/audit_pedagogy.py;scripts/volume07/enrich_hints.py	% PEDAGOGY-ENRICHED-VII	keep; active tooling references this marker family
VII	books/vol07_differential_geometry/chapters/ch29_indefinite_metrics/chapter.tex	268	PEDAGOGY-ENRICHED-VII	ACTIVE_KEEP	scripts/volume07/audit_pedagogy.py;scripts/volume07/enrich_hints.py	% PEDAGOGY-ENRICHED-VII	keep; active tooling references this marker family
VII	books/vol07_differential_geometry/chapters/ch29_indefinite_metrics/chapter.tex	279	PEDAGOGY-ENRICHED-VII	ACTIVE_KEEP	scripts/volume07/audit_pedagogy.py;scripts/volume07/enrich_hints.py	% PEDAGOGY-ENRICHED-VII	keep; active tooling references this marker family
VII	books/vol07_differential_geometry/chapters/ch29_indefinite_metrics/chapter.tex	290	PEDAGOGY-ENRICHED-VII	ACTIVE_KEEP	scripts/volume07/audit_pedagogy.py;scripts/volume07/enrich_hints.py	% PEDAGOGY-ENRICHED-VII	keep; active tooling references this marker family
VII	books/vol07_differential_geometry/chapters/ch29_indefinite_metrics/chapter.tex	301	PEDAGOGY-ENRICHED-VII	ACTIVE_KEEP	scripts/volume07/audit_pedagogy.py;scripts/volume07/enrich_hints.py	% PEDAGOGY-ENRICHED-VII	keep; active tooling references this marker family
VII	books/vol07_differential_geometry/chapters/ch29_indefinite_metrics/chapter.tex	312	PEDAGOGY-ENRICHED-VII	ACTIVE_KEEP	scripts/volume07/audit_pedagogy.py;scripts/volume07/enrich_hints.py	% PEDAGOGY-ENRICHED-VII	keep; active tooling references this marker family
VII	books/vol07_differential_geometry/chapters/ch29_indefinite_metrics/chapter.tex	323	PEDAGOGY-ENRICHED-VII	ACTIVE_KEEP	scripts/volume07/audit_pedagogy.py;scripts/volume07/enrich_hints.py	% PEDAGOGY-ENRICHED-VII	keep; active tooling references this marker family
VII	books/vol07_differential_geometry/chapters/ch29_indefinite_metrics/chapter.tex	334	PEDAGOGY-ENRICHED-VII	ACTIVE_KEEP	scripts/volume07/audit_pedagogy.py;scripts/volume07/enrich_hints.py	% PEDAGOGY-ENRICHED-VII	keep; active tooling references this marker family
VII	books/vol07_differential_geometry/chapters/ch29_indefinite_metrics/chapter.tex	345	PEDAGOGY-ENRICHED-VII	ACTIVE_KEEP	scripts/volume07/audit_pedagogy.py;scripts/volume07/enrich_hints.py	% PEDAGOGY-ENRICHED-VII	keep; active tooling references this marker family
VII	books/vol07_differential_geometry/chapters/ch29_indefinite_metrics/chapter.tex	356	PEDAGOGY-ENRICHED-VII	ACTIVE_KEEP	scripts/volume07/audit_pedagogy.py;scripts/volume07/enrich_hints.py	% PEDAGOGY-ENRICHED-VII	keep; active tooling references this marker family
VII	books/vol07_differential_geometry/chapters/ch29_indefinite_metrics/chapter.tex	367	PEDAGOGY-ENRICHED-VII	ACTIVE_KEEP	scripts/volume07/audit_pedagogy.py;scripts/volume07/enrich_hints.py	% PEDAGOGY-ENRICHED-VII	keep; active tooling references this marker family
VII	books/vol07_differential_geometry/chapters/ch29_indefinite_metrics/chapter.tex	378	PEDAGOGY-ENRICHED-VII	ACTIVE_KEEP	scripts/volume07/audit_pedagogy.py;scripts/volume07/enrich_hints.py	% PEDAGOGY-ENRICHED-VII	keep; active tooling references this marker family
VII	books/vol07_differential_geometry/chapters/ch29_indefinite_metrics/chapter.tex	389	PEDAGOGY-ENRICHED-VII	ACTIVE_KEEP	scripts/volume07/audit_pedagogy.py;scripts/volume07/enrich_hints.py	% PEDAGOGY-ENRICHED-VII	keep; active tooling references this marker family
VII	books/vol07_differential_geometry/chapters/ch29_indefinite_metrics/chapter.tex	400	PEDAGOGY-ENRICHED-VII	ACTIVE_KEEP	scripts/volume07/audit_pedagogy.py;scripts/volume07/enrich_hints.py	% PEDAGOGY-ENRICHED-VII	keep; active tooling references this marker family
VII	books/vol07_differential_geometry/chapters/ch29_indefinite_metrics/chapter.tex	411	PEDAGOGY-ENRICHED-VII	ACTIVE_KEEP	scripts/volume07/audit_pedagogy.py;scripts/volume07/enrich_hints.py	% PEDAGOGY-ENRICHED-VII	keep; active tooling references this marker family
VII	books/vol07_differential_geometry/chapters/ch29_indefinite_metrics/chapter.tex	422	PEDAGOGY-ENRICHED-VII	ACTIVE_KEEP	scripts/volume07/audit_pedagogy.py;scripts/volume07/enrich_hints.py	% PEDAGOGY-ENRICHED-VII	keep; active tooling references this marker family
VII	books/vol07_differential_geometry/chapters/ch29_indefinite_metrics/chapter.tex	433	PEDAGOGY-ENRICHED-VII	ACTIVE_KEEP	scripts/volume07/audit_pedagogy.py;scripts/volume07/enrich_hints.py	% PEDAGOGY-ENRICHED-VII	keep; active tooling references this marker family
VII	books/vol07_differential_geometry/chapters/ch29_indefinite_metrics/chapter.tex	444	PEDAGOGY-ENRICHED-VII	ACTIVE_KEEP	scripts/volume07/audit_pedagogy.py;scripts/volume07/enrich_hints.py	% PEDAGOGY-ENRICHED-VII	keep; active tooling references this marker family
VII	books/vol07_differential_geometry/chapters/ch29_indefinite_metrics/chapter.tex	455	PEDAGOGY-ENRICHED-VII	ACTIVE_KEEP	scripts/volume07/audit_pedagogy.py;scripts/volume07/enrich_hints.py	% PEDAGOGY-ENRICHED-VII	keep; active tooling references this marker family
VII	books/vol07_differential_geometry/chapters/ch29_indefinite_metrics/chapter.tex	466	PEDAGOGY-ENRICHED-VII	ACTIVE_KEEP	scripts/volume07/audit_pedagogy.py;scripts/volume07/enrich_hints.py	% PEDAGOGY-ENRICHED-VII	keep; active tooling references this marker family
VII	books/vol07_differential_geometry/chapters/ch29_indefinite_metrics/chapter.tex	477	PEDAGOGY-ENRICHED-VII	ACTIVE_KEEP	scripts/volume07/audit_pedagogy.py;scripts/volume07/enrich_hints.py	% PEDAGOGY-ENRICHED-VII	keep; active tooling references this marker family
VII	books/vol07_differential_geometry/chapters/ch29_indefinite_metrics/chapter.tex	488	PEDAGOGY-ENRICHED-VII	ACTIVE_KEEP	scripts/volume07/audit_pedagogy.py;scripts/volume07/enrich_hints.py	% PEDAGOGY-ENRICHED-VII	keep; active tooling references this marker family
VII	books/vol07_differential_geometry/chapters/ch29_indefinite_metrics/chapter.tex	499	PEDAGOGY-ENRICHED-VII	ACTIVE_KEEP	scripts/volume07/audit_pedagogy.py;scripts/volume07/enrich_hints.py	% PEDAGOGY-ENRICHED-VII	keep; active tooling references this marker family
VII	books/vol07_differential_geometry/chapters/ch29_indefinite_metrics/pedagogy_expansion.tex	1	VOL07-EXPANSION	ACTIVE_KEEP	scripts/volume07/audit_example_exercise_expansion.py;scripts/volume07/reconcile_example_exercise_evidence.py	% BEGIN VOL07-EXPANSION VII29	keep; active tooling references this marker family
VII	books/vol07_differential_geometry/chapters/ch29_indefinite_metrics/pedagogy_expansion.tex	222	VOL07-EXPANSION	ACTIVE_KEEP	scripts/volume07/audit_example_exercise_expansion.py;scripts/volume07/reconcile_example_exercise_evidence.py	% END VOL07-EXPANSION VII29	keep; active tooling references this marker family
VII	books/vol07_differential_geometry/chapters/ch30_riemannian_versus_lorentzian_geometry/chapter.tex	213	PEDAGOGY-ENRICHED-VII	ACTIVE_KEEP	scripts/volume07/audit_pedagogy.py;scripts/volume07/enrich_hints.py	% PEDAGOGY-ENRICHED-VII	keep; active tooling references this marker family
VII	books/vol07_differential_geometry/chapters/ch30_riemannian_versus_lorentzian_geometry/chapter.tex	224	PEDAGOGY-ENRICHED-VII	ACTIVE_KEEP	scripts/volume07/audit_pedagogy.py;scripts/volume07/enrich_hints.py	% PEDAGOGY-ENRICHED-VII	keep; active tooling references this marker family
VII	books/vol07_differential_geometry/chapters/ch30_riemannian_versus_lorentzian_geometry/chapter.tex	235	PEDAGOGY-ENRICHED-VII	ACTIVE_KEEP	scripts/volume07/audit_pedagogy.py;scripts/volume07/enrich_hints.py	% PEDAGOGY-ENRICHED-VII	keep; active tooling references this marker family
VII	books/vol07_differential_geometry/chapters/ch30_riemannian_versus_lorentzian_geometry/chapter.tex	246	PEDAGOGY-ENRICHED-VII	ACTIVE_KEEP	scripts/volume07/audit_pedagogy.py;scripts/volume07/enrich_hints.py	% PEDAGOGY-ENRICHED-VII	keep; active tooling references this marker family
VII	books/vol07_differential_geometry/chapters/ch30_riemannian_versus_lorentzian_geometry/chapter.tex	257	PEDAGOGY-ENRICHED-VII	ACTIVE_KEEP	scripts/volume07/audit_pedagogy.py;scripts/volume07/enrich_hints.py	% PEDAGOGY-ENRICHED-VII	keep; active tooling references this marker family
VII	books/vol07_differential_geometry/chapters/ch30_riemannian_versus_lorentzian_geometry/chapter.tex	268	PEDAGOGY-ENRICHED-VII	ACTIVE_KEEP	scripts/volume07/audit_pedagogy.py;scripts/volume07/enrich_hints.py	% PEDAGOGY-ENRICHED-VII	keep; active tooling references this marker family
VII	books/vol07_differential_geometry/chapters/ch30_riemannian_versus_lorentzian_geometry/chapter.tex	279	PEDAGOGY-ENRICHED-VII	ACTIVE_KEEP	scripts/volume07/audit_pedagogy.py;scripts/volume07/enrich_hints.py	% PEDAGOGY-ENRICHED-VII	keep; active tooling references this marker family
VII	books/vol07_differential_geometry/chapters/ch30_riemannian_versus_lorentzian_geometry/chapter.tex	290	PEDAGOGY-ENRICHED-VII	ACTIVE_KEEP	scripts/volume07/audit_pedagogy.py;scripts/volume07/enrich_hints.py	% PEDAGOGY-ENRICHED-VII	keep; active tooling references this marker family
VII	books/vol07_differential_geometry/chapters/ch30_riemannian_versus_lorentzian_geometry/chapter.tex	301	PEDAGOGY-ENRICHED-VII	ACTIVE_KEEP	scripts/volume07/audit_pedagogy.py;scripts/volume07/enrich_hints.py	% PEDAGOGY-ENRICHED-VII	keep; active tooling references this marker family
VII	books/vol07_differential_geometry/chapters/ch30_riemannian_versus_lorentzian_geometry/chapter.tex	312	PEDAGOGY-ENRICHED-VII	ACTIVE_KEEP	scripts/volume07/audit_pedagogy.py;scripts/volume07/enrich_hints.py	% PEDAGOGY-ENRICHED-VII	keep; active tooling references this marker family
VII	books/vol07_differential_geometry/chapters/ch30_riemannian_versus_lorentzian_geometry/chapter.tex	323	PEDAGOGY-ENRICHED-VII	ACTIVE_KEEP	scripts/volume07/audit_pedagogy.py;scripts/volume07/enrich_hints.py	% PEDAGOGY-ENRICHED-VII	keep; active tooling references this marker family
VII	books/vol07_differential_geometry/chapters/ch30_riemannian_versus_lorentzian_geometry/chapter.tex	334	PEDAGOGY-ENRICHED-VII	ACTIVE_KEEP	scripts/volume07/audit_pedagogy.py;scripts/volume07/enrich_hints.py	% PEDAGOGY-ENRICHED-VII	keep; active tooling references this marker family
VII	books/vol07_differential_geometry/chapters/ch30_riemannian_versus_lorentzian_geometry/chapter.tex	345	PEDAGOGY-ENRICHED-VII	ACTIVE_KEEP	scripts/volume07/audit_pedagogy.py;scripts/volume07/enrich_hints.py	% PEDAGOGY-ENRICHED-VII	keep; active tooling references this marker family
VII	books/vol07_differential_geometry/chapters/ch30_riemannian_versus_lorentzian_geometry/chapter.tex	356	PEDAGOGY-ENRICHED-VII	ACTIVE_KEEP	scripts/volume07/audit_pedagogy.py;scripts/volume07/enrich_hints.py	% PEDAGOGY-ENRICHED-VII	keep; active tooling references this marker family
VII	books/vol07_differential_geometry/chapters/ch30_riemannian_versus_lorentzian_geometry/chapter.tex	367	PEDAGOGY-ENRICHED-VII	ACTIVE_KEEP	scripts/volume07/audit_pedagogy.py;scripts/volume07/enrich_hints.py	% PEDAGOGY-ENRICHED-VII	keep; active tooling references this marker family
VII	books/vol07_differential_geometry/chapters/ch30_riemannian_versus_lorentzian_geometry/chapter.tex	378	PEDAGOGY-ENRICHED-VII	ACTIVE_KEEP	scripts/volume07/audit_pedagogy.py;scripts/volume07/enrich_hints.py	% PEDAGOGY-ENRICHED-VII	keep; active tooling references this marker family
VII	books/vol07_differential_geometry/chapters/ch30_riemannian_versus_lorentzian_geometry/chapter.tex	389	PEDAGOGY-ENRICHED-VII	ACTIVE_KEEP	scripts/volume07/audit_pedagogy.py;scripts/volume07/enrich_hints.py	% PEDAGOGY-ENRICHED-VII	keep; active tooling references this marker family
VII	books/vol07_differential_geometry/chapters/ch30_riemannian_versus_lorentzian_geometry/chapter.tex	400	PEDAGOGY-ENRICHED-VII	ACTIVE_KEEP	scripts/volume07/audit_pedagogy.py;scripts/volume07/enrich_hints.py	% PEDAGOGY-ENRICHED-VII	keep; active tooling references this marker family
VII	books/vol07_differential_geometry/chapters/ch30_riemannian_versus_lorentzian_geometry/chapter.tex	411	PEDAGOGY-ENRICHED-VII	ACTIVE_KEEP	scripts/volume07/audit_pedagogy.py;scripts/volume07/enrich_hints.py	% PEDAGOGY-ENRICHED-VII	keep; active tooling references this marker family
VII	books/vol07_differential_geometry/chapters/ch30_riemannian_versus_lorentzian_geometry/chapter.tex	422	PEDAGOGY-ENRICHED-VII	ACTIVE_KEEP	scripts/volume07/audit_pedagogy.py;scripts/volume07/enrich_hints.py	% PEDAGOGY-ENRICHED-VII	keep; active tooling references this marker family
VII	books/vol07_differential_geometry/chapters/ch30_riemannian_versus_lorentzian_geometry/chapter.tex	433	PEDAGOGY-ENRICHED-VII	ACTIVE_KEEP	scripts/volume07/audit_pedagogy.py;scripts/volume07/enrich_hints.py	% PEDAGOGY-ENRICHED-VII	keep; active tooling references this marker family
VII	books/vol07_differential_geometry/chapters/ch30_riemannian_versus_lorentzian_geometry/chapter.tex	444	PEDAGOGY-ENRICHED-VII	ACTIVE_KEEP	scripts/volume07/audit_pedagogy.py;scripts/volume07/enrich_hints.py	% PEDAGOGY-ENRICHED-VII	keep; active tooling references this marker family
VII	books/vol07_differential_geometry/chapters/ch30_riemannian_versus_lorentzian_geometry/chapter.tex	455	PEDAGOGY-ENRICHED-VII	ACTIVE_KEEP	scripts/volume07/audit_pedagogy.py;scripts/volume07/enrich_hints.py	% PEDAGOGY-ENRICHED-VII	keep; active tooling references this marker family
VII	books/vol07_differential_geometry/chapters/ch30_riemannian_versus_lorentzian_geometry/chapter.tex	466	PEDAGOGY-ENRICHED-VII	ACTIVE_KEEP	scripts/volume07/audit_pedagogy.py;scripts/volume07/enrich_hints.py	% PEDAGOGY-ENRICHED-VII	keep; active tooling references this marker family
VII	books/vol07_differential_geometry/chapters/ch30_riemannian_versus_lorentzian_geometry/pedagogy_expansion.tex	1	VOL07-EXPANSION	ACTIVE_KEEP	scripts/volume07/audit_example_exercise_expansion.py;scripts/volume07/reconcile_example_exercise_evidence.py	% BEGIN VOL07-EXPANSION VII30	keep; active tooling references this marker family
VII	books/vol07_differential_geometry/chapters/ch30_riemannian_versus_lorentzian_geometry/pedagogy_expansion.tex	222	VOL07-EXPANSION	ACTIVE_KEEP	scripts/volume07/audit_example_exercise_expansion.py;scripts/volume07/reconcile_example_exercise_evidence.py	% END VOL07-EXPANSION VII30	keep; active tooling references this marker family
VII	books/vol07_differential_geometry/chapters/ch31_hyperbolic_plane_models/chapter.tex	273	PEDAGOGY-ENRICHED-VII	ACTIVE_KEEP	scripts/volume07/audit_pedagogy.py;scripts/volume07/enrich_hints.py	% PEDAGOGY-ENRICHED-VII	keep; active tooling references this marker family
VII	books/vol07_differential_geometry/chapters/ch31_hyperbolic_plane_models/chapter.tex	284	PEDAGOGY-ENRICHED-VII	ACTIVE_KEEP	scripts/volume07/audit_pedagogy.py;scripts/volume07/enrich_hints.py	% PEDAGOGY-ENRICHED-VII	keep; active tooling references this marker family
VII	books/vol07_differential_geometry/chapters/ch31_hyperbolic_plane_models/chapter.tex	295	PEDAGOGY-ENRICHED-VII	ACTIVE_KEEP	scripts/volume07/audit_pedagogy.py;scripts/volume07/enrich_hints.py	% PEDAGOGY-ENRICHED-VII	keep; active tooling references this marker family
VII	books/vol07_differential_geometry/chapters/ch31_hyperbolic_plane_models/chapter.tex	306	PEDAGOGY-ENRICHED-VII	ACTIVE_KEEP	scripts/volume07/audit_pedagogy.py;scripts/volume07/enrich_hints.py	% PEDAGOGY-ENRICHED-VII	keep; active tooling references this marker family
VII	books/vol07_differential_geometry/chapters/ch31_hyperbolic_plane_models/chapter.tex	317	PEDAGOGY-ENRICHED-VII	ACTIVE_KEEP	scripts/volume07/audit_pedagogy.py;scripts/volume07/enrich_hints.py	% PEDAGOGY-ENRICHED-VII	keep; active tooling references this marker family
VII	books/vol07_differential_geometry/chapters/ch31_hyperbolic_plane_models/chapter.tex	328	PEDAGOGY-ENRICHED-VII	ACTIVE_KEEP	scripts/volume07/audit_pedagogy.py;scripts/volume07/enrich_hints.py	% PEDAGOGY-ENRICHED-VII	keep; active tooling references this marker family
VII	books/vol07_differential_geometry/chapters/ch31_hyperbolic_plane_models/chapter.tex	339	PEDAGOGY-ENRICHED-VII	ACTIVE_KEEP	scripts/volume07/audit_pedagogy.py;scripts/volume07/enrich_hints.py	% PEDAGOGY-ENRICHED-VII	keep; active tooling references this marker family
VII	books/vol07_differential_geometry/chapters/ch31_hyperbolic_plane_models/chapter.tex	350	PEDAGOGY-ENRICHED-VII	ACTIVE_KEEP	scripts/volume07/audit_pedagogy.py;scripts/volume07/enrich_hints.py	% PEDAGOGY-ENRICHED-VII	keep; active tooling references this marker family
VII	books/vol07_differential_geometry/chapters/ch31_hyperbolic_plane_models/chapter.tex	361	PEDAGOGY-ENRICHED-VII	ACTIVE_KEEP	scripts/volume07/audit_pedagogy.py;scripts/volume07/enrich_hints.py	% PEDAGOGY-ENRICHED-VII	keep; active tooling references this marker family
VII	books/vol07_differential_geometry/chapters/ch31_hyperbolic_plane_models/chapter.tex	372	PEDAGOGY-ENRICHED-VII	ACTIVE_KEEP	scripts/volume07/audit_pedagogy.py;scripts/volume07/enrich_hints.py	% PEDAGOGY-ENRICHED-VII	keep; active tooling references this marker family
VII	books/vol07_differential_geometry/chapters/ch31_hyperbolic_plane_models/chapter.tex	383	PEDAGOGY-ENRICHED-VII	ACTIVE_KEEP	scripts/volume07/audit_pedagogy.py;scripts/volume07/enrich_hints.py	% PEDAGOGY-ENRICHED-VII	keep; active tooling references this marker family
VII	books/vol07_differential_geometry/chapters/ch31_hyperbolic_plane_models/chapter.tex	394	PEDAGOGY-ENRICHED-VII	ACTIVE_KEEP	scripts/volume07/audit_pedagogy.py;scripts/volume07/enrich_hints.py	% PEDAGOGY-ENRICHED-VII	keep; active tooling references this marker family
VII	books/vol07_differential_geometry/chapters/ch31_hyperbolic_plane_models/chapter.tex	405	PEDAGOGY-ENRICHED-VII	ACTIVE_KEEP	scripts/volume07/audit_pedagogy.py;scripts/volume07/enrich_hints.py	% PEDAGOGY-ENRICHED-VII	keep; active tooling references this marker family
VII	books/vol07_differential_geometry/chapters/ch31_hyperbolic_plane_models/chapter.tex	416	PEDAGOGY-ENRICHED-VII	ACTIVE_KEEP	scripts/volume07/audit_pedagogy.py;scripts/volume07/enrich_hints.py	% PEDAGOGY-ENRICHED-VII	keep; active tooling references this marker family
VII	books/vol07_differential_geometry/chapters/ch31_hyperbolic_plane_models/chapter.tex	427	PEDAGOGY-ENRICHED-VII	ACTIVE_KEEP	scripts/volume07/audit_pedagogy.py;scripts/volume07/enrich_hints.py	% PEDAGOGY-ENRICHED-VII	keep; active tooling references this marker family
VII	books/vol07_differential_geometry/chapters/ch31_hyperbolic_plane_models/chapter.tex	438	PEDAGOGY-ENRICHED-VII	ACTIVE_KEEP	scripts/volume07/audit_pedagogy.py;scripts/volume07/enrich_hints.py	% PEDAGOGY-ENRICHED-VII	keep; active tooling references this marker family
VII	books/vol07_differential_geometry/chapters/ch31_hyperbolic_plane_models/chapter.tex	449	PEDAGOGY-ENRICHED-VII	ACTIVE_KEEP	scripts/volume07/audit_pedagogy.py;scripts/volume07/enrich_hints.py	% PEDAGOGY-ENRICHED-VII	keep; active tooling references this marker family
VII	books/vol07_differential_geometry/chapters/ch31_hyperbolic_plane_models/chapter.tex	460	PEDAGOGY-ENRICHED-VII	ACTIVE_KEEP	scripts/volume07/audit_pedagogy.py;scripts/volume07/enrich_hints.py	% PEDAGOGY-ENRICHED-VII	keep; active tooling references this marker family
VII	books/vol07_differential_geometry/chapters/ch31_hyperbolic_plane_models/chapter.tex	471	PEDAGOGY-ENRICHED-VII	ACTIVE_KEEP	scripts/volume07/audit_pedagogy.py;scripts/volume07/enrich_hints.py	% PEDAGOGY-ENRICHED-VII	keep; active tooling references this marker family
VII	books/vol07_differential_geometry/chapters/ch31_hyperbolic_plane_models/chapter.tex	482	PEDAGOGY-ENRICHED-VII	ACTIVE_KEEP	scripts/volume07/audit_pedagogy.py;scripts/volume07/enrich_hints.py	% PEDAGOGY-ENRICHED-VII	keep; active tooling references this marker family
VII	books/vol07_differential_geometry/chapters/ch31_hyperbolic_plane_models/chapter.tex	493	PEDAGOGY-ENRICHED-VII	ACTIVE_KEEP	scripts/volume07/audit_pedagogy.py;scripts/volume07/enrich_hints.py	% PEDAGOGY-ENRICHED-VII	keep; active tooling references this marker family
VII	books/vol07_differential_geometry/chapters/ch31_hyperbolic_plane_models/chapter.tex	504	PEDAGOGY-ENRICHED-VII	ACTIVE_KEEP	scripts/volume07/audit_pedagogy.py;scripts/volume07/enrich_hints.py	% PEDAGOGY-ENRICHED-VII	keep; active tooling references this marker family
VII	books/vol07_differential_geometry/chapters/ch31_hyperbolic_plane_models/chapter.tex	515	PEDAGOGY-ENRICHED-VII	ACTIVE_KEEP	scripts/volume07/audit_pedagogy.py;scripts/volume07/enrich_hints.py	% PEDAGOGY-ENRICHED-VII	keep; active tooling references this marker family
VII	books/vol07_differential_geometry/chapters/ch31_hyperbolic_plane_models/chapter.tex	526	PEDAGOGY-ENRICHED-VII	ACTIVE_KEEP	scripts/volume07/audit_pedagogy.py;scripts/volume07/enrich_hints.py	% PEDAGOGY-ENRICHED-VII	keep; active tooling references this marker family
VII	books/vol07_differential_geometry/chapters/ch31_hyperbolic_plane_models/pedagogy_expansion.tex	1	VOL07-EXPANSION	ACTIVE_KEEP	scripts/volume07/audit_example_exercise_expansion.py;scripts/volume07/reconcile_example_exercise_evidence.py	% BEGIN VOL07-EXPANSION VII31	keep; active tooling references this marker family
VII	books/vol07_differential_geometry/chapters/ch31_hyperbolic_plane_models/pedagogy_expansion.tex	222	VOL07-EXPANSION	ACTIVE_KEEP	scripts/volume07/audit_example_exercise_expansion.py;scripts/volume07/reconcile_example_exercise_evidence.py	% END VOL07-EXPANSION VII31	keep; active tooling references this marker family
VII	books/vol07_differential_geometry/chapters/ch32_the_poincar_metric/chapter.tex	295	PEDAGOGY-ENRICHED-VII	ACTIVE_KEEP	scripts/volume07/audit_pedagogy.py;scripts/volume07/enrich_hints.py	% PEDAGOGY-ENRICHED-VII	keep; active tooling references this marker family
VII	books/vol07_differential_geometry/chapters/ch32_the_poincar_metric/chapter.tex	306	PEDAGOGY-ENRICHED-VII	ACTIVE_KEEP	scripts/volume07/audit_pedagogy.py;scripts/volume07/enrich_hints.py	% PEDAGOGY-ENRICHED-VII	keep; active tooling references this marker family
VII	books/vol07_differential_geometry/chapters/ch32_the_poincar_metric/chapter.tex	317	PEDAGOGY-ENRICHED-VII	ACTIVE_KEEP	scripts/volume07/audit_pedagogy.py;scripts/volume07/enrich_hints.py	% PEDAGOGY-ENRICHED-VII	keep; active tooling references this marker family
VII	books/vol07_differential_geometry/chapters/ch32_the_poincar_metric/chapter.tex	328	PEDAGOGY-ENRICHED-VII	ACTIVE_KEEP	scripts/volume07/audit_pedagogy.py;scripts/volume07/enrich_hints.py	% PEDAGOGY-ENRICHED-VII	keep; active tooling references this marker family
VII	books/vol07_differential_geometry/chapters/ch32_the_poincar_metric/chapter.tex	339	PEDAGOGY-ENRICHED-VII	ACTIVE_KEEP	scripts/volume07/audit_pedagogy.py;scripts/volume07/enrich_hints.py	% PEDAGOGY-ENRICHED-VII	keep; active tooling references this marker family
VII	books/vol07_differential_geometry/chapters/ch32_the_poincar_metric/chapter.tex	350	PEDAGOGY-ENRICHED-VII	ACTIVE_KEEP	scripts/volume07/audit_pedagogy.py;scripts/volume07/enrich_hints.py	% PEDAGOGY-ENRICHED-VII	keep; active tooling references this marker family
VII	books/vol07_differential_geometry/chapters/ch32_the_poincar_metric/chapter.tex	361	PEDAGOGY-ENRICHED-VII	ACTIVE_KEEP	scripts/volume07/audit_pedagogy.py;scripts/volume07/enrich_hints.py	% PEDAGOGY-ENRICHED-VII	keep; active tooling references this marker family
VII	books/vol07_differential_geometry/chapters/ch32_the_poincar_metric/chapter.tex	372	PEDAGOGY-ENRICHED-VII	ACTIVE_KEEP	scripts/volume07/audit_pedagogy.py;scripts/volume07/enrich_hints.py	% PEDAGOGY-ENRICHED-VII	keep; active tooling references this marker family
VII	books/vol07_differential_geometry/chapters/ch32_the_poincar_metric/chapter.tex	383	PEDAGOGY-ENRICHED-VII	ACTIVE_KEEP	scripts/volume07/audit_pedagogy.py;scripts/volume07/enrich_hints.py	% PEDAGOGY-ENRICHED-VII	keep; active tooling references this marker family
VII	books/vol07_differential_geometry/chapters/ch32_the_poincar_metric/chapter.tex	394	PEDAGOGY-ENRICHED-VII	ACTIVE_KEEP	scripts/volume07/audit_pedagogy.py;scripts/volume07/enrich_hints.py	% PEDAGOGY-ENRICHED-VII	keep; active tooling references this marker family
VII	books/vol07_differential_geometry/chapters/ch32_the_poincar_metric/chapter.tex	405	PEDAGOGY-ENRICHED-VII	ACTIVE_KEEP	scripts/volume07/audit_pedagogy.py;scripts/volume07/enrich_hints.py	% PEDAGOGY-ENRICHED-VII	keep; active tooling references this marker family
VII	books/vol07_differential_geometry/chapters/ch32_the_poincar_metric/chapter.tex	416	PEDAGOGY-ENRICHED-VII	ACTIVE_KEEP	scripts/volume07/audit_pedagogy.py;scripts/volume07/enrich_hints.py	% PEDAGOGY-ENRICHED-VII	keep; active tooling references this marker family
VII	books/vol07_differential_geometry/chapters/ch32_the_poincar_metric/chapter.tex	427	PEDAGOGY-ENRICHED-VII	ACTIVE_KEEP	scripts/volume07/audit_pedagogy.py;scripts/volume07/enrich_hints.py	% PEDAGOGY-ENRICHED-VII	keep; active tooling references this marker family
VII	books/vol07_differential_geometry/chapters/ch32_the_poincar_metric/chapter.tex	438	PEDAGOGY-ENRICHED-VII	ACTIVE_KEEP	scripts/volume07/audit_pedagogy.py;scripts/volume07/enrich_hints.py	% PEDAGOGY-ENRICHED-VII	keep; active tooling references this marker family
VII	books/vol07_differential_geometry/chapters/ch32_the_poincar_metric/chapter.tex	449	PEDAGOGY-ENRICHED-VII	ACTIVE_KEEP	scripts/volume07/audit_pedagogy.py;scripts/volume07/enrich_hints.py	% PEDAGOGY-ENRICHED-VII	keep; active tooling references this marker family
VII	books/vol07_differential_geometry/chapters/ch32_the_poincar_metric/chapter.tex	460	PEDAGOGY-ENRICHED-VII	ACTIVE_KEEP	scripts/volume07/audit_pedagogy.py;scripts/volume07/enrich_hints.py	% PEDAGOGY-ENRICHED-VII	keep; active tooling references this marker family
VII	books/vol07_differential_geometry/chapters/ch32_the_poincar_metric/chapter.tex	471	PEDAGOGY-ENRICHED-VII	ACTIVE_KEEP	scripts/volume07/audit_pedagogy.py;scripts/volume07/enrich_hints.py	% PEDAGOGY-ENRICHED-VII	keep; active tooling references this marker family
VII	books/vol07_differential_geometry/chapters/ch32_the_poincar_metric/chapter.tex	482	PEDAGOGY-ENRICHED-VII	ACTIVE_KEEP	scripts/volume07/audit_pedagogy.py;scripts/volume07/enrich_hints.py	% PEDAGOGY-ENRICHED-VII	keep; active tooling references this marker family
VII	books/vol07_differential_geometry/chapters/ch32_the_poincar_metric/chapter.tex	493	PEDAGOGY-ENRICHED-VII	ACTIVE_KEEP	scripts/volume07/audit_pedagogy.py;scripts/volume07/enrich_hints.py	% PEDAGOGY-ENRICHED-VII	keep; active tooling references this marker family
VII	books/vol07_differential_geometry/chapters/ch32_the_poincar_metric/chapter.tex	504	PEDAGOGY-ENRICHED-VII	ACTIVE_KEEP	scripts/volume07/audit_pedagogy.py;scripts/volume07/enrich_hints.py	% PEDAGOGY-ENRICHED-VII	keep; active tooling references this marker family
VII	books/vol07_differential_geometry/chapters/ch32_the_poincar_metric/chapter.tex	515	PEDAGOGY-ENRICHED-VII	ACTIVE_KEEP	scripts/volume07/audit_pedagogy.py;scripts/volume07/enrich_hints.py	% PEDAGOGY-ENRICHED-VII	keep; active tooling references this marker family
VII	books/vol07_differential_geometry/chapters/ch32_the_poincar_metric/chapter.tex	526	PEDAGOGY-ENRICHED-VII	ACTIVE_KEEP	scripts/volume07/audit_pedagogy.py;scripts/volume07/enrich_hints.py	% PEDAGOGY-ENRICHED-VII	keep; active tooling references this marker family
VII	books/vol07_differential_geometry/chapters/ch32_the_poincar_metric/chapter.tex	537	PEDAGOGY-ENRICHED-VII	ACTIVE_KEEP	scripts/volume07/audit_pedagogy.py;scripts/volume07/enrich_hints.py	% PEDAGOGY-ENRICHED-VII	keep; active tooling references this marker family
VII	books/vol07_differential_geometry/chapters/ch32_the_poincar_metric/chapter.tex	548	PEDAGOGY-ENRICHED-VII	ACTIVE_KEEP	scripts/volume07/audit_pedagogy.py;scripts/volume07/enrich_hints.py	% PEDAGOGY-ENRICHED-VII	keep; active tooling references this marker family
VII	books/vol07_differential_geometry/chapters/ch32_the_poincar_metric/pedagogy_expansion.tex	1	VOL07-EXPANSION	ACTIVE_KEEP	scripts/volume07/audit_example_exercise_expansion.py;scripts/volume07/reconcile_example_exercise_evidence.py	% BEGIN VOL07-EXPANSION VII32	keep; active tooling references this marker family
VII	books/vol07_differential_geometry/chapters/ch32_the_poincar_metric/pedagogy_expansion.tex	222	VOL07-EXPANSION	ACTIVE_KEEP	scripts/volume07/audit_example_exercise_expansion.py;scripts/volume07/reconcile_example_exercise_evidence.py	% END VOL07-EXPANSION VII32	keep; active tooling references this marker family
VII	books/vol07_differential_geometry/chapters/ch33_m_bius_transformations_and_psl_2_r/chapter.tex	262	PEDAGOGY-ENRICHED-VII	ACTIVE_KEEP	scripts/volume07/audit_pedagogy.py;scripts/volume07/enrich_hints.py	% PEDAGOGY-ENRICHED-VII	keep; active tooling references this marker family
VII	books/vol07_differential_geometry/chapters/ch33_m_bius_transformations_and_psl_2_r/chapter.tex	273	PEDAGOGY-ENRICHED-VII	ACTIVE_KEEP	scripts/volume07/audit_pedagogy.py;scripts/volume07/enrich_hints.py	% PEDAGOGY-ENRICHED-VII	keep; active tooling references this marker family
VII	books/vol07_differential_geometry/chapters/ch33_m_bius_transformations_and_psl_2_r/chapter.tex	284	PEDAGOGY-ENRICHED-VII	ACTIVE_KEEP	scripts/volume07/audit_pedagogy.py;scripts/volume07/enrich_hints.py	% PEDAGOGY-ENRICHED-VII	keep; active tooling references this marker family
VII	books/vol07_differential_geometry/chapters/ch33_m_bius_transformations_and_psl_2_r/chapter.tex	295	PEDAGOGY-ENRICHED-VII	ACTIVE_KEEP	scripts/volume07/audit_pedagogy.py;scripts/volume07/enrich_hints.py	% PEDAGOGY-ENRICHED-VII	keep; active tooling references this marker family
VII	books/vol07_differential_geometry/chapters/ch33_m_bius_transformations_and_psl_2_r/chapter.tex	306	PEDAGOGY-ENRICHED-VII	ACTIVE_KEEP	scripts/volume07/audit_pedagogy.py;scripts/volume07/enrich_hints.py	% PEDAGOGY-ENRICHED-VII	keep; active tooling references this marker family
VII	books/vol07_differential_geometry/chapters/ch33_m_bius_transformations_and_psl_2_r/chapter.tex	317	PEDAGOGY-ENRICHED-VII	ACTIVE_KEEP	scripts/volume07/audit_pedagogy.py;scripts/volume07/enrich_hints.py	% PEDAGOGY-ENRICHED-VII	keep; active tooling references this marker family
VII	books/vol07_differential_geometry/chapters/ch33_m_bius_transformations_and_psl_2_r/chapter.tex	328	PEDAGOGY-ENRICHED-VII	ACTIVE_KEEP	scripts/volume07/audit_pedagogy.py;scripts/volume07/enrich_hints.py	% PEDAGOGY-ENRICHED-VII	keep; active tooling references this marker family
VII	books/vol07_differential_geometry/chapters/ch33_m_bius_transformations_and_psl_2_r/chapter.tex	339	PEDAGOGY-ENRICHED-VII	ACTIVE_KEEP	scripts/volume07/audit_pedagogy.py;scripts/volume07/enrich_hints.py	% PEDAGOGY-ENRICHED-VII	keep; active tooling references this marker family
VII	books/vol07_differential_geometry/chapters/ch33_m_bius_transformations_and_psl_2_r/chapter.tex	350	PEDAGOGY-ENRICHED-VII	ACTIVE_KEEP	scripts/volume07/audit_pedagogy.py;scripts/volume07/enrich_hints.py	% PEDAGOGY-ENRICHED-VII	keep; active tooling references this marker family
VII	books/vol07_differential_geometry/chapters/ch33_m_bius_transformations_and_psl_2_r/chapter.tex	361	PEDAGOGY-ENRICHED-VII	ACTIVE_KEEP	scripts/volume07/audit_pedagogy.py;scripts/volume07/enrich_hints.py	% PEDAGOGY-ENRICHED-VII	keep; active tooling references this marker family
VII	books/vol07_differential_geometry/chapters/ch33_m_bius_transformations_and_psl_2_r/chapter.tex	372	PEDAGOGY-ENRICHED-VII	ACTIVE_KEEP	scripts/volume07/audit_pedagogy.py;scripts/volume07/enrich_hints.py	% PEDAGOGY-ENRICHED-VII	keep; active tooling references this marker family
VII	books/vol07_differential_geometry/chapters/ch33_m_bius_transformations_and_psl_2_r/chapter.tex	383	PEDAGOGY-ENRICHED-VII	ACTIVE_KEEP	scripts/volume07/audit_pedagogy.py;scripts/volume07/enrich_hints.py	% PEDAGOGY-ENRICHED-VII	keep; active tooling references this marker family
VII	books/vol07_differential_geometry/chapters/ch33_m_bius_transformations_and_psl_2_r/chapter.tex	394	PEDAGOGY-ENRICHED-VII	ACTIVE_KEEP	scripts/volume07/audit_pedagogy.py;scripts/volume07/enrich_hints.py	% PEDAGOGY-ENRICHED-VII	keep; active tooling references this marker family
VII	books/vol07_differential_geometry/chapters/ch33_m_bius_transformations_and_psl_2_r/chapter.tex	405	PEDAGOGY-ENRICHED-VII	ACTIVE_KEEP	scripts/volume07/audit_pedagogy.py;scripts/volume07/enrich_hints.py	% PEDAGOGY-ENRICHED-VII	keep; active tooling references this marker family
VII	books/vol07_differential_geometry/chapters/ch33_m_bius_transformations_and_psl_2_r/chapter.tex	416	PEDAGOGY-ENRICHED-VII	ACTIVE_KEEP	scripts/volume07/audit_pedagogy.py;scripts/volume07/enrich_hints.py	% PEDAGOGY-ENRICHED-VII	keep; active tooling references this marker family
VII	books/vol07_differential_geometry/chapters/ch33_m_bius_transformations_and_psl_2_r/chapter.tex	427	PEDAGOGY-ENRICHED-VII	ACTIVE_KEEP	scripts/volume07/audit_pedagogy.py;scripts/volume07/enrich_hints.py	% PEDAGOGY-ENRICHED-VII	keep; active tooling references this marker family
VII	books/vol07_differential_geometry/chapters/ch33_m_bius_transformations_and_psl_2_r/chapter.tex	438	PEDAGOGY-ENRICHED-VII	ACTIVE_KEEP	scripts/volume07/audit_pedagogy.py;scripts/volume07/enrich_hints.py	% PEDAGOGY-ENRICHED-VII	keep; active tooling references this marker family
VII	books/vol07_differential_geometry/chapters/ch33_m_bius_transformations_and_psl_2_r/chapter.tex	449	PEDAGOGY-ENRICHED-VII	ACTIVE_KEEP	scripts/volume07/audit_pedagogy.py;scripts/volume07/enrich_hints.py	% PEDAGOGY-ENRICHED-VII	keep; active tooling references this marker family
VII	books/vol07_differential_geometry/chapters/ch33_m_bius_transformations_and_psl_2_r/chapter.tex	460	PEDAGOGY-ENRICHED-VII	ACTIVE_KEEP	scripts/volume07/audit_pedagogy.py;scripts/volume07/enrich_hints.py	% PEDAGOGY-ENRICHED-VII	keep; active tooling references this marker family
VII	books/vol07_differential_geometry/chapters/ch33_m_bius_transformations_and_psl_2_r/chapter.tex	471	PEDAGOGY-ENRICHED-VII	ACTIVE_KEEP	scripts/volume07/audit_pedagogy.py;scripts/volume07/enrich_hints.py	% PEDAGOGY-ENRICHED-VII	keep; active tooling references this marker family
VII	books/vol07_differential_geometry/chapters/ch33_m_bius_transformations_and_psl_2_r/chapter.tex	482	PEDAGOGY-ENRICHED-VII	ACTIVE_KEEP	scripts/volume07/audit_pedagogy.py;scripts/volume07/enrich_hints.py	% PEDAGOGY-ENRICHED-VII	keep; active tooling references this marker family
VII	books/vol07_differential_geometry/chapters/ch33_m_bius_transformations_and_psl_2_r/chapter.tex	493	PEDAGOGY-ENRICHED-VII	ACTIVE_KEEP	scripts/volume07/audit_pedagogy.py;scripts/volume07/enrich_hints.py	% PEDAGOGY-ENRICHED-VII	keep; active tooling references this marker family
VII	books/vol07_differential_geometry/chapters/ch33_m_bius_transformations_and_psl_2_r/chapter.tex	504	PEDAGOGY-ENRICHED-VII	ACTIVE_KEEP	scripts/volume07/audit_pedagogy.py;scripts/volume07/enrich_hints.py	% PEDAGOGY-ENRICHED-VII	keep; active tooling references this marker family
VII	books/vol07_differential_geometry/chapters/ch33_m_bius_transformations_and_psl_2_r/chapter.tex	515	PEDAGOGY-ENRICHED-VII	ACTIVE_KEEP	scripts/volume07/audit_pedagogy.py;scripts/volume07/enrich_hints.py	% PEDAGOGY-ENRICHED-VII	keep; active tooling references this marker family
VII	books/vol07_differential_geometry/chapters/ch33_m_bius_transformations_and_psl_2_r/pedagogy_expansion.tex	1	VOL07-EXPANSION	ACTIVE_KEEP	scripts/volume07/audit_example_exercise_expansion.py;scripts/volume07/reconcile_example_exercise_evidence.py	% BEGIN VOL07-EXPANSION VII33	keep; active tooling references this marker family
VII	books/vol07_differential_geometry/chapters/ch33_m_bius_transformations_and_psl_2_r/pedagogy_expansion.tex	222	VOL07-EXPANSION	ACTIVE_KEEP	scripts/volume07/audit_example_exercise_expansion.py;scripts/volume07/reconcile_example_exercise_evidence.py	% END VOL07-EXPANSION VII33	keep; active tooling references this marker family
VII	books/vol07_differential_geometry/chapters/ch34_hyperbolic_isometries/chapter.tex	232	PEDAGOGY-ENRICHED-VII	ACTIVE_KEEP	scripts/volume07/audit_pedagogy.py;scripts/volume07/enrich_hints.py	% PEDAGOGY-ENRICHED-VII	keep; active tooling references this marker family
VII	books/vol07_differential_geometry/chapters/ch34_hyperbolic_isometries/chapter.tex	243	PEDAGOGY-ENRICHED-VII	ACTIVE_KEEP	scripts/volume07/audit_pedagogy.py;scripts/volume07/enrich_hints.py	% PEDAGOGY-ENRICHED-VII	keep; active tooling references this marker family
VII	books/vol07_differential_geometry/chapters/ch34_hyperbolic_isometries/chapter.tex	254	PEDAGOGY-ENRICHED-VII	ACTIVE_KEEP	scripts/volume07/audit_pedagogy.py;scripts/volume07/enrich_hints.py	% PEDAGOGY-ENRICHED-VII	keep; active tooling references this marker family
VII	books/vol07_differential_geometry/chapters/ch34_hyperbolic_isometries/chapter.tex	265	PEDAGOGY-ENRICHED-VII	ACTIVE_KEEP	scripts/volume07/audit_pedagogy.py;scripts/volume07/enrich_hints.py	% PEDAGOGY-ENRICHED-VII	keep; active tooling references this marker family
VII	books/vol07_differential_geometry/chapters/ch34_hyperbolic_isometries/chapter.tex	276	PEDAGOGY-ENRICHED-VII	ACTIVE_KEEP	scripts/volume07/audit_pedagogy.py;scripts/volume07/enrich_hints.py	% PEDAGOGY-ENRICHED-VII	keep; active tooling references this marker family
VII	books/vol07_differential_geometry/chapters/ch34_hyperbolic_isometries/chapter.tex	287	PEDAGOGY-ENRICHED-VII	ACTIVE_KEEP	scripts/volume07/audit_pedagogy.py;scripts/volume07/enrich_hints.py	% PEDAGOGY-ENRICHED-VII	keep; active tooling references this marker family
VII	books/vol07_differential_geometry/chapters/ch34_hyperbolic_isometries/chapter.tex	298	PEDAGOGY-ENRICHED-VII	ACTIVE_KEEP	scripts/volume07/audit_pedagogy.py;scripts/volume07/enrich_hints.py	% PEDAGOGY-ENRICHED-VII	keep; active tooling references this marker family
VII	books/vol07_differential_geometry/chapters/ch34_hyperbolic_isometries/chapter.tex	309	PEDAGOGY-ENRICHED-VII	ACTIVE_KEEP	scripts/volume07/audit_pedagogy.py;scripts/volume07/enrich_hints.py	% PEDAGOGY-ENRICHED-VII	keep; active tooling references this marker family
VII	books/vol07_differential_geometry/chapters/ch34_hyperbolic_isometries/chapter.tex	320	PEDAGOGY-ENRICHED-VII	ACTIVE_KEEP	scripts/volume07/audit_pedagogy.py;scripts/volume07/enrich_hints.py	% PEDAGOGY-ENRICHED-VII	keep; active tooling references this marker family
VII	books/vol07_differential_geometry/chapters/ch34_hyperbolic_isometries/chapter.tex	331	PEDAGOGY-ENRICHED-VII	ACTIVE_KEEP	scripts/volume07/audit_pedagogy.py;scripts/volume07/enrich_hints.py	% PEDAGOGY-ENRICHED-VII	keep; active tooling references this marker family
VII	books/vol07_differential_geometry/chapters/ch34_hyperbolic_isometries/chapter.tex	342	PEDAGOGY-ENRICHED-VII	ACTIVE_KEEP	scripts/volume07/audit_pedagogy.py;scripts/volume07/enrich_hints.py	% PEDAGOGY-ENRICHED-VII	keep; active tooling references this marker family
VII	books/vol07_differential_geometry/chapters/ch34_hyperbolic_isometries/chapter.tex	353	PEDAGOGY-ENRICHED-VII	ACTIVE_KEEP	scripts/volume07/audit_pedagogy.py;scripts/volume07/enrich_hints.py	% PEDAGOGY-ENRICHED-VII	keep; active tooling references this marker family
VII	books/vol07_differential_geometry/chapters/ch34_hyperbolic_isometries/chapter.tex	364	PEDAGOGY-ENRICHED-VII	ACTIVE_KEEP	scripts/volume07/audit_pedagogy.py;scripts/volume07/enrich_hints.py	% PEDAGOGY-ENRICHED-VII	keep; active tooling references this marker family
VII	books/vol07_differential_geometry/chapters/ch34_hyperbolic_isometries/chapter.tex	375	PEDAGOGY-ENRICHED-VII	ACTIVE_KEEP	scripts/volume07/audit_pedagogy.py;scripts/volume07/enrich_hints.py	% PEDAGOGY-ENRICHED-VII	keep; active tooling references this marker family
VII	books/vol07_differential_geometry/chapters/ch34_hyperbolic_isometries/chapter.tex	386	PEDAGOGY-ENRICHED-VII	ACTIVE_KEEP	scripts/volume07/audit_pedagogy.py;scripts/volume07/enrich_hints.py	% PEDAGOGY-ENRICHED-VII	keep; active tooling references this marker family
VII	books/vol07_differential_geometry/chapters/ch34_hyperbolic_isometries/chapter.tex	397	PEDAGOGY-ENRICHED-VII	ACTIVE_KEEP	scripts/volume07/audit_pedagogy.py;scripts/volume07/enrich_hints.py	% PEDAGOGY-ENRICHED-VII	keep; active tooling references this marker family
VII	books/vol07_differential_geometry/chapters/ch34_hyperbolic_isometries/chapter.tex	408	PEDAGOGY-ENRICHED-VII	ACTIVE_KEEP	scripts/volume07/audit_pedagogy.py;scripts/volume07/enrich_hints.py	% PEDAGOGY-ENRICHED-VII	keep; active tooling references this marker family
VII	books/vol07_differential_geometry/chapters/ch34_hyperbolic_isometries/chapter.tex	419	PEDAGOGY-ENRICHED-VII	ACTIVE_KEEP	scripts/volume07/audit_pedagogy.py;scripts/volume07/enrich_hints.py	% PEDAGOGY-ENRICHED-VII	keep; active tooling references this marker family
VII	books/vol07_differential_geometry/chapters/ch34_hyperbolic_isometries/chapter.tex	430	PEDAGOGY-ENRICHED-VII	ACTIVE_KEEP	scripts/volume07/audit_pedagogy.py;scripts/volume07/enrich_hints.py	% PEDAGOGY-ENRICHED-VII	keep; active tooling references this marker family
VII	books/vol07_differential_geometry/chapters/ch34_hyperbolic_isometries/chapter.tex	441	PEDAGOGY-ENRICHED-VII	ACTIVE_KEEP	scripts/volume07/audit_pedagogy.py;scripts/volume07/enrich_hints.py	% PEDAGOGY-ENRICHED-VII	keep; active tooling references this marker family
VII	books/vol07_differential_geometry/chapters/ch34_hyperbolic_isometries/chapter.tex	452	PEDAGOGY-ENRICHED-VII	ACTIVE_KEEP	scripts/volume07/audit_pedagogy.py;scripts/volume07/enrich_hints.py	% PEDAGOGY-ENRICHED-VII	keep; active tooling references this marker family
VII	books/vol07_differential_geometry/chapters/ch34_hyperbolic_isometries/chapter.tex	463	PEDAGOGY-ENRICHED-VII	ACTIVE_KEEP	scripts/volume07/audit_pedagogy.py;scripts/volume07/enrich_hints.py	% PEDAGOGY-ENRICHED-VII	keep; active tooling references this marker family
VII	books/vol07_differential_geometry/chapters/ch34_hyperbolic_isometries/chapter.tex	474	PEDAGOGY-ENRICHED-VII	ACTIVE_KEEP	scripts/volume07/audit_pedagogy.py;scripts/volume07/enrich_hints.py	% PEDAGOGY-ENRICHED-VII	keep; active tooling references this marker family
VII	books/vol07_differential_geometry/chapters/ch34_hyperbolic_isometries/chapter.tex	485	PEDAGOGY-ENRICHED-VII	ACTIVE_KEEP	scripts/volume07/audit_pedagogy.py;scripts/volume07/enrich_hints.py	% PEDAGOGY-ENRICHED-VII	keep; active tooling references this marker family
VII	books/vol07_differential_geometry/chapters/ch34_hyperbolic_isometries/pedagogy_expansion.tex	1	VOL07-EXPANSION	ACTIVE_KEEP	scripts/volume07/audit_example_exercise_expansion.py;scripts/volume07/reconcile_example_exercise_evidence.py	% BEGIN VOL07-EXPANSION VII34	keep; active tooling references this marker family
VII	books/vol07_differential_geometry/chapters/ch34_hyperbolic_isometries/pedagogy_expansion.tex	222	VOL07-EXPANSION	ACTIVE_KEEP	scripts/volume07/audit_example_exercise_expansion.py;scripts/volume07/reconcile_example_exercise_evidence.py	% END VOL07-EXPANSION VII34	keep; active tooling references this marker family
VII	books/vol07_differential_geometry/chapters/ch35_fuchsian_groups/chapter.tex	156	PEDAGOGY-ENRICHED-VII	ACTIVE_KEEP	scripts/volume07/audit_pedagogy.py;scripts/volume07/enrich_hints.py	% PEDAGOGY-ENRICHED-VII	keep; active tooling references this marker family
VII	books/vol07_differential_geometry/chapters/ch35_fuchsian_groups/chapter.tex	169	PEDAGOGY-ENRICHED-VII	ACTIVE_KEEP	scripts/volume07/audit_pedagogy.py;scripts/volume07/enrich_hints.py	% PEDAGOGY-ENRICHED-VII	keep; active tooling references this marker family
VII	books/vol07_differential_geometry/chapters/ch35_fuchsian_groups/chapter.tex	182	PEDAGOGY-ENRICHED-VII	ACTIVE_KEEP	scripts/volume07/audit_pedagogy.py;scripts/volume07/enrich_hints.py	% PEDAGOGY-ENRICHED-VII	keep; active tooling references this marker family
VII	books/vol07_differential_geometry/chapters/ch35_fuchsian_groups/chapter.tex	195	PEDAGOGY-ENRICHED-VII	ACTIVE_KEEP	scripts/volume07/audit_pedagogy.py;scripts/volume07/enrich_hints.py	% PEDAGOGY-ENRICHED-VII	keep; active tooling references this marker family
VII	books/vol07_differential_geometry/chapters/ch35_fuchsian_groups/chapter.tex	208	PEDAGOGY-ENRICHED-VII	ACTIVE_KEEP	scripts/volume07/audit_pedagogy.py;scripts/volume07/enrich_hints.py	% PEDAGOGY-ENRICHED-VII	keep; active tooling references this marker family
VII	books/vol07_differential_geometry/chapters/ch35_fuchsian_groups/chapter.tex	221	PEDAGOGY-ENRICHED-VII	ACTIVE_KEEP	scripts/volume07/audit_pedagogy.py;scripts/volume07/enrich_hints.py	% PEDAGOGY-ENRICHED-VII	keep; active tooling references this marker family
VII	books/vol07_differential_geometry/chapters/ch35_fuchsian_groups/chapter.tex	234	PEDAGOGY-ENRICHED-VII	ACTIVE_KEEP	scripts/volume07/audit_pedagogy.py;scripts/volume07/enrich_hints.py	% PEDAGOGY-ENRICHED-VII	keep; active tooling references this marker family
VII	books/vol07_differential_geometry/chapters/ch35_fuchsian_groups/chapter.tex	247	PEDAGOGY-ENRICHED-VII	ACTIVE_KEEP	scripts/volume07/audit_pedagogy.py;scripts/volume07/enrich_hints.py	% PEDAGOGY-ENRICHED-VII	keep; active tooling references this marker family
VII	books/vol07_differential_geometry/chapters/ch35_fuchsian_groups/chapter.tex	260	PEDAGOGY-ENRICHED-VII	ACTIVE_KEEP	scripts/volume07/audit_pedagogy.py;scripts/volume07/enrich_hints.py	% PEDAGOGY-ENRICHED-VII	keep; active tooling references this marker family
VII	books/vol07_differential_geometry/chapters/ch35_fuchsian_groups/chapter.tex	273	PEDAGOGY-ENRICHED-VII	ACTIVE_KEEP	scripts/volume07/audit_pedagogy.py;scripts/volume07/enrich_hints.py	% PEDAGOGY-ENRICHED-VII	keep; active tooling references this marker family
VII	books/vol07_differential_geometry/chapters/ch35_fuchsian_groups/chapter.tex	286	PEDAGOGY-ENRICHED-VII	ACTIVE_KEEP	scripts/volume07/audit_pedagogy.py;scripts/volume07/enrich_hints.py	% PEDAGOGY-ENRICHED-VII	keep; active tooling references this marker family
VII	books/vol07_differential_geometry/chapters/ch35_fuchsian_groups/chapter.tex	299	PEDAGOGY-ENRICHED-VII	ACTIVE_KEEP	scripts/volume07/audit_pedagogy.py;scripts/volume07/enrich_hints.py	% PEDAGOGY-ENRICHED-VII	keep; active tooling references this marker family
VII	books/vol07_differential_geometry/chapters/ch35_fuchsian_groups/chapter.tex	312	PEDAGOGY-ENRICHED-VII	ACTIVE_KEEP	scripts/volume07/audit_pedagogy.py;scripts/volume07/enrich_hints.py	% PEDAGOGY-ENRICHED-VII	keep; active tooling references this marker family
VII	books/vol07_differential_geometry/chapters/ch35_fuchsian_groups/chapter.tex	325	PEDAGOGY-ENRICHED-VII	ACTIVE_KEEP	scripts/volume07/audit_pedagogy.py;scripts/volume07/enrich_hints.py	% PEDAGOGY-ENRICHED-VII	keep; active tooling references this marker family
VII	books/vol07_differential_geometry/chapters/ch35_fuchsian_groups/chapter.tex	338	PEDAGOGY-ENRICHED-VII	ACTIVE_KEEP	scripts/volume07/audit_pedagogy.py;scripts/volume07/enrich_hints.py	% PEDAGOGY-ENRICHED-VII	keep; active tooling references this marker family
VII	books/vol07_differential_geometry/chapters/ch35_fuchsian_groups/chapter.tex	351	PEDAGOGY-ENRICHED-VII	ACTIVE_KEEP	scripts/volume07/audit_pedagogy.py;scripts/volume07/enrich_hints.py	% PEDAGOGY-ENRICHED-VII	keep; active tooling references this marker family
VII	books/vol07_differential_geometry/chapters/ch35_fuchsian_groups/chapter.tex	364	PEDAGOGY-ENRICHED-VII	ACTIVE_KEEP	scripts/volume07/audit_pedagogy.py;scripts/volume07/enrich_hints.py	% PEDAGOGY-ENRICHED-VII	keep; active tooling references this marker family
VII	books/vol07_differential_geometry/chapters/ch35_fuchsian_groups/chapter.tex	377	PEDAGOGY-ENRICHED-VII	ACTIVE_KEEP	scripts/volume07/audit_pedagogy.py;scripts/volume07/enrich_hints.py	% PEDAGOGY-ENRICHED-VII	keep; active tooling references this marker family
VII	books/vol07_differential_geometry/chapters/ch35_fuchsian_groups/chapter.tex	390	PEDAGOGY-ENRICHED-VII	ACTIVE_KEEP	scripts/volume07/audit_pedagogy.py;scripts/volume07/enrich_hints.py	% PEDAGOGY-ENRICHED-VII	keep; active tooling references this marker family
VII	books/vol07_differential_geometry/chapters/ch35_fuchsian_groups/chapter.tex	403	PEDAGOGY-ENRICHED-VII	ACTIVE_KEEP	scripts/volume07/audit_pedagogy.py;scripts/volume07/enrich_hints.py	% PEDAGOGY-ENRICHED-VII	keep; active tooling references this marker family
VII	books/vol07_differential_geometry/chapters/ch35_fuchsian_groups/chapter.tex	416	PEDAGOGY-ENRICHED-VII	ACTIVE_KEEP	scripts/volume07/audit_pedagogy.py;scripts/volume07/enrich_hints.py	% PEDAGOGY-ENRICHED-VII	keep; active tooling references this marker family
VII	books/vol07_differential_geometry/chapters/ch35_fuchsian_groups/chapter.tex	429	PEDAGOGY-ENRICHED-VII	ACTIVE_KEEP	scripts/volume07/audit_pedagogy.py;scripts/volume07/enrich_hints.py	% PEDAGOGY-ENRICHED-VII	keep; active tooling references this marker family
VII	books/vol07_differential_geometry/chapters/ch35_fuchsian_groups/chapter.tex	442	PEDAGOGY-ENRICHED-VII	ACTIVE_KEEP	scripts/volume07/audit_pedagogy.py;scripts/volume07/enrich_hints.py	% PEDAGOGY-ENRICHED-VII	keep; active tooling references this marker family
VII	books/vol07_differential_geometry/chapters/ch35_fuchsian_groups/chapter.tex	455	PEDAGOGY-ENRICHED-VII	ACTIVE_KEEP	scripts/volume07/audit_pedagogy.py;scripts/volume07/enrich_hints.py	% PEDAGOGY-ENRICHED-VII	keep; active tooling references this marker family
VII	books/vol07_differential_geometry/chapters/ch35_fuchsian_groups/pedagogy_expansion.tex	1	VOL07-EXPANSION	ACTIVE_KEEP	scripts/volume07/audit_example_exercise_expansion.py;scripts/volume07/reconcile_example_exercise_evidence.py	% BEGIN VOL07-EXPANSION VII35	keep; active tooling references this marker family
VII	books/vol07_differential_geometry/chapters/ch35_fuchsian_groups/pedagogy_expansion.tex	222	VOL07-EXPANSION	ACTIVE_KEEP	scripts/volume07/audit_example_exercise_expansion.py;scripts/volume07/reconcile_example_exercise_evidence.py	% END VOL07-EXPANSION VII35	keep; active tooling references this marker family
VII	books/vol07_differential_geometry/chapters/ch36_hyperbolic_three_space_and_psl_2_c/chapter.tex	153	PEDAGOGY-ENRICHED-VII	ACTIVE_KEEP	scripts/volume07/audit_pedagogy.py;scripts/volume07/enrich_hints.py	% PEDAGOGY-ENRICHED-VII	keep; active tooling references this marker family
VII	books/vol07_differential_geometry/chapters/ch36_hyperbolic_three_space_and_psl_2_c/chapter.tex	166	PEDAGOGY-ENRICHED-VII	ACTIVE_KEEP	scripts/volume07/audit_pedagogy.py;scripts/volume07/enrich_hints.py	% PEDAGOGY-ENRICHED-VII	keep; active tooling references this marker family
VII	books/vol07_differential_geometry/chapters/ch36_hyperbolic_three_space_and_psl_2_c/chapter.tex	179	PEDAGOGY-ENRICHED-VII	ACTIVE_KEEP	scripts/volume07/audit_pedagogy.py;scripts/volume07/enrich_hints.py	% PEDAGOGY-ENRICHED-VII	keep; active tooling references this marker family
VII	books/vol07_differential_geometry/chapters/ch36_hyperbolic_three_space_and_psl_2_c/chapter.tex	192	PEDAGOGY-ENRICHED-VII	ACTIVE_KEEP	scripts/volume07/audit_pedagogy.py;scripts/volume07/enrich_hints.py	% PEDAGOGY-ENRICHED-VII	keep; active tooling references this marker family
VII	books/vol07_differential_geometry/chapters/ch36_hyperbolic_three_space_and_psl_2_c/chapter.tex	205	PEDAGOGY-ENRICHED-VII	ACTIVE_KEEP	scripts/volume07/audit_pedagogy.py;scripts/volume07/enrich_hints.py	% PEDAGOGY-ENRICHED-VII	keep; active tooling references this marker family
VII	books/vol07_differential_geometry/chapters/ch36_hyperbolic_three_space_and_psl_2_c/chapter.tex	218	PEDAGOGY-ENRICHED-VII	ACTIVE_KEEP	scripts/volume07/audit_pedagogy.py;scripts/volume07/enrich_hints.py	% PEDAGOGY-ENRICHED-VII	keep; active tooling references this marker family
VII	books/vol07_differential_geometry/chapters/ch36_hyperbolic_three_space_and_psl_2_c/chapter.tex	231	PEDAGOGY-ENRICHED-VII	ACTIVE_KEEP	scripts/volume07/audit_pedagogy.py;scripts/volume07/enrich_hints.py	% PEDAGOGY-ENRICHED-VII	keep; active tooling references this marker family
VII	books/vol07_differential_geometry/chapters/ch36_hyperbolic_three_space_and_psl_2_c/chapter.tex	244	PEDAGOGY-ENRICHED-VII	ACTIVE_KEEP	scripts/volume07/audit_pedagogy.py;scripts/volume07/enrich_hints.py	% PEDAGOGY-ENRICHED-VII	keep; active tooling references this marker family
VII	books/vol07_differential_geometry/chapters/ch36_hyperbolic_three_space_and_psl_2_c/chapter.tex	257	PEDAGOGY-ENRICHED-VII	ACTIVE_KEEP	scripts/volume07/audit_pedagogy.py;scripts/volume07/enrich_hints.py	% PEDAGOGY-ENRICHED-VII	keep; active tooling references this marker family
VII	books/vol07_differential_geometry/chapters/ch36_hyperbolic_three_space_and_psl_2_c/chapter.tex	270	PEDAGOGY-ENRICHED-VII	ACTIVE_KEEP	scripts/volume07/audit_pedagogy.py;scripts/volume07/enrich_hints.py	% PEDAGOGY-ENRICHED-VII	keep; active tooling references this marker family
VII	books/vol07_differential_geometry/chapters/ch36_hyperbolic_three_space_and_psl_2_c/chapter.tex	283	PEDAGOGY-ENRICHED-VII	ACTIVE_KEEP	scripts/volume07/audit_pedagogy.py;scripts/volume07/enrich_hints.py	% PEDAGOGY-ENRICHED-VII	keep; active tooling references this marker family
VII	books/vol07_differential_geometry/chapters/ch36_hyperbolic_three_space_and_psl_2_c/chapter.tex	296	PEDAGOGY-ENRICHED-VII	ACTIVE_KEEP	scripts/volume07/audit_pedagogy.py;scripts/volume07/enrich_hints.py	% PEDAGOGY-ENRICHED-VII	keep; active tooling references this marker family
VII	books/vol07_differential_geometry/chapters/ch36_hyperbolic_three_space_and_psl_2_c/chapter.tex	309	PEDAGOGY-ENRICHED-VII	ACTIVE_KEEP	scripts/volume07/audit_pedagogy.py;scripts/volume07/enrich_hints.py	% PEDAGOGY-ENRICHED-VII	keep; active tooling references this marker family
VII	books/vol07_differential_geometry/chapters/ch36_hyperbolic_three_space_and_psl_2_c/chapter.tex	322	PEDAGOGY-ENRICHED-VII	ACTIVE_KEEP	scripts/volume07/audit_pedagogy.py;scripts/volume07/enrich_hints.py	% PEDAGOGY-ENRICHED-VII	keep; active tooling references this marker family
VII	books/vol07_differential_geometry/chapters/ch36_hyperbolic_three_space_and_psl_2_c/chapter.tex	335	PEDAGOGY-ENRICHED-VII	ACTIVE_KEEP	scripts/volume07/audit_pedagogy.py;scripts/volume07/enrich_hints.py	% PEDAGOGY-ENRICHED-VII	keep; active tooling references this marker family
VII	books/vol07_differential_geometry/chapters/ch36_hyperbolic_three_space_and_psl_2_c/chapter.tex	348	PEDAGOGY-ENRICHED-VII	ACTIVE_KEEP	scripts/volume07/audit_pedagogy.py;scripts/volume07/enrich_hints.py	% PEDAGOGY-ENRICHED-VII	keep; active tooling references this marker family
VII	books/vol07_differential_geometry/chapters/ch36_hyperbolic_three_space_and_psl_2_c/chapter.tex	361	PEDAGOGY-ENRICHED-VII	ACTIVE_KEEP	scripts/volume07/audit_pedagogy.py;scripts/volume07/enrich_hints.py	% PEDAGOGY-ENRICHED-VII	keep; active tooling references this marker family
VII	books/vol07_differential_geometry/chapters/ch36_hyperbolic_three_space_and_psl_2_c/chapter.tex	374	PEDAGOGY-ENRICHED-VII	ACTIVE_KEEP	scripts/volume07/audit_pedagogy.py;scripts/volume07/enrich_hints.py	% PEDAGOGY-ENRICHED-VII	keep; active tooling references this marker family
VII	books/vol07_differential_geometry/chapters/ch36_hyperbolic_three_space_and_psl_2_c/chapter.tex	387	PEDAGOGY-ENRICHED-VII	ACTIVE_KEEP	scripts/volume07/audit_pedagogy.py;scripts/volume07/enrich_hints.py	% PEDAGOGY-ENRICHED-VII	keep; active tooling references this marker family
VII	books/vol07_differential_geometry/chapters/ch36_hyperbolic_three_space_and_psl_2_c/chapter.tex	400	PEDAGOGY-ENRICHED-VII	ACTIVE_KEEP	scripts/volume07/audit_pedagogy.py;scripts/volume07/enrich_hints.py	% PEDAGOGY-ENRICHED-VII	keep; active tooling references this marker family
VII	books/vol07_differential_geometry/chapters/ch36_hyperbolic_three_space_and_psl_2_c/chapter.tex	413	PEDAGOGY-ENRICHED-VII	ACTIVE_KEEP	scripts/volume07/audit_pedagogy.py;scripts/volume07/enrich_hints.py	% PEDAGOGY-ENRICHED-VII	keep; active tooling references this marker family
VII	books/vol07_differential_geometry/chapters/ch36_hyperbolic_three_space_and_psl_2_c/chapter.tex	426	PEDAGOGY-ENRICHED-VII	ACTIVE_KEEP	scripts/volume07/audit_pedagogy.py;scripts/volume07/enrich_hints.py	% PEDAGOGY-ENRICHED-VII	keep; active tooling references this marker family
VII	books/vol07_differential_geometry/chapters/ch36_hyperbolic_three_space_and_psl_2_c/chapter.tex	439	PEDAGOGY-ENRICHED-VII	ACTIVE_KEEP	scripts/volume07/audit_pedagogy.py;scripts/volume07/enrich_hints.py	% PEDAGOGY-ENRICHED-VII	keep; active tooling references this marker family
VII	books/vol07_differential_geometry/chapters/ch36_hyperbolic_three_space_and_psl_2_c/chapter.tex	452	PEDAGOGY-ENRICHED-VII	ACTIVE_KEEP	scripts/volume07/audit_pedagogy.py;scripts/volume07/enrich_hints.py	% PEDAGOGY-ENRICHED-VII	keep; active tooling references this marker family
VII	books/vol07_differential_geometry/chapters/ch36_hyperbolic_three_space_and_psl_2_c/pedagogy_expansion.tex	1	VOL07-EXPANSION	ACTIVE_KEEP	scripts/volume07/audit_example_exercise_expansion.py;scripts/volume07/reconcile_example_exercise_evidence.py	% BEGIN VOL07-EXPANSION VII36	keep; active tooling references this marker family
VII	books/vol07_differential_geometry/chapters/ch36_hyperbolic_three_space_and_psl_2_c/pedagogy_expansion.tex	222	VOL07-EXPANSION	ACTIVE_KEEP	scripts/volume07/audit_example_exercise_expansion.py;scripts/volume07/reconcile_example_exercise_evidence.py	% END VOL07-EXPANSION VII36	keep; active tooling references this marker family
VII	books/vol07_differential_geometry/chapters/ch37_kleinian_groups_and_boundary_geometry/chapter.tex	131	PEDAGOGY-ENRICHED-VII	ACTIVE_KEEP	scripts/volume07/audit_pedagogy.py;scripts/volume07/enrich_hints.py	% PEDAGOGY-ENRICHED-VII	keep; active tooling references this marker family
VII	books/vol07_differential_geometry/chapters/ch37_kleinian_groups_and_boundary_geometry/chapter.tex	144	PEDAGOGY-ENRICHED-VII	ACTIVE_KEEP	scripts/volume07/audit_pedagogy.py;scripts/volume07/enrich_hints.py	% PEDAGOGY-ENRICHED-VII	keep; active tooling references this marker family
VII	books/vol07_differential_geometry/chapters/ch37_kleinian_groups_and_boundary_geometry/chapter.tex	157	PEDAGOGY-ENRICHED-VII	ACTIVE_KEEP	scripts/volume07/audit_pedagogy.py;scripts/volume07/enrich_hints.py	% PEDAGOGY-ENRICHED-VII	keep; active tooling references this marker family
VII	books/vol07_differential_geometry/chapters/ch37_kleinian_groups_and_boundary_geometry/chapter.tex	170	PEDAGOGY-ENRICHED-VII	ACTIVE_KEEP	scripts/volume07/audit_pedagogy.py;scripts/volume07/enrich_hints.py	% PEDAGOGY-ENRICHED-VII	keep; active tooling references this marker family
VII	books/vol07_differential_geometry/chapters/ch37_kleinian_groups_and_boundary_geometry/chapter.tex	183	PEDAGOGY-ENRICHED-VII	ACTIVE_KEEP	scripts/volume07/audit_pedagogy.py;scripts/volume07/enrich_hints.py	% PEDAGOGY-ENRICHED-VII	keep; active tooling references this marker family
VII	books/vol07_differential_geometry/chapters/ch37_kleinian_groups_and_boundary_geometry/chapter.tex	196	PEDAGOGY-ENRICHED-VII	ACTIVE_KEEP	scripts/volume07/audit_pedagogy.py;scripts/volume07/enrich_hints.py	% PEDAGOGY-ENRICHED-VII	keep; active tooling references this marker family
VII	books/vol07_differential_geometry/chapters/ch37_kleinian_groups_and_boundary_geometry/chapter.tex	209	PEDAGOGY-ENRICHED-VII	ACTIVE_KEEP	scripts/volume07/audit_pedagogy.py;scripts/volume07/enrich_hints.py	% PEDAGOGY-ENRICHED-VII	keep; active tooling references this marker family
VII	books/vol07_differential_geometry/chapters/ch37_kleinian_groups_and_boundary_geometry/chapter.tex	222	PEDAGOGY-ENRICHED-VII	ACTIVE_KEEP	scripts/volume07/audit_pedagogy.py;scripts/volume07/enrich_hints.py	% PEDAGOGY-ENRICHED-VII	keep; active tooling references this marker family
VII	books/vol07_differential_geometry/chapters/ch37_kleinian_groups_and_boundary_geometry/chapter.tex	235	PEDAGOGY-ENRICHED-VII	ACTIVE_KEEP	scripts/volume07/audit_pedagogy.py;scripts/volume07/enrich_hints.py	% PEDAGOGY-ENRICHED-VII	keep; active tooling references this marker family
VII	books/vol07_differential_geometry/chapters/ch37_kleinian_groups_and_boundary_geometry/chapter.tex	248	PEDAGOGY-ENRICHED-VII	ACTIVE_KEEP	scripts/volume07/audit_pedagogy.py;scripts/volume07/enrich_hints.py	% PEDAGOGY-ENRICHED-VII	keep; active tooling references this marker family
VII	books/vol07_differential_geometry/chapters/ch37_kleinian_groups_and_boundary_geometry/chapter.tex	261	PEDAGOGY-ENRICHED-VII	ACTIVE_KEEP	scripts/volume07/audit_pedagogy.py;scripts/volume07/enrich_hints.py	% PEDAGOGY-ENRICHED-VII	keep; active tooling references this marker family
VII	books/vol07_differential_geometry/chapters/ch37_kleinian_groups_and_boundary_geometry/chapter.tex	274	PEDAGOGY-ENRICHED-VII	ACTIVE_KEEP	scripts/volume07/audit_pedagogy.py;scripts/volume07/enrich_hints.py	% PEDAGOGY-ENRICHED-VII	keep; active tooling references this marker family
VII	books/vol07_differential_geometry/chapters/ch37_kleinian_groups_and_boundary_geometry/chapter.tex	287	PEDAGOGY-ENRICHED-VII	ACTIVE_KEEP	scripts/volume07/audit_pedagogy.py;scripts/volume07/enrich_hints.py	% PEDAGOGY-ENRICHED-VII	keep; active tooling references this marker family
VII	books/vol07_differential_geometry/chapters/ch37_kleinian_groups_and_boundary_geometry/chapter.tex	300	PEDAGOGY-ENRICHED-VII	ACTIVE_KEEP	scripts/volume07/audit_pedagogy.py;scripts/volume07/enrich_hints.py	% PEDAGOGY-ENRICHED-VII	keep; active tooling references this marker family
VII	books/vol07_differential_geometry/chapters/ch37_kleinian_groups_and_boundary_geometry/chapter.tex	313	PEDAGOGY-ENRICHED-VII	ACTIVE_KEEP	scripts/volume07/audit_pedagogy.py;scripts/volume07/enrich_hints.py	% PEDAGOGY-ENRICHED-VII	keep; active tooling references this marker family
VII	books/vol07_differential_geometry/chapters/ch37_kleinian_groups_and_boundary_geometry/chapter.tex	326	PEDAGOGY-ENRICHED-VII	ACTIVE_KEEP	scripts/volume07/audit_pedagogy.py;scripts/volume07/enrich_hints.py	% PEDAGOGY-ENRICHED-VII	keep; active tooling references this marker family
VII	books/vol07_differential_geometry/chapters/ch37_kleinian_groups_and_boundary_geometry/chapter.tex	339	PEDAGOGY-ENRICHED-VII	ACTIVE_KEEP	scripts/volume07/audit_pedagogy.py;scripts/volume07/enrich_hints.py	% PEDAGOGY-ENRICHED-VII	keep; active tooling references this marker family
VII	books/vol07_differential_geometry/chapters/ch37_kleinian_groups_and_boundary_geometry/chapter.tex	352	PEDAGOGY-ENRICHED-VII	ACTIVE_KEEP	scripts/volume07/audit_pedagogy.py;scripts/volume07/enrich_hints.py	% PEDAGOGY-ENRICHED-VII	keep; active tooling references this marker family
VII	books/vol07_differential_geometry/chapters/ch37_kleinian_groups_and_boundary_geometry/chapter.tex	365	PEDAGOGY-ENRICHED-VII	ACTIVE_KEEP	scripts/volume07/audit_pedagogy.py;scripts/volume07/enrich_hints.py	% PEDAGOGY-ENRICHED-VII	keep; active tooling references this marker family
VII	books/vol07_differential_geometry/chapters/ch37_kleinian_groups_and_boundary_geometry/chapter.tex	378	PEDAGOGY-ENRICHED-VII	ACTIVE_KEEP	scripts/volume07/audit_pedagogy.py;scripts/volume07/enrich_hints.py	% PEDAGOGY-ENRICHED-VII	keep; active tooling references this marker family
VII	books/vol07_differential_geometry/chapters/ch37_kleinian_groups_and_boundary_geometry/chapter.tex	391	PEDAGOGY-ENRICHED-VII	ACTIVE_KEEP	scripts/volume07/audit_pedagogy.py;scripts/volume07/enrich_hints.py	% PEDAGOGY-ENRICHED-VII	keep; active tooling references this marker family
VII	books/vol07_differential_geometry/chapters/ch37_kleinian_groups_and_boundary_geometry/chapter.tex	404	PEDAGOGY-ENRICHED-VII	ACTIVE_KEEP	scripts/volume07/audit_pedagogy.py;scripts/volume07/enrich_hints.py	% PEDAGOGY-ENRICHED-VII	keep; active tooling references this marker family
VII	books/vol07_differential_geometry/chapters/ch37_kleinian_groups_and_boundary_geometry/chapter.tex	417	PEDAGOGY-ENRICHED-VII	ACTIVE_KEEP	scripts/volume07/audit_pedagogy.py;scripts/volume07/enrich_hints.py	% PEDAGOGY-ENRICHED-VII	keep; active tooling references this marker family
VII	books/vol07_differential_geometry/chapters/ch37_kleinian_groups_and_boundary_geometry/chapter.tex	430	PEDAGOGY-ENRICHED-VII	ACTIVE_KEEP	scripts/volume07/audit_pedagogy.py;scripts/volume07/enrich_hints.py	% PEDAGOGY-ENRICHED-VII	keep; active tooling references this marker family
VII	books/vol07_differential_geometry/chapters/ch37_kleinian_groups_and_boundary_geometry/pedagogy_expansion.tex	1	VOL07-EXPANSION	ACTIVE_KEEP	scripts/volume07/audit_example_exercise_expansion.py;scripts/volume07/reconcile_example_exercise_evidence.py	% BEGIN VOL07-EXPANSION VII37	keep; active tooling references this marker family
VII	books/vol07_differential_geometry/chapters/ch37_kleinian_groups_and_boundary_geometry/pedagogy_expansion.tex	222	VOL07-EXPANSION	ACTIVE_KEEP	scripts/volume07/audit_example_exercise_expansion.py;scripts/volume07/reconcile_example_exercise_evidence.py	% END VOL07-EXPANSION VII37	keep; active tooling references this marker family
VII	books/vol07_differential_geometry/chapters/ch38_discrete_geodesic_problems/chapter.tex	247	PEDAGOGY-ENRICHED-VII	ACTIVE_KEEP	scripts/volume07/audit_pedagogy.py;scripts/volume07/enrich_hints.py	% PEDAGOGY-ENRICHED-VII	keep; active tooling references this marker family
VII	books/vol07_differential_geometry/chapters/ch38_discrete_geodesic_problems/chapter.tex	260	PEDAGOGY-ENRICHED-VII	ACTIVE_KEEP	scripts/volume07/audit_pedagogy.py;scripts/volume07/enrich_hints.py	% PEDAGOGY-ENRICHED-VII	keep; active tooling references this marker family
VII	books/vol07_differential_geometry/chapters/ch38_discrete_geodesic_problems/chapter.tex	273	PEDAGOGY-ENRICHED-VII	ACTIVE_KEEP	scripts/volume07/audit_pedagogy.py;scripts/volume07/enrich_hints.py	% PEDAGOGY-ENRICHED-VII	keep; active tooling references this marker family
VII	books/vol07_differential_geometry/chapters/ch38_discrete_geodesic_problems/chapter.tex	286	PEDAGOGY-ENRICHED-VII	ACTIVE_KEEP	scripts/volume07/audit_pedagogy.py;scripts/volume07/enrich_hints.py	% PEDAGOGY-ENRICHED-VII	keep; active tooling references this marker family
VII	books/vol07_differential_geometry/chapters/ch38_discrete_geodesic_problems/chapter.tex	299	PEDAGOGY-ENRICHED-VII	ACTIVE_KEEP	scripts/volume07/audit_pedagogy.py;scripts/volume07/enrich_hints.py	% PEDAGOGY-ENRICHED-VII	keep; active tooling references this marker family
VII	books/vol07_differential_geometry/chapters/ch38_discrete_geodesic_problems/chapter.tex	312	PEDAGOGY-ENRICHED-VII	ACTIVE_KEEP	scripts/volume07/audit_pedagogy.py;scripts/volume07/enrich_hints.py	% PEDAGOGY-ENRICHED-VII	keep; active tooling references this marker family
VII	books/vol07_differential_geometry/chapters/ch38_discrete_geodesic_problems/chapter.tex	325	PEDAGOGY-ENRICHED-VII	ACTIVE_KEEP	scripts/volume07/audit_pedagogy.py;scripts/volume07/enrich_hints.py	% PEDAGOGY-ENRICHED-VII	keep; active tooling references this marker family
VII	books/vol07_differential_geometry/chapters/ch38_discrete_geodesic_problems/chapter.tex	338	PEDAGOGY-ENRICHED-VII	ACTIVE_KEEP	scripts/volume07/audit_pedagogy.py;scripts/volume07/enrich_hints.py	% PEDAGOGY-ENRICHED-VII	keep; active tooling references this marker family
VII	books/vol07_differential_geometry/chapters/ch38_discrete_geodesic_problems/chapter.tex	351	PEDAGOGY-ENRICHED-VII	ACTIVE_KEEP	scripts/volume07/audit_pedagogy.py;scripts/volume07/enrich_hints.py	% PEDAGOGY-ENRICHED-VII	keep; active tooling references this marker family
VII	books/vol07_differential_geometry/chapters/ch38_discrete_geodesic_problems/chapter.tex	364	PEDAGOGY-ENRICHED-VII	ACTIVE_KEEP	scripts/volume07/audit_pedagogy.py;scripts/volume07/enrich_hints.py	% PEDAGOGY-ENRICHED-VII	keep; active tooling references this marker family
VII	books/vol07_differential_geometry/chapters/ch38_discrete_geodesic_problems/chapter.tex	377	PEDAGOGY-ENRICHED-VII	ACTIVE_KEEP	scripts/volume07/audit_pedagogy.py;scripts/volume07/enrich_hints.py	% PEDAGOGY-ENRICHED-VII	keep; active tooling references this marker family
VII	books/vol07_differential_geometry/chapters/ch38_discrete_geodesic_problems/chapter.tex	390	PEDAGOGY-ENRICHED-VII	ACTIVE_KEEP	scripts/volume07/audit_pedagogy.py;scripts/volume07/enrich_hints.py	% PEDAGOGY-ENRICHED-VII	keep; active tooling references this marker family
VII	books/vol07_differential_geometry/chapters/ch38_discrete_geodesic_problems/chapter.tex	403	PEDAGOGY-ENRICHED-VII	ACTIVE_KEEP	scripts/volume07/audit_pedagogy.py;scripts/volume07/enrich_hints.py	% PEDAGOGY-ENRICHED-VII	keep; active tooling references this marker family
VII	books/vol07_differential_geometry/chapters/ch38_discrete_geodesic_problems/chapter.tex	416	PEDAGOGY-ENRICHED-VII	ACTIVE_KEEP	scripts/volume07/audit_pedagogy.py;scripts/volume07/enrich_hints.py	% PEDAGOGY-ENRICHED-VII	keep; active tooling references this marker family
VII	books/vol07_differential_geometry/chapters/ch38_discrete_geodesic_problems/chapter.tex	429	PEDAGOGY-ENRICHED-VII	ACTIVE_KEEP	scripts/volume07/audit_pedagogy.py;scripts/volume07/enrich_hints.py	% PEDAGOGY-ENRICHED-VII	keep; active tooling references this marker family
VII	books/vol07_differential_geometry/chapters/ch38_discrete_geodesic_problems/chapter.tex	442	PEDAGOGY-ENRICHED-VII	ACTIVE_KEEP	scripts/volume07/audit_pedagogy.py;scripts/volume07/enrich_hints.py	% PEDAGOGY-ENRICHED-VII	keep; active tooling references this marker family
VII	books/vol07_differential_geometry/chapters/ch38_discrete_geodesic_problems/chapter.tex	455	PEDAGOGY-ENRICHED-VII	ACTIVE_KEEP	scripts/volume07/audit_pedagogy.py;scripts/volume07/enrich_hints.py	% PEDAGOGY-ENRICHED-VII	keep; active tooling references this marker family
VII	books/vol07_differential_geometry/chapters/ch38_discrete_geodesic_problems/chapter.tex	468	PEDAGOGY-ENRICHED-VII	ACTIVE_KEEP	scripts/volume07/audit_pedagogy.py;scripts/volume07/enrich_hints.py	% PEDAGOGY-ENRICHED-VII	keep; active tooling references this marker family
VII	books/vol07_differential_geometry/chapters/ch38_discrete_geodesic_problems/chapter.tex	481	PEDAGOGY-ENRICHED-VII	ACTIVE_KEEP	scripts/volume07/audit_pedagogy.py;scripts/volume07/enrich_hints.py	% PEDAGOGY-ENRICHED-VII	keep; active tooling references this marker family
VII	books/vol07_differential_geometry/chapters/ch38_discrete_geodesic_problems/chapter.tex	494	PEDAGOGY-ENRICHED-VII	ACTIVE_KEEP	scripts/volume07/audit_pedagogy.py;scripts/volume07/enrich_hints.py	% PEDAGOGY-ENRICHED-VII	keep; active tooling references this marker family
VII	books/vol07_differential_geometry/chapters/ch38_discrete_geodesic_problems/chapter.tex	507	PEDAGOGY-ENRICHED-VII	ACTIVE_KEEP	scripts/volume07/audit_pedagogy.py;scripts/volume07/enrich_hints.py	% PEDAGOGY-ENRICHED-VII	keep; active tooling references this marker family
VII	books/vol07_differential_geometry/chapters/ch38_discrete_geodesic_problems/chapter.tex	520	PEDAGOGY-ENRICHED-VII	ACTIVE_KEEP	scripts/volume07/audit_pedagogy.py;scripts/volume07/enrich_hints.py	% PEDAGOGY-ENRICHED-VII	keep; active tooling references this marker family
VII	books/vol07_differential_geometry/chapters/ch38_discrete_geodesic_problems/chapter.tex	533	PEDAGOGY-ENRICHED-VII	ACTIVE_KEEP	scripts/volume07/audit_pedagogy.py;scripts/volume07/enrich_hints.py	% PEDAGOGY-ENRICHED-VII	keep; active tooling references this marker family
VII	books/vol07_differential_geometry/chapters/ch38_discrete_geodesic_problems/chapter.tex	546	PEDAGOGY-ENRICHED-VII	ACTIVE_KEEP	scripts/volume07/audit_pedagogy.py;scripts/volume07/enrich_hints.py	% PEDAGOGY-ENRICHED-VII	keep; active tooling references this marker family
VII	books/vol07_differential_geometry/chapters/ch38_discrete_geodesic_problems/pedagogy_expansion.tex	1	VOL07-EXPANSION	ACTIVE_KEEP	scripts/volume07/audit_example_exercise_expansion.py;scripts/volume07/reconcile_example_exercise_evidence.py	% BEGIN VOL07-EXPANSION VII38	keep; active tooling references this marker family
VII	books/vol07_differential_geometry/chapters/ch38_discrete_geodesic_problems/pedagogy_expansion.tex	222	VOL07-EXPANSION	ACTIVE_KEEP	scripts/volume07/audit_example_exercise_expansion.py;scripts/volume07/reconcile_example_exercise_evidence.py	% END VOL07-EXPANSION VII38	keep; active tooling references this marker family
VII	books/vol07_differential_geometry/chapters/ch39_graph_and_exact_mesh_geodesics/chapter.tex	227	PEDAGOGY-ENRICHED-VII	ACTIVE_KEEP	scripts/volume07/audit_pedagogy.py;scripts/volume07/enrich_hints.py	% PEDAGOGY-ENRICHED-VII	keep; active tooling references this marker family
VII	books/vol07_differential_geometry/chapters/ch39_graph_and_exact_mesh_geodesics/chapter.tex	240	PEDAGOGY-ENRICHED-VII	ACTIVE_KEEP	scripts/volume07/audit_pedagogy.py;scripts/volume07/enrich_hints.py	% PEDAGOGY-ENRICHED-VII	keep; active tooling references this marker family
VII	books/vol07_differential_geometry/chapters/ch39_graph_and_exact_mesh_geodesics/chapter.tex	253	PEDAGOGY-ENRICHED-VII	ACTIVE_KEEP	scripts/volume07/audit_pedagogy.py;scripts/volume07/enrich_hints.py	% PEDAGOGY-ENRICHED-VII	keep; active tooling references this marker family
VII	books/vol07_differential_geometry/chapters/ch39_graph_and_exact_mesh_geodesics/chapter.tex	266	PEDAGOGY-ENRICHED-VII	ACTIVE_KEEP	scripts/volume07/audit_pedagogy.py;scripts/volume07/enrich_hints.py	% PEDAGOGY-ENRICHED-VII	keep; active tooling references this marker family
VII	books/vol07_differential_geometry/chapters/ch39_graph_and_exact_mesh_geodesics/chapter.tex	279	PEDAGOGY-ENRICHED-VII	ACTIVE_KEEP	scripts/volume07/audit_pedagogy.py;scripts/volume07/enrich_hints.py	% PEDAGOGY-ENRICHED-VII	keep; active tooling references this marker family
VII	books/vol07_differential_geometry/chapters/ch39_graph_and_exact_mesh_geodesics/chapter.tex	292	PEDAGOGY-ENRICHED-VII	ACTIVE_KEEP	scripts/volume07/audit_pedagogy.py;scripts/volume07/enrich_hints.py	% PEDAGOGY-ENRICHED-VII	keep; active tooling references this marker family
VII	books/vol07_differential_geometry/chapters/ch39_graph_and_exact_mesh_geodesics/chapter.tex	305	PEDAGOGY-ENRICHED-VII	ACTIVE_KEEP	scripts/volume07/audit_pedagogy.py;scripts/volume07/enrich_hints.py	% PEDAGOGY-ENRICHED-VII	keep; active tooling references this marker family
VII	books/vol07_differential_geometry/chapters/ch39_graph_and_exact_mesh_geodesics/chapter.tex	318	PEDAGOGY-ENRICHED-VII	ACTIVE_KEEP	scripts/volume07/audit_pedagogy.py;scripts/volume07/enrich_hints.py	% PEDAGOGY-ENRICHED-VII	keep; active tooling references this marker family
VII	books/vol07_differential_geometry/chapters/ch39_graph_and_exact_mesh_geodesics/chapter.tex	331	PEDAGOGY-ENRICHED-VII	ACTIVE_KEEP	scripts/volume07/audit_pedagogy.py;scripts/volume07/enrich_hints.py	% PEDAGOGY-ENRICHED-VII	keep; active tooling references this marker family
VII	books/vol07_differential_geometry/chapters/ch39_graph_and_exact_mesh_geodesics/chapter.tex	344	PEDAGOGY-ENRICHED-VII	ACTIVE_KEEP	scripts/volume07/audit_pedagogy.py;scripts/volume07/enrich_hints.py	% PEDAGOGY-ENRICHED-VII	keep; active tooling references this marker family
VII	books/vol07_differential_geometry/chapters/ch39_graph_and_exact_mesh_geodesics/chapter.tex	357	PEDAGOGY-ENRICHED-VII	ACTIVE_KEEP	scripts/volume07/audit_pedagogy.py;scripts/volume07/enrich_hints.py	% PEDAGOGY-ENRICHED-VII	keep; active tooling references this marker family
VII	books/vol07_differential_geometry/chapters/ch39_graph_and_exact_mesh_geodesics/chapter.tex	370	PEDAGOGY-ENRICHED-VII	ACTIVE_KEEP	scripts/volume07/audit_pedagogy.py;scripts/volume07/enrich_hints.py	% PEDAGOGY-ENRICHED-VII	keep; active tooling references this marker family
VII	books/vol07_differential_geometry/chapters/ch39_graph_and_exact_mesh_geodesics/chapter.tex	383	PEDAGOGY-ENRICHED-VII	ACTIVE_KEEP	scripts/volume07/audit_pedagogy.py;scripts/volume07/enrich_hints.py	% PEDAGOGY-ENRICHED-VII	keep; active tooling references this marker family
VII	books/vol07_differential_geometry/chapters/ch39_graph_and_exact_mesh_geodesics/chapter.tex	396	PEDAGOGY-ENRICHED-VII	ACTIVE_KEEP	scripts/volume07/audit_pedagogy.py;scripts/volume07/enrich_hints.py	% PEDAGOGY-ENRICHED-VII	keep; active tooling references this marker family
VII	books/vol07_differential_geometry/chapters/ch39_graph_and_exact_mesh_geodesics/chapter.tex	409	PEDAGOGY-ENRICHED-VII	ACTIVE_KEEP	scripts/volume07/audit_pedagogy.py;scripts/volume07/enrich_hints.py	% PEDAGOGY-ENRICHED-VII	keep; active tooling references this marker family
VII	books/vol07_differential_geometry/chapters/ch39_graph_and_exact_mesh_geodesics/chapter.tex	422	PEDAGOGY-ENRICHED-VII	ACTIVE_KEEP	scripts/volume07/audit_pedagogy.py;scripts/volume07/enrich_hints.py	% PEDAGOGY-ENRICHED-VII	keep; active tooling references this marker family
VII	books/vol07_differential_geometry/chapters/ch39_graph_and_exact_mesh_geodesics/chapter.tex	435	PEDAGOGY-ENRICHED-VII	ACTIVE_KEEP	scripts/volume07/audit_pedagogy.py;scripts/volume07/enrich_hints.py	% PEDAGOGY-ENRICHED-VII	keep; active tooling references this marker family
VII	books/vol07_differential_geometry/chapters/ch39_graph_and_exact_mesh_geodesics/chapter.tex	448	PEDAGOGY-ENRICHED-VII	ACTIVE_KEEP	scripts/volume07/audit_pedagogy.py;scripts/volume07/enrich_hints.py	% PEDAGOGY-ENRICHED-VII	keep; active tooling references this marker family
VII	books/vol07_differential_geometry/chapters/ch39_graph_and_exact_mesh_geodesics/chapter.tex	461	PEDAGOGY-ENRICHED-VII	ACTIVE_KEEP	scripts/volume07/audit_pedagogy.py;scripts/volume07/enrich_hints.py	% PEDAGOGY-ENRICHED-VII	keep; active tooling references this marker family
VII	books/vol07_differential_geometry/chapters/ch39_graph_and_exact_mesh_geodesics/chapter.tex	474	PEDAGOGY-ENRICHED-VII	ACTIVE_KEEP	scripts/volume07/audit_pedagogy.py;scripts/volume07/enrich_hints.py	% PEDAGOGY-ENRICHED-VII	keep; active tooling references this marker family
VII	books/vol07_differential_geometry/chapters/ch39_graph_and_exact_mesh_geodesics/chapter.tex	487	PEDAGOGY-ENRICHED-VII	ACTIVE_KEEP	scripts/volume07/audit_pedagogy.py;scripts/volume07/enrich_hints.py	% PEDAGOGY-ENRICHED-VII	keep; active tooling references this marker family
VII	books/vol07_differential_geometry/chapters/ch39_graph_and_exact_mesh_geodesics/chapter.tex	500	PEDAGOGY-ENRICHED-VII	ACTIVE_KEEP	scripts/volume07/audit_pedagogy.py;scripts/volume07/enrich_hints.py	% PEDAGOGY-ENRICHED-VII	keep; active tooling references this marker family
VII	books/vol07_differential_geometry/chapters/ch39_graph_and_exact_mesh_geodesics/chapter.tex	513	PEDAGOGY-ENRICHED-VII	ACTIVE_KEEP	scripts/volume07/audit_pedagogy.py;scripts/volume07/enrich_hints.py	% PEDAGOGY-ENRICHED-VII	keep; active tooling references this marker family
VII	books/vol07_differential_geometry/chapters/ch39_graph_and_exact_mesh_geodesics/chapter.tex	526	PEDAGOGY-ENRICHED-VII	ACTIVE_KEEP	scripts/volume07/audit_pedagogy.py;scripts/volume07/enrich_hints.py	% PEDAGOGY-ENRICHED-VII	keep; active tooling references this marker family
VII	books/vol07_differential_geometry/chapters/ch39_graph_and_exact_mesh_geodesics/pedagogy_expansion.tex	1	VOL07-EXPANSION	ACTIVE_KEEP	scripts/volume07/audit_example_exercise_expansion.py;scripts/volume07/reconcile_example_exercise_evidence.py	% BEGIN VOL07-EXPANSION VII39	keep; active tooling references this marker family
VII	books/vol07_differential_geometry/chapters/ch39_graph_and_exact_mesh_geodesics/pedagogy_expansion.tex	222	VOL07-EXPANSION	ACTIVE_KEEP	scripts/volume07/audit_example_exercise_expansion.py;scripts/volume07/reconcile_example_exercise_evidence.py	% END VOL07-EXPANSION VII39	keep; active tooling references this marker family
VII	books/vol07_differential_geometry/chapters/ch40_the_heat_method/chapter.tex	271	PEDAGOGY-ENRICHED-VII	ACTIVE_KEEP	scripts/volume07/audit_pedagogy.py;scripts/volume07/enrich_hints.py	% PEDAGOGY-ENRICHED-VII	keep; active tooling references this marker family
VII	books/vol07_differential_geometry/chapters/ch40_the_heat_method/chapter.tex	285	PEDAGOGY-ENRICHED-VII	ACTIVE_KEEP	scripts/volume07/audit_pedagogy.py;scripts/volume07/enrich_hints.py	% PEDAGOGY-ENRICHED-VII	keep; active tooling references this marker family
VII	books/vol07_differential_geometry/chapters/ch40_the_heat_method/chapter.tex	298	PEDAGOGY-ENRICHED-VII	ACTIVE_KEEP	scripts/volume07/audit_pedagogy.py;scripts/volume07/enrich_hints.py	% PEDAGOGY-ENRICHED-VII	keep; active tooling references this marker family
VII	books/vol07_differential_geometry/chapters/ch40_the_heat_method/chapter.tex	311	PEDAGOGY-ENRICHED-VII	ACTIVE_KEEP	scripts/volume07/audit_pedagogy.py;scripts/volume07/enrich_hints.py	% PEDAGOGY-ENRICHED-VII	keep; active tooling references this marker family
VII	books/vol07_differential_geometry/chapters/ch40_the_heat_method/chapter.tex	324	PEDAGOGY-ENRICHED-VII	ACTIVE_KEEP	scripts/volume07/audit_pedagogy.py;scripts/volume07/enrich_hints.py	% PEDAGOGY-ENRICHED-VII	keep; active tooling references this marker family
VII	books/vol07_differential_geometry/chapters/ch40_the_heat_method/chapter.tex	338	PEDAGOGY-ENRICHED-VII	ACTIVE_KEEP	scripts/volume07/audit_pedagogy.py;scripts/volume07/enrich_hints.py	% PEDAGOGY-ENRICHED-VII	keep; active tooling references this marker family
VII	books/vol07_differential_geometry/chapters/ch40_the_heat_method/chapter.tex	352	PEDAGOGY-ENRICHED-VII	ACTIVE_KEEP	scripts/volume07/audit_pedagogy.py;scripts/volume07/enrich_hints.py	% PEDAGOGY-ENRICHED-VII	keep; active tooling references this marker family
VII	books/vol07_differential_geometry/chapters/ch40_the_heat_method/chapter.tex	365	PEDAGOGY-ENRICHED-VII	ACTIVE_KEEP	scripts/volume07/audit_pedagogy.py;scripts/volume07/enrich_hints.py	% PEDAGOGY-ENRICHED-VII	keep; active tooling references this marker family
VII	books/vol07_differential_geometry/chapters/ch40_the_heat_method/chapter.tex	378	PEDAGOGY-ENRICHED-VII	ACTIVE_KEEP	scripts/volume07/audit_pedagogy.py;scripts/volume07/enrich_hints.py	% PEDAGOGY-ENRICHED-VII	keep; active tooling references this marker family
VII	books/vol07_differential_geometry/chapters/ch40_the_heat_method/chapter.tex	391	PEDAGOGY-ENRICHED-VII	ACTIVE_KEEP	scripts/volume07/audit_pedagogy.py;scripts/volume07/enrich_hints.py	% PEDAGOGY-ENRICHED-VII	keep; active tooling references this marker family
VII	books/vol07_differential_geometry/chapters/ch40_the_heat_method/chapter.tex	404	PEDAGOGY-ENRICHED-VII	ACTIVE_KEEP	scripts/volume07/audit_pedagogy.py;scripts/volume07/enrich_hints.py	% PEDAGOGY-ENRICHED-VII	keep; active tooling references this marker family
VII	books/vol07_differential_geometry/chapters/ch40_the_heat_method/chapter.tex	417	PEDAGOGY-ENRICHED-VII	ACTIVE_KEEP	scripts/volume07/audit_pedagogy.py;scripts/volume07/enrich_hints.py	% PEDAGOGY-ENRICHED-VII	keep; active tooling references this marker family
VII	books/vol07_differential_geometry/chapters/ch40_the_heat_method/chapter.tex	430	PEDAGOGY-ENRICHED-VII	ACTIVE_KEEP	scripts/volume07/audit_pedagogy.py;scripts/volume07/enrich_hints.py	% PEDAGOGY-ENRICHED-VII	keep; active tooling references this marker family
VII	books/vol07_differential_geometry/chapters/ch40_the_heat_method/chapter.tex	443	PEDAGOGY-ENRICHED-VII	ACTIVE_KEEP	scripts/volume07/audit_pedagogy.py;scripts/volume07/enrich_hints.py	% PEDAGOGY-ENRICHED-VII	keep; active tooling references this marker family
VII	books/vol07_differential_geometry/chapters/ch40_the_heat_method/chapter.tex	456	PEDAGOGY-ENRICHED-VII	ACTIVE_KEEP	scripts/volume07/audit_pedagogy.py;scripts/volume07/enrich_hints.py	% PEDAGOGY-ENRICHED-VII	keep; active tooling references this marker family
VII	books/vol07_differential_geometry/chapters/ch40_the_heat_method/chapter.tex	469	PEDAGOGY-ENRICHED-VII	ACTIVE_KEEP	scripts/volume07/audit_pedagogy.py;scripts/volume07/enrich_hints.py	% PEDAGOGY-ENRICHED-VII	keep; active tooling references this marker family
VII	books/vol07_differential_geometry/chapters/ch40_the_heat_method/chapter.tex	482	PEDAGOGY-ENRICHED-VII	ACTIVE_KEEP	scripts/volume07/audit_pedagogy.py;scripts/volume07/enrich_hints.py	% PEDAGOGY-ENRICHED-VII	keep; active tooling references this marker family
VII	books/vol07_differential_geometry/chapters/ch40_the_heat_method/chapter.tex	495	PEDAGOGY-ENRICHED-VII	ACTIVE_KEEP	scripts/volume07/audit_pedagogy.py;scripts/volume07/enrich_hints.py	% PEDAGOGY-ENRICHED-VII	keep; active tooling references this marker family
VII	books/vol07_differential_geometry/chapters/ch40_the_heat_method/chapter.tex	508	PEDAGOGY-ENRICHED-VII	ACTIVE_KEEP	scripts/volume07/audit_pedagogy.py;scripts/volume07/enrich_hints.py	% PEDAGOGY-ENRICHED-VII	keep; active tooling references this marker family
VII	books/vol07_differential_geometry/chapters/ch40_the_heat_method/chapter.tex	521	PEDAGOGY-ENRICHED-VII	ACTIVE_KEEP	scripts/volume07/audit_pedagogy.py;scripts/volume07/enrich_hints.py	% PEDAGOGY-ENRICHED-VII	keep; active tooling references this marker family
VII	books/vol07_differential_geometry/chapters/ch40_the_heat_method/chapter.tex	534	PEDAGOGY-ENRICHED-VII	ACTIVE_KEEP	scripts/volume07/audit_pedagogy.py;scripts/volume07/enrich_hints.py	% PEDAGOGY-ENRICHED-VII	keep; active tooling references this marker family
VII	books/vol07_differential_geometry/chapters/ch40_the_heat_method/chapter.tex	547	PEDAGOGY-ENRICHED-VII	ACTIVE_KEEP	scripts/volume07/audit_pedagogy.py;scripts/volume07/enrich_hints.py	% PEDAGOGY-ENRICHED-VII	keep; active tooling references this marker family
VII	books/vol07_differential_geometry/chapters/ch40_the_heat_method/chapter.tex	560	PEDAGOGY-ENRICHED-VII	ACTIVE_KEEP	scripts/volume07/audit_pedagogy.py;scripts/volume07/enrich_hints.py	% PEDAGOGY-ENRICHED-VII	keep; active tooling references this marker family
VII	books/vol07_differential_geometry/chapters/ch40_the_heat_method/chapter.tex	573	PEDAGOGY-ENRICHED-VII	ACTIVE_KEEP	scripts/volume07/audit_pedagogy.py;scripts/volume07/enrich_hints.py	% PEDAGOGY-ENRICHED-VII	keep; active tooling references this marker family
VII	books/vol07_differential_geometry/chapters/ch40_the_heat_method/pedagogy_expansion.tex	1	VOL07-EXPANSION	ACTIVE_KEEP	scripts/volume07/audit_example_exercise_expansion.py;scripts/volume07/reconcile_example_exercise_evidence.py	% BEGIN VOL07-EXPANSION VII40	keep; active tooling references this marker family
VII	books/vol07_differential_geometry/chapters/ch40_the_heat_method/pedagogy_expansion.tex	222	VOL07-EXPANSION	ACTIVE_KEEP	scripts/volume07/audit_example_exercise_expansion.py;scripts/volume07/reconcile_example_exercise_evidence.py	% END VOL07-EXPANSION VII40	keep; active tooling references this marker family
VII	books/vol07_differential_geometry/chapters/ch41_discrete_laplacians/chapter.tex	349	PEDAGOGY-ENRICHED-VII	ACTIVE_KEEP	scripts/volume07/audit_pedagogy.py;scripts/volume07/enrich_hints.py	% PEDAGOGY-ENRICHED-VII	keep; active tooling references this marker family
VII	books/vol07_differential_geometry/chapters/ch41_discrete_laplacians/chapter.tex	362	PEDAGOGY-ENRICHED-VII	ACTIVE_KEEP	scripts/volume07/audit_pedagogy.py;scripts/volume07/enrich_hints.py	% PEDAGOGY-ENRICHED-VII	keep; active tooling references this marker family
VII	books/vol07_differential_geometry/chapters/ch41_discrete_laplacians/chapter.tex	375	PEDAGOGY-ENRICHED-VII	ACTIVE_KEEP	scripts/volume07/audit_pedagogy.py;scripts/volume07/enrich_hints.py	% PEDAGOGY-ENRICHED-VII	keep; active tooling references this marker family
VII	books/vol07_differential_geometry/chapters/ch41_discrete_laplacians/chapter.tex	388	PEDAGOGY-ENRICHED-VII	ACTIVE_KEEP	scripts/volume07/audit_pedagogy.py;scripts/volume07/enrich_hints.py	% PEDAGOGY-ENRICHED-VII	keep; active tooling references this marker family
VII	books/vol07_differential_geometry/chapters/ch41_discrete_laplacians/chapter.tex	401	PEDAGOGY-ENRICHED-VII	ACTIVE_KEEP	scripts/volume07/audit_pedagogy.py;scripts/volume07/enrich_hints.py	% PEDAGOGY-ENRICHED-VII	keep; active tooling references this marker family
VII	books/vol07_differential_geometry/chapters/ch41_discrete_laplacians/chapter.tex	414	PEDAGOGY-ENRICHED-VII	ACTIVE_KEEP	scripts/volume07/audit_pedagogy.py;scripts/volume07/enrich_hints.py	% PEDAGOGY-ENRICHED-VII	keep; active tooling references this marker family
VII	books/vol07_differential_geometry/chapters/ch41_discrete_laplacians/chapter.tex	427	PEDAGOGY-ENRICHED-VII	ACTIVE_KEEP	scripts/volume07/audit_pedagogy.py;scripts/volume07/enrich_hints.py	% PEDAGOGY-ENRICHED-VII	keep; active tooling references this marker family
VII	books/vol07_differential_geometry/chapters/ch41_discrete_laplacians/chapter.tex	440	PEDAGOGY-ENRICHED-VII	ACTIVE_KEEP	scripts/volume07/audit_pedagogy.py;scripts/volume07/enrich_hints.py	% PEDAGOGY-ENRICHED-VII	keep; active tooling references this marker family
VII	books/vol07_differential_geometry/chapters/ch41_discrete_laplacians/chapter.tex	453	PEDAGOGY-ENRICHED-VII	ACTIVE_KEEP	scripts/volume07/audit_pedagogy.py;scripts/volume07/enrich_hints.py	% PEDAGOGY-ENRICHED-VII	keep; active tooling references this marker family
VII	books/vol07_differential_geometry/chapters/ch41_discrete_laplacians/chapter.tex	466	PEDAGOGY-ENRICHED-VII	ACTIVE_KEEP	scripts/volume07/audit_pedagogy.py;scripts/volume07/enrich_hints.py	% PEDAGOGY-ENRICHED-VII	keep; active tooling references this marker family
VII	books/vol07_differential_geometry/chapters/ch41_discrete_laplacians/chapter.tex	479	PEDAGOGY-ENRICHED-VII	ACTIVE_KEEP	scripts/volume07/audit_pedagogy.py;scripts/volume07/enrich_hints.py	% PEDAGOGY-ENRICHED-VII	keep; active tooling references this marker family
VII	books/vol07_differential_geometry/chapters/ch41_discrete_laplacians/chapter.tex	492	PEDAGOGY-ENRICHED-VII	ACTIVE_KEEP	scripts/volume07/audit_pedagogy.py;scripts/volume07/enrich_hints.py	% PEDAGOGY-ENRICHED-VII	keep; active tooling references this marker family
VII	books/vol07_differential_geometry/chapters/ch41_discrete_laplacians/chapter.tex	505	PEDAGOGY-ENRICHED-VII	ACTIVE_KEEP	scripts/volume07/audit_pedagogy.py;scripts/volume07/enrich_hints.py	% PEDAGOGY-ENRICHED-VII	keep; active tooling references this marker family
VII	books/vol07_differential_geometry/chapters/ch41_discrete_laplacians/chapter.tex	518	PEDAGOGY-ENRICHED-VII	ACTIVE_KEEP	scripts/volume07/audit_pedagogy.py;scripts/volume07/enrich_hints.py	% PEDAGOGY-ENRICHED-VII	keep; active tooling references this marker family
VII	books/vol07_differential_geometry/chapters/ch41_discrete_laplacians/chapter.tex	531	PEDAGOGY-ENRICHED-VII	ACTIVE_KEEP	scripts/volume07/audit_pedagogy.py;scripts/volume07/enrich_hints.py	% PEDAGOGY-ENRICHED-VII	keep; active tooling references this marker family
VII	books/vol07_differential_geometry/chapters/ch41_discrete_laplacians/chapter.tex	544	PEDAGOGY-ENRICHED-VII	ACTIVE_KEEP	scripts/volume07/audit_pedagogy.py;scripts/volume07/enrich_hints.py	% PEDAGOGY-ENRICHED-VII	keep; active tooling references this marker family
VII	books/vol07_differential_geometry/chapters/ch41_discrete_laplacians/chapter.tex	557	PEDAGOGY-ENRICHED-VII	ACTIVE_KEEP	scripts/volume07/audit_pedagogy.py;scripts/volume07/enrich_hints.py	% PEDAGOGY-ENRICHED-VII	keep; active tooling references this marker family
VII	books/vol07_differential_geometry/chapters/ch41_discrete_laplacians/chapter.tex	570	PEDAGOGY-ENRICHED-VII	ACTIVE_KEEP	scripts/volume07/audit_pedagogy.py;scripts/volume07/enrich_hints.py	% PEDAGOGY-ENRICHED-VII	keep; active tooling references this marker family
VII	books/vol07_differential_geometry/chapters/ch41_discrete_laplacians/chapter.tex	583	PEDAGOGY-ENRICHED-VII	ACTIVE_KEEP	scripts/volume07/audit_pedagogy.py;scripts/volume07/enrich_hints.py	% PEDAGOGY-ENRICHED-VII	keep; active tooling references this marker family
VII	books/vol07_differential_geometry/chapters/ch41_discrete_laplacians/chapter.tex	596	PEDAGOGY-ENRICHED-VII	ACTIVE_KEEP	scripts/volume07/audit_pedagogy.py;scripts/volume07/enrich_hints.py	% PEDAGOGY-ENRICHED-VII	keep; active tooling references this marker family
VII	books/vol07_differential_geometry/chapters/ch41_discrete_laplacians/chapter.tex	609	PEDAGOGY-ENRICHED-VII	ACTIVE_KEEP	scripts/volume07/audit_pedagogy.py;scripts/volume07/enrich_hints.py	% PEDAGOGY-ENRICHED-VII	keep; active tooling references this marker family
VII	books/vol07_differential_geometry/chapters/ch41_discrete_laplacians/chapter.tex	622	PEDAGOGY-ENRICHED-VII	ACTIVE_KEEP	scripts/volume07/audit_pedagogy.py;scripts/volume07/enrich_hints.py	% PEDAGOGY-ENRICHED-VII	keep; active tooling references this marker family
VII	books/vol07_differential_geometry/chapters/ch41_discrete_laplacians/chapter.tex	635	PEDAGOGY-ENRICHED-VII	ACTIVE_KEEP	scripts/volume07/audit_pedagogy.py;scripts/volume07/enrich_hints.py	% PEDAGOGY-ENRICHED-VII	keep; active tooling references this marker family
VII	books/vol07_differential_geometry/chapters/ch41_discrete_laplacians/chapter.tex	648	PEDAGOGY-ENRICHED-VII	ACTIVE_KEEP	scripts/volume07/audit_pedagogy.py;scripts/volume07/enrich_hints.py	% PEDAGOGY-ENRICHED-VII	keep; active tooling references this marker family
VII	books/vol07_differential_geometry/chapters/ch41_discrete_laplacians/pedagogy_expansion.tex	1	VOL07-EXPANSION	ACTIVE_KEEP	scripts/volume07/audit_example_exercise_expansion.py;scripts/volume07/reconcile_example_exercise_evidence.py	% BEGIN VOL07-EXPANSION VII41	keep; active tooling references this marker family
VII	books/vol07_differential_geometry/chapters/ch41_discrete_laplacians/pedagogy_expansion.tex	222	VOL07-EXPANSION	ACTIVE_KEEP	scripts/volume07/audit_example_exercise_expansion.py;scripts/volume07/reconcile_example_exercise_evidence.py	% END VOL07-EXPANSION VII41	keep; active tooling references this marker family
VII	books/vol07_differential_geometry/chapters/ch42_curvature_lines_ridges_and_valleys/chapter.tex	344	PEDAGOGY-ENRICHED-VII	ACTIVE_KEEP	scripts/volume07/audit_pedagogy.py;scripts/volume07/enrich_hints.py	% PEDAGOGY-ENRICHED-VII	keep; active tooling references this marker family
VII	books/vol07_differential_geometry/chapters/ch42_curvature_lines_ridges_and_valleys/chapter.tex	357	PEDAGOGY-ENRICHED-VII	ACTIVE_KEEP	scripts/volume07/audit_pedagogy.py;scripts/volume07/enrich_hints.py	% PEDAGOGY-ENRICHED-VII	keep; active tooling references this marker family
VII	books/vol07_differential_geometry/chapters/ch42_curvature_lines_ridges_and_valleys/chapter.tex	370	PEDAGOGY-ENRICHED-VII	ACTIVE_KEEP	scripts/volume07/audit_pedagogy.py;scripts/volume07/enrich_hints.py	% PEDAGOGY-ENRICHED-VII	keep; active tooling references this marker family
VII	books/vol07_differential_geometry/chapters/ch42_curvature_lines_ridges_and_valleys/chapter.tex	383	PEDAGOGY-ENRICHED-VII	ACTIVE_KEEP	scripts/volume07/audit_pedagogy.py;scripts/volume07/enrich_hints.py	% PEDAGOGY-ENRICHED-VII	keep; active tooling references this marker family
VII	books/vol07_differential_geometry/chapters/ch42_curvature_lines_ridges_and_valleys/chapter.tex	396	PEDAGOGY-ENRICHED-VII	ACTIVE_KEEP	scripts/volume07/audit_pedagogy.py;scripts/volume07/enrich_hints.py	% PEDAGOGY-ENRICHED-VII	keep; active tooling references this marker family
VII	books/vol07_differential_geometry/chapters/ch42_curvature_lines_ridges_and_valleys/chapter.tex	409	PEDAGOGY-ENRICHED-VII	ACTIVE_KEEP	scripts/volume07/audit_pedagogy.py;scripts/volume07/enrich_hints.py	% PEDAGOGY-ENRICHED-VII	keep; active tooling references this marker family
VII	books/vol07_differential_geometry/chapters/ch42_curvature_lines_ridges_and_valleys/chapter.tex	422	PEDAGOGY-ENRICHED-VII	ACTIVE_KEEP	scripts/volume07/audit_pedagogy.py;scripts/volume07/enrich_hints.py	% PEDAGOGY-ENRICHED-VII	keep; active tooling references this marker family
VII	books/vol07_differential_geometry/chapters/ch42_curvature_lines_ridges_and_valleys/chapter.tex	435	PEDAGOGY-ENRICHED-VII	ACTIVE_KEEP	scripts/volume07/audit_pedagogy.py;scripts/volume07/enrich_hints.py	% PEDAGOGY-ENRICHED-VII	keep; active tooling references this marker family
VII	books/vol07_differential_geometry/chapters/ch42_curvature_lines_ridges_and_valleys/chapter.tex	448	PEDAGOGY-ENRICHED-VII	ACTIVE_KEEP	scripts/volume07/audit_pedagogy.py;scripts/volume07/enrich_hints.py	% PEDAGOGY-ENRICHED-VII	keep; active tooling references this marker family
VII	books/vol07_differential_geometry/chapters/ch42_curvature_lines_ridges_and_valleys/chapter.tex	461	PEDAGOGY-ENRICHED-VII	ACTIVE_KEEP	scripts/volume07/audit_pedagogy.py;scripts/volume07/enrich_hints.py	% PEDAGOGY-ENRICHED-VII	keep; active tooling references this marker family
VII	books/vol07_differential_geometry/chapters/ch42_curvature_lines_ridges_and_valleys/chapter.tex	474	PEDAGOGY-ENRICHED-VII	ACTIVE_KEEP	scripts/volume07/audit_pedagogy.py;scripts/volume07/enrich_hints.py	% PEDAGOGY-ENRICHED-VII	keep; active tooling references this marker family
VII	books/vol07_differential_geometry/chapters/ch42_curvature_lines_ridges_and_valleys/chapter.tex	487	PEDAGOGY-ENRICHED-VII	ACTIVE_KEEP	scripts/volume07/audit_pedagogy.py;scripts/volume07/enrich_hints.py	% PEDAGOGY-ENRICHED-VII	keep; active tooling references this marker family
VII	books/vol07_differential_geometry/chapters/ch42_curvature_lines_ridges_and_valleys/chapter.tex	500	PEDAGOGY-ENRICHED-VII	ACTIVE_KEEP	scripts/volume07/audit_pedagogy.py;scripts/volume07/enrich_hints.py	% PEDAGOGY-ENRICHED-VII	keep; active tooling references this marker family
VII	books/vol07_differential_geometry/chapters/ch42_curvature_lines_ridges_and_valleys/chapter.tex	513	PEDAGOGY-ENRICHED-VII	ACTIVE_KEEP	scripts/volume07/audit_pedagogy.py;scripts/volume07/enrich_hints.py	% PEDAGOGY-ENRICHED-VII	keep; active tooling references this marker family
VII	books/vol07_differential_geometry/chapters/ch42_curvature_lines_ridges_and_valleys/chapter.tex	526	PEDAGOGY-ENRICHED-VII	ACTIVE_KEEP	scripts/volume07/audit_pedagogy.py;scripts/volume07/enrich_hints.py	% PEDAGOGY-ENRICHED-VII	keep; active tooling references this marker family
VII	books/vol07_differential_geometry/chapters/ch42_curvature_lines_ridges_and_valleys/chapter.tex	539	PEDAGOGY-ENRICHED-VII	ACTIVE_KEEP	scripts/volume07/audit_pedagogy.py;scripts/volume07/enrich_hints.py	% PEDAGOGY-ENRICHED-VII	keep; active tooling references this marker family
VII	books/vol07_differential_geometry/chapters/ch42_curvature_lines_ridges_and_valleys/chapter.tex	552	PEDAGOGY-ENRICHED-VII	ACTIVE_KEEP	scripts/volume07/audit_pedagogy.py;scripts/volume07/enrich_hints.py	% PEDAGOGY-ENRICHED-VII	keep; active tooling references this marker family
VII	books/vol07_differential_geometry/chapters/ch42_curvature_lines_ridges_and_valleys/chapter.tex	565	PEDAGOGY-ENRICHED-VII	ACTIVE_KEEP	scripts/volume07/audit_pedagogy.py;scripts/volume07/enrich_hints.py	% PEDAGOGY-ENRICHED-VII	keep; active tooling references this marker family
VII	books/vol07_differential_geometry/chapters/ch42_curvature_lines_ridges_and_valleys/chapter.tex	578	PEDAGOGY-ENRICHED-VII	ACTIVE_KEEP	scripts/volume07/audit_pedagogy.py;scripts/volume07/enrich_hints.py	% PEDAGOGY-ENRICHED-VII	keep; active tooling references this marker family
VII	books/vol07_differential_geometry/chapters/ch42_curvature_lines_ridges_and_valleys/chapter.tex	591	PEDAGOGY-ENRICHED-VII	ACTIVE_KEEP	scripts/volume07/audit_pedagogy.py;scripts/volume07/enrich_hints.py	% PEDAGOGY-ENRICHED-VII	keep; active tooling references this marker family
VII	books/vol07_differential_geometry/chapters/ch42_curvature_lines_ridges_and_valleys/chapter.tex	604	PEDAGOGY-ENRICHED-VII	ACTIVE_KEEP	scripts/volume07/audit_pedagogy.py;scripts/volume07/enrich_hints.py	% PEDAGOGY-ENRICHED-VII	keep; active tooling references this marker family
VII	books/vol07_differential_geometry/chapters/ch42_curvature_lines_ridges_and_valleys/chapter.tex	617	PEDAGOGY-ENRICHED-VII	ACTIVE_KEEP	scripts/volume07/audit_pedagogy.py;scripts/volume07/enrich_hints.py	% PEDAGOGY-ENRICHED-VII	keep; active tooling references this marker family
VII	books/vol07_differential_geometry/chapters/ch42_curvature_lines_ridges_and_valleys/chapter.tex	630	PEDAGOGY-ENRICHED-VII	ACTIVE_KEEP	scripts/volume07/audit_pedagogy.py;scripts/volume07/enrich_hints.py	% PEDAGOGY-ENRICHED-VII	keep; active tooling references this marker family
VII	books/vol07_differential_geometry/chapters/ch42_curvature_lines_ridges_and_valleys/chapter.tex	643	PEDAGOGY-ENRICHED-VII	ACTIVE_KEEP	scripts/volume07/audit_pedagogy.py;scripts/volume07/enrich_hints.py	% PEDAGOGY-ENRICHED-VII	keep; active tooling references this marker family
VII	books/vol07_differential_geometry/chapters/ch42_curvature_lines_ridges_and_valleys/pedagogy_expansion.tex	1	VOL07-EXPANSION	ACTIVE_KEEP	scripts/volume07/audit_example_exercise_expansion.py;scripts/volume07/reconcile_example_exercise_evidence.py	% BEGIN VOL07-EXPANSION VII42	keep; active tooling references this marker family
VII	books/vol07_differential_geometry/chapters/ch42_curvature_lines_ridges_and_valleys/pedagogy_expansion.tex	222	VOL07-EXPANSION	ACTIVE_KEEP	scripts/volume07/audit_example_exercise_expansion.py;scripts/volume07/reconcile_example_exercise_evidence.py	% END VOL07-EXPANSION VII42	keep; active tooling references this marker family
