volume	page	raster_width	raster_height	raster_bytes	text_chars	classification
I	1	199	281	1749	40	RENDERED_OK
I	2	199	281	11405	1951	RENDERED_OK
I	3	199	281	13674	2341	RENDERED_OK
I	4	199	281	14355	2604	RENDERED_OK
I	5	199	281	14547	2439	RENDERED_OK
I	6	199	281	14220	2652	RENDERED_OK
I	7	199	281	4954	718	RENDERED_OK
I	8	199	281	1875	18	LOW_TEXT_REVIEW
I	9	199	281	15586	1191	RENDERED_OK
I	10	199	281	22571	1869	RENDERED_OK
I	11	199	281	23572	1978	RENDERED_OK
I	12	199	281	27062	2424	RENDERED_OK
I	13	199	281	23695	2137	RENDERED_OK
I	14	199	281	18205	1659	RENDERED_OK
I	15	199	281	16900	1538	RENDERED_OK
I	16	199	281	16563	1416	RENDERED_OK
I	17	199	281	7536	573	RENDERED_OK
I	18	199	281	16050	1144	RENDERED_OK
I	19	199	281	18263	1458	RENDERED_OK
I	20	199	281	21395	1778	RENDERED_OK
I	21	199	281	23603	2106	RENDERED_OK
I	22	199	281	22847	2078	RENDERED_OK
I	23	199	281	19680	1796	RENDERED_OK
I	24	199	281	18175	1604	RENDERED_OK
I	25	199	281	14314	1190	RENDERED_OK
I	26	199	281	14595	1097	RENDERED_OK
I	27	199	281	18898	1489	RENDERED_OK
I	28	199	281	22307	1851	RENDERED_OK
I	29	199	281	25986	2418	RENDERED_OK
I	30	199	281	19801	1789	RENDERED_OK
I	31	199	281	17071	1422	RENDERED_OK
I	32	199	281	16236	1404	RENDERED_OK
I	33	199	281	11308	892	RENDERED_OK
I	34	199	281	16657	1236	RENDERED_OK
I	35	199	281	19370	1488	RENDERED_OK
I	36	199	281	20082	1587	RENDERED_OK
I	37	199	281	24419	2170	RENDERED_OK
I	38	199	281	21137	1882	RENDERED_OK
I	39	199	281	18572	1609	RENDERED_OK
I	40	199	281	19148	1831	RENDERED_OK
I	41	199	281	10268	803	RENDERED_OK
I	42	199	281	15873	1192	RENDERED_OK
I	43	199	281	18884	1524	RENDERED_OK
I	44	199	281	20460	1602	RENDERED_OK
I	45	199	281	23019	1986	RENDERED_OK
I	46	199	281	20935	1872	RENDERED_OK
I	47	199	281	14186	1156	RENDERED_OK
I	48	199	281	16970	1534	RENDERED_OK
I	49	199	281	11886	952	RENDERED_OK
I	50	199	281	15860	1151	RENDERED_OK
I	51	199	281	18173	1416	RENDERED_OK
I	52	199	281	21333	1724	RENDERED_OK
I	53	199	281	23506	2156	RENDERED_OK
I	54	199	281	19620	1834	RENDERED_OK
I	55	199	281	16897	1469	RENDERED_OK
I	56	199	281	15948	1386	RENDERED_OK
I	57	199	281	14095	1180	RENDERED_OK
I	58	199	281	2351	28	RENDERED_OK
I	59	199	281	15057	1082	RENDERED_OK
I	60	199	281	18838	1384	RENDERED_OK
I	61	199	281	18723	1392	RENDERED_OK
I	62	199	281	22609	1978	RENDERED_OK
I	63	199	281	20820	1811	RENDERED_OK
I	64	199	281	17326	1386	RENDERED_OK
I	65	199	281	17170	1452	RENDERED_OK
I	66	199	281	14936	1193	RENDERED_OK
I	67	199	281	15894	1172	RENDERED_OK
I	68	199	281	20865	1692	RENDERED_OK
I	69	199	281	20790	1684	RENDERED_OK
I	70	199	281	22085	1877	RENDERED_OK
I	71	199	281	22419	2143	RENDERED_OK
I	72	199	281	15673	1270	RENDERED_OK
I	73	199	281	16020	1329	RENDERED_OK
I	74	199	281	6523	492	RENDERED_OK
I	75	199	281	16102	1199	RENDERED_OK
I	76	199	281	18100	1368	RENDERED_OK
I	77	199	281	21148	1698	RENDERED_OK
I	78	199	281	21708	1967	RENDERED_OK
I	79	199	281	19397	2066	RENDERED_OK
I	80	199	281	16721	1401	RENDERED_OK
I	81	199	281	14264	1171	RENDERED_OK
I	82	199	281	15096	1247	RENDERED_OK
I	83	199	281	16074	1166	RENDERED_OK
I	84	199	281	19701	1547	RENDERED_OK
I	85	199	281	21648	1822	RENDERED_OK
I	86	199	281	23045	2116	RENDERED_OK
I	87	199	281	22626	2117	RENDERED_OK
I	88	199	281	19378	1711	RENDERED_OK
I	89	199	281	16532	1423	RENDERED_OK
I	90	199	281	17354	1501	RENDERED_OK
I	91	199	281	16369	1229	RENDERED_OK
I	92	199	281	18204	1385	RENDERED_OK
I	93	199	281	21444	1780	RENDERED_OK
I	94	199	281	23690	2168	RENDERED_OK
I	95	199	281	22798	2094	RENDERED_OK
I	96	199	281	19551	1679	RENDERED_OK
I	97	199	281	17717	1619	RENDERED_OK
I	98	199	281	15783	1372	RENDERED_OK
I	99	199	281	16113	1227	RENDERED_OK
I	100	199	281	19664	1583	RENDERED_OK
I	101	199	281	21696	1780	RENDERED_OK
I	102	199	281	25343	2345	RENDERED_OK
I	103	199	281	20726	1991	RENDERED_OK
I	104	199	281	14992	1248	RENDERED_OK
I	105	199	281	17433	1554	RENDERED_OK
I	106	199	281	18097	1588	RENDERED_OK
I	107	199	281	3311	43	RENDERED_OK
I	108	199	281	16083	1172	RENDERED_OK
I	109	199	281	15864	1183	RENDERED_OK
I	110	199	281	19854	1567	RENDERED_OK
I	111	199	281	23084	2048	RENDERED_OK
I	112	199	281	21600	1959	RENDERED_OK
I	113	199	281	18824	1720	RENDERED_OK
I	114	199	281	17532	1482	RENDERED_OK
I	115	199	281	12925	1050	RENDERED_OK
I	116	199	281	16462	1207	RENDERED_OK
I	117	199	281	15358	1098	RENDERED_OK
I	118	199	281	19612	1579	RENDERED_OK
I	119	199	281	22466	1991	RENDERED_OK
I	120	199	281	22737	2029	RENDERED_OK
I	121	199	281	19951	1763	RENDERED_OK
I	122	199	281	19125	1583	RENDERED_OK
I	123	199	281	21664	1916	RENDERED_OK
I	124	199	281	15696	1152	RENDERED_OK
I	125	199	281	18705	1406	RENDERED_OK
I	126	199	281	20299	1693	RENDERED_OK
I	127	199	281	22087	1928	RENDERED_OK
I	128	199	281	20139	2036	RENDERED_OK
I	129	199	281	14756	1156	RENDERED_OK
I	130	199	281	15458	1354	RENDERED_OK
I	131	199	281	11411	927	RENDERED_OK
I	132	199	281	15027	1139	RENDERED_OK
I	133	199	281	18053	1410	RENDERED_OK
I	134	199	281	20805	1693	RENDERED_OK
I	135	199	281	23323	2055	RENDERED_OK
I	136	199	281	21537	1975	RENDERED_OK
I	137	199	281	15758	1269	RENDERED_OK
I	138	199	281	17766	1555	RENDERED_OK
I	139	199	281	16837	1472	RENDERED_OK
I	140	199	281	15111	1137	RENDERED_OK
I	141	199	281	16265	1205	RENDERED_OK
I	142	199	281	21273	1742	RENDERED_OK
I	143	199	281	22288	2014	RENDERED_OK
I	144	199	281	22023	2019	RENDERED_OK
I	145	199	281	17591	1487	RENDERED_OK
I	146	199	281	16939	1473	RENDERED_OK
I	147	199	281	17519	1577	RENDERED_OK
I	148	199	281	15141	1115	RENDERED_OK
I	149	199	281	14561	1040	RENDERED_OK
I	150	199	281	20946	1691	RENDERED_OK
I	151	199	281	22275	1945	RENDERED_OK
I	152	199	281	21354	2035	RENDERED_OK
I	153	199	281	19839	1837	RENDERED_OK
I	154	199	281	18776	1601	RENDERED_OK
I	155	199	281	18714	1587	RENDERED_OK
II	1	199	281	2246	65	RENDERED_OK
II	2	199	281	11096	1935	RENDERED_OK
II	3	199	281	12724	2462	RENDERED_OK
II	4	199	281	13401	2411	RENDERED_OK
II	5	199	281	13426	2485	RENDERED_OK
II	6	199	281	13314	2525	RENDERED_OK
II	7	199	281	13537	2596	RENDERED_OK
II	8	199	281	13398	2500	RENDERED_OK
II	9	199	281	11240	2117	RENDERED_OK
II	10	199	281	2011	23	RENDERED_OK
II	11	199	281	14771	1025	RENDERED_OK
II	12	199	281	16652	1244	RENDERED_OK
II	13	199	281	21765	1762	RENDERED_OK
II	14	199	281	22520	1952	RENDERED_OK
II	15	199	281	18042	1640	RENDERED_OK
II	16	199	281	14332	1190	RENDERED_OK
II	17	199	281	16324	1354	RENDERED_OK
II	18	199	281	14706	1159	RENDERED_OK
II	19	199	281	15292	1072	RENDERED_OK
II	20	199	281	16683	1244	RENDERED_OK
II	21	199	281	20787	1733	RENDERED_OK
II	22	199	281	18489	1628	RENDERED_OK
II	23	199	281	16617	1460	RENDERED_OK
II	24	199	281	17859	1595	RENDERED_OK
II	25	199	281	10891	829	RENDERED_OK
II	26	199	281	16591	1174	RENDERED_OK
II	27	199	281	14683	1059	RENDERED_OK
II	28	199	281	21100	1794	RENDERED_OK
II	29	199	281	19076	1650	RENDERED_OK
II	30	199	281	16225	1450	RENDERED_OK
II	31	199	281	16515	1497	RENDERED_OK
II	32	199	281	18592	1588	RENDERED_OK
II	33	199	281	3217	164	RENDERED_OK
II	34	199	281	14260	1038	RENDERED_OK
II	35	199	281	15304	1166	RENDERED_OK
II	36	199	281	22695	1896	RENDERED_OK
II	37	199	281	17585	1665	RENDERED_OK
II	38	199	281	16579	1495	RENDERED_OK
II	39	199	281	18241	1754	RENDERED_OK
II	40	199	281	17354	1459	RENDERED_OK
II	41	199	281	15167	1108	RENDERED_OK
II	42	199	281	17019	1263	RENDERED_OK
II	43	199	281	22756	1894	RENDERED_OK
II	44	199	281	19344	1706	RENDERED_OK
II	45	199	281	16494	1487	RENDERED_OK
II	46	199	281	16369	1458	RENDERED_OK
II	47	199	281	20348	1741	RENDERED_OK
II	48	199	281	15312	1183	RENDERED_OK
II	49	199	281	19059	1508	RENDERED_OK
II	50	199	281	21565	1932	RENDERED_OK
II	51	199	281	20958	1892	RENDERED_OK
II	52	199	281	14757	1344	RENDERED_OK
II	53	199	281	17768	1608	RENDERED_OK
II	54	199	281	19991	1798	RENDERED_OK
II	55	199	281	3199	164	RENDERED_OK
II	56	199	281	14604	1065	RENDERED_OK
II	57	199	281	18395	1455	RENDERED_OK
II	58	199	281	21516	1841	RENDERED_OK
II	59	199	281	20123	1848	RENDERED_OK
II	60	199	281	15355	1479	RENDERED_OK
II	61	199	281	15955	1425	RENDERED_OK
II	62	199	281	18726	1657	RENDERED_OK
II	63	199	281	5215	337	RENDERED_OK
II	64	199	281	1458	16	LOW_TEXT_REVIEW
II	65	199	281	16607	1225	RENDERED_OK
II	66	199	281	16474	1203	RENDERED_OK
II	67	199	281	22879	1853	RENDERED_OK
II	68	199	281	22465	2026	RENDERED_OK
II	69	199	281	18518	1664	RENDERED_OK
II	70	199	281	16449	1332	RENDERED_OK
II	71	199	281	18308	1623	RENDERED_OK
II	72	199	281	8095	573	RENDERED_OK
II	73	199	281	16271	1145	RENDERED_OK
II	74	199	281	17114	1252	RENDERED_OK
II	75	199	281	24729	2187	RENDERED_OK
II	76	199	281	23808	2169	RENDERED_OK
II	77	199	281	21600	2021	RENDERED_OK
II	78	199	281	18210	1462	RENDERED_OK
II	79	199	281	17923	1571	RENDERED_OK
II	80	199	281	14329	1170	RENDERED_OK
II	81	199	281	14685	1040	RENDERED_OK
II	82	199	281	19161	1493	RENDERED_OK
II	83	199	281	22831	1910	RENDERED_OK
II	84	199	281	18785	1709	RENDERED_OK
II	85	199	281	16461	1515	RENDERED_OK
II	86	199	281	17028	1488	RENDERED_OK
II	87	199	281	20656	1828	RENDERED_OK
II	88	199	281	3482	185	RENDERED_OK
II	89	199	281	2374	29	RENDERED_OK
II	90	199	281	14184	959	RENDERED_OK
II	91	199	281	17483	1378	RENDERED_OK
II	92	199	281	21898	1903	RENDERED_OK
II	93	199	281	22412	2014	RENDERED_OK
II	94	199	281	15618	1417	RENDERED_OK
II	95	199	281	16393	1371	RENDERED_OK
II	96	199	281	19562	1689	RENDERED_OK
II	97	199	281	4717	288	RENDERED_OK
II	98	199	281	15669	1116	RENDERED_OK
II	99	199	281	16928	1269	RENDERED_OK
II	100	199	281	22173	1832	RENDERED_OK
II	101	199	281	22340	1945	RENDERED_OK
II	102	199	281	19103	1790	RENDERED_OK
II	103	199	281	16580	1398	RENDERED_OK
II	104	199	281	19761	1784	RENDERED_OK
II	105	199	281	16545	1403	RENDERED_OK
II	106	199	281	14533	1053	RENDERED_OK
II	107	199	281	16634	1279	RENDERED_OK
II	108	199	281	22208	1828	RENDERED_OK
II	109	199	281	20266	1760	RENDERED_OK
II	110	199	281	16628	1513	RENDERED_OK
II	111	199	281	17762	1527	RENDERED_OK
II	112	199	281	17581	1528	RENDERED_OK
II	113	199	281	10769	889	RENDERED_OK
II	114	199	281	14030	1038	RENDERED_OK
II	115	199	281	18357	1426	RENDERED_OK
II	116	199	281	22895	2057	RENDERED_OK
II	117	199	281	20168	1903	RENDERED_OK
II	118	199	281	17219	1561	RENDERED_OK
II	119	199	281	19626	1825	RENDERED_OK
II	120	199	281	17600	1538	RENDERED_OK
II	121	199	281	16045	1095	RENDERED_OK
II	122	199	281	20280	1642	RENDERED_OK
II	123	199	281	24097	2066	RENDERED_OK
II	124	199	281	22702	2060	RENDERED_OK
II	125	199	281	16765	1575	RENDERED_OK
II	126	199	281	17809	1496	RENDERED_OK
II	127	199	281	16855	1521	RENDERED_OK
II	128	199	281	10720	874	RENDERED_OK
II	129	199	281	3185	44	RENDERED_OK
II	130	199	281	13274	919	RENDERED_OK
II	131	199	281	13924	1014	RENDERED_OK
II	132	199	281	18827	1496	RENDERED_OK
II	133	199	281	20327	1840	RENDERED_OK
II	134	199	281	15652	1402	RENDERED_OK
II	135	199	281	16712	1421	RENDERED_OK
II	136	199	281	18416	1556	RENDERED_OK
II	137	199	281	3491	186	RENDERED_OK
II	138	199	281	15574	1092	RENDERED_OK
II	139	199	281	19518	1571	RENDERED_OK
II	140	199	281	21583	1778	RENDERED_OK
II	141	199	281	20566	1937	RENDERED_OK
II	142	199	281	12518	1112	RENDERED_OK
II	143	199	281	16033	1381	RENDERED_OK
II	144	199	281	16602	1467	RENDERED_OK
II	145	199	281	8676	637	RENDERED_OK
II	146	199	281	13112	955	RENDERED_OK
II	147	199	281	15088	1037	RENDERED_OK
II	148	199	281	22341	1791	RENDERED_OK
II	149	199	281	19044	1666	RENDERED_OK
II	150	199	281	15820	1398	RENDERED_OK
II	151	199	281	16315	1372	RENDERED_OK
II	152	199	281	20511	1757	RENDERED_OK
II	153	199	281	6029	380	RENDERED_OK
II	154	199	281	14334	989	RENDERED_OK
II	155	199	281	14512	1115	RENDERED_OK
II	156	199	281	23714	1958	RENDERED_OK
II	157	199	281	19305	1738	RENDERED_OK
II	158	199	281	16537	1504	RENDERED_OK
II	159	199	281	16854	1423	RENDERED_OK
II	160	199	281	18608	1603	RENDERED_OK
II	161	199	281	9450	719	RENDERED_OK
II	162	199	281	1961	21	RENDERED_OK
II	163	199	281	13981	960	RENDERED_OK
II	164	199	281	16653	1285	RENDERED_OK
II	165	199	281	21984	1777	RENDERED_OK
II	166	199	281	20111	1755	RENDERED_OK
II	167	199	281	15958	1442	RENDERED_OK
II	168	199	281	15850	1341	RENDERED_OK
II	169	199	281	17602	1550	RENDERED_OK
II	170	199	281	9316	721	RENDERED_OK
II	171	199	281	14795	1056	RENDERED_OK
II	172	199	281	18643	1469	RENDERED_OK
II	173	199	281	22242	1906	RENDERED_OK
II	174	199	281	21132	1910	RENDERED_OK
II	175	199	281	13604	1252	RENDERED_OK
II	176	199	281	15649	1320	RENDERED_OK
II	177	199	281	20753	1870	RENDERED_OK
II	178	199	281	3495	186	RENDERED_OK
II	179	199	281	14179	949	RENDERED_OK
II	180	199	281	18021	1407	RENDERED_OK
II	181	199	281	21550	1778	RENDERED_OK
II	182	199	281	15947	1412	RENDERED_OK
II	183	199	281	15615	1417	RENDERED_OK
II	184	199	281	15695	1284	RENDERED_OK
II	185	199	281	18783	1640	RENDERED_OK
II	186	199	281	9446	697	RENDERED_OK
II	187	199	281	13865	975	RENDERED_OK
II	188	199	281	19787	1585	RENDERED_OK
II	189	199	281	24182	2102	RENDERED_OK
II	190	199	281	19388	1768	RENDERED_OK
II	191	199	281	15502	1390	RENDERED_OK
II	192	199	281	16203	1359	RENDERED_OK
II	193	199	281	18905	1669	RENDERED_OK
II	194	199	281	10335	853	RENDERED_OK
II	195	199	281	13531	943	RENDERED_OK
II	196	199	281	17406	1300	RENDERED_OK
II	197	199	281	21749	1865	RENDERED_OK
II	198	199	281	20431	1880	RENDERED_OK
II	199	199	281	15370	1350	RENDERED_OK
II	200	199	281	18541	1617	RENDERED_OK
II	201	199	281	17439	1459	RENDERED_OK
II	202	199	281	15156	1051	RENDERED_OK
II	203	199	281	16781	1327	RENDERED_OK
II	204	199	281	21965	1853	RENDERED_OK
II	205	199	281	20482	1857	RENDERED_OK
II	206	199	281	16743	1627	RENDERED_OK
II	207	199	281	17408	1534	RENDERED_OK
II	208	199	281	18216	1629	RENDERED_OK
II	209	199	281	11290	894	RENDERED_OK
III	1	199	281	2421	72	RENDERED_OK
III	2	199	281	10791	1948	RENDERED_OK
III	3	199	281	12921	2481	RENDERED_OK
III	4	199	281	13697	2395	RENDERED_OK
III	5	199	281	13490	2608	RENDERED_OK
III	6	199	281	13235	2501	RENDERED_OK
III	7	199	281	13446	2558	RENDERED_OK
III	8	199	281	13591	2501	RENDERED_OK
III	9	199	281	13783	2646	RENDERED_OK
III	10	199	281	10201	1790	RENDERED_OK
III	11	199	281	2258	27	RENDERED_OK
III	12	199	281	16372	1205	RENDERED_OK
III	13	199	281	20582	1661	RENDERED_OK
III	14	199	281	25145	2514	RENDERED_OK
III	15	199	281	26228	2944	RENDERED_OK
III	16	199	281	25819	2543	RENDERED_OK
III	17	199	281	23751	2700	RENDERED_OK
III	18	199	281	19319	1841	RENDERED_OK
III	19	199	281	17088	1597	RENDERED_OK
III	20	199	281	13154	1079	RENDERED_OK
III	21	199	281	14666	1084	RENDERED_OK
III	22	199	281	20096	1609	RENDERED_OK
III	23	199	281	25060	2476	RENDERED_OK
III	24	199	281	27537	2807	RENDERED_OK
III	25	199	281	26783	2606	RENDERED_OK
III	26	199	281	23482	2458	RENDERED_OK
III	27	199	281	21084	1947	RENDERED_OK
III	28	199	281	16598	1529	RENDERED_OK
III	29	199	281	10975	921	RENDERED_OK
III	30	199	281	15377	1132	RENDERED_OK
III	31	199	281	19201	1415	RENDERED_OK
III	32	199	281	27665	2674	RENDERED_OK
III	33	199	281	25726	2641	RENDERED_OK
III	34	199	281	25976	2423	RENDERED_OK
III	35	199	281	25524	2529	RENDERED_OK
III	36	199	281	15133	1291	RENDERED_OK
III	37	199	281	14608	1318	RENDERED_OK
III	38	199	281	10637	895	RENDERED_OK
III	39	199	281	15401	1122	RENDERED_OK
III	40	199	281	20187	1595	RENDERED_OK
III	41	199	281	27637	2703	RENDERED_OK
III	42	199	281	27055	2749	RENDERED_OK
III	43	199	281	26593	2451	RENDERED_OK
III	44	199	281	25156	2585	RENDERED_OK
III	45	199	281	14943	1269	RENDERED_OK
III	46	199	281	18956	1700	RENDERED_OK
III	47	199	281	8212	612	RENDERED_OK
III	48	199	281	14916	1054	RENDERED_OK
III	49	199	281	20227	1623	RENDERED_OK
III	50	199	281	27100	2614	RENDERED_OK
III	51	199	281	26496	2755	RENDERED_OK
III	52	199	281	26826	2614	RENDERED_OK
III	53	199	281	24832	2659	RENDERED_OK
III	54	199	281	19385	1764	RENDERED_OK
III	55	199	281	18500	1764	RENDERED_OK
III	56	199	281	7523	542	RENDERED_OK
III	57	199	281	14830	1127	RENDERED_OK
III	58	199	281	18872	1369	RENDERED_OK
III	59	199	281	26955	2604	RENDERED_OK
III	60	199	281	26644	2661	RENDERED_OK
III	61	199	281	25833	2437	RENDERED_OK
III	62	199	281	24820	2535	RENDERED_OK
III	63	199	281	14512	1194	RENDERED_OK
III	64	199	281	17326	1618	RENDERED_OK
III	65	199	281	8073	583	RENDERED_OK
III	66	199	281	14958	982	RENDERED_OK
III	67	199	281	15100	1100	RENDERED_OK
III	68	199	281	25528	2402	RENDERED_OK
III	69	199	281	25206	2761	RENDERED_OK
III	70	199	281	26699	2494	RENDERED_OK
III	71	199	281	25138	2575	RENDERED_OK
III	72	199	281	15204	1323	RENDERED_OK
III	73	199	281	16218	1504	RENDERED_OK
III	74	199	281	3294	172	RENDERED_OK
III	75	199	281	16412	1148	RENDERED_OK
III	76	199	281	17344	1252	RENDERED_OK
III	77	199	281	27487	2669	RENDERED_OK
III	78	199	281	25720	2712	RENDERED_OK
III	79	199	281	26946	2629	RENDERED_OK
III	80	199	281	24964	2503	RENDERED_OK
III	81	199	281	18598	1654	RENDERED_OK
III	82	199	281	17753	1658	RENDERED_OK
III	83	199	281	7968	562	RENDERED_OK
III	84	199	281	1928	23	RENDERED_OK
III	85	199	281	14871	1149	RENDERED_OK
III	86	199	281	17527	1340	RENDERED_OK
III	87	199	281	27101	2543	RENDERED_OK
III	88	199	281	26231	2679	RENDERED_OK
III	89	199	281	28851	2798	RENDERED_OK
III	90	199	281	22906	2430	RENDERED_OK
III	91	199	281	20917	1932	RENDERED_OK
III	92	199	281	14553	1310	RENDERED_OK
III	93	199	281	11403	884	RENDERED_OK
III	94	199	281	16843	1226	RENDERED_OK
III	95	199	281	19831	1583	RENDERED_OK
III	96	199	281	28587	2819	RENDERED_OK
III	97	199	281	26775	2693	RENDERED_OK
III	98	199	281	27256	2681	RENDERED_OK
III	99	199	281	24807	2428	RENDERED_OK
III	100	199	281	13475	1258	RENDERED_OK
III	101	199	281	16327	1432	RENDERED_OK
III	102	199	281	14968	1158	RENDERED_OK
III	103	199	281	17057	1381	RENDERED_OK
III	104	199	281	26682	2420	RENDERED_OK
III	105	199	281	25891	2592	RENDERED_OK
III	106	199	281	29229	2844	RENDERED_OK
III	107	199	281	24348	2483	RENDERED_OK
III	108	199	281	20133	1875	RENDERED_OK
III	109	199	281	14083	1300	RENDERED_OK
III	110	199	281	11509	927	RENDERED_OK
III	111	199	281	15339	1085	RENDERED_OK
III	112	199	281	14883	1094	RENDERED_OK
III	113	199	281	27788	2608	RENDERED_OK
III	114	199	281	27149	2851	RENDERED_OK
III	115	199	281	28182	2695	RENDERED_OK
III	116	199	281	22570	2389	RENDERED_OK
III	117	199	281	16047	1463	RENDERED_OK
III	118	199	281	16964	1497	RENDERED_OK
III	119	199	281	8480	635	RENDERED_OK
III	120	199	281	16958	1231	RENDERED_OK
III	121	199	281	13249	935	RENDERED_OK
III	122	199	281	26659	2439	RENDERED_OK
III	123	199	281	27646	2807	RENDERED_OK
III	124	199	281	27205	2646	RENDERED_OK
III	125	199	281	24502	2531	RENDERED_OK
III	126	199	281	16380	1442	RENDERED_OK
III	127	199	281	14765	1304	RENDERED_OK
III	128	199	281	7138	518	RENDERED_OK
III	129	199	281	15867	1145	RENDERED_OK
III	130	199	281	20198	1595	RENDERED_OK
III	131	199	281	27816	2658	RENDERED_OK
III	132	199	281	27664	2793	RENDERED_OK
III	133	199	281	28113	2678	RENDERED_OK
III	134	199	281	25222	2658	RENDERED_OK
III	135	199	281	15324	1453	RENDERED_OK
III	136	199	281	15513	1429	RENDERED_OK
III	137	199	281	2252	28	RENDERED_OK
III	138	199	281	15063	1081	RENDERED_OK
III	139	199	281	20219	1578	RENDERED_OK
III	140	199	281	27251	2614	RENDERED_OK
III	141	199	281	25578	2662	RENDERED_OK
III	142	199	281	29132	2790	RENDERED_OK
III	143	199	281	23266	2411	RENDERED_OK
III	144	199	281	22571	2076	RENDERED_OK
III	145	199	281	19766	1902	RENDERED_OK
III	146	199	281	15429	1309	RENDERED_OK
III	147	199	281	14517	1069	RENDERED_OK
III	148	199	281	17501	1299	RENDERED_OK
III	149	199	281	24625	2330	RENDERED_OK
III	150	199	281	26520	2651	RENDERED_OK
III	151	199	281	25694	2573	RENDERED_OK
III	152	199	281	25115	2422	RENDERED_OK
III	153	199	281	19947	1944	RENDERED_OK
III	154	199	281	18888	1717	RENDERED_OK
III	155	199	281	13230	1108	RENDERED_OK
III	156	199	281	14791	1077	RENDERED_OK
III	157	199	281	17303	1311	RENDERED_OK
III	158	199	281	24148	2327	RENDERED_OK
III	159	199	281	24362	2657	RENDERED_OK
III	160	199	281	28251	2790	RENDERED_OK
III	161	199	281	25062	2659	RENDERED_OK
III	162	199	281	20063	1871	RENDERED_OK
III	163	199	281	16472	1514	RENDERED_OK
III	164	199	281	14162	1154	RENDERED_OK
III	165	199	281	15042	1091	RENDERED_OK
III	166	199	281	17690	1346	RENDERED_OK
III	167	199	281	27646	2624	RENDERED_OK
III	168	199	281	27638	2786	RENDERED_OK
III	169	199	281	28298	2666	RENDERED_OK
III	170	199	281	25868	2589	RENDERED_OK
III	171	199	281	15012	1282	RENDERED_OK
III	172	199	281	15842	1484	RENDERED_OK
III	173	199	281	12853	1008	RENDERED_OK
III	174	199	281	15705	1181	RENDERED_OK
III	175	199	281	18459	1507	RENDERED_OK
III	176	199	281	26525	2535	RENDERED_OK
III	177	199	281	26034	2718	RENDERED_OK
III	178	199	281	28668	2746	RENDERED_OK
III	179	199	281	25082	2690	RENDERED_OK
III	180	199	281	20596	1815	RENDERED_OK
III	181	199	281	15404	1407	RENDERED_OK
III	182	199	281	12812	1026	RENDERED_OK
III	183	199	281	2593	29	RENDERED_OK
III	184	199	281	15359	1138	RENDERED_OK
III	185	199	281	18038	1456	RENDERED_OK
III	186	199	281	24969	2393	RENDERED_OK
III	187	199	281	26395	2647	RENDERED_OK
III	188	199	281	27145	2657	RENDERED_OK
III	189	199	281	23469	2582	RENDERED_OK
III	190	199	281	20716	1970	RENDERED_OK
III	191	199	281	15857	1490	RENDERED_OK
III	192	199	281	14686	1202	RENDERED_OK
III	193	199	281	14739	1037	RENDERED_OK
III	194	199	281	17952	1413	RENDERED_OK
III	195	199	281	26410	2472	RENDERED_OK
III	196	199	281	27008	2809	RENDERED_OK
III	197	199	281	27436	2559	RENDERED_OK
III	198	199	281	23331	2518	RENDERED_OK
III	199	199	281	18857	1738	RENDERED_OK
III	200	199	281	16032	1430	RENDERED_OK
III	201	199	281	13798	1126	RENDERED_OK
III	202	199	281	16128	1180	RENDERED_OK
III	203	199	281	18996	1408	RENDERED_OK
III	204	199	281	25114	2483	RENDERED_OK
III	205	199	281	28319	2897	RENDERED_OK
III	206	199	281	27077	2566	RENDERED_OK
III	207	199	281	25939	2634	RENDERED_OK
III	208	199	281	19465	1722	RENDERED_OK
III	209	199	281	16689	1511	RENDERED_OK
III	210	199	281	14340	1210	RENDERED_OK
III	211	199	281	17425	1256	RENDERED_OK
III	212	199	281	17417	1259	RENDERED_OK
III	213	199	281	26303	2476	RENDERED_OK
III	214	199	281	26994	2732	RENDERED_OK
III	215	199	281	26889	2650	RENDERED_OK
III	216	199	281	25267	2536	RENDERED_OK
III	217	199	281	21726	1980	RENDERED_OK
III	218	199	281	15874	1474	RENDERED_OK
III	219	199	281	16424	1373	RENDERED_OK
III	220	199	281	14929	1103	RENDERED_OK
III	221	199	281	19226	1501	RENDERED_OK
III	222	199	281	27503	2548	RENDERED_OK
III	223	199	281	25530	2664	RENDERED_OK
III	224	199	281	28812	2729	RENDERED_OK
III	225	199	281	23048	2465	RENDERED_OK
III	226	199	281	20788	1887	RENDERED_OK
III	227	199	281	17275	1509	RENDERED_OK
III	228	199	281	13603	1136	RENDERED_OK
III	229	199	281	14685	1032	RENDERED_OK
III	230	199	281	17064	1248	RENDERED_OK
III	231	199	281	26891	2469	RENDERED_OK
III	232	199	281	25842	2683	RENDERED_OK
III	233	199	281	29506	2887	RENDERED_OK
III	234	199	281	25319	2512	RENDERED_OK
III	235	199	281	24412	2201	RENDERED_OK
III	236	199	281	14848	1351	RENDERED_OK
III	237	199	281	18878	1606	RENDERED_OK
III	238	199	281	3334	174	RENDERED_OK
III	239	199	281	16262	1152	RENDERED_OK
III	240	199	281	19706	1545	RENDERED_OK
III	241	199	281	27217	2527	RENDERED_OK
III	242	199	281	25971	2681	RENDERED_OK
III	243	199	281	28649	2789	RENDERED_OK
III	244	199	281	24728	2423	RENDERED_OK
III	245	199	281	20704	1961	RENDERED_OK
III	246	199	281	17990	1669	RENDERED_OK
III	247	199	281	16196	1398	RENDERED_OK
III	248	199	281	15442	1039	RENDERED_OK
III	249	199	281	17240	1272	RENDERED_OK
III	250	199	281	27584	2640	RENDERED_OK
III	251	199	281	27035	2723	RENDERED_OK
III	252	199	281	26893	2672	RENDERED_OK
III	253	199	281	25729	2554	RENDERED_OK
III	254	199	281	21083	2034	RENDERED_OK
III	255	199	281	18446	1721	RENDERED_OK
III	256	199	281	14551	1208	RENDERED_OK
III	257	199	281	15088	1053	RENDERED_OK
III	258	199	281	17058	1280	RENDERED_OK
III	259	199	281	24099	2006	RENDERED_OK
III	260	199	281	27700	2759	RENDERED_OK
III	261	199	281	27502	2731	RENDERED_OK
III	262	199	281	26169	2616	RENDERED_OK
III	263	199	281	22640	2293	RENDERED_OK
III	264	199	281	13966	1278	RENDERED_OK
III	265	199	281	19517	1666	RENDERED_OK
IV	1	199	281	2243	61	RENDERED_OK
IV	2	199	281	11414	1967	RENDERED_OK
IV	3	199	281	13230	2535	RENDERED_OK
IV	4	199	281	13416	2438	RENDERED_OK
IV	5	199	281	13865	2494	RENDERED_OK
IV	6	199	281	12694	2619	RENDERED_OK
IV	7	199	281	12685	2474	RENDERED_OK
IV	8	199	281	13871	2513	RENDERED_OK
IV	9	199	281	13062	2604	RENDERED_OK
IV	10	199	281	13588	2497	RENDERED_OK
IV	11	199	281	13505	2642	RENDERED_OK
IV	12	199	281	2947	358	RENDERED_OK
IV	13	199	281	2238	26	RENDERED_OK
IV	14	199	281	16973	1301	RENDERED_OK
IV	15	199	281	18630	1460	RENDERED_OK
IV	16	199	281	25869	2489	RENDERED_OK
IV	17	199	281	25211	2615	RENDERED_OK
IV	18	199	281	26448	2643	RENDERED_OK
IV	19	199	281	22717	2324	RENDERED_OK
IV	20	199	281	19484	1797	RENDERED_OK
IV	21	199	281	19313	1700	RENDERED_OK
IV	22	199	281	18042	1594	RENDERED_OK
IV	23	199	281	16517	1231	RENDERED_OK
IV	24	199	281	18330	1398	RENDERED_OK
IV	25	199	281	25174	2379	RENDERED_OK
IV	26	199	281	24524	2687	RENDERED_OK
IV	27	199	281	26153	2544	RENDERED_OK
IV	28	199	281	22723	2222	RENDERED_OK
IV	29	199	281	19627	1715	RENDERED_OK
IV	30	199	281	21433	1920	RENDERED_OK
IV	31	199	281	13600	1116	RENDERED_OK
IV	32	199	281	16161	1171	RENDERED_OK
IV	33	199	281	16245	1196	RENDERED_OK
IV	34	199	281	26537	2526	RENDERED_OK
IV	35	199	281	25753	2642	RENDERED_OK
IV	36	199	281	26077	2513	RENDERED_OK
IV	37	199	281	21167	2162	RENDERED_OK
IV	38	199	281	16917	1415	RENDERED_OK
IV	39	199	281	21805	1986	RENDERED_OK
IV	40	199	281	12811	1071	RENDERED_OK
IV	41	199	281	14720	1068	RENDERED_OK
IV	42	199	281	16243	1189	RENDERED_OK
IV	43	199	281	25148	2403	RENDERED_OK
IV	44	199	281	24955	2513	RENDERED_OK
IV	45	199	281	27055	2608	RENDERED_OK
IV	46	199	281	21650	2125	RENDERED_OK
IV	47	199	281	18596	1620	RENDERED_OK
IV	48	199	281	19172	1701	RENDERED_OK
IV	49	199	281	13112	1070	RENDERED_OK
IV	50	199	281	14971	1113	RENDERED_OK
IV	51	199	281	18238	1422	RENDERED_OK
IV	52	199	281	28070	2691	RENDERED_OK
IV	53	199	281	25444	2692	RENDERED_OK
IV	54	199	281	27556	2690	RENDERED_OK
IV	55	199	281	23021	2261	RENDERED_OK
IV	56	199	281	19670	1739	RENDERED_OK
IV	57	199	281	21434	1996	RENDERED_OK
IV	58	199	281	15100	1396	RENDERED_OK
IV	59	199	281	14863	1083	RENDERED_OK
IV	60	199	281	17667	1326	RENDERED_OK
IV	61	199	281	26123	2534	RENDERED_OK
IV	62	199	281	25949	2669	RENDERED_OK
IV	63	199	281	25297	2436	RENDERED_OK
IV	64	199	281	21052	2097	RENDERED_OK
IV	65	199	281	17299	1553	RENDERED_OK
IV	66	199	281	21751	1907	RENDERED_OK
IV	67	199	281	8556	694	RENDERED_OK
IV	68	199	281	2327	32	RENDERED_OK
IV	69	199	281	16273	1190	RENDERED_OK
IV	70	199	281	20566	1650	RENDERED_OK
IV	71	199	281	27833	2685	RENDERED_OK
IV	72	199	281	27030	2761	RENDERED_OK
IV	73	199	281	25745	2465	RENDERED_OK
IV	74	199	281	22112	2089	RENDERED_OK
IV	75	199	281	18360	1622	RENDERED_OK
IV	76	199	281	21386	1936	RENDERED_OK
IV	77	199	281	12202	997	RENDERED_OK
IV	78	199	281	14025	1062	RENDERED_OK
IV	79	199	281	16606	1255	RENDERED_OK
IV	80	199	281	27325	2614	RENDERED_OK
IV	81	199	281	25588	2587	RENDERED_OK
IV	82	199	281	26408	2636	RENDERED_OK
IV	83	199	281	22160	2145	RENDERED_OK
IV	84	199	281	14811	1286	RENDERED_OK
IV	85	199	281	20917	1941	RENDERED_OK
IV	86	199	281	15450	1356	RENDERED_OK
IV	87	199	281	14420	1073	RENDERED_OK
IV	88	199	281	18472	1411	RENDERED_OK
IV	89	199	281	27823	2679	RENDERED_OK
IV	90	199	281	25869	2726	RENDERED_OK
IV	91	199	281	26358	2503	RENDERED_OK
IV	92	199	281	21165	2081	RENDERED_OK
IV	93	199	281	17848	1579	RENDERED_OK
IV	94	199	281	19752	1828	RENDERED_OK
IV	95	199	281	13735	1131	RENDERED_OK
IV	96	199	281	15357	1143	RENDERED_OK
IV	97	199	281	15311	1127	RENDERED_OK
IV	98	199	281	26989	2570	RENDERED_OK
IV	99	199	281	25597	2598	RENDERED_OK
IV	100	199	281	28047	2697	RENDERED_OK
IV	101	199	281	22305	2137	RENDERED_OK
IV	102	199	281	18365	1639	RENDERED_OK
IV	103	199	281	20880	1855	RENDERED_OK
IV	104	199	281	14235	1197	RENDERED_OK
IV	105	199	281	15489	1173	RENDERED_OK
IV	106	199	281	17066	1268	RENDERED_OK
IV	107	199	281	27252	2703	RENDERED_OK
IV	108	199	281	26615	2763	RENDERED_OK
IV	109	199	281	27676	2692	RENDERED_OK
IV	110	199	281	23692	2235	RENDERED_OK
IV	111	199	281	19172	1741	RENDERED_OK
IV	112	199	281	20493	1830	RENDERED_OK
IV	113	199	281	13784	1201	RENDERED_OK
IV	114	199	281	2516	31	RENDERED_OK
IV	115	199	281	16055	1105	RENDERED_OK
IV	116	199	281	17539	1311	RENDERED_OK
IV	117	199	281	25510	2407	RENDERED_OK
IV	118	199	281	26276	2733	RENDERED_OK
IV	119	199	281	29418	2910	RENDERED_OK
IV	120	199	281	23354	2233	RENDERED_OK
IV	121	199	281	18814	1615	RENDERED_OK
IV	122	199	281	19808	1788	RENDERED_OK
IV	123	199	281	17824	1608	RENDERED_OK
IV	124	199	281	16037	1188	RENDERED_OK
IV	125	199	281	19663	1550	RENDERED_OK
IV	126	199	281	25327	2599	RENDERED_OK
IV	127	199	281	23831	2453	RENDERED_OK
IV	128	199	281	25526	2424	RENDERED_OK
IV	129	199	281	20714	2055	RENDERED_OK
IV	130	199	281	17422	1491	RENDERED_OK
IV	131	199	281	19065	1683	RENDERED_OK
IV	132	199	281	15419	1327	RENDERED_OK
IV	133	199	281	14953	1045	RENDERED_OK
IV	134	199	281	14789	1080	RENDERED_OK
IV	135	199	281	26911	2516	RENDERED_OK
IV	136	199	281	23857	2525	RENDERED_OK
IV	137	199	281	25523	2477	RENDERED_OK
IV	138	199	281	21032	2017	RENDERED_OK
IV	139	199	281	16166	1431	RENDERED_OK
IV	140	199	281	20143	1816	RENDERED_OK
IV	141	199	281	12660	1034	RENDERED_OK
IV	142	199	281	16369	1275	RENDERED_OK
IV	143	199	281	19537	1545	RENDERED_OK
IV	144	199	281	27314	2648	RENDERED_OK
IV	145	199	281	25480	2694	RENDERED_OK
IV	146	199	281	25384	2452	RENDERED_OK
IV	147	199	281	22975	2223	RENDERED_OK
IV	148	199	281	17208	1438	RENDERED_OK
IV	149	199	281	22727	2160	RENDERED_OK
IV	150	199	281	15762	1364	RENDERED_OK
IV	151	199	281	15127	1084	RENDERED_OK
IV	152	199	281	15448	1159	RENDERED_OK
IV	153	199	281	27374	2530	RENDERED_OK
IV	154	199	281	26501	2674	RENDERED_OK
IV	155	199	281	27609	2725	RENDERED_OK
IV	156	199	281	20827	2083	RENDERED_OK
IV	157	199	281	18894	1691	RENDERED_OK
IV	158	199	281	22173	2049	RENDERED_OK
IV	159	199	281	13032	1061	RENDERED_OK
IV	160	199	281	15748	1208	RENDERED_OK
IV	161	199	281	16639	1235	RENDERED_OK
IV	162	199	281	27731	2651	RENDERED_OK
IV	163	199	281	25454	2611	RENDERED_OK
IV	164	199	281	26031	2606	RENDERED_OK
IV	165	199	281	22100	2143	RENDERED_OK
IV	166	199	281	19239	1660	RENDERED_OK
IV	167	199	281	19431	1793	RENDERED_OK
IV	168	199	281	16348	1418	RENDERED_OK
IV	169	199	281	15953	1162	RENDERED_OK
IV	170	199	281	19388	1527	RENDERED_OK
IV	171	199	281	27039	2572	RENDERED_OK
IV	172	199	281	24021	2650	RENDERED_OK
IV	173	199	281	25191	2351	RENDERED_OK
IV	174	199	281	21597	2089	RENDERED_OK
IV	175	199	281	16844	1389	RENDERED_OK
IV	176	199	281	22567	2054	RENDERED_OK
IV	177	199	281	11883	1009	RENDERED_OK
IV	178	199	281	2188	25	RENDERED_OK
IV	179	199	281	14299	1014	RENDERED_OK
IV	180	199	281	15238	1054	RENDERED_OK
IV	181	199	281	23721	2238	RENDERED_OK
IV	182	199	281	25609	2697	RENDERED_OK
IV	183	199	281	27531	2620	RENDERED_OK
IV	184	199	281	22273	2167	RENDERED_OK
IV	185	199	281	15807	1255	RENDERED_OK
IV	186	199	281	21321	1871	RENDERED_OK
IV	187	199	281	9144	725	RENDERED_OK
IV	188	199	281	14942	1097	RENDERED_OK
IV	189	199	281	15037	996	RENDERED_OK
IV	190	199	281	24073	2189	RENDERED_OK
IV	191	199	281	24409	2541	RENDERED_OK
IV	192	199	281	27163	2458	RENDERED_OK
IV	193	199	281	21869	2150	RENDERED_OK
IV	194	199	281	14199	1166	RENDERED_OK
IV	195	199	281	18416	1601	RENDERED_OK
IV	196	199	281	13069	1079	RENDERED_OK
IV	197	199	281	15183	1070	RENDERED_OK
IV	198	199	281	16217	1142	RENDERED_OK
IV	199	199	281	24994	2531	RENDERED_OK
IV	200	199	281	25522	2586	RENDERED_OK
IV	201	199	281	27669	2679	RENDERED_OK
IV	202	199	281	21957	2114	RENDERED_OK
IV	203	199	281	19624	1729	RENDERED_OK
IV	204	199	281	21161	1904	RENDERED_OK
IV	205	199	281	16278	1359	RENDERED_OK
IV	206	199	281	2079	23	RENDERED_OK
IV	207	199	281	17825	1302	RENDERED_OK
IV	208	199	281	17934	1367	RENDERED_OK
IV	209	199	281	26625	2566	RENDERED_OK
IV	210	199	281	25062	2581	RENDERED_OK
IV	211	199	281	27664	2770	RENDERED_OK
IV	212	199	281	20686	2158	RENDERED_OK
IV	213	199	281	18469	1565	RENDERED_OK
IV	214	199	281	19842	1852	RENDERED_OK
IV	215	199	281	14401	1254	RENDERED_OK
IV	216	199	281	16368	1154	RENDERED_OK
IV	217	199	281	17285	1267	RENDERED_OK
IV	218	199	281	24986	2485	RENDERED_OK
IV	219	199	281	23589	2534	RENDERED_OK
IV	220	199	281	27170	2567	RENDERED_OK
IV	221	199	281	21601	2243	RENDERED_OK
IV	222	199	281	17472	1473	RENDERED_OK
IV	223	199	281	20870	1847	RENDERED_OK
IV	224	199	281	9888	816	RENDERED_OK
IV	225	199	281	15741	1169	RENDERED_OK
IV	226	199	281	15523	1112	RENDERED_OK
IV	227	199	281	26488	2452	RENDERED_OK
IV	228	199	281	25845	2592	RENDERED_OK
IV	229	199	281	27675	2627	RENDERED_OK
IV	230	199	281	22187	2191	RENDERED_OK
IV	231	199	281	15408	1326	RENDERED_OK
IV	232	199	281	18919	1711	RENDERED_OK
IV	233	199	281	13335	1148	RENDERED_OK
IV	234	199	281	15709	1168	RENDERED_OK
IV	235	199	281	21478	1689	RENDERED_OK
IV	236	199	281	25917	2464	RENDERED_OK
IV	237	199	281	24843	2597	RENDERED_OK
IV	238	199	281	26530	2509	RENDERED_OK
IV	239	199	281	21834	2138	RENDERED_OK
IV	240	199	281	17667	1479	RENDERED_OK
IV	241	199	281	22476	2059	RENDERED_OK
IV	242	199	281	15488	1343	RENDERED_OK
IV	243	199	281	15800	1162	RENDERED_OK
IV	244	199	281	18001	1347	RENDERED_OK
IV	245	199	281	27279	2486	RENDERED_OK
IV	246	199	281	25032	2674	RENDERED_OK
IV	247	199	281	27851	2655	RENDERED_OK
IV	248	199	281	21919	2137	RENDERED_OK
IV	249	199	281	18521	1543	RENDERED_OK
IV	250	199	281	20013	1846	RENDERED_OK
IV	251	199	281	13746	1128	RENDERED_OK
IV	252	199	281	2109	26	RENDERED_OK
IV	253	199	281	15988	1166	RENDERED_OK
IV	254	199	281	14519	1056	RENDERED_OK
IV	255	199	281	27093	2597	RENDERED_OK
IV	256	199	281	25805	2621	RENDERED_OK
IV	257	199	281	27047	2585	RENDERED_OK
IV	258	199	281	22466	2201	RENDERED_OK
IV	259	199	281	15122	1252	RENDERED_OK
IV	260	199	281	18360	1626	RENDERED_OK
IV	261	199	281	12687	1021	RENDERED_OK
IV	262	199	281	14552	1124	RENDERED_OK
IV	263	199	281	18499	1400	RENDERED_OK
IV	264	199	281	26995	2469	RENDERED_OK
IV	265	199	281	25802	2698	RENDERED_OK
IV	266	199	281	26735	2586	RENDERED_OK
IV	267	199	281	23054	2307	RENDERED_OK
IV	268	199	281	18137	1583	RENDERED_OK
IV	269	199	281	19519	1776	RENDERED_OK
IV	270	199	281	12975	1119	RENDERED_OK
IV	271	199	281	16293	1178	RENDERED_OK
IV	272	199	281	15618	1160	RENDERED_OK
IV	273	199	281	26195	2293	RENDERED_OK
IV	274	199	281	26080	2545	RENDERED_OK
IV	275	199	281	28699	2839	RENDERED_OK
IV	276	199	281	23498	2164	RENDERED_OK
IV	277	199	281	17716	1555	RENDERED_OK
IV	278	199	281	18431	1619	RENDERED_OK
IV	279	199	281	16022	1339	RENDERED_OK
IV	280	199	281	14688	1095	RENDERED_OK
IV	281	199	281	16369	1161	RENDERED_OK
IV	282	199	281	25833	2430	RENDERED_OK
IV	283	199	281	23752	2574	RENDERED_OK
IV	284	199	281	26375	2579	RENDERED_OK
IV	285	199	281	22452	2216	RENDERED_OK
IV	286	199	281	19531	1712	RENDERED_OK
IV	287	199	281	20237	1780	RENDERED_OK
IV	288	199	281	14194	1227	RENDERED_OK
IV	289	199	281	15845	1135	RENDERED_OK
IV	290	199	281	15804	1153	RENDERED_OK
IV	291	199	281	24920	2228	RENDERED_OK
IV	292	199	281	26346	2550	RENDERED_OK
IV	293	199	281	28755	2896	RENDERED_OK
IV	294	199	281	23630	2195	RENDERED_OK
IV	295	199	281	21861	1942	RENDERED_OK
IV	296	199	281	18949	1703	RENDERED_OK
IV	297	199	281	21124	1915	RENDERED_OK
V	1	199	281	2360	66	RENDERED_OK
V	2	199	281	10412	1907	RENDERED_OK
V	3	199	281	12772	2390	RENDERED_OK
V	4	199	281	12723	2388	RENDERED_OK
V	5	199	281	13241	2607	RENDERED_OK
V	6	199	281	12337	2458	RENDERED_OK
V	7	199	281	12628	2603	RENDERED_OK
V	8	199	281	12567	2491	RENDERED_OK
V	9	199	281	12247	2436	RENDERED_OK
V	10	199	281	13066	2617	RENDERED_OK
V	11	199	281	5900	951	RENDERED_OK
V	12	199	281	1846	20	RENDERED_OK
V	13	199	281	15494	1142	RENDERED_OK
V	14	199	281	19459	1509	RENDERED_OK
V	15	199	281	28125	2777	RENDERED_OK
V	16	199	281	26229	2708	RENDERED_OK
V	17	199	281	26221	2490	RENDERED_OK
V	18	199	281	23655	2358	RENDERED_OK
V	19	199	281	15589	1643	RENDERED_OK
V	20	199	281	17578	1763	RENDERED_OK
V	21	199	281	11321	989	RENDERED_OK
V	22	199	281	15417	1139	RENDERED_OK
V	23	199	281	17080	1317	RENDERED_OK
V	24	199	281	28319	2943	RENDERED_OK
V	25	199	281	25900	2736	RENDERED_OK
V	26	199	281	23723	2241	RENDERED_OK
V	27	199	281	21994	2140	RENDERED_OK
V	28	199	281	13487	1500	RENDERED_OK
V	29	199	281	14727	1474	RENDERED_OK
V	30	199	281	10394	911	RENDERED_OK
V	31	199	281	14078	1032	RENDERED_OK
V	32	199	281	20450	1664	RENDERED_OK
V	33	199	281	26494	2733	RENDERED_OK
V	34	199	281	26879	2692	RENDERED_OK
V	35	199	281	22084	2248	RENDERED_OK
V	36	199	281	21202	1947	RENDERED_OK
V	37	199	281	16420	1733	RENDERED_OK
V	38	199	281	17966	1844	RENDERED_OK
V	39	199	281	14997	1059	RENDERED_OK
V	40	199	281	17011	1306	RENDERED_OK
V	41	199	281	28328	2843	RENDERED_OK
V	42	199	281	24336	2750	RENDERED_OK
V	43	199	281	25853	2405	RENDERED_OK
V	44	199	281	19288	1893	RENDERED_OK
V	45	199	281	14696	1597	RENDERED_OK
V	46	199	281	19096	1873	RENDERED_OK
V	47	199	281	5903	446	RENDERED_OK
V	48	199	281	1641	20	RENDERED_OK
V	49	199	281	16369	1239	RENDERED_OK
V	50	199	281	20839	1649	RENDERED_OK
V	51	199	281	27722	2943	RENDERED_OK
V	52	199	281	26427	2758	RENDERED_OK
V	53	199	281	23696	2263	RENDERED_OK
V	54	199	281	19990	1863	RENDERED_OK
V	55	199	281	13616	1525	RENDERED_OK
V	56	199	281	17557	1715	RENDERED_OK
V	57	199	281	8777	731	RENDERED_OK
V	58	199	281	15472	1183	RENDERED_OK
V	59	199	281	18873	1507	RENDERED_OK
V	60	199	281	26836	2782	RENDERED_OK
V	61	199	281	28222	2815	RENDERED_OK
V	62	199	281	24475	2403	RENDERED_OK
V	63	199	281	24108	2180	RENDERED_OK
V	64	199	281	14958	1667	RENDERED_OK
V	65	199	281	18995	1901	RENDERED_OK
V	66	199	281	5875	446	RENDERED_OK
V	67	199	281	15484	1140	RENDERED_OK
V	68	199	281	18095	1385	RENDERED_OK
V	69	199	281	27343	2870	RENDERED_OK
V	70	199	281	28157	2818	RENDERED_OK
V	71	199	281	24166	2299	RENDERED_OK
V	72	199	281	20157	1836	RENDERED_OK
V	73	199	281	14225	1514	RENDERED_OK
V	74	199	281	19413	1870	RENDERED_OK
V	75	199	281	5874	446	RENDERED_OK
V	76	199	281	14397	1024	RENDERED_OK
V	77	199	281	18673	1432	RENDERED_OK
V	78	199	281	23819	2565	RENDERED_OK
V	79	199	281	26738	2877	RENDERED_OK
V	80	199	281	25697	2505	RENDERED_OK
V	81	199	281	23510	2280	RENDERED_OK
V	82	199	281	15501	1520	RENDERED_OK
V	83	199	281	17955	1904	RENDERED_OK
V	84	199	281	10423	897	RENDERED_OK
V	85	199	281	2643	33	RENDERED_OK
V	86	199	281	16264	1192	RENDERED_OK
V	87	199	281	18829	1422	RENDERED_OK
V	88	199	281	27971	2737	RENDERED_OK
V	89	199	281	27818	2812	RENDERED_OK
V	90	199	281	26128	2440	RENDERED_OK
V	91	199	281	22650	2127	RENDERED_OK
V	92	199	281	15094	1369	RENDERED_OK
V	93	199	281	18449	1967	RENDERED_OK
V	94	199	281	10752	925	RENDERED_OK
V	95	199	281	14720	1104	RENDERED_OK
V	96	199	281	17784	1305	RENDERED_OK
V	97	199	281	28182	2832	RENDERED_OK
V	98	199	281	27793	2788	RENDERED_OK
V	99	199	281	26048	2474	RENDERED_OK
V	100	199	281	23082	2112	RENDERED_OK
V	101	199	281	13936	1497	RENDERED_OK
V	102	199	281	16310	1592	RENDERED_OK
V	103	199	281	10767	939	RENDERED_OK
V	104	199	281	14658	1046	RENDERED_OK
V	105	199	281	17518	1289	RENDERED_OK
V	106	199	281	27674	2841	RENDERED_OK
V	107	199	281	25120	2665	RENDERED_OK
V	108	199	281	25718	2400	RENDERED_OK
V	109	199	281	21459	1919	RENDERED_OK
V	110	199	281	15465	1524	RENDERED_OK
V	111	199	281	18287	1807	RENDERED_OK
V	112	199	281	15758	1121	RENDERED_OK
V	113	199	281	17640	1368	RENDERED_OK
V	114	199	281	26430	2618	RENDERED_OK
V	115	199	281	26303	2902	RENDERED_OK
V	116	199	281	27888	2626	RENDERED_OK
V	117	199	281	23599	2416	RENDERED_OK
V	118	199	281	15915	1417	RENDERED_OK
V	119	199	281	19770	2059	RENDERED_OK
V	120	199	281	10949	947	RENDERED_OK
V	121	199	281	15779	1172	RENDERED_OK
V	122	199	281	18767	1534	RENDERED_OK
V	123	199	281	28431	2967	RENDERED_OK
V	124	199	281	26561	2800	RENDERED_OK
V	125	199	281	23800	2280	RENDERED_OK
V	126	199	281	22382	2030	RENDERED_OK
V	127	199	281	13872	1574	RENDERED_OK
V	128	199	281	15238	1544	RENDERED_OK
V	129	199	281	10846	935	RENDERED_OK
V	130	199	281	14865	1112	RENDERED_OK
V	131	199	281	17807	1409	RENDERED_OK
V	132	199	281	29127	2958	RENDERED_OK
V	133	199	281	25473	2708	RENDERED_OK
V	134	199	281	25550	2411	RENDERED_OK
V	135	199	281	21392	1968	RENDERED_OK
V	136	199	281	15504	1682	RENDERED_OK
V	137	199	281	18031	1852	RENDERED_OK
V	138	199	281	2215	26	RENDERED_OK
V	139	199	281	16177	1192	RENDERED_OK
V	140	199	281	18997	1494	RENDERED_OK
V	141	199	281	27443	2715	RENDERED_OK
V	142	199	281	26501	2805	RENDERED_OK
V	143	199	281	26820	2540	RENDERED_OK
V	144	199	281	23542	2349	RENDERED_OK
V	145	199	281	17753	1832	RENDERED_OK
V	146	199	281	17541	1799	RENDERED_OK
V	147	199	281	14998	1368	RENDERED_OK
V	148	199	281	15076	1135	RENDERED_OK
V	149	199	281	17577	1346	RENDERED_OK
V	150	199	281	26639	2558	RENDERED_OK
V	151	199	281	23374	2552	RENDERED_OK
V	152	199	281	25497	2451	RENDERED_OK
V	153	199	281	23462	2270	RENDERED_OK
V	154	199	281	15194	1518	RENDERED_OK
V	155	199	281	16781	1766	RENDERED_OK
V	156	199	281	9778	799	RENDERED_OK
V	157	199	281	15807	1146	RENDERED_OK
V	158	199	281	19386	1522	RENDERED_OK
V	159	199	281	27790	2669	RENDERED_OK
V	160	199	281	26724	2940	RENDERED_OK
V	161	199	281	26151	2470	RENDERED_OK
V	162	199	281	20616	2104	RENDERED_OK
V	163	199	281	16891	1795	RENDERED_OK
V	164	199	281	17143	1756	RENDERED_OK
V	165	199	281	10349	849	RENDERED_OK
V	166	199	281	15475	1098	RENDERED_OK
V	167	199	281	18021	1362	RENDERED_OK
V	168	199	281	24891	2674	RENDERED_OK
V	169	199	281	26637	2751	RENDERED_OK
V	170	199	281	25699	2433	RENDERED_OK
V	171	199	281	21511	2089	RENDERED_OK
V	172	199	281	15892	1610	RENDERED_OK
V	173	199	281	17402	1799	RENDERED_OK
V	174	199	281	10592	881	RENDERED_OK
V	175	199	281	2625	34	RENDERED_OK
V	176	199	281	15393	1175	RENDERED_OK
V	177	199	281	17830	1370	RENDERED_OK
V	178	199	281	27680	2850	RENDERED_OK
V	179	199	281	24989	2832	RENDERED_OK
V	180	199	281	27124	2709	RENDERED_OK
V	181	199	281	22934	2221	RENDERED_OK
V	182	199	281	15924	1581	RENDERED_OK
V	183	199	281	19948	2109	RENDERED_OK
V	184	199	281	10417	901	RENDERED_OK
V	185	199	281	15348	1172	RENDERED_OK
V	186	199	281	20030	1545	RENDERED_OK
V	187	199	281	28166	2827	RENDERED_OK
V	188	199	281	26286	2800	RENDERED_OK
V	189	199	281	26245	2528	RENDERED_OK
V	190	199	281	22722	2246	RENDERED_OK
V	191	199	281	16658	1661	RENDERED_OK
V	192	199	281	17303	1715	RENDERED_OK
V	193	199	281	10721	899	RENDERED_OK
V	194	199	281	14972	1133	RENDERED_OK
V	195	199	281	17914	1355	RENDERED_OK
V	196	199	281	27889	2732	RENDERED_OK
V	197	199	281	26696	2868	RENDERED_OK
V	198	199	281	26357	2475	RENDERED_OK
V	199	199	281	23652	2278	RENDERED_OK
V	200	199	281	15695	1494	RENDERED_OK
V	201	199	281	18682	2000	RENDERED_OK
V	202	199	281	10865	914	RENDERED_OK
V	203	199	281	2300	27	RENDERED_OK
V	204	199	281	14505	1095	RENDERED_OK
V	205	199	281	17359	1219	RENDERED_OK
V	206	199	281	26016	2582	RENDERED_OK
V	207	199	281	27029	2717	RENDERED_OK
V	208	199	281	25590	2494	RENDERED_OK
V	209	199	281	22104	2065	RENDERED_OK
V	210	199	281	16448	1692	RENDERED_OK
V	211	199	281	15425	1557	RENDERED_OK
V	212	199	281	10657	894	RENDERED_OK
V	213	199	281	14631	1078	RENDERED_OK
V	214	199	281	18725	1453	RENDERED_OK
V	215	199	281	27754	2664	RENDERED_OK
V	216	199	281	27117	2782	RENDERED_OK
V	217	199	281	26858	2537	RENDERED_OK
V	218	199	281	22208	2158	RENDERED_OK
V	219	199	281	16292	1628	RENDERED_OK
V	220	199	281	19686	2026	RENDERED_OK
V	221	199	281	10375	856	RENDERED_OK
V	222	199	281	14529	1095	RENDERED_OK
V	223	199	281	20660	1601	RENDERED_OK
V	224	199	281	28958	2995	RENDERED_OK
V	225	199	281	26666	2862	RENDERED_OK
V	226	199	281	25156	2334	RENDERED_OK
V	227	199	281	22295	2087	RENDERED_OK
V	228	199	281	16676	1782	RENDERED_OK
V	229	199	281	15606	1654	RENDERED_OK
V	230	199	281	10293	844	RENDERED_OK
V	231	199	281	15124	1176	RENDERED_OK
V	232	199	281	19443	1514	RENDERED_OK
V	233	199	281	27537	2687	RENDERED_OK
V	234	199	281	26526	2897	RENDERED_OK
V	235	199	281	26858	2546	RENDERED_OK
V	236	199	281	23870	2327	RENDERED_OK
V	237	199	281	14645	1453	RENDERED_OK
V	238	199	281	21237	2236	RENDERED_OK
V	239	199	281	14712	1386	RENDERED_OK
V	240	199	281	14158	1016	RENDERED_OK
V	241	199	281	20610	1581	RENDERED_OK
V	242	199	281	28652	2866	RENDERED_OK
V	243	199	281	26752	2797	RENDERED_OK
V	244	199	281	25603	2350	RENDERED_OK
V	245	199	281	21333	1973	RENDERED_OK
V	246	199	281	16294	1732	RENDERED_OK
V	247	199	281	18598	1848	RENDERED_OK
V	248	199	281	5346	383	RENDERED_OK
V	249	199	281	14214	997	RENDERED_OK
V	250	199	281	18619	1372	RENDERED_OK
V	251	199	281	28197	2711	RENDERED_OK
V	252	199	281	27596	2801	RENDERED_OK
V	253	199	281	25879	2367	RENDERED_OK
V	254	199	281	23335	2222	RENDERED_OK
V	255	199	281	16311	1624	RENDERED_OK
V	256	199	281	17635	1829	RENDERED_OK
V	257	199	281	10498	864	RENDERED_OK
V	258	199	281	16670	1257	RENDERED_OK
V	259	199	281	18710	1397	RENDERED_OK
V	260	199	281	27437	2864	RENDERED_OK
V	261	199	281	25209	2748	RENDERED_OK
V	262	199	281	28265	2748	RENDERED_OK
V	263	199	281	23153	2351	RENDERED_OK
V	264	199	281	18933	1836	RENDERED_OK
V	265	199	281	21008	2190	RENDERED_OK
V	266	199	281	18045	1717	RENDERED_OK
VI	1	199	281	2162	59	RENDERED_OK
VI	2	199	281	12400	1999	RENDERED_OK
VI	3	199	281	16920	2716	RENDERED_OK
VI	4	199	281	15406	2548	RENDERED_OK
VI	5	199	281	14616	2627	RENDERED_OK
VI	6	199	281	15426	2633	RENDERED_OK
VI	7	199	281	14778	2758	RENDERED_OK
VI	8	199	281	14966	2679	RENDERED_OK
VI	9	199	281	16195	2679	RENDERED_OK
VI	10	199	281	14737	2653	RENDERED_OK
VI	11	199	281	15311	2625	RENDERED_OK
VI	12	199	281	15976	2734	RENDERED_OK
VI	13	199	281	14435	2506	RENDERED_OK
VI	14	199	281	15505	2777	RENDERED_OK
VI	15	199	281	14571	2575	RENDERED_OK
VI	16	199	281	15558	2723	RENDERED_OK
VI	17	199	281	17262	2703	RENDERED_OK
VI	18	199	281	16313	2748	RENDERED_OK
VI	19	199	281	17551	2861	RENDERED_OK
VI	20	199	281	15562	2468	RENDERED_OK
VI	21	199	281	7283	1133	RENDERED_OK
VI	22	199	281	2476	29	RENDERED_OK
VI	23	199	281	16075	1294	RENDERED_OK
VI	24	199	281	15890	1154	RENDERED_OK
VI	25	199	281	17118	1418	RENDERED_OK
VI	26	199	281	14810	1197	RENDERED_OK
VI	27	199	281	17164	1346	RENDERED_OK
VI	28	199	281	14014	1057	RENDERED_OK
VI	29	199	281	16770	1309	RENDERED_OK
VI	30	199	281	17208	1347	RENDERED_OK
VI	31	199	281	14509	1160	RENDERED_OK
VI	32	199	281	13852	1056	RENDERED_OK
VI	33	199	281	14447	1106	RENDERED_OK
VI	34	199	281	12779	981	RENDERED_OK
VI	35	199	281	12418	945	RENDERED_OK
VI	36	199	281	14371	1139	RENDERED_OK
VI	37	199	281	13177	923	RENDERED_OK
VI	38	199	281	15296	1127	RENDERED_OK
VI	39	199	281	14533	1365	RENDERED_OK
VI	40	199	281	14640	1618	RENDERED_OK
VI	41	199	281	15594	1464	RENDERED_OK
VI	42	199	281	16861	1267	RENDERED_OK
VI	43	199	281	17736	1351	RENDERED_OK
VI	44	199	281	20305	1596	RENDERED_OK
VI	45	199	281	21328	1722	RENDERED_OK
VI	46	199	281	23313	1807	RENDERED_OK
VI	47	199	281	20307	1615	RENDERED_OK
VI	48	199	281	17528	1427	RENDERED_OK
VI	49	199	281	17261	1375	RENDERED_OK
VI	50	199	281	15550	1288	RENDERED_OK
VI	51	199	281	17673	1423	RENDERED_OK
VI	52	199	281	16670	1289	RENDERED_OK
VI	53	199	281	17005	1617	RENDERED_OK
VI	54	199	281	15158	1637	RENDERED_OK
VI	55	199	281	15368	1406	RENDERED_OK
VI	56	199	281	18832	1533	RENDERED_OK
VI	57	199	281	16993	1295	RENDERED_OK
VI	58	199	281	18591	1446	RENDERED_OK
VI	59	199	281	17245	1280	RENDERED_OK
VI	60	199	281	15516	1050	RENDERED_OK
VI	61	199	281	18975	1589	RENDERED_OK
VI	62	199	281	17964	1495	RENDERED_OK
VI	63	199	281	16813	1483	RENDERED_OK
VI	64	199	281	17309	1329	RENDERED_OK
VI	65	199	281	15465	1123	RENDERED_OK
VI	66	199	281	17373	1676	RENDERED_OK
VI	67	199	281	16508	1883	RENDERED_OK
VI	68	199	281	15458	1475	RENDERED_OK
VI	69	199	281	14269	1024	RENDERED_OK
VI	70	199	281	12808	914	RENDERED_OK
VI	71	199	281	11644	820	RENDERED_OK
VI	72	199	281	11282	792	RENDERED_OK
VI	73	199	281	14532	1004	RENDERED_OK
VI	74	199	281	10653	726	RENDERED_OK
VI	75	199	281	14056	1023	RENDERED_OK
VI	76	199	281	15825	1165	RENDERED_OK
VI	77	199	281	10579	785	RENDERED_OK
VI	78	199	281	14787	1160	RENDERED_OK
VI	79	199	281	14784	1128	RENDERED_OK
VI	80	199	281	12535	924	RENDERED_OK
VI	81	199	281	14585	1119	RENDERED_OK
VI	82	199	281	19692	1693	RENDERED_OK
VI	83	199	281	19184	1517	RENDERED_OK
VI	84	199	281	20529	1702	RENDERED_OK
VI	85	199	281	16863	1276	RENDERED_OK
VI	86	199	281	17359	1401	RENDERED_OK
VI	87	199	281	15267	1721	RENDERED_OK
VI	88	199	281	18680	1761	RENDERED_OK
VI	89	199	281	17133	1438	RENDERED_OK
VI	90	199	281	15835	1206	RENDERED_OK
VI	91	199	281	15296	1140	RENDERED_OK
VI	92	199	281	14949	1130	RENDERED_OK
VI	93	199	281	18654	1495	RENDERED_OK
VI	94	199	281	15613	1271	RENDERED_OK
VI	95	199	281	14665	1089	RENDERED_OK
VI	96	199	281	14207	1096	RENDERED_OK
VI	97	199	281	15943	1180	RENDERED_OK
VI	98	199	281	17606	1432	RENDERED_OK
VI	99	199	281	19797	1665	RENDERED_OK
VI	100	199	281	15029	1129	RENDERED_OK
VI	101	199	281	15098	1160	RENDERED_OK
VI	102	199	281	16533	1390	RENDERED_OK
VI	103	199	281	15837	1274	RENDERED_OK
VI	104	199	281	12199	913	RENDERED_OK
VI	105	199	281	16075	1194	RENDERED_OK
VI	106	199	281	16965	1305	RENDERED_OK
VI	107	199	281	14231	1429	RENDERED_OK
VI	108	199	281	16212	1814	RENDERED_OK
VI	109	199	281	15836	1508	RENDERED_OK
VI	110	199	281	1786	20	RENDERED_OK
VI	111	199	281	17378	1444	RENDERED_OK
VI	112	199	281	18447	1430	RENDERED_OK
VI	113	199	281	15504	1231	RENDERED_OK
VI	114	199	281	17562	1398	RENDERED_OK
VI	115	199	281	16237	1217	RENDERED_OK
VI	116	199	281	17247	1320	RENDERED_OK
VI	117	199	281	19744	1632	RENDERED_OK
VI	118	199	281	19808	1660	RENDERED_OK
VI	119	199	281	16181	1295	RENDERED_OK
VI	120	199	281	15718	1272	RENDERED_OK
VI	121	199	281	22908	1943	RENDERED_OK
VI	122	199	281	16930	1480	RENDERED_OK
VI	123	199	281	16962	1331	RENDERED_OK
VI	124	199	281	15132	1425	RENDERED_OK
VI	125	199	281	15880	1840	RENDERED_OK
VI	126	199	281	11228	987	RENDERED_OK
VI	127	199	281	16892	1309	RENDERED_OK
VI	128	199	281	16078	1100	RENDERED_OK
VI	129	199	281	18495	1363	RENDERED_OK
VI	130	199	281	15511	1097	RENDERED_OK
VI	131	199	281	13856	912	RENDERED_OK
VI	132	199	281	14229	966	RENDERED_OK
VI	133	199	281	18701	1501	RENDERED_OK
VI	134	199	281	15750	1329	RENDERED_OK
VI	135	199	281	17732	1431	RENDERED_OK
VI	136	199	281	17539	1509	RENDERED_OK
VI	137	199	281	15317	1405	RENDERED_OK
VI	138	199	281	17131	1891	RENDERED_OK
VI	139	199	281	11293	946	RENDERED_OK
VI	140	199	281	18208	1455	RENDERED_OK
VI	141	199	281	15751	1076	RENDERED_OK
VI	142	199	281	13023	815	RENDERED_OK
VI	143	199	281	13718	1034	RENDERED_OK
VI	144	199	281	15622	1127	RENDERED_OK
VI	145	199	281	17372	1248	RENDERED_OK
VI	146	199	281	13148	789	RENDERED_OK
VI	147	199	281	13307	906	RENDERED_OK
VI	148	199	281	17903	1540	RENDERED_OK
VI	149	199	281	16601	1354	RENDERED_OK
VI	150	199	281	13648	1134	RENDERED_OK
VI	151	199	281	18220	1657	RENDERED_OK
VI	152	199	281	15848	1413	RENDERED_OK
VI	153	199	281	14180	1486	RENDERED_OK
VI	154	199	281	11277	939	RENDERED_OK
VI	155	199	281	17553	1503	RENDERED_OK
VI	156	199	281	13778	922	RENDERED_OK
VI	157	199	281	16325	1215	RENDERED_OK
VI	158	199	281	19242	1429	RENDERED_OK
VI	159	199	281	13628	951	RENDERED_OK
VI	160	199	281	20047	1570	RENDERED_OK
VI	161	199	281	16268	1175	RENDERED_OK
VI	162	199	281	17799	1431	RENDERED_OK
VI	163	199	281	17222	1447	RENDERED_OK
VI	164	199	281	15494	1290	RENDERED_OK
VI	165	199	281	18580	1522	RENDERED_OK
VI	166	199	281	23543	2036	RENDERED_OK
VI	167	199	281	19096	1730	RENDERED_OK
VI	168	199	281	13157	1443	RENDERED_OK
VI	169	199	281	19685	1982	RENDERED_OK
VI	170	199	281	3233	194	RENDERED_OK
VI	171	199	281	20387	1765	RENDERED_OK
VI	172	199	281	15466	1174	RENDERED_OK
VI	173	199	281	16454	1165	RENDERED_OK
VI	174	199	281	13937	991	RENDERED_OK
VI	175	199	281	19819	1546	RENDERED_OK
VI	176	199	281	17361	1379	RENDERED_OK
VI	177	199	281	18391	1397	RENDERED_OK
VI	178	199	281	20680	1708	RENDERED_OK
VI	179	199	281	15175	1081	RENDERED_OK
VI	180	199	281	16651	1366	RENDERED_OK
VI	181	199	281	15238	1256	RENDERED_OK
VI	182	199	281	16882	1384	RENDERED_OK
VI	183	199	281	19396	1739	RENDERED_OK
VI	184	199	281	22350	1934	RENDERED_OK
VI	185	199	281	13961	1565	RENDERED_OK
VI	186	199	281	16593	1683	RENDERED_OK
VI	187	199	281	8383	673	RENDERED_OK
VI	188	199	281	19815	1719	RENDERED_OK
VI	189	199	281	18725	1500	RENDERED_OK
VI	190	199	281	17023	1272	RENDERED_OK
VI	191	199	281	15749	1183	RENDERED_OK
VI	192	199	281	18775	1430	RENDERED_OK
VI	193	199	281	14930	1080	RENDERED_OK
VI	194	199	281	15874	1184	RENDERED_OK
VI	195	199	281	14432	1178	RENDERED_OK
VI	196	199	281	17063	1351	RENDERED_OK
VI	197	199	281	20717	1755	RENDERED_OK
VI	198	199	281	17757	1459	RENDERED_OK
VI	199	199	281	19491	1636	RENDERED_OK
VI	200	199	281	24899	2180	RENDERED_OK
VI	201	199	281	19217	1793	RENDERED_OK
VI	202	199	281	12762	1511	RENDERED_OK
VI	203	199	281	18335	1846	RENDERED_OK
VI	204	199	281	6336	453	RENDERED_OK
VI	205	199	281	1546	17	LOW_TEXT_REVIEW
VI	206	199	281	19803	1854	RENDERED_OK
VI	207	199	281	14506	1001	RENDERED_OK
VI	208	199	281	17547	1370	RENDERED_OK
VI	209	199	281	16728	1251	RENDERED_OK
VI	210	199	281	14676	924	RENDERED_OK
VI	211	199	281	14874	1033	RENDERED_OK
VI	212	199	281	17637	1479	RENDERED_OK
VI	213	199	281	23210	1945	RENDERED_OK
VI	214	199	281	19802	1589	RENDERED_OK
VI	215	199	281	18585	1433	RENDERED_OK
VI	216	199	281	23295	1989	RENDERED_OK
VI	217	199	281	23076	2009	RENDERED_OK
VI	218	199	281	22091	1879	RENDERED_OK
VI	219	199	281	15886	1779	RENDERED_OK
VI	220	199	281	20170	2019	RENDERED_OK
VI	221	199	281	18886	1697	RENDERED_OK
VI	222	199	281	18217	1385	RENDERED_OK
VI	223	199	281	20610	1713	RENDERED_OK
VI	224	199	281	20415	1492	RENDERED_OK
VI	225	199	281	18596	1466	RENDERED_OK
VI	226	199	281	21533	1623	RENDERED_OK
VI	227	199	281	18629	1376	RENDERED_OK
VI	228	199	281	15686	1196	RENDERED_OK
VI	229	199	281	26959	2423	RENDERED_OK
VI	230	199	281	27962	2388	RENDERED_OK
VI	231	199	281	28449	2530	RENDERED_OK
VI	232	199	281	25263	2273	RENDERED_OK
VI	233	199	281	22387	1855	RENDERED_OK
VI	234	199	281	23206	1945	RENDERED_OK
VI	235	199	281	23014	1954	RENDERED_OK
VI	236	199	281	22306	1887	RENDERED_OK
VI	237	199	281	23314	1925	RENDERED_OK
VI	238	199	281	22203	1872	RENDERED_OK
VI	239	199	281	23054	1912	RENDERED_OK
VI	240	199	281	27056	2486	RENDERED_OK
VI	241	199	281	15005	1512	RENDERED_OK
VI	242	199	281	14042	1404	RENDERED_OK
VI	243	199	281	11165	950	RENDERED_OK
VI	244	199	281	19451	1741	RENDERED_OK
VI	245	199	281	20180	1631	RENDERED_OK
VI	246	199	281	18381	1306	RENDERED_OK
VI	247	199	281	18615	1403	RENDERED_OK
VI	248	199	281	19312	1521	RENDERED_OK
VI	249	199	281	17293	1286	RENDERED_OK
VI	250	199	281	22524	1785	RENDERED_OK
VI	251	199	281	18744	1520	RENDERED_OK
VI	252	199	281	25217	2277	RENDERED_OK
VI	253	199	281	24476	2148	RENDERED_OK
VI	254	199	281	24693	2166	RENDERED_OK
VI	255	199	281	26887	2510	RENDERED_OK
VI	256	199	281	28832	2672	RENDERED_OK
VI	257	199	281	24552	2247	RENDERED_OK
VI	258	199	281	20486	1730	RENDERED_OK
VI	259	199	281	22235	1941	RENDERED_OK
VI	260	199	281	24552	2174	RENDERED_OK
VI	261	199	281	23273	2005	RENDERED_OK
VI	262	199	281	24120	2131	RENDERED_OK
VI	263	199	281	24810	2201	RENDERED_OK
VI	264	199	281	23198	2006	RENDERED_OK
VI	265	199	281	22667	1937	RENDERED_OK
VI	266	199	281	25410	2227	RENDERED_OK
VI	267	199	281	15428	1654	RENDERED_OK
VI	268	199	281	14950	1515	RENDERED_OK
VI	269	199	281	11132	950	RENDERED_OK
VI	270	199	281	18697	1493	RENDERED_OK
VI	271	199	281	20158	1498	RENDERED_OK
VI	272	199	281	19450	1478	RENDERED_OK
VI	273	199	281	20260	1582	RENDERED_OK
VI	274	199	281	17231	1183	RENDERED_OK
VI	275	199	281	19086	1559	RENDERED_OK
VI	276	199	281	29055	2613	RENDERED_OK
VI	277	199	281	29981	2764	RENDERED_OK
VI	278	199	281	24543	2214	RENDERED_OK
VI	279	199	281	22245	1906	RENDERED_OK
VI	280	199	281	20579	1829	RENDERED_OK
VI	281	199	281	16078	1493	RENDERED_OK
VI	282	199	281	22655	1914	RENDERED_OK
VI	283	199	281	11923	1477	RENDERED_OK
VI	284	199	281	20418	2140	RENDERED_OK
VI	285	199	281	17952	1498	RENDERED_OK
VI	286	199	281	16826	1318	RENDERED_OK
VI	287	199	281	18957	1485	RENDERED_OK
VI	288	199	281	14290	997	RENDERED_OK
VI	289	199	281	16256	1206	RENDERED_OK
VI	290	199	281	19430	1572	RENDERED_OK
VI	291	199	281	26886	2385	RENDERED_OK
VI	292	199	281	26236	2294	RENDERED_OK
VI	293	199	281	20546	1674	RENDERED_OK
VI	294	199	281	22277	1955	RENDERED_OK
VI	295	199	281	24732	2164	RENDERED_OK
VI	296	199	281	20749	1958	RENDERED_OK
VI	297	199	281	20737	1815	RENDERED_OK
VI	298	199	281	26505	2565	RENDERED_OK
VI	299	199	281	14298	1519	RENDERED_OK
VI	300	199	281	18998	1854	RENDERED_OK
VI	301	199	281	6274	451	RENDERED_OK
VI	302	199	281	19010	1522	RENDERED_OK
VI	303	199	281	18361	1266	RENDERED_OK
VI	304	199	281	20130	1588	RENDERED_OK
VI	305	199	281	15533	1057	RENDERED_OK
VI	306	199	281	15601	984	RENDERED_OK
VI	307	199	281	17655	1365	RENDERED_OK
VI	308	199	281	16492	1370	RENDERED_OK
VI	309	199	281	19961	1707	RENDERED_OK
VI	310	199	281	18005	1455	RENDERED_OK
VI	311	199	281	22598	1902	RENDERED_OK
VI	312	199	281	22253	2016	RENDERED_OK
VI	313	199	281	24469	1899	RENDERED_OK
VI	314	199	281	20475	1596	RENDERED_OK
VI	315	199	281	25458	2069	RENDERED_OK
VI	316	199	281	14552	1366	RENDERED_OK
VI	317	199	281	14648	1612	RENDERED_OK
VI	318	199	281	15709	1438	RENDERED_OK
VI	319	199	281	2416	32	RENDERED_OK
VI	320	199	281	18054	1502	RENDERED_OK
VI	321	199	281	16359	1098	RENDERED_OK
VI	322	199	281	15776	1162	RENDERED_OK
VI	323	199	281	15177	1098	RENDERED_OK
VI	324	199	281	21018	1735	RENDERED_OK
VI	325	199	281	13890	997	RENDERED_OK
VI	326	199	281	19556	1628	RENDERED_OK
VI	327	199	281	16402	1397	RENDERED_OK
VI	328	199	281	21522	1776	RENDERED_OK
VI	329	199	281	24877	2197	RENDERED_OK
VI	330	199	281	23437	2174	RENDERED_OK
VI	331	199	281	22995	2145	RENDERED_OK
VI	332	199	281	20327	2117	RENDERED_OK
VI	333	199	281	22295	1815	RENDERED_OK
VI	334	199	281	13182	1516	RENDERED_OK
VI	335	199	281	17388	1712	RENDERED_OK
VI	336	199	281	8099	643	RENDERED_OK
VI	337	199	281	16803	1344	RENDERED_OK
VI	338	199	281	15475	1109	RENDERED_OK
VI	339	199	281	14821	1055	RENDERED_OK
VI	340	199	281	16497	1111	RENDERED_OK
VI	341	199	281	19183	1468	RENDERED_OK
VI	342	199	281	18260	1384	RENDERED_OK
VI	343	199	281	25428	2225	RENDERED_OK
VI	344	199	281	26725	2383	RENDERED_OK
VI	345	199	281	25123	2273	RENDERED_OK
VI	346	199	281	21136	1792	RENDERED_OK
VI	347	199	281	21123	1939	RENDERED_OK
VI	348	199	281	22891	2154	RENDERED_OK
VI	349	199	281	26386	2309	RENDERED_OK
VI	350	199	281	17932	1546	RENDERED_OK
VI	351	199	281	17372	1870	RENDERED_OK
VI	352	199	281	15448	1434	RENDERED_OK
VI	353	199	281	18929	1595	RENDERED_OK
VI	354	199	281	15001	1060	RENDERED_OK
VI	355	199	281	21835	1747	RENDERED_OK
VI	356	199	281	16369	1264	RENDERED_OK
VI	357	199	281	21751	1725	RENDERED_OK
VI	358	199	281	25437	2221	RENDERED_OK
VI	359	199	281	28514	2607	RENDERED_OK
VI	360	199	281	26539	2536	RENDERED_OK
VI	361	199	281	25254	2118	RENDERED_OK
VI	362	199	281	20954	2079	RENDERED_OK
VI	363	199	281	18294	2095	RENDERED_OK
VI	364	199	281	23145	2091	RENDERED_OK
VI	365	199	281	14435	1564	RENDERED_OK
VI	366	199	281	21016	2121	RENDERED_OK
VI	367	199	281	15235	1032	RENDERED_OK
VI	368	199	281	18595	1388	RENDERED_OK
VI	369	199	281	16376	1189	RENDERED_OK
VI	370	199	281	20465	1654	RENDERED_OK
VI	371	199	281	20587	1782	RENDERED_OK
VI	372	199	281	26343	2394	RENDERED_OK
VI	373	199	281	19692	1649	RENDERED_OK
VI	374	199	281	13463	1296	RENDERED_OK
VI	375	199	281	13433	1378	RENDERED_OK
VI	376	199	281	13715	1408	RENDERED_OK
VI	377	199	281	21301	1970	RENDERED_OK
VI	378	199	281	22780	1895	RENDERED_OK
VI	379	199	281	15222	1729	RENDERED_OK
VI	380	199	281	20775	2130	RENDERED_OK
VI	381	199	281	16716	1170	RENDERED_OK
VI	382	199	281	12948	865	RENDERED_OK
VI	383	199	281	16222	1183	RENDERED_OK
VI	384	199	281	15346	1034	RENDERED_OK
VI	385	199	281	20837	1743	RENDERED_OK
VI	386	199	281	25077	2235	RENDERED_OK
VI	387	199	281	16148	1610	RENDERED_OK
VI	388	199	281	14726	1557	RENDERED_OK
VI	389	199	281	11927	1465	RENDERED_OK
VI	390	199	281	17264	1661	RENDERED_OK
VI	391	199	281	21878	1860	RENDERED_OK
VI	392	199	281	14016	1583	RENDERED_OK
VI	393	199	281	18286	1840	RENDERED_OK
VI	394	199	281	8404	660	RENDERED_OK
VI	395	199	281	2240	28	RENDERED_OK
VI	396	199	281	14701	983	RENDERED_OK
VI	397	199	281	12645	838	RENDERED_OK
VI	398	199	281	18696	1368	RENDERED_OK
VI	399	199	281	13324	845	RENDERED_OK
VI	400	199	281	14082	1025	RENDERED_OK
VI	401	199	281	21514	1739	RENDERED_OK
VI	402	199	281	26607	2388	RENDERED_OK
VI	403	199	281	20412	1652	RENDERED_OK
VI	404	199	281	13627	1048	RENDERED_OK
VI	405	199	281	16429	1213	RENDERED_OK
VI	406	199	281	17668	1403	RENDERED_OK
VI	407	199	281	21232	1791	RENDERED_OK
VI	408	199	281	21845	1770	RENDERED_OK
VI	409	199	281	13354	1457	RENDERED_OK
VI	410	199	281	20565	2059	RENDERED_OK
VI	411	199	281	3295	195	RENDERED_OK
VI	412	199	281	13136	808	RENDERED_OK
VI	413	199	281	13534	941	RENDERED_OK
VI	414	199	281	16979	1257	RENDERED_OK
VI	415	199	281	18214	1410	RENDERED_OK
VI	416	199	281	18477	1360	RENDERED_OK
VI	417	199	281	24314	2100	RENDERED_OK
VI	418	199	281	25030	2235	RENDERED_OK
VI	419	199	281	14336	1292	RENDERED_OK
VI	420	199	281	15418	1321	RENDERED_OK
VI	421	199	281	16070	1705	RENDERED_OK
VI	422	199	281	22667	1890	RENDERED_OK
VI	423	199	281	13329	1418	RENDERED_OK
VI	424	199	281	19368	1982	RENDERED_OK
VI	425	199	281	15988	1119	RENDERED_OK
VI	426	199	281	16235	1203	RENDERED_OK
VI	427	199	281	17651	1361	RENDERED_OK
VI	428	199	281	16653	1196	RENDERED_OK
VI	429	199	281	21519	1772	RENDERED_OK
VI	430	199	281	24728	2080	RENDERED_OK
VI	431	199	281	21480	1769	RENDERED_OK
VI	432	199	281	13389	1188	RENDERED_OK
VI	433	199	281	10817	943	RENDERED_OK
VI	434	199	281	14111	1257	RENDERED_OK
VI	435	199	281	23852	2330	RENDERED_OK
VI	436	199	281	11389	1045	RENDERED_OK
VI	437	199	281	13865	1506	RENDERED_OK
VI	438	199	281	15583	1442	RENDERED_OK
VI	439	199	281	16819	1140	RENDERED_OK
VI	440	199	281	19879	1503	RENDERED_OK
VI	441	199	281	16436	1181	RENDERED_OK
VI	442	199	281	17665	1412	RENDERED_OK
VI	443	199	281	24146	2036	RENDERED_OK
VI	444	199	281	24931	2303	RENDERED_OK
VI	445	199	281	26520	2411	RENDERED_OK
VI	446	199	281	20168	2645	RENDERED_OK
VI	447	199	281	17102	2438	RENDERED_OK
VI	448	199	281	17933	1896	RENDERED_OK
VI	449	199	281	21718	1915	RENDERED_OK
VI	450	199	281	12734	1465	RENDERED_OK
VI	451	199	281	19935	2021	RENDERED_OK
VI	452	199	281	3283	195	RENDERED_OK
VI	453	199	281	15908	1120	RENDERED_OK
VI	454	199	281	18508	1366	RENDERED_OK
VI	455	199	281	19319	1490	RENDERED_OK
VI	456	199	281	16187	1189	RENDERED_OK
VI	457	199	281	22538	1830	RENDERED_OK
VI	458	199	281	25933	2348	RENDERED_OK
VI	459	199	281	27667	2524	RENDERED_OK
VI	460	199	281	19623	2078	RENDERED_OK
VI	461	199	281	22458	2151	RENDERED_OK
VI	462	199	281	22124	1962	RENDERED_OK
VI	463	199	281	13125	1522	RENDERED_OK
VI	464	199	281	20342	2134	RENDERED_OK
VI	465	199	281	19007	1444	RENDERED_OK
VI	466	199	281	14521	1086	RENDERED_OK
VI	467	199	281	16431	1227	RENDERED_OK
VI	468	199	281	15578	1101	RENDERED_OK
VI	469	199	281	23432	2043	RENDERED_OK
VI	470	199	281	26004	2457	RENDERED_OK
VI	471	199	281	26451	2508	RENDERED_OK
VI	472	199	281	23974	2235	RENDERED_OK
VI	473	199	281	21405	1821	RENDERED_OK
VI	474	199	281	23877	2120	RENDERED_OK
VI	475	199	281	13826	1497	RENDERED_OK
VI	476	199	281	18467	1859	RENDERED_OK
VI	477	199	281	6072	441	RENDERED_OK
VI	478	199	281	1662	18	LOW_TEXT_REVIEW
VI	479	199	281	12974	923	RENDERED_OK
VI	480	199	281	17250	1311	RENDERED_OK
VI	481	199	281	14946	1094	RENDERED_OK
VI	482	199	281	16147	1188	RENDERED_OK
VI	483	199	281	22138	1858	RENDERED_OK
VI	484	199	281	24430	2343	RENDERED_OK
VI	485	199	281	20189	2088	RENDERED_OK
VI	486	199	281	21558	2032	RENDERED_OK
VI	487	199	281	20264	1909	RENDERED_OK
VI	488	199	281	22163	1883	RENDERED_OK
VI	489	199	281	11255	1277	RENDERED_OK
VI	490	199	281	20037	2043	RENDERED_OK
VI	491	199	281	16211	1216	RENDERED_OK
VI	492	199	281	15722	1124	RENDERED_OK
VI	493	199	281	18547	1375	RENDERED_OK
VI	494	199	281	14552	1078	RENDERED_OK
VI	495	199	281	22778	1886	RENDERED_OK
VI	496	199	281	25148	2305	RENDERED_OK
VI	497	199	281	26768	2411	RENDERED_OK
VI	498	199	281	24197	2297	RENDERED_OK
VI	499	199	281	21042	1967	RENDERED_OK
VI	500	199	281	23574	2037	RENDERED_OK
VI	501	199	281	14851	1733	RENDERED_OK
VI	502	199	281	19878	2045	RENDERED_OK
VI	503	199	281	16544	1367	RENDERED_OK
VI	504	199	281	13739	1010	RENDERED_OK
VI	505	199	281	18842	1410	RENDERED_OK
VI	506	199	281	20074	1599	RENDERED_OK
VI	507	199	281	17302	1332	RENDERED_OK
VI	508	199	281	21798	1818	RENDERED_OK
VI	509	199	281	23508	2202	RENDERED_OK
VI	510	199	281	28634	2603	RENDERED_OK
VI	511	199	281	20065	1673	RENDERED_OK
VI	512	199	281	22297	2003	RENDERED_OK
VI	513	199	281	25054	2247	RENDERED_OK
VI	514	199	281	15618	1479	RENDERED_OK
VI	515	199	281	15542	1723	RENDERED_OK
VI	516	199	281	14558	1413	RENDERED_OK
VI	517	199	281	17974	1329	RENDERED_OK
VI	518	199	281	18874	1488	RENDERED_OK
VI	519	199	281	19527	1475	RENDERED_OK
VI	520	199	281	14725	1004	RENDERED_OK
VI	521	199	281	22328	1828	RENDERED_OK
VI	522	199	281	16714	1247	RENDERED_OK
VI	523	199	281	25153	2399	RENDERED_OK
VI	524	199	281	27609	2647	RENDERED_OK
VI	525	199	281	20310	1758	RENDERED_OK
VI	526	199	281	12131	1322	RENDERED_OK
VI	527	199	281	19395	1746	RENDERED_OK
VI	528	199	281	23236	2034	RENDERED_OK
VI	529	199	281	20853	1815	RENDERED_OK
VI	530	199	281	16917	1799	RENDERED_OK
VI	531	199	281	18311	1743	RENDERED_OK
VI	532	199	281	3075	38	RENDERED_OK
VI	533	199	281	17048	1325	RENDERED_OK
VI	534	199	281	20138	1546	RENDERED_OK
VI	535	199	281	15909	1115	RENDERED_OK
VI	536	199	281	15119	1073	RENDERED_OK
VI	537	199	281	16329	1218	RENDERED_OK
VI	538	199	281	18184	1416	RENDERED_OK
VI	539	199	281	19190	1441	RENDERED_OK
VI	540	199	281	23247	1906	RENDERED_OK
VI	541	199	281	21156	1951	RENDERED_OK
VI	542	199	281	17066	1340	RENDERED_OK
VI	543	199	281	19982	1771	RENDERED_OK
VI	544	199	281	21688	1890	RENDERED_OK
VI	545	199	281	11894	1466	RENDERED_OK
VI	546	199	281	18049	1894	RENDERED_OK
VI	547	199	281	3821	242	RENDERED_OK
VI	548	199	281	17864	1470	RENDERED_OK
VI	549	199	281	19147	1342	RENDERED_OK
VI	550	199	281	17671	1349	RENDERED_OK
VI	551	199	281	16515	1205	RENDERED_OK
VI	552	199	281	20215	1581	RENDERED_OK
VI	553	199	281	17262	1285	RENDERED_OK
VI	554	199	281	16979	1304	RENDERED_OK
VI	555	199	281	20881	1820	RENDERED_OK
VI	556	199	281	19874	1697	RENDERED_OK
VI	557	199	281	21996	1823	RENDERED_OK
VI	558	199	281	19299	1774	RENDERED_OK
VI	559	199	281	22653	2026	RENDERED_OK
VI	560	199	281	13692	1546	RENDERED_OK
VI	561	199	281	18006	1816	RENDERED_OK
VI	562	199	281	3804	242	RENDERED_OK
VI	563	199	281	16910	1401	RENDERED_OK
VI	564	199	281	18977	1391	RENDERED_OK
VI	565	199	281	15663	1031	RENDERED_OK
VI	566	199	281	20315	1655	RENDERED_OK
VI	567	199	281	20649	1624	RENDERED_OK
VI	568	199	281	17210	1249	RENDERED_OK
VI	569	199	281	22861	1883	RENDERED_OK
VI	570	199	281	21038	1625	RENDERED_OK
VI	571	199	281	25079	2098	RENDERED_OK
VI	572	199	281	21351	1861	RENDERED_OK
VI	573	199	281	25483	2141	RENDERED_OK
VI	574	199	281	17366	1574	RENDERED_OK
VI	575	199	281	24425	2106	RENDERED_OK
VI	576	199	281	15248	1481	RENDERED_OK
VI	577	199	281	15227	1755	RENDERED_OK
VI	578	199	281	13721	1262	RENDERED_OK
VI	579	199	281	17652	1419	RENDERED_OK
VI	580	199	281	15313	1098	RENDERED_OK
VI	581	199	281	15695	1229	RENDERED_OK
VI	582	199	281	14268	983	RENDERED_OK
VI	583	199	281	16270	1265	RENDERED_OK
VI	584	199	281	16927	1353	RENDERED_OK
VI	585	199	281	17221	1348	RENDERED_OK
VI	586	199	281	16806	1211	RENDERED_OK
VI	587	199	281	19523	1537	RENDERED_OK
VI	588	199	281	23829	2095	RENDERED_OK
VI	589	199	281	23606	1961	RENDERED_OK
VI	590	199	281	21153	1810	RENDERED_OK
VI	591	199	281	26412	2476	RENDERED_OK
VI	592	199	281	19543	1733	RENDERED_OK
VI	593	199	281	17253	1718	RENDERED_OK
VI	594	199	281	13870	1540	RENDERED_OK
VI	595	199	281	13972	1293	RENDERED_OK
VI	596	199	281	18539	1477	RENDERED_OK
VI	597	199	281	17367	1293	RENDERED_OK
VI	598	199	281	18019	1407	RENDERED_OK
VI	599	199	281	18643	1455	RENDERED_OK
VI	600	199	281	19352	1509	RENDERED_OK
VI	601	199	281	16691	1309	RENDERED_OK
VI	602	199	281	20732	1708	RENDERED_OK
VI	603	199	281	17167	1219	RENDERED_OK
VI	604	199	281	21482	1839	RENDERED_OK
VI	605	199	281	25065	2181	RENDERED_OK
VI	606	199	281	21922	1909	RENDERED_OK
VI	607	199	281	24529	2149	RENDERED_OK
VI	608	199	281	15956	1401	RENDERED_OK
VI	609	199	281	24598	2257	RENDERED_OK
VI	610	199	281	17237	1658	RENDERED_OK
VI	611	199	281	15975	1814	RENDERED_OK
VI	612	199	281	14067	1301	RENDERED_OK
VI	613	199	281	22610	1824	RENDERED_OK
VI	614	199	281	18514	1378	RENDERED_OK
VI	615	199	281	20172	1636	RENDERED_OK
VI	616	199	281	20160	1583	RENDERED_OK
VI	617	199	281	15666	1135	RENDERED_OK
VI	618	199	281	19879	1539	RENDERED_OK
VI	619	199	281	13980	967	RENDERED_OK
VI	620	199	281	21409	1729	RENDERED_OK
VI	621	199	281	17977	1389	RENDERED_OK
VI	622	199	281	23371	2025	RENDERED_OK
VI	623	199	281	24734	2053	RENDERED_OK
VI	624	199	281	24157	2199	RENDERED_OK
VI	625	199	281	28013	2356	RENDERED_OK
VI	626	199	281	21539	2076	RENDERED_OK
VI	627	199	281	16089	1786	RENDERED_OK
VI	628	199	281	18378	1709	RENDERED_OK
VI	629	199	281	3008	40	RENDERED_OK
VI	630	199	281	20298	1826	RENDERED_OK
VI	631	199	281	18596	1345	RENDERED_OK
VI	632	199	281	19609	1506	RENDERED_OK
VI	633	199	281	15950	1169	RENDERED_OK
VI	634	199	281	17054	1296	RENDERED_OK
VI	635	199	281	16857	1274	RENDERED_OK
VI	636	199	281	16820	1179	RENDERED_OK
VI	637	199	281	18612	1459	RENDERED_OK
VI	638	199	281	20909	1603	RENDERED_OK
VI	639	199	281	19588	1539	RENDERED_OK
VI	640	199	281	19334	1594	RENDERED_OK
VI	641	199	281	19194	1590	RENDERED_OK
VI	642	199	281	20666	1707	RENDERED_OK
VI	643	199	281	26432	2234	RENDERED_OK
VI	644	199	281	18212	1846	RENDERED_OK
VI	645	199	281	15723	1851	RENDERED_OK
VI	646	199	281	13830	1269	RENDERED_OK
VI	647	199	281	20923	1807	RENDERED_OK
VI	648	199	281	18332	1379	RENDERED_OK
VI	649	199	281	20160	1582	RENDERED_OK
VI	650	199	281	21527	1692	RENDERED_OK
VI	651	199	281	24341	2038	RENDERED_OK
VI	652	199	281	23087	1881	RENDERED_OK
VI	653	199	281	18034	1388	RENDERED_OK
VI	654	199	281	20148	1646	RENDERED_OK
VI	655	199	281	16808	1228	RENDERED_OK
VI	656	199	281	19956	1546	RENDERED_OK
VI	657	199	281	20260	1716	RENDERED_OK
VI	658	199	281	23139	1905	RENDERED_OK
VI	659	199	281	24583	2080	RENDERED_OK
VI	660	199	281	14692	1724	RENDERED_OK
VI	661	199	281	16410	1707	RENDERED_OK
VI	662	199	281	9623	783	RENDERED_OK
VI	663	199	281	20555	1684	RENDERED_OK
VI	664	199	281	16682	1282	RENDERED_OK
VI	665	199	281	18090	1373	RENDERED_OK
VI	666	199	281	19638	1490	RENDERED_OK
VI	667	199	281	17437	1366	RENDERED_OK
VI	668	199	281	16733	1292	RENDERED_OK
VI	669	199	281	19001	1472	RENDERED_OK
VI	670	199	281	12144	804	RENDERED_OK
VI	671	199	281	13339	915	RENDERED_OK
VI	672	199	281	15788	1199	RENDERED_OK
VI	673	199	281	20535	1612	RENDERED_OK
VI	674	199	281	14739	1120	RENDERED_OK
VI	675	199	281	22106	1824	RENDERED_OK
VI	676	199	281	17452	1532	RENDERED_OK
VI	677	199	281	23355	1979	RENDERED_OK
VI	678	199	281	21715	1860	RENDERED_OK
VI	679	199	281	13383	1302	RENDERED_OK
VI	680	199	281	17212	1957	RENDERED_OK
VI	681	199	281	14211	1280	RENDERED_OK
VI	682	199	281	18408	1409	RENDERED_OK
VI	683	199	281	17532	1470	RENDERED_OK
VI	684	199	281	15347	1186	RENDERED_OK
VI	685	199	281	15679	1169	RENDERED_OK
VI	686	199	281	16171	1164	RENDERED_OK
VI	687	199	281	15621	1050	RENDERED_OK
VI	688	199	281	21440	1746	RENDERED_OK
VI	689	199	281	17937	1471	RENDERED_OK
VI	690	199	281	16825	1293	RENDERED_OK
VI	691	199	281	15663	1092	RENDERED_OK
VI	692	199	281	16488	1289	RENDERED_OK
VI	693	199	281	18913	1453	RENDERED_OK
VI	694	199	281	16204	1160	RENDERED_OK
VI	695	199	281	19627	1732	RENDERED_OK
VI	696	199	281	25334	2137	RENDERED_OK
VI	697	199	281	18180	1591	RENDERED_OK
VI	698	199	281	16773	1789	RENDERED_OK
VI	699	199	281	16950	1696	RENDERED_OK
VI	700	199	281	17359	1359	RENDERED_OK
VI	701	199	281	16814	1370	RENDERED_OK
VI	702	199	281	21296	1780	RENDERED_OK
VI	703	199	281	16562	1191	RENDERED_OK
VI	704	199	281	14180	971	RENDERED_OK
VI	705	199	281	17760	1395	RENDERED_OK
VI	706	199	281	13638	947	RENDERED_OK
VI	707	199	281	20097	1600	RENDERED_OK
VI	708	199	281	16795	1103	RENDERED_OK
VI	709	199	281	17297	1292	RENDERED_OK
VI	710	199	281	18869	1447	RENDERED_OK
VI	711	199	281	19937	1659	RENDERED_OK
VI	712	199	281	15577	1057	RENDERED_OK
VI	713	199	281	18508	1603	RENDERED_OK
VI	714	199	281	23353	1958	RENDERED_OK
VI	715	199	281	23098	2051	RENDERED_OK
VI	716	199	281	14266	1628	RENDERED_OK
VI	717	199	281	17619	1816	RENDERED_OK
VI	718	199	281	3096	182	RENDERED_OK
VI	719	199	281	21077	1755	RENDERED_OK
VI	720	199	281	17604	1518	RENDERED_OK
VI	721	199	281	23686	2155	RENDERED_OK
VI	722	199	281	14947	1136	RENDERED_OK
VI	723	199	281	17978	1427	RENDERED_OK
VI	724	199	281	23479	1971	RENDERED_OK
VI	725	199	281	23440	1916	RENDERED_OK
VI	726	199	281	23726	2029	RENDERED_OK
VI	727	199	281	22603	1852	RENDERED_OK
VI	728	199	281	25330	2224	RENDERED_OK
VI	729	199	281	21465	1973	RENDERED_OK
VI	730	199	281	26687	2380	RENDERED_OK
VI	731	199	281	22679	2083	RENDERED_OK
VI	732	199	281	13237	1583	RENDERED_OK
VI	733	199	281	18164	1877	RENDERED_OK
VI	734	199	281	3087	182	RENDERED_OK
VI	735	199	281	17565	1410	RENDERED_OK
VI	736	199	281	19850	1844	RENDERED_OK
VI	737	199	281	19966	1614	RENDERED_OK
VI	738	199	281	17019	1195	RENDERED_OK
VI	739	199	281	19038	1533	RENDERED_OK
VI	740	199	281	23434	1963	RENDERED_OK
VI	741	199	281	19469	1582	RENDERED_OK
VI	742	199	281	19049	1478	RENDERED_OK
VI	743	199	281	16824	1197	RENDERED_OK
VI	744	199	281	20702	1677	RENDERED_OK
VI	745	199	281	18790	1540	RENDERED_OK
VI	746	199	281	22420	1962	RENDERED_OK
VI	747	199	281	18533	1556	RENDERED_OK
VI	748	199	281	21947	1930	RENDERED_OK
VI	749	199	281	27848	2583	RENDERED_OK
VI	750	199	281	16581	1644	RENDERED_OK
VI	751	199	281	16111	1843	RENDERED_OK
VI	752	199	281	13430	1227	RENDERED_OK
VI	753	199	281	2213	24	RENDERED_OK
VI	754	199	281	15646	1216	RENDERED_OK
VI	755	199	281	13663	909	RENDERED_OK
VI	756	199	281	22342	1858	RENDERED_OK
VI	757	199	281	17703	1276	RENDERED_OK
VI	758	199	281	19020	1477	RENDERED_OK
VI	759	199	281	20831	1761	RENDERED_OK
VI	760	199	281	17835	1655	RENDERED_OK
VI	761	199	281	20533	1753	RENDERED_OK
VI	762	199	281	14083	1600	RENDERED_OK
VI	763	199	281	18611	1916	RENDERED_OK
VI	764	199	281	16117	1259	RENDERED_OK
VI	765	199	281	14444	968	RENDERED_OK
VI	766	199	281	18046	1290	RENDERED_OK
VI	767	199	281	14627	917	RENDERED_OK
VI	768	199	281	19910	1580	RENDERED_OK
VI	769	199	281	17924	1425	RENDERED_OK
VI	770	199	281	16408	1286	RENDERED_OK
VI	771	199	281	21872	1886	RENDERED_OK
VI	772	199	281	21175	1902	RENDERED_OK
VI	773	199	281	16068	1581	RENDERED_OK
VI	774	199	281	16272	1837	RENDERED_OK
VI	775	199	281	13882	1285	RENDERED_OK
VI	776	199	281	18599	1423	RENDERED_OK
VI	777	199	281	18606	1453	RENDERED_OK
VI	778	199	281	17044	1287	RENDERED_OK
VI	779	199	281	19080	1587	RENDERED_OK
VI	780	199	281	22709	1875	RENDERED_OK
VI	781	199	281	17123	1296	RENDERED_OK
VI	782	199	281	20368	1591	RENDERED_OK
VI	783	199	281	21797	2022	RENDERED_OK
VI	784	199	281	23348	1983	RENDERED_OK
VI	785	199	281	17720	1632	RENDERED_OK
VI	786	199	281	16839	1705	RENDERED_OK
VI	787	199	281	17724	1763	RENDERED_OK
VI	788	199	281	17670	1462	RENDERED_OK
VI	789	199	281	20057	1626	RENDERED_OK
VI	790	199	281	18779	1489	RENDERED_OK
VI	791	199	281	22176	1807	RENDERED_OK
VI	792	199	281	17673	1268	RENDERED_OK
VI	793	199	281	19804	1571	RENDERED_OK
VI	794	199	281	20682	1677	RENDERED_OK
VI	795	199	281	21150	1829	RENDERED_OK
VI	796	199	281	19461	1745	RENDERED_OK
VI	797	199	281	16638	1814	RENDERED_OK
VI	798	199	281	16612	1667	RENDERED_OK
VII	1	199	281	2399	73	RENDERED_OK
VII	2	199	281	605	0	LOW_TEXT_REVIEW
VII	3	199	281	12152	1955	RENDERED_OK
VII	4	199	281	13389	2359	RENDERED_OK
VII	5	199	281	14823	2601	RENDERED_OK
VII	6	199	281	14412	2504	RENDERED_OK
VII	7	199	281	15297	2593	RENDERED_OK
VII	8	199	281	14585	2527	RENDERED_OK
VII	9	199	281	13682	2632	RENDERED_OK
VII	10	199	281	14799	2671	RENDERED_OK
VII	11	199	281	13897	2496	RENDERED_OK
VII	12	199	281	14530	2596	RENDERED_OK
VII	13	199	281	14151	2653	RENDERED_OK
VII	14	199	281	17005	2754	RENDERED_OK
VII	15	199	281	16547	2668	RENDERED_OK
VII	16	199	281	16116	2712	RENDERED_OK
VII	17	199	281	6559	1013	RENDERED_OK
VII	18	199	281	789	11	LOW_TEXT_REVIEW
VII	19	199	281	2018	21	RENDERED_OK
VII	20	199	281	17408	1377	RENDERED_OK
VII	21	199	281	23842	1998	RENDERED_OK
VII	22	199	281	25424	2163	RENDERED_OK
VII	23	199	281	22734	2087	RENDERED_OK
VII	24	199	281	24658	2460	RENDERED_OK
VII	25	199	281	21467	2160	RENDERED_OK
VII	26	199	281	24358	2361	RENDERED_OK
VII	27	199	281	25519	2394	RENDERED_OK
VII	28	199	281	26074	2334	RENDERED_OK
VII	29	199	281	29050	2756	RENDERED_OK
VII	30	199	281	19722	1813	RENDERED_OK
VII	31	199	281	24152	2134	RENDERED_OK
VII	32	199	281	21259	1922	RENDERED_OK
VII	33	199	281	17406	1557	RENDERED_OK
VII	34	199	281	16128	1116	RENDERED_OK
VII	35	199	281	23069	1897	RENDERED_OK
VII	36	199	281	24617	2463	RENDERED_OK
VII	37	199	281	23946	2402	RENDERED_OK
VII	38	199	281	22922	2387	RENDERED_OK
VII	39	199	281	24732	2431	RENDERED_OK
VII	40	199	281	19328	1797	RENDERED_OK
VII	41	199	281	13496	1115	RENDERED_OK
VII	42	199	281	22754	1928	RENDERED_OK
VII	43	199	281	19229	1744	RENDERED_OK
VII	44	199	281	18529	1661	RENDERED_OK
VII	45	199	281	16024	1073	RENDERED_OK
VII	46	199	281	19062	1614	RENDERED_OK
VII	47	199	281	23169	2336	RENDERED_OK
VII	48	199	281	21871	2216	RENDERED_OK
VII	49	199	281	23751	2542	RENDERED_OK
VII	50	199	281	21947	1962	RENDERED_OK
VII	51	199	281	17080	1486	RENDERED_OK
VII	52	199	281	22721	1942	RENDERED_OK
VII	53	199	281	18899	1719	RENDERED_OK
VII	54	199	281	12143	989	RENDERED_OK
VII	55	199	281	14122	980	RENDERED_OK
VII	56	199	281	19822	1524	RENDERED_OK
VII	57	199	281	18209	1326	RENDERED_OK
VII	58	199	281	24063	2344	RENDERED_OK
VII	59	199	281	22798	2348	RENDERED_OK
VII	60	199	281	21386	2282	RENDERED_OK
VII	61	199	281	24158	2233	RENDERED_OK
VII	62	199	281	21503	1862	RENDERED_OK
VII	63	199	281	6695	473	RENDERED_OK
VII	64	199	281	20248	1652	RENDERED_OK
VII	65	199	281	19388	1754	RENDERED_OK
VII	66	199	281	11308	877	RENDERED_OK
VII	67	199	281	12032	805	RENDERED_OK
VII	68	199	281	17321	1296	RENDERED_OK
VII	69	199	281	16776	1230	RENDERED_OK
VII	70	199	281	22226	2184	RENDERED_OK
VII	71	199	281	23395	2223	RENDERED_OK
VII	72	199	281	22329	2220	RENDERED_OK
VII	73	199	281	23270	2162	RENDERED_OK
VII	74	199	281	22369	1967	RENDERED_OK
VII	75	199	281	8846	653	RENDERED_OK
VII	76	199	281	20188	1637	RENDERED_OK
VII	77	199	281	17684	1536	RENDERED_OK
VII	78	199	281	12429	1067	RENDERED_OK
VII	79	199	281	19397	1393	RENDERED_OK
VII	80	199	281	20379	1552	RENDERED_OK
VII	81	199	281	16508	1195	RENDERED_OK
VII	82	199	281	21650	2061	RENDERED_OK
VII	83	199	281	23288	2233	RENDERED_OK
VII	84	199	281	23253	2223	RENDERED_OK
VII	85	199	281	23150	2176	RENDERED_OK
VII	86	199	281	22339	2079	RENDERED_OK
VII	87	199	281	19217	1555	RENDERED_OK
VII	88	199	281	21000	1658	RENDERED_OK
VII	89	199	281	19633	1659	RENDERED_OK
VII	90	199	281	13915	1129	RENDERED_OK
VII	91	199	281	1983	23	RENDERED_OK
VII	92	199	281	17460	1270	RENDERED_OK
VII	93	199	281	22040	1748	RENDERED_OK
VII	94	199	281	23433	1911	RENDERED_OK
VII	95	199	281	22226	2502	RENDERED_OK
VII	96	199	281	22582	2376	RENDERED_OK
VII	97	199	281	24240	2357	RENDERED_OK
VII	98	199	281	26109	2454	RENDERED_OK
VII	99	199	281	25463	2297	RENDERED_OK
VII	100	199	281	15187	1254	RENDERED_OK
VII	101	199	281	21592	1715	RENDERED_OK
VII	102	199	281	19084	1682	RENDERED_OK
VII	103	199	281	14123	1163	RENDERED_OK
VII	104	199	281	17944	1283	RENDERED_OK
VII	105	199	281	20611	1596	RENDERED_OK
VII	106	199	281	23860	2086	RENDERED_OK
VII	107	199	281	23132	2296	RENDERED_OK
VII	108	199	281	22684	2151	RENDERED_OK
VII	109	199	281	22669	2261	RENDERED_OK
VII	110	199	281	23102	2214	RENDERED_OK
VII	111	199	281	24259	2146	RENDERED_OK
VII	112	199	281	16347	1394	RENDERED_OK
VII	113	199	281	22794	1852	RENDERED_OK
VII	114	199	281	19647	1757	RENDERED_OK
VII	115	199	281	13530	1102	RENDERED_OK
VII	116	199	281	14557	936	RENDERED_OK
VII	117	199	281	17310	1297	RENDERED_OK
VII	118	199	281	21604	1781	RENDERED_OK
VII	119	199	281	22532	2143	RENDERED_OK
VII	120	199	281	24044	2282	RENDERED_OK
VII	121	199	281	23048	2284	RENDERED_OK
VII	122	199	281	24604	2197	RENDERED_OK
VII	123	199	281	25604	2264	RENDERED_OK
VII	124	199	281	14779	1250	RENDERED_OK
VII	125	199	281	18908	1568	RENDERED_OK
VII	126	199	281	15932	1325	RENDERED_OK
VII	127	199	281	12652	1054	RENDERED_OK
VII	128	199	281	21402	1725	RENDERED_OK
VII	129	199	281	25222	2136	RENDERED_OK
VII	130	199	281	21295	1641	RENDERED_OK
VII	131	199	281	25272	2550	RENDERED_OK
VII	132	199	281	24484	2494	RENDERED_OK
VII	133	199	281	25354	2513	RENDERED_OK
VII	134	199	281	25696	2501	RENDERED_OK
VII	135	199	281	25455	2441	RENDERED_OK
VII	136	199	281	26663	2392	RENDERED_OK
VII	137	199	281	3940	233	RENDERED_OK
VII	138	199	281	19816	1679	RENDERED_OK
VII	139	199	281	19507	1847	RENDERED_OK
VII	140	199	281	14804	1265	RENDERED_OK
VII	141	199	281	16738	1216	RENDERED_OK
VII	142	199	281	17165	1188	RENDERED_OK
VII	143	199	281	21120	1663	RENDERED_OK
VII	144	199	281	23499	2349	RENDERED_OK
VII	145	199	281	22377	2167	RENDERED_OK
VII	146	199	281	24902	2426	RENDERED_OK
VII	147	199	281	23432	2231	RENDERED_OK
VII	148	199	281	25390	2388	RENDERED_OK
VII	149	199	281	20366	1688	RENDERED_OK
VII	150	199	281	18771	1492	RENDERED_OK
VII	151	199	281	19183	1705	RENDERED_OK
VII	152	199	281	13646	1113	RENDERED_OK
VII	153	199	281	2199	27	RENDERED_OK
VII	154	199	281	17349	1282	RENDERED_OK
VII	155	199	281	14049	1049	RENDERED_OK
VII	156	199	281	20372	1533	RENDERED_OK
VII	157	199	281	22369	2120	RENDERED_OK
VII	158	199	281	21473	2206	RENDERED_OK
VII	159	199	281	24530	2483	RENDERED_OK
VII	160	199	281	21475	2149	RENDERED_OK
VII	161	199	281	23490	2135	RENDERED_OK
VII	162	199	281	24591	2270	RENDERED_OK
VII	163	199	281	20654	1764	RENDERED_OK
VII	164	199	281	18638	1636	RENDERED_OK
VII	165	199	281	12452	1041	RENDERED_OK
VII	166	199	281	14973	1000	RENDERED_OK
VII	167	199	281	19362	1479	RENDERED_OK
VII	168	199	281	22748	1890	RENDERED_OK
VII	169	199	281	22662	2183	RENDERED_OK
VII	170	199	281	20191	2055	RENDERED_OK
VII	171	199	281	23444	2416	RENDERED_OK
VII	172	199	281	22932	2071	RENDERED_OK
VII	173	199	281	25401	2281	RENDERED_OK
VII	174	199	281	13435	1165	RENDERED_OK
VII	175	199	281	18413	1542	RENDERED_OK
VII	176	199	281	17430	1524	RENDERED_OK
VII	177	199	281	12772	1094	RENDERED_OK
VII	178	199	281	17597	1297	RENDERED_OK
VII	179	199	281	19669	1517	RENDERED_OK
VII	180	199	281	18645	1498	RENDERED_OK
VII	181	199	281	23124	2281	RENDERED_OK
VII	182	199	281	23108	2288	RENDERED_OK
VII	183	199	281	22811	2211	RENDERED_OK
VII	184	199	281	23322	2297	RENDERED_OK
VII	185	199	281	21267	1885	RENDERED_OK
VII	186	199	281	20769	1874	RENDERED_OK
VII	187	199	281	19615	1722	RENDERED_OK
VII	188	199	281	18817	1636	RENDERED_OK
VII	189	199	281	12920	1065	RENDERED_OK
VII	190	199	281	15255	965	RENDERED_OK
VII	191	199	281	17926	1382	RENDERED_OK
VII	192	199	281	16030	1172	RENDERED_OK
VII	193	199	281	21462	2070	RENDERED_OK
VII	194	199	281	23797	2355	RENDERED_OK
VII	195	199	281	21656	2238	RENDERED_OK
VII	196	199	281	22431	2344	RENDERED_OK
VII	197	199	281	23393	2076	RENDERED_OK
VII	198	199	281	26141	2350	RENDERED_OK
VII	199	199	281	4378	275	RENDERED_OK
VII	200	199	281	20042	1636	RENDERED_OK
VII	201	199	281	18272	1605	RENDERED_OK
VII	202	199	281	11726	957	RENDERED_OK
VII	203	199	281	17257	1155	RENDERED_OK
VII	204	199	281	16282	1141	RENDERED_OK
VII	205	199	281	22061	1824	RENDERED_OK
VII	206	199	281	22566	2360	RENDERED_OK
VII	207	199	281	23976	2394	RENDERED_OK
VII	208	199	281	23662	2377	RENDERED_OK
VII	209	199	281	22635	2082	RENDERED_OK
VII	210	199	281	23110	2053	RENDERED_OK
VII	211	199	281	3069	169	RENDERED_OK
VII	212	199	281	21418	1821	RENDERED_OK
VII	213	199	281	16582	1435	RENDERED_OK
VII	214	199	281	13218	1092	RENDERED_OK
VII	215	199	281	14660	939	RENDERED_OK
VII	216	199	281	14398	1040	RENDERED_OK
VII	217	199	281	22667	1924	RENDERED_OK
VII	218	199	281	21792	2095	RENDERED_OK
VII	219	199	281	20898	2194	RENDERED_OK
VII	220	199	281	21481	2110	RENDERED_OK
VII	221	199	281	23155	2078	RENDERED_OK
VII	222	199	281	23459	2017	RENDERED_OK
VII	223	199	281	19762	1682	RENDERED_OK
VII	224	199	281	16461	1410	RENDERED_OK
VII	225	199	281	12623	999	RENDERED_OK
VII	226	199	281	13362	889	RENDERED_OK
VII	227	199	281	19189	1505	RENDERED_OK
VII	228	199	281	20948	1748	RENDERED_OK
VII	229	199	281	21054	2263	RENDERED_OK
VII	230	199	281	22585	2366	RENDERED_OK
VII	231	199	281	22396	2426	RENDERED_OK
VII	232	199	281	23048	2124	RENDERED_OK
VII	233	199	281	26199	2437	RENDERED_OK
VII	234	199	281	2873	140	RENDERED_OK
VII	235	199	281	20751	1774	RENDERED_OK
VII	236	199	281	17697	1572	RENDERED_OK
VII	237	199	281	14642	1225	RENDERED_OK
VII	238	199	281	14574	1013	RENDERED_OK
VII	239	199	281	17364	1285	RENDERED_OK
VII	240	199	281	19709	1526	RENDERED_OK
VII	241	199	281	22506	2347	RENDERED_OK
VII	242	199	281	23064	2234	RENDERED_OK
VII	243	199	281	24194	2518	RENDERED_OK
VII	244	199	281	22641	2075	RENDERED_OK
VII	245	199	281	21266	2008	RENDERED_OK
VII	246	199	281	17700	1498	RENDERED_OK
VII	247	199	281	20013	1672	RENDERED_OK
VII	248	199	281	17697	1552	RENDERED_OK
VII	249	199	281	13961	1228	RENDERED_OK
VII	250	199	281	2284	27	RENDERED_OK
VII	251	199	281	13811	894	RENDERED_OK
VII	252	199	281	17798	1345	RENDERED_OK
VII	253	199	281	15437	1086	RENDERED_OK
VII	254	199	281	20794	1992	RENDERED_OK
VII	255	199	281	23078	2353	RENDERED_OK
VII	256	199	281	21508	2175	RENDERED_OK
VII	257	199	281	21808	2131	RENDERED_OK
VII	258	199	281	19821	1773	RENDERED_OK
VII	259	199	281	16664	1446	RENDERED_OK
VII	260	199	281	18189	1482	RENDERED_OK
VII	261	199	281	18247	1641	RENDERED_OK
VII	262	199	281	10964	842	RENDERED_OK
VII	263	199	281	15785	1141	RENDERED_OK
VII	264	199	281	15682	1126	RENDERED_OK
VII	265	199	281	17943	1338	RENDERED_OK
VII	266	199	281	20374	1879	RENDERED_OK
VII	267	199	281	21271	2143	RENDERED_OK
VII	268	199	281	21053	2279	RENDERED_OK
VII	269	199	281	23605	2239	RENDERED_OK
VII	270	199	281	20803	1818	RENDERED_OK
VII	271	199	281	18821	1614	RENDERED_OK
VII	272	199	281	19018	1558	RENDERED_OK
VII	273	199	281	18371	1605	RENDERED_OK
VII	274	199	281	12660	1036	RENDERED_OK
VII	275	199	281	14007	916	RENDERED_OK
VII	276	199	281	19109	1451	RENDERED_OK
VII	277	199	281	15674	1142	RENDERED_OK
VII	278	199	281	23708	2287	RENDERED_OK
VII	279	199	281	23877	2394	RENDERED_OK
VII	280	199	281	23082	2194	RENDERED_OK
VII	281	199	281	24667	2444	RENDERED_OK
VII	282	199	281	22298	1969	RENDERED_OK
VII	283	199	281	17177	1410	RENDERED_OK
VII	284	199	281	19204	1572	RENDERED_OK
VII	285	199	281	18487	1664	RENDERED_OK
VII	286	199	281	12788	1062	RENDERED_OK
VII	287	199	281	12526	826	RENDERED_OK
VII	288	199	281	18302	1368	RENDERED_OK
VII	289	199	281	18863	1528	RENDERED_OK
VII	290	199	281	23814	2282	RENDERED_OK
VII	291	199	281	19163	2078	RENDERED_OK
VII	292	199	281	23236	2291	RENDERED_OK
VII	293	199	281	23279	2286	RENDERED_OK
VII	294	199	281	23404	2118	RENDERED_OK
VII	295	199	281	14069	1226	RENDERED_OK
VII	296	199	281	19250	1566	RENDERED_OK
VII	297	199	281	19140	1713	RENDERED_OK
VII	298	199	281	11936	972	RENDERED_OK
VII	299	199	281	15002	1009	RENDERED_OK
VII	300	199	281	17299	1303	RENDERED_OK
VII	301	199	281	22306	1810	RENDERED_OK
VII	302	199	281	21759	2132	RENDERED_OK
VII	303	199	281	22420	2244	RENDERED_OK
VII	304	199	281	23410	2272	RENDERED_OK
VII	305	199	281	23126	2189	RENDERED_OK
VII	306	199	281	20823	1927	RENDERED_OK
VII	307	199	281	19285	1667	RENDERED_OK
VII	308	199	281	19313	1633	RENDERED_OK
VII	309	199	281	17084	1503	RENDERED_OK
VII	310	199	281	13627	1150	RENDERED_OK
VII	311	199	281	18532	1456	RENDERED_OK
VII	312	199	281	20615	1676	RENDERED_OK
VII	313	199	281	22570	1814	RENDERED_OK
VII	314	199	281	22040	1818	RENDERED_OK
VII	315	199	281	21723	2045	RENDERED_OK
VII	316	199	281	20851	2215	RENDERED_OK
VII	317	199	281	22321	2308	RENDERED_OK
VII	318	199	281	23116	2271	RENDERED_OK
VII	319	199	281	23052	2064	RENDERED_OK
VII	320	199	281	25746	2450	RENDERED_OK
VII	321	199	281	9178	705	RENDERED_OK
VII	322	199	281	21133	1766	RENDERED_OK
VII	323	199	281	18863	1707	RENDERED_OK
VII	324	199	281	14482	1236	RENDERED_OK
VII	325	199	281	16307	1125	RENDERED_OK
VII	326	199	281	17884	1355	RENDERED_OK
VII	327	199	281	19190	1410	RENDERED_OK
VII	328	199	281	22045	2182	RENDERED_OK
VII	329	199	281	23067	2274	RENDERED_OK
VII	330	199	281	22234	2168	RENDERED_OK
VII	331	199	281	21929	2102	RENDERED_OK
VII	332	199	281	23169	2089	RENDERED_OK
VII	333	199	281	12803	1055	RENDERED_OK
VII	334	199	281	19739	1597	RENDERED_OK
VII	335	199	281	17972	1510	RENDERED_OK
VII	336	199	281	12161	1031	RENDERED_OK
VII	337	199	281	12675	772	RENDERED_OK
VII	338	199	281	14677	1095	RENDERED_OK
VII	339	199	281	16305	1197	RENDERED_OK
VII	340	199	281	20499	2140	RENDERED_OK
VII	341	199	281	21110	2197	RENDERED_OK
VII	342	199	281	19505	2052	RENDERED_OK
VII	343	199	281	21678	2022	RENDERED_OK
VII	344	199	281	23403	2143	RENDERED_OK
VII	345	199	281	5962	415	RENDERED_OK
VII	346	199	281	17602	1451	RENDERED_OK
VII	347	199	281	17211	1519	RENDERED_OK
VII	348	199	281	12450	1054	RENDERED_OK
VII	349	199	281	13334	856	RENDERED_OK
VII	350	199	281	16076	1176	RENDERED_OK
VII	351	199	281	19020	1423	RENDERED_OK
VII	352	199	281	21034	2033	RENDERED_OK
VII	353	199	281	22149	2143	RENDERED_OK
VII	354	199	281	19924	2060	RENDERED_OK
VII	355	199	281	22279	2153	RENDERED_OK
VII	356	199	281	21686	1990	RENDERED_OK
VII	357	199	281	22093	1898	RENDERED_OK
VII	358	199	281	17749	1506	RENDERED_OK
VII	359	199	281	17629	1513	RENDERED_OK
VII	360	199	281	13278	1160	RENDERED_OK
VII	361	199	281	2233	26	RENDERED_OK
VII	362	199	281	16506	1224	RENDERED_OK
VII	363	199	281	16274	1212	RENDERED_OK
VII	364	199	281	18413	1365	RENDERED_OK
VII	365	199	281	18834	1892	RENDERED_OK
VII	366	199	281	21745	2178	RENDERED_OK
VII	367	199	281	22854	2325	RENDERED_OK
VII	368	199	281	23007	2285	RENDERED_OK
VII	369	199	281	23328	2141	RENDERED_OK
VII	370	199	281	18319	1565	RENDERED_OK
VII	371	199	281	15976	1304	RENDERED_OK
VII	372	199	281	18674	1664	RENDERED_OK
VII	373	199	281	11018	862	RENDERED_OK
VII	374	199	281	16578	1158	RENDERED_OK
VII	375	199	281	15535	1287	RENDERED_OK
VII	376	199	281	16253	1230	RENDERED_OK
VII	377	199	281	21056	2090	RENDERED_OK
VII	378	199	281	20773	2289	RENDERED_OK
VII	379	199	281	20156	2141	RENDERED_OK
VII	380	199	281	21571	2345	RENDERED_OK
VII	381	199	281	23062	2043	RENDERED_OK
VII	382	199	281	26528	2481	RENDERED_OK
VII	383	199	281	3110	162	RENDERED_OK
VII	384	199	281	17142	1382	RENDERED_OK
VII	385	199	281	17366	1533	RENDERED_OK
VII	386	199	281	12322	989	RENDERED_OK
VII	387	199	281	2421	27	RENDERED_OK
VII	388	199	281	17034	1161	RENDERED_OK
VII	389	199	281	13202	915	RENDERED_OK
VII	390	199	281	19151	1445	RENDERED_OK
VII	391	199	281	20849	2067	RENDERED_OK
VII	392	199	281	21174	2156	RENDERED_OK
VII	393	199	281	22111	2278	RENDERED_OK
VII	394	199	281	21002	2082	RENDERED_OK
VII	395	199	281	22166	1920	RENDERED_OK
VII	396	199	281	22588	2064	RENDERED_OK
VII	397	199	281	17071	1359	RENDERED_OK
VII	398	199	281	17106	1448	RENDERED_OK
VII	399	199	281	10289	785	RENDERED_OK
VII	400	199	281	12703	769	RENDERED_OK
VII	401	199	281	14407	959	RENDERED_OK
VII	402	199	281	12735	844	RENDERED_OK
VII	403	199	281	18606	1600	RENDERED_OK
VII	404	199	281	21935	2241	RENDERED_OK
VII	405	199	281	21641	2222	RENDERED_OK
VII	406	199	281	20690	2043	RENDERED_OK
VII	407	199	281	21013	1856	RENDERED_OK
VII	408	199	281	19810	1651	RENDERED_OK
VII	409	199	281	15427	1235	RENDERED_OK
VII	410	199	281	14742	1228	RENDERED_OK
VII	411	199	281	11127	882	RENDERED_OK
VII	412	199	281	13017	707	RENDERED_OK
VII	413	199	281	12948	894	RENDERED_OK
VII	414	199	281	16832	1236	RENDERED_OK
VII	415	199	281	22059	2089	RENDERED_OK
VII	416	199	281	21445	2106	RENDERED_OK
VII	417	199	281	23060	2253	RENDERED_OK
VII	418	199	281	22782	2080	RENDERED_OK
VII	419	199	281	22826	2009	RENDERED_OK
VII	420	199	281	13397	1116	RENDERED_OK
VII	421	199	281	17205	1388	RENDERED_OK
VII	422	199	281	17311	1503	RENDERED_OK
VII	423	199	281	10556	865	RENDERED_OK
VII	424	199	281	14184	905	RENDERED_OK
VII	425	199	281	15901	1228	RENDERED_OK
VII	426	199	281	18575	1400	RENDERED_OK
VII	427	199	281	21206	2096	RENDERED_OK
VII	428	199	281	20804	2159	RENDERED_OK
VII	429	199	281	22454	2187	RENDERED_OK
VII	430	199	281	21568	1969	RENDERED_OK
VII	431	199	281	23541	2170	RENDERED_OK
VII	432	199	281	9526	756	RENDERED_OK
VII	433	199	281	14885	1252	RENDERED_OK
VII	434	199	281	16058	1354	RENDERED_OK
VII	435	199	281	12148	996	RENDERED_OK
VII	436	199	281	18768	1343	RENDERED_OK
VII	437	199	281	20441	1546	RENDERED_OK
VII	438	199	281	22554	1957	RENDERED_OK
VII	439	199	281	22184	2330	RENDERED_OK
VII	440	199	281	23261	2268	RENDERED_OK
VII	441	199	281	23468	2319	RENDERED_OK
VII	442	199	281	23128	2003	RENDERED_OK
VII	443	199	281	27015	2430	RENDERED_OK
VII	444	199	281	10486	805	RENDERED_OK
VII	445	199	281	17544	1374	RENDERED_OK
VII	446	199	281	18489	1692	RENDERED_OK
VII	447	199	281	11792	932	RENDERED_OK
VII	448	199	281	16048	993	RENDERED_OK
VII	449	199	281	16024	1134	RENDERED_OK
VII	450	199	281	21010	1815	RENDERED_OK
VII	451	199	281	20669	2174	RENDERED_OK
VII	452	199	281	21772	2254	RENDERED_OK
VII	453	199	281	21116	2173	RENDERED_OK
VII	454	199	281	21019	1770	RENDERED_OK
VII	455	199	281	23074	2029	RENDERED_OK
VII	456	199	281	15069	1279	RENDERED_OK
VII	457	199	281	18428	1446	RENDERED_OK
VII	458	199	281	17449	1602	RENDERED_OK
VII	459	199	281	10646	834	RENDERED_OK
VII	460	199	281	18341	1203	RENDERED_OK
VII	461	199	281	21869	1657	RENDERED_OK
VII	462	199	281	23741	2212	RENDERED_OK
VII	463	199	281	21886	2283	RENDERED_OK
VII	464	199	281	21217	2235	RENDERED_OK
VII	465	199	281	20226	2253	RENDERED_OK
VII	466	199	281	25602	2252	RENDERED_OK
VII	467	199	281	27573	2594	RENDERED_OK
VII	468	199	281	6821	524	RENDERED_OK
VII	469	199	281	16367	1342	RENDERED_OK
VII	470	199	281	17271	1525	RENDERED_OK
VII	471	199	281	12712	1051	RENDERED_OK
VII	472	199	281	2578	31	RENDERED_OK
VII	473	199	281	19857	1518	RENDERED_OK
VII	474	199	281	23636	1981	RENDERED_OK
VII	475	199	281	24423	2072	RENDERED_OK
VII	476	199	281	22502	2079	RENDERED_OK
VII	477	199	281	23587	2246	RENDERED_OK
VII	478	199	281	24563	2390	RENDERED_OK
VII	479	199	281	23262	2307	RENDERED_OK
VII	480	199	281	26673	2516	RENDERED_OK
VII	481	199	281	27418	2543	RENDERED_OK
VII	482	199	281	23139	2238	RENDERED_OK
VII	483	199	281	19884	1657	RENDERED_OK
VII	484	199	281	20337	1808	RENDERED_OK
VII	485	199	281	12431	1042	RENDERED_OK
VII	486	199	281	16939	1155	RENDERED_OK
VII	487	199	281	17817	1410	RENDERED_OK
VII	488	199	281	23405	1958	RENDERED_OK
VII	489	199	281	23120	2068	RENDERED_OK
VII	490	199	281	22743	2203	RENDERED_OK
VII	491	199	281	21984	2270	RENDERED_OK
VII	492	199	281	25022	2397	RENDERED_OK
VII	493	199	281	24159	2297	RENDERED_OK
VII	494	199	281	27176	2559	RENDERED_OK
VII	495	199	281	28768	2771	RENDERED_OK
VII	496	199	281	4853	302	RENDERED_OK
VII	497	199	281	20485	1747	RENDERED_OK
VII	498	199	281	18722	1637	RENDERED_OK
VII	499	199	281	11645	943	RENDERED_OK
VII	500	199	281	17385	1279	RENDERED_OK
VII	501	199	281	17420	1392	RENDERED_OK
VII	502	199	281	22920	1948	RENDERED_OK
VII	503	199	281	20422	1801	RENDERED_OK
VII	504	199	281	23266	2327	RENDERED_OK
VII	505	199	281	22668	2369	RENDERED_OK
VII	506	199	281	23852	2415	RENDERED_OK
VII	507	199	281	24325	2198	RENDERED_OK
VII	508	199	281	25866	2295	RENDERED_OK
VII	509	199	281	17921	1610	RENDERED_OK
VII	510	199	281	19755	1634	RENDERED_OK
VII	511	199	281	16602	1474	RENDERED_OK
VII	512	199	281	12367	1015	RENDERED_OK
VII	513	199	281	17657	1263	RENDERED_OK
VII	514	199	281	16906	1248	RENDERED_OK
VII	515	199	281	19064	1499	RENDERED_OK
VII	516	199	281	22472	1869	RENDERED_OK
VII	517	199	281	21706	1785	RENDERED_OK
VII	518	199	281	22859	2351	RENDERED_OK
VII	519	199	281	21938	2100	RENDERED_OK
VII	520	199	281	23524	2307	RENDERED_OK
VII	521	199	281	26734	2531	RENDERED_OK
VII	522	199	281	27330	2518	RENDERED_OK
VII	523	199	281	27009	2546	RENDERED_OK
VII	524	199	281	18185	1460	RENDERED_OK
VII	525	199	281	17538	1518	RENDERED_OK
VII	526	199	281	12015	950	RENDERED_OK
VII	527	199	281	18796	1407	RENDERED_OK
VII	528	199	281	20283	1678	RENDERED_OK
VII	529	199	281	24218	2107	RENDERED_OK
VII	530	199	281	27073	2395	RENDERED_OK
VII	531	199	281	21856	2026	RENDERED_OK
VII	532	199	281	19619	2224	RENDERED_OK
VII	533	199	281	22176	2272	RENDERED_OK
VII	534	199	281	23655	2414	RENDERED_OK
VII	535	199	281	24950	2405	RENDERED_OK
VII	536	199	281	27246	2559	RENDERED_OK
VII	537	199	281	26961	2534	RENDERED_OK
VII	538	199	281	18538	1689	RENDERED_OK
VII	539	199	281	19058	1602	RENDERED_OK
VII	540	199	281	15329	1340	RENDERED_OK
VII	541	199	281	13327	1092	RENDERED_OK
VIII	1	199	281	1938	47	RENDERED_OK
VIII	2	199	281	605	0	LOW_TEXT_REVIEW
VIII	3	199	281	11863	2008	RENDERED_OK
VIII	4	199	281	13810	2455	RENDERED_OK
VIII	5	199	281	13617	2628	RENDERED_OK
VIII	6	199	281	14664	2546	RENDERED_OK
VIII	7	199	281	13698	2738	RENDERED_OK
VIII	8	199	281	14425	2664	RENDERED_OK
VIII	9	199	281	12103	2574	RENDERED_OK
VIII	10	199	281	12889	2722	RENDERED_OK
VIII	11	199	281	14677	2768	RENDERED_OK
VIII	12	199	281	13745	2752	RENDERED_OK
VIII	13	199	281	13376	2592	RENDERED_OK
VIII	14	199	281	13604	2796	RENDERED_OK
VIII	15	199	281	12596	2722	RENDERED_OK
VIII	16	199	281	12963	2563	RENDERED_OK
VIII	17	199	281	13498	2715	RENDERED_OK
VIII	18	199	281	14063	2732	RENDERED_OK
VIII	19	199	281	13905	2742	RENDERED_OK
VIII	20	199	281	9031	1593	RENDERED_OK
VIII	21	199	281	1615	14	LOW_TEXT_REVIEW
VIII	22	199	281	16461	1151	RENDERED_OK
VIII	23	199	281	16971	1244	RENDERED_OK
VIII	24	199	281	19701	1492	RENDERED_OK
VIII	25	199	281	20788	1575	RENDERED_OK
VIII	26	199	281	20000	1818	RENDERED_OK
VIII	27	199	281	20294	1875	RENDERED_OK
VIII	28	199	281	22944	2084	RENDERED_OK
VIII	29	199	281	23166	2039	RENDERED_OK
VIII	30	199	281	11597	882	RENDERED_OK
VIII	31	199	281	20103	1605	RENDERED_OK
VIII	32	199	281	16473	1455	RENDERED_OK
VIII	33	199	281	13351	1074	RENDERED_OK
VIII	34	199	281	16817	1110	RENDERED_OK
VIII	35	199	281	15623	1184	RENDERED_OK
VIII	36	199	281	15942	1114	RENDERED_OK
VIII	37	199	281	21863	1737	RENDERED_OK
VIII	38	199	281	20949	1926	RENDERED_OK
VIII	39	199	281	20538	1935	RENDERED_OK
VIII	40	199	281	20328	1810	RENDERED_OK
VIII	41	199	281	20442	1739	RENDERED_OK
VIII	42	199	281	14495	1254	RENDERED_OK
VIII	43	199	281	19921	1577	RENDERED_OK
VIII	44	199	281	17999	1621	RENDERED_OK
VIII	45	199	281	13645	1181	RENDERED_OK
VIII	46	199	281	16830	1203	RENDERED_OK
VIII	47	199	281	17688	1355	RENDERED_OK
VIII	48	199	281	16571	1203	RENDERED_OK
VIII	49	199	281	18260	1357	RENDERED_OK
VIII	50	199	281	18890	1746	RENDERED_OK
VIII	51	199	281	17256	1641	RENDERED_OK
VIII	52	199	281	20929	1985	RENDERED_OK
VIII	53	199	281	20750	1802	RENDERED_OK
VIII	54	199	281	10015	826	RENDERED_OK
VIII	55	199	281	17251	1394	RENDERED_OK
VIII	56	199	281	18155	1602	RENDERED_OK
VIII	57	199	281	12428	1038	RENDERED_OK
VIII	58	199	281	15648	1016	RENDERED_OK
VIII	59	199	281	17062	1226	RENDERED_OK
VIII	60	199	281	14957	1204	RENDERED_OK
VIII	61	199	281	17176	1522	RENDERED_OK
VIII	62	199	281	16628	1458	RENDERED_OK
VIII	63	199	281	17817	1519	RENDERED_OK
VIII	64	199	281	21758	1955	RENDERED_OK
VIII	65	199	281	12848	1085	RENDERED_OK
VIII	66	199	281	15699	1305	RENDERED_OK
VIII	67	199	281	16404	1425	RENDERED_OK
VIII	68	199	281	13931	1144	RENDERED_OK
VIII	69	199	281	1928	19	LOW_TEXT_REVIEW
VIII	70	199	281	14492	976	RENDERED_OK
VIII	71	199	281	15838	1144	RENDERED_OK
VIII	72	199	281	16970	1182	RENDERED_OK
VIII	73	199	281	18514	1493	RENDERED_OK
VIII	74	199	281	16068	1445	RENDERED_OK
VIII	75	199	281	15405	1406	RENDERED_OK
VIII	76	199	281	18979	1662	RENDERED_OK
VIII	77	199	281	20365	1872	RENDERED_OK
VIII	78	199	281	21103	1889	RENDERED_OK
VIII	79	199	281	20276	1671	RENDERED_OK
VIII	80	199	281	19743	1761	RENDERED_OK
VIII	81	199	281	14596	1245	RENDERED_OK
VIII	82	199	281	15257	1042	RENDERED_OK
VIII	83	199	281	19333	1530	RENDERED_OK
VIII	84	199	281	16550	1144	RENDERED_OK
VIII	85	199	281	17416	1450	RENDERED_OK
VIII	86	199	281	16576	1522	RENDERED_OK
VIII	87	199	281	16553	1561	RENDERED_OK
VIII	88	199	281	17889	1537	RENDERED_OK
VIII	89	199	281	21188	1956	RENDERED_OK
VIII	90	199	281	8666	663	RENDERED_OK
VIII	91	199	281	19920	1618	RENDERED_OK
VIII	92	199	281	20286	1881	RENDERED_OK
VIII	93	199	281	13971	1201	RENDERED_OK
VIII	94	199	281	15480	1048	RENDERED_OK
VIII	95	199	281	13974	938	RENDERED_OK
VIII	96	199	281	14529	966	RENDERED_OK
VIII	97	199	281	18274	1393	RENDERED_OK
VIII	98	199	281	16254	1368	RENDERED_OK
VIII	99	199	281	15446	1362	RENDERED_OK
VIII	100	199	281	18533	1639	RENDERED_OK
VIII	101	199	281	20396	1789	RENDERED_OK
VIII	102	199	281	23709	2085	RENDERED_OK
VIII	103	199	281	19401	1549	RENDERED_OK
VIII	104	199	281	18613	1664	RENDERED_OK
VIII	105	199	281	14371	1188	RENDERED_OK
VIII	106	199	281	12645	769	RENDERED_OK
VIII	107	199	281	17035	1198	RENDERED_OK
VIII	108	199	281	18112	1349	RENDERED_OK
VIII	109	199	281	18666	1420	RENDERED_OK
VIII	110	199	281	20071	1755	RENDERED_OK
VIII	111	199	281	19981	1826	RENDERED_OK
VIII	112	199	281	20888	1881	RENDERED_OK
VIII	113	199	281	21183	1894	RENDERED_OK
VIII	114	199	281	24638	2317	RENDERED_OK
VIII	115	199	281	19202	1715	RENDERED_OK
VIII	116	199	281	21966	1843	RENDERED_OK
VIII	117	199	281	20547	1899	RENDERED_OK
VIII	118	199	281	16659	1468	RENDERED_OK
VIII	119	199	281	2936	38	RENDERED_OK
VIII	120	199	281	12565	776	RENDERED_OK
VIII	121	199	281	13119	894	RENDERED_OK
VIII	122	199	281	13429	882	RENDERED_OK
VIII	123	199	281	14451	966	RENDERED_OK
VIII	124	199	281	16176	1274	RENDERED_OK
VIII	125	199	281	17371	1600	RENDERED_OK
VIII	126	199	281	17767	1594	RENDERED_OK
VIII	127	199	281	16151	1424	RENDERED_OK
VIII	128	199	281	21699	1974	RENDERED_OK
VIII	129	199	281	23957	2120	RENDERED_OK
VIII	130	199	281	10277	829	RENDERED_OK
VIII	131	199	281	16211	1286	RENDERED_OK
VIII	132	199	281	19576	1781	RENDERED_OK
VIII	133	199	281	12698	1068	RENDERED_OK
VIII	134	199	281	14141	941	RENDERED_OK
VIII	135	199	281	14239	995	RENDERED_OK
VIII	136	199	281	15396	1161	RENDERED_OK
VIII	137	199	281	15573	1133	RENDERED_OK
VIII	138	199	281	19378	1730	RENDERED_OK
VIII	139	199	281	16906	1495	RENDERED_OK
VIII	140	199	281	16262	1411	RENDERED_OK
VIII	141	199	281	20623	1813	RENDERED_OK
VIII	142	199	281	23281	2137	RENDERED_OK
VIII	143	199	281	22330	2014	RENDERED_OK
VIII	144	199	281	19176	1529	RENDERED_OK
VIII	145	199	281	20397	1864	RENDERED_OK
VIII	146	199	281	14285	1220	RENDERED_OK
VIII	147	199	281	11251	717	RENDERED_OK
VIII	148	199	281	13153	885	RENDERED_OK
VIII	149	199	281	14855	1061	RENDERED_OK
VIII	150	199	281	11928	774	RENDERED_OK
VIII	151	199	281	17934	1397	RENDERED_OK
VIII	152	199	281	18432	1804	RENDERED_OK
VIII	153	199	281	17741	1659	RENDERED_OK
VIII	154	199	281	17728	1663	RENDERED_OK
VIII	155	199	281	21342	1915	RENDERED_OK
VIII	156	199	281	21551	1872	RENDERED_OK
VIII	157	199	281	6208	439	RENDERED_OK
VIII	158	199	281	19507	1564	RENDERED_OK
VIII	159	199	281	20443	1825	RENDERED_OK
VIII	160	199	281	14687	1246	RENDERED_OK
VIII	161	199	281	14118	884	RENDERED_OK
VIII	162	199	281	12251	840	RENDERED_OK
VIII	163	199	281	17188	1260	RENDERED_OK
VIII	164	199	281	15448	1081	RENDERED_OK
VIII	165	199	281	17221	1362	RENDERED_OK
VIII	166	199	281	16139	1407	RENDERED_OK
VIII	167	199	281	17691	1579	RENDERED_OK
VIII	168	199	281	17953	1553	RENDERED_OK
VIII	169	199	281	22274	1976	RENDERED_OK
VIII	170	199	281	23682	2165	RENDERED_OK
VIII	171	199	281	10237	830	RENDERED_OK
VIII	172	199	281	18677	1457	RENDERED_OK
VIII	173	199	281	20584	1902	RENDERED_OK
VIII	174	199	281	14824	1260	RENDERED_OK
VIII	175	199	281	11493	694	RENDERED_OK
VIII	176	199	281	13244	901	RENDERED_OK
VIII	177	199	281	14403	969	RENDERED_OK
VIII	178	199	281	18574	1463	RENDERED_OK
VIII	179	199	281	16246	1423	RENDERED_OK
VIII	180	199	281	15454	1336	RENDERED_OK
VIII	181	199	281	19414	1708	RENDERED_OK
VIII	182	199	281	22061	1959	RENDERED_OK
VIII	183	199	281	16267	1435	RENDERED_OK
VIII	184	199	281	18396	1427	RENDERED_OK
VIII	185	199	281	16764	1434	RENDERED_OK
VIII	186	199	281	14511	1225	RENDERED_OK
VIII	187	199	281	14801	971	RENDERED_OK
VIII	188	199	281	13970	931	RENDERED_OK
VIII	189	199	281	18187	1354	RENDERED_OK
VIII	190	199	281	15441	1135	RENDERED_OK
VIII	191	199	281	18756	1674	RENDERED_OK
VIII	192	199	281	16000	1428	RENDERED_OK
VIII	193	199	281	18331	1675	RENDERED_OK
VIII	194	199	281	19090	1736	RENDERED_OK
VIII	195	199	281	20639	1834	RENDERED_OK
VIII	196	199	281	8829	708	RENDERED_OK
VIII	197	199	281	16898	1359	RENDERED_OK
VIII	198	199	281	19839	1786	RENDERED_OK
VIII	199	199	281	15421	1350	RENDERED_OK
VIII	200	199	281	1681	17	LOW_TEXT_REVIEW
VIII	201	199	281	14774	1036	RENDERED_OK
VIII	202	199	281	17001	1300	RENDERED_OK
VIII	203	199	281	14507	1115	RENDERED_OK
VIII	204	199	281	14113	1054	RENDERED_OK
VIII	205	199	281	18002	1478	RENDERED_OK
VIII	206	199	281	17727	1685	RENDERED_OK
VIII	207	199	281	18065	1686	RENDERED_OK
VIII	208	199	281	18634	1759	RENDERED_OK
VIII	209	199	281	21573	1956	RENDERED_OK
VIII	210	199	281	22906	2097	RENDERED_OK
VIII	211	199	281	6267	434	RENDERED_OK
VIII	212	199	281	17937	1496	RENDERED_OK
VIII	213	199	281	19084	1714	RENDERED_OK
VIII	214	199	281	14837	1286	RENDERED_OK
VIII	215	199	281	13468	896	RENDERED_OK
VIII	216	199	281	11352	726	RENDERED_OK
VIII	217	199	281	12441	804	RENDERED_OK
VIII	218	199	281	13866	931	RENDERED_OK
VIII	219	199	281	14948	1084	RENDERED_OK
VIII	220	199	281	15764	1327	RENDERED_OK
VIII	221	199	281	15317	1319	RENDERED_OK
VIII	222	199	281	17268	1561	RENDERED_OK
VIII	223	199	281	19405	1641	RENDERED_OK
VIII	224	199	281	20725	1771	RENDERED_OK
VIII	225	199	281	10057	797	RENDERED_OK
VIII	226	199	281	16804	1331	RENDERED_OK
VIII	227	199	281	15340	1262	RENDERED_OK
VIII	228	199	281	13019	1116	RENDERED_OK
VIII	229	199	281	14465	963	RENDERED_OK
VIII	230	199	281	11984	811	RENDERED_OK
VIII	231	199	281	12617	841	RENDERED_OK
VIII	232	199	281	15506	1133	RENDERED_OK
VIII	233	199	281	19492	1651	RENDERED_OK
VIII	234	199	281	17107	1508	RENDERED_OK
VIII	235	199	281	16411	1461	RENDERED_OK
VIII	236	199	281	19751	1712	RENDERED_OK
VIII	237	199	281	19712	1876	RENDERED_OK
VIII	238	199	281	21065	1927	RENDERED_OK
VIII	239	199	281	18229	1556	RENDERED_OK
VIII	240	199	281	19756	1912	RENDERED_OK
VIII	241	199	281	15451	1433	RENDERED_OK
VIII	242	199	281	13752	885	RENDERED_OK
VIII	243	199	281	12896	867	RENDERED_OK
VIII	244	199	281	11422	704	RENDERED_OK
VIII	245	199	281	14865	1058	RENDERED_OK
VIII	246	199	281	18370	1394	RENDERED_OK
VIII	247	199	281	17760	1604	RENDERED_OK
VIII	248	199	281	16397	1409	RENDERED_OK
VIII	249	199	281	17456	1539	RENDERED_OK
VIII	250	199	281	19491	1786	RENDERED_OK
VIII	251	199	281	21040	1942	RENDERED_OK
VIII	252	199	281	11100	913	RENDERED_OK
VIII	253	199	281	22039	1787	RENDERED_OK
VIII	254	199	281	20429	1809	RENDERED_OK
VIII	255	199	281	15332	1327	RENDERED_OK
VIII	256	199	281	14972	955	RENDERED_OK
VIII	257	199	281	14932	1064	RENDERED_OK
VIII	258	199	281	14906	1084	RENDERED_OK
VIII	259	199	281	13692	957	RENDERED_OK
VIII	260	199	281	19077	1536	RENDERED_OK
VIII	261	199	281	18248	1583	RENDERED_OK
VIII	262	199	281	16905	1457	RENDERED_OK
VIII	263	199	281	19547	1599	RENDERED_OK
VIII	264	199	281	21799	1834	RENDERED_OK
VIII	265	199	281	22284	1970	RENDERED_OK
VIII	266	199	281	20121	1708	RENDERED_OK
VIII	267	199	281	21200	1853	RENDERED_OK
VIII	268	199	281	13125	1029	RENDERED_OK
VIII	269	199	281	13412	779	RENDERED_OK
VIII	270	199	281	12518	839	RENDERED_OK
VIII	271	199	281	11790	792	RENDERED_OK
VIII	272	199	281	13979	960	RENDERED_OK
VIII	273	199	281	17481	1286	RENDERED_OK
VIII	274	199	281	17526	1586	RENDERED_OK
VIII	275	199	281	16315	1498	RENDERED_OK
VIII	276	199	281	18330	1712	RENDERED_OK
VIII	277	199	281	21474	1765	RENDERED_OK
VIII	278	199	281	21977	1901	RENDERED_OK
VIII	279	199	281	6872	512	RENDERED_OK
VIII	280	199	281	18832	1547	RENDERED_OK
VIII	281	199	281	17944	1527	RENDERED_OK
VIII	282	199	281	14104	1193	RENDERED_OK
VIII	283	199	281	12222	782	RENDERED_OK
VIII	284	199	281	10104	591	RENDERED_OK
VIII	285	199	281	11894	790	RENDERED_OK
VIII	286	199	281	13102	871	RENDERED_OK
VIII	287	199	281	13096	924	RENDERED_OK
VIII	288	199	281	18510	1465	RENDERED_OK
VIII	289	199	281	13558	1178	RENDERED_OK
VIII	290	199	281	16795	1567	RENDERED_OK
VIII	291	199	281	17975	1528	RENDERED_OK
VIII	292	199	281	17123	1527	RENDERED_OK
VIII	293	199	281	18134	1606	RENDERED_OK
VIII	294	199	281	15686	1258	RENDERED_OK
VIII	295	199	281	18341	1580	RENDERED_OK
VIII	296	199	281	11993	912	RENDERED_OK
VIII	297	199	281	2374	28	RENDERED_OK
VIII	298	199	281	11662	674	RENDERED_OK
VIII	299	199	281	12913	829	RENDERED_OK
VIII	300	199	281	16370	1207	RENDERED_OK
VIII	301	199	281	15045	1203	RENDERED_OK
VIII	302	199	281	16725	1527	RENDERED_OK
VIII	303	199	281	17233	1658	RENDERED_OK
VIII	304	199	281	18993	1640	RENDERED_OK
VIII	305	199	281	20744	1886	RENDERED_OK
VIII	306	199	281	10768	924	RENDERED_OK
VIII	307	199	281	19634	1546	RENDERED_OK
VIII	308	199	281	16726	1456	RENDERED_OK
VIII	309	199	281	13642	1168	RENDERED_OK
VIII	310	199	281	11884	721	RENDERED_OK
VIII	311	199	281	16639	1214	RENDERED_OK
VIII	312	199	281	17058	1315	RENDERED_OK
VIII	313	199	281	16969	1340	RENDERED_OK
VIII	314	199	281	16103	1609	RENDERED_OK
VIII	315	199	281	16837	1615	RENDERED_OK
VIII	316	199	281	19256	1826	RENDERED_OK
VIII	317	199	281	20549	1801	RENDERED_OK
VIII	318	199	281	11244	970	RENDERED_OK
VIII	319	199	281	19121	1567	RENDERED_OK
VIII	320	199	281	18032	1585	RENDERED_OK
VIII	321	199	281	14073	1207	RENDERED_OK
VIII	322	199	281	10717	576	RENDERED_OK
VIII	323	199	281	12193	834	RENDERED_OK
VIII	324	199	281	15098	1083	RENDERED_OK
VIII	325	199	281	15434	1087	RENDERED_OK
VIII	326	199	281	14985	1348	RENDERED_OK
VIII	327	199	281	16522	1640	RENDERED_OK
VIII	328	199	281	16336	1480	RENDERED_OK
VIII	329	199	281	20767	1869	RENDERED_OK
VIII	330	199	281	23785	2235	RENDERED_OK
VIII	331	199	281	18026	1439	RENDERED_OK
VIII	332	199	281	17980	1584	RENDERED_OK
VIII	333	199	281	13822	1142	RENDERED_OK
VIII	334	199	281	13492	797	RENDERED_OK
VIII	335	199	281	11379	748	RENDERED_OK
VIII	336	199	281	13847	976	RENDERED_OK
VIII	337	199	281	17103	1245	RENDERED_OK
VIII	338	199	281	16741	1502	RENDERED_OK
VIII	339	199	281	15282	1435	RENDERED_OK
VIII	340	199	281	16525	1575	RENDERED_OK
VIII	341	199	281	18796	1763	RENDERED_OK
VIII	342	199	281	17060	1518	RENDERED_OK
VIII	343	199	281	17421	1403	RENDERED_OK
VIII	344	199	281	17919	1529	RENDERED_OK
VIII	345	199	281	12553	1041	RENDERED_OK
VIII	346	199	281	11989	675	RENDERED_OK
VIII	347	199	281	13266	825	RENDERED_OK
VIII	348	199	281	13170	883	RENDERED_OK
VIII	349	199	281	15280	1070	RENDERED_OK
VIII	350	199	281	14505	1374	RENDERED_OK
VIII	351	199	281	16634	1521	RENDERED_OK
VIII	352	199	281	18374	1635	RENDERED_OK
VIII	353	199	281	18907	1650	RENDERED_OK
VIII	354	199	281	11354	902	RENDERED_OK
VIII	355	199	281	17735	1344	RENDERED_OK
VIII	356	199	281	17818	1518	RENDERED_OK
VIII	357	199	281	14373	1171	RENDERED_OK
VIII	358	199	281	13237	726	RENDERED_OK
VIII	359	199	281	12366	758	RENDERED_OK
VIII	360	199	281	14538	960	RENDERED_OK
VIII	361	199	281	15469	1036	RENDERED_OK
VIII	362	199	281	15371	1344	RENDERED_OK
VIII	363	199	281	15745	1436	RENDERED_OK
VIII	364	199	281	15439	1407	RENDERED_OK
VIII	365	199	281	18235	1571	RENDERED_OK
VIII	366	199	281	19742	1764	RENDERED_OK
VIII	367	199	281	18089	1404	RENDERED_OK
VIII	368	199	281	18184	1473	RENDERED_OK
VIII	369	199	281	13450	1112	RENDERED_OK
VIII	370	199	281	3015	39	RENDERED_OK
VIII	371	199	281	11594	709	RENDERED_OK
VIII	372	199	281	13420	854	RENDERED_OK
VIII	373	199	281	16425	1182	RENDERED_OK
VIII	374	199	281	16641	1139	RENDERED_OK
VIII	375	199	281	15360	1266	RENDERED_OK
VIII	376	199	281	15949	1510	RENDERED_OK
VIII	377	199	281	15735	1454	RENDERED_OK
VIII	378	199	281	19857	1732	RENDERED_OK
VIII	379	199	281	12811	1060	RENDERED_OK
VIII	380	199	281	18157	1415	RENDERED_OK
VIII	381	199	281	17972	1493	RENDERED_OK
VIII	382	199	281	13132	1105	RENDERED_OK
VIII	383	199	281	13535	833	RENDERED_OK
VIII	384	199	281	12110	767	RENDERED_OK
VIII	385	199	281	12726	815	RENDERED_OK
VIII	386	199	281	17100	1221	RENDERED_OK
VIII	387	199	281	15283	1435	RENDERED_OK
VIII	388	199	281	16904	1579	RENDERED_OK
VIII	389	199	281	15384	1364	RENDERED_OK
VIII	390	199	281	19941	1745	RENDERED_OK
VIII	391	199	281	18754	1669	RENDERED_OK
VIII	392	199	281	19500	1498	RENDERED_OK
VIII	393	199	281	18149	1574	RENDERED_OK
VIII	394	199	281	13639	1103	RENDERED_OK
VIII	395	199	281	14049	912	RENDERED_OK
VIII	396	199	281	11347	721	RENDERED_OK
VIII	397	199	281	15534	1124	RENDERED_OK
VIII	398	199	281	14538	984	RENDERED_OK
VIII	399	199	281	18017	1386	RENDERED_OK
VIII	400	199	281	16260	1573	RENDERED_OK
VIII	401	199	281	16757	1644	RENDERED_OK
VIII	402	199	281	19937	1815	RENDERED_OK
VIII	403	199	281	20813	1882	RENDERED_OK
VIII	404	199	281	12369	1046	RENDERED_OK
VIII	405	199	281	21173	1716	RENDERED_OK
VIII	406	199	281	19555	1819	RENDERED_OK
VIII	407	199	281	16012	1369	RENDERED_OK
VIII	408	199	281	15038	1010	RENDERED_OK
VIII	409	199	281	16046	1083	RENDERED_OK
VIII	410	199	281	17504	1474	RENDERED_OK
VIII	411	199	281	14724	1344	RENDERED_OK
VIII	412	199	281	20204	1699	RENDERED_OK
VIII	413	199	281	18559	1594	RENDERED_OK
VIII	414	199	281	18102	1612	RENDERED_OK
VIII	415	199	281	23055	2173	RENDERED_OK
VIII	416	199	281	21318	2027	RENDERED_OK
VIII	417	199	281	20990	1681	RENDERED_OK
VIII	418	199	281	20180	1800	RENDERED_OK
VIII	419	199	281	14447	1213	RENDERED_OK
VIII	420	199	281	13823	853	RENDERED_OK
VIII	421	199	281	18482	1333	RENDERED_OK
VIII	422	199	281	17541	1620	RENDERED_OK
VIII	423	199	281	17922	1605	RENDERED_OK
VIII	424	199	281	17693	1590	RENDERED_OK
VIII	425	199	281	19764	1709	RENDERED_OK
VIII	426	199	281	20483	1940	RENDERED_OK
VIII	427	199	281	22608	2064	RENDERED_OK
VIII	428	199	281	11249	893	RENDERED_OK
VIII	429	199	281	19946	1654	RENDERED_OK
VIII	430	199	281	19917	1780	RENDERED_OK
VIII	431	199	281	14863	1261	RENDERED_OK
VIII	432	199	281	12782	812	RENDERED_OK
VIII	433	199	281	16208	1111	RENDERED_OK
VIII	434	199	281	16321	1272	RENDERED_OK
VIII	435	199	281	19351	1942	RENDERED_OK
VIII	436	199	281	19705	1680	RENDERED_OK
VIII	437	199	281	18151	1568	RENDERED_OK
VIII	438	199	281	19945	1775	RENDERED_OK
VIII	439	199	281	20551	1903	RENDERED_OK
VIII	440	199	281	21870	2036	RENDERED_OK
VIII	441	199	281	19242	1576	RENDERED_OK
VIII	442	199	281	18315	1591	RENDERED_OK
VIII	443	199	281	13624	1139	RENDERED_OK
VIII	444	199	281	15029	1014	RENDERED_OK
VIII	445	199	281	14531	1024	RENDERED_OK
VIII	446	199	281	14490	992	RENDERED_OK
VIII	447	199	281	17091	1542	RENDERED_OK
VIII	448	199	281	17767	1650	RENDERED_OK
VIII	449	199	281	16496	1413	RENDERED_OK
VIII	450	199	281	16437	1394	RENDERED_OK
VIII	451	199	281	17640	1581	RENDERED_OK
VIII	452	199	281	21182	2034	RENDERED_OK
VIII	453	199	281	7955	597	RENDERED_OK
VIII	454	199	281	18719	1458	RENDERED_OK
VIII	455	199	281	17949	1530	RENDERED_OK
VIII	456	199	281	14148	1223	RENDERED_OK
VIII	457	199	281	12664	758	RENDERED_OK
VIII	458	199	281	13841	916	RENDERED_OK
VIII	459	199	281	15551	1098	RENDERED_OK
VIII	460	199	281	17268	1583	RENDERED_OK
VIII	461	199	281	17521	1500	RENDERED_OK
VIII	462	199	281	18523	1662	RENDERED_OK
VIII	463	199	281	16884	1510	RENDERED_OK
VIII	464	199	281	17079	1445	RENDERED_OK
VIII	465	199	281	17866	1640	RENDERED_OK
VIII	466	199	281	12804	1170	RENDERED_OK
VIII	467	199	281	18672	1489	RENDERED_OK
VIII	468	199	281	18395	1550	RENDERED_OK
VIII	469	199	281	13790	1166	RENDERED_OK
