name	kind	volume	chapter_code	chapter_title	label	source_path
$\mathcal O_X$-module	definition	VI	VI/33	Graded Rings	UNLABELLED	books/vol06_algebraic_geometry/chapters/ch33_o_x_modules_quasicoherent/chapter.tex
$L^1$ bound	theorem	III	III/11	The Fourier Transform	thm:iii11-01	books/vol03_fourier_distributions_pde/chapters/ch11_the_fourier_transform/chapter.tex
$L^2$ multiplier bound	theorem	III	III/13	Plancherel and L2 Fourier Theory	thm:iii13-03	books/vol03_fourier_distributions_pde/chapters/ch13_plancherel_and_l2_fourier_theory/chapter.tex
$L^p$ mollifier convergence	theorem	III	III/22	Approximation and Density	thm:iii22-01	books/vol03_fourier_distributions_pde/chapters/ch22_approximation_and_density/chapter.tex
$S$-scheme	definition	VI	VI/21	Schemes and Their Points	UNLABELLED	books/vol06_algebraic_geometry/chapters/ch21_schemes_and_points/chapter.tex
\(\mathbb Q\)-Cartier divisor	definition	VI	VI/41	Divisor Class Groups	def:vi41-q-cartier	books/vol06_algebraic_geometry/chapters/ch41_divisor_class_groups/chapter.tex
\v{C}ech cochains	definition	VI	VI/47	Čech Cohomology	def:vi47-cochains	books/vol06_algebraic_geometry/chapters/ch47_ech_cohomology/chapter.tex
\v{C}ech cocycles, coboundaries, and cohomology	definition	VI	VI/47	Čech Cohomology	def:vi47-cohomology	books/vol06_algebraic_geometry/chapters/ch47_ech_cohomology/chapter.tex
A nonzero principal open is dense	proposition	VI	VI/02	The Zariski Topology	prop:vi02-principal-dense	books/vol06_algebraic_geometry/chapters/ch02_zariski_topology/chapter.tex
A priori error bound	theorem	II	II/16	Contraction Mappings	thm:ii16-02	books/vol02_real_analysis/chapters/ch16_contraction_mappings/chapter.tex
A useful global criterion	corollary	VI	VI/38	Coherent and Quasi-Coherent Sheaves	cor:vi38-global-criterion	books/vol06_algebraic_geometry/chapters/ch38_projective_morphisms_and_closed_embeddings/chapter.tex
Abel--Picard map for a cubic	definition	VI	VI/43	Plane Cubics	def:vi43-abel-picard	books/vol06_algebraic_geometry/chapters/ch43_plane_cubics/chapter.tex
Abel--Picard theorem for a smooth plane cubic	theorem	VI	VI/43	Plane Cubics	thm:vi43-abel-picard-bijection	books/vol06_algebraic_geometry/chapters/ch43_plane_cubics/chapter.tex
Absolute integral inequality	theorem	III	III/03	The Lebesgue Integral	thm:iii03-01	books/vol03_fourier_distributions_pde/chapters/ch03_the_lebesgue_integral/chapter.tex
Absolute structure morphism	theorem	VI	VI/21	Schemes and Their Points	thm:vi21-absolute-structure	books/vol06_algebraic_geometry/chapters/ch21_schemes_and_points/chapter.tex
Abstract simplicial complex	definition	VIII	VIII/15	Simplicial Complexes	def:viii15-abstract-complex	books/vol08_algebraic_topology/chapters/ch15_simplicial_complexes/chapter.tex
Acceleration is normal for unit speed	proposition	VII	VII/13	Frenet Frames, Curvature and Torsion	prop:vii13-acc-normal	books/vol07_differential_geometry/chapters/ch13_frenet_frames_curvature_and_torsion/chapter.tex
Acyclic (Leray) cover for a sheaf	definition	VI	VI/47	Čech Cohomology	def:vi47-leray-cover	books/vol06_algebraic_geometry/chapters/ch47_ech_cohomology/chapter.tex
Acyclic cover	definition	VI	VI/49	Basic Vanishing Results	def:vi49-leray	books/vol06_algebraic_geometry/chapters/ch49_basic_vanishing_results/chapter.tex
Acyclic kernel and middle term	proposition	VI	VI/49	Basic Vanishing Results	prop:vi49-acyclic-quotient	books/vol06_algebraic_geometry/chapters/ch49_basic_vanishing_results/chapter.tex
Acyclic sheaf	definition	VI	VI/46	Flabby Sheaves	def:vi46-acyclic	books/vol06_algebraic_geometry/chapters/ch46_flabby_sheaves/chapter.tex
Acyclic sheaf	definition	VI	VI/49	Basic Vanishing Results	def:vi49-acyclic	books/vol06_algebraic_geometry/chapters/ch49_basic_vanishing_results/chapter.tex
Additive and relative error	definition	VII	VII/38	Discrete Geodesic Problems	def:vii38-error	books/vol07_differential_geometry/chapters/ch38_discrete_geodesic_problems/chapter.tex
Additivity along subvarieties	corollary	VI	VI/31	Codimension	cor:vi31-nested-varieties	books/vol06_algebraic_geometry/chapters/ch31_codimension/chapter.tex
Adjacent determinant identity	theorem	II	II/25	Continued Fractions and Approximation Topics	thm:ii25-02	books/vol02_real_analysis/chapters/ch25_continued_fractions_and_approximation_topics/chapter.tex
Adjoint inverse criterion	theorem	I	I/15	Orthogonal and Unitary Operators	thm:i15-02	books/vol01_linear_algebra/chapters/ch15_orthogonal_and_unitary_operators/chapter.tex
Adjunction	theorem	VI	VI/14	Sheafification	UNLABELLED	books/vol06_algebraic_geometry/chapters/ch14_sheafification/chapter.tex
Admissible and consistent heuristics	definition	VII	VII/39	Graph and Exact Mesh Geodesics	def:vii39-astar	books/vol07_differential_geometry/chapters/ch39_graph_and_exact_mesh_geodesics/chapter.tex
Affine \(n\)-space	definition	VI	VI/01	Algebraic Sets	UNLABELLED	books/vol06_algebraic_geometry/chapters/ch01_algebraic_sets/chapter.tex
Affine base-change formula	theorem	VI	VI/24	Base Change	thm:vi24-affine	books/vol06_algebraic_geometry/chapters/ch24_base_change/chapter.tex
Affine basis	corollary	VI	VI/18	Affine Schemes	UNLABELLED	books/vol06_algebraic_geometry/chapters/ch18_affine_schemes/chapter.tex
Affine chain dictionary	proposition	VI	VI/29	Krull Dimension	prop:vi29-affine-chain-dictionary	books/vol06_algebraic_geometry/chapters/ch29_krull_dimension/chapter.tex
Affine chart theorem	theorem	VI	VI/35	Projective Space	thm:vi35-affine-chart	books/vol06_algebraic_geometry/chapters/ch35_proj/chapter.tex
Affine closed subscheme	theorem	VI	VI/22	Open and Closed Subschemes	thm:vi22-affine-closed	books/vol06_algebraic_geometry/chapters/ch22_open_closed_subschemes/chapter.tex
Affine codimension--height dictionary	proposition	VI	VI/31	Codimension	prop:vi31-height	books/vol06_algebraic_geometry/chapters/ch31_codimension/chapter.tex
Affine computation of $K(X)$	theorem	VI	VI/27	Integral Schemes and Function Fields	thm:vi27-affine-function-field	books/vol06_algebraic_geometry/chapters/ch27_integral_schemes_function_fields/chapter.tex
Affine connection	definition	VII	VII/21	Connections	def:vii21-affine	books/vol07_differential_geometry/chapters/ch21_connections/chapter.tex
Affine description	proposition	VI	VI/42	Line Bundles and Picard Groups	prop:vi42-affine-pic	books/vol06_algebraic_geometry/chapters/ch42_line_bundles_and_picard_groups/chapter.tex
Affine factoriality	corollary	VI	VI/41	Divisor Class Groups	cor:vi41-affine-factorial	books/vol06_algebraic_geometry/chapters/ch41_divisor_class_groups/chapter.tex
Affine fiber formula	theorem	VI	VI/25	Fibers and Geometric Fibers	thm:vi25-affine-fiber	books/vol06_algebraic_geometry/chapters/ch25_fibers_geometric_fibers/chapter.tex
Affine fiber product	theorem	VI	VI/23	Fiber Products	thm:vi23-affine	books/vol06_algebraic_geometry/chapters/ch23_fiber_products/chapter.tex
Affine freedom	theorem	IV	IV/18	Schwarz–Christoffel Transformations	thm:iv18-03	books/vol04_complex_analysis/chapters/ch18_schwarz_christoffel_transformations/chapter.tex
Affine integral criterion	theorem	VI	VI/10	Reduced and Nonreduced Geometry	UNLABELLED	books/vol06_algebraic_geometry/chapters/ch10_reduced_nonreduced_geometry/chapter.tex
Affine Leray covers	theorem	VI	VI/49	Basic Vanishing Results	thm:vi49-affine-leray	books/vol06_algebraic_geometry/chapters/ch49_basic_vanishing_results/chapter.tex
Affine line plus infinity	corollary	VI	VI/36	Projective Schemes	UNLABELLED	books/vol06_algebraic_geometry/chapters/ch36_projective_space/chapter.tex
Affine module--sheaf equivalence	theorem	VI	VI/33	Graded Rings	UNLABELLED	books/vol06_algebraic_geometry/chapters/ch33_o_x_modules_quasicoherent/chapter.tex
Affine morphism correspondence	theorem	VI	VI/04	Morphisms of Affine Algebraic Sets	thm:vi04-affine-correspondence	books/vol06_algebraic_geometry/chapters/ch04_morphisms_affine_algebraic_sets/chapter.tex
Affine normalization	definition	VI	VI/28	Normalization	def:vi28-affine-normalization	books/vol06_algebraic_geometry/chapters/ch28_normalization/chapter.tex
Affine quasi-coherent situation	definition	VI	VI/49	Basic Vanishing Results	def:vi49-affine-qc	books/vol06_algebraic_geometry/chapters/ch49_basic_vanishing_results/chapter.tex
Affine scheme	definition	VI	VI/18	Affine Schemes	UNLABELLED	books/vol06_algebraic_geometry/chapters/ch18_affine_schemes/chapter.tex
Affine schemes are quasi-compact	theorem	VI	VI/18	Affine Schemes	UNLABELLED	books/vol06_algebraic_geometry/chapters/ch18_affine_schemes/chapter.tex
Affine space of connections	theorem	VII	VII/21	Connections	thm:vii21-affine-space	books/vol07_differential_geometry/chapters/ch21_connections/chapter.tex
Affine vanishing theorem	theorem	VI	VI/49	Basic Vanishing Results	thm:vi49-affine-vanishing	books/vol06_algebraic_geometry/chapters/ch49_basic_vanishing_results/chapter.tex
Affine-local criterion	theorem	VI	VI/22	Open and Closed Subschemes	thm:vi22-closed-affine-local	books/vol06_algebraic_geometry/chapters/ch22_open_closed_subschemes/chapter.tex
Affine-local criterion	theorem	VI	VI/38	Coherent and Quasi-Coherent Sheaves	thm:vi38-affine-closed	books/vol06_algebraic_geometry/chapters/ch38_projective_morphisms_and_closed_embeddings/chapter.tex
Affine-open criterion for locally Noetherian schemes	theorem	VI	VI/26	Finite-Type and Noetherian Morphisms	thm:vi26-affine-noetherian	books/vol06_algebraic_geometry/chapters/ch26_finite_type_noetherian_morphisms/chapter.tex
Agreement with classical derivatives	theorem	III	III/16	Distributions and Distributional Derivatives	thm:iii16-01	books/vol03_fourier_distributions_pde/chapters/ch16_distributions_and_distributional_derivatives/chapter.tex
Algebra closure	theorem	III	III/02	Measurable Functions	thm:iii02-02	books/vol03_fourier_distributions_pde/chapters/ch02_measurable_functions/chapter.tex
Algebra rules	proposition	VII	VII/05	Cotangent Spaces	prop:vii05-df-rules	books/vol07_differential_geometry/chapters/ch05_cotangent_spaces/chapter.tex
Algebraic degree	definition	VI	VI/44	Cremona Transformations	def:vi44-algebraic-degree	books/vol06_algebraic_geometry/chapters/ch44_cremona_transformations/chapter.tex
Algebraic set	definition	VI	VI/01	Algebraic Sets	UNLABELLED	books/vol06_algebraic_geometry/chapters/ch01_algebraic_sets/chapter.tex
Algebraic stability	theorem	III	III/14	The Schwartz Space	thm:iii14-02	books/vol03_fourier_distributions_pde/chapters/ch14_the_schwartz_space/chapter.tex
Alternating \(k\)-form at a point	definition	VII	VII/09	Differential Forms	def:vii09-point-form	books/vol07_differential_geometry/chapters/ch09_differential_forms/chapter.tex
Alternation criterion	theorem	II	II/22	Chebyshev and Minimax Approximation	thm:ii22-02	books/vol02_real_analysis/chapters/ch22_chebyshev_and_minimax_approximation/chapter.tex
Amortized query structure	proposition	VII	VII/40	The Heat Method	prop:vii40-reuse	books/vol07_differential_geometry/chapters/ch40_the_heat_method/chapter.tex
Angle defect	definition	VII	VII/38	Discrete Geodesic Problems	def:vii38-defect	books/vol07_differential_geometry/chapters/ch38_discrete_geodesic_problems/chapter.tex
Angle-exponent relation	theorem	IV	IV/18	Schwarz–Christoffel Transformations	thm:iv18-01	books/vol04_complex_analysis/chapters/ch18_schwarz_christoffel_transformations/chapter.tex
Angles	proposition	VII	VII/15	First and Second Fundamental Forms	prop:vii15-angle	books/vol07_differential_geometry/chapters/ch15_first_and_second_fundamental_forms/chapter.tex
Annihilator	definition	VII	VII/05	Cotangent Spaces	def:vii05-annihilator	books/vol07_differential_geometry/chapters/ch05_cotangent_spaces/chapter.tex
Antipodal degree	theorem	VIII	VIII/04	Spheres and Antipodal Maps	thm:viii04-antipodal-degree	books/vol08_algebraic_topology/chapters/ch04_spheres_and_antipodal_maps/chapter.tex
Antipodal map	definition	VIII	VIII/04	Spheres and Antipodal Maps	def:viii04-antipodal	books/vol08_algebraic_topology/chapters/ch04_spheres_and_antipodal_maps/chapter.tex
Approximate-identity recovery	theorem	III	III/10	Convolution and Approximate Identities	thm:iii10-03	books/vol03_fourier_distributions_pde/chapters/ch10_convolution_and_approximate_identities/chapter.tex
Arbitrary intersections	proposition	VI	VI/01	Algebraic Sets	prop:vi01-intersections	books/vol06_algebraic_geometry/chapters/ch01_algebraic_sets/chapter.tex
Arc-length function	definition	VII	VII/12	Regular Curves	def:vii12-arclength-function	books/vol07_differential_geometry/chapters/ch12_regular_curves/chapter.tex
Archimedean property	theorem	II	II/01	The Real Number System and Completeness	thm:ii01-01	books/vol02_real_analysis/chapters/ch01_the_real_number_system_and_completeness/chapter.tex
Area element	theorem	VII	VII/15	First and Second Fundamental Forms	thm:vii15-area-element	books/vol07_differential_geometry/chapters/ch15_first_and_second_fundamental_forms/chapter.tex
Argument principle	theorem	IV	IV/12	Winding Numbers and the Argument Principle	thm:iv12-02	books/vol04_complex_analysis/chapters/ch12_winding_numbers_and_the_argument_principle/chapter.tex
Associated bundles	proposition	VII	VII/21	Connections	prop:vii21-associated	books/vol07_differential_geometry/chapters/ch21_connections/chapter.tex
Associated implies support	theorem	V	V/17	Associated Primes	thm:v17-02	books/vol05_commutative_algebra/chapters/ch17_associated_primes/chapter.tex
Associated prime existence	theorem	V	V/17	Associated Primes	thm:v17-01	books/vol05_commutative_algebra/chapters/ch17_associated_primes/chapter.tex
Associated sheaf from the espace \texorpdfstring{\'{e}tal\'{e}}{etale}	definition	VI	VI/14	Sheafification	UNLABELLED	books/vol06_algebraic_geometry/chapters/ch14_sheafification/chapter.tex
Associated sheaf of a graded module	definition	VI	VI/35	Projective Space	UNLABELLED	books/vol06_algebraic_geometry/chapters/ch35_proj/chapter.tex
Associated vector bundle	definition	VII	VII/08	Principal and Frame Bundles	def:vii08-associated	books/vol07_differential_geometry/chapters/ch08_principal_and_frame_bundles/chapter.tex
Asymptotic direction	definition	VII	VII/17	Principal, Gaussian and Mean Curvature	def:vii17-asymptotic	books/vol07_differential_geometry/chapters/ch17_principal_gaussian_and_mean_curvature/chapter.tex
Atlas equivalence from smooth functions	theorem	VII	VII/02	Smooth Structures and Atlases	thm:vii02-functions-equivalence	books/vol07_differential_geometry/chapters/ch02_smooth_structures_and_atlases/chapter.tex
Attaching an \(n\)-cell	definition	VIII	VIII/05	Cell Attachments	def:viii05-attach	books/vol08_algebraic_topology/chapters/ch05_cell_attachments/chapter.tex
Automorphisms of the disk	theorem	IV	IV/17	Conformal Mapping	thm:iv17-03	books/vol04_complex_analysis/chapters/ch17_conformal_mapping/chapter.tex
Axis	definition	VII	VII/34	Hyperbolic Isometries	def:vii34-axis	books/vol07_differential_geometry/chapters/ch34_hyperbolic_isometries/chapter.tex
Axis to closed geodesic	theorem	VII	VII/35	Fuchsian Groups	thm:vii35-axis-closed	books/vol07_differential_geometry/chapters/ch35_fuchsian_groups/chapter.tex
Ball to Euclidean space	theorem	VII	VII/03	Smooth Maps and Diffeomorphisms	thm:vii03-ball	books/vol07_differential_geometry/chapters/ch03_smooth_maps_and_diffeomorphisms/chapter.tex
Banach fixed-point theorem	theorem	II	II/16	Contraction Mappings	thm:ii16-01	books/vol02_real_analysis/chapters/ch16_contraction_mappings/chapter.tex
Barycentric subdivision	definition	VIII	VIII/15	Simplicial Complexes	def:viii15-barycentric	books/vol08_algebraic_topology/chapters/ch15_simplicial_complexes/chapter.tex
Base change of a cokernel	theorem	V	V/11	Quotients and Base Change	thm:v11-03	books/vol05_commutative_algebra/chapters/ch11_quotients_and_base_change/chapter.tex
Base change stability	theorem	VI	VI/38	Coherent and Quasi-Coherent Sheaves	thm:vi38-projective-basechange	books/vol06_algebraic_geometry/chapters/ch38_projective_morphisms_and_closed_embeddings/chapter.tex
Base locus	definition	VI	VI/38	Coherent and Quasi-Coherent Sheaves	def:vi38-base-locus	books/vol06_algebraic_geometry/chapters/ch38_projective_morphisms_and_closed_embeddings/chapter.tex
Base locus	definition	VI	VI/44	Cremona Transformations	def:vi44-base-locus	books/vol06_algebraic_geometry/chapters/ch44_cremona_transformations/chapter.tex
Base-change stability	theorem	VI	VI/26	Finite-Type and Noetherian Morphisms	thm:vi26-base-change	books/vol06_algebraic_geometry/chapters/ch26_finite_type_noetherian_morphisms/chapter.tex
Base-point conjugacy	theorem	VII	VII/25	Holonomy	thm:vii25-basepoint	books/vol07_differential_geometry/chapters/ch25_holonomy/chapter.tex
Based homotopy invariance	theorem	VIII	VIII/09	Paths and Fundamental Groups	thm:viii09-based-homotopy	books/vol08_algebraic_topology/chapters/ch09_paths_and_fundamental_groups/chapter.tex
Based map and based homotopy	definition	VIII	VIII/01	Homotopies of Maps	def:viii01-based	books/vol08_algebraic_topology/chapters/ch01_homotopies_of_maps/chapter.tex
Basic approximation bound	theorem	II	II/25	Continued Fractions and Approximation Topics	thm:ii25-03	books/vol02_real_analysis/chapters/ch25_continued_fractions_and_approximation_topics/chapter.tex
Basic identities	proposition	VI	VI/40	Cartier Divisors	prop:vi40-oxd-identities	books/vol06_algebraic_geometry/chapters/ch40_cartier_divisors/chapter.tex
Basic or distinguished open	definition	VI	VI/08	Basic Open Sets D(f)	UNLABELLED	books/vol06_algebraic_geometry/chapters/ch08_basic_open_sets/chapter.tex
Basis criterion	theorem	VI	VI/13	Sheaves and Stalks	UNLABELLED	books/vol06_algebraic_geometry/chapters/ch13_sheaves_stalks/chapter.tex
Basis theorem	theorem	VI	VI/08	Basic Open Sets D(f)	UNLABELLED	books/vol06_algebraic_geometry/chapters/ch08_basic_open_sets/chapter.tex
Basis uniqueness of coordinates	theorem	I	I/03	Bases and Dimension	thm:i03-01	books/vol01_linear_algebra/chapters/ch03_bases_and_dimension/chapter.tex
Basis-change invariance	theorem	IV	IV/27	Lattices and Complex Tori	thm:iv27-03	books/vol04_complex_analysis/chapters/ch27_lattices_and_complex_tori/chapter.tex
Bernstein reproduction	theorem	II	II/21	Polynomial Approximation	thm:ii21-02	books/vol02_real_analysis/chapters/ch21_polynomial_approximation/chapter.tex
Bessel inequality	theorem	II	II/14	Trigonometric Series	thm:ii14-02	books/vol02_real_analysis/chapters/ch14_trigonometric_series/chapter.tex
Bessel inequality	theorem	III	III/09	Fourier Series	thm:iii09-02	books/vol03_fourier_distributions_pde/chapters/ch09_fourier_series/chapter.tex
Beta recurrence	theorem	IV	IV/20	Beta and Gamma Identities	thm:iv20-03	books/vol04_complex_analysis/chapters/ch20_beta_and_gamma_identities/chapter.tex
Beta--Gamma identity	theorem	IV	IV/20	Beta and Gamma Identities	thm:iv20-01	books/vol04_complex_analysis/chapters/ch20_beta_and_gamma_identities/chapter.tex
Betti numbers from Tor	theorem	V	V/25	Minimal Resolutions	thm:v25-02	books/vol05_commutative_algebra/chapters/ch25_minimal_resolutions/chapter.tex
Binormal and Frenet frame	definition	VII	VII/13	Frenet Frames, Curvature and Torsion	def:vii13-binormal	books/vol07_differential_geometry/chapters/ch13_frenet_frames_curvature_and_torsion/chapter.tex
Birational transform of a curve	definition	VI	VI/44	Cremona Transformations	def:vi44-birational-transform	books/vol06_algebraic_geometry/chapters/ch44_cremona_transformations/chapter.tex
Blow-up along a closed subscheme	definition	VI	VI/45	Blow-Ups	def:vi45-rees-blowup	books/vol06_algebraic_geometry/chapters/ch45_blow_ups/chapter.tex
Blow-up is unchanged off the center	proposition	VI	VI/45	Blow-Ups	prop:vi45-isomorphism-off-center	books/vol06_algebraic_geometry/chapters/ch45_blow_ups/chapter.tex
Borsuk--Ulam	theorem	VIII	VIII/04	Spheres and Antipodal Maps	thm:viii04-borsuk-ulam	books/vol08_algebraic_topology/chapters/ch04_spheres_and_antipodal_maps/chapter.tex
Boundary correspondence	proposition	VII	VII/31	Hyperbolic Plane Models	prop:vii31-boundary-map	books/vol07_differential_geometry/chapters/ch31_hyperbolic_plane_models/chapter.tex
Boundary extension	proposition	VII	VII/33	Möbius Transformations and PSL(2,R)	prop:vii33-boundary	books/vol07_differential_geometry/chapters/ch33_m_bius_transformations_and_psl_2_r/chapter.tex
Boundary is a manifold	theorem	VII	VII/11	Stokes' Theorem	thm:vii11-boundary-manifold	books/vol07_differential_geometry/chapters/ch11_stokes_theorem/chapter.tex
Boundary of a boundary	corollary	VII	VII/11	Stokes' Theorem	cor:vii11-boundary-boundary	books/vol07_differential_geometry/chapters/ch11_stokes_theorem/chapter.tex
Boundary proper discontinuity	theorem	VII	VII/37	Kleinian Groups and Boundary Geometry	thm:vii37-omega-proper	books/vol07_differential_geometry/chapters/ch37_kleinian_groups_and_boundary_geometry/chapter.tex
Boundary squares to zero	theorem	VIII	VIII/17	Simplicial and Singular Homology	thm:viii17-boundary-square	books/vol08_algebraic_topology/chapters/ch17_simplicial_and_singular_homology/chapter.tex
Brouwer fixed-point theorem \proofstatus{used without full proof}	theorem	II	II/17	Brouwer-Type Fixed-Point Ideas	thm:ii17-02	books/vol02_real_analysis/chapters/ch17_brouwer_type_fixed_point_ideas/chapter.tex
Bundle chart and local frame	definition	VII	VII/07	Vector Bundles	def:vii07-bundle-chart	books/vol07_differential_geometry/chapters/ch07_vector_bundles/chapter.tex
Bundle holonomy	definition	VII	VII/25	Holonomy	def:vii25-bundle-holonomy	books/vol07_differential_geometry/chapters/ch25_holonomy/chapter.tex
Bundles from transition data	theorem	VII	VII/07	Vector Bundles	thm:vii07-gluing	books/vol07_differential_geometry/chapters/ch07_vector_bundles/chapter.tex
Canonical divisor under a point blow-up	theorem	VI	VI/45	Blow-Ups	thm:vi45-canonical-class	books/vol06_algebraic_geometry/chapters/ch45_blow_ups/chapter.tex
Canonical residue-field point	proposition	VI	VI/21	Schemes and Their Points	prop:vi21-residue-point	books/vol06_algebraic_geometry/chapters/ch21_schemes_and_points/chapter.tex
Cantor-function monotonicity	theorem	II	II/15	Pathological and Nowhere-Differentiable Functions	thm:ii15-02	books/vol02_real_analysis/chapters/ch15_pathological_and_nowhere_differentiable_functions/chapter.tex
Cartier divisor	definition	VI	VI/40	Cartier Divisors	def:vi40-cartier	books/vol06_algebraic_geometry/chapters/ch40_cartier_divisors/chapter.tex
Cartier--Picard equivalence	theorem	VI	VI/42	Line Bundles and Picard Groups	thm:vi42-cartier-picard	books/vol06_algebraic_geometry/chapters/ch42_line_bundles_and_picard_groups/chapter.tex
Cartier-to-Weil comparison	theorem	VI	VI/40	Cartier Divisors	thm:vi40-cartier-weil	books/vol06_algebraic_geometry/chapters/ch40_cartier_divisors/chapter.tex
Cartier-to-Weil map: preview	proposition	VI	VI/39	Weil Divisors	prop:vi39-cartier-weil-preview	books/vol06_algebraic_geometry/chapters/ch39_weil_divisors/chapter.tex
Catenary profile	theorem	VII	VII/19	Minimal Surfaces	thm:vii19-revolution	books/vol07_differential_geometry/chapters/ch19_minimal_surfaces/chapter.tex
Cauchy boundedness	theorem	II	II/03	Sequences and Cauchy Sequences	thm:ii03-03	books/vol02_real_analysis/chapters/ch03_sequences_and_cauchy_sequences/chapter.tex
Cauchy derivative formula	theorem	IV	IV/06	Cauchy's Integral Formula	thm:iv06-02	books/vol04_complex_analysis/chapters/ch06_cauchy_s_integral_formula/chapter.tex
Cauchy estimate	theorem	IV	IV/06	Cauchy's Integral Formula	thm:iv06-03	books/vol04_complex_analysis/chapters/ch06_cauchy_s_integral_formula/chapter.tex
Cauchy integral formula	theorem	IV	IV/06	Cauchy's Integral Formula	thm:iv06-01	books/vol04_complex_analysis/chapters/ch06_cauchy_s_integral_formula/chapter.tex
Cauchy--Goursat theorem on triangles	theorem	IV	IV/05	Cauchy's Theorem	thm:iv05-01	books/vol04_complex_analysis/chapters/ch05_cauchy_s_theorem/chapter.tex
Cauchy--Riemann necessity	theorem	IV	IV/02	Cauchy–Riemann Equations	thm:iv02-01	books/vol04_complex_analysis/chapters/ch02_cauchy_riemann_equations/chapter.tex
Cauchy--Schwarz	theorem	II	II/02	Euclidean and Normed Spaces	thm:ii02-01	books/vol02_real_analysis/chapters/ch02_euclidean_and_normed_spaces/chapter.tex
Cauchy–Schwarz inequality	theorem	I	I/13	Inner Products and Orthogonality	thm:i13-01	books/vol01_linear_algebra/chapters/ch13_inner_products_and_orthogonality/chapter.tex
Causal curve	definition	VII	VII/30	Riemannian versus Lorentzian Geometry	def:vii30-causal-curve	books/vol07_differential_geometry/chapters/ch30_riemannian_versus_lorentzian_geometry/chapter.tex
Causal type is constant along a geodesic	proposition	VII	VII/30	Riemannian versus Lorentzian Geometry	prop:vii30-geodesic-type	books/vol07_differential_geometry/chapters/ch30_riemannian_versus_lorentzian_geometry/chapter.tex
Cayley isometry	proposition	VII	VII/32	The Poincaré Metric	prop:vii32-cayley-isometry	books/vol07_differential_geometry/chapters/ch32_the_poincar_metric/chapter.tex
Cayley--Hamilton theorem	theorem	I	I/11	Diagonalization and Minimal Polynomials	thm:i11-03	books/vol01_linear_algebra/chapters/ch11_diagonalization_and_minimal_polynomials/chapter.tex
Cell-attachment specialization	proposition	VIII	VIII/07	Mapping Cones	prop:viii07-cell-special	books/vol08_algebraic_topology/chapters/ch07_mapping_cones/chapter.tex
Cellular boundary formula	theorem	VIII	VIII/18	Cellular Homology	thm:viii18-boundary-degree	books/vol08_algebraic_topology/chapters/ch18_cellular_homology/chapter.tex
Cellular chain complex	theorem	VIII	VIII/18	Cellular Homology	thm:viii18-chain-complex	books/vol08_algebraic_topology/chapters/ch18_cellular_homology/chapter.tex
Cellular chains	definition	VIII	VIII/18	Cellular Homology	def:viii18-cellular-chain	books/vol08_algebraic_topology/chapters/ch18_cellular_homology/chapter.tex
Cellular map	definition	VIII	VIII/06	CW Complexes	def:viii06-cellular	books/vol08_algebraic_topology/chapters/ch06_cw_complexes/chapter.tex
Cellwise criterion	proposition	VIII	VIII/06	CW Complexes	prop:viii06-cellwise	books/vol08_algebraic_topology/chapters/ch06_cw_complexes/chapter.tex
Central projection	theorem	VII	VII/31	Hyperbolic Plane Models	thm:vii31-klein-map	books/vol07_differential_geometry/chapters/ch31_hyperbolic_plane_models/chapter.tex
Chain complex	definition	VIII	VIII/16	Chain Complexes	def:viii16-chain-complex	books/vol08_algebraic_topology/chapters/ch16_chain_complexes/chapter.tex
Chain contraction	definition	VIII	VIII/23	Chain Contractions	def:viii23-contraction	books/vol08_algebraic_topology/chapters/ch23_chain_contractions/chapter.tex
Chain homotopic maps agree on homology	theorem	V	V/22	Chain Complexes	thm:v22-03	books/vol05_commutative_algebra/chapters/ch22_chain_complexes/chapter.tex
Chain homotopy	definition	VIII	VIII/20	Homotopy Invariance	def:viii20-chain-homotopy	books/vol08_algebraic_topology/chapters/ch20_homotopy_invariance/chapter.tex
Chain homotopy	definition	VIII	VIII/22	Chain Homotopies	def:viii22-chain-homotopy	books/vol08_algebraic_topology/chapters/ch22_chain_homotopies/chapter.tex
Chain isomorphism	definition	VIII	VIII/16	Chain Complexes	def:viii16-chain-iso	books/vol08_algebraic_topology/chapters/ch16_chain_complexes/chapter.tex
Chain map	definition	VIII	VIII/16	Chain Complexes	def:viii16-chain-map	books/vol08_algebraic_topology/chapters/ch16_chain_complexes/chapter.tex
Chain maps induce homology maps	theorem	V	V/22	Chain Complexes	thm:v22-01	books/vol05_commutative_algebra/chapters/ch22_chain_complexes/chapter.tex
Chain rule	theorem	II	II/08	Differentiability in Several Variables	thm:ii08-02	books/vol02_real_analysis/chapters/ch08_differentiability_in_several_variables/chapter.tex
Chain rule	theorem	IV	IV/01	Complex Differentiability	thm:iv01-03	books/vol04_complex_analysis/chapters/ch01_complex_differentiability/chapter.tex
Chain rule	theorem	VII	VII/04	Tangent Spaces	thm:vii04-chain-rule	books/vol07_differential_geometry/chapters/ch04_tangent_spaces/chapter.tex
Chain subcomplex	definition	VIII	VIII/16	Chain Complexes	def:viii16-subcomplex	books/vol08_algebraic_topology/chapters/ch16_chain_complexes/chapter.tex
Chain-homotopy equivalence	definition	VIII	VIII/22	Chain Homotopies	def:viii22-chain-equivalence	books/vol08_algebraic_topology/chapters/ch22_chain_homotopies/chapter.tex
Chain-homotopy invariance	theorem	VIII	VIII/20	Homotopy Invariance	thm:viii20-chain-homotopy-invariance	books/vol08_algebraic_topology/chapters/ch20_homotopy_invariance/chapter.tex
Change of basepoint	theorem	VIII	VIII/09	Paths and Fundamental Groups	thm:viii09-basepoint	books/vol08_algebraic_topology/chapters/ch09_paths_and_fundamental_groups/chapter.tex
Change of point in the fiber	proposition	VII	VII/25	Holonomy	prop:vii25-fiber-conjugacy	books/vol07_differential_geometry/chapters/ch25_holonomy/chapter.tex
Change of variables on manifolds	theorem	VII	VII/10	Orientation and Integration	thm:vii10-change-variables	books/vol07_differential_geometry/chapters/ch10_orientation_and_integration/chapter.tex
Characteristic map	definition	VIII	VIII/05	Cell Attachments	def:viii05-characteristic	books/vol08_algebraic_topology/chapters/ch05_cell_attachments/chapter.tex
Chart independence	theorem	VII	VII/03	Smooth Maps and Diffeomorphisms	thm:vii03-chart-independence	books/vol07_differential_geometry/chapters/ch03_smooth_maps_and_diffeomorphisms/chapter.tex
Chart independence	theorem	VII	VII/10	Orientation and Integration	thm:vii10-chart-independent	books/vol07_differential_geometry/chapters/ch10_orientation_and_integration/chapter.tex
Chebyshev alternation theorem \proofstatus{proof sketch}	theorem	II	II/23	The Alternation Principle	thm:ii23-01	books/vol02_real_analysis/chapters/ch23_the_alternation_principle/chapter.tex
Chebyshev extremal property	theorem	II	II/22	Chebyshev and Minimax Approximation	thm:ii22-01	books/vol02_real_analysis/chapters/ch22_chebyshev_and_minimax_approximation/chapter.tex
Chebyshev inequality	theorem	III	III/08	Egorov, Vitali and Weak-Lp Ideas	thm:iii08-02	books/vol03_fourier_distributions_pde/chapters/ch08_egorov_vitali_and_weak_lp_ideas/chapter.tex
Chord interpretation	theorem	IV	IV/30	Addition Formulas	thm:iv30-03	books/vol04_complex_analysis/chapters/ch30_addition_formulas/chapter.tex
Christoffel formula	theorem	VII	VII/22	The Levi–Civita Connection	thm:vii22-christoffel	books/vol07_differential_geometry/chapters/ch22_the_levi_civita_connection/chapter.tex
Chronological and causal future	definition	VII	VII/30	Riemannian versus Lorentzian Geometry	def:vii30-futures	books/vol07_differential_geometry/chapters/ch30_riemannian_versus_lorentzian_geometry/chapter.tex
Circle preservation	theorem	VII	VII/33	Möbius Transformations and PSL(2,R)	thm:vii33-circles	books/vol07_differential_geometry/chapters/ch33_m_bius_transformations_and_psl_2_r/chapter.tex
Class group of an open subset	theorem	VI	VI/41	Divisor Class Groups	thm:vi41-open-subset	books/vol06_algebraic_geometry/chapters/ch41_divisor_class_groups/chapter.tex
Class group of projective space	theorem	VI	VI/41	Divisor Class Groups	thm:vi41-projective-space	books/vol06_algebraic_geometry/chapters/ch41_divisor_class_groups/chapter.tex
Class group of the quadric cone	theorem	VI	VI/41	Divisor Class Groups	thm:vi41-cone-class-group	books/vol06_algebraic_geometry/chapters/ch41_divisor_class_groups/chapter.tex
Class of a strict transform	proposition	VI	VI/45	Blow-Ups	prop:vi45-strict-class	books/vol06_algebraic_geometry/chapters/ch45_blow_ups/chapter.tex
Class-group criterion for unique factorization	theorem	VI	VI/41	Divisor Class Groups	thm:vi41-ufd-criterion	books/vol06_algebraic_geometry/chapters/ch41_divisor_class_groups/chapter.tex
Classical affine points are closed	proposition	VI	VI/02	The Zariski Topology	UNLABELLED	books/vol06_algebraic_geometry/chapters/ch02_zariski_topology/chapter.tex
Classical coordinate rings are reduced	proposition	VI	VI/03	Coordinate Rings	UNLABELLED	books/vol06_algebraic_geometry/chapters/ch03_coordinate_rings/chapter.tex
Classical generation theorem --- preview only	theorem	VI	VI/44	Cremona Transformations	thm:vi44-noether-castelnuovo-preview	books/vol06_algebraic_geometry/chapters/ch44_cremona_transformations/chapter.tex
Classical implies weak	theorem	III	III/20	Weak Derivatives	thm:iii20-02	books/vol03_fourier_distributions_pde/chapters/ch20_weak_derivatives/chapter.tex
Classification	definition	VII	VII/34	Hyperbolic Isometries	def:vii34-classification	books/vol07_differential_geometry/chapters/ch34_hyperbolic_isometries/chapter.tex
Classification by Laurent series	theorem	IV	IV/09	Isolated Singularities	thm:iv09-01	books/vol04_complex_analysis/chapters/ch09_isolated_singularities/chapter.tex
Classification of maps \(S^1\to S^1\)	theorem	VIII	VIII/03	Degree of Maps	thm:viii03-circle-classification	books/vol08_algebraic_topology/chapters/ch03_degree_of_maps/chapter.tex
Closed and exact	definition	VII	VII/09	Differential Forms	def:vii09-closed-exact	books/vol07_differential_geometry/chapters/ch09_differential_forms/chapter.tex
Closed and exact	definition	VII	VII/11	Stokes' Theorem	def:vii11-closed-exact	books/vol07_differential_geometry/chapters/ch11_stokes_theorem/chapter.tex
Closed curve	definition	VII	VII/12	Regular Curves	def:vii12-closed	books/vol07_differential_geometry/chapters/ch12_regular_curves/chapter.tex
Closed embedding in the affine classical setting	definition	VI	VI/04	Morphisms of Affine Algebraic Sets	UNLABELLED	books/vol06_algebraic_geometry/chapters/ch04_morphisms_affine_algebraic_sets/chapter.tex
Closed embeddings and surjections	theorem	VI	VI/04	Morphisms of Affine Algebraic Sets	thm:vi04-closed-embedding-surjection	books/vol06_algebraic_geometry/chapters/ch04_morphisms_affine_algebraic_sets/chapter.tex
Closed immersion	definition	VI	VI/38	Coherent and Quasi-Coherent Sheaves	def:vi38-closed-immersion	books/vol06_algebraic_geometry/chapters/ch38_projective_morphisms_and_closed_embeddings/chapter.tex
Closed points are maximal ideals	theorem	VI	VI/09	Generic and Closed Points	UNLABELLED	books/vol06_algebraic_geometry/chapters/ch09_generic_closed_points/chapter.tex
Closed star	definition	VIII	VIII/15	Simplicial Complexes	def:viii15-closed-star	books/vol08_algebraic_topology/chapters/ch15_simplicial_complexes/chapter.tex
Closed subsets do not increase dimension	proposition	VI	VI/30	Dimension of Schemes	prop:vi30-closed-inequality	books/vol06_algebraic_geometry/chapters/ch30_dimension_of_schemes/chapter.tex
Closed subsets give quotient rings	proposition	VI	VI/03	Coordinate Rings	UNLABELLED	books/vol06_algebraic_geometry/chapters/ch03_coordinate_rings/chapter.tex
Closed-lift criterion	proposition	VIII	VIII/11	Lifting Properties	prop:viii11-loop-criterion	books/vol08_algebraic_topology/chapters/ch11_lifting_properties/chapter.tex
Closed-point local dimension for varieties	theorem	VI	VI/32	Tangent Spaces and Local Geometry	thm:vi32-closed-variety	books/vol06_algebraic_geometry/chapters/ch32_tangent_spaces_and_local_geometry/chapter.tex
Closed-set calculus	theorem	VI	VI/07	The Spectrum of a Ring	UNLABELLED	books/vol06_algebraic_geometry/chapters/ch07_spectrum_of_a_ring/chapter.tex
Closed-subspace theorem for quotients	theorem	VI	VI/07	The Spectrum of a Ring	UNLABELLED	books/vol06_algebraic_geometry/chapters/ch07_spectrum_of_a_ring/chapter.tex
Closure by balls	theorem	II	II/04	Open and Closed Sets	thm:ii04-03	books/vol02_real_analysis/chapters/ch04_open_and_closed_sets/chapter.tex
Closure formula	theorem	VI	VI/02	The Zariski Topology	thm:vi02-closure-formula	books/vol06_algebraic_geometry/chapters/ch02_zariski_topology/chapter.tex
Closure formula	theorem	VI	VI/07	The Spectrum of a Ring	UNLABELLED	books/vol06_algebraic_geometry/chapters/ch07_spectrum_of_a_ring/chapter.tex
Closure formula	proposition	VI	VI/09	Generic and Closed Points	UNLABELLED	books/vol06_algebraic_geometry/chapters/ch09_generic_closed_points/chapter.tex
Closure inequalities	proposition	VI	VI/01	Algebraic Sets	prop:vi01-closure-inequalities	books/vol06_algebraic_geometry/chapters/ch01_algebraic_sets/chapter.tex
Clutching homotopy invariance	theorem	VIII	VIII/30	Vector Bundles and Clutching	thm:viii30-clutching-homotopy	books/vol08_algebraic_topology/chapters/ch30_vector_bundles_and_clutching/chapter.tex
Clutching map	definition	VIII	VIII/30	Vector Bundles and Clutching	def:viii30-clutching	books/vol08_algebraic_topology/chapters/ch30_vector_bundles_and_clutching/chapter.tex
Coboundary derivation rule	theorem	VIII	VIII/29	Cup Products	thm:viii29-leibniz	books/vol08_algebraic_topology/chapters/ch29_cup_products/chapter.tex
Coboundary operator	definition	VIII	VIII/28	Cohomology	def:viii28-coboundary	books/vol08_algebraic_topology/chapters/ch28_cohomology/chapter.tex
Cochain group	definition	VIII	VIII/28	Cohomology	def:viii28-cochains	books/vol08_algebraic_topology/chapters/ch28_cohomology/chapter.tex
Cocycle consistency	theorem	IV	IV/25	Construction by Gluing	thm:iv25-03	books/vol04_complex_analysis/chapters/ch25_construction_by_gluing/chapter.tex
Cocycle identities	theorem	VII	VII/07	Vector Bundles	thm:vii07-cocycle	books/vol07_differential_geometry/chapters/ch07_vector_bundles/chapter.tex
Cocycle identity	theorem	I	I/04	Coordinates and Change of Basis	thm:i04-02	books/vol01_linear_algebra/chapters/ch04_coordinates_and_change_of_basis/chapter.tex
Codimension at the generic point	theorem	VI	VI/31	Codimension	thm:vi31-generic-local	books/vol06_algebraic_geometry/chapters/ch31_codimension/chapter.tex
Codimension of a closed subset	definition	VI	VI/31	Codimension	def:vi31-codim-closed	books/vol06_algebraic_geometry/chapters/ch31_codimension/chapter.tex
Codimension of an irreducible closed subset	definition	VI	VI/31	Codimension	def:vi31-codim-irreducible	books/vol06_algebraic_geometry/chapters/ch31_codimension/chapter.tex
Codimension one on a normal scheme	theorem	VI	VI/39	Weil Divisors	thm:vi39-normal-dvr	books/vol06_algebraic_geometry/chapters/ch39_weil_divisors/chapter.tex
Coefficient uniqueness	theorem	IV	IV/03	Power Series and Analytic Functions	thm:iv03-03	books/vol04_complex_analysis/chapters/ch03_power_series_and_analytic_functions/chapter.tex
Cofibration	definition	VIII	VIII/08	Homotopic Attaching Maps	def:viii08-cofibration	books/vol08_algebraic_topology/chapters/ch08_homotopic_attaching_maps/chapter.tex
Cofinite and cocompact	definition	VII	VII/35	Fuchsian Groups	def:vii35-cofinite	books/vol07_differential_geometry/chapters/ch35_fuchsian_groups/chapter.tex
Coframe transformation	theorem	VII	VII/05	Cotangent Spaces	thm:vii05-coframe-transform	books/vol07_differential_geometry/chapters/ch05_cotangent_spaces/chapter.tex
Coherent sheaf in the locally Noetherian setting	definition	VI	VI/33	Graded Rings	UNLABELLED	books/vol06_algebraic_geometry/chapters/ch33_o_x_modules_quasicoherent/chapter.tex
Cohomology	definition	VIII	VIII/28	Cohomology	def:viii28-cohomology	books/vol08_algebraic_topology/chapters/ch28_cohomology/chapter.tex
Cohomology as an obstruction space	definition	VI	VI/48	Exact Sequences and Cohomology	def:vi48-obstruction	books/vol06_algebraic_geometry/chapters/ch48_exact_sequences_and_cohomology/chapter.tex
Cohomology dimensions on $\PP^1$	corollary	VI	VI/48	Exact Sequences and Cohomology	cor:vi48-p1-dimensions	books/vol06_algebraic_geometry/chapters/ch48_exact_sequences_and_cohomology/chapter.tex
Cohomology ring	definition	VIII	VIII/29	Cup Products	def:viii29-ring	books/vol08_algebraic_topology/chapters/ch29_cup_products/chapter.tex
Coimage equals image for sheaves of abelian groups	theorem	VI	VI/15	Kernels, Images and Quotients of Sheaves	UNLABELLED	books/vol06_algebraic_geometry/chapters/ch15_kernels_images_quotients/chapter.tex
Cokernel universal property	theorem	VI	VI/15	Kernels, Images and Quotients of Sheaves	UNLABELLED	books/vol06_algebraic_geometry/chapters/ch15_kernels_images_quotients/chapter.tex
Collinear divisor relation	theorem	VI	VI/43	Plane Cubics	thm:vi43-collinear-divisor	books/vol06_algebraic_geometry/chapters/ch43_plane_cubics/chapter.tex
Commutativity	theorem	III	III/10	Convolution and Approximate Identities	thm:iii10-01	books/vol03_fourier_distributions_pde/chapters/ch10_convolution_and_approximate_identities/chapter.tex
Compact metric criterion	theorem	II	II/06	Compactness	thm:ii06-05	books/vol02_real_analysis/chapters/ch06_compactness/chapter.tex
Compact support	definition	VII	VII/10	Orientation and Integration	def:vii10-compact-support	books/vol07_differential_geometry/chapters/ch10_orientation_and_integration/chapter.tex
Compact-cell finiteness	theorem	VIII	VIII/06	CW Complexes	thm:viii06-compact-cells	books/vol08_algebraic_topology/chapters/ch06_cw_complexes/chapter.tex
Compactness of the torus	theorem	IV	IV/27	Lattices and Complex Tori	thm:iv27-02	books/vol04_complex_analysis/chapters/ch27_lattices_and_complex_tori/chapter.tex
Comparison principle	theorem	III	III/27	Elliptic Operators and Maximum Principles	thm:iii27-02	books/vol03_fourier_distributions_pde/chapters/ch27_elliptic_operators_and_maximum_principles/chapter.tex
Comparison theorem	theorem	V	V/23	Free Resolutions	thm:v23-02	books/vol05_commutative_algebra/chapters/ch23_free_resolutions/chapter.tex
Comparison theorem	theorem	VIII	VIII/17	Simplicial and Singular Homology	thm:viii17-comparison	books/vol08_algebraic_topology/chapters/ch17_simplicial_and_singular_homology/chapter.tex
Compatibility of group laws	theorem	IV	IV/31	Elliptic Curves as Riemann Surfaces	thm:iv31-04	books/vol04_complex_analysis/chapters/ch31_elliptic_curves_as_riemann_surfaces/chapter.tex
Compatibility with curves	theorem	VII	VII/04	Tangent Spaces	thm:vii04-curve-pushforward	books/vol07_differential_geometry/chapters/ch04_tangent_spaces/chapter.tex
Compatibility with path homotopy	proposition	VIII	VIII/09	Paths and Fundamental Groups	prop:viii09-well-defined	books/vol08_algebraic_topology/chapters/ch09_paths_and_fundamental_groups/chapter.tex
Compatibility with standard operations	proposition	VI	VI/33	Graded Rings	UNLABELLED	books/vol06_algebraic_geometry/chapters/ch33_o_x_modules_quasicoherent/chapter.tex
Complement of prime is multiplicative	theorem	V	V/05	Multiplicative Systems	thm:v05-02	books/vol05_commutative_algebra/chapters/ch05_multiplicative_systems/chapter.tex
Completeness at the boundary	proposition	VII	VII/32	The Poincaré Metric	prop:vii32-boundary-infinite	books/vol07_differential_geometry/chapters/ch32_the_poincar_metric/chapter.tex
Completeness of $L^p$	theorem	III	III/06	Lp Spaces	thm:iii06-03	books/vol03_fourier_distributions_pde/chapters/ch06_lp_spaces/chapter.tex
Completeness of $W^{k,p}$	theorem	III	III/21	Sobolev Spaces	thm:iii21-01	books/vol03_fourier_distributions_pde/chapters/ch21_sobolev_spaces/chapter.tex
Completeness of the sup-norm function space	theorem	II	II/11	Pointwise and Uniform Convergence	thm:ii11-04	books/vol02_real_analysis/chapters/ch11_pointwise_and_uniform_convergence/chapter.tex
Completion map kernel	theorem	V	V/18	Completion and I-Adic Topology	thm:v18-02	books/vol05_commutative_algebra/chapters/ch18_completion_and_i_adic_topology/chapter.tex
Complex dimension	definition	VIII	VIII/15	Simplicial Complexes	def:viii15-complex-dim	books/vol08_algebraic_topology/chapters/ch15_simplicial_complexes/chapter.tex
Complex length	definition	VII	VII/36	Hyperbolic Three-Space and PSL(2,C)	def:vii36-complex-length	books/vol07_differential_geometry/chapters/ch36_hyperbolic_three_space_and_psl_2_c/chapter.tex
Complex projective space	theorem	VII	VII/02	Smooth Structures and Atlases	thm:vii02-cp	books/vol07_differential_geometry/chapters/ch02_smooth_structures_and_atlases/chapter.tex
Complex structure on the quotient	theorem	IV	IV/27	Lattices and Complex Tori	thm:iv27-01	books/vol04_complex_analysis/chapters/ch27_lattices_and_complex_tori/chapter.tex
Complex-linear characterization	theorem	IV	IV/01	Complex Differentiability	thm:iv01-01	books/vol04_complex_analysis/chapters/ch01_complex_differentiability/chapter.tex
Component criterion	proposition	VI	VI/34	Proj	UNLABELLED	books/vol06_algebraic_geometry/chapters/ch34_graded_rings/chapter.tex
Component-intersection graph	definition	VI	VI/05	Irreducibility, Components and Connectedness	UNLABELLED	books/vol06_algebraic_geometry/chapters/ch05_irreducibility_components/chapter.tex
Components and minimal primes	theorem	VI	VI/06	Prime Ideals as Geometric Points	thm:vi06-components-minimal-primes	books/vol06_algebraic_geometry/chapters/ch06_prime_ideals_geometric_points/chapter.tex
Components from minimal primes	theorem	VI	VI/05	Irreducibility, Components and Connectedness	thm:vi05-minimal-primes	books/vol06_algebraic_geometry/chapters/ch05_irreducibility_components/chapter.tex
Components of a covering	proposition	VIII	VIII/10	Covering Spaces	prop:viii10-components	books/vol08_algebraic_topology/chapters/ch10_covering_spaces/chapter.tex
Componentwise criterion	proposition	VII	VII/03	Smooth Maps and Diffeomorphisms	prop:vii03-componentwise	books/vol07_differential_geometry/chapters/ch03_smooth_maps_and_diffeomorphisms/chapter.tex
Composition	proposition	VI	VI/26	Finite-Type and Noetherian Morphisms	prop:vi26-composition	books/vol06_algebraic_geometry/chapters/ch26_finite_type_noetherian_morphisms/chapter.tex
Composition	theorem	VII	VII/03	Smooth Maps and Diffeomorphisms	thm:vii03-composition	books/vol07_differential_geometry/chapters/ch03_smooth_maps_and_diffeomorphisms/chapter.tex
Computational formula for residue fields	theorem	VI	VI/11	Local Rings and Residue Fields	UNLABELLED	books/vol06_algebraic_geometry/chapters/ch11_local_rings_residue_fields/chapter.tex
Concatenation	proposition	VII	VII/24	Parallel Transport	prop:vii24-concat	books/vol07_differential_geometry/chapters/ch24_parallel_transport/chapter.tex
Concatenation inequality	proposition	VI	VI/31	Codimension	prop:vi31-concatenation	books/vol06_algebraic_geometry/chapters/ch31_codimension/chapter.tex
Cone	definition	VIII	VIII/07	Mapping Cones	def:viii07-cone	books/vol08_algebraic_topology/chapters/ch07_mapping_cones/chapter.tex
Cone criterion	theorem	VIII	VIII/24	Mapping Cones of Chain Maps	thm:viii24-quasi-cone	books/vol08_algebraic_topology/chapters/ch24_mapping_cones_of_chain_maps/chapter.tex
Cone of a cofibration-like inclusion	proposition	VIII	VIII/07	Mapping Cones	prop:viii07-inclusion	books/vol08_algebraic_topology/chapters/ch07_mapping_cones/chapter.tex
Cone of the identity	proposition	VIII	VIII/07	Mapping Cones	prop:viii07-id	books/vol08_algebraic_topology/chapters/ch07_mapping_cones/chapter.tex
Cones	proposition	VII	VII/18	Ruled and Developable Surfaces	prop:vii18-cone-developable	books/vol07_differential_geometry/chapters/ch18_ruled_and_developable_surfaces/chapter.tex
Cones are contractible	proposition	VIII	VIII/07	Mapping Cones	prop:viii07-cone-contractible	books/vol08_algebraic_topology/chapters/ch07_mapping_cones/chapter.tex
Conformal change	definition	VII	VII/20	Riemannian Metrics	def:vii20-conformal	books/vol07_differential_geometry/chapters/ch20_riemannian_metrics/chapter.tex
Conformal covariance	theorem	VII	VII/28	Weyl Curvature	thm:vii28-conformal	books/vol07_differential_geometry/chapters/ch28_weyl_curvature/chapter.tex
Conformal parametrization	definition	VII	VII/19	Minimal Surfaces	def:vii19-conformal	books/vol07_differential_geometry/chapters/ch19_minimal_surfaces/chapter.tex
Conformality	proposition	VII	VII/32	The Poincaré Metric	prop:vii32-conformal	books/vol07_differential_geometry/chapters/ch32_the_poincar_metric/chapter.tex
Connected manifolds have two orientations	proposition	VII	VII/10	Orientation and Integration	prop:vii10-two-orientations	books/vol07_differential_geometry/chapters/ch10_orientation_and_integration/chapter.tex
Connected space	definition	VI	VI/05	Irreducibility, Components and Connectedness	UNLABELLED	books/vol06_algebraic_geometry/chapters/ch05_irreducibility_components/chapter.tex
Connected subsets of the real line	theorem	II	II/07	Connectedness and Path Connectedness	thm:ii07-04	books/vol02_real_analysis/chapters/ch07_connectedness_and_path_connectedness/chapter.tex
Connectedness--idempotent criterion	theorem	VI	VI/05	Irreducibility, Components and Connectedness	thm:vi05-idempotent-criterion	books/vol06_algebraic_geometry/chapters/ch05_irreducibility_components/chapter.tex
Connection coefficients	definition	VII	VII/21	Connections	def:vii21-christoffel-general	books/vol07_differential_geometry/chapters/ch21_connections/chapter.tex
Connection one-form matrix	definition	VII	VII/21	Connections	def:vii21-connection-forms	books/vol07_differential_geometry/chapters/ch21_connections/chapter.tex
Consequences of preserving \(I\)	proposition	VII	VII/15	First and Second Fundamental Forms	prop:vii15-isometry-consequences	books/vol07_differential_geometry/chapters/ch15_first_and_second_fundamental_forms/chapter.tex
Constancy in dimension at least three	proposition	VII	VII/27	Ricci and Scalar Curvature	prop:vii27-einstein-lambda	books/vol07_differential_geometry/chapters/ch27_ricci_and_scalar_curvature/chapter.tex
Constant attachment	proposition	VIII	VIII/05	Cell Attachments	prop:viii05-constant	books/vol08_algebraic_topology/chapters/ch05_cell_attachments/chapter.tex
Constant curvature	theorem	VII	VII/32	The Poincaré Metric	thm:vii32-curvature	books/vol07_differential_geometry/chapters/ch32_the_poincar_metric/chapter.tex
Constant degree with multiplicity	theorem	IV	IV/24	Branched Coverings	thm:iv24-03	books/vol04_complex_analysis/chapters/ch24_branched_coverings/chapter.tex
Constant map cone	proposition	VIII	VIII/07	Mapping Cones	prop:viii07-constant	books/vol08_algebraic_topology/chapters/ch07_mapping_cones/chapter.tex
Constant sheet number on connected bases	proposition	VIII	VIII/10	Covering Spaces	prop:viii10-sheet-number	books/vol08_algebraic_topology/chapters/ch10_covering_spaces/chapter.tex
Constant speed	proposition	VII	VII/23	Geodesics	prop:vii23-constant-speed	books/vol07_differential_geometry/chapters/ch23_geodesics/chapter.tex
Constants vanish	proposition	VII	VII/04	Tangent Spaces	prop:vii04-constants	books/vol07_differential_geometry/chapters/ch04_tangent_spaces/chapter.tex
Continuation along a fixed chain is unique	theorem	IV	IV/15	Analytic Continuation	thm:iv15-02	books/vol04_complex_analysis/chapters/ch15_analytic_continuation/chapter.tex
Continuity criterion for linear functionals	theorem	III	III/15	Test-Function Spaces	thm:iii15-04	books/vol03_fourier_distributions_pde/chapters/ch15_test_function_spaces/chapter.tex
Continuity from above	theorem	III	III/01	Sigma-Algebras and Measures	thm:iii01-02	books/vol03_fourier_distributions_pde/chapters/ch01_sigma_algebras_and_measures/chapter.tex
Continuity from below	theorem	III	III/01	Sigma-Algebras and Measures	thm:iii01-01	books/vol03_fourier_distributions_pde/chapters/ch01_sigma_algebras_and_measures/chapter.tex
Continuity of differentiation	theorem	III	III/16	Distributions and Distributional Derivatives	thm:iii16-03	books/vol03_fourier_distributions_pde/chapters/ch16_distributions_and_distributional_derivatives/chapter.tex
Continuity of morphisms	theorem	VI	VI/04	Morphisms of Affine Algebraic Sets	thm:vi04-continuity	books/vol06_algebraic_geometry/chapters/ch04_morphisms_affine_algebraic_sets/chapter.tex
Continuity of realization	theorem	VIII	VIII/15	Simplicial Complexes	thm:viii15-map-continuity	books/vol08_algebraic_topology/chapters/ch15_simplicial_complexes/chapter.tex
Continuity of the induced map	theorem	VI	VI/07	The Spectrum of a Ring	UNLABELLED	books/vol06_algebraic_geometry/chapters/ch07_spectrum_of_a_ring/chapter.tex
Continuous degree	theorem	VIII	VIII/03	Degree of Maps	thm:viii03-continuous	books/vol08_algebraic_topology/chapters/ch03_degree_of_maps/chapter.tex
Continuous dependence	theorem	II	II/19	Elementary Existence Theory for ODEs	thm:ii19-03	books/vol02_real_analysis/chapters/ch19_elementary_existence_theory_for_odes/chapter.tex
Continuous first partials imply differentiability	theorem	II	II/08	Differentiability in Several Variables	thm:ii08-04	books/vol02_real_analysis/chapters/ch08_differentiability_in_several_variables/chapter.tex
Continuous functions	proposition	VI	VI/13	Sheaves and Stalks	UNLABELLED	books/vol06_algebraic_geometry/chapters/ch13_sheaves_stalks/chapter.tex
Continuous image theorem	theorem	II	II/06	Compactness	thm:ii06-01	books/vol02_real_analysis/chapters/ch06_compactness/chapter.tex
Continuous image theorem	theorem	II	II/07	Connectedness and Path Connectedness	thm:ii07-01	books/vol02_real_analysis/chapters/ch07_connectedness_and_path_connectedness/chapter.tex
Continuous integrability	theorem	II	II/10	Riemann Integration	thm:ii10-02	books/vol02_real_analysis/chapters/ch10_riemann_integration/chapter.tex
Contracted coordinate lines	proposition	VI	VI/44	Cremona Transformations	prop:vi44-exceptional-lines	books/vol06_algebraic_geometry/chapters/ch44_cremona_transformations/chapter.tex
Contractible implies path connected	proposition	VIII	VIII/02	Homotopy Equivalence and Contractibility	prop:viii02-contract-path	books/vol08_algebraic_topology/chapters/ch02_homotopy_equivalence_and_contractibility/chapter.tex
Contractible means homotopy equivalent to a point	theorem	VIII	VIII/02	Homotopy Equivalence and Contractibility	thm:viii02-point	books/vol08_algebraic_topology/chapters/ch02_homotopy_equivalence_and_contractibility/chapter.tex
Contractible space	definition	VIII	VIII/02	Homotopy Equivalence and Contractibility	def:viii02-contractible	books/vol08_algebraic_topology/chapters/ch02_homotopy_equivalence_and_contractibility/chapter.tex
Contravariance of coordinate rings	theorem	VI	VI/04	Morphisms of Affine Algebraic Sets	thm:vi04-contravariance	books/vol06_algebraic_geometry/chapters/ch04_morphisms_affine_algebraic_sets/chapter.tex
Contravariance under dominance	theorem	VI	VI/27	Integral Schemes and Function Fields	thm:vi27-dominant-field-map	books/vol06_algebraic_geometry/chapters/ch27_integral_schemes_function_fields/chapter.tex
Convergent implies Cauchy	theorem	II	II/03	Sequences and Cauchy Sequences	thm:ii03-01	books/vol02_real_analysis/chapters/ch03_sequences_and_cauchy_sequences/chapter.tex
Convergent recurrences	theorem	II	II/25	Continued Fractions and Approximation Topics	thm:ii25-01	books/vol02_real_analysis/chapters/ch25_continued_fractions_and_approximation_topics/chapter.tex
Convex core	definition	VII	VII/37	Kleinian Groups and Boundary Geometry	def:vii37-convex-core	books/vol07_differential_geometry/chapters/ch37_kleinian_groups_and_boundary_geometry/chapter.tex
Convex sets are contractible	proposition	VIII	VIII/02	Homotopy Equivalence and Contractibility	prop:viii02-convex	books/vol08_algebraic_topology/chapters/ch02_homotopy_equivalence_and_contractibility/chapter.tex
Convolution inversion	theorem	III	III/24	Fundamental Solutions	thm:iii24-01	books/vol03_fourier_distributions_pde/chapters/ch24_fundamental_solutions/chapter.tex
Convolution theorem	theorem	III	III/11	The Fourier Transform	thm:iii11-03	books/vol03_fourier_distributions_pde/chapters/ch11_the_fourier_transform/chapter.tex
Coordinate basis theorem	theorem	VII	VII/04	Tangent Spaces	thm:vii04-coordinate-basis	books/vol07_differential_geometry/chapters/ch04_tangent_spaces/chapter.tex
Coordinate covectors	definition	VII	VII/05	Cotangent Spaces	def:vii05-coordinate-covectors	books/vol07_differential_geometry/chapters/ch05_cotangent_spaces/chapter.tex
Coordinate curves	definition	VII	VII/14	Regular Surfaces	def:vii14-coordinate-curves	books/vol07_differential_geometry/chapters/ch14_regular_surfaces/chapter.tex
Coordinate derivations	definition	VII	VII/04	Tangent Spaces	def:vii04-coordinate-derivations	books/vol07_differential_geometry/chapters/ch04_tangent_spaces/chapter.tex
Coordinate divisors on the cone	proposition	VI	VI/41	Divisor Class Groups	prop:vi41-cone-coordinate-divisors	books/vol06_algebraic_geometry/chapters/ch41_divisor_class_groups/chapter.tex
Coordinate formula	proposition	VII	VII/21	Connections	prop:vii21-coordinate	books/vol07_differential_geometry/chapters/ch21_connections/chapter.tex
Coordinate formula	theorem	VII	VII/26	The Riemann Curvature Tensor	thm:vii26-components	books/vol07_differential_geometry/chapters/ch26_the_riemann_curvature_tensor/chapter.tex
Coordinate formula for \(df\)	theorem	VII	VII/05	Cotangent Spaces	thm:vii05-df-coordinate	books/vol07_differential_geometry/chapters/ch05_cotangent_spaces/chapter.tex
Coordinate formulas agree with Picard addition	proposition	VI	VI/43	Plane Cubics	prop:vi43-coordinate-picard	books/vol06_algebraic_geometry/chapters/ch43_plane_cubics/chapter.tex
Coordinate gradient	proposition	VII	VII/20	Riemannian Metrics	prop:vii20-gradient-coord	books/vol07_differential_geometry/chapters/ch20_riemannian_metrics/chapter.tex
Coordinate invariance	proposition	VII	VII/20	Riemannian Metrics	prop:vii20-density-invariance	books/vol07_differential_geometry/chapters/ch20_riemannian_metrics/chapter.tex
Coordinate ring	definition	VI	VI/03	Coordinate Rings	UNLABELLED	books/vol06_algebraic_geometry/chapters/ch03_coordinate_rings/chapter.tex
Coordinate velocity	proposition	VII	VII/12	Regular Curves	prop:vii12-coordinate-velocity	books/vol07_differential_geometry/chapters/ch12_regular_curves/chapter.tex
Correspondence theorem	theorem	V	V/01	Rings, Ideals and Quotients	thm:v01-02	books/vol05_commutative_algebra/chapters/ch01_rings_ideals_and_quotients/chapter.tex
Cotangent space	definition	VII	VII/05	Cotangent Spaces	def:vii05-cotangent-space	books/vol07_differential_geometry/chapters/ch05_cotangent_spaces/chapter.tex
Cotangent space and embedding dimension	definition	VI	VI/32	Tangent Spaces and Local Geometry	def:vi32-embed-dim	books/vol06_algebraic_geometry/chapters/ch32_tangent_spaces_and_local_geometry/chapter.tex
Cotangent stiffness formula	theorem	VII	VII/41	Discrete Laplacians	thm:vii41-cotan	books/vol07_differential_geometry/chapters/ch41_discrete_laplacians/chapter.tex
Countable atlas	proposition	VII	VII/01	Topological Manifolds	prop:vii01-countable-atlas	books/vol07_differential_geometry/chapters/ch01_topological_manifolds/chapter.tex
Countable subadditivity	theorem	III	III/01	Sigma-Algebras and Measures	thm:iii01-03	books/vol03_fourier_distributions_pde/chapters/ch01_sigma_algebras_and_measures/chapter.tex
Covariant derivative along a curve	definition	VII	VII/21	Connections	def:vii21-along-curve	books/vol07_differential_geometry/chapters/ch21_connections/chapter.tex
Cover criterion	theorem	VI	VI/08	Basic Open Sets D(f)	UNLABELLED	books/vol06_algebraic_geometry/chapters/ch08_basic_open_sets/chapter.tex
Cover-length vanishing bound	corollary	VI	VI/49	Basic Vanishing Results	cor:vi49-cover-length	books/vol06_algebraic_geometry/chapters/ch49_basic_vanishing_results/chapter.tex
Covering map	definition	VII	VII/01	Topological Manifolds	def:vii01-covering	books/vol07_differential_geometry/chapters/ch01_topological_manifolds/chapter.tex
Covering map	definition	VIII	VIII/10	Covering Spaces	def:viii10-covering-map	books/vol08_algebraic_topology/chapters/ch10_covering_spaces/chapter.tex
Coverings are local homeomorphisms	proposition	VIII	VIII/10	Covering Spaces	prop:viii10-local-homeomorphism	books/vol08_algebraic_topology/chapters/ch10_covering_spaces/chapter.tex
Coverings inject on \(\pi_1\)	theorem	VIII	VIII/11	Lifting Properties	thm:viii11-pi1-injective	books/vol08_algebraic_topology/chapters/ch11_lifting_properties/chapter.tex
Cremona action on the Picard lattice	theorem	VI	VI/45	Blow-Ups	thm:vi45-cremona-picard-action	books/vol06_algebraic_geometry/chapters/ch45_blow_ups/chapter.tex
Cremona transformation	definition	VI	VI/44	Cremona Transformations	def:vi44-cremona	books/vol06_algebraic_geometry/chapters/ch44_cremona_transformations/chapter.tex
Criterion	proposition	VII	VII/30	Riemannian versus Lorentzian Geometry	prop:vii30-time-orientable	books/vol07_differential_geometry/chapters/ch30_riemannian_versus_lorentzian_geometry/chapter.tex
Critical and regular points	definition	VII	VII/05	Cotangent Spaces	def:vii05-critical	books/vol07_differential_geometry/chapters/ch05_cotangent_spaces/chapter.tex
Critical-point criterion	theorem	IV	IV/24	Branched Coverings	thm:iv24-02	books/vol04_complex_analysis/chapters/ch24_branched_coverings/chapter.tex
Cross ratio	definition	VII	VII/33	Möbius Transformations and PSL(2,R)	def:vii33-cross-ratio	books/vol07_differential_geometry/chapters/ch33_m_bius_transformations_and_psl_2_r/chapter.tex
Cross-product criterion	proposition	VII	VII/14	Regular Surfaces	prop:vii14-cross-criterion	books/vol07_differential_geometry/chapters/ch14_regular_surfaces/chapter.tex
Cross-ratio invariance	theorem	IV	IV/16	Möbius Transformations	thm:iv16-02	books/vol04_complex_analysis/chapters/ch16_m_bius_transformations/chapter.tex
Cross-ratio invariance	theorem	VII	VII/33	Möbius Transformations and PSL(2,R)	thm:vii33-cross-invariance	books/vol07_differential_geometry/chapters/ch33_m_bius_transformations_and_psl_2_r/chapter.tex
Cubic group law	definition	VI	VI/43	Plane Cubics	def:vi43-group-law	books/vol06_algebraic_geometry/chapters/ch43_plane_cubics/chapter.tex
Cubic transform bookkeeping	proposition	VI	VI/44	Cremona Transformations	prop:vi44-cubic-transform	books/vol06_algebraic_geometry/chapters/ch44_cremona_transformations/chapter.tex
Cup product	definition	VIII	VIII/29	Cup Products	def:viii29-cup	books/vol08_algebraic_topology/chapters/ch29_cup_products/chapter.tex
Curl theorem	corollary	VII	VII/11	Stokes' Theorem	cor:vii11-curl	books/vol07_differential_geometry/chapters/ch11_stokes_theorem/chapter.tex
Curvature	definition	VII	VII/13	Frenet Frames, Curvature and Torsion	def:vii13-curvature	books/vol07_differential_geometry/chapters/ch13_frenet_frames_curvature_and_torsion/chapter.tex
Curvature formulas	theorem	VII	VII/17	Principal, Gaussian and Mean Curvature	thm:vii17-formulas	books/vol07_differential_geometry/chapters/ch17_principal_gaussian_and_mean_curvature/chapter.tex
Curvature operator	definition	VII	VII/26	The Riemann Curvature Tensor	def:vii26-curvature-operator	books/vol07_differential_geometry/chapters/ch26_the_riemann_curvature_tensor/chapter.tex
Curvature survives normal coordinates	proposition	VII	VII/26	The Riemann Curvature Tensor	prop:vii26-normal	books/vol07_differential_geometry/chapters/ch26_the_riemann_curvature_tensor/chapter.tex
Curvature tensor of a space form	theorem	VII	VII/26	The Riemann Curvature Tensor	thm:vii26-space-form-r	books/vol07_differential_geometry/chapters/ch26_the_riemann_curvature_tensor/chapter.tex
Curve characterization	theorem	VII	VII/06	Submanifolds and Products	thm:vii06-curve-tangent	books/vol07_differential_geometry/chapters/ch06_submanifolds_and_products/chapter.tex
Curve characterization	theorem	VII	VII/14	Regular Surfaces	thm:vii14-curve-tangent	books/vol07_differential_geometry/chapters/ch14_regular_surfaces/chapter.tex
Curve realization	theorem	VII	VII/04	Tangent Spaces	thm:vii04-curve-realization	books/vol07_differential_geometry/chapters/ch04_tangent_spaces/chapter.tex
Cusp	definition	VII	VII/35	Fuchsian Groups	def:vii35-cusp	books/vol07_differential_geometry/chapters/ch35_fuchsian_groups/chapter.tex
Cut locus, computational viewpoint	definition	VII	VII/38	Discrete Geodesic Problems	def:vii38-cut	books/vol07_differential_geometry/chapters/ch38_discrete_geodesic_problems/chapter.tex
CW complex	definition	VIII	VIII/06	CW Complexes	def:viii06-cw	books/vol08_algebraic_topology/chapters/ch06_cw_complexes/chapter.tex
CW pair	definition	VIII	VIII/06	CW Complexes	def:viii06-pair	books/vol08_algebraic_topology/chapters/ch06_cw_complexes/chapter.tex
CW quotient	proposition	VIII	VIII/06	CW Complexes	prop:viii06-quotient	books/vol08_algebraic_topology/chapters/ch06_cw_complexes/chapter.tex
CW subcomplex inclusion	theorem	VIII	VIII/08	Homotopic Attaching Maps	thm:viii08-cw-cofibration	books/vol08_algebraic_topology/chapters/ch08_homotopic_attaching_maps/chapter.tex
Cycles and boundaries	definition	VIII	VIII/16	Chain Complexes	def:viii16-cycles-boundaries	books/vol08_algebraic_topology/chapters/ch16_chain_complexes/chapter.tex
Cyclic trace identity	theorem	I	I/08	Determinants and Trace	thm:i08-02	books/vol01_linear_algebra/chapters/ch08_determinants_and_trace/chapter.tex
Cylinder retract	proposition	VIII	VIII/07	Mapping Cones	prop:viii07-cylinder-retract	books/vol08_algebraic_topology/chapters/ch07_mapping_cones/chapter.tex
Cylinders	proposition	VII	VII/18	Ruled and Developable Surfaces	prop:vii18-cyl-developable	books/vol07_differential_geometry/chapters/ch18_ruled_and_developable_surfaces/chapter.tex
Darboux criterion	theorem	II	II/10	Riemann Integration	thm:ii10-01	books/vol02_real_analysis/chapters/ch10_riemann_integration/chapter.tex
Deck group of \(z^n\)	theorem	VIII	VIII/12	Deck Transformations and Group Actions	thm:viii12-power-deck	books/vol08_algebraic_topology/chapters/ch12_deck_transformations_and_group_actions/chapter.tex
Deck group of a regular cover	theorem	VIII	VIII/12	Deck Transformations and Group Actions	thm:viii12-quotient	books/vol08_algebraic_topology/chapters/ch12_deck_transformations_and_group_actions/chapter.tex
Deck group of the circle cover	theorem	VIII	VIII/12	Deck Transformations and Group Actions	thm:viii12-circle-deck	books/vol08_algebraic_topology/chapters/ch12_deck_transformations_and_group_actions/chapter.tex
Deck transformation	definition	VIII	VIII/12	Deck Transformations and Group Actions	def:viii12-deck	books/vol08_algebraic_topology/chapters/ch12_deck_transformations_and_group_actions/chapter.tex
Defined pullback	definition	VI	VI/40	Cartier Divisors	def:vi40-pullback-defined	books/vol06_algebraic_geometry/chapters/ch40_cartier_divisors/chapter.tex
Deformation retract	definition	VIII	VIII/02	Homotopy Equivalence and Contractibility	def:viii02-deformation-retract	books/vol08_algebraic_topology/chapters/ch02_homotopy_equivalence_and_contractibility/chapter.tex
Deformation retract	corollary	VIII	VIII/20	Homotopy Invariance	cor:viii20-deformation-retract	books/vol08_algebraic_topology/chapters/ch20_homotopy_invariance/chapter.tex
Deformation retracts preserve homotopy type	theorem	VIII	VIII/02	Homotopy Equivalence and Contractibility	thm:viii02-dr-equivalence	books/vol08_algebraic_topology/chapters/ch02_homotopy_equivalence_and_contractibility/chapter.tex
Degree and \(\pi_1(S^1)\)	proposition	VIII	VIII/09	Paths and Fundamental Groups	prop:viii09-degree	books/vol08_algebraic_topology/chapters/ch09_paths_and_fundamental_groups/chapter.tex
Degree and multiplicity transformation	proposition	VI	VI/45	Blow-Ups	prop:vi45-degree-multiplicity-action	books/vol06_algebraic_geometry/chapters/ch45_blow_ups/chapter.tex
Degree determines two-cell attachment type	corollary	VIII	VIII/08	Homotopic Attaching Maps	cor:viii08-degree	books/vol08_algebraic_topology/chapters/ch08_homotopic_attaching_maps/chapter.tex
Degree drop records exceptional geometry	proposition	VI	VI/44	Cremona Transformations	prop:vi44-cancellation	books/vol06_algebraic_geometry/chapters/ch44_cremona_transformations/chapter.tex
Degree for a smooth map	definition	VIII	VIII/03	Degree of Maps	def:viii03-degree	books/vol08_algebraic_topology/chapters/ch03_degree_of_maps/chapter.tex
Degree of a composite	theorem	VIII	VIII/03	Degree of Maps	thm:viii03-multiplicative	books/vol08_algebraic_topology/chapters/ch03_degree_of_maps/chapter.tex
Degree of a homotopy equivalence	corollary	VIII	VIII/03	Degree of Maps	cor:viii03-equivalence	books/vol08_algebraic_topology/chapters/ch03_degree_of_maps/chapter.tex
Degree of the antipodal map	theorem	VIII	VIII/03	Degree of Maps	thm:viii03-antipodal	books/vol08_algebraic_topology/chapters/ch03_degree_of_maps/chapter.tex
Degree on a proper curve	definition	VI	VI/39	Weil Divisors	def:vi39-curve-degree	books/vol06_algebraic_geometry/chapters/ch39_weil_divisors/chapter.tex
Degree transform under the standard quadratic map	theorem	VI	VI/44	Cremona Transformations	thm:vi44-degree-transform	books/vol06_algebraic_geometry/chapters/ch44_cremona_transformations/chapter.tex
Degree zero is global sections	proposition	VI	VI/47	Čech Cohomology	prop:vi47-h0	books/vol06_algebraic_geometry/chapters/ch47_ech_cohomology/chapter.tex
Degree-one rigidity on a smooth cubic	theorem	VI	VI/43	Plane Cubics	thm:vi43-degree-one-rigidity	books/vol06_algebraic_geometry/chapters/ch43_plane_cubics/chapter.tex
Degree-two map to the sphere	theorem	IV	IV/29	The Weierstrass ℘-Function	thm:iv29-04	books/vol04_complex_analysis/chapters/ch29_the_weierstrass_function/chapter.tex
Degree-zero calculation for $\mathcal O(n)$	theorem	VI	VI/47	Čech Cohomology	thm:vi47-on-h0	books/vol06_algebraic_geometry/chapters/ch47_ech_cohomology/chapter.tex
Degree-zero homogeneous localization	definition	VI	VI/34	Proj	UNLABELLED	books/vol06_algebraic_geometry/chapters/ch34_graded_rings/chapter.tex
Degree-zero Picard group	definition	VI	VI/42	Line Bundles and Picard Groups	def:vi42-pic-zero	books/vol06_algebraic_geometry/chapters/ch42_line_bundles_and_picard_groups/chapter.tex
Delaunay positivity of cotangent edge weights	theorem	VII	VII/41	Discrete Laplacians	thm:vii41-delaunay	books/vol07_differential_geometry/chapters/ch41_discrete_laplacians/chapter.tex
Density consequence	theorem	II	II/21	Polynomial Approximation	thm:ii21-03	books/vol02_real_analysis/chapters/ch21_polynomial_approximation/chapter.tex
Density criterion	corollary	VI	VI/02	The Zariski Topology	cor:vi02-density	books/vol06_algebraic_geometry/chapters/ch02_zariski_topology/chapter.tex
Density of $C_c^\infty$ in $L^p$	theorem	III	III/22	Approximation and Density	thm:iii22-03	books/vol03_fourier_distributions_pde/chapters/ch22_approximation_and_density/chapter.tex
Density of loxodromic fixed points	theorem	VII	VII/37	Kleinian Groups and Boundary Geometry	thm:vii37-lox-density	books/vol07_differential_geometry/chapters/ch37_kleinian_groups_and_boundary_geometry/chapter.tex
Dependence lemma	theorem	I	I/02	Subspaces, Span and Linear Independence	thm:i02-02	books/vol01_linear_algebra/chapters/ch02_subspaces_span_and_linear_independence/chapter.tex
Dependence only on direction	proposition	VII	VII/15	First and Second Fundamental Forms	prop:vii15-direction	books/vol07_differential_geometry/chapters/ch15_first_and_second_fundamental_forms/chapter.tex
Derivation at a point	definition	VII	VII/04	Tangent Spaces	def:vii04-derivation	books/vol07_differential_geometry/chapters/ch04_tangent_spaces/chapter.tex
Derivative at the origin	proposition	VII	VII/23	Geodesics	prop:vii23-exp-derivative	books/vol07_differential_geometry/chapters/ch23_geodesics/chapter.tex
Derivative commutation	theorem	III	III/22	Approximation and Density	thm:iii22-02	books/vol03_fourier_distributions_pde/chapters/ch22_approximation_and_density/chapter.tex
Derivative jump in one dimension	theorem	III	III/25	Green Functions	thm:iii25-03	books/vol03_fourier_distributions_pde/chapters/ch25_green_functions/chapter.tex
Derivative limit theorem	theorem	II	II/12	Interchanging Limits, Derivatives and Integrals	thm:ii12-02	books/vol02_real_analysis/chapters/ch12_interchanging_limits_derivatives_and_integrals/chapter.tex
Derivative of Heaviside	theorem	III	III/16	Distributions and Distributional Derivatives	thm:iii16-02	books/vol03_fourier_distributions_pde/chapters/ch16_distributions_and_distributional_derivatives/chapter.tex
Derivative of inverse	theorem	II	II/09	Inverse and Implicit Function Principles	thm:ii09-02	books/vol02_real_analysis/chapters/ch09_inverse_and_implicit_function_principles/chapter.tex
Derivative rule	theorem	III	III/19	Fourier Transform of Distributions	thm:iii19-02	books/vol03_fourier_distributions_pde/chapters/ch19_fourier_transform_of_distributions/chapter.tex
Derivatives preserve temperedness	theorem	III	III/18	Tempered Distributions	thm:iii18-02	books/vol03_fourier_distributions_pde/chapters/ch18_tempered_distributions/chapter.tex
Derived functors produce long exact sequences	theorem	V	V/28	Derived-Functor Viewpoint	thm:v28-03	books/vol05_commutative_algebra/chapters/ch28_derived_functor_viewpoint/chapter.tex
Developable implies zero Gaussian curvature	theorem	VII	VII/18	Ruled and Developable Surfaces	thm:vii18-kzero	books/vol07_differential_geometry/chapters/ch18_ruled_and_developable_surfaces/chapter.tex
Developable ruled surface	definition	VII	VII/18	Ruled and Developable Surfaces	def:vii18-developable	books/vol07_differential_geometry/chapters/ch18_ruled_and_developable_surfaces/chapter.tex
Diagonal	proposition	VII	VII/06	Submanifolds and Products	prop:vii06-diagonal	books/vol07_differential_geometry/chapters/ch06_submanifolds_and_products/chapter.tex
Diffeomorphism	definition	VII	VII/03	Smooth Maps and Diffeomorphisms	def:vii03-diffeomorphism	books/vol07_differential_geometry/chapters/ch03_smooth_maps_and_diffeomorphisms/chapter.tex
Diffeomorphisms	corollary	VII	VII/04	Tangent Spaces	cor:vii04-diffeomorphism	books/vol07_differential_geometry/chapters/ch04_tangent_spaces/chapter.tex
Differentiability implies continuity	theorem	II	II/08	Differentiability in Several Variables	thm:ii08-01	books/vol02_real_analysis/chapters/ch08_differentiability_in_several_variables/chapter.tex
Differential of a function	definition	VII	VII/05	Cotangent Spaces	def:vii05-df	books/vol07_differential_geometry/chapters/ch05_cotangent_spaces/chapter.tex
Differential of a product map	corollary	VII	VII/06	Submanifolds and Products	cor:vii06-product-map	books/vol07_differential_geometry/chapters/ch06_submanifolds_and_products/chapter.tex
Differential or pushforward	definition	VII	VII/04	Tangent Spaces	def:vii04-differential	books/vol07_differential_geometry/chapters/ch04_tangent_spaces/chapter.tex
Differentiation in exponent	theorem	IV	IV/21	Keyhole Contours and Branch-Cut Integrals	thm:iv21-03	books/vol04_complex_analysis/chapters/ch21_keyhole_contours_and_branch_cut_integrals/chapter.tex
Dijkstra correctness	theorem	VII	VII/39	Graph and Exact Mesh Geodesics	thm:vii39-dijkstra	books/vol07_differential_geometry/chapters/ch39_graph_and_exact_mesh_geodesics/chapter.tex
Dimension	proposition	VII	VII/05	Cotangent Spaces	prop:vii05-dimension	books/vol07_differential_geometry/chapters/ch05_cotangent_spaces/chapter.tex
Dimension	proposition	VII	VII/09	Differential Forms	prop:vii09-dim	books/vol07_differential_geometry/chapters/ch09_differential_forms/chapter.tex
Dimension	definition	VIII	VIII/06	CW Complexes	def:viii06-dimension	books/vol08_algebraic_topology/chapters/ch06_cw_complexes/chapter.tex
Dimension	definition	VIII	VIII/15	Simplicial Complexes	def:viii15-simplex-dim	books/vol08_algebraic_topology/chapters/ch15_simplicial_complexes/chapter.tex
Dimension criterion	theorem	I	I/11	Diagonalization and Minimal Polynomials	thm:i11-01	books/vol01_linear_algebra/chapters/ch11_diagonalization_and_minimal_polynomials/chapter.tex
Dimension formula for sums	theorem	I	I/03	Bases and Dimension	thm:i03-02	books/vol01_linear_algebra/chapters/ch03_bases_and_dimension/chapter.tex
Dimension from irreducible components	proposition	VI	VI/30	Dimension of Schemes	prop:vi30-components-max	books/vol06_algebraic_geometry/chapters/ch30_dimension_of_schemes/chapter.tex
Dimension ignores nilpotents	proposition	VI	VI/29	Krull Dimension	prop:vi29-reduction-dimension	books/vol06_algebraic_geometry/chapters/ch29_krull_dimension/chapter.tex
Dimension is locally constant	proposition	VII	VII/01	Topological Manifolds	prop:vii01-dimension-local	books/vol07_differential_geometry/chapters/ch01_topological_manifolds/chapter.tex
Dimension of a product	proposition	VI	VI/29	Krull Dimension	prop:vi29-product-dimension	books/vol06_algebraic_geometry/chapters/ch29_krull_dimension/chapter.tex
Dimension of a projective hypersurface	theorem	VI	VI/37	Projective Morphisms and Closed Embeddings	thm:vi37-hypersurface-dim	books/vol06_algebraic_geometry/chapters/ch37_projective_schemes/chapter.tex
Dimension of a quotient	proposition	VI	VI/29	Krull Dimension	prop:vi29-quotient-dimension	books/vol06_algebraic_geometry/chapters/ch29_krull_dimension/chapter.tex
Dimension of a scheme	definition	VI	VI/30	Dimension of Schemes	def:vi30-scheme-dimension	books/vol06_algebraic_geometry/chapters/ch30_dimension_of_schemes/chapter.tex
Dimension of projective space	theorem	VI	VI/36	Projective Schemes	thm:vi36-dimension	books/vol06_algebraic_geometry/chapters/ch36_projective_space/chapter.tex
Dimension of the annihilator	theorem	VII	VII/05	Cotangent Spaces	thm:vii05-annihilator-dimension	books/vol07_differential_geometry/chapters/ch05_cotangent_spaces/chapter.tex
Dimension of the total space	proposition	VII	VII/07	Vector Bundles	prop:vii07-total-dim	books/vol07_differential_geometry/chapters/ch07_vector_bundles/chapter.tex
Dimension pattern	corollary	VI	VI/47	Čech Cohomology	cor:vi47-on-dimensions	books/vol06_algebraic_geometry/chapters/ch47_ech_cohomology/chapter.tex
Dimension shifting	proposition	VI	VI/49	Basic Vanishing Results	prop:vi49-dimension-shift	books/vol06_algebraic_geometry/chapters/ch49_basic_vanishing_results/chapter.tex
Dimension shifting for Tor	theorem	V	V/24	Syzygies	thm:v24-03	books/vol05_commutative_algebra/chapters/ch24_syzygies/chapter.tex
Dimension shifting with a flabby sheaf	proposition	VI	VI/48	Exact Sequences and Cohomology	prop:vi48-dimension-shift	books/vol06_algebraic_geometry/chapters/ch48_exact_sequences_and_cohomology/chapter.tex
Dimension three preview	proposition	VII	VII/27	Ricci and Scalar Curvature	prop:vii27-dim3	books/vol07_differential_geometry/chapters/ch27_ricci_and_scalar_curvature/chapter.tex
Dimension two	proposition	VII	VII/27	Ricci and Scalar Curvature	prop:vii27-dim2	books/vol07_differential_geometry/chapters/ch27_ricci_and_scalar_curvature/chapter.tex
Dimension under integral extensions	theorem	VI	VI/29	Krull Dimension	thm:vi29-integral-dimension	books/vol06_algebraic_geometry/chapters/ch29_krull_dimension/chapter.tex
Dimension--codimension additivity for varieties	theorem	VI	VI/31	Codimension	thm:vi31-additivity	books/vol06_algebraic_geometry/chapters/ch31_codimension/chapter.tex
Dimension--transcendence-degree theorem	theorem	VI	VI/30	Dimension of Schemes	thm:vi30-trdeg	books/vol06_algebraic_geometry/chapters/ch30_dimension_of_schemes/chapter.tex
Dimensions two and three	theorem	VII	VII/28	Weyl Curvature	thm:vii28-lowdim	books/vol07_differential_geometry/chapters/ch28_weyl_curvature/chapter.tex
Dini-type principle	theorem	II	II/11	Pointwise and Uniform Convergence	thm:ii11-03	books/vol02_real_analysis/chapters/ch11_pointwise_and_uniform_convergence/chapter.tex
Dirac derivatives	theorem	III	III/17	Support and Singular Distributions	thm:iii17-02	books/vol03_fourier_distributions_pde/chapters/ch17_support_and_singular_distributions/chapter.tex
Direct image presheaf	definition	VI	VI/12	Presheaves	UNLABELLED	books/vol06_algebraic_geometry/chapters/ch12_presheaves/chapter.tex
Direct images preserve flabbiness	proposition	VI	VI/46	Flabby Sheaves	prop:vi46-pushforward	books/vol06_algebraic_geometry/chapters/ch46_flabby_sheaves/chapter.tex
Direct sum and dual	proposition	VII	VII/07	Vector Bundles	prop:vii07-direct-dual	books/vol07_differential_geometry/chapters/ch07_vector_bundles/chapter.tex
Dirichlet convergence principle	theorem	III	III/09	Fourier Series	thm:iii09-03	books/vol03_fourier_distributions_pde/chapters/ch09_fourier_series/chapter.tex
Dirichlet domain	definition	VII	VII/35	Fuchsian Groups	def:vii35-dirichlet	books/vol07_differential_geometry/chapters/ch35_fuchsian_groups/chapter.tex
Dirichlet energy	definition	VII	VII/41	Discrete Laplacians	def:vii41-dirichlet	books/vol07_differential_geometry/chapters/ch41_discrete_laplacians/chapter.tex
Dirichlet midpoint principle \proofstatus{proof sketch}	theorem	II	II/14	Trigonometric Series	thm:ii14-03	books/vol02_real_analysis/chapters/ch14_trigonometric_series/chapter.tex
Dirichlet uniqueness	theorem	III	III/27	Elliptic Operators and Maximum Principles	thm:iii27-03	books/vol03_fourier_distributions_pde/chapters/ch27_elliptic_operators_and_maximum_principles/chapter.tex
Discrete-space classification	theorem	VI	VI/13	Sheaves and Stalks	UNLABELLED	books/vol06_algebraic_geometry/chapters/ch13_sheaves_stalks/chapter.tex
Discriminant	proposition	VII	VII/34	Hyperbolic Isometries	prop:vii34-discriminant	books/vol07_differential_geometry/chapters/ch34_hyperbolic_isometries/chapter.tex
Disk automorphism form	proposition	VII	VII/33	Möbius Transformations and PSL(2,R)	prop:vii33-disk-auto	books/vol07_differential_geometry/chapters/ch33_m_bius_transformations_and_psl_2_r/chapter.tex
Disk geodesic shapes	theorem	VII	VII/31	Hyperbolic Plane Models	thm:vii31-disk-geodesics	books/vol07_differential_geometry/chapters/ch31_hyperbolic_plane_models/chapter.tex
Disk model	definition	VII	VII/31	Hyperbolic Plane Models	def:vii31-disk	books/vol07_differential_geometry/chapters/ch31_hyperbolic_plane_models/chapter.tex
Disk--half-plane equivalence	theorem	VII	VII/31	Hyperbolic Plane Models	thm:vii31-cayley	books/vol07_differential_geometry/chapters/ch31_hyperbolic_plane_models/chapter.tex
Distance formula	theorem	VII	VII/36	Hyperbolic Three-Space and PSL(2,C)	thm:vii36-distance	books/vol07_differential_geometry/chapters/ch36_hyperbolic_three_space_and_psl_2_c/chapter.tex
Distance in the disk	theorem	VII	VII/32	The Poincaré Metric	thm:vii32-disk-distance	books/vol07_differential_geometry/chapters/ch32_the_poincar_metric/chapter.tex
Distance in the upper half-plane	theorem	VII	VII/32	The Poincaré Metric	thm:vii32-distance	books/vol07_differential_geometry/chapters/ch32_the_poincar_metric/chapter.tex
Distance normalization	definition	VII	VII/40	The Heat Method	def:vii40-gauge	books/vol07_differential_geometry/chapters/ch40_the_heat_method/chapter.tex
Distinct eigenvalues give independence	theorem	I	I/09	Eigenvalues and Eigenvectors	thm:i09-01	books/vol01_linear_algebra/chapters/ch09_eigenvalues_and_eigenvectors/chapter.tex
Divergence theorem	corollary	VII	VII/11	Stokes' Theorem	cor:vii11-divergence	books/vol07_differential_geometry/chapters/ch11_stokes_theorem/chapter.tex
Divergence-free identity	theorem	VII	VII/27	Ricci and Scalar Curvature	thm:vii27-divfree	books/vol07_differential_geometry/chapters/ch27_ricci_and_scalar_curvature/chapter.tex
Divisor class group	definition	VI	VI/41	Divisor Class Groups	def:vi41-class-group	books/vol06_algebraic_geometry/chapters/ch41_divisor_class_groups/chapter.tex
Divisor of the canonical rational section	proposition	VI	VI/40	Cartier Divisors	prop:vi40-canonical-section	books/vol06_algebraic_geometry/chapters/ch40_cartier_divisors/chapter.tex
Domain and base points of the standard map	proposition	VI	VI/44	Cremona Transformations	prop:vi44-sigma-domain	books/vol06_algebraic_geometry/chapters/ch44_cremona_transformations/chapter.tex
Domain of discontinuity	definition	VII	VII/37	Kleinian Groups and Boundary Geometry	def:vii37-domain	books/vol07_differential_geometry/chapters/ch37_kleinian_groups_and_boundary_geometry/chapter.tex
Dominated convergence theorem	theorem	III	III/04	Convergence Theorems	thm:iii04-03	books/vol03_fourier_distributions_pde/chapters/ch04_convergence_theorems/chapter.tex
Double cover	theorem	VIII	VIII/13	SU(2) to SO(3)	thm:viii13-double-cover	books/vol08_algebraic_topology/chapters/ch13_su2_to_so3/chapter.tex
Dual coordinate basis	theorem	VII	VII/05	Cotangent Spaces	thm:vii05-dual-basis	books/vol07_differential_geometry/chapters/ch05_cotangent_spaces/chapter.tex
Duplication formula	theorem	IV	IV/30	Addition Formulas	thm:iv30-02	books/vol04_complex_analysis/chapters/ch30_addition_formulas/chapter.tex
Eckart--Young--Mirsky theorem	theorem	I	I/18	Singular-Value Decomposition	thm:i18-03	books/vol01_linear_algebra/chapters/ch18_singular_value_decomposition/chapter.tex
Edge-energy form	proposition	VII	VII/41	Discrete Laplacians	prop:vii41-edge-energy	books/vol07_differential_geometry/chapters/ch41_discrete_laplacians/chapter.tex
Edge-graph distance	definition	VII	VII/38	Discrete Geodesic Problems	def:vii38-graphdist	books/vol07_differential_geometry/chapters/ch38_discrete_geodesic_problems/chapter.tex
Effect on lengths and volume	proposition	VII	VII/20	Riemannian Metrics	prop:vii20-conformal-scaling	books/vol07_differential_geometry/chapters/ch20_riemannian_metrics/chapter.tex
Effective Cartier divisor	definition	VI	VI/40	Cartier Divisors	def:vi40-effective	books/vol06_algebraic_geometry/chapters/ch40_cartier_divisors/chapter.tex
Egorov theorem	theorem	III	III/08	Egorov, Vitali and Weak-Lp Ideas	thm:iii08-01	books/vol03_fourier_distributions_pde/chapters/ch08_egorov_vitali_and_weak_lp_ideas/chapter.tex
Einstein metric	definition	VII	VII/27	Ricci and Scalar Curvature	def:vii27-einstein	books/vol07_differential_geometry/chapters/ch27_ricci_and_scalar_curvature/chapter.tex
Einstein simplification	proposition	VII	VII/28	Weyl Curvature	prop:vii28-einstein	books/vol07_differential_geometry/chapters/ch28_weyl_curvature/chapter.tex
Einstein tensor	definition	VII	VII/27	Ricci and Scalar Curvature	def:vii27-einstein-tensor	books/vol07_differential_geometry/chapters/ch27_ricci_and_scalar_curvature/chapter.tex
Elementary isometries	proposition	VII	VII/33	Möbius Transformations and PSL(2,R)	prop:vii33-generators	books/vol07_differential_geometry/chapters/ch33_m_bius_transformations_and_psl_2_r/chapter.tex
Elementary Kleinian group	definition	VII	VII/37	Kleinian Groups and Boundary Geometry	def:vii37-elementary	books/vol07_differential_geometry/chapters/ch37_kleinian_groups_and_boundary_geometry/chapter.tex
Elliptic differential equation	theorem	IV	IV/29	The Weierstrass ℘-Function	thm:iv29-02	books/vol04_complex_analysis/chapters/ch29_the_weierstrass_function/chapter.tex
Elliptic fixed point	theorem	VII	VII/34	Hyperbolic Isometries	thm:vii34-elliptic	books/vol07_differential_geometry/chapters/ch34_hyperbolic_isometries/chapter.tex
Elliptic, hyperbolic, parabolic, planar	definition	VII	VII/17	Principal, Gaussian and Mean Curvature	def:vii17-point-types	books/vol07_differential_geometry/chapters/ch17_principal_gaussian_and_mean_curvature/chapter.tex
Embedded submanifold	definition	VII	VII/06	Submanifolds and Products	def:vii06-embedded	books/vol07_differential_geometry/chapters/ch06_submanifolds_and_products/chapter.tex
Embedding	definition	VII	VII/06	Submanifolds and Products	def:vii06-embedding	books/vol07_differential_geometry/chapters/ch06_submanifolds_and_products/chapter.tex
Empty projective scheme criterion	proposition	VI	VI/37	Projective Morphisms and Closed Embeddings	prop:vi37-empty	books/vol06_algebraic_geometry/chapters/ch37_projective_schemes/chapter.tex
Energy	definition	VII	VII/23	Geodesics	def:vii23-energy	books/vol07_differential_geometry/chapters/ch23_geodesics/chapter.tex
Energy uniqueness	theorem	III	III/23	Weak Boundary-Value Problems	thm:iii23-02	books/vol03_fourier_distributions_pde/chapters/ch23_weak_boundary_value_problems/chapter.tex
Energy--length inequality	proposition	VII	VII/23	Geodesics	prop:vii23-energy-length	books/vol07_differential_geometry/chapters/ch23_geodesics/chapter.tex
Equal zero and pole count	theorem	IV	IV/28	Elliptic Functions	thm:iv28-02	books/vol04_complex_analysis/chapters/ch28_elliptic_functions/chapter.tex
Equality criterion	corollary	VI	VI/08	Basic Open Sets D(f)	UNLABELLED	books/vol06_algebraic_geometry/chapters/ch08_basic_open_sets/chapter.tex
Equality in a stalk	proposition	VI	VI/13	Sheaves and Stalks	UNLABELLED	books/vol06_algebraic_geometry/chapters/ch13_sheaves_stalks/chapter.tex
Equalizer criterion	proposition	VI	VI/13	Sheaves and Stalks	UNLABELLED	books/vol06_algebraic_geometry/chapters/ch13_sheaves_stalks/chapter.tex
Equation test for the target	proposition	VI	VI/04	Morphisms of Affine Algebraic Sets	prop:vi04-target-test	books/vol06_algebraic_geometry/chapters/ch04_morphisms_affine_algebraic_sets/chapter.tex
Equivalence relation	theorem	VIII	VIII/01	Homotopies of Maps	thm:viii01-equivalence	books/vol08_algebraic_topology/chapters/ch01_homotopies_of_maps/chapter.tex
Equivalent atlases	definition	VII	VII/02	Smooth Structures and Atlases	def:vii02-equivalent-atlases	books/vol07_differential_geometry/chapters/ch02_smooth_structures_and_atlases/chapter.tex
Equivalent curve model	corollary	VII	VII/04	Tangent Spaces	cor:vii04-curve-model	books/vol07_differential_geometry/chapters/ch04_tangent_spaces/chapter.tex
Equivalent no-odd-map form	theorem	VIII	VIII/04	Spheres and Antipodal Maps	thm:viii04-no-odd-lower	books/vol08_algebraic_topology/chapters/ch04_spheres_and_antipodal_maps/chapter.tex
Equivariant maps are determined fiberwise	proposition	VII	VII/08	Principal and Frame Bundles	prop:vii08-equivariant-determined	books/vol07_differential_geometry/chapters/ch08_principal_and_frame_bundles/chapter.tex
Euclidean appearance of hyperbolic circles	proposition	VII	VII/32	The Poincaré Metric	prop:vii32-circles	books/vol07_differential_geometry/chapters/ch32_the_poincar_metric/chapter.tex
Euclidean dimension obstruction	theorem	VII	VII/03	Smooth Maps and Diffeomorphisms	thm:vii03-dimension	books/vol07_differential_geometry/chapters/ch03_smooth_maps_and_diffeomorphisms/chapter.tex
Euclidean invariance	proposition	VII	VII/13	Frenet Frames, Curvature and Torsion	prop:vii13-rigid-invariance	books/vol07_differential_geometry/chapters/ch13_frenet_frames_curvature_and_torsion/chapter.tex
Euclidean tangent space	corollary	VII	VII/04	Tangent Spaces	cor:vii04-euclidean	books/vol07_differential_geometry/chapters/ch04_tangent_spaces/chapter.tex
Euclidean triangle inequality	theorem	II	II/02	Euclidean and Normed Spaces	thm:ii02-02	books/vol02_real_analysis/chapters/ch02_euclidean_and_normed_spaces/chapter.tex
Euler characteristic	definition	VIII	VIII/21	Euler Characteristic	def:viii21-euler	books/vol08_algebraic_topology/chapters/ch21_euler_characteristic/chapter.tex
Euler characteristic on $\PP^1$	proposition	VI	VI/49	Basic Vanishing Results	prop:vi49-p1-euler	books/vol06_algebraic_geometry/chapters/ch49_basic_vanishing_results/chapter.tex
Euler class	definition	VIII	VIII/32	Sphere Bundles and Euler Classes	def:viii32-euler-class	books/vol08_algebraic_topology/chapters/ch32_sphere_bundles_and_euler_classes/chapter.tex
Euler class and Euler characteristic	theorem	VIII	VIII/32	Sphere Bundles and Euler Classes	thm:viii32-euler-characteristic	books/vol08_algebraic_topology/chapters/ch32_sphere_bundles_and_euler_classes/chapter.tex
Euler formula	theorem	VII	VII/17	Principal, Gaussian and Mean Curvature	thm:vii17-euler	books/vol07_differential_geometry/chapters/ch17_principal_gaussian_and_mean_curvature/chapter.tex
Euler inclusion--exclusion	theorem	VIII	VIII/21	Euler Characteristic	thm:viii21-inclusion-exclusion	books/vol08_algebraic_topology/chapters/ch21_euler_characteristic/chapter.tex
Euler--Lagrange equation	theorem	VII	VII/19	Minimal Surfaces	thm:vii19-euler-lagrange	books/vol07_differential_geometry/chapters/ch19_minimal_surfaces/chapter.tex
Euler--Poincare	theorem	VIII	VIII/21	Euler Characteristic	thm:viii21-euler-poincare	books/vol08_algebraic_topology/chapters/ch21_euler_characteristic/chapter.tex
Euler-characteristic additivity	proposition	VI	VI/48	Exact Sequences and Cohomology	prop:vi48-euler-additivity	books/vol06_algebraic_geometry/chapters/ch48_exact_sequences_and_cohomology/chapter.tex
Even-map factorization	proposition	VIII	VIII/04	Spheres and Antipodal Maps	prop:viii04-factor	books/vol08_algebraic_topology/chapters/ch04_spheres_and_antipodal_maps/chapter.tex
Exact forms on cycles	corollary	VII	VII/11	Stokes' Theorem	cor:vii11-exact-cycle	books/vol07_differential_geometry/chapters/ch11_stokes_theorem/chapter.tex
Exact iff acyclic	proposition	VIII	VIII/16	Chain Complexes	prop:viii16-exact-acyclic	books/vol08_algebraic_topology/chapters/ch16_chain_complexes/chapter.tex
Exact implies closed	proposition	VII	VII/09	Differential Forms	prop:vii09-exact-closed	books/vol07_differential_geometry/chapters/ch09_differential_forms/chapter.tex
Exact localization Čech complex	proposition	VI	VI/49	Basic Vanishing Results	prop:vi49-localization-cech	books/vol06_algebraic_geometry/chapters/ch49_basic_vanishing_results/chapter.tex
Exact one-forms along curves	proposition	VII	VII/12	Regular Curves	prop:vii12-exact-line	books/vol07_differential_geometry/chapters/ch12_regular_curves/chapter.tex
Exact-sequence criterion	theorem	V	V/15	Noetherian Rings and Modules	thm:v15-02	books/vol05_commutative_algebra/chapters/ch15_noetherian_rings_and_modules/chapter.tex
Exactness	definition	VIII	VIII/16	Chain Complexes	def:viii16-exact	books/vol08_algebraic_topology/chapters/ch16_chain_complexes/chapter.tex
Exactness at a term	definition	VI	VI/16	Exact Sequences of Sheaves	UNLABELLED	books/vol06_algebraic_geometry/chapters/ch16_exact_sequences_sheaves/chapter.tex
Exactness equals zero homology	theorem	V	V/22	Chain Complexes	thm:v22-02	books/vol05_commutative_algebra/chapters/ch22_chain_complexes/chapter.tex
Exactness of degree-zero localization	proposition	VI	VI/34	Proj	UNLABELLED	books/vol06_algebraic_geometry/chapters/ch34_graded_rings/chapter.tex
Exactness of direct sums	theorem	V	V/09	Modules and Exact Sequences	thm:v09-03	books/vol05_commutative_algebra/chapters/ch09_modules_and_exact_sequences/chapter.tex
Exactness of global sections on affine quasi-coherent sheaves	corollary	VI	VI/33	Graded Rings	UNLABELLED	books/vol06_algebraic_geometry/chapters/ch33_o_x_modules_quasicoherent/chapter.tex
Exactness of localization	theorem	V	V/07	Localization of Modules	thm:v07-02	books/vol05_commutative_algebra/chapters/ch07_localization_of_modules/chapter.tex
Exceptional divisor	definition	VI	VI/45	Blow-Ups	def:vi45-exceptional-divisor	books/vol06_algebraic_geometry/chapters/ch45_blow_ups/chapter.tex
Excision	theorem	VIII	VIII/19	Relative Homology and Exact Sequences	thm:viii19-excision	books/vol08_algebraic_topology/chapters/ch19_relative_homology_and_exact_sequences/chapter.tex
Existence	proposition	VII	VII/17	Principal, Gaussian and Mean Curvature	prop:vii17-asymptotic-existence	books/vol07_differential_geometry/chapters/ch17_principal_gaussian_and_mean_curvature/chapter.tex
Existence	theorem	VII	VII/20	Riemannian Metrics	thm:vii20-existence	books/vol07_differential_geometry/chapters/ch20_riemannian_metrics/chapter.tex
Existence of a finite irreducible decomposition	theorem	VI	VI/05	Irreducibility, Components and Connectedness	thm:vi05-component-existence	books/vol06_algebraic_geometry/chapters/ch05_irreducibility_components/chapter.tex
Existence of bump functions	theorem	III	III/15	Test-Function Spaces	thm:iii15-01	books/vol03_fourier_distributions_pde/chapters/ch15_test_function_spaces/chapter.tex
Existence of fiber products of schemes	theorem	VI	VI/23	Fiber Products	thm:vi23-existence	books/vol06_algebraic_geometry/chapters/ch23_fiber_products/chapter.tex
Existence of flabby resolutions	proposition	VI	VI/46	Flabby Sheaves	prop:vi46-resolution-exists	books/vol06_algebraic_geometry/chapters/ch46_flabby_sheaves/chapter.tex
Existence of free resolutions	theorem	V	V/23	Free Resolutions	thm:v23-01	books/vol05_commutative_algebra/chapters/ch23_free_resolutions/chapter.tex
Exponential covering	theorem	IV	IV/23	Covering Maps and Monodromy	thm:iv23-03	books/vol04_complex_analysis/chapters/ch23_covering_maps_and_monodromy/chapter.tex
Exponential map	definition	VII	VII/23	Geodesics	def:vii23-exp	books/vol07_differential_geometry/chapters/ch23_geodesics/chapter.tex
Ext is a derived Hom functor	theorem	V	V/28	Derived-Functor Viewpoint	thm:v28-02	books/vol05_commutative_algebra/chapters/ch28_derived_functor_viewpoint/chapter.tex
Ext one classifies extensions	theorem	V	V/27	The Ext Functor	thm:v27-03	books/vol05_commutative_algebra/chapters/ch27_the_ext_functor/chapter.tex
Extension across one overlap	lemma	VI	VI/46	Flabby Sheaves	lemma:vi46-two-open-surj	books/vol06_algebraic_geometry/chapters/ch46_flabby_sheaves/chapter.tex
Extension at the origin	theorem	IV	IV/31	Elliptic Curves as Riemann Surfaces	thm:iv31-02	books/vol04_complex_analysis/chapters/ch31_elliptic_curves_as_riemann_surfaces/chapter.tex
Extension from a basis	theorem	I	I/05	Linear Transformations	thm:i05-01	books/vol01_linear_algebra/chapters/ch05_linear_transformations/chapter.tex
Extension theorem	theorem	VII	VII/36	Hyperbolic Three-Space and PSL(2,C)	thm:vii36-extension	books/vol07_differential_geometry/chapters/ch36_hyperbolic_three_space_and_psl_2_c/chapter.tex
Exterior derivative	theorem	VII	VII/09	Differential Forms	thm:vii09-exterior-derivative	books/vol07_differential_geometry/chapters/ch09_differential_forms/chapter.tex
Extremal property	corollary	VII	VII/17	Principal, Gaussian and Mean Curvature	cor:vii17-extremal	books/vol07_differential_geometry/chapters/ch17_principal_gaussian_and_mean_curvature/chapter.tex
Extreme cases	proposition	VI	VI/01	Algebraic Sets	prop:vi01-extremes	books/vol06_algebraic_geometry/chapters/ch01_algebraic_sets/chapter.tex
Extreme-value theorem	theorem	II	II/06	Compactness	thm:ii06-02	books/vol02_real_analysis/chapters/ch06_compactness/chapter.tex
Factorization through a point	proposition	VIII	VIII/01	Homotopies of Maps	prop:viii01-point-factor	books/vol08_algebraic_topology/chapters/ch01_homotopies_of_maps/chapter.tex
Fatou's lemma	theorem	III	III/04	Convergence Theorems	thm:iii04-02	books/vol03_fourier_distributions_pde/chapters/ch04_convergence_theorems/chapter.tex
Fiber	definition	VI	VI/25	Fibers and Geometric Fibers	def:vi25-fiber	books/vol06_algebraic_geometry/chapters/ch25_fibers_geometric_fibers/chapter.tex
Fiber preservation	proposition	VIII	VIII/12	Deck Transformations and Group Actions	prop:viii12-fiber	books/vol08_algebraic_topology/chapters/ch12_deck_transformations_and_group_actions/chapter.tex
Fiber torsor property	proposition	VII	VII/08	Principal and Frame Bundles	prop:vii08-torsor	books/vol07_differential_geometry/chapters/ch08_principal_and_frame_bundles/chapter.tex
Fibers are discrete	proposition	VIII	VIII/10	Covering Spaces	prop:viii10-discrete-fibers	books/vol08_algebraic_topology/chapters/ch10_covering_spaces/chapter.tex
Field-valued points	theorem	VI	VI/21	Schemes and Their Points	thm:vi21-field-valued-points	books/vol06_algebraic_geometry/chapters/ch21_schemes_and_points/chapter.tex
Finite algebra implies integral	theorem	V	V/19	Integral Dependence	thm:v19-02	books/vol05_commutative_algebra/chapters/ch19_integral_dependence/chapter.tex
Finite certificate	theorem	II	II/23	The Alternation Principle	thm:ii23-03	books/vol02_real_analysis/chapters/ch23_the_alternation_principle/chapter.tex
Finite CRT	theorem	V	V/04	Chinese Remainder Theory	thm:v04-03	books/vol05_commutative_algebra/chapters/ch04_chinese_remainder_theory/chapter.tex
Finite CW complex	definition	VIII	VIII/06	CW Complexes	def:viii06-finite	books/vol08_algebraic_topology/chapters/ch06_cw_complexes/chapter.tex
Finite description, using Hilbert's basis theorem	proposition	VI	VI/01	Algebraic Sets	prop:vi01-finite-description	books/vol06_algebraic_geometry/chapters/ch01_algebraic_sets/chapter.tex
Finite field: discrete topology	proposition	VI	VI/02	The Zariski Topology	UNLABELLED	books/vol06_algebraic_geometry/chapters/ch02_zariski_topology/chapter.tex
Finite Fourier projection	theorem	II	II/14	Trigonometric Series	thm:ii14-04	books/vol02_real_analysis/chapters/ch14_trigonometric_series/chapter.tex
Finite implies compact	proposition	VIII	VIII/06	CW Complexes	prop:viii06-compact	books/vol08_algebraic_topology/chapters/ch06_cw_complexes/chapter.tex
Finite module criterion	theorem	V	V/19	Integral Dependence	thm:v19-01	books/vol05_commutative_algebra/chapters/ch19_integral_dependence/chapter.tex
Finite normalization over a field	theorem	VI	VI/28	Normalization	thm:vi28-finite-normalization	books/vol06_algebraic_geometry/chapters/ch28_normalization/chapter.tex
Finite presentation criterion	theorem	V	V/12	Hom and Finitely Presented Modules	thm:v12-01	books/vol05_commutative_algebra/chapters/ch12_hom_and_finitely_presented_modules/chapter.tex
Finite stabilizers	corollary	VII	VII/35	Fuchsian Groups	cor:vii35-stabilizers	books/vol07_differential_geometry/chapters/ch35_fuchsian_groups/chapter.tex
Finite support	theorem	VI	VI/39	Weil Divisors	thm:vi39-finite-support	books/vol06_algebraic_geometry/chapters/ch39_weil_divisors/chapter.tex
Finite type	definition	VI	VI/26	Finite-Type and Noetherian Morphisms	def:vi26-ft	books/vol06_algebraic_geometry/chapters/ch26_finite_type_noetherian_morphisms/chapter.tex
Finite type criterion	theorem	VI	VI/26	Finite-Type and Noetherian Morphisms	thm:vi26-ft-lft-qc	books/vol06_algebraic_geometry/chapters/ch26_finite_type_noetherian_morphisms/chapter.tex
Finite type over a Noetherian base	theorem	VI	VI/26	Finite-Type and Noetherian Morphisms	thm:vi26-noetherian-consequence	books/vol06_algebraic_geometry/chapters/ch26_finite_type_noetherian_morphisms/chapter.tex
Finite unions	proposition	VI	VI/01	Algebraic Sets	prop:vi01-union	books/vol06_algebraic_geometry/chapters/ch01_algebraic_sets/chapter.tex
Finite versus infinite order	proposition	VII	VII/34	Hyperbolic Isometries	prop:vii34-elliptic-order	books/vol07_differential_geometry/chapters/ch34_hyperbolic_isometries/chapter.tex
Finite-dimensional orthogonal decomposition	theorem	I	I/13	Inner Products and Orthogonality	thm:i13-03	books/vol01_linear_algebra/chapters/ch13_inner_products_and_orthogonality/chapter.tex
Finite-dimensional spectral theorem	theorem	I	I/16	The Spectral Theorem	thm:i16-02	books/vol01_linear_algebra/chapters/ch16_the_spectral_theorem/chapter.tex
Finite-element stiffness matrix	definition	VII	VII/41	Discrete Laplacians	def:vii41-stiffness	books/vol07_differential_geometry/chapters/ch41_discrete_laplacians/chapter.tex
Finite-generation criterion	theorem	V	V/15	Noetherian Rings and Modules	thm:v15-01	books/vol05_commutative_algebra/chapters/ch15_noetherian_rings_and_modules/chapter.tex
Finite-measure inclusion	theorem	III	III/06	Lp Spaces	thm:iii06-02	books/vol03_fourier_distributions_pde/chapters/ch06_lp_spaces/chapter.tex
Finite-type algebraically closed case	theorem	VI	VI/09	Generic and Closed Points	UNLABELLED	books/vol06_algebraic_geometry/chapters/ch09_generic_closed_points/chapter.tex
Finitely generated \(k\)-algebra	definition	VI	VI/03	Coordinate Rings	UNLABELLED	books/vol06_algebraic_geometry/chapters/ch03_coordinate_rings/chapter.tex
First \v{C}ech cohomology of $\mathcal O(n)$	theorem	VI	VI/47	Čech Cohomology	thm:vi47-on-h1	books/vol06_algebraic_geometry/chapters/ch47_ech_cohomology/chapter.tex
First Bianchi identity	theorem	VII	VII/26	The Riemann Curvature Tensor	thm:vii26-bianchi1	books/vol07_differential_geometry/chapters/ch26_the_riemann_curvature_tensor/chapter.tex
First cohomology of $\mathcal O_{\PP^1}(n)$	theorem	VI	VI/49	Basic Vanishing Results	thm:vi49-p1-h1	books/vol06_algebraic_geometry/chapters/ch49_basic_vanishing_results/chapter.tex
First fundamental form	definition	VII	VII/15	First and Second Fundamental Forms	def:vii15-first-form	books/vol07_differential_geometry/chapters/ch15_first_and_second_fundamental_forms/chapter.tex
First homology	theorem	VIII	VIII/17	Simplicial and Singular Homology	thm:viii17-h1-abelianization	books/vol08_algebraic_topology/chapters/ch17_simplicial_and_singular_homology/chapter.tex
First isomorphism theorem	theorem	I	I/06	Kernels, Images and Isomorphisms	thm:i06-02	books/vol01_linear_algebra/chapters/ch06_kernels_images_and_isomorphisms/chapter.tex
First isomorphism theorem	theorem	V	V/01	Rings, Ideals and Quotients	thm:v01-01	books/vol05_commutative_algebra/chapters/ch01_rings_ideals_and_quotients/chapter.tex
First isomorphism theorem for modules	theorem	V	V/09	Modules and Exact Sequences	thm:v09-01	books/vol05_commutative_algebra/chapters/ch09_modules_and_exact_sequences/chapter.tex
First line-bundle correspondence	proposition	VI	VI/40	Cartier Divisors	prop:vi40-rational-trivialization	books/vol06_algebraic_geometry/chapters/ch40_cartier_divisors/chapter.tex
First variation in geometric form	theorem	VII	VII/19	Minimal Surfaces	thm:vii19-first-variation	books/vol07_differential_geometry/chapters/ch19_minimal_surfaces/chapter.tex
First variation of energy	theorem	VII	VII/23	Geodesics	thm:vii23-first-variation	books/vol07_differential_geometry/chapters/ch23_geodesics/chapter.tex
First-order locality	proposition	VII	VII/04	Tangent Spaces	prop:vii04-locality	books/vol07_differential_geometry/chapters/ch04_tangent_spaces/chapter.tex
Flabby kernel and middle term	theorem	VI	VI/46	Flabby Sheaves	thm:vi46-short-exact	books/vol06_algebraic_geometry/chapters/ch46_flabby_sheaves/chapter.tex
Flabby resolution	definition	VI	VI/46	Flabby Sheaves	def:vi46-flabby-resolution	books/vol06_algebraic_geometry/chapters/ch46_flabby_sheaves/chapter.tex
Flabby resolutions compute sheaf cohomology	corollary	VI	VI/46	Flabby Sheaves	cor:vi46-derived	books/vol06_algebraic_geometry/chapters/ch46_flabby_sheaves/chapter.tex
Flabby sheaf	definition	VI	VI/46	Flabby Sheaves	def:vi46-flabby	books/vol06_algebraic_geometry/chapters/ch46_flabby_sheaves/chapter.tex
Flabby sheaves are \v{C}ech-acyclic	theorem	VI	VI/47	Čech Cohomology	thm:vi47-flabby-vanish	books/vol06_algebraic_geometry/chapters/ch47_ech_cohomology/chapter.tex
Flabby sheaves are acyclic	theorem	VI	VI/46	Flabby Sheaves	thm:vi46-flabby-acyclic	books/vol06_algebraic_geometry/chapters/ch46_flabby_sheaves/chapter.tex
Flabby sheaves are Čech-acyclic	theorem	VI	VI/46	Flabby Sheaves	thm:vi46-cech-vanish	books/vol06_algebraic_geometry/chapters/ch46_flabby_sheaves/chapter.tex
Flabby vanishing	theorem	VI	VI/49	Basic Vanishing Results	thm:vi49-flabby-vanish	books/vol06_algebraic_geometry/chapters/ch49_basic_vanishing_results/chapter.tex
Flag criterion for triangularity	theorem	I	I/10	Invariant Subspaces and Triangularization	thm:i10-01	books/vol01_linear_algebra/chapters/ch10_invariant_subspaces_and_triangularization/chapter.tex
Flat and sharp	definition	VII	VII/20	Riemannian Metrics	def:vii20-musical	books/vol07_differential_geometry/chapters/ch20_riemannian_metrics/chapter.tex
Flat and sharp	proposition	VII	VII/29	Indefinite Metrics	prop:vii29-musical	books/vol07_differential_geometry/chapters/ch29_indefinite_metrics/chapter.tex
Flatness via Tor	theorem	V	V/26	The Tor Functor	thm:v26-03	books/vol05_commutative_algebra/chapters/ch26_the_tor_functor/chapter.tex
Flex origin trivializes the hyperplane shift	proposition	VI	VI/43	Plane Cubics	prop:vi43-flex-hyperplane	books/vol06_algebraic_geometry/chapters/ch43_plane_cubics/chapter.tex
Flexes and three-torsion	proposition	VI	VI/43	Plane Cubics	prop:vi43-flex-three-torsion	books/vol06_algebraic_geometry/chapters/ch43_plane_cubics/chapter.tex
Fourier automorphism	theorem	III	III/19	Fourier Transform of Distributions	thm:iii19-03	books/vol03_fourier_distributions_pde/chapters/ch19_fourier_transform_of_distributions/chapter.tex
Fourier invariance	theorem	III	III/14	The Schwartz Space	thm:iii14-01	books/vol03_fourier_distributions_pde/chapters/ch14_the_schwartz_space/chapter.tex
Fourier inversion on Schwartz space	theorem	III	III/11	The Fourier Transform	thm:iii11-04	books/vol03_fourier_distributions_pde/chapters/ch11_the_fourier_transform/chapter.tex
Fourier transform of Dirac	theorem	III	III/19	Fourier Transform of Distributions	thm:iii19-01	books/vol03_fourier_distributions_pde/chapters/ch19_fourier_transform_of_distributions/chapter.tex
Frame	definition	VII	VII/08	Principal and Frame Bundles	def:vii08-frame	books/vol07_differential_geometry/chapters/ch08_principal_and_frame_bundles/chapter.tex
Frame bundle	definition	VII	VII/08	Principal and Frame Bundles	def:vii08-frame-bundle	books/vol07_differential_geometry/chapters/ch08_principal_and_frame_bundles/chapter.tex
Frame bundle is principal	theorem	VII	VII/08	Principal and Frame Bundles	thm:vii08-frame-principal	books/vol07_differential_geometry/chapters/ch08_principal_and_frame_bundles/chapter.tex
Free action	corollary	VIII	VIII/12	Deck Transformations and Group Actions	cor:viii12-free	books/vol08_algebraic_topology/chapters/ch12_deck_transformations_and_group_actions/chapter.tex
Free and transitive	definition	VII	VII/08	Principal and Frame Bundles	def:vii08-free-transitive	books/vol07_differential_geometry/chapters/ch08_principal_and_frame_bundles/chapter.tex
Free group	definition	VIII	VIII/14	Free Groups and Covering Graphs	def:viii14-free-group	books/vol08_algebraic_topology/chapters/ch14_free_groups_and_covering_graphs/chapter.tex
Free implies flat	theorem	V	V/14	Flat Modules	thm:v14-01	books/vol05_commutative_algebra/chapters/ch14_flat_modules/chapter.tex
Free properly discontinuous quotients	proposition	VII	VII/01	Topological Manifolds	prop:vii01-proper-discontinuous	books/vol07_differential_geometry/chapters/ch01_topological_manifolds/chapter.tex
Free-group deck action	theorem	VIII	VIII/14	Free Groups and Covering Graphs	thm:viii14-deck-free	books/vol08_algebraic_topology/chapters/ch14_free_groups_and_covering_graphs/chapter.tex
Frenet--Serret equations	theorem	VII	VII/13	Frenet Frames, Curvature and Torsion	thm:vii13-frenet-serret	books/vol07_differential_geometry/chapters/ch13_frenet_frames_curvature_and_torsion/chapter.tex
Fubini theorem	theorem	III	III/05	Product Measures and Fubini Theory	thm:iii05-02	books/vol03_fourier_distributions_pde/chapters/ch05_product_measures_and_fubini_theory/chapter.tex
Fuchsian group	definition	VII	VII/35	Fuchsian Groups	def:vii35-fuchsian	books/vol07_differential_geometry/chapters/ch35_fuchsian_groups/chapter.tex
Full-space charts	corollary	VII	VII/03	Smooth Maps and Diffeomorphisms	cor:vii03-full-space	books/vol07_differential_geometry/chapters/ch03_smooth_maps_and_diffeomorphisms/chapter.tex
Function field	definition	VI	VI/27	Integral Schemes and Function Fields	def:vi27-function-field	books/vol06_algebraic_geometry/chapters/ch27_integral_schemes_function_fields/chapter.tex
Function-field criterion	proposition	VI	VI/44	Cremona Transformations	prop:vi44-function-field	books/vol06_algebraic_geometry/chapters/ch44_cremona_transformations/chapter.tex
Functoriality	theorem	VIII	VIII/09	Paths and Fundamental Groups	thm:viii09-functorial	books/vol08_algebraic_topology/chapters/ch09_paths_and_fundamental_groups/chapter.tex
Functoriality	proposition	VIII	VIII/15	Simplicial Complexes	prop:viii15-map-functorial	books/vol08_algebraic_topology/chapters/ch15_simplicial_complexes/chapter.tex
Functoriality	theorem	VIII	VIII/28	Cohomology	thm:viii28-functoriality	books/vol08_algebraic_topology/chapters/ch28_cohomology/chapter.tex
Functoriality of the Picard group	proposition	VI	VI/42	Line Bundles and Picard Groups	prop:vi42-pic-functoriality	books/vol06_algebraic_geometry/chapters/ch42_line_bundles_and_picard_groups/chapter.tex
Functoriality on stalks	proposition	VI	VI/13	Sheaves and Stalks	UNLABELLED	books/vol06_algebraic_geometry/chapters/ch13_sheaves_stalks/chapter.tex
Functoriality on the correct domain	theorem	VI	VI/38	Coherent and Quasi-Coherent Sheaves	thm:vi38-proj-domain-map	books/vol06_algebraic_geometry/chapters/ch38_projective_morphisms_and_closed_embeddings/chapter.tex
Functoriality where defined	proposition	VI	VI/40	Cartier Divisors	prop:vi40-pullback-functorial	books/vol06_algebraic_geometry/chapters/ch40_cartier_divisors/chapter.tex
Fundamental class	definition	VIII	VIII/33	Poincaré Duality	def:viii33-fundamental-class	books/vol08_algebraic_topology/chapters/ch33_poincar_duality/chapter.tex
Fundamental domain	definition	VII	VII/35	Fuchsian Groups	def:vii35-fundamental	books/vol07_differential_geometry/chapters/ch35_fuchsian_groups/chapter.tex
Fundamental group	definition	VIII	VIII/09	Paths and Fundamental Groups	def:viii09-pi1	books/vol08_algebraic_topology/chapters/ch09_paths_and_fundamental_groups/chapter.tex
Fundamental group	theorem	VIII	VIII/13	SU(2) to SO(3)	thm:viii13-pi1	books/vol08_algebraic_topology/chapters/ch13_su2_to_so3/chapter.tex
Fundamental group of a finite connected graph	theorem	VIII	VIII/14	Free Groups and Covering Graphs	thm:viii14-rank	books/vol08_algebraic_topology/chapters/ch14_free_groups_and_covering_graphs/chapter.tex
Fundamental group of the circle	theorem	VIII	VIII/09	Paths and Fundamental Groups	thm:viii09-circle	books/vol08_algebraic_topology/chapters/ch09_paths_and_fundamental_groups/chapter.tex
Fundamental matrix	proposition	VII	VII/24	Parallel Transport	prop:vii24-fundamental-matrix	books/vol07_differential_geometry/chapters/ch24_parallel_transport/chapter.tex
Fundamental theorem	corollary	VII	VII/11	Stokes' Theorem	cor:vii11-ftc	books/vol07_differential_geometry/chapters/ch11_stokes_theorem/chapter.tex
Fundamental theorem for contour integrals	theorem	IV	IV/04	Complex Integration	thm:iv04-03	books/vol04_complex_analysis/chapters/ch04_complex_integration/chapter.tex
Fundamental theorem of Riemannian geometry	theorem	VII	VII/22	The Levi–Civita Connection	thm:vii22-fundamental	books/vol07_differential_geometry/chapters/ch22_the_levi_civita_connection/chapter.tex
Fundamental theorem of space curves	theorem	VII	VII/13	Frenet Frames, Curvature and Torsion	thm:vii13-fundamental-curves	books/vol07_differential_geometry/chapters/ch13_frenet_frames_curvature_and_torsion/chapter.tex
Fundamental theorem, Part I	theorem	II	II/10	Riemann Integration	thm:ii10-03	books/vol02_real_analysis/chapters/ch10_riemann_integration/chapter.tex
Fundamental-group injection	theorem	VIII	VIII/10	Covering Spaces	thm:viii10-pi1-injection	books/vol08_algebraic_topology/chapters/ch10_covering_spaces/chapter.tex
Galerkin stability	theorem	III	III/23	Weak Boundary-Value Problems	thm:iii23-03	books/vol03_fourier_distributions_pde/chapters/ch23_weak_boundary_value_problems/chapter.tex
Gamma functional equation	theorem	IV	IV/19	The Gamma Function	thm:iv19-01	books/vol04_complex_analysis/chapters/ch19_the_gamma_function/chapter.tex
Gauge transformation in a trivialization	definition	VII	VII/08	Principal and Frame Bundles	def:vii08-gauge-change	books/vol07_differential_geometry/chapters/ch08_principal_and_frame_bundles/chapter.tex
Gauge transformation law	theorem	VII	VII/21	Connections	thm:vii21-gauge-law	books/vol07_differential_geometry/chapters/ch21_connections/chapter.tex
Gaussian curvature	definition	VII	VII/17	Principal, Gaussian and Mean Curvature	def:vii17-gaussian	books/vol07_differential_geometry/chapters/ch17_principal_gaussian_and_mean_curvature/chapter.tex
Gaussian exactness	theorem	II	II/24	Numerical Quadrature	thm:ii24-03	books/vol02_real_analysis/chapters/ch24_numerical_quadrature/chapter.tex
Gaussian transform	theorem	III	III/12	The Gaussian and Transform Calculus	thm:iii12-01	books/vol03_fourier_distributions_pde/chapters/ch12_the_gaussian_and_transform_calculus/chapter.tex
Gaussian-curvature sign	corollary	VII	VII/19	Minimal Surfaces	cor:vii19-k-nonpositive	books/vol07_differential_geometry/chapters/ch19_minimal_surfaces/chapter.tex
General helix criterion	theorem	VII	VII/13	Frenet Frames, Curvature and Torsion	thm:vii13-general-helix	books/vol07_differential_geometry/chapters/ch13_frenet_frames_curvature_and_torsion/chapter.tex
General quadratic transformation with three proper base points	proposition	VI	VI/44	Cremona Transformations	prop:vi44-general-quadratic	books/vol06_algebraic_geometry/chapters/ch44_cremona_transformations/chapter.tex
Generalized eigenspace decomposition	theorem	I	I/12	Canonical Forms	thm:i12-01	books/vol01_linear_algebra/chapters/ch12_canonical_forms/chapter.tex
Generalized-circle preservation	theorem	IV	IV/16	Möbius Transformations	thm:iv16-03	books/vol04_complex_analysis/chapters/ch16_m_bius_transformations/chapter.tex
Generic point	definition	VI	VI/09	Generic and Closed Points	UNLABELLED	books/vol06_algebraic_geometry/chapters/ch09_generic_closed_points/chapter.tex
Generic point on affine charts	proposition	VI	VI/27	Integral Schemes and Function Fields	prop:vi27-generic-affine	books/vol06_algebraic_geometry/chapters/ch27_integral_schemes_function_fields/chapter.tex
Genus of a double cover	theorem	IV	IV/26	Compactification and Genus	thm:iv26-03	books/vol04_complex_analysis/chapters/ch26_compactification_and_genus/chapter.tex
Geodesic	definition	VII	VII/23	Geodesics	def:vii23-geodesic	books/vol07_differential_geometry/chapters/ch23_geodesics/chapter.tex
Geodesic equations	proposition	VII	VII/32	The Poincaré Metric	prop:vii32-geodesic-equations	books/vol07_differential_geometry/chapters/ch32_the_poincar_metric/chapter.tex
Geodesic ODE	theorem	VII	VII/23	Geodesics	thm:vii23-ode	books/vol07_differential_geometry/chapters/ch23_geodesics/chapter.tex
Geodesic query types	definition	VII	VII/38	Discrete Geodesic Problems	def:vii38-query	books/vol07_differential_geometry/chapters/ch38_discrete_geodesic_problems/chapter.tex
Geodesic tangent	proposition	VII	VII/24	Parallel Transport	prop:vii24-geodesic	books/vol07_differential_geometry/chapters/ch24_parallel_transport/chapter.tex
Geodesically complete	definition	VII	VII/23	Geodesics	def:vii23-complete	books/vol07_differential_geometry/chapters/ch23_geodesics/chapter.tex
Geodesics	theorem	VII	VII/36	Hyperbolic Three-Space and PSL(2,C)	thm:vii36-geodesics	books/vol07_differential_geometry/chapters/ch36_hyperbolic_three_space_and_psl_2_c/chapter.tex
Geometric fiber	definition	VI	VI/25	Fibers and Geometric Fibers	def:vi25-geometric-fiber	books/vol06_algebraic_geometry/chapters/ch25_fibers_geometric_fibers/chapter.tex
Geometric inverse for arbitrary origin	proposition	VI	VI/43	Plane Cubics	prop:vi43-arbitrary-inverse	books/vol06_algebraic_geometry/chapters/ch43_plane_cubics/chapter.tex
Geometric multiplicity bound	theorem	I	I/09	Eigenvalues and Eigenvectors	thm:i09-02	books/vol01_linear_algebra/chapters/ch09_eigenvalues_and_eigenvectors/chapter.tex
Geometric realization	definition	VIII	VIII/15	Simplicial Complexes	def:viii15-realization	books/vol08_algebraic_topology/chapters/ch15_simplicial_complexes/chapter.tex
Geometric reduction of two points	proposition	VI	VI/43	Plane Cubics	prop:vi43-two-point-reduction	books/vol06_algebraic_geometry/chapters/ch43_plane_cubics/chapter.tex
Geometric simplex	definition	VIII	VIII/15	Simplicial Complexes	def:viii15-geometric-simplex	books/vol08_algebraic_topology/chapters/ch15_simplicial_complexes/chapter.tex
Geometric simplicial complex	definition	VIII	VIII/15	Simplicial Complexes	def:viii15-geometric-complex	books/vol08_algebraic_topology/chapters/ch15_simplicial_complexes/chapter.tex
Germ-surface principle	theorem	IV	IV/22	From Analytic Continuation to Riemann Surfaces	thm:iv22-02	books/vol04_complex_analysis/chapters/ch22_from_analytic_continuation_to_riemann_surfaces/chapter.tex
Global \v{C}ech cohomology	definition	VI	VI/47	Čech Cohomology	def:vi47-global-cech	books/vol06_algebraic_geometry/chapters/ch47_ech_cohomology/chapter.tex
Global frame criterion	proposition	VII	VII/07	Vector Bundles	prop:vii07-global-frame	books/vol07_differential_geometry/chapters/ch07_vector_bundles/chapter.tex
Global residue balance	theorem	IV	IV/10	Residues and the Residue Theorem	thm:iv10-04	books/vol04_complex_analysis/chapters/ch10_residues_and_the_residue_theorem/chapter.tex
Global sections are left exact	proposition	VI	VI/46	Flabby Sheaves	prop:vi46-left-exact	books/vol06_algebraic_geometry/chapters/ch46_flabby_sheaves/chapter.tex
Global sections are left exact	proposition	VI	VI/48	Exact Sequences and Cohomology	prop:vi48-left-exact	books/vol06_algebraic_geometry/chapters/ch48_exact_sequences_and_cohomology/chapter.tex
Global sections in nonnegative degree	theorem	VI	VI/36	Projective Schemes	thm:vi36-global-sections	books/vol06_algebraic_geometry/chapters/ch36_projective_space/chapter.tex
Global sections of $\mathcal O_{\PP^1}(n)$	proposition	VI	VI/49	Basic Vanishing Results	prop:vi49-p1-h0	books/vol06_algebraic_geometry/chapters/ch49_basic_vanishing_results/chapter.tex
Global-extension criterion	proposition	VI	VI/46	Flabby Sheaves	prop:vi46-global-criterion	books/vol06_algebraic_geometry/chapters/ch46_flabby_sheaves/chapter.tex
Gluing criterion	proposition	VIII	VIII/05	Cell Attachments	prop:viii05-universal	books/vol08_algebraic_topology/chapters/ch05_cell_attachments/chapter.tex
Gluing line bundles from units	theorem	VI	VI/42	Line Bundles and Picard Groups	thm:vi42-gluing	books/vol06_algebraic_geometry/chapters/ch42_line_bundles_and_picard_groups/chapter.tex
Graded algebra identities	theorem	VII	VII/09	Differential Forms	thm:vii09-wedge-laws	books/vol07_differential_geometry/chapters/ch09_differential_forms/chapter.tex
Graded commutativity	theorem	VIII	VIII/29	Cup Products	thm:viii29-graded-comm	books/vol08_algebraic_topology/chapters/ch29_cup_products/chapter.tex
Graded module	definition	VI	VI/34	Proj	UNLABELLED	books/vol06_algebraic_geometry/chapters/ch34_graded_rings/chapter.tex
Graded ring	definition	VI	VI/34	Proj	UNLABELLED	books/vol06_algebraic_geometry/chapters/ch34_graded_rings/chapter.tex
Gradient	definition	VII	VII/20	Riemannian Metrics	def:vii20-gradient	books/vol07_differential_geometry/chapters/ch20_riemannian_metrics/chapter.tex
Gram–Schmidt theorem	theorem	I	I/14	Gram–Schmidt and Orthogonal Projection	thm:i14-01	books/vol01_linear_algebra/chapters/ch14_gram_schmidt_and_orthogonal_projection/chapter.tex
Graph collapse	theorem	VIII	VIII/14	Free Groups and Covering Graphs	thm:viii14-collapse-tree	books/vol08_algebraic_topology/chapters/ch14_free_groups_and_covering_graphs/chapter.tex
Graph geodesic	definition	VII	VII/39	Graph and Exact Mesh Geodesics	def:vii39-graph	books/vol07_differential_geometry/chapters/ch39_graph_and_exact_mesh_geodesics/chapter.tex
Graph theorem	theorem	VII	VII/06	Submanifolds and Products	thm:vii06-graph	books/vol07_differential_geometry/chapters/ch06_submanifolds_and_products/chapter.tex
Graphs are regular	proposition	VII	VII/14	Regular Surfaces	prop:vii14-graph	books/vol07_differential_geometry/chapters/ch14_regular_surfaces/chapter.tex
Green	corollary	VII	VII/11	Stokes' Theorem	cor:vii11-green	books/vol07_differential_geometry/chapters/ch11_stokes_theorem/chapter.tex
Green representation	theorem	III	III/25	Green Functions	thm:iii25-01	books/vol03_fourier_distributions_pde/chapters/ch25_green_functions/chapter.tex
Green-kernel construction	theorem	III	III/26	Sturm–Liouville Green Kernels	thm:iii26-01	books/vol03_fourier_distributions_pde/chapters/ch26_sturm_liouville_green_kernels/chapter.tex
Gronwall inequality	theorem	II	II/19	Elementary Existence Theory for ODEs	thm:ii19-02	books/vol02_real_analysis/chapters/ch19_elementary_existence_theory_for_odes/chapter.tex
Group law from Picard theory	theorem	VI	VI/43	Plane Cubics	thm:vi43-group-law	books/vol06_algebraic_geometry/chapters/ch43_plane_cubics/chapter.tex
Group property	theorem	VII	VII/25	Holonomy	thm:vii25-group	books/vol07_differential_geometry/chapters/ch25_holonomy/chapter.tex
Group structure	theorem	VIII	VIII/09	Paths and Fundamental Groups	thm:viii09-group	books/vol08_algebraic_topology/chapters/ch09_paths_and_fundamental_groups/chapter.tex
Half-angle formula	theorem	VIII	VIII/13	SU(2) to SO(3)	thm:viii13-half-angle	books/vol08_algebraic_topology/chapters/ch13_su2_to_so3/chapter.tex
Half-period critical points	theorem	IV	IV/29	The Weierstrass ℘-Function	thm:iv29-03	books/vol04_complex_analysis/chapters/ch29_the_weierstrass_function/chapter.tex
Half-plane geodesic shapes	theorem	VII	VII/31	Hyperbolic Plane Models	thm:vii31-half-geodesics	books/vol07_differential_geometry/chapters/ch31_hyperbolic_plane_models/chapter.tex
Half-plane geodesics	theorem	VII	VII/32	The Poincaré Metric	thm:vii32-half-geodesics	books/vol07_differential_geometry/chapters/ch32_the_poincar_metric/chapter.tex
Harmonic coordinate criterion	theorem	VII	VII/19	Minimal Surfaces	thm:vii19-harmonic	books/vol07_differential_geometry/chapters/ch19_minimal_surfaces/chapter.tex
Harmonicity	theorem	IV	IV/02	Cauchy–Riemann Equations	thm:iv02-03	books/vol04_complex_analysis/chapters/ch02_cauchy_riemann_equations/chapter.tex
Hausdorff	definition	VII	VII/01	Topological Manifolds	def:vii01-hausdorff	books/vol07_differential_geometry/chapters/ch01_topological_manifolds/chapter.tex
Heat transform solution	theorem	III	III/28	Spectral and Transform Methods for PDE	thm:iii28-01	books/vol03_fourier_distributions_pde/chapters/ch28_spectral_and_transform_methods_for_pde/chapter.tex
Heat-kernel semigroup	theorem	III	III/12	The Gaussian and Transform Calculus	thm:iii12-03	books/vol03_fourier_distributions_pde/chapters/ch12_the_gaussian_and_transform_calculus/chapter.tex
Height	definition	VI	VI/29	Krull Dimension	def:vi29-height	books/vol06_algebraic_geometry/chapters/ch29_krull_dimension/chapter.tex
Height as local Krull dimension	proposition	VI	VI/29	Krull Dimension	prop:vi29-height-localization	books/vol06_algebraic_geometry/chapters/ch29_krull_dimension/chapter.tex
Heine--Borel theorem	theorem	II	II/06	Compactness	thm:ii06-04	books/vol02_real_analysis/chapters/ch06_compactness/chapter.tex
Heine--Cantor	theorem	II	II/06	Compactness	thm:ii06-03	books/vol02_real_analysis/chapters/ch06_compactness/chapter.tex
Helicoid is not developable	proposition	VII	VII/18	Ruled and Developable Surfaces	prop:vii18-helicoid-not	books/vol07_differential_geometry/chapters/ch18_ruled_and_developable_surfaces/chapter.tex
Hessian	definition	VII	VII/22	The Levi–Civita Connection	def:vii22-hessian	books/vol07_differential_geometry/chapters/ch22_the_levi_civita_connection/chapter.tex
Higher cohomology on $\PP^1$	corollary	VI	VI/49	Basic Vanishing Results	cor:vi49-p1-higher	books/vol06_algebraic_geometry/chapters/ch49_basic_vanishing_results/chapter.tex
Higher direct-image preview	proposition	VI	VI/46	Flabby Sheaves	prop:vi46-higher-direct-preview	books/vol06_algebraic_geometry/chapters/ch46_flabby_sheaves/chapter.tex
Higher-pole residue formula	theorem	IV	IV/10	Residues and the Residue Theorem	thm:iv10-03	books/vol04_complex_analysis/chapters/ch10_residues_and_the_residue_theorem/chapter.tex
Hilbert basis theorem	theorem	V	V/15	Noetherian Rings and Modules	thm:v15-03	books/vol05_commutative_algebra/chapters/ch15_noetherian_rings_and_modules/chapter.tex
Hilbert structure of $H^k$	theorem	III	III/21	Sobolev Spaces	thm:iii21-03	books/vol03_fourier_distributions_pde/chapters/ch21_sobolev_spaces/chapter.tex
Holomorphic functions on compact surfaces	theorem	IV	IV/26	Compactification and Genus	thm:iv26-01	books/vol04_complex_analysis/chapters/ch26_compactification_and_genus/chapter.tex
Holomorphic gluing theorem	theorem	IV	IV/25	Construction by Gluing	thm:iv25-01	books/vol04_complex_analysis/chapters/ch25_construction_by_gluing/chapter.tex
Holomorphic maps are conformal off critical points	theorem	IV	IV/17	Conformal Mapping	thm:iv17-01	books/vol04_complex_analysis/chapters/ch17_conformal_mapping/chapter.tex
Holonomy group	definition	VII	VII/25	Holonomy	def:vii25-hol-group	books/vol07_differential_geometry/chapters/ch25_holonomy/chapter.tex
Holonomy transformation	definition	VII	VII/25	Holonomy	def:vii25-hol-transform	books/vol07_differential_geometry/chapters/ch25_holonomy/chapter.tex
Hom exactness criterion	theorem	V	V/13	Free and Projective Modules	thm:v13-03	books/vol05_commutative_algebra/chapters/ch13_free_and_projective_modules/chapter.tex
Hom is left exact	theorem	V	V/12	Hom and Finitely Presented Modules	thm:v12-02	books/vol05_commutative_algebra/chapters/ch12_hom_and_finitely_presented_modules/chapter.tex
Homogeneous charts	definition	VII	VII/02	Smooth Structures and Atlases	def:vii02-projective-charts	books/vol07_differential_geometry/chapters/ch02_smooth_structures_and_atlases/chapter.tex
Homogeneous coordinates over a field	theorem	VI	VI/36	Projective Schemes	thm:vi36-homogeneous-coordinates	books/vol06_algebraic_geometry/chapters/ch36_projective_space/chapter.tex
Homogeneous equation off the source	theorem	III	III/24	Fundamental Solutions	thm:iii24-03	books/vol03_fourier_distributions_pde/chapters/ch24_fundamental_solutions/chapter.tex
Homogeneous ideal	definition	VI	VI/34	Proj	UNLABELLED	books/vol06_algebraic_geometry/chapters/ch34_graded_rings/chapter.tex
Homogeneous primality test	proposition	VI	VI/34	Proj	UNLABELLED	books/vol06_algebraic_geometry/chapters/ch34_graded_rings/chapter.tex
Homogeneous radicals	proposition	VI	VI/34	Proj	UNLABELLED	books/vol06_algebraic_geometry/chapters/ch34_graded_rings/chapter.tex
Homogeneous representation	proposition	VI	VI/44	Cremona Transformations	prop:vi44-homogeneous-representation	books/vol06_algebraic_geometry/chapters/ch44_cremona_transformations/chapter.tex
Homological no-retraction	theorem	VIII	VIII/20	Homotopy Invariance	thm:viii20-no-retraction	books/vol08_algebraic_topology/chapters/ch20_homotopy_invariance/chapter.tex
Homology and direct sums	proposition	VIII	VIII/16	Chain Complexes	prop:viii16-direct-sum	books/vol08_algebraic_topology/chapters/ch16_chain_complexes/chapter.tex
Homology group	definition	VIII	VIII/16	Chain Complexes	def:viii16-homology	books/vol08_algebraic_topology/chapters/ch16_chain_complexes/chapter.tex
Homology invariance	theorem	VIII	VIII/22	Chain Homotopies	thm:viii22-homology-invariance	books/vol08_algebraic_topology/chapters/ch22_chain_homotopies/chapter.tex
Homology is computed on stalks	theorem	VI	VI/16	Exact Sequences of Sheaves	UNLABELLED	books/vol06_algebraic_geometry/chapters/ch16_exact_sequences_sheaves/chapter.tex
Homology is functorial on chain maps	theorem	VIII	VIII/16	Chain Complexes	thm:viii16-induced	books/vol08_algebraic_topology/chapters/ch16_chain_complexes/chapter.tex
Homology of a contractible space	corollary	VIII	VIII/20	Homotopy Invariance	cor:viii20-contractible	books/vol08_algebraic_topology/chapters/ch20_homotopy_invariance/chapter.tex
Homology of the circle	theorem	VIII	VIII/17	Simplicial and Singular Homology	thm:viii17-circle	books/vol08_algebraic_topology/chapters/ch17_simplicial_and_singular_homology/chapter.tex
Homology with coefficients	definition	VIII	VIII/25	Homology with Coefficients	def:viii25-coefficients	books/vol08_algebraic_topology/chapters/ch25_homology_with_coefficients/chapter.tex
Homotopic attaching maps	theorem	VIII	VIII/08	Homotopic Attaching Maps	thm:viii08-homotopic-attachment	books/vol08_algebraic_topology/chapters/ch08_homotopic_attaching_maps/chapter.tex
Homotopic maps induce the same map	theorem	VIII	VIII/20	Homotopy Invariance	thm:viii20-homotopy-invariance	books/vol08_algebraic_topology/chapters/ch20_homotopy_invariance/chapter.tex
Homotopic paths have matching lifted endpoints	corollary	VIII	VIII/11	Lifting Properties	cor:viii11-endpoints	books/vol08_algebraic_topology/chapters/ch11_lifting_properties/chapter.tex
Homotopy	definition	VIII	VIII/01	Homotopies of Maps	def:viii01-homotopy	books/vol08_algebraic_topology/chapters/ch01_homotopies_of_maps/chapter.tex
Homotopy equivalence	definition	VIII	VIII/02	Homotopy Equivalence and Contractibility	def:viii02-equivalence	books/vol08_algebraic_topology/chapters/ch02_homotopy_equivalence_and_contractibility/chapter.tex
Homotopy equivalence	corollary	VIII	VIII/09	Paths and Fundamental Groups	cor:viii09-equivalence	books/vol08_algebraic_topology/chapters/ch09_paths_and_fundamental_groups/chapter.tex
Homotopy equivalence is an equivalence relation	proposition	VIII	VIII/02	Homotopy Equivalence and Contractibility	prop:viii02-equivalence-relation	books/vol08_algebraic_topology/chapters/ch02_homotopy_equivalence_and_contractibility/chapter.tex
Homotopy equivalent spaces have isomorphic homology	corollary	VIII	VIII/20	Homotopy Invariance	cor:viii20-homotopy-equivalence	books/vol08_algebraic_topology/chapters/ch20_homotopy_invariance/chapter.tex
Homotopy extension property	definition	VIII	VIII/08	Homotopic Attaching Maps	def:viii08-hep	books/vol08_algebraic_topology/chapters/ch08_homotopic_attaching_maps/chapter.tex
Homotopy invariance	theorem	IV	IV/05	Cauchy's Theorem	thm:iv05-03	books/vol04_complex_analysis/chapters/ch05_cauchy_s_theorem/chapter.tex
Homotopy invariance	corollary	VIII	VIII/21	Euler Characteristic	cor:viii21-homotopy	books/vol08_algebraic_topology/chapters/ch21_euler_characteristic/chapter.tex
Homotopy invariance of degree	theorem	VIII	VIII/03	Degree of Maps	thm:viii03-homotopy	books/vol08_algebraic_topology/chapters/ch03_degree_of_maps/chapter.tex
Homotopy invariance of index	theorem	IV	IV/12	Winding Numbers and the Argument Principle	thm:iv12-03	books/vol04_complex_analysis/chapters/ch12_winding_numbers_and_the_argument_principle/chapter.tex
Homotopy invariance of mapping cones	theorem	VIII	VIII/08	Homotopic Attaching Maps	thm:viii08-cones	books/vol08_algebraic_topology/chapters/ch08_homotopic_attaching_maps/chapter.tex
Homotopy invariance of monodromy	theorem	IV	IV/23	Covering Maps and Monodromy	thm:iv23-02	books/vol04_complex_analysis/chapters/ch23_covering_maps_and_monodromy/chapter.tex
Homotopy invariant	definition	VIII	VIII/02	Homotopy Equivalence and Contractibility	def:viii02-invariant	books/vol08_algebraic_topology/chapters/ch02_homotopy_equivalence_and_contractibility/chapter.tex
Homotopy lifting	theorem	VIII	VIII/11	Lifting Properties	thm:viii11-homotopy-lifting	books/vol08_algebraic_topology/chapters/ch11_lifting_properties/chapter.tex
Homotopy rel endpoints	definition	VIII	VIII/09	Paths and Fundamental Groups	def:viii09-path-homotopy	books/vol08_algebraic_topology/chapters/ch09_paths_and_fundamental_groups/chapter.tex
Homotopy relative to \(A\)	definition	VIII	VIII/01	Homotopies of Maps	def:viii01-relative	books/vol08_algebraic_topology/chapters/ch01_homotopies_of_maps/chapter.tex
Homotopy type	definition	VIII	VIII/02	Homotopy Equivalence and Contractibility	def:viii02-type	books/vol08_algebraic_topology/chapters/ch02_homotopy_equivalence_and_contractibility/chapter.tex
Homotopy uniqueness of comparison maps	theorem	V	V/23	Free Resolutions	thm:v23-03	books/vol05_commutative_algebra/chapters/ch23_free_resolutions/chapter.tex
Homotopy-equivalence cone	theorem	VIII	VIII/24	Mapping Cones of Chain Maps	thm:viii24-homotopy-cone	books/vol08_algebraic_topology/chapters/ch24_mapping_cones_of_chain_maps/chapter.tex
Hopf--Rinow	theorem	VII	VII/23	Geodesics	thm:vii23-hopf-rinow	books/vol07_differential_geometry/chapters/ch23_geodesics/chapter.tex
Horizontal distribution	definition	VII	VII/21	Connections	def:vii21-horizontal	books/vol07_differential_geometry/chapters/ch21_connections/chapter.tex
Horizontal kernel	proposition	VII	VII/21	Connections	prop:vii21-horizontal-kernel	books/vol07_differential_geometry/chapters/ch21_connections/chapter.tex
Horizontal lift	theorem	VII	VII/24	Parallel Transport	thm:vii24-horizontal-lift	books/vol07_differential_geometry/chapters/ch24_parallel_transport/chapter.tex
Horizontal lift of a curve	definition	VII	VII/24	Parallel Transport	def:vii24-horizontal-lift	books/vol07_differential_geometry/chapters/ch24_parallel_transport/chapter.tex
Hyperbolic area	definition	VII	VII/32	The Poincaré Metric	def:vii32-area	books/vol07_differential_geometry/chapters/ch32_the_poincar_metric/chapter.tex
Hyperbolic normal form	theorem	VII	VII/34	Hyperbolic Isometries	thm:vii34-hyperbolic	books/vol07_differential_geometry/chapters/ch34_hyperbolic_isometries/chapter.tex
Hyperbolic quotient	theorem	VII	VII/35	Fuchsian Groups	thm:vii35-quotient	books/vol07_differential_geometry/chapters/ch35_fuchsian_groups/chapter.tex
Hyperbolic quotient	theorem	VII	VII/37	Kleinian Groups and Boundary Geometry	thm:vii37-quotient	books/vol07_differential_geometry/chapters/ch37_kleinian_groups_and_boundary_geometry/chapter.tex
Hyperboloid model	definition	VII	VII/31	Hyperbolic Plane Models	def:vii31-hyperboloid	books/vol07_differential_geometry/chapters/ch31_hyperbolic_plane_models/chapter.tex
Hyperplane class on a cubic	definition	VI	VI/43	Plane Cubics	def:vi43-hyperplane-class	books/vol06_algebraic_geometry/chapters/ch43_plane_cubics/chapter.tex
Hypersurface classes	corollary	VI	VI/41	Divisor Class Groups	cor:vi41-hypersurface-class	books/vol06_algebraic_geometry/chapters/ch41_divisor_class_groups/chapter.tex
Hypersurface regularity test	corollary	VI	VI/32	Tangent Spaces and Local Geometry	cor:vi32-hypersurface	books/vol06_algebraic_geometry/chapters/ch32_tangent_spaces_and_local_geometry/chapter.tex
Hypersurfaces	corollary	VII	VII/06	Submanifolds and Products	cor:vii06-hypersurface	books/vol07_differential_geometry/chapters/ch06_submanifolds_and_products/chapter.tex
Hölder inequality	theorem	III	III/07	Hölder, Minkowski and Interpolation	thm:iii07-01	books/vol03_fourier_distributions_pde/chapters/ch07_h_lder_minkowski_and_interpolation/chapter.tex
Hölder roughness principle	theorem	II	II/15	Pathological and Nowhere-Differentiable Functions	thm:ii15-03	books/vol02_real_analysis/chapters/ch15_pathological_and_nowhere_differentiable_functions/chapter.tex
Ideal boundary	definition	VII	VII/31	Hyperbolic Plane Models	def:vii31-ideal	books/vol07_differential_geometry/chapters/ch31_hyperbolic_plane_models/chapter.tex
Ideal endpoint	definition	VII	VII/31	Hyperbolic Plane Models	def:vii31-ideal-endpoint	books/vol07_differential_geometry/chapters/ch31_hyperbolic_plane_models/chapter.tex
Ideal-sheaf characterization	theorem	VI	VI/40	Cartier Divisors	thm:vi40-effective-ideal	books/vol06_algebraic_geometry/chapters/ch40_cartier_divisors/chapter.tex
Idempotence	corollary	VI	VI/14	Sheafification	UNLABELLED	books/vol06_algebraic_geometry/chapters/ch14_sheafification/chapter.tex
Idempotent	definition	VI	VI/05	Irreducibility, Components and Connectedness	UNLABELLED	books/vol06_algebraic_geometry/chapters/ch05_irreducibility_components/chapter.tex
Identity	proposition	VII	VII/03	Smooth Maps and Diffeomorphisms	prop:vii03-identity	books/vol07_differential_geometry/chapters/ch03_smooth_maps_and_diffeomorphisms/chapter.tex
Identity and constant map	proposition	VIII	VIII/03	Degree of Maps	prop:viii03-normalization	books/vol08_algebraic_topology/chapters/ch03_degree_of_maps/chapter.tex
Identity and constants	proposition	VII	VII/04	Tangent Spaces	prop:vii04-identity-constant	books/vol07_differential_geometry/chapters/ch04_tangent_spaces/chapter.tex
Identity base change	proposition	VI	VI/24	Base Change	prop:vi24-identity	books/vol06_algebraic_geometry/chapters/ch24_base_change/chapter.tex
Identity cone contracts	theorem	VIII	VIII/24	Mapping Cones of Chain Maps	thm:viii24-id-cone	books/vol08_algebraic_topology/chapters/ch24_mapping_cones_of_chain_maps/chapter.tex
Identity theorem	theorem	IV	IV/07	Zeros and the Identity Theorem	thm:iv07-03	books/vol04_complex_analysis/chapters/ch07_zeros_and_the_identity_theorem/chapter.tex
Image control	proposition	VIII	VIII/01	Homotopies of Maps	prop:viii01-image-control	books/vol08_algebraic_topology/chapters/ch01_homotopies_of_maps/chapter.tex
Image sheaf	definition	VI	VI/15	Kernels, Images and Quotients of Sheaves	UNLABELLED	books/vol06_algebraic_geometry/chapters/ch15_kernels_images_quotients/chapter.tex
Image stalk	theorem	VI	VI/15	Kernels, Images and Quotients of Sheaves	UNLABELLED	books/vol06_algebraic_geometry/chapters/ch15_kernels_images_quotients/chapter.tex
Image-closure theorem	theorem	VI	VI/07	The Spectrum of a Ring	UNLABELLED	books/vol06_algebraic_geometry/chapters/ch07_spectrum_of_a_ring/chapter.tex
Imaginary-part transformation	theorem	VII	VII/33	Möbius Transformations and PSL(2,R)	thm:vii33-imag	books/vol07_differential_geometry/chapters/ch33_m_bius_transformations_and_psl_2_r/chapter.tex
Immersion and submersion at a point	definition	VII	VII/04	Tangent Spaces	def:vii04-immersion-submersion	books/vol07_differential_geometry/chapters/ch04_tangent_spaces/chapter.tex
Implicit function theorem	theorem	II	II/09	Inverse and Implicit Function Principles	thm:ii09-03	books/vol02_real_analysis/chapters/ch09_inverse_and_implicit_function_principles/chapter.tex
Implicit surface criterion	theorem	VII	VII/14	Regular Surfaces	thm:vii14-implicit	books/vol07_differential_geometry/chapters/ch14_regular_surfaces/chapter.tex
Incidence by ideal containment	proposition	VI	VI/06	Prime Ideals as Geometric Points	prop:vi06-incidence	books/vol06_algebraic_geometry/chapters/ch06_prime_ideals_geometric_points/chapter.tex
Incidence model of the point blow-up	definition	VI	VI/45	Blow-Ups	def:vi45-incidence-blowup	books/vol06_algebraic_geometry/chapters/ch45_blow_ups/chapter.tex
Inclusion criterion	theorem	VI	VI/08	Basic Open Sets D(f)	UNLABELLED	books/vol06_algebraic_geometry/chapters/ch08_basic_open_sets/chapter.tex
Independence of regular value	theorem	VIII	VIII/03	Degree of Maps	thm:viii03-regular-independence	books/vol08_algebraic_topology/chapters/ch03_degree_of_maps/chapter.tex
Induced chain map	theorem	VIII	VIII/17	Simplicial and Singular Homology	thm:viii17-induced-chain	books/vol08_algebraic_topology/chapters/ch17_simplicial_and_singular_homology/chapter.tex
Induced Levi--Civita connection	theorem	VII	VII/22	The Levi–Civita Connection	thm:vii22-projection	books/vol07_differential_geometry/chapters/ch22_the_levi_civita_connection/chapter.tex
Induced smooth structure	proposition	VII	VII/06	Submanifolds and Products	prop:vii06-induced-structure	books/vol07_differential_geometry/chapters/ch06_submanifolds_and_products/chapter.tex
Infinite field: cofinite topology	theorem	VI	VI/02	The Zariski Topology	thm:vi02-a1-cofinite	books/vol06_algebraic_geometry/chapters/ch02_zariski_topology/chapter.tex
Infinitely near point	definition	VI	VI/45	Blow-Ups	def:vi45-infinitely-near	books/vol06_algebraic_geometry/chapters/ch45_blow_ups/chapter.tex
Infinitesimal holonomy preview	theorem	VII	VII/25	Holonomy	thm:vii25-infinitesimal	books/vol07_differential_geometry/chapters/ch25_holonomy/chapter.tex
Initial-value problem	theorem	VII	VII/23	Geodesics	thm:vii23-ivp	books/vol07_differential_geometry/chapters/ch23_geodesics/chapter.tex
Injective sheaves are flabby	proposition	VI	VI/46	Flabby Sheaves	prop:vi46-injective	books/vol06_algebraic_geometry/chapters/ch46_flabby_sheaves/chapter.tex
Injective vanishing	corollary	VI	VI/49	Basic Vanishing Results	cor:vi49-injective-vanish	books/vol06_algebraic_geometry/chapters/ch49_basic_vanishing_results/chapter.tex
Inner-product preservation criterion	theorem	I	I/15	Orthogonal and Unitary Operators	thm:i15-01	books/vol01_linear_algebra/chapters/ch15_orthogonal_and_unitary_operators/chapter.tex
Integer-valued index	theorem	IV	IV/12	Winding Numbers and the Argument Principle	thm:iv12-01	books/vol04_complex_analysis/chapters/ch12_winding_numbers_and_the_argument_principle/chapter.tex
Integral of a chart-supported top form	definition	VII	VII/10	Orientation and Integration	def:vii10-chart-integral	books/vol07_differential_geometry/chapters/ch10_orientation_and_integration/chapter.tex
Integral on an oriented manifold	definition	VII	VII/10	Orientation and Integration	def:vii10-global-integral	books/vol07_differential_geometry/chapters/ch10_orientation_and_integration/chapter.tex
Integral scheme	definition	VI	VI/27	Integral Schemes and Function Fields	def:vi27-integral	books/vol06_algebraic_geometry/chapters/ch27_integral_schemes_function_fields/chapter.tex
Interpolation existence and uniqueness	theorem	II	II/20	Polynomial Interpolation	thm:ii20-01	books/vol02_real_analysis/chapters/ch20_polynomial_interpolation/chapter.tex
Interpolation remainder	theorem	II	II/20	Polynomial Interpolation	thm:ii20-03	books/vol02_real_analysis/chapters/ch20_polynomial_interpolation/chapter.tex
Interpolation space	proposition	VIII	VIII/08	Homotopic Attaching Maps	prop:viii08-interpolation	books/vol08_algebraic_topology/chapters/ch08_homotopic_attaching_maps/chapter.tex
Intersection by sum of ideals	proposition	VI	VI/37	Projective Morphisms and Closed Embeddings	prop:vi37-intersection	books/vol06_algebraic_geometry/chapters/ch37_projective_schemes/chapter.tex
Intersection form	theorem	VI	VI/45	Blow-Ups	thm:vi45-intersection-form	books/vol06_algebraic_geometry/chapters/ch45_blow_ups/chapter.tex
Intersection form	definition	VIII	VIII/34	Intersection Forms	def:viii34-intersection-form	books/vol08_algebraic_topology/chapters/ch34_intersection_forms/chapter.tex
Intersection-graph criterion	theorem	VI	VI/05	Irreducibility, Components and Connectedness	thm:vi05-intersection-graph	books/vol06_algebraic_geometry/chapters/ch05_irreducibility_components/chapter.tex
Intersection-product equality	theorem	V	V/04	Chinese Remainder Theory	thm:v04-02	books/vol05_commutative_algebra/chapters/ch04_chinese_remainder_theory/chapter.tex
Interval classification	proposition	VII	VII/30	Riemannian versus Lorentzian Geometry	prop:vii30-interval	books/vol07_differential_geometry/chapters/ch30_riemannian_versus_lorentzian_geometry/chapter.tex
Interval fixed-point theorem	theorem	II	II/17	Brouwer-Type Fixed-Point Ideas	thm:ii17-01	books/vol02_real_analysis/chapters/ch17_brouwer_type_fixed_point_ideas/chapter.tex
Intervals are connected	theorem	II	II/07	Connectedness and Path Connectedness	thm:ii07-02	books/vol02_real_analysis/chapters/ch07_connectedness_and_path_connectedness/chapter.tex
Intrinsic invariance	proposition	VII	VII/38	Discrete Geodesic Problems	prop:vii38-intrinsic	books/vol07_differential_geometry/chapters/ch38_discrete_geodesic_problems/chapter.tex
Inverse function theorem \proofstatus{proof sketch}	theorem	II	II/09	Inverse and Implicit Function Principles	thm:ii09-01	books/vol02_real_analysis/chapters/ch09_inverse_and_implicit_function_principles/chapter.tex
Inverse of an isomorphism	theorem	I	I/05	Linear Transformations	thm:i05-02	books/vol01_linear_algebra/chapters/ch05_linear_transformations/chapter.tex
Inverse-limit description	theorem	V	V/18	Completion and I-Adic Topology	thm:v18-01	books/vol05_commutative_algebra/chapters/ch18_completion_and_i_adic_topology/chapter.tex
Invertible sheaf	definition	VI	VI/42	Line Bundles and Picard Groups	def:vi42-invertible-sheaf	books/vol06_algebraic_geometry/chapters/ch42_line_bundles_and_picard_groups/chapter.tex
Irreducible component	definition	VI	VI/05	Irreducibility, Components and Connectedness	UNLABELLED	books/vol06_algebraic_geometry/chapters/ch05_irreducibility_components/chapter.tex
Irreducible space	definition	VI	VI/05	Irreducibility, Components and Connectedness	UNLABELLED	books/vol06_algebraic_geometry/chapters/ch05_irreducibility_components/chapter.tex
Irrelevant ideal	definition	VI	VI/34	Proj	UNLABELLED	books/vol06_algebraic_geometry/chapters/ch34_graded_rings/chapter.tex
Isolated zeros	theorem	IV	IV/07	Zeros and the Identity Theorem	thm:iv07-02	books/vol04_complex_analysis/chapters/ch07_zeros_and_the_identity_theorem/chapter.tex
Isolation criterion	proposition	VII	VII/35	Fuchsian Groups	prop:vii35-isolation	books/vol07_differential_geometry/chapters/ch35_fuchsian_groups/chapter.tex
Isometries preserve length	proposition	VII	VII/20	Riemannian Metrics	prop:vii20-isometry-length	books/vol07_differential_geometry/chapters/ch20_riemannian_metrics/chapter.tex
Isomorphism	definition	VI	VI/04	Morphisms of Affine Algebraic Sets	UNLABELLED	books/vol06_algebraic_geometry/chapters/ch04_morphisms_affine_algebraic_sets/chapter.tex
Isomorphism criterion	theorem	VI	VI/04	Morphisms of Affine Algebraic Sets	thm:vi04-iso-criterion	books/vol06_algebraic_geometry/chapters/ch04_morphisms_affine_algebraic_sets/chapter.tex
Isomorphism of coverings	definition	VIII	VIII/10	Covering Spaces	def:viii10-cover-isomorphism	books/vol08_algebraic_topology/chapters/ch10_covering_spaces/chapter.tex
Isotropy subgroup	theorem	VII	VII/33	Möbius Transformations and PSL(2,R)	thm:vii33-stabilizer	books/vol07_differential_geometry/chapters/ch33_m_bius_transformations_and_psl_2_r/chapter.tex
Iterated base change	proposition	VI	VI/24	Base Change	prop:vi24-iterated	books/vol06_algebraic_geometry/chapters/ch24_base_change/chapter.tex
Jacobian formula	theorem	VII	VII/04	Tangent Spaces	thm:vii04-jacobian	books/vol07_differential_geometry/chapters/ch04_tangent_spaces/chapter.tex
Jacobian of the Gauss map	theorem	VII	VII/17	Principal, Gaussian and Mean Curvature	thm:vii17-gauss-jacobian	books/vol07_differential_geometry/chapters/ch17_principal_gaussian_and_mean_curvature/chapter.tex
Jordan block invariants	theorem	I	I/12	Canonical Forms	thm:i12-02	books/vol01_linear_algebra/chapters/ch12_canonical_forms/chapter.tex
Jump formula	theorem	III	III/17	Support and Singular Distributions	thm:iii17-03	books/vol03_fourier_distributions_pde/chapters/ch17_support_and_singular_distributions/chapter.tex
Kernel annihilator	proposition	VII	VII/05	Cotangent Spaces	prop:vii05-kernel-annihilator	books/vol07_differential_geometry/chapters/ch05_cotangent_spaces/chapter.tex
Kernel of constant-rank bundle map	proposition	VII	VII/07	Vector Bundles	prop:vii07-kernel-subbundle	books/vol07_differential_geometry/chapters/ch07_vector_bundles/chapter.tex
Kernel of restriction	proposition	VI	VI/03	Coordinate Rings	prop:vi03-kernel	books/vol06_algebraic_geometry/chapters/ch03_coordinate_rings/chapter.tex
Kernel of the rotation map	theorem	VIII	VIII/13	SU(2) to SO(3)	thm:viii13-kernel	books/vol08_algebraic_topology/chapters/ch13_su2_to_so3/chapter.tex
Kernel sheaf	theorem	VI	VI/15	Kernels, Images and Quotients of Sheaves	UNLABELLED	books/vol06_algebraic_geometry/chapters/ch15_kernels_images_quotients/chapter.tex
Kernel sup bound	theorem	II	II/18	Integral Equations	thm:ii18-02	books/vol02_real_analysis/chapters/ch18_integral_equations/chapter.tex
Kernel--image relation	proposition	VI	VI/04	Morphisms of Affine Algebraic Sets	prop:vi04-kernel-image	books/vol06_algebraic_geometry/chapters/ch04_morphisms_affine_algebraic_sets/chapter.tex
Keyhole jump identity	theorem	IV	IV/21	Keyhole Contours and Branch-Cut Integrals	thm:iv21-01	books/vol04_complex_analysis/chapters/ch21_keyhole_contours_and_branch_cut_integrals/chapter.tex
Keyhole reduction principle	theorem	IV	IV/21	Keyhole Contours and Branch-Cut Integrals	thm:iv21-02	books/vol04_complex_analysis/chapters/ch21_keyhole_contours_and_branch_cut_integrals/chapter.tex
Klein geodesics	proposition	VII	VII/31	Hyperbolic Plane Models	prop:vii31-klein-geodesics	books/vol07_differential_geometry/chapters/ch31_hyperbolic_plane_models/chapter.tex
Klein model	definition	VII	VII/31	Hyperbolic Plane Models	def:vii31-klein	books/vol07_differential_geometry/chapters/ch31_hyperbolic_plane_models/chapter.tex
Kleinian group	definition	VII	VII/37	Kleinian Groups and Boundary Geometry	def:vii37-kleinian	books/vol07_differential_geometry/chapters/ch37_kleinian_groups_and_boundary_geometry/chapter.tex
Koszul formula	theorem	VII	VII/22	The Levi–Civita Connection	thm:vii22-koszul	books/vol07_differential_geometry/chapters/ch22_the_levi_civita_connection/chapter.tex
Krull dimension	definition	VI	VI/29	Krull Dimension	def:vi29-krull-dimension	books/vol06_algebraic_geometry/chapters/ch29_krull_dimension/chapter.tex
Kulkarni--Nomizu product	definition	VII	VII/28	Weyl Curvature	def:vii28-kn	books/vol07_differential_geometry/chapters/ch28_weyl_curvature/chapter.tex
Künneth theorem	theorem	VIII	VIII/27	Products and the Künneth Theorem	thm:viii27-kunneth	books/vol08_algebraic_topology/chapters/ch27_products_and_the_k_nneth_theorem/chapter.tex
Lagrange continued-fraction theorem	theorem	II	II/25	Continued Fractions and Approximation Topics	thm:ii25-04	books/vol02_real_analysis/chapters/ch25_continued_fractions_and_approximation_topics/chapter.tex
Lagrange formula	theorem	II	II/20	Polynomial Interpolation	thm:ii20-02	books/vol02_real_analysis/chapters/ch20_polynomial_interpolation/chapter.tex
Laurent coefficient formula	theorem	IV	IV/08	Laurent Series	thm:iv08-02	books/vol04_complex_analysis/chapters/ch08_laurent_series/chapter.tex
Laurent theorem	theorem	IV	IV/08	Laurent Series	thm:iv08-01	books/vol04_complex_analysis/chapters/ch08_laurent_series/chapter.tex
Lax--Milgram theorem	theorem	III	III/23	Weak Boundary-Value Problems	thm:iii23-01	books/vol03_fourier_distributions_pde/chapters/ch23_weak_boundary_value_problems/chapter.tex
Lebesgue quasi-optimality bound	theorem	II	II/20	Polynomial Interpolation	thm:ii20-lebesgue-quasioptimal	books/vol02_real_analysis/chapters/ch20_polynomial_interpolation/chapter.tex
Lebesgue stability bound	theorem	II	II/20	Polynomial Interpolation	thm:ii20-lebesgue-stability	books/vol02_real_analysis/chapters/ch20_polynomial_interpolation/chapter.tex
Lefschetz fixed-point theorem	theorem	VIII	VIII/35	Lefschetz Theory	thm:viii35-lefschetz-fixed-point	books/vol08_algebraic_topology/chapters/ch35_lefschetz_theory/chapter.tex
Lefschetz number	definition	VIII	VIII/35	Lefschetz Theory	def:viii35-lefschetz-number	books/vol08_algebraic_topology/chapters/ch35_lefschetz_theory/chapter.tex
Lefschetz--Hopf	theorem	VIII	VIII/35	Lefschetz Theory	thm:viii35-lefschetz-hopf	books/vol08_algebraic_topology/chapters/ch35_lefschetz_theory/chapter.tex
Left exactness of sections	theorem	VI	VI/16	Exact Sequences of Sheaves	thm:vi16-left-exact-sections	books/vol06_algebraic_geometry/chapters/ch16_exact_sequences_sheaves/chapter.tex
Length	definition	VII	VII/12	Regular Curves	def:vii12-length	books/vol07_differential_geometry/chapters/ch12_regular_curves/chapter.tex
Length is reparametrization invariant	theorem	VII	VII/12	Regular Curves	thm:vii12-length-invariant	books/vol07_differential_geometry/chapters/ch12_regular_curves/chapter.tex
Length of a curve	definition	VII	VII/20	Riemannian Metrics	def:vii20-curve-length	books/vol07_differential_geometry/chapters/ch20_riemannian_metrics/chapter.tex
Length of a surface curve	proposition	VII	VII/15	First and Second Fundamental Forms	prop:vii15-length	books/vol07_differential_geometry/chapters/ch15_first_and_second_fundamental_forms/chapter.tex
Leray comparison criterion	theorem	VI	VI/47	Čech Cohomology	thm:vi47-leray	books/vol06_algebraic_geometry/chapters/ch47_ech_cohomology/chapter.tex
Lift	definition	VIII	VIII/11	Lifting Properties	def:viii11-lift	books/vol08_algebraic_topology/chapters/ch11_lifting_properties/chapter.tex
Lifting criterion	theorem	VIII	VIII/11	Lifting Properties	thm:viii11-general-criterion	books/vol08_algebraic_topology/chapters/ch11_lifting_properties/chapter.tex
Limit set	definition	VII	VII/37	Kleinian Groups and Boundary Geometry	def:vii37-limitset	books/vol07_differential_geometry/chapters/ch37_kleinian_groups_and_boundary_geometry/chapter.tex
Limit set in dimension two	definition	VII	VII/35	Fuchsian Groups	def:vii35-limitset	books/vol07_differential_geometry/chapters/ch35_fuchsian_groups/chapter.tex
Line bundle and sections define a projective morphism	theorem	VI	VI/42	Line Bundles and Picard Groups	thm:vi42-sections-projective-map	books/vol06_algebraic_geometry/chapters/ch42_line_bundles_and_picard_groups/chapter.tex
Line bundles as unit-valued 1-cocycles	proposition	VI	VI/47	Čech Cohomology	prop:vi47-pic-cech	books/vol06_algebraic_geometry/chapters/ch47_ech_cohomology/chapter.tex
Line integral of a one-form	definition	VII	VII/12	Regular Curves	def:vii12-line-integral	books/vol07_differential_geometry/chapters/ch12_regular_curves/chapter.tex
Line of curvature	definition	VII	VII/42	Curvature Lines, Ridges and Valleys	def:vii42-curvature-line	books/vol07_differential_geometry/chapters/ch42_curvature_lines_ridges_and_valleys/chapter.tex
Line--conic correspondence	proposition	VI	VI/44	Cremona Transformations	prop:vi44-line-to-conic	books/vol06_algebraic_geometry/chapters/ch44_cremona_transformations/chapter.tex
Linear equivalence	definition	VI	VI/41	Divisor Class Groups	def:vi41-linear-equivalence	books/vol06_algebraic_geometry/chapters/ch41_divisor_class_groups/chapter.tex
Linear frame bundle of a manifold	corollary	VII	VII/08	Principal and Frame Bundles	cor:vii08-lin-frame	books/vol07_differential_geometry/chapters/ch08_principal_and_frame_bundles/chapter.tex
Linear-combination regrouping	theorem	I	I/01	Scalars, Vectors and Linear Combinations	thm:i01-02	books/vol01_linear_algebra/chapters/ch01_scalars_vectors_and_linear_combinations/chapter.tex
Linearity	theorem	III	III/03	The Lebesgue Integral	thm:iii03-03	books/vol03_fourier_distributions_pde/chapters/ch03_the_lebesgue_integral/chapter.tex
Linearity and invertibility	proposition	VII	VII/24	Parallel Transport	prop:vii24-linear	books/vol07_differential_geometry/chapters/ch24_parallel_transport/chapter.tex
Linearity and positivity	proposition	VII	VII/10	Orientation and Integration	prop:vii10-linearity	books/vol07_differential_geometry/chapters/ch10_orientation_and_integration/chapter.tex
Link	definition	VIII	VIII/15	Simplicial Complexes	def:viii15-link	books/vol08_algebraic_topology/chapters/ch15_simplicial_complexes/chapter.tex
Liouville theorem	theorem	IV	IV/06	Cauchy's Integral Formula	thm:iv06-04	books/vol04_complex_analysis/chapters/ch06_cauchy_s_integral_formula/chapter.tex
Lipschitz implies uniform continuity	theorem	II	II/05	Metric Spaces and Continuity	thm:ii05-03	books/vol02_real_analysis/chapters/ch05_metric_spaces_and_continuity/chapter.tex
Local constancy of index	theorem	IV	IV/12	Winding Numbers and the Argument Principle	thm:iv12-04	books/vol04_complex_analysis/chapters/ch12_winding_numbers_and_the_argument_principle/chapter.tex
Local coordinate description	proposition	VII	VII/07	Vector Bundles	prop:vii07-section-local	books/vol07_differential_geometry/chapters/ch07_vector_bundles/chapter.tex
Local coordinate from an unramified projection	theorem	IV	IV/22	From Analytic Continuation to Riemann Surfaces	thm:iv22-01	books/vol04_complex_analysis/chapters/ch22_from_analytic_continuation_to_riemann_surfaces/chapter.tex
Local criterion for reducedness	theorem	VI	VI/10	Reduced and Nonreduced Geometry	UNLABELLED	books/vol06_algebraic_geometry/chapters/ch10_reduced_nonreduced_geometry/chapter.tex
Local embeddedness	proposition	VII	VII/12	Regular Curves	prop:vii12-local-embedded	books/vol07_differential_geometry/chapters/ch12_regular_curves/chapter.tex
Local finite-order characterization	theorem	III	III/16	Distributions and Distributional Derivatives	thm:iii16-04	books/vol03_fourier_distributions_pde/chapters/ch16_distributions_and_distributional_derivatives/chapter.tex
Local frame	definition	VI	VI/42	Line Bundles and Picard Groups	def:vi42-local-frame	books/vol06_algebraic_geometry/chapters/ch42_line_bundles_and_picard_groups/chapter.tex
Local half-space calculation	proposition	VII	VII/11	Stokes' Theorem	prop:vii11-local-halfspace	books/vol07_differential_geometry/chapters/ch11_stokes_theorem/chapter.tex
Local homomorphism	definition	VI	VI/11	Local Rings and Residue Fields	UNLABELLED	books/vol06_algebraic_geometry/chapters/ch11_local_rings_residue_fields/chapter.tex
Local isometry of surfaces	definition	VII	VII/15	First and Second Fundamental Forms	def:vii15-local-isometry	books/vol07_differential_geometry/chapters/ch15_first_and_second_fundamental_forms/chapter.tex
Local lifting criterion for epimorphisms	theorem	VI	VI/16	Exact Sequences of Sheaves	thm:vi16-epi-local	books/vol06_algebraic_geometry/chapters/ch16_exact_sequences_sheaves/chapter.tex
Local lifts produce a cocycle	proposition	VI	VI/48	Exact Sequences and Cohomology	prop:vi48-local-lift	books/vol06_algebraic_geometry/chapters/ch48_exact_sequences_and_cohomology/chapter.tex
Local minimality criterion	theorem	V	V/25	Minimal Resolutions	thm:v25-01	books/vol05_commutative_algebra/chapters/ch25_minimal_resolutions/chapter.tex
Local minimization	theorem	VII	VII/23	Geodesics	thm:vii23-local-min	books/vol07_differential_geometry/chapters/ch23_geodesics/chapter.tex
Local obstruction at the vertex	proposition	VI	VI/41	Divisor Class Groups	prop:vi41-local-cone-class	books/vol06_algebraic_geometry/chapters/ch41_divisor_class_groups/chapter.tex
Local ramification model	theorem	IV	IV/24	Branched Coverings	thm:iv24-01	books/vol04_complex_analysis/chapters/ch24_branched_coverings/chapter.tex
Local representability	proposition	VI	VI/14	Sheafification	UNLABELLED	books/vol06_algebraic_geometry/chapters/ch14_sheafification/chapter.tex
Local ring	definition	VI	VI/11	Local Rings and Residue Fields	UNLABELLED	books/vol06_algebraic_geometry/chapters/ch11_local_rings_residue_fields/chapter.tex
Local ring does not change after shrinking around the point	proposition	VI	VI/11	Local Rings and Residue Fields	UNLABELLED	books/vol06_algebraic_geometry/chapters/ch11_local_rings_residue_fields/chapter.tex
Local section versus trivialization	proposition	VII	VII/08	Principal and Frame Bundles	prop:vii08-local-section	books/vol07_differential_geometry/chapters/ch08_principal_and_frame_bundles/chapter.tex
Local sign	definition	VIII	VIII/03	Degree of Maps	def:viii03-local-sign	books/vol08_algebraic_topology/chapters/ch03_degree_of_maps/chapter.tex
Local unit normal	definition	VII	VII/14	Regular Surfaces	def:vii14-unit-normal	books/vol07_differential_geometry/chapters/ch14_regular_surfaces/chapter.tex
Local unit normal	definition	VII	VII/16	The Gauss Map and Shape Operator	def:vii16-local-normal	books/vol07_differential_geometry/chapters/ch16_the_gauss_map_and_shape_operator/chapter.tex
Local zero factorization	theorem	IV	IV/07	Zeros and the Identity Theorem	thm:iv07-01	books/vol04_complex_analysis/chapters/ch07_zeros_and_the_identity_theorem/chapter.tex
Local-equation description	proposition	VI	VI/40	Cartier Divisors	prop:vi40-local-equations	books/vol06_algebraic_geometry/chapters/ch40_cartier_divisors/chapter.tex
Local-ring characterization of codimension	theorem	VI	VI/31	Codimension	thm:vi31-inf-local	books/vol06_algebraic_geometry/chapters/ch31_codimension/chapter.tex
Local-ring dimension	definition	VI	VI/32	Tangent Spaces and Local Geometry	def:vi32-local-dim	books/vol06_algebraic_geometry/chapters/ch32_tangent_spaces_and_local_geometry/chapter.tex
Locality	theorem	VII	VII/03	Smooth Maps and Diffeomorphisms	thm:vii03-locality	books/vol07_differential_geometry/chapters/ch03_smooth_maps_and_diffeomorphisms/chapter.tex
Localization after quotient	proposition	VI	VI/11	Local Rings and Residue Fields	UNLABELLED	books/vol06_algebraic_geometry/chapters/ch11_local_rings_residue_fields/chapter.tex
Localization cannot increase dimension	proposition	VI	VI/29	Krull Dimension	prop:vi29-localization-dimension	books/vol06_algebraic_geometry/chapters/ch29_krull_dimension/chapter.tex
Localization commutes with quotient	theorem	V	V/06	Localization of Rings	thm:v06-03	books/vol05_commutative_algebra/chapters/ch06_localization_of_rings/chapter.tex
Localization commutes with quotient	theorem	V	V/07	Localization of Modules	thm:v07-03	books/vol05_commutative_algebra/chapters/ch07_localization_of_modules/chapter.tex
Localization exact sequence	theorem	VI	VI/41	Divisor Class Groups	thm:vi41-localization	books/vol06_algebraic_geometry/chapters/ch41_divisor_class_groups/chapter.tex
Localization is flat	theorem	V	V/14	Flat Modules	thm:v14-03	books/vol05_commutative_algebra/chapters/ch14_flat_modules/chapter.tex
Localization of Hom for finitely presented modules	theorem	V	V/12	Hom and Finitely Presented Modules	thm:v12-03	books/vol05_commutative_algebra/chapters/ch12_hom_and_finitely_presented_modules/chapter.tex
Localization of integral closure	theorem	V	V/20	Integral Closure and Normalization	thm:v20-02	books/vol05_commutative_algebra/chapters/ch20_integral_closure_and_normalization/chapter.tex
Locally conformally flat	definition	VII	VII/28	Weyl Curvature	def:vii28-lcf	books/vol07_differential_geometry/chapters/ch28_weyl_curvature/chapter.tex
Locally constant functions	proposition	VI	VI/13	Sheaves and Stalks	UNLABELLED	books/vol06_algebraic_geometry/chapters/ch13_sheaves_stalks/chapter.tex
Locally Euclidean space	definition	VII	VII/01	Topological Manifolds	def:vii01-locally-euclidean	books/vol07_differential_geometry/chapters/ch01_topological_manifolds/chapter.tex
Locally factorial	definition	VI	VI/40	Cartier Divisors	def:vi40-locally-factorial	books/vol06_algebraic_geometry/chapters/ch40_cartier_divisors/chapter.tex
Locally factorial	definition	VI	VI/41	Divisor Class Groups	def:vi41-locally-factorial	books/vol06_algebraic_geometry/chapters/ch41_divisor_class_groups/chapter.tex
Locally factorial comparison	corollary	VI	VI/42	Line Bundles and Picard Groups	cor:vi42-locally-factorial	books/vol06_algebraic_geometry/chapters/ch42_line_bundles_and_picard_groups/chapter.tex
Locally factorial criterion	theorem	VI	VI/40	Cartier Divisors	thm:vi40-factorial-weil-cartier	books/vol06_algebraic_geometry/chapters/ch40_cartier_divisors/chapter.tex
Locally finite	definition	VIII	VIII/06	CW Complexes	def:viii06-locally-finite	books/vol08_algebraic_topology/chapters/ch06_cw_complexes/chapter.tex
Locally free sheaf	definition	VI	VI/33	Graded Rings	UNLABELLED	books/vol06_algebraic_geometry/chapters/ch33_o_x_modules_quasicoherent/chapter.tex
Locally in the image	theorem	VI	VI/15	Kernels, Images and Quotients of Sheaves	UNLABELLED	books/vol06_algebraic_geometry/chapters/ch15_kernels_images_quotients/chapter.tex
Locally Noetherian and Noetherian	definition	VI	VI/26	Finite-Type and Noetherian Morphisms	def:vi26-noetherian-scheme	books/vol06_algebraic_geometry/chapters/ch26_finite_type_noetherian_morphisms/chapter.tex
Locally of finite type	definition	VI	VI/26	Finite-Type and Noetherian Morphisms	def:vi26-lft	books/vol06_algebraic_geometry/chapters/ch26_finite_type_noetherian_morphisms/chapter.tex
Log-convex interpolation	theorem	III	III/07	Hölder, Minkowski and Interpolation	thm:iii07-03	books/vol03_fourier_distributions_pde/chapters/ch07_h_lder_minkowski_and_interpolation/chapter.tex
Logarithm branch criterion	theorem	IV	IV/14	Branches of the Logarithm and Roots	thm:iv14-01	books/vol04_complex_analysis/chapters/ch14_branches_of_the_logarithm_and_roots/chapter.tex
Long exact sequence of a pair	theorem	VIII	VIII/19	Relative Homology and Exact Sequences	thm:viii19-les-pair	books/vol08_algebraic_topology/chapters/ch19_relative_homology_and_exact_sequences/chapter.tex
Long exact sequence of a triple	theorem	VIII	VIII/19	Relative Homology and Exact Sequences	thm:viii19-les-triple	books/vol08_algebraic_topology/chapters/ch19_relative_homology_and_exact_sequences/chapter.tex
Lorentzian distance	theorem	VII	VII/36	Hyperbolic Three-Space and PSL(2,C)	thm:vii36-lorentz-distance	books/vol07_differential_geometry/chapters/ch36_hyperbolic_three_space_and_psl_2_c/chapter.tex
Lorentzian metric	definition	VII	VII/29	Indefinite Metrics	def:vii29-lorentzian	books/vol07_differential_geometry/chapters/ch29_indefinite_metrics/chapter.tex
Lorentzian orthogonal complements	proposition	VII	VII/30	Riemannian versus Lorentzian Geometry	prop:vii30-orth	books/vol07_differential_geometry/chapters/ch30_riemannian_versus_lorentzian_geometry/chapter.tex
Loxodromic element	definition	VII	VII/36	Hyperbolic Three-Space and PSL(2,C)	def:vii36-loxodromic	books/vol07_differential_geometry/chapters/ch36_hyperbolic_three_space_and_psl_2_c/chapter.tex
Lumped barycentric mass	definition	VII	VII/41	Discrete Laplacians	def:vii41-lumped	books/vol07_differential_geometry/chapters/ch41_discrete_laplacians/chapter.tex
Manifold dimension	corollary	VII	VII/03	Smooth Maps and Diffeomorphisms	cor:vii03-manifold-dimension	books/vol07_differential_geometry/chapters/ch03_smooth_maps_and_diffeomorphisms/chapter.tex
Map of mapping cones	proposition	VIII	VIII/07	Mapping Cones	prop:viii07-functorial	books/vol08_algebraic_topology/chapters/ch07_mapping_cones/chapter.tex
Mapping cone	definition	VIII	VIII/07	Mapping Cones	def:viii07-mapping-cone	books/vol08_algebraic_topology/chapters/ch07_mapping_cones/chapter.tex
Mapping cone	definition	VIII	VIII/24	Mapping Cones of Chain Maps	def:viii24-cone	books/vol08_algebraic_topology/chapters/ch24_mapping_cones_of_chain_maps/chapter.tex
Mapping cylinder	definition	VIII	VIII/07	Mapping Cones	def:viii07-mapping-cylinder	books/vol08_algebraic_topology/chapters/ch07_mapping_cones/chapter.tex
Matrix composition rule	theorem	I	I/07	Matrix Representation of Linear Maps	thm:i07-01	books/vol01_linear_algebra/chapters/ch07_matrix_representation_of_linear_maps/chapter.tex
Matrix relation	theorem	VII	VII/16	The Gauss Map and Shape Operator	thm:vii16-matrix	books/vol07_differential_geometry/chapters/ch16_the_gauss_map_and_shape_operator/chapter.tex
Maximal atlas	theorem	VII	VII/02	Smooth Structures and Atlases	thm:vii02-maximal-atlas	books/vol07_differential_geometry/chapters/ch02_smooth_structures_and_atlases/chapter.tex
Maximal disjoint ideal is prime	theorem	V	V/05	Multiplicative Systems	thm:v05-01	books/vol05_commutative_algebra/chapters/ch05_multiplicative_systems/chapter.tex
Maximal ideals	corollary	VI	VI/11	Local Rings and Residue Fields	UNLABELLED	books/vol06_algebraic_geometry/chapters/ch11_local_rings_residue_fields/chapter.tex
Maximal ideals are prime	corollary	VI	VI/06	Prime Ideals as Geometric Points	cor:vi06-maximal-prime	books/vol06_algebraic_geometry/chapters/ch06_prime_ideals_geometric_points/chapter.tex
Maximal implies prime	theorem	V	V/02	Prime and Maximal Ideals	thm:v02-03	books/vol05_commutative_algebra/chapters/ch02_prime_and_maximal_ideals/chapter.tex
Maximal quotient criterion	theorem	V	V/02	Prime and Maximal Ideals	thm:v02-02	books/vol05_commutative_algebra/chapters/ch02_prime_and_maximal_ideals/chapter.tex
Maximal-local detection	theorem	V	V/16	Support	thm:v16-03	books/vol05_commutative_algebra/chapters/ch16_support/chapter.tex
Mean curvature	definition	VII	VII/17	Principal, Gaussian and Mean Curvature	def:vii17-mean	books/vol07_differential_geometry/chapters/ch17_principal_gaussian_and_mean_curvature/chapter.tex
Meromorphic continuation	theorem	IV	IV/19	The Gamma Function	thm:iv19-02	books/vol04_complex_analysis/chapters/ch19_the_gamma_function/chapter.tex
Metric coefficients	definition	VII	VII/15	First and Second Fundamental Forms	def:vii15-EFG	books/vol07_differential_geometry/chapters/ch15_first_and_second_fundamental_forms/chapter.tex
Metric duals	proposition	VII	VII/24	Parallel Transport	prop:vii24-musical	books/vol07_differential_geometry/chapters/ch24_parallel_transport/chapter.tex
Metric invariance	theorem	VII	VII/33	Möbius Transformations and PSL(2,R)	thm:vii33-metric-invariance	books/vol07_differential_geometry/chapters/ch33_m_bius_transformations_and_psl_2_r/chapter.tex
Metric normalization	theorem	VII	VII/23	Geodesics	thm:vii23-normal-metric	books/vol07_differential_geometry/chapters/ch23_geodesics/chapter.tex
Metric preservation	theorem	VII	VII/24	Parallel Transport	thm:vii24-metric	books/vol07_differential_geometry/chapters/ch24_parallel_transport/chapter.tex
Metric property	proposition	VII	VII/38	Discrete Geodesic Problems	prop:vii38-metric	books/vol07_differential_geometry/chapters/ch38_discrete_geodesic_problems/chapter.tex
Metric-compatible connection	definition	VII	VII/22	The Levi–Civita Connection	def:vii22-metric-compatible	books/vol07_differential_geometry/chapters/ch22_the_levi_civita_connection/chapter.tex
Metric-space property	theorem	VII	VII/20	Riemannian Metrics	thm:vii20-distance-metric	books/vol07_differential_geometry/chapters/ch20_riemannian_metrics/chapter.tex
Meusnier normal-curvature principle	theorem	VII	VII/16	The Gauss Map and Shape Operator	thm:vii16-meusnier	books/vol07_differential_geometry/chapters/ch16_the_gauss_map_and_shape_operator/chapter.tex
Minimal normal enlargement	proposition	VI	VI/28	Normalization	prop:vi28-minimal-normal	books/vol06_algebraic_geometry/chapters/ch28_normalization/chapter.tex
Minimal primes are component-generic points	theorem	VI	VI/09	Generic and Closed Points	UNLABELLED	books/vol06_algebraic_geometry/chapters/ch09_generic_closed_points/chapter.tex
Minimal sphere structure	proposition	VIII	VIII/05	Cell Attachments	prop:viii05-sphere	books/vol08_algebraic_topology/chapters/ch05_cell_attachments/chapter.tex
Minimal support primes are associated	theorem	V	V/17	Associated Primes	thm:v17-03	books/vol05_commutative_algebra/chapters/ch17_associated_primes/chapter.tex
Minimal surface	definition	VII	VII/19	Minimal Surfaces	def:vii19-minimal	books/vol07_differential_geometry/chapters/ch19_minimal_surfaces/chapter.tex
Minimal-polynomial criterion	theorem	I	I/11	Diagonalization and Minimal Polynomials	thm:i11-02	books/vol01_linear_algebra/chapters/ch11_diagonalization_and_minimal_polynomials/chapter.tex
Minimal-surface equation	theorem	VII	VII/19	Minimal Surfaces	thm:vii19-mse	books/vol07_differential_geometry/chapters/ch19_minimal_surfaces/chapter.tex
Minkowski inequality	theorem	III	III/07	Hölder, Minkowski and Interpolation	thm:iii07-02	books/vol03_fourier_distributions_pde/chapters/ch07_h_lder_minkowski_and_interpolation/chapter.tex
ML inequality	theorem	IV	IV/04	Complex Integration	thm:iv04-02	books/vol04_complex_analysis/chapters/ch04_complex_integration/chapter.tex
Mollifier commutation	theorem	III	III/20	Weak Derivatives	thm:iii20-03	books/vol03_fourier_distributions_pde/chapters/ch20_weak_derivatives/chapter.tex
Monotone convergence	theorem	II	II/03	Sequences and Cauchy Sequences	thm:ii03-02	books/vol02_real_analysis/chapters/ch03_sequences_and_cauchy_sequences/chapter.tex
Monotone convergence theorem	theorem	III	III/04	Convergence Theorems	thm:iii04-01	books/vol03_fourier_distributions_pde/chapters/ch04_convergence_theorems/chapter.tex
Monotone functions are Riemann integrable	theorem	II	II/10	Riemann Integration	thm:ii10-04	books/vol02_real_analysis/chapters/ch10_riemann_integration/chapter.tex
Monotone reparameterization	lemma	VIII	VIII/01	Homotopies of Maps	lem:viii01-reparam	books/vol08_algebraic_topology/chapters/ch01_homotopies_of_maps/chapter.tex
Morphism of presheaves	definition	VI	VI/12	Presheaves	UNLABELLED	books/vol06_algebraic_geometry/chapters/ch12_presheaves/chapter.tex
Morphisms are determined stalkwise	corollary	VI	VI/13	Sheaves and Stalks	UNLABELLED	books/vol06_algebraic_geometry/chapters/ch13_sheaves_stalks/chapter.tex
Morphisms of affine algebraic sets	definition	VI	VI/04	Morphisms of Affine Algebraic Sets	UNLABELLED	books/vol06_algebraic_geometry/chapters/ch04_morphisms_affine_algebraic_sets/chapter.tex
Morphisms preserve specialization	proposition	VI	VI/21	Schemes and Their Points	prop:vi21-specialization	books/vol06_algebraic_geometry/chapters/ch21_schemes_and_points/chapter.tex
Multi-source Dijkstra	proposition	VII	VII/39	Graph and Exact Mesh Geodesics	prop:vii39-multisource	books/vol07_differential_geometry/chapters/ch39_graph_and_exact_mesh_geodesics/chapter.tex
Multiplicativity of determinant	theorem	I	I/08	Determinants and Trace	thm:i08-01	books/vol01_linear_algebra/chapters/ch08_determinants_and_trace/chapter.tex
Multiplicity becomes exceptional multiplicity	proposition	VI	VI/45	Blow-Ups	prop:vi45-total-transform-formula	books/vol06_algebraic_geometry/chapters/ch45_blow_ups/chapter.tex
Möbius derivative	proposition	VII	VII/33	Möbius Transformations and PSL(2,R)	prop:vii33-derivative	books/vol07_differential_geometry/chapters/ch33_m_bius_transformations_and_psl_2_r/chapter.tex
Möbius transformation	definition	VII	VII/33	Möbius Transformations and PSL(2,R)	def:vii33-mobius	books/vol07_differential_geometry/chapters/ch33_m_bius_transformations_and_psl_2_r/chapter.tex
Naturality	theorem	VIII	VIII/29	Cup Products	thm:viii29-naturality	books/vol08_algebraic_topology/chapters/ch29_cup_products/chapter.tex
Naturality	theorem	VIII	VIII/31	Thom Classes	thm:viii31-thom-naturality	books/vol08_algebraic_topology/chapters/ch31_thom_classes/chapter.tex
Naturality of the long exact sequence	theorem	VI	VI/48	Exact Sequences and Cohomology	thm:vi48-naturality	books/vol06_algebraic_geometry/chapters/ch48_exact_sequences_and_cohomology/chapter.tex
Naturality of the pair sequence	theorem	VIII	VIII/19	Relative Homology and Exact Sequences	thm:viii19-naturality	books/vol08_algebraic_topology/chapters/ch19_relative_homology_and_exact_sequences/chapter.tex
Neumann-series inversion	theorem	II	II/18	Integral Equations	thm:ii18-01	books/vol02_real_analysis/chapters/ch18_integral_equations/chapter.tex
Newtonian fundamental solution	theorem	III	III/24	Fundamental Solutions	thm:iii24-02	books/vol03_fourier_distributions_pde/chapters/ch24_fundamental_solutions/chapter.tex
Nielsen--Schreier	theorem	VIII	VIII/14	Free Groups and Covering Graphs	thm:viii14-nielsen-schreier	books/vol08_algebraic_topology/chapters/ch14_free_groups_and_covering_graphs/chapter.tex
Nilpotent element	definition	VI	VI/10	Reduced and Nonreduced Geometry	UNLABELLED	books/vol06_algebraic_geometry/chapters/ch10_reduced_nonreduced_geometry/chapter.tex
Nilpotent thickening, affine form	definition	VI	VI/10	Reduced and Nonreduced Geometry	UNLABELLED	books/vol06_algebraic_geometry/chapters/ch10_reduced_nonreduced_geometry/chapter.tex
Nilpotents do not change global dimension	proposition	VI	VI/30	Dimension of Schemes	prop:vi30-reduction	books/vol06_algebraic_geometry/chapters/ch30_dimension_of_schemes/chapter.tex
Nilradical	definition	VI	VI/10	Reduced and Nonreduced Geometry	UNLABELLED	books/vol06_algebraic_geometry/chapters/ch10_reduced_nonreduced_geometry/chapter.tex
No boundary retraction	theorem	VIII	VIII/04	Spheres and Antipodal Maps	thm:viii04-no-retraction	books/vol08_algebraic_topology/chapters/ch04_spheres_and_antipodal_maps/chapter.tex
No retraction of a ball onto its boundary	theorem	VIII	VIII/03	Degree of Maps	thm:viii03-no-retraction	books/vol08_algebraic_topology/chapters/ch03_degree_of_maps/chapter.tex
No single simple pole	theorem	IV	IV/28	Elliptic Functions	thm:iv28-03	books/vol04_complex_analysis/chapters/ch28_elliptic_functions/chapter.tex
No strict interior graph extrema	proposition	VII	VII/19	Minimal Surfaces	prop:vii19-no-extrema	books/vol07_differential_geometry/chapters/ch19_minimal_surfaces/chapter.tex
No-retraction consequence	theorem	II	II/17	Brouwer-Type Fixed-Point Ideas	thm:ii17-03	books/vol02_real_analysis/chapters/ch17_brouwer_type_fixed_point_ideas/chapter.tex
Noetherian topological space	definition	VI	VI/05	Irreducibility, Components and Connectedness	UNLABELLED	books/vol06_algebraic_geometry/chapters/ch05_irreducibility_components/chapter.tex
Nonempty-open invariance for varieties	theorem	VI	VI/30	Dimension of Schemes	thm:vi30-open-variety	books/vol06_algebraic_geometry/chapters/ch30_dimension_of_schemes/chapter.tex
Nonprincipality of the ruling divisor	theorem	VI	VI/41	Divisor Class Groups	thm:vi41-L-nonprincipal	books/vol06_algebraic_geometry/chapters/ch41_divisor_class_groups/chapter.tex
Nonunits characterize local rings	theorem	V	V/08	Local Rings and Localization at Primes	thm:v08-01	books/vol05_commutative_algebra/chapters/ch08_local_rings_and_localization_at_primes/chapter.tex
Nonzero degree implies surjective	proposition	VIII	VIII/03	Degree of Maps	prop:viii03-surjective	books/vol08_algebraic_topology/chapters/ch03_degree_of_maps/chapter.tex
Nonzero degree obstructs null-homotopy	corollary	VIII	VIII/03	Degree of Maps	cor:viii03-nonzero	books/vol08_algebraic_topology/chapters/ch03_degree_of_maps/chapter.tex
Norm and angle	definition	VII	VII/20	Riemannian Metrics	def:vii20-norm-angle	books/vol07_differential_geometry/chapters/ch20_riemannian_metrics/chapter.tex
Norm comparison	theorem	II	II/02	Euclidean and Normed Spaces	thm:ii02-03	books/vol02_real_analysis/chapters/ch02_euclidean_and_normed_spaces/chapter.tex
Norm-zero criterion	theorem	III	III/06	Lp Spaces	thm:iii06-01	books/vol03_fourier_distributions_pde/chapters/ch06_lp_spaces/chapter.tex
Normal acceleration	proposition	VII	VII/15	First and Second Fundamental Forms	prop:vii15-normal-acc	books/vol07_differential_geometry/chapters/ch15_first_and_second_fundamental_forms/chapter.tex
Normal but not factorial	corollary	VI	VI/41	Divisor Class Groups	cor:vi41-cone-not-factorial	books/vol06_algebraic_geometry/chapters/ch41_divisor_class_groups/chapter.tex
Normal convergence of the Weierstrass series	theorem	IV	IV/29	The Weierstrass ℘-Function	thm:iv29-01	books/vol04_complex_analysis/chapters/ch29_the_weierstrass_function/chapter.tex
Normal coordinates	definition	VII	VII/23	Geodesics	def:vii23-normal-coordinates	books/vol07_differential_geometry/chapters/ch23_geodesics/chapter.tex
Normal curvature	definition	VII	VII/15	First and Second Fundamental Forms	def:vii15-normal-curvature	books/vol07_differential_geometry/chapters/ch15_first_and_second_fundamental_forms/chapter.tex
Normal curvature	definition	VII	VII/16	The Gauss Map and Shape Operator	def:vii16-normal-curvature	books/vol07_differential_geometry/chapters/ch16_the_gauss_map_and_shape_operator/chapter.tex
Normal derivative along a curvature line	proposition	VII	VII/42	Curvature Lines, Ridges and Valleys	prop:vii42-normal	books/vol07_differential_geometry/chapters/ch42_curvature_lines_ridges_and_valleys/chapter.tex
Normal domain	definition	VI	VI/28	Normalization	def:vi28-normal-domain	books/vol06_algebraic_geometry/chapters/ch28_normalization/chapter.tex
Normal integral scheme	definition	VI	VI/28	Normalization	def:vi28-normal-scheme	books/vol06_algebraic_geometry/chapters/ch28_normalization/chapter.tex
Normal neighborhood	corollary	VII	VII/23	Geodesics	cor:vii23-normal-neighborhood	books/vol07_differential_geometry/chapters/ch23_geodesics/chapter.tex
Normal orientation under coordinates	proposition	VII	VII/14	Regular Surfaces	prop:vii14-normal-change	books/vol07_differential_geometry/chapters/ch14_regular_surfaces/chapter.tex
Normal spectral theorem	theorem	I	I/16	The Spectral Theorem	thm:i16-03	books/vol01_linear_algebra/chapters/ch16_the_spectral_theorem/chapter.tex
Normal subgroup	proposition	VII	VII/25	Holonomy	prop:vii25-normal	books/vol07_differential_geometry/chapters/ch25_holonomy/chapter.tex
Normal-subgroup criterion	theorem	VIII	VIII/12	Deck Transformations and Group Actions	thm:viii12-normal	books/vol08_algebraic_topology/chapters/ch12_deck_transformations_and_group_actions/chapter.tex
Normality of the quadric cone	proposition	VI	VI/41	Divisor Class Groups	prop:vi41-cone-normal	books/vol06_algebraic_geometry/chapters/ch41_divisor_class_groups/chapter.tex
Normalization of a cusp ring	theorem	V	V/20	Integral Closure and Normalization	thm:v20-03	books/vol05_commutative_algebra/chapters/ch20_integral_closure_and_normalization/chapter.tex
Normalized direction field	definition	VII	VII/40	The Heat Method	def:vii40-X	books/vol07_differential_geometry/chapters/ch40_the_heat_method/chapter.tex
Normalized Riemann-map uniqueness	theorem	IV	IV/17	Conformal Mapping	thm:iv17-04	books/vol04_complex_analysis/chapters/ch17_conformal_mapping/chapter.tex
Normalizer formula	theorem	VIII	VIII/12	Deck Transformations and Group Actions	thm:viii12-normalizer	books/vol08_algebraic_topology/chapters/ch12_deck_transformations_and_group_actions/chapter.tex
North--south dynamics	proposition	VII	VII/34	Hyperbolic Isometries	prop:vii34-north-south	books/vol07_differential_geometry/chapters/ch34_hyperbolic_isometries/chapter.tex
Nowhere-zero section obstruction	theorem	VIII	VIII/32	Sphere Bundles and Euler Classes	thm:viii32-euler-obstruction	books/vol08_algebraic_topology/chapters/ch32_sphere_bundles_and_euler_classes/chapter.tex
Null attachment splitting	corollary	VIII	VIII/08	Homotopic Attaching Maps	cor:viii08-null-attachment	books/vol08_algebraic_topology/chapters/ch08_homotopic_attaching_maps/chapter.tex
Null cone	definition	VII	VII/29	Indefinite Metrics	def:vii29-null-cone	books/vol07_differential_geometry/chapters/ch29_indefinite_metrics/chapter.tex
Null curve	definition	VII	VII/30	Riemannian versus Lorentzian Geometry	def:vii30-null-curve	books/vol07_differential_geometry/chapters/ch30_riemannian_versus_lorentzian_geometry/chapter.tex
Null-homotopic map	definition	VIII	VIII/01	Homotopies of Maps	def:viii01-null	books/vol08_algebraic_topology/chapters/ch01_homotopies_of_maps/chapter.tex
Null-map splitting	theorem	VIII	VIII/07	Mapping Cones	thm:viii07-null-splitting	books/vol08_algebraic_topology/chapters/ch07_mapping_cones/chapter.tex
Odd and even	definition	VIII	VIII/04	Spheres and Antipodal Maps	def:viii04-odd-even	books/vol08_algebraic_topology/chapters/ch04_spheres_and_antipodal_maps/chapter.tex
Odd forms square to zero	corollary	VII	VII/09	Differential Forms	cor:vii09-odd-square	books/vol07_differential_geometry/chapters/ch09_differential_forms/chapter.tex
Odd self-map theorem	theorem	VIII	VIII/04	Spheres and Antipodal Maps	thm:viii04-odd-degree	books/vol08_algebraic_topology/chapters/ch04_spheres_and_antipodal_maps/chapter.tex
One point determines a deck transformation	theorem	VIII	VIII/12	Deck Transformations and Group Actions	thm:viii12-one-point	books/vol08_algebraic_topology/chapters/ch12_deck_transformations_and_group_actions/chapter.tex
One-sided strict inverse plus homotopy	proposition	VIII	VIII/02	Homotopy Equivalence and Contractibility	prop:viii02-criterion	books/vol08_algebraic_topology/chapters/ch02_homotopy_equivalence_and_contractibility/chapter.tex
One-skeleton detects components	proposition	VIII	VIII/06	CW Complexes	prop:viii06-connected	books/vol08_algebraic_topology/chapters/ch06_cw_complexes/chapter.tex
Only the generated ideal matters	proposition	VI	VI/01	Algebraic Sets	prop:vi01-generated-ideal	books/vol06_algebraic_geometry/chapters/ch01_algebraic_sets/chapter.tex
Open and closed sets respect the specialization order	proposition	VI	VI/09	Generic and Closed Points	UNLABELLED	books/vol06_algebraic_geometry/chapters/ch09_generic_closed_points/chapter.tex
Open star	definition	VIII	VIII/15	Simplicial Complexes	def:viii15-open-star	books/vol08_algebraic_topology/chapters/ch15_simplicial_complexes/chapter.tex
Open subsets	proposition	VII	VII/01	Topological Manifolds	prop:vii01-open-submanifold	books/vol07_differential_geometry/chapters/ch01_topological_manifolds/chapter.tex
Open subsets cannot increase dimension	proposition	VI	VI/30	Dimension of Schemes	prop:vi30-open-inequality	books/vol06_algebraic_geometry/chapters/ch30_dimension_of_schemes/chapter.tex
Open-set criterion	theorem	II	II/05	Metric Spaces and Continuity	thm:ii05-02	books/vol02_real_analysis/chapters/ch05_metric_spaces_and_continuity/chapter.tex
Open-set criterion	proposition	VI	VI/05	Irreducibility, Components and Connectedness	prop:vi05-open-criterion	books/vol06_algebraic_geometry/chapters/ch05_irreducibility_components/chapter.tex
Open-set operations	theorem	II	II/04	Open and Closed Sets	thm:ii04-01	books/vol02_real_analysis/chapters/ch04_open_and_closed_sets/chapter.tex
Order along a prime divisor	definition	VI	VI/39	Weil Divisors	def:vi39-order	books/vol06_algebraic_geometry/chapters/ch39_weil_divisors/chapter.tex
Order reversal	proposition	VI	VI/01	Algebraic Sets	prop:vi01-order-reversal-V	books/vol06_algebraic_geometry/chapters/ch01_algebraic_sets/chapter.tex
Order reversal for vanishing ideals	proposition	VI	VI/01	Algebraic Sets	prop:vi01-order-reversal-I	books/vol06_algebraic_geometry/chapters/ch01_algebraic_sets/chapter.tex
Ordered open cover	definition	VI	VI/47	Čech Cohomology	def:vi47-cover	books/vol06_algebraic_geometry/chapters/ch47_ech_cohomology/chapter.tex
Ordinary multiple points separate by direction	proposition	VI	VI/45	Blow-Ups	UNLABELLED	books/vol06_algebraic_geometry/chapters/ch45_blow_ups/chapter.tex
Orientability criterion	theorem	VII	VII/10	Orientation and Integration	thm:vii10-orientation-form	books/vol07_differential_geometry/chapters/ch10_orientation_and_integration/chapter.tex
Orientable surface	definition	VII	VII/16	The Gauss Map and Shape Operator	def:vii16-orientable	books/vol07_differential_geometry/chapters/ch16_the_gauss_map_and_shape_operator/chapter.tex
Orientation dependence	proposition	VII	VII/17	Principal, Gaussian and Mean Curvature	prop:vii17-orientation	books/vol07_differential_geometry/chapters/ch17_principal_gaussian_and_mean_curvature/chapter.tex
Orientation form	definition	VII	VII/10	Orientation and Integration	def:vii10-orientation-form	books/vol07_differential_geometry/chapters/ch10_orientation_and_integration/chapter.tex
Orientation of a vector space	definition	VII	VII/10	Orientation and Integration	def:vii10-vector-orientation	books/vol07_differential_geometry/chapters/ch10_orientation_and_integration/chapter.tex
Orientation-preserving homeomorphism	proposition	VIII	VIII/03	Degree of Maps	prop:viii03-homeomorphism	books/vol08_algebraic_topology/chapters/ch03_degree_of_maps/chapter.tex
Orientation-preserving map	definition	VII	VII/10	Orientation and Integration	def:vii10-orientation-map	books/vol07_differential_geometry/chapters/ch10_orientation_and_integration/chapter.tex
Orientation-preserving reparametrization	proposition	VII	VII/24	Parallel Transport	prop:vii24-reparam	books/vol07_differential_geometry/chapters/ch24_parallel_transport/chapter.tex
Oriented atlas	definition	VII	VII/10	Orientation and Integration	def:vii10-oriented-atlas	books/vol07_differential_geometry/chapters/ch10_orientation_and_integration/chapter.tex
Orthogonal complement of a timelike vector	proposition	VII	VII/29	Indefinite Metrics	prop:vii29-timelike-orth	books/vol07_differential_geometry/chapters/ch29_indefinite_metrics/chapter.tex
Orthogonality	proposition	VII	VII/16	The Gauss Map and Shape Operator	prop:vii16-normal-orthogonal	books/vol07_differential_geometry/chapters/ch16_the_gauss_map_and_shape_operator/chapter.tex
Orthogonality of self-adjoint eigenspaces	theorem	I	I/16	The Spectral Theorem	thm:i16-01	books/vol01_linear_algebra/chapters/ch16_the_spectral_theorem/chapter.tex
Orthogonality relations	theorem	II	II/14	Trigonometric Series	thm:ii14-01	books/vol02_real_analysis/chapters/ch14_trigonometric_series/chapter.tex
Orthogonality relations	theorem	III	III/09	Fourier Series	thm:iii09-01	books/vol03_fourier_distributions_pde/chapters/ch09_fourier_series/chapter.tex
Orthonormal frames remain orthonormal	corollary	VII	VII/24	Parallel Transport	cor:vii24-frames	books/vol07_differential_geometry/chapters/ch24_parallel_transport/chapter.tex
Osculating circle	proposition	VII	VII/13	Frenet Frames, Curvature and Torsion	prop:vii13-osculating-circle	books/vol07_differential_geometry/chapters/ch13_frenet_frames_curvature_and_torsion/chapter.tex
Osculating, normal and rectifying planes	definition	VII	VII/13	Frenet Frames, Curvature and Torsion	def:vii13-planes	books/vol07_differential_geometry/chapters/ch13_frenet_frames_curvature_and_torsion/chapter.tex
Outward-normal-first orientation	definition	VII	VII/11	Stokes' Theorem	def:vii11-boundary-orientation	books/vol07_differential_geometry/chapters/ch11_stokes_theorem/chapter.tex
Overlap algebra	proposition	VI	VI/36	Projective Schemes	UNLABELLED	books/vol06_algebraic_geometry/chapters/ch36_projective_space/chapter.tex
Parabolic normal form	theorem	VII	VII/34	Hyperbolic Isometries	thm:vii34-parabolic	books/vol07_differential_geometry/chapters/ch34_hyperbolic_isometries/chapter.tex
Parallel covector	definition	VII	VII/24	Parallel Transport	def:vii24-covector	books/vol07_differential_geometry/chapters/ch24_parallel_transport/chapter.tex
Parallel field	definition	VII	VII/21	Connections	def:vii21-parallel-field	books/vol07_differential_geometry/chapters/ch21_connections/chapter.tex
Parallel field	definition	VII	VII/24	Parallel Transport	def:vii24-parallel	books/vol07_differential_geometry/chapters/ch24_parallel_transport/chapter.tex
Parallel frame criterion	proposition	VII	VII/25	Holonomy	prop:vii25-parallel-frame	books/vol07_differential_geometry/chapters/ch25_holonomy/chapter.tex
Parallel initial-value problem	theorem	VII	VII/24	Parallel Transport	thm:vii24-ivp	books/vol07_differential_geometry/chapters/ch24_parallel_transport/chapter.tex
Parallel tensors give holonomy invariants	theorem	VII	VII/25	Holonomy	thm:vii25-parallel-invariant	books/vol07_differential_geometry/chapters/ch25_holonomy/chapter.tex
Parallel transport	definition	VII	VII/24	Parallel Transport	def:vii24-map	books/vol07_differential_geometry/chapters/ch24_parallel_transport/chapter.tex
Parameter-independent curvature formula	theorem	VII	VII/13	Frenet Frames, Curvature and Torsion	thm:vii13-curvature-formula	books/vol07_differential_geometry/chapters/ch13_frenet_frames_curvature_and_torsion/chapter.tex
Parametrized curve	definition	VII	VII/12	Regular Curves	def:vii12-param-curve	books/vol07_differential_geometry/chapters/ch12_regular_curves/chapter.tex
Parity obstruction	corollary	VIII	VIII/04	Spheres and Antipodal Maps	cor:viii04-parity	books/vol08_algebraic_topology/chapters/ch04_spheres_and_antipodal_maps/chapter.tex
Parseval identity	theorem	III	III/13	Plancherel and L2 Fourier Theory	thm:iii13-02	books/vol03_fourier_distributions_pde/chapters/ch13_plancherel_and_l2_fourier_theory/chapter.tex
Part IX synthesis	theorem	VI	VI/49	Basic Vanishing Results	thm:vi49-part-ix-synthesis	books/vol06_algebraic_geometry/chapters/ch49_basic_vanishing_results/chapter.tex
Partition of unity	theorem	III	III/15	Test-Function Spaces	thm:iii15-02	books/vol03_fourier_distributions_pde/chapters/ch15_test_function_spaces/chapter.tex
Partition of unity	theorem	VII	VII/10	Orientation and Integration	thm:vii10-partition-unity	books/vol07_differential_geometry/chapters/ch10_orientation_and_integration/chapter.tex
Path	definition	VIII	VIII/09	Paths and Fundamental Groups	def:viii09-path	books/vol08_algebraic_topology/chapters/ch09_paths_and_fundamental_groups/chapter.tex
Path connected implies connected	theorem	II	II/07	Connectedness and Path Connectedness	thm:ii07-03	books/vol02_real_analysis/chapters/ch07_connectedness_and_path_connectedness/chapter.tex
Path lifting	theorem	VIII	VIII/11	Lifting Properties	thm:viii11-path-lifting	books/vol08_algebraic_topology/chapters/ch11_lifting_properties/chapter.tex
Pathwise local uniqueness	theorem	IV	IV/15	Analytic Continuation	thm:iv15-03	books/vol04_complex_analysis/chapters/ch15_analytic_continuation/chapter.tex
Peano local existence theorem \proofstatus{proof sketch}	theorem	II	II/19	Elementary Existence Theory for ODEs	thm:ii19-04	books/vol02_real_analysis/chapters/ch19_elementary_existence_theory_for_odes/chapter.tex
Perturbative persistence	theorem	IV	IV/13	Rouché's Theorem	thm:iv13-03	books/vol04_complex_analysis/chapters/ch13_rouch_s_theorem/chapter.tex
Picard group	definition	VI	VI/42	Line Bundles and Picard Groups	def:vi42-picard-group	books/vol06_algebraic_geometry/chapters/ch42_line_bundles_and_picard_groups/chapter.tex
Picard group after one point blow-up	theorem	VI	VI/45	Blow-Ups	thm:vi45-picard-one-point	books/vol06_algebraic_geometry/chapters/ch45_blow_ups/chapter.tex
Picard group inside the class group	theorem	VI	VI/42	Line Bundles and Picard Groups	thm:vi42-pic-to-cl	books/vol06_algebraic_geometry/chapters/ch42_line_bundles_and_picard_groups/chapter.tex
Picard group of affine space	theorem	VI	VI/42	Line Bundles and Picard Groups	thm:vi42-affine-space	books/vol06_algebraic_geometry/chapters/ch42_line_bundles_and_picard_groups/chapter.tex
Picard group of projective space	theorem	VI	VI/42	Line Bundles and Picard Groups	thm:vi42-pic-projective-space	books/vol06_algebraic_geometry/chapters/ch42_line_bundles_and_picard_groups/chapter.tex
Picard group of the affine quadric cone	theorem	VI	VI/42	Line Bundles and Picard Groups	thm:vi42-cone-pic	books/vol06_algebraic_geometry/chapters/ch42_line_bundles_and_picard_groups/chapter.tex
Picard group of the punctured cone	corollary	VI	VI/42	Line Bundles and Picard Groups	cor:vi42-punctured-cone	books/vol06_algebraic_geometry/chapters/ch42_line_bundles_and_picard_groups/chapter.tex
Picard lattice after three point blow-ups	theorem	VI	VI/45	Blow-Ups	thm:vi45-three-point-lattice	books/vol06_algebraic_geometry/chapters/ch45_blow_ups/chapter.tex
Picard--Lindelöf	theorem	II	II/19	Elementary Existence Theory for ODEs	thm:ii19-01	books/vol02_real_analysis/chapters/ch19_elementary_existence_theory_for_odes/chapter.tex
Piecewise regular	definition	VII	VII/12	Regular Curves	def:vii12-piecewise	books/vol07_differential_geometry/chapters/ch12_regular_curves/chapter.tex
Piecewise-Euclidean path length	definition	VII	VII/38	Discrete Geodesic Problems	def:vii38-length	books/vol07_differential_geometry/chapters/ch38_discrete_geodesic_problems/chapter.tex
Planarity criterion	theorem	VII	VII/13	Frenet Frames, Curvature and Torsion	thm:vii13-planarity	books/vol07_differential_geometry/chapters/ch13_frenet_frames_curvature_and_torsion/chapter.tex
Plancherel theorem	theorem	III	III/13	Plancherel and L2 Fourier Theory	thm:iii13-01	books/vol03_fourier_distributions_pde/chapters/ch13_plancherel_and_l2_fourier_theory/chapter.tex
Plane cubic	definition	VI	VI/43	Plane Cubics	def:vi43-plane-cubic	books/vol06_algebraic_geometry/chapters/ch43_plane_cubics/chapter.tex
Plane sections	proposition	VII	VII/31	Hyperbolic Plane Models	prop:vii31-hyp-geodesics	books/vol07_differential_geometry/chapters/ch31_hyperbolic_plane_models/chapter.tex
Plus construction	theorem	VI	VI/14	Sheafification	UNLABELLED	books/vol06_algebraic_geometry/chapters/ch14_sheafification/chapter.tex
Poincare inequality	theorem	III	III/21	Sobolev Spaces	thm:iii21-02	books/vol03_fourier_distributions_pde/chapters/ch21_sobolev_spaces/chapter.tex
Poincaré disk metric	definition	VII	VII/32	The Poincaré Metric	def:vii32-disk-metric	books/vol07_differential_geometry/chapters/ch32_the_poincar_metric/chapter.tex
Poincaré duality	theorem	VIII	VIII/33	Poincaré Duality	thm:viii33-poincare-duality	books/vol08_algebraic_topology/chapters/ch33_poincar_duality/chapter.tex
Poincaré lemma on star-shaped domains	theorem	VII	VII/09	Differential Forms	thm:vii09-poincare	books/vol07_differential_geometry/chapters/ch09_differential_forms/chapter.tex
Poincaré metric on the half-plane	definition	VII	VII/32	The Poincaré Metric	def:vii32-half-metric	books/vol07_differential_geometry/chapters/ch32_the_poincar_metric/chapter.tex
Poincaré--Lefschetz duality	theorem	VIII	VIII/33	Poincaré Duality	thm:viii33-poincare-lefschetz	books/vol08_algebraic_topology/chapters/ch33_poincar_duality/chapter.tex
Point ideals	proposition	VI	VI/06	Prime Ideals as Geometric Points	prop:vi06-point-ideals	books/vol06_algebraic_geometry/chapters/ch06_prime_ideals_geometric_points/chapter.tex
Point recurrence on $\PP^1$	corollary	VI	VI/49	Basic Vanishing Results	cor:vi49-p1-point	books/vol06_algebraic_geometry/chapters/ch49_basic_vanishing_results/chapter.tex
Pointwise limit theorem	theorem	III	III/02	Measurable Functions	thm:iii02-01	books/vol03_fourier_distributions_pde/chapters/ch02_measurable_functions/chapter.tex
Poisson reconstruction	theorem	VII	VII/40	The Heat Method	thm:vii40-poisson	books/vol07_differential_geometry/chapters/ch40_the_heat_method/chapter.tex
Polarization identity	theorem	I	I/17	Quadratic Forms	thm:i17-01	books/vol01_linear_algebra/chapters/ch17_quadratic_forms/chapter.tex
Pole-zero reciprocity	theorem	IV	IV/09	Isolated Singularities	thm:iv09-03	books/vol04_complex_analysis/chapters/ch09_isolated_singularities/chapter.tex
Polynomial extensions	proposition	VI	VI/10	Reduced and Nonreduced Geometry	UNLABELLED	books/vol06_algebraic_geometry/chapters/ch10_reduced_nonreduced_geometry/chapter.tex
Polynomial function	definition	VI	VI/03	Coordinate Rings	UNLABELLED	books/vol06_algebraic_geometry/chapters/ch03_coordinate_rings/chapter.tex
Polynomial map	definition	VI	VI/04	Morphisms of Affine Algebraic Sets	UNLABELLED	books/vol06_algebraic_geometry/chapters/ch04_morphisms_affine_algebraic_sets/chapter.tex
Polynomial multiplication preserves temperedness	theorem	III	III/18	Tempered Distributions	thm:iii18-03	books/vol03_fourier_distributions_pde/chapters/ch18_tempered_distributions/chapter.tex
Polynomial root localization	theorem	IV	IV/13	Rouché's Theorem	thm:iv13-02	books/vol04_complex_analysis/chapters/ch13_rouch_s_theorem/chapter.tex
Polynomial-growth functions are tempered	theorem	III	III/18	Tempered Distributions	thm:iii18-01	books/vol03_fourier_distributions_pde/chapters/ch18_tempered_distributions/chapter.tex
Positive definiteness	proposition	VII	VII/15	First and Second Fundamental Forms	prop:vii15-positive	books/vol07_differential_geometry/chapters/ch15_first_and_second_fundamental_forms/chapter.tex
Positive tangent metric	proposition	VII	VII/31	Hyperbolic Plane Models	prop:vii31-positive-tangent	books/vol07_differential_geometry/chapters/ch31_hyperbolic_plane_models/chapter.tex
Positive-definite matrix	proposition	VII	VII/20	Riemannian Metrics	prop:vii20-positive	books/vol07_differential_geometry/chapters/ch20_riemannian_metrics/chapter.tex
Postcomposition	proposition	VIII	VIII/01	Homotopies of Maps	prop:viii01-postcomposition	books/vol08_algebraic_topology/chapters/ch01_homotopies_of_maps/chapter.tex
Power map	theorem	VIII	VIII/03	Degree of Maps	thm:viii03-power	books/vol08_algebraic_topology/chapters/ch03_degree_of_maps/chapter.tex
Power-series completion	theorem	V	V/18	Completion and I-Adic Topology	thm:v18-03	books/vol05_commutative_algebra/chapters/ch18_completion_and_i_adic_topology/chapter.tex
Power-series local uniformity	theorem	II	II/13	Infinite Series of Functions	thm:ii13-03	books/vol02_real_analysis/chapters/ch13_infinite_series_of_functions/chapter.tex
Powers form a multiplicative set	theorem	V	V/05	Multiplicative Systems	thm:v05-03	books/vol05_commutative_algebra/chapters/ch05_multiplicative_systems/chapter.tex
Precomposition	proposition	VIII	VIII/01	Homotopies of Maps	prop:viii01-precomposition	books/vol08_algebraic_topology/chapters/ch01_homotopies_of_maps/chapter.tex
Preservation of norms	proposition	VII	VII/22	The Levi–Civita Connection	prop:vii22-norm-derivative	books/vol07_differential_geometry/chapters/ch22_the_levi_civita_connection/chapter.tex
Presheaf	definition	VI	VI/12	Presheaves	UNLABELLED	books/vol06_algebraic_geometry/chapters/ch12_presheaves/chapter.tex
Prime correspondence	theorem	V	V/06	Localization of Rings	thm:v06-02	books/vol05_commutative_algebra/chapters/ch06_localization_of_rings/chapter.tex
Prime correspondence for quotients	theorem	VI	VI/06	Prime Ideals as Geometric Points	thm:vi06-prime-correspondence	books/vol06_algebraic_geometry/chapters/ch06_prime_ideals_geometric_points/chapter.tex
Prime divisor	definition	VI	VI/39	Weil Divisors	def:vi39-prime-divisor	books/vol06_algebraic_geometry/chapters/ch39_weil_divisors/chapter.tex
Prime ideal	definition	VI	VI/06	Prime Ideals as Geometric Points	UNLABELLED	books/vol06_algebraic_geometry/chapters/ch06_prime_ideals_geometric_points/chapter.tex
Prime ideal--generic point correspondence	theorem	VI	VI/09	Generic and Closed Points	UNLABELLED	books/vol06_algebraic_geometry/chapters/ch09_generic_closed_points/chapter.tex
Prime ideals classify irreducible affine loci	theorem	VI	VI/06	Prime Ideals as Geometric Points	thm:vi06-prime-irreducible	books/vol06_algebraic_geometry/chapters/ch06_prime_ideals_geometric_points/chapter.tex
Prime ideals of $A_{\mathfrak p}$	theorem	VI	VI/11	Local Rings and Residue Fields	UNLABELLED	books/vol06_algebraic_geometry/chapters/ch11_local_rings_residue_fields/chapter.tex
Prime ideals on an affine algebraic set	corollary	VI	VI/06	Prime Ideals as Geometric Points	UNLABELLED	books/vol06_algebraic_geometry/chapters/ch06_prime_ideals_geometric_points/chapter.tex
Prime localization is local	theorem	V	V/08	Local Rings and Localization at Primes	thm:v08-02	books/vol05_commutative_algebra/chapters/ch08_local_rings_and_localization_at_primes/chapter.tex
Prime localization is local	theorem	VI	VI/11	Local Rings and Residue Fields	UNLABELLED	books/vol06_algebraic_geometry/chapters/ch11_local_rings_residue_fields/chapter.tex
Prime quotient criterion	theorem	V	V/02	Prime and Maximal Ideals	thm:v02-01	books/vol05_commutative_algebra/chapters/ch02_prime_and_maximal_ideals/chapter.tex
Prime spectrum	definition	VI	VI/07	The Spectrum of a Ring	UNLABELLED	books/vol06_algebraic_geometry/chapters/ch07_spectrum_of_a_ring/chapter.tex
Prime-ideal criterion	theorem	VI	VI/05	Irreducibility, Components and Connectedness	thm:vi05-prime-criterion	books/vol06_algebraic_geometry/chapters/ch05_irreducibility_components/chapter.tex
Primitive criterion on connected domains	theorem	IV	IV/04	Complex Integration	thm:iv04-04	books/vol04_complex_analysis/chapters/ch04_complex_integration/chapter.tex
Primitive on simply connected domains	theorem	IV	IV/05	Cauchy's Theorem	thm:iv05-02	books/vol04_complex_analysis/chapters/ch05_cauchy_s_theorem/chapter.tex
Principal \(G\)-bundle	definition	VII	VII/08	Principal and Frame Bundles	def:vii08-principal-bundle	books/vol07_differential_geometry/chapters/ch08_principal_and_frame_bundles/chapter.tex
Principal Cartier divisor	definition	VI	VI/40	Cartier Divisors	def:vi40-principal	books/vol06_algebraic_geometry/chapters/ch40_cartier_divisors/chapter.tex
Principal connection form	definition	VII	VII/21	Connections	def:vii21-principal-form	books/vol07_differential_geometry/chapters/ch21_connections/chapter.tex
Principal curvatures	definition	VII	VII/17	Principal, Gaussian and Mean Curvature	def:vii17-principal	books/vol07_differential_geometry/chapters/ch17_principal_gaussian_and_mean_curvature/chapter.tex
Principal divisor	definition	VI	VI/39	Weil Divisors	def:vi39-principal	books/vol06_algebraic_geometry/chapters/ch39_weil_divisors/chapter.tex
Principal divisor subgroup	definition	VI	VI/41	Divisor Class Groups	def:vi41-principal-subgroup	books/vol06_algebraic_geometry/chapters/ch41_divisor_class_groups/chapter.tex
Principal divisors form a homomorphic image	proposition	VI	VI/39	Weil Divisors	prop:vi39-principal-hom	books/vol06_algebraic_geometry/chapters/ch39_weil_divisors/chapter.tex
Principal divisors have degree zero	theorem	VI	VI/39	Weil Divisors	thm:vi39-degree-zero	books/vol06_algebraic_geometry/chapters/ch39_weil_divisors/chapter.tex
Principal divisors in a UFD	proposition	VI	VI/39	Weil Divisors	prop:vi39-ufd-divisor	books/vol06_algebraic_geometry/chapters/ch39_weil_divisors/chapter.tex
Principal holonomy	definition	VII	VII/25	Holonomy	def:vii25-principal	books/vol07_differential_geometry/chapters/ch25_holonomy/chapter.tex
Principal ideals are totally ordered	theorem	V	V/21	Valuation Rings	thm:v21-02	books/vol05_commutative_algebra/chapters/ch21_valuation_rings/chapter.tex
Principal localization	corollary	VI	VI/41	Divisor Class Groups	cor:vi41-principal-localization	books/vol06_algebraic_geometry/chapters/ch41_divisor_class_groups/chapter.tex
Principal open	definition	VI	VI/02	The Zariski Topology	UNLABELLED	books/vol06_algebraic_geometry/chapters/ch02_zariski_topology/chapter.tex
Principal opens are a basis	theorem	VI	VI/02	The Zariski Topology	thm:vi02-principal-basis	books/vol06_algebraic_geometry/chapters/ch02_zariski_topology/chapter.tex
Principal opens are acyclic	corollary	VI	VI/49	Basic Vanishing Results	cor:vi49-basic-open	books/vol06_algebraic_geometry/chapters/ch49_basic_vanishing_results/chapter.tex
Principal opens are quasi-compact	theorem	VI	VI/08	Basic Open Sets D(f)	UNLABELLED	books/vol06_algebraic_geometry/chapters/ch08_basic_open_sets/chapter.tex
Principal ridge candidate	definition	VII	VII/42	Curvature Lines, Ridges and Valleys	def:vii42-ridge	books/vol07_differential_geometry/chapters/ch42_curvature_lines_ridges_and_valleys/chapter.tex
Principal transition functions	theorem	VII	VII/08	Principal and Frame Bundles	thm:vii08-transition	books/vol07_differential_geometry/chapters/ch08_principal_and_frame_bundles/chapter.tex
Principal valley candidate	definition	VII	VII/42	Curvature Lines, Ridges and Valleys	def:vii42-valley	books/vol07_differential_geometry/chapters/ch42_curvature_lines_ridges_and_valleys/chapter.tex
Principal-bundle morphism	definition	VII	VII/08	Principal and Frame Bundles	def:vii08-principal-map	books/vol07_differential_geometry/chapters/ch08_principal_and_frame_bundles/chapter.tex
Principal-curvature characterization	proposition	VII	VII/19	Minimal Surfaces	prop:vii19-principal	books/vol07_differential_geometry/chapters/ch19_minimal_surfaces/chapter.tex
Principal-open calculus	proposition	VI	VI/02	The Zariski Topology	prop:vi02-principal-calculus	books/vol06_algebraic_geometry/chapters/ch02_zariski_topology/chapter.tex
Principal-open calculus	proposition	VI	VI/08	Basic Open Sets D(f)	UNLABELLED	books/vol06_algebraic_geometry/chapters/ch08_basic_open_sets/chapter.tex
Principal-open formula	theorem	VI	VI/17	The Structure Sheaf	thm:vi17-basic-open	books/vol06_algebraic_geometry/chapters/ch17_structure_sheaf/chapter.tex
Principal-open localization theorem	theorem	VI	VI/08	Basic Open Sets D(f)	UNLABELLED	books/vol06_algebraic_geometry/chapters/ch08_basic_open_sets/chapter.tex
Principal-value indentation rule	theorem	IV	IV/11	Evaluation of Real Integrals	thm:iv11-03	books/vol04_complex_analysis/chapters/ch11_evaluation_of_real_integrals/chapter.tex
Prism identity	theorem	VIII	VIII/20	Homotopy Invariance	thm:viii20-prism-identity	books/vol08_algebraic_topology/chapters/ch20_homotopy_invariance/chapter.tex
Prism operator	definition	VIII	VIII/20	Homotopy Invariance	def:viii20-prism	books/vol08_algebraic_topology/chapters/ch20_homotopy_invariance/chapter.tex
Product formula	theorem	VIII	VIII/09	Paths and Fundamental Groups	thm:viii09-product	books/vol08_algebraic_topology/chapters/ch09_paths_and_fundamental_groups/chapter.tex
Product formula	theorem	VIII	VIII/21	Euler Characteristic	thm:viii21-product	books/vol08_algebraic_topology/chapters/ch21_euler_characteristic/chapter.tex
Product homotopy	proposition	VIII	VIII/01	Homotopies of Maps	prop:viii01-product	books/vol08_algebraic_topology/chapters/ch01_homotopies_of_maps/chapter.tex
Product metric	definition	VII	VII/20	Riemannian Metrics	def:vii20-product	books/vol07_differential_geometry/chapters/ch20_riemannian_metrics/chapter.tex
Product orientation	proposition	VII	VII/10	Orientation and Integration	prop:vii10-product-orientation	books/vol07_differential_geometry/chapters/ch10_orientation_and_integration/chapter.tex
Product projections	proposition	VII	VII/06	Submanifolds and Products	prop:vii06-projections	books/vol07_differential_geometry/chapters/ch06_submanifolds_and_products/chapter.tex
Product rule	theorem	IV	IV/01	Complex Differentiability	thm:iv01-02	books/vol04_complex_analysis/chapters/ch01_complex_differentiability/chapter.tex
Product slices	proposition	VII	VII/06	Submanifolds and Products	prop:vii06-slices	books/vol07_differential_geometry/chapters/ch06_submanifolds_and_products/chapter.tex
Product smooth structure	theorem	VII	VII/06	Submanifolds and Products	thm:vii06-product-manifold	books/vol07_differential_geometry/chapters/ch06_submanifolds_and_products/chapter.tex
Products	proposition	VI	VI/10	Reduced and Nonreduced Geometry	UNLABELLED	books/vol06_algebraic_geometry/chapters/ch10_reduced_nonreduced_geometry/chapter.tex
Products	proposition	VII	VII/01	Topological Manifolds	prop:vii01-products	books/vol07_differential_geometry/chapters/ch01_topological_manifolds/chapter.tex
Products and finite sums	proposition	VI	VI/46	Flabby Sheaves	prop:vi46-product	books/vol06_algebraic_geometry/chapters/ch46_flabby_sheaves/chapter.tex
Proj domain of a graded map	definition	VI	VI/38	Coherent and Quasi-Coherent Sheaves	def:vi38-domain	books/vol06_algebraic_geometry/chapters/ch38_projective_morphisms_and_closed_embeddings/chapter.tex
Proj is a scheme	theorem	VI	VI/35	Projective Space	thm:vi35-proj-scheme	books/vol06_algebraic_geometry/chapters/ch35_proj/chapter.tex
Proj of a homogeneous quotient	theorem	VI	VI/37	Projective Morphisms and Closed Embeddings	thm:vi37-quotient-proj	books/vol06_algebraic_geometry/chapters/ch37_projective_schemes/chapter.tex
Proj of the Segre product	proposition	VI	VI/38	Coherent and Quasi-Coherent Sheaves	prop:vi38-segre-product	books/vol06_algebraic_geometry/chapters/ch38_projective_morphisms_and_closed_embeddings/chapter.tex
Projection theorem	theorem	I	I/14	Gram–Schmidt and Orthogonal Projection	thm:i14-02	books/vol01_linear_algebra/chapters/ch14_gram_schmidt_and_orthogonal_projection/chapter.tex
Projective cells	proposition	VIII	VIII/05	Cell Attachments	prop:viii05-projective	books/vol08_algebraic_topology/chapters/ch05_cell_attachments/chapter.tex
Projective cellular differential	theorem	VIII	VIII/18	Cellular Homology	thm:viii18-rp-differential	books/vol08_algebraic_topology/chapters/ch18_cellular_homology/chapter.tex
Projective deck group	proposition	VIII	VIII/12	Deck Transformations and Group Actions	prop:viii12-projective-deck	books/vol08_algebraic_topology/chapters/ch12_deck_transformations_and_group_actions/chapter.tex
Projective implies flat	theorem	V	V/14	Flat Modules	thm:v14-02	books/vol05_commutative_algebra/chapters/ch14_flat_modules/chapter.tex
Projective morphism	definition	VI	VI/38	Coherent and Quasi-Coherent Sheaves	def:vi38-projective-morphism	books/vol06_algebraic_geometry/chapters/ch38_projective_morphisms_and_closed_embeddings/chapter.tex
Projective morphisms compose	theorem	VI	VI/38	Coherent and Quasi-Coherent Sheaves	thm:vi38-projective-composition	books/vol06_algebraic_geometry/chapters/ch38_projective_morphisms_and_closed_embeddings/chapter.tex
Projective scheme in this volume	definition	VI	VI/37	Projective Morphisms and Closed Embeddings	def:vi37-projective-scheme	books/vol06_algebraic_geometry/chapters/ch37_projective_schemes/chapter.tex
Projective space commutes with field extension	theorem	VI	VI/36	Projective Schemes	thm:vi36-base-change	books/vol06_algebraic_geometry/chapters/ch36_projective_space/chapter.tex
Projective span of two rational points	proposition	VI	VI/36	Projective Schemes	UNLABELLED	books/vol06_algebraic_geometry/chapters/ch36_projective_space/chapter.tex
Projective special linear group	definition	VII	VII/33	Möbius Transformations and PSL(2,R)	def:vii33-psl2	books/vol07_differential_geometry/chapters/ch33_m_bius_transformations_and_psl_2_r/chapter.tex
Projective spectrum	definition	VI	VI/35	Projective Space	UNLABELLED	books/vol06_algebraic_geometry/chapters/ch35_proj/chapter.tex
Projective summand criterion	theorem	V	V/13	Free and Projective Modules	thm:v13-01	books/vol05_commutative_algebra/chapters/ch13_free_and_projective_modules/chapter.tex
Projective vanishing	theorem	V	V/26	The Tor Functor	thm:v26-02	books/vol05_commutative_algebra/chapters/ch26_the_tor_functor/chapter.tex
Projective vanishing	theorem	V	V/27	The Ext Functor	thm:v27-02	books/vol05_commutative_algebra/chapters/ch27_the_ext_functor/chapter.tex
Proper discontinuity	theorem	VII	VII/35	Fuchsian Groups	thm:vii35-proper	books/vol07_differential_geometry/chapters/ch35_fuchsian_groups/chapter.tex
Proper time	definition	VII	VII/30	Riemannian versus Lorentzian Geometry	def:vii30-proper-time	books/vol07_differential_geometry/chapters/ch30_riemannian_versus_lorentzian_geometry/chapter.tex
Pseudo-orthogonal symmetry	proposition	VII	VII/29	Indefinite Metrics	prop:vii29-opq	books/vol07_differential_geometry/chapters/ch29_indefinite_metrics/chapter.tex
Pseudo-Riemannian density	definition	VII	VII/29	Indefinite Metrics	def:vii29-density	books/vol07_differential_geometry/chapters/ch29_indefinite_metrics/chapter.tex
Pseudo-Riemannian fundamental theorem	theorem	VII	VII/29	Indefinite Metrics	thm:vii29-lc	books/vol07_differential_geometry/chapters/ch29_indefinite_metrics/chapter.tex
Pseudo-Riemannian metric	definition	VII	VII/29	Indefinite Metrics	def:vii29-pseudo	books/vol07_differential_geometry/chapters/ch29_indefinite_metrics/chapter.tex
Pseudo-source, conceptual	definition	VII	VII/39	Graph and Exact Mesh Geodesics	def:vii39-pseudosource	books/vol07_differential_geometry/chapters/ch39_graph_and_exact_mesh_geodesics/chapter.tex
Pullback	definition	VI	VI/04	Morphisms of Affine Algebraic Sets	UNLABELLED	books/vol06_algebraic_geometry/chapters/ch04_morphisms_affine_algebraic_sets/chapter.tex
Pullback	definition	VII	VII/09	Differential Forms	def:vii09-pullback	books/vol07_differential_geometry/chapters/ch09_differential_forms/chapter.tex
Pullback	theorem	VIII	VIII/30	Vector Bundles and Clutching	thm:viii30-pullback	books/vol08_algebraic_topology/chapters/ch30_vector_bundles_and_clutching/chapter.tex
Pullback at a point	definition	VII	VII/05	Cotangent Spaces	def:vii05-pullback-point	books/vol07_differential_geometry/chapters/ch05_cotangent_spaces/chapter.tex
Pullback bundle	theorem	VII	VII/07	Vector Bundles	thm:vii07-pullback	books/vol07_differential_geometry/chapters/ch07_vector_bundles/chapter.tex
Pullback by substitution	proposition	VI	VI/04	Morphisms of Affine Algebraic Sets	prop:vi04-substitution	books/vol06_algebraic_geometry/chapters/ch04_morphisms_affine_algebraic_sets/chapter.tex
Pullback commutes with \(d\)	theorem	VII	VII/09	Differential Forms	thm:vii09-natural-d	books/vol07_differential_geometry/chapters/ch09_differential_forms/chapter.tex
Pullback covering	theorem	VIII	VIII/10	Covering Spaces	thm:viii10-pullback	books/vol08_algebraic_topology/chapters/ch10_covering_spaces/chapter.tex
Pullback functoriality	theorem	VII	VII/05	Cotangent Spaces	thm:vii05-pullback-functorial	books/vol07_differential_geometry/chapters/ch05_cotangent_spaces/chapter.tex
Pullback identities	theorem	VII	VII/09	Differential Forms	thm:vii09-pullback-laws	books/vol07_differential_geometry/chapters/ch09_differential_forms/chapter.tex
Pullback is a \(k\)-algebra homomorphism	proposition	VI	VI/04	Morphisms of Affine Algebraic Sets	prop:vi04-pullback-hom	books/vol06_algebraic_geometry/chapters/ch04_morphisms_affine_algebraic_sets/chapter.tex
Pullback metric	definition	VII	VII/20	Riemannian Metrics	def:vii20-pullback	books/vol07_differential_geometry/chapters/ch20_riemannian_metrics/chapter.tex
Pullback of principal divisors	proposition	VI	VI/39	Weil Divisors	prop:vi39-principal-pullback	books/vol06_algebraic_geometry/chapters/ch39_weil_divisors/chapter.tex
Pulling back differentials	theorem	VII	VII/05	Cotangent Spaces	thm:vii05-pullback-df	books/vol07_differential_geometry/chapters/ch05_cotangent_spaces/chapter.tex
Pythagorean theorem	theorem	I	I/13	Inner Products and Orthogonality	thm:i13-02	books/vol01_linear_algebra/chapters/ch13_inner_products_and_orthogonality/chapter.tex
Quadratic involution	proposition	VI	VI/44	Cremona Transformations	prop:vi44-sigma-involution	books/vol06_algebraic_geometry/chapters/ch44_cremona_transformations/chapter.tex
Quasi-coherence and exactness	theorem	VI	VI/35	Projective Space	UNLABELLED	books/vol06_algebraic_geometry/chapters/ch35_proj/chapter.tex
Quasi-coherent sheaf	definition	VI	VI/33	Graded Rings	UNLABELLED	books/vol06_algebraic_geometry/chapters/ch33_o_x_modules_quasicoherent/chapter.tex
Quasi-compactness	corollary	VI	VI/05	Irreducibility, Components and Connectedness	cor:vi05-quasicompact	books/vol06_algebraic_geometry/chapters/ch05_irreducibility_components/chapter.tex
Quasi-isomorphism	definition	VIII	VIII/24	Mapping Cones of Chain Maps	def:viii24-quasi	books/vol08_algebraic_topology/chapters/ch24_mapping_cones_of_chain_maps/chapter.tex
Quaternion rotation	theorem	VIII	VIII/13	SU(2) to SO(3)	thm:viii13-quaternion-rotation	books/vol08_algebraic_topology/chapters/ch13_su2_to_so3/chapter.tex
Quotient boundary	proposition	VIII	VIII/16	Chain Complexes	prop:viii16-quotient	books/vol08_algebraic_topology/chapters/ch16_chain_complexes/chapter.tex
Quotient closed immersion	theorem	VI	VI/38	Coherent and Quasi-Coherent Sheaves	thm:vi38-quotient-closed	books/vol06_algebraic_geometry/chapters/ch38_projective_morphisms_and_closed_embeddings/chapter.tex
Quotient construction	theorem	VIII	VIII/12	Deck Transformations and Group Actions	thm:viii12-quotient-cover	books/vol08_algebraic_topology/chapters/ch12_deck_transformations_and_group_actions/chapter.tex
Quotient nilradical identity	theorem	V	V/03	Radicals and Nilpotents	thm:v03-02	books/vol05_commutative_algebra/chapters/ch03_radicals_and_nilpotents/chapter.tex
Quotient sheaf	definition	VI	VI/15	Kernels, Images and Quotients of Sheaves	UNLABELLED	books/vol06_algebraic_geometry/chapters/ch15_kernels_images_quotients/chapter.tex
Quotient tensor identity	theorem	V	V/10	Tensor Products	thm:v10-02	books/vol05_commutative_algebra/chapters/ch10_tensor_products/chapter.tex
Quotient topology	definition	VII	VII/01	Topological Manifolds	def:vii01-quotient	books/vol07_differential_geometry/chapters/ch01_topological_manifolds/chapter.tex
Quotient under base change	theorem	V	V/11	Quotients and Base Change	thm:v11-01	books/vol05_commutative_algebra/chapters/ch11_quotients_and_base_change/chapter.tex
Quotient-domain criterion	theorem	VI	VI/06	Prime Ideals as Geometric Points	thm:vi06-quotient-domain	books/vol06_algebraic_geometry/chapters/ch06_prime_ideals_geometric_points/chapter.tex
Radial conversion	proposition	VII	VII/31	Hyperbolic Plane Models	prop:vii31-disk-klein	books/vol07_differential_geometry/chapters/ch31_hyperbolic_plane_models/chapter.tex
Radical as intersection of primes	theorem	V	V/03	Radicals and Nilpotents	thm:v03-03	books/vol05_commutative_algebra/chapters/ch03_radicals_and_nilpotents/chapter.tex
Radical is an ideal	theorem	V	V/03	Radicals and Nilpotents	thm:v03-01	books/vol05_commutative_algebra/chapters/ch03_radicals_and_nilpotents/chapter.tex
Radical of an ideal	definition	VI	VI/01	Algebraic Sets	UNLABELLED	books/vol06_algebraic_geometry/chapters/ch01_algebraic_sets/chapter.tex
Radicals do not change the closed set	proposition	VI	VI/35	Projective Space	UNLABELLED	books/vol06_algebraic_geometry/chapters/ch35_proj/chapter.tex
Rank	definition	VII	VII/04	Tangent Spaces	def:vii04-rank	books/vol07_differential_geometry/chapters/ch04_tangent_spaces/chapter.tex
Rank from singular values	theorem	I	I/18	Singular-Value Decomposition	thm:i18-02	books/vol01_linear_algebra/chapters/ch18_singular_value_decomposition/chapter.tex
Rank loci	proposition	VI	VI/02	The Zariski Topology	UNLABELLED	books/vol06_algebraic_geometry/chapters/ch02_zariski_topology/chapter.tex
Rank–nullity theorem	theorem	I	I/06	Kernels, Images and Isomorphisms	thm:i06-01	books/vol01_linear_algebra/chapters/ch06_kernels_images_and_isomorphisms/chapter.tex
Rational map	definition	VI	VI/44	Cremona Transformations	def:vi44-rational-map	books/vol06_algebraic_geometry/chapters/ch44_cremona_transformations/chapter.tex
Real projective space	theorem	VII	VII/02	Smooth Structures and Atlases	thm:vii02-rp	books/vol07_differential_geometry/chapters/ch02_smooth_structures_and_atlases/chapter.tex
Real projective space	definition	VIII	VIII/04	Spheres and Antipodal Maps	def:viii04-rpn	books/vol08_algebraic_topology/chapters/ch04_spheres_and_antipodal_maps/chapter.tex
Real vector bundle	definition	VIII	VIII/30	Vector Bundles and Clutching	def:viii30-vector-bundle	books/vol08_algebraic_topology/chapters/ch30_vector_bundles_and_clutching/chapter.tex
Recovering a vector bundle from its frames	theorem	VII	VII/08	Principal and Frame Bundles	thm:vii08-recover-vector	books/vol07_differential_geometry/chapters/ch08_principal_and_frame_bundles/chapter.tex
Recovering acyclicity of a kernel	proposition	VI	VI/49	Basic Vanishing Results	prop:vi49-acyclic-subobject	books/vol06_algebraic_geometry/chapters/ch49_basic_vanishing_results/chapter.tex
Rectangle rule	theorem	III	III/05	Product Measures and Fubini Theory	thm:iii05-03	books/vol03_fourier_distributions_pde/chapters/ch05_product_measures_and_fubini_theory/chapter.tex
Reduced homology	definition	VIII	VIII/17	Simplicial and Singular Homology	def:viii17-reduced	books/vol08_algebraic_topology/chapters/ch17_simplicial_and_singular_homology/chapter.tex
Reduced induced closed subscheme	definition	VI	VI/22	Open and Closed Subschemes	def:vi22-reduced-closed	books/vol06_algebraic_geometry/chapters/ch22_open_closed_subschemes/chapter.tex
Reduced plus irreducible	theorem	VI	VI/27	Integral Schemes and Function Fields	thm:vi27-reduced-irreducible	books/vol06_algebraic_geometry/chapters/ch27_integral_schemes_function_fields/chapter.tex
Reduced ring	definition	VI	VI/10	Reduced and Nonreduced Geometry	UNLABELLED	books/vol06_algebraic_geometry/chapters/ch10_reduced_nonreduced_geometry/chapter.tex
Reduction commutes with localization	theorem	VI	VI/10	Reduced and Nonreduced Geometry	UNLABELLED	books/vol06_algebraic_geometry/chapters/ch10_reduced_nonreduced_geometry/chapter.tex
Reduction of a ring	definition	VI	VI/10	Reduced and Nonreduced Geometry	UNLABELLED	books/vol06_algebraic_geometry/chapters/ch10_reduced_nonreduced_geometry/chapter.tex
Refinement of a cover	definition	VI	VI/47	Čech Cohomology	def:vi47-refinement	books/vol06_algebraic_geometry/chapters/ch47_ech_cohomology/chapter.tex
Refinements induce maps on cohomology	theorem	VI	VI/47	Čech Cohomology	thm:vi47-refinement-map	books/vol06_algebraic_geometry/chapters/ch47_ech_cohomology/chapter.tex
Reflection	proposition	VIII	VIII/03	Degree of Maps	prop:viii03-reflection	books/vol08_algebraic_topology/chapters/ch03_degree_of_maps/chapter.tex
Regular and singular points	definition	VI	VI/32	Tangent Spaces and Local Geometry	def:vi32-regular-point	books/vol06_algebraic_geometry/chapters/ch32_tangent_spaces_and_local_geometry/chapter.tex
Regular covering	definition	VIII	VIII/12	Deck Transformations and Group Actions	def:viii12-regular	books/vol08_algebraic_topology/chapters/ch12_deck_transformations_and_group_actions/chapter.tex
Regular curve	definition	VII	VII/12	Regular Curves	def:vii12-regular	books/vol07_differential_geometry/chapters/ch12_regular_curves/chapter.tex
Regular level-set theorem	theorem	VII	VII/06	Submanifolds and Products	thm:vii06-regular-level	books/vol07_differential_geometry/chapters/ch06_submanifolds_and_products/chapter.tex
Regular local ring	definition	VI	VI/32	Tangent Spaces and Local Geometry	def:vi32-regular-local	books/vol06_algebraic_geometry/chapters/ch32_tangent_spaces_and_local_geometry/chapter.tex
Regular locus	proposition	VI	VI/27	Integral Schemes and Function Fields	prop:vi27-regular-locus	books/vol06_algebraic_geometry/chapters/ch27_integral_schemes_function_fields/chapter.tex
Regular parametrized patch	definition	VII	VII/14	Regular Surfaces	def:vii14-patch	books/vol07_differential_geometry/chapters/ch14_regular_surfaces/chapter.tex
Regular reparametrization	definition	VII	VII/12	Regular Curves	def:vii12-reparam	books/vol07_differential_geometry/chapters/ch12_regular_curves/chapter.tex
Regular surface	definition	VII	VII/14	Regular Surfaces	def:vii14-regular-surface	books/vol07_differential_geometry/chapters/ch14_regular_surfaces/chapter.tex
Regular value	definition	VII	VII/06	Submanifolds and Products	def:vii06-regular-value	books/vol07_differential_geometry/chapters/ch06_submanifolds_and_products/chapter.tex
Regularity criterion	proposition	VII	VII/18	Ruled and Developable Surfaces	prop:vii18-regularity	books/vol07_differential_geometry/chapters/ch18_ruled_and_developable_surfaces/chapter.tex
Relations among coordinates	proposition	VI	VI/03	Coordinate Rings	UNLABELLED	books/vol06_algebraic_geometry/chapters/ch03_coordinate_rings/chapter.tex
Relative cell decomposition	theorem	VIII	VIII/18	Cellular Homology	thm:viii18-relative-cells	books/vol08_algebraic_topology/chapters/ch18_cellular_homology/chapter.tex
Relative chain complex	proposition	VIII	VIII/19	Relative Homology and Exact Sequences	prop:viii19-relative-complex	books/vol08_algebraic_topology/chapters/ch19_relative_homology_and_exact_sequences/chapter.tex
Relative chain group	definition	VIII	VIII/19	Relative Homology and Exact Sequences	def:viii19-relative-chain	books/vol08_algebraic_topology/chapters/ch19_relative_homology_and_exact_sequences/chapter.tex
Relative cohomology	definition	VIII	VIII/28	Cohomology	def:viii28-relative	books/vol08_algebraic_topology/chapters/ch28_cohomology/chapter.tex
Relative homology	definition	VIII	VIII/19	Relative Homology and Exact Sequences	def:viii19-relative-homology	books/vol08_algebraic_topology/chapters/ch19_relative_homology_and_exact_sequences/chapter.tex
Relative quotient theorem	theorem	VIII	VIII/19	Relative Homology and Exact Sequences	thm:viii19-quotient	books/vol08_algebraic_topology/chapters/ch19_relative_homology_and_exact_sequences/chapter.tex
Relative zero locus	definition	VI	VI/02	The Zariski Topology	UNLABELLED	books/vol06_algebraic_geometry/chapters/ch02_zariski_topology/chapter.tex
Removing codimension at least two	corollary	VI	VI/41	Divisor Class Groups	cor:vi41-codim-two-invariance	books/vol06_algebraic_geometry/chapters/ch41_divisor_class_groups/chapter.tex
Reparameterization invariance	theorem	IV	IV/04	Complex Integration	thm:iv04-01	books/vol04_complex_analysis/chapters/ch04_complex_integration/chapter.tex
Reparametrization	theorem	VII	VII/14	Regular Surfaces	thm:vii14-reparam	books/vol07_differential_geometry/chapters/ch14_regular_surfaces/chapter.tex
Reparametrization invariance	proposition	VII	VII/20	Riemannian Metrics	prop:vii20-length-invariance	books/vol07_differential_geometry/chapters/ch20_riemannian_metrics/chapter.tex
Residue characteristic	proposition	VI	VI/21	Schemes and Their Points	prop:vi21-residue-characteristic	books/vol06_algebraic_geometry/chapters/ch21_schemes_and_points/chapter.tex
Residue field	definition	VI	VI/11	Local Rings and Residue Fields	UNLABELLED	books/vol06_algebraic_geometry/chapters/ch11_local_rings_residue_fields/chapter.tex
Residue field identification	theorem	V	V/08	Local Rings and Localization at Primes	thm:v08-03	books/vol05_commutative_algebra/chapters/ch08_local_rings_and_localization_at_primes/chapter.tex
Residue formula	theorem	IV	IV/19	The Gamma Function	thm:iv19-03	books/vol04_complex_analysis/chapters/ch19_the_gamma_function/chapter.tex
Residue sum theorem	theorem	IV	IV/28	Elliptic Functions	thm:iv28-01	books/vol04_complex_analysis/chapters/ch28_elliptic_functions/chapter.tex
Residue theorem	theorem	IV	IV/10	Residues and the Residue Theorem	thm:iv10-01	books/vol04_complex_analysis/chapters/ch10_residues_and_the_residue_theorem/chapter.tex
Residue-field functoriality	proposition	VI	VI/21	Schemes and Their Points	prop:vi21-residue-functoriality	books/vol06_algebraic_geometry/chapters/ch21_schemes_and_points/chapter.tex
Resolution by the base ideal	theorem	VI	VI/45	Blow-Ups	thm:vi45-base-ideal-resolution	books/vol06_algebraic_geometry/chapters/ch45_blow_ups/chapter.tex
Resolution of the standard Cremona map	theorem	VI	VI/45	Blow-Ups	thm:vi45-resolve-cremona	books/vol06_algebraic_geometry/chapters/ch45_blow_ups/chapter.tex
Resolution preview for the standard map	proposition	VI	VI/44	Cremona Transformations	prop:vi44-resolution-preview	books/vol06_algebraic_geometry/chapters/ch44_cremona_transformations/chapter.tex
Resolvent diagonalization	theorem	III	III/28	Spectral and Transform Methods for PDE	thm:iii28-03	books/vol03_fourier_distributions_pde/chapters/ch28_spectral_and_transform_methods_for_pde/chapter.tex
Restricted holonomy	definition	VII	VII/25	Holonomy	def:vii25-restricted	books/vol07_differential_geometry/chapters/ch25_holonomy/chapter.tex
Restricted presheaf	definition	VI	VI/12	Presheaves	UNLABELLED	books/vol06_algebraic_geometry/chapters/ch12_presheaves/chapter.tex
Restriction	proposition	VI	VI/40	Cartier Divisors	prop:vi40-restriction	books/vol06_algebraic_geometry/chapters/ch40_cartier_divisors/chapter.tex
Restriction	proposition	VII	VII/02	Smooth Structures and Atlases	prop:vii02-restrictions	books/vol07_differential_geometry/chapters/ch02_smooth_structures_and_atlases/chapter.tex
Restriction	proposition	VIII	VIII/10	Covering Spaces	prop:viii10-restriction	books/vol08_algebraic_topology/chapters/ch10_covering_spaces/chapter.tex
Restriction across divisors	proposition	VI	VI/42	Line Bundles and Picard Groups	prop:vi42-restriction-divisors	books/vol06_algebraic_geometry/chapters/ch42_line_bundles_and_picard_groups/chapter.tex
Restriction to an open subset	proposition	VI	VI/39	Weil Divisors	prop:vi39-restriction	books/vol06_algebraic_geometry/chapters/ch39_weil_divisors/chapter.tex
Restriction to opens	theorem	VI	VI/28	Normalization	thm:vi28-open-restriction	books/vol06_algebraic_geometry/chapters/ch28_normalization/chapter.tex
Restriction to time intervals	proposition	VIII	VIII/01	Homotopies of Maps	prop:viii01-restrict-time	books/vol08_algebraic_topology/chapters/ch01_homotopies_of_maps/chapter.tex
Retraction	definition	VIII	VIII/02	Homotopy Equivalence and Contractibility	def:viii02-retraction	books/vol08_algebraic_topology/chapters/ch02_homotopy_equivalence_and_contractibility/chapter.tex
Ricci tensor	definition	VII	VII/27	Ricci and Scalar Curvature	def:vii27-ricci	books/vol07_differential_geometry/chapters/ch27_ricci_and_scalar_curvature/chapter.tex
Riemann mapping theorem	theorem	IV	IV/17	Conformal Mapping	thm:iv17-riemann-mapping	books/vol04_complex_analysis/chapters/ch17_conformal_mapping/chapter.tex
Riemann removable singularity theorem	theorem	IV	IV/09	Isolated Singularities	thm:iv09-02	books/vol04_complex_analysis/chapters/ch09_isolated_singularities/chapter.tex
Riemann symmetries	theorem	VII	VII/26	The Riemann Curvature Tensor	thm:vii26-symmetries	books/vol07_differential_geometry/chapters/ch26_the_riemann_curvature_tensor/chapter.tex
Riemann tensor	definition	VII	VII/26	The Riemann Curvature Tensor	def:vii26-rm4	books/vol07_differential_geometry/chapters/ch26_the_riemann_curvature_tensor/chapter.tex
Riemann--Hurwitz formula	theorem	IV	IV/26	Compactification and Genus	thm:iv26-02	books/vol04_complex_analysis/chapters/ch26_compactification_and_genus/chapter.tex
Riemann--Lebesgue compatibility \proofstatus{used without full proof}	theorem	II	II/10	Riemann Integration	thm:ii10-riemann-lebesgue-compat	books/vol02_real_analysis/chapters/ch10_riemann_integration/chapter.tex
Riemann--Lebesgue lemma	theorem	III	III/11	The Fourier Transform	thm:iii11-02	books/vol03_fourier_distributions_pde/chapters/ch11_the_fourier_transform/chapter.tex
Riemannian density	definition	VII	VII/20	Riemannian Metrics	def:vii20-density	books/vol07_differential_geometry/chapters/ch20_riemannian_metrics/chapter.tex
Riemannian distance	definition	VII	VII/20	Riemannian Metrics	def:vii20-distance	books/vol07_differential_geometry/chapters/ch20_riemannian_metrics/chapter.tex
Riemannian isometry	definition	VII	VII/20	Riemannian Metrics	def:vii20-isometry	books/vol07_differential_geometry/chapters/ch20_riemannian_metrics/chapter.tex
Riemannian metric	definition	VII	VII/20	Riemannian Metrics	def:vii20-metric	books/vol07_differential_geometry/chapters/ch20_riemannian_metrics/chapter.tex
Right action	definition	VII	VII/08	Principal and Frame Bundles	def:vii08-right-action	books/vol07_differential_geometry/chapters/ch08_principal_and_frame_bundles/chapter.tex
Right exactness of tensor	theorem	V	V/10	Tensor Products	thm:v10-03	books/vol05_commutative_algebra/chapters/ch10_tensor_products/chapter.tex
Root from logarithm	theorem	IV	IV/14	Branches of the Logarithm and Roots	thm:iv14-03	books/vol04_complex_analysis/chapters/ch14_branches_of_the_logarithm_and_roots/chapter.tex
Rouché theorem	theorem	IV	IV/13	Rouché's Theorem	thm:iv13-01	books/vol04_complex_analysis/chapters/ch13_rouch_s_theorem/chapter.tex
Ruled surface	definition	VII	VII/18	Ruled and Developable Surfaces	def:vii18-ruled	books/vol07_differential_geometry/chapters/ch18_ruled_and_developable_surfaces/chapter.tex
Saturation does not change Proj	theorem	VI	VI/37	Projective Morphisms and Closed Embeddings	thm:vi37-saturation	books/vol06_algebraic_geometry/chapters/ch37_projective_schemes/chapter.tex
Scalar curvature	definition	VII	VII/27	Ricci and Scalar Curvature	def:vii27-scalar	books/vol07_differential_geometry/chapters/ch27_ricci_and_scalar_curvature/chapter.tex
Scaling rule	theorem	III	III/12	The Gaussian and Transform Calculus	thm:iii12-02	books/vol03_fourier_distributions_pde/chapters/ch12_the_gaussian_and_transform_calculus/chapter.tex
Schanuel lemma	theorem	V	V/24	Syzygies	thm:v24-02	books/vol05_commutative_algebra/chapters/ch24_syzygies/chapter.tex
Schouten tensor	definition	VII	VII/28	Weyl Curvature	def:vii28-schouten	books/vol07_differential_geometry/chapters/ch28_weyl_curvature/chapter.tex
Schreier index formula	theorem	VIII	VIII/14	Free Groups and Covering Graphs	thm:viii14-schreier-formula	books/vol08_algebraic_topology/chapters/ch14_free_groups_and_covering_graphs/chapter.tex
Schwartz convolution closure	theorem	III	III/14	The Schwartz Space	thm:iii14-03	books/vol03_fourier_distributions_pde/chapters/ch14_the_schwartz_space/chapter.tex
Schwarz lemma	theorem	IV	IV/17	Conformal Mapping	thm:iv17-02	books/vol04_complex_analysis/chapters/ch17_conformal_mapping/chapter.tex
Second Bianchi identity	theorem	VII	VII/26	The Riemann Curvature Tensor	thm:vii26-bianchi2	books/vol07_differential_geometry/chapters/ch26_the_riemann_curvature_tensor/chapter.tex
Second countable	definition	VII	VII/01	Topological Manifolds	def:vii01-second-countable	books/vol07_differential_geometry/chapters/ch01_topological_manifolds/chapter.tex
Second fundamental form coefficients	definition	VII	VII/15	First and Second Fundamental Forms	def:vii15-efg	books/vol07_differential_geometry/chapters/ch15_first_and_second_fundamental_forms/chapter.tex
Section	definition	VIII	VIII/10	Covering Spaces	def:viii10-section	books/vol08_algebraic_topology/chapters/ch10_covering_spaces/chapter.tex
Section	definition	VIII	VIII/30	Vector Bundles and Clutching	def:viii30-section	books/vol08_algebraic_topology/chapters/ch30_vector_bundles_and_clutching/chapter.tex
Sectional curvature	definition	VII	VII/26	The Riemann Curvature Tensor	def:vii26-sectional	books/vol07_differential_geometry/chapters/ch26_the_riemann_curvature_tensor/chapter.tex
Sections are determined by their germs	theorem	VI	VI/13	Sheaves and Stalks	UNLABELLED	books/vol06_algebraic_geometry/chapters/ch13_sheaves_stalks/chapter.tex
Sections embed in the function field	proposition	VI	VI/27	Integral Schemes and Function Fields	prop:vi27-sections-embed	books/vol06_algebraic_geometry/chapters/ch27_integral_schemes_function_fields/chapter.tex
Segre closed embedding and equations	theorem	VI	VI/38	Coherent and Quasi-Coherent Sheaves	thm:vi38-segre	books/vol06_algebraic_geometry/chapters/ch38_projective_morphisms_and_closed_embeddings/chapter.tex
Separated product forms	proposition	VII	VII/10	Orientation and Integration	prop:vii10-product-integral	books/vol07_differential_geometry/chapters/ch10_orientation_and_integration/chapter.tex
Sequential closedness	theorem	II	II/04	Open and Closed Sets	thm:ii04-02	books/vol02_real_analysis/chapters/ch04_open_and_closed_sets/chapter.tex
Sequential criterion	theorem	II	II/05	Metric Spaces and Continuity	thm:ii05-01	books/vol02_real_analysis/chapters/ch05_metric_spaces_and_continuity/chapter.tex
Shape operator	definition	VII	VII/16	The Gauss Map and Shape Operator	def:vii16-shape	books/vol07_differential_geometry/chapters/ch16_the_gauss_map_and_shape_operator/chapter.tex
Shared local formulas	proposition	VII	VII/30	Riemannian versus Lorentzian Geometry	prop:vii30-shared	books/vol07_differential_geometry/chapters/ch30_riemannian_versus_lorentzian_geometry/chapter.tex
Sheaf	definition	VI	VI/13	Sheaves and Stalks	UNLABELLED	books/vol06_algebraic_geometry/chapters/ch13_sheaves_stalks/chapter.tex
Sheaf of total quotient rings	definition	VI	VI/40	Cartier Divisors	def:vi40-total-quotient	books/vol06_algebraic_geometry/chapters/ch40_cartier_divisors/chapter.tex
Sheaf property	theorem	VI	VI/17	The Structure Sheaf	UNLABELLED	books/vol06_algebraic_geometry/chapters/ch17_structure_sheaf/chapter.tex
Sheafification	definition	VI	VI/14	Sheafification	UNLABELLED	books/vol06_algebraic_geometry/chapters/ch14_sheafification/chapter.tex
Sheafification is a functor	proposition	VI	VI/14	Sheafification	UNLABELLED	books/vol06_algebraic_geometry/chapters/ch14_sheafification/chapter.tex
Shift	definition	VI	VI/34	Proj	UNLABELLED	books/vol06_algebraic_geometry/chapters/ch34_graded_rings/chapter.tex
Short exact sequence	definition	VI	VI/16	Exact Sequences of Sheaves	UNLABELLED	books/vol06_algebraic_geometry/chapters/ch16_exact_sequences_sheaves/chapter.tex
Short exact sequence of chain complexes	definition	VIII	VIII/16	Chain Complexes	def:viii16-short-exact	books/vol08_algebraic_topology/chapters/ch16_chain_complexes/chapter.tex
Short exact sequence of sheaves	definition	VI	VI/48	Exact Sequences and Cohomology	def:vi48-short-exact	books/vol06_algebraic_geometry/chapters/ch48_exact_sequences_and_cohomology/chapter.tex
Side pairings for the modular domain	proposition	VII	VII/35	Fuchsian Groups	prop:vii35-modular-sides	books/vol07_differential_geometry/chapters/ch35_fuchsian_groups/chapter.tex
Sign restriction	proposition	VII	VII/18	Ruled and Developable Surfaces	prop:vii18-k-nonpositive	books/vol07_differential_geometry/chapters/ch18_ruled_and_developable_surfaces/chapter.tex
Signature	definition	VII	VII/29	Indefinite Metrics	def:vii29-signature	books/vol07_differential_geometry/chapters/ch29_indefinite_metrics/chapter.tex
Signature	definition	VIII	VIII/34	Intersection Forms	def:viii34-signature	books/vol08_algebraic_topology/chapters/ch34_intersection_forms/chapter.tex
Signature is locally constant	proposition	VII	VII/29	Indefinite Metrics	prop:vii29-local-constant	books/vol07_differential_geometry/chapters/ch29_indefinite_metrics/chapter.tex
Signs of normal curvature	proposition	VII	VII/17	Principal, Gaussian and Mean Curvature	prop:vii17-signs	books/vol07_differential_geometry/chapters/ch17_principal_gaussian_and_mean_curvature/chapter.tex
Similarity under basis change	theorem	I	I/07	Matrix Representation of Linear Maps	thm:i07-02	books/vol01_linear_algebra/chapters/ch07_matrix_representation_of_linear_maps/chapter.tex
Simple approximation	theorem	III	III/02	Measurable Functions	thm:iii02-03	books/vol03_fourier_distributions_pde/chapters/ch02_measurable_functions/chapter.tex
Simple curve	definition	VII	VII/12	Regular Curves	def:vii12-simple	books/vol07_differential_geometry/chapters/ch12_regular_curves/chapter.tex
Simple-pole formula	theorem	IV	IV/10	Residues and the Residue Theorem	thm:iv10-02	books/vol04_complex_analysis/chapters/ch10_residues_and_the_residue_theorem/chapter.tex
Simplicial chain group	definition	VIII	VIII/17	Simplicial and Singular Homology	def:viii17-simplicial-chain	books/vol08_algebraic_topology/chapters/ch17_simplicial_and_singular_homology/chapter.tex
Simplicial homology	definition	VIII	VIII/17	Simplicial and Singular Homology	def:viii17-simplicial-homology	books/vol08_algebraic_topology/chapters/ch17_simplicial_and_singular_homology/chapter.tex
Simplicial isomorphism	definition	VIII	VIII/15	Simplicial Complexes	def:viii15-simplicial-iso	books/vol08_algebraic_topology/chapters/ch15_simplicial_complexes/chapter.tex
Simplicial map	definition	VIII	VIII/15	Simplicial Complexes	def:viii15-simplicial-map	books/vol08_algebraic_topology/chapters/ch15_simplicial_complexes/chapter.tex
Simply connected	definition	VIII	VIII/09	Paths and Fundamental Groups	def:viii09-simply-connected	books/vol08_algebraic_topology/chapters/ch09_paths_and_fundamental_groups/chapter.tex
Simply connected domains lift	corollary	VIII	VIII/11	Lifting Properties	cor:viii11-simply-connected-domain	books/vol08_algebraic_topology/chapters/ch11_lifting_properties/chapter.tex
Simply connected logarithm theorem	theorem	IV	IV/14	Branches of the Logarithm and Roots	thm:iv14-02	books/vol04_complex_analysis/chapters/ch14_branches_of_the_logarithm_and_roots/chapter.tex
Simpson exactness	theorem	II	II/24	Numerical Quadrature	thm:ii24-02	books/vol02_real_analysis/chapters/ch24_numerical_quadrature/chapter.tex
Simultaneous homotopic attachments	theorem	VIII	VIII/08	Homotopic Attaching Maps	thm:viii08-simultaneous	books/vol08_algebraic_topology/chapters/ch08_homotopic_attaching_maps/chapter.tex
Single-valued lift	theorem	IV	IV/22	From Analytic Continuation to Riemann Surfaces	thm:iv22-03	books/vol04_complex_analysis/chapters/ch22_from_analytic_continuation_to_riemann_surfaces/chapter.tex
Singular base curve	proposition	VII	VII/18	Ruled and Developable Surfaces	prop:vii18-tangent-singular	books/vol07_differential_geometry/chapters/ch18_ruled_and_developable_surfaces/chapter.tex
Singular chains	definition	VIII	VIII/17	Simplicial and Singular Homology	def:viii17-singular-chain	books/vol08_algebraic_topology/chapters/ch17_simplicial_and_singular_homology/chapter.tex
Singular homology	definition	VIII	VIII/17	Simplicial and Singular Homology	def:viii17-singular-homology	books/vol08_algebraic_topology/chapters/ch17_simplicial_and_singular_homology/chapter.tex
Singular simplex	definition	VIII	VIII/17	Simplicial and Singular Homology	def:viii17-singular-simplex	books/vol08_algebraic_topology/chapters/ch17_simplicial_and_singular_homology/chapter.tex
Singular-value decomposition	theorem	I	I/18	Singular-Value Decomposition	thm:i18-01	books/vol01_linear_algebra/chapters/ch18_singular_value_decomposition/chapter.tex
Skeleton	definition	VIII	VIII/06	CW Complexes	def:viii06-skeleton	books/vol08_algebraic_topology/chapters/ch06_cw_complexes/chapter.tex
Skew symmetry in the first two entries	proposition	VII	VII/26	The Riemann Curvature Tensor	prop:vii26-skew12	books/vol07_differential_geometry/chapters/ch26_the_riemann_curvature_tensor/chapter.tex
Skyscraper sheaf	definition	VI	VI/13	Sheaves and Stalks	UNLABELLED	books/vol06_algebraic_geometry/chapters/ch13_sheaves_stalks/chapter.tex
Smallest algebraic set containing a subset	proposition	VI	VI/01	Algebraic Sets	prop:vi01-smallest-algebraic	books/vol06_algebraic_geometry/chapters/ch01_algebraic_sets/chapter.tex
Smooth atlas	definition	VII	VII/02	Smooth Structures and Atlases	def:vii02-smooth-atlas	books/vol07_differential_geometry/chapters/ch02_smooth_structures_and_atlases/chapter.tex
Smooth compatibility	definition	VII	VII/02	Smooth Structures and Atlases	def:vii02-compatible	books/vol07_differential_geometry/chapters/ch02_smooth_structures_and_atlases/chapter.tex
Smooth differential form	definition	VII	VII/09	Differential Forms	def:vii09-smooth-form	books/vol07_differential_geometry/chapters/ch09_differential_forms/chapter.tex
Smooth function	definition	VII	VII/02	Smooth Structures and Atlases	def:vii02-smooth-function	books/vol07_differential_geometry/chapters/ch02_smooth_structures_and_atlases/chapter.tex
Smooth manifold with boundary	definition	VII	VII/11	Stokes' Theorem	def:vii11-boundary-manifold	books/vol07_differential_geometry/chapters/ch11_stokes_theorem/chapter.tex
Smooth map	definition	VII	VII/03	Smooth Maps and Diffeomorphisms	def:vii03-global-smooth	books/vol07_differential_geometry/chapters/ch03_smooth_maps_and_diffeomorphisms/chapter.tex
Smooth map at a point	definition	VII	VII/03	Smooth Maps and Diffeomorphisms	def:vii03-smooth-map	books/vol07_differential_geometry/chapters/ch03_smooth_maps_and_diffeomorphisms/chapter.tex
Smooth overlap maps	theorem	VII	VII/14	Regular Surfaces	thm:vii14-overlaps	books/vol07_differential_geometry/chapters/ch14_regular_surfaces/chapter.tex
Smooth plane cubic criterion	proposition	VI	VI/43	Plane Cubics	prop:vi43-smoothness	books/vol06_algebraic_geometry/chapters/ch43_plane_cubics/chapter.tex
Smooth section	definition	VII	VII/07	Vector Bundles	def:vii07-section	books/vol07_differential_geometry/chapters/ch07_vector_bundles/chapter.tex
Smooth structure	definition	VII	VII/02	Smooth Structures and Atlases	def:vii02-smooth-structure	books/vol07_differential_geometry/chapters/ch02_smooth_structures_and_atlases/chapter.tex
Smooth vector bundle	definition	VII	VII/07	Vector Bundles	def:vii07-vector-bundle	books/vol07_differential_geometry/chapters/ch07_vector_bundles/chapter.tex
Smoothness discriminant in short Weierstrass form	proposition	VI	VI/43	Plane Cubics	prop:vi43-discriminant	books/vol06_algebraic_geometry/chapters/ch43_plane_cubics/chapter.tex
Space form curvature	definition	VII	VII/26	The Riemann Curvature Tensor	def:vii26-space-form	books/vol07_differential_geometry/chapters/ch26_the_riemann_curvature_tensor/chapter.tex
Space forms are conformally flat	proposition	VII	VII/28	Weyl Curvature	prop:vii28-spaceform	books/vol07_differential_geometry/chapters/ch28_weyl_curvature/chapter.tex
Space-form contractions	theorem	VII	VII/27	Ricci and Scalar Curvature	thm:vii27-space-form	books/vol07_differential_geometry/chapters/ch27_ricci_and_scalar_curvature/chapter.tex
Spanning tree	definition	VIII	VIII/14	Free Groups and Covering Graphs	def:viii14-spanning-tree	books/vol08_algebraic_topology/chapters/ch14_free_groups_and_covering_graphs/chapter.tex
Special linear group	definition	VII	VII/33	Möbius Transformations and PSL(2,R)	def:vii33-sl2	books/vol07_differential_geometry/chapters/ch33_m_bius_transformations_and_psl_2_r/chapter.tex
Special unitary group	definition	VIII	VIII/13	SU(2) to SO(3)	def:viii13-su2	books/vol08_algebraic_topology/chapters/ch13_su2_to_so3/chapter.tex
Specialization and generalization	definition	VI	VI/09	Generic and Closed Points	UNLABELLED	books/vol06_algebraic_geometry/chapters/ch09_generic_closed_points/chapter.tex
Specialization order	theorem	VI	VI/07	The Spectrum of a Ring	UNLABELLED	books/vol06_algebraic_geometry/chapters/ch07_spectrum_of_a_ring/chapter.tex
Specialization order on a spectrum	theorem	VI	VI/09	Generic and Closed Points	UNLABELLED	books/vol06_algebraic_geometry/chapters/ch09_generic_closed_points/chapter.tex
Spectral heat expansion	theorem	III	III/28	Spectral and Transform Methods for PDE	thm:iii28-02	books/vol03_fourier_distributions_pde/chapters/ch28_spectral_and_transform_methods_for_pde/chapter.tex
Spectral resolvent expansion	theorem	III	III/26	Sturm–Liouville Green Kernels	thm:iii26-03	books/vol03_fourier_distributions_pde/chapters/ch26_sturm_liouville_green_kernels/chapter.tex
Spectral theorem for the shape operator	theorem	VII	VII/16	The Gauss Map and Shape Operator	thm:vii16-spectral	books/vol07_differential_geometry/chapters/ch16_the_gauss_map_and_shape_operator/chapter.tex
Speed	definition	VII	VII/12	Regular Curves	def:vii12-speed	books/vol07_differential_geometry/chapters/ch12_regular_curves/chapter.tex
Sphere gluing	theorem	IV	IV/25	Construction by Gluing	thm:iv25-02	books/vol04_complex_analysis/chapters/ch25_construction_by_gluing/chapter.tex
Split exact complexes contract	theorem	VIII	VIII/23	Chain Contractions	thm:viii23-split	books/vol08_algebraic_topology/chapters/ch23_chain_contractions/chapter.tex
Split exact sequences split in cohomology	corollary	VI	VI/48	Exact Sequences and Cohomology	cor:vi48-split	books/vol06_algebraic_geometry/chapters/ch48_exact_sequences_and_cohomology/chapter.tex
Splitting criterion	theorem	V	V/09	Modules and Exact Sequences	thm:v09-02	books/vol05_commutative_algebra/chapters/ch09_modules_and_exact_sequences/chapter.tex
Splitting criterion	theorem	V	V/13	Free and Projective Modules	thm:v13-02	books/vol05_commutative_algebra/chapters/ch13_free_and_projective_modules/chapter.tex
Square-root existence	theorem	II	II/01	The Real Number System and Completeness	thm:ii01-03	books/vol02_real_analysis/chapters/ch01_the_real_number_system_and_completeness/chapter.tex
Stability under perturbation	theorem	II	II/16	Contraction Mappings	thm:ii16-03	books/vol02_real_analysis/chapters/ch16_contraction_mappings/chapter.tex
Stalk	definition	VI	VI/13	Sheaves and Stalks	UNLABELLED	books/vol06_algebraic_geometry/chapters/ch13_sheaves_stalks/chapter.tex
Stalk formula	theorem	VI	VI/17	The Structure Sheaf	thm:vi17-stalk	books/vol06_algebraic_geometry/chapters/ch17_structure_sheaf/chapter.tex
Stalk formula	proposition	VI	VI/35	Projective Space	prop:vi35-stalk	books/vol06_algebraic_geometry/chapters/ch35_proj/chapter.tex
Stalk preservation	theorem	VI	VI/14	Sheafification	UNLABELLED	books/vol06_algebraic_geometry/chapters/ch14_sheafification/chapter.tex
Stalks of a quotient	theorem	VI	VI/15	Kernels, Images and Quotients of Sheaves	UNLABELLED	books/vol06_algebraic_geometry/chapters/ch15_kernels_images_quotients/chapter.tex
Stalks of an associated graded sheaf	proposition	VI	VI/35	Projective Space	UNLABELLED	books/vol06_algebraic_geometry/chapters/ch35_proj/chapter.tex
Stalkwise criterion	theorem	VI	VI/33	Graded Rings	UNLABELLED	books/vol06_algebraic_geometry/chapters/ch33_o_x_modules_quasicoherent/chapter.tex
Stalkwise criterion for exactness	theorem	VI	VI/16	Exact Sequences of Sheaves	thm:vi16-stalkwise-exact	books/vol06_algebraic_geometry/chapters/ch16_exact_sequences_sheaves/chapter.tex
Stalkwise isomorphism criterion	theorem	VI	VI/13	Sheaves and Stalks	UNLABELLED	books/vol06_algebraic_geometry/chapters/ch13_sheaves_stalks/chapter.tex
Stalkwise isomorphism criterion	corollary	VI	VI/16	Exact Sequences of Sheaves	UNLABELLED	books/vol06_algebraic_geometry/chapters/ch16_exact_sequences_sheaves/chapter.tex
Standard affine atlas	theorem	VI	VI/36	Projective Schemes	thm:vi36-standard-atlas	books/vol06_algebraic_geometry/chapters/ch36_projective_space/chapter.tex
Standard open	definition	VI	VI/35	Projective Space	UNLABELLED	books/vol06_algebraic_geometry/chapters/ch35_proj/chapter.tex
Standard opens form a basis	corollary	VI	VI/35	Projective Space	UNLABELLED	books/vol06_algebraic_geometry/chapters/ch35_proj/chapter.tex
Standard-open calculus	proposition	VI	VI/35	Projective Space	UNLABELLED	books/vol06_algebraic_geometry/chapters/ch35_proj/chapter.tex
Star as a cone	proposition	VIII	VIII/15	Simplicial Complexes	prop:viii15-star-cone	books/vol08_algebraic_topology/chapters/ch15_simplicial_complexes/chapter.tex
Star-shaped set	definition	VIII	VIII/02	Homotopy Equivalence and Contractibility	def:viii02-star	books/vol08_algebraic_topology/chapters/ch02_homotopy_equivalence_and_contractibility/chapter.tex
Star-shaped sets are contractible	proposition	VIII	VIII/02	Homotopy Equivalence and Contractibility	prop:viii02-star-contract	books/vol08_algebraic_topology/chapters/ch02_homotopy_equivalence_and_contractibility/chapter.tex
Stereographic-type projection	theorem	VII	VII/31	Hyperbolic Plane Models	thm:vii31-hyp-disk-map	books/vol07_differential_geometry/chapters/ch31_hyperbolic_plane_models/chapter.tex
Stokes	theorem	VII	VII/11	Stokes' Theorem	thm:vii11-stokes	books/vol07_differential_geometry/chapters/ch11_stokes_theorem/chapter.tex
Straight line in an unfolded strip	theorem	VII	VII/39	Graph and Exact Mesh Geodesics	thm:vii39-strip	books/vol07_differential_geometry/chapters/ch39_graph_and_exact_mesh_geodesics/chapter.tex
Strict comparison	proposition	VI	VI/02	The Zariski Topology	UNLABELLED	books/vol06_algebraic_geometry/chapters/ch02_zariski_topology/chapter.tex
Striction curve	definition	VII	VII/18	Ruled and Developable Surfaces	def:vii18-striction	books/vol07_differential_geometry/chapters/ch18_ruled_and_developable_surfaces/chapter.tex
Strong deformation retract	definition	VIII	VIII/02	Homotopy Equivalence and Contractibility	def:viii02-strong	books/vol08_algebraic_topology/chapters/ch02_homotopy_equivalence_and_contractibility/chapter.tex
Structure sheaf of an affine spectrum	definition	VI	VI/17	The Structure Sheaf	UNLABELLED	books/vol06_algebraic_geometry/chapters/ch17_structure_sheaf/chapter.tex
Subcomplex	definition	VIII	VIII/06	CW Complexes	def:viii06-subcomplex	books/vol08_algebraic_topology/chapters/ch06_cw_complexes/chapter.tex
Subcomplex	definition	VIII	VIII/15	Simplicial Complexes	def:viii15-subcomplex	books/vol08_algebraic_topology/chapters/ch15_simplicial_complexes/chapter.tex
Subcomplex closedness	proposition	VIII	VIII/06	CW Complexes	prop:viii06-subcomplex-closed	books/vol08_algebraic_topology/chapters/ch06_cw_complexes/chapter.tex
Subdivision preserves realization	theorem	VIII	VIII/15	Simplicial Complexes	thm:viii15-subdivision-homeomorphism	books/vol08_algebraic_topology/chapters/ch15_simplicial_complexes/chapter.tex
Subpresheaf	definition	VI	VI/12	Presheaves	UNLABELLED	books/vol06_algebraic_geometry/chapters/ch12_presheaves/chapter.tex
Subspace criterion	theorem	I	I/02	Subspaces, Span and Linear Independence	thm:i02-01	books/vol01_linear_algebra/chapters/ch02_subspaces_span_and_linear_independence/chapter.tex
Sufficiency under $C^1$ hypotheses	theorem	IV	IV/02	Cauchy–Riemann Equations	thm:iv02-02	books/vol04_complex_analysis/chapters/ch02_cauchy_riemann_equations/chapter.tex
Sum of exponents	theorem	IV	IV/18	Schwarz–Christoffel Transformations	thm:iv18-02	books/vol04_complex_analysis/chapters/ch18_schwarz_christoffel_transformations/chapter.tex
Sum of sectional curvatures	proposition	VII	VII/27	Ricci and Scalar Curvature	prop:vii27-ricci-sectional	books/vol07_differential_geometry/chapters/ch27_ricci_and_scalar_curvature/chapter.tex
Sum over sectional curvatures	proposition	VII	VII/27	Ricci and Scalar Curvature	prop:vii27-scalar-sectional	books/vol07_differential_geometry/chapters/ch27_ricci_and_scalar_curvature/chapter.tex
Support	definition	VI	VI/13	Sheaves and Stalks	UNLABELLED	books/vol06_algebraic_geometry/chapters/ch13_sheaves_stalks/chapter.tex
Support	proposition	VI	VI/40	Cartier Divisors	prop:vi40-support-effective	books/vol06_algebraic_geometry/chapters/ch40_cartier_divisors/chapter.tex
Support and effectivity	definition	VI	VI/39	Weil Divisors	def:vi39-support-effective	books/vol06_algebraic_geometry/chapters/ch39_weil_divisors/chapter.tex
Support in a short exact sequence	theorem	V	V/16	Support	thm:v16-02	books/vol05_commutative_algebra/chapters/ch16_support/chapter.tex
Support of a derivative	theorem	III	III/17	Support and Singular Distributions	thm:iii17-01	books/vol03_fourier_distributions_pde/chapters/ch17_support_and_singular_distributions/chapter.tex
Support of a finite module	theorem	V	V/16	Support	thm:v16-01	books/vol05_commutative_algebra/chapters/ch16_support/chapter.tex
Supremum approximation	theorem	II	II/01	The Real Number System and Completeness	thm:ii01-02	books/vol02_real_analysis/chapters/ch01_the_real_number_system_and_completeness/chapter.tex
Surface as a smooth manifold	corollary	VII	VII/14	Regular Surfaces	cor:vii14-surface-manifold	books/vol07_differential_geometry/chapters/ch14_regular_surfaces/chapter.tex
Surface holonomy angle	proposition	VII	VII/25	Holonomy	prop:vii25-surface-angle	books/vol07_differential_geometry/chapters/ch25_holonomy/chapter.tex
Surjectivity	theorem	VIII	VIII/13	SU(2) to SO(3)	thm:viii13-surjective	books/vol08_algebraic_topology/chapters/ch13_su2_to_so3/chapter.tex
Suspension	definition	VIII	VIII/07	Mapping Cones	def:viii07-suspension	books/vol08_algebraic_topology/chapters/ch07_mapping_cones/chapter.tex
Sylvester law of inertia	theorem	I	I/17	Quadratic Forms	thm:i17-02	books/vol01_linear_algebra/chapters/ch17_quadratic_forms/chapter.tex
Sylvester's law of inertia	theorem	VII	VII/29	Indefinite Metrics	thm:vii29-sylvester	books/vol07_differential_geometry/chapters/ch29_indefinite_metrics/chapter.tex
Symmetry	theorem	III	III/26	Sturm–Liouville Green Kernels	thm:iii26-02	books/vol03_fourier_distributions_pde/chapters/ch26_sturm_liouville_green_kernels/chapter.tex
Symmetry	corollary	VII	VII/22	The Levi–Civita Connection	cor:vii22-christoffel-symmetry	books/vol07_differential_geometry/chapters/ch22_the_levi_civita_connection/chapter.tex
Symmetry	proposition	VII	VII/27	Ricci and Scalar Curvature	prop:vii27-ricci-symmetric	books/vol07_differential_geometry/chapters/ch27_ricci_and_scalar_curvature/chapter.tex
Symmetry for self-adjoint problems	theorem	III	III/25	Green Functions	thm:iii25-02	books/vol03_fourier_distributions_pde/chapters/ch25_green_functions/chapter.tex
Symmetry of mixed partials	theorem	II	II/08	Differentiability in Several Variables	thm:ii08-03	books/vol02_real_analysis/chapters/ch08_differentiability_in_several_variables/chapter.tex
Symmetry of the Hessian	proposition	VII	VII/22	The Levi–Civita Connection	prop:vii22-hessian-symmetric	books/vol07_differential_geometry/chapters/ch22_the_levi_civita_connection/chapter.tex
Syzygies over Noetherian rings are finite	theorem	V	V/24	Syzygies	thm:v24-01	books/vol05_commutative_algebra/chapters/ch24_syzygies/chapter.tex
Tangent and flex	definition	VI	VI/43	Plane Cubics	def:vi43-flex	books/vol06_algebraic_geometry/chapters/ch43_plane_cubics/chapter.tex
Tangent cone on the exceptional divisor	proposition	VI	VI/45	Blow-Ups	prop:vi45-tangent-cone	books/vol06_algebraic_geometry/chapters/ch45_blow_ups/chapter.tex
Tangent developable	definition	VII	VII/18	Ruled and Developable Surfaces	def:vii18-tangent-developable	books/vol07_differential_geometry/chapters/ch18_ruled_and_developable_surfaces/chapter.tex
Tangent inclusion	theorem	VII	VII/06	Submanifolds and Products	thm:vii06-tangent-inclusion	books/vol07_differential_geometry/chapters/ch06_submanifolds_and_products/chapter.tex
Tangent plane	definition	VII	VII/14	Regular Surfaces	def:vii14-tangent-plane	books/vol07_differential_geometry/chapters/ch14_regular_surfaces/chapter.tex
Tangent space	definition	VII	VII/04	Tangent Spaces	def:vii04-tangent-space	books/vol07_differential_geometry/chapters/ch04_tangent_spaces/chapter.tex
Tangent space from the Jacobian	proposition	VI	VI/32	Tangent Spaces and Local Geometry	prop:vi32-jacobian-tangent	books/vol06_algebraic_geometry/chapters/ch32_tangent_spaces_and_local_geometry/chapter.tex
Tangent splitting	theorem	VII	VII/06	Submanifolds and Products	thm:vii06-tangent-product	books/vol07_differential_geometry/chapters/ch06_submanifolds_and_products/chapter.tex
Tangent-plane equation	proposition	VII	VII/14	Regular Surfaces	prop:vii14-plane-equation	books/vol07_differential_geometry/chapters/ch14_regular_surfaces/chapter.tex
Tangent-space interpretation	theorem	VII	VII/10	Orientation and Integration	thm:vii10-tangent-orientation	books/vol07_differential_geometry/chapters/ch10_orientation_and_integration/chapter.tex
Tensor and Hom bundles	proposition	VII	VII/07	Vector Bundles	prop:vii07-tensor-hom	books/vol07_differential_geometry/chapters/ch07_vector_bundles/chapter.tex
Tensor description of localization	theorem	V	V/07	Localization of Modules	thm:v07-01	books/vol05_commutative_algebra/chapters/ch07_localization_of_modules/chapter.tex
Tensor law for divisor line bundles	proposition	VI	VI/42	Line Bundles and Picard Groups	prop:vi42-divisor-tensor	books/vol06_algebraic_geometry/chapters/ch42_line_bundles_and_picard_groups/chapter.tex
Tensorial transformation	theorem	VII	VII/15	First and Second Fundamental Forms	thm:vii15-transform	books/vol07_differential_geometry/chapters/ch15_first_and_second_fundamental_forms/chapter.tex
Tensoriality	theorem	VII	VII/26	The Riemann Curvature Tensor	thm:vii26-tensoriality	books/vol07_differential_geometry/chapters/ch26_the_riemann_curvature_tensor/chapter.tex
Termwise differentiation	theorem	IV	IV/03	Power Series and Analytic Functions	thm:iv03-02	books/vol04_complex_analysis/chapters/ch03_power_series_and_analytic_functions/chapter.tex
Termwise differentiation of a function series	theorem	II	II/13	Infinite Series of Functions	thm:ii13-04	books/vol02_real_analysis/chapters/ch13_infinite_series_of_functions/chapter.tex
Termwise integration	theorem	II	II/12	Interchanging Limits, Derivatives and Integrals	thm:ii12-03	books/vol02_real_analysis/chapters/ch12_interchanging_limits_derivatives_and_integrals/chapter.tex
Test-function convergence	theorem	III	III/15	Test-Function Spaces	thm:iii15-03	books/vol03_fourier_distributions_pde/chapters/ch15_test_function_spaces/chapter.tex
The $\PP^1$ recurrence in degrees zero and one	proposition	VI	VI/48	Exact Sequences and Cohomology	prop:vi48-p1-recurrence	books/vol06_algebraic_geometry/chapters/ch48_exact_sequences_and_cohomology/chapter.tex
The \v{C}ech boundary agrees with the cohomological boundary	theorem	VI	VI/48	Exact Sequences and Cohomology	thm:vi48-cech-boundary	books/vol06_algebraic_geometry/chapters/ch48_exact_sequences_and_cohomology/chapter.tex
The affine module sheaf	theorem	VI	VI/33	Graded Rings	UNLABELLED	books/vol06_algebraic_geometry/chapters/ch33_o_x_modules_quasicoherent/chapter.tex
The alternating differential satisfies $\delta^2=0$	proposition	VI	VI/47	Čech Cohomology	prop:vi47-delta-square	books/vol06_algebraic_geometry/chapters/ch47_ech_cohomology/chapter.tex
The associated presheaf is a sheaf	theorem	VI	VI/14	Sheafification	UNLABELLED	books/vol06_algebraic_geometry/chapters/ch14_sheafification/chapter.tex
The basic divisor exact sequence	proposition	VI	VI/48	Exact Sequences and Cohomology	prop:vi48-divisor-sequence	books/vol06_algebraic_geometry/chapters/ch48_exact_sequences_and_cohomology/chapter.tex
The connecting homomorphism in degree zero	definition	VI	VI/48	Exact Sequences and Cohomology	def:vi48-connecting	books/vol06_algebraic_geometry/chapters/ch48_exact_sequences_and_cohomology/chapter.tex
The discontinuous-section sheaf	definition	VI	VI/46	Flabby Sheaves	def:vi46-godement-zero	books/vol06_algebraic_geometry/chapters/ch46_flabby_sheaves/chapter.tex
The divisor sequence produces restriction obstructions	corollary	VI	VI/48	Exact Sequences and Cohomology	cor:vi48-divisor-les	books/vol06_algebraic_geometry/chapters/ch48_exact_sequences_and_cohomology/chapter.tex
The first Godement term is flabby	proposition	VI	VI/46	Flabby Sheaves	prop:vi46-godement-flabby	books/vol06_algebraic_geometry/chapters/ch46_flabby_sheaves/chapter.tex
The first obstruction from a flabby embedding	corollary	VI	VI/48	Exact Sequences and Cohomology	cor:vi48-dimension-shift-h1	books/vol06_algebraic_geometry/chapters/ch48_exact_sequences_and_cohomology/chapter.tex
The germ images form a basis	proposition	VI	VI/14	Sheafification	UNLABELLED	books/vol06_algebraic_geometry/chapters/ch14_sheafification/chapter.tex
The long exact sequence in sheaf cohomology	theorem	VI	VI/48	Exact Sequences and Cohomology	thm:vi48-long-exact	books/vol06_algebraic_geometry/chapters/ch48_exact_sequences_and_cohomology/chapter.tex
The net of conics through three points	proposition	VI	VI/44	Cremona Transformations	prop:vi44-conics-linear-system	books/vol06_algebraic_geometry/chapters/ch44_cremona_transformations/chapter.tex
The reconstructed map lands in \(Y\)	proposition	VI	VI/04	Morphisms of Affine Algebraic Sets	prop:vi04-reconstruction-lands	books/vol06_algebraic_geometry/chapters/ch04_morphisms_affine_algebraic_sets/chapter.tex
The sequence attached to an effective Cartier divisor	definition	VI	VI/48	Exact Sequences and Cohomology	def:vi48-effective-cartier	books/vol06_algebraic_geometry/chapters/ch48_exact_sequences_and_cohomology/chapter.tex
The standard cover of $\PP^1$	definition	VI	VI/47	Čech Cohomology	def:vi47-p1-cover	books/vol06_algebraic_geometry/chapters/ch47_ech_cohomology/chapter.tex
The three-open complex	proposition	VI	VI/47	Čech Cohomology	prop:vi47-three-open	books/vol06_algebraic_geometry/chapters/ch47_ech_cohomology/chapter.tex
The two affine charts	proposition	VI	VI/45	Blow-Ups	UNLABELLED	books/vol06_algebraic_geometry/chapters/ch45_blow_ups/chapter.tex
The two-chart complex for $\mathcal O(n)$	proposition	VI	VI/47	Čech Cohomology	prop:vi47-on-complex	books/vol06_algebraic_geometry/chapters/ch47_ech_cohomology/chapter.tex
The two-open complex	proposition	VI	VI/47	Čech Cohomology	prop:vi47-two-open	books/vol06_algebraic_geometry/chapters/ch47_ech_cohomology/chapter.tex
The zero ideal	corollary	VI	VI/06	Prime Ideals as Geometric Points	cor:vi06-zero-prime	books/vol06_algebraic_geometry/chapters/ch06_prime_ideals_geometric_points/chapter.tex
The Čech cochain complex	definition	VI	VI/46	Flabby Sheaves	def:vi46-cech	books/vol06_algebraic_geometry/chapters/ch46_flabby_sheaves/chapter.tex
Third isomorphism theorem	theorem	V	V/01	Rings, Ideals and Quotients	thm:v01-03	books/vol05_commutative_algebra/chapters/ch01_rings_ideals_and_quotients/chapter.tex
Thom class	definition	VIII	VIII/31	Thom Classes	def:viii31-thom-class	books/vol08_algebraic_topology/chapters/ch31_thom_classes/chapter.tex
Thom isomorphism	theorem	VIII	VIII/31	Thom Classes	thm:viii31-thom-isomorphism	books/vol08_algebraic_topology/chapters/ch31_thom_classes/chapter.tex
Thom space	definition	VIII	VIII/31	Thom Classes	def:viii31-thom-space	books/vol08_algebraic_topology/chapters/ch31_thom_classes/chapter.tex
Three cases	theorem	VII	VII/34	Hyperbolic Isometries	thm:vii34-tau-cases	books/vol07_differential_geometry/chapters/ch34_hyperbolic_isometries/chapter.tex
Three collinear points sum to zero	corollary	VI	VI/43	Plane Cubics	cor:vi43-collinear-zero	books/vol06_algebraic_geometry/chapters/ch43_plane_cubics/chapter.tex
Three-point theorem	theorem	IV	IV/16	Möbius Transformations	thm:iv16-01	books/vol04_complex_analysis/chapters/ch16_m_bius_transformations/chapter.tex
Three-sphere model	proposition	VIII	VIII/13	SU(2) to SO(3)	prop:viii13-s3	books/vol08_algebraic_topology/chapters/ch13_su2_to_so3/chapter.tex
Time orientation	definition	VII	VII/30	Riemannian versus Lorentzian Geometry	def:vii30-time-orientation	books/vol07_differential_geometry/chapters/ch30_riemannian_versus_lorentzian_geometry/chapter.tex
Timelike, null, spacelike	definition	VII	VII/29	Indefinite Metrics	def:vii29-causal	books/vol07_differential_geometry/chapters/ch29_indefinite_metrics/chapter.tex
Tonelli theorem	theorem	III	III/05	Product Measures and Fubini Theory	thm:iii05-01	books/vol03_fourier_distributions_pde/chapters/ch05_product_measures_and_fubini_theory/chapter.tex
Top exterior power criterion	proposition	VII	VII/10	Orientation and Integration	prop:vii10-top-wedge	books/vol07_differential_geometry/chapters/ch10_orientation_and_integration/chapter.tex
Top-degree local form	proposition	VII	VII/09	Differential Forms	prop:vii09-top-form	books/vol07_differential_geometry/chapters/ch09_differential_forms/chapter.tex
Topological chart	definition	VII	VII/01	Topological Manifolds	def:vii01-chart	books/vol07_differential_geometry/chapters/ch01_topological_manifolds/chapter.tex
Topological invariance under reduction	theorem	VI	VI/10	Reduced and Nonreduced Geometry	UNLABELLED	books/vol06_algebraic_geometry/chapters/ch10_reduced_nonreduced_geometry/chapter.tex
Topological manifold	definition	VII	VII/01	Topological Manifolds	def:vii01-topological-manifold	books/vol07_differential_geometry/chapters/ch01_topological_manifolds/chapter.tex
Tor is the left derived tensor functor	theorem	V	V/28	Derived-Functor Viewpoint	thm:v28-01	books/vol05_commutative_algebra/chapters/ch28_derived_functor_viewpoint/chapter.tex
Torsion	definition	VII	VII/13	Frenet Frames, Curvature and Torsion	def:vii13-torsion	books/vol07_differential_geometry/chapters/ch13_frenet_frames_curvature_and_torsion/chapter.tex
Torsion	definition	VII	VII/21	Connections	def:vii21-torsion	books/vol07_differential_geometry/chapters/ch21_connections/chapter.tex
Torsion formula	theorem	VII	VII/13	Frenet Frames, Curvature and Torsion	thm:vii13-torsion-formula	books/vol07_differential_geometry/chapters/ch13_frenet_frames_curvature_and_torsion/chapter.tex
Torsion free	definition	VII	VII/22	The Levi–Civita Connection	def:vii22-torsion-free	books/vol07_differential_geometry/chapters/ch22_the_levi_civita_connection/chapter.tex
Torsion is tensorial	proposition	VII	VII/21	Connections	prop:vii21-torsion-tensor	books/vol07_differential_geometry/chapters/ch21_connections/chapter.tex
Torus-cubic biholomorphism	theorem	IV	IV/31	Elliptic Curves as Riemann Surfaces	thm:iv31-03	books/vol04_complex_analysis/chapters/ch31_elliptic_curves_as_riemann_surfaces/chapter.tex
Total and strict transforms	definition	VI	VI/45	Blow-Ups	def:vi45-transforms	books/vol06_algebraic_geometry/chapters/ch45_blow_ups/chapter.tex
Totally geodesic planes	proposition	VII	VII/36	Hyperbolic Three-Space and PSL(2,C)	prop:vii36-planes	books/vol07_differential_geometry/chapters/ch36_hyperbolic_three_space_and_psl_2_c/chapter.tex
Trace theorem for the present PDE setting	theorem	III	III/21	Sobolev Spaces	thm:iii21-trace	books/vol03_fourier_distributions_pde/chapters/ch21_sobolev_spaces/chapter.tex
Trace-free property	theorem	VII	VII/28	Weyl Curvature	thm:vii28-tracefree	books/vol07_differential_geometry/chapters/ch28_weyl_curvature/chapter.tex
Trace-length relation	theorem	VII	VII/34	Hyperbolic Isometries	thm:vii34-trace-length	books/vol07_differential_geometry/chapters/ch34_hyperbolic_isometries/chapter.tex
Transformation law	theorem	VII	VII/04	Tangent Spaces	thm:vii04-transformation	books/vol07_differential_geometry/chapters/ch04_tangent_spaces/chapter.tex
Transition function for $\mathcal O(n)$	proposition	VI	VI/47	Čech Cohomology	prop:vi47-on-transition	books/vol06_algebraic_geometry/chapters/ch47_ech_cohomology/chapter.tex
Transition functions under gauge change	proposition	VII	VII/08	Principal and Frame Bundles	prop:vii08-gauge-transition	books/vol07_differential_geometry/chapters/ch08_principal_and_frame_bundles/chapter.tex
Transition map	definition	VII	VII/02	Smooth Structures and Atlases	def:vii02-transition	books/vol07_differential_geometry/chapters/ch02_smooth_structures_and_atlases/chapter.tex
Transition matrix rule	theorem	I	I/04	Coordinates and Change of Basis	thm:i04-01	books/vol01_linear_algebra/chapters/ch04_coordinates_and_change_of_basis/chapter.tex
Transitive action	theorem	VII	VII/33	Möbius Transformations and PSL(2,R)	thm:vii33-transitive	books/vol07_differential_geometry/chapters/ch33_m_bius_transformations_and_psl_2_r/chapter.tex
Transitivity of base change	theorem	V	V/11	Quotients and Base Change	thm:v11-02	books/vol05_commutative_algebra/chapters/ch11_quotients_and_base_change/chapter.tex
Transitivity of integrality	theorem	V	V/19	Integral Dependence	thm:v19-03	books/vol05_commutative_algebra/chapters/ch19_integral_dependence/chapter.tex
Translation along the axis	proposition	VII	VII/34	Hyperbolic Isometries	prop:vii34-axis-translation	books/vol07_differential_geometry/chapters/ch34_hyperbolic_isometries/chapter.tex
Translation length	definition	VII	VII/34	Hyperbolic Isometries	def:vii34-translation-length	books/vol07_differential_geometry/chapters/ch34_hyperbolic_isometries/chapter.tex
Transverse intersection	theorem	VII	VII/06	Submanifolds and Products	thm:vii06-transverse-intersection	books/vol07_differential_geometry/chapters/ch06_submanifolds_and_products/chapter.tex
Transverse submanifolds	definition	VII	VII/06	Submanifolds and Products	def:vii06-transverse	books/vol07_differential_geometry/chapters/ch06_submanifolds_and_products/chapter.tex
Trapezoidal error	theorem	II	II/24	Numerical Quadrature	thm:ii24-01	books/vol02_real_analysis/chapters/ch24_numerical_quadrature/chapter.tex
Tree	definition	VIII	VIII/14	Free Groups and Covering Graphs	def:viii14-tree	books/vol08_algebraic_topology/chapters/ch14_free_groups_and_covering_graphs/chapter.tex
Trees are simply connected	theorem	VIII	VIII/14	Free Groups and Covering Graphs	thm:viii14-tree-simply	books/vol08_algebraic_topology/chapters/ch14_free_groups_and_covering_graphs/chapter.tex
Triangularization over an algebraically closed field	theorem	I	I/10	Invariant Subspaces and Triangularization	thm:i10-02	books/vol01_linear_algebra/chapters/ch10_invariant_subspaces_and_triangularization/chapter.tex
Triangulated surface	definition	VII	VII/38	Discrete Geodesic Problems	def:vii38-tri	books/vol07_differential_geometry/chapters/ch38_discrete_geodesic_problems/chapter.tex
Triangulation	definition	VIII	VIII/15	Simplicial Complexes	def:viii15-triangulation	books/vol08_algebraic_topology/chapters/ch15_simplicial_complexes/chapter.tex
Trigonometric Beta formula	theorem	IV	IV/20	Beta and Gamma Identities	thm:iv20-02	books/vol04_complex_analysis/chapters/ch20_beta_and_gamma_identities/chapter.tex
Triple-product criterion	theorem	VII	VII/18	Ruled and Developable Surfaces	thm:vii18-triple	books/vol07_differential_geometry/chapters/ch18_ruled_and_developable_surfaces/chapter.tex
Trivial covering	definition	VIII	VIII/10	Covering Spaces	def:viii10-trivial-cover	books/vol08_algebraic_topology/chapters/ch10_covering_spaces/chapter.tex
Two choices on a connected surface	proposition	VII	VII/16	The Gauss Map and Shape Operator	prop:vii16-two-orientations	books/vol07_differential_geometry/chapters/ch16_the_gauss_map_and_shape_operator/chapter.tex
Two useful sufficient criteria	proposition	VI	VI/40	Cartier Divisors	prop:vi40-pullback-criteria	books/vol06_algebraic_geometry/chapters/ch40_cartier_divisors/chapter.tex
Two-affine vanishing	corollary	VI	VI/49	Basic Vanishing Results	cor:vi49-two-affine	books/vol06_algebraic_geometry/chapters/ch49_basic_vanishing_results/chapter.tex
Two-disk description	proposition	VIII	VIII/04	Spheres and Antipodal Maps	prop:viii04-two-disks	books/vol08_algebraic_topology/chapters/ch04_spheres_and_antipodal_maps/chapter.tex
Two-ideal Chinese remainder theorem	theorem	V	V/04	Chinese Remainder Theory	thm:v04-01	books/vol05_commutative_algebra/chapters/ch04_chinese_remainder_theory/chapter.tex
Two-open-set exact sequence	proposition	VI	VI/46	Flabby Sheaves	prop:vi46-two-open	books/vol06_algebraic_geometry/chapters/ch46_flabby_sheaves/chapter.tex
Two-sided compatibility	corollary	VIII	VIII/01	Homotopies of Maps	cor:viii01-two-sided	books/vol08_algebraic_topology/chapters/ch01_homotopies_of_maps/chapter.tex
Two-term homology	proposition	VIII	VIII/16	Chain Complexes	prop:viii16-two-term	books/vol08_algebraic_topology/chapters/ch16_chain_complexes/chapter.tex
Two-torsion	proposition	VI	VI/43	Plane Cubics	prop:vi43-two-torsion	books/vol06_algebraic_geometry/chapters/ch43_plane_cubics/chapter.tex
Type is conjugacy invariant	proposition	VII	VII/34	Hyperbolic Isometries	prop:vii34-conjugacy	books/vol07_differential_geometry/chapters/ch34_hyperbolic_isometries/chapter.tex
UFDs are integrally closed	theorem	V	V/20	Integral Closure and Normalization	thm:v20-01	books/vol05_commutative_algebra/chapters/ch20_integral_closure_and_normalization/chapter.tex
Umbilic	definition	VII	VII/17	Principal, Gaussian and Mean Curvature	def:vii17-umbilic	books/vol07_differential_geometry/chapters/ch17_principal_gaussian_and_mean_curvature/chapter.tex
Umbilic curvature relation	proposition	VII	VII/17	Principal, Gaussian and Mean Curvature	prop:vii17-umbilic-relation	books/vol07_differential_geometry/chapters/ch17_principal_gaussian_and_mean_curvature/chapter.tex
Umbilic tolerance	definition	VII	VII/42	Curvature Lines, Ridges and Valleys	def:vii42-umbilic-tol	books/vol07_differential_geometry/chapters/ch42_curvature_lines_ridges_and_valleys/chapter.tex
Unfolding condition	theorem	VII	VII/38	Discrete Geodesic Problems	thm:vii38-unfold	books/vol07_differential_geometry/chapters/ch38_discrete_geodesic_problems/chapter.tex
Uniform Cauchy criterion	theorem	II	II/11	Pointwise and Uniform Convergence	thm:ii11-02	books/vol02_real_analysis/chapters/ch11_pointwise_and_uniform_convergence/chapter.tex
Uniform convergence of a Weierstrass series	theorem	II	II/15	Pathological and Nowhere-Differentiable Functions	thm:ii15-01	books/vol02_real_analysis/chapters/ch15_pathological_and_nowhere_differentiable_functions/chapter.tex
Uniform convergence on compact subdisks	theorem	IV	IV/03	Power Series and Analytic Functions	thm:iv03-01	books/vol04_complex_analysis/chapters/ch03_power_series_and_analytic_functions/chapter.tex
Uniform limit theorem	theorem	II	II/11	Pointwise and Uniform Convergence	thm:ii11-01	books/vol02_real_analysis/chapters/ch11_pointwise_and_uniform_convergence/chapter.tex
Uniform limit under the integral	theorem	II	II/12	Interchanging Limits, Derivatives and Integrals	thm:ii12-01	books/vol02_real_analysis/chapters/ch12_interchanging_limits_derivatives_and_integrals/chapter.tex
Uniform termwise integration	theorem	II	II/13	Infinite Series of Functions	thm:ii13-02	books/vol02_real_analysis/chapters/ch13_infinite_series_of_functions/chapter.tex
Unimodularity	theorem	VIII	VIII/34	Intersection Forms	thm:viii34-unimodular	books/vol08_algebraic_topology/chapters/ch34_intersection_forms/chapter.tex
Unique path lifting	theorem	IV	IV/23	Covering Maps and Monodromy	thm:iv23-01	books/vol04_complex_analysis/chapters/ch23_covering_maps_and_monodromy/chapter.tex
Unique reduced form	proposition	VIII	VIII/14	Free Groups and Covering Graphs	prop:viii14-reduced	books/vol08_algebraic_topology/chapters/ch14_free_groups_and_covering_graphs/chapter.tex
Uniqueness	theorem	II	II/23	The Alternation Principle	thm:ii23-02	books/vol02_real_analysis/chapters/ch23_the_alternation_principle/chapter.tex
Uniqueness	theorem	IV	IV/08	Laurent Series	thm:iv08-03	books/vol04_complex_analysis/chapters/ch08_laurent_series/chapter.tex
Uniqueness consequences of the axioms	theorem	I	I/01	Scalars, Vectors and Linear Combinations	thm:i01-01	books/vol01_linear_algebra/chapters/ch01_scalars_vectors_and_linear_combinations/chapter.tex
Uniqueness follows from locality	proposition	VI	VI/13	Sheaves and Stalks	UNLABELLED	books/vol06_algebraic_geometry/chapters/ch13_sheaves_stalks/chapter.tex
Uniqueness of analytic continuation	theorem	IV	IV/15	Analytic Continuation	thm:iv15-01	books/vol04_complex_analysis/chapters/ch15_analytic_continuation/chapter.tex
Uniqueness of irreducible components	theorem	VI	VI/05	Irreducibility, Components and Connectedness	thm:vi05-component-uniqueness	books/vol06_algebraic_geometry/chapters/ch05_irreducibility_components/chapter.tex
Uniqueness of minimal resolutions	theorem	V	V/25	Minimal Resolutions	thm:v25-03	books/vol05_commutative_algebra/chapters/ch25_minimal_resolutions/chapter.tex
Uniqueness of minimax polynomial	theorem	II	II/22	Chebyshev and Minimax Approximation	thm:ii22-03	books/vol02_real_analysis/chapters/ch22_chebyshev_and_minimax_approximation/chapter.tex
Uniqueness of sheafification	theorem	VI	VI/14	Sheafification	UNLABELLED	books/vol06_algebraic_geometry/chapters/ch14_sheafification/chapter.tex
Uniqueness of the open subscheme structure	proposition	VI	VI/22	Open and Closed Subschemes	prop:vi22-open-unique	books/vol06_algebraic_geometry/chapters/ch22_open_closed_subschemes/chapter.tex
Uniqueness of weak derivative	theorem	III	III/20	Weak Derivatives	thm:iii20-01	books/vol03_fourier_distributions_pde/chapters/ch20_weak_derivatives/chapter.tex
Uniqueness on connected domains	theorem	VIII	VIII/11	Lifting Properties	thm:viii11-unique-lifts	books/vol08_algebraic_topology/chapters/ch11_lifting_properties/chapter.tex
Uniqueness up to unique isomorphism	theorem	VI	VI/23	Fiber Products	thm:vi23-unique	books/vol06_algebraic_geometry/chapters/ch23_fiber_products/chapter.tex
Unit tangent	definition	VII	VII/12	Regular Curves	def:vii12-unit-tangent	books/vol07_differential_geometry/chapters/ch12_regular_curves/chapter.tex
Unit-circle substitution	theorem	IV	IV/11	Evaluation of Real Integrals	thm:iv11-02	books/vol04_complex_analysis/chapters/ch11_evaluation_of_real_integrals/chapter.tex
Unit-speed reparametrization	theorem	VII	VII/12	Regular Curves	thm:vii12-unit-speed	books/vol07_differential_geometry/chapters/ch12_regular_curves/chapter.tex
Units and nonunits in a local ring	theorem	VI	VI/11	Local Rings and Residue Fields	UNLABELLED	books/vol06_algebraic_geometry/chapters/ch11_local_rings_residue_fields/chapter.tex
Universal coefficient theorem for homology	theorem	VIII	VIII/26	The Universal Coefficient Theorem	thm:viii26-uct	books/vol08_algebraic_topology/chapters/ch26_the_universal_coefficient_theorem/chapter.tex
Universal covering graph	theorem	VIII	VIII/14	Free Groups and Covering Graphs	thm:viii14-universal-tree	books/vol08_algebraic_topology/chapters/ch14_free_groups_and_covering_graphs/chapter.tex
Universal covering space	definition	VIII	VIII/10	Covering Spaces	def:viii10-universal-cover	books/vol08_algebraic_topology/chapters/ch10_covering_spaces/chapter.tex
Universal property	theorem	V	V/10	Tensor Products	thm:v10-01	books/vol05_commutative_algebra/chapters/ch10_tensor_products/chapter.tex
Universal property	proposition	VI	VI/08	Basic Open Sets D(f)	UNLABELLED	books/vol06_algebraic_geometry/chapters/ch08_basic_open_sets/chapter.tex
Universal property	theorem	VI	VI/14	Sheafification	UNLABELLED	books/vol06_algebraic_geometry/chapters/ch14_sheafification/chapter.tex
Universal property of a free group	theorem	VIII	VIII/14	Free Groups and Covering Graphs	thm:viii14-universal-free	books/vol08_algebraic_topology/chapters/ch14_free_groups_and_covering_graphs/chapter.tex
Universal property of localization	theorem	V	V/06	Localization of Rings	thm:v06-01	books/vol05_commutative_algebra/chapters/ch06_localization_of_rings/chapter.tex
Universal property of normalization	theorem	VI	VI/28	Normalization	thm:vi28-universal	books/vol06_algebraic_geometry/chapters/ch28_normalization/chapter.tex
Universal property of reduction	theorem	VI	VI/10	Reduced and Nonreduced Geometry	UNLABELLED	books/vol06_algebraic_geometry/chapters/ch10_reduced_nonreduced_geometry/chapter.tex
Universal property of reduction	proposition	VI	VI/22	Open and Closed Subschemes	prop:vi22-reduction-universal	books/vol06_algebraic_geometry/chapters/ch22_open_closed_subschemes/chapter.tex
Universal property of the blow-up	theorem	VI	VI/45	Blow-Ups	thm:vi45-universal-property	books/vol06_algebraic_geometry/chapters/ch45_blow_ups/chapter.tex
Universal quotient criterion	proposition	VI	VI/04	Morphisms of Affine Algebraic Sets	prop:vi04-quotient-criterion	books/vol06_algebraic_geometry/chapters/ch04_morphisms_affine_algebraic_sets/chapter.tex
Upper half-plane	definition	VII	VII/31	Hyperbolic Plane Models	def:vii31-halfplane	books/vol07_differential_geometry/chapters/ch31_hyperbolic_plane_models/chapter.tex
Upper half-space	definition	VII	VII/36	Hyperbolic Three-Space and PSL(2,C)	def:vii36-upper	books/vol07_differential_geometry/chapters/ch36_hyperbolic_three_space_and_psl_2_c/chapter.tex
Upper-half-plane residue method	theorem	IV	IV/11	Evaluation of Real Integrals	thm:iv11-01	books/vol04_complex_analysis/chapters/ch11_evaluation_of_real_integrals/chapter.tex
Valuation rings are integrally closed	theorem	V	V/21	Valuation Rings	thm:v21-03	books/vol05_commutative_algebra/chapters/ch21_valuation_rings/chapter.tex
Valuation rings are local	theorem	V	V/21	Valuation Rings	thm:v21-01	books/vol05_commutative_algebra/chapters/ch21_valuation_rings/chapter.tex
Valuation rules	proposition	VI	VI/39	Weil Divisors	prop:vi39-valuation-rules	books/vol06_algebraic_geometry/chapters/ch39_weil_divisors/chapter.tex
Vanishing ideal	definition	VI	VI/01	Algebraic Sets	UNLABELLED	books/vol06_algebraic_geometry/chapters/ch01_algebraic_sets/chapter.tex
Vanishing in the divisor sequence	proposition	VI	VI/49	Basic Vanishing Results	prop:vi49-divisor-consequence	books/vol06_algebraic_geometry/chapters/ch49_basic_vanishing_results/chapter.tex
Vanishing of $H^1$ forces global lifting	proposition	VI	VI/48	Exact Sequences and Cohomology	prop:vi48-h1-vanish-lifts	books/vol06_algebraic_geometry/chapters/ch48_exact_sequences_and_cohomology/chapter.tex
Vanishing of the boundary is the lifting criterion	corollary	VI	VI/48	Exact Sequences and Cohomology	cor:vi48-lift-criterion	books/vol06_algebraic_geometry/chapters/ch48_exact_sequences_and_cohomology/chapter.tex
Vanishing set	definition	VI	VI/01	Algebraic Sets	UNLABELLED	books/vol06_algebraic_geometry/chapters/ch01_algebraic_sets/chapter.tex
Variational characterization	proposition	VII	VII/41	Discrete Laplacians	prop:vii41-variational	books/vol07_differential_geometry/chapters/ch41_discrete_laplacians/chapter.tex
Vector subbundle	definition	VII	VII/07	Vector Bundles	def:vii07-subbundle	books/vol07_differential_geometry/chapters/ch07_vector_bundles/chapter.tex
Vector-bundle connection	definition	VII	VII/21	Connections	def:vii21-bundle-connection	books/vol07_differential_geometry/chapters/ch21_connections/chapter.tex
Vector-bundle morphism	definition	VII	VII/07	Vector Bundles	def:vii07-bundle-map	books/vol07_differential_geometry/chapters/ch07_vector_bundles/chapter.tex
Velocity derivation	definition	VII	VII/04	Tangent Spaces	def:vii04-curve-velocity	books/vol07_differential_geometry/chapters/ch04_tangent_spaces/chapter.tex
Velocity in surface coordinates	proposition	VII	VII/14	Regular Surfaces	prop:vii14-surface-velocity	books/vol07_differential_geometry/chapters/ch14_regular_surfaces/chapter.tex
Velocity transformation	proposition	VII	VII/12	Regular Curves	prop:vii12-velocity-transform	books/vol07_differential_geometry/chapters/ch12_regular_curves/chapter.tex
Velocity under smooth maps	proposition	VII	VII/12	Regular Curves	prop:vii12-map-velocity	books/vol07_differential_geometry/chapters/ch12_regular_curves/chapter.tex
Veronese closed embedding	theorem	VI	VI/38	Coherent and Quasi-Coherent Sheaves	thm:vi38-veronese	books/vol06_algebraic_geometry/chapters/ch38_projective_morphisms_and_closed_embeddings/chapter.tex
Veronese invariance	theorem	VI	VI/35	Projective Space	thm:vi35-veronese	books/vol06_algebraic_geometry/chapters/ch35_proj/chapter.tex
Veronese subring	definition	VI	VI/34	Proj	UNLABELLED	books/vol06_algebraic_geometry/chapters/ch34_graded_rings/chapter.tex
Vertical distance	proposition	VII	VII/32	The Poincaré Metric	prop:vii32-vertical	books/vol07_differential_geometry/chapters/ch32_the_poincar_metric/chapter.tex
Vitali convergence principle	theorem	III	III/08	Egorov, Vitali and Weak-Lp Ideas	thm:iii08-03	books/vol03_fourier_distributions_pde/chapters/ch08_egorov_vitali_and_weak_lp_ideas/chapter.tex
Volterra contraction on short intervals	theorem	II	II/18	Integral Equations	thm:ii18-03	books/vol02_real_analysis/chapters/ch18_integral_equations/chapter.tex
Weak Dirichlet Poisson problem	theorem	III	III/23	Weak Boundary-Value Problems	thm:iii23-poisson-lm	books/vol03_fourier_distributions_pde/chapters/ch23_weak_boundary_value_problems/chapter.tex
Weak maximum principle	theorem	III	III/27	Elliptic Operators and Maximum Principles	thm:iii27-01	books/vol03_fourier_distributions_pde/chapters/ch27_elliptic_operators_and_maximum_principles/chapter.tex
Weak Nullstellensatz, geometric form	theorem	VI	VI/06	Prime Ideals as Geometric Points	thm:vi06-weak-nullstellensatz	books/vol06_algebraic_geometry/chapters/ch06_prime_ideals_geometric_points/chapter.tex
Wedge product	definition	VII	VII/09	Differential Forms	def:vii09-wedge	books/vol07_differential_geometry/chapters/ch09_differential_forms/chapter.tex
Weierstrass addition formula	theorem	IV	IV/30	Addition Formulas	thm:iv30-01	books/vol04_complex_analysis/chapters/ch30_addition_formulas/chapter.tex
Weierstrass approximation theorem	theorem	II	II/21	Polynomial Approximation	thm:ii21-01	books/vol02_real_analysis/chapters/ch21_polynomial_approximation/chapter.tex
Weierstrass M-test	theorem	II	II/13	Infinite Series of Functions	thm:ii13-01	books/vol02_real_analysis/chapters/ch13_infinite_series_of_functions/chapter.tex
Weierstrass map lies on the cubic	theorem	IV	IV/31	Elliptic Curves as Riemann Surfaces	thm:iv31-01	books/vol04_complex_analysis/chapters/ch31_elliptic_curves_as_riemann_surfaces/chapter.tex
Weil divisor	definition	VI	VI/39	Weil Divisors	def:vi39-weil	books/vol06_algebraic_geometry/chapters/ch39_weil_divisors/chapter.tex
Weingarten self-adjointness	theorem	VII	VII/16	The Gauss Map and Shape Operator	thm:vii16-self-adjoint	books/vol07_differential_geometry/chapters/ch16_the_gauss_map_and_shape_operator/chapter.tex
Well-defined linear map	proposition	VII	VII/04	Tangent Spaces	prop:vii04-differential-linear	books/vol07_differential_geometry/chapters/ch04_tangent_spaces/chapter.tex
Well-definedness	theorem	VII	VII/10	Orientation and Integration	thm:vii10-well-defined	books/vol07_differential_geometry/chapters/ch10_orientation_and_integration/chapter.tex
Well-definedness	proposition	VII	VII/26	The Riemann Curvature Tensor	prop:vii26-sectional-well	books/vol07_differential_geometry/chapters/ch26_the_riemann_curvature_tensor/chapter.tex
Well-definedness	corollary	VIII	VIII/21	Euler Characteristic	cor:viii21-well-defined	books/vol08_algebraic_topology/chapters/ch21_euler_characteristic/chapter.tex
Well-definedness of Ext	theorem	V	V/27	The Ext Functor	thm:v27-01	books/vol05_commutative_algebra/chapters/ch27_the_ext_functor/chapter.tex
Well-definedness of Tor	theorem	V	V/26	The Tor Functor	thm:v26-01	books/vol05_commutative_algebra/chapters/ch26_the_tor_functor/chapter.tex
Weyl criterion in dimension at least four	theorem	VII	VII/28	Weyl Curvature	thm:vii28-lcf-criterion	books/vol07_differential_geometry/chapters/ch28_weyl_curvature/chapter.tex
Weyl tensor	definition	VII	VII/28	Weyl Curvature	def:vii28-weyl	books/vol07_differential_geometry/chapters/ch28_weyl_curvature/chapter.tex
What each model makes easy	proposition	VII	VII/31	Hyperbolic Plane Models	prop:vii31-comparison	books/vol07_differential_geometry/chapters/ch31_hyperbolic_plane_models/chapter.tex
What exactness says in every degree	proposition	VI	VI/48	Exact Sequences and Cohomology	prop:vi48-exactness-mechanism	books/vol06_algebraic_geometry/chapters/ch48_exact_sequences_and_cohomology/chapter.tex
When a cover gives a short exact sequence of \v{C}ech complexes	proposition	VI	VI/48	Exact Sequences and Cohomology	prop:vi48-cech-short-exact	books/vol06_algebraic_geometry/chapters/ch48_exact_sequences_and_cohomology/chapter.tex
Why separatedness matters	proposition	VI	VI/49	Basic Vanishing Results	prop:vi49-separated-intersections	books/vol06_algebraic_geometry/chapters/ch49_basic_vanishing_results/chapter.tex
Window	definition	VII	VII/39	Graph and Exact Mesh Geodesics	def:vii39-window	books/vol07_differential_geometry/chapters/ch39_graph_and_exact_mesh_geodesics/chapter.tex
Young $L^1$ inequality	theorem	III	III/10	Convolution and Approximate Identities	thm:iii10-02	books/vol03_fourier_distributions_pde/chapters/ch10_convolution_and_approximate_identities/chapter.tex
Zariski closed set	definition	VI	VI/07	The Spectrum of a Ring	UNLABELLED	books/vol06_algebraic_geometry/chapters/ch07_spectrum_of_a_ring/chapter.tex
Zariski tangent space	definition	VI	VI/32	Tangent Spaces and Local Geometry	def:vi32-zariski-tangent	books/vol06_algebraic_geometry/chapters/ch32_tangent_spaces_and_local_geometry/chapter.tex
Zariski topology	definition	VI	VI/02	The Zariski Topology	UNLABELLED	books/vol06_algebraic_geometry/chapters/ch02_zariski_topology/chapter.tex
Zariski topology on affine space	theorem	VI	VI/02	The Zariski Topology	thm:vi02-zariski-topology	books/vol06_algebraic_geometry/chapters/ch02_zariski_topology/chapter.tex
Zero divisor of a section	theorem	VI	VI/42	Line Bundles and Picard Groups	thm:vi42-section-divisor	books/vol06_algebraic_geometry/chapters/ch42_line_bundles_and_picard_groups/chapter.tex
Zero in a localization	proposition	VI	VI/11	Local Rings and Residue Fields	UNLABELLED	books/vol06_algebraic_geometry/chapters/ch11_local_rings_residue_fields/chapter.tex
Zero integral criterion	theorem	III	III/03	The Lebesgue Integral	thm:iii03-02	books/vol03_fourier_distributions_pde/chapters/ch03_the_lebesgue_integral/chapter.tex
Zeroth homology	theorem	VIII	VIII/17	Simplicial and Singular Homology	thm:viii17-h0	books/vol08_algebraic_topology/chapters/ch17_simplicial_and_singular_homology/chapter.tex
Čech exactness on a principal cover	proposition	VI	VI/49	Basic Vanishing Results	prop:vi49-affine-cech	books/vol06_algebraic_geometry/chapters/ch49_basic_vanishing_results/chapter.tex
