solution_id	source_id	solution_source_file	solution_line_range	solution_kind	source_problem_number	linked_problem_id	link_status
IMP-DL-9EC07956DD-S001	IMP-DL-9EC07956DD	Downloads/ex38g_ex39.tex	L14-L21	SOLUTION	3.8	IMP-DL-9EC07956DD-P001	LINKED_SAME_FILE
IMP-DL-9EC07956DD-S002	IMP-DL-9EC07956DD	Downloads/ex38g_ex39.tex	L31-L39	SOLUTION	3.9	IMP-DL-9EC07956DD-P002	LINKED_SAME_FILE
IMP-DL-3D9778F7D6-S001	IMP-DL-3D9778F7D6	Downloads/ex3_8_takagi.tex	L49-L53	SOLUTION	3.8	IMP-DL-3D9778F7D6-P001	LINKED_SAME_FILE
IMP-DL-3D9778F7D6-S002	IMP-DL-3D9778F7D6	Downloads/ex3_8_takagi.tex	L61-L72	SOLUTION	3.8	IMP-DL-3D9778F7D6-P001	LINKED_SAME_FILE
IMP-DL-3D9778F7D6-S003	IMP-DL-3D9778F7D6	Downloads/ex3_8_takagi.tex	L79-L88	SOLUTION	3.8	IMP-DL-3D9778F7D6-P001	LINKED_SAME_FILE
IMP-DL-1B25F017C4-S001	IMP-DL-1B25F017C4	Downloads/Exercise_1_2_append.tex	L22-L71	SOLUTION	1.2	IMP-DL-1B25F017C4-P001	LINKED_SAME_FILE
IMP-DL-AE41E61130-S001	IMP-DL-AE41E61130	Downloads/exercise_4_solutions (1).tex	L48-L59	SOLUTION	4.1		ORPHAN_NUMBERED_SOLUTION
IMP-DL-AE41E61130-S002	IMP-DL-AE41E61130	Downloads/exercise_4_solutions (1).tex	L62-L71	SOLUTION	4.2		ORPHAN_NUMBERED_SOLUTION
IMP-DL-AE41E61130-S003	IMP-DL-AE41E61130	Downloads/exercise_4_solutions (1).tex	L74-L79	SOLUTION	4.3		ORPHAN_NUMBERED_SOLUTION
IMP-DL-AE41E61130-S004	IMP-DL-AE41E61130	Downloads/exercise_4_solutions (1).tex	L82-L88	SOLUTION	4.4		ORPHAN_NUMBERED_SOLUTION
IMP-DL-77AFEAC262-S001	IMP-DL-77AFEAC262	Downloads/merged_exercises_FULL (2).tex	L44-L46	SOLUTION	3.4	IMP-DL-77AFEAC262-P002	LINKED_SAME_FILE
IMP-DL-20E278E436-S001	IMP-DL-20E278E436	Downloads/merged_exercises_FULL_v2 (1).tex	L318-L320	SOLUTION	3.4	IMP-DL-20E278E436-P018	LINKED_SAME_FILE
IMP-DL-20E278E436-S002	IMP-DL-20E278E436	Downloads/merged_exercises_FULL_v2 (1).tex	L333-L365	SOLUTION	3.5	IMP-DL-20E278E436-P019	LINKED_SAME_FILE
IMP-DL-20E278E436-S003	IMP-DL-20E278E436	Downloads/merged_exercises_FULL_v2 (1).tex	L375-L380	SOLUTION	3.6	IMP-DL-20E278E436-P020	LINKED_SAME_FILE
IMP-DL-20E278E436-S004	IMP-DL-20E278E436	Downloads/merged_exercises_FULL_v2 (1).tex	L394-L406	SOLUTION	3.6	IMP-DL-20E278E436-P020	LINKED_SAME_FILE
IMP-DL-20E278E436-S005	IMP-DL-20E278E436	Downloads/merged_exercises_FULL_v2 (1).tex	L411-L416	SOLUTION	3.6	IMP-DL-20E278E436-P020	LINKED_SAME_FILE
IMP-DL-20E278E436-S006	IMP-DL-20E278E436	Downloads/merged_exercises_FULL_v2 (1).tex	L457-L461	SOLUTION	3.8	IMP-DL-20E278E436-P021	LINKED_SAME_FILE
IMP-DL-20E278E436-S007	IMP-DL-20E278E436	Downloads/merged_exercises_FULL_v2 (1).tex	L469-L480	SOLUTION	3.8	IMP-DL-20E278E436-P021	LINKED_SAME_FILE
IMP-DL-20E278E436-S008	IMP-DL-20E278E436	Downloads/merged_exercises_FULL_v2 (1).tex	L487-L496	SOLUTION	3.8	IMP-DL-20E278E436-P021	LINKED_SAME_FILE
IMP-DL-20E278E436-S009	IMP-DL-20E278E436	Downloads/merged_exercises_FULL_v2 (1).tex	L502-L509	SOLUTION	3.8	IMP-DL-20E278E436-P022	LINKED_SAME_FILE
IMP-DL-20E278E436-S010	IMP-DL-20E278E436	Downloads/merged_exercises_FULL_v2 (1).tex	L519-L527	SOLUTION	3.9	IMP-DL-20E278E436-P023	LINKED_SAME_FILE
IMP-DL-20E278E436-S011	IMP-DL-20E278E436	Downloads/merged_exercises_FULL_v2 (1).tex	L576-L587	SOLUTION	4.1	IMP-DL-20E278E436-P023	LINKED_SAME_FILE
IMP-DL-20E278E436-S012	IMP-DL-20E278E436	Downloads/merged_exercises_FULL_v2 (1).tex	L590-L599	SOLUTION	4.2	IMP-DL-20E278E436-P023	LINKED_SAME_FILE
IMP-DL-20E278E436-S013	IMP-DL-20E278E436	Downloads/merged_exercises_FULL_v2 (1).tex	L602-L607	SOLUTION	4.3	IMP-DL-20E278E436-P023	LINKED_SAME_FILE
IMP-DL-20E278E436-S014	IMP-DL-20E278E436	Downloads/merged_exercises_FULL_v2 (1).tex	L610-L616	SOLUTION	4.4	IMP-DL-20E278E436-P023	LINKED_SAME_FILE
IMP-DL-20E278E436-S015	IMP-DL-20E278E436	Downloads/merged_exercises_FULL_v2 (1).tex	L635-L657	SOLUTION	4.5	IMP-DL-20E278E436-P023	LINKED_SAME_FILE
IMP-DL-20E278E436-S016	IMP-DL-20E278E436	Downloads/merged_exercises_FULL_v2 (1).tex	L690-L736	SOLUTION	4.6	IMP-DL-20E278E436-P023	LINKED_SAME_FILE
IMP-DL-20E278E436-S017	IMP-DL-20E278E436	Downloads/merged_exercises_FULL_v2 (1).tex	L750-L769	SOLUTION	4.7	IMP-DL-20E278E436-P023	LINKED_SAME_FILE
IMP-DL-20E278E436-S018	IMP-DL-20E278E436	Downloads/merged_exercises_FULL_v2 (1).tex	L778-L786	SOLUTION	5.1	IMP-DL-20E278E436-P023	LINKED_SAME_FILE
IMP-DL-20E278E436-S019	IMP-DL-20E278E436	Downloads/merged_exercises_FULL_v2 (1).tex	L792-L801	SOLUTION	5.2	IMP-DL-20E278E436-P023	LINKED_SAME_FILE
IMP-DL-20E278E436-S020	IMP-DL-20E278E436	Downloads/merged_exercises_FULL_v2 (1).tex	L810-L819	SOLUTION	5.3	IMP-DL-20E278E436-P023	LINKED_SAME_FILE
IMP-DL-20E278E436-S021	IMP-DL-20E278E436	Downloads/merged_exercises_FULL_v2 (1).tex	L835-L843	SOLUTION	5.4	IMP-DL-20E278E436-P023	LINKED_SAME_FILE
IMP-DL-20E278E436-S022	IMP-DL-20E278E436	Downloads/merged_exercises_FULL_v2 (1).tex	L878-L910	SOLUTION	5.5	IMP-DL-20E278E436-P023	LINKED_SAME_FILE
IMP-DL-20E278E436-S023	IMP-DL-20E278E436	Downloads/merged_exercises_FULL_v2 (1).tex	L931-L954	SOLUTION	5.6	IMP-DL-20E278E436-P023	LINKED_SAME_FILE
IMP-DL-20E278E436-S024	IMP-DL-20E278E436	Downloads/merged_exercises_FULL_v2 (1).tex	L974-L993	SOLUTION	5.7	IMP-DL-20E278E436-P023	LINKED_SAME_FILE
IMP-DL-20E278E436-S025	IMP-DL-20E278E436	Downloads/merged_exercises_FULL_v2 (1).tex	L1011-L1036	SOLUTION	5.8	IMP-DL-20E278E436-P023	LINKED_SAME_FILE
IMP-DL-20E278E436-S026	IMP-DL-20E278E436	Downloads/merged_exercises_FULL_v2 (1).tex	L1064-L1093	SOLUTION	6.1	IMP-DL-20E278E436-P023	LINKED_SAME_FILE
IMP-DL-20E278E436-S027	IMP-DL-20E278E436	Downloads/merged_exercises_FULL_v2 (1).tex	L1103-L1124	SOLUTION	6.2	IMP-DL-20E278E436-P023	LINKED_SAME_FILE
IMP-DL-20E278E436-S028	IMP-DL-20E278E436	Downloads/merged_exercises_FULL_v2 (1).tex	L1134-L1144	SOLUTION	6.3	IMP-DL-20E278E436-P023	LINKED_SAME_FILE
IMP-DL-20E278E436-S029	IMP-DL-20E278E436	Downloads/merged_exercises_FULL_v2 (1).tex	L1154-L1176	SOLUTION	6.4	IMP-DL-20E278E436-P023	LINKED_SAME_FILE
IMP-DL-20E278E436-S030	IMP-DL-20E278E436	Downloads/merged_exercises_FULL_v2 (1).tex	L1186-L1196	SOLUTION	6.5	IMP-DL-20E278E436-P023	LINKED_SAME_FILE
IMP-DL-20E278E436-S031	IMP-DL-20E278E436	Downloads/merged_exercises_FULL_v2 (1).tex	L1206-L1225	SOLUTION	6.6	IMP-DL-20E278E436-P023	LINKED_SAME_FILE
IMP-DL-20E278E436-S032	IMP-DL-20E278E436	Downloads/merged_exercises_FULL_v2 (1).tex	L1252-L1281	SOLUTION	6.1	IMP-DL-20E278E436-P023	LINKED_SAME_FILE
IMP-DL-20E278E436-S033	IMP-DL-20E278E436	Downloads/merged_exercises_FULL_v2 (1).tex	L1294-L1326	SOLUTION	6.2	IMP-DL-20E278E436-P023	LINKED_SAME_FILE
IMP-DL-20E278E436-S034	IMP-DL-20E278E436	Downloads/merged_exercises_FULL_v2 (1).tex	L1343-L1360	SOLUTION	6.3	IMP-DL-20E278E436-P023	LINKED_SAME_FILE
IMP-DL-20E278E436-S035	IMP-DL-20E278E436	Downloads/merged_exercises_FULL_v2 (1).tex	L1379-L1400	SOLUTION	6.4	IMP-DL-20E278E436-P023	LINKED_SAME_FILE
IMP-DL-20E278E436-S036	IMP-DL-20E278E436	Downloads/merged_exercises_FULL_v2 (1).tex	L1427-L1464	SOLUTION	6.5	IMP-DL-20E278E436-P023	LINKED_SAME_FILE
IMP-DL-20E278E436-S037	IMP-DL-20E278E436	Downloads/merged_exercises_FULL_v2 (1).tex	L1484-L1511	SOLUTION	6.3	IMP-DL-20E278E436-P023	LINKED_SAME_FILE
IMP-DL-20E278E436-S038	IMP-DL-20E278E436	Downloads/merged_exercises_FULL_v2 (1).tex	L1542-L1572	SOLUTION	6.4	IMP-DL-20E278E436-P023	LINKED_SAME_FILE
IMP-DL-20E278E436-S039	IMP-DL-20E278E436	Downloads/merged_exercises_FULL_v2 (1).tex	L1624-L1664	SOLUTION	6.5	IMP-DL-20E278E436-P023	LINKED_SAME_FILE
IMP-DL-20E278E436-S040	IMP-DL-20E278E436	Downloads/merged_exercises_FULL_v2 (1).tex	L1669-L1679	SOLUTION	7.1	IMP-DL-20E278E436-P023	LINKED_SAME_FILE
IMP-DL-20E278E436-S041	IMP-DL-20E278E436	Downloads/merged_exercises_FULL_v2 (1).tex	L1692-L1706	SOLUTION	7.2	IMP-DL-20E278E436-P023	LINKED_SAME_FILE
IMP-DL-20E278E436-S042	IMP-DL-20E278E436	Downloads/merged_exercises_FULL_v2 (1).tex	L1715-L1723	SOLUTION	7.3	IMP-DL-20E278E436-P023	LINKED_SAME_FILE
IMP-DL-20E278E436-S043	IMP-DL-20E278E436	Downloads/merged_exercises_FULL_v2 (1).tex	L1733-L1740	SOLUTION	7.4	IMP-DL-20E278E436-P023	LINKED_SAME_FILE
IMP-DL-20E278E436-S044	IMP-DL-20E278E436	Downloads/merged_exercises_FULL_v2 (1).tex	L1749-L1762	SOLUTION	7.5	IMP-DL-20E278E436-P023	LINKED_SAME_FILE
IMP-DL-20E278E436-S045	IMP-DL-20E278E436	Downloads/merged_exercises_FULL_v2 (1).tex	L1775-L1785	SOLUTION	7.6	IMP-DL-20E278E436-P023	LINKED_SAME_FILE
IMP-DL-20E278E436-S046	IMP-DL-20E278E436	Downloads/merged_exercises_FULL_v2 (1).tex	L1796-L1802	SOLUTION	7.6	IMP-DL-20E278E436-P023	LINKED_SAME_FILE
IMP-DL-20E278E436-S047	IMP-DL-20E278E436	Downloads/merged_exercises_FULL_v2 (1).tex	L1809-L1821	SOLUTION	7.6	IMP-DL-20E278E436-P023	LINKED_SAME_FILE
IMP-DL-20E278E436-S048	IMP-DL-20E278E436	Downloads/merged_exercises_FULL_v2 (1).tex	L1850-L1861	SOLUTION	8.2	IMP-DL-20E278E436-P023	LINKED_SAME_FILE
IMP-DL-20E278E436-S049	IMP-DL-20E278E436	Downloads/merged_exercises_FULL_v2 (1).tex	L1872-L1875	SOLUTION	8.3	IMP-DL-20E278E436-P023	LINKED_SAME_FILE
IMP-DL-20E278E436-S050	IMP-DL-20E278E436	Downloads/merged_exercises_FULL_v2 (1).tex	L1879-L1884	SOLUTION	8.3	IMP-DL-20E278E436-P023	LINKED_SAME_FILE
IMP-DL-20E278E436-S051	IMP-DL-20E278E436	Downloads/merged_exercises_FULL_v2 (1).tex	L1919-L1924	SOLUTION	8.4	IMP-DL-20E278E436-P023	LINKED_SAME_FILE
IMP-DL-20E278E436-S052	IMP-DL-20E278E436	Downloads/merged_exercises_FULL_v2 (1).tex	L1954-L1964	SOLUTION	8.5	IMP-DL-20E278E436-P023	LINKED_SAME_FILE
IMP-DL-20E278E436-S053	IMP-DL-20E278E436	Downloads/merged_exercises_FULL_v2 (1).tex	L2011-L2022	SOLUTION	8.7	IMP-DL-20E278E436-P023	LINKED_SAME_FILE
IMP-DL-20E278E436-S054	IMP-DL-20E278E436	Downloads/merged_exercises_FULL_v2 (1).tex	L2027-L2048	SOLUTION	8.7	IMP-DL-20E278E436-P023	LINKED_SAME_FILE
IMP-DL-20E278E436-S055	IMP-DL-20E278E436	Downloads/merged_exercises_FULL_v2 (1).tex	L2180-L2186	SOLUTION	9.3		ORPHAN_NUMBERED_SOLUTION
IMP-DL-20E278E436-S056	IMP-DL-20E278E436	Downloads/merged_exercises_FULL_v2 (1).tex	L2262-L2276	SOLUTION	9.5	IMP-DL-20E278E436-P025	LINKED_SAME_FILE
IMP-DL-DCF8055ABA-S001	IMP-DL-DCF8055ABA	Downloads/merged_exercises_FULL_v2 (2).tex	L10-L15	SOLUTION	3.6	IMP-DL-DCF8055ABA-P001	LINKED_SAME_FILE
IMP-DL-DCF8055ABA-S002	IMP-DL-DCF8055ABA	Downloads/merged_exercises_FULL_v2 (2).tex	L29-L41	SOLUTION	3.6	IMP-DL-DCF8055ABA-P001	LINKED_SAME_FILE
IMP-DL-DCF8055ABA-S003	IMP-DL-DCF8055ABA	Downloads/merged_exercises_FULL_v2 (2).tex	L46-L51	SOLUTION	3.6	IMP-DL-DCF8055ABA-P001	LINKED_SAME_FILE
IMP-DL-D171CB8A69-S001	IMP-DL-D171CB8A69	Downloads/merged_exercises_FULL_v2 (3).tex	L10-L15	SOLUTION	3.6	IMP-DL-D171CB8A69-P001	LINKED_SAME_FILE
IMP-DL-D171CB8A69-S002	IMP-DL-D171CB8A69	Downloads/merged_exercises_FULL_v2 (3).tex	L29-L41	SOLUTION	3.6	IMP-DL-D171CB8A69-P001	LINKED_SAME_FILE
IMP-DL-D171CB8A69-S003	IMP-DL-D171CB8A69	Downloads/merged_exercises_FULL_v2 (3).tex	L46-L51	SOLUTION	3.6	IMP-DL-D171CB8A69-P001	LINKED_SAME_FILE
IMP-DL-D171CB8A69-S004	IMP-DL-D171CB8A69	Downloads/merged_exercises_FULL_v2 (3).tex	L63-L95	SOLUTION	3.5	IMP-DL-D171CB8A69-P002	LINKED_SAME_FILE
IMP-DL-890EB1F6EA-S001	IMP-DL-890EB1F6EA	Downloads/merged_exercises_FULL_v2.tex	L313-L315	SOLUTION	3.4	IMP-DL-890EB1F6EA-P018	LINKED_SAME_FILE
IMP-DL-0E3E7EC766-S001	IMP-DL-0E3E7EC766	Downloads/theory-of-algebraic-geometry-1.tex	L215-L357	SOLUTION	1	IMP-DL-0E3E7EC766-P001	LINKED_SAME_FILE
IMP-DL-0E3E7EC766-S002	IMP-DL-0E3E7EC766	Downloads/theory-of-algebraic-geometry-1.tex	L374-L377	SOLUTION	2	IMP-DL-0E3E7EC766-P002	LINKED_SAME_FILE
IMP-DL-0E3E7EC766-S003	IMP-DL-0E3E7EC766	Downloads/theory-of-algebraic-geometry-1.tex	L736-L749	SOLUTION	3	IMP-DL-0E3E7EC766-P003	LINKED_SAME_FILE
IMP-DL-0E3E7EC766-S004	IMP-DL-0E3E7EC766	Downloads/theory-of-algebraic-geometry-1.tex	L2956-L3027	SOLUTION	4	IMP-DL-0E3E7EC766-P016	LINKED_SAME_FILE
IMP-DL-0E3E7EC766-S005	IMP-DL-0E3E7EC766	Downloads/theory-of-algebraic-geometry-1.tex	L3498-L3547	SOLUTION	5	IMP-DL-0E3E7EC766-P017	LINKED_SAME_FILE
IMP-DL-0E3E7EC766-S006	IMP-DL-0E3E7EC766	Downloads/theory-of-algebraic-geometry-1.tex	L3850-L3869	SOLUTION	6	IMP-DL-0E3E7EC766-P018	LINKED_SAME_FILE
IMP-DL-6B513C0C2F-S001	IMP-DL-6B513C0C2F	Downloads/theory-of-algebraic-geometry-10.tex	L220-L242	SOLUTION			ORPHAN_NEEDS_REVIEW
IMP-DL-6B513C0C2F-S002	IMP-DL-6B513C0C2F	Downloads/theory-of-algebraic-geometry-10.tex	L370-L439	SOLUTION	1	IMP-DL-6B513C0C2F-P001	LINKED_SAME_FILE
IMP-DL-6B513C0C2F-S003	IMP-DL-6B513C0C2F	Downloads/theory-of-algebraic-geometry-10.tex	L473-L647	SOLUTION	2	IMP-DL-6B513C0C2F-P002	LINKED_SAME_FILE
IMP-DL-A99C7658F3-S001	IMP-DL-A99C7658F3	Downloads/theory-of-algebraic-geometry-2.tex	L193-L351	SOLUTION	7.	IMP-DL-A99C7658F3-P001	LINKED_SAME_FILE
IMP-DL-0B4CC237FA-S001	IMP-DL-0B4CC237FA	Downloads/theory-of-algebraic-geometry-3.tex	L188-L301	SOLUTION	11.	IMP-DL-0B4CC237FA-P001	LINKED_SAME_FILE
IMP-DL-0B4CC237FA-S002	IMP-DL-0B4CC237FA	Downloads/theory-of-algebraic-geometry-3.tex	L332-L573	SOLUTION	12.	IMP-DL-0B4CC237FA-P002	LINKED_SAME_FILE
IMP-DL-0B4CC237FA-S003	IMP-DL-0B4CC237FA	Downloads/theory-of-algebraic-geometry-3.tex	L581-L659	SOLUTION	13.	IMP-DL-0B4CC237FA-P003	LINKED_SAME_FILE
IMP-DL-0B4CC237FA-S004	IMP-DL-0B4CC237FA	Downloads/theory-of-algebraic-geometry-3.tex	L720-L1003	SOLUTION	14.	IMP-DL-0B4CC237FA-P004	LINKED_SAME_FILE
IMP-DL-40C58AD550-S001	IMP-DL-40C58AD550	Downloads/theory-of-algebraic-geometry-4.tex	L308-L396	SOLUTION		IMP-DL-40C58AD550-P001	LINKED_SAME_FILE
IMP-DL-D27460A55B-S001	IMP-DL-D27460A55B	Downloads/theory-of-algebraic-geometry-5.tex	L215-L277	SOLUTION	2	IMP-DL-D27460A55B-P001	LINKED_SAME_FILE
IMP-DL-D27460A55B-S002	IMP-DL-D27460A55B	Downloads/theory-of-algebraic-geometry-5.tex	L301-L304	SOLUTION	3	IMP-DL-D27460A55B-P002	LINKED_SAME_FILE
IMP-DL-D27460A55B-S003	IMP-DL-D27460A55B	Downloads/theory-of-algebraic-geometry-5.tex	L484-L487	SOLUTION	4	IMP-DL-D27460A55B-P003	LINKED_SAME_FILE
IMP-DL-D27460A55B-S004	IMP-DL-D27460A55B	Downloads/theory-of-algebraic-geometry-5.tex	L2662-L2665	SOLUTION	5	IMP-DL-D27460A55B-P004	LINKED_SAME_FILE
IMP-DL-D27460A55B-S005	IMP-DL-D27460A55B	Downloads/theory-of-algebraic-geometry-5.tex	L2853-L2856	SOLUTION	6	IMP-DL-D27460A55B-P005	LINKED_SAME_FILE
IMP-DL-D27460A55B-S006	IMP-DL-D27460A55B	Downloads/theory-of-algebraic-geometry-5.tex	L3072-L3075	SOLUTION	7	IMP-DL-D27460A55B-P006	LINKED_SAME_FILE
IMP-DL-D27460A55B-S007	IMP-DL-D27460A55B	Downloads/theory-of-algebraic-geometry-5.tex	L5373-L5535	SOLUTION	8.	IMP-DL-D27460A55B-P007	LINKED_SAME_FILE
IMP-DL-B7E3C22557-S001	IMP-DL-B7E3C22557	Downloads/theory-of-algebraic-geometry-6.tex	L218-L221	SOLUTION	5.	IMP-DL-B7E3C22557-P001	LINKED_SAME_FILE
IMP-DL-B7E3C22557-S002	IMP-DL-B7E3C22557	Downloads/theory-of-algebraic-geometry-6.tex	L379-L382	SOLUTION	6.	IMP-DL-B7E3C22557-P002	LINKED_SAME_FILE
IMP-DL-B7E3C22557-S003	IMP-DL-B7E3C22557	Downloads/theory-of-algebraic-geometry-6.tex	L706-L709	SOLUTION	7.	IMP-DL-B7E3C22557-P003	LINKED_SAME_FILE
IMP-DL-A5CEE6E541-S001	IMP-DL-A5CEE6E541	Downloads/theory-of-algebraic-geometry-8.tex	L215-L339	SOLUTION	1	IMP-DL-A5CEE6E541-P001	LINKED_SAME_FILE
IMP-DL-A5CEE6E541-S002	IMP-DL-A5CEE6E541	Downloads/theory-of-algebraic-geometry-8.tex	L754-L794	SOLUTION	3	IMP-DL-A5CEE6E541-P003	LINKED_SAME_FILE
IMP-DL-0A9B1F0A75-S001	IMP-DL-0A9B1F0A75	Downloads/theory-of-algebraic-geometry-9.tex	L298-L410	SOLUTION		IMP-DL-0A9B1F0A75-P001	LINKED_SAME_FILE
IMP-DL-0A9B1F0A75-S002	IMP-DL-0A9B1F0A75	Downloads/theory-of-algebraic-geometry-9.tex	L411-L424	SOLUTION		IMP-DL-0A9B1F0A75-P001	LINKED_SAME_FILE
IMP-DL-0A9B1F0A75-S003	IMP-DL-0A9B1F0A75	Downloads/theory-of-algebraic-geometry-9.tex	L598-L611	SOLUTION		IMP-DL-0A9B1F0A75-P001	LINKED_SAME_FILE
IMP-DL-0A9B1F0A75-S004	IMP-DL-0A9B1F0A75	Downloads/theory-of-algebraic-geometry-9.tex	L950-L1065	SOLUTION		IMP-DL-0A9B1F0A75-P002	LINKED_SAME_FILE
IMP-DL-0A9B1F0A75-S005	IMP-DL-0A9B1F0A75	Downloads/theory-of-algebraic-geometry-9.tex	L1109-L1188	SOLUTION		IMP-DL-0A9B1F0A75-P003	LINKED_SAME_FILE
IMP-DL-0A9B1F0A75-S006	IMP-DL-0A9B1F0A75	Downloads/theory-of-algebraic-geometry-9.tex	L1191-L1258	SOLUTION		IMP-DL-0A9B1F0A75-P003	LINKED_SAME_FILE
IMP-DL-0A9B1F0A75-S007	IMP-DL-0A9B1F0A75	Downloads/theory-of-algebraic-geometry-9.tex	L1261-L1349	SOLUTION		IMP-DL-0A9B1F0A75-P003	LINKED_SAME_FILE
IMP-DL-0A9B1F0A75-S008	IMP-DL-0A9B1F0A75	Downloads/theory-of-algebraic-geometry-9.tex	L1352-L1413	SOLUTION		IMP-DL-0A9B1F0A75-P003	LINKED_SAME_FILE
IMP-DL-0A9B1F0A75-S009	IMP-DL-0A9B1F0A75	Downloads/theory-of-algebraic-geometry-9.tex	L1450-L1535	SOLUTION	statement	IMP-DL-0A9B1F0A75-P004	LINKED_SAME_FILE
IMP-DL-0A9B1F0A75-S010	IMP-DL-0A9B1F0A75	Downloads/theory-of-algebraic-geometry-9.tex	L1536-L1612	SOLUTION	statement	IMP-DL-0A9B1F0A75-P004	LINKED_SAME_FILE
IMP-DL-0A9B1F0A75-S011	IMP-DL-0A9B1F0A75	Downloads/theory-of-algebraic-geometry-9.tex	L1615-L1635	SOLUTION		IMP-DL-0A9B1F0A75-P004	LINKED_SAME_FILE
IMP-DL-D6E9B3BC73-S001	IMP-DL-D6E9B3BC73	Downloads/theory-of-algebraic-topology-1.tex	L95-L194	SOLUTION	1	IMP-DL-D6E9B3BC73-P001	LINKED_SAME_FILE
IMP-DL-D6E9B3BC73-S002	IMP-DL-D6E9B3BC73	Downloads/theory-of-algebraic-topology-1.tex	L776-L925	SOLUTION	2	IMP-DL-D6E9B3BC73-P027	LINKED_SAME_FILE
IMP-DL-D6E9B3BC73-S003	IMP-DL-D6E9B3BC73	Downloads/theory-of-algebraic-topology-1.tex	L1435-L1437	SOLUTION	3	IMP-DL-D6E9B3BC73-P033	LINKED_SAME_FILE
IMP-DL-D6E9B3BC73-S004	IMP-DL-D6E9B3BC73	Downloads/theory-of-algebraic-topology-1.tex	L1665-L1667	SOLUTION	4	IMP-DL-D6E9B3BC73-P033	LINKED_SAME_FILE
IMP-DL-D6E9B3BC73-S005	IMP-DL-D6E9B3BC73	Downloads/theory-of-algebraic-topology-1.tex	L2101-L2189	SOLUTION	5	IMP-DL-D6E9B3BC73-P034	LINKED_SAME_FILE
IMP-DL-D6E9B3BC73-S006	IMP-DL-D6E9B3BC73	Downloads/theory-of-algebraic-topology-1.tex	L3109-L3217	SOLUTION	s.	IMP-DL-D6E9B3BC73-P035	LINKED_SAME_FILE
IMP-DL-D6E9B3BC73-S007	IMP-DL-D6E9B3BC73	Downloads/theory-of-algebraic-topology-1.tex	L3238-L3286	SOLUTION	8	IMP-DL-D6E9B3BC73-P035	LINKED_SAME_FILE
IMP-DL-12C1A20716-S001	IMP-DL-12C1A20716	Downloads/theory-of-algebraic-topology-10.tex	L135-L137	SOLUTION	5.	IMP-DL-12C1A20716-P001	LINKED_SAME_FILE
IMP-DL-12C1A20716-S002	IMP-DL-12C1A20716	Downloads/theory-of-algebraic-topology-10.tex	L361-L382	SOLUTION	6.	IMP-DL-12C1A20716-P002	LINKED_SAME_FILE
IMP-DL-12C1A20716-S003	IMP-DL-12C1A20716	Downloads/theory-of-algebraic-topology-10.tex	L1264-L1299	SOLUTION		IMP-DL-12C1A20716-P002	LINKED_SAME_FILE
IMP-DL-12C1A20716-S004	IMP-DL-12C1A20716	Downloads/theory-of-algebraic-topology-10.tex	L1431-L1450	SOLUTION	8	IMP-DL-12C1A20716-P007	LINKED_SAME_FILE
IMP-DL-12C1A20716-S005	IMP-DL-12C1A20716	Downloads/theory-of-algebraic-topology-10.tex	L1594-L1643	SOLUTION	9	IMP-DL-12C1A20716-P008	LINKED_SAME_FILE
IMP-DL-12C1A20716-S006	IMP-DL-12C1A20716	Downloads/theory-of-algebraic-topology-10.tex	L2398-L2464	SOLUTION	10.	IMP-DL-12C1A20716-P031	LINKED_SAME_FILE
IMP-DL-12C1A20716-S007	IMP-DL-12C1A20716	Downloads/theory-of-algebraic-topology-10.tex	L2483-L2502	SOLUTION	11.	IMP-DL-12C1A20716-P032	LINKED_SAME_FILE
IMP-DL-12C1A20716-S008	IMP-DL-12C1A20716	Downloads/theory-of-algebraic-topology-10.tex	L2758-L2845	SOLUTION	12.	IMP-DL-12C1A20716-P033	LINKED_SAME_FILE
IMP-DL-12C1A20716-S009	IMP-DL-12C1A20716	Downloads/theory-of-algebraic-topology-10.tex	L2868-L2926	SOLUTION	13.	IMP-DL-12C1A20716-P034	LINKED_SAME_FILE
IMP-DL-12C1A20716-S010	IMP-DL-12C1A20716	Downloads/theory-of-algebraic-topology-10.tex	L2954-L3200	SOLUTION	14.	IMP-DL-12C1A20716-P035	LINKED_SAME_FILE
IMP-DL-12C1A20716-S011	IMP-DL-12C1A20716	Downloads/theory-of-algebraic-topology-10.tex	L3218-L3219	SOLUTION	15.	IMP-DL-12C1A20716-P036	LINKED_SAME_FILE
IMP-DL-6447F1B120-S001	IMP-DL-6447F1B120	Downloads/theory-of-algebraic-topology-11.tex	L120-L168	SOLUTION	1	IMP-DL-6447F1B120-P001	LINKED_SAME_FILE
IMP-DL-6447F1B120-S002	IMP-DL-6447F1B120	Downloads/theory-of-algebraic-topology-11.tex	L652-L720	SOLUTION		IMP-DL-6447F1B120-P002	LINKED_SAME_FILE
IMP-DL-6447F1B120-S003	IMP-DL-6447F1B120	Downloads/theory-of-algebraic-topology-11.tex	L743-L856	SOLUTION		IMP-DL-6447F1B120-P005	LINKED_SAME_FILE
IMP-DL-6447F1B120-S004	IMP-DL-6447F1B120	Downloads/theory-of-algebraic-topology-11.tex	L869-L956	SOLUTION	5.	IMP-DL-6447F1B120-P006	LINKED_SAME_FILE
IMP-DL-6447F1B120-S005	IMP-DL-6447F1B120	Downloads/theory-of-algebraic-topology-11.tex	L2164-L2209	SOLUTION	6.	IMP-DL-6447F1B120-P036	LINKED_SAME_FILE
IMP-DL-6447F1B120-S006	IMP-DL-6447F1B120	Downloads/theory-of-algebraic-topology-11.tex	L2227-L2303	SOLUTION	7.	IMP-DL-6447F1B120-P037	LINKED_SAME_FILE
IMP-DL-6447F1B120-S007	IMP-DL-6447F1B120	Downloads/theory-of-algebraic-topology-11.tex	L2325-L2469	SOLUTION	7.	IMP-DL-6447F1B120-P037	LINKED_SAME_FILE
IMP-DL-6447F1B120-S008	IMP-DL-6447F1B120	Downloads/theory-of-algebraic-topology-11.tex	L2494-L2600	SOLUTION	9.	IMP-DL-6447F1B120-P038	LINKED_SAME_FILE
IMP-DL-6447F1B120-S009	IMP-DL-6447F1B120	Downloads/theory-of-algebraic-topology-11.tex	L2641-L2642	SOLUTION	10.	IMP-DL-6447F1B120-P039	LINKED_SAME_FILE
IMP-DL-314EAD1F3C-S001	IMP-DL-314EAD1F3C	Downloads/theory-of-algebraic-topology-12.tex	L138-L275	SOLUTION	11.	IMP-DL-314EAD1F3C-P001	LINKED_SAME_FILE
IMP-DL-314EAD1F3C-S002	IMP-DL-314EAD1F3C	Downloads/theory-of-algebraic-topology-12.tex	L296-L575	SOLUTION	12.	IMP-DL-314EAD1F3C-P002	LINKED_SAME_FILE
IMP-DL-314EAD1F3C-S003	IMP-DL-314EAD1F3C	Downloads/theory-of-algebraic-topology-12.tex	L576-L580	HINT	12.	IMP-DL-314EAD1F3C-P002	LINKED_SAME_FILE
IMP-DL-314EAD1F3C-S004	IMP-DL-314EAD1F3C	Downloads/theory-of-algebraic-topology-12.tex	L581-L716	SOLUTION	12.	IMP-DL-314EAD1F3C-P002	LINKED_SAME_FILE
IMP-DL-314EAD1F3C-S005	IMP-DL-314EAD1F3C	Downloads/theory-of-algebraic-topology-12.tex	L2978-L3023	SOLUTION	14.	IMP-DL-314EAD1F3C-P003	LINKED_SAME_FILE
IMP-DL-314EAD1F3C-S006	IMP-DL-314EAD1F3C	Downloads/theory-of-algebraic-topology-12.tex	L3249-L3250	SOLUTION	15.	IMP-DL-314EAD1F3C-P004	LINKED_SAME_FILE
IMP-DL-E4D9F7AB6B-S001	IMP-DL-E4D9F7AB6B	Downloads/theory-of-algebraic-topology-13.tex	L2501-L2626	SOLUTION	3.	IMP-DL-E4D9F7AB6B-P003	LINKED_SAME_FILE
IMP-DL-E4D9F7AB6B-S002	IMP-DL-E4D9F7AB6B	Downloads/theory-of-algebraic-topology-13.tex	L6466-L6640	SOLUTION	6.	IMP-DL-E4D9F7AB6B-P006	LINKED_SAME_FILE
IMP-DL-1608308E70-S001	IMP-DL-1608308E70	Downloads/theory-of-algebraic-topology-14.tex	L135-L274	SOLUTION	8	IMP-DL-1608308E70-P001	LINKED_SAME_FILE
IMP-DL-1608308E70-S002	IMP-DL-1608308E70	Downloads/theory-of-algebraic-topology-14.tex	L289-L492	SOLUTION	8	IMP-DL-1608308E70-P001	LINKED_SAME_FILE
IMP-DL-1608308E70-S003	IMP-DL-1608308E70	Downloads/theory-of-algebraic-topology-14.tex	L509-L595	SOLUTION	10	IMP-DL-1608308E70-P002	LINKED_SAME_FILE
IMP-DL-1608308E70-S004	IMP-DL-1608308E70	Downloads/theory-of-algebraic-topology-14.tex	L2969-L3100	SOLUTION	11	IMP-DL-1608308E70-P004	LINKED_SAME_FILE
IMP-DL-1608308E70-S005	IMP-DL-1608308E70	Downloads/theory-of-algebraic-topology-14.tex	L3109-L3286	SOLUTION	12	IMP-DL-1608308E70-P005	LINKED_SAME_FILE
IMP-DL-067214B351-S001	IMP-DL-067214B351	Downloads/theory-of-algebraic-topology-15.tex	L149-L337	SOLUTION	1	IMP-DL-067214B351-P001	LINKED_SAME_FILE
IMP-DL-2B81C66D0F-S001	IMP-DL-2B81C66D0F	Downloads/theory-of-algebraic-topology-2.tex	L2119-L2201	SOLUTION		IMP-DL-2B81C66D0F-P003	LINKED_SAME_FILE
IMP-DL-2B81C66D0F-S002	IMP-DL-2B81C66D0F	Downloads/theory-of-algebraic-topology-2.tex	L2211-L2319	SOLUTION		IMP-DL-2B81C66D0F-P004	LINKED_SAME_FILE
IMP-DL-2B81C66D0F-S003	IMP-DL-2B81C66D0F	Downloads/theory-of-algebraic-topology-2.tex	L2329-L2490	SOLUTION		IMP-DL-2B81C66D0F-P005	LINKED_SAME_FILE
IMP-DL-2B81C66D0F-S004	IMP-DL-2B81C66D0F	Downloads/theory-of-algebraic-topology-2.tex	L2506-L2922	SOLUTION		IMP-DL-2B81C66D0F-P006	LINKED_SAME_FILE
IMP-DL-627841AC75-S001	IMP-DL-627841AC75	Downloads/theory-of-algebraic-topology-3.tex	L1767-L1803	SOLUTION		IMP-DL-627841AC75-P002	LINKED_SAME_FILE
IMP-DL-627841AC75-S002	IMP-DL-627841AC75	Downloads/theory-of-algebraic-topology-3.tex	L1822-L1930	SOLUTION	2	IMP-DL-627841AC75-P003	LINKED_SAME_FILE
IMP-DL-627841AC75-S003	IMP-DL-627841AC75	Downloads/theory-of-algebraic-topology-3.tex	L1960-L2138	SOLUTION	3	IMP-DL-627841AC75-P004	LINKED_SAME_FILE
IMP-DL-627841AC75-S004	IMP-DL-627841AC75	Downloads/theory-of-algebraic-topology-3.tex	L2574-L2651	SOLUTION		IMP-DL-627841AC75-P004	LINKED_SAME_FILE
IMP-DL-627841AC75-S005	IMP-DL-627841AC75	Downloads/theory-of-algebraic-topology-3.tex	L2655-L2819	SOLUTION		IMP-DL-627841AC75-P004	LINKED_SAME_FILE
IMP-DL-627841AC75-S006	IMP-DL-627841AC75	Downloads/theory-of-algebraic-topology-3.tex	L2844-L2999	SOLUTION		IMP-DL-627841AC75-P004	LINKED_SAME_FILE
IMP-DL-A978FB3162-S001	IMP-DL-A978FB3162	Downloads/theory-of-algebraic-topology-4.tex	L101-L138	SOLUTION	7	IMP-DL-A978FB3162-P001	LINKED_SAME_FILE
IMP-DL-A978FB3162-S002	IMP-DL-A978FB3162	Downloads/theory-of-algebraic-topology-4.tex	L264-L335	SOLUTION	9	IMP-DL-A978FB3162-P002	LINKED_SAME_FILE
IMP-DL-A978FB3162-S003	IMP-DL-A978FB3162	Downloads/theory-of-algebraic-topology-4.tex	L1412-L1419	SOLUTION	10	IMP-DL-A978FB3162-P003	LINKED_SAME_FILE
IMP-DL-A978FB3162-S004	IMP-DL-A978FB3162	Downloads/theory-of-algebraic-topology-4.tex	L1512-L1513	SOLUTION	11	IMP-DL-A978FB3162-P004	LINKED_SAME_FILE
IMP-DL-A978FB3162-S005	IMP-DL-A978FB3162	Downloads/theory-of-algebraic-topology-4.tex	L1672-L1775	SOLUTION		IMP-DL-A978FB3162-P004	LINKED_SAME_FILE
IMP-DL-A978FB3162-S006	IMP-DL-A978FB3162	Downloads/theory-of-algebraic-topology-4.tex	L1902-L2147	SOLUTION		IMP-DL-A978FB3162-P008	LINKED_SAME_FILE
IMP-DL-A978FB3162-S007	IMP-DL-A978FB3162	Downloads/theory-of-algebraic-topology-4.tex	L2754-L3035	SOLUTION	1	IMP-DL-A978FB3162-P023	LINKED_SAME_FILE
IMP-DL-A978FB3162-S008	IMP-DL-A978FB3162	Downloads/theory-of-algebraic-topology-4.tex	L3062-L3228	SOLUTION	2	IMP-DL-A978FB3162-P028	LINKED_SAME_FILE
IMP-DL-A978FB3162-S009	IMP-DL-A978FB3162	Downloads/theory-of-algebraic-topology-4.tex	L3307-L3497	SOLUTION	3	IMP-DL-A978FB3162-P047	LINKED_SAME_FILE
IMP-DL-A978FB3162-S010	IMP-DL-A978FB3162	Downloads/theory-of-algebraic-topology-4.tex	L3571-L3768	SOLUTION	4	IMP-DL-A978FB3162-P051	LINKED_SAME_FILE
IMP-DL-A978FB3162-S011	IMP-DL-A978FB3162	Downloads/theory-of-algebraic-topology-4.tex	L4149-L4496	SOLUTION	5	IMP-DL-A978FB3162-P062	LINKED_SAME_FILE
IMP-DL-2E134BF207-S001	IMP-DL-2E134BF207	Downloads/theory-of-algebraic-topology-5.tex	L336-L569	SOLUTION	6	IMP-DL-2E134BF207-P001	LINKED_SAME_FILE
IMP-DL-2E134BF207-S002	IMP-DL-2E134BF207	Downloads/theory-of-algebraic-topology-5.tex	L643-L779	SOLUTION	7	IMP-DL-2E134BF207-P027	LINKED_SAME_FILE
IMP-DL-2E134BF207-S003	IMP-DL-2E134BF207	Downloads/theory-of-algebraic-topology-5.tex	L1191-L1329	SOLUTION	8	IMP-DL-2E134BF207-P053	LINKED_SAME_FILE
IMP-DL-2E134BF207-S004	IMP-DL-2E134BF207	Downloads/theory-of-algebraic-topology-5.tex	L1390-L1544	SOLUTION	9	IMP-DL-2E134BF207-P058	LINKED_SAME_FILE
IMP-DL-2E134BF207-S005	IMP-DL-2E134BF207	Downloads/theory-of-algebraic-topology-5.tex	L1901-L2035	SOLUTION	1	IMP-DL-2E134BF207-P072	LINKED_SAME_FILE
IMP-DL-2E134BF207-S006	IMP-DL-2E134BF207	Downloads/theory-of-algebraic-topology-5.tex	L2344-L2480	SOLUTION	2	IMP-DL-2E134BF207-P073	LINKED_SAME_FILE
IMP-DL-2E134BF207-S007	IMP-DL-2E134BF207	Downloads/theory-of-algebraic-topology-5.tex	L3171-L3377	SOLUTION	3	IMP-DL-2E134BF207-P074	LINKED_SAME_FILE
IMP-DL-2E134BF207-S008	IMP-DL-2E134BF207	Downloads/theory-of-algebraic-topology-5.tex	L3392-L3475	SOLUTION	4	IMP-DL-2E134BF207-P075	LINKED_SAME_FILE
IMP-DL-2E134BF207-S009	IMP-DL-2E134BF207	Downloads/theory-of-algebraic-topology-5.tex	L4322-L4643	SOLUTION		IMP-DL-2E134BF207-P075	LINKED_SAME_FILE
IMP-DL-35223EB1F7-S001	IMP-DL-35223EB1F7	Downloads/theory-of-algebraic-topology-6.tex	L694-L734	SOLUTION	6	IMP-DL-35223EB1F7-P006	LINKED_SAME_FILE
IMP-DL-35223EB1F7-S002	IMP-DL-35223EB1F7	Downloads/theory-of-algebraic-topology-6.tex	L833-L854	SOLUTION	7	IMP-DL-35223EB1F7-P007	LINKED_SAME_FILE
IMP-DL-35223EB1F7-S003	IMP-DL-35223EB1F7	Downloads/theory-of-algebraic-topology-6.tex	L1536-L1552	SOLUTION		IMP-DL-35223EB1F7-P007	LINKED_SAME_FILE
IMP-DL-35223EB1F7-S004	IMP-DL-35223EB1F7	Downloads/theory-of-algebraic-topology-6.tex	L1586-L1717	SOLUTION	8	IMP-DL-35223EB1F7-P008	LINKED_SAME_FILE
IMP-DL-35223EB1F7-S005	IMP-DL-35223EB1F7	Downloads/theory-of-algebraic-topology-6.tex	L1741-L1874	SOLUTION	9	IMP-DL-35223EB1F7-P009	LINKED_SAME_FILE
IMP-DL-35223EB1F7-S006	IMP-DL-35223EB1F7	Downloads/theory-of-algebraic-topology-6.tex	L1898-L1992	SOLUTION	10	IMP-DL-35223EB1F7-P010	LINKED_SAME_FILE
IMP-DL-18BC6F795C-S001	IMP-DL-18BC6F795C	Downloads/theory-of-algebraic-topology-9.tex	L2838-L3107	SOLUTION	2	IMP-DL-18BC6F795C-P019	LINKED_SAME_FILE
IMP-DL-18BC6F795C-S002	IMP-DL-18BC6F795C	Downloads/theory-of-algebraic-topology-9.tex	L3365-L3428	SOLUTION	3	IMP-DL-18BC6F795C-P041	LINKED_SAME_FILE
IMP-DL-15679DEE8D-S001	IMP-DL-15679DEE8D	Downloads/theory-of-analysis - Copy.tex	L117-L131	SOLUTION			ORPHAN_NEEDS_REVIEW
IMP-DL-15679DEE8D-S002	IMP-DL-15679DEE8D	Downloads/theory-of-analysis - Copy.tex	L150-L182	SOLUTION			ORPHAN_NEEDS_REVIEW
IMP-DL-15679DEE8D-S003	IMP-DL-15679DEE8D	Downloads/theory-of-analysis - Copy.tex	L190-L211	SOLUTION			ORPHAN_NEEDS_REVIEW
IMP-DL-15679DEE8D-S004	IMP-DL-15679DEE8D	Downloads/theory-of-analysis - Copy.tex	L215-L254	SOLUTION			ORPHAN_NEEDS_REVIEW
IMP-DL-15679DEE8D-S005	IMP-DL-15679DEE8D	Downloads/theory-of-analysis - Copy.tex	L262-L290	SOLUTION			ORPHAN_NEEDS_REVIEW
IMP-DL-15679DEE8D-S006	IMP-DL-15679DEE8D	Downloads/theory-of-analysis - Copy.tex	L298-L335	SOLUTION			ORPHAN_NEEDS_REVIEW
IMP-DL-15679DEE8D-S007	IMP-DL-15679DEE8D	Downloads/theory-of-analysis - Copy.tex	L408-L445	SOLUTION		IMP-DL-15679DEE8D-P001	LINKED_SAME_FILE
IMP-DL-15679DEE8D-S008	IMP-DL-15679DEE8D	Downloads/theory-of-analysis - Copy.tex	L507-L537	SOLUTION		IMP-DL-15679DEE8D-P002	LINKED_SAME_FILE
IMP-DL-15679DEE8D-S009	IMP-DL-15679DEE8D	Downloads/theory-of-analysis - Copy.tex	L552-L582	SOLUTION		IMP-DL-15679DEE8D-P003	LINKED_SAME_FILE
IMP-DL-15679DEE8D-S010	IMP-DL-15679DEE8D	Downloads/theory-of-analysis - Copy.tex	L630-L634	SOLUTION		IMP-DL-15679DEE8D-P004	LINKED_SAME_FILE
IMP-DL-15679DEE8D-S011	IMP-DL-15679DEE8D	Downloads/theory-of-analysis - Copy.tex	L678-L698	SOLUTION		IMP-DL-15679DEE8D-P006	LINKED_SAME_FILE
IMP-DL-15679DEE8D-S012	IMP-DL-15679DEE8D	Downloads/theory-of-analysis - Copy.tex	L699-L704	SOLUTION			ORPHAN_NEEDS_REVIEW
IMP-DL-15679DEE8D-S013	IMP-DL-15679DEE8D	Downloads/theory-of-analysis - Copy.tex	L798-L819	SOLUTION		IMP-DL-15679DEE8D-P007	LINKED_SAME_FILE
IMP-DL-15679DEE8D-S014	IMP-DL-15679DEE8D	Downloads/theory-of-analysis - Copy.tex	L837-L881	SOLUTION		IMP-DL-15679DEE8D-P008	LINKED_SAME_FILE
IMP-DL-15679DEE8D-S015	IMP-DL-15679DEE8D	Downloads/theory-of-analysis - Copy.tex	L2797-L2801	SOLUTION		IMP-DL-15679DEE8D-P013	LINKED_SAME_FILE
IMP-DL-2370D81D66-S001	IMP-DL-2370D81D66	Downloads/theory-of-analysis-FD.tex	L2475-L2774	SOLUTION	1.5	IMP-DL-2370D81D66-P007	LINKED_SAME_FILE
IMP-DL-2370D81D66-S002	IMP-DL-2370D81D66	Downloads/theory-of-analysis-FD.tex	L2839-L2870	SOLUTION	1.6	IMP-DL-2370D81D66-P012	LINKED_SAME_FILE
IMP-DL-2370D81D66-S003	IMP-DL-2370D81D66	Downloads/theory-of-analysis-FD.tex	L2871-L2908	SOLUTION	1.6	IMP-DL-2370D81D66-P012	LINKED_SAME_FILE
IMP-DL-2370D81D66-S004	IMP-DL-2370D81D66	Downloads/theory-of-analysis-FD.tex	L2909-L2952	SOLUTION	1.6	IMP-DL-2370D81D66-P012	LINKED_SAME_FILE
IMP-DL-2370D81D66-S005	IMP-DL-2370D81D66	Downloads/theory-of-analysis-FD.tex	L2966-L3002	SOLUTION	1.7	IMP-DL-2370D81D66-P013	LINKED_SAME_FILE
IMP-DL-2370D81D66-S006	IMP-DL-2370D81D66	Downloads/theory-of-analysis-FD.tex	L3003-L3213	SOLUTION	1.7	IMP-DL-2370D81D66-P013	LINKED_SAME_FILE
IMP-DL-2370D81D66-S007	IMP-DL-2370D81D66	Downloads/theory-of-analysis-FD.tex	L3270-L3333	SOLUTION	2.1	IMP-DL-2370D81D66-P014	LINKED_SAME_FILE
IMP-DL-2370D81D66-S008	IMP-DL-2370D81D66	Downloads/theory-of-analysis-FD.tex	L3873-L3879	SOLUTION	2.4	IMP-DL-2370D81D66-P024	LINKED_SAME_FILE
IMP-DL-2370D81D66-S009	IMP-DL-2370D81D66	Downloads/theory-of-analysis-FD.tex	L4408-L4431	SOLUTION	2.5	IMP-DL-2370D81D66-P033	LINKED_SAME_FILE
IMP-DL-2370D81D66-S010	IMP-DL-2370D81D66	Downloads/theory-of-analysis-FD.tex	L5382-L5435	SOLUTION	2.6.	IMP-DL-2370D81D66-P066	LINKED_SAME_FILE
IMP-DL-2370D81D66-S011	IMP-DL-2370D81D66	Downloads/theory-of-analysis-FD.tex	L5874-L5896	SOLUTION	2.6.	IMP-DL-2370D81D66-P066	LINKED_SAME_FILE
IMP-DL-2370D81D66-S012	IMP-DL-2370D81D66	Downloads/theory-of-analysis-FD.tex	L5897-L5931	SOLUTION	2.6.	IMP-DL-2370D81D66-P066	LINKED_SAME_FILE
IMP-DL-2370D81D66-S013	IMP-DL-2370D81D66	Downloads/theory-of-analysis-FD.tex	L5932-L5942	SOLUTION	2.6.	IMP-DL-2370D81D66-P066	LINKED_SAME_FILE
IMP-DL-2370D81D66-S014	IMP-DL-2370D81D66	Downloads/theory-of-analysis-FD.tex	L5965-L6168	SOLUTION	2.6.	IMP-DL-2370D81D66-P066	LINKED_SAME_FILE
IMP-DL-2370D81D66-S015	IMP-DL-2370D81D66	Downloads/theory-of-analysis-FD.tex	L6185-L6229	SOLUTION	2.6.	IMP-DL-2370D81D66-P066	LINKED_SAME_FILE
IMP-DL-11EDF39EA7-S001	IMP-DL-11EDF39EA7	Downloads/theory-of-analysis-FD2.tex	L679-L728	SOLUTION			ORPHAN_NEEDS_REVIEW
IMP-DL-11EDF39EA7-S002	IMP-DL-11EDF39EA7	Downloads/theory-of-analysis-FD2.tex	L742-L767	SOLUTION		IMP-DL-11EDF39EA7-P004	LINKED_SAME_FILE
IMP-DL-11EDF39EA7-S003	IMP-DL-11EDF39EA7	Downloads/theory-of-analysis-FD2.tex	L784-L858	SOLUTION		IMP-DL-11EDF39EA7-P005	LINKED_SAME_FILE
IMP-DL-11EDF39EA7-S004	IMP-DL-11EDF39EA7	Downloads/theory-of-analysis-FD2.tex	L872-L904	SOLUTION	3.4.	IMP-DL-11EDF39EA7-P006	LINKED_SAME_FILE
IMP-DL-11EDF39EA7-S005	IMP-DL-11EDF39EA7	Downloads/theory-of-analysis-FD2.tex	L915-L940	SOLUTION	3.5.	IMP-DL-11EDF39EA7-P007	LINKED_SAME_FILE
IMP-DL-11EDF39EA7-S006	IMP-DL-11EDF39EA7	Downloads/theory-of-analysis-FD2.tex	L941-L975	SOLUTION	3.5.	IMP-DL-11EDF39EA7-P007	LINKED_SAME_FILE
IMP-DL-11EDF39EA7-S007	IMP-DL-11EDF39EA7	Downloads/theory-of-analysis-FD2.tex	L976-L1005	SOLUTION	3.5.	IMP-DL-11EDF39EA7-P007	LINKED_SAME_FILE
IMP-DL-11EDF39EA7-S008	IMP-DL-11EDF39EA7	Downloads/theory-of-analysis-FD2.tex	L1006-L1069	SOLUTION	3.5.	IMP-DL-11EDF39EA7-P007	LINKED_SAME_FILE
IMP-DL-11EDF39EA7-S009	IMP-DL-11EDF39EA7	Downloads/theory-of-analysis-FD2.tex	L1079-L1175	SOLUTION	3.6	IMP-DL-11EDF39EA7-P008	LINKED_SAME_FILE
IMP-DL-11EDF39EA7-S010	IMP-DL-11EDF39EA7	Downloads/theory-of-analysis-FD2.tex	L2605-L2756	SOLUTION	4.4		ORPHAN_NUMBERED_SOLUTION
IMP-DL-11EDF39EA7-S011	IMP-DL-11EDF39EA7	Downloads/theory-of-analysis-FD2.tex	L2757-L2797	SOLUTION	4.5		ORPHAN_NUMBERED_SOLUTION
IMP-DL-11EDF39EA7-S012	IMP-DL-11EDF39EA7	Downloads/theory-of-analysis-FD2.tex	L2808-L2866	SOLUTION	4.6	IMP-DL-11EDF39EA7-P015	LINKED_SAME_FILE
IMP-DL-11EDF39EA7-S013	IMP-DL-11EDF39EA7	Downloads/theory-of-analysis-FD2.tex	L2992-L3121	SOLUTION	4.7	IMP-DL-11EDF39EA7-P017	LINKED_SAME_FILE
IMP-DL-11EDF39EA7-S014	IMP-DL-11EDF39EA7	Downloads/theory-of-analysis-FD2.tex	L3257-L3304	SOLUTION	5.1	IMP-DL-11EDF39EA7-P018	LINKED_SAME_FILE
IMP-DL-11EDF39EA7-S015	IMP-DL-11EDF39EA7	Downloads/theory-of-analysis-FD2.tex	L3399-L3503	SOLUTION	5.2	IMP-DL-11EDF39EA7-P019	LINKED_SAME_FILE
IMP-DL-11EDF39EA7-S016	IMP-DL-11EDF39EA7	Downloads/theory-of-analysis-FD2.tex	L4529-L4808	SOLUTION	5.7	IMP-DL-11EDF39EA7-P027	LINKED_SAME_FILE
IMP-DL-11EDF39EA7-S017	IMP-DL-11EDF39EA7	Downloads/theory-of-analysis-FD2.tex	L5109-L5141	SOLUTION	2	IMP-DL-11EDF39EA7-P031	LINKED_SAME_FILE
IMP-DL-11EDF39EA7-S018	IMP-DL-11EDF39EA7	Downloads/theory-of-analysis-FD2.tex	L5142-L5175	SOLUTION		IMP-DL-11EDF39EA7-P031	LINKED_SAME_FILE
IMP-DL-11EDF39EA7-S019	IMP-DL-11EDF39EA7	Downloads/theory-of-analysis-FD2.tex	L5176-L5310	SOLUTION		IMP-DL-11EDF39EA7-P031	LINKED_SAME_FILE
IMP-DL-E532B44856-S001	IMP-DL-E532B44856	Downloads/theory-of-analysis-functions-II.tex	L2142-L2194	SOLUTION	12	IMP-DL-E532B44856-P012	LINKED_SAME_FILE
IMP-DL-E532B44856-S002	IMP-DL-E532B44856	Downloads/theory-of-analysis-functions-II.tex	L2214-L2218	SOLUTION	13	IMP-DL-E532B44856-P013	LINKED_SAME_FILE
IMP-DL-E532B44856-S003	IMP-DL-E532B44856	Downloads/theory-of-analysis-functions-II.tex	L2259-L2269	SOLUTION	1	IMP-DL-E532B44856-P014	LINKED_SAME_FILE
IMP-DL-E532B44856-S004	IMP-DL-E532B44856	Downloads/theory-of-analysis-functions-II.tex	L2274-L2309	SOLUTION	2	IMP-DL-E532B44856-P015	LINKED_SAME_FILE
IMP-DL-E532B44856-S005	IMP-DL-E532B44856	Downloads/theory-of-analysis-functions-II.tex	L2315-L2321	SOLUTION	3	IMP-DL-E532B44856-P016	LINKED_SAME_FILE
IMP-DL-E532B44856-S006	IMP-DL-E532B44856	Downloads/theory-of-analysis-functions-II.tex	L2324-L2353	SOLUTION	3	IMP-DL-E532B44856-P016	LINKED_SAME_FILE
IMP-DL-E532B44856-S007	IMP-DL-E532B44856	Downloads/theory-of-analysis-functions-II.tex	L2380-L2386	SOLUTION	4	IMP-DL-E532B44856-P017	LINKED_SAME_FILE
IMP-DL-E532B44856-S008	IMP-DL-E532B44856	Downloads/theory-of-analysis-functions-II.tex	L2454-L2472	SOLUTION	5	IMP-DL-E532B44856-P018	LINKED_SAME_FILE
IMP-DL-E532B44856-S009	IMP-DL-E532B44856	Downloads/theory-of-analysis-functions-II.tex	L2499-L2528	SOLUTION	6	IMP-DL-E532B44856-P019	LINKED_SAME_FILE
IMP-DL-E532B44856-S010	IMP-DL-E532B44856	Downloads/theory-of-analysis-functions-II.tex	L2719-L2736	SOLUTION	6(b)	IMP-DL-E532B44856-P026	LINKED_SAME_FILE
IMP-DL-E532B44856-S011	IMP-DL-E532B44856	Downloads/theory-of-analysis-functions-II.tex	L2748-L2777	SOLUTION	7	IMP-DL-E532B44856-P027	LINKED_SAME_FILE
IMP-DL-E532B44856-S012	IMP-DL-E532B44856	Downloads/theory-of-analysis-functions-II.tex	L2788-L2812	SOLUTION	6(b)	IMP-DL-E532B44856-P028	LINKED_SAME_FILE
IMP-DL-E532B44856-S013	IMP-DL-E532B44856	Downloads/theory-of-analysis-functions-II.tex	L2828-L2870	SOLUTION	7	IMP-DL-E532B44856-P029	LINKED_SAME_FILE
IMP-DL-E532B44856-S014	IMP-DL-E532B44856	Downloads/theory-of-analysis-functions-II.tex	L3254-L3440	SOLUTION	9	IMP-DL-E532B44856-P032	LINKED_SAME_FILE
IMP-DL-316AE183C3-S001	IMP-DL-316AE183C3	Downloads/theory-of-analysis-functions.tex	L1988-L1997	SOLUTION	9	IMP-DL-316AE183C3-P012	LINKED_SAME_FILE
IMP-DL-316AE183C3-S002	IMP-DL-316AE183C3	Downloads/theory-of-analysis-functions.tex	L2025-L2040	SOLUTION	10	IMP-DL-316AE183C3-P015	LINKED_SAME_FILE
IMP-DL-316AE183C3-S003	IMP-DL-316AE183C3	Downloads/theory-of-analysis-functions.tex	L2069-L2081	SOLUTION	10	IMP-DL-316AE183C3-P023	LINKED_SAME_FILE
IMP-DL-316AE183C3-S004	IMP-DL-316AE183C3	Downloads/theory-of-analysis-functions.tex	L2110-L2164	SOLUTION	s.	IMP-DL-316AE183C3-P028	LINKED_SAME_FILE
IMP-DL-316AE183C3-S005	IMP-DL-316AE183C3	Downloads/theory-of-analysis-functions.tex	L2461-L2482	SOLUTION	1	IMP-DL-316AE183C3-P044	LINKED_SAME_FILE
IMP-DL-316AE183C3-S006	IMP-DL-316AE183C3	Downloads/theory-of-analysis-functions.tex	L2489-L2501	SOLUTION	2	IMP-DL-316AE183C3-P045	LINKED_SAME_FILE
IMP-DL-316AE183C3-S007	IMP-DL-316AE183C3	Downloads/theory-of-analysis-functions.tex	L3207-L3215	SOLUTION	5	IMP-DL-316AE183C3-P050	LINKED_SAME_FILE
IMP-DL-316AE183C3-S008	IMP-DL-316AE183C3	Downloads/theory-of-analysis-functions.tex	L3233-L3245	SOLUTION	6	IMP-DL-316AE183C3-P052	LINKED_SAME_FILE
IMP-DL-316AE183C3-S009	IMP-DL-316AE183C3	Downloads/theory-of-analysis-functions.tex	L3268-L3285	SOLUTION	7	IMP-DL-316AE183C3-P053	LINKED_SAME_FILE
IMP-DL-316AE183C3-S010	IMP-DL-316AE183C3	Downloads/theory-of-analysis-functions.tex	L3412-L3439	SOLUTION	8	IMP-DL-316AE183C3-P061	LINKED_SAME_FILE
IMP-DL-316AE183C3-S011	IMP-DL-316AE183C3	Downloads/theory-of-analysis-functions.tex	L3464-L3484	SOLUTION	9	IMP-DL-316AE183C3-P065	LINKED_SAME_FILE
IMP-DL-316AE183C3-S012	IMP-DL-316AE183C3	Downloads/theory-of-analysis-functions.tex	L3714-L3748	SOLUTION	10	IMP-DL-316AE183C3-P079	LINKED_SAME_FILE
IMP-DL-316AE183C3-S013	IMP-DL-316AE183C3	Downloads/theory-of-analysis-functions.tex	L3765-L3769	SOLUTION	11	IMP-DL-316AE183C3-P080	LINKED_SAME_FILE
IMP-DL-316AE183C3-S014	IMP-DL-316AE183C3	Downloads/theory-of-analysis-functions.tex	L3788-L3795	SOLUTION	12	IMP-DL-316AE183C3-P082	LINKED_SAME_FILE
IMP-DL-873C6F4098-S001	IMP-DL-873C6F4098	Downloads/theory-of-analysis-II.tex	L277-L310	SOLUTION	4	IMP-DL-873C6F4098-P004	LINKED_SAME_FILE
IMP-DL-873C6F4098-S002	IMP-DL-873C6F4098	Downloads/theory-of-analysis-II.tex	L530-L545	SOLUTION	7	IMP-DL-873C6F4098-P008	LINKED_SAME_FILE
IMP-DL-873C6F4098-S003	IMP-DL-873C6F4098	Downloads/theory-of-analysis-II.tex	L570-L577	SOLUTION	7	IMP-DL-873C6F4098-P010	LINKED_SAME_FILE
IMP-DL-873C6F4098-S004	IMP-DL-873C6F4098	Downloads/theory-of-analysis-II.tex	L601-L618	SOLUTION	9	IMP-DL-873C6F4098-P011	LINKED_SAME_FILE
IMP-DL-873C6F4098-S005	IMP-DL-873C6F4098	Downloads/theory-of-analysis-II.tex	L624-L631	SOLUTION	10	IMP-DL-873C6F4098-P012	LINKED_SAME_FILE
IMP-DL-873C6F4098-S006	IMP-DL-873C6F4098	Downloads/theory-of-analysis-II.tex	L737-L792	SOLUTION	11	IMP-DL-873C6F4098-P017	LINKED_SAME_FILE
IMP-DL-873C6F4098-S007	IMP-DL-873C6F4098	Downloads/theory-of-analysis-II.tex	L832-L854	SOLUTION	13	IMP-DL-873C6F4098-P022	LINKED_SAME_FILE
IMP-DL-873C6F4098-S008	IMP-DL-873C6F4098	Downloads/theory-of-analysis-II.tex	L1053-L1073	SOLUTION	3	IMP-DL-873C6F4098-P031	LINKED_SAME_FILE
IMP-DL-873C6F4098-S009	IMP-DL-873C6F4098	Downloads/theory-of-analysis-II.tex	L1370-L1406	SOLUTION	9	IMP-DL-873C6F4098-P042	LINKED_SAME_FILE
IMP-DL-873C6F4098-S010	IMP-DL-873C6F4098	Downloads/theory-of-analysis-II.tex	L1446-L1496	SOLUTION	10	IMP-DL-873C6F4098-P047	LINKED_SAME_FILE
IMP-DL-873C6F4098-S011	IMP-DL-873C6F4098	Downloads/theory-of-analysis-II.tex	L1652-L1667	SOLUTION	13	IMP-DL-873C6F4098-P050	LINKED_SAME_FILE
IMP-DL-873C6F4098-S012	IMP-DL-873C6F4098	Downloads/theory-of-analysis-II.tex	L1699-L1759	SOLUTION	13	IMP-DL-873C6F4098-P056	LINKED_SAME_FILE
IMP-DL-873C6F4098-S013	IMP-DL-873C6F4098	Downloads/theory-of-analysis-II.tex	L2375-L2395	SOLUTION	5	IMP-DL-873C6F4098-P067	LINKED_SAME_FILE
IMP-DL-873C6F4098-S014	IMP-DL-873C6F4098	Downloads/theory-of-analysis-II.tex	L2453-L2472	SOLUTION	6	IMP-DL-873C6F4098-P068	LINKED_SAME_FILE
IMP-DL-873C6F4098-S015	IMP-DL-873C6F4098	Downloads/theory-of-analysis-II.tex	L2542-L2543	SOLUTION	8	IMP-DL-873C6F4098-P074	LINKED_SAME_FILE
IMP-DL-873C6F4098-S016	IMP-DL-873C6F4098	Downloads/theory-of-analysis-II.tex	L2544-L2584	SOLUTION	8	IMP-DL-873C6F4098-P074	LINKED_SAME_FILE
IMP-DL-873C6F4098-S017	IMP-DL-873C6F4098	Downloads/theory-of-analysis-II.tex	L2966-L2994	SOLUTION	12	IMP-DL-873C6F4098-P078	LINKED_SAME_FILE
IMP-DL-873C6F4098-S018	IMP-DL-873C6F4098	Downloads/theory-of-analysis-II.tex	L3027-L3056	SOLUTION	12	IMP-DL-873C6F4098-P080	LINKED_SAME_FILE
IMP-DL-873C6F4098-S019	IMP-DL-873C6F4098	Downloads/theory-of-analysis-II.tex	L3212-L3262	SOLUTION	1	IMP-DL-873C6F4098-P085	LINKED_SAME_FILE
IMP-DL-873C6F4098-S020	IMP-DL-873C6F4098	Downloads/theory-of-analysis-II.tex	L3285-L3307	SOLUTION	2	IMP-DL-873C6F4098-P086	LINKED_SAME_FILE
IMP-DL-873C6F4098-S021	IMP-DL-873C6F4098	Downloads/theory-of-analysis-II.tex	L3319-L3332	SOLUTION	3	IMP-DL-873C6F4098-P087	LINKED_SAME_FILE
IMP-DL-873C6F4098-S022	IMP-DL-873C6F4098	Downloads/theory-of-analysis-II.tex	L3345-L3364	SOLUTION	4	IMP-DL-873C6F4098-P088	LINKED_SAME_FILE
IMP-DL-873C6F4098-S023	IMP-DL-873C6F4098	Downloads/theory-of-analysis-II.tex	L3394-L3402	SOLUTION	5	IMP-DL-873C6F4098-P089	LINKED_SAME_FILE
IMP-DL-873C6F4098-S024	IMP-DL-873C6F4098	Downloads/theory-of-analysis-II.tex	L3454-L3476	SOLUTION	7	IMP-DL-873C6F4098-P091	LINKED_SAME_FILE
IMP-DL-873C6F4098-S025	IMP-DL-873C6F4098	Downloads/theory-of-analysis-II.tex	L3499-L3515	SOLUTION	8	IMP-DL-873C6F4098-P094	LINKED_SAME_FILE
IMP-DL-873C6F4098-S026	IMP-DL-873C6F4098	Downloads/theory-of-analysis-II.tex	L3564-L3573	SOLUTION	10	IMP-DL-873C6F4098-P097	LINKED_SAME_FILE
IMP-DL-3CA1CB77F7-S001	IMP-DL-3CA1CB77F7	Downloads/theory-of-analysis-numbers.tex	L120-L134	SOLUTION			ORPHAN_NEEDS_REVIEW
IMP-DL-3CA1CB77F7-S002	IMP-DL-3CA1CB77F7	Downloads/theory-of-analysis-numbers.tex	L153-L185	SOLUTION			ORPHAN_NEEDS_REVIEW
IMP-DL-3CA1CB77F7-S003	IMP-DL-3CA1CB77F7	Downloads/theory-of-analysis-numbers.tex	L193-L214	SOLUTION			ORPHAN_NEEDS_REVIEW
IMP-DL-3CA1CB77F7-S004	IMP-DL-3CA1CB77F7	Downloads/theory-of-analysis-numbers.tex	L218-L257	SOLUTION			ORPHAN_NEEDS_REVIEW
IMP-DL-3CA1CB77F7-S005	IMP-DL-3CA1CB77F7	Downloads/theory-of-analysis-numbers.tex	L265-L293	SOLUTION			ORPHAN_NEEDS_REVIEW
IMP-DL-3CA1CB77F7-S006	IMP-DL-3CA1CB77F7	Downloads/theory-of-analysis-numbers.tex	L301-L338	SOLUTION			ORPHAN_NEEDS_REVIEW
IMP-DL-3CA1CB77F7-S007	IMP-DL-3CA1CB77F7	Downloads/theory-of-analysis-numbers.tex	L411-L448	SOLUTION		IMP-DL-3CA1CB77F7-P001	LINKED_SAME_FILE
IMP-DL-3CA1CB77F7-S008	IMP-DL-3CA1CB77F7	Downloads/theory-of-analysis-numbers.tex	L510-L540	SOLUTION		IMP-DL-3CA1CB77F7-P002	LINKED_SAME_FILE
IMP-DL-3CA1CB77F7-S009	IMP-DL-3CA1CB77F7	Downloads/theory-of-analysis-numbers.tex	L555-L585	SOLUTION		IMP-DL-3CA1CB77F7-P003	LINKED_SAME_FILE
IMP-DL-3CA1CB77F7-S010	IMP-DL-3CA1CB77F7	Downloads/theory-of-analysis-numbers.tex	L633-L637	SOLUTION		IMP-DL-3CA1CB77F7-P004	LINKED_SAME_FILE
IMP-DL-3CA1CB77F7-S011	IMP-DL-3CA1CB77F7	Downloads/theory-of-analysis-numbers.tex	L681-L701	SOLUTION		IMP-DL-3CA1CB77F7-P006	LINKED_SAME_FILE
IMP-DL-3CA1CB77F7-S012	IMP-DL-3CA1CB77F7	Downloads/theory-of-analysis-numbers.tex	L702-L707	SOLUTION			ORPHAN_NEEDS_REVIEW
IMP-DL-3CA1CB77F7-S013	IMP-DL-3CA1CB77F7	Downloads/theory-of-analysis-numbers.tex	L801-L822	SOLUTION		IMP-DL-3CA1CB77F7-P007	LINKED_SAME_FILE
IMP-DL-3CA1CB77F7-S014	IMP-DL-3CA1CB77F7	Downloads/theory-of-analysis-numbers.tex	L840-L884	SOLUTION		IMP-DL-3CA1CB77F7-P008	LINKED_SAME_FILE
IMP-DL-3CA1CB77F7-S015	IMP-DL-3CA1CB77F7	Downloads/theory-of-analysis-numbers.tex	L2800-L2804	SOLUTION		IMP-DL-3CA1CB77F7-P013	LINKED_SAME_FILE
IMP-DL-3CA1CB77F7-S016	IMP-DL-3CA1CB77F7	Downloads/theory-of-analysis-numbers.tex	L4678-L4709	SOLUTION		IMP-DL-3CA1CB77F7-P013	LINKED_SAME_FILE
IMP-DL-3CA1CB77F7-S017	IMP-DL-3CA1CB77F7	Downloads/theory-of-analysis-numbers.tex	L4757-L4796	SOLUTION		IMP-DL-3CA1CB77F7-P013	LINKED_SAME_FILE
IMP-DL-3CA1CB77F7-S018	IMP-DL-3CA1CB77F7	Downloads/theory-of-analysis-numbers.tex	L4827-L4860	SOLUTION		IMP-DL-3CA1CB77F7-P013	LINKED_SAME_FILE
IMP-DL-3CA1CB77F7-S019	IMP-DL-3CA1CB77F7	Downloads/theory-of-analysis-numbers.tex	L4875-L4912	SOLUTION		IMP-DL-3CA1CB77F7-P013	LINKED_SAME_FILE
IMP-DL-3CA1CB77F7-S020	IMP-DL-3CA1CB77F7	Downloads/theory-of-analysis-numbers.tex	L4914-L4945	SOLUTION		IMP-DL-3CA1CB77F7-P013	LINKED_SAME_FILE
IMP-DL-3CA1CB77F7-S021	IMP-DL-3CA1CB77F7	Downloads/theory-of-analysis-numbers.tex	L4960-L4988	SOLUTION		IMP-DL-3CA1CB77F7-P013	LINKED_SAME_FILE
IMP-DL-3CA1CB77F7-S022	IMP-DL-3CA1CB77F7	Downloads/theory-of-analysis-numbers.tex	L5124-L5145	SOLUTION		IMP-DL-3CA1CB77F7-P013	LINKED_SAME_FILE
IMP-DL-3CA1CB77F7-S023	IMP-DL-3CA1CB77F7	Downloads/theory-of-analysis-numbers.tex	L5164-L5210	SOLUTION		IMP-DL-3CA1CB77F7-P013	LINKED_SAME_FILE
IMP-DL-3CA1CB77F7-S024	IMP-DL-3CA1CB77F7	Downloads/theory-of-analysis-numbers.tex	L5416-L5430	SOLUTION		IMP-DL-3CA1CB77F7-P013	LINKED_SAME_FILE
IMP-DL-3CA1CB77F7-S025	IMP-DL-3CA1CB77F7	Downloads/theory-of-analysis-numbers.tex	L5440-L5452	SOLUTION		IMP-DL-3CA1CB77F7-P013	LINKED_SAME_FILE
IMP-DL-117191C0EC-S001	IMP-DL-117191C0EC	Downloads/theory-of-analysis-topics.tex	L133-L165	SOLUTION			ORPHAN_NEEDS_REVIEW
IMP-DL-117191C0EC-S002	IMP-DL-117191C0EC	Downloads/theory-of-analysis-topics.tex	L216-L270	SOLUTION			ORPHAN_NEEDS_REVIEW
IMP-DL-117191C0EC-S003	IMP-DL-117191C0EC	Downloads/theory-of-analysis-topics.tex	L492-L512	SOLUTION		IMP-DL-117191C0EC-P002	LINKED_SAME_FILE
IMP-DL-117191C0EC-S004	IMP-DL-117191C0EC	Downloads/theory-of-analysis-topics.tex	L649-L683	SOLUTION	5	IMP-DL-117191C0EC-P008	LINKED_SAME_FILE
IMP-DL-117191C0EC-S005	IMP-DL-117191C0EC	Downloads/theory-of-analysis-topics.tex	L729-L755	SOLUTION		IMP-DL-117191C0EC-P009	LINKED_SAME_FILE
IMP-DL-117191C0EC-S006	IMP-DL-117191C0EC	Downloads/theory-of-analysis-topics.tex	L866-L885	SOLUTION		IMP-DL-117191C0EC-P010	LINKED_SAME_FILE
IMP-DL-117191C0EC-S007	IMP-DL-117191C0EC	Downloads/theory-of-analysis-topics.tex	L1010-L1035	SOLUTION	8	IMP-DL-117191C0EC-P011	LINKED_SAME_FILE
IMP-DL-117191C0EC-S008	IMP-DL-117191C0EC	Downloads/theory-of-analysis-topics.tex	L1304-L1368	SOLUTION		IMP-DL-117191C0EC-P015	LINKED_SAME_FILE
IMP-DL-117191C0EC-S009	IMP-DL-117191C0EC	Downloads/theory-of-analysis-topics.tex	L1708-L1749	SOLUTION	1	IMP-DL-117191C0EC-P018	LINKED_SAME_FILE
IMP-DL-117191C0EC-S010	IMP-DL-117191C0EC	Downloads/theory-of-analysis-topics.tex	L1938-L1964	SOLUTION		IMP-DL-117191C0EC-P019	LINKED_SAME_FILE
IMP-DL-117191C0EC-S011	IMP-DL-117191C0EC	Downloads/theory-of-analysis-topics.tex	L2049-L2058	SOLUTION		IMP-DL-117191C0EC-P020	LINKED_SAME_FILE
IMP-DL-117191C0EC-S012	IMP-DL-117191C0EC	Downloads/theory-of-analysis-topics.tex	L2088-L2097	SOLUTION		IMP-DL-117191C0EC-P021	LINKED_SAME_FILE
IMP-DL-117191C0EC-S013	IMP-DL-117191C0EC	Downloads/theory-of-analysis-topics.tex	L2344-L2395	SOLUTION		IMP-DL-117191C0EC-P024	LINKED_SAME_FILE
IMP-DL-117191C0EC-S014	IMP-DL-117191C0EC	Downloads/theory-of-analysis-topics.tex	L2588-L2611	SOLUTION	7	IMP-DL-117191C0EC-P025	LINKED_SAME_FILE
IMP-DL-117191C0EC-S015	IMP-DL-117191C0EC	Downloads/theory-of-analysis-topics.tex	L2691-L2723	SOLUTION	9.	IMP-DL-117191C0EC-P026	LINKED_SAME_FILE
IMP-DL-117191C0EC-S016	IMP-DL-117191C0EC	Downloads/theory-of-analysis-topics.tex	L2749-L2824	SOLUTION	11.	IMP-DL-117191C0EC-P027	LINKED_SAME_FILE
IMP-DL-117191C0EC-S017	IMP-DL-117191C0EC	Downloads/theory-of-analysis-topics.tex	L2942-L2950	SOLUTION	12	IMP-DL-117191C0EC-P028	LINKED_SAME_FILE
IMP-DL-117191C0EC-S018	IMP-DL-117191C0EC	Downloads/theory-of-analysis-topics.tex	L2960-L2969	SOLUTION	13	IMP-DL-117191C0EC-P029	LINKED_SAME_FILE
IMP-DL-117191C0EC-S019	IMP-DL-117191C0EC	Downloads/theory-of-analysis-topics.tex	L3009-L3028	SOLUTION		IMP-DL-117191C0EC-P030	LINKED_SAME_FILE
IMP-DL-117191C0EC-S020	IMP-DL-117191C0EC	Downloads/theory-of-analysis-topics.tex	L3082-L3098	SOLUTION		IMP-DL-117191C0EC-P031	LINKED_SAME_FILE
IMP-DL-117191C0EC-S021	IMP-DL-117191C0EC	Downloads/theory-of-analysis-topics.tex	L3643-L3692	SOLUTION	3	IMP-DL-117191C0EC-P034	LINKED_SAME_FILE
IMP-DL-117191C0EC-S022	IMP-DL-117191C0EC	Downloads/theory-of-analysis-topics.tex	L4043-L4067	SOLUTION	4	IMP-DL-117191C0EC-P040	LINKED_SAME_FILE
IMP-DL-117191C0EC-S023	IMP-DL-117191C0EC	Downloads/theory-of-analysis-topics.tex	L4473-L4477	SOLUTION	9	IMP-DL-117191C0EC-P048	LINKED_SAME_FILE
IMP-DL-117191C0EC-S024	IMP-DL-117191C0EC	Downloads/theory-of-analysis-topics.tex	L4635-L4653	SOLUTION	1	IMP-DL-117191C0EC-P053	LINKED_SAME_FILE
IMP-DL-117191C0EC-S025	IMP-DL-117191C0EC	Downloads/theory-of-analysis-topics.tex	L4661-L4666	SOLUTION	2	IMP-DL-117191C0EC-P054	LINKED_SAME_FILE
IMP-DL-117191C0EC-S026	IMP-DL-117191C0EC	Downloads/theory-of-analysis-topics.tex	L4676-L4685	SOLUTION	3	IMP-DL-117191C0EC-P055	LINKED_SAME_FILE
IMP-DL-117191C0EC-S027	IMP-DL-117191C0EC	Downloads/theory-of-analysis-topics.tex	L4787-L4815	SOLUTION		IMP-DL-117191C0EC-P056	LINKED_SAME_FILE
IMP-DL-117191C0EC-S028	IMP-DL-117191C0EC	Downloads/theory-of-analysis-topics.tex	L4821-L4829	SOLUTION	6	IMP-DL-117191C0EC-P057	LINKED_SAME_FILE
IMP-DL-117191C0EC-S029	IMP-DL-117191C0EC	Downloads/theory-of-analysis-topics.tex	L4897-L4913	SOLUTION	8	IMP-DL-117191C0EC-P059	LINKED_SAME_FILE
IMP-DL-117191C0EC-S030	IMP-DL-117191C0EC	Downloads/theory-of-analysis-topics.tex	L4939-L4944	SOLUTION	10	IMP-DL-117191C0EC-P061	LINKED_SAME_FILE
IMP-DL-117191C0EC-S031	IMP-DL-117191C0EC	Downloads/theory-of-analysis-topics.tex	L4950-L4954	SOLUTION	11	IMP-DL-117191C0EC-P062	LINKED_SAME_FILE
IMP-DL-EAE0F59552-S001	IMP-DL-EAE0F59552	Downloads/theory-of-analysis-topology.tex	L114-L124	SOLUTION		IMP-DL-EAE0F59552-P001	LINKED_SAME_FILE
IMP-DL-EAE0F59552-S002	IMP-DL-EAE0F59552	Downloads/theory-of-analysis-topology.tex	L125-L128	SOLUTION			ORPHAN_NEEDS_REVIEW
IMP-DL-EAE0F59552-S003	IMP-DL-EAE0F59552	Downloads/theory-of-analysis-topology.tex	L129-L135	SOLUTION			ORPHAN_NEEDS_REVIEW
IMP-DL-EAE0F59552-S004	IMP-DL-EAE0F59552	Downloads/theory-of-analysis-topology.tex	L154-L163	SOLUTION	2	IMP-DL-EAE0F59552-P002	LINKED_SAME_FILE
IMP-DL-EAE0F59552-S005	IMP-DL-EAE0F59552	Downloads/theory-of-analysis-topology.tex	L677-L702	SOLUTION	10	IMP-DL-EAE0F59552-P013	LINKED_SAME_FILE
IMP-DL-EAE0F59552-S006	IMP-DL-EAE0F59552	Downloads/theory-of-analysis-topology.tex	L1820-L1851	SOLUTION	15	IMP-DL-EAE0F59552-P017	LINKED_SAME_FILE
IMP-DL-EAE0F59552-S007	IMP-DL-EAE0F59552	Downloads/theory-of-analysis-topology.tex	L1877-L1917	SOLUTION	15	IMP-DL-EAE0F59552-P017	LINKED_SAME_FILE
IMP-DL-EAE0F59552-S008	IMP-DL-EAE0F59552	Downloads/theory-of-analysis-topology.tex	L1975-L2029	SOLUTION	15	IMP-DL-EAE0F59552-P017	LINKED_SAME_FILE
IMP-DL-EAE0F59552-S009	IMP-DL-EAE0F59552	Downloads/theory-of-analysis-topology.tex	L2058-L2112	SOLUTION	15	IMP-DL-EAE0F59552-P017	LINKED_SAME_FILE
IMP-DL-EAE0F59552-S010	IMP-DL-EAE0F59552	Downloads/theory-of-analysis-topology.tex	L2136-L2176	SOLUTION	15	IMP-DL-EAE0F59552-P017	LINKED_SAME_FILE
IMP-DL-EAE0F59552-S011	IMP-DL-EAE0F59552	Downloads/theory-of-analysis-topology.tex	L2281-L2337	SOLUTION		IMP-DL-EAE0F59552-P017	LINKED_SAME_FILE
IMP-DL-EAE0F59552-S012	IMP-DL-EAE0F59552	Downloads/theory-of-analysis-topology.tex	L3200-L3287	SOLUTION	17		ORPHAN_NUMBERED_SOLUTION
IMP-DL-E0A96454A5-S001	IMP-DL-E0A96454A5	Downloads/theory-of-analysis.tex	L117-L131	SOLUTION			ORPHAN_NEEDS_REVIEW
IMP-DL-E0A96454A5-S002	IMP-DL-E0A96454A5	Downloads/theory-of-analysis.tex	L150-L182	SOLUTION			ORPHAN_NEEDS_REVIEW
IMP-DL-E0A96454A5-S003	IMP-DL-E0A96454A5	Downloads/theory-of-analysis.tex	L190-L211	SOLUTION			ORPHAN_NEEDS_REVIEW
IMP-DL-E0A96454A5-S004	IMP-DL-E0A96454A5	Downloads/theory-of-analysis.tex	L215-L254	SOLUTION			ORPHAN_NEEDS_REVIEW
IMP-DL-E0A96454A5-S005	IMP-DL-E0A96454A5	Downloads/theory-of-analysis.tex	L262-L290	SOLUTION			ORPHAN_NEEDS_REVIEW
IMP-DL-E0A96454A5-S006	IMP-DL-E0A96454A5	Downloads/theory-of-analysis.tex	L298-L335	SOLUTION			ORPHAN_NEEDS_REVIEW
IMP-DL-E0A96454A5-S007	IMP-DL-E0A96454A5	Downloads/theory-of-analysis.tex	L408-L445	SOLUTION		IMP-DL-E0A96454A5-P001	LINKED_SAME_FILE
IMP-DL-E0A96454A5-S008	IMP-DL-E0A96454A5	Downloads/theory-of-analysis.tex	L507-L537	SOLUTION		IMP-DL-E0A96454A5-P002	LINKED_SAME_FILE
IMP-DL-E0A96454A5-S009	IMP-DL-E0A96454A5	Downloads/theory-of-analysis.tex	L552-L582	SOLUTION		IMP-DL-E0A96454A5-P003	LINKED_SAME_FILE
IMP-DL-E0A96454A5-S010	IMP-DL-E0A96454A5	Downloads/theory-of-analysis.tex	L630-L634	SOLUTION		IMP-DL-E0A96454A5-P004	LINKED_SAME_FILE
IMP-DL-E0A96454A5-S011	IMP-DL-E0A96454A5	Downloads/theory-of-analysis.tex	L678-L698	SOLUTION		IMP-DL-E0A96454A5-P006	LINKED_SAME_FILE
IMP-DL-E0A96454A5-S012	IMP-DL-E0A96454A5	Downloads/theory-of-analysis.tex	L699-L704	SOLUTION			ORPHAN_NEEDS_REVIEW
IMP-DL-E0A96454A5-S013	IMP-DL-E0A96454A5	Downloads/theory-of-analysis.tex	L798-L819	SOLUTION		IMP-DL-E0A96454A5-P007	LINKED_SAME_FILE
IMP-DL-E0A96454A5-S014	IMP-DL-E0A96454A5	Downloads/theory-of-analysis.tex	L837-L881	SOLUTION		IMP-DL-E0A96454A5-P008	LINKED_SAME_FILE
IMP-DL-E0A96454A5-S015	IMP-DL-E0A96454A5	Downloads/theory-of-analysis.tex	L2797-L2801	SOLUTION		IMP-DL-E0A96454A5-P013	LINKED_SAME_FILE
IMP-DL-724FD8B7B1-S001	IMP-DL-724FD8B7B1	Downloads/theory-of-commutative-algebra-1.tex	L354-L405	SOLUTION	1	IMP-DL-724FD8B7B1-P001	LINKED_SAME_FILE
IMP-DL-724FD8B7B1-S002	IMP-DL-724FD8B7B1	Downloads/theory-of-commutative-algebra-1.tex	L414-L444	SOLUTION	2	IMP-DL-724FD8B7B1-P002	LINKED_SAME_FILE
IMP-DL-724FD8B7B1-S003	IMP-DL-724FD8B7B1	Downloads/theory-of-commutative-algebra-1.tex	L552-L578	SOLUTION	4	IMP-DL-724FD8B7B1-P003	LINKED_SAME_FILE
IMP-DL-724FD8B7B1-S004	IMP-DL-724FD8B7B1	Downloads/theory-of-commutative-algebra-1.tex	L584-L590	SOLUTION	5	IMP-DL-724FD8B7B1-P004	LINKED_SAME_FILE
IMP-DL-724FD8B7B1-S005	IMP-DL-724FD8B7B1	Downloads/theory-of-commutative-algebra-1.tex	L603-L636	SOLUTION	6	IMP-DL-724FD8B7B1-P005	LINKED_SAME_FILE
IMP-DL-724FD8B7B1-S006	IMP-DL-724FD8B7B1	Downloads/theory-of-commutative-algebra-1.tex	L646-L658	SOLUTION	7	IMP-DL-724FD8B7B1-P006	LINKED_SAME_FILE
IMP-DL-724FD8B7B1-S007	IMP-DL-724FD8B7B1	Downloads/theory-of-commutative-algebra-1.tex	L931-L1062	SOLUTION	8	IMP-DL-724FD8B7B1-P007	LINKED_SAME_FILE
IMP-DL-724FD8B7B1-S008	IMP-DL-724FD8B7B1	Downloads/theory-of-commutative-algebra-1.tex	L1680-L1785	SOLUTION	9	IMP-DL-724FD8B7B1-P008	LINKED_SAME_FILE
IMP-DL-724FD8B7B1-S009	IMP-DL-724FD8B7B1	Downloads/theory-of-commutative-algebra-1.tex	L1845-L2085	SOLUTION	10	IMP-DL-724FD8B7B1-P009	LINKED_SAME_FILE
IMP-DL-724FD8B7B1-S010	IMP-DL-724FD8B7B1	Downloads/theory-of-commutative-algebra-1.tex	L2127-L2477	SOLUTION	11	IMP-DL-724FD8B7B1-P010	LINKED_SAME_FILE
IMP-DL-724FD8B7B1-S011	IMP-DL-724FD8B7B1	Downloads/theory-of-commutative-algebra-1.tex	L2944-L3093	SOLUTION		IMP-DL-724FD8B7B1-P011	LINKED_SAME_FILE
IMP-DL-724FD8B7B1-S012	IMP-DL-724FD8B7B1	Downloads/theory-of-commutative-algebra-1.tex	L3121-L3279	SOLUTION		IMP-DL-724FD8B7B1-P012	LINKED_SAME_FILE
IMP-DL-724FD8B7B1-S013	IMP-DL-724FD8B7B1	Downloads/theory-of-commutative-algebra-1.tex	L3289-L3361	SOLUTION	2	IMP-DL-724FD8B7B1-P013	LINKED_SAME_FILE
IMP-DL-724FD8B7B1-S014	IMP-DL-724FD8B7B1	Downloads/theory-of-commutative-algebra-1.tex	L3405-L3520	SOLUTION	3	IMP-DL-724FD8B7B1-P014	LINKED_SAME_FILE
IMP-DL-724FD8B7B1-S015	IMP-DL-724FD8B7B1	Downloads/theory-of-commutative-algebra-1.tex	L3547-L3659	SOLUTION	4	IMP-DL-724FD8B7B1-P015	LINKED_SAME_FILE
IMP-DL-CAA415139D-S001	IMP-DL-CAA415139D	Downloads/theory-of-commutative-algebra-10.tex	L1064-L1065	SOLUTION	.	IMP-DL-CAA415139D-P031	LINKED_SAME_FILE
IMP-DL-CAA415139D-S002	IMP-DL-CAA415139D	Downloads/theory-of-commutative-algebra-10.tex	L2395-L2398	SOLUTION			ORPHAN_NEEDS_REVIEW
IMP-DL-CAA415139D-S003	IMP-DL-CAA415139D	Downloads/theory-of-commutative-algebra-10.tex	L2520-L2566	SOLUTION			ORPHAN_NEEDS_REVIEW
IMP-DL-CAA415139D-S004	IMP-DL-CAA415139D	Downloads/theory-of-commutative-algebra-10.tex	L2603-L2652	SOLUTION			ORPHAN_NEEDS_REVIEW
IMP-DL-CAA415139D-S005	IMP-DL-CAA415139D	Downloads/theory-of-commutative-algebra-10.tex	L3256-L3279	SOLUTION			ORPHAN_NEEDS_REVIEW
IMP-DL-CAA415139D-S006	IMP-DL-CAA415139D	Downloads/theory-of-commutative-algebra-10.tex	L3310-L3347	SOLUTION			ORPHAN_NEEDS_REVIEW
IMP-DL-CAA415139D-S007	IMP-DL-CAA415139D	Downloads/theory-of-commutative-algebra-10.tex	L3370-L3376	SOLUTION			ORPHAN_NEEDS_REVIEW
IMP-DL-CAA415139D-S008	IMP-DL-CAA415139D	Downloads/theory-of-commutative-algebra-10.tex	L3383-L3385	SOLUTION			ORPHAN_NEEDS_REVIEW
IMP-DL-CAA415139D-S009	IMP-DL-CAA415139D	Downloads/theory-of-commutative-algebra-10.tex	L3507-L3541	SOLUTION			ORPHAN_NEEDS_REVIEW
IMP-DL-CAA415139D-S010	IMP-DL-CAA415139D	Downloads/theory-of-commutative-algebra-10.tex	L3853-L3888	SOLUTION			ORPHAN_NEEDS_REVIEW
IMP-DL-CAA415139D-S011	IMP-DL-CAA415139D	Downloads/theory-of-commutative-algebra-10.tex	L3981-L4080	SOLUTION			ORPHAN_NEEDS_REVIEW
IMP-DL-CAA415139D-S012	IMP-DL-CAA415139D	Downloads/theory-of-commutative-algebra-10.tex	L4524-L4648	SOLUTION			ORPHAN_NEEDS_REVIEW
IMP-DL-B7B63B4C41-S001	IMP-DL-B7B63B4C41	Downloads/theory-of-commutative-algebra-12.tex	L1185-L1213	SOLUTION			ORPHAN_NEEDS_REVIEW
IMP-DL-B7B63B4C41-S002	IMP-DL-B7B63B4C41	Downloads/theory-of-commutative-algebra-12.tex	L2775-L2798	SOLUTION			ORPHAN_NEEDS_REVIEW
IMP-DL-B7B63B4C41-S003	IMP-DL-B7B63B4C41	Downloads/theory-of-commutative-algebra-12.tex	L3426-L3453	SOLUTION		IMP-DL-B7B63B4C41-P009	LINKED_SAME_FILE
IMP-DL-B7B63B4C41-S004	IMP-DL-B7B63B4C41	Downloads/theory-of-commutative-algebra-12.tex	L4283-L4308	SOLUTION			ORPHAN_NEEDS_REVIEW
IMP-DL-38CE6DEB56-S001	IMP-DL-38CE6DEB56	Downloads/theory-of-commutative-algebra-14.tex	L2684-L2711	SOLUTION	1	IMP-DL-38CE6DEB56-P033	LINKED_SAME_FILE
IMP-DL-38CE6DEB56-S002	IMP-DL-38CE6DEB56	Downloads/theory-of-commutative-algebra-14.tex	L2725-L2752	SOLUTION	2	IMP-DL-38CE6DEB56-P034	LINKED_SAME_FILE
IMP-DL-38CE6DEB56-S003	IMP-DL-38CE6DEB56	Downloads/theory-of-commutative-algebra-14.tex	L2766-L2797	SOLUTION	3	IMP-DL-38CE6DEB56-P035	LINKED_SAME_FILE
IMP-DL-38CE6DEB56-S004	IMP-DL-38CE6DEB56	Downloads/theory-of-commutative-algebra-14.tex	L2809-L2823	SOLUTION	4	IMP-DL-38CE6DEB56-P036	LINKED_SAME_FILE
IMP-DL-38CE6DEB56-S005	IMP-DL-38CE6DEB56	Downloads/theory-of-commutative-algebra-14.tex	L2835-L2849	SOLUTION	5	IMP-DL-38CE6DEB56-P037	LINKED_SAME_FILE
IMP-DL-38CE6DEB56-S006	IMP-DL-38CE6DEB56	Downloads/theory-of-commutative-algebra-14.tex	L2861-L2875	SOLUTION	6	IMP-DL-38CE6DEB56-P038	LINKED_SAME_FILE
IMP-DL-38CE6DEB56-S007	IMP-DL-38CE6DEB56	Downloads/theory-of-commutative-algebra-14.tex	L2889-L2912	SOLUTION	7	IMP-DL-38CE6DEB56-P039	LINKED_SAME_FILE
IMP-DL-38CE6DEB56-S008	IMP-DL-38CE6DEB56	Downloads/theory-of-commutative-algebra-14.tex	L2928-L2959	SOLUTION	8	IMP-DL-38CE6DEB56-P040	LINKED_SAME_FILE
IMP-DL-38CE6DEB56-S009	IMP-DL-38CE6DEB56	Downloads/theory-of-commutative-algebra-14.tex	L2973-L2996	SOLUTION	9	IMP-DL-38CE6DEB56-P041	LINKED_SAME_FILE
IMP-DL-38CE6DEB56-S010	IMP-DL-38CE6DEB56	Downloads/theory-of-commutative-algebra-14.tex	L3008-L3022	SOLUTION	10	IMP-DL-38CE6DEB56-P042	LINKED_SAME_FILE
IMP-DL-38CE6DEB56-S011	IMP-DL-38CE6DEB56	Downloads/theory-of-commutative-algebra-14.tex	L3036-L3059	SOLUTION	11	IMP-DL-38CE6DEB56-P043	LINKED_SAME_FILE
IMP-DL-38CE6DEB56-S012	IMP-DL-38CE6DEB56	Downloads/theory-of-commutative-algebra-14.tex	L3075-L3108	SOLUTION	12	IMP-DL-38CE6DEB56-P044	LINKED_SAME_FILE
IMP-DL-38CE6DEB56-S013	IMP-DL-38CE6DEB56	Downloads/theory-of-commutative-algebra-14.tex	L3120-L3134	SOLUTION	13	IMP-DL-38CE6DEB56-P045	LINKED_SAME_FILE
IMP-DL-38CE6DEB56-S014	IMP-DL-38CE6DEB56	Downloads/theory-of-commutative-algebra-14.tex	L3146-L3164	SOLUTION	14	IMP-DL-38CE6DEB56-P046	LINKED_SAME_FILE
IMP-DL-38CE6DEB56-S015	IMP-DL-38CE6DEB56	Downloads/theory-of-commutative-algebra-14.tex	L3178-L3200	SOLUTION	15	IMP-DL-38CE6DEB56-P047	LINKED_SAME_FILE
IMP-DL-38CE6DEB56-S016	IMP-DL-38CE6DEB56	Downloads/theory-of-commutative-algebra-14.tex	L3218-L3245	SOLUTION	16	IMP-DL-38CE6DEB56-P048	LINKED_SAME_FILE
IMP-DL-38CE6DEB56-S017	IMP-DL-38CE6DEB56	Downloads/theory-of-commutative-algebra-14.tex	L3267-L3297	SOLUTION	17	IMP-DL-38CE6DEB56-P049	LINKED_SAME_FILE
IMP-DL-38CE6DEB56-S018	IMP-DL-38CE6DEB56	Downloads/theory-of-commutative-algebra-14.tex	L3315-L3343	SOLUTION	18	IMP-DL-38CE6DEB56-P050	LINKED_SAME_FILE
IMP-DL-3190BA882C-S001	IMP-DL-3190BA882C	Downloads/theory-of-commutative-algebra-15.tex	L898-L904	SOLUTION	1	IMP-DL-3190BA882C-P027	LINKED_SAME_FILE
IMP-DL-3190BA882C-S002	IMP-DL-3190BA882C	Downloads/theory-of-commutative-algebra-15.tex	L908-L914	SOLUTION	2	IMP-DL-3190BA882C-P028	LINKED_SAME_FILE
IMP-DL-3190BA882C-S003	IMP-DL-3190BA882C	Downloads/theory-of-commutative-algebra-15.tex	L918-L930	SOLUTION	3	IMP-DL-3190BA882C-P029	LINKED_SAME_FILE
IMP-DL-3190BA882C-S004	IMP-DL-3190BA882C	Downloads/theory-of-commutative-algebra-15.tex	L934-L944	SOLUTION	4	IMP-DL-3190BA882C-P030	LINKED_SAME_FILE
IMP-DL-3190BA882C-S005	IMP-DL-3190BA882C	Downloads/theory-of-commutative-algebra-15.tex	L948-L953	SOLUTION	5	IMP-DL-3190BA882C-P031	LINKED_SAME_FILE
IMP-DL-3190BA882C-S006	IMP-DL-3190BA882C	Downloads/theory-of-commutative-algebra-15.tex	L957-L963	SOLUTION	6	IMP-DL-3190BA882C-P032	LINKED_SAME_FILE
IMP-DL-BE207BDF11-S001	IMP-DL-BE207BDF11	Downloads/theory-of-commutative-algebra-1s.tex	L833-L964	SOLUTION	5	IMP-DL-BE207BDF11-P001	LINKED_SAME_FILE
IMP-DL-BE207BDF11-S002	IMP-DL-BE207BDF11	Downloads/theory-of-commutative-algebra-1s.tex	L965-L1052	SOLUTION	5	IMP-DL-BE207BDF11-P001	LINKED_SAME_FILE
IMP-DL-BE207BDF11-S003	IMP-DL-BE207BDF11	Downloads/theory-of-commutative-algebra-1s.tex	L1063-L1116	SOLUTION	7	IMP-DL-BE207BDF11-P002	LINKED_SAME_FILE
IMP-DL-ACE5A65961-S001	IMP-DL-ACE5A65961	Downloads/theory-of-commutative-algebra-2.tex	L833-L964	SOLUTION	5	IMP-DL-ACE5A65961-P001	LINKED_SAME_FILE
IMP-DL-ACE5A65961-S002	IMP-DL-ACE5A65961	Downloads/theory-of-commutative-algebra-2.tex	L965-L1052	SOLUTION	5	IMP-DL-ACE5A65961-P001	LINKED_SAME_FILE
IMP-DL-ACE5A65961-S003	IMP-DL-ACE5A65961	Downloads/theory-of-commutative-algebra-2.tex	L1063-L1115	SOLUTION	7	IMP-DL-ACE5A65961-P002	LINKED_SAME_FILE
IMP-DL-ACE5A65961-S004	IMP-DL-ACE5A65961	Downloads/theory-of-commutative-algebra-2.tex	L2058-L2231	SOLUTION	8	IMP-DL-ACE5A65961-P003	LINKED_SAME_FILE
IMP-DL-ACE5A65961-S005	IMP-DL-ACE5A65961	Downloads/theory-of-commutative-algebra-2.tex	L2240-L2338	SOLUTION	9	IMP-DL-ACE5A65961-P004	LINKED_SAME_FILE
IMP-DL-ACE5A65961-S006	IMP-DL-ACE5A65961	Downloads/theory-of-commutative-algebra-2.tex	L3125-L3212	SOLUTION	1	IMP-DL-ACE5A65961-P005	LINKED_SAME_FILE
IMP-DL-ACE5A65961-S007	IMP-DL-ACE5A65961	Downloads/theory-of-commutative-algebra-2.tex	L3223-L3301	SOLUTION	2	IMP-DL-ACE5A65961-P006	LINKED_SAME_FILE
IMP-DL-ACE5A65961-S008	IMP-DL-ACE5A65961	Downloads/theory-of-commutative-algebra-2.tex	L3318-L3376	SOLUTION	3	IMP-DL-ACE5A65961-P007	LINKED_SAME_FILE
IMP-DL-ACE5A65961-S009	IMP-DL-ACE5A65961	Downloads/theory-of-commutative-algebra-2.tex	L3391-L3450	SOLUTION	4	IMP-DL-ACE5A65961-P008	LINKED_SAME_FILE
IMP-DL-ACE5A65961-S010	IMP-DL-ACE5A65961	Downloads/theory-of-commutative-algebra-2.tex	L3475-L3578	SOLUTION	5	IMP-DL-ACE5A65961-P009	LINKED_SAME_FILE
IMP-DL-FD5C2608DA-S001	IMP-DL-FD5C2608DA	Downloads/theory-of-commutative-algebra-3.tex	L993-L1068	SOLUTION	6	IMP-DL-FD5C2608DA-P003	LINKED_SAME_FILE
IMP-DL-FD5C2608DA-S002	IMP-DL-FD5C2608DA	Downloads/theory-of-commutative-algebra-3.tex	L1095-L1252	SOLUTION	7	IMP-DL-FD5C2608DA-P004	LINKED_SAME_FILE
IMP-DL-FD5C2608DA-S003	IMP-DL-FD5C2608DA	Downloads/theory-of-commutative-algebra-3.tex	L1305-L1506	SOLUTION	8	IMP-DL-FD5C2608DA-P005	LINKED_SAME_FILE
IMP-DL-FD5C2608DA-S004	IMP-DL-FD5C2608DA	Downloads/theory-of-commutative-algebra-3.tex	L1566-L1796	SOLUTION	9	IMP-DL-FD5C2608DA-P006	LINKED_SAME_FILE
IMP-DL-535B6F59C6-S001	IMP-DL-535B6F59C6	Downloads/theory-of-commutative-algebra-4.tex	L374-L525	SOLUTION	10	IMP-DL-535B6F59C6-P001	LINKED_SAME_FILE
IMP-DL-535B6F59C6-S002	IMP-DL-535B6F59C6	Downloads/theory-of-commutative-algebra-4.tex	L559-L692	SOLUTION	11	IMP-DL-535B6F59C6-P002	LINKED_SAME_FILE
IMP-DL-535B6F59C6-S003	IMP-DL-535B6F59C6	Downloads/theory-of-commutative-algebra-4.tex	L708-L766	SOLUTION	12(a)	IMP-DL-535B6F59C6-P003	LINKED_SAME_FILE
IMP-DL-535B6F59C6-S004	IMP-DL-535B6F59C6	Downloads/theory-of-commutative-algebra-4.tex	L788-L834	SOLUTION	12(b)	IMP-DL-535B6F59C6-P004	LINKED_SAME_FILE
IMP-DL-3C59D9EE8B-S001	IMP-DL-3C59D9EE8B	Downloads/theory-of-commutative-algebra-5-professional-v2.tex	L73-L149	SOLUTION			ORPHAN_NEEDS_REVIEW
IMP-DL-3C59D9EE8B-S002	IMP-DL-3C59D9EE8B	Downloads/theory-of-commutative-algebra-5-professional-v2.tex	L155-L194	SOLUTION			ORPHAN_NEEDS_REVIEW
IMP-DL-3C59D9EE8B-S003	IMP-DL-3C59D9EE8B	Downloads/theory-of-commutative-algebra-5-professional-v2.tex	L195-L241	SOLUTION			ORPHAN_NEEDS_REVIEW
IMP-DL-3C59D9EE8B-S004	IMP-DL-3C59D9EE8B	Downloads/theory-of-commutative-algebra-5-professional-v2.tex	L251-L301	SOLUTION	3	IMP-DL-3C59D9EE8B-P001	LINKED_SAME_FILE
IMP-DL-3C59D9EE8B-S005	IMP-DL-3C59D9EE8B	Downloads/theory-of-commutative-algebra-5-professional-v2.tex	L322-L339	SOLUTION	4	IMP-DL-3C59D9EE8B-P002	LINKED_SAME_FILE
IMP-DL-3C59D9EE8B-S006	IMP-DL-3C59D9EE8B	Downloads/theory-of-commutative-algebra-5-professional-v2.tex	L348-L415	SOLUTION	4	IMP-DL-3C59D9EE8B-P002	LINKED_SAME_FILE
IMP-DL-3C59D9EE8B-S007	IMP-DL-3C59D9EE8B	Downloads/theory-of-commutative-algebra-5-professional-v2.tex	L427-L547	SOLUTION	5	IMP-DL-3C59D9EE8B-P003	LINKED_SAME_FILE
IMP-DL-3C59D9EE8B-S008	IMP-DL-3C59D9EE8B	Downloads/theory-of-commutative-algebra-5-professional-v2.tex	L577-L687	SOLUTION	6	IMP-DL-3C59D9EE8B-P004	LINKED_SAME_FILE
IMP-DL-3C59D9EE8B-S009	IMP-DL-3C59D9EE8B	Downloads/theory-of-commutative-algebra-5-professional-v2.tex	L718-L852	SOLUTION	7	IMP-DL-3C59D9EE8B-P005	LINKED_SAME_FILE
IMP-DL-3C59D9EE8B-S010	IMP-DL-3C59D9EE8B	Downloads/theory-of-commutative-algebra-5-professional-v2.tex	L883-L1010	SOLUTION	8	IMP-DL-3C59D9EE8B-P006	LINKED_SAME_FILE
IMP-DL-3C59D9EE8B-S011	IMP-DL-3C59D9EE8B	Downloads/theory-of-commutative-algebra-5-professional-v2.tex	L1011-L1117	SOLUTION	8	IMP-DL-3C59D9EE8B-P006	LINKED_SAME_FILE
IMP-DL-3C59D9EE8B-S012	IMP-DL-3C59D9EE8B	Downloads/theory-of-commutative-algebra-5-professional-v2.tex	L1123-L1213	SOLUTION	10	IMP-DL-3C59D9EE8B-P007	LINKED_SAME_FILE
IMP-DL-3C59D9EE8B-S013	IMP-DL-3C59D9EE8B	Downloads/theory-of-commutative-algebra-5-professional-v2.tex	L2186-L2269	SOLUTION	11	IMP-DL-3C59D9EE8B-P088	LINKED_SAME_FILE
IMP-DL-3C59D9EE8B-S014	IMP-DL-3C59D9EE8B	Downloads/theory-of-commutative-algebra-5-professional-v2.tex	L2270-L2530	SOLUTION	11	IMP-DL-3C59D9EE8B-P088	LINKED_SAME_FILE
IMP-DL-3C59D9EE8B-S015	IMP-DL-3C59D9EE8B	Downloads/theory-of-commutative-algebra-5-professional-v2.tex	L2552-L2656	SOLUTION	13	IMP-DL-3C59D9EE8B-P089	LINKED_SAME_FILE
IMP-DL-3C59D9EE8B-S016	IMP-DL-3C59D9EE8B	Downloads/theory-of-commutative-algebra-5-professional-v2.tex	L2675-L2797	SOLUTION	14(a)	IMP-DL-3C59D9EE8B-P090	LINKED_SAME_FILE
IMP-DL-3C59D9EE8B-S017	IMP-DL-3C59D9EE8B	Downloads/theory-of-commutative-algebra-5-professional-v2.tex	L2807-L2920	SOLUTION	14(b)	IMP-DL-3C59D9EE8B-P091	LINKED_SAME_FILE
IMP-DL-3C59D9EE8B-S018	IMP-DL-3C59D9EE8B	Downloads/theory-of-commutative-algebra-5-professional-v2.tex	L2921-L2986	SOLUTION	14(b)	IMP-DL-3C59D9EE8B-P091	LINKED_SAME_FILE
IMP-DL-3C59D9EE8B-S019	IMP-DL-3C59D9EE8B	Downloads/theory-of-commutative-algebra-5-professional-v2.tex	L3006-L3153	SOLUTION	15	IMP-DL-3C59D9EE8B-P092	LINKED_SAME_FILE
IMP-DL-3C59D9EE8B-S020	IMP-DL-3C59D9EE8B	Downloads/theory-of-commutative-algebra-5-professional-v2.tex	L3154-L3247	SOLUTION	15	IMP-DL-3C59D9EE8B-P092	LINKED_SAME_FILE
IMP-DL-3C59D9EE8B-S021	IMP-DL-3C59D9EE8B	Downloads/theory-of-commutative-algebra-5-professional-v2.tex	L3260-L3459	SOLUTION	17	IMP-DL-3C59D9EE8B-P093	LINKED_SAME_FILE
IMP-DL-40E9B7EE44-S001	IMP-DL-40E9B7EE44	Downloads/theory-of-commutative-algebra-5-professional.tex	L75-L151	SOLUTION			ORPHAN_NEEDS_REVIEW
IMP-DL-40E9B7EE44-S002	IMP-DL-40E9B7EE44	Downloads/theory-of-commutative-algebra-5-professional.tex	L157-L196	SOLUTION			ORPHAN_NEEDS_REVIEW
IMP-DL-40E9B7EE44-S003	IMP-DL-40E9B7EE44	Downloads/theory-of-commutative-algebra-5-professional.tex	L197-L243	SOLUTION			ORPHAN_NEEDS_REVIEW
IMP-DL-40E9B7EE44-S004	IMP-DL-40E9B7EE44	Downloads/theory-of-commutative-algebra-5-professional.tex	L253-L303	SOLUTION	3	IMP-DL-40E9B7EE44-P001	LINKED_SAME_FILE
IMP-DL-40E9B7EE44-S005	IMP-DL-40E9B7EE44	Downloads/theory-of-commutative-algebra-5-professional.tex	L324-L341	SOLUTION	4	IMP-DL-40E9B7EE44-P002	LINKED_SAME_FILE
IMP-DL-40E9B7EE44-S006	IMP-DL-40E9B7EE44	Downloads/theory-of-commutative-algebra-5-professional.tex	L350-L417	SOLUTION	4	IMP-DL-40E9B7EE44-P002	LINKED_SAME_FILE
IMP-DL-40E9B7EE44-S007	IMP-DL-40E9B7EE44	Downloads/theory-of-commutative-algebra-5-professional.tex	L429-L549	SOLUTION	5	IMP-DL-40E9B7EE44-P003	LINKED_SAME_FILE
IMP-DL-40E9B7EE44-S008	IMP-DL-40E9B7EE44	Downloads/theory-of-commutative-algebra-5-professional.tex	L579-L689	SOLUTION	6	IMP-DL-40E9B7EE44-P004	LINKED_SAME_FILE
IMP-DL-40E9B7EE44-S009	IMP-DL-40E9B7EE44	Downloads/theory-of-commutative-algebra-5-professional.tex	L720-L854	SOLUTION	7	IMP-DL-40E9B7EE44-P005	LINKED_SAME_FILE
IMP-DL-40E9B7EE44-S010	IMP-DL-40E9B7EE44	Downloads/theory-of-commutative-algebra-5-professional.tex	L885-L1012	SOLUTION	8	IMP-DL-40E9B7EE44-P006	LINKED_SAME_FILE
IMP-DL-40E9B7EE44-S011	IMP-DL-40E9B7EE44	Downloads/theory-of-commutative-algebra-5-professional.tex	L1013-L1119	SOLUTION	8	IMP-DL-40E9B7EE44-P006	LINKED_SAME_FILE
IMP-DL-40E9B7EE44-S012	IMP-DL-40E9B7EE44	Downloads/theory-of-commutative-algebra-5-professional.tex	L1125-L1217	SOLUTION	10	IMP-DL-40E9B7EE44-P007	LINKED_SAME_FILE
IMP-DL-40E9B7EE44-S013	IMP-DL-40E9B7EE44	Downloads/theory-of-commutative-algebra-5-professional.tex	L2188-L2271	SOLUTION	11	IMP-DL-40E9B7EE44-P008	LINKED_SAME_FILE
IMP-DL-40E9B7EE44-S014	IMP-DL-40E9B7EE44	Downloads/theory-of-commutative-algebra-5-professional.tex	L2272-L2532	SOLUTION	11	IMP-DL-40E9B7EE44-P008	LINKED_SAME_FILE
IMP-DL-40E9B7EE44-S015	IMP-DL-40E9B7EE44	Downloads/theory-of-commutative-algebra-5-professional.tex	L2554-L2658	SOLUTION	13	IMP-DL-40E9B7EE44-P009	LINKED_SAME_FILE
IMP-DL-40E9B7EE44-S016	IMP-DL-40E9B7EE44	Downloads/theory-of-commutative-algebra-5-professional.tex	L2677-L2799	SOLUTION	14(a)	IMP-DL-40E9B7EE44-P010	LINKED_SAME_FILE
IMP-DL-40E9B7EE44-S017	IMP-DL-40E9B7EE44	Downloads/theory-of-commutative-algebra-5-professional.tex	L2809-L2922	SOLUTION	14(b)	IMP-DL-40E9B7EE44-P011	LINKED_SAME_FILE
IMP-DL-40E9B7EE44-S018	IMP-DL-40E9B7EE44	Downloads/theory-of-commutative-algebra-5-professional.tex	L2923-L2988	SOLUTION	14(b)	IMP-DL-40E9B7EE44-P011	LINKED_SAME_FILE
IMP-DL-40E9B7EE44-S019	IMP-DL-40E9B7EE44	Downloads/theory-of-commutative-algebra-5-professional.tex	L3008-L3155	SOLUTION	15	IMP-DL-40E9B7EE44-P012	LINKED_SAME_FILE
IMP-DL-40E9B7EE44-S020	IMP-DL-40E9B7EE44	Downloads/theory-of-commutative-algebra-5-professional.tex	L3156-L3249	SOLUTION	15	IMP-DL-40E9B7EE44-P012	LINKED_SAME_FILE
IMP-DL-40E9B7EE44-S021	IMP-DL-40E9B7EE44	Downloads/theory-of-commutative-algebra-5-professional.tex	L3262-L3463	SOLUTION	17	IMP-DL-40E9B7EE44-P013	LINKED_SAME_FILE
IMP-DL-E1F1BB4192-S001	IMP-DL-E1F1BB4192	Downloads/theory-of-commutative-algebra-5.tex	L345-L421	SOLUTION			ORPHAN_NEEDS_REVIEW
IMP-DL-E1F1BB4192-S002	IMP-DL-E1F1BB4192	Downloads/theory-of-commutative-algebra-5.tex	L427-L466	SOLUTION			ORPHAN_NEEDS_REVIEW
IMP-DL-E1F1BB4192-S003	IMP-DL-E1F1BB4192	Downloads/theory-of-commutative-algebra-5.tex	L467-L513	SOLUTION			ORPHAN_NEEDS_REVIEW
IMP-DL-E1F1BB4192-S004	IMP-DL-E1F1BB4192	Downloads/theory-of-commutative-algebra-5.tex	L523-L573	SOLUTION	3	IMP-DL-E1F1BB4192-P001	LINKED_SAME_FILE
IMP-DL-E1F1BB4192-S005	IMP-DL-E1F1BB4192	Downloads/theory-of-commutative-algebra-5.tex	L594-L611	SOLUTION	4	IMP-DL-E1F1BB4192-P002	LINKED_SAME_FILE
IMP-DL-E1F1BB4192-S006	IMP-DL-E1F1BB4192	Downloads/theory-of-commutative-algebra-5.tex	L620-L687	SOLUTION	4	IMP-DL-E1F1BB4192-P002	LINKED_SAME_FILE
IMP-DL-E1F1BB4192-S007	IMP-DL-E1F1BB4192	Downloads/theory-of-commutative-algebra-5.tex	L699-L819	SOLUTION	5	IMP-DL-E1F1BB4192-P003	LINKED_SAME_FILE
IMP-DL-E1F1BB4192-S008	IMP-DL-E1F1BB4192	Downloads/theory-of-commutative-algebra-5.tex	L849-L959	SOLUTION	6	IMP-DL-E1F1BB4192-P004	LINKED_SAME_FILE
IMP-DL-E1F1BB4192-S009	IMP-DL-E1F1BB4192	Downloads/theory-of-commutative-algebra-5.tex	L990-L1124	SOLUTION	7	IMP-DL-E1F1BB4192-P005	LINKED_SAME_FILE
IMP-DL-E1F1BB4192-S010	IMP-DL-E1F1BB4192	Downloads/theory-of-commutative-algebra-5.tex	L1155-L1282	SOLUTION	8	IMP-DL-E1F1BB4192-P006	LINKED_SAME_FILE
IMP-DL-E1F1BB4192-S011	IMP-DL-E1F1BB4192	Downloads/theory-of-commutative-algebra-5.tex	L1283-L1389	SOLUTION	8	IMP-DL-E1F1BB4192-P006	LINKED_SAME_FILE
IMP-DL-E1F1BB4192-S012	IMP-DL-E1F1BB4192	Downloads/theory-of-commutative-algebra-5.tex	L1395-L1485	SOLUTION	10	IMP-DL-E1F1BB4192-P007	LINKED_SAME_FILE
IMP-DL-E1F1BB4192-S013	IMP-DL-E1F1BB4192	Downloads/theory-of-commutative-algebra-5.tex	L3412-L3495	SOLUTION	11	IMP-DL-E1F1BB4192-P008	LINKED_SAME_FILE
IMP-DL-E1F1BB4192-S014	IMP-DL-E1F1BB4192	Downloads/theory-of-commutative-algebra-5.tex	L3496-L3756	SOLUTION	11	IMP-DL-E1F1BB4192-P008	LINKED_SAME_FILE
IMP-DL-E1F1BB4192-S015	IMP-DL-E1F1BB4192	Downloads/theory-of-commutative-algebra-5.tex	L3778-L3882	SOLUTION	13	IMP-DL-E1F1BB4192-P009	LINKED_SAME_FILE
IMP-DL-E1F1BB4192-S016	IMP-DL-E1F1BB4192	Downloads/theory-of-commutative-algebra-5.tex	L3892-L4005	SOLUTION	14(b)	IMP-DL-E1F1BB4192-P010	LINKED_SAME_FILE
IMP-DL-E1F1BB4192-S017	IMP-DL-E1F1BB4192	Downloads/theory-of-commutative-algebra-5.tex	L4006-L4071	SOLUTION	14(b)	IMP-DL-E1F1BB4192-P010	LINKED_SAME_FILE
IMP-DL-E1F1BB4192-S018	IMP-DL-E1F1BB4192	Downloads/theory-of-commutative-algebra-5.tex	L4091-L4238	SOLUTION	15	IMP-DL-E1F1BB4192-P011	LINKED_SAME_FILE
IMP-DL-E1F1BB4192-S019	IMP-DL-E1F1BB4192	Downloads/theory-of-commutative-algebra-5.tex	L4239-L4332	SOLUTION	15	IMP-DL-E1F1BB4192-P011	LINKED_SAME_FILE
IMP-DL-E1F1BB4192-S020	IMP-DL-E1F1BB4192	Downloads/theory-of-commutative-algebra-5.tex	L4345-L4544	SOLUTION	17	IMP-DL-E1F1BB4192-P012	LINKED_SAME_FILE
IMP-DL-1068DBED71-S001	IMP-DL-1068DBED71	Downloads/theory-of-commutative-algebra-9.tex	L1064-L1065	SOLUTION	.	IMP-DL-1068DBED71-P031	LINKED_SAME_FILE
IMP-DL-1068DBED71-S002	IMP-DL-1068DBED71	Downloads/theory-of-commutative-algebra-9.tex	L2395-L2398	SOLUTION			ORPHAN_NEEDS_REVIEW
IMP-DL-1068DBED71-S003	IMP-DL-1068DBED71	Downloads/theory-of-commutative-algebra-9.tex	L2520-L2566	SOLUTION			ORPHAN_NEEDS_REVIEW
IMP-DL-1068DBED71-S004	IMP-DL-1068DBED71	Downloads/theory-of-commutative-algebra-9.tex	L2603-L2652	SOLUTION			ORPHAN_NEEDS_REVIEW
IMP-DL-1068DBED71-S005	IMP-DL-1068DBED71	Downloads/theory-of-commutative-algebra-9.tex	L3256-L3279	SOLUTION			ORPHAN_NEEDS_REVIEW
IMP-DL-1068DBED71-S006	IMP-DL-1068DBED71	Downloads/theory-of-commutative-algebra-9.tex	L3310-L3347	SOLUTION			ORPHAN_NEEDS_REVIEW
IMP-DL-1068DBED71-S007	IMP-DL-1068DBED71	Downloads/theory-of-commutative-algebra-9.tex	L3370-L3376	SOLUTION			ORPHAN_NEEDS_REVIEW
IMP-DL-1068DBED71-S008	IMP-DL-1068DBED71	Downloads/theory-of-commutative-algebra-9.tex	L3383-L3385	SOLUTION			ORPHAN_NEEDS_REVIEW
IMP-DL-1068DBED71-S009	IMP-DL-1068DBED71	Downloads/theory-of-commutative-algebra-9.tex	L3507-L3541	SOLUTION			ORPHAN_NEEDS_REVIEW
IMP-DL-1068DBED71-S010	IMP-DL-1068DBED71	Downloads/theory-of-commutative-algebra-9.tex	L3853-L3888	SOLUTION			ORPHAN_NEEDS_REVIEW
IMP-DL-1068DBED71-S011	IMP-DL-1068DBED71	Downloads/theory-of-commutative-algebra-9.tex	L3981-L4080	SOLUTION			ORPHAN_NEEDS_REVIEW
IMP-DL-1068DBED71-S012	IMP-DL-1068DBED71	Downloads/theory-of-commutative-algebra-9.tex	L4524-L4648	SOLUTION			ORPHAN_NEEDS_REVIEW
IMP-DL-AD9EFCAF62-S001	IMP-DL-AD9EFCAF62	Downloads/theory-of-complex-analysis-2.tex	L143-L188	SOLUTION		IMP-DL-AD9EFCAF62-P001	LINKED_SAME_FILE
IMP-DL-AD9EFCAF62-S002	IMP-DL-AD9EFCAF62	Downloads/theory-of-complex-analysis-2.tex	L426-L453	SOLUTION		IMP-DL-AD9EFCAF62-P004	LINKED_SAME_FILE
IMP-DL-AD9EFCAF62-S003	IMP-DL-AD9EFCAF62	Downloads/theory-of-complex-analysis-2.tex	L472-L499	SOLUTION		IMP-DL-AD9EFCAF62-P005	LINKED_SAME_FILE
IMP-DL-AD9EFCAF62-S004	IMP-DL-AD9EFCAF62	Downloads/theory-of-complex-analysis-2.tex	L513-L537	SOLUTION		IMP-DL-AD9EFCAF62-P006	LINKED_SAME_FILE
IMP-DL-AD9EFCAF62-S005	IMP-DL-AD9EFCAF62	Downloads/theory-of-complex-analysis-2.tex	L626-L655	SOLUTION	8	IMP-DL-AD9EFCAF62-P007	LINKED_SAME_FILE
IMP-DL-AD9EFCAF62-S006	IMP-DL-AD9EFCAF62	Downloads/theory-of-complex-analysis-2.tex	L661-L670	SOLUTION	9	IMP-DL-AD9EFCAF62-P011	LINKED_SAME_FILE
IMP-DL-AD9EFCAF62-S007	IMP-DL-AD9EFCAF62	Downloads/theory-of-complex-analysis-2.tex	L677-L686	SOLUTION	10	IMP-DL-AD9EFCAF62-P012	LINKED_SAME_FILE
IMP-DL-AD9EFCAF62-S008	IMP-DL-AD9EFCAF62	Downloads/theory-of-complex-analysis-2.tex	L695-L707	SOLUTION	11	IMP-DL-AD9EFCAF62-P013	LINKED_SAME_FILE
IMP-DL-AD9EFCAF62-S009	IMP-DL-AD9EFCAF62	Downloads/theory-of-complex-analysis-2.tex	L793-L807	SOLUTION		IMP-DL-AD9EFCAF62-P017	LINKED_SAME_FILE
IMP-DL-AD9EFCAF62-S010	IMP-DL-AD9EFCAF62	Downloads/theory-of-complex-analysis-2.tex	L899-L913	SOLUTION		IMP-DL-AD9EFCAF62-P018	LINKED_SAME_FILE
IMP-DL-AD9EFCAF62-S011	IMP-DL-AD9EFCAF62	Downloads/theory-of-complex-analysis-2.tex	L939-L947	SOLUTION		IMP-DL-AD9EFCAF62-P019	LINKED_SAME_FILE
IMP-DL-AA5DDA8809-S001	IMP-DL-AA5DDA8809	Downloads/theory-of-complex-analysis-all-maps-all.tex	L54-L92	SOLUTION			ORPHAN_NEEDS_REVIEW
IMP-DL-AA5DDA8809-S002	IMP-DL-AA5DDA8809	Downloads/theory-of-complex-analysis-all-maps-all.tex	L187-L199	SOLUTION	3	IMP-DL-AA5DDA8809-P002	LINKED_SAME_FILE
IMP-DL-0E1AFE9FFD-S001	IMP-DL-0E1AFE9FFD	Downloads/theory-of-complex-analysis-all-maps-all2.tex	L65-L103	SOLUTION			ORPHAN_NEEDS_REVIEW
IMP-DL-0E1AFE9FFD-S002	IMP-DL-0E1AFE9FFD	Downloads/theory-of-complex-analysis-all-maps-all2.tex	L198-L210	SOLUTION	3	IMP-DL-0E1AFE9FFD-P002	LINKED_SAME_FILE
IMP-DL-141F3478CC-S001	IMP-DL-141F3478CC	Downloads/theory-of-complex-analysis-all-maps.tex	L45-L83	SOLUTION			ORPHAN_NEEDS_REVIEW
IMP-DL-141F3478CC-S002	IMP-DL-141F3478CC	Downloads/theory-of-complex-analysis-all-maps.tex	L178-L190	SOLUTION	3	IMP-DL-141F3478CC-P002	LINKED_SAME_FILE
IMP-DL-FB19C24E92-S001	IMP-DL-FB19C24E92	Downloads/theory-of-complex-analysis-all.tex	L43-L81	SOLUTION			ORPHAN_NEEDS_REVIEW
IMP-DL-FB19C24E92-S002	IMP-DL-FB19C24E92	Downloads/theory-of-complex-analysis-all.tex	L176-L188	SOLUTION	3	IMP-DL-FB19C24E92-P002	LINKED_SAME_FILE
IMP-DL-4A78994322-S001	IMP-DL-4A78994322	Downloads/theory-of-complex-analysis-gamma.tex	L79-L102	SOLUTION		IMP-DL-4A78994322-P001	LINKED_SAME_FILE
IMP-DL-4A78994322-S002	IMP-DL-4A78994322	Downloads/theory-of-complex-analysis-gamma.tex	L948-L1193	SOLUTION			ORPHAN_NEEDS_REVIEW
IMP-DL-4A78994322-S003	IMP-DL-4A78994322	Downloads/theory-of-complex-analysis-gamma.tex	L1216-L1239	SOLUTION			ORPHAN_NEEDS_REVIEW
IMP-DL-336732908A-S001	IMP-DL-336732908A	Downloads/theory-of-complex-analysis-next.tex	L1687-L1749	SOLUTION			ORPHAN_NEEDS_REVIEW
IMP-DL-336732908A-S002	IMP-DL-336732908A	Downloads/theory-of-complex-analysis-next.tex	L2221-L2233	SOLUTION			ORPHAN_NEEDS_REVIEW
IMP-DL-336732908A-S003	IMP-DL-336732908A	Downloads/theory-of-complex-analysis-next.tex	L2335-L2384	SOLUTION		IMP-DL-336732908A-P010	LINKED_SAME_FILE
IMP-DL-F77C60E8D1-S001	IMP-DL-F77C60E8D1	Downloads/theory-of-complex-analysis-next2.tex	L180-L212	SOLUTION	1		ORPHAN_NUMBERED_SOLUTION
IMP-DL-F77C60E8D1-S002	IMP-DL-F77C60E8D1	Downloads/theory-of-complex-analysis-next2.tex	L235-L265	SOLUTION	2		ORPHAN_NUMBERED_SOLUTION
IMP-DL-F77C60E8D1-S003	IMP-DL-F77C60E8D1	Downloads/theory-of-complex-analysis-next2.tex	L632-L711	SOLUTION		IMP-DL-F77C60E8D1-P003	LINKED_SAME_FILE
IMP-DL-F77C60E8D1-S004	IMP-DL-F77C60E8D1	Downloads/theory-of-complex-analysis-next2.tex	L1237-L1269	SOLUTION		IMP-DL-F77C60E8D1-P005	LINKED_SAME_FILE
IMP-DL-F77C60E8D1-S005	IMP-DL-F77C60E8D1	Downloads/theory-of-complex-analysis-next2.tex	L1561-L1574	SOLUTION			ORPHAN_NEEDS_REVIEW
IMP-DL-F77C60E8D1-S006	IMP-DL-F77C60E8D1	Downloads/theory-of-complex-analysis-next2.tex	L1706-L1728	SOLUTION			ORPHAN_NEEDS_REVIEW
IMP-DL-F77C60E8D1-S007	IMP-DL-F77C60E8D1	Downloads/theory-of-complex-analysis-next2.tex	L1729-L1748	SOLUTION			ORPHAN_NEEDS_REVIEW
IMP-DL-9DE2876887-S001	IMP-DL-9DE2876887	Downloads/theory-of-complex-analysis-series.tex	L622-L647	SOLUTION			ORPHAN_NEEDS_REVIEW
IMP-DL-9DE2876887-S002	IMP-DL-9DE2876887	Downloads/theory-of-complex-analysis-series.tex	L648-L691	SOLUTION			ORPHAN_NEEDS_REVIEW
IMP-DL-9DE2876887-S003	IMP-DL-9DE2876887	Downloads/theory-of-complex-analysis-series.tex	L1050-L1062	SOLUTION		IMP-DL-9DE2876887-P002	LINKED_SAME_FILE
IMP-DL-9DE2876887-S004	IMP-DL-9DE2876887	Downloads/theory-of-complex-analysis-series.tex	L1063-L1080	SOLUTION			ORPHAN_NEEDS_REVIEW
IMP-DL-CB3C80FF97-S001	IMP-DL-CB3C80FF97	Downloads/theory-of-complex-analysis-topology.tex	L70-L78	SOLUTION		IMP-DL-CB3C80FF97-P001	LINKED_SAME_FILE
IMP-DL-CB3C80FF97-S002	IMP-DL-CB3C80FF97	Downloads/theory-of-complex-analysis-topology.tex	L79-L94	SOLUTION			ORPHAN_NEEDS_REVIEW
IMP-DL-CB3C80FF97-S003	IMP-DL-CB3C80FF97	Downloads/theory-of-complex-analysis-topology.tex	L155-L161	SOLUTION		IMP-DL-CB3C80FF97-P003	LINKED_SAME_FILE
IMP-DL-CB3C80FF97-S004	IMP-DL-CB3C80FF97	Downloads/theory-of-complex-analysis-topology.tex	L162-L168	SOLUTION			ORPHAN_NEEDS_REVIEW
IMP-DL-CB3C80FF97-S005	IMP-DL-CB3C80FF97	Downloads/theory-of-complex-analysis-topology.tex	L194-L200	SOLUTION		IMP-DL-CB3C80FF97-P004	LINKED_SAME_FILE
IMP-DL-CB3C80FF97-S006	IMP-DL-CB3C80FF97	Downloads/theory-of-complex-analysis-topology.tex	L201-L209	SOLUTION			ORPHAN_NEEDS_REVIEW
IMP-DL-CB3C80FF97-S007	IMP-DL-CB3C80FF97	Downloads/theory-of-complex-analysis-topology.tex	L241-L248	SOLUTION		IMP-DL-CB3C80FF97-P005	LINKED_SAME_FILE
IMP-DL-CB3C80FF97-S008	IMP-DL-CB3C80FF97	Downloads/theory-of-complex-analysis-topology.tex	L249-L255	SOLUTION			ORPHAN_NEEDS_REVIEW
IMP-DL-CB3C80FF97-S009	IMP-DL-CB3C80FF97	Downloads/theory-of-complex-analysis-topology.tex	L606-L630	SOLUTION		IMP-DL-CB3C80FF97-P008	LINKED_SAME_FILE
IMP-DL-CB3C80FF97-S010	IMP-DL-CB3C80FF97	Downloads/theory-of-complex-analysis-topology.tex	L642-L660	SOLUTION		IMP-DL-CB3C80FF97-P014	LINKED_SAME_FILE
IMP-DL-CB3C80FF97-S011	IMP-DL-CB3C80FF97	Downloads/theory-of-complex-analysis-topology.tex	L714-L735	SOLUTION		IMP-DL-CB3C80FF97-P016	LINKED_SAME_FILE
IMP-DL-CB3C80FF97-S012	IMP-DL-CB3C80FF97	Downloads/theory-of-complex-analysis-topology.tex	L820-L837	SOLUTION			ORPHAN_NEEDS_REVIEW
IMP-DL-CB3C80FF97-S013	IMP-DL-CB3C80FF97	Downloads/theory-of-complex-analysis-topology.tex	L846-L879	SOLUTION		IMP-DL-CB3C80FF97-P019	LINKED_SAME_FILE
IMP-DL-CB3C80FF97-S014	IMP-DL-CB3C80FF97	Downloads/theory-of-complex-analysis-topology.tex	L891-L919	SOLUTION		IMP-DL-CB3C80FF97-P021	LINKED_SAME_FILE
IMP-DL-CB3C80FF97-S015	IMP-DL-CB3C80FF97	Downloads/theory-of-complex-analysis-topology.tex	L956-L960	SOLUTION		IMP-DL-CB3C80FF97-P022	LINKED_SAME_FILE
IMP-DL-CB3C80FF97-S016	IMP-DL-CB3C80FF97	Downloads/theory-of-complex-analysis-topology.tex	L961-L965	SOLUTION			ORPHAN_NEEDS_REVIEW
IMP-DL-CB3C80FF97-S017	IMP-DL-CB3C80FF97	Downloads/theory-of-complex-analysis-topology.tex	L966-L970	SOLUTION			ORPHAN_NEEDS_REVIEW
IMP-DL-CB3C80FF97-S018	IMP-DL-CB3C80FF97	Downloads/theory-of-complex-analysis-topology.tex	L1035-L1066	SOLUTION		IMP-DL-CB3C80FF97-P025	LINKED_SAME_FILE
IMP-DL-CB3C80FF97-S019	IMP-DL-CB3C80FF97	Downloads/theory-of-complex-analysis-topology.tex	L1129-L1158	SOLUTION		IMP-DL-CB3C80FF97-P031	LINKED_SAME_FILE
IMP-DL-CB3C80FF97-S020	IMP-DL-CB3C80FF97	Downloads/theory-of-complex-analysis-topology.tex	L1725-L1858	SOLUTION		IMP-DL-CB3C80FF97-P044	LINKED_SAME_FILE
IMP-DL-CB3C80FF97-S021	IMP-DL-CB3C80FF97	Downloads/theory-of-complex-analysis-topology.tex	L1883-L2010	SOLUTION		IMP-DL-CB3C80FF97-P044	LINKED_SAME_FILE
IMP-DL-CB3C80FF97-S022	IMP-DL-CB3C80FF97	Downloads/theory-of-complex-analysis-topology.tex	L2073-L2148	SOLUTION		IMP-DL-CB3C80FF97-P044	LINKED_SAME_FILE
IMP-DL-CB3C80FF97-S023	IMP-DL-CB3C80FF97	Downloads/theory-of-complex-analysis-topology.tex	L2170-L2267	SOLUTION		IMP-DL-CB3C80FF97-P044	LINKED_SAME_FILE
IMP-DL-CB3C80FF97-S024	IMP-DL-CB3C80FF97	Downloads/theory-of-complex-analysis-topology.tex	L2376-L2438	SOLUTION		IMP-DL-CB3C80FF97-P044	LINKED_SAME_FILE
IMP-DL-0A181AC273-S001	IMP-DL-0A181AC273	Downloads/theory-of-complex-analysis.tex	L144-L187	SOLUTION			ORPHAN_NEEDS_REVIEW
IMP-DL-0A181AC273-S002	IMP-DL-0A181AC273	Downloads/theory-of-complex-analysis.tex	L342-L369	SOLUTION		IMP-DL-0A181AC273-P014	LINKED_SAME_FILE
IMP-DL-0A181AC273-S003	IMP-DL-0A181AC273	Downloads/theory-of-complex-analysis.tex	L379-L417	SOLUTION		IMP-DL-0A181AC273-P015	LINKED_SAME_FILE
IMP-DL-0A181AC273-S004	IMP-DL-0A181AC273	Downloads/theory-of-complex-analysis.tex	L461-L506	SOLUTION		IMP-DL-0A181AC273-P016	LINKED_SAME_FILE
IMP-DL-0A181AC273-S005	IMP-DL-0A181AC273	Downloads/theory-of-complex-analysis.tex	L667-L726	SOLUTION		IMP-DL-0A181AC273-P017	LINKED_SAME_FILE
IMP-DL-0A181AC273-S006	IMP-DL-0A181AC273	Downloads/theory-of-complex-analysis.tex	L740-L763	SOLUTION		IMP-DL-0A181AC273-P018	LINKED_SAME_FILE
IMP-DL-0A181AC273-S007	IMP-DL-0A181AC273	Downloads/theory-of-complex-analysis.tex	L914-L946	SOLUTION		IMP-DL-0A181AC273-P020	LINKED_SAME_FILE
IMP-DL-0A181AC273-S008	IMP-DL-0A181AC273	Downloads/theory-of-complex-analysis.tex	L950-L968	SOLUTION		IMP-DL-0A181AC273-P021	LINKED_SAME_FILE
IMP-DL-0A181AC273-S009	IMP-DL-0A181AC273	Downloads/theory-of-complex-analysis.tex	L1011-L1037	SOLUTION		IMP-DL-0A181AC273-P023	LINKED_SAME_FILE
IMP-DL-0A181AC273-S010	IMP-DL-0A181AC273	Downloads/theory-of-complex-analysis.tex	L1047-L1138	SOLUTION			ORPHAN_NEEDS_REVIEW
IMP-DL-0A181AC273-S011	IMP-DL-0A181AC273	Downloads/theory-of-complex-analysis.tex	L1175-L1211	SOLUTION		IMP-DL-0A181AC273-P024	LINKED_SAME_FILE
IMP-DL-0A181AC273-S012	IMP-DL-0A181AC273	Downloads/theory-of-complex-analysis.tex	L1233-L1278	SOLUTION		IMP-DL-0A181AC273-P025	LINKED_SAME_FILE
IMP-DL-0A181AC273-S013	IMP-DL-0A181AC273	Downloads/theory-of-complex-analysis.tex	L1516-L1543	SOLUTION		IMP-DL-0A181AC273-P028	LINKED_SAME_FILE
IMP-DL-0A181AC273-S014	IMP-DL-0A181AC273	Downloads/theory-of-complex-analysis.tex	L1562-L1589	SOLUTION		IMP-DL-0A181AC273-P029	LINKED_SAME_FILE
IMP-DL-0A181AC273-S015	IMP-DL-0A181AC273	Downloads/theory-of-complex-analysis.tex	L1603-L1627	SOLUTION		IMP-DL-0A181AC273-P030	LINKED_SAME_FILE
IMP-DL-0A181AC273-S016	IMP-DL-0A181AC273	Downloads/theory-of-complex-analysis.tex	L1716-L1745	SOLUTION	8	IMP-DL-0A181AC273-P031	LINKED_SAME_FILE
IMP-DL-0A181AC273-S017	IMP-DL-0A181AC273	Downloads/theory-of-complex-analysis.tex	L1751-L1760	SOLUTION	9	IMP-DL-0A181AC273-P035	LINKED_SAME_FILE
IMP-DL-0A181AC273-S018	IMP-DL-0A181AC273	Downloads/theory-of-complex-analysis.tex	L1767-L1776	SOLUTION	10	IMP-DL-0A181AC273-P036	LINKED_SAME_FILE
IMP-DL-0A181AC273-S019	IMP-DL-0A181AC273	Downloads/theory-of-complex-analysis.tex	L1785-L1797	SOLUTION	11	IMP-DL-0A181AC273-P037	LINKED_SAME_FILE
IMP-DL-0A181AC273-S020	IMP-DL-0A181AC273	Downloads/theory-of-complex-analysis.tex	L1883-L1897	SOLUTION		IMP-DL-0A181AC273-P041	LINKED_SAME_FILE
IMP-DL-8016517B0A-S001	IMP-DL-8016517B0A	Downloads/theory-of-differential-geometry-1.tex	L4578-L4640	HINT	1	IMP-DL-8016517B0A-P035	LINKED_SAME_FILE
IMP-DL-BD3A6D53D0-S001	IMP-DL-BD3A6D53D0	Downloads/theory-of-differential-geometry-2.tex	L583-L644	SOLUTION	8	IMP-DL-BD3A6D53D0-P002	LINKED_SAME_FILE
IMP-DL-BD3A6D53D0-S002	IMP-DL-BD3A6D53D0	Downloads/theory-of-differential-geometry-2.tex	L647-L713	SOLUTION	8	IMP-DL-BD3A6D53D0-P002	LINKED_SAME_FILE
IMP-DL-BD3A6D53D0-S003	IMP-DL-BD3A6D53D0	Downloads/theory-of-differential-geometry-2.tex	L723-L778	SOLUTION	9	IMP-DL-BD3A6D53D0-P003	LINKED_SAME_FILE
IMP-DL-BD3A6D53D0-S004	IMP-DL-BD3A6D53D0	Downloads/theory-of-differential-geometry-2.tex	L787-L838	SOLUTION	10	IMP-DL-BD3A6D53D0-P004	LINKED_SAME_FILE
IMP-DL-BD3A6D53D0-S005	IMP-DL-BD3A6D53D0	Downloads/theory-of-differential-geometry-2.tex	L848-L869	SOLUTION	1.	IMP-DL-BD3A6D53D0-P005	LINKED_SAME_FILE
IMP-DL-BD3A6D53D0-S006	IMP-DL-BD3A6D53D0	Downloads/theory-of-differential-geometry-2.tex	L884-L926	SOLUTION	2.	IMP-DL-BD3A6D53D0-P006	LINKED_SAME_FILE
IMP-DL-BD3A6D53D0-S007	IMP-DL-BD3A6D53D0	Downloads/theory-of-differential-geometry-2.tex	L937-L1047	SOLUTION	3.	IMP-DL-BD3A6D53D0-P007	LINKED_SAME_FILE
IMP-DL-BD3A6D53D0-S008	IMP-DL-BD3A6D53D0	Downloads/theory-of-differential-geometry-2.tex	L1058-L1082	SOLUTION	4	IMP-DL-BD3A6D53D0-P008	LINKED_SAME_FILE
IMP-DL-BD3A6D53D0-S009	IMP-DL-BD3A6D53D0	Downloads/theory-of-differential-geometry-2.tex	L1130-L1190	SOLUTION	5	IMP-DL-BD3A6D53D0-P009	LINKED_SAME_FILE
IMP-DL-BD3A6D53D0-S010	IMP-DL-BD3A6D53D0	Downloads/theory-of-differential-geometry-2.tex	L1195-L1241	SOLUTION	6	IMP-DL-BD3A6D53D0-P010	LINKED_SAME_FILE
IMP-DL-BD3A6D53D0-S011	IMP-DL-BD3A6D53D0	Downloads/theory-of-differential-geometry-2.tex	L1256-L1296	SOLUTION	7	IMP-DL-BD3A6D53D0-P011	LINKED_SAME_FILE
IMP-DL-BD3A6D53D0-S012	IMP-DL-BD3A6D53D0	Downloads/theory-of-differential-geometry-2.tex	L1332-L1375	SOLUTION	8	IMP-DL-BD3A6D53D0-P012	LINKED_SAME_FILE
IMP-DL-BD3A6D53D0-S013	IMP-DL-BD3A6D53D0	Downloads/theory-of-differential-geometry-2.tex	L1470-L1514	SOLUTION	9	IMP-DL-BD3A6D53D0-P013	LINKED_SAME_FILE
IMP-DL-BD3A6D53D0-S014	IMP-DL-BD3A6D53D0	Downloads/theory-of-differential-geometry-2.tex	L1552-L1583	SOLUTION	10	IMP-DL-BD3A6D53D0-P014	LINKED_SAME_FILE
IMP-DL-BD3A6D53D0-S015	IMP-DL-BD3A6D53D0	Downloads/theory-of-differential-geometry-2.tex	L1611-L1640	SOLUTION	11	IMP-DL-BD3A6D53D0-P015	LINKED_SAME_FILE
IMP-DL-BD3A6D53D0-S016	IMP-DL-BD3A6D53D0	Downloads/theory-of-differential-geometry-2.tex	L1694-L1798	SOLUTION	1	IMP-DL-BD3A6D53D0-P016	LINKED_SAME_FILE
IMP-DL-BD3A6D53D0-S017	IMP-DL-BD3A6D53D0	Downloads/theory-of-differential-geometry-2.tex	L1819-L1903	SOLUTION	2	IMP-DL-BD3A6D53D0-P017	LINKED_SAME_FILE
IMP-DL-BD3A6D53D0-S018	IMP-DL-BD3A6D53D0	Downloads/theory-of-differential-geometry-2.tex	L1929-L1995	SOLUTION	3	IMP-DL-BD3A6D53D0-P018	LINKED_SAME_FILE
IMP-DL-BD3A6D53D0-S019	IMP-DL-BD3A6D53D0	Downloads/theory-of-differential-geometry-2.tex	L2017-L2094	SOLUTION	4	IMP-DL-BD3A6D53D0-P019	LINKED_SAME_FILE
IMP-DL-BD3A6D53D0-S020	IMP-DL-BD3A6D53D0	Downloads/theory-of-differential-geometry-2.tex	L2108-L2173	SOLUTION	5	IMP-DL-BD3A6D53D0-P020	LINKED_SAME_FILE
IMP-DL-BD3A6D53D0-S021	IMP-DL-BD3A6D53D0	Downloads/theory-of-differential-geometry-2.tex	L2194-L2261	SOLUTION	6	IMP-DL-BD3A6D53D0-P021	LINKED_SAME_FILE
IMP-DL-BD3A6D53D0-S022	IMP-DL-BD3A6D53D0	Downloads/theory-of-differential-geometry-2.tex	L2281-L2384	SOLUTION	7	IMP-DL-BD3A6D53D0-P022	LINKED_SAME_FILE
IMP-DL-BD3A6D53D0-S023	IMP-DL-BD3A6D53D0	Downloads/theory-of-differential-geometry-2.tex	L2394-L2403	SOLUTION	8(a)	IMP-DL-BD3A6D53D0-P023	LINKED_SAME_FILE
IMP-DL-BD3A6D53D0-S024	IMP-DL-BD3A6D53D0	Downloads/theory-of-differential-geometry-2.tex	L2414-L2461	SOLUTION	8(b)	IMP-DL-BD3A6D53D0-P024	LINKED_SAME_FILE
IMP-DL-BD3A6D53D0-S025	IMP-DL-BD3A6D53D0	Downloads/theory-of-differential-geometry-2.tex	L3012-L3037	SOLUTION	9(a)	IMP-DL-BD3A6D53D0-P026	LINKED_SAME_FILE
IMP-DL-BD3A6D53D0-S026	IMP-DL-BD3A6D53D0	Downloads/theory-of-differential-geometry-2.tex	L3047-L3070	SOLUTION	9(b)	IMP-DL-BD3A6D53D0-P027	LINKED_SAME_FILE
IMP-DL-BD3A6D53D0-S027	IMP-DL-BD3A6D53D0	Downloads/theory-of-differential-geometry-2.tex	L3390-L3467	SOLUTION	10	IMP-DL-BD3A6D53D0-P029	LINKED_SAME_FILE
IMP-DL-BD3A6D53D0-S028	IMP-DL-BD3A6D53D0	Downloads/theory-of-differential-geometry-2.tex	L3735-L3756	SOLUTION	11	IMP-DL-BD3A6D53D0-P031	LINKED_SAME_FILE
IMP-DL-7AFEF11659-S001	IMP-DL-7AFEF11659	Downloads/theory-of-differential-geometry-3.tex	L269-L333	SOLUTION	1	IMP-DL-7AFEF11659-P001	LINKED_SAME_FILE
IMP-DL-7AFEF11659-S002	IMP-DL-7AFEF11659	Downloads/theory-of-differential-geometry-3.tex	L348-L388	SOLUTION	2	IMP-DL-7AFEF11659-P001	LINKED_SAME_FILE
IMP-DL-7AFEF11659-S003	IMP-DL-7AFEF11659	Downloads/theory-of-differential-geometry-3.tex	L405-L473	SOLUTION	3	IMP-DL-7AFEF11659-P001	LINKED_SAME_FILE
IMP-DL-7AFEF11659-S004	IMP-DL-7AFEF11659	Downloads/theory-of-differential-geometry-3.tex	L619-L670	SOLUTION	4	IMP-DL-7AFEF11659-P001	LINKED_SAME_FILE
IMP-DL-7AFEF11659-S005	IMP-DL-7AFEF11659	Downloads/theory-of-differential-geometry-3.tex	L685-L737	SOLUTION	5	IMP-DL-7AFEF11659-P001	LINKED_SAME_FILE
IMP-DL-7AFEF11659-S006	IMP-DL-7AFEF11659	Downloads/theory-of-differential-geometry-3.tex	L755-L807	SOLUTION	6	IMP-DL-7AFEF11659-P001	LINKED_SAME_FILE
IMP-DL-D148B51FB7-S001	IMP-DL-D148B51FB7	Downloads/theory-of-differential-geometry-4.tex	L220-L250	SOLUTION	1	IMP-DL-D148B51FB7-P001	LINKED_SAME_FILE
IMP-DL-D148B51FB7-S002	IMP-DL-D148B51FB7	Downloads/theory-of-differential-geometry-4.tex	L940-L987	SOLUTION	2	IMP-DL-D148B51FB7-P011	LINKED_SAME_FILE
IMP-DL-D148B51FB7-S003	IMP-DL-D148B51FB7	Downloads/theory-of-differential-geometry-4.tex	L1241-L1268	SOLUTION	3	IMP-DL-D148B51FB7-P012	LINKED_SAME_FILE
IMP-DL-D148B51FB7-S004	IMP-DL-D148B51FB7	Downloads/theory-of-differential-geometry-4.tex	L1433-L1469	SOLUTION	4	IMP-DL-D148B51FB7-P013	LINKED_SAME_FILE
IMP-DL-D148B51FB7-S005	IMP-DL-D148B51FB7	Downloads/theory-of-differential-geometry-4.tex	L1614-L1648	SOLUTION	5	IMP-DL-D148B51FB7-P014	LINKED_SAME_FILE
IMP-DL-D148B51FB7-S006	IMP-DL-D148B51FB7	Downloads/theory-of-differential-geometry-4.tex	L1854-L1916	SOLUTION	6	IMP-DL-D148B51FB7-P015	LINKED_SAME_FILE
IMP-DL-D148B51FB7-S007	IMP-DL-D148B51FB7	Downloads/theory-of-differential-geometry-4.tex	L2020-L2096	SOLUTION	7	IMP-DL-D148B51FB7-P016	LINKED_SAME_FILE
IMP-DL-D148B51FB7-S008	IMP-DL-D148B51FB7	Downloads/theory-of-differential-geometry-4.tex	L2174-L2248	SOLUTION	8	IMP-DL-D148B51FB7-P017	LINKED_SAME_FILE
IMP-DL-D148B51FB7-S009	IMP-DL-D148B51FB7	Downloads/theory-of-differential-geometry-4.tex	L2312-L2373	SOLUTION	9	IMP-DL-D148B51FB7-P018	LINKED_SAME_FILE
IMP-DL-D148B51FB7-S010	IMP-DL-D148B51FB7	Downloads/theory-of-differential-geometry-4.tex	L2505-L2575	SOLUTION	10	IMP-DL-D148B51FB7-P019	LINKED_SAME_FILE
IMP-DL-D148B51FB7-S011	IMP-DL-D148B51FB7	Downloads/theory-of-differential-geometry-4.tex	L2589-L2774	SOLUTION	11	IMP-DL-D148B51FB7-P020	LINKED_SAME_FILE
IMP-DL-D148B51FB7-S012	IMP-DL-D148B51FB7	Downloads/theory-of-differential-geometry-4.tex	L2910-L3015	SOLUTION	12	IMP-DL-D148B51FB7-P021	LINKED_SAME_FILE
IMP-DL-D148B51FB7-S013	IMP-DL-D148B51FB7	Downloads/theory-of-differential-geometry-4.tex	L3072-L3189	SOLUTION	13	IMP-DL-D148B51FB7-P022	LINKED_SAME_FILE
IMP-DL-D148B51FB7-S014	IMP-DL-D148B51FB7	Downloads/theory-of-differential-geometry-4.tex	L3420-L3652	SOLUTION		IMP-DL-D148B51FB7-P022	LINKED_SAME_FILE
IMP-DL-D148B51FB7-S015	IMP-DL-D148B51FB7	Downloads/theory-of-differential-geometry-4.tex	L3689-L3795	SOLUTION	2	IMP-DL-D148B51FB7-P023	LINKED_SAME_FILE
IMP-DL-D148B51FB7-S016	IMP-DL-D148B51FB7	Downloads/theory-of-differential-geometry-4.tex	L3915-L3993	SOLUTION	3	IMP-DL-D148B51FB7-P024	LINKED_SAME_FILE
IMP-DL-D148B51FB7-S017	IMP-DL-D148B51FB7	Downloads/theory-of-differential-geometry-4.tex	L4088-L4244	SOLUTION	4	IMP-DL-D148B51FB7-P025	LINKED_SAME_FILE
IMP-DL-D148B51FB7-S018	IMP-DL-D148B51FB7	Downloads/theory-of-differential-geometry-4.tex	L4259-L4297	SOLUTION	5	IMP-DL-D148B51FB7-P026	LINKED_SAME_FILE
IMP-DL-D148B51FB7-S019	IMP-DL-D148B51FB7	Downloads/theory-of-differential-geometry-4.tex	L4298-L4320	SOLUTION	5	IMP-DL-D148B51FB7-P026	LINKED_SAME_FILE
IMP-DL-D148B51FB7-S020	IMP-DL-D148B51FB7	Downloads/theory-of-differential-geometry-4.tex	L4336-L4357	SOLUTION	7	IMP-DL-D148B51FB7-P027	LINKED_SAME_FILE
IMP-DL-D148B51FB7-S021	IMP-DL-D148B51FB7	Downloads/theory-of-differential-geometry-4.tex	L4368-L4398	SOLUTION	8	IMP-DL-D148B51FB7-P028	LINKED_SAME_FILE
IMP-DL-D148B51FB7-S022	IMP-DL-D148B51FB7	Downloads/theory-of-differential-geometry-4.tex	L4412-L4442	SOLUTION	9	IMP-DL-D148B51FB7-P029	LINKED_SAME_FILE
IMP-DL-D148B51FB7-S023	IMP-DL-D148B51FB7	Downloads/theory-of-differential-geometry-4.tex	L4449-L4463	SOLUTION	10	IMP-DL-D148B51FB7-P030	LINKED_SAME_FILE
IMP-DL-D148B51FB7-S024	IMP-DL-D148B51FB7	Downloads/theory-of-differential-geometry-4.tex	L4692-L4755	SOLUTION		IMP-DL-D148B51FB7-P030	LINKED_SAME_FILE
IMP-DL-D148B51FB7-S025	IMP-DL-D148B51FB7	Downloads/theory-of-differential-geometry-4.tex	L4770-L4819	SOLUTION	2	IMP-DL-D148B51FB7-P031	LINKED_SAME_FILE
IMP-DL-D148B51FB7-S026	IMP-DL-D148B51FB7	Downloads/theory-of-differential-geometry-4.tex	L4830-L4892	SOLUTION	3	IMP-DL-D148B51FB7-P032	LINKED_SAME_FILE
IMP-DL-D148B51FB7-S027	IMP-DL-D148B51FB7	Downloads/theory-of-differential-geometry-4.tex	L4920-L4993	SOLUTION	4	IMP-DL-D148B51FB7-P033	LINKED_SAME_FILE
IMP-DL-D148B51FB7-S028	IMP-DL-D148B51FB7	Downloads/theory-of-differential-geometry-4.tex	L5011-L5042	SOLUTION	5	IMP-DL-D148B51FB7-P034	LINKED_SAME_FILE
IMP-DL-D148B51FB7-S029	IMP-DL-D148B51FB7	Downloads/theory-of-differential-geometry-4.tex	L5048-L5077	SOLUTION	6	IMP-DL-D148B51FB7-P035	LINKED_SAME_FILE
IMP-DL-D148B51FB7-S030	IMP-DL-D148B51FB7	Downloads/theory-of-differential-geometry-4.tex	L5186-L5249	SOLUTION	7	IMP-DL-D148B51FB7-P036	LINKED_SAME_FILE
IMP-DL-D148B51FB7-S031	IMP-DL-D148B51FB7	Downloads/theory-of-differential-geometry-4.tex	L5272-L5327	SOLUTION	8	IMP-DL-D148B51FB7-P037	LINKED_SAME_FILE
IMP-DL-D148B51FB7-S032	IMP-DL-D148B51FB7	Downloads/theory-of-differential-geometry-4.tex	L5336-L5356	SOLUTION	9	IMP-DL-D148B51FB7-P038	LINKED_SAME_FILE
IMP-DL-A509E7ADEA-S001	IMP-DL-A509E7ADEA	Downloads/theory-of-disitrbutions.tex	L490-L539	SOLUTION	1.2	IMP-DL-A509E7ADEA-P002	LINKED_SAME_FILE
IMP-DL-A470D9BACB-S001	IMP-DL-A470D9BACB	Downloads/theory-of-geometry-1.tex	L197-L274	SOLUTION	1	IMP-DL-A470D9BACB-P001	LINKED_SAME_FILE
IMP-DL-A470D9BACB-S002	IMP-DL-A470D9BACB	Downloads/theory-of-geometry-1.tex	L339-L389	SOLUTION		IMP-DL-A470D9BACB-P005	LINKED_SAME_FILE
IMP-DL-A470D9BACB-S003	IMP-DL-A470D9BACB	Downloads/theory-of-geometry-1.tex	L454-L471	SOLUTION		IMP-DL-A470D9BACB-P006	LINKED_SAME_FILE
IMP-DL-A470D9BACB-S004	IMP-DL-A470D9BACB	Downloads/theory-of-geometry-1.tex	L599-L622	SOLUTION	5	IMP-DL-A470D9BACB-P008	LINKED_SAME_FILE
IMP-DL-A470D9BACB-S005	IMP-DL-A470D9BACB	Downloads/theory-of-geometry-1.tex	L632-L667	SOLUTION	6	IMP-DL-A470D9BACB-P009	LINKED_SAME_FILE
IMP-DL-A470D9BACB-S006	IMP-DL-A470D9BACB	Downloads/theory-of-geometry-1.tex	L849-L909	SOLUTION	8	IMP-DL-A470D9BACB-P016	LINKED_SAME_FILE
IMP-DL-A470D9BACB-S007	IMP-DL-A470D9BACB	Downloads/theory-of-geometry-1.tex	L2387-L2455	SOLUTION		IMP-DL-A470D9BACB-P025	LINKED_SAME_FILE
IMP-DL-40BD8D3E26-S001	IMP-DL-40BD8D3E26	Downloads/theory-of-geometry-2.tex	L220-L331	SOLUTION			ORPHAN_NEEDS_REVIEW
IMP-DL-40BD8D3E26-S002	IMP-DL-40BD8D3E26	Downloads/theory-of-geometry-2.tex	L883-L957	SOLUTION	2	IMP-DL-40BD8D3E26-P006	LINKED_SAME_FILE
IMP-DL-40BD8D3E26-S003	IMP-DL-40BD8D3E26	Downloads/theory-of-geometry-2.tex	L962-L992	SOLUTION	3	IMP-DL-40BD8D3E26-P007	LINKED_SAME_FILE
IMP-DL-E88547CF67-S001	IMP-DL-E88547CF67	Downloads/theory-of-geometry-3.tex	L372-L403	SOLUTION	9.	IMP-DL-E88547CF67-P002	LINKED_SAME_FILE
IMP-DL-E88547CF67-S002	IMP-DL-E88547CF67	Downloads/theory-of-geometry-3.tex	L627-L661	SOLUTION	10.	IMP-DL-E88547CF67-P006	LINKED_SAME_FILE
IMP-DL-E88547CF67-S003	IMP-DL-E88547CF67	Downloads/theory-of-geometry-3.tex	L700-L726	SOLUTION	11.	IMP-DL-E88547CF67-P009	LINKED_SAME_FILE
IMP-DL-E88547CF67-S004	IMP-DL-E88547CF67	Downloads/theory-of-geometry-3.tex	L986-L1070	SOLUTION	12	IMP-DL-E88547CF67-P013	LINKED_SAME_FILE
IMP-DL-E88547CF67-S005	IMP-DL-E88547CF67	Downloads/theory-of-geometry-3.tex	L1158-L1206	SOLUTION	1	IMP-DL-E88547CF67-P015	LINKED_SAME_FILE
IMP-DL-E88547CF67-S006	IMP-DL-E88547CF67	Downloads/theory-of-geometry-3.tex	L1213-L1261	SOLUTION	2	IMP-DL-E88547CF67-P016	LINKED_SAME_FILE
IMP-DL-E88547CF67-S007	IMP-DL-E88547CF67	Downloads/theory-of-geometry-3.tex	L1292-L1317	SOLUTION	3	IMP-DL-E88547CF67-P017	LINKED_SAME_FILE
IMP-DL-E88547CF67-S008	IMP-DL-E88547CF67	Downloads/theory-of-geometry-3.tex	L1318-L1328	SOLUTION	3	IMP-DL-E88547CF67-P017	LINKED_SAME_FILE
IMP-DL-E88547CF67-S009	IMP-DL-E88547CF67	Downloads/theory-of-geometry-3.tex	L2187-L2229	SOLUTION	4	IMP-DL-E88547CF67-P018	LINKED_SAME_FILE
IMP-DL-E88547CF67-S010	IMP-DL-E88547CF67	Downloads/theory-of-geometry-3.tex	L2230-L2245	SOLUTION	4	IMP-DL-E88547CF67-P018	LINKED_SAME_FILE
IMP-DL-E88547CF67-S011	IMP-DL-E88547CF67	Downloads/theory-of-geometry-3.tex	L2764-L2803	SOLUTION	6	IMP-DL-E88547CF67-P019	LINKED_SAME_FILE
IMP-DL-E88547CF67-S012	IMP-DL-E88547CF67	Downloads/theory-of-geometry-3.tex	L2850-L2873	SOLUTION	7	IMP-DL-E88547CF67-P020	LINKED_SAME_FILE
IMP-DL-E88547CF67-S013	IMP-DL-E88547CF67	Downloads/theory-of-geometry-3.tex	L3138-L3172	SOLUTION	10.	IMP-DL-E88547CF67-P023	LINKED_SAME_FILE
IMP-DL-E88547CF67-S014	IMP-DL-E88547CF67	Downloads/theory-of-geometry-3.tex	L4232-L4315	SOLUTION	11.	IMP-DL-E88547CF67-P031	LINKED_SAME_FILE
IMP-DL-E88547CF67-S015	IMP-DL-E88547CF67	Downloads/theory-of-geometry-3.tex	L4338-L4471	SOLUTION	12.	IMP-DL-E88547CF67-P032	LINKED_SAME_FILE
IMP-DL-E88547CF67-S016	IMP-DL-E88547CF67	Downloads/theory-of-geometry-3.tex	L4691-L4812	SOLUTION	13.	IMP-DL-E88547CF67-P034	LINKED_SAME_FILE
IMP-DL-E88547CF67-S017	IMP-DL-E88547CF67	Downloads/theory-of-geometry-3.tex	L4886-L4913	SOLUTION	14.	IMP-DL-E88547CF67-P036	LINKED_SAME_FILE
IMP-DL-7A55205E2C-S001	IMP-DL-7A55205E2C	Downloads/theory-of-geometry-4.tex	L226-L296	SOLUTION	1	IMP-DL-7A55205E2C-P001	LINKED_SAME_FILE
IMP-DL-7A55205E2C-S002	IMP-DL-7A55205E2C	Downloads/theory-of-geometry-4.tex	L374-L415	SOLUTION	2	IMP-DL-7A55205E2C-P002	LINKED_SAME_FILE
IMP-DL-7A55205E2C-S003	IMP-DL-7A55205E2C	Downloads/theory-of-geometry-4.tex	L481-L544	SOLUTION	3	IMP-DL-7A55205E2C-P003	LINKED_SAME_FILE
IMP-DL-7A55205E2C-S004	IMP-DL-7A55205E2C	Downloads/theory-of-geometry-4.tex	L736-L761	SOLUTION	4	IMP-DL-7A55205E2C-P004	LINKED_SAME_FILE
IMP-DL-7A55205E2C-S005	IMP-DL-7A55205E2C	Downloads/theory-of-geometry-4.tex	L871-L901	SOLUTION	5	IMP-DL-7A55205E2C-P005	LINKED_SAME_FILE
IMP-DL-7A55205E2C-S006	IMP-DL-7A55205E2C	Downloads/theory-of-geometry-4.tex	L1263-L1293	SOLUTION	6	IMP-DL-7A55205E2C-P006	LINKED_SAME_FILE
IMP-DL-7A55205E2C-S007	IMP-DL-7A55205E2C	Downloads/theory-of-geometry-4.tex	L1683-L1725	SOLUTION	7	IMP-DL-7A55205E2C-P007	LINKED_SAME_FILE
IMP-DL-7A55205E2C-S008	IMP-DL-7A55205E2C	Downloads/theory-of-geometry-4.tex	L1743-L1791	SOLUTION	8	IMP-DL-7A55205E2C-P008	LINKED_SAME_FILE
IMP-DL-7A55205E2C-S009	IMP-DL-7A55205E2C	Downloads/theory-of-geometry-4.tex	L1814-L1855	SOLUTION	9	IMP-DL-7A55205E2C-P009	LINKED_SAME_FILE
IMP-DL-7A55205E2C-S010	IMP-DL-7A55205E2C	Downloads/theory-of-geometry-4.tex	L1879-L1952	SOLUTION	10	IMP-DL-7A55205E2C-P010	LINKED_SAME_FILE
IMP-DL-7A55205E2C-S011	IMP-DL-7A55205E2C	Downloads/theory-of-geometry-4.tex	L2531-L2612	SOLUTION	11	IMP-DL-7A55205E2C-P011	LINKED_SAME_FILE
IMP-DL-98972A6B93-S001	IMP-DL-98972A6B93	Downloads/theory-of-geometry-II.tex	L2244-L2390	SOLUTION	8	IMP-DL-98972A6B93-P010	LINKED_SAME_FILE
IMP-DL-98972A6B93-S002	IMP-DL-98972A6B93	Downloads/theory-of-geometry-II.tex	L2438-L2501	SOLUTION			ORPHAN_NEEDS_REVIEW
IMP-DL-98972A6B93-S003	IMP-DL-98972A6B93	Downloads/theory-of-geometry-II.tex	L2762-L2810	SOLUTION	E2	IMP-DL-98972A6B93-P024	LINKED_SAME_FILE
IMP-DL-98972A6B93-S004	IMP-DL-98972A6B93	Downloads/theory-of-geometry-II.tex	L3133-L3322	SOLUTION		IMP-DL-98972A6B93-P042	LINKED_SAME_FILE
IMP-DL-98972A6B93-S005	IMP-DL-98972A6B93	Downloads/theory-of-geometry-II.tex	L3357-L3394	SOLUTION	1	IMP-DL-98972A6B93-P043	LINKED_SAME_FILE
IMP-DL-14663C23F1-S001	IMP-DL-14663C23F1	Downloads/theory-of-geometry-III.tex	L488-L542	SOLUTION	3	IMP-DL-14663C23F1-P003	LINKED_SAME_FILE
IMP-DL-14663C23F1-S002	IMP-DL-14663C23F1	Downloads/theory-of-geometry-III.tex	L559-L607	SOLUTION	4	IMP-DL-14663C23F1-P004	LINKED_SAME_FILE
IMP-DL-14663C23F1-S003	IMP-DL-14663C23F1	Downloads/theory-of-geometry-III.tex	L618-L827	SOLUTION	4	IMP-DL-14663C23F1-P004	LINKED_SAME_FILE
IMP-DL-14663C23F1-S004	IMP-DL-14663C23F1	Downloads/theory-of-geometry-III.tex	L1307-L1421	SOLUTION	7		ORPHAN_NUMBERED_SOLUTION
IMP-DL-D4351A3BBD-S001	IMP-DL-D4351A3BBD	Downloads/theory-of-geometry-IV.tex	L750-L810	SOLUTION	1	IMP-DL-D4351A3BBD-P005	LINKED_SAME_FILE
IMP-DL-D4351A3BBD-S002	IMP-DL-D4351A3BBD	Downloads/theory-of-geometry-IV.tex	L811-L832	SOLUTION	2		ORPHAN_NUMBERED_SOLUTION
IMP-DL-D4351A3BBD-S003	IMP-DL-D4351A3BBD	Downloads/theory-of-geometry-IV.tex	L1250-L1259	SOLUTION	1	IMP-DL-D4351A3BBD-P005	LINKED_SAME_FILE
IMP-DL-D4351A3BBD-S004	IMP-DL-D4351A3BBD	Downloads/theory-of-geometry-IV.tex	L1260-L1277	SOLUTION	2		ORPHAN_NUMBERED_SOLUTION
IMP-DL-D4351A3BBD-S005	IMP-DL-D4351A3BBD	Downloads/theory-of-geometry-IV.tex	L1278-L2166	SOLUTION	3		ORPHAN_NUMBERED_SOLUTION
IMP-DL-D4351A3BBD-S006	IMP-DL-D4351A3BBD	Downloads/theory-of-geometry-IV.tex	L2205-L2262	SOLUTION	4	IMP-DL-D4351A3BBD-P029	LINKED_SAME_FILE
IMP-DL-D4351A3BBD-S007	IMP-DL-D4351A3BBD	Downloads/theory-of-geometry-IV.tex	L2992-L3038	SOLUTION	2		ORPHAN_NUMBERED_SOLUTION
IMP-DL-D4351A3BBD-S008	IMP-DL-D4351A3BBD	Downloads/theory-of-geometry-IV.tex	L3039-L3066	SOLUTION	6	IMP-DL-D4351A3BBD-P032	LINKED_SAME_FILE
IMP-DL-D4351A3BBD-S009	IMP-DL-D4351A3BBD	Downloads/theory-of-geometry-IV.tex	L3169-L3240	SOLUTION	7	IMP-DL-D4351A3BBD-P033	LINKED_SAME_FILE
IMP-DL-D4351A3BBD-S010	IMP-DL-D4351A3BBD	Downloads/theory-of-geometry-IV.tex	L3388-L3427	SOLUTION	8	IMP-DL-D4351A3BBD-P034	LINKED_SAME_FILE
IMP-DL-D4351A3BBD-S011	IMP-DL-D4351A3BBD	Downloads/theory-of-geometry-IV.tex	L4052-L4062	SOLUTION		IMP-DL-D4351A3BBD-P035	LINKED_SAME_FILE
IMP-DL-D4351A3BBD-S012	IMP-DL-D4351A3BBD	Downloads/theory-of-geometry-IV.tex	L4063-L4111	SOLUTION			ORPHAN_NEEDS_REVIEW
IMP-DL-D4351A3BBD-S013	IMP-DL-D4351A3BBD	Downloads/theory-of-geometry-IV.tex	L4112-L4194	SOLUTION	2		ORPHAN_NUMBERED_SOLUTION
IMP-DL-D4351A3BBD-S014	IMP-DL-D4351A3BBD	Downloads/theory-of-geometry-IV.tex	L4228-L4301	SOLUTION		IMP-DL-D4351A3BBD-P036	LINKED_SAME_FILE
IMP-DL-D4351A3BBD-S015	IMP-DL-D4351A3BBD	Downloads/theory-of-geometry-IV.tex	L4331-L4337	SOLUTION		IMP-DL-D4351A3BBD-P037	LINKED_SAME_FILE
IMP-DL-D4351A3BBD-S016	IMP-DL-D4351A3BBD	Downloads/theory-of-geometry-IV.tex	L4338-L4355	SOLUTION	1	IMP-DL-D4351A3BBD-P005	LINKED_SAME_FILE
IMP-DL-D4351A3BBD-S017	IMP-DL-D4351A3BBD	Downloads/theory-of-geometry-IV.tex	L4356-L4491	SOLUTION	2		ORPHAN_NUMBERED_SOLUTION
IMP-DL-0EB9CBD958-S001	IMP-DL-0EB9CBD958	Downloads/theory-of-geometry.tex	L224-L264	SOLUTION	1(a)	IMP-DL-0EB9CBD958-P002	LINKED_SAME_FILE
IMP-DL-0EB9CBD958-S002	IMP-DL-0EB9CBD958	Downloads/theory-of-geometry.tex	L301-L356	SOLUTION	1(b)	IMP-DL-0EB9CBD958-P005	LINKED_SAME_FILE
IMP-DL-0EB9CBD958-S003	IMP-DL-0EB9CBD958	Downloads/theory-of-geometry.tex	L390-L432	SOLUTION	1(c)	IMP-DL-0EB9CBD958-P008	LINKED_SAME_FILE
IMP-DL-0EB9CBD958-S004	IMP-DL-0EB9CBD958	Downloads/theory-of-geometry.tex	L510-L1282	SOLUTION	2	IMP-DL-0EB9CBD958-P010	LINKED_SAME_FILE
IMP-DL-0EB9CBD958-S005	IMP-DL-0EB9CBD958	Downloads/theory-of-geometry.tex	L1361-L1501	SOLUTION	3	IMP-DL-0EB9CBD958-P015	LINKED_SAME_FILE
IMP-DL-0EB9CBD958-S006	IMP-DL-0EB9CBD958	Downloads/theory-of-geometry.tex	L1706-L1763	SOLUTION	4	IMP-DL-0EB9CBD958-P033	LINKED_SAME_FILE
IMP-DL-0EB9CBD958-S007	IMP-DL-0EB9CBD958	Downloads/theory-of-geometry.tex	L1764-L1824	SOLUTION	4	IMP-DL-0EB9CBD958-P033	LINKED_SAME_FILE
IMP-DL-0EB9CBD958-S008	IMP-DL-0EB9CBD958	Downloads/theory-of-geometry.tex	L1825-L1841	SOLUTION	4	IMP-DL-0EB9CBD958-P033	LINKED_SAME_FILE
IMP-DL-0EB9CBD958-S009	IMP-DL-0EB9CBD958	Downloads/theory-of-geometry.tex	L1888-L1938	SOLUTION	5	IMP-DL-0EB9CBD958-P034	LINKED_SAME_FILE
IMP-DL-0EB9CBD958-S010	IMP-DL-0EB9CBD958	Downloads/theory-of-geometry.tex	L1939-L1992	SOLUTION	5	IMP-DL-0EB9CBD958-P034	LINKED_SAME_FILE
IMP-DL-0EB9CBD958-S011	IMP-DL-0EB9CBD958	Downloads/theory-of-geometry.tex	L1993-L2068	SOLUTION	5	IMP-DL-0EB9CBD958-P034	LINKED_SAME_FILE
IMP-DL-0EB9CBD958-S012	IMP-DL-0EB9CBD958	Downloads/theory-of-geometry.tex	L2190-L2280	SOLUTION	6	IMP-DL-0EB9CBD958-P035	LINKED_SAME_FILE
IMP-DL-0EB9CBD958-S013	IMP-DL-0EB9CBD958	Downloads/theory-of-geometry.tex	L2318-L2319	SOLUTION	7	IMP-DL-0EB9CBD958-P036	LINKED_SAME_FILE
IMP-DL-0EB9CBD958-S014	IMP-DL-0EB9CBD958	Downloads/theory-of-geometry.tex	L3105-L3336	SOLUTION	E1	IMP-DL-0EB9CBD958-P037	LINKED_SAME_FILE
IMP-DL-0EB9CBD958-S015	IMP-DL-0EB9CBD958	Downloads/theory-of-geometry.tex	L3833-L3886	SOLUTION	E2	IMP-DL-0EB9CBD958-P072	LINKED_SAME_FILE
IMP-DL-0EB9CBD958-S016	IMP-DL-0EB9CBD958	Downloads/theory-of-geometry.tex	L3887-L3913	SOLUTION	E2	IMP-DL-0EB9CBD958-P076	LINKED_SAME_FILE
IMP-DL-0EB9CBD958-S017	IMP-DL-0EB9CBD958	Downloads/theory-of-geometry.tex	L3914-L4069	SOLUTION	E2	IMP-DL-0EB9CBD958-P076	LINKED_SAME_FILE
IMP-DL-0EB9CBD958-S018	IMP-DL-0EB9CBD958	Downloads/theory-of-geometry.tex	L5431-L5639	SOLUTION	3	IMP-DL-0EB9CBD958-P083	LINKED_SAME_FILE
IMP-DL-3E276561C4-S001	IMP-DL-3E276561C4	Downloads/theory-of-linear-algebra-1.tex	L271-L335	SOLUTION	1	IMP-DL-3E276561C4-P001	LINKED_SAME_FILE
IMP-DL-3E276561C4-S002	IMP-DL-3E276561C4	Downloads/theory-of-linear-algebra-1.tex	L350-L390	SOLUTION	2	IMP-DL-3E276561C4-P001	LINKED_SAME_FILE
IMP-DL-3E276561C4-S003	IMP-DL-3E276561C4	Downloads/theory-of-linear-algebra-1.tex	L407-L475	SOLUTION	3	IMP-DL-3E276561C4-P001	LINKED_SAME_FILE
IMP-DL-3E276561C4-S004	IMP-DL-3E276561C4	Downloads/theory-of-linear-algebra-1.tex	L621-L672	SOLUTION	4	IMP-DL-3E276561C4-P001	LINKED_SAME_FILE
IMP-DL-3E276561C4-S005	IMP-DL-3E276561C4	Downloads/theory-of-linear-algebra-1.tex	L687-L739	SOLUTION	5	IMP-DL-3E276561C4-P001	LINKED_SAME_FILE
IMP-DL-3E276561C4-S006	IMP-DL-3E276561C4	Downloads/theory-of-linear-algebra-1.tex	L757-L809	SOLUTION	6	IMP-DL-3E276561C4-P001	LINKED_SAME_FILE
IMP-DL-3E276561C4-S007	IMP-DL-3E276561C4	Downloads/theory-of-linear-algebra-1.tex	L1204-L1247	SOLUTION	7	IMP-DL-3E276561C4-P001	LINKED_SAME_FILE
IMP-DL-3E276561C4-S008	IMP-DL-3E276561C4	Downloads/theory-of-linear-algebra-1.tex	L1260-L1291	SOLUTION	8	IMP-DL-3E276561C4-P001	LINKED_SAME_FILE
IMP-DL-3E276561C4-S009	IMP-DL-3E276561C4	Downloads/theory-of-linear-algebra-1.tex	L1297-L1327	SOLUTION	9	IMP-DL-3E276561C4-P001	LINKED_SAME_FILE
IMP-DL-3E276561C4-S010	IMP-DL-3E276561C4	Downloads/theory-of-linear-algebra-1.tex	L1338-L1357	SOLUTION	10	IMP-DL-3E276561C4-P001	LINKED_SAME_FILE
IMP-DL-3E276561C4-S011	IMP-DL-3E276561C4	Downloads/theory-of-linear-algebra-1.tex	L1379-L1406	SOLUTION	11	IMP-DL-3E276561C4-P001	LINKED_SAME_FILE
IMP-DL-3E276561C4-S012	IMP-DL-3E276561C4	Downloads/theory-of-linear-algebra-1.tex	L1418-L1442	SOLUTION	12	IMP-DL-3E276561C4-P001	LINKED_SAME_FILE
IMP-DL-3E276561C4-S013	IMP-DL-3E276561C4	Downloads/theory-of-linear-algebra-1.tex	L1612-L1657	SOLUTION	1	IMP-DL-3E276561C4-P002	LINKED_SAME_FILE
IMP-DL-3E276561C4-S014	IMP-DL-3E276561C4	Downloads/theory-of-linear-algebra-1.tex	L1667-L1690	SOLUTION	2	IMP-DL-3E276561C4-P003	LINKED_SAME_FILE
IMP-DL-3E276561C4-S015	IMP-DL-3E276561C4	Downloads/theory-of-linear-algebra-1.tex	L1691-L1716	SOLUTION	2	IMP-DL-3E276561C4-P003	LINKED_SAME_FILE
IMP-DL-3E276561C4-S016	IMP-DL-3E276561C4	Downloads/theory-of-linear-algebra-1.tex	L1738-L1765	SOLUTION	4	IMP-DL-3E276561C4-P004	LINKED_SAME_FILE
IMP-DL-3E276561C4-S017	IMP-DL-3E276561C4	Downloads/theory-of-linear-algebra-1.tex	L1840-L1892	SOLUTION	5	IMP-DL-3E276561C4-P005	LINKED_SAME_FILE
IMP-DL-3E276561C4-S018	IMP-DL-3E276561C4	Downloads/theory-of-linear-algebra-1.tex	L1893-L1921	SOLUTION	5	IMP-DL-3E276561C4-P005	LINKED_SAME_FILE
IMP-DL-3E276561C4-S019	IMP-DL-3E276561C4	Downloads/theory-of-linear-algebra-1.tex	L1934-L1965	SOLUTION	7	IMP-DL-3E276561C4-P006	LINKED_SAME_FILE
IMP-DL-3E276561C4-S020	IMP-DL-3E276561C4	Downloads/theory-of-linear-algebra-1.tex	L1966-L1980	SOLUTION	7	IMP-DL-3E276561C4-P006	LINKED_SAME_FILE
IMP-DL-3E276561C4-S021	IMP-DL-3E276561C4	Downloads/theory-of-linear-algebra-1.tex	L2105-L2132	SOLUTION	9	IMP-DL-3E276561C4-P007	LINKED_SAME_FILE
IMP-DL-3E276561C4-S022	IMP-DL-3E276561C4	Downloads/theory-of-linear-algebra-1.tex	L2153-L2168	SOLUTION	10	IMP-DL-3E276561C4-P008	LINKED_SAME_FILE
IMP-DL-3E276561C4-S023	IMP-DL-3E276561C4	Downloads/theory-of-linear-algebra-1.tex	L2177-L2197	SOLUTION	11	IMP-DL-3E276561C4-P009	LINKED_SAME_FILE
IMP-DL-3E276561C4-S024	IMP-DL-3E276561C4	Downloads/theory-of-linear-algebra-1.tex	L2210-L2221	SOLUTION	12	IMP-DL-3E276561C4-P010	LINKED_SAME_FILE
IMP-DL-3E276561C4-S025	IMP-DL-3E276561C4	Downloads/theory-of-linear-algebra-1.tex	L2324-L2378	SOLUTION	1	IMP-DL-3E276561C4-P011	LINKED_SAME_FILE
IMP-DL-3E276561C4-S026	IMP-DL-3E276561C4	Downloads/theory-of-linear-algebra-1.tex	L2385-L2396	SOLUTION	2	IMP-DL-3E276561C4-P012	LINKED_SAME_FILE
IMP-DL-3E276561C4-S027	IMP-DL-3E276561C4	Downloads/theory-of-linear-algebra-1.tex	L2402-L2407	SOLUTION	3	IMP-DL-3E276561C4-P013	LINKED_SAME_FILE
IMP-DL-3E276561C4-S028	IMP-DL-3E276561C4	Downloads/theory-of-linear-algebra-1.tex	L2413-L2437	SOLUTION	4	IMP-DL-3E276561C4-P014	LINKED_SAME_FILE
IMP-DL-3E276561C4-S029	IMP-DL-3E276561C4	Downloads/theory-of-linear-algebra-1.tex	L2446-L2455	SOLUTION	5	IMP-DL-3E276561C4-P015	LINKED_SAME_FILE
IMP-DL-3E276561C4-S030	IMP-DL-3E276561C4	Downloads/theory-of-linear-algebra-1.tex	L2467-L2489	SOLUTION	5	IMP-DL-3E276561C4-P015	LINKED_SAME_FILE
IMP-DL-3E276561C4-S031	IMP-DL-3E276561C4	Downloads/theory-of-linear-algebra-1.tex	L2726-L2760	SOLUTION	7	IMP-DL-3E276561C4-P025	LINKED_SAME_FILE
IMP-DL-3E276561C4-S032	IMP-DL-3E276561C4	Downloads/theory-of-linear-algebra-1.tex	L2767-L2793	SOLUTION	8	IMP-DL-3E276561C4-P026	LINKED_SAME_FILE
IMP-DL-3E276561C4-S033	IMP-DL-3E276561C4	Downloads/theory-of-linear-algebra-1.tex	L2800-L2824	SOLUTION	9	IMP-DL-3E276561C4-P027	LINKED_SAME_FILE
IMP-DL-3E276561C4-S034	IMP-DL-3E276561C4	Downloads/theory-of-linear-algebra-1.tex	L2833-L2866	SOLUTION	10	IMP-DL-3E276561C4-P028	LINKED_SAME_FILE
IMP-DL-3E276561C4-S035	IMP-DL-3E276561C4	Downloads/theory-of-linear-algebra-1.tex	L2991-L3012	SOLUTION	11	IMP-DL-3E276561C4-P028	LINKED_SAME_FILE
IMP-DL-3E276561C4-S036	IMP-DL-3E276561C4	Downloads/theory-of-linear-algebra-1.tex	L3013-L3035	SOLUTION	11	IMP-DL-3E276561C4-P028	LINKED_SAME_FILE
IMP-DL-3E276561C4-S037	IMP-DL-3E276561C4	Downloads/theory-of-linear-algebra-1.tex	L3036-L3046	SOLUTION	11	IMP-DL-3E276561C4-P028	LINKED_SAME_FILE
IMP-DL-3E276561C4-S038	IMP-DL-3E276561C4	Downloads/theory-of-linear-algebra-1.tex	L3054-L3069	SOLUTION	12	IMP-DL-3E276561C4-P028	LINKED_SAME_FILE
IMP-DL-3E276561C4-S039	IMP-DL-3E276561C4	Downloads/theory-of-linear-algebra-1.tex	L3085-L3100	SOLUTION	13	IMP-DL-3E276561C4-P028	LINKED_SAME_FILE
IMP-DL-3E276561C4-S040	IMP-DL-3E276561C4	Downloads/theory-of-linear-algebra-1.tex	L3107-L3119	SOLUTION		IMP-DL-3E276561C4-P028	LINKED_SAME_FILE
IMP-DL-3E276561C4-S041	IMP-DL-3E276561C4	Downloads/theory-of-linear-algebra-1.tex	L3126-L3156	SOLUTION		IMP-DL-3E276561C4-P028	LINKED_SAME_FILE
IMP-DL-3E276561C4-S042	IMP-DL-3E276561C4	Downloads/theory-of-linear-algebra-1.tex	L3162-L3167	SOLUTION		IMP-DL-3E276561C4-P028	LINKED_SAME_FILE
IMP-DL-3E276561C4-S043	IMP-DL-3E276561C4	Downloads/theory-of-linear-algebra-1.tex	L3173-L3194	SOLUTION	11	IMP-DL-3E276561C4-P029	LINKED_SAME_FILE
IMP-DL-3E276561C4-S044	IMP-DL-3E276561C4	Downloads/theory-of-linear-algebra-1.tex	L3195-L3217	SOLUTION	11	IMP-DL-3E276561C4-P029	LINKED_SAME_FILE
IMP-DL-3E276561C4-S045	IMP-DL-3E276561C4	Downloads/theory-of-linear-algebra-1.tex	L3218-L3228	SOLUTION	11	IMP-DL-3E276561C4-P029	LINKED_SAME_FILE
IMP-DL-3E276561C4-S046	IMP-DL-3E276561C4	Downloads/theory-of-linear-algebra-1.tex	L3236-L3251	SOLUTION	12	IMP-DL-3E276561C4-P030	LINKED_SAME_FILE
IMP-DL-3E276561C4-S047	IMP-DL-3E276561C4	Downloads/theory-of-linear-algebra-1.tex	L3267-L3282	SOLUTION	13	IMP-DL-3E276561C4-P031	LINKED_SAME_FILE
IMP-DL-3E276561C4-S048	IMP-DL-3E276561C4	Downloads/theory-of-linear-algebra-1.tex	L3289-L3301	SOLUTION		IMP-DL-3E276561C4-P031	LINKED_SAME_FILE
IMP-DL-3E276561C4-S049	IMP-DL-3E276561C4	Downloads/theory-of-linear-algebra-1.tex	L3308-L3338	SOLUTION		IMP-DL-3E276561C4-P031	LINKED_SAME_FILE
IMP-DL-3E276561C4-S050	IMP-DL-3E276561C4	Downloads/theory-of-linear-algebra-1.tex	L3344-L3348	SOLUTION		IMP-DL-3E276561C4-P031	LINKED_SAME_FILE
IMP-DL-3E276561C4-S051	IMP-DL-3E276561C4	Downloads/theory-of-linear-algebra-1.tex	L3481-L3529	SOLUTION	1	IMP-DL-3E276561C4-P032	LINKED_SAME_FILE
IMP-DL-3E276561C4-S052	IMP-DL-3E276561C4	Downloads/theory-of-linear-algebra-1.tex	L3544-L3599	SOLUTION	2	IMP-DL-3E276561C4-P033	LINKED_SAME_FILE
IMP-DL-3E276561C4-S053	IMP-DL-3E276561C4	Downloads/theory-of-linear-algebra-1.tex	L3600-L3634	SOLUTION	2	IMP-DL-3E276561C4-P033	LINKED_SAME_FILE
IMP-DL-3E276561C4-S054	IMP-DL-3E276561C4	Downloads/theory-of-linear-algebra-1.tex	L3645-L3662	SOLUTION	4	IMP-DL-3E276561C4-P034	LINKED_SAME_FILE
IMP-DL-3E276561C4-S055	IMP-DL-3E276561C4	Downloads/theory-of-linear-algebra-1.tex	L3679-L3722	SOLUTION	5	IMP-DL-3E276561C4-P035	LINKED_SAME_FILE
IMP-DL-3E276561C4-S056	IMP-DL-3E276561C4	Downloads/theory-of-linear-algebra-1.tex	L3991-L4049	SOLUTION	6	IMP-DL-3E276561C4-P036	LINKED_SAME_FILE
IMP-DL-3E276561C4-S057	IMP-DL-3E276561C4	Downloads/theory-of-linear-algebra-1.tex	L4061-L4096	SOLUTION	7	IMP-DL-3E276561C4-P037	LINKED_SAME_FILE
IMP-DL-3E276561C4-S058	IMP-DL-3E276561C4	Downloads/theory-of-linear-algebra-1.tex	L4106-L4138	SOLUTION	8	IMP-DL-3E276561C4-P038	LINKED_SAME_FILE
IMP-DL-3E276561C4-S059	IMP-DL-3E276561C4	Downloads/theory-of-linear-algebra-1.tex	L4164-L4267	SOLUTION	9	IMP-DL-3E276561C4-P039	LINKED_SAME_FILE
IMP-DL-3E276561C4-S060	IMP-DL-3E276561C4	Downloads/theory-of-linear-algebra-1.tex	L4573-L4612	SOLUTION	10	IMP-DL-3E276561C4-P040	LINKED_SAME_FILE
IMP-DL-3E276561C4-S061	IMP-DL-3E276561C4	Downloads/theory-of-linear-algebra-1.tex	L4613-L4616	SOLUTION	2	IMP-DL-3E276561C4-P040	LINKED_SAME_FILE
IMP-DL-3E276561C4-S062	IMP-DL-3E276561C4	Downloads/theory-of-linear-algebra-1.tex	L4623-L4639	SOLUTION	11	IMP-DL-3E276561C4-P041	LINKED_SAME_FILE
IMP-DL-3E276561C4-S063	IMP-DL-3E276561C4	Downloads/theory-of-linear-algebra-1.tex	L4648-L4675	SOLUTION	12	IMP-DL-3E276561C4-P042	LINKED_SAME_FILE
IMP-DL-8D5CF4CFBA-S001	IMP-DL-8D5CF4CFBA	Downloads/theory-of-linear-algebra-2.tex	L335-L347	SOLUTION	1	IMP-DL-8D5CF4CFBA-P001	LINKED_SAME_FILE
IMP-DL-8D5CF4CFBA-S002	IMP-DL-8D5CF4CFBA	Downloads/theory-of-linear-algebra-2.tex	L361-L392	SOLUTION	2	IMP-DL-8D5CF4CFBA-P002	LINKED_SAME_FILE
IMP-DL-8D5CF4CFBA-S003	IMP-DL-8D5CF4CFBA	Downloads/theory-of-linear-algebra-2.tex	L406-L448	SOLUTION	3	IMP-DL-8D5CF4CFBA-P003	LINKED_SAME_FILE
IMP-DL-8D5CF4CFBA-S004	IMP-DL-8D5CF4CFBA	Downloads/theory-of-linear-algebra-2.tex	L449-L479	SOLUTION	3	IMP-DL-8D5CF4CFBA-P003	LINKED_SAME_FILE
IMP-DL-8D5CF4CFBA-S005	IMP-DL-8D5CF4CFBA	Downloads/theory-of-linear-algebra-2.tex	L491-L530	SOLUTION	5	IMP-DL-8D5CF4CFBA-P004	LINKED_SAME_FILE
IMP-DL-8D5CF4CFBA-S006	IMP-DL-8D5CF4CFBA	Downloads/theory-of-linear-algebra-2.tex	L538-L582	SOLUTION	6	IMP-DL-8D5CF4CFBA-P005	LINKED_SAME_FILE
IMP-DL-8D5CF4CFBA-S007	IMP-DL-8D5CF4CFBA	Downloads/theory-of-linear-algebra-2.tex	L599-L666	SOLUTION	7	IMP-DL-8D5CF4CFBA-P006	LINKED_SAME_FILE
IMP-DL-8D5CF4CFBA-S008	IMP-DL-8D5CF4CFBA	Downloads/theory-of-linear-algebra-2.tex	L697-L783	SOLUTION	8	IMP-DL-8D5CF4CFBA-P007	LINKED_SAME_FILE
IMP-DL-8D5CF4CFBA-S009	IMP-DL-8D5CF4CFBA	Downloads/theory-of-linear-algebra-2.tex	L798-L858	SOLUTION	9	IMP-DL-8D5CF4CFBA-P008	LINKED_SAME_FILE
IMP-DL-8D5CF4CFBA-S010	IMP-DL-8D5CF4CFBA	Downloads/theory-of-linear-algebra-2.tex	L875-L928	SOLUTION	10	IMP-DL-8D5CF4CFBA-P009	LINKED_SAME_FILE
IMP-DL-8D5CF4CFBA-S011	IMP-DL-8D5CF4CFBA	Downloads/theory-of-linear-algebra-2.tex	L942-L971	SOLUTION	11	IMP-DL-8D5CF4CFBA-P010	LINKED_SAME_FILE
IMP-DL-8D5CF4CFBA-S012	IMP-DL-8D5CF4CFBA	Downloads/theory-of-linear-algebra-2.tex	L990-L1032	SOLUTION	12	IMP-DL-8D5CF4CFBA-P011	LINKED_SAME_FILE
IMP-DL-8D5CF4CFBA-S013	IMP-DL-8D5CF4CFBA	Downloads/theory-of-linear-algebra-2.tex	L1632-L1686	SOLUTION	1	IMP-DL-8D5CF4CFBA-P012	LINKED_SAME_FILE
IMP-DL-8D5CF4CFBA-S014	IMP-DL-8D5CF4CFBA	Downloads/theory-of-linear-algebra-2.tex	L1703-L1753	SOLUTION	2	IMP-DL-8D5CF4CFBA-P013	LINKED_SAME_FILE
IMP-DL-8D5CF4CFBA-S015	IMP-DL-8D5CF4CFBA	Downloads/theory-of-linear-algebra-2.tex	L1770-L1809	SOLUTION	3	IMP-DL-8D5CF4CFBA-P014	LINKED_SAME_FILE
IMP-DL-8D5CF4CFBA-S016	IMP-DL-8D5CF4CFBA	Downloads/theory-of-linear-algebra-2.tex	L1815-L1822	SOLUTION	4	IMP-DL-8D5CF4CFBA-P015	LINKED_SAME_FILE
IMP-DL-8D5CF4CFBA-S017	IMP-DL-8D5CF4CFBA	Downloads/theory-of-linear-algebra-2.tex	L1832-L1845	SOLUTION	5	IMP-DL-8D5CF4CFBA-P016	LINKED_SAME_FILE
IMP-DL-8D5CF4CFBA-S018	IMP-DL-8D5CF4CFBA	Downloads/theory-of-linear-algebra-2.tex	L1868-L1903	SOLUTION	6	IMP-DL-8D5CF4CFBA-P017	LINKED_SAME_FILE
IMP-DL-8D5CF4CFBA-S019	IMP-DL-8D5CF4CFBA	Downloads/theory-of-linear-algebra-2.tex	L1917-L1985	SOLUTION	7	IMP-DL-8D5CF4CFBA-P018	LINKED_SAME_FILE
IMP-DL-8D5CF4CFBA-S020	IMP-DL-8D5CF4CFBA	Downloads/theory-of-linear-algebra-2.tex	L2007-L2098	SOLUTION	8	IMP-DL-8D5CF4CFBA-P019	LINKED_SAME_FILE
IMP-DL-8D5CF4CFBA-S021	IMP-DL-8D5CF4CFBA	Downloads/theory-of-linear-algebra-2.tex	L2121-L2159	SOLUTION	10	IMP-DL-8D5CF4CFBA-P020	LINKED_SAME_FILE
IMP-DL-8D5CF4CFBA-S022	IMP-DL-8D5CF4CFBA	Downloads/theory-of-linear-algebra-2.tex	L2167-L2179	SOLUTION	11	IMP-DL-8D5CF4CFBA-P021	LINKED_SAME_FILE
IMP-DL-8D5CF4CFBA-S023	IMP-DL-8D5CF4CFBA	Downloads/theory-of-linear-algebra-2.tex	L2205-L2260	SOLUTION	12	IMP-DL-8D5CF4CFBA-P022	LINKED_SAME_FILE
IMP-DL-8D5CF4CFBA-S024	IMP-DL-8D5CF4CFBA	Downloads/theory-of-linear-algebra-2.tex	L2261-L2306	SOLUTION	12	IMP-DL-8D5CF4CFBA-P022	LINKED_SAME_FILE
IMP-DL-8D5CF4CFBA-S025	IMP-DL-8D5CF4CFBA	Downloads/theory-of-linear-algebra-2.tex	L2307-L2358	SOLUTION	12	IMP-DL-8D5CF4CFBA-P022	LINKED_SAME_FILE
IMP-DL-8D5CF4CFBA-S026	IMP-DL-8D5CF4CFBA	Downloads/theory-of-linear-algebra-2.tex	L2359-L2419	SOLUTION	12	IMP-DL-8D5CF4CFBA-P022	LINKED_SAME_FILE
IMP-DL-8D5CF4CFBA-S027	IMP-DL-8D5CF4CFBA	Downloads/theory-of-linear-algebra-2.tex	L2420-L2461	SOLUTION	12	IMP-DL-8D5CF4CFBA-P022	LINKED_SAME_FILE
IMP-DL-8D5CF4CFBA-S028	IMP-DL-8D5CF4CFBA	Downloads/theory-of-linear-algebra-2.tex	L2462-L2496	SOLUTION	12	IMP-DL-8D5CF4CFBA-P022	LINKED_SAME_FILE
IMP-DL-8D5CF4CFBA-S029	IMP-DL-8D5CF4CFBA	Downloads/theory-of-linear-algebra-2.tex	L2497-L2544	SOLUTION	12	IMP-DL-8D5CF4CFBA-P022	LINKED_SAME_FILE
IMP-DL-8D5CF4CFBA-S030	IMP-DL-8D5CF4CFBA	Downloads/theory-of-linear-algebra-2.tex	L2562-L2620	SOLUTION	6	IMP-DL-8D5CF4CFBA-P023	LINKED_SAME_FILE
IMP-DL-8D5CF4CFBA-S031	IMP-DL-8D5CF4CFBA	Downloads/theory-of-linear-algebra-2.tex	L2621-L2685	SOLUTION	6	IMP-DL-8D5CF4CFBA-P023	LINKED_SAME_FILE
IMP-DL-8D5CF4CFBA-S032	IMP-DL-8D5CF4CFBA	Downloads/theory-of-linear-algebra-2.tex	L2686-L2771	SOLUTION	6	IMP-DL-8D5CF4CFBA-P023	LINKED_SAME_FILE
IMP-DL-8D5CF4CFBA-S033	IMP-DL-8D5CF4CFBA	Downloads/theory-of-linear-algebra-2.tex	L2783-L2822	SOLUTION	7	IMP-DL-8D5CF4CFBA-P024	LINKED_SAME_FILE
IMP-DL-8D5CF4CFBA-S034	IMP-DL-8D5CF4CFBA	Downloads/theory-of-linear-algebra-2.tex	L2834-L2863	SOLUTION	8	IMP-DL-8D5CF4CFBA-P025	LINKED_SAME_FILE
IMP-DL-8D5CF4CFBA-S035	IMP-DL-8D5CF4CFBA	Downloads/theory-of-linear-algebra-2.tex	L2878-L2911	SOLUTION	9	IMP-DL-8D5CF4CFBA-P026	LINKED_SAME_FILE
IMP-DL-8D5CF4CFBA-S036	IMP-DL-8D5CF4CFBA	Downloads/theory-of-linear-algebra-2.tex	L2935-L2982	SOLUTION	10	IMP-DL-8D5CF4CFBA-P027	LINKED_SAME_FILE
IMP-DL-8D5CF4CFBA-S037	IMP-DL-8D5CF4CFBA	Downloads/theory-of-linear-algebra-2.tex	L2997-L3041	SOLUTION	11	IMP-DL-8D5CF4CFBA-P028	LINKED_SAME_FILE
IMP-DL-8D5CF4CFBA-S038	IMP-DL-8D5CF4CFBA	Downloads/theory-of-linear-algebra-2.tex	L3062-L3154	SOLUTION	12	IMP-DL-8D5CF4CFBA-P029	LINKED_SAME_FILE
IMP-DL-8D5CF4CFBA-S039	IMP-DL-8D5CF4CFBA	Downloads/theory-of-linear-algebra-2.tex	L3300-L3321	SOLUTION	1	IMP-DL-8D5CF4CFBA-P030	LINKED_SAME_FILE
IMP-DL-8D5CF4CFBA-S040	IMP-DL-8D5CF4CFBA	Downloads/theory-of-linear-algebra-2.tex	L3334-L3381	SOLUTION	2	IMP-DL-8D5CF4CFBA-P031	LINKED_SAME_FILE
IMP-DL-8D5CF4CFBA-S041	IMP-DL-8D5CF4CFBA	Downloads/theory-of-linear-algebra-2.tex	L3389-L3417	SOLUTION	3	IMP-DL-8D5CF4CFBA-P032	LINKED_SAME_FILE
IMP-DL-8D5CF4CFBA-S042	IMP-DL-8D5CF4CFBA	Downloads/theory-of-linear-algebra-2.tex	L3432-L3482	SOLUTION	4	IMP-DL-8D5CF4CFBA-P033	LINKED_SAME_FILE
IMP-DL-8D5CF4CFBA-S043	IMP-DL-8D5CF4CFBA	Downloads/theory-of-linear-algebra-2.tex	L3483-L3503	SOLUTION	4	IMP-DL-8D5CF4CFBA-P033	LINKED_SAME_FILE
IMP-DL-8D5CF4CFBA-S044	IMP-DL-8D5CF4CFBA	Downloads/theory-of-linear-algebra-2.tex	L3522-L3591	SOLUTION	6	IMP-DL-8D5CF4CFBA-P034	LINKED_SAME_FILE
IMP-DL-8D5CF4CFBA-S045	IMP-DL-8D5CF4CFBA	Downloads/theory-of-linear-algebra-2.tex	L3598-L3629	SOLUTION	7	IMP-DL-8D5CF4CFBA-P035	LINKED_SAME_FILE
IMP-DL-8D5CF4CFBA-S046	IMP-DL-8D5CF4CFBA	Downloads/theory-of-linear-algebra-2.tex	L3648-L3675	SOLUTION	8	IMP-DL-8D5CF4CFBA-P036	LINKED_SAME_FILE
IMP-DL-8D5CF4CFBA-S047	IMP-DL-8D5CF4CFBA	Downloads/theory-of-linear-algebra-2.tex	L3695-L3734	SOLUTION	9	IMP-DL-8D5CF4CFBA-P037	LINKED_SAME_FILE
IMP-DL-8D5CF4CFBA-S048	IMP-DL-8D5CF4CFBA	Downloads/theory-of-linear-algebra-2.tex	L3748-L3770	SOLUTION	10	IMP-DL-8D5CF4CFBA-P038	LINKED_SAME_FILE
IMP-DL-8D5CF4CFBA-S049	IMP-DL-8D5CF4CFBA	Downloads/theory-of-linear-algebra-2.tex	L3793-L3856	SOLUTION	11	IMP-DL-8D5CF4CFBA-P039	LINKED_SAME_FILE
IMP-DL-8D5CF4CFBA-S050	IMP-DL-8D5CF4CFBA	Downloads/theory-of-linear-algebra-2.tex	L3868-L3894	SOLUTION	12	IMP-DL-8D5CF4CFBA-P040	LINKED_SAME_FILE
IMP-DL-8D5CF4CFBA-S051	IMP-DL-8D5CF4CFBA	Downloads/theory-of-linear-algebra-2.tex	L3912-L3969	SOLUTION	13	IMP-DL-8D5CF4CFBA-P041	LINKED_SAME_FILE
IMP-DL-183AD43C4C-S001	IMP-DL-183AD43C4C	Downloads/theory-of-real-analysis.tex	L376-L378	SOLUTION	3.4	IMP-DL-183AD43C4C-P018	LINKED_SAME_FILE
IMP-DL-183AD43C4C-S002	IMP-DL-183AD43C4C	Downloads/theory-of-real-analysis.tex	L391-L423	SOLUTION	3.5	IMP-DL-183AD43C4C-P019	LINKED_SAME_FILE
IMP-DL-183AD43C4C-S003	IMP-DL-183AD43C4C	Downloads/theory-of-real-analysis.tex	L433-L438	SOLUTION	3.6	IMP-DL-183AD43C4C-P020	LINKED_SAME_FILE
IMP-DL-183AD43C4C-S004	IMP-DL-183AD43C4C	Downloads/theory-of-real-analysis.tex	L452-L464	SOLUTION	3.6	IMP-DL-183AD43C4C-P020	LINKED_SAME_FILE
IMP-DL-183AD43C4C-S005	IMP-DL-183AD43C4C	Downloads/theory-of-real-analysis.tex	L469-L474	SOLUTION	3.6	IMP-DL-183AD43C4C-P020	LINKED_SAME_FILE
IMP-DL-183AD43C4C-S006	IMP-DL-183AD43C4C	Downloads/theory-of-real-analysis.tex	L515-L519	SOLUTION	3.8	IMP-DL-183AD43C4C-P021	LINKED_SAME_FILE
IMP-DL-183AD43C4C-S007	IMP-DL-183AD43C4C	Downloads/theory-of-real-analysis.tex	L527-L538	SOLUTION	3.8	IMP-DL-183AD43C4C-P021	LINKED_SAME_FILE
IMP-DL-183AD43C4C-S008	IMP-DL-183AD43C4C	Downloads/theory-of-real-analysis.tex	L545-L554	SOLUTION	3.8	IMP-DL-183AD43C4C-P021	LINKED_SAME_FILE
IMP-DL-183AD43C4C-S009	IMP-DL-183AD43C4C	Downloads/theory-of-real-analysis.tex	L560-L567	SOLUTION	3.8	IMP-DL-183AD43C4C-P022	LINKED_SAME_FILE
IMP-DL-183AD43C4C-S010	IMP-DL-183AD43C4C	Downloads/theory-of-real-analysis.tex	L577-L585	SOLUTION	3.9	IMP-DL-183AD43C4C-P023	LINKED_SAME_FILE
IMP-DL-183AD43C4C-S011	IMP-DL-183AD43C4C	Downloads/theory-of-real-analysis.tex	L634-L645	SOLUTION	4.1	IMP-DL-183AD43C4C-P023	LINKED_SAME_FILE
IMP-DL-183AD43C4C-S012	IMP-DL-183AD43C4C	Downloads/theory-of-real-analysis.tex	L648-L657	SOLUTION	4.2	IMP-DL-183AD43C4C-P023	LINKED_SAME_FILE
IMP-DL-183AD43C4C-S013	IMP-DL-183AD43C4C	Downloads/theory-of-real-analysis.tex	L660-L665	SOLUTION	4.3	IMP-DL-183AD43C4C-P023	LINKED_SAME_FILE
IMP-DL-183AD43C4C-S014	IMP-DL-183AD43C4C	Downloads/theory-of-real-analysis.tex	L668-L674	SOLUTION	4.4	IMP-DL-183AD43C4C-P023	LINKED_SAME_FILE
IMP-DL-183AD43C4C-S015	IMP-DL-183AD43C4C	Downloads/theory-of-real-analysis.tex	L693-L715	SOLUTION	4.5	IMP-DL-183AD43C4C-P023	LINKED_SAME_FILE
IMP-DL-183AD43C4C-S016	IMP-DL-183AD43C4C	Downloads/theory-of-real-analysis.tex	L748-L794	SOLUTION	4.6	IMP-DL-183AD43C4C-P023	LINKED_SAME_FILE
IMP-DL-183AD43C4C-S017	IMP-DL-183AD43C4C	Downloads/theory-of-real-analysis.tex	L808-L827	SOLUTION	4.7	IMP-DL-183AD43C4C-P023	LINKED_SAME_FILE
IMP-DL-183AD43C4C-S018	IMP-DL-183AD43C4C	Downloads/theory-of-real-analysis.tex	L836-L844	SOLUTION	5.1	IMP-DL-183AD43C4C-P023	LINKED_SAME_FILE
IMP-DL-183AD43C4C-S019	IMP-DL-183AD43C4C	Downloads/theory-of-real-analysis.tex	L850-L859	SOLUTION	5.2	IMP-DL-183AD43C4C-P023	LINKED_SAME_FILE
IMP-DL-183AD43C4C-S020	IMP-DL-183AD43C4C	Downloads/theory-of-real-analysis.tex	L868-L877	SOLUTION	5.3	IMP-DL-183AD43C4C-P023	LINKED_SAME_FILE
IMP-DL-183AD43C4C-S021	IMP-DL-183AD43C4C	Downloads/theory-of-real-analysis.tex	L893-L901	SOLUTION	5.4	IMP-DL-183AD43C4C-P023	LINKED_SAME_FILE
IMP-DL-183AD43C4C-S022	IMP-DL-183AD43C4C	Downloads/theory-of-real-analysis.tex	L936-L968	SOLUTION	5.5	IMP-DL-183AD43C4C-P023	LINKED_SAME_FILE
IMP-DL-183AD43C4C-S023	IMP-DL-183AD43C4C	Downloads/theory-of-real-analysis.tex	L989-L1012	SOLUTION	5.6	IMP-DL-183AD43C4C-P023	LINKED_SAME_FILE
IMP-DL-183AD43C4C-S024	IMP-DL-183AD43C4C	Downloads/theory-of-real-analysis.tex	L1032-L1051	SOLUTION	5.7	IMP-DL-183AD43C4C-P023	LINKED_SAME_FILE
IMP-DL-183AD43C4C-S025	IMP-DL-183AD43C4C	Downloads/theory-of-real-analysis.tex	L1069-L1094	SOLUTION	5.8	IMP-DL-183AD43C4C-P023	LINKED_SAME_FILE
IMP-DL-183AD43C4C-S026	IMP-DL-183AD43C4C	Downloads/theory-of-real-analysis.tex	L1122-L1151	SOLUTION	6.1	IMP-DL-183AD43C4C-P023	LINKED_SAME_FILE
IMP-DL-183AD43C4C-S027	IMP-DL-183AD43C4C	Downloads/theory-of-real-analysis.tex	L1161-L1182	SOLUTION	6.2	IMP-DL-183AD43C4C-P023	LINKED_SAME_FILE
IMP-DL-183AD43C4C-S028	IMP-DL-183AD43C4C	Downloads/theory-of-real-analysis.tex	L1192-L1202	SOLUTION	6.3	IMP-DL-183AD43C4C-P023	LINKED_SAME_FILE
IMP-DL-183AD43C4C-S029	IMP-DL-183AD43C4C	Downloads/theory-of-real-analysis.tex	L1212-L1234	SOLUTION	6.4	IMP-DL-183AD43C4C-P023	LINKED_SAME_FILE
IMP-DL-183AD43C4C-S030	IMP-DL-183AD43C4C	Downloads/theory-of-real-analysis.tex	L1244-L1254	SOLUTION	6.5	IMP-DL-183AD43C4C-P023	LINKED_SAME_FILE
IMP-DL-183AD43C4C-S031	IMP-DL-183AD43C4C	Downloads/theory-of-real-analysis.tex	L1264-L1283	SOLUTION	6.6	IMP-DL-183AD43C4C-P023	LINKED_SAME_FILE
IMP-DL-183AD43C4C-S032	IMP-DL-183AD43C4C	Downloads/theory-of-real-analysis.tex	L1310-L1339	SOLUTION	6.1	IMP-DL-183AD43C4C-P023	LINKED_SAME_FILE
IMP-DL-183AD43C4C-S033	IMP-DL-183AD43C4C	Downloads/theory-of-real-analysis.tex	L1352-L1384	SOLUTION	6.2	IMP-DL-183AD43C4C-P023	LINKED_SAME_FILE
IMP-DL-183AD43C4C-S034	IMP-DL-183AD43C4C	Downloads/theory-of-real-analysis.tex	L1401-L1418	SOLUTION	6.3	IMP-DL-183AD43C4C-P023	LINKED_SAME_FILE
IMP-DL-183AD43C4C-S035	IMP-DL-183AD43C4C	Downloads/theory-of-real-analysis.tex	L1437-L1458	SOLUTION	6.4	IMP-DL-183AD43C4C-P023	LINKED_SAME_FILE
IMP-DL-183AD43C4C-S036	IMP-DL-183AD43C4C	Downloads/theory-of-real-analysis.tex	L1485-L1522	SOLUTION	6.5	IMP-DL-183AD43C4C-P023	LINKED_SAME_FILE
IMP-DL-183AD43C4C-S037	IMP-DL-183AD43C4C	Downloads/theory-of-real-analysis.tex	L1542-L1569	SOLUTION	6.3	IMP-DL-183AD43C4C-P023	LINKED_SAME_FILE
IMP-DL-183AD43C4C-S038	IMP-DL-183AD43C4C	Downloads/theory-of-real-analysis.tex	L1600-L1630	SOLUTION	6.4	IMP-DL-183AD43C4C-P023	LINKED_SAME_FILE
IMP-DL-183AD43C4C-S039	IMP-DL-183AD43C4C	Downloads/theory-of-real-analysis.tex	L1682-L1722	SOLUTION	6.5	IMP-DL-183AD43C4C-P023	LINKED_SAME_FILE
IMP-DL-183AD43C4C-S040	IMP-DL-183AD43C4C	Downloads/theory-of-real-analysis.tex	L1727-L1737	SOLUTION	7.1	IMP-DL-183AD43C4C-P023	LINKED_SAME_FILE
IMP-DL-183AD43C4C-S041	IMP-DL-183AD43C4C	Downloads/theory-of-real-analysis.tex	L1750-L1764	SOLUTION	7.2	IMP-DL-183AD43C4C-P023	LINKED_SAME_FILE
IMP-DL-183AD43C4C-S042	IMP-DL-183AD43C4C	Downloads/theory-of-real-analysis.tex	L1773-L1781	SOLUTION	7.3	IMP-DL-183AD43C4C-P023	LINKED_SAME_FILE
IMP-DL-183AD43C4C-S043	IMP-DL-183AD43C4C	Downloads/theory-of-real-analysis.tex	L1791-L1798	SOLUTION	7.4	IMP-DL-183AD43C4C-P023	LINKED_SAME_FILE
IMP-DL-183AD43C4C-S044	IMP-DL-183AD43C4C	Downloads/theory-of-real-analysis.tex	L1807-L1820	SOLUTION	7.5	IMP-DL-183AD43C4C-P023	LINKED_SAME_FILE
IMP-DL-183AD43C4C-S045	IMP-DL-183AD43C4C	Downloads/theory-of-real-analysis.tex	L1833-L1843	SOLUTION	7.6	IMP-DL-183AD43C4C-P023	LINKED_SAME_FILE
IMP-DL-183AD43C4C-S046	IMP-DL-183AD43C4C	Downloads/theory-of-real-analysis.tex	L1854-L1860	SOLUTION	7.6	IMP-DL-183AD43C4C-P023	LINKED_SAME_FILE
IMP-DL-183AD43C4C-S047	IMP-DL-183AD43C4C	Downloads/theory-of-real-analysis.tex	L1867-L1879	SOLUTION	7.6	IMP-DL-183AD43C4C-P023	LINKED_SAME_FILE
IMP-DL-183AD43C4C-S048	IMP-DL-183AD43C4C	Downloads/theory-of-real-analysis.tex	L1908-L1919	SOLUTION	8.2	IMP-DL-183AD43C4C-P023	LINKED_SAME_FILE
IMP-DL-183AD43C4C-S049	IMP-DL-183AD43C4C	Downloads/theory-of-real-analysis.tex	L1930-L1933	SOLUTION	8.3	IMP-DL-183AD43C4C-P023	LINKED_SAME_FILE
IMP-DL-183AD43C4C-S050	IMP-DL-183AD43C4C	Downloads/theory-of-real-analysis.tex	L1937-L1942	SOLUTION	8.3	IMP-DL-183AD43C4C-P023	LINKED_SAME_FILE
IMP-DL-183AD43C4C-S051	IMP-DL-183AD43C4C	Downloads/theory-of-real-analysis.tex	L1977-L1982	SOLUTION	8.4	IMP-DL-183AD43C4C-P023	LINKED_SAME_FILE
IMP-DL-183AD43C4C-S052	IMP-DL-183AD43C4C	Downloads/theory-of-real-analysis.tex	L2012-L2022	SOLUTION	8.5	IMP-DL-183AD43C4C-P023	LINKED_SAME_FILE
IMP-DL-183AD43C4C-S053	IMP-DL-183AD43C4C	Downloads/theory-of-real-analysis.tex	L2069-L2080	SOLUTION	8.7	IMP-DL-183AD43C4C-P023	LINKED_SAME_FILE
IMP-DL-183AD43C4C-S054	IMP-DL-183AD43C4C	Downloads/theory-of-real-analysis.tex	L2085-L2106	SOLUTION	8.7	IMP-DL-183AD43C4C-P023	LINKED_SAME_FILE
IMP-DL-183AD43C4C-S055	IMP-DL-183AD43C4C	Downloads/theory-of-real-analysis.tex	L2238-L2244	SOLUTION	9.3		ORPHAN_NUMBERED_SOLUTION
IMP-DL-183AD43C4C-S056	IMP-DL-183AD43C4C	Downloads/theory-of-real-analysis.tex	L2320-L2334	SOLUTION	9.5	IMP-DL-183AD43C4C-P025	LINKED_SAME_FILE
IMP-M2-844641160C-S001	IMP-M2-844641160C	MATH-ALLS-2/ex38g_ex39.tex	L14-L21	SOLUTION	3.8	IMP-M2-844641160C-P001	LINKED_SAME_FILE
IMP-M2-844641160C-S002	IMP-M2-844641160C	MATH-ALLS-2/ex38g_ex39.tex	L31-L39	SOLUTION	3.9	IMP-M2-844641160C-P002	LINKED_SAME_FILE
IMP-M2-1B079427AF-S001	IMP-M2-1B079427AF	MATH-ALLS-2/ex3_8_takagi.tex	L49-L53	SOLUTION	3.8	IMP-M2-1B079427AF-P001	LINKED_SAME_FILE
IMP-M2-1B079427AF-S002	IMP-M2-1B079427AF	MATH-ALLS-2/ex3_8_takagi.tex	L61-L72	SOLUTION	3.8	IMP-M2-1B079427AF-P001	LINKED_SAME_FILE
IMP-M2-1B079427AF-S003	IMP-M2-1B079427AF	MATH-ALLS-2/ex3_8_takagi.tex	L79-L88	SOLUTION	3.8	IMP-M2-1B079427AF-P001	LINKED_SAME_FILE
IMP-M2-7532C96B86-S001	IMP-M2-7532C96B86	MATH-ALLS-2/Exercise_1_2_append.tex	L22-L71	SOLUTION	1.2	IMP-M2-7532C96B86-P001	LINKED_SAME_FILE
IMP-M2-22F064D6B8-S001	IMP-M2-22F064D6B8	MATH-ALLS-2/exercise_4_solutions (1).tex	L48-L59	SOLUTION	4.1		ORPHAN_NUMBERED_SOLUTION
IMP-M2-22F064D6B8-S002	IMP-M2-22F064D6B8	MATH-ALLS-2/exercise_4_solutions (1).tex	L62-L71	SOLUTION	4.2		ORPHAN_NUMBERED_SOLUTION
IMP-M2-22F064D6B8-S003	IMP-M2-22F064D6B8	MATH-ALLS-2/exercise_4_solutions (1).tex	L74-L79	SOLUTION	4.3		ORPHAN_NUMBERED_SOLUTION
IMP-M2-22F064D6B8-S004	IMP-M2-22F064D6B8	MATH-ALLS-2/exercise_4_solutions (1).tex	L82-L88	SOLUTION	4.4		ORPHAN_NUMBERED_SOLUTION
IMP-M2-F3944A3F22-S001	IMP-M2-F3944A3F22	MATH-ALLS-2/merged_exercises_FULL (2).tex	L44-L46	SOLUTION	3.4	IMP-M2-F3944A3F22-P002	LINKED_SAME_FILE
IMP-M2-50B0B212DD-S001	IMP-M2-50B0B212DD	MATH-ALLS-2/merged_exercises_FULL_v2 (1).tex	L318-L320	SOLUTION	3.4	IMP-M2-50B0B212DD-P018	LINKED_SAME_FILE
IMP-M2-50B0B212DD-S002	IMP-M2-50B0B212DD	MATH-ALLS-2/merged_exercises_FULL_v2 (1).tex	L333-L365	SOLUTION	3.5	IMP-M2-50B0B212DD-P019	LINKED_SAME_FILE
IMP-M2-50B0B212DD-S003	IMP-M2-50B0B212DD	MATH-ALLS-2/merged_exercises_FULL_v2 (1).tex	L375-L380	SOLUTION	3.6	IMP-M2-50B0B212DD-P020	LINKED_SAME_FILE
IMP-M2-50B0B212DD-S004	IMP-M2-50B0B212DD	MATH-ALLS-2/merged_exercises_FULL_v2 (1).tex	L394-L406	SOLUTION	3.6	IMP-M2-50B0B212DD-P020	LINKED_SAME_FILE
IMP-M2-50B0B212DD-S005	IMP-M2-50B0B212DD	MATH-ALLS-2/merged_exercises_FULL_v2 (1).tex	L411-L416	SOLUTION	3.6	IMP-M2-50B0B212DD-P020	LINKED_SAME_FILE
IMP-M2-50B0B212DD-S006	IMP-M2-50B0B212DD	MATH-ALLS-2/merged_exercises_FULL_v2 (1).tex	L457-L461	SOLUTION	3.8	IMP-M2-50B0B212DD-P021	LINKED_SAME_FILE
IMP-M2-50B0B212DD-S007	IMP-M2-50B0B212DD	MATH-ALLS-2/merged_exercises_FULL_v2 (1).tex	L469-L480	SOLUTION	3.8	IMP-M2-50B0B212DD-P021	LINKED_SAME_FILE
IMP-M2-50B0B212DD-S008	IMP-M2-50B0B212DD	MATH-ALLS-2/merged_exercises_FULL_v2 (1).tex	L487-L496	SOLUTION	3.8	IMP-M2-50B0B212DD-P021	LINKED_SAME_FILE
IMP-M2-50B0B212DD-S009	IMP-M2-50B0B212DD	MATH-ALLS-2/merged_exercises_FULL_v2 (1).tex	L502-L509	SOLUTION	3.8	IMP-M2-50B0B212DD-P022	LINKED_SAME_FILE
IMP-M2-50B0B212DD-S010	IMP-M2-50B0B212DD	MATH-ALLS-2/merged_exercises_FULL_v2 (1).tex	L519-L527	SOLUTION	3.9	IMP-M2-50B0B212DD-P023	LINKED_SAME_FILE
IMP-M2-50B0B212DD-S011	IMP-M2-50B0B212DD	MATH-ALLS-2/merged_exercises_FULL_v2 (1).tex	L576-L587	SOLUTION	4.1	IMP-M2-50B0B212DD-P023	LINKED_SAME_FILE
IMP-M2-50B0B212DD-S012	IMP-M2-50B0B212DD	MATH-ALLS-2/merged_exercises_FULL_v2 (1).tex	L590-L599	SOLUTION	4.2	IMP-M2-50B0B212DD-P023	LINKED_SAME_FILE
IMP-M2-50B0B212DD-S013	IMP-M2-50B0B212DD	MATH-ALLS-2/merged_exercises_FULL_v2 (1).tex	L602-L607	SOLUTION	4.3	IMP-M2-50B0B212DD-P023	LINKED_SAME_FILE
IMP-M2-50B0B212DD-S014	IMP-M2-50B0B212DD	MATH-ALLS-2/merged_exercises_FULL_v2 (1).tex	L610-L616	SOLUTION	4.4	IMP-M2-50B0B212DD-P023	LINKED_SAME_FILE
IMP-M2-50B0B212DD-S015	IMP-M2-50B0B212DD	MATH-ALLS-2/merged_exercises_FULL_v2 (1).tex	L635-L657	SOLUTION	4.5	IMP-M2-50B0B212DD-P023	LINKED_SAME_FILE
IMP-M2-50B0B212DD-S016	IMP-M2-50B0B212DD	MATH-ALLS-2/merged_exercises_FULL_v2 (1).tex	L690-L736	SOLUTION	4.6	IMP-M2-50B0B212DD-P023	LINKED_SAME_FILE
IMP-M2-50B0B212DD-S017	IMP-M2-50B0B212DD	MATH-ALLS-2/merged_exercises_FULL_v2 (1).tex	L750-L769	SOLUTION	4.7	IMP-M2-50B0B212DD-P023	LINKED_SAME_FILE
IMP-M2-50B0B212DD-S018	IMP-M2-50B0B212DD	MATH-ALLS-2/merged_exercises_FULL_v2 (1).tex	L778-L786	SOLUTION	5.1	IMP-M2-50B0B212DD-P023	LINKED_SAME_FILE
IMP-M2-50B0B212DD-S019	IMP-M2-50B0B212DD	MATH-ALLS-2/merged_exercises_FULL_v2 (1).tex	L792-L801	SOLUTION	5.2	IMP-M2-50B0B212DD-P023	LINKED_SAME_FILE
IMP-M2-50B0B212DD-S020	IMP-M2-50B0B212DD	MATH-ALLS-2/merged_exercises_FULL_v2 (1).tex	L810-L819	SOLUTION	5.3	IMP-M2-50B0B212DD-P023	LINKED_SAME_FILE
IMP-M2-50B0B212DD-S021	IMP-M2-50B0B212DD	MATH-ALLS-2/merged_exercises_FULL_v2 (1).tex	L835-L843	SOLUTION	5.4	IMP-M2-50B0B212DD-P023	LINKED_SAME_FILE
IMP-M2-50B0B212DD-S022	IMP-M2-50B0B212DD	MATH-ALLS-2/merged_exercises_FULL_v2 (1).tex	L878-L910	SOLUTION	5.5	IMP-M2-50B0B212DD-P023	LINKED_SAME_FILE
IMP-M2-50B0B212DD-S023	IMP-M2-50B0B212DD	MATH-ALLS-2/merged_exercises_FULL_v2 (1).tex	L931-L954	SOLUTION	5.6	IMP-M2-50B0B212DD-P023	LINKED_SAME_FILE
IMP-M2-50B0B212DD-S024	IMP-M2-50B0B212DD	MATH-ALLS-2/merged_exercises_FULL_v2 (1).tex	L974-L993	SOLUTION	5.7	IMP-M2-50B0B212DD-P023	LINKED_SAME_FILE
IMP-M2-50B0B212DD-S025	IMP-M2-50B0B212DD	MATH-ALLS-2/merged_exercises_FULL_v2 (1).tex	L1011-L1036	SOLUTION	5.8	IMP-M2-50B0B212DD-P023	LINKED_SAME_FILE
IMP-M2-50B0B212DD-S026	IMP-M2-50B0B212DD	MATH-ALLS-2/merged_exercises_FULL_v2 (1).tex	L1064-L1093	SOLUTION	6.1	IMP-M2-50B0B212DD-P023	LINKED_SAME_FILE
IMP-M2-50B0B212DD-S027	IMP-M2-50B0B212DD	MATH-ALLS-2/merged_exercises_FULL_v2 (1).tex	L1103-L1124	SOLUTION	6.2	IMP-M2-50B0B212DD-P023	LINKED_SAME_FILE
IMP-M2-50B0B212DD-S028	IMP-M2-50B0B212DD	MATH-ALLS-2/merged_exercises_FULL_v2 (1).tex	L1134-L1144	SOLUTION	6.3	IMP-M2-50B0B212DD-P023	LINKED_SAME_FILE
IMP-M2-50B0B212DD-S029	IMP-M2-50B0B212DD	MATH-ALLS-2/merged_exercises_FULL_v2 (1).tex	L1154-L1176	SOLUTION	6.4	IMP-M2-50B0B212DD-P023	LINKED_SAME_FILE
IMP-M2-50B0B212DD-S030	IMP-M2-50B0B212DD	MATH-ALLS-2/merged_exercises_FULL_v2 (1).tex	L1186-L1196	SOLUTION	6.5	IMP-M2-50B0B212DD-P023	LINKED_SAME_FILE
IMP-M2-50B0B212DD-S031	IMP-M2-50B0B212DD	MATH-ALLS-2/merged_exercises_FULL_v2 (1).tex	L1206-L1225	SOLUTION	6.6	IMP-M2-50B0B212DD-P023	LINKED_SAME_FILE
IMP-M2-50B0B212DD-S032	IMP-M2-50B0B212DD	MATH-ALLS-2/merged_exercises_FULL_v2 (1).tex	L1252-L1281	SOLUTION	6.1	IMP-M2-50B0B212DD-P023	LINKED_SAME_FILE
IMP-M2-50B0B212DD-S033	IMP-M2-50B0B212DD	MATH-ALLS-2/merged_exercises_FULL_v2 (1).tex	L1294-L1326	SOLUTION	6.2	IMP-M2-50B0B212DD-P023	LINKED_SAME_FILE
IMP-M2-50B0B212DD-S034	IMP-M2-50B0B212DD	MATH-ALLS-2/merged_exercises_FULL_v2 (1).tex	L1343-L1360	SOLUTION	6.3	IMP-M2-50B0B212DD-P023	LINKED_SAME_FILE
IMP-M2-50B0B212DD-S035	IMP-M2-50B0B212DD	MATH-ALLS-2/merged_exercises_FULL_v2 (1).tex	L1379-L1400	SOLUTION	6.4	IMP-M2-50B0B212DD-P023	LINKED_SAME_FILE
IMP-M2-50B0B212DD-S036	IMP-M2-50B0B212DD	MATH-ALLS-2/merged_exercises_FULL_v2 (1).tex	L1427-L1464	SOLUTION	6.5	IMP-M2-50B0B212DD-P023	LINKED_SAME_FILE
IMP-M2-50B0B212DD-S037	IMP-M2-50B0B212DD	MATH-ALLS-2/merged_exercises_FULL_v2 (1).tex	L1484-L1511	SOLUTION	6.3	IMP-M2-50B0B212DD-P023	LINKED_SAME_FILE
IMP-M2-50B0B212DD-S038	IMP-M2-50B0B212DD	MATH-ALLS-2/merged_exercises_FULL_v2 (1).tex	L1542-L1572	SOLUTION	6.4	IMP-M2-50B0B212DD-P023	LINKED_SAME_FILE
IMP-M2-50B0B212DD-S039	IMP-M2-50B0B212DD	MATH-ALLS-2/merged_exercises_FULL_v2 (1).tex	L1624-L1664	SOLUTION	6.5	IMP-M2-50B0B212DD-P023	LINKED_SAME_FILE
IMP-M2-50B0B212DD-S040	IMP-M2-50B0B212DD	MATH-ALLS-2/merged_exercises_FULL_v2 (1).tex	L1669-L1679	SOLUTION	7.1	IMP-M2-50B0B212DD-P023	LINKED_SAME_FILE
IMP-M2-50B0B212DD-S041	IMP-M2-50B0B212DD	MATH-ALLS-2/merged_exercises_FULL_v2 (1).tex	L1692-L1706	SOLUTION	7.2	IMP-M2-50B0B212DD-P023	LINKED_SAME_FILE
IMP-M2-50B0B212DD-S042	IMP-M2-50B0B212DD	MATH-ALLS-2/merged_exercises_FULL_v2 (1).tex	L1715-L1723	SOLUTION	7.3	IMP-M2-50B0B212DD-P023	LINKED_SAME_FILE
IMP-M2-50B0B212DD-S043	IMP-M2-50B0B212DD	MATH-ALLS-2/merged_exercises_FULL_v2 (1).tex	L1733-L1740	SOLUTION	7.4	IMP-M2-50B0B212DD-P023	LINKED_SAME_FILE
IMP-M2-50B0B212DD-S044	IMP-M2-50B0B212DD	MATH-ALLS-2/merged_exercises_FULL_v2 (1).tex	L1749-L1762	SOLUTION	7.5	IMP-M2-50B0B212DD-P023	LINKED_SAME_FILE
IMP-M2-50B0B212DD-S045	IMP-M2-50B0B212DD	MATH-ALLS-2/merged_exercises_FULL_v2 (1).tex	L1775-L1785	SOLUTION	7.6	IMP-M2-50B0B212DD-P023	LINKED_SAME_FILE
IMP-M2-50B0B212DD-S046	IMP-M2-50B0B212DD	MATH-ALLS-2/merged_exercises_FULL_v2 (1).tex	L1796-L1802	SOLUTION	7.6	IMP-M2-50B0B212DD-P023	LINKED_SAME_FILE
IMP-M2-50B0B212DD-S047	IMP-M2-50B0B212DD	MATH-ALLS-2/merged_exercises_FULL_v2 (1).tex	L1809-L1821	SOLUTION	7.6	IMP-M2-50B0B212DD-P023	LINKED_SAME_FILE
IMP-M2-50B0B212DD-S048	IMP-M2-50B0B212DD	MATH-ALLS-2/merged_exercises_FULL_v2 (1).tex	L1850-L1861	SOLUTION	8.2	IMP-M2-50B0B212DD-P023	LINKED_SAME_FILE
IMP-M2-50B0B212DD-S049	IMP-M2-50B0B212DD	MATH-ALLS-2/merged_exercises_FULL_v2 (1).tex	L1872-L1875	SOLUTION	8.3	IMP-M2-50B0B212DD-P023	LINKED_SAME_FILE
IMP-M2-50B0B212DD-S050	IMP-M2-50B0B212DD	MATH-ALLS-2/merged_exercises_FULL_v2 (1).tex	L1879-L1884	SOLUTION	8.3	IMP-M2-50B0B212DD-P023	LINKED_SAME_FILE
IMP-M2-50B0B212DD-S051	IMP-M2-50B0B212DD	MATH-ALLS-2/merged_exercises_FULL_v2 (1).tex	L1919-L1924	SOLUTION	8.4	IMP-M2-50B0B212DD-P023	LINKED_SAME_FILE
IMP-M2-50B0B212DD-S052	IMP-M2-50B0B212DD	MATH-ALLS-2/merged_exercises_FULL_v2 (1).tex	L1954-L1964	SOLUTION	8.5	IMP-M2-50B0B212DD-P023	LINKED_SAME_FILE
IMP-M2-50B0B212DD-S053	IMP-M2-50B0B212DD	MATH-ALLS-2/merged_exercises_FULL_v2 (1).tex	L2011-L2022	SOLUTION	8.7	IMP-M2-50B0B212DD-P023	LINKED_SAME_FILE
IMP-M2-50B0B212DD-S054	IMP-M2-50B0B212DD	MATH-ALLS-2/merged_exercises_FULL_v2 (1).tex	L2027-L2048	SOLUTION	8.7	IMP-M2-50B0B212DD-P023	LINKED_SAME_FILE
IMP-M2-50B0B212DD-S055	IMP-M2-50B0B212DD	MATH-ALLS-2/merged_exercises_FULL_v2 (1).tex	L2180-L2186	SOLUTION	9.3		ORPHAN_NUMBERED_SOLUTION
IMP-M2-50B0B212DD-S056	IMP-M2-50B0B212DD	MATH-ALLS-2/merged_exercises_FULL_v2 (1).tex	L2262-L2276	SOLUTION	9.5	IMP-M2-50B0B212DD-P025	LINKED_SAME_FILE
IMP-M2-E61801FB4F-S001	IMP-M2-E61801FB4F	MATH-ALLS-2/merged_exercises_FULL_v2 (2).tex	L10-L15	SOLUTION	3.6	IMP-M2-E61801FB4F-P001	LINKED_SAME_FILE
IMP-M2-E61801FB4F-S002	IMP-M2-E61801FB4F	MATH-ALLS-2/merged_exercises_FULL_v2 (2).tex	L29-L41	SOLUTION	3.6	IMP-M2-E61801FB4F-P001	LINKED_SAME_FILE
IMP-M2-E61801FB4F-S003	IMP-M2-E61801FB4F	MATH-ALLS-2/merged_exercises_FULL_v2 (2).tex	L46-L51	SOLUTION	3.6	IMP-M2-E61801FB4F-P001	LINKED_SAME_FILE
IMP-M2-47AEA48DAF-S001	IMP-M2-47AEA48DAF	MATH-ALLS-2/merged_exercises_FULL_v2 (3).tex	L10-L15	SOLUTION	3.6	IMP-M2-47AEA48DAF-P001	LINKED_SAME_FILE
IMP-M2-47AEA48DAF-S002	IMP-M2-47AEA48DAF	MATH-ALLS-2/merged_exercises_FULL_v2 (3).tex	L29-L41	SOLUTION	3.6	IMP-M2-47AEA48DAF-P001	LINKED_SAME_FILE
IMP-M2-47AEA48DAF-S003	IMP-M2-47AEA48DAF	MATH-ALLS-2/merged_exercises_FULL_v2 (3).tex	L46-L51	SOLUTION	3.6	IMP-M2-47AEA48DAF-P001	LINKED_SAME_FILE
IMP-M2-47AEA48DAF-S004	IMP-M2-47AEA48DAF	MATH-ALLS-2/merged_exercises_FULL_v2 (3).tex	L63-L95	SOLUTION	3.5	IMP-M2-47AEA48DAF-P002	LINKED_SAME_FILE
IMP-M2-6D7FCEA253-S001	IMP-M2-6D7FCEA253	MATH-ALLS-2/merged_exercises_FULL_v2.tex	L313-L315	SOLUTION	3.4	IMP-M2-6D7FCEA253-P018	LINKED_SAME_FILE
IMP-M2-D47CB97304-S001	IMP-M2-D47CB97304	MATH-ALLS-2/theory-of-analysis - Copy.tex	L117-L131	SOLUTION			ORPHAN_NEEDS_REVIEW
IMP-M2-D47CB97304-S002	IMP-M2-D47CB97304	MATH-ALLS-2/theory-of-analysis - Copy.tex	L150-L182	SOLUTION			ORPHAN_NEEDS_REVIEW
IMP-M2-D47CB97304-S003	IMP-M2-D47CB97304	MATH-ALLS-2/theory-of-analysis - Copy.tex	L190-L211	SOLUTION			ORPHAN_NEEDS_REVIEW
IMP-M2-D47CB97304-S004	IMP-M2-D47CB97304	MATH-ALLS-2/theory-of-analysis - Copy.tex	L215-L254	SOLUTION			ORPHAN_NEEDS_REVIEW
IMP-M2-D47CB97304-S005	IMP-M2-D47CB97304	MATH-ALLS-2/theory-of-analysis - Copy.tex	L262-L290	SOLUTION			ORPHAN_NEEDS_REVIEW
IMP-M2-D47CB97304-S006	IMP-M2-D47CB97304	MATH-ALLS-2/theory-of-analysis - Copy.tex	L298-L335	SOLUTION			ORPHAN_NEEDS_REVIEW
IMP-M2-D47CB97304-S007	IMP-M2-D47CB97304	MATH-ALLS-2/theory-of-analysis - Copy.tex	L408-L445	SOLUTION		IMP-M2-D47CB97304-P001	LINKED_SAME_FILE
IMP-M2-D47CB97304-S008	IMP-M2-D47CB97304	MATH-ALLS-2/theory-of-analysis - Copy.tex	L507-L537	SOLUTION		IMP-M2-D47CB97304-P002	LINKED_SAME_FILE
IMP-M2-D47CB97304-S009	IMP-M2-D47CB97304	MATH-ALLS-2/theory-of-analysis - Copy.tex	L552-L582	SOLUTION		IMP-M2-D47CB97304-P003	LINKED_SAME_FILE
IMP-M2-D47CB97304-S010	IMP-M2-D47CB97304	MATH-ALLS-2/theory-of-analysis - Copy.tex	L630-L634	SOLUTION		IMP-M2-D47CB97304-P004	LINKED_SAME_FILE
IMP-M2-D47CB97304-S011	IMP-M2-D47CB97304	MATH-ALLS-2/theory-of-analysis - Copy.tex	L678-L698	SOLUTION		IMP-M2-D47CB97304-P006	LINKED_SAME_FILE
IMP-M2-D47CB97304-S012	IMP-M2-D47CB97304	MATH-ALLS-2/theory-of-analysis - Copy.tex	L699-L704	SOLUTION			ORPHAN_NEEDS_REVIEW
IMP-M2-D47CB97304-S013	IMP-M2-D47CB97304	MATH-ALLS-2/theory-of-analysis - Copy.tex	L798-L819	SOLUTION		IMP-M2-D47CB97304-P007	LINKED_SAME_FILE
IMP-M2-D47CB97304-S014	IMP-M2-D47CB97304	MATH-ALLS-2/theory-of-analysis - Copy.tex	L837-L881	SOLUTION		IMP-M2-D47CB97304-P008	LINKED_SAME_FILE
IMP-M2-D47CB97304-S015	IMP-M2-D47CB97304	MATH-ALLS-2/theory-of-analysis - Copy.tex	L2797-L2801	SOLUTION		IMP-M2-D47CB97304-P013	LINKED_SAME_FILE
IMP-M2-D036BAB254-S001	IMP-M2-D036BAB254	MATH-ALLS-2/theory-of-analysis-FD.tex	L2475-L2774	SOLUTION	1.5	IMP-M2-D036BAB254-P007	LINKED_SAME_FILE
IMP-M2-D036BAB254-S002	IMP-M2-D036BAB254	MATH-ALLS-2/theory-of-analysis-FD.tex	L2839-L2870	SOLUTION	1.6	IMP-M2-D036BAB254-P012	LINKED_SAME_FILE
IMP-M2-D036BAB254-S003	IMP-M2-D036BAB254	MATH-ALLS-2/theory-of-analysis-FD.tex	L2871-L2908	SOLUTION	1.6	IMP-M2-D036BAB254-P012	LINKED_SAME_FILE
IMP-M2-D036BAB254-S004	IMP-M2-D036BAB254	MATH-ALLS-2/theory-of-analysis-FD.tex	L2909-L2952	SOLUTION	1.6	IMP-M2-D036BAB254-P012	LINKED_SAME_FILE
IMP-M2-D036BAB254-S005	IMP-M2-D036BAB254	MATH-ALLS-2/theory-of-analysis-FD.tex	L2966-L3002	SOLUTION	1.7	IMP-M2-D036BAB254-P013	LINKED_SAME_FILE
IMP-M2-D036BAB254-S006	IMP-M2-D036BAB254	MATH-ALLS-2/theory-of-analysis-FD.tex	L3003-L3213	SOLUTION	1.7	IMP-M2-D036BAB254-P013	LINKED_SAME_FILE
IMP-M2-D036BAB254-S007	IMP-M2-D036BAB254	MATH-ALLS-2/theory-of-analysis-FD.tex	L3270-L3333	SOLUTION	2.1	IMP-M2-D036BAB254-P014	LINKED_SAME_FILE
IMP-M2-D036BAB254-S008	IMP-M2-D036BAB254	MATH-ALLS-2/theory-of-analysis-FD.tex	L3873-L3879	SOLUTION	2.4	IMP-M2-D036BAB254-P024	LINKED_SAME_FILE
IMP-M2-D036BAB254-S009	IMP-M2-D036BAB254	MATH-ALLS-2/theory-of-analysis-FD.tex	L4408-L4431	SOLUTION	2.5	IMP-M2-D036BAB254-P033	LINKED_SAME_FILE
IMP-M2-D036BAB254-S010	IMP-M2-D036BAB254	MATH-ALLS-2/theory-of-analysis-FD.tex	L5382-L5435	SOLUTION	2.6.	IMP-M2-D036BAB254-P066	LINKED_SAME_FILE
IMP-M2-D036BAB254-S011	IMP-M2-D036BAB254	MATH-ALLS-2/theory-of-analysis-FD.tex	L5874-L5896	SOLUTION	2.6.	IMP-M2-D036BAB254-P066	LINKED_SAME_FILE
IMP-M2-D036BAB254-S012	IMP-M2-D036BAB254	MATH-ALLS-2/theory-of-analysis-FD.tex	L5897-L5931	SOLUTION	2.6.	IMP-M2-D036BAB254-P066	LINKED_SAME_FILE
IMP-M2-D036BAB254-S013	IMP-M2-D036BAB254	MATH-ALLS-2/theory-of-analysis-FD.tex	L5932-L5942	SOLUTION	2.6.	IMP-M2-D036BAB254-P066	LINKED_SAME_FILE
IMP-M2-D036BAB254-S014	IMP-M2-D036BAB254	MATH-ALLS-2/theory-of-analysis-FD.tex	L5965-L6168	SOLUTION	2.6.	IMP-M2-D036BAB254-P066	LINKED_SAME_FILE
IMP-M2-D036BAB254-S015	IMP-M2-D036BAB254	MATH-ALLS-2/theory-of-analysis-FD.tex	L6185-L6229	SOLUTION	2.6.	IMP-M2-D036BAB254-P066	LINKED_SAME_FILE
IMP-M2-68556E3D88-S001	IMP-M2-68556E3D88	MATH-ALLS-2/theory-of-analysis-FD2.tex	L679-L728	SOLUTION			ORPHAN_NEEDS_REVIEW
IMP-M2-68556E3D88-S002	IMP-M2-68556E3D88	MATH-ALLS-2/theory-of-analysis-FD2.tex	L742-L767	SOLUTION		IMP-M2-68556E3D88-P004	LINKED_SAME_FILE
IMP-M2-68556E3D88-S003	IMP-M2-68556E3D88	MATH-ALLS-2/theory-of-analysis-FD2.tex	L784-L858	SOLUTION		IMP-M2-68556E3D88-P005	LINKED_SAME_FILE
IMP-M2-68556E3D88-S004	IMP-M2-68556E3D88	MATH-ALLS-2/theory-of-analysis-FD2.tex	L872-L904	SOLUTION	3.4.	IMP-M2-68556E3D88-P006	LINKED_SAME_FILE
IMP-M2-68556E3D88-S005	IMP-M2-68556E3D88	MATH-ALLS-2/theory-of-analysis-FD2.tex	L915-L940	SOLUTION	3.5.	IMP-M2-68556E3D88-P007	LINKED_SAME_FILE
IMP-M2-68556E3D88-S006	IMP-M2-68556E3D88	MATH-ALLS-2/theory-of-analysis-FD2.tex	L941-L975	SOLUTION	3.5.	IMP-M2-68556E3D88-P007	LINKED_SAME_FILE
IMP-M2-68556E3D88-S007	IMP-M2-68556E3D88	MATH-ALLS-2/theory-of-analysis-FD2.tex	L976-L1005	SOLUTION	3.5.	IMP-M2-68556E3D88-P007	LINKED_SAME_FILE
IMP-M2-68556E3D88-S008	IMP-M2-68556E3D88	MATH-ALLS-2/theory-of-analysis-FD2.tex	L1006-L1069	SOLUTION	3.5.	IMP-M2-68556E3D88-P007	LINKED_SAME_FILE
IMP-M2-68556E3D88-S009	IMP-M2-68556E3D88	MATH-ALLS-2/theory-of-analysis-FD2.tex	L1079-L1175	SOLUTION	3.6	IMP-M2-68556E3D88-P008	LINKED_SAME_FILE
IMP-M2-68556E3D88-S010	IMP-M2-68556E3D88	MATH-ALLS-2/theory-of-analysis-FD2.tex	L2605-L2756	SOLUTION	4.4		ORPHAN_NUMBERED_SOLUTION
IMP-M2-68556E3D88-S011	IMP-M2-68556E3D88	MATH-ALLS-2/theory-of-analysis-FD2.tex	L2757-L2797	SOLUTION	4.5		ORPHAN_NUMBERED_SOLUTION
IMP-M2-68556E3D88-S012	IMP-M2-68556E3D88	MATH-ALLS-2/theory-of-analysis-FD2.tex	L2808-L2866	SOLUTION	4.6	IMP-M2-68556E3D88-P015	LINKED_SAME_FILE
IMP-M2-68556E3D88-S013	IMP-M2-68556E3D88	MATH-ALLS-2/theory-of-analysis-FD2.tex	L2992-L3121	SOLUTION	4.7	IMP-M2-68556E3D88-P017	LINKED_SAME_FILE
IMP-M2-68556E3D88-S014	IMP-M2-68556E3D88	MATH-ALLS-2/theory-of-analysis-FD2.tex	L3257-L3304	SOLUTION	5.1	IMP-M2-68556E3D88-P018	LINKED_SAME_FILE
IMP-M2-68556E3D88-S015	IMP-M2-68556E3D88	MATH-ALLS-2/theory-of-analysis-FD2.tex	L3399-L3503	SOLUTION	5.2	IMP-M2-68556E3D88-P019	LINKED_SAME_FILE
IMP-M2-68556E3D88-S016	IMP-M2-68556E3D88	MATH-ALLS-2/theory-of-analysis-FD2.tex	L4529-L4808	SOLUTION	5.7	IMP-M2-68556E3D88-P027	LINKED_SAME_FILE
IMP-M2-68556E3D88-S017	IMP-M2-68556E3D88	MATH-ALLS-2/theory-of-analysis-FD2.tex	L5109-L5141	SOLUTION	2	IMP-M2-68556E3D88-P031	LINKED_SAME_FILE
IMP-M2-68556E3D88-S018	IMP-M2-68556E3D88	MATH-ALLS-2/theory-of-analysis-FD2.tex	L5142-L5175	SOLUTION		IMP-M2-68556E3D88-P031	LINKED_SAME_FILE
IMP-M2-68556E3D88-S019	IMP-M2-68556E3D88	MATH-ALLS-2/theory-of-analysis-FD2.tex	L5176-L5310	SOLUTION		IMP-M2-68556E3D88-P031	LINKED_SAME_FILE
IMP-M2-C037D998D4-S001	IMP-M2-C037D998D4	MATH-ALLS-2/theory-of-analysis-functions-II.tex	L2142-L2194	SOLUTION	12	IMP-M2-C037D998D4-P012	LINKED_SAME_FILE
IMP-M2-C037D998D4-S002	IMP-M2-C037D998D4	MATH-ALLS-2/theory-of-analysis-functions-II.tex	L2214-L2218	SOLUTION	13	IMP-M2-C037D998D4-P013	LINKED_SAME_FILE
IMP-M2-C037D998D4-S003	IMP-M2-C037D998D4	MATH-ALLS-2/theory-of-analysis-functions-II.tex	L2259-L2269	SOLUTION	1	IMP-M2-C037D998D4-P014	LINKED_SAME_FILE
IMP-M2-C037D998D4-S004	IMP-M2-C037D998D4	MATH-ALLS-2/theory-of-analysis-functions-II.tex	L2274-L2309	SOLUTION	2	IMP-M2-C037D998D4-P015	LINKED_SAME_FILE
IMP-M2-C037D998D4-S005	IMP-M2-C037D998D4	MATH-ALLS-2/theory-of-analysis-functions-II.tex	L2315-L2321	SOLUTION	3	IMP-M2-C037D998D4-P016	LINKED_SAME_FILE
IMP-M2-C037D998D4-S006	IMP-M2-C037D998D4	MATH-ALLS-2/theory-of-analysis-functions-II.tex	L2324-L2353	SOLUTION	3	IMP-M2-C037D998D4-P016	LINKED_SAME_FILE
IMP-M2-C037D998D4-S007	IMP-M2-C037D998D4	MATH-ALLS-2/theory-of-analysis-functions-II.tex	L2380-L2386	SOLUTION	4	IMP-M2-C037D998D4-P017	LINKED_SAME_FILE
IMP-M2-C037D998D4-S008	IMP-M2-C037D998D4	MATH-ALLS-2/theory-of-analysis-functions-II.tex	L2454-L2472	SOLUTION	5	IMP-M2-C037D998D4-P018	LINKED_SAME_FILE
IMP-M2-C037D998D4-S009	IMP-M2-C037D998D4	MATH-ALLS-2/theory-of-analysis-functions-II.tex	L2499-L2528	SOLUTION	6	IMP-M2-C037D998D4-P019	LINKED_SAME_FILE
IMP-M2-C037D998D4-S010	IMP-M2-C037D998D4	MATH-ALLS-2/theory-of-analysis-functions-II.tex	L2719-L2736	SOLUTION	6(b)	IMP-M2-C037D998D4-P026	LINKED_SAME_FILE
IMP-M2-C037D998D4-S011	IMP-M2-C037D998D4	MATH-ALLS-2/theory-of-analysis-functions-II.tex	L2748-L2777	SOLUTION	7	IMP-M2-C037D998D4-P027	LINKED_SAME_FILE
IMP-M2-C037D998D4-S012	IMP-M2-C037D998D4	MATH-ALLS-2/theory-of-analysis-functions-II.tex	L2788-L2812	SOLUTION	6(b)	IMP-M2-C037D998D4-P028	LINKED_SAME_FILE
IMP-M2-C037D998D4-S013	IMP-M2-C037D998D4	MATH-ALLS-2/theory-of-analysis-functions-II.tex	L2828-L2870	SOLUTION	7	IMP-M2-C037D998D4-P029	LINKED_SAME_FILE
IMP-M2-C037D998D4-S014	IMP-M2-C037D998D4	MATH-ALLS-2/theory-of-analysis-functions-II.tex	L3254-L3440	SOLUTION	9	IMP-M2-C037D998D4-P032	LINKED_SAME_FILE
IMP-M2-303BB87ACE-S001	IMP-M2-303BB87ACE	MATH-ALLS-2/theory-of-analysis-functions.tex	L1988-L1997	SOLUTION	9	IMP-M2-303BB87ACE-P012	LINKED_SAME_FILE
IMP-M2-303BB87ACE-S002	IMP-M2-303BB87ACE	MATH-ALLS-2/theory-of-analysis-functions.tex	L2025-L2040	SOLUTION	10	IMP-M2-303BB87ACE-P015	LINKED_SAME_FILE
IMP-M2-303BB87ACE-S003	IMP-M2-303BB87ACE	MATH-ALLS-2/theory-of-analysis-functions.tex	L2069-L2081	SOLUTION	10	IMP-M2-303BB87ACE-P023	LINKED_SAME_FILE
IMP-M2-303BB87ACE-S004	IMP-M2-303BB87ACE	MATH-ALLS-2/theory-of-analysis-functions.tex	L2110-L2164	SOLUTION	s.	IMP-M2-303BB87ACE-P028	LINKED_SAME_FILE
IMP-M2-303BB87ACE-S005	IMP-M2-303BB87ACE	MATH-ALLS-2/theory-of-analysis-functions.tex	L2461-L2482	SOLUTION	1	IMP-M2-303BB87ACE-P044	LINKED_SAME_FILE
IMP-M2-303BB87ACE-S006	IMP-M2-303BB87ACE	MATH-ALLS-2/theory-of-analysis-functions.tex	L2489-L2501	SOLUTION	2	IMP-M2-303BB87ACE-P045	LINKED_SAME_FILE
IMP-M2-303BB87ACE-S007	IMP-M2-303BB87ACE	MATH-ALLS-2/theory-of-analysis-functions.tex	L3207-L3215	SOLUTION	5	IMP-M2-303BB87ACE-P050	LINKED_SAME_FILE
IMP-M2-303BB87ACE-S008	IMP-M2-303BB87ACE	MATH-ALLS-2/theory-of-analysis-functions.tex	L3233-L3245	SOLUTION	6	IMP-M2-303BB87ACE-P052	LINKED_SAME_FILE
IMP-M2-303BB87ACE-S009	IMP-M2-303BB87ACE	MATH-ALLS-2/theory-of-analysis-functions.tex	L3268-L3285	SOLUTION	7	IMP-M2-303BB87ACE-P053	LINKED_SAME_FILE
IMP-M2-303BB87ACE-S010	IMP-M2-303BB87ACE	MATH-ALLS-2/theory-of-analysis-functions.tex	L3412-L3439	SOLUTION	8	IMP-M2-303BB87ACE-P061	LINKED_SAME_FILE
IMP-M2-303BB87ACE-S011	IMP-M2-303BB87ACE	MATH-ALLS-2/theory-of-analysis-functions.tex	L3464-L3484	SOLUTION	9	IMP-M2-303BB87ACE-P065	LINKED_SAME_FILE
IMP-M2-303BB87ACE-S012	IMP-M2-303BB87ACE	MATH-ALLS-2/theory-of-analysis-functions.tex	L3714-L3748	SOLUTION	10	IMP-M2-303BB87ACE-P079	LINKED_SAME_FILE
IMP-M2-303BB87ACE-S013	IMP-M2-303BB87ACE	MATH-ALLS-2/theory-of-analysis-functions.tex	L3765-L3769	SOLUTION	11	IMP-M2-303BB87ACE-P080	LINKED_SAME_FILE
IMP-M2-303BB87ACE-S014	IMP-M2-303BB87ACE	MATH-ALLS-2/theory-of-analysis-functions.tex	L3788-L3795	SOLUTION	12	IMP-M2-303BB87ACE-P082	LINKED_SAME_FILE
IMP-M2-CFC28ED568-S001	IMP-M2-CFC28ED568	MATH-ALLS-2/theory-of-analysis-II.tex	L277-L310	SOLUTION	4	IMP-M2-CFC28ED568-P004	LINKED_SAME_FILE
IMP-M2-CFC28ED568-S002	IMP-M2-CFC28ED568	MATH-ALLS-2/theory-of-analysis-II.tex	L530-L545	SOLUTION	7	IMP-M2-CFC28ED568-P008	LINKED_SAME_FILE
IMP-M2-CFC28ED568-S003	IMP-M2-CFC28ED568	MATH-ALLS-2/theory-of-analysis-II.tex	L570-L577	SOLUTION	7	IMP-M2-CFC28ED568-P010	LINKED_SAME_FILE
IMP-M2-CFC28ED568-S004	IMP-M2-CFC28ED568	MATH-ALLS-2/theory-of-analysis-II.tex	L601-L618	SOLUTION	9	IMP-M2-CFC28ED568-P011	LINKED_SAME_FILE
IMP-M2-CFC28ED568-S005	IMP-M2-CFC28ED568	MATH-ALLS-2/theory-of-analysis-II.tex	L624-L631	SOLUTION	10	IMP-M2-CFC28ED568-P012	LINKED_SAME_FILE
IMP-M2-CFC28ED568-S006	IMP-M2-CFC28ED568	MATH-ALLS-2/theory-of-analysis-II.tex	L737-L792	SOLUTION	11	IMP-M2-CFC28ED568-P017	LINKED_SAME_FILE
IMP-M2-CFC28ED568-S007	IMP-M2-CFC28ED568	MATH-ALLS-2/theory-of-analysis-II.tex	L832-L854	SOLUTION	13	IMP-M2-CFC28ED568-P022	LINKED_SAME_FILE
IMP-M2-CFC28ED568-S008	IMP-M2-CFC28ED568	MATH-ALLS-2/theory-of-analysis-II.tex	L1053-L1073	SOLUTION	3	IMP-M2-CFC28ED568-P031	LINKED_SAME_FILE
IMP-M2-CFC28ED568-S009	IMP-M2-CFC28ED568	MATH-ALLS-2/theory-of-analysis-II.tex	L1370-L1406	SOLUTION	9	IMP-M2-CFC28ED568-P042	LINKED_SAME_FILE
IMP-M2-CFC28ED568-S010	IMP-M2-CFC28ED568	MATH-ALLS-2/theory-of-analysis-II.tex	L1446-L1496	SOLUTION	10	IMP-M2-CFC28ED568-P047	LINKED_SAME_FILE
IMP-M2-CFC28ED568-S011	IMP-M2-CFC28ED568	MATH-ALLS-2/theory-of-analysis-II.tex	L1652-L1667	SOLUTION	13	IMP-M2-CFC28ED568-P050	LINKED_SAME_FILE
IMP-M2-CFC28ED568-S012	IMP-M2-CFC28ED568	MATH-ALLS-2/theory-of-analysis-II.tex	L1699-L1759	SOLUTION	13	IMP-M2-CFC28ED568-P056	LINKED_SAME_FILE
IMP-M2-CFC28ED568-S013	IMP-M2-CFC28ED568	MATH-ALLS-2/theory-of-analysis-II.tex	L2375-L2395	SOLUTION	5	IMP-M2-CFC28ED568-P067	LINKED_SAME_FILE
IMP-M2-CFC28ED568-S014	IMP-M2-CFC28ED568	MATH-ALLS-2/theory-of-analysis-II.tex	L2453-L2472	SOLUTION	6	IMP-M2-CFC28ED568-P068	LINKED_SAME_FILE
IMP-M2-CFC28ED568-S015	IMP-M2-CFC28ED568	MATH-ALLS-2/theory-of-analysis-II.tex	L2542-L2543	SOLUTION	8	IMP-M2-CFC28ED568-P074	LINKED_SAME_FILE
IMP-M2-CFC28ED568-S016	IMP-M2-CFC28ED568	MATH-ALLS-2/theory-of-analysis-II.tex	L2544-L2584	SOLUTION	8	IMP-M2-CFC28ED568-P074	LINKED_SAME_FILE
IMP-M2-CFC28ED568-S017	IMP-M2-CFC28ED568	MATH-ALLS-2/theory-of-analysis-II.tex	L2966-L2994	SOLUTION	12	IMP-M2-CFC28ED568-P078	LINKED_SAME_FILE
IMP-M2-CFC28ED568-S018	IMP-M2-CFC28ED568	MATH-ALLS-2/theory-of-analysis-II.tex	L3027-L3056	SOLUTION	12	IMP-M2-CFC28ED568-P080	LINKED_SAME_FILE
IMP-M2-CFC28ED568-S019	IMP-M2-CFC28ED568	MATH-ALLS-2/theory-of-analysis-II.tex	L3212-L3262	SOLUTION	1	IMP-M2-CFC28ED568-P085	LINKED_SAME_FILE
IMP-M2-CFC28ED568-S020	IMP-M2-CFC28ED568	MATH-ALLS-2/theory-of-analysis-II.tex	L3285-L3307	SOLUTION	2	IMP-M2-CFC28ED568-P086	LINKED_SAME_FILE
IMP-M2-CFC28ED568-S021	IMP-M2-CFC28ED568	MATH-ALLS-2/theory-of-analysis-II.tex	L3319-L3332	SOLUTION	3	IMP-M2-CFC28ED568-P087	LINKED_SAME_FILE
IMP-M2-CFC28ED568-S022	IMP-M2-CFC28ED568	MATH-ALLS-2/theory-of-analysis-II.tex	L3345-L3364	SOLUTION	4	IMP-M2-CFC28ED568-P088	LINKED_SAME_FILE
IMP-M2-CFC28ED568-S023	IMP-M2-CFC28ED568	MATH-ALLS-2/theory-of-analysis-II.tex	L3394-L3402	SOLUTION	5	IMP-M2-CFC28ED568-P089	LINKED_SAME_FILE
IMP-M2-CFC28ED568-S024	IMP-M2-CFC28ED568	MATH-ALLS-2/theory-of-analysis-II.tex	L3454-L3476	SOLUTION	7	IMP-M2-CFC28ED568-P091	LINKED_SAME_FILE
IMP-M2-CFC28ED568-S025	IMP-M2-CFC28ED568	MATH-ALLS-2/theory-of-analysis-II.tex	L3499-L3515	SOLUTION	8	IMP-M2-CFC28ED568-P094	LINKED_SAME_FILE
IMP-M2-CFC28ED568-S026	IMP-M2-CFC28ED568	MATH-ALLS-2/theory-of-analysis-II.tex	L3564-L3573	SOLUTION	10	IMP-M2-CFC28ED568-P097	LINKED_SAME_FILE
IMP-M2-F08D4144EA-S001	IMP-M2-F08D4144EA	MATH-ALLS-2/theory-of-analysis-numbers.tex	L120-L134	SOLUTION			ORPHAN_NEEDS_REVIEW
IMP-M2-F08D4144EA-S002	IMP-M2-F08D4144EA	MATH-ALLS-2/theory-of-analysis-numbers.tex	L153-L185	SOLUTION			ORPHAN_NEEDS_REVIEW
IMP-M2-F08D4144EA-S003	IMP-M2-F08D4144EA	MATH-ALLS-2/theory-of-analysis-numbers.tex	L193-L214	SOLUTION			ORPHAN_NEEDS_REVIEW
IMP-M2-F08D4144EA-S004	IMP-M2-F08D4144EA	MATH-ALLS-2/theory-of-analysis-numbers.tex	L218-L257	SOLUTION			ORPHAN_NEEDS_REVIEW
IMP-M2-F08D4144EA-S005	IMP-M2-F08D4144EA	MATH-ALLS-2/theory-of-analysis-numbers.tex	L265-L293	SOLUTION			ORPHAN_NEEDS_REVIEW
IMP-M2-F08D4144EA-S006	IMP-M2-F08D4144EA	MATH-ALLS-2/theory-of-analysis-numbers.tex	L301-L338	SOLUTION			ORPHAN_NEEDS_REVIEW
IMP-M2-F08D4144EA-S007	IMP-M2-F08D4144EA	MATH-ALLS-2/theory-of-analysis-numbers.tex	L411-L448	SOLUTION		IMP-M2-F08D4144EA-P001	LINKED_SAME_FILE
IMP-M2-F08D4144EA-S008	IMP-M2-F08D4144EA	MATH-ALLS-2/theory-of-analysis-numbers.tex	L510-L540	SOLUTION		IMP-M2-F08D4144EA-P002	LINKED_SAME_FILE
IMP-M2-F08D4144EA-S009	IMP-M2-F08D4144EA	MATH-ALLS-2/theory-of-analysis-numbers.tex	L555-L585	SOLUTION		IMP-M2-F08D4144EA-P003	LINKED_SAME_FILE
IMP-M2-F08D4144EA-S010	IMP-M2-F08D4144EA	MATH-ALLS-2/theory-of-analysis-numbers.tex	L633-L637	SOLUTION		IMP-M2-F08D4144EA-P004	LINKED_SAME_FILE
IMP-M2-F08D4144EA-S011	IMP-M2-F08D4144EA	MATH-ALLS-2/theory-of-analysis-numbers.tex	L681-L701	SOLUTION		IMP-M2-F08D4144EA-P006	LINKED_SAME_FILE
IMP-M2-F08D4144EA-S012	IMP-M2-F08D4144EA	MATH-ALLS-2/theory-of-analysis-numbers.tex	L702-L707	SOLUTION			ORPHAN_NEEDS_REVIEW
IMP-M2-F08D4144EA-S013	IMP-M2-F08D4144EA	MATH-ALLS-2/theory-of-analysis-numbers.tex	L801-L822	SOLUTION		IMP-M2-F08D4144EA-P007	LINKED_SAME_FILE
IMP-M2-F08D4144EA-S014	IMP-M2-F08D4144EA	MATH-ALLS-2/theory-of-analysis-numbers.tex	L840-L884	SOLUTION		IMP-M2-F08D4144EA-P008	LINKED_SAME_FILE
IMP-M2-F08D4144EA-S015	IMP-M2-F08D4144EA	MATH-ALLS-2/theory-of-analysis-numbers.tex	L2800-L2804	SOLUTION		IMP-M2-F08D4144EA-P013	LINKED_SAME_FILE
IMP-M2-F08D4144EA-S016	IMP-M2-F08D4144EA	MATH-ALLS-2/theory-of-analysis-numbers.tex	L4678-L4709	SOLUTION		IMP-M2-F08D4144EA-P013	LINKED_SAME_FILE
IMP-M2-F08D4144EA-S017	IMP-M2-F08D4144EA	MATH-ALLS-2/theory-of-analysis-numbers.tex	L4757-L4796	SOLUTION		IMP-M2-F08D4144EA-P013	LINKED_SAME_FILE
IMP-M2-F08D4144EA-S018	IMP-M2-F08D4144EA	MATH-ALLS-2/theory-of-analysis-numbers.tex	L4827-L4860	SOLUTION		IMP-M2-F08D4144EA-P013	LINKED_SAME_FILE
IMP-M2-F08D4144EA-S019	IMP-M2-F08D4144EA	MATH-ALLS-2/theory-of-analysis-numbers.tex	L4875-L4912	SOLUTION		IMP-M2-F08D4144EA-P013	LINKED_SAME_FILE
IMP-M2-F08D4144EA-S020	IMP-M2-F08D4144EA	MATH-ALLS-2/theory-of-analysis-numbers.tex	L4914-L4945	SOLUTION		IMP-M2-F08D4144EA-P013	LINKED_SAME_FILE
IMP-M2-F08D4144EA-S021	IMP-M2-F08D4144EA	MATH-ALLS-2/theory-of-analysis-numbers.tex	L4960-L4988	SOLUTION		IMP-M2-F08D4144EA-P013	LINKED_SAME_FILE
IMP-M2-F08D4144EA-S022	IMP-M2-F08D4144EA	MATH-ALLS-2/theory-of-analysis-numbers.tex	L5124-L5145	SOLUTION		IMP-M2-F08D4144EA-P013	LINKED_SAME_FILE
IMP-M2-F08D4144EA-S023	IMP-M2-F08D4144EA	MATH-ALLS-2/theory-of-analysis-numbers.tex	L5164-L5210	SOLUTION		IMP-M2-F08D4144EA-P013	LINKED_SAME_FILE
IMP-M2-F08D4144EA-S024	IMP-M2-F08D4144EA	MATH-ALLS-2/theory-of-analysis-numbers.tex	L5416-L5430	SOLUTION		IMP-M2-F08D4144EA-P013	LINKED_SAME_FILE
IMP-M2-F08D4144EA-S025	IMP-M2-F08D4144EA	MATH-ALLS-2/theory-of-analysis-numbers.tex	L5440-L5452	SOLUTION		IMP-M2-F08D4144EA-P013	LINKED_SAME_FILE
IMP-M2-40A546CAA2-S001	IMP-M2-40A546CAA2	MATH-ALLS-2/theory-of-analysis-topics.tex	L133-L165	SOLUTION			ORPHAN_NEEDS_REVIEW
IMP-M2-40A546CAA2-S002	IMP-M2-40A546CAA2	MATH-ALLS-2/theory-of-analysis-topics.tex	L216-L270	SOLUTION			ORPHAN_NEEDS_REVIEW
IMP-M2-40A546CAA2-S003	IMP-M2-40A546CAA2	MATH-ALLS-2/theory-of-analysis-topics.tex	L492-L512	SOLUTION		IMP-M2-40A546CAA2-P002	LINKED_SAME_FILE
IMP-M2-40A546CAA2-S004	IMP-M2-40A546CAA2	MATH-ALLS-2/theory-of-analysis-topics.tex	L649-L683	SOLUTION	5	IMP-M2-40A546CAA2-P008	LINKED_SAME_FILE
IMP-M2-40A546CAA2-S005	IMP-M2-40A546CAA2	MATH-ALLS-2/theory-of-analysis-topics.tex	L729-L755	SOLUTION		IMP-M2-40A546CAA2-P009	LINKED_SAME_FILE
IMP-M2-40A546CAA2-S006	IMP-M2-40A546CAA2	MATH-ALLS-2/theory-of-analysis-topics.tex	L866-L885	SOLUTION		IMP-M2-40A546CAA2-P010	LINKED_SAME_FILE
IMP-M2-40A546CAA2-S007	IMP-M2-40A546CAA2	MATH-ALLS-2/theory-of-analysis-topics.tex	L1010-L1035	SOLUTION	8	IMP-M2-40A546CAA2-P011	LINKED_SAME_FILE
IMP-M2-40A546CAA2-S008	IMP-M2-40A546CAA2	MATH-ALLS-2/theory-of-analysis-topics.tex	L1304-L1368	SOLUTION		IMP-M2-40A546CAA2-P015	LINKED_SAME_FILE
IMP-M2-40A546CAA2-S009	IMP-M2-40A546CAA2	MATH-ALLS-2/theory-of-analysis-topics.tex	L1708-L1749	SOLUTION	1	IMP-M2-40A546CAA2-P018	LINKED_SAME_FILE
IMP-M2-40A546CAA2-S010	IMP-M2-40A546CAA2	MATH-ALLS-2/theory-of-analysis-topics.tex	L1938-L1964	SOLUTION		IMP-M2-40A546CAA2-P019	LINKED_SAME_FILE
IMP-M2-40A546CAA2-S011	IMP-M2-40A546CAA2	MATH-ALLS-2/theory-of-analysis-topics.tex	L2049-L2058	SOLUTION		IMP-M2-40A546CAA2-P020	LINKED_SAME_FILE
IMP-M2-40A546CAA2-S012	IMP-M2-40A546CAA2	MATH-ALLS-2/theory-of-analysis-topics.tex	L2088-L2097	SOLUTION		IMP-M2-40A546CAA2-P021	LINKED_SAME_FILE
IMP-M2-40A546CAA2-S013	IMP-M2-40A546CAA2	MATH-ALLS-2/theory-of-analysis-topics.tex	L2344-L2395	SOLUTION		IMP-M2-40A546CAA2-P024	LINKED_SAME_FILE
IMP-M2-40A546CAA2-S014	IMP-M2-40A546CAA2	MATH-ALLS-2/theory-of-analysis-topics.tex	L2588-L2611	SOLUTION	7	IMP-M2-40A546CAA2-P025	LINKED_SAME_FILE
IMP-M2-40A546CAA2-S015	IMP-M2-40A546CAA2	MATH-ALLS-2/theory-of-analysis-topics.tex	L2691-L2723	SOLUTION	9.	IMP-M2-40A546CAA2-P026	LINKED_SAME_FILE
IMP-M2-40A546CAA2-S016	IMP-M2-40A546CAA2	MATH-ALLS-2/theory-of-analysis-topics.tex	L2749-L2824	SOLUTION	11.	IMP-M2-40A546CAA2-P027	LINKED_SAME_FILE
IMP-M2-40A546CAA2-S017	IMP-M2-40A546CAA2	MATH-ALLS-2/theory-of-analysis-topics.tex	L2942-L2950	SOLUTION	12	IMP-M2-40A546CAA2-P028	LINKED_SAME_FILE
IMP-M2-40A546CAA2-S018	IMP-M2-40A546CAA2	MATH-ALLS-2/theory-of-analysis-topics.tex	L2960-L2969	SOLUTION	13	IMP-M2-40A546CAA2-P029	LINKED_SAME_FILE
IMP-M2-40A546CAA2-S019	IMP-M2-40A546CAA2	MATH-ALLS-2/theory-of-analysis-topics.tex	L3009-L3028	SOLUTION		IMP-M2-40A546CAA2-P030	LINKED_SAME_FILE
IMP-M2-40A546CAA2-S020	IMP-M2-40A546CAA2	MATH-ALLS-2/theory-of-analysis-topics.tex	L3082-L3098	SOLUTION		IMP-M2-40A546CAA2-P031	LINKED_SAME_FILE
IMP-M2-40A546CAA2-S021	IMP-M2-40A546CAA2	MATH-ALLS-2/theory-of-analysis-topics.tex	L3643-L3692	SOLUTION	3	IMP-M2-40A546CAA2-P034	LINKED_SAME_FILE
IMP-M2-40A546CAA2-S022	IMP-M2-40A546CAA2	MATH-ALLS-2/theory-of-analysis-topics.tex	L4043-L4067	SOLUTION	4	IMP-M2-40A546CAA2-P040	LINKED_SAME_FILE
IMP-M2-40A546CAA2-S023	IMP-M2-40A546CAA2	MATH-ALLS-2/theory-of-analysis-topics.tex	L4473-L4477	SOLUTION	9	IMP-M2-40A546CAA2-P048	LINKED_SAME_FILE
IMP-M2-40A546CAA2-S024	IMP-M2-40A546CAA2	MATH-ALLS-2/theory-of-analysis-topics.tex	L4635-L4653	SOLUTION	1	IMP-M2-40A546CAA2-P053	LINKED_SAME_FILE
IMP-M2-40A546CAA2-S025	IMP-M2-40A546CAA2	MATH-ALLS-2/theory-of-analysis-topics.tex	L4661-L4666	SOLUTION	2	IMP-M2-40A546CAA2-P054	LINKED_SAME_FILE
IMP-M2-40A546CAA2-S026	IMP-M2-40A546CAA2	MATH-ALLS-2/theory-of-analysis-topics.tex	L4676-L4685	SOLUTION	3	IMP-M2-40A546CAA2-P055	LINKED_SAME_FILE
IMP-M2-40A546CAA2-S027	IMP-M2-40A546CAA2	MATH-ALLS-2/theory-of-analysis-topics.tex	L4787-L4815	SOLUTION		IMP-M2-40A546CAA2-P056	LINKED_SAME_FILE
IMP-M2-40A546CAA2-S028	IMP-M2-40A546CAA2	MATH-ALLS-2/theory-of-analysis-topics.tex	L4821-L4829	SOLUTION	6	IMP-M2-40A546CAA2-P057	LINKED_SAME_FILE
IMP-M2-40A546CAA2-S029	IMP-M2-40A546CAA2	MATH-ALLS-2/theory-of-analysis-topics.tex	L4897-L4913	SOLUTION	8	IMP-M2-40A546CAA2-P059	LINKED_SAME_FILE
IMP-M2-40A546CAA2-S030	IMP-M2-40A546CAA2	MATH-ALLS-2/theory-of-analysis-topics.tex	L4939-L4944	SOLUTION	10	IMP-M2-40A546CAA2-P061	LINKED_SAME_FILE
IMP-M2-40A546CAA2-S031	IMP-M2-40A546CAA2	MATH-ALLS-2/theory-of-analysis-topics.tex	L4950-L4954	SOLUTION	11	IMP-M2-40A546CAA2-P062	LINKED_SAME_FILE
IMP-M2-7EA9DA1D72-S001	IMP-M2-7EA9DA1D72	MATH-ALLS-2/theory-of-analysis-topology.tex	L114-L124	SOLUTION		IMP-M2-7EA9DA1D72-P001	LINKED_SAME_FILE
IMP-M2-7EA9DA1D72-S002	IMP-M2-7EA9DA1D72	MATH-ALLS-2/theory-of-analysis-topology.tex	L125-L128	SOLUTION			ORPHAN_NEEDS_REVIEW
IMP-M2-7EA9DA1D72-S003	IMP-M2-7EA9DA1D72	MATH-ALLS-2/theory-of-analysis-topology.tex	L129-L135	SOLUTION			ORPHAN_NEEDS_REVIEW
IMP-M2-7EA9DA1D72-S004	IMP-M2-7EA9DA1D72	MATH-ALLS-2/theory-of-analysis-topology.tex	L154-L163	SOLUTION	2	IMP-M2-7EA9DA1D72-P002	LINKED_SAME_FILE
IMP-M2-7EA9DA1D72-S005	IMP-M2-7EA9DA1D72	MATH-ALLS-2/theory-of-analysis-topology.tex	L677-L702	SOLUTION	10	IMP-M2-7EA9DA1D72-P013	LINKED_SAME_FILE
IMP-M2-7EA9DA1D72-S006	IMP-M2-7EA9DA1D72	MATH-ALLS-2/theory-of-analysis-topology.tex	L1820-L1851	SOLUTION	15	IMP-M2-7EA9DA1D72-P017	LINKED_SAME_FILE
IMP-M2-7EA9DA1D72-S007	IMP-M2-7EA9DA1D72	MATH-ALLS-2/theory-of-analysis-topology.tex	L1877-L1917	SOLUTION	15	IMP-M2-7EA9DA1D72-P017	LINKED_SAME_FILE
IMP-M2-7EA9DA1D72-S008	IMP-M2-7EA9DA1D72	MATH-ALLS-2/theory-of-analysis-topology.tex	L1975-L2029	SOLUTION	15	IMP-M2-7EA9DA1D72-P017	LINKED_SAME_FILE
IMP-M2-7EA9DA1D72-S009	IMP-M2-7EA9DA1D72	MATH-ALLS-2/theory-of-analysis-topology.tex	L2058-L2112	SOLUTION	15	IMP-M2-7EA9DA1D72-P017	LINKED_SAME_FILE
IMP-M2-7EA9DA1D72-S010	IMP-M2-7EA9DA1D72	MATH-ALLS-2/theory-of-analysis-topology.tex	L2136-L2176	SOLUTION	15	IMP-M2-7EA9DA1D72-P017	LINKED_SAME_FILE
IMP-M2-7EA9DA1D72-S011	IMP-M2-7EA9DA1D72	MATH-ALLS-2/theory-of-analysis-topology.tex	L2281-L2337	SOLUTION		IMP-M2-7EA9DA1D72-P017	LINKED_SAME_FILE
IMP-M2-7EA9DA1D72-S012	IMP-M2-7EA9DA1D72	MATH-ALLS-2/theory-of-analysis-topology.tex	L3200-L3287	SOLUTION	17		ORPHAN_NUMBERED_SOLUTION
IMP-M2-1D2863B81A-S001	IMP-M2-1D2863B81A	MATH-ALLS-2/theory-of-analysis.tex	L117-L131	SOLUTION			ORPHAN_NEEDS_REVIEW
IMP-M2-1D2863B81A-S002	IMP-M2-1D2863B81A	MATH-ALLS-2/theory-of-analysis.tex	L150-L182	SOLUTION			ORPHAN_NEEDS_REVIEW
IMP-M2-1D2863B81A-S003	IMP-M2-1D2863B81A	MATH-ALLS-2/theory-of-analysis.tex	L190-L211	SOLUTION			ORPHAN_NEEDS_REVIEW
IMP-M2-1D2863B81A-S004	IMP-M2-1D2863B81A	MATH-ALLS-2/theory-of-analysis.tex	L215-L254	SOLUTION			ORPHAN_NEEDS_REVIEW
IMP-M2-1D2863B81A-S005	IMP-M2-1D2863B81A	MATH-ALLS-2/theory-of-analysis.tex	L262-L290	SOLUTION			ORPHAN_NEEDS_REVIEW
IMP-M2-1D2863B81A-S006	IMP-M2-1D2863B81A	MATH-ALLS-2/theory-of-analysis.tex	L298-L335	SOLUTION			ORPHAN_NEEDS_REVIEW
IMP-M2-1D2863B81A-S007	IMP-M2-1D2863B81A	MATH-ALLS-2/theory-of-analysis.tex	L408-L445	SOLUTION		IMP-M2-1D2863B81A-P001	LINKED_SAME_FILE
IMP-M2-1D2863B81A-S008	IMP-M2-1D2863B81A	MATH-ALLS-2/theory-of-analysis.tex	L507-L537	SOLUTION		IMP-M2-1D2863B81A-P002	LINKED_SAME_FILE
IMP-M2-1D2863B81A-S009	IMP-M2-1D2863B81A	MATH-ALLS-2/theory-of-analysis.tex	L552-L582	SOLUTION		IMP-M2-1D2863B81A-P003	LINKED_SAME_FILE
IMP-M2-1D2863B81A-S010	IMP-M2-1D2863B81A	MATH-ALLS-2/theory-of-analysis.tex	L630-L634	SOLUTION		IMP-M2-1D2863B81A-P004	LINKED_SAME_FILE
IMP-M2-1D2863B81A-S011	IMP-M2-1D2863B81A	MATH-ALLS-2/theory-of-analysis.tex	L678-L698	SOLUTION		IMP-M2-1D2863B81A-P006	LINKED_SAME_FILE
IMP-M2-1D2863B81A-S012	IMP-M2-1D2863B81A	MATH-ALLS-2/theory-of-analysis.tex	L699-L704	SOLUTION			ORPHAN_NEEDS_REVIEW
IMP-M2-1D2863B81A-S013	IMP-M2-1D2863B81A	MATH-ALLS-2/theory-of-analysis.tex	L798-L819	SOLUTION		IMP-M2-1D2863B81A-P007	LINKED_SAME_FILE
IMP-M2-1D2863B81A-S014	IMP-M2-1D2863B81A	MATH-ALLS-2/theory-of-analysis.tex	L837-L881	SOLUTION		IMP-M2-1D2863B81A-P008	LINKED_SAME_FILE
IMP-M2-1D2863B81A-S015	IMP-M2-1D2863B81A	MATH-ALLS-2/theory-of-analysis.tex	L2797-L2801	SOLUTION		IMP-M2-1D2863B81A-P013	LINKED_SAME_FILE
IMP-M2-79778E004E-S001	IMP-M2-79778E004E	MATH-ALLS-2/theory-of-complex-analysis-2.tex	L143-L188	SOLUTION		IMP-M2-79778E004E-P001	LINKED_SAME_FILE
IMP-M2-79778E004E-S002	IMP-M2-79778E004E	MATH-ALLS-2/theory-of-complex-analysis-2.tex	L426-L453	SOLUTION		IMP-M2-79778E004E-P004	LINKED_SAME_FILE
IMP-M2-79778E004E-S003	IMP-M2-79778E004E	MATH-ALLS-2/theory-of-complex-analysis-2.tex	L472-L499	SOLUTION		IMP-M2-79778E004E-P005	LINKED_SAME_FILE
IMP-M2-79778E004E-S004	IMP-M2-79778E004E	MATH-ALLS-2/theory-of-complex-analysis-2.tex	L513-L537	SOLUTION		IMP-M2-79778E004E-P006	LINKED_SAME_FILE
IMP-M2-79778E004E-S005	IMP-M2-79778E004E	MATH-ALLS-2/theory-of-complex-analysis-2.tex	L626-L655	SOLUTION	8	IMP-M2-79778E004E-P007	LINKED_SAME_FILE
IMP-M2-79778E004E-S006	IMP-M2-79778E004E	MATH-ALLS-2/theory-of-complex-analysis-2.tex	L661-L670	SOLUTION	9	IMP-M2-79778E004E-P011	LINKED_SAME_FILE
IMP-M2-79778E004E-S007	IMP-M2-79778E004E	MATH-ALLS-2/theory-of-complex-analysis-2.tex	L677-L686	SOLUTION	10	IMP-M2-79778E004E-P012	LINKED_SAME_FILE
IMP-M2-79778E004E-S008	IMP-M2-79778E004E	MATH-ALLS-2/theory-of-complex-analysis-2.tex	L695-L707	SOLUTION	11	IMP-M2-79778E004E-P013	LINKED_SAME_FILE
IMP-M2-79778E004E-S009	IMP-M2-79778E004E	MATH-ALLS-2/theory-of-complex-analysis-2.tex	L793-L807	SOLUTION		IMP-M2-79778E004E-P017	LINKED_SAME_FILE
IMP-M2-79778E004E-S010	IMP-M2-79778E004E	MATH-ALLS-2/theory-of-complex-analysis-2.tex	L899-L913	SOLUTION		IMP-M2-79778E004E-P018	LINKED_SAME_FILE
IMP-M2-79778E004E-S011	IMP-M2-79778E004E	MATH-ALLS-2/theory-of-complex-analysis-2.tex	L939-L947	SOLUTION		IMP-M2-79778E004E-P019	LINKED_SAME_FILE
IMP-M2-2BDEE85382-S001	IMP-M2-2BDEE85382	MATH-ALLS-2/theory-of-complex-analysis-all-maps-all.tex	L54-L92	SOLUTION			ORPHAN_NEEDS_REVIEW
IMP-M2-2BDEE85382-S002	IMP-M2-2BDEE85382	MATH-ALLS-2/theory-of-complex-analysis-all-maps-all.tex	L187-L199	SOLUTION	3	IMP-M2-2BDEE85382-P002	LINKED_SAME_FILE
IMP-M2-F295E7C0B9-S001	IMP-M2-F295E7C0B9	MATH-ALLS-2/theory-of-complex-analysis-all-maps-all2.tex	L65-L103	SOLUTION			ORPHAN_NEEDS_REVIEW
IMP-M2-F295E7C0B9-S002	IMP-M2-F295E7C0B9	MATH-ALLS-2/theory-of-complex-analysis-all-maps-all2.tex	L198-L210	SOLUTION	3	IMP-M2-F295E7C0B9-P002	LINKED_SAME_FILE
IMP-M2-6F2E5F9B11-S001	IMP-M2-6F2E5F9B11	MATH-ALLS-2/theory-of-complex-analysis-all-maps.tex	L45-L83	SOLUTION			ORPHAN_NEEDS_REVIEW
IMP-M2-6F2E5F9B11-S002	IMP-M2-6F2E5F9B11	MATH-ALLS-2/theory-of-complex-analysis-all-maps.tex	L178-L190	SOLUTION	3	IMP-M2-6F2E5F9B11-P002	LINKED_SAME_FILE
IMP-M2-7785C781E9-S001	IMP-M2-7785C781E9	MATH-ALLS-2/theory-of-complex-analysis-all.tex	L43-L81	SOLUTION			ORPHAN_NEEDS_REVIEW
IMP-M2-7785C781E9-S002	IMP-M2-7785C781E9	MATH-ALLS-2/theory-of-complex-analysis-all.tex	L176-L188	SOLUTION	3	IMP-M2-7785C781E9-P002	LINKED_SAME_FILE
IMP-M2-40596E1FB5-S001	IMP-M2-40596E1FB5	MATH-ALLS-2/theory-of-complex-analysis-gamma.tex	L79-L102	SOLUTION		IMP-M2-40596E1FB5-P001	LINKED_SAME_FILE
IMP-M2-40596E1FB5-S002	IMP-M2-40596E1FB5	MATH-ALLS-2/theory-of-complex-analysis-gamma.tex	L948-L1193	SOLUTION			ORPHAN_NEEDS_REVIEW
IMP-M2-40596E1FB5-S003	IMP-M2-40596E1FB5	MATH-ALLS-2/theory-of-complex-analysis-gamma.tex	L1216-L1239	SOLUTION			ORPHAN_NEEDS_REVIEW
IMP-M2-805F474A19-S001	IMP-M2-805F474A19	MATH-ALLS-2/theory-of-complex-analysis-next.tex	L1687-L1749	SOLUTION			ORPHAN_NEEDS_REVIEW
IMP-M2-805F474A19-S002	IMP-M2-805F474A19	MATH-ALLS-2/theory-of-complex-analysis-next.tex	L2221-L2233	SOLUTION			ORPHAN_NEEDS_REVIEW
IMP-M2-805F474A19-S003	IMP-M2-805F474A19	MATH-ALLS-2/theory-of-complex-analysis-next.tex	L2335-L2384	SOLUTION		IMP-M2-805F474A19-P010	LINKED_SAME_FILE
IMP-M2-09C070ED26-S001	IMP-M2-09C070ED26	MATH-ALLS-2/theory-of-complex-analysis-next2.tex	L180-L212	SOLUTION	1		ORPHAN_NUMBERED_SOLUTION
IMP-M2-09C070ED26-S002	IMP-M2-09C070ED26	MATH-ALLS-2/theory-of-complex-analysis-next2.tex	L235-L265	SOLUTION	2		ORPHAN_NUMBERED_SOLUTION
IMP-M2-09C070ED26-S003	IMP-M2-09C070ED26	MATH-ALLS-2/theory-of-complex-analysis-next2.tex	L632-L711	SOLUTION		IMP-M2-09C070ED26-P003	LINKED_SAME_FILE
IMP-M2-09C070ED26-S004	IMP-M2-09C070ED26	MATH-ALLS-2/theory-of-complex-analysis-next2.tex	L1237-L1269	SOLUTION		IMP-M2-09C070ED26-P005	LINKED_SAME_FILE
IMP-M2-09C070ED26-S005	IMP-M2-09C070ED26	MATH-ALLS-2/theory-of-complex-analysis-next2.tex	L1561-L1574	SOLUTION			ORPHAN_NEEDS_REVIEW
IMP-M2-09C070ED26-S006	IMP-M2-09C070ED26	MATH-ALLS-2/theory-of-complex-analysis-next2.tex	L1706-L1728	SOLUTION			ORPHAN_NEEDS_REVIEW
IMP-M2-09C070ED26-S007	IMP-M2-09C070ED26	MATH-ALLS-2/theory-of-complex-analysis-next2.tex	L1729-L1748	SOLUTION			ORPHAN_NEEDS_REVIEW
IMP-M2-11069D160E-S001	IMP-M2-11069D160E	MATH-ALLS-2/theory-of-complex-analysis-series.tex	L622-L647	SOLUTION			ORPHAN_NEEDS_REVIEW
IMP-M2-11069D160E-S002	IMP-M2-11069D160E	MATH-ALLS-2/theory-of-complex-analysis-series.tex	L648-L691	SOLUTION			ORPHAN_NEEDS_REVIEW
IMP-M2-11069D160E-S003	IMP-M2-11069D160E	MATH-ALLS-2/theory-of-complex-analysis-series.tex	L1050-L1062	SOLUTION		IMP-M2-11069D160E-P002	LINKED_SAME_FILE
IMP-M2-11069D160E-S004	IMP-M2-11069D160E	MATH-ALLS-2/theory-of-complex-analysis-series.tex	L1063-L1080	SOLUTION			ORPHAN_NEEDS_REVIEW
IMP-M2-7B5A4788C1-S001	IMP-M2-7B5A4788C1	MATH-ALLS-2/theory-of-complex-analysis-topology.tex	L70-L78	SOLUTION		IMP-M2-7B5A4788C1-P001	LINKED_SAME_FILE
IMP-M2-7B5A4788C1-S002	IMP-M2-7B5A4788C1	MATH-ALLS-2/theory-of-complex-analysis-topology.tex	L79-L94	SOLUTION			ORPHAN_NEEDS_REVIEW
IMP-M2-7B5A4788C1-S003	IMP-M2-7B5A4788C1	MATH-ALLS-2/theory-of-complex-analysis-topology.tex	L155-L161	SOLUTION		IMP-M2-7B5A4788C1-P003	LINKED_SAME_FILE
IMP-M2-7B5A4788C1-S004	IMP-M2-7B5A4788C1	MATH-ALLS-2/theory-of-complex-analysis-topology.tex	L162-L168	SOLUTION			ORPHAN_NEEDS_REVIEW
IMP-M2-7B5A4788C1-S005	IMP-M2-7B5A4788C1	MATH-ALLS-2/theory-of-complex-analysis-topology.tex	L194-L200	SOLUTION		IMP-M2-7B5A4788C1-P004	LINKED_SAME_FILE
IMP-M2-7B5A4788C1-S006	IMP-M2-7B5A4788C1	MATH-ALLS-2/theory-of-complex-analysis-topology.tex	L201-L209	SOLUTION			ORPHAN_NEEDS_REVIEW
IMP-M2-7B5A4788C1-S007	IMP-M2-7B5A4788C1	MATH-ALLS-2/theory-of-complex-analysis-topology.tex	L241-L248	SOLUTION		IMP-M2-7B5A4788C1-P005	LINKED_SAME_FILE
IMP-M2-7B5A4788C1-S008	IMP-M2-7B5A4788C1	MATH-ALLS-2/theory-of-complex-analysis-topology.tex	L249-L255	SOLUTION			ORPHAN_NEEDS_REVIEW
IMP-M2-7B5A4788C1-S009	IMP-M2-7B5A4788C1	MATH-ALLS-2/theory-of-complex-analysis-topology.tex	L606-L630	SOLUTION		IMP-M2-7B5A4788C1-P008	LINKED_SAME_FILE
IMP-M2-7B5A4788C1-S010	IMP-M2-7B5A4788C1	MATH-ALLS-2/theory-of-complex-analysis-topology.tex	L642-L660	SOLUTION		IMP-M2-7B5A4788C1-P014	LINKED_SAME_FILE
IMP-M2-7B5A4788C1-S011	IMP-M2-7B5A4788C1	MATH-ALLS-2/theory-of-complex-analysis-topology.tex	L714-L735	SOLUTION		IMP-M2-7B5A4788C1-P016	LINKED_SAME_FILE
IMP-M2-7B5A4788C1-S012	IMP-M2-7B5A4788C1	MATH-ALLS-2/theory-of-complex-analysis-topology.tex	L820-L837	SOLUTION			ORPHAN_NEEDS_REVIEW
IMP-M2-7B5A4788C1-S013	IMP-M2-7B5A4788C1	MATH-ALLS-2/theory-of-complex-analysis-topology.tex	L846-L879	SOLUTION		IMP-M2-7B5A4788C1-P019	LINKED_SAME_FILE
IMP-M2-7B5A4788C1-S014	IMP-M2-7B5A4788C1	MATH-ALLS-2/theory-of-complex-analysis-topology.tex	L891-L919	SOLUTION		IMP-M2-7B5A4788C1-P021	LINKED_SAME_FILE
IMP-M2-7B5A4788C1-S015	IMP-M2-7B5A4788C1	MATH-ALLS-2/theory-of-complex-analysis-topology.tex	L956-L960	SOLUTION		IMP-M2-7B5A4788C1-P022	LINKED_SAME_FILE
IMP-M2-7B5A4788C1-S016	IMP-M2-7B5A4788C1	MATH-ALLS-2/theory-of-complex-analysis-topology.tex	L961-L965	SOLUTION			ORPHAN_NEEDS_REVIEW
IMP-M2-7B5A4788C1-S017	IMP-M2-7B5A4788C1	MATH-ALLS-2/theory-of-complex-analysis-topology.tex	L966-L970	SOLUTION			ORPHAN_NEEDS_REVIEW
IMP-M2-7B5A4788C1-S018	IMP-M2-7B5A4788C1	MATH-ALLS-2/theory-of-complex-analysis-topology.tex	L1035-L1066	SOLUTION		IMP-M2-7B5A4788C1-P025	LINKED_SAME_FILE
IMP-M2-7B5A4788C1-S019	IMP-M2-7B5A4788C1	MATH-ALLS-2/theory-of-complex-analysis-topology.tex	L1129-L1158	SOLUTION		IMP-M2-7B5A4788C1-P031	LINKED_SAME_FILE
IMP-M2-7B5A4788C1-S020	IMP-M2-7B5A4788C1	MATH-ALLS-2/theory-of-complex-analysis-topology.tex	L1725-L1858	SOLUTION		IMP-M2-7B5A4788C1-P044	LINKED_SAME_FILE
IMP-M2-7B5A4788C1-S021	IMP-M2-7B5A4788C1	MATH-ALLS-2/theory-of-complex-analysis-topology.tex	L1883-L2010	SOLUTION		IMP-M2-7B5A4788C1-P044	LINKED_SAME_FILE
IMP-M2-7B5A4788C1-S022	IMP-M2-7B5A4788C1	MATH-ALLS-2/theory-of-complex-analysis-topology.tex	L2073-L2148	SOLUTION		IMP-M2-7B5A4788C1-P044	LINKED_SAME_FILE
IMP-M2-7B5A4788C1-S023	IMP-M2-7B5A4788C1	MATH-ALLS-2/theory-of-complex-analysis-topology.tex	L2170-L2267	SOLUTION		IMP-M2-7B5A4788C1-P044	LINKED_SAME_FILE
IMP-M2-7B5A4788C1-S024	IMP-M2-7B5A4788C1	MATH-ALLS-2/theory-of-complex-analysis-topology.tex	L2376-L2438	SOLUTION		IMP-M2-7B5A4788C1-P044	LINKED_SAME_FILE
IMP-M2-80AFB5AE64-S001	IMP-M2-80AFB5AE64	MATH-ALLS-2/theory-of-complex-analysis.tex	L144-L187	SOLUTION			ORPHAN_NEEDS_REVIEW
IMP-M2-80AFB5AE64-S002	IMP-M2-80AFB5AE64	MATH-ALLS-2/theory-of-complex-analysis.tex	L342-L369	SOLUTION		IMP-M2-80AFB5AE64-P014	LINKED_SAME_FILE
IMP-M2-80AFB5AE64-S003	IMP-M2-80AFB5AE64	MATH-ALLS-2/theory-of-complex-analysis.tex	L379-L417	SOLUTION		IMP-M2-80AFB5AE64-P015	LINKED_SAME_FILE
IMP-M2-80AFB5AE64-S004	IMP-M2-80AFB5AE64	MATH-ALLS-2/theory-of-complex-analysis.tex	L461-L506	SOLUTION		IMP-M2-80AFB5AE64-P016	LINKED_SAME_FILE
IMP-M2-80AFB5AE64-S005	IMP-M2-80AFB5AE64	MATH-ALLS-2/theory-of-complex-analysis.tex	L667-L726	SOLUTION		IMP-M2-80AFB5AE64-P017	LINKED_SAME_FILE
IMP-M2-80AFB5AE64-S006	IMP-M2-80AFB5AE64	MATH-ALLS-2/theory-of-complex-analysis.tex	L740-L763	SOLUTION		IMP-M2-80AFB5AE64-P018	LINKED_SAME_FILE
IMP-M2-80AFB5AE64-S007	IMP-M2-80AFB5AE64	MATH-ALLS-2/theory-of-complex-analysis.tex	L914-L946	SOLUTION		IMP-M2-80AFB5AE64-P020	LINKED_SAME_FILE
IMP-M2-80AFB5AE64-S008	IMP-M2-80AFB5AE64	MATH-ALLS-2/theory-of-complex-analysis.tex	L950-L968	SOLUTION		IMP-M2-80AFB5AE64-P021	LINKED_SAME_FILE
IMP-M2-80AFB5AE64-S009	IMP-M2-80AFB5AE64	MATH-ALLS-2/theory-of-complex-analysis.tex	L1011-L1037	SOLUTION		IMP-M2-80AFB5AE64-P023	LINKED_SAME_FILE
IMP-M2-80AFB5AE64-S010	IMP-M2-80AFB5AE64	MATH-ALLS-2/theory-of-complex-analysis.tex	L1047-L1138	SOLUTION			ORPHAN_NEEDS_REVIEW
IMP-M2-80AFB5AE64-S011	IMP-M2-80AFB5AE64	MATH-ALLS-2/theory-of-complex-analysis.tex	L1175-L1211	SOLUTION		IMP-M2-80AFB5AE64-P024	LINKED_SAME_FILE
IMP-M2-80AFB5AE64-S012	IMP-M2-80AFB5AE64	MATH-ALLS-2/theory-of-complex-analysis.tex	L1233-L1278	SOLUTION		IMP-M2-80AFB5AE64-P025	LINKED_SAME_FILE
IMP-M2-80AFB5AE64-S013	IMP-M2-80AFB5AE64	MATH-ALLS-2/theory-of-complex-analysis.tex	L1516-L1543	SOLUTION		IMP-M2-80AFB5AE64-P028	LINKED_SAME_FILE
IMP-M2-80AFB5AE64-S014	IMP-M2-80AFB5AE64	MATH-ALLS-2/theory-of-complex-analysis.tex	L1562-L1589	SOLUTION		IMP-M2-80AFB5AE64-P029	LINKED_SAME_FILE
IMP-M2-80AFB5AE64-S015	IMP-M2-80AFB5AE64	MATH-ALLS-2/theory-of-complex-analysis.tex	L1603-L1627	SOLUTION		IMP-M2-80AFB5AE64-P030	LINKED_SAME_FILE
IMP-M2-80AFB5AE64-S016	IMP-M2-80AFB5AE64	MATH-ALLS-2/theory-of-complex-analysis.tex	L1716-L1745	SOLUTION	8	IMP-M2-80AFB5AE64-P031	LINKED_SAME_FILE
IMP-M2-80AFB5AE64-S017	IMP-M2-80AFB5AE64	MATH-ALLS-2/theory-of-complex-analysis.tex	L1751-L1760	SOLUTION	9	IMP-M2-80AFB5AE64-P035	LINKED_SAME_FILE
IMP-M2-80AFB5AE64-S018	IMP-M2-80AFB5AE64	MATH-ALLS-2/theory-of-complex-analysis.tex	L1767-L1776	SOLUTION	10	IMP-M2-80AFB5AE64-P036	LINKED_SAME_FILE
IMP-M2-80AFB5AE64-S019	IMP-M2-80AFB5AE64	MATH-ALLS-2/theory-of-complex-analysis.tex	L1785-L1797	SOLUTION	11	IMP-M2-80AFB5AE64-P037	LINKED_SAME_FILE
IMP-M2-80AFB5AE64-S020	IMP-M2-80AFB5AE64	MATH-ALLS-2/theory-of-complex-analysis.tex	L1883-L1897	SOLUTION		IMP-M2-80AFB5AE64-P041	LINKED_SAME_FILE
IMP-M2-2B58694CBF-S001	IMP-M2-2B58694CBF	MATH-ALLS-2/theory-of-differential-geometry-1.tex	L4578-L4640	HINT	1	IMP-M2-2B58694CBF-P035	LINKED_SAME_FILE
IMP-M2-E2BE0561BD-S001	IMP-M2-E2BE0561BD	MATH-ALLS-2/theory-of-differential-geometry-2.tex	L583-L644	SOLUTION	8	IMP-M2-E2BE0561BD-P002	LINKED_SAME_FILE
IMP-M2-E2BE0561BD-S002	IMP-M2-E2BE0561BD	MATH-ALLS-2/theory-of-differential-geometry-2.tex	L647-L713	SOLUTION	8	IMP-M2-E2BE0561BD-P002	LINKED_SAME_FILE
IMP-M2-E2BE0561BD-S003	IMP-M2-E2BE0561BD	MATH-ALLS-2/theory-of-differential-geometry-2.tex	L723-L778	SOLUTION	9	IMP-M2-E2BE0561BD-P003	LINKED_SAME_FILE
IMP-M2-E2BE0561BD-S004	IMP-M2-E2BE0561BD	MATH-ALLS-2/theory-of-differential-geometry-2.tex	L787-L838	SOLUTION	10	IMP-M2-E2BE0561BD-P004	LINKED_SAME_FILE
IMP-M2-E2BE0561BD-S005	IMP-M2-E2BE0561BD	MATH-ALLS-2/theory-of-differential-geometry-2.tex	L848-L869	SOLUTION	1.	IMP-M2-E2BE0561BD-P005	LINKED_SAME_FILE
IMP-M2-E2BE0561BD-S006	IMP-M2-E2BE0561BD	MATH-ALLS-2/theory-of-differential-geometry-2.tex	L884-L926	SOLUTION	2.	IMP-M2-E2BE0561BD-P006	LINKED_SAME_FILE
IMP-M2-E2BE0561BD-S007	IMP-M2-E2BE0561BD	MATH-ALLS-2/theory-of-differential-geometry-2.tex	L937-L1047	SOLUTION	3.	IMP-M2-E2BE0561BD-P007	LINKED_SAME_FILE
IMP-M2-E2BE0561BD-S008	IMP-M2-E2BE0561BD	MATH-ALLS-2/theory-of-differential-geometry-2.tex	L1058-L1082	SOLUTION	4	IMP-M2-E2BE0561BD-P008	LINKED_SAME_FILE
IMP-M2-E2BE0561BD-S009	IMP-M2-E2BE0561BD	MATH-ALLS-2/theory-of-differential-geometry-2.tex	L1130-L1190	SOLUTION	5	IMP-M2-E2BE0561BD-P009	LINKED_SAME_FILE
IMP-M2-E2BE0561BD-S010	IMP-M2-E2BE0561BD	MATH-ALLS-2/theory-of-differential-geometry-2.tex	L1195-L1241	SOLUTION	6	IMP-M2-E2BE0561BD-P010	LINKED_SAME_FILE
IMP-M2-E2BE0561BD-S011	IMP-M2-E2BE0561BD	MATH-ALLS-2/theory-of-differential-geometry-2.tex	L1256-L1296	SOLUTION	7	IMP-M2-E2BE0561BD-P011	LINKED_SAME_FILE
IMP-M2-E2BE0561BD-S012	IMP-M2-E2BE0561BD	MATH-ALLS-2/theory-of-differential-geometry-2.tex	L1332-L1375	SOLUTION	8	IMP-M2-E2BE0561BD-P012	LINKED_SAME_FILE
IMP-M2-E2BE0561BD-S013	IMP-M2-E2BE0561BD	MATH-ALLS-2/theory-of-differential-geometry-2.tex	L1470-L1514	SOLUTION	9	IMP-M2-E2BE0561BD-P013	LINKED_SAME_FILE
IMP-M2-E2BE0561BD-S014	IMP-M2-E2BE0561BD	MATH-ALLS-2/theory-of-differential-geometry-2.tex	L1552-L1583	SOLUTION	10	IMP-M2-E2BE0561BD-P014	LINKED_SAME_FILE
IMP-M2-E2BE0561BD-S015	IMP-M2-E2BE0561BD	MATH-ALLS-2/theory-of-differential-geometry-2.tex	L1611-L1640	SOLUTION	11	IMP-M2-E2BE0561BD-P015	LINKED_SAME_FILE
IMP-M2-E2BE0561BD-S016	IMP-M2-E2BE0561BD	MATH-ALLS-2/theory-of-differential-geometry-2.tex	L1694-L1798	SOLUTION	1	IMP-M2-E2BE0561BD-P016	LINKED_SAME_FILE
IMP-M2-E2BE0561BD-S017	IMP-M2-E2BE0561BD	MATH-ALLS-2/theory-of-differential-geometry-2.tex	L1819-L1903	SOLUTION	2	IMP-M2-E2BE0561BD-P017	LINKED_SAME_FILE
IMP-M2-E2BE0561BD-S018	IMP-M2-E2BE0561BD	MATH-ALLS-2/theory-of-differential-geometry-2.tex	L1929-L1995	SOLUTION	3	IMP-M2-E2BE0561BD-P018	LINKED_SAME_FILE
IMP-M2-E2BE0561BD-S019	IMP-M2-E2BE0561BD	MATH-ALLS-2/theory-of-differential-geometry-2.tex	L2017-L2094	SOLUTION	4	IMP-M2-E2BE0561BD-P019	LINKED_SAME_FILE
IMP-M2-E2BE0561BD-S020	IMP-M2-E2BE0561BD	MATH-ALLS-2/theory-of-differential-geometry-2.tex	L2108-L2173	SOLUTION	5	IMP-M2-E2BE0561BD-P020	LINKED_SAME_FILE
IMP-M2-E2BE0561BD-S021	IMP-M2-E2BE0561BD	MATH-ALLS-2/theory-of-differential-geometry-2.tex	L2194-L2261	SOLUTION	6	IMP-M2-E2BE0561BD-P021	LINKED_SAME_FILE
IMP-M2-E2BE0561BD-S022	IMP-M2-E2BE0561BD	MATH-ALLS-2/theory-of-differential-geometry-2.tex	L2281-L2384	SOLUTION	7	IMP-M2-E2BE0561BD-P022	LINKED_SAME_FILE
IMP-M2-E2BE0561BD-S023	IMP-M2-E2BE0561BD	MATH-ALLS-2/theory-of-differential-geometry-2.tex	L2394-L2403	SOLUTION	8(a)	IMP-M2-E2BE0561BD-P023	LINKED_SAME_FILE
IMP-M2-E2BE0561BD-S024	IMP-M2-E2BE0561BD	MATH-ALLS-2/theory-of-differential-geometry-2.tex	L2414-L2461	SOLUTION	8(b)	IMP-M2-E2BE0561BD-P024	LINKED_SAME_FILE
IMP-M2-E2BE0561BD-S025	IMP-M2-E2BE0561BD	MATH-ALLS-2/theory-of-differential-geometry-2.tex	L3012-L3037	SOLUTION	9(a)	IMP-M2-E2BE0561BD-P026	LINKED_SAME_FILE
IMP-M2-E2BE0561BD-S026	IMP-M2-E2BE0561BD	MATH-ALLS-2/theory-of-differential-geometry-2.tex	L3047-L3070	SOLUTION	9(b)	IMP-M2-E2BE0561BD-P027	LINKED_SAME_FILE
IMP-M2-E2BE0561BD-S027	IMP-M2-E2BE0561BD	MATH-ALLS-2/theory-of-differential-geometry-2.tex	L3390-L3467	SOLUTION	10	IMP-M2-E2BE0561BD-P029	LINKED_SAME_FILE
IMP-M2-E2BE0561BD-S028	IMP-M2-E2BE0561BD	MATH-ALLS-2/theory-of-differential-geometry-2.tex	L3735-L3756	SOLUTION	11	IMP-M2-E2BE0561BD-P031	LINKED_SAME_FILE
IMP-M2-F95E4E8DC6-S001	IMP-M2-F95E4E8DC6	MATH-ALLS-2/theory-of-disitrbutions.tex	L490-L539	SOLUTION	1.2	IMP-M2-F95E4E8DC6-P002	LINKED_SAME_FILE
IMP-M2-2850FB9A8A-S001	IMP-M2-2850FB9A8A	MATH-ALLS-2/theory-of-geometry-1.tex	L197-L274	SOLUTION	1	IMP-M2-2850FB9A8A-P001	LINKED_SAME_FILE
IMP-M2-2850FB9A8A-S002	IMP-M2-2850FB9A8A	MATH-ALLS-2/theory-of-geometry-1.tex	L339-L389	SOLUTION		IMP-M2-2850FB9A8A-P005	LINKED_SAME_FILE
IMP-M2-2850FB9A8A-S003	IMP-M2-2850FB9A8A	MATH-ALLS-2/theory-of-geometry-1.tex	L454-L471	SOLUTION		IMP-M2-2850FB9A8A-P006	LINKED_SAME_FILE
IMP-M2-2850FB9A8A-S004	IMP-M2-2850FB9A8A	MATH-ALLS-2/theory-of-geometry-1.tex	L599-L622	SOLUTION	5	IMP-M2-2850FB9A8A-P008	LINKED_SAME_FILE
IMP-M2-2850FB9A8A-S005	IMP-M2-2850FB9A8A	MATH-ALLS-2/theory-of-geometry-1.tex	L632-L667	SOLUTION	6	IMP-M2-2850FB9A8A-P009	LINKED_SAME_FILE
IMP-M2-2850FB9A8A-S006	IMP-M2-2850FB9A8A	MATH-ALLS-2/theory-of-geometry-1.tex	L849-L909	SOLUTION	8	IMP-M2-2850FB9A8A-P016	LINKED_SAME_FILE
IMP-M2-2850FB9A8A-S007	IMP-M2-2850FB9A8A	MATH-ALLS-2/theory-of-geometry-1.tex	L2387-L2455	SOLUTION		IMP-M2-2850FB9A8A-P025	LINKED_SAME_FILE
IMP-M2-0384991A85-S001	IMP-M2-0384991A85	MATH-ALLS-2/theory-of-geometry-2.tex	L220-L331	SOLUTION			ORPHAN_NEEDS_REVIEW
IMP-M2-0384991A85-S002	IMP-M2-0384991A85	MATH-ALLS-2/theory-of-geometry-2.tex	L883-L957	SOLUTION	2	IMP-M2-0384991A85-P006	LINKED_SAME_FILE
IMP-M2-0384991A85-S003	IMP-M2-0384991A85	MATH-ALLS-2/theory-of-geometry-2.tex	L962-L992	SOLUTION	3	IMP-M2-0384991A85-P007	LINKED_SAME_FILE
IMP-M2-80D8AED0FF-S001	IMP-M2-80D8AED0FF	MATH-ALLS-2/theory-of-geometry-3.tex	L372-L403	SOLUTION	9.	IMP-M2-80D8AED0FF-P002	LINKED_SAME_FILE
IMP-M2-80D8AED0FF-S002	IMP-M2-80D8AED0FF	MATH-ALLS-2/theory-of-geometry-3.tex	L627-L661	SOLUTION	10.	IMP-M2-80D8AED0FF-P006	LINKED_SAME_FILE
IMP-M2-80D8AED0FF-S003	IMP-M2-80D8AED0FF	MATH-ALLS-2/theory-of-geometry-3.tex	L700-L726	SOLUTION	11.	IMP-M2-80D8AED0FF-P009	LINKED_SAME_FILE
IMP-M2-80D8AED0FF-S004	IMP-M2-80D8AED0FF	MATH-ALLS-2/theory-of-geometry-3.tex	L986-L1070	SOLUTION	12	IMP-M2-80D8AED0FF-P013	LINKED_SAME_FILE
IMP-M2-80D8AED0FF-S005	IMP-M2-80D8AED0FF	MATH-ALLS-2/theory-of-geometry-3.tex	L1158-L1206	SOLUTION	1	IMP-M2-80D8AED0FF-P015	LINKED_SAME_FILE
IMP-M2-80D8AED0FF-S006	IMP-M2-80D8AED0FF	MATH-ALLS-2/theory-of-geometry-3.tex	L1213-L1261	SOLUTION	2	IMP-M2-80D8AED0FF-P016	LINKED_SAME_FILE
IMP-M2-80D8AED0FF-S007	IMP-M2-80D8AED0FF	MATH-ALLS-2/theory-of-geometry-3.tex	L1292-L1317	SOLUTION	3	IMP-M2-80D8AED0FF-P017	LINKED_SAME_FILE
IMP-M2-80D8AED0FF-S008	IMP-M2-80D8AED0FF	MATH-ALLS-2/theory-of-geometry-3.tex	L1318-L1328	SOLUTION	3	IMP-M2-80D8AED0FF-P017	LINKED_SAME_FILE
IMP-M2-80D8AED0FF-S009	IMP-M2-80D8AED0FF	MATH-ALLS-2/theory-of-geometry-3.tex	L2187-L2229	SOLUTION	4	IMP-M2-80D8AED0FF-P018	LINKED_SAME_FILE
IMP-M2-80D8AED0FF-S010	IMP-M2-80D8AED0FF	MATH-ALLS-2/theory-of-geometry-3.tex	L2230-L2245	SOLUTION	4	IMP-M2-80D8AED0FF-P018	LINKED_SAME_FILE
IMP-M2-80D8AED0FF-S011	IMP-M2-80D8AED0FF	MATH-ALLS-2/theory-of-geometry-3.tex	L2764-L2803	SOLUTION	6	IMP-M2-80D8AED0FF-P019	LINKED_SAME_FILE
IMP-M2-80D8AED0FF-S012	IMP-M2-80D8AED0FF	MATH-ALLS-2/theory-of-geometry-3.tex	L2850-L2873	SOLUTION	7	IMP-M2-80D8AED0FF-P020	LINKED_SAME_FILE
IMP-M2-80D8AED0FF-S013	IMP-M2-80D8AED0FF	MATH-ALLS-2/theory-of-geometry-3.tex	L3138-L3172	SOLUTION	10.	IMP-M2-80D8AED0FF-P023	LINKED_SAME_FILE
IMP-M2-80D8AED0FF-S014	IMP-M2-80D8AED0FF	MATH-ALLS-2/theory-of-geometry-3.tex	L4232-L4315	SOLUTION	11.	IMP-M2-80D8AED0FF-P031	LINKED_SAME_FILE
IMP-M2-80D8AED0FF-S015	IMP-M2-80D8AED0FF	MATH-ALLS-2/theory-of-geometry-3.tex	L4338-L4471	SOLUTION	12.	IMP-M2-80D8AED0FF-P032	LINKED_SAME_FILE
IMP-M2-80D8AED0FF-S016	IMP-M2-80D8AED0FF	MATH-ALLS-2/theory-of-geometry-3.tex	L4691-L4812	SOLUTION	13.	IMP-M2-80D8AED0FF-P034	LINKED_SAME_FILE
IMP-M2-80D8AED0FF-S017	IMP-M2-80D8AED0FF	MATH-ALLS-2/theory-of-geometry-3.tex	L4886-L4913	SOLUTION	14.	IMP-M2-80D8AED0FF-P036	LINKED_SAME_FILE
IMP-M2-2D41E1011A-S001	IMP-M2-2D41E1011A	MATH-ALLS-2/theory-of-geometry-4.tex	L226-L296	SOLUTION	1	IMP-M2-2D41E1011A-P001	LINKED_SAME_FILE
IMP-M2-2D41E1011A-S002	IMP-M2-2D41E1011A	MATH-ALLS-2/theory-of-geometry-4.tex	L374-L415	SOLUTION	2	IMP-M2-2D41E1011A-P002	LINKED_SAME_FILE
IMP-M2-2D41E1011A-S003	IMP-M2-2D41E1011A	MATH-ALLS-2/theory-of-geometry-4.tex	L481-L544	SOLUTION	3	IMP-M2-2D41E1011A-P003	LINKED_SAME_FILE
IMP-M2-2D41E1011A-S004	IMP-M2-2D41E1011A	MATH-ALLS-2/theory-of-geometry-4.tex	L736-L761	SOLUTION	4	IMP-M2-2D41E1011A-P004	LINKED_SAME_FILE
IMP-M2-2D41E1011A-S005	IMP-M2-2D41E1011A	MATH-ALLS-2/theory-of-geometry-4.tex	L871-L901	SOLUTION	5	IMP-M2-2D41E1011A-P005	LINKED_SAME_FILE
IMP-M2-2D41E1011A-S006	IMP-M2-2D41E1011A	MATH-ALLS-2/theory-of-geometry-4.tex	L1263-L1293	SOLUTION	6	IMP-M2-2D41E1011A-P006	LINKED_SAME_FILE
IMP-M2-2D41E1011A-S007	IMP-M2-2D41E1011A	MATH-ALLS-2/theory-of-geometry-4.tex	L1683-L1725	SOLUTION	7	IMP-M2-2D41E1011A-P007	LINKED_SAME_FILE
IMP-M2-2D41E1011A-S008	IMP-M2-2D41E1011A	MATH-ALLS-2/theory-of-geometry-4.tex	L1743-L1791	SOLUTION	8	IMP-M2-2D41E1011A-P008	LINKED_SAME_FILE
IMP-M2-2D41E1011A-S009	IMP-M2-2D41E1011A	MATH-ALLS-2/theory-of-geometry-4.tex	L1814-L1855	SOLUTION	9	IMP-M2-2D41E1011A-P009	LINKED_SAME_FILE
IMP-M2-2D41E1011A-S010	IMP-M2-2D41E1011A	MATH-ALLS-2/theory-of-geometry-4.tex	L1879-L1952	SOLUTION	10	IMP-M2-2D41E1011A-P010	LINKED_SAME_FILE
IMP-M2-2D41E1011A-S011	IMP-M2-2D41E1011A	MATH-ALLS-2/theory-of-geometry-4.tex	L2531-L2612	SOLUTION	11	IMP-M2-2D41E1011A-P011	LINKED_SAME_FILE
IMP-M2-355EA0996F-S001	IMP-M2-355EA0996F	MATH-ALLS-2/theory-of-geometry-II.tex	L2244-L2390	SOLUTION	8	IMP-M2-355EA0996F-P010	LINKED_SAME_FILE
IMP-M2-355EA0996F-S002	IMP-M2-355EA0996F	MATH-ALLS-2/theory-of-geometry-II.tex	L2438-L2501	SOLUTION			ORPHAN_NEEDS_REVIEW
IMP-M2-355EA0996F-S003	IMP-M2-355EA0996F	MATH-ALLS-2/theory-of-geometry-II.tex	L2762-L2810	SOLUTION	E2	IMP-M2-355EA0996F-P024	LINKED_SAME_FILE
IMP-M2-355EA0996F-S004	IMP-M2-355EA0996F	MATH-ALLS-2/theory-of-geometry-II.tex	L3133-L3322	SOLUTION		IMP-M2-355EA0996F-P042	LINKED_SAME_FILE
IMP-M2-355EA0996F-S005	IMP-M2-355EA0996F	MATH-ALLS-2/theory-of-geometry-II.tex	L3357-L3394	SOLUTION	1	IMP-M2-355EA0996F-P043	LINKED_SAME_FILE
IMP-M2-155017A9AF-S001	IMP-M2-155017A9AF	MATH-ALLS-2/theory-of-geometry-III.tex	L488-L542	SOLUTION	3	IMP-M2-155017A9AF-P003	LINKED_SAME_FILE
IMP-M2-155017A9AF-S002	IMP-M2-155017A9AF	MATH-ALLS-2/theory-of-geometry-III.tex	L559-L607	SOLUTION	4	IMP-M2-155017A9AF-P004	LINKED_SAME_FILE
IMP-M2-155017A9AF-S003	IMP-M2-155017A9AF	MATH-ALLS-2/theory-of-geometry-III.tex	L618-L827	SOLUTION	4	IMP-M2-155017A9AF-P004	LINKED_SAME_FILE
IMP-M2-155017A9AF-S004	IMP-M2-155017A9AF	MATH-ALLS-2/theory-of-geometry-III.tex	L1307-L1421	SOLUTION	7		ORPHAN_NUMBERED_SOLUTION
IMP-M2-721AD91C7F-S001	IMP-M2-721AD91C7F	MATH-ALLS-2/theory-of-geometry-IV.tex	L750-L810	SOLUTION	1	IMP-M2-721AD91C7F-P005	LINKED_SAME_FILE
IMP-M2-721AD91C7F-S002	IMP-M2-721AD91C7F	MATH-ALLS-2/theory-of-geometry-IV.tex	L811-L832	SOLUTION	2		ORPHAN_NUMBERED_SOLUTION
IMP-M2-721AD91C7F-S003	IMP-M2-721AD91C7F	MATH-ALLS-2/theory-of-geometry-IV.tex	L1250-L1259	SOLUTION	1	IMP-M2-721AD91C7F-P005	LINKED_SAME_FILE
IMP-M2-721AD91C7F-S004	IMP-M2-721AD91C7F	MATH-ALLS-2/theory-of-geometry-IV.tex	L1260-L1277	SOLUTION	2		ORPHAN_NUMBERED_SOLUTION
IMP-M2-721AD91C7F-S005	IMP-M2-721AD91C7F	MATH-ALLS-2/theory-of-geometry-IV.tex	L1278-L2166	SOLUTION	3		ORPHAN_NUMBERED_SOLUTION
IMP-M2-721AD91C7F-S006	IMP-M2-721AD91C7F	MATH-ALLS-2/theory-of-geometry-IV.tex	L2205-L2262	SOLUTION	4	IMP-M2-721AD91C7F-P029	LINKED_SAME_FILE
IMP-M2-721AD91C7F-S007	IMP-M2-721AD91C7F	MATH-ALLS-2/theory-of-geometry-IV.tex	L2992-L3038	SOLUTION	2		ORPHAN_NUMBERED_SOLUTION
IMP-M2-721AD91C7F-S008	IMP-M2-721AD91C7F	MATH-ALLS-2/theory-of-geometry-IV.tex	L3039-L3066	SOLUTION	6	IMP-M2-721AD91C7F-P032	LINKED_SAME_FILE
IMP-M2-721AD91C7F-S009	IMP-M2-721AD91C7F	MATH-ALLS-2/theory-of-geometry-IV.tex	L3169-L3240	SOLUTION	7	IMP-M2-721AD91C7F-P033	LINKED_SAME_FILE
IMP-M2-721AD91C7F-S010	IMP-M2-721AD91C7F	MATH-ALLS-2/theory-of-geometry-IV.tex	L3388-L3427	SOLUTION	8	IMP-M2-721AD91C7F-P034	LINKED_SAME_FILE
IMP-M2-721AD91C7F-S011	IMP-M2-721AD91C7F	MATH-ALLS-2/theory-of-geometry-IV.tex	L4052-L4062	SOLUTION		IMP-M2-721AD91C7F-P035	LINKED_SAME_FILE
IMP-M2-721AD91C7F-S012	IMP-M2-721AD91C7F	MATH-ALLS-2/theory-of-geometry-IV.tex	L4063-L4111	SOLUTION			ORPHAN_NEEDS_REVIEW
IMP-M2-721AD91C7F-S013	IMP-M2-721AD91C7F	MATH-ALLS-2/theory-of-geometry-IV.tex	L4112-L4194	SOLUTION	2		ORPHAN_NUMBERED_SOLUTION
IMP-M2-721AD91C7F-S014	IMP-M2-721AD91C7F	MATH-ALLS-2/theory-of-geometry-IV.tex	L4228-L4301	SOLUTION		IMP-M2-721AD91C7F-P036	LINKED_SAME_FILE
IMP-M2-721AD91C7F-S015	IMP-M2-721AD91C7F	MATH-ALLS-2/theory-of-geometry-IV.tex	L4331-L4337	SOLUTION		IMP-M2-721AD91C7F-P037	LINKED_SAME_FILE
IMP-M2-721AD91C7F-S016	IMP-M2-721AD91C7F	MATH-ALLS-2/theory-of-geometry-IV.tex	L4338-L4355	SOLUTION	1	IMP-M2-721AD91C7F-P005	LINKED_SAME_FILE
IMP-M2-721AD91C7F-S017	IMP-M2-721AD91C7F	MATH-ALLS-2/theory-of-geometry-IV.tex	L4356-L4491	SOLUTION	2		ORPHAN_NUMBERED_SOLUTION
IMP-M2-F4C85D52DC-S001	IMP-M2-F4C85D52DC	MATH-ALLS-2/theory-of-geometry.tex	L224-L264	SOLUTION	1(a)	IMP-M2-F4C85D52DC-P002	LINKED_SAME_FILE
IMP-M2-F4C85D52DC-S002	IMP-M2-F4C85D52DC	MATH-ALLS-2/theory-of-geometry.tex	L301-L356	SOLUTION	1(b)	IMP-M2-F4C85D52DC-P005	LINKED_SAME_FILE
IMP-M2-F4C85D52DC-S003	IMP-M2-F4C85D52DC	MATH-ALLS-2/theory-of-geometry.tex	L390-L432	SOLUTION	1(c)	IMP-M2-F4C85D52DC-P008	LINKED_SAME_FILE
IMP-M2-F4C85D52DC-S004	IMP-M2-F4C85D52DC	MATH-ALLS-2/theory-of-geometry.tex	L510-L1282	SOLUTION	2	IMP-M2-F4C85D52DC-P010	LINKED_SAME_FILE
IMP-M2-F4C85D52DC-S005	IMP-M2-F4C85D52DC	MATH-ALLS-2/theory-of-geometry.tex	L1361-L1501	SOLUTION	3	IMP-M2-F4C85D52DC-P015	LINKED_SAME_FILE
IMP-M2-F4C85D52DC-S006	IMP-M2-F4C85D52DC	MATH-ALLS-2/theory-of-geometry.tex	L1706-L1763	SOLUTION	4	IMP-M2-F4C85D52DC-P033	LINKED_SAME_FILE
IMP-M2-F4C85D52DC-S007	IMP-M2-F4C85D52DC	MATH-ALLS-2/theory-of-geometry.tex	L1764-L1824	SOLUTION	4	IMP-M2-F4C85D52DC-P033	LINKED_SAME_FILE
IMP-M2-F4C85D52DC-S008	IMP-M2-F4C85D52DC	MATH-ALLS-2/theory-of-geometry.tex	L1825-L1841	SOLUTION	4	IMP-M2-F4C85D52DC-P033	LINKED_SAME_FILE
IMP-M2-F4C85D52DC-S009	IMP-M2-F4C85D52DC	MATH-ALLS-2/theory-of-geometry.tex	L1888-L1938	SOLUTION	5	IMP-M2-F4C85D52DC-P034	LINKED_SAME_FILE
IMP-M2-F4C85D52DC-S010	IMP-M2-F4C85D52DC	MATH-ALLS-2/theory-of-geometry.tex	L1939-L1992	SOLUTION	5	IMP-M2-F4C85D52DC-P034	LINKED_SAME_FILE
IMP-M2-F4C85D52DC-S011	IMP-M2-F4C85D52DC	MATH-ALLS-2/theory-of-geometry.tex	L1993-L2068	SOLUTION	5	IMP-M2-F4C85D52DC-P034	LINKED_SAME_FILE
IMP-M2-F4C85D52DC-S012	IMP-M2-F4C85D52DC	MATH-ALLS-2/theory-of-geometry.tex	L2190-L2280	SOLUTION	6	IMP-M2-F4C85D52DC-P035	LINKED_SAME_FILE
IMP-M2-F4C85D52DC-S013	IMP-M2-F4C85D52DC	MATH-ALLS-2/theory-of-geometry.tex	L2318-L2319	SOLUTION	7	IMP-M2-F4C85D52DC-P036	LINKED_SAME_FILE
IMP-M2-F4C85D52DC-S014	IMP-M2-F4C85D52DC	MATH-ALLS-2/theory-of-geometry.tex	L3105-L3336	SOLUTION	E1	IMP-M2-F4C85D52DC-P037	LINKED_SAME_FILE
IMP-M2-F4C85D52DC-S015	IMP-M2-F4C85D52DC	MATH-ALLS-2/theory-of-geometry.tex	L3833-L3886	SOLUTION	E2	IMP-M2-F4C85D52DC-P072	LINKED_SAME_FILE
IMP-M2-F4C85D52DC-S016	IMP-M2-F4C85D52DC	MATH-ALLS-2/theory-of-geometry.tex	L3887-L3913	SOLUTION	E2	IMP-M2-F4C85D52DC-P076	LINKED_SAME_FILE
IMP-M2-F4C85D52DC-S017	IMP-M2-F4C85D52DC	MATH-ALLS-2/theory-of-geometry.tex	L3914-L4069	SOLUTION	E2	IMP-M2-F4C85D52DC-P076	LINKED_SAME_FILE
IMP-M2-F4C85D52DC-S018	IMP-M2-F4C85D52DC	MATH-ALLS-2/theory-of-geometry.tex	L5431-L5639	SOLUTION	3	IMP-M2-F4C85D52DC-P083	LINKED_SAME_FILE
IMP-M2-1895C43FC6-S001	IMP-M2-1895C43FC6	MATH-ALLS-2/theory-of-real-analysis.tex	L376-L378	SOLUTION	3.4	IMP-M2-1895C43FC6-P018	LINKED_SAME_FILE
IMP-M2-1895C43FC6-S002	IMP-M2-1895C43FC6	MATH-ALLS-2/theory-of-real-analysis.tex	L391-L423	SOLUTION	3.5	IMP-M2-1895C43FC6-P019	LINKED_SAME_FILE
IMP-M2-1895C43FC6-S003	IMP-M2-1895C43FC6	MATH-ALLS-2/theory-of-real-analysis.tex	L433-L438	SOLUTION	3.6	IMP-M2-1895C43FC6-P020	LINKED_SAME_FILE
IMP-M2-1895C43FC6-S004	IMP-M2-1895C43FC6	MATH-ALLS-2/theory-of-real-analysis.tex	L452-L464	SOLUTION	3.6	IMP-M2-1895C43FC6-P020	LINKED_SAME_FILE
IMP-M2-1895C43FC6-S005	IMP-M2-1895C43FC6	MATH-ALLS-2/theory-of-real-analysis.tex	L469-L474	SOLUTION	3.6	IMP-M2-1895C43FC6-P020	LINKED_SAME_FILE
IMP-M2-1895C43FC6-S006	IMP-M2-1895C43FC6	MATH-ALLS-2/theory-of-real-analysis.tex	L515-L519	SOLUTION	3.8	IMP-M2-1895C43FC6-P021	LINKED_SAME_FILE
IMP-M2-1895C43FC6-S007	IMP-M2-1895C43FC6	MATH-ALLS-2/theory-of-real-analysis.tex	L527-L538	SOLUTION	3.8	IMP-M2-1895C43FC6-P021	LINKED_SAME_FILE
IMP-M2-1895C43FC6-S008	IMP-M2-1895C43FC6	MATH-ALLS-2/theory-of-real-analysis.tex	L545-L554	SOLUTION	3.8	IMP-M2-1895C43FC6-P021	LINKED_SAME_FILE
IMP-M2-1895C43FC6-S009	IMP-M2-1895C43FC6	MATH-ALLS-2/theory-of-real-analysis.tex	L560-L567	SOLUTION	3.8	IMP-M2-1895C43FC6-P022	LINKED_SAME_FILE
IMP-M2-1895C43FC6-S010	IMP-M2-1895C43FC6	MATH-ALLS-2/theory-of-real-analysis.tex	L577-L585	SOLUTION	3.9	IMP-M2-1895C43FC6-P023	LINKED_SAME_FILE
IMP-M2-1895C43FC6-S011	IMP-M2-1895C43FC6	MATH-ALLS-2/theory-of-real-analysis.tex	L634-L645	SOLUTION	4.1	IMP-M2-1895C43FC6-P023	LINKED_SAME_FILE
IMP-M2-1895C43FC6-S012	IMP-M2-1895C43FC6	MATH-ALLS-2/theory-of-real-analysis.tex	L648-L657	SOLUTION	4.2	IMP-M2-1895C43FC6-P023	LINKED_SAME_FILE
IMP-M2-1895C43FC6-S013	IMP-M2-1895C43FC6	MATH-ALLS-2/theory-of-real-analysis.tex	L660-L665	SOLUTION	4.3	IMP-M2-1895C43FC6-P023	LINKED_SAME_FILE
IMP-M2-1895C43FC6-S014	IMP-M2-1895C43FC6	MATH-ALLS-2/theory-of-real-analysis.tex	L668-L674	SOLUTION	4.4	IMP-M2-1895C43FC6-P023	LINKED_SAME_FILE
IMP-M2-1895C43FC6-S015	IMP-M2-1895C43FC6	MATH-ALLS-2/theory-of-real-analysis.tex	L693-L715	SOLUTION	4.5	IMP-M2-1895C43FC6-P023	LINKED_SAME_FILE
IMP-M2-1895C43FC6-S016	IMP-M2-1895C43FC6	MATH-ALLS-2/theory-of-real-analysis.tex	L748-L794	SOLUTION	4.6	IMP-M2-1895C43FC6-P023	LINKED_SAME_FILE
IMP-M2-1895C43FC6-S017	IMP-M2-1895C43FC6	MATH-ALLS-2/theory-of-real-analysis.tex	L808-L827	SOLUTION	4.7	IMP-M2-1895C43FC6-P023	LINKED_SAME_FILE
IMP-M2-1895C43FC6-S018	IMP-M2-1895C43FC6	MATH-ALLS-2/theory-of-real-analysis.tex	L836-L844	SOLUTION	5.1	IMP-M2-1895C43FC6-P023	LINKED_SAME_FILE
IMP-M2-1895C43FC6-S019	IMP-M2-1895C43FC6	MATH-ALLS-2/theory-of-real-analysis.tex	L850-L859	SOLUTION	5.2	IMP-M2-1895C43FC6-P023	LINKED_SAME_FILE
IMP-M2-1895C43FC6-S020	IMP-M2-1895C43FC6	MATH-ALLS-2/theory-of-real-analysis.tex	L868-L877	SOLUTION	5.3	IMP-M2-1895C43FC6-P023	LINKED_SAME_FILE
IMP-M2-1895C43FC6-S021	IMP-M2-1895C43FC6	MATH-ALLS-2/theory-of-real-analysis.tex	L893-L901	SOLUTION	5.4	IMP-M2-1895C43FC6-P023	LINKED_SAME_FILE
IMP-M2-1895C43FC6-S022	IMP-M2-1895C43FC6	MATH-ALLS-2/theory-of-real-analysis.tex	L936-L968	SOLUTION	5.5	IMP-M2-1895C43FC6-P023	LINKED_SAME_FILE
IMP-M2-1895C43FC6-S023	IMP-M2-1895C43FC6	MATH-ALLS-2/theory-of-real-analysis.tex	L989-L1012	SOLUTION	5.6	IMP-M2-1895C43FC6-P023	LINKED_SAME_FILE
IMP-M2-1895C43FC6-S024	IMP-M2-1895C43FC6	MATH-ALLS-2/theory-of-real-analysis.tex	L1032-L1051	SOLUTION	5.7	IMP-M2-1895C43FC6-P023	LINKED_SAME_FILE
IMP-M2-1895C43FC6-S025	IMP-M2-1895C43FC6	MATH-ALLS-2/theory-of-real-analysis.tex	L1069-L1094	SOLUTION	5.8	IMP-M2-1895C43FC6-P023	LINKED_SAME_FILE
IMP-M2-1895C43FC6-S026	IMP-M2-1895C43FC6	MATH-ALLS-2/theory-of-real-analysis.tex	L1122-L1151	SOLUTION	6.1	IMP-M2-1895C43FC6-P023	LINKED_SAME_FILE
IMP-M2-1895C43FC6-S027	IMP-M2-1895C43FC6	MATH-ALLS-2/theory-of-real-analysis.tex	L1161-L1182	SOLUTION	6.2	IMP-M2-1895C43FC6-P023	LINKED_SAME_FILE
IMP-M2-1895C43FC6-S028	IMP-M2-1895C43FC6	MATH-ALLS-2/theory-of-real-analysis.tex	L1192-L1202	SOLUTION	6.3	IMP-M2-1895C43FC6-P023	LINKED_SAME_FILE
IMP-M2-1895C43FC6-S029	IMP-M2-1895C43FC6	MATH-ALLS-2/theory-of-real-analysis.tex	L1212-L1234	SOLUTION	6.4	IMP-M2-1895C43FC6-P023	LINKED_SAME_FILE
IMP-M2-1895C43FC6-S030	IMP-M2-1895C43FC6	MATH-ALLS-2/theory-of-real-analysis.tex	L1244-L1254	SOLUTION	6.5	IMP-M2-1895C43FC6-P023	LINKED_SAME_FILE
IMP-M2-1895C43FC6-S031	IMP-M2-1895C43FC6	MATH-ALLS-2/theory-of-real-analysis.tex	L1264-L1283	SOLUTION	6.6	IMP-M2-1895C43FC6-P023	LINKED_SAME_FILE
IMP-M2-1895C43FC6-S032	IMP-M2-1895C43FC6	MATH-ALLS-2/theory-of-real-analysis.tex	L1310-L1339	SOLUTION	6.1	IMP-M2-1895C43FC6-P023	LINKED_SAME_FILE
IMP-M2-1895C43FC6-S033	IMP-M2-1895C43FC6	MATH-ALLS-2/theory-of-real-analysis.tex	L1352-L1384	SOLUTION	6.2	IMP-M2-1895C43FC6-P023	LINKED_SAME_FILE
IMP-M2-1895C43FC6-S034	IMP-M2-1895C43FC6	MATH-ALLS-2/theory-of-real-analysis.tex	L1401-L1418	SOLUTION	6.3	IMP-M2-1895C43FC6-P023	LINKED_SAME_FILE
IMP-M2-1895C43FC6-S035	IMP-M2-1895C43FC6	MATH-ALLS-2/theory-of-real-analysis.tex	L1437-L1458	SOLUTION	6.4	IMP-M2-1895C43FC6-P023	LINKED_SAME_FILE
IMP-M2-1895C43FC6-S036	IMP-M2-1895C43FC6	MATH-ALLS-2/theory-of-real-analysis.tex	L1485-L1522	SOLUTION	6.5	IMP-M2-1895C43FC6-P023	LINKED_SAME_FILE
IMP-M2-1895C43FC6-S037	IMP-M2-1895C43FC6	MATH-ALLS-2/theory-of-real-analysis.tex	L1542-L1569	SOLUTION	6.3	IMP-M2-1895C43FC6-P023	LINKED_SAME_FILE
IMP-M2-1895C43FC6-S038	IMP-M2-1895C43FC6	MATH-ALLS-2/theory-of-real-analysis.tex	L1600-L1630	SOLUTION	6.4	IMP-M2-1895C43FC6-P023	LINKED_SAME_FILE
IMP-M2-1895C43FC6-S039	IMP-M2-1895C43FC6	MATH-ALLS-2/theory-of-real-analysis.tex	L1682-L1722	SOLUTION	6.5	IMP-M2-1895C43FC6-P023	LINKED_SAME_FILE
IMP-M2-1895C43FC6-S040	IMP-M2-1895C43FC6	MATH-ALLS-2/theory-of-real-analysis.tex	L1727-L1737	SOLUTION	7.1	IMP-M2-1895C43FC6-P023	LINKED_SAME_FILE
IMP-M2-1895C43FC6-S041	IMP-M2-1895C43FC6	MATH-ALLS-2/theory-of-real-analysis.tex	L1750-L1764	SOLUTION	7.2	IMP-M2-1895C43FC6-P023	LINKED_SAME_FILE
IMP-M2-1895C43FC6-S042	IMP-M2-1895C43FC6	MATH-ALLS-2/theory-of-real-analysis.tex	L1773-L1781	SOLUTION	7.3	IMP-M2-1895C43FC6-P023	LINKED_SAME_FILE
IMP-M2-1895C43FC6-S043	IMP-M2-1895C43FC6	MATH-ALLS-2/theory-of-real-analysis.tex	L1791-L1798	SOLUTION	7.4	IMP-M2-1895C43FC6-P023	LINKED_SAME_FILE
IMP-M2-1895C43FC6-S044	IMP-M2-1895C43FC6	MATH-ALLS-2/theory-of-real-analysis.tex	L1807-L1820	SOLUTION	7.5	IMP-M2-1895C43FC6-P023	LINKED_SAME_FILE
IMP-M2-1895C43FC6-S045	IMP-M2-1895C43FC6	MATH-ALLS-2/theory-of-real-analysis.tex	L1833-L1843	SOLUTION	7.6	IMP-M2-1895C43FC6-P023	LINKED_SAME_FILE
IMP-M2-1895C43FC6-S046	IMP-M2-1895C43FC6	MATH-ALLS-2/theory-of-real-analysis.tex	L1854-L1860	SOLUTION	7.6	IMP-M2-1895C43FC6-P023	LINKED_SAME_FILE
IMP-M2-1895C43FC6-S047	IMP-M2-1895C43FC6	MATH-ALLS-2/theory-of-real-analysis.tex	L1867-L1879	SOLUTION	7.6	IMP-M2-1895C43FC6-P023	LINKED_SAME_FILE
IMP-M2-1895C43FC6-S048	IMP-M2-1895C43FC6	MATH-ALLS-2/theory-of-real-analysis.tex	L1908-L1919	SOLUTION	8.2	IMP-M2-1895C43FC6-P023	LINKED_SAME_FILE
IMP-M2-1895C43FC6-S049	IMP-M2-1895C43FC6	MATH-ALLS-2/theory-of-real-analysis.tex	L1930-L1933	SOLUTION	8.3	IMP-M2-1895C43FC6-P023	LINKED_SAME_FILE
IMP-M2-1895C43FC6-S050	IMP-M2-1895C43FC6	MATH-ALLS-2/theory-of-real-analysis.tex	L1937-L1942	SOLUTION	8.3	IMP-M2-1895C43FC6-P023	LINKED_SAME_FILE
IMP-M2-1895C43FC6-S051	IMP-M2-1895C43FC6	MATH-ALLS-2/theory-of-real-analysis.tex	L1977-L1982	SOLUTION	8.4	IMP-M2-1895C43FC6-P023	LINKED_SAME_FILE
IMP-M2-1895C43FC6-S052	IMP-M2-1895C43FC6	MATH-ALLS-2/theory-of-real-analysis.tex	L2012-L2022	SOLUTION	8.5	IMP-M2-1895C43FC6-P023	LINKED_SAME_FILE
IMP-M2-1895C43FC6-S053	IMP-M2-1895C43FC6	MATH-ALLS-2/theory-of-real-analysis.tex	L2069-L2080	SOLUTION	8.7	IMP-M2-1895C43FC6-P023	LINKED_SAME_FILE
IMP-M2-1895C43FC6-S054	IMP-M2-1895C43FC6	MATH-ALLS-2/theory-of-real-analysis.tex	L2085-L2106	SOLUTION	8.7	IMP-M2-1895C43FC6-P023	LINKED_SAME_FILE
IMP-M2-1895C43FC6-S055	IMP-M2-1895C43FC6	MATH-ALLS-2/theory-of-real-analysis.tex	L2238-L2244	SOLUTION	9.3		ORPHAN_NUMBERED_SOLUTION
IMP-M2-1895C43FC6-S056	IMP-M2-1895C43FC6	MATH-ALLS-2/theory-of-real-analysis.tex	L2320-L2334	SOLUTION	9.5	IMP-M2-1895C43FC6-P025	LINKED_SAME_FILE
IMP-M3-422B74F85F-S001	IMP-M3-422B74F85F	MATH_ALLS-3/theory-of-algebraic-topology-1.tex	L92-L191	SOLUTION	1	IMP-M3-422B74F85F-P001	LINKED_SAME_FILE
IMP-M3-422B74F85F-S002	IMP-M3-422B74F85F	MATH_ALLS-3/theory-of-algebraic-topology-1.tex	L773-L922	SOLUTION	2	IMP-M3-422B74F85F-P027	LINKED_SAME_FILE
IMP-M3-422B74F85F-S003	IMP-M3-422B74F85F	MATH_ALLS-3/theory-of-algebraic-topology-1.tex	L1432-L1434	SOLUTION	3	IMP-M3-422B74F85F-P033	LINKED_SAME_FILE
IMP-M3-422B74F85F-S004	IMP-M3-422B74F85F	MATH_ALLS-3/theory-of-algebraic-topology-1.tex	L1662-L1664	SOLUTION	4	IMP-M3-422B74F85F-P033	LINKED_SAME_FILE
IMP-M3-422B74F85F-S005	IMP-M3-422B74F85F	MATH_ALLS-3/theory-of-algebraic-topology-1.tex	L2098-L2186	SOLUTION	5	IMP-M3-422B74F85F-P034	LINKED_SAME_FILE
IMP-M3-422B74F85F-S006	IMP-M3-422B74F85F	MATH_ALLS-3/theory-of-algebraic-topology-1.tex	L3106-L3214	SOLUTION	s.	IMP-M3-422B74F85F-P035	LINKED_SAME_FILE
IMP-M3-422B74F85F-S007	IMP-M3-422B74F85F	MATH_ALLS-3/theory-of-algebraic-topology-1.tex	L3235-L3283	SOLUTION	8	IMP-M3-422B74F85F-P035	LINKED_SAME_FILE
IMP-M3-84A516D889-S001	IMP-M3-84A516D889	MATH_ALLS-3/theory-of-algebraic-topology-2.tex	L2111-L2193	SOLUTION		IMP-M3-84A516D889-P003	LINKED_SAME_FILE
IMP-M3-84A516D889-S002	IMP-M3-84A516D889	MATH_ALLS-3/theory-of-algebraic-topology-2.tex	L2203-L2311	SOLUTION		IMP-M3-84A516D889-P004	LINKED_SAME_FILE
IMP-M3-84A516D889-S003	IMP-M3-84A516D889	MATH_ALLS-3/theory-of-algebraic-topology-2.tex	L2321-L2479	SOLUTION		IMP-M3-84A516D889-P005	LINKED_SAME_FILE
IMP-M3-51E6A44D55-S001	IMP-M3-51E6A44D55	MATH_ALLS-3/theory-of-commutative-algebra-1.tex	L354-L405	SOLUTION	1	IMP-M3-51E6A44D55-P001	LINKED_SAME_FILE
IMP-M3-51E6A44D55-S002	IMP-M3-51E6A44D55	MATH_ALLS-3/theory-of-commutative-algebra-1.tex	L414-L444	SOLUTION	2	IMP-M3-51E6A44D55-P002	LINKED_SAME_FILE
IMP-M3-51E6A44D55-S003	IMP-M3-51E6A44D55	MATH_ALLS-3/theory-of-commutative-algebra-1.tex	L552-L578	SOLUTION	4	IMP-M3-51E6A44D55-P003	LINKED_SAME_FILE
IMP-M3-51E6A44D55-S004	IMP-M3-51E6A44D55	MATH_ALLS-3/theory-of-commutative-algebra-1.tex	L584-L590	SOLUTION	5	IMP-M3-51E6A44D55-P004	LINKED_SAME_FILE
IMP-M3-51E6A44D55-S005	IMP-M3-51E6A44D55	MATH_ALLS-3/theory-of-commutative-algebra-1.tex	L603-L636	SOLUTION	6	IMP-M3-51E6A44D55-P005	LINKED_SAME_FILE
IMP-M3-51E6A44D55-S006	IMP-M3-51E6A44D55	MATH_ALLS-3/theory-of-commutative-algebra-1.tex	L646-L658	SOLUTION	7	IMP-M3-51E6A44D55-P006	LINKED_SAME_FILE
IMP-M3-51E6A44D55-S007	IMP-M3-51E6A44D55	MATH_ALLS-3/theory-of-commutative-algebra-1.tex	L931-L1062	SOLUTION	8	IMP-M3-51E6A44D55-P007	LINKED_SAME_FILE
IMP-M3-51E6A44D55-S008	IMP-M3-51E6A44D55	MATH_ALLS-3/theory-of-commutative-algebra-1.tex	L1680-L1785	SOLUTION	9	IMP-M3-51E6A44D55-P008	LINKED_SAME_FILE
IMP-M3-51E6A44D55-S009	IMP-M3-51E6A44D55	MATH_ALLS-3/theory-of-commutative-algebra-1.tex	L1845-L2085	SOLUTION	10	IMP-M3-51E6A44D55-P009	LINKED_SAME_FILE
IMP-M3-51E6A44D55-S010	IMP-M3-51E6A44D55	MATH_ALLS-3/theory-of-commutative-algebra-1.tex	L2127-L2477	SOLUTION	11	IMP-M3-51E6A44D55-P010	LINKED_SAME_FILE
IMP-M3-51E6A44D55-S011	IMP-M3-51E6A44D55	MATH_ALLS-3/theory-of-commutative-algebra-1.tex	L2944-L3093	SOLUTION		IMP-M3-51E6A44D55-P011	LINKED_SAME_FILE
IMP-M3-51E6A44D55-S012	IMP-M3-51E6A44D55	MATH_ALLS-3/theory-of-commutative-algebra-1.tex	L3121-L3279	SOLUTION		IMP-M3-51E6A44D55-P012	LINKED_SAME_FILE
IMP-M3-51E6A44D55-S013	IMP-M3-51E6A44D55	MATH_ALLS-3/theory-of-commutative-algebra-1.tex	L3289-L3361	SOLUTION	2	IMP-M3-51E6A44D55-P013	LINKED_SAME_FILE
IMP-M3-51E6A44D55-S014	IMP-M3-51E6A44D55	MATH_ALLS-3/theory-of-commutative-algebra-1.tex	L3405-L3520	SOLUTION	3	IMP-M3-51E6A44D55-P014	LINKED_SAME_FILE
IMP-M3-51E6A44D55-S015	IMP-M3-51E6A44D55	MATH_ALLS-3/theory-of-commutative-algebra-1.tex	L3547-L3659	SOLUTION	4	IMP-M3-51E6A44D55-P015	LINKED_SAME_FILE
IMP-M3-F4E66B2919-S001	IMP-M3-F4E66B2919	MATH_ALLS-3/theory-of-commutative-algebra-10.tex	L1064-L1065	SOLUTION	.	IMP-M3-F4E66B2919-P031	LINKED_SAME_FILE
IMP-M3-F4E66B2919-S002	IMP-M3-F4E66B2919	MATH_ALLS-3/theory-of-commutative-algebra-10.tex	L2395-L2398	SOLUTION			ORPHAN_NEEDS_REVIEW
IMP-M3-F4E66B2919-S003	IMP-M3-F4E66B2919	MATH_ALLS-3/theory-of-commutative-algebra-10.tex	L2520-L2566	SOLUTION			ORPHAN_NEEDS_REVIEW
IMP-M3-F4E66B2919-S004	IMP-M3-F4E66B2919	MATH_ALLS-3/theory-of-commutative-algebra-10.tex	L2603-L2652	SOLUTION			ORPHAN_NEEDS_REVIEW
IMP-M3-F4E66B2919-S005	IMP-M3-F4E66B2919	MATH_ALLS-3/theory-of-commutative-algebra-10.tex	L3256-L3279	SOLUTION			ORPHAN_NEEDS_REVIEW
IMP-M3-F4E66B2919-S006	IMP-M3-F4E66B2919	MATH_ALLS-3/theory-of-commutative-algebra-10.tex	L3310-L3347	SOLUTION			ORPHAN_NEEDS_REVIEW
IMP-M3-F4E66B2919-S007	IMP-M3-F4E66B2919	MATH_ALLS-3/theory-of-commutative-algebra-10.tex	L3370-L3376	SOLUTION			ORPHAN_NEEDS_REVIEW
IMP-M3-F4E66B2919-S008	IMP-M3-F4E66B2919	MATH_ALLS-3/theory-of-commutative-algebra-10.tex	L3383-L3385	SOLUTION			ORPHAN_NEEDS_REVIEW
IMP-M3-F4E66B2919-S009	IMP-M3-F4E66B2919	MATH_ALLS-3/theory-of-commutative-algebra-10.tex	L3507-L3541	SOLUTION			ORPHAN_NEEDS_REVIEW
IMP-M3-F4E66B2919-S010	IMP-M3-F4E66B2919	MATH_ALLS-3/theory-of-commutative-algebra-10.tex	L3853-L3888	SOLUTION			ORPHAN_NEEDS_REVIEW
IMP-M3-F4E66B2919-S011	IMP-M3-F4E66B2919	MATH_ALLS-3/theory-of-commutative-algebra-10.tex	L3981-L4080	SOLUTION			ORPHAN_NEEDS_REVIEW
IMP-M3-F4E66B2919-S012	IMP-M3-F4E66B2919	MATH_ALLS-3/theory-of-commutative-algebra-10.tex	L4524-L4648	SOLUTION			ORPHAN_NEEDS_REVIEW
IMP-M3-16526DCF36-S001	IMP-M3-16526DCF36	MATH_ALLS-3/theory-of-commutative-algebra-12.tex	L1185-L1213	SOLUTION			ORPHAN_NEEDS_REVIEW
IMP-M3-16526DCF36-S002	IMP-M3-16526DCF36	MATH_ALLS-3/theory-of-commutative-algebra-12.tex	L2775-L2798	SOLUTION			ORPHAN_NEEDS_REVIEW
IMP-M3-16526DCF36-S003	IMP-M3-16526DCF36	MATH_ALLS-3/theory-of-commutative-algebra-12.tex	L3426-L3453	SOLUTION		IMP-M3-16526DCF36-P009	LINKED_SAME_FILE
IMP-M3-16526DCF36-S004	IMP-M3-16526DCF36	MATH_ALLS-3/theory-of-commutative-algebra-12.tex	L4283-L4308	SOLUTION			ORPHAN_NEEDS_REVIEW
IMP-M3-D19BB3C803-S001	IMP-M3-D19BB3C803	MATH_ALLS-3/theory-of-commutative-algebra-14.tex	L2684-L2711	SOLUTION	1	IMP-M3-D19BB3C803-P033	LINKED_SAME_FILE
IMP-M3-D19BB3C803-S002	IMP-M3-D19BB3C803	MATH_ALLS-3/theory-of-commutative-algebra-14.tex	L2725-L2752	SOLUTION	2	IMP-M3-D19BB3C803-P034	LINKED_SAME_FILE
IMP-M3-D19BB3C803-S003	IMP-M3-D19BB3C803	MATH_ALLS-3/theory-of-commutative-algebra-14.tex	L2766-L2797	SOLUTION	3	IMP-M3-D19BB3C803-P035	LINKED_SAME_FILE
IMP-M3-D19BB3C803-S004	IMP-M3-D19BB3C803	MATH_ALLS-3/theory-of-commutative-algebra-14.tex	L2809-L2823	SOLUTION	4	IMP-M3-D19BB3C803-P036	LINKED_SAME_FILE
IMP-M3-D19BB3C803-S005	IMP-M3-D19BB3C803	MATH_ALLS-3/theory-of-commutative-algebra-14.tex	L2835-L2849	SOLUTION	5	IMP-M3-D19BB3C803-P037	LINKED_SAME_FILE
IMP-M3-D19BB3C803-S006	IMP-M3-D19BB3C803	MATH_ALLS-3/theory-of-commutative-algebra-14.tex	L2861-L2875	SOLUTION	6	IMP-M3-D19BB3C803-P038	LINKED_SAME_FILE
IMP-M3-D19BB3C803-S007	IMP-M3-D19BB3C803	MATH_ALLS-3/theory-of-commutative-algebra-14.tex	L2889-L2912	SOLUTION	7	IMP-M3-D19BB3C803-P039	LINKED_SAME_FILE
IMP-M3-D19BB3C803-S008	IMP-M3-D19BB3C803	MATH_ALLS-3/theory-of-commutative-algebra-14.tex	L2928-L2959	SOLUTION	8	IMP-M3-D19BB3C803-P040	LINKED_SAME_FILE
IMP-M3-D19BB3C803-S009	IMP-M3-D19BB3C803	MATH_ALLS-3/theory-of-commutative-algebra-14.tex	L2973-L2996	SOLUTION	9	IMP-M3-D19BB3C803-P041	LINKED_SAME_FILE
IMP-M3-D19BB3C803-S010	IMP-M3-D19BB3C803	MATH_ALLS-3/theory-of-commutative-algebra-14.tex	L3008-L3022	SOLUTION	10	IMP-M3-D19BB3C803-P042	LINKED_SAME_FILE
IMP-M3-D19BB3C803-S011	IMP-M3-D19BB3C803	MATH_ALLS-3/theory-of-commutative-algebra-14.tex	L3036-L3059	SOLUTION	11	IMP-M3-D19BB3C803-P043	LINKED_SAME_FILE
IMP-M3-D19BB3C803-S012	IMP-M3-D19BB3C803	MATH_ALLS-3/theory-of-commutative-algebra-14.tex	L3075-L3108	SOLUTION	12	IMP-M3-D19BB3C803-P044	LINKED_SAME_FILE
IMP-M3-D19BB3C803-S013	IMP-M3-D19BB3C803	MATH_ALLS-3/theory-of-commutative-algebra-14.tex	L3120-L3134	SOLUTION	13	IMP-M3-D19BB3C803-P045	LINKED_SAME_FILE
IMP-M3-D19BB3C803-S014	IMP-M3-D19BB3C803	MATH_ALLS-3/theory-of-commutative-algebra-14.tex	L3146-L3164	SOLUTION	14	IMP-M3-D19BB3C803-P046	LINKED_SAME_FILE
IMP-M3-D19BB3C803-S015	IMP-M3-D19BB3C803	MATH_ALLS-3/theory-of-commutative-algebra-14.tex	L3178-L3200	SOLUTION	15	IMP-M3-D19BB3C803-P047	LINKED_SAME_FILE
IMP-M3-D19BB3C803-S016	IMP-M3-D19BB3C803	MATH_ALLS-3/theory-of-commutative-algebra-14.tex	L3218-L3245	SOLUTION	16	IMP-M3-D19BB3C803-P048	LINKED_SAME_FILE
IMP-M3-D19BB3C803-S017	IMP-M3-D19BB3C803	MATH_ALLS-3/theory-of-commutative-algebra-14.tex	L3267-L3297	SOLUTION	17	IMP-M3-D19BB3C803-P049	LINKED_SAME_FILE
IMP-M3-D19BB3C803-S018	IMP-M3-D19BB3C803	MATH_ALLS-3/theory-of-commutative-algebra-14.tex	L3315-L3343	SOLUTION	18	IMP-M3-D19BB3C803-P050	LINKED_SAME_FILE
IMP-M3-CABB372599-S001	IMP-M3-CABB372599	MATH_ALLS-3/theory-of-commutative-algebra-15.tex	L898-L904	SOLUTION	1	IMP-M3-CABB372599-P027	LINKED_SAME_FILE
IMP-M3-CABB372599-S002	IMP-M3-CABB372599	MATH_ALLS-3/theory-of-commutative-algebra-15.tex	L908-L914	SOLUTION	2	IMP-M3-CABB372599-P028	LINKED_SAME_FILE
IMP-M3-CABB372599-S003	IMP-M3-CABB372599	MATH_ALLS-3/theory-of-commutative-algebra-15.tex	L918-L930	SOLUTION	3	IMP-M3-CABB372599-P029	LINKED_SAME_FILE
IMP-M3-CABB372599-S004	IMP-M3-CABB372599	MATH_ALLS-3/theory-of-commutative-algebra-15.tex	L934-L944	SOLUTION	4	IMP-M3-CABB372599-P030	LINKED_SAME_FILE
IMP-M3-CABB372599-S005	IMP-M3-CABB372599	MATH_ALLS-3/theory-of-commutative-algebra-15.tex	L948-L953	SOLUTION	5	IMP-M3-CABB372599-P031	LINKED_SAME_FILE
IMP-M3-CABB372599-S006	IMP-M3-CABB372599	MATH_ALLS-3/theory-of-commutative-algebra-15.tex	L957-L963	SOLUTION	6	IMP-M3-CABB372599-P032	LINKED_SAME_FILE
IMP-M3-2408B547B5-S001	IMP-M3-2408B547B5	MATH_ALLS-3/theory-of-commutative-algebra-1s.tex	L833-L964	SOLUTION	5	IMP-M3-2408B547B5-P001	LINKED_SAME_FILE
IMP-M3-2408B547B5-S002	IMP-M3-2408B547B5	MATH_ALLS-3/theory-of-commutative-algebra-1s.tex	L965-L1052	SOLUTION	5	IMP-M3-2408B547B5-P001	LINKED_SAME_FILE
IMP-M3-2408B547B5-S003	IMP-M3-2408B547B5	MATH_ALLS-3/theory-of-commutative-algebra-1s.tex	L1063-L1116	SOLUTION	7	IMP-M3-2408B547B5-P002	LINKED_SAME_FILE
IMP-M3-251F2514E1-S001	IMP-M3-251F2514E1	MATH_ALLS-3/theory-of-commutative-algebra-2.tex	L833-L964	SOLUTION	5	IMP-M3-251F2514E1-P001	LINKED_SAME_FILE
IMP-M3-251F2514E1-S002	IMP-M3-251F2514E1	MATH_ALLS-3/theory-of-commutative-algebra-2.tex	L965-L1052	SOLUTION	5	IMP-M3-251F2514E1-P001	LINKED_SAME_FILE
IMP-M3-251F2514E1-S003	IMP-M3-251F2514E1	MATH_ALLS-3/theory-of-commutative-algebra-2.tex	L1063-L1115	SOLUTION	7	IMP-M3-251F2514E1-P002	LINKED_SAME_FILE
IMP-M3-251F2514E1-S004	IMP-M3-251F2514E1	MATH_ALLS-3/theory-of-commutative-algebra-2.tex	L2058-L2231	SOLUTION	8	IMP-M3-251F2514E1-P003	LINKED_SAME_FILE
IMP-M3-251F2514E1-S005	IMP-M3-251F2514E1	MATH_ALLS-3/theory-of-commutative-algebra-2.tex	L2240-L2338	SOLUTION	9	IMP-M3-251F2514E1-P004	LINKED_SAME_FILE
IMP-M3-251F2514E1-S006	IMP-M3-251F2514E1	MATH_ALLS-3/theory-of-commutative-algebra-2.tex	L3125-L3212	SOLUTION	1	IMP-M3-251F2514E1-P005	LINKED_SAME_FILE
IMP-M3-251F2514E1-S007	IMP-M3-251F2514E1	MATH_ALLS-3/theory-of-commutative-algebra-2.tex	L3223-L3301	SOLUTION	2	IMP-M3-251F2514E1-P006	LINKED_SAME_FILE
IMP-M3-251F2514E1-S008	IMP-M3-251F2514E1	MATH_ALLS-3/theory-of-commutative-algebra-2.tex	L3318-L3376	SOLUTION	3	IMP-M3-251F2514E1-P007	LINKED_SAME_FILE
IMP-M3-251F2514E1-S009	IMP-M3-251F2514E1	MATH_ALLS-3/theory-of-commutative-algebra-2.tex	L3391-L3450	SOLUTION	4	IMP-M3-251F2514E1-P008	LINKED_SAME_FILE
IMP-M3-251F2514E1-S010	IMP-M3-251F2514E1	MATH_ALLS-3/theory-of-commutative-algebra-2.tex	L3475-L3578	SOLUTION	5	IMP-M3-251F2514E1-P009	LINKED_SAME_FILE
IMP-M3-F5BFB39338-S001	IMP-M3-F5BFB39338	MATH_ALLS-3/theory-of-commutative-algebra-3.tex	L993-L1068	SOLUTION	6	IMP-M3-F5BFB39338-P003	LINKED_SAME_FILE
IMP-M3-F5BFB39338-S002	IMP-M3-F5BFB39338	MATH_ALLS-3/theory-of-commutative-algebra-3.tex	L1095-L1252	SOLUTION	7	IMP-M3-F5BFB39338-P004	LINKED_SAME_FILE
IMP-M3-F5BFB39338-S003	IMP-M3-F5BFB39338	MATH_ALLS-3/theory-of-commutative-algebra-3.tex	L1305-L1506	SOLUTION	8	IMP-M3-F5BFB39338-P005	LINKED_SAME_FILE
IMP-M3-F5BFB39338-S004	IMP-M3-F5BFB39338	MATH_ALLS-3/theory-of-commutative-algebra-3.tex	L1566-L1796	SOLUTION	9	IMP-M3-F5BFB39338-P006	LINKED_SAME_FILE
IMP-M3-0753B8F46B-S001	IMP-M3-0753B8F46B	MATH_ALLS-3/theory-of-commutative-algebra-4.tex	L374-L525	SOLUTION	10	IMP-M3-0753B8F46B-P001	LINKED_SAME_FILE
IMP-M3-0753B8F46B-S002	IMP-M3-0753B8F46B	MATH_ALLS-3/theory-of-commutative-algebra-4.tex	L559-L692	SOLUTION	11	IMP-M3-0753B8F46B-P002	LINKED_SAME_FILE
IMP-M3-0753B8F46B-S003	IMP-M3-0753B8F46B	MATH_ALLS-3/theory-of-commutative-algebra-4.tex	L708-L766	SOLUTION	12(a)	IMP-M3-0753B8F46B-P003	LINKED_SAME_FILE
IMP-M3-0753B8F46B-S004	IMP-M3-0753B8F46B	MATH_ALLS-3/theory-of-commutative-algebra-4.tex	L788-L834	SOLUTION	12(b)	IMP-M3-0753B8F46B-P004	LINKED_SAME_FILE
IMP-M3-D1A916E0DD-S001	IMP-M3-D1A916E0DD	MATH_ALLS-3/theory-of-commutative-algebra-5-professional-v2.tex	L73-L149	SOLUTION			ORPHAN_NEEDS_REVIEW
IMP-M3-D1A916E0DD-S002	IMP-M3-D1A916E0DD	MATH_ALLS-3/theory-of-commutative-algebra-5-professional-v2.tex	L155-L194	SOLUTION			ORPHAN_NEEDS_REVIEW
IMP-M3-D1A916E0DD-S003	IMP-M3-D1A916E0DD	MATH_ALLS-3/theory-of-commutative-algebra-5-professional-v2.tex	L195-L241	SOLUTION			ORPHAN_NEEDS_REVIEW
IMP-M3-D1A916E0DD-S004	IMP-M3-D1A916E0DD	MATH_ALLS-3/theory-of-commutative-algebra-5-professional-v2.tex	L251-L301	SOLUTION	3	IMP-M3-D1A916E0DD-P001	LINKED_SAME_FILE
IMP-M3-D1A916E0DD-S005	IMP-M3-D1A916E0DD	MATH_ALLS-3/theory-of-commutative-algebra-5-professional-v2.tex	L322-L339	SOLUTION	4	IMP-M3-D1A916E0DD-P002	LINKED_SAME_FILE
IMP-M3-D1A916E0DD-S006	IMP-M3-D1A916E0DD	MATH_ALLS-3/theory-of-commutative-algebra-5-professional-v2.tex	L348-L415	SOLUTION	4	IMP-M3-D1A916E0DD-P002	LINKED_SAME_FILE
IMP-M3-D1A916E0DD-S007	IMP-M3-D1A916E0DD	MATH_ALLS-3/theory-of-commutative-algebra-5-professional-v2.tex	L427-L547	SOLUTION	5	IMP-M3-D1A916E0DD-P003	LINKED_SAME_FILE
IMP-M3-D1A916E0DD-S008	IMP-M3-D1A916E0DD	MATH_ALLS-3/theory-of-commutative-algebra-5-professional-v2.tex	L577-L687	SOLUTION	6	IMP-M3-D1A916E0DD-P004	LINKED_SAME_FILE
IMP-M3-D1A916E0DD-S009	IMP-M3-D1A916E0DD	MATH_ALLS-3/theory-of-commutative-algebra-5-professional-v2.tex	L718-L852	SOLUTION	7	IMP-M3-D1A916E0DD-P005	LINKED_SAME_FILE
IMP-M3-D1A916E0DD-S010	IMP-M3-D1A916E0DD	MATH_ALLS-3/theory-of-commutative-algebra-5-professional-v2.tex	L883-L1010	SOLUTION	8	IMP-M3-D1A916E0DD-P006	LINKED_SAME_FILE
IMP-M3-D1A916E0DD-S011	IMP-M3-D1A916E0DD	MATH_ALLS-3/theory-of-commutative-algebra-5-professional-v2.tex	L1011-L1117	SOLUTION	8	IMP-M3-D1A916E0DD-P006	LINKED_SAME_FILE
IMP-M3-D1A916E0DD-S012	IMP-M3-D1A916E0DD	MATH_ALLS-3/theory-of-commutative-algebra-5-professional-v2.tex	L1123-L1213	SOLUTION	10	IMP-M3-D1A916E0DD-P007	LINKED_SAME_FILE
IMP-M3-D1A916E0DD-S013	IMP-M3-D1A916E0DD	MATH_ALLS-3/theory-of-commutative-algebra-5-professional-v2.tex	L2186-L2269	SOLUTION	11	IMP-M3-D1A916E0DD-P088	LINKED_SAME_FILE
IMP-M3-D1A916E0DD-S014	IMP-M3-D1A916E0DD	MATH_ALLS-3/theory-of-commutative-algebra-5-professional-v2.tex	L2270-L2530	SOLUTION	11	IMP-M3-D1A916E0DD-P088	LINKED_SAME_FILE
IMP-M3-D1A916E0DD-S015	IMP-M3-D1A916E0DD	MATH_ALLS-3/theory-of-commutative-algebra-5-professional-v2.tex	L2552-L2656	SOLUTION	13	IMP-M3-D1A916E0DD-P089	LINKED_SAME_FILE
IMP-M3-D1A916E0DD-S016	IMP-M3-D1A916E0DD	MATH_ALLS-3/theory-of-commutative-algebra-5-professional-v2.tex	L2675-L2797	SOLUTION	14(a)	IMP-M3-D1A916E0DD-P090	LINKED_SAME_FILE
IMP-M3-D1A916E0DD-S017	IMP-M3-D1A916E0DD	MATH_ALLS-3/theory-of-commutative-algebra-5-professional-v2.tex	L2807-L2920	SOLUTION	14(b)	IMP-M3-D1A916E0DD-P091	LINKED_SAME_FILE
IMP-M3-D1A916E0DD-S018	IMP-M3-D1A916E0DD	MATH_ALLS-3/theory-of-commutative-algebra-5-professional-v2.tex	L2921-L2986	SOLUTION	14(b)	IMP-M3-D1A916E0DD-P091	LINKED_SAME_FILE
IMP-M3-D1A916E0DD-S019	IMP-M3-D1A916E0DD	MATH_ALLS-3/theory-of-commutative-algebra-5-professional-v2.tex	L3006-L3153	SOLUTION	15	IMP-M3-D1A916E0DD-P092	LINKED_SAME_FILE
IMP-M3-D1A916E0DD-S020	IMP-M3-D1A916E0DD	MATH_ALLS-3/theory-of-commutative-algebra-5-professional-v2.tex	L3154-L3247	SOLUTION	15	IMP-M3-D1A916E0DD-P092	LINKED_SAME_FILE
IMP-M3-D1A916E0DD-S021	IMP-M3-D1A916E0DD	MATH_ALLS-3/theory-of-commutative-algebra-5-professional-v2.tex	L3260-L3459	SOLUTION	17	IMP-M3-D1A916E0DD-P093	LINKED_SAME_FILE
IMP-M3-17140B7F4C-S001	IMP-M3-17140B7F4C	MATH_ALLS-3/theory-of-commutative-algebra-5-professional.tex	L75-L151	SOLUTION			ORPHAN_NEEDS_REVIEW
IMP-M3-17140B7F4C-S002	IMP-M3-17140B7F4C	MATH_ALLS-3/theory-of-commutative-algebra-5-professional.tex	L157-L196	SOLUTION			ORPHAN_NEEDS_REVIEW
IMP-M3-17140B7F4C-S003	IMP-M3-17140B7F4C	MATH_ALLS-3/theory-of-commutative-algebra-5-professional.tex	L197-L243	SOLUTION			ORPHAN_NEEDS_REVIEW
IMP-M3-17140B7F4C-S004	IMP-M3-17140B7F4C	MATH_ALLS-3/theory-of-commutative-algebra-5-professional.tex	L253-L303	SOLUTION	3	IMP-M3-17140B7F4C-P001	LINKED_SAME_FILE
IMP-M3-17140B7F4C-S005	IMP-M3-17140B7F4C	MATH_ALLS-3/theory-of-commutative-algebra-5-professional.tex	L324-L341	SOLUTION	4	IMP-M3-17140B7F4C-P002	LINKED_SAME_FILE
IMP-M3-17140B7F4C-S006	IMP-M3-17140B7F4C	MATH_ALLS-3/theory-of-commutative-algebra-5-professional.tex	L350-L417	SOLUTION	4	IMP-M3-17140B7F4C-P002	LINKED_SAME_FILE
IMP-M3-17140B7F4C-S007	IMP-M3-17140B7F4C	MATH_ALLS-3/theory-of-commutative-algebra-5-professional.tex	L429-L549	SOLUTION	5	IMP-M3-17140B7F4C-P003	LINKED_SAME_FILE
IMP-M3-17140B7F4C-S008	IMP-M3-17140B7F4C	MATH_ALLS-3/theory-of-commutative-algebra-5-professional.tex	L579-L689	SOLUTION	6	IMP-M3-17140B7F4C-P004	LINKED_SAME_FILE
IMP-M3-17140B7F4C-S009	IMP-M3-17140B7F4C	MATH_ALLS-3/theory-of-commutative-algebra-5-professional.tex	L720-L854	SOLUTION	7	IMP-M3-17140B7F4C-P005	LINKED_SAME_FILE
IMP-M3-17140B7F4C-S010	IMP-M3-17140B7F4C	MATH_ALLS-3/theory-of-commutative-algebra-5-professional.tex	L885-L1012	SOLUTION	8	IMP-M3-17140B7F4C-P006	LINKED_SAME_FILE
IMP-M3-17140B7F4C-S011	IMP-M3-17140B7F4C	MATH_ALLS-3/theory-of-commutative-algebra-5-professional.tex	L1013-L1119	SOLUTION	8	IMP-M3-17140B7F4C-P006	LINKED_SAME_FILE
IMP-M3-17140B7F4C-S012	IMP-M3-17140B7F4C	MATH_ALLS-3/theory-of-commutative-algebra-5-professional.tex	L1125-L1217	SOLUTION	10	IMP-M3-17140B7F4C-P007	LINKED_SAME_FILE
IMP-M3-17140B7F4C-S013	IMP-M3-17140B7F4C	MATH_ALLS-3/theory-of-commutative-algebra-5-professional.tex	L2188-L2271	SOLUTION	11	IMP-M3-17140B7F4C-P008	LINKED_SAME_FILE
IMP-M3-17140B7F4C-S014	IMP-M3-17140B7F4C	MATH_ALLS-3/theory-of-commutative-algebra-5-professional.tex	L2272-L2532	SOLUTION	11	IMP-M3-17140B7F4C-P008	LINKED_SAME_FILE
IMP-M3-17140B7F4C-S015	IMP-M3-17140B7F4C	MATH_ALLS-3/theory-of-commutative-algebra-5-professional.tex	L2554-L2658	SOLUTION	13	IMP-M3-17140B7F4C-P009	LINKED_SAME_FILE
IMP-M3-17140B7F4C-S016	IMP-M3-17140B7F4C	MATH_ALLS-3/theory-of-commutative-algebra-5-professional.tex	L2677-L2799	SOLUTION	14(a)	IMP-M3-17140B7F4C-P010	LINKED_SAME_FILE
IMP-M3-17140B7F4C-S017	IMP-M3-17140B7F4C	MATH_ALLS-3/theory-of-commutative-algebra-5-professional.tex	L2809-L2922	SOLUTION	14(b)	IMP-M3-17140B7F4C-P011	LINKED_SAME_FILE
IMP-M3-17140B7F4C-S018	IMP-M3-17140B7F4C	MATH_ALLS-3/theory-of-commutative-algebra-5-professional.tex	L2923-L2988	SOLUTION	14(b)	IMP-M3-17140B7F4C-P011	LINKED_SAME_FILE
IMP-M3-17140B7F4C-S019	IMP-M3-17140B7F4C	MATH_ALLS-3/theory-of-commutative-algebra-5-professional.tex	L3008-L3155	SOLUTION	15	IMP-M3-17140B7F4C-P012	LINKED_SAME_FILE
IMP-M3-17140B7F4C-S020	IMP-M3-17140B7F4C	MATH_ALLS-3/theory-of-commutative-algebra-5-professional.tex	L3156-L3249	SOLUTION	15	IMP-M3-17140B7F4C-P012	LINKED_SAME_FILE
IMP-M3-17140B7F4C-S021	IMP-M3-17140B7F4C	MATH_ALLS-3/theory-of-commutative-algebra-5-professional.tex	L3262-L3463	SOLUTION	17	IMP-M3-17140B7F4C-P013	LINKED_SAME_FILE
IMP-M3-0D398C7F27-S001	IMP-M3-0D398C7F27	MATH_ALLS-3/theory-of-commutative-algebra-5.tex	L345-L421	SOLUTION			ORPHAN_NEEDS_REVIEW
IMP-M3-0D398C7F27-S002	IMP-M3-0D398C7F27	MATH_ALLS-3/theory-of-commutative-algebra-5.tex	L427-L466	SOLUTION			ORPHAN_NEEDS_REVIEW
IMP-M3-0D398C7F27-S003	IMP-M3-0D398C7F27	MATH_ALLS-3/theory-of-commutative-algebra-5.tex	L467-L513	SOLUTION			ORPHAN_NEEDS_REVIEW
IMP-M3-0D398C7F27-S004	IMP-M3-0D398C7F27	MATH_ALLS-3/theory-of-commutative-algebra-5.tex	L523-L573	SOLUTION	3	IMP-M3-0D398C7F27-P001	LINKED_SAME_FILE
IMP-M3-0D398C7F27-S005	IMP-M3-0D398C7F27	MATH_ALLS-3/theory-of-commutative-algebra-5.tex	L594-L611	SOLUTION	4	IMP-M3-0D398C7F27-P002	LINKED_SAME_FILE
IMP-M3-0D398C7F27-S006	IMP-M3-0D398C7F27	MATH_ALLS-3/theory-of-commutative-algebra-5.tex	L620-L687	SOLUTION	4	IMP-M3-0D398C7F27-P002	LINKED_SAME_FILE
IMP-M3-0D398C7F27-S007	IMP-M3-0D398C7F27	MATH_ALLS-3/theory-of-commutative-algebra-5.tex	L699-L819	SOLUTION	5	IMP-M3-0D398C7F27-P003	LINKED_SAME_FILE
IMP-M3-0D398C7F27-S008	IMP-M3-0D398C7F27	MATH_ALLS-3/theory-of-commutative-algebra-5.tex	L849-L959	SOLUTION	6	IMP-M3-0D398C7F27-P004	LINKED_SAME_FILE
IMP-M3-0D398C7F27-S009	IMP-M3-0D398C7F27	MATH_ALLS-3/theory-of-commutative-algebra-5.tex	L990-L1124	SOLUTION	7	IMP-M3-0D398C7F27-P005	LINKED_SAME_FILE
IMP-M3-0D398C7F27-S010	IMP-M3-0D398C7F27	MATH_ALLS-3/theory-of-commutative-algebra-5.tex	L1155-L1282	SOLUTION	8	IMP-M3-0D398C7F27-P006	LINKED_SAME_FILE
IMP-M3-0D398C7F27-S011	IMP-M3-0D398C7F27	MATH_ALLS-3/theory-of-commutative-algebra-5.tex	L1283-L1389	SOLUTION	8	IMP-M3-0D398C7F27-P006	LINKED_SAME_FILE
IMP-M3-0D398C7F27-S012	IMP-M3-0D398C7F27	MATH_ALLS-3/theory-of-commutative-algebra-5.tex	L1395-L1485	SOLUTION	10	IMP-M3-0D398C7F27-P007	LINKED_SAME_FILE
IMP-M3-0D398C7F27-S013	IMP-M3-0D398C7F27	MATH_ALLS-3/theory-of-commutative-algebra-5.tex	L3412-L3495	SOLUTION	11	IMP-M3-0D398C7F27-P008	LINKED_SAME_FILE
IMP-M3-0D398C7F27-S014	IMP-M3-0D398C7F27	MATH_ALLS-3/theory-of-commutative-algebra-5.tex	L3496-L3756	SOLUTION	11	IMP-M3-0D398C7F27-P008	LINKED_SAME_FILE
IMP-M3-0D398C7F27-S015	IMP-M3-0D398C7F27	MATH_ALLS-3/theory-of-commutative-algebra-5.tex	L3778-L3882	SOLUTION	13	IMP-M3-0D398C7F27-P009	LINKED_SAME_FILE
IMP-M3-0D398C7F27-S016	IMP-M3-0D398C7F27	MATH_ALLS-3/theory-of-commutative-algebra-5.tex	L3892-L4005	SOLUTION	14(b)	IMP-M3-0D398C7F27-P010	LINKED_SAME_FILE
IMP-M3-0D398C7F27-S017	IMP-M3-0D398C7F27	MATH_ALLS-3/theory-of-commutative-algebra-5.tex	L4006-L4071	SOLUTION	14(b)	IMP-M3-0D398C7F27-P010	LINKED_SAME_FILE
IMP-M3-0D398C7F27-S018	IMP-M3-0D398C7F27	MATH_ALLS-3/theory-of-commutative-algebra-5.tex	L4091-L4238	SOLUTION	15	IMP-M3-0D398C7F27-P011	LINKED_SAME_FILE
IMP-M3-0D398C7F27-S019	IMP-M3-0D398C7F27	MATH_ALLS-3/theory-of-commutative-algebra-5.tex	L4239-L4332	SOLUTION	15	IMP-M3-0D398C7F27-P011	LINKED_SAME_FILE
IMP-M3-0D398C7F27-S020	IMP-M3-0D398C7F27	MATH_ALLS-3/theory-of-commutative-algebra-5.tex	L4345-L4544	SOLUTION	17	IMP-M3-0D398C7F27-P012	LINKED_SAME_FILE
IMP-M3-FCB1647DD6-S001	IMP-M3-FCB1647DD6	MATH_ALLS-3/theory-of-commutative-algebra-9.tex	L1064-L1065	SOLUTION	.	IMP-M3-FCB1647DD6-P031	LINKED_SAME_FILE
IMP-M3-FCB1647DD6-S002	IMP-M3-FCB1647DD6	MATH_ALLS-3/theory-of-commutative-algebra-9.tex	L2395-L2398	SOLUTION			ORPHAN_NEEDS_REVIEW
IMP-M3-FCB1647DD6-S003	IMP-M3-FCB1647DD6	MATH_ALLS-3/theory-of-commutative-algebra-9.tex	L2520-L2566	SOLUTION			ORPHAN_NEEDS_REVIEW
IMP-M3-FCB1647DD6-S004	IMP-M3-FCB1647DD6	MATH_ALLS-3/theory-of-commutative-algebra-9.tex	L2603-L2652	SOLUTION			ORPHAN_NEEDS_REVIEW
IMP-M3-FCB1647DD6-S005	IMP-M3-FCB1647DD6	MATH_ALLS-3/theory-of-commutative-algebra-9.tex	L3256-L3279	SOLUTION			ORPHAN_NEEDS_REVIEW
IMP-M3-FCB1647DD6-S006	IMP-M3-FCB1647DD6	MATH_ALLS-3/theory-of-commutative-algebra-9.tex	L3310-L3347	SOLUTION			ORPHAN_NEEDS_REVIEW
IMP-M3-FCB1647DD6-S007	IMP-M3-FCB1647DD6	MATH_ALLS-3/theory-of-commutative-algebra-9.tex	L3370-L3376	SOLUTION			ORPHAN_NEEDS_REVIEW
IMP-M3-FCB1647DD6-S008	IMP-M3-FCB1647DD6	MATH_ALLS-3/theory-of-commutative-algebra-9.tex	L3383-L3385	SOLUTION			ORPHAN_NEEDS_REVIEW
IMP-M3-FCB1647DD6-S009	IMP-M3-FCB1647DD6	MATH_ALLS-3/theory-of-commutative-algebra-9.tex	L3507-L3541	SOLUTION			ORPHAN_NEEDS_REVIEW
IMP-M3-FCB1647DD6-S010	IMP-M3-FCB1647DD6	MATH_ALLS-3/theory-of-commutative-algebra-9.tex	L3853-L3888	SOLUTION			ORPHAN_NEEDS_REVIEW
IMP-M3-FCB1647DD6-S011	IMP-M3-FCB1647DD6	MATH_ALLS-3/theory-of-commutative-algebra-9.tex	L3981-L4080	SOLUTION			ORPHAN_NEEDS_REVIEW
IMP-M3-FCB1647DD6-S012	IMP-M3-FCB1647DD6	MATH_ALLS-3/theory-of-commutative-algebra-9.tex	L4524-L4648	SOLUTION			ORPHAN_NEEDS_REVIEW
IMP-M3-911366A7C5-S001	IMP-M3-911366A7C5	MATH_ALLS-3/theory-of-differential-geometry-1.tex	L4578-L4640	HINT	1	IMP-M3-911366A7C5-P035	LINKED_SAME_FILE
IMP-M3-0F6B7A59EB-S001	IMP-M3-0F6B7A59EB	MATH_ALLS-3/theory-of-differential-geometry-2.tex	L583-L644	SOLUTION	8	IMP-M3-0F6B7A59EB-P002	LINKED_SAME_FILE
IMP-M3-0F6B7A59EB-S002	IMP-M3-0F6B7A59EB	MATH_ALLS-3/theory-of-differential-geometry-2.tex	L647-L713	SOLUTION	8	IMP-M3-0F6B7A59EB-P002	LINKED_SAME_FILE
IMP-M3-0F6B7A59EB-S003	IMP-M3-0F6B7A59EB	MATH_ALLS-3/theory-of-differential-geometry-2.tex	L723-L778	SOLUTION	9	IMP-M3-0F6B7A59EB-P003	LINKED_SAME_FILE
IMP-M3-0F6B7A59EB-S004	IMP-M3-0F6B7A59EB	MATH_ALLS-3/theory-of-differential-geometry-2.tex	L787-L838	SOLUTION	10	IMP-M3-0F6B7A59EB-P004	LINKED_SAME_FILE
IMP-M3-0F6B7A59EB-S005	IMP-M3-0F6B7A59EB	MATH_ALLS-3/theory-of-differential-geometry-2.tex	L848-L869	SOLUTION	1.	IMP-M3-0F6B7A59EB-P005	LINKED_SAME_FILE
IMP-M3-0F6B7A59EB-S006	IMP-M3-0F6B7A59EB	MATH_ALLS-3/theory-of-differential-geometry-2.tex	L884-L926	SOLUTION	2.	IMP-M3-0F6B7A59EB-P006	LINKED_SAME_FILE
IMP-M3-0F6B7A59EB-S007	IMP-M3-0F6B7A59EB	MATH_ALLS-3/theory-of-differential-geometry-2.tex	L937-L1047	SOLUTION	3.	IMP-M3-0F6B7A59EB-P007	LINKED_SAME_FILE
IMP-M3-0F6B7A59EB-S008	IMP-M3-0F6B7A59EB	MATH_ALLS-3/theory-of-differential-geometry-2.tex	L1058-L1082	SOLUTION	4	IMP-M3-0F6B7A59EB-P008	LINKED_SAME_FILE
IMP-M3-0F6B7A59EB-S009	IMP-M3-0F6B7A59EB	MATH_ALLS-3/theory-of-differential-geometry-2.tex	L1130-L1190	SOLUTION	5	IMP-M3-0F6B7A59EB-P009	LINKED_SAME_FILE
IMP-M3-0F6B7A59EB-S010	IMP-M3-0F6B7A59EB	MATH_ALLS-3/theory-of-differential-geometry-2.tex	L1195-L1241	SOLUTION	6	IMP-M3-0F6B7A59EB-P010	LINKED_SAME_FILE
IMP-M3-0F6B7A59EB-S011	IMP-M3-0F6B7A59EB	MATH_ALLS-3/theory-of-differential-geometry-2.tex	L1256-L1296	SOLUTION	7	IMP-M3-0F6B7A59EB-P011	LINKED_SAME_FILE
IMP-M3-0F6B7A59EB-S012	IMP-M3-0F6B7A59EB	MATH_ALLS-3/theory-of-differential-geometry-2.tex	L1332-L1375	SOLUTION	8	IMP-M3-0F6B7A59EB-P012	LINKED_SAME_FILE
IMP-M3-0F6B7A59EB-S013	IMP-M3-0F6B7A59EB	MATH_ALLS-3/theory-of-differential-geometry-2.tex	L1470-L1514	SOLUTION	9	IMP-M3-0F6B7A59EB-P013	LINKED_SAME_FILE
IMP-M3-0F6B7A59EB-S014	IMP-M3-0F6B7A59EB	MATH_ALLS-3/theory-of-differential-geometry-2.tex	L1552-L1583	SOLUTION	10	IMP-M3-0F6B7A59EB-P014	LINKED_SAME_FILE
IMP-M3-0F6B7A59EB-S015	IMP-M3-0F6B7A59EB	MATH_ALLS-3/theory-of-differential-geometry-2.tex	L1611-L1640	SOLUTION	11	IMP-M3-0F6B7A59EB-P015	LINKED_SAME_FILE
IMP-M3-0F6B7A59EB-S016	IMP-M3-0F6B7A59EB	MATH_ALLS-3/theory-of-differential-geometry-2.tex	L1694-L1798	SOLUTION	1	IMP-M3-0F6B7A59EB-P016	LINKED_SAME_FILE
IMP-M3-0F6B7A59EB-S017	IMP-M3-0F6B7A59EB	MATH_ALLS-3/theory-of-differential-geometry-2.tex	L1819-L1903	SOLUTION	2	IMP-M3-0F6B7A59EB-P017	LINKED_SAME_FILE
IMP-M3-0F6B7A59EB-S018	IMP-M3-0F6B7A59EB	MATH_ALLS-3/theory-of-differential-geometry-2.tex	L1929-L1995	SOLUTION	3	IMP-M3-0F6B7A59EB-P018	LINKED_SAME_FILE
IMP-M3-0F6B7A59EB-S019	IMP-M3-0F6B7A59EB	MATH_ALLS-3/theory-of-differential-geometry-2.tex	L2017-L2094	SOLUTION	4	IMP-M3-0F6B7A59EB-P019	LINKED_SAME_FILE
IMP-M3-0F6B7A59EB-S020	IMP-M3-0F6B7A59EB	MATH_ALLS-3/theory-of-differential-geometry-2.tex	L2108-L2173	SOLUTION	5	IMP-M3-0F6B7A59EB-P020	LINKED_SAME_FILE
IMP-M3-0F6B7A59EB-S021	IMP-M3-0F6B7A59EB	MATH_ALLS-3/theory-of-differential-geometry-2.tex	L2194-L2261	SOLUTION	6	IMP-M3-0F6B7A59EB-P021	LINKED_SAME_FILE
IMP-M3-0F6B7A59EB-S022	IMP-M3-0F6B7A59EB	MATH_ALLS-3/theory-of-differential-geometry-2.tex	L2281-L2384	SOLUTION	7	IMP-M3-0F6B7A59EB-P022	LINKED_SAME_FILE
IMP-M3-0F6B7A59EB-S023	IMP-M3-0F6B7A59EB	MATH_ALLS-3/theory-of-differential-geometry-2.tex	L2394-L2403	SOLUTION	8(a)	IMP-M3-0F6B7A59EB-P023	LINKED_SAME_FILE
IMP-M3-0F6B7A59EB-S024	IMP-M3-0F6B7A59EB	MATH_ALLS-3/theory-of-differential-geometry-2.tex	L2414-L2461	SOLUTION	8(b)	IMP-M3-0F6B7A59EB-P024	LINKED_SAME_FILE
IMP-M3-0F6B7A59EB-S025	IMP-M3-0F6B7A59EB	MATH_ALLS-3/theory-of-differential-geometry-2.tex	L3012-L3037	SOLUTION	9(a)	IMP-M3-0F6B7A59EB-P026	LINKED_SAME_FILE
IMP-M3-0F6B7A59EB-S026	IMP-M3-0F6B7A59EB	MATH_ALLS-3/theory-of-differential-geometry-2.tex	L3047-L3070	SOLUTION	9(b)	IMP-M3-0F6B7A59EB-P027	LINKED_SAME_FILE
IMP-M3-0F6B7A59EB-S027	IMP-M3-0F6B7A59EB	MATH_ALLS-3/theory-of-differential-geometry-2.tex	L3390-L3467	SOLUTION	10	IMP-M3-0F6B7A59EB-P029	LINKED_SAME_FILE
IMP-M3-0F6B7A59EB-S028	IMP-M3-0F6B7A59EB	MATH_ALLS-3/theory-of-differential-geometry-2.tex	L3735-L3756	SOLUTION	11	IMP-M3-0F6B7A59EB-P031	LINKED_SAME_FILE
IMP-M3-AC7E1F63D1-S001	IMP-M3-AC7E1F63D1	MATH_ALLS-3/theory-of-differential-geometry-3.tex	L269-L333	SOLUTION	1	IMP-M3-AC7E1F63D1-P001	LINKED_SAME_FILE
IMP-M3-AC7E1F63D1-S002	IMP-M3-AC7E1F63D1	MATH_ALLS-3/theory-of-differential-geometry-3.tex	L348-L388	SOLUTION	2	IMP-M3-AC7E1F63D1-P001	LINKED_SAME_FILE
IMP-M3-AC7E1F63D1-S003	IMP-M3-AC7E1F63D1	MATH_ALLS-3/theory-of-differential-geometry-3.tex	L405-L473	SOLUTION	3	IMP-M3-AC7E1F63D1-P001	LINKED_SAME_FILE
IMP-M3-AC7E1F63D1-S004	IMP-M3-AC7E1F63D1	MATH_ALLS-3/theory-of-differential-geometry-3.tex	L619-L670	SOLUTION	4	IMP-M3-AC7E1F63D1-P001	LINKED_SAME_FILE
IMP-M3-AC7E1F63D1-S005	IMP-M3-AC7E1F63D1	MATH_ALLS-3/theory-of-differential-geometry-3.tex	L685-L737	SOLUTION	5	IMP-M3-AC7E1F63D1-P001	LINKED_SAME_FILE
IMP-M3-AC7E1F63D1-S006	IMP-M3-AC7E1F63D1	MATH_ALLS-3/theory-of-differential-geometry-3.tex	L755-L807	SOLUTION	6	IMP-M3-AC7E1F63D1-P001	LINKED_SAME_FILE
IMP-M3-5A5277EBFB-S001	IMP-M3-5A5277EBFB	MATH_ALLS-3/theory-of-differential-geometry-4.tex	L220-L250	SOLUTION	1	IMP-M3-5A5277EBFB-P001	LINKED_SAME_FILE
IMP-M3-5A5277EBFB-S002	IMP-M3-5A5277EBFB	MATH_ALLS-3/theory-of-differential-geometry-4.tex	L940-L987	SOLUTION	2	IMP-M3-5A5277EBFB-P011	LINKED_SAME_FILE
IMP-M3-5A5277EBFB-S003	IMP-M3-5A5277EBFB	MATH_ALLS-3/theory-of-differential-geometry-4.tex	L1241-L1268	SOLUTION	3	IMP-M3-5A5277EBFB-P012	LINKED_SAME_FILE
IMP-M3-5A5277EBFB-S004	IMP-M3-5A5277EBFB	MATH_ALLS-3/theory-of-differential-geometry-4.tex	L1433-L1469	SOLUTION	4	IMP-M3-5A5277EBFB-P013	LINKED_SAME_FILE
IMP-M3-5A5277EBFB-S005	IMP-M3-5A5277EBFB	MATH_ALLS-3/theory-of-differential-geometry-4.tex	L1614-L1648	SOLUTION	5	IMP-M3-5A5277EBFB-P014	LINKED_SAME_FILE
IMP-M3-5A5277EBFB-S006	IMP-M3-5A5277EBFB	MATH_ALLS-3/theory-of-differential-geometry-4.tex	L1854-L1916	SOLUTION	6	IMP-M3-5A5277EBFB-P015	LINKED_SAME_FILE
IMP-M3-5A5277EBFB-S007	IMP-M3-5A5277EBFB	MATH_ALLS-3/theory-of-differential-geometry-4.tex	L2020-L2096	SOLUTION	7	IMP-M3-5A5277EBFB-P016	LINKED_SAME_FILE
IMP-M3-5A5277EBFB-S008	IMP-M3-5A5277EBFB	MATH_ALLS-3/theory-of-differential-geometry-4.tex	L2174-L2248	SOLUTION	8	IMP-M3-5A5277EBFB-P017	LINKED_SAME_FILE
IMP-M3-5A5277EBFB-S009	IMP-M3-5A5277EBFB	MATH_ALLS-3/theory-of-differential-geometry-4.tex	L2312-L2373	SOLUTION	9	IMP-M3-5A5277EBFB-P018	LINKED_SAME_FILE
IMP-M3-5A5277EBFB-S010	IMP-M3-5A5277EBFB	MATH_ALLS-3/theory-of-differential-geometry-4.tex	L2505-L2575	SOLUTION	10	IMP-M3-5A5277EBFB-P019	LINKED_SAME_FILE
IMP-M3-5A5277EBFB-S011	IMP-M3-5A5277EBFB	MATH_ALLS-3/theory-of-differential-geometry-4.tex	L2589-L2774	SOLUTION	11	IMP-M3-5A5277EBFB-P020	LINKED_SAME_FILE
IMP-M3-5A5277EBFB-S012	IMP-M3-5A5277EBFB	MATH_ALLS-3/theory-of-differential-geometry-4.tex	L2910-L3015	SOLUTION	12	IMP-M3-5A5277EBFB-P021	LINKED_SAME_FILE
IMP-M3-5A5277EBFB-S013	IMP-M3-5A5277EBFB	MATH_ALLS-3/theory-of-differential-geometry-4.tex	L3072-L3189	SOLUTION	13	IMP-M3-5A5277EBFB-P022	LINKED_SAME_FILE
IMP-M3-5A5277EBFB-S014	IMP-M3-5A5277EBFB	MATH_ALLS-3/theory-of-differential-geometry-4.tex	L3420-L3652	SOLUTION		IMP-M3-5A5277EBFB-P022	LINKED_SAME_FILE
IMP-M3-5A5277EBFB-S015	IMP-M3-5A5277EBFB	MATH_ALLS-3/theory-of-differential-geometry-4.tex	L3689-L3795	SOLUTION	2	IMP-M3-5A5277EBFB-P023	LINKED_SAME_FILE
IMP-M3-5A5277EBFB-S016	IMP-M3-5A5277EBFB	MATH_ALLS-3/theory-of-differential-geometry-4.tex	L3915-L3993	SOLUTION	3	IMP-M3-5A5277EBFB-P024	LINKED_SAME_FILE
IMP-M3-5A5277EBFB-S017	IMP-M3-5A5277EBFB	MATH_ALLS-3/theory-of-differential-geometry-4.tex	L4088-L4244	SOLUTION	4	IMP-M3-5A5277EBFB-P025	LINKED_SAME_FILE
IMP-M3-5A5277EBFB-S018	IMP-M3-5A5277EBFB	MATH_ALLS-3/theory-of-differential-geometry-4.tex	L4259-L4297	SOLUTION	5	IMP-M3-5A5277EBFB-P026	LINKED_SAME_FILE
IMP-M3-5A5277EBFB-S019	IMP-M3-5A5277EBFB	MATH_ALLS-3/theory-of-differential-geometry-4.tex	L4298-L4320	SOLUTION	5	IMP-M3-5A5277EBFB-P026	LINKED_SAME_FILE
IMP-M3-5A5277EBFB-S020	IMP-M3-5A5277EBFB	MATH_ALLS-3/theory-of-differential-geometry-4.tex	L4336-L4357	SOLUTION	7	IMP-M3-5A5277EBFB-P027	LINKED_SAME_FILE
IMP-M3-5A5277EBFB-S021	IMP-M3-5A5277EBFB	MATH_ALLS-3/theory-of-differential-geometry-4.tex	L4368-L4398	SOLUTION	8	IMP-M3-5A5277EBFB-P028	LINKED_SAME_FILE
IMP-M3-5A5277EBFB-S022	IMP-M3-5A5277EBFB	MATH_ALLS-3/theory-of-differential-geometry-4.tex	L4412-L4442	SOLUTION	9	IMP-M3-5A5277EBFB-P029	LINKED_SAME_FILE
IMP-M3-5A5277EBFB-S023	IMP-M3-5A5277EBFB	MATH_ALLS-3/theory-of-differential-geometry-4.tex	L4449-L4463	SOLUTION	10	IMP-M3-5A5277EBFB-P030	LINKED_SAME_FILE
IMP-M3-5A5277EBFB-S024	IMP-M3-5A5277EBFB	MATH_ALLS-3/theory-of-differential-geometry-4.tex	L4692-L4755	SOLUTION		IMP-M3-5A5277EBFB-P030	LINKED_SAME_FILE
IMP-M3-5A5277EBFB-S025	IMP-M3-5A5277EBFB	MATH_ALLS-3/theory-of-differential-geometry-4.tex	L4770-L4819	SOLUTION	2	IMP-M3-5A5277EBFB-P031	LINKED_SAME_FILE
IMP-M3-5A5277EBFB-S026	IMP-M3-5A5277EBFB	MATH_ALLS-3/theory-of-differential-geometry-4.tex	L4830-L4892	SOLUTION	3	IMP-M3-5A5277EBFB-P032	LINKED_SAME_FILE
IMP-M3-5A5277EBFB-S027	IMP-M3-5A5277EBFB	MATH_ALLS-3/theory-of-differential-geometry-4.tex	L4920-L4993	SOLUTION	4	IMP-M3-5A5277EBFB-P033	LINKED_SAME_FILE
IMP-M3-5A5277EBFB-S028	IMP-M3-5A5277EBFB	MATH_ALLS-3/theory-of-differential-geometry-4.tex	L5011-L5042	SOLUTION	5	IMP-M3-5A5277EBFB-P034	LINKED_SAME_FILE
IMP-M3-5A5277EBFB-S029	IMP-M3-5A5277EBFB	MATH_ALLS-3/theory-of-differential-geometry-4.tex	L5048-L5077	SOLUTION	6	IMP-M3-5A5277EBFB-P035	LINKED_SAME_FILE
IMP-M3-5A5277EBFB-S030	IMP-M3-5A5277EBFB	MATH_ALLS-3/theory-of-differential-geometry-4.tex	L5186-L5249	SOLUTION	7	IMP-M3-5A5277EBFB-P036	LINKED_SAME_FILE
IMP-M3-5A5277EBFB-S031	IMP-M3-5A5277EBFB	MATH_ALLS-3/theory-of-differential-geometry-4.tex	L5272-L5327	SOLUTION	8	IMP-M3-5A5277EBFB-P037	LINKED_SAME_FILE
IMP-M3-5A5277EBFB-S032	IMP-M3-5A5277EBFB	MATH_ALLS-3/theory-of-differential-geometry-4.tex	L5336-L5356	SOLUTION	9	IMP-M3-5A5277EBFB-P038	LINKED_SAME_FILE
IMP-M3-AB2FCA292B-S001	IMP-M3-AB2FCA292B	MATH_ALLS-3/theory-of-linear-algebra-1.tex	L271-L335	SOLUTION	1	IMP-M3-AB2FCA292B-P001	LINKED_SAME_FILE
IMP-M3-AB2FCA292B-S002	IMP-M3-AB2FCA292B	MATH_ALLS-3/theory-of-linear-algebra-1.tex	L350-L390	SOLUTION	2	IMP-M3-AB2FCA292B-P001	LINKED_SAME_FILE
IMP-M3-AB2FCA292B-S003	IMP-M3-AB2FCA292B	MATH_ALLS-3/theory-of-linear-algebra-1.tex	L407-L475	SOLUTION	3	IMP-M3-AB2FCA292B-P001	LINKED_SAME_FILE
IMP-M3-AB2FCA292B-S004	IMP-M3-AB2FCA292B	MATH_ALLS-3/theory-of-linear-algebra-1.tex	L621-L672	SOLUTION	4	IMP-M3-AB2FCA292B-P001	LINKED_SAME_FILE
IMP-M3-AB2FCA292B-S005	IMP-M3-AB2FCA292B	MATH_ALLS-3/theory-of-linear-algebra-1.tex	L687-L739	SOLUTION	5	IMP-M3-AB2FCA292B-P001	LINKED_SAME_FILE
IMP-M3-AB2FCA292B-S006	IMP-M3-AB2FCA292B	MATH_ALLS-3/theory-of-linear-algebra-1.tex	L757-L809	SOLUTION	6	IMP-M3-AB2FCA292B-P001	LINKED_SAME_FILE
IMP-M3-AB2FCA292B-S007	IMP-M3-AB2FCA292B	MATH_ALLS-3/theory-of-linear-algebra-1.tex	L1204-L1247	SOLUTION	7	IMP-M3-AB2FCA292B-P001	LINKED_SAME_FILE
IMP-M3-AB2FCA292B-S008	IMP-M3-AB2FCA292B	MATH_ALLS-3/theory-of-linear-algebra-1.tex	L1260-L1291	SOLUTION	8	IMP-M3-AB2FCA292B-P001	LINKED_SAME_FILE
IMP-M3-AB2FCA292B-S009	IMP-M3-AB2FCA292B	MATH_ALLS-3/theory-of-linear-algebra-1.tex	L1297-L1327	SOLUTION	9	IMP-M3-AB2FCA292B-P001	LINKED_SAME_FILE
IMP-M3-AB2FCA292B-S010	IMP-M3-AB2FCA292B	MATH_ALLS-3/theory-of-linear-algebra-1.tex	L1338-L1357	SOLUTION	10	IMP-M3-AB2FCA292B-P001	LINKED_SAME_FILE
IMP-M3-AB2FCA292B-S011	IMP-M3-AB2FCA292B	MATH_ALLS-3/theory-of-linear-algebra-1.tex	L1379-L1406	SOLUTION	11	IMP-M3-AB2FCA292B-P001	LINKED_SAME_FILE
IMP-M3-AB2FCA292B-S012	IMP-M3-AB2FCA292B	MATH_ALLS-3/theory-of-linear-algebra-1.tex	L1418-L1442	SOLUTION	12	IMP-M3-AB2FCA292B-P001	LINKED_SAME_FILE
IMP-M3-AB2FCA292B-S013	IMP-M3-AB2FCA292B	MATH_ALLS-3/theory-of-linear-algebra-1.tex	L1612-L1657	SOLUTION	1	IMP-M3-AB2FCA292B-P002	LINKED_SAME_FILE
IMP-M3-AB2FCA292B-S014	IMP-M3-AB2FCA292B	MATH_ALLS-3/theory-of-linear-algebra-1.tex	L1667-L1690	SOLUTION	2	IMP-M3-AB2FCA292B-P003	LINKED_SAME_FILE
IMP-M3-AB2FCA292B-S015	IMP-M3-AB2FCA292B	MATH_ALLS-3/theory-of-linear-algebra-1.tex	L1691-L1716	SOLUTION	2	IMP-M3-AB2FCA292B-P003	LINKED_SAME_FILE
IMP-M3-AB2FCA292B-S016	IMP-M3-AB2FCA292B	MATH_ALLS-3/theory-of-linear-algebra-1.tex	L1738-L1765	SOLUTION	4	IMP-M3-AB2FCA292B-P004	LINKED_SAME_FILE
IMP-M3-AB2FCA292B-S017	IMP-M3-AB2FCA292B	MATH_ALLS-3/theory-of-linear-algebra-1.tex	L1840-L1892	SOLUTION	5	IMP-M3-AB2FCA292B-P005	LINKED_SAME_FILE
IMP-M3-AB2FCA292B-S018	IMP-M3-AB2FCA292B	MATH_ALLS-3/theory-of-linear-algebra-1.tex	L1893-L1921	SOLUTION	5	IMP-M3-AB2FCA292B-P005	LINKED_SAME_FILE
IMP-M3-AB2FCA292B-S019	IMP-M3-AB2FCA292B	MATH_ALLS-3/theory-of-linear-algebra-1.tex	L1934-L1965	SOLUTION	7	IMP-M3-AB2FCA292B-P006	LINKED_SAME_FILE
IMP-M3-AB2FCA292B-S020	IMP-M3-AB2FCA292B	MATH_ALLS-3/theory-of-linear-algebra-1.tex	L1966-L1980	SOLUTION	7	IMP-M3-AB2FCA292B-P006	LINKED_SAME_FILE
IMP-M3-AB2FCA292B-S021	IMP-M3-AB2FCA292B	MATH_ALLS-3/theory-of-linear-algebra-1.tex	L2105-L2132	SOLUTION	9	IMP-M3-AB2FCA292B-P007	LINKED_SAME_FILE
IMP-M3-AB2FCA292B-S022	IMP-M3-AB2FCA292B	MATH_ALLS-3/theory-of-linear-algebra-1.tex	L2153-L2168	SOLUTION	10	IMP-M3-AB2FCA292B-P008	LINKED_SAME_FILE
IMP-M3-AB2FCA292B-S023	IMP-M3-AB2FCA292B	MATH_ALLS-3/theory-of-linear-algebra-1.tex	L2177-L2197	SOLUTION	11	IMP-M3-AB2FCA292B-P009	LINKED_SAME_FILE
IMP-M3-AB2FCA292B-S024	IMP-M3-AB2FCA292B	MATH_ALLS-3/theory-of-linear-algebra-1.tex	L2210-L2221	SOLUTION	12	IMP-M3-AB2FCA292B-P010	LINKED_SAME_FILE
IMP-M3-AB2FCA292B-S025	IMP-M3-AB2FCA292B	MATH_ALLS-3/theory-of-linear-algebra-1.tex	L2324-L2378	SOLUTION	1	IMP-M3-AB2FCA292B-P011	LINKED_SAME_FILE
IMP-M3-AB2FCA292B-S026	IMP-M3-AB2FCA292B	MATH_ALLS-3/theory-of-linear-algebra-1.tex	L2385-L2396	SOLUTION	2	IMP-M3-AB2FCA292B-P012	LINKED_SAME_FILE
IMP-M3-AB2FCA292B-S027	IMP-M3-AB2FCA292B	MATH_ALLS-3/theory-of-linear-algebra-1.tex	L2402-L2407	SOLUTION	3	IMP-M3-AB2FCA292B-P013	LINKED_SAME_FILE
IMP-M3-AB2FCA292B-S028	IMP-M3-AB2FCA292B	MATH_ALLS-3/theory-of-linear-algebra-1.tex	L2413-L2437	SOLUTION	4	IMP-M3-AB2FCA292B-P014	LINKED_SAME_FILE
IMP-M3-AB2FCA292B-S029	IMP-M3-AB2FCA292B	MATH_ALLS-3/theory-of-linear-algebra-1.tex	L2446-L2455	SOLUTION	5	IMP-M3-AB2FCA292B-P015	LINKED_SAME_FILE
IMP-M3-AB2FCA292B-S030	IMP-M3-AB2FCA292B	MATH_ALLS-3/theory-of-linear-algebra-1.tex	L2467-L2489	SOLUTION	5	IMP-M3-AB2FCA292B-P015	LINKED_SAME_FILE
IMP-M3-AB2FCA292B-S031	IMP-M3-AB2FCA292B	MATH_ALLS-3/theory-of-linear-algebra-1.tex	L2726-L2760	SOLUTION	7	IMP-M3-AB2FCA292B-P025	LINKED_SAME_FILE
IMP-M3-AB2FCA292B-S032	IMP-M3-AB2FCA292B	MATH_ALLS-3/theory-of-linear-algebra-1.tex	L2767-L2793	SOLUTION	8	IMP-M3-AB2FCA292B-P026	LINKED_SAME_FILE
IMP-M3-AB2FCA292B-S033	IMP-M3-AB2FCA292B	MATH_ALLS-3/theory-of-linear-algebra-1.tex	L2800-L2824	SOLUTION	9	IMP-M3-AB2FCA292B-P027	LINKED_SAME_FILE
IMP-M3-AB2FCA292B-S034	IMP-M3-AB2FCA292B	MATH_ALLS-3/theory-of-linear-algebra-1.tex	L2833-L2866	SOLUTION	10	IMP-M3-AB2FCA292B-P028	LINKED_SAME_FILE
IMP-M3-AB2FCA292B-S035	IMP-M3-AB2FCA292B	MATH_ALLS-3/theory-of-linear-algebra-1.tex	L2991-L3012	SOLUTION	11	IMP-M3-AB2FCA292B-P028	LINKED_SAME_FILE
IMP-M3-AB2FCA292B-S036	IMP-M3-AB2FCA292B	MATH_ALLS-3/theory-of-linear-algebra-1.tex	L3013-L3035	SOLUTION	11	IMP-M3-AB2FCA292B-P028	LINKED_SAME_FILE
IMP-M3-AB2FCA292B-S037	IMP-M3-AB2FCA292B	MATH_ALLS-3/theory-of-linear-algebra-1.tex	L3036-L3046	SOLUTION	11	IMP-M3-AB2FCA292B-P028	LINKED_SAME_FILE
IMP-M3-AB2FCA292B-S038	IMP-M3-AB2FCA292B	MATH_ALLS-3/theory-of-linear-algebra-1.tex	L3054-L3069	SOLUTION	12	IMP-M3-AB2FCA292B-P028	LINKED_SAME_FILE
IMP-M3-AB2FCA292B-S039	IMP-M3-AB2FCA292B	MATH_ALLS-3/theory-of-linear-algebra-1.tex	L3085-L3100	SOLUTION	13	IMP-M3-AB2FCA292B-P028	LINKED_SAME_FILE
IMP-M3-AB2FCA292B-S040	IMP-M3-AB2FCA292B	MATH_ALLS-3/theory-of-linear-algebra-1.tex	L3107-L3119	SOLUTION		IMP-M3-AB2FCA292B-P028	LINKED_SAME_FILE
IMP-M3-AB2FCA292B-S041	IMP-M3-AB2FCA292B	MATH_ALLS-3/theory-of-linear-algebra-1.tex	L3126-L3156	SOLUTION		IMP-M3-AB2FCA292B-P028	LINKED_SAME_FILE
IMP-M3-AB2FCA292B-S042	IMP-M3-AB2FCA292B	MATH_ALLS-3/theory-of-linear-algebra-1.tex	L3162-L3167	SOLUTION		IMP-M3-AB2FCA292B-P028	LINKED_SAME_FILE
IMP-M3-AB2FCA292B-S043	IMP-M3-AB2FCA292B	MATH_ALLS-3/theory-of-linear-algebra-1.tex	L3173-L3194	SOLUTION	11	IMP-M3-AB2FCA292B-P029	LINKED_SAME_FILE
IMP-M3-AB2FCA292B-S044	IMP-M3-AB2FCA292B	MATH_ALLS-3/theory-of-linear-algebra-1.tex	L3195-L3217	SOLUTION	11	IMP-M3-AB2FCA292B-P029	LINKED_SAME_FILE
IMP-M3-AB2FCA292B-S045	IMP-M3-AB2FCA292B	MATH_ALLS-3/theory-of-linear-algebra-1.tex	L3218-L3228	SOLUTION	11	IMP-M3-AB2FCA292B-P029	LINKED_SAME_FILE
IMP-M3-AB2FCA292B-S046	IMP-M3-AB2FCA292B	MATH_ALLS-3/theory-of-linear-algebra-1.tex	L3236-L3251	SOLUTION	12	IMP-M3-AB2FCA292B-P030	LINKED_SAME_FILE
IMP-M3-AB2FCA292B-S047	IMP-M3-AB2FCA292B	MATH_ALLS-3/theory-of-linear-algebra-1.tex	L3267-L3282	SOLUTION	13	IMP-M3-AB2FCA292B-P031	LINKED_SAME_FILE
IMP-M3-AB2FCA292B-S048	IMP-M3-AB2FCA292B	MATH_ALLS-3/theory-of-linear-algebra-1.tex	L3289-L3301	SOLUTION		IMP-M3-AB2FCA292B-P031	LINKED_SAME_FILE
IMP-M3-AB2FCA292B-S049	IMP-M3-AB2FCA292B	MATH_ALLS-3/theory-of-linear-algebra-1.tex	L3308-L3338	SOLUTION		IMP-M3-AB2FCA292B-P031	LINKED_SAME_FILE
IMP-M3-AB2FCA292B-S050	IMP-M3-AB2FCA292B	MATH_ALLS-3/theory-of-linear-algebra-1.tex	L3344-L3348	SOLUTION		IMP-M3-AB2FCA292B-P031	LINKED_SAME_FILE
IMP-M3-AB2FCA292B-S051	IMP-M3-AB2FCA292B	MATH_ALLS-3/theory-of-linear-algebra-1.tex	L3481-L3529	SOLUTION	1	IMP-M3-AB2FCA292B-P032	LINKED_SAME_FILE
IMP-M3-AB2FCA292B-S052	IMP-M3-AB2FCA292B	MATH_ALLS-3/theory-of-linear-algebra-1.tex	L3544-L3599	SOLUTION	2	IMP-M3-AB2FCA292B-P033	LINKED_SAME_FILE
IMP-M3-AB2FCA292B-S053	IMP-M3-AB2FCA292B	MATH_ALLS-3/theory-of-linear-algebra-1.tex	L3600-L3634	SOLUTION	2	IMP-M3-AB2FCA292B-P033	LINKED_SAME_FILE
IMP-M3-AB2FCA292B-S054	IMP-M3-AB2FCA292B	MATH_ALLS-3/theory-of-linear-algebra-1.tex	L3645-L3662	SOLUTION	4	IMP-M3-AB2FCA292B-P034	LINKED_SAME_FILE
IMP-M3-AB2FCA292B-S055	IMP-M3-AB2FCA292B	MATH_ALLS-3/theory-of-linear-algebra-1.tex	L3679-L3722	SOLUTION	5	IMP-M3-AB2FCA292B-P035	LINKED_SAME_FILE
IMP-M3-AB2FCA292B-S056	IMP-M3-AB2FCA292B	MATH_ALLS-3/theory-of-linear-algebra-1.tex	L3991-L4049	SOLUTION	6	IMP-M3-AB2FCA292B-P036	LINKED_SAME_FILE
IMP-M3-AB2FCA292B-S057	IMP-M3-AB2FCA292B	MATH_ALLS-3/theory-of-linear-algebra-1.tex	L4061-L4096	SOLUTION	7	IMP-M3-AB2FCA292B-P037	LINKED_SAME_FILE
IMP-M3-AB2FCA292B-S058	IMP-M3-AB2FCA292B	MATH_ALLS-3/theory-of-linear-algebra-1.tex	L4106-L4138	SOLUTION	8	IMP-M3-AB2FCA292B-P038	LINKED_SAME_FILE
IMP-M3-AB2FCA292B-S059	IMP-M3-AB2FCA292B	MATH_ALLS-3/theory-of-linear-algebra-1.tex	L4164-L4267	SOLUTION	9	IMP-M3-AB2FCA292B-P039	LINKED_SAME_FILE
IMP-M3-AB2FCA292B-S060	IMP-M3-AB2FCA292B	MATH_ALLS-3/theory-of-linear-algebra-1.tex	L4573-L4612	SOLUTION	10	IMP-M3-AB2FCA292B-P040	LINKED_SAME_FILE
IMP-M3-AB2FCA292B-S061	IMP-M3-AB2FCA292B	MATH_ALLS-3/theory-of-linear-algebra-1.tex	L4613-L4616	SOLUTION	2	IMP-M3-AB2FCA292B-P040	LINKED_SAME_FILE
IMP-M3-AB2FCA292B-S062	IMP-M3-AB2FCA292B	MATH_ALLS-3/theory-of-linear-algebra-1.tex	L4623-L4639	SOLUTION	11	IMP-M3-AB2FCA292B-P041	LINKED_SAME_FILE
IMP-M3-AB2FCA292B-S063	IMP-M3-AB2FCA292B	MATH_ALLS-3/theory-of-linear-algebra-1.tex	L4648-L4675	SOLUTION	12	IMP-M3-AB2FCA292B-P042	LINKED_SAME_FILE
IMP-M3-89937139FC-S001	IMP-M3-89937139FC	MATH_ALLS-3/theory-of-linear-algebra-2.tex	L335-L347	SOLUTION	1	IMP-M3-89937139FC-P001	LINKED_SAME_FILE
IMP-M3-89937139FC-S002	IMP-M3-89937139FC	MATH_ALLS-3/theory-of-linear-algebra-2.tex	L361-L392	SOLUTION	2	IMP-M3-89937139FC-P002	LINKED_SAME_FILE
IMP-M3-89937139FC-S003	IMP-M3-89937139FC	MATH_ALLS-3/theory-of-linear-algebra-2.tex	L406-L448	SOLUTION	3	IMP-M3-89937139FC-P003	LINKED_SAME_FILE
IMP-M3-89937139FC-S004	IMP-M3-89937139FC	MATH_ALLS-3/theory-of-linear-algebra-2.tex	L449-L479	SOLUTION	3	IMP-M3-89937139FC-P003	LINKED_SAME_FILE
IMP-M3-89937139FC-S005	IMP-M3-89937139FC	MATH_ALLS-3/theory-of-linear-algebra-2.tex	L491-L530	SOLUTION	5	IMP-M3-89937139FC-P004	LINKED_SAME_FILE
IMP-M3-89937139FC-S006	IMP-M3-89937139FC	MATH_ALLS-3/theory-of-linear-algebra-2.tex	L538-L582	SOLUTION	6	IMP-M3-89937139FC-P005	LINKED_SAME_FILE
IMP-M3-89937139FC-S007	IMP-M3-89937139FC	MATH_ALLS-3/theory-of-linear-algebra-2.tex	L599-L666	SOLUTION	7	IMP-M3-89937139FC-P006	LINKED_SAME_FILE
IMP-M3-89937139FC-S008	IMP-M3-89937139FC	MATH_ALLS-3/theory-of-linear-algebra-2.tex	L697-L783	SOLUTION	8	IMP-M3-89937139FC-P007	LINKED_SAME_FILE
IMP-M3-89937139FC-S009	IMP-M3-89937139FC	MATH_ALLS-3/theory-of-linear-algebra-2.tex	L798-L858	SOLUTION	9	IMP-M3-89937139FC-P008	LINKED_SAME_FILE
IMP-M3-89937139FC-S010	IMP-M3-89937139FC	MATH_ALLS-3/theory-of-linear-algebra-2.tex	L875-L928	SOLUTION	10	IMP-M3-89937139FC-P009	LINKED_SAME_FILE
IMP-M3-89937139FC-S011	IMP-M3-89937139FC	MATH_ALLS-3/theory-of-linear-algebra-2.tex	L942-L971	SOLUTION	11	IMP-M3-89937139FC-P010	LINKED_SAME_FILE
IMP-M3-89937139FC-S012	IMP-M3-89937139FC	MATH_ALLS-3/theory-of-linear-algebra-2.tex	L990-L1032	SOLUTION	12	IMP-M3-89937139FC-P011	LINKED_SAME_FILE
IMP-M3-89937139FC-S013	IMP-M3-89937139FC	MATH_ALLS-3/theory-of-linear-algebra-2.tex	L1632-L1686	SOLUTION	1	IMP-M3-89937139FC-P012	LINKED_SAME_FILE
IMP-M3-89937139FC-S014	IMP-M3-89937139FC	MATH_ALLS-3/theory-of-linear-algebra-2.tex	L1703-L1753	SOLUTION	2	IMP-M3-89937139FC-P013	LINKED_SAME_FILE
IMP-M3-89937139FC-S015	IMP-M3-89937139FC	MATH_ALLS-3/theory-of-linear-algebra-2.tex	L1770-L1809	SOLUTION	3	IMP-M3-89937139FC-P014	LINKED_SAME_FILE
IMP-M3-89937139FC-S016	IMP-M3-89937139FC	MATH_ALLS-3/theory-of-linear-algebra-2.tex	L1815-L1822	SOLUTION	4	IMP-M3-89937139FC-P015	LINKED_SAME_FILE
IMP-M3-89937139FC-S017	IMP-M3-89937139FC	MATH_ALLS-3/theory-of-linear-algebra-2.tex	L1832-L1845	SOLUTION	5	IMP-M3-89937139FC-P016	LINKED_SAME_FILE
IMP-M3-89937139FC-S018	IMP-M3-89937139FC	MATH_ALLS-3/theory-of-linear-algebra-2.tex	L1868-L1903	SOLUTION	6	IMP-M3-89937139FC-P017	LINKED_SAME_FILE
IMP-M3-89937139FC-S019	IMP-M3-89937139FC	MATH_ALLS-3/theory-of-linear-algebra-2.tex	L1917-L1985	SOLUTION	7	IMP-M3-89937139FC-P018	LINKED_SAME_FILE
IMP-M3-89937139FC-S020	IMP-M3-89937139FC	MATH_ALLS-3/theory-of-linear-algebra-2.tex	L2007-L2098	SOLUTION	8	IMP-M3-89937139FC-P019	LINKED_SAME_FILE
IMP-M3-89937139FC-S021	IMP-M3-89937139FC	MATH_ALLS-3/theory-of-linear-algebra-2.tex	L2121-L2159	SOLUTION	10	IMP-M3-89937139FC-P020	LINKED_SAME_FILE
IMP-M3-89937139FC-S022	IMP-M3-89937139FC	MATH_ALLS-3/theory-of-linear-algebra-2.tex	L2167-L2179	SOLUTION	11	IMP-M3-89937139FC-P021	LINKED_SAME_FILE
IMP-M3-89937139FC-S023	IMP-M3-89937139FC	MATH_ALLS-3/theory-of-linear-algebra-2.tex	L2205-L2260	SOLUTION	12	IMP-M3-89937139FC-P022	LINKED_SAME_FILE
IMP-M3-89937139FC-S024	IMP-M3-89937139FC	MATH_ALLS-3/theory-of-linear-algebra-2.tex	L2261-L2306	SOLUTION	12	IMP-M3-89937139FC-P022	LINKED_SAME_FILE
IMP-M3-89937139FC-S025	IMP-M3-89937139FC	MATH_ALLS-3/theory-of-linear-algebra-2.tex	L2307-L2358	SOLUTION	12	IMP-M3-89937139FC-P022	LINKED_SAME_FILE
IMP-M3-89937139FC-S026	IMP-M3-89937139FC	MATH_ALLS-3/theory-of-linear-algebra-2.tex	L2359-L2419	SOLUTION	12	IMP-M3-89937139FC-P022	LINKED_SAME_FILE
IMP-M3-89937139FC-S027	IMP-M3-89937139FC	MATH_ALLS-3/theory-of-linear-algebra-2.tex	L2420-L2461	SOLUTION	12	IMP-M3-89937139FC-P022	LINKED_SAME_FILE
IMP-M3-89937139FC-S028	IMP-M3-89937139FC	MATH_ALLS-3/theory-of-linear-algebra-2.tex	L2462-L2496	SOLUTION	12	IMP-M3-89937139FC-P022	LINKED_SAME_FILE
IMP-M3-89937139FC-S029	IMP-M3-89937139FC	MATH_ALLS-3/theory-of-linear-algebra-2.tex	L2497-L2544	SOLUTION	12	IMP-M3-89937139FC-P022	LINKED_SAME_FILE
IMP-M3-89937139FC-S030	IMP-M3-89937139FC	MATH_ALLS-3/theory-of-linear-algebra-2.tex	L2562-L2620	SOLUTION	6	IMP-M3-89937139FC-P023	LINKED_SAME_FILE
IMP-M3-89937139FC-S031	IMP-M3-89937139FC	MATH_ALLS-3/theory-of-linear-algebra-2.tex	L2621-L2685	SOLUTION	6	IMP-M3-89937139FC-P023	LINKED_SAME_FILE
IMP-M3-89937139FC-S032	IMP-M3-89937139FC	MATH_ALLS-3/theory-of-linear-algebra-2.tex	L2686-L2771	SOLUTION	6	IMP-M3-89937139FC-P023	LINKED_SAME_FILE
IMP-M3-89937139FC-S033	IMP-M3-89937139FC	MATH_ALLS-3/theory-of-linear-algebra-2.tex	L2783-L2822	SOLUTION	7	IMP-M3-89937139FC-P024	LINKED_SAME_FILE
IMP-M3-89937139FC-S034	IMP-M3-89937139FC	MATH_ALLS-3/theory-of-linear-algebra-2.tex	L2834-L2863	SOLUTION	8	IMP-M3-89937139FC-P025	LINKED_SAME_FILE
IMP-M3-89937139FC-S035	IMP-M3-89937139FC	MATH_ALLS-3/theory-of-linear-algebra-2.tex	L2878-L2911	SOLUTION	9	IMP-M3-89937139FC-P026	LINKED_SAME_FILE
IMP-M3-89937139FC-S036	IMP-M3-89937139FC	MATH_ALLS-3/theory-of-linear-algebra-2.tex	L2935-L2982	SOLUTION	10	IMP-M3-89937139FC-P027	LINKED_SAME_FILE
IMP-M3-89937139FC-S037	IMP-M3-89937139FC	MATH_ALLS-3/theory-of-linear-algebra-2.tex	L2997-L3041	SOLUTION	11	IMP-M3-89937139FC-P028	LINKED_SAME_FILE
IMP-M3-89937139FC-S038	IMP-M3-89937139FC	MATH_ALLS-3/theory-of-linear-algebra-2.tex	L3062-L3154	SOLUTION	12	IMP-M3-89937139FC-P029	LINKED_SAME_FILE
IMP-M3-89937139FC-S039	IMP-M3-89937139FC	MATH_ALLS-3/theory-of-linear-algebra-2.tex	L3300-L3321	SOLUTION	1	IMP-M3-89937139FC-P030	LINKED_SAME_FILE
IMP-M3-89937139FC-S040	IMP-M3-89937139FC	MATH_ALLS-3/theory-of-linear-algebra-2.tex	L3334-L3381	SOLUTION	2	IMP-M3-89937139FC-P031	LINKED_SAME_FILE
IMP-M3-89937139FC-S041	IMP-M3-89937139FC	MATH_ALLS-3/theory-of-linear-algebra-2.tex	L3389-L3417	SOLUTION	3	IMP-M3-89937139FC-P032	LINKED_SAME_FILE
IMP-M3-89937139FC-S042	IMP-M3-89937139FC	MATH_ALLS-3/theory-of-linear-algebra-2.tex	L3432-L3482	SOLUTION	4	IMP-M3-89937139FC-P033	LINKED_SAME_FILE
IMP-M3-89937139FC-S043	IMP-M3-89937139FC	MATH_ALLS-3/theory-of-linear-algebra-2.tex	L3483-L3503	SOLUTION	4	IMP-M3-89937139FC-P033	LINKED_SAME_FILE
IMP-M3-89937139FC-S044	IMP-M3-89937139FC	MATH_ALLS-3/theory-of-linear-algebra-2.tex	L3522-L3591	SOLUTION	6	IMP-M3-89937139FC-P034	LINKED_SAME_FILE
IMP-M3-89937139FC-S045	IMP-M3-89937139FC	MATH_ALLS-3/theory-of-linear-algebra-2.tex	L3598-L3629	SOLUTION	7	IMP-M3-89937139FC-P035	LINKED_SAME_FILE
IMP-M3-89937139FC-S046	IMP-M3-89937139FC	MATH_ALLS-3/theory-of-linear-algebra-2.tex	L3648-L3675	SOLUTION	8	IMP-M3-89937139FC-P036	LINKED_SAME_FILE
IMP-M3-89937139FC-S047	IMP-M3-89937139FC	MATH_ALLS-3/theory-of-linear-algebra-2.tex	L3695-L3734	SOLUTION	9	IMP-M3-89937139FC-P037	LINKED_SAME_FILE
IMP-M3-89937139FC-S048	IMP-M3-89937139FC	MATH_ALLS-3/theory-of-linear-algebra-2.tex	L3748-L3770	SOLUTION	10	IMP-M3-89937139FC-P038	LINKED_SAME_FILE
IMP-M3-89937139FC-S049	IMP-M3-89937139FC	MATH_ALLS-3/theory-of-linear-algebra-2.tex	L3793-L3856	SOLUTION	11	IMP-M3-89937139FC-P039	LINKED_SAME_FILE
IMP-M3-89937139FC-S050	IMP-M3-89937139FC	MATH_ALLS-3/theory-of-linear-algebra-2.tex	L3868-L3894	SOLUTION	12	IMP-M3-89937139FC-P040	LINKED_SAME_FILE
IMP-M3-89937139FC-S051	IMP-M3-89937139FC	MATH_ALLS-3/theory-of-linear-algebra-2.tex	L3912-L3969	SOLUTION	13	IMP-M3-89937139FC-P041	LINKED_SAME_FILE
