statement_hash	semantic_problem_id	representative_problem_id	member_count	member_problem_ids	source_files	source_collections	problem_types	source_problem_numbers	aggregate_solution_ids	aggregate_hint_ids	solution_availability	review_status
0008ef0d286ce127e32913273e4da57d15aaec35943e40877d9dad15ee1fa956	SEM-0008EF0D286C	IMP-DL-E88547CF67-P012	2	IMP-DL-E88547CF67-P012;IMP-M2-80D8AED0FF-P012	Downloads/theory-of-geometry-3.tex;MATH-ALLS-2/theory-of-geometry-3.tex	Downloads;MATH-ALLS-2	PROBLEM_ITEM				NO	NEEDS_EDITORIAL_REVIEW
000c88a5e8038360ebaf5f0fc7d46dcdc9cc9d3ec068d53fd38e05d68824d48b	SEM-000C88A5E803	IMP-DL-38CE6DEB56-P028	2	IMP-DL-38CE6DEB56-P028;IMP-M3-D19BB3C803-P028	Downloads/theory-of-commutative-algebra-14.tex;MATH_ALLS-3/theory-of-commutative-algebra-14.tex	Downloads;MATH_ALLS-3	WORKED_EXAMPLE	25			NO	NEEDS_EDITORIAL_REVIEW
001139434cbb8bfa6fb027f298b593fdebe40b067bd7fa3ed8b55fd09dade454	SEM-001139434CBB	IMP-DL-E532B44856-P026	2	IMP-DL-E532B44856-P026;IMP-M2-C037D998D4-P026	Downloads/theory-of-analysis-functions-II.tex;MATH-ALLS-2/theory-of-analysis-functions-II.tex	Downloads;MATH-ALLS-2	EXERCISE	6(b)	IMP-DL-E532B44856-S010;IMP-M2-C037D998D4-S010		YES	NEEDS_EDITORIAL_REVIEW
001ffe81c93fbc771ce59c7a545d1b6baa3a82d715be391595a3acf105b5bebe	SEM-001FFE81C93F	IMP-DL-E12021E60A-R000451-001FFE81	1	IMP-DL-E12021E60A-R000451-001FFE81	Downloads/theory-of-algebraic-topology-17.tex	Downloads	PROBLEM	9			NO	NEEDS_EDITORIAL_REVIEW
00200fc0a52664ead686c514f17b4e131fd760bf0e5a63e774a925dfa3ff1357	SEM-00200FC0A526	IMP-DL-873C6F4098-P102	2	IMP-DL-873C6F4098-P102;IMP-M2-CFC28ED568-P102	Downloads/theory-of-analysis-II.tex;MATH-ALLS-2/theory-of-analysis-II.tex	Downloads;MATH-ALLS-2	PROBLEM	9			NO	NEEDS_EDITORIAL_REVIEW
00265911e68474c97ba6d8b23b298edfb33df8be80e2faf4288d1f2738a3e446	SEM-00265911E684	IMP-DL-0EB9CBD958-P036	2	IMP-DL-0EB9CBD958-P036;IMP-M2-F4C85D52DC-P036	Downloads/theory-of-geometry.tex;MATH-ALLS-2/theory-of-geometry.tex	Downloads;MATH-ALLS-2	PROBLEM	7	IMP-DL-0EB9CBD958-S013;IMP-M2-F4C85D52DC-S013		YES	NEEDS_EDITORIAL_REVIEW
0027864006af439e8d6d3306a78a0fed2b31d23ff1e9e0afb7941dd893fbc185	SEM-0027864006AF	IMP-DL-40BD8D3E26-R002958-00278640	2	IMP-DL-40BD8D3E26-R002958-00278640;IMP-M2-0384991A85-R002958-00278640	Downloads/theory-of-geometry-2.tex;MATH-ALLS-2/theory-of-geometry-2.tex	Downloads;MATH-ALLS-2	EXAMPLE	3			NO	NEEDS_EDITORIAL_REVIEW
003360ec8cb37eae4416305be90d0ad3227267be7edc112cc0631de0744f39d2	SEM-003360EC8CB3	IMP-DL-D4351A3BBD-P033	2	IMP-DL-D4351A3BBD-P033;IMP-M2-721AD91C7F-P033	Downloads/theory-of-geometry-IV.tex;MATH-ALLS-2/theory-of-geometry-IV.tex	Downloads;MATH-ALLS-2	PROBLEM	7	IMP-DL-D4351A3BBD-S009;IMP-M2-721AD91C7F-S009		YES	NEEDS_EDITORIAL_REVIEW
005a9be2a45a6f7006903d2bbbc92ed6016273ee20f51c4cb1653732d1ce3c6a	SEM-005A9BE2A45A	IMP-DL-592BD0798C-P024	2	IMP-DL-592BD0798C-P024;IMP-M3-1FB8799CDC-P024	Downloads/theory-of-commutative-algebra-8.tex;MATH_ALLS-3/theory-of-commutative-algebra-8.tex	Downloads;MATH_ALLS-3	WORKED_EXAMPLE	A			NO	NEEDS_EDITORIAL_REVIEW
00612a5aa777b801ef99e5db10a00eb17d50e03f620ecef855dcbd33ca7cc051	SEM-00612A5AA777	IMP-DL-3C59D9EE8B-P008	2	IMP-DL-3C59D9EE8B-P008;IMP-M3-D1A916E0DD-P008	Downloads/theory-of-commutative-algebra-5-professional-v2.tex;MATH_ALLS-3/theory-of-commutative-algebra-5-professional-v2.tex	Downloads;MATH_ALLS-3	PROBLEM_ITEM				NO	NEEDS_EDITORIAL_REVIEW
006d0fdcb8752ca44e765538752350f35ec67cb1e9d8e8e013c89e51873c5b39	SEM-006D0FDCB875	IMP-DL-3C59D9EE8B-P037	2	IMP-DL-3C59D9EE8B-P037;IMP-M3-D1A916E0DD-P037	Downloads/theory-of-commutative-algebra-5-professional-v2.tex;MATH_ALLS-3/theory-of-commutative-algebra-5-professional-v2.tex	Downloads;MATH_ALLS-3	PROBLEM_ITEM				NO	NEEDS_EDITORIAL_REVIEW
00717b18488fdb95ad8e6d8dd4ea69fdc649ef9d07829cbe98de656549a911e4	SEM-00717B18488F	IMP-DL-0E3E7EC766-R002385-00717B18	1	IMP-DL-0E3E7EC766-R002385-00717B18	Downloads/theory-of-algebraic-geometry-1.tex	Downloads	EXAMPLE	7			NO	NEEDS_EDITORIAL_REVIEW
007200b2ccb0f313280a4d2ebdde9b4ea790a173727d57242616e3b509a3ee8c	SEM-007200B2CCB0	IMP-DL-1068DBED71-P003	4	IMP-DL-1068DBED71-P003;IMP-DL-CAA415139D-P003;IMP-M3-F4E66B2919-P003;IMP-M3-FCB1647DD6-P003	Downloads/theory-of-commutative-algebra-10.tex;Downloads/theory-of-commutative-algebra-9.tex;MATH_ALLS-3/theory-of-commutative-algebra-10.tex;MATH_ALLS-3/theory-of-commutative-algebra-9.tex	Downloads;MATH_ALLS-3	WORKED_EXAMPLE				NO	NEEDS_EDITORIAL_REVIEW
0074c11b9eb3ac5c020742dd36cb537b9fe596f98bb9148963fa1e759d74dd74	SEM-0074C11B9EB3	IMP-DL-1068DBED71-P044	4	IMP-DL-1068DBED71-P044;IMP-DL-CAA415139D-P044;IMP-M3-F4E66B2919-P044;IMP-M3-FCB1647DD6-P044	Downloads/theory-of-commutative-algebra-10.tex;Downloads/theory-of-commutative-algebra-9.tex;MATH_ALLS-3/theory-of-commutative-algebra-10.tex;MATH_ALLS-3/theory-of-commutative-algebra-9.tex	Downloads;MATH_ALLS-3	WORKED_EXAMPLE	over			NO	NEEDS_EDITORIAL_REVIEW
0095f2d58de456371f71a74a7990dcd1e0877d56b34792b0ca806025cb31c9ea	SEM-0095F2D58DE4	IMP-DL-D6E9B3BC73-P004	2	IMP-DL-D6E9B3BC73-P004;IMP-M3-422B74F85F-P004	Downloads/theory-of-algebraic-topology-1.tex;MATH_ALLS-3/theory-of-algebraic-topology-1.tex	Downloads;MATH_ALLS-3	WORKED_EXAMPLE	3			NO	NEEDS_EDITORIAL_REVIEW
009fee5134d5eea646abd9e60be9c700d529bd351858aa250de6c94828f1671e	SEM-009FEE5134D5	IMP-DL-183AD43C4C-R000829-009FEE51	4	IMP-DL-183AD43C4C-R000829-009FEE51;IMP-DL-20E278E436-R000771-009FEE51;IMP-M2-1895C43FC6-R000829-009FEE51;IMP-M2-50B0B212DD-R000771-009FEE51	Downloads/merged_exercises_FULL_v2 (1).tex;Downloads/theory-of-real-analysis.tex;MATH-ALLS-2/merged_exercises_FULL_v2 (1).tex;MATH-ALLS-2/theory-of-real-analysis.tex	Downloads;MATH-ALLS-2	EXERCISE	5.1	IMP-DL-183AD43C4C-S018;IMP-DL-20E278E436-S018;IMP-M2-1895C43FC6-S018;IMP-M2-50B0B212DD-S018		YES	NEEDS_EDITORIAL_REVIEW
00ab997814ddd772e30cc40f4018bdb153aa5f9f4399f2bad326eeab5549a059	SEM-00AB997814DD	IMP-DL-2370D81D66-P025	2	IMP-DL-2370D81D66-P025;IMP-M2-D036BAB254-P025	Downloads/theory-of-analysis-FD.tex;MATH-ALLS-2/theory-of-analysis-FD.tex	Downloads;MATH-ALLS-2	EXERCISE_ITEM				NO	NEEDS_EDITORIAL_REVIEW
00abfb815554bcd8724302267a873ba866ef3435771594af48735d6a9dc2ae12	SEM-00ABFB815554	IMP-DL-A978FB3162-R004103-00ABFB81	1	IMP-DL-A978FB3162-R004103-00ABFB81	Downloads/theory-of-algebraic-topology-4.tex	Downloads	PROBLEM	5	IMP-DL-A978FB3162-S011		YES	NEEDS_EDITORIAL_REVIEW
00b03f59d1db1fe6893710085fccce79b6ea3b0868cd3119780e8a8d61a90070	SEM-00B03F59D1DB	IMP-DL-3C59D9EE8B-P093	6	IMP-DL-3C59D9EE8B-P093;IMP-DL-40E9B7EE44-R003250-00B03F59;IMP-DL-E1F1BB4192-R004333-00B03F59;IMP-M3-0D398C7F27-R004333-00B03F59;IMP-M3-17140B7F4C-R003250-00B03F59;IMP-M3-D1A916E0DD-P093	Downloads/theory-of-commutative-algebra-5-professional-v2.tex;Downloads/theory-of-commutative-algebra-5-professional.tex;Downloads/theory-of-commutative-algebra-5.tex;MATH_ALLS-3/theory-of-commutative-algebra-5-professional-v2.tex;MATH_ALLS-3/theory-of-commutative-algebra-5-professional.tex;MATH_ALLS-3/theory-of-commutative-algebra-5.tex	Downloads;MATH_ALLS-3	PROBLEM	17	IMP-DL-3C59D9EE8B-S021;IMP-DL-40E9B7EE44-S021;IMP-DL-E1F1BB4192-S020;IMP-M3-0D398C7F27-S020;IMP-M3-17140B7F4C-S021;IMP-M3-D1A916E0DD-S021		YES	NEEDS_EDITORIAL_REVIEW
00c13eaa3b0218dab11c9dee511ff04262d8a175278f7c45bbf2495ab0b3128f	SEM-00C13EAA3B02	IMP-DL-592BD0798C-P069	2	IMP-DL-592BD0798C-P069;IMP-M3-1FB8799CDC-P069	Downloads/theory-of-commutative-algebra-8.tex;MATH_ALLS-3/theory-of-commutative-algebra-8.tex	Downloads;MATH_ALLS-3	PROBLEM	13			NO	NEEDS_EDITORIAL_REVIEW
00cd3ead27412e4d6dc98ef078e0861d03638a435034d5a878de70cedd3c902d	SEM-00CD3EAD2741	IMP-DL-40BD8D3E26-P008	2	IMP-DL-40BD8D3E26-P008;IMP-M2-0384991A85-P008	Downloads/theory-of-geometry-2.tex;MATH-ALLS-2/theory-of-geometry-2.tex	Downloads;MATH-ALLS-2	WORKED_EXAMPLE	1			NO	NEEDS_EDITORIAL_REVIEW
00eed222e527cab8c48b40ae81be3a30b8ff1ce1d1671149b4fa489be2d649fb	SEM-00EED222E527	IMP-DL-3E276561C4-P005	2	IMP-DL-3E276561C4-P005;IMP-M3-AB2FCA292B-P005	Downloads/theory-of-linear-algebra-1.tex;MATH_ALLS-3/theory-of-linear-algebra-1.tex	Downloads;MATH_ALLS-3	PROBLEM	5	IMP-DL-3E276561C4-S017;IMP-DL-3E276561C4-S018;IMP-M3-AB2FCA292B-S017;IMP-M3-AB2FCA292B-S018		YES	NEEDS_EDITORIAL_REVIEW
00fd2b63105948f8dd9df858aead549e78c475adaffcd86cb74b2a11500225bd	SEM-00FD2B631059	IMP-DL-18BC6F795C-P003	1	IMP-DL-18BC6F795C-P003	Downloads/theory-of-algebraic-topology-9.tex	Downloads	WORKED_EXAMPLE	2			NO	NEEDS_EDITORIAL_REVIEW
01096e1bcf23f39fd9c46ebfc5129303c9e457c4bc7099b53c4b36ade0ee9043	SEM-01096E1BCF23	IMP-DL-B7E3C22557-SPR001699-01096E1B	1	IMP-DL-B7E3C22557-SPR001699-01096E1B	Downloads/theory-of-algebraic-geometry-6.tex	Downloads	EXAMPLE	4.			NO	NEEDS_EDITORIAL_REVIEW
010e6f50f941ad9588a8b6e389277e2195766b08e939a56658d04350c3c25088	SEM-010E6F50F941	IMP-DL-2370D81D66-P059	2	IMP-DL-2370D81D66-P059;IMP-M2-D036BAB254-P059	Downloads/theory-of-analysis-FD.tex;MATH-ALLS-2/theory-of-analysis-FD.tex	Downloads;MATH-ALLS-2	EXERCISE_ITEM				NO	NEEDS_EDITORIAL_REVIEW
011084af7dae93df71e276475f3c5c68309dcc2f58af754a65b22826bb0d711d	SEM-011084AF7DAE	IMP-DL-E4D9F7AB6B-PSR005515-011084AF	1	IMP-DL-E4D9F7AB6B-PSR005515-011084AF	Downloads/theory-of-algebraic-topology-13.tex	Downloads	EXAMPLE	7.			NO	NEEDS_EDITORIAL_REVIEW
01147102662484d10988c6449ad1a6e7cd0a2b82e8e3991bd6a07a3c2344d130	SEM-011471026624	IMP-DL-117191C0EC-P063	2	IMP-DL-117191C0EC-P063;IMP-M2-40A546CAA2-P063	Downloads/theory-of-analysis-topics.tex;MATH-ALLS-2/theory-of-analysis-topics.tex	Downloads;MATH-ALLS-2	PROBLEM	12			NO	NEEDS_EDITORIAL_REVIEW
0126d2057b4089c5ad8aeecb6447a2694e4253dbf3bdcecca8bb7b61c4383bec	SEM-0126D2057B40	IMP-DL-3C59D9EE8B-P107	2	IMP-DL-3C59D9EE8B-P107;IMP-M3-D1A916E0DD-P107	Downloads/theory-of-commutative-algebra-5-professional-v2.tex;MATH_ALLS-3/theory-of-commutative-algebra-5-professional-v2.tex	Downloads;MATH_ALLS-3	PROBLEM_ITEM				NO	NEEDS_EDITORIAL_REVIEW
0128cdaafd77b405605163d3e061b2fe802aacf6ded070d274f78b354b551751	SEM-0128CDAAFD77	IMP-DL-2370D81D66-P010	2	IMP-DL-2370D81D66-P010;IMP-M2-D036BAB254-P010	Downloads/theory-of-analysis-FD.tex;MATH-ALLS-2/theory-of-analysis-FD.tex	Downloads;MATH-ALLS-2	EXERCISE	1.6			NO	NEEDS_EDITORIAL_REVIEW
0167f814819c048a9a73298814e1b7b136f4cde36b7b7a59b00dfc32296cd8bd	SEM-0167F814819C	IMP-DL-183AD43C4C-R001387-0167F814	4	IMP-DL-183AD43C4C-R001387-0167F814;IMP-DL-20E278E436-R001329-0167F814;IMP-M2-1895C43FC6-R001387-0167F814;IMP-M2-50B0B212DD-R001329-0167F814	Downloads/merged_exercises_FULL_v2 (1).tex;Downloads/theory-of-real-analysis.tex;MATH-ALLS-2/merged_exercises_FULL_v2 (1).tex;MATH-ALLS-2/theory-of-real-analysis.tex	Downloads;MATH-ALLS-2	EXERCISE	6.3	IMP-DL-183AD43C4C-S034;IMP-DL-20E278E436-S034;IMP-M2-1895C43FC6-S034;IMP-M2-50B0B212DD-S034		YES	NEEDS_EDITORIAL_REVIEW
0193513113d9633b3ebd3f92522f7649b4596d45ba2cdd2ae84bb788b894ad31	SEM-0193513113D9	IMP-DL-B7E3C22557-P002	1	IMP-DL-B7E3C22557-P002	Downloads/theory-of-algebraic-geometry-6.tex	Downloads	PROBLEM	6.	IMP-DL-B7E3C22557-S002		YES	NEEDS_EDITORIAL_REVIEW
019743e84a39b544263e845ecd94fa098f5bca5176371d9d897ac5aa0e8095c9	SEM-019743E84A39	IMP-DL-2E134BF207-P018	1	IMP-DL-2E134BF207-P018	Downloads/theory-of-algebraic-topology-5.tex	Downloads	PROBLEM_ITEM				NO	NEEDS_EDITORIAL_REVIEW
01a65ef054e5c205c68ae19f5a3e1d679fff7d8d918699852978f07fe084ea16	SEM-01A65EF054E5	IMP-DL-3C59D9EE8B-P031	2	IMP-DL-3C59D9EE8B-P031;IMP-M3-D1A916E0DD-P031	Downloads/theory-of-commutative-algebra-5-professional-v2.tex;MATH_ALLS-3/theory-of-commutative-algebra-5-professional-v2.tex	Downloads;MATH_ALLS-3	PROBLEM_ITEM				NO	NEEDS_EDITORIAL_REVIEW
01b92b5abd6f9c2e87e1962cbe0e73cb05bae8e48dedeb18a35baacc7b65a1f7	SEM-01B92B5ABD6F	IMP-DL-D6E9B3BC73-P012	2	IMP-DL-D6E9B3BC73-P012;IMP-M3-422B74F85F-P012	Downloads/theory-of-algebraic-topology-1.tex;MATH_ALLS-3/theory-of-algebraic-topology-1.tex	Downloads;MATH_ALLS-3	WORKED_EXAMPLE	3.			NO	NEEDS_EDITORIAL_REVIEW
01e027f123b730fee749424fcf83b47f7d861539e341bcca2fa1ce2821797adb	SEM-01E027F123B7	IMP-DL-D27460A55B-F2R001813-01E027F1	1	IMP-DL-D27460A55B-F2R001813-01E027F1	Downloads/theory-of-algebraic-geometry-5.tex	Downloads	EXAMPLE	9			NO	NEEDS_EDITORIAL_REVIEW
01f475eccbe62d5b0f845c0b3d92e78c0fca8257f1994348cb5bf11299163715	SEM-01F475ECCBE6	IMP-DL-0E3E7EC766-P019	1	IMP-DL-0E3E7EC766-P019	Downloads/theory-of-algebraic-geometry-1.tex	Downloads	WORKED_EXAMPLE				NO	NEEDS_EDITORIAL_REVIEW
0206920a20addd17531e39561776672f1b302937c545a1ca0633f5460ea6c655	SEM-0206920A20AD	IMP-DL-2E134BF207-F2R003994-0206920A	1	IMP-DL-2E134BF207-F2R003994-0206920A	Downloads/theory-of-algebraic-topology-5.tex	Downloads	EXAMPLE	7			NO	NEEDS_EDITORIAL_REVIEW
0225913f5e63ca733d25513b3ec7110c5942c49ee610b66e3eb24a050ba2f914	SEM-0225913F5E63	IMP-DL-07D84009EA-P006	16	IMP-DL-07D84009EA-P006;IMP-DL-162DBE4483-P006;IMP-DL-183AD43C4C-P006;IMP-DL-20E278E436-P006;IMP-DL-68F65EDA24-P006;IMP-DL-890EB1F6EA-P006;IMP-DL-995E0CD19D-P006;IMP-DL-E69AEC0DA9-P006;IMP-M2-0EAC31ED0B-P006;IMP-M2-1403D223C9-P006;IMP-M2-1750FF4FF7-P006;IMP-M2-1895C43FC6-P006;IMP-M2-50B0B212DD-P006;IMP-M2-6D7FCEA253-P006;IMP-M2-9CEC4F97B5-P006;IMP-M2-BC23C57F39-P006	Downloads/merged_exercises_FULL_v2 (1).tex;Downloads/merged_exercises_FULL_v2.tex;Downloads/merged_exercises_corrected (1).tex;Downloads/merged_exercises_corrected (2).tex;Downloads/merged_exercises_corrected (3).tex;Downloads/merged_exercises_corrected (4).tex;Downloads/merged_exercises_corrected.tex;Downloads/theory-of-real-analysis.tex;MATH-ALLS-2/merged_exercises_FULL_v2 (1).tex;MATH-ALLS-2/merged_exercises_FULL_v2.tex;MATH-ALLS-2/merged_exercises_corrected (1).tex;MATH-ALLS-2/merged_exercises_corrected (2).tex;MATH-ALLS-2/merged_exercises_corrected (3).tex;MATH-ALLS-2/merged_exercises_corrected (4).tex;MATH-ALLS-2/merged_exercises_corrected.tex;MATH-ALLS-2/theory-of-real-analysis.tex	Downloads;MATH-ALLS-2	EXERCISE	1.7			NO	NEEDS_EDITORIAL_REVIEW
023e39d2420d01652637693cf5cd9ca15504ef429e906f3ceff76f8e6b0c143d	SEM-023E39D2420D	IMP-DL-EAE0F59552-P004	2	IMP-DL-EAE0F59552-P004;IMP-M2-7EA9DA1D72-P004	Downloads/theory-of-analysis-topology.tex;MATH-ALLS-2/theory-of-analysis-topology.tex	Downloads;MATH-ALLS-2	PROBLEM_ITEM				NO	NEEDS_EDITORIAL_REVIEW
0240a479f37a8302c9dac36afb945d68b37dc0fd12499dd15c90f7958eb4e275	SEM-0240A479F37A	IMP-DL-A978FB3162-P068	1	IMP-DL-A978FB3162-P068	Downloads/theory-of-algebraic-topology-4.tex	Downloads	PROBLEM_ITEM				NO	NEEDS_EDITORIAL_REVIEW
0244d6cd2fe4124f9198306ae82ef6d0ff59c8b5863dd59326fb8b2c67e5326f	SEM-0244D6CD2FE4	IMP-DL-3D2DB27534-P012	4	IMP-DL-3D2DB27534-P012;IMP-DL-5B1D955447-P012;IMP-M2-8108AF5CB9-P012;IMP-M2-AFF44384C1-P012	Downloads/merged_exercises (1).tex;Downloads/merged_exercises.tex;MATH-ALLS-2/merged_exercises (1).tex;MATH-ALLS-2/merged_exercises.tex	Downloads;MATH-ALLS-2	EXERCISE	2.6			NO	NEEDS_EDITORIAL_REVIEW
024e9fac7a76f3b8ccc60e19ee8444912c6a6e55c8c19298e7fa18cb51d3cb02	SEM-024E9FAC7A76	IMP-DL-D4351A3BBD-P036	2	IMP-DL-D4351A3BBD-P036;IMP-M2-721AD91C7F-P036	Downloads/theory-of-geometry-IV.tex;MATH-ALLS-2/theory-of-geometry-IV.tex	Downloads;MATH-ALLS-2	PROBLEM	statement	IMP-DL-D4351A3BBD-S014;IMP-M2-721AD91C7F-S014		YES	NEEDS_EDITORIAL_REVIEW
0266f0c0b5056fd9ad6ab16d8f5df1dccc34fd3c47f1b3dd57fc45c71378f565	SEM-0266F0C0B505	IMP-DL-35223EB1F7-P006	1	IMP-DL-35223EB1F7-P006	Downloads/theory-of-algebraic-topology-6.tex	Downloads	PROBLEM	6	IMP-DL-35223EB1F7-S001		YES	NEEDS_EDITORIAL_REVIEW
02673a002d614dcad8b06cc5392c20aa56c06be29bc98041000992a4ebe4e42a	SEM-02673A002D61	IMP-DL-627841AC75-SPR004834-02673A00	1	IMP-DL-627841AC75-SPR004834-02673A00	Downloads/theory-of-algebraic-topology-3.tex	Downloads	EXAMPLE				NO	NEEDS_EDITORIAL_REVIEW
02713ab2ddc2715037252985385d980dde4535716d50a48dd759512f0803ce69	SEM-02713AB2DDC2	IMP-DL-3C59D9EE8B-P002	6	IMP-DL-3C59D9EE8B-P002;IMP-DL-40E9B7EE44-P002;IMP-DL-E1F1BB4192-P002;IMP-M3-0D398C7F27-P002;IMP-M3-17140B7F4C-P002;IMP-M3-D1A916E0DD-P002	Downloads/theory-of-commutative-algebra-5-professional-v2.tex;Downloads/theory-of-commutative-algebra-5-professional.tex;Downloads/theory-of-commutative-algebra-5.tex;MATH_ALLS-3/theory-of-commutative-algebra-5-professional-v2.tex;MATH_ALLS-3/theory-of-commutative-algebra-5-professional.tex;MATH_ALLS-3/theory-of-commutative-algebra-5.tex	Downloads;MATH_ALLS-3	PROBLEM	4	IMP-DL-3C59D9EE8B-S005;IMP-DL-3C59D9EE8B-S006;IMP-DL-40E9B7EE44-S005;IMP-DL-40E9B7EE44-S006;IMP-DL-E1F1BB4192-S005;IMP-DL-E1F1BB4192-S006;IMP-M3-0D398C7F27-S005;IMP-M3-0D398C7F27-S006;IMP-M3-17140B7F4C-S005;IMP-M3-17140B7F4C-S006;IMP-M3-D1A916E0DD-S005;IMP-M3-D1A916E0DD-S006		YES	NEEDS_EDITORIAL_REVIEW
027578d41ad9d49088166c8a5227821572d3e18b2aab98d3cd4311b9b8d15b51	SEM-027578D41AD9	IMP-DL-A978FB3162-P021	1	IMP-DL-A978FB3162-P021	Downloads/theory-of-algebraic-topology-4.tex	Downloads	WORKED_EXAMPLE	3			NO	NEEDS_EDITORIAL_REVIEW
027b65568fd982a8d48da3ee8abd07421588ac5fe7493b38645d074dcaac4d30	SEM-027B65568FD9	IMP-DL-8D5CF4CFBA-PSR001105-027B6556	2	IMP-DL-8D5CF4CFBA-PSR001105-027B6556;IMP-M3-89937139FC-PSR001105-027B6556	Downloads/theory-of-linear-algebra-2.tex;MATH_ALLS-3/theory-of-linear-algebra-2.tex	Downloads;MATH_ALLS-3	PROBLEM	10			NO	NEEDS_EDITORIAL_REVIEW
0285d3d2ff57fea6981f9b9325ed5a5dd4908f78adb8c0fe896b259edc139e13	SEM-0285D3D2FF57	IMP-DL-11EDF39EA7-P041	2	IMP-DL-11EDF39EA7-P041;IMP-M2-68556E3D88-P041	Downloads/theory-of-analysis-FD2.tex;MATH-ALLS-2/theory-of-analysis-FD2.tex	Downloads;MATH-ALLS-2	EXERCISE_ITEM				NO	NEEDS_EDITORIAL_REVIEW
02c3ddaed08623d951324475024d98ef8073dfb031504a310e25b0b6fe18c2c7	SEM-02C3DDAED086	IMP-DL-0EB9CBD958-P039	2	IMP-DL-0EB9CBD958-P039;IMP-M2-F4C85D52DC-P039	Downloads/theory-of-geometry.tex;MATH-ALLS-2/theory-of-geometry.tex	Downloads;MATH-ALLS-2	WORKED_EXAMPLE				NO	NEEDS_EDITORIAL_REVIEW
02c42cec8a8386bf822ce2e717dcead484bebac4ede239d760aeeb8d55515600	SEM-02C42CEC8A83	IMP-DL-CB3C80FF97-P027	2	IMP-DL-CB3C80FF97-P027;IMP-M2-7B5A4788C1-P027	Downloads/theory-of-complex-analysis-topology.tex;MATH-ALLS-2/theory-of-complex-analysis-topology.tex	Downloads;MATH-ALLS-2	WORKED_EXAMPLE				NO	NEEDS_EDITORIAL_REVIEW
02fa0eac35042d44d9e9198a9eeade97a9866973f41753ea3e4f845781b64e13	SEM-02FA0EAC3504	IMP-DL-336732908A-P008	2	IMP-DL-336732908A-P008;IMP-M2-805F474A19-P008	Downloads/theory-of-complex-analysis-next.tex;MATH-ALLS-2/theory-of-complex-analysis-next.tex	Downloads;MATH-ALLS-2	WORKED_EXAMPLE	1			NO	NEEDS_EDITORIAL_REVIEW
02fc50867652fa462ef51c3375bf65c242bec5bb8150fe722668b747c941659f	SEM-02FC50867652	IMP-DL-AE41E61130-P002	2	IMP-DL-AE41E61130-P002;IMP-M2-22F064D6B8-P002	Downloads/exercise_4_solutions (1).tex;MATH-ALLS-2/exercise_4_solutions (1).tex	Downloads;MATH-ALLS-2	WORKED_EXAMPLE				NO	NEEDS_EDITORIAL_REVIEW
02fe386b962f1d325e2fff37123b4e6616552288e4d43aa1a61f6ffeee059816	SEM-02FE386B962F	IMP-DL-14663C23F1-P014	2	IMP-DL-14663C23F1-P014;IMP-M2-155017A9AF-P014	Downloads/theory-of-geometry-III.tex;MATH-ALLS-2/theory-of-geometry-III.tex	Downloads;MATH-ALLS-2	WORKED_EXAMPLE				NO	NEEDS_EDITORIAL_REVIEW
032842a6ab0af3d938a796f3a41d90a42582c7d8371e221d78b2f7c0cb56d405	SEM-032842A6AB0A	IMP-DL-4DEBE28720-P064	2	IMP-DL-4DEBE28720-P064;IMP-M3-8E395763C8-P064	Downloads/theory-of-commutative-algebra-13.tex;MATH_ALLS-3/theory-of-commutative-algebra-13.tex	Downloads;MATH_ALLS-3	WORKED_EXAMPLE	5			NO	NEEDS_EDITORIAL_REVIEW
034aa364ee137e75a0540f84437bff567ba1e510eb145a43f61387cad7df63f3	SEM-034AA364EE13	IMP-DL-8D5CF4CFBA-R003282-034AA364	2	IMP-DL-8D5CF4CFBA-R003282-034AA364;IMP-M3-89937139FC-R003282-034AA364	Downloads/theory-of-linear-algebra-2.tex;MATH_ALLS-3/theory-of-linear-algebra-2.tex	Downloads;MATH_ALLS-3	PROBLEM	12			NO	NEEDS_EDITORIAL_REVIEW
0354fd65024bd9566d4ceb7ce62e3bd98e8f59bddd910ddb39d38963eafbf213	SEM-0354FD65024B	IMP-DL-3C59D9EE8B-P100	2	IMP-DL-3C59D9EE8B-P100;IMP-M3-D1A916E0DD-P100	Downloads/theory-of-commutative-algebra-5-professional-v2.tex;MATH_ALLS-3/theory-of-commutative-algebra-5-professional-v2.tex	Downloads;MATH_ALLS-3	PROBLEM_ITEM				NO	NEEDS_EDITORIAL_REVIEW
03576857677b72020ad9bc188639c2eaacfad29dc1926555ae3c328d95a876fe	SEM-03576857677B	IMP-DL-3C59D9EE8B-P122	2	IMP-DL-3C59D9EE8B-P122;IMP-M3-D1A916E0DD-P122	Downloads/theory-of-commutative-algebra-5-professional-v2.tex;MATH_ALLS-3/theory-of-commutative-algebra-5-professional-v2.tex	Downloads;MATH_ALLS-3	PROBLEM_ITEM				NO	NEEDS_EDITORIAL_REVIEW
036b0a948ea3759cdab78842928ef4ad05f9804d9bb43dac56b6bf4510258410	SEM-036B0A948EA3	IMP-DL-1068DBED71-P054	4	IMP-DL-1068DBED71-P054;IMP-DL-CAA415139D-P054;IMP-M3-F4E66B2919-P054;IMP-M3-FCB1647DD6-P054	Downloads/theory-of-commutative-algebra-10.tex;Downloads/theory-of-commutative-algebra-9.tex;MATH_ALLS-3/theory-of-commutative-algebra-10.tex;MATH_ALLS-3/theory-of-commutative-algebra-9.tex	Downloads;MATH_ALLS-3	WORKED_EXAMPLE	6			NO	NEEDS_EDITORIAL_REVIEW
038308f568ce03537aeb2987d0693c539e5471d9656c3364e18f72f3c73c435a	SEM-038308F568CE	IMP-DL-A978FB3162-P083	1	IMP-DL-A978FB3162-P083	Downloads/theory-of-algebraic-topology-4.tex	Downloads	WORKED_EXAMPLE	2			NO	NEEDS_EDITORIAL_REVIEW
03a8ab95d315c4cb5d7e057416546683ae6cb2679f592349e690fb64e4f7b874	SEM-03A8AB95D315	IMP-DL-0E3E7EC766-P017	1	IMP-DL-0E3E7EC766-P017	Downloads/theory-of-algebraic-geometry-1.tex	Downloads	EXERCISE	5	IMP-DL-0E3E7EC766-S005		YES	NEEDS_EDITORIAL_REVIEW
03cc025e602b1afdf8ed38ac740fc9dcbf0e0403bf644436bcc53dca45e6bc35	SEM-03CC025E602B	IMP-DL-8016517B0A-P010	3	IMP-DL-8016517B0A-P010;IMP-M2-2B58694CBF-P010;IMP-M3-911366A7C5-P010	Downloads/theory-of-differential-geometry-1.tex;MATH-ALLS-2/theory-of-differential-geometry-1.tex;MATH_ALLS-3/theory-of-differential-geometry-1.tex	Downloads;MATH-ALLS-2;MATH_ALLS-3	PROBLEM_ITEM	Coordinate functions			NO	NEEDS_EDITORIAL_REVIEW
03e5a15b17e79d34e74401c457b113c782851a99d37a8bb7060aefc95c892426	SEM-03E5A15B17E7	IMP-DL-336732908A-P003	2	IMP-DL-336732908A-P003;IMP-M2-805F474A19-P003	Downloads/theory-of-complex-analysis-next.tex;MATH-ALLS-2/theory-of-complex-analysis-next.tex	Downloads;MATH-ALLS-2	WORKED_EXAMPLE				NO	NEEDS_EDITORIAL_REVIEW
03fd1a797aca1551a6fa6991b86179a290a4e70f9661dd49e1ee4ad907a7fd67	SEM-03FD1A797ACA	IMP-DL-183AD43C4C-R000880-03FD1A79	4	IMP-DL-183AD43C4C-R000880-03FD1A79;IMP-DL-20E278E436-R000822-03FD1A79;IMP-M2-1895C43FC6-R000880-03FD1A79;IMP-M2-50B0B212DD-R000822-03FD1A79	Downloads/merged_exercises_FULL_v2 (1).tex;Downloads/theory-of-real-analysis.tex;MATH-ALLS-2/merged_exercises_FULL_v2 (1).tex;MATH-ALLS-2/theory-of-real-analysis.tex	Downloads;MATH-ALLS-2	EXERCISE	5.4	IMP-DL-183AD43C4C-S021;IMP-DL-20E278E436-S021;IMP-M2-1895C43FC6-S021;IMP-M2-50B0B212DD-S021		YES	NEEDS_EDITORIAL_REVIEW
04355d8bbc84e125cadc99acc5c5b234d01760653f9c5d275571e516aee63ed7	SEM-04355D8BBC84	IMP-DL-D18914CBBD-P036	2	IMP-DL-D18914CBBD-P036;IMP-M3-78B3C1B707-P036	Downloads/theory-of-commutative-algebra-11.tex;MATH_ALLS-3/theory-of-commutative-algebra-11.tex	Downloads;MATH_ALLS-3	WORKED_EXAMPLE	2			NO	NEEDS_EDITORIAL_REVIEW
04458af8a5e5bcc5fc3628837fea3ffd4ed3c7c47ca50d5076601c40c841854d	SEM-04458AF8A5E5	IMP-DL-0E1AFE9FFD-P005	8	IMP-DL-0E1AFE9FFD-P005;IMP-DL-141F3478CC-P005;IMP-DL-AA5DDA8809-P005;IMP-DL-FB19C24E92-P005;IMP-M2-2BDEE85382-P005;IMP-M2-6F2E5F9B11-P005;IMP-M2-7785C781E9-P005;IMP-M2-F295E7C0B9-P005	Downloads/theory-of-complex-analysis-all-maps-all.tex;Downloads/theory-of-complex-analysis-all-maps-all2.tex;Downloads/theory-of-complex-analysis-all-maps.tex;Downloads/theory-of-complex-analysis-all.tex;MATH-ALLS-2/theory-of-complex-analysis-all-maps-all.tex;MATH-ALLS-2/theory-of-complex-analysis-all-maps-all2.tex;MATH-ALLS-2/theory-of-complex-analysis-all-maps.tex;MATH-ALLS-2/theory-of-complex-analysis-all.tex	Downloads;MATH-ALLS-2	PROBLEM_ITEM				NO	NEEDS_EDITORIAL_REVIEW
045b8141acb4b60090c841b1a9edc2d012b9775d0b17b009693416f37b3325e2	SEM-045B8141ACB4	IMP-DL-3190BA882C-P037	1	IMP-DL-3190BA882C-P037	Downloads/theory-of-commutative-algebra-15.tex	Downloads	WORKED_EXAMPLE				NO	NEEDS_EDITORIAL_REVIEW
045ef0b6bfd3074d992181e7a37d67096684f78788a28a1bb65da3e001c7e0a2	SEM-045EF0B6BFD3	IMP-DL-D18914CBBD-P043	2	IMP-DL-D18914CBBD-P043;IMP-M3-78B3C1B707-P043	Downloads/theory-of-commutative-algebra-11.tex;MATH_ALLS-3/theory-of-commutative-algebra-11.tex	Downloads;MATH_ALLS-3	WORKED_EXAMPLE	9			NO	NEEDS_EDITORIAL_REVIEW
04644c405e227dd2a196a35d6434db5217fe79b8e20b1d734d0c32cc24af5385	SEM-04644C405E22	IMP-DL-3C59D9EE8B-P131	2	IMP-DL-3C59D9EE8B-P131;IMP-M3-D1A916E0DD-P131	Downloads/theory-of-commutative-algebra-5-professional-v2.tex;MATH_ALLS-3/theory-of-commutative-algebra-5-professional-v2.tex	Downloads;MATH_ALLS-3	PROBLEM_ITEM				NO	NEEDS_EDITORIAL_REVIEW
04755865ae39430f36daee03d973bfb94238dce29d8a7ab8c31f8380cd289da1	SEM-04755865AE39	IMP-DL-2E134BF207-R000331-04755865	1	IMP-DL-2E134BF207-R000331-04755865	Downloads/theory-of-algebraic-topology-5.tex	Downloads	PROBLEM	statement			NO	NEEDS_EDITORIAL_REVIEW
04a4d2eba6b2b75dab5c0fa6cc2e09c9d098f633a4a304ee064b1c0a47cf5dc1	SEM-04A4D2EBA6B2	IMP-DL-9DE2876887-P002	2	IMP-DL-9DE2876887-P002;IMP-M2-11069D160E-P002	Downloads/theory-of-complex-analysis-series.tex;MATH-ALLS-2/theory-of-complex-analysis-series.tex	Downloads;MATH-ALLS-2	PROBLEM		IMP-DL-9DE2876887-S003;IMP-DL-9DE2876887-S004;IMP-M2-11069D160E-S003;IMP-M2-11069D160E-S004		YES	NEEDS_EDITORIAL_REVIEW
04c970504ec03dd7a72eef4d534be1793f7b329838ba63d7a79d8aeeacddfd3a	SEM-04C970504EC0	IMP-DL-0E3E7EC766-P002	1	IMP-DL-0E3E7EC766-P002	Downloads/theory-of-algebraic-geometry-1.tex	Downloads	PROBLEM	2	IMP-DL-0E3E7EC766-S002		YES	NEEDS_EDITORIAL_REVIEW
04d9aa5a6313eae3e2a1760c8cb2301213db0eb1542b4f2229605e7affc773de	SEM-04D9AA5A6313	IMP-DL-592BD0798C-P066	2	IMP-DL-592BD0798C-P066;IMP-M3-1FB8799CDC-P066	Downloads/theory-of-commutative-algebra-8.tex;MATH_ALLS-3/theory-of-commutative-algebra-8.tex	Downloads;MATH_ALLS-3	WORKED_EXAMPLE	7			NO	NEEDS_EDITORIAL_REVIEW
04e2dae0681e27b03d59213a01e9dfcea4bde1160a738e8995e038c9652cbdf4	SEM-04E2DAE0681E	IMP-DL-4DEBE28720-P086	2	IMP-DL-4DEBE28720-P086;IMP-M3-8E395763C8-P086	Downloads/theory-of-commutative-algebra-13.tex;MATH_ALLS-3/theory-of-commutative-algebra-13.tex	Downloads;MATH_ALLS-3	WORKED_EXAMPLE	18			NO	NEEDS_EDITORIAL_REVIEW
04fd8296fa12bcd90f1426c893a51e6b638b46b822d77c94b320c47617a26f60	SEM-04FD8296FA12	IMP-DL-592BD0798C-P010	2	IMP-DL-592BD0798C-P010;IMP-M3-1FB8799CDC-P010	Downloads/theory-of-commutative-algebra-8.tex;MATH_ALLS-3/theory-of-commutative-algebra-8.tex	Downloads;MATH_ALLS-3	WORKED_EXAMPLE	1			NO	NEEDS_EDITORIAL_REVIEW
0506bf5bd072be817988061e538116cf1c12b660a25c3a1c79290c2b10a61af5	SEM-0506BF5BD072	IMP-DL-4DEBE28720-P005	2	IMP-DL-4DEBE28720-P005;IMP-M3-8E395763C8-P005	Downloads/theory-of-commutative-algebra-13.tex;MATH_ALLS-3/theory-of-commutative-algebra-13.tex	Downloads;MATH_ALLS-3	WORKED_EXAMPLE				NO	NEEDS_EDITORIAL_REVIEW
0528991f7bbaeceaec6b38475a389355ee3f8573ca473794fe36ce4ee6db1292	SEM-0528991F7BBA	IMP-DL-35223EB1F7-P008	1	IMP-DL-35223EB1F7-P008	Downloads/theory-of-algebraic-topology-6.tex	Downloads	PROBLEM	8	IMP-DL-35223EB1F7-S004		YES	NEEDS_EDITORIAL_REVIEW
052f0120dbff5961d1808442323dddc29a97b35d21a57b43a8f1a5fded33bb2d	SEM-052F0120DBFF	IMP-DL-15679DEE8D-P009	6	IMP-DL-15679DEE8D-P009;IMP-DL-3CA1CB77F7-P009;IMP-DL-E0A96454A5-P009;IMP-M2-1D2863B81A-P009;IMP-M2-D47CB97304-P009;IMP-M2-F08D4144EA-P009	Downloads/theory-of-analysis - Copy.tex;Downloads/theory-of-analysis-numbers.tex;Downloads/theory-of-analysis.tex;MATH-ALLS-2/theory-of-analysis - Copy.tex;MATH-ALLS-2/theory-of-analysis-numbers.tex;MATH-ALLS-2/theory-of-analysis.tex	Downloads;MATH-ALLS-2	PROBLEM	10			NO	NEEDS_EDITORIAL_REVIEW
053bcfcaa511a49c2396dcc56afa74d0e03703a1d524c05bc31381ab4df95990	SEM-053BCFCAA511	IMP-DL-0E3E7EC766-P001	1	IMP-DL-0E3E7EC766-P001	Downloads/theory-of-algebraic-geometry-1.tex	Downloads	PROBLEM	1	IMP-DL-0E3E7EC766-S001		YES	NEEDS_EDITORIAL_REVIEW
053e9e0ffcaaadb30617727fa07fd52c96a580c3bec775825591687b52882690	SEM-053E9E0FFCAA	IMP-DL-F77C60E8D1-P007	2	IMP-DL-F77C60E8D1-P007;IMP-M2-09C070ED26-P007	Downloads/theory-of-complex-analysis-next2.tex;MATH-ALLS-2/theory-of-complex-analysis-next2.tex	Downloads;MATH-ALLS-2	PROBLEM_ITEM	(ii)			NO	NEEDS_EDITORIAL_REVIEW
0547e7a0734e08bbb45ea59b066b48f487e64ec7dc299524ac8d2fd96f2e2435	SEM-0547E7A0734E	IMP-DL-98972A6B93-P016	2	IMP-DL-98972A6B93-P016;IMP-M2-355EA0996F-P016	Downloads/theory-of-geometry-II.tex;MATH-ALLS-2/theory-of-geometry-II.tex	Downloads;MATH-ALLS-2	PROBLEM_ITEM				NO	NEEDS_EDITORIAL_REVIEW
0547f77cea84d8f638da01d580083a003235327bb8689d072ea9870cfbe34879	SEM-0547F77CEA84	IMP-DL-2E134BF207-P045	1	IMP-DL-2E134BF207-P045	Downloads/theory-of-algebraic-topology-5.tex	Downloads	PROBLEM_ITEM				NO	NEEDS_EDITORIAL_REVIEW
055e12cbc4e4524812b90b1151f91d9764c6d2ae8cec3eed0dd196f2344624ed	SEM-055E12CBC4E4	IMP-DL-A470D9BACB-P018	2	IMP-DL-A470D9BACB-P018;IMP-M2-2850FB9A8A-P018	Downloads/theory-of-geometry-1.tex;MATH-ALLS-2/theory-of-geometry-1.tex	Downloads;MATH-ALLS-2	WORKED_EXAMPLE				NO	NEEDS_EDITORIAL_REVIEW
056dbf30ab991ef43508429e151c72500b3064fde9d85fd870fcb126bd013d31	SEM-056DBF30AB99	IMP-DL-E0B80C696E-P002	1	IMP-DL-E0B80C696E-P002	Downloads/theory-of-algebraic-topology-7.tex	Downloads	WORKED_EXAMPLE				NO	NEEDS_EDITORIAL_REVIEW
056ed6b59e976e1222dcaac0676b278b9ce37443c08c44f20d035930cca2c7ae	SEM-056ED6B59E97	IMP-DL-38CE6DEB56-P042	2	IMP-DL-38CE6DEB56-P042;IMP-M3-D19BB3C803-P042	Downloads/theory-of-commutative-algebra-14.tex;MATH_ALLS-3/theory-of-commutative-algebra-14.tex	Downloads;MATH_ALLS-3	EXERCISE	10	IMP-DL-38CE6DEB56-S010;IMP-M3-D19BB3C803-S010		YES	NEEDS_EDITORIAL_REVIEW
058201661f0cc0a02d0162782897aab7f1fde84dc84a6b1f32f53e65456bf47d	SEM-058201661F0C	IMP-DL-3C59D9EE8B-P042	2	IMP-DL-3C59D9EE8B-P042;IMP-M3-D1A916E0DD-P042	Downloads/theory-of-commutative-algebra-5-professional-v2.tex;MATH_ALLS-3/theory-of-commutative-algebra-5-professional-v2.tex	Downloads;MATH_ALLS-3	PROBLEM_ITEM				NO	NEEDS_EDITORIAL_REVIEW
058acdc7513a03ff5aa8eed201dba5a6663936dca40323215f4dc14ddd66084a	SEM-058ACDC7513A	IMP-DL-D27460A55B-F2R001589-058ACDC7	1	IMP-DL-D27460A55B-F2R001589-058ACDC7	Downloads/theory-of-algebraic-geometry-5.tex	Downloads	EXAMPLE	4	IMP-DL-D27460A55B-S003		YES	NEEDS_EDITORIAL_REVIEW
05b11993d492ea3f785314645271d6cc9c343cea8783f20925f1791bfb4beb86	SEM-05B11993D492	IMP-DL-12C1A20716-P017	1	IMP-DL-12C1A20716-P017	Downloads/theory-of-algebraic-topology-10.tex	Downloads	PROBLEM_ITEM				NO	NEEDS_EDITORIAL_REVIEW
05b5aa0101011d615698f66440258b8f00918f6207612b5c03019843efea0708	SEM-05B5AA010101	IMP-DL-A978FB3162-P029	1	IMP-DL-A978FB3162-P029	Downloads/theory-of-algebraic-topology-4.tex	Downloads	PROBLEM_ITEM				NO	NEEDS_EDITORIAL_REVIEW
05dc78f07787e519fb0557fd2363183fe1331ecd6bc59908b99cddbed09dc1aa	SEM-05DC78F07787	IMP-DL-0EB9CBD958-P022	2	IMP-DL-0EB9CBD958-P022;IMP-M2-F4C85D52DC-P022	Downloads/theory-of-geometry.tex;MATH-ALLS-2/theory-of-geometry.tex	Downloads;MATH-ALLS-2	PROBLEM_ITEM				NO	NEEDS_EDITORIAL_REVIEW
05ed0f066be4fce0229014bd92448766c8a9eccf8f60e1a4a2e6c6d5a7579f9b	SEM-05ED0F066BE4	IMP-DL-8016517B0A-P023	3	IMP-DL-8016517B0A-P023;IMP-M2-2B58694CBF-P023;IMP-M3-911366A7C5-P023	Downloads/theory-of-differential-geometry-1.tex;MATH-ALLS-2/theory-of-differential-geometry-1.tex;MATH_ALLS-3/theory-of-differential-geometry-1.tex	Downloads;MATH-ALLS-2;MATH_ALLS-3	PROBLEM_ITEM	Chart-change factorization			NO	NEEDS_EDITORIAL_REVIEW
05ede274bf75172de309576687f8a000a3363155d7ddf659fd1c63f4990b08c0	SEM-05EDE274BF75	IMP-DL-D6E9B3BC73-P017	2	IMP-DL-D6E9B3BC73-P017;IMP-M3-422B74F85F-P017	Downloads/theory-of-algebraic-topology-1.tex;MATH_ALLS-3/theory-of-algebraic-topology-1.tex	Downloads;MATH_ALLS-3	WORKED_EXAMPLE	4.			NO	NEEDS_EDITORIAL_REVIEW
06242d7a1c4d85c1f4e1b282be3a4f75f49a755dd549a7179eb661cdc1caed7d	SEM-06242D7A1C4D	IMP-DL-14663C23F1-R001264-06242D7A	2	IMP-DL-14663C23F1-R001264-06242D7A;IMP-M2-155017A9AF-R001264-06242D7A	Downloads/theory-of-geometry-III.tex;MATH-ALLS-2/theory-of-geometry-III.tex	Downloads;MATH-ALLS-2	PROBLEM	7			NO	NEEDS_EDITORIAL_REVIEW
0642778bafcf32119c1dc8638e7242d7d8f66be651b630eb8a6f8090b31545a0	SEM-0642778BAFCF	IMP-DL-A11279CC33-P010	2	IMP-DL-A11279CC33-P010;IMP-M3-73E0197CF3-P010	Downloads/theory-of-commutative-algebra-6.tex;MATH_ALLS-3/theory-of-commutative-algebra-6.tex	Downloads;MATH_ALLS-3	WORKED_EXAMPLE				NO	NEEDS_EDITORIAL_REVIEW
0660f650c30ebc64e957b5fd6b70a51e646d817d5cc071bf64f31c6c70c125ee	SEM-0660F650C30E	IMP-DL-117191C0EC-P058	2	IMP-DL-117191C0EC-P058;IMP-M2-40A546CAA2-P058	Downloads/theory-of-analysis-topics.tex;MATH-ALLS-2/theory-of-analysis-topics.tex	Downloads;MATH-ALLS-2	PROBLEM	7			NO	NEEDS_EDITORIAL_REVIEW
06644c24ced2106c4aecc3bccdc947633310b48ad5387b661faf328a114b2909	SEM-06644C24CED2	IMP-DL-0AC5ADA26C-P022	1	IMP-DL-0AC5ADA26C-P022	Downloads/theory-of-algebraic-topology-8.tex	Downloads	WORKED_EXAMPLE	1			NO	NEEDS_EDITORIAL_REVIEW
066699ce02e7938ec333fd8dfe45eee717db06a8fefae5718271450a3c64e7d2	SEM-066699CE02E7	IMP-DL-592BD0798C-P027	2	IMP-DL-592BD0798C-P027;IMP-M3-1FB8799CDC-P027	Downloads/theory-of-commutative-algebra-8.tex;MATH_ALLS-3/theory-of-commutative-algebra-8.tex	Downloads;MATH_ALLS-3	WORKED_EXAMPLE	2			NO	NEEDS_EDITORIAL_REVIEW
069ed4909da4d03a1895ac923519f3a58215345907551b37de85dd4b34d5fafc	SEM-069ED4909DA4	IMP-DL-D148B51FB7-P035	2	IMP-DL-D148B51FB7-P035;IMP-M3-5A5277EBFB-P035	Downloads/theory-of-differential-geometry-4.tex;MATH_ALLS-3/theory-of-differential-geometry-4.tex	Downloads;MATH_ALLS-3	PROBLEM	6	IMP-DL-D148B51FB7-S029;IMP-M3-5A5277EBFB-S029		YES	NEEDS_EDITORIAL_REVIEW
06a3308c595aa2669811545f7162c6c462e2a5f31a39081ecfbd612a0910fe4f	SEM-06A3308C595A	IMP-DL-2E134BF207-P030	1	IMP-DL-2E134BF207-P030	Downloads/theory-of-algebraic-topology-5.tex	Downloads	PROBLEM_ITEM				NO	NEEDS_EDITORIAL_REVIEW
06a7c1be43f71b1c21add8d9d21db18d7ac71eebea8449dc1f835078f83e8e88	SEM-06A7C1BE43F7	IMP-DL-0B4CC237FA-SPR002306-06A7C1BE	1	IMP-DL-0B4CC237FA-SPR002306-06A7C1BE	Downloads/theory-of-algebraic-geometry-3.tex	Downloads	EXAMPLE	6.			NO	NEEDS_EDITORIAL_REVIEW
06ac27daa620ed9f577c3e345633f153d185596d6b0f3ee41d3554f2d21b2746	SEM-06AC27DAA620	IMP-DL-A470D9BACB-R001606-06AC27DA	2	IMP-DL-A470D9BACB-R001606-06AC27DA;IMP-M2-2850FB9A8A-R001606-06AC27DA	Downloads/theory-of-geometry-1.tex;MATH-ALLS-2/theory-of-geometry-1.tex	Downloads;MATH-ALLS-2	PROBLEM	11			NO	NEEDS_EDITORIAL_REVIEW
06b8b1e5053e79a443600f14deafd004ee6b96f609eb5394ac556e6fdb5b678a	SEM-06B8B1E5053E	IMP-DL-D4351A3BBD-P009	2	IMP-DL-D4351A3BBD-P009;IMP-M2-721AD91C7F-P009	Downloads/theory-of-geometry-IV.tex;MATH-ALLS-2/theory-of-geometry-IV.tex	Downloads;MATH-ALLS-2	PROBLEM_ITEM				NO	NEEDS_EDITORIAL_REVIEW
06e06380540c53fd2a78adbde5814c7a6fb24c1971ff1aec706c5375b8366628	SEM-06E06380540C	IMP-DL-4DEBE28720-P060	2	IMP-DL-4DEBE28720-P060;IMP-M3-8E395763C8-P060	Downloads/theory-of-commutative-algebra-13.tex;MATH_ALLS-3/theory-of-commutative-algebra-13.tex	Downloads;MATH_ALLS-3	WORKED_EXAMPLE	1			NO	NEEDS_EDITORIAL_REVIEW
06ea7c1f102d70f55ee4872d9a43065ec965014e3e273f203338b95eb653ff03	SEM-06EA7C1F102D	IMP-DL-873C6F4098-P005	2	IMP-DL-873C6F4098-P005;IMP-M2-CFC28ED568-P005	Downloads/theory-of-analysis-II.tex;MATH-ALLS-2/theory-of-analysis-II.tex	Downloads;MATH-ALLS-2	PROBLEM	5			NO	NEEDS_EDITORIAL_REVIEW
07044fe669ba60080e90a0a8d104d6ddbd5717381186561a66fc647bfe8e64fb	SEM-07044FE669BA	IMP-DL-6447F1B120-PSR004179-07044FE6	1	IMP-DL-6447F1B120-PSR004179-07044FE6	Downloads/theory-of-algebraic-topology-11.tex	Downloads	EXAMPLE	4.			NO	NEEDS_EDITORIAL_REVIEW
0742b8c348e5f359a64207d76346928a83add64c7e0de741f5dcd2f16dfb067e	SEM-0742B8C348E5	IMP-DL-0AC5ADA26C-P025	1	IMP-DL-0AC5ADA26C-P025	Downloads/theory-of-algebraic-topology-8.tex	Downloads	WORKED_EXAMPLE	1			NO	NEEDS_EDITORIAL_REVIEW
07431c44db28bd1f9b0a2d5300a5d4afc3af095723cb3a79391e98e58e4f6c18	SEM-07431C44DB28	IMP-DL-CB3C80FF97-P005	2	IMP-DL-CB3C80FF97-P005;IMP-M2-7B5A4788C1-P005	Downloads/theory-of-complex-analysis-topology.tex;MATH-ALLS-2/theory-of-complex-analysis-topology.tex	Downloads;MATH-ALLS-2	PROBLEM		IMP-DL-CB3C80FF97-S007;IMP-M2-7B5A4788C1-S007		YES	NEEDS_EDITORIAL_REVIEW
0758db1f1384731193add92c93ec8f27fdf4a7ab15aa73366e842d9a1812b978	SEM-0758DB1F1384	IMP-DL-2E134BF207-F2R003972-0758DB1F	1	IMP-DL-2E134BF207-F2R003972-0758DB1F	Downloads/theory-of-algebraic-topology-5.tex	Downloads	EXAMPLE	6			NO	NEEDS_EDITORIAL_REVIEW
076bc141669698f2782a588e61fb4bb0a0fd3d1ad59412e64197c771193a5c6d	SEM-076BC1416696	IMP-DL-0EB9CBD958-P023	2	IMP-DL-0EB9CBD958-P023;IMP-M2-F4C85D52DC-P023	Downloads/theory-of-geometry.tex;MATH-ALLS-2/theory-of-geometry.tex	Downloads;MATH-ALLS-2	PROBLEM_ITEM				NO	NEEDS_EDITORIAL_REVIEW
077afbe744c74794d99c377e51ceebbf5899b93401047c1141853aa74b9fe444	SEM-077AFBE744C7	IMP-DL-E12021E60A-P015	1	IMP-DL-E12021E60A-P015	Downloads/theory-of-algebraic-topology-17.tex	Downloads	WORKED_EXAMPLE	9.6			NO	NEEDS_EDITORIAL_REVIEW
079208aaa87bb4e0bad24cca62520dd020f9aebfc90a8c2ca16b5774e068df12	SEM-079208AAA87B	IMP-DL-0EB9CBD958-P018	2	IMP-DL-0EB9CBD958-P018;IMP-M2-F4C85D52DC-P018	Downloads/theory-of-geometry.tex;MATH-ALLS-2/theory-of-geometry.tex	Downloads;MATH-ALLS-2	PROBLEM_ITEM				NO	NEEDS_EDITORIAL_REVIEW
07a787f3b8f7e682d9e474b0a805184493f54f1b422f7799ff7d8595a1d535c7	SEM-07A787F3B8F7	IMP-DL-98972A6B93-P043	2	IMP-DL-98972A6B93-P043;IMP-M2-355EA0996F-P043	Downloads/theory-of-geometry-II.tex;MATH-ALLS-2/theory-of-geometry-II.tex	Downloads;MATH-ALLS-2	PROBLEM	1	IMP-DL-98972A6B93-S005;IMP-M2-355EA0996F-S005		YES	NEEDS_EDITORIAL_REVIEW
07ae3f445233ac858a2921c91d78be6e301e06139ec321fc587ca0d8321c3ccc	SEM-07AE3F445233	IMP-DL-873C6F4098-P061	2	IMP-DL-873C6F4098-P061;IMP-M2-CFC28ED568-P061	Downloads/theory-of-analysis-II.tex;MATH-ALLS-2/theory-of-analysis-II.tex	Downloads;MATH-ALLS-2	PROBLEM_ITEM				NO	NEEDS_EDITORIAL_REVIEW
07bc84f718eee16749c52b077aa02ab07ffe80d6084038175da4a7ff56fa24fb	SEM-07BC84F718EE	IMP-DL-3C59D9EE8B-P051	2	IMP-DL-3C59D9EE8B-P051;IMP-M3-D1A916E0DD-P051	Downloads/theory-of-commutative-algebra-5-professional-v2.tex;MATH_ALLS-3/theory-of-commutative-algebra-5-professional-v2.tex	Downloads;MATH_ALLS-3	PROBLEM_ITEM				NO	NEEDS_EDITORIAL_REVIEW
07c4e438830304303e40bccda1be0a4e7fa2126c38529ed169100eef02f7bc5c	SEM-07C4E4388303	IMP-DL-4DEBE28720-P012	2	IMP-DL-4DEBE28720-P012;IMP-M3-8E395763C8-P012	Downloads/theory-of-commutative-algebra-13.tex;MATH_ALLS-3/theory-of-commutative-algebra-13.tex	Downloads;MATH_ALLS-3	WORKED_EXAMPLE				NO	NEEDS_EDITORIAL_REVIEW
07cd3836a842aca7b2abe9ea2c77c52403bf395fd609cf1d241a29402bf2df2e	SEM-07CD3836A842	IMP-DL-A11279CC33-P025	2	IMP-DL-A11279CC33-P025;IMP-M3-73E0197CF3-P025	Downloads/theory-of-commutative-algebra-6.tex;MATH_ALLS-3/theory-of-commutative-algebra-6.tex	Downloads;MATH_ALLS-3	WORKED_EXAMPLE	1			NO	NEEDS_EDITORIAL_REVIEW
07e9eebabba43ce41d05e9d5944f6ce9675cf28f8d75103c4ca17d6b15428d5c	SEM-07E9EEBABBA4	IMP-DL-3C59D9EE8B-P049	2	IMP-DL-3C59D9EE8B-P049;IMP-M3-D1A916E0DD-P049	Downloads/theory-of-commutative-algebra-5-professional-v2.tex;MATH_ALLS-3/theory-of-commutative-algebra-5-professional-v2.tex	Downloads;MATH_ALLS-3	PROBLEM_ITEM				NO	NEEDS_EDITORIAL_REVIEW
07f0e33916a1cdb7a133a8771109101fe3850d66151e2f70f3722dafd87d7cb3	SEM-07F0E33916A1	IMP-DL-3E276561C4-P006	2	IMP-DL-3E276561C4-P006;IMP-M3-AB2FCA292B-P006	Downloads/theory-of-linear-algebra-1.tex;MATH_ALLS-3/theory-of-linear-algebra-1.tex	Downloads;MATH_ALLS-3	PROBLEM	7	IMP-DL-3E276561C4-S019;IMP-DL-3E276561C4-S020;IMP-M3-AB2FCA292B-S019;IMP-M3-AB2FCA292B-S020		YES	NEEDS_EDITORIAL_REVIEW
07f26297274592a44e990509cc25d0b58ea13749c7fb420df2f38005d646b194	SEM-07F262972745	IMP-DL-887B7B83F4-P010	1	IMP-DL-887B7B83F4-P010	Downloads/sheaves_notes_reorganized.tex	Downloads	WORKED_EXAMPLE				NO	NEEDS_EDITORIAL_REVIEW
07f444f1c044a0962cd8569f0e485463049cbdbb3e1bac1a5eca96fa23f86bd6	SEM-07F444F1C044	IMP-DL-15679DEE8D-P023	12	IMP-DL-15679DEE8D-P023;IMP-DL-15679DEE8D-R003444-07F444F1;IMP-DL-3CA1CB77F7-P023;IMP-DL-3CA1CB77F7-R003447-07F444F1;IMP-DL-E0A96454A5-P023;IMP-DL-E0A96454A5-R003444-07F444F1;IMP-M2-1D2863B81A-P023;IMP-M2-1D2863B81A-R003444-07F444F1;IMP-M2-D47CB97304-P023;IMP-M2-D47CB97304-R003444-07F444F1;IMP-M2-F08D4144EA-P023;IMP-M2-F08D4144EA-R003447-07F444F1	Downloads/theory-of-analysis - Copy.tex;Downloads/theory-of-analysis-numbers.tex;Downloads/theory-of-analysis.tex;MATH-ALLS-2/theory-of-analysis - Copy.tex;MATH-ALLS-2/theory-of-analysis-numbers.tex;MATH-ALLS-2/theory-of-analysis.tex	Downloads;MATH-ALLS-2	EXAMPLE;WORKED_EXAMPLE	2			NO	NEEDS_EDITORIAL_REVIEW
0802b243f68b9ad0760d142df8ca91c024499c3da497bdcc5b6b9b6c8ba0b661	SEM-0802B243F68B	IMP-DL-3C59D9EE8B-P147	2	IMP-DL-3C59D9EE8B-P147;IMP-M3-D1A916E0DD-P147	Downloads/theory-of-commutative-algebra-5-professional-v2.tex;MATH_ALLS-3/theory-of-commutative-algebra-5-professional-v2.tex	Downloads;MATH_ALLS-3	PROBLEM_ITEM				NO	NEEDS_EDITORIAL_REVIEW
0814fccf1ce8f7e7f7e05f1573465c56fda01d02db842ba11d2c8194a420e26e	SEM-0814FCCF1CE8	IMP-DL-3C59D9EE8B-P006	6	IMP-DL-3C59D9EE8B-P006;IMP-DL-40E9B7EE44-P006;IMP-DL-E1F1BB4192-P006;IMP-M3-0D398C7F27-P006;IMP-M3-17140B7F4C-P006;IMP-M3-D1A916E0DD-P006	Downloads/theory-of-commutative-algebra-5-professional-v2.tex;Downloads/theory-of-commutative-algebra-5-professional.tex;Downloads/theory-of-commutative-algebra-5.tex;MATH_ALLS-3/theory-of-commutative-algebra-5-professional-v2.tex;MATH_ALLS-3/theory-of-commutative-algebra-5-professional.tex;MATH_ALLS-3/theory-of-commutative-algebra-5.tex	Downloads;MATH_ALLS-3	PROBLEM	8	IMP-DL-3C59D9EE8B-S010;IMP-DL-3C59D9EE8B-S011;IMP-DL-40E9B7EE44-S010;IMP-DL-40E9B7EE44-S011;IMP-DL-E1F1BB4192-S010;IMP-DL-E1F1BB4192-S011;IMP-M3-0D398C7F27-S010;IMP-M3-0D398C7F27-S011;IMP-M3-17140B7F4C-S010;IMP-M3-17140B7F4C-S011;IMP-M3-D1A916E0DD-S010;IMP-M3-D1A916E0DD-S011		YES	NEEDS_EDITORIAL_REVIEW
082a62630b33567555e54846ae4d3a6c92d47cf81c708fab844de2bc1057e7c4	SEM-082A62630B33	IMP-DL-0E1AFE9FFD-P007	4	IMP-DL-0E1AFE9FFD-P007;IMP-DL-AA5DDA8809-P007;IMP-M2-2BDEE85382-P007;IMP-M2-F295E7C0B9-P007	Downloads/theory-of-complex-analysis-all-maps-all.tex;Downloads/theory-of-complex-analysis-all-maps-all2.tex;MATH-ALLS-2/theory-of-complex-analysis-all-maps-all.tex;MATH-ALLS-2/theory-of-complex-analysis-all-maps-all2.tex	Downloads;MATH-ALLS-2	PROBLEM	7			NO	NEEDS_EDITORIAL_REVIEW
082c26a52e4b036d9562de59650f5ee648a042de494c16604b7aaeaf5bda4af3	SEM-082C26A52E4B	IMP-DL-E12021E60A-P010	1	IMP-DL-E12021E60A-P010	Downloads/theory-of-algebraic-topology-17.tex	Downloads	WORKED_EXAMPLE	9.1			NO	NEEDS_EDITORIAL_REVIEW
082d34c6e33fabc9138a62e04268f6ce797437ecc0e50945146fa3310ca8b2f5	SEM-082D34C6E33F	IMP-DL-12C1A20716-P007	1	IMP-DL-12C1A20716-P007	Downloads/theory-of-algebraic-topology-10.tex	Downloads	PROBLEM	8	IMP-DL-12C1A20716-S004		YES	NEEDS_EDITORIAL_REVIEW
0882692118ecbbcddda28ef18d065b2b759249b18b73e1f8e26c0885f6a1675d	SEM-0882692118EC	IMP-DL-12C1A20716-P023	1	IMP-DL-12C1A20716-P023	Downloads/theory-of-algebraic-topology-10.tex	Downloads	PROBLEM_ITEM				NO	NEEDS_EDITORIAL_REVIEW
08986b995f03571c135d1883dc50f881f970429c580140252a6ffbf5289ec79b	SEM-08986B995F03	IMP-DL-E88547CF67-P022	2	IMP-DL-E88547CF67-P022;IMP-M2-80D8AED0FF-P022	Downloads/theory-of-geometry-3.tex;MATH-ALLS-2/theory-of-geometry-3.tex	Downloads;MATH-ALLS-2	PROBLEM	9			NO	NEEDS_EDITORIAL_REVIEW
08a0fff407c86c8dc1bf951f72133fcbdfae54c833e8a43da60ed62963063619	SEM-08A0FFF407C8	IMP-DL-3D2DB27534-P002	4	IMP-DL-3D2DB27534-P002;IMP-DL-5B1D955447-P002;IMP-M2-8108AF5CB9-P002;IMP-M2-AFF44384C1-P002	Downloads/merged_exercises (1).tex;Downloads/merged_exercises.tex;MATH-ALLS-2/merged_exercises (1).tex;MATH-ALLS-2/merged_exercises.tex	Downloads;MATH-ALLS-2	EXERCISE	1.2			NO	NEEDS_EDITORIAL_REVIEW
08b6e0b9e543d49a864d209d6b0514566277236b9a3689341d86565702bfd37d	SEM-08B6E0B9E543	IMP-DL-117191C0EC-P053	2	IMP-DL-117191C0EC-P053;IMP-M2-40A546CAA2-P053	Downloads/theory-of-analysis-topics.tex;MATH-ALLS-2/theory-of-analysis-topics.tex	Downloads;MATH-ALLS-2	PROBLEM	1	IMP-DL-117191C0EC-S024;IMP-M2-40A546CAA2-S024		YES	NEEDS_EDITORIAL_REVIEW
08c4b53d5af23abafc322beab242c745c9e4f1cc996c19f3968d8f4722ddaa0a	SEM-08C4B53D5AF2	IMP-DL-0A181AC273-P038	4	IMP-DL-0A181AC273-P038;IMP-DL-AD9EFCAF62-P014;IMP-M2-79778E004E-P014;IMP-M2-80AFB5AE64-P038	Downloads/theory-of-complex-analysis-2.tex;Downloads/theory-of-complex-analysis.tex;MATH-ALLS-2/theory-of-complex-analysis-2.tex;MATH-ALLS-2/theory-of-complex-analysis.tex	Downloads;MATH-ALLS-2	PROBLEM_ITEM				NO	NEEDS_EDITORIAL_REVIEW
08eb54f177777fffd1bb0ac61350dd9b6dbe9cc65492918576a90ca435c2c5fd	SEM-08EB54F17777	IMP-DL-E12021E60A-P014	1	IMP-DL-E12021E60A-P014	Downloads/theory-of-algebraic-topology-17.tex	Downloads	WORKED_EXAMPLE	9.5			NO	NEEDS_EDITORIAL_REVIEW
08f287f9009696bafa8378ed250c7ce66159856f3ba2358360013152381b5a1c	SEM-08F287F90096	IMP-DL-31FF76D7B8-PSR004028-08F287F9	1	IMP-DL-31FF76D7B8-PSR004028-08F287F9	Downloads/theory-of-algebraic-topology-16.tex	Downloads	EXAMPLE				NO	NEEDS_EDITORIAL_REVIEW
0907fcbca72a42a7ac3e7a3430bc88ee4b121dd162380b863089144a3ce46f05	SEM-0907FCBCA72A	IMP-DL-6447F1B120-PSR004855-0907FCBC	1	IMP-DL-6447F1B120-PSR004855-0907FCBC	Downloads/theory-of-algebraic-topology-11.tex	Downloads	EXAMPLE	11.			NO	NEEDS_EDITORIAL_REVIEW
0913f8059f9f9d4c9673f0eb572055bff5ff807f3e9e5d384d582e35a37f837a	SEM-0913F8059F9F	IMP-DL-592BD0798C-P022	2	IMP-DL-592BD0798C-P022;IMP-M3-1FB8799CDC-P022	Downloads/theory-of-commutative-algebra-8.tex;MATH_ALLS-3/theory-of-commutative-algebra-8.tex	Downloads;MATH_ALLS-3	WORKED_EXAMPLE	1			NO	NEEDS_EDITORIAL_REVIEW
09140d1ca600819da4c353af56b80132ad6eb039902b99222a5e93cefdadd64f	SEM-09140D1CA600	IMP-DL-E0B80C696E-P018	1	IMP-DL-E0B80C696E-P018	Downloads/theory-of-algebraic-topology-7.tex	Downloads	WORKED_EXAMPLE	3			NO	NEEDS_EDITORIAL_REVIEW
092e024e005205c8880328dff0fe633301ca12d4c9aee8dfd5189abe72631580	SEM-092E024E0052	IMP-DL-873C6F4098-P091	2	IMP-DL-873C6F4098-P091;IMP-M2-CFC28ED568-P091	Downloads/theory-of-analysis-II.tex;MATH-ALLS-2/theory-of-analysis-II.tex	Downloads;MATH-ALLS-2	PROBLEM	7	IMP-DL-873C6F4098-S024;IMP-M2-CFC28ED568-S024		YES	NEEDS_EDITORIAL_REVIEW
0933ac394820667c82db44ecea8c394c7bfa2340c879fe5ea62204df4bf91348	SEM-0933AC394820	IMP-DL-8D5CF4CFBA-P018	2	IMP-DL-8D5CF4CFBA-P018;IMP-M3-89937139FC-P018	Downloads/theory-of-linear-algebra-2.tex;MATH_ALLS-3/theory-of-linear-algebra-2.tex	Downloads;MATH_ALLS-3	PROBLEM	7	IMP-DL-8D5CF4CFBA-S019;IMP-M3-89937139FC-S019		YES	NEEDS_EDITORIAL_REVIEW
093d700ed3fdd0f1cd36352d4d556b914473252c60a36293b604091c401dabc6	SEM-093D700ED3FD	IMP-DL-2E134BF207-P028	1	IMP-DL-2E134BF207-P028	Downloads/theory-of-algebraic-topology-5.tex	Downloads	PROBLEM_ITEM				NO	NEEDS_EDITORIAL_REVIEW
094abe8a9088b9c05932739d0b211a84439fe48d43be16fd11391a62d21c09c2	SEM-094ABE8A9088	IMP-DL-D6E9B3BC73-PSR004460-094ABE8A	2	IMP-DL-D6E9B3BC73-PSR004460-094ABE8A;IMP-M3-422B74F85F-PSR004457-094ABE8A	Downloads/theory-of-algebraic-topology-1.tex;MATH_ALLS-3/theory-of-algebraic-topology-1.tex	Downloads;MATH_ALLS-3	EXAMPLE	1			NO	NEEDS_EDITORIAL_REVIEW
095abf5d2ef3071572a6cc9b0d1085666af745c5c81719cd9d2aa824de6fb099	SEM-095ABF5D2EF3	IMP-DL-E1F1BB4192-R004988-095ABF5D	2	IMP-DL-E1F1BB4192-R004988-095ABF5D;IMP-M3-0D398C7F27-R004988-095ABF5D	Downloads/theory-of-commutative-algebra-5.tex;MATH_ALLS-3/theory-of-commutative-algebra-5.tex	Downloads;MATH_ALLS-3	PROBLEM	14(c)			NO	NEEDS_EDITORIAL_REVIEW
09955e959b7ddc63c0c09a5b38e67599a93cceba4b4307d86aaff4f677082561	SEM-09955E959B7D	IMP-DL-D2CF6ADC46-P006	1	IMP-DL-D2CF6ADC46-P006	Downloads/theory-of-commutative-algebra-16.tex	Downloads	WORKED_EXAMPLE	over			NO	NEEDS_EDITORIAL_REVIEW
09d2a20264cd7fa7fff12746b6e70d8f4c6b11b9b7e935a517d5afed3c5210cc	SEM-09D2A20264CD	IMP-DL-3C59D9EE8B-P064	2	IMP-DL-3C59D9EE8B-P064;IMP-M3-D1A916E0DD-P064	Downloads/theory-of-commutative-algebra-5-professional-v2.tex;MATH_ALLS-3/theory-of-commutative-algebra-5-professional-v2.tex	Downloads;MATH_ALLS-3	PROBLEM_ITEM				NO	NEEDS_EDITORIAL_REVIEW
09f0510da194f0464ba4b9964db1c7fee16c4e6796a66e60e69a45d02db08faa	SEM-09F0510DA194	IMP-DL-721195CCB5-PSR003927-09F0510D	1	IMP-DL-721195CCB5-PSR003927-09F0510D	Downloads/theory-of-algebraic-geometry-11.tex	Downloads	EXAMPLE				NO	NEEDS_EDITORIAL_REVIEW
0a3b1636b293690cd20fdb1f129fd4a983ec1ef53a24668a510e635ec3c6f82e	SEM-0A3B1636B293	IMP-DL-6B513C0C2F-PSR003749-0A3B1636	1	IMP-DL-6B513C0C2F-PSR003749-0A3B1636	Downloads/theory-of-algebraic-geometry-10.tex	Downloads	EXAMPLE	6			NO	NEEDS_EDITORIAL_REVIEW
0a3b7c3ca7bdf147d1eb12600a5be5de7555357ec9ccfa2083536e8971b34bad	SEM-0A3B7C3CA7BD	IMP-DL-AE41E61130-P003	2	IMP-DL-AE41E61130-P003;IMP-M2-22F064D6B8-P003	Downloads/exercise_4_solutions (1).tex;MATH-ALLS-2/exercise_4_solutions (1).tex	Downloads;MATH-ALLS-2	WORKED_EXAMPLE				NO	NEEDS_EDITORIAL_REVIEW
0a4a5777a35c4e798c97f44bbddb4e5249dd6777fe6ba3b059c2cb5bf1bb0e6e	SEM-0A4A5777A35C	IMP-DL-4DEBE28720-P041	2	IMP-DL-4DEBE28720-P041;IMP-M3-8E395763C8-P041	Downloads/theory-of-commutative-algebra-13.tex;MATH_ALLS-3/theory-of-commutative-algebra-13.tex	Downloads;MATH_ALLS-3	WORKED_EXAMPLE				NO	NEEDS_EDITORIAL_REVIEW
0a4b209d8a05338ae65b46297c2b0dec9ef78a7b7b1f8bc10652b381957e5afb	SEM-0A4B209D8A05	IMP-DL-873C6F4098-P019	2	IMP-DL-873C6F4098-P019;IMP-M2-CFC28ED568-P019	Downloads/theory-of-analysis-II.tex;MATH-ALLS-2/theory-of-analysis-II.tex	Downloads;MATH-ALLS-2	PROBLEM_ITEM				NO	NEEDS_EDITORIAL_REVIEW
0a4b396a2d9a6c54763a4c9aeafa8d9675759c101cb683ad916eda292f0f2de2	SEM-0A4B396A2D9A	IMP-DL-A978FB3162-R003532-0A4B396A	1	IMP-DL-A978FB3162-R003532-0A4B396A	Downloads/theory-of-algebraic-topology-4.tex	Downloads	PROBLEM	statement			NO	NEEDS_EDITORIAL_REVIEW
0a601f7414441bf1d9701b2a487b3ebe12818307db9d071e367043c26bd87dca	SEM-0A601F741444	IMP-DL-D2CF6ADC46-R001400-0A601F74	1	IMP-DL-D2CF6ADC46-R001400-0A601F74	Downloads/theory-of-commutative-algebra-16.tex	Downloads	EXAMPLE				NO	NEEDS_EDITORIAL_REVIEW
0a65f2d404d974ff68677646f46ad5af59abe145467c6d10fc102905fcbdd270	SEM-0A65F2D404D9	IMP-DL-6B513C0C2F-PSR006747-0A65F2D4	1	IMP-DL-6B513C0C2F-PSR006747-0A65F2D4	Downloads/theory-of-algebraic-geometry-10.tex	Downloads	EXAMPLE				NO	NEEDS_EDITORIAL_REVIEW
0a6b75f0a0bf5d22ec947e0735c0e952d7048df50e3b421833be964d9ebf19f2	SEM-0A6B75F0A0BF	IMP-DL-314EAD1F3C-R002450-0A6B75F0	1	IMP-DL-314EAD1F3C-R002450-0A6B75F0	Downloads/theory-of-algebraic-topology-12.tex	Downloads	EXAMPLE	13.1.			NO	NEEDS_EDITORIAL_REVIEW
0aa8d8fe2730807135c0ac6ea79f7a2abf8d20c406eff7d5aaf4444617e5ca5c	SEM-0AA8D8FE2730	IMP-DL-2E134BF207-P006	1	IMP-DL-2E134BF207-P006	Downloads/theory-of-algebraic-topology-5.tex	Downloads	PROBLEM_ITEM				NO	NEEDS_EDITORIAL_REVIEW
0ab861ee6d36d1644c6fa4a245dd09d469653f4875c491aa3dbcbed5185591cc	SEM-0AB861EE6D36	IMP-DL-873C6F4098-P040	2	IMP-DL-873C6F4098-P040;IMP-M2-CFC28ED568-P040	Downloads/theory-of-analysis-II.tex;MATH-ALLS-2/theory-of-analysis-II.tex	Downloads;MATH-ALLS-2	PROBLEM	7			NO	NEEDS_EDITORIAL_REVIEW
0ac507f517be9717c348846ee9c6b90362e45ed1ccb818335f7079d39cb74a16	SEM-0AC507F517BE	IMP-DL-38CE6DEB56-P039	2	IMP-DL-38CE6DEB56-P039;IMP-M3-D19BB3C803-P039	Downloads/theory-of-commutative-algebra-14.tex;MATH_ALLS-3/theory-of-commutative-algebra-14.tex	Downloads;MATH_ALLS-3	EXERCISE	7	IMP-DL-38CE6DEB56-S007;IMP-M3-D19BB3C803-S007		YES	NEEDS_EDITORIAL_REVIEW
0ac5fafaeb5e8c128dd2489fe66f3a6690015d441258883fd4be030dfd3bd2a3	SEM-0AC5FAFAEB5E	IMP-DL-887B7B83F4-P005	1	IMP-DL-887B7B83F4-P005	Downloads/sheaves_notes_reorganized.tex	Downloads	WORKED_EXAMPLE				NO	NEEDS_EDITORIAL_REVIEW
0ace8c49b081e92d239136ddad18757a65dad7ad2c6dc8645e5a53a78fbab397	SEM-0ACE8C49B081	IMP-DL-1068DBED71-ORR002579-0ACE8C49	1	IMP-DL-1068DBED71-ORR002579-0ACE8C49	Downloads/theory-of-commutative-algebra-9.tex	Downloads	PROBLEM	14(c)	IMP-DL-1068DBED71-S004;IMP-DL-CAA415139D-S004;IMP-M3-F4E66B2919-S004;IMP-M3-FCB1647DD6-S004		YES	NEEDS_EDITORIAL_REVIEW
0ad8ace73acd2a3d4d12ecd3ce5fce3628faf9b39f8ec2e68c6c8406b3d1f692	SEM-0AD8ACE73ACD	IMP-DL-0AC5ADA26C-P014	1	IMP-DL-0AC5ADA26C-P014	Downloads/theory-of-algebraic-topology-8.tex	Downloads	WORKED_EXAMPLE	4			NO	NEEDS_EDITORIAL_REVIEW
0ade30feb398ae04ad38b485d8dbb3d580fd4e45522dc49dc668d18bdb3ff77b	SEM-0ADE30FEB398	IMP-DL-A11279CC33-P014	2	IMP-DL-A11279CC33-P014;IMP-M3-73E0197CF3-P014	Downloads/theory-of-commutative-algebra-6.tex;MATH_ALLS-3/theory-of-commutative-algebra-6.tex	Downloads;MATH_ALLS-3	WORKED_EXAMPLE				NO	NEEDS_EDITORIAL_REVIEW
0af5055a2360741f16e03039ed16513a7e9a3439b113f6759ea2fcd8b581cb88	SEM-0AF5055A2360	IMP-DL-0B4CC237FA-SPR002199-0AF5055A	1	IMP-DL-0B4CC237FA-SPR002199-0AF5055A	Downloads/theory-of-algebraic-geometry-3.tex	Downloads	EXAMPLE	4.			NO	NEEDS_EDITORIAL_REVIEW
0b13b447a71c392994cf2c1cf2e82f17a2b5ce0a43f43e45fc493ba01d24f342	SEM-0B13B447A71C	IMP-DL-A978FB3162-P094	1	IMP-DL-A978FB3162-P094	Downloads/theory-of-algebraic-topology-4.tex	Downloads	PROBLEM_ITEM				NO	NEEDS_EDITORIAL_REVIEW
0b29eaa69e821fbd6b4912db42859a30e41b8db3a0337e71561258f215b260f8	SEM-0B29EAA69E82	IMP-DL-D148B51FB7-P029	2	IMP-DL-D148B51FB7-P029;IMP-M3-5A5277EBFB-P029	Downloads/theory-of-differential-geometry-4.tex;MATH_ALLS-3/theory-of-differential-geometry-4.tex	Downloads;MATH_ALLS-3	PROBLEM	9	IMP-DL-D148B51FB7-S022;IMP-M3-5A5277EBFB-S022		YES	NEEDS_EDITORIAL_REVIEW
0b335ddf9cf187e3949df2419877cd66134bee8aa8be1b32b2b83a998aca8a4f	SEM-0B335DDF9CF1	IMP-DL-1608308E70-P007	1	IMP-DL-1608308E70-P007	Downloads/theory-of-algebraic-topology-14.tex	Downloads	WORKED_EXAMPLE	2			NO	NEEDS_EDITORIAL_REVIEW
0b47dcacc2947e80977a1e96ca9b5832b603902bf1a254159d0a2401493a2ea3	SEM-0B47DCACC294	IMP-DL-535B6F59C6-P002	2	IMP-DL-535B6F59C6-P002;IMP-M3-0753B8F46B-P002	Downloads/theory-of-commutative-algebra-4.tex;MATH_ALLS-3/theory-of-commutative-algebra-4.tex	Downloads;MATH_ALLS-3	PROBLEM	11	IMP-DL-535B6F59C6-S002;IMP-M3-0753B8F46B-S002		YES	NEEDS_EDITORIAL_REVIEW
0b62f9ed964d8916536ff055fd8b32b1fbe3373d4c7d82ff252c6e3ef3ea6076	SEM-0B62F9ED964D	IMP-DL-A978FB3162-P034	1	IMP-DL-A978FB3162-P034	Downloads/theory-of-algebraic-topology-4.tex	Downloads	PROBLEM_ITEM				NO	NEEDS_EDITORIAL_REVIEW
0b763b2501511735852b71d63930b7b2f59a54c121188560fff4794f702063e5	SEM-0B763B250151	IMP-DL-873C6F4098-P086	2	IMP-DL-873C6F4098-P086;IMP-M2-CFC28ED568-P086	Downloads/theory-of-analysis-II.tex;MATH-ALLS-2/theory-of-analysis-II.tex	Downloads;MATH-ALLS-2	PROBLEM	2	IMP-DL-873C6F4098-S020;IMP-M2-CFC28ED568-S020		YES	NEEDS_EDITORIAL_REVIEW
0b7f7aacab7901784a7ec51007f2e5eee1be991f35205673d340808941954b43	SEM-0B7F7AACAB79	IMP-DL-3E276561C4-R000391-0B7F7AAC	4	IMP-DL-3E276561C4-R000391-0B7F7AAC;IMP-DL-7AFEF11659-R000389-0B7F7AAC;IMP-M3-AB2FCA292B-R000391-0B7F7AAC;IMP-M3-AC7E1F63D1-R000389-0B7F7AAC	Downloads/theory-of-differential-geometry-3.tex;Downloads/theory-of-linear-algebra-1.tex;MATH_ALLS-3/theory-of-differential-geometry-3.tex;MATH_ALLS-3/theory-of-linear-algebra-1.tex	Downloads;MATH_ALLS-3	PROBLEM	3	IMP-DL-3E276561C4-S003;IMP-DL-7AFEF11659-S003;IMP-M3-AB2FCA292B-S003;IMP-M3-AC7E1F63D1-S003		YES	NEEDS_EDITORIAL_REVIEW
0b825a685998f956b747b9c73bd6c1dbac09432335c9ebb411ac4c2b734d750a	SEM-0B825A685998	IMP-DL-98972A6B93-P010	2	IMP-DL-98972A6B93-P010;IMP-M2-355EA0996F-P010	Downloads/theory-of-geometry-II.tex;MATH-ALLS-2/theory-of-geometry-II.tex	Downloads;MATH-ALLS-2	PROBLEM	8	IMP-DL-98972A6B93-S001;IMP-M2-355EA0996F-S001		YES	NEEDS_EDITORIAL_REVIEW
0ba4a918faf442c2134115573f76af033b7e529c373b49b7861ea8609960df2c	SEM-0BA4A918FAF4	IMP-DL-316AE183C3-P030	2	IMP-DL-316AE183C3-P030;IMP-M2-303BB87ACE-P030	Downloads/theory-of-analysis-functions.tex;MATH-ALLS-2/theory-of-analysis-functions.tex	Downloads;MATH-ALLS-2	EXERCISE_ITEM				NO	NEEDS_EDITORIAL_REVIEW
0bd7ba2f6fca194d28c5f37a2e73884e0bc387929feb9a6e071ea2b0e8538322	SEM-0BD7BA2F6FCA	IMP-DL-D4351A3BBD-P002	2	IMP-DL-D4351A3BBD-P002;IMP-M2-721AD91C7F-P002	Downloads/theory-of-geometry-IV.tex;MATH-ALLS-2/theory-of-geometry-IV.tex	Downloads;MATH-ALLS-2	WORKED_EXAMPLE	B			NO	NEEDS_EDITORIAL_REVIEW
0be096f9bc2780a04e41efe994858a125f23d262d923261fed7b57f129ec9df6	SEM-0BE096F9BC27	IMP-DL-183AD43C4C-R002184-0BE096F9	4	IMP-DL-183AD43C4C-R002184-0BE096F9;IMP-DL-20E278E436-R002126-0BE096F9;IMP-M2-1895C43FC6-R002184-0BE096F9;IMP-M2-50B0B212DD-R002126-0BE096F9	Downloads/merged_exercises_FULL_v2 (1).tex;Downloads/theory-of-real-analysis.tex;MATH-ALLS-2/merged_exercises_FULL_v2 (1).tex;MATH-ALLS-2/theory-of-real-analysis.tex	Downloads;MATH-ALLS-2	EXERCISE	9.2			NO	NEEDS_EDITORIAL_REVIEW
0c2f3aab86e3f9bba2615c39dc1bfc9a810e446d62e83ad06e94add8b181b4a6	SEM-0C2F3AAB86E3	IMP-DL-2E134BF207-P042	1	IMP-DL-2E134BF207-P042	Downloads/theory-of-algebraic-topology-5.tex	Downloads	PROBLEM_ITEM				NO	NEEDS_EDITORIAL_REVIEW
0c35f17d594cc1b04995acb18042f761b56f7f822776d61ccb6f834f957c5e2f	SEM-0C35F17D594C	IMP-DL-4DEBE28720-P029	2	IMP-DL-4DEBE28720-P029;IMP-M3-8E395763C8-P029	Downloads/theory-of-commutative-algebra-13.tex;MATH_ALLS-3/theory-of-commutative-algebra-13.tex	Downloads;MATH_ALLS-3	EXERCISE_ITEM				NO	NEEDS_EDITORIAL_REVIEW
0c3f96bd5f65996f095e89810c7b88e725ed49abd978ec025b88975c0d578882	SEM-0C3F96BD5F65	IMP-DL-B7E3C22557-SPR002067-0C3F96BD	1	IMP-DL-B7E3C22557-SPR002067-0C3F96BD	Downloads/theory-of-algebraic-geometry-6.tex	Downloads	EXAMPLE	14.			NO	NEEDS_EDITORIAL_REVIEW
0c538bde557e3a2c3d109e55871c00ddf712d0d2433624717d02407e843b595d	SEM-0C538BDE557E	IMP-DL-3CA1CB77F7-P036	4	IMP-DL-3CA1CB77F7-P036;IMP-DL-3CA1CB77F7-R004359-0C538BDE;IMP-M2-F08D4144EA-P036;IMP-M2-F08D4144EA-R004359-0C538BDE	Downloads/theory-of-analysis-numbers.tex;MATH-ALLS-2/theory-of-analysis-numbers.tex	Downloads;MATH-ALLS-2	EXAMPLE;WORKED_EXAMPLE				NO	NEEDS_EDITORIAL_REVIEW
0c7af7b65850af4a0f162082ef396863b2516a8f527cd659badb1b29ea439abe	SEM-0C7AF7B65850	IMP-DL-A978FB3162-P090	1	IMP-DL-A978FB3162-P090	Downloads/theory-of-algebraic-topology-4.tex	Downloads	WORKED_EXAMPLE	9			NO	NEEDS_EDITORIAL_REVIEW
0c93cf8ccd08f517c223266b95dde7b1b7c88b379d1bce5b1ed7702393e97cd4	SEM-0C93CF8CCD08	IMP-DL-38CE6DEB56-P016	2	IMP-DL-38CE6DEB56-P016;IMP-M3-D19BB3C803-P016	Downloads/theory-of-commutative-algebra-14.tex;MATH_ALLS-3/theory-of-commutative-algebra-14.tex	Downloads;MATH_ALLS-3	WORKED_EXAMPLE	13			NO	NEEDS_EDITORIAL_REVIEW
0cb026ee1834a953d627c8b4ed2b8c3f8461333b0c4fc0e04163ff7587131523	SEM-0CB026EE1834	IMP-DL-3C59D9EE8B-P025	2	IMP-DL-3C59D9EE8B-P025;IMP-M3-D1A916E0DD-P025	Downloads/theory-of-commutative-algebra-5-professional-v2.tex;MATH_ALLS-3/theory-of-commutative-algebra-5-professional-v2.tex	Downloads;MATH_ALLS-3	PROBLEM_ITEM				NO	NEEDS_EDITORIAL_REVIEW
0cfb4b0ebd190759fb4eb564539668ac8423c40ac8994519f39c1d11976768ba	SEM-0CFB4B0EBD19	IMP-DL-AD9EFCAF62-P020	2	IMP-DL-AD9EFCAF62-P020;IMP-M2-79778E004E-P020	Downloads/theory-of-complex-analysis-2.tex;MATH-ALLS-2/theory-of-complex-analysis-2.tex	Downloads;MATH-ALLS-2	PROBLEM	3.			NO	NEEDS_EDITORIAL_REVIEW
0d03eaae7b245a9610ac2ebecc5c69d65f038868fb64d8eff02dd3f193eaedb5	SEM-0D03EAAE7B24	IMP-DL-8D5CF4CFBA-P003	2	IMP-DL-8D5CF4CFBA-P003;IMP-M3-89937139FC-P003	Downloads/theory-of-linear-algebra-2.tex;MATH_ALLS-3/theory-of-linear-algebra-2.tex	Downloads;MATH_ALLS-3	PROBLEM	3	IMP-DL-8D5CF4CFBA-S003;IMP-DL-8D5CF4CFBA-S004;IMP-M3-89937139FC-S003;IMP-M3-89937139FC-S004		YES	NEEDS_EDITORIAL_REVIEW
0d14fb58ac366f3c7a1fd1beb0bd73b8607f7903c882a4952ab30dba09cf6616	SEM-0D14FB58AC36	IMP-DL-3C59D9EE8B-P078	2	IMP-DL-3C59D9EE8B-P078;IMP-M3-D1A916E0DD-P078	Downloads/theory-of-commutative-algebra-5-professional-v2.tex;MATH_ALLS-3/theory-of-commutative-algebra-5-professional-v2.tex	Downloads;MATH_ALLS-3	PROBLEM_ITEM				NO	NEEDS_EDITORIAL_REVIEW
0d17a6ccc96f96331f71c8e2ae658345f89cd0d94d8f259fc02c7c6a081efc5d	SEM-0D17A6CCC96F	IMP-DL-2E134BF207-P067	1	IMP-DL-2E134BF207-P067	Downloads/theory-of-algebraic-topology-5.tex	Downloads	WORKED_EXAMPLE	4			NO	NEEDS_EDITORIAL_REVIEW
0d252253db82e4f92d172d119f2522e50a2edb4dfa01109e9846fb4c5ce8b2f8	SEM-0D252253DB82	IMP-DL-117191C0EC-P017	2	IMP-DL-117191C0EC-P017;IMP-M2-40A546CAA2-P017	Downloads/theory-of-analysis-topics.tex;MATH-ALLS-2/theory-of-analysis-topics.tex	Downloads;MATH-ALLS-2	PROBLEM	12			NO	NEEDS_EDITORIAL_REVIEW
0d5cb94740c5e8f51c6c94fda9127e7c481b43b4b6a7a68296c93e536e4ef489	SEM-0D5CB94740C5	IMP-DL-0AC5ADA26C-P007	1	IMP-DL-0AC5ADA26C-P007	Downloads/theory-of-algebraic-topology-8.tex	Downloads	WORKED_EXAMPLE	7			NO	NEEDS_EDITORIAL_REVIEW
0d6ca2d7c4cac42ff90660462de9d1e65673274aeff8913a726fbd31481dfe07	SEM-0D6CA2D7C4CA	IMP-DL-D18914CBBD-P038	2	IMP-DL-D18914CBBD-P038;IMP-M3-78B3C1B707-P038	Downloads/theory-of-commutative-algebra-11.tex;MATH_ALLS-3/theory-of-commutative-algebra-11.tex	Downloads;MATH_ALLS-3	WORKED_EXAMPLE	4			NO	NEEDS_EDITORIAL_REVIEW
0d80277403bbaacb050a925a77a2f24d4fbf453d2fc298ee3accccff3ef74d0b	SEM-0D80277403BB	IMP-DL-2370D81D66-P049	2	IMP-DL-2370D81D66-P049;IMP-M2-D036BAB254-P049	Downloads/theory-of-analysis-FD.tex;MATH-ALLS-2/theory-of-analysis-FD.tex	Downloads;MATH-ALLS-2	EXERCISE_ITEM				NO	NEEDS_EDITORIAL_REVIEW
0d86258558aed0c4a26fa9e0a7e773c72b4b635bf05a01143db4f25c0f969536	SEM-0D86258558AE	IMP-DL-0B4CC237FA-SPR002519-0D862585	1	IMP-DL-0B4CC237FA-SPR002519-0D862585	Downloads/theory-of-algebraic-geometry-3.tex	Downloads	EXAMPLE	10.			NO	NEEDS_EDITORIAL_REVIEW
0d8b237e846ac2ea0ff002054e40c1012cf9e712d1cce112f59652ddf81e3f79	SEM-0D8B237E846A	IMP-DL-CB3C80FF97-P024	2	IMP-DL-CB3C80FF97-P024;IMP-M2-7B5A4788C1-P024	Downloads/theory-of-complex-analysis-topology.tex;MATH-ALLS-2/theory-of-complex-analysis-topology.tex	Downloads;MATH-ALLS-2	PROBLEM_ITEM				NO	NEEDS_EDITORIAL_REVIEW
0daae54eeacba96fe3eae04b8d5cafe95be9e5bcae445e0a819353ec89cdb587	SEM-0DAAE54EEACB	IMP-DL-2E134BF207-P020	1	IMP-DL-2E134BF207-P020	Downloads/theory-of-algebraic-topology-5.tex	Downloads	PROBLEM_ITEM				NO	NEEDS_EDITORIAL_REVIEW
0dc811665d6e2678ede44a5d747dccb380b7102c08b0ed65e282715c3777b98a	SEM-0DC811665D6E	IMP-DL-2E134BF207-R002692-0DC81166	1	IMP-DL-2E134BF207-R002692-0DC81166	Downloads/theory-of-algebraic-topology-5.tex	Downloads	PROBLEM	1			NO	NEEDS_EDITORIAL_REVIEW
0de4e8c41d0a7e6a239be26d318aa4ef611d1e263ea1706e97716bb13209f947	SEM-0DE4E8C41D0A	IMP-DL-873C6F4098-P035	2	IMP-DL-873C6F4098-P035;IMP-M2-CFC28ED568-P035	Downloads/theory-of-analysis-II.tex;MATH-ALLS-2/theory-of-analysis-II.tex	Downloads;MATH-ALLS-2	PROBLEM_ITEM				NO	NEEDS_EDITORIAL_REVIEW
0df2070d348a4f58f14cb8dde204c1a9d2626a98d7e914b0b6e40db3bf8d61bd	SEM-0DF2070D348A	IMP-DL-98972A6B93-P017	2	IMP-DL-98972A6B93-P017;IMP-M2-355EA0996F-P017	Downloads/theory-of-geometry-II.tex;MATH-ALLS-2/theory-of-geometry-II.tex	Downloads;MATH-ALLS-2	PROBLEM_ITEM				NO	NEEDS_EDITORIAL_REVIEW
0e05d515f24e11ca3fe395d4e17f3262b13622a763885c31eac3b182d8f41bde	SEM-0E05D515F24E	IMP-DL-3C59D9EE8B-P035	2	IMP-DL-3C59D9EE8B-P035;IMP-M3-D1A916E0DD-P035	Downloads/theory-of-commutative-algebra-5-professional-v2.tex;MATH_ALLS-3/theory-of-commutative-algebra-5-professional-v2.tex	Downloads;MATH_ALLS-3	PROBLEM_ITEM				NO	NEEDS_EDITORIAL_REVIEW
0e0fc98df07e6279d0be939fb8bec05134560183b8a482c96b37e763feb8a9c5	SEM-0E0FC98DF07E	IMP-DL-2E134BF207-P068	1	IMP-DL-2E134BF207-P068	Downloads/theory-of-algebraic-topology-5.tex	Downloads	WORKED_EXAMPLE	5			NO	NEEDS_EDITORIAL_REVIEW
0e408713d3bd72b950b1544cfeae50b8e6b1a41a307d73d27bd0d832827bebbe	SEM-0E408713D3BD	IMP-DL-3C59D9EE8B-P095	2	IMP-DL-3C59D9EE8B-P095;IMP-M3-D1A916E0DD-P095	Downloads/theory-of-commutative-algebra-5-professional-v2.tex;MATH_ALLS-3/theory-of-commutative-algebra-5-professional-v2.tex	Downloads;MATH_ALLS-3	PROBLEM_ITEM				NO	NEEDS_EDITORIAL_REVIEW
0e5e52153653f67c54c47aa22a760d330ddd8772af0ed9652eb7aedd4119a656	SEM-0E5E52153653	IMP-DL-0EB9CBD958-P058	2	IMP-DL-0EB9CBD958-P058;IMP-M2-F4C85D52DC-P058	Downloads/theory-of-geometry.tex;MATH-ALLS-2/theory-of-geometry.tex	Downloads;MATH-ALLS-2	PROBLEM_ITEM				NO	NEEDS_EDITORIAL_REVIEW
0e62b81648983e81e73df6560069e67a5905a7cf770f8e55c3e600ec03571436	SEM-0E62B8164898	IMP-DL-A99C7658F3-PSR001897-0E62B816	1	IMP-DL-A99C7658F3-PSR001897-0E62B816	Downloads/theory-of-algebraic-geometry-2.tex	Downloads	EXAMPLE				NO	NEEDS_EDITORIAL_REVIEW
0e705f9408f81fbad1e8014afa9ec5276a5e4a5d37e964a24d0bf19d8a729952	SEM-0E705F9408F8	IMP-DL-11EDF39EA7-P021	2	IMP-DL-11EDF39EA7-P021;IMP-M2-68556E3D88-P021	Downloads/theory-of-analysis-FD2.tex;MATH-ALLS-2/theory-of-analysis-FD2.tex	Downloads;MATH-ALLS-2	EXERCISE	5.4			NO	NEEDS_EDITORIAL_REVIEW
0e9397d2dc729413fb8923e3690de7917dd30c17b4eacccf6dacbabf7777905f	SEM-0E9397D2DC72	IMP-DL-117191C0EC-P002	2	IMP-DL-117191C0EC-P002;IMP-M2-40A546CAA2-P002	Downloads/theory-of-analysis-topics.tex;MATH-ALLS-2/theory-of-analysis-topics.tex	Downloads;MATH-ALLS-2	PROBLEM	4	IMP-DL-117191C0EC-S003;IMP-M2-40A546CAA2-S003		YES	NEEDS_EDITORIAL_REVIEW
0e9a06bebfeb1c62f65caaaa76879e953fc72de35b12eed609854f43b12fd791	SEM-0E9A06BEBFEB	IMP-DL-A5CEE6E541-P002	1	IMP-DL-A5CEE6E541-P002	Downloads/theory-of-algebraic-geometry-8.tex	Downloads	PROBLEM	2			NO	NEEDS_EDITORIAL_REVIEW
0ebc166d5960b25524eabd1d2b1a95246b21f66454c2c95f87fe87b2f3f7613f	SEM-0EBC166D5960	IMP-DL-887B7B83F4-P008	1	IMP-DL-887B7B83F4-P008	Downloads/sheaves_notes_reorganized.tex	Downloads	WORKED_EXAMPLE				NO	NEEDS_EDITORIAL_REVIEW
0ecf55b9bd85191ab4a55180a6bae99f9575a6b34ab7675f2657f01d92a27a64	SEM-0ECF55B9BD85	IMP-DL-117191C0EC-P051	2	IMP-DL-117191C0EC-P051;IMP-M2-40A546CAA2-P051	Downloads/theory-of-analysis-topics.tex;MATH-ALLS-2/theory-of-analysis-topics.tex	Downloads;MATH-ALLS-2	PROBLEM	11			NO	NEEDS_EDITORIAL_REVIEW
0ed2a55e55c270e95633c2fe37c15f047503cfc7ff65865b3e42558d75403825	SEM-0ED2A55E55C2	IMP-DL-EAE0F59552-PSR001951-0ED2A55E	2	IMP-DL-EAE0F59552-PSR001951-0ED2A55E;IMP-M2-7EA9DA1D72-PSR001951-0ED2A55E	Downloads/theory-of-analysis-topology.tex;MATH-ALLS-2/theory-of-analysis-topology.tex	Downloads;MATH-ALLS-2	PROBLEM				NO	NEEDS_EDITORIAL_REVIEW
0edee8795dbe89e910f32db509708eed8f1773b5f30b51d8f27d8d50d52536d6	SEM-0EDEE8795DBE	IMP-DL-8016517B0A-P011	3	IMP-DL-8016517B0A-P011;IMP-M2-2B58694CBF-P011;IMP-M3-911366A7C5-P011	Downloads/theory-of-differential-geometry-1.tex;MATH-ALLS-2/theory-of-differential-geometry-1.tex;MATH_ALLS-3/theory-of-differential-geometry-1.tex	Downloads;MATH-ALLS-2;MATH_ALLS-3	PROBLEM_ITEM	Homogeneous coordinates			NO	NEEDS_EDITORIAL_REVIEW
0eea82b0b8e2aec8ad8f1881c80647467e32e1af45fd359e3b4e8d030229c0d5	SEM-0EEA82B0B8E2	IMP-DL-3C59D9EE8B-P084	2	IMP-DL-3C59D9EE8B-P084;IMP-M3-D1A916E0DD-P084	Downloads/theory-of-commutative-algebra-5-professional-v2.tex;MATH_ALLS-3/theory-of-commutative-algebra-5-professional-v2.tex	Downloads;MATH_ALLS-3	PROBLEM_ITEM				NO	NEEDS_EDITORIAL_REVIEW
0efde7e12062785fed7b5a419ebad3b30133171e2b457ca5dc77b6fd34e75924	SEM-0EFDE7E12062	IMP-DL-2E134BF207-P014	1	IMP-DL-2E134BF207-P014	Downloads/theory-of-algebraic-topology-5.tex	Downloads	PROBLEM_ITEM				NO	NEEDS_EDITORIAL_REVIEW
0f177f5520d893fb87a5aa1c5de0b21e4a75d895e2fc234056c2a56988d43512	SEM-0F177F5520D8	IMP-DL-3190BA882C-P032	2	IMP-DL-3190BA882C-P032;IMP-M3-CABB372599-P032	Downloads/theory-of-commutative-algebra-15.tex;MATH_ALLS-3/theory-of-commutative-algebra-15.tex	Downloads;MATH_ALLS-3	EXERCISE	6	IMP-DL-3190BA882C-S006;IMP-M3-CABB372599-S006		YES	NEEDS_EDITORIAL_REVIEW
0f46a4ebf0a35187ed206a472f4434ddc4bf14dc908afe1c39bc8311c039d19c	SEM-0F46A4EBF0A3	IMP-DL-BD3A6D53D0-P008	3	IMP-DL-BD3A6D53D0-P008;IMP-M2-E2BE0561BD-P008;IMP-M3-0F6B7A59EB-P008	Downloads/theory-of-differential-geometry-2.tex;MATH-ALLS-2/theory-of-differential-geometry-2.tex;MATH_ALLS-3/theory-of-differential-geometry-2.tex	Downloads;MATH-ALLS-2;MATH_ALLS-3	PROBLEM	4	IMP-DL-BD3A6D53D0-S008;IMP-M2-E2BE0561BD-S008;IMP-M3-0F6B7A59EB-S008		YES	NEEDS_EDITORIAL_REVIEW
0f4a0c3c3614b33efd61839c8d0529e97c09048a4efb9b8587ce3171da43f294	SEM-0F4A0C3C3614	IMP-DL-0A181AC273-P008	2	IMP-DL-0A181AC273-P008;IMP-M2-80AFB5AE64-P008	Downloads/theory-of-complex-analysis.tex;MATH-ALLS-2/theory-of-complex-analysis.tex	Downloads;MATH-ALLS-2	EXERCISE_ITEM				NO	NEEDS_EDITORIAL_REVIEW
0f60afbd9089417d39f1944a73a29d8a4d6b40662ac35ccf8a01729a51cb825a	SEM-0F60AFBD9089	IMP-DL-721195CCB5-PSR002614-0F60AFBD	1	IMP-DL-721195CCB5-PSR002614-0F60AFBD	Downloads/theory-of-algebraic-geometry-11.tex	Downloads	EXAMPLE	2			NO	NEEDS_EDITORIAL_REVIEW
0f799d523839cc59e9bf18e1974ae74e77fa160b290fa601a432c9b81f3f8523	SEM-0F799D523839	IMP-DL-A470D9BACB-R001055-0F799D52	2	IMP-DL-A470D9BACB-R001055-0F799D52;IMP-M2-2850FB9A8A-R001055-0F799D52	Downloads/theory-of-geometry-1.tex;MATH-ALLS-2/theory-of-geometry-1.tex	Downloads;MATH-ALLS-2	EXAMPLE	on			NO	NEEDS_EDITORIAL_REVIEW
0f7c6853ca34b76d0581f760b6c16f59dcd89d91419e2b85e2af746b1adf0e92	SEM-0F7C6853CA34	IMP-DL-07D84009EA-P004	16	IMP-DL-07D84009EA-P004;IMP-DL-162DBE4483-P004;IMP-DL-183AD43C4C-P004;IMP-DL-20E278E436-P004;IMP-DL-68F65EDA24-P004;IMP-DL-890EB1F6EA-P004;IMP-DL-995E0CD19D-P004;IMP-DL-E69AEC0DA9-P004;IMP-M2-0EAC31ED0B-P004;IMP-M2-1403D223C9-P004;IMP-M2-1750FF4FF7-P004;IMP-M2-1895C43FC6-P004;IMP-M2-50B0B212DD-P004;IMP-M2-6D7FCEA253-P004;IMP-M2-9CEC4F97B5-P004;IMP-M2-BC23C57F39-P004	Downloads/merged_exercises_FULL_v2 (1).tex;Downloads/merged_exercises_FULL_v2.tex;Downloads/merged_exercises_corrected (1).tex;Downloads/merged_exercises_corrected (2).tex;Downloads/merged_exercises_corrected (3).tex;Downloads/merged_exercises_corrected (4).tex;Downloads/merged_exercises_corrected.tex;Downloads/theory-of-real-analysis.tex;MATH-ALLS-2/merged_exercises_FULL_v2 (1).tex;MATH-ALLS-2/merged_exercises_FULL_v2.tex;MATH-ALLS-2/merged_exercises_corrected (1).tex;MATH-ALLS-2/merged_exercises_corrected (2).tex;MATH-ALLS-2/merged_exercises_corrected (3).tex;MATH-ALLS-2/merged_exercises_corrected (4).tex;MATH-ALLS-2/merged_exercises_corrected.tex;MATH-ALLS-2/theory-of-real-analysis.tex	Downloads;MATH-ALLS-2	EXERCISE	1.5			NO	NEEDS_EDITORIAL_REVIEW
0f7f56fc4796167b263154850e994e43293660de38ade1358e3e9b03ec4d459f	SEM-0F7F56FC4796	IMP-DL-3C59D9EE8B-P138	2	IMP-DL-3C59D9EE8B-P138;IMP-M3-D1A916E0DD-P138	Downloads/theory-of-commutative-algebra-5-professional-v2.tex;MATH_ALLS-3/theory-of-commutative-algebra-5-professional-v2.tex	Downloads;MATH_ALLS-3	PROBLEM_ITEM				NO	NEEDS_EDITORIAL_REVIEW
0fd42422152bd7ea2437a8b90e0c73766a8e9b4d45b47f3ced56505325ce48e1	SEM-0FD42422152B	IMP-DL-2E134BF207-F2R004032-0FD42422	1	IMP-DL-2E134BF207-F2R004032-0FD42422	Downloads/theory-of-algebraic-topology-5.tex	Downloads	EXAMPLE	9			NO	NEEDS_EDITORIAL_REVIEW
0fd4ee522bb9f03dbb07aa734a56af5dadecd6107f7713c9154e4c973f16137e	SEM-0FD4EE522BB9	IMP-DL-494D52343C-P001	4	IMP-DL-494D52343C-P001;IMP-DL-57AE2A96C2-P001;IMP-M3-53FA653D33-P001;IMP-M3-A9D1475E81-P001	Downloads/theory-of-commutative-algebra-7 - Copy.tex;Downloads/theory-of-commutative-algebra-7.tex;MATH_ALLS-3/theory-of-commutative-algebra-7 - Copy.tex;MATH_ALLS-3/theory-of-commutative-algebra-7.tex	Downloads;MATH_ALLS-3	WORKED_EXAMPLE				NO	NEEDS_EDITORIAL_REVIEW
0ff09a632e0d3d657d8d290c0c17411d64ab8c3e4ef13c16212bdc86b2b4a2f9	SEM-0FF09A632E0D	IMP-DL-E12021E60A-P005	1	IMP-DL-E12021E60A-P005	Downloads/theory-of-algebraic-topology-17.tex	Downloads	WORKED_EXAMPLE	8.3			NO	NEEDS_EDITORIAL_REVIEW
1009b7b308587764a2ab745b3bc5e7a335aaebbdcfd5d896787f69f896f17194	SEM-1009B7B30858	IMP-DL-0A9B1F0A75-P003	1	IMP-DL-0A9B1F0A75-P003	Downloads/theory-of-algebraic-geometry-9.tex	Downloads	PROBLEM	statement	IMP-DL-0A9B1F0A75-S005;IMP-DL-0A9B1F0A75-S006;IMP-DL-0A9B1F0A75-S007;IMP-DL-0A9B1F0A75-S008		YES	NEEDS_EDITORIAL_REVIEW
101fe3cf296db1cb5650aa05319b3568535c447399d272ba32b245c835e24f0f	SEM-101FE3CF296D	IMP-DL-4DEBE28720-P058	2	IMP-DL-4DEBE28720-P058;IMP-M3-8E395763C8-P058	Downloads/theory-of-commutative-algebra-13.tex;MATH_ALLS-3/theory-of-commutative-algebra-13.tex	Downloads;MATH_ALLS-3	EXERCISE_ITEM				NO	NEEDS_EDITORIAL_REVIEW
1034c982d8e0e9d532b3efe1bb376927a5bbf0df15a99d073a0ab2be98e89134	SEM-1034C982D8E0	IMP-DL-D18914CBBD-SPR000719-1034C982	2	IMP-DL-D18914CBBD-SPR000719-1034C982;IMP-M3-78B3C1B707-SPR000719-1034C982	Downloads/theory-of-commutative-algebra-11.tex;MATH_ALLS-3/theory-of-commutative-algebra-11.tex	Downloads;MATH_ALLS-3	EXAMPLE	23			NO	NEEDS_EDITORIAL_REVIEW
103915970e4947e1c85ff19a0dd4b2973363c178c517db70adcc2074ed315e3c	SEM-103915970E49	IMP-DL-1068DBED71-P050	4	IMP-DL-1068DBED71-P050;IMP-DL-CAA415139D-P050;IMP-M3-F4E66B2919-P050;IMP-M3-FCB1647DD6-P050	Downloads/theory-of-commutative-algebra-10.tex;Downloads/theory-of-commutative-algebra-9.tex;MATH_ALLS-3/theory-of-commutative-algebra-10.tex;MATH_ALLS-3/theory-of-commutative-algebra-9.tex	Downloads;MATH_ALLS-3	WORKED_EXAMPLE	2			NO	NEEDS_EDITORIAL_REVIEW
103a798704b40d98af48895913ff1475f2c74cb1ff0bebe25c2e9d6a308b6dea	SEM-103A798704B4	IMP-DL-D4351A3BBD-P015	2	IMP-DL-D4351A3BBD-P015;IMP-M2-721AD91C7F-P015	Downloads/theory-of-geometry-IV.tex;MATH-ALLS-2/theory-of-geometry-IV.tex	Downloads;MATH-ALLS-2	PROBLEM_ITEM				NO	NEEDS_EDITORIAL_REVIEW
104d5f89c00fc1cfddf48186c80d863aa4dbe1a0e3a205ca884439703d9ebb5e	SEM-104D5F89C00F	IMP-DL-3C59D9EE8B-P054	2	IMP-DL-3C59D9EE8B-P054;IMP-M3-D1A916E0DD-P054	Downloads/theory-of-commutative-algebra-5-professional-v2.tex;MATH_ALLS-3/theory-of-commutative-algebra-5-professional-v2.tex	Downloads;MATH_ALLS-3	PROBLEM_ITEM				NO	NEEDS_EDITORIAL_REVIEW
1050e89cb9b9ea3c34170304f397cd08c85818261db46b81e863453663d03880	SEM-1050E89CB9B9	IMP-DL-6B513C0C2F-PSR006664-1050E89C	1	IMP-DL-6B513C0C2F-PSR006664-1050E89C	Downloads/theory-of-algebraic-geometry-10.tex	Downloads	EXAMPLE				NO	NEEDS_EDITORIAL_REVIEW
10698d45fb15a04415bb79f380a5a7fa6fec2e53f0bbc367f8e326293a6c1a4a	SEM-10698D45FB15	IMP-DL-40C58AD550-P007	1	IMP-DL-40C58AD550-P007	Downloads/theory-of-algebraic-geometry-4.tex	Downloads	WORKED_EXAMPLE				NO	NEEDS_EDITORIAL_REVIEW
10855fd27e8dc9cd27ba8353d07c62e6e47f9143a0dc6236829137e1e5100593	SEM-10855FD27E8D	IMP-DL-0EB9CBD958-P015	2	IMP-DL-0EB9CBD958-P015;IMP-M2-F4C85D52DC-P015	Downloads/theory-of-geometry.tex;MATH-ALLS-2/theory-of-geometry.tex	Downloads;MATH-ALLS-2	PROBLEM	3	IMP-DL-0EB9CBD958-S005;IMP-M2-F4C85D52DC-S005		YES	NEEDS_EDITORIAL_REVIEW
1090c1a23b70e4cee181e6e287515a4afc2a51ff6f9d1fb42dd839d07ff2234c	SEM-1090C1A23B70	IMP-DL-0EB9CBD958-P079	2	IMP-DL-0EB9CBD958-P079;IMP-M2-F4C85D52DC-P079	Downloads/theory-of-geometry.tex;MATH-ALLS-2/theory-of-geometry.tex	Downloads;MATH-ALLS-2	PROBLEM_ITEM				NO	NEEDS_EDITORIAL_REVIEW
10a3de8309ca2b679522583df6887377f54c89cda6ecf5bd65359fe2b79bfc6c	SEM-10A3DE8309CA	IMP-DL-11EDF39EA7-P033	2	IMP-DL-11EDF39EA7-P033;IMP-M2-68556E3D88-P033	Downloads/theory-of-analysis-FD2.tex;MATH-ALLS-2/theory-of-analysis-FD2.tex	Downloads;MATH-ALLS-2	EXERCISE_ITEM				NO	NEEDS_EDITORIAL_REVIEW
10d60d5d223dd211ddaeb891ed67ab7d3f9e206934d1685013e1410d43dec706	SEM-10D60D5D223D	IMP-DL-8D5CF4CFBA-P010	2	IMP-DL-8D5CF4CFBA-P010;IMP-M3-89937139FC-P010	Downloads/theory-of-linear-algebra-2.tex;MATH_ALLS-3/theory-of-linear-algebra-2.tex	Downloads;MATH_ALLS-3	PROBLEM	11	IMP-DL-8D5CF4CFBA-S011;IMP-M3-89937139FC-S011		YES	NEEDS_EDITORIAL_REVIEW
10ed62f6c3698f36f74152b865cc3ba074bb50ea50f472fc9503e98484318e12	SEM-10ED62F6C369	IMP-DL-D4351A3BBD-P023	2	IMP-DL-D4351A3BBD-P023;IMP-M2-721AD91C7F-P023	Downloads/theory-of-geometry-IV.tex;MATH-ALLS-2/theory-of-geometry-IV.tex	Downloads;MATH-ALLS-2	PROBLEM_ITEM				NO	NEEDS_EDITORIAL_REVIEW
1123495d6f715f2dfc480cbba014989d19963a565b79d71e77aa1b34b9b57002	SEM-1123495D6F71	IMP-DL-183AD43C4C-P031	2	IMP-DL-183AD43C4C-P031;IMP-M2-1895C43FC6-P031	Downloads/theory-of-real-analysis.tex;MATH-ALLS-2/theory-of-real-analysis.tex	Downloads;MATH-ALLS-2	WORKED_EXAMPLE				NO	NEEDS_EDITORIAL_REVIEW
113bb69caf4c85bb670f82c6a4ce557ab3bc3d23b31044d3a795fea679db288d	SEM-113BB69CAF4C	IMP-DL-6B513C0C2F-PSR006787-113BB69C	1	IMP-DL-6B513C0C2F-PSR006787-113BB69C	Downloads/theory-of-algebraic-geometry-10.tex	Downloads	EXAMPLE				NO	NEEDS_EDITORIAL_REVIEW
113cb3b8a7883d3731923ceb773ebf97900994c9a7b5a51c6158def106802693	SEM-113CB3B8A788	IMP-DL-15679DEE8D-P026	12	IMP-DL-15679DEE8D-P026;IMP-DL-15679DEE8D-R003625-113CB3B8;IMP-DL-3CA1CB77F7-P026;IMP-DL-3CA1CB77F7-R003628-113CB3B8;IMP-DL-E0A96454A5-P026;IMP-DL-E0A96454A5-R003625-113CB3B8;IMP-M2-1D2863B81A-P026;IMP-M2-1D2863B81A-R003625-113CB3B8;IMP-M2-D47CB97304-P026;IMP-M2-D47CB97304-R003625-113CB3B8;IMP-M2-F08D4144EA-P026;IMP-M2-F08D4144EA-R003628-113CB3B8	Downloads/theory-of-analysis - Copy.tex;Downloads/theory-of-analysis-numbers.tex;Downloads/theory-of-analysis.tex;MATH-ALLS-2/theory-of-analysis - Copy.tex;MATH-ALLS-2/theory-of-analysis-numbers.tex;MATH-ALLS-2/theory-of-analysis.tex	Downloads;MATH-ALLS-2	EXAMPLE;WORKED_EXAMPLE				NO	NEEDS_EDITORIAL_REVIEW
1149768e71d8b0aad154f20b121e1a1957836ef0a5d1d0522236c5518b1ff4ef	SEM-1149768E71D8	IMP-DL-873C6F4098-P002	2	IMP-DL-873C6F4098-P002;IMP-M2-CFC28ED568-P002	Downloads/theory-of-analysis-II.tex;MATH-ALLS-2/theory-of-analysis-II.tex	Downloads;MATH-ALLS-2	PROBLEM	2			NO	NEEDS_EDITORIAL_REVIEW
116b2ca46027d56978820f1987dcd7a17d5c4bb3178d298b6058dc7c6a3c1027	SEM-116B2CA46027	IMP-DL-117191C0EC-P043	2	IMP-DL-117191C0EC-P043;IMP-M2-40A546CAA2-P043	Downloads/theory-of-analysis-topics.tex;MATH-ALLS-2/theory-of-analysis-topics.tex	Downloads;MATH-ALLS-2	PROBLEM_ITEM				NO	NEEDS_EDITORIAL_REVIEW
116c0ecec5ccb641081b4a5273fbb03d6a7c182d4ce3f3b61ebc9a00373218c3	SEM-116C0ECEC5CC	IMP-DL-5431609247-P003	2	IMP-DL-5431609247-P003;IMP-M3-42C904D7D6-P003	Downloads/theory-of-differential-geometry-5.tex;MATH_ALLS-3/theory-of-differential-geometry-5.tex	Downloads;MATH_ALLS-3	WORKED_EXAMPLE				NO	NEEDS_EDITORIAL_REVIEW
11720bf7319fe8a648f18aa0f92474d94a59968a7688db82e41dcaa6a7b75b97	SEM-11720BF7319F	IMP-DL-592BD0798C-P048	2	IMP-DL-592BD0798C-P048;IMP-M3-1FB8799CDC-P048	Downloads/theory-of-commutative-algebra-8.tex;MATH_ALLS-3/theory-of-commutative-algebra-8.tex	Downloads;MATH_ALLS-3	WORKED_EXAMPLE	3			NO	NEEDS_EDITORIAL_REVIEW
118b5ecd9062dfec945c81fd3da4ae3f2096b9c075ffbaf7ba1c1d70b11703d0	SEM-118B5ECD9062	IMP-DL-0B4CC237FA-P001	1	IMP-DL-0B4CC237FA-P001	Downloads/theory-of-algebraic-geometry-3.tex	Downloads	PROBLEM	11.	IMP-DL-0B4CC237FA-S001		YES	NEEDS_EDITORIAL_REVIEW
11cd78ec57a48c4b80ee10708c4e05778637cd5eab7b4340012ec42014c9be03	SEM-11CD78EC57A4	IMP-DL-E0B80C696E-P011	1	IMP-DL-E0B80C696E-P011	Downloads/theory-of-algebraic-topology-7.tex	Downloads	WORKED_EXAMPLE				NO	NEEDS_EDITORIAL_REVIEW
11e2a3da8dd72eab9530a1fc5936e037bd6319865d6c48169d61f9425b4b8159	SEM-11E2A3DA8DD7	IMP-DL-98972A6B93-P015	2	IMP-DL-98972A6B93-P015;IMP-M2-355EA0996F-P015	Downloads/theory-of-geometry-II.tex;MATH-ALLS-2/theory-of-geometry-II.tex	Downloads;MATH-ALLS-2	PROBLEM_ITEM				NO	NEEDS_EDITORIAL_REVIEW
1203ecde336c9a3c1e2b6c4225f7859782c545561da3c20ce4e557ee2d99d6b4	SEM-1203ECDE336C	IMP-DL-D18914CBBD-P059	2	IMP-DL-D18914CBBD-P059;IMP-M3-78B3C1B707-P059	Downloads/theory-of-commutative-algebra-11.tex;MATH_ALLS-3/theory-of-commutative-algebra-11.tex	Downloads;MATH_ALLS-3	WORKED_EXAMPLE	2			NO	NEEDS_EDITORIAL_REVIEW
120a10df54d030d0e7135f8d52fee97755d744456fcca9f1c8f9d245ab6455ea	SEM-120A10DF54D0	IMP-DL-314EAD1F3C-P001	1	IMP-DL-314EAD1F3C-P001	Downloads/theory-of-algebraic-topology-12.tex	Downloads	PROBLEM	11.	IMP-DL-314EAD1F3C-S001		YES	NEEDS_EDITORIAL_REVIEW
121708442bcf15f69aa44a590b3cdc69b61d4e02365850573abfd58dd140445e	SEM-121708442BCF	IMP-DL-4DEBE28720-P049	2	IMP-DL-4DEBE28720-P049;IMP-M3-8E395763C8-P049	Downloads/theory-of-commutative-algebra-13.tex;MATH_ALLS-3/theory-of-commutative-algebra-13.tex	Downloads;MATH_ALLS-3	WORKED_EXAMPLE				NO	NEEDS_EDITORIAL_REVIEW
121d997257afae1d040404b1f8a9a9f5332dc06648f9c65f3ccfe322a5ebb980	SEM-121D997257AF	IMP-DL-316AE183C3-P035	2	IMP-DL-316AE183C3-P035;IMP-M2-303BB87ACE-P035	Downloads/theory-of-analysis-functions.tex;MATH-ALLS-2/theory-of-analysis-functions.tex	Downloads;MATH-ALLS-2	EXERCISE_ITEM				NO	NEEDS_EDITORIAL_REVIEW
12349b228fb3c8fd217eb2ef3d2f8e53f9505da8192eed1d93e73f67d609da06	SEM-12349B228FB3	IMP-DL-2E134BF207-P060	1	IMP-DL-2E134BF207-P060	Downloads/theory-of-algebraic-topology-5.tex	Downloads	WORKED_EXAMPLE	1			NO	NEEDS_EDITORIAL_REVIEW
124cf6ab5c8ae69f9341bf0925ca846034eb8f07823c895ad38f5065646c10d2	SEM-124CF6AB5C8A	IMP-DL-A978FB3162-P033	1	IMP-DL-A978FB3162-P033	Downloads/theory-of-algebraic-topology-4.tex	Downloads	PROBLEM_ITEM				NO	NEEDS_EDITORIAL_REVIEW
125e951fcd1457a14e55c8087baf5223be961578b946578beb3df5773b1d75e7	SEM-125E951FCD14	IMP-DL-1068DBED71-P027	4	IMP-DL-1068DBED71-P027;IMP-DL-CAA415139D-P027;IMP-M3-F4E66B2919-P027;IMP-M3-FCB1647DD6-P027	Downloads/theory-of-commutative-algebra-10.tex;Downloads/theory-of-commutative-algebra-9.tex;MATH_ALLS-3/theory-of-commutative-algebra-10.tex;MATH_ALLS-3/theory-of-commutative-algebra-9.tex	Downloads;MATH_ALLS-3	WORKED_EXAMPLE				NO	NEEDS_EDITORIAL_REVIEW
128d3fec2f5243416b866de53532e633e303587e4275e959187c7af9682f593a	SEM-128D3FEC2F52	IMP-DL-D18914CBBD-P065	2	IMP-DL-D18914CBBD-P065;IMP-M3-78B3C1B707-P065	Downloads/theory-of-commutative-algebra-11.tex;MATH_ALLS-3/theory-of-commutative-algebra-11.tex	Downloads;MATH_ALLS-3	WORKED_EXAMPLE	8			NO	NEEDS_EDITORIAL_REVIEW
129b7c26f7086afc4f5cb449251090b4ea05ac0c904d453b4b277aaa09cdf42e	SEM-129B7C26F708	IMP-DL-314EAD1F3C-R002259-129B7C26	1	IMP-DL-314EAD1F3C-R002259-129B7C26	Downloads/theory-of-algebraic-topology-12.tex	Downloads	EXAMPLE	12.4.			NO	NEEDS_EDITORIAL_REVIEW
129c112776d7ca6637e16def9ff9d5b73f253352a07008f8f3aad3acf7ebade8	SEM-129C112776D7	IMP-DL-F77C60E8D1-P003	2	IMP-DL-F77C60E8D1-P003;IMP-M2-09C070ED26-P003	Downloads/theory-of-complex-analysis-next2.tex;MATH-ALLS-2/theory-of-complex-analysis-next2.tex	Downloads;MATH-ALLS-2	PROBLEM		IMP-DL-F77C60E8D1-S003;IMP-M2-09C070ED26-S003		YES	NEEDS_EDITORIAL_REVIEW
12ca33d21b1d2ca2582b602c9bc8e19548468e965be86ec679399315d16ec2b1	SEM-12CA33D21B1D	IMP-DL-E88547CF67-R001262-12CA33D2	2	IMP-DL-E88547CF67-R001262-12CA33D2;IMP-M2-80D8AED0FF-R001262-12CA33D2	Downloads/theory-of-geometry-3.tex;MATH-ALLS-2/theory-of-geometry-3.tex	Downloads;MATH-ALLS-2	PROBLEM	3	IMP-DL-E88547CF67-S007;IMP-DL-E88547CF67-S008;IMP-M2-80D8AED0FF-S007;IMP-M2-80D8AED0FF-S008		YES	NEEDS_EDITORIAL_REVIEW
130dabf37e50e2e8e0bddc5847425dcc4c80035086e9c8f8b5ee5d81380d68a2	SEM-130DABF37E50	IMP-DL-873C6F4098-P057	2	IMP-DL-873C6F4098-P057;IMP-M2-CFC28ED568-P057	Downloads/theory-of-analysis-II.tex;MATH-ALLS-2/theory-of-analysis-II.tex	Downloads;MATH-ALLS-2	PROBLEM_ITEM				NO	NEEDS_EDITORIAL_REVIEW
1315fca9fd98dc12f4f5d6cee7b54fa0c0d939cdb38af1d1fc90e0b3d29e3d25	SEM-1315FCA9FD98	IMP-DL-1068DBED71-P024	4	IMP-DL-1068DBED71-P024;IMP-DL-CAA415139D-P024;IMP-M3-F4E66B2919-P024;IMP-M3-FCB1647DD6-P024	Downloads/theory-of-commutative-algebra-10.tex;Downloads/theory-of-commutative-algebra-9.tex;MATH_ALLS-3/theory-of-commutative-algebra-10.tex;MATH_ALLS-3/theory-of-commutative-algebra-9.tex	Downloads;MATH_ALLS-3	WORKED_EXAMPLE				NO	NEEDS_EDITORIAL_REVIEW
1333acc1b0b57f388550fb3e38cba6adc48225a13a59c347c389e50395006b78	SEM-1333ACC1B0B5	IMP-DL-873C6F4098-P078	2	IMP-DL-873C6F4098-P078;IMP-M2-CFC28ED568-P078	Downloads/theory-of-analysis-II.tex;MATH-ALLS-2/theory-of-analysis-II.tex	Downloads;MATH-ALLS-2	PROBLEM	12	IMP-DL-873C6F4098-S017;IMP-M2-CFC28ED568-S017		YES	NEEDS_EDITORIAL_REVIEW
1340322c22c62457c6bfc3b0d4516f61c3d2b419851175fb920b6302e01a36cb	SEM-1340322C22C6	IMP-DL-C3DACFE8A7-P016	1	IMP-DL-C3DACFE8A7-P016	Downloads/theory-of-algebraic-geometry-7.tex	Downloads	WORKED_EXAMPLE	17.			NO	NEEDS_EDITORIAL_REVIEW
134b52a95975e1ee444d7a4277c046ae973129e125fcf1a32b8d3b56e41df0e9	SEM-134B52A95975	IMP-DL-D148B51FB7-P024	2	IMP-DL-D148B51FB7-P024;IMP-M3-5A5277EBFB-P024	Downloads/theory-of-differential-geometry-4.tex;MATH_ALLS-3/theory-of-differential-geometry-4.tex	Downloads;MATH_ALLS-3	PROBLEM	3	IMP-DL-D148B51FB7-S016;IMP-M3-5A5277EBFB-S016		YES	NEEDS_EDITORIAL_REVIEW
13604320d4852544563538fc924fca7e88af11851c55bacfc22d46d079b13c23	SEM-13604320D485	IMP-DL-0E1AFE9FFD-P006	8	IMP-DL-0E1AFE9FFD-P006;IMP-DL-141F3478CC-P006;IMP-DL-AA5DDA8809-P006;IMP-DL-FB19C24E92-P006;IMP-M2-2BDEE85382-P006;IMP-M2-6F2E5F9B11-P006;IMP-M2-7785C781E9-P006;IMP-M2-F295E7C0B9-P006	Downloads/theory-of-complex-analysis-all-maps-all.tex;Downloads/theory-of-complex-analysis-all-maps-all2.tex;Downloads/theory-of-complex-analysis-all-maps.tex;Downloads/theory-of-complex-analysis-all.tex;MATH-ALLS-2/theory-of-complex-analysis-all-maps-all.tex;MATH-ALLS-2/theory-of-complex-analysis-all-maps-all2.tex;MATH-ALLS-2/theory-of-complex-analysis-all-maps.tex;MATH-ALLS-2/theory-of-complex-analysis-all.tex	Downloads;MATH-ALLS-2	PROBLEM	6			NO	NEEDS_EDITORIAL_REVIEW
136865eca965779d2b37f8e7bb733fe8c78e174e66a3d538d862bcba694b5a12	SEM-136865ECA965	IMP-DL-A99C7658F3-P004	1	IMP-DL-A99C7658F3-P004	Downloads/theory-of-algebraic-geometry-2.tex	Downloads	WORKED_EXAMPLE				NO	NEEDS_EDITORIAL_REVIEW
137d27b0337b9fa31ee0314a9759da8c2130ed20858cce20bc00d353f9a0f329	SEM-137D27B0337B	IMP-DL-31FF76D7B8-P002	1	IMP-DL-31FF76D7B8-P002	Downloads/theory-of-algebraic-topology-16.tex	Downloads	WORKED_EXAMPLE	2			NO	NEEDS_EDITORIAL_REVIEW
139f23f6ec232e61614fd9224717f775da2c6d81eac4b5436520235404237b9c	SEM-139F23F6EC23	IMP-DL-BD3A6D53D0-P024	3	IMP-DL-BD3A6D53D0-P024;IMP-M2-E2BE0561BD-P024;IMP-M3-0F6B7A59EB-P024	Downloads/theory-of-differential-geometry-2.tex;MATH-ALLS-2/theory-of-differential-geometry-2.tex;MATH_ALLS-3/theory-of-differential-geometry-2.tex	Downloads;MATH-ALLS-2;MATH_ALLS-3	PROBLEM	8(b)	IMP-DL-BD3A6D53D0-S024;IMP-M2-E2BE0561BD-S024;IMP-M3-0F6B7A59EB-S024		YES	NEEDS_EDITORIAL_REVIEW
13b597ef3e09e86619db23d15275018f3b8e3556240db41223e0c0d7952e2810	SEM-13B597EF3E09	IMP-DL-35223EB1F7-P021	2	IMP-DL-35223EB1F7-P021;IMP-DL-35223EB1F7-R002592-13B597EF	Downloads/theory-of-algebraic-topology-6.tex	Downloads	EXAMPLE;WORKED_EXAMPLE				NO	NEEDS_EDITORIAL_REVIEW
13f2a7ef87b1f091c29f1e87503f7edbf96a53d76e03e318b0280ea2ef013382	SEM-13F2A7EF87B1	IMP-DL-0AC5ADA26C-P021	1	IMP-DL-0AC5ADA26C-P021	Downloads/theory-of-algebraic-topology-8.tex	Downloads	WORKED_EXAMPLE	2			NO	NEEDS_EDITORIAL_REVIEW
140ee8e4f485bb4b96ad99999b92084aefd15cfabc208e78b50bc6c321a1e7f0	SEM-140EE8E4F485	IMP-DL-314EAD1F3C-R002324-140EE8E4	1	IMP-DL-314EAD1F3C-R002324-140EE8E4	Downloads/theory-of-algebraic-topology-12.tex	Downloads	EXAMPLE	12.5.			NO	NEEDS_EDITORIAL_REVIEW
142d7ca3bc6f4be8a92403616219fc1718cbadd5eef49bd337e27793d610a505	SEM-142D7CA3BC6F	IMP-DL-E12021E60A-P033	1	IMP-DL-E12021E60A-P033	Downloads/theory-of-algebraic-topology-17.tex	Downloads	WORKED_EXAMPLE	3.3			NO	NEEDS_EDITORIAL_REVIEW
14357183e136a7c770ae0867f3a0b6bb1d8fb599e9b7acc5c4235ae9dbe86ca9	SEM-14357183E136	IMP-DL-98972A6B93-P020	2	IMP-DL-98972A6B93-P020;IMP-M2-355EA0996F-P020	Downloads/theory-of-geometry-II.tex;MATH-ALLS-2/theory-of-geometry-II.tex	Downloads;MATH-ALLS-2	PROBLEM_ITEM				NO	NEEDS_EDITORIAL_REVIEW
1446bec667c7eff692a0f2dc68d91dab8146b314c9e4143f7d940cda4b0609ff	SEM-1446BEC667C7	IMP-DL-D4351A3BBD-P027	2	IMP-DL-D4351A3BBD-P027;IMP-M2-721AD91C7F-P027	Downloads/theory-of-geometry-IV.tex;MATH-ALLS-2/theory-of-geometry-IV.tex	Downloads;MATH-ALLS-2	PROBLEM_ITEM				NO	NEEDS_EDITORIAL_REVIEW
1447f4886482da9976f67ae24f0a0c273310f49b4ad33fad497e9234b7662758	SEM-1447F4886482	IMP-DL-40C58AD550-P002	1	IMP-DL-40C58AD550-P002	Downloads/theory-of-algebraic-geometry-4.tex	Downloads	WORKED_EXAMPLE				NO	NEEDS_EDITORIAL_REVIEW
145b0fdf566ce67e53a7cc746c6f9387680e6273eec1a316b91499fbe645d1fe	SEM-145B0FDF566C	IMP-DL-8D5CF4CFBA-P027	2	IMP-DL-8D5CF4CFBA-P027;IMP-M3-89937139FC-P027	Downloads/theory-of-linear-algebra-2.tex;MATH_ALLS-3/theory-of-linear-algebra-2.tex	Downloads;MATH_ALLS-3	PROBLEM	10	IMP-DL-8D5CF4CFBA-S036;IMP-M3-89937139FC-S036		YES	NEEDS_EDITORIAL_REVIEW
1461bb965b9cb02e22a5c864dbe2310caef7273b307e14147d8e5e469238cd62	SEM-1461BB965B9C	IMP-DL-117191C0EC-P014	2	IMP-DL-117191C0EC-P014;IMP-M2-40A546CAA2-P014	Downloads/theory-of-analysis-topics.tex;MATH-ALLS-2/theory-of-analysis-topics.tex	Downloads;MATH-ALLS-2	WORKED_EXAMPLE	2			NO	NEEDS_EDITORIAL_REVIEW
147359c6a9a157f8d8223f46e7d91f645d665d6f11ca61eaf93652fb39c7ba8c	SEM-147359C6A9A1	IMP-DL-35223EB1F7-R001875-147359C6	1	IMP-DL-35223EB1F7-R001875-147359C6	Downloads/theory-of-algebraic-topology-6.tex	Downloads	PROBLEM	10	IMP-DL-35223EB1F7-S006		YES	NEEDS_EDITORIAL_REVIEW
149f9e5eca98d401c51719febff0ea8c944632919f5d4e853f07a3b5782bf3e8	SEM-149F9E5ECA98	IMP-DL-494D52343C-P007	4	IMP-DL-494D52343C-P007;IMP-DL-57AE2A96C2-P007;IMP-M3-53FA653D33-P007;IMP-M3-A9D1475E81-P007	Downloads/theory-of-commutative-algebra-7 - Copy.tex;Downloads/theory-of-commutative-algebra-7.tex;MATH_ALLS-3/theory-of-commutative-algebra-7 - Copy.tex;MATH_ALLS-3/theory-of-commutative-algebra-7.tex	Downloads;MATH_ALLS-3	WORKED_EXAMPLE	2			NO	NEEDS_EDITORIAL_REVIEW
14bc897619875955a7c22a104cfb19c5098351fe220f4e9467d93fc1bcc1640f	SEM-14BC89761987	IMP-DL-E88547CF67-P032	2	IMP-DL-E88547CF67-P032;IMP-M2-80D8AED0FF-P032	Downloads/theory-of-geometry-3.tex;MATH-ALLS-2/theory-of-geometry-3.tex	Downloads;MATH-ALLS-2	PROBLEM	12.	IMP-DL-E88547CF67-S015;IMP-M2-80D8AED0FF-S015		YES	NEEDS_EDITORIAL_REVIEW
14cc35d3177fc4b56571a30ad3c99f73238e54aa5dd21f8d5c691da6743dfd01	SEM-14CC35D3177F	IMP-DL-873C6F4098-P031	2	IMP-DL-873C6F4098-P031;IMP-M2-CFC28ED568-P031	Downloads/theory-of-analysis-II.tex;MATH-ALLS-2/theory-of-analysis-II.tex	Downloads;MATH-ALLS-2	PROBLEM	3	IMP-DL-873C6F4098-S008;IMP-M2-CFC28ED568-S008		YES	NEEDS_EDITORIAL_REVIEW
14e1a9cda566455a6532e6f74b77351e02a8c40deb949b5549e53ec698d2aaa2	SEM-14E1A9CDA566	IMP-DL-0A181AC273-P003	2	IMP-DL-0A181AC273-P003;IMP-M2-80AFB5AE64-P003	Downloads/theory-of-complex-analysis.tex;MATH-ALLS-2/theory-of-complex-analysis.tex	Downloads;MATH-ALLS-2	EXERCISE_ITEM				NO	NEEDS_EDITORIAL_REVIEW
14e42314a2774e1ada983586f40fa3ccbcf97b706d26b7f72933845b439c755a	SEM-14E42314A277	IMP-DL-A978FB3162-P084	1	IMP-DL-A978FB3162-P084	Downloads/theory-of-algebraic-topology-4.tex	Downloads	WORKED_EXAMPLE	3			NO	NEEDS_EDITORIAL_REVIEW
151fc8e42cefdff154e37302da8711a1caaa1cb4d614d8722877939b1300ef2c	SEM-151FC8E42CEF	IMP-DL-98972A6B93-P033	2	IMP-DL-98972A6B93-P033;IMP-M2-355EA0996F-P033	Downloads/theory-of-geometry-II.tex;MATH-ALLS-2/theory-of-geometry-II.tex	Downloads;MATH-ALLS-2	PROBLEM_ITEM				NO	NEEDS_EDITORIAL_REVIEW
15400b9e56e9e040a164397a95af2f4109b7fbe250e93e3ca9595ac73a82eab0	SEM-15400B9E56E9	IMP-DL-592BD0798C-P029	2	IMP-DL-592BD0798C-P029;IMP-M3-1FB8799CDC-P029	Downloads/theory-of-commutative-algebra-8.tex;MATH_ALLS-3/theory-of-commutative-algebra-8.tex	Downloads;MATH_ALLS-3	WORKED_EXAMPLE				NO	NEEDS_EDITORIAL_REVIEW
155f83503c23e03af984cb163b0c3e6b69c80a1f8f7a9f15a5bd2ee9cdf4d283	SEM-155F83503C23	IMP-DL-3C59D9EE8B-P040	2	IMP-DL-3C59D9EE8B-P040;IMP-M3-D1A916E0DD-P040	Downloads/theory-of-commutative-algebra-5-professional-v2.tex;MATH_ALLS-3/theory-of-commutative-algebra-5-professional-v2.tex	Downloads;MATH_ALLS-3	PROBLEM_ITEM				NO	NEEDS_EDITORIAL_REVIEW
159f6e4e1ba7f6b294d67ffd5e7b656b141180ee5beeb43ec77abcb1bc900835	SEM-159F6E4E1BA7	IMP-DL-E12021E60A-P025	1	IMP-DL-E12021E60A-P025	Downloads/theory-of-algebraic-topology-17.tex	Downloads	WORKED_EXAMPLE	1.2			NO	NEEDS_EDITORIAL_REVIEW
15c5956347a270d3f4d7e01ca2df8766517c50e7671a0b35b4851acbad8ada2f	SEM-15C5956347A2	IMP-DL-3C59D9EE8B-P073	2	IMP-DL-3C59D9EE8B-P073;IMP-M3-D1A916E0DD-P073	Downloads/theory-of-commutative-algebra-5-professional-v2.tex;MATH_ALLS-3/theory-of-commutative-algebra-5-professional-v2.tex	Downloads;MATH_ALLS-3	PROBLEM_ITEM				NO	NEEDS_EDITORIAL_REVIEW
15eec76bdbd4fc71d65269b5a5c0afcd83bcfea4873b69beea0560c369989d6b	SEM-15EEC76BDBD4	IMP-DL-11EDF39EA7-P020	2	IMP-DL-11EDF39EA7-P020;IMP-M2-68556E3D88-P020	Downloads/theory-of-analysis-FD2.tex;MATH-ALLS-2/theory-of-analysis-FD2.tex	Downloads;MATH-ALLS-2	EXERCISE	5.3			NO	NEEDS_EDITORIAL_REVIEW
1609962834c5518c054d45bd7892475ad4916e5aa69c926eceb1a7d03c18f8f0	SEM-1609962834C5	IMP-DL-724FD8B7B1-P012	2	IMP-DL-724FD8B7B1-P012;IMP-M3-51E6A44D55-P012	Downloads/theory-of-commutative-algebra-1.tex;MATH_ALLS-3/theory-of-commutative-algebra-1.tex	Downloads;MATH_ALLS-3	PROBLEM		IMP-DL-724FD8B7B1-S012;IMP-M3-51E6A44D55-S012		YES	NEEDS_EDITORIAL_REVIEW
1619d214ad3bfe9a54f94be4cdfb620a563ec49084aca5222833e775eb46508f	SEM-1619D214AD3B	IMP-DL-ACE5A65961-SPR004189-1619D214	2	IMP-DL-ACE5A65961-SPR004189-1619D214;IMP-M3-251F2514E1-SPR004189-1619D214	Downloads/theory-of-commutative-algebra-2.tex;MATH_ALLS-3/theory-of-commutative-algebra-2.tex	Downloads;MATH_ALLS-3	EXAMPLE	6			NO	NEEDS_EDITORIAL_REVIEW
162109840cb822e44b67a8408fec5f90e3526ea506994cd24ac879e044062fed	SEM-162109840CB8	IMP-DL-14663C23F1-P003	2	IMP-DL-14663C23F1-P003;IMP-M2-155017A9AF-P003	Downloads/theory-of-geometry-III.tex;MATH-ALLS-2/theory-of-geometry-III.tex	Downloads;MATH-ALLS-2	PROBLEM	3	IMP-DL-14663C23F1-S001;IMP-M2-155017A9AF-S001		YES	NEEDS_EDITORIAL_REVIEW
16226a55d20058ab4405aebbfdabb91dc3342cc72b7c7ce1ba5989c2d4f179e6	SEM-16226A55D200	IMP-DL-35223EB1F7-R002873-16226A55	1	IMP-DL-35223EB1F7-R002873-16226A55	Downloads/theory-of-algebraic-topology-6.tex	Downloads	EXAMPLE	4			NO	NEEDS_EDITORIAL_REVIEW
162d2c854ff300dc0e7b49afbc4f2661af8a0b4f456d1d75426f55e5c6253b4a	SEM-162D2C854FF3	IMP-DL-11EDF39EA7-P006	2	IMP-DL-11EDF39EA7-P006;IMP-M2-68556E3D88-P006	Downloads/theory-of-analysis-FD2.tex;MATH-ALLS-2/theory-of-analysis-FD2.tex	Downloads;MATH-ALLS-2	EXERCISE	3.4.	IMP-DL-11EDF39EA7-S004;IMP-M2-68556E3D88-S004		YES	NEEDS_EDITORIAL_REVIEW
164bfe5c9af7b442494d5ca16dfd5d705dc077be5946a4094bf19bf45e7c9239	SEM-164BFE5C9AF7	IMP-DL-3C59D9EE8B-P014	2	IMP-DL-3C59D9EE8B-P014;IMP-M3-D1A916E0DD-P014	Downloads/theory-of-commutative-algebra-5-professional-v2.tex;MATH_ALLS-3/theory-of-commutative-algebra-5-professional-v2.tex	Downloads;MATH_ALLS-3	PROBLEM_ITEM				NO	NEEDS_EDITORIAL_REVIEW
164c8cbbd73627e199f22e28443a8a9aaaaeec8ba0282331e7b2bc2a682ed23b	SEM-164C8CBBD736	IMP-DL-2370D81D66-P019	2	IMP-DL-2370D81D66-P019;IMP-M2-D036BAB254-P019	Downloads/theory-of-analysis-FD.tex;MATH-ALLS-2/theory-of-analysis-FD.tex	Downloads;MATH-ALLS-2	EXERCISE_ITEM				NO	NEEDS_EDITORIAL_REVIEW
1667f92595757df5045be84cc62aa704ec7ab73aa4efd955c2a0433eafaa18e4	SEM-1667F9259575	IMP-DL-D148B51FB7-P006	2	IMP-DL-D148B51FB7-P006;IMP-M3-5A5277EBFB-P006	Downloads/theory-of-differential-geometry-4.tex;MATH_ALLS-3/theory-of-differential-geometry-4.tex	Downloads;MATH_ALLS-3	WORKED_EXAMPLE				NO	NEEDS_EDITORIAL_REVIEW
1674986b5284671d3b1fa6da4e7a77f3f0ecd1f23f9c13a1cd982f5879700de0	SEM-1674986B5284	IMP-DL-2370D81D66-P062	2	IMP-DL-2370D81D66-P062;IMP-M2-D036BAB254-P062	Downloads/theory-of-analysis-FD.tex;MATH-ALLS-2/theory-of-analysis-FD.tex	Downloads;MATH-ALLS-2	EXERCISE_ITEM				NO	NEEDS_EDITORIAL_REVIEW
16c12f68adc7327cdec204207ec2063c5aa3fca2bad8bacc4b5277acafb1ff22	SEM-16C12F68ADC7	IMP-DL-3190BA882C-P034	1	IMP-DL-3190BA882C-P034	Downloads/theory-of-commutative-algebra-15.tex	Downloads	WORKED_EXAMPLE				NO	NEEDS_EDITORIAL_REVIEW
16d480fa1bc5e456fe0907097f67b77afab92f0211457b7d7d1841d204490d7a	SEM-16D480FA1BC5	IMP-DL-1068DBED71-P058	4	IMP-DL-1068DBED71-P058;IMP-DL-CAA415139D-P058;IMP-M3-F4E66B2919-P058;IMP-M3-FCB1647DD6-P058	Downloads/theory-of-commutative-algebra-10.tex;Downloads/theory-of-commutative-algebra-9.tex;MATH_ALLS-3/theory-of-commutative-algebra-10.tex;MATH_ALLS-3/theory-of-commutative-algebra-9.tex	Downloads;MATH_ALLS-3	WORKED_EXAMPLE				NO	NEEDS_EDITORIAL_REVIEW
172862512450d9a62422fb35d79213af32e9916d8949fb2083649433ba8165aa	SEM-172862512450	IMP-DL-A99C7658F3-P001	1	IMP-DL-A99C7658F3-P001	Downloads/theory-of-algebraic-geometry-2.tex	Downloads	PROBLEM	7.	IMP-DL-A99C7658F3-S001		YES	NEEDS_EDITORIAL_REVIEW
17343dddfceb3659e5e56717b498c216a0d3e2a7763ac05a4a3c8d04e28aae9d	SEM-17343DDDFCEB	IMP-DL-ACE5A65961-SPR004213-17343DDD	2	IMP-DL-ACE5A65961-SPR004213-17343DDD;IMP-M3-251F2514E1-SPR004213-17343DDD	Downloads/theory-of-commutative-algebra-2.tex;MATH_ALLS-3/theory-of-commutative-algebra-2.tex	Downloads;MATH_ALLS-3	EXAMPLE	7			NO	NEEDS_EDITORIAL_REVIEW
17443051fec3e9ebc15127bc8fe176aff0eecb05a501d4c2db69e5230fe9ae13	SEM-17443051FEC3	IMP-DL-38CE6DEB56-P027	2	IMP-DL-38CE6DEB56-P027;IMP-M3-D19BB3C803-P027	Downloads/theory-of-commutative-algebra-14.tex;MATH_ALLS-3/theory-of-commutative-algebra-14.tex	Downloads;MATH_ALLS-3	WORKED_EXAMPLE	24			NO	NEEDS_EDITORIAL_REVIEW
176399f1d4950e3360f74bd6c03264a93dfeb5fcd39cdf7097f55805e59425af	SEM-176399F1D495	IMP-DL-1608308E70-P017	1	IMP-DL-1608308E70-P017	Downloads/theory-of-algebraic-topology-14.tex	Downloads	WORKED_EXAMPLE	12			NO	NEEDS_EDITORIAL_REVIEW
178b629ff10ef890c5c88a539a4909a2cf2a7e952db9c1d1bc1e3e52fbf62218	SEM-178B629FF10E	IMP-DL-117191C0EC-P008	2	IMP-DL-117191C0EC-P008;IMP-M2-40A546CAA2-P008	Downloads/theory-of-analysis-topics.tex;MATH-ALLS-2/theory-of-analysis-topics.tex	Downloads;MATH-ALLS-2	PROBLEM	5	IMP-DL-117191C0EC-S004;IMP-M2-40A546CAA2-S004		YES	NEEDS_EDITORIAL_REVIEW
17910d63ae78647b209c39a2b098052d15006b4838c559f6d7180213d9dc0ea0	SEM-17910D63AE78	IMP-DL-2E134BF207-P041	1	IMP-DL-2E134BF207-P041	Downloads/theory-of-algebraic-topology-5.tex	Downloads	PROBLEM_ITEM				NO	NEEDS_EDITORIAL_REVIEW
17c7254fd52580756d37e53ebf31798c53f135b5300d0282b186529db86d3398	SEM-17C7254FD525	IMP-DL-A978FB3162-P027	1	IMP-DL-A978FB3162-P027	Downloads/theory-of-algebraic-topology-4.tex	Downloads	PROBLEM_ITEM				NO	NEEDS_EDITORIAL_REVIEW
17d028be3c5864a9d1ad8915402c76ef1219587b19693641414354ab52a73ab8	SEM-17D028BE3C58	IMP-DL-2E134BF207-P055	1	IMP-DL-2E134BF207-P055	Downloads/theory-of-algebraic-topology-5.tex	Downloads	PROBLEM_ITEM				NO	NEEDS_EDITORIAL_REVIEW
181449ebefb7b2acc7c862698a09208abd725e57752ded95a644dace85e2d3b3	SEM-181449EBEFB7	IMP-DL-98972A6B93-P024	2	IMP-DL-98972A6B93-P024;IMP-M2-355EA0996F-P024	Downloads/theory-of-geometry-II.tex;MATH-ALLS-2/theory-of-geometry-II.tex	Downloads;MATH-ALLS-2	PROBLEM	E2	IMP-DL-98972A6B93-S003;IMP-M2-355EA0996F-S003		YES	NEEDS_EDITORIAL_REVIEW
182b3d1e85f938bd5a4c2c568c0ff1571fda94865380694a15ea6ab9bb3bfd2b	SEM-182B3D1E85F9	IMP-DL-38CE6DEB56-P037	2	IMP-DL-38CE6DEB56-P037;IMP-M3-D19BB3C803-P037	Downloads/theory-of-commutative-algebra-14.tex;MATH_ALLS-3/theory-of-commutative-algebra-14.tex	Downloads;MATH_ALLS-3	EXERCISE	5	IMP-DL-38CE6DEB56-S005;IMP-M3-D19BB3C803-S005		YES	NEEDS_EDITORIAL_REVIEW
1839231a1dacb1545f18a194de4dc8e25b653e19917f4c83f584c2b7510c6482	SEM-1839231A1DAC	IMP-DL-2E134BF207-P054	1	IMP-DL-2E134BF207-P054	Downloads/theory-of-algebraic-topology-5.tex	Downloads	PROBLEM_ITEM				NO	NEEDS_EDITORIAL_REVIEW
185ef964e490b6dda0c9b3b4c704507380a8125f74bd5c7eaa7790b79617bcfd	SEM-185EF964E490	IMP-DL-D27460A55B-F2R001690-185EF964	1	IMP-DL-D27460A55B-F2R001690-185EF964	Downloads/theory-of-algebraic-geometry-5.tex	Downloads	EXAMPLE	6			NO	NEEDS_EDITORIAL_REVIEW
186bb5f7f43b1076f6f7c985363b11923e5c3db074d959a2ae08d63bc51b87eb	SEM-186BB5F7F43B	IMP-DL-EAE0F59552-PSR002030-186BB5F7	2	IMP-DL-EAE0F59552-PSR002030-186BB5F7;IMP-M2-7EA9DA1D72-PSR002030-186BB5F7	Downloads/theory-of-analysis-topology.tex;MATH-ALLS-2/theory-of-analysis-topology.tex	Downloads;MATH-ALLS-2	PROBLEM				NO	NEEDS_EDITORIAL_REVIEW
18973f5ea74a1ee0bf557587f0ac63d20cbcd99f5f9b09e6c795590f8f74fee9	SEM-18973F5EA74A	IMP-DL-316AE183C3-P018	2	IMP-DL-316AE183C3-P018;IMP-M2-303BB87ACE-P018	Downloads/theory-of-analysis-functions.tex;MATH-ALLS-2/theory-of-analysis-functions.tex	Downloads;MATH-ALLS-2	EXERCISE_ITEM	(a)			NO	NEEDS_EDITORIAL_REVIEW
18acb23a3215fcf960e023c9507c715acd89f696f6772e08050d0003ae43cc5e	SEM-18ACB23A3215	IMP-DL-0EB9CBD958-P051	2	IMP-DL-0EB9CBD958-P051;IMP-M2-F4C85D52DC-P051	Downloads/theory-of-geometry.tex;MATH-ALLS-2/theory-of-geometry.tex	Downloads;MATH-ALLS-2	PROBLEM_ITEM				NO	NEEDS_EDITORIAL_REVIEW
18aee5f5ca470736226ae4cc6e6eaab1640ca5dc4f24b635da3c9acab6ab6cff	SEM-18AEE5F5CA47	IMP-DL-6B513C0C2F-PSR001026-18AEE5F5	1	IMP-DL-6B513C0C2F-PSR001026-18AEE5F5	Downloads/theory-of-algebraic-geometry-10.tex	Downloads	EXAMPLE	3			NO	NEEDS_EDITORIAL_REVIEW
18b94affa314c5c387ff3804cda13ac311104fe783ff613af4ee6882ada541f2	SEM-18B94AFFA314	IMP-DL-E12021E60A-P004	1	IMP-DL-E12021E60A-P004	Downloads/theory-of-algebraic-topology-17.tex	Downloads	WORKED_EXAMPLE	8.2			NO	NEEDS_EDITORIAL_REVIEW
18f6c2a78533a3d324606ba4341d2d8d6d87cacbbd7af4f1fa139103a052f954	SEM-18F6C2A78533	IMP-DL-6B513C0C2F-P001	1	IMP-DL-6B513C0C2F-P001	Downloads/theory-of-algebraic-geometry-10.tex	Downloads	PROBLEM	1	IMP-DL-6B513C0C2F-S002		YES	NEEDS_EDITORIAL_REVIEW
1904bda5ccd22fe8a7889118ea6d353f48a7af580bbb56d6f789004c1c2f28d1	SEM-1904BDA5CCD2	IMP-DL-A978FB3162-P069	1	IMP-DL-A978FB3162-P069	Downloads/theory-of-algebraic-topology-4.tex	Downloads	PROBLEM_ITEM				NO	NEEDS_EDITORIAL_REVIEW
194260b77258873c505041bf5679bb39b581b599cf18d5c81195f8bfc6994dcd	SEM-194260B77258	IMP-DL-0AC5ADA26C-P011	1	IMP-DL-0AC5ADA26C-P011	Downloads/theory-of-algebraic-topology-8.tex	Downloads	WORKED_EXAMPLE	1			NO	NEEDS_EDITORIAL_REVIEW
1943f7f33d26ceba2620e28cae0e7f780915bb9b55144c1fc589a683d8b1c01e	SEM-1943F7F33D26	IMP-DL-CB3C80FF97-P021	2	IMP-DL-CB3C80FF97-P021;IMP-M2-7B5A4788C1-P021	Downloads/theory-of-complex-analysis-topology.tex;MATH-ALLS-2/theory-of-complex-analysis-topology.tex	Downloads;MATH-ALLS-2	PROBLEM_ITEM		IMP-DL-CB3C80FF97-S014;IMP-M2-7B5A4788C1-S014		YES	NEEDS_EDITORIAL_REVIEW
197404b6501dd0067e86bbffba55c151bdb3a052e00c4c3556e0ff006bc0e0e9	SEM-197404B6501D	IMP-DL-3C59D9EE8B-P080	2	IMP-DL-3C59D9EE8B-P080;IMP-M3-D1A916E0DD-P080	Downloads/theory-of-commutative-algebra-5-professional-v2.tex;MATH_ALLS-3/theory-of-commutative-algebra-5-professional-v2.tex	Downloads;MATH_ALLS-3	PROBLEM_ITEM				NO	NEEDS_EDITORIAL_REVIEW
197bc75440fa704fb10c5d8316f58128ff49561cf0ba05de66e685d234573de5	SEM-197BC75440FA	IMP-DL-18BC6F795C-P034	1	IMP-DL-18BC6F795C-P034	Downloads/theory-of-algebraic-topology-9.tex	Downloads	WORKED_EXAMPLE	16			NO	NEEDS_EDITORIAL_REVIEW
19e19984a1f08ac73bc44bff62631d47f617ea8dc93e4844f268544bdd9de16c	SEM-19E19984A1F0	IMP-DL-873C6F4098-P099	2	IMP-DL-873C6F4098-P099;IMP-M2-CFC28ED568-P099	Downloads/theory-of-analysis-II.tex;MATH-ALLS-2/theory-of-analysis-II.tex	Downloads;MATH-ALLS-2	PROBLEM_ITEM				NO	NEEDS_EDITORIAL_REVIEW
1a3e9de050fdcef138aded0f0d80dae10f3f44aba418c45f87e6d07aae0b5428	SEM-1A3E9DE050FD	IMP-DL-117191C0EC-P046	2	IMP-DL-117191C0EC-P046;IMP-M2-40A546CAA2-P046	Downloads/theory-of-analysis-topics.tex;MATH-ALLS-2/theory-of-analysis-topics.tex	Downloads;MATH-ALLS-2	PROBLEM	7			NO	NEEDS_EDITORIAL_REVIEW
1a50735de37fc23290cecb81c3470cccc49250b76710fe9b1b4a28bede540d98	SEM-1A50735DE37F	IMP-DL-873C6F4098-P062	2	IMP-DL-873C6F4098-P062;IMP-M2-CFC28ED568-P062	Downloads/theory-of-analysis-II.tex;MATH-ALLS-2/theory-of-analysis-II.tex	Downloads;MATH-ALLS-2	PROBLEM				NO	NEEDS_EDITORIAL_REVIEW
1a93a8d6c6aa740958aeb6ae2eb01d72a9d4810f59eeb663347b579f4b08ec8c	SEM-1A93A8D6C6AA	IMP-DL-2E134BF207-P015	1	IMP-DL-2E134BF207-P015	Downloads/theory-of-algebraic-topology-5.tex	Downloads	PROBLEM_ITEM				NO	NEEDS_EDITORIAL_REVIEW
1ab38f6b6098b49cb55e5654702d26e348dd7a7e7d7434456ab88fb28d580e1f	SEM-1AB38F6B6098	IMP-DL-E12021E60A-P021	1	IMP-DL-E12021E60A-P021	Downloads/theory-of-algebraic-topology-17.tex	Downloads	WORKED_EXAMPLE	2			NO	NEEDS_EDITORIAL_REVIEW
1abbce93cd6a4d8517f08e8397d354bffa524b9147bdae6fb40f53739d4ed28f	SEM-1ABBCE93CD6A	IMP-DL-18BC6F795C-P028	1	IMP-DL-18BC6F795C-P028	Downloads/theory-of-algebraic-topology-9.tex	Downloads	WORKED_EXAMPLE	10			NO	NEEDS_EDITORIAL_REVIEW
1ac2e18025b04ab43d5949ab2a4088639734913cb171180aaf3bfdb634a56902	SEM-1AC2E18025B0	IMP-DL-873C6F4098-P053	2	IMP-DL-873C6F4098-P053;IMP-M2-CFC28ED568-P053	Downloads/theory-of-analysis-II.tex;MATH-ALLS-2/theory-of-analysis-II.tex	Downloads;MATH-ALLS-2	PROBLEM_ITEM	(c)			NO	NEEDS_EDITORIAL_REVIEW
1acb2ca70335a7e1c9b784e44a8c96ef0cf8c676cbb6110fe898ab8cdc3f34da	SEM-1ACB2CA70335	IMP-DL-0EB9CBD958-P041	2	IMP-DL-0EB9CBD958-P041;IMP-M2-F4C85D52DC-P041	Downloads/theory-of-geometry.tex;MATH-ALLS-2/theory-of-geometry.tex	Downloads;MATH-ALLS-2	PROOF_EXERCISE_CANDIDATE				NO	NEEDS_EDITORIAL_REVIEW
1af0858e0feb42fc48529fe598bb5eb8c9b4d712da9f2d06b5d08b6c72fc7aa6	SEM-1AF0858E0FEB	IMP-DL-D148B51FB7-P017	2	IMP-DL-D148B51FB7-P017;IMP-M3-5A5277EBFB-P017	Downloads/theory-of-differential-geometry-4.tex;MATH_ALLS-3/theory-of-differential-geometry-4.tex	Downloads;MATH_ALLS-3	PROBLEM	8	IMP-DL-D148B51FB7-S008;IMP-M3-5A5277EBFB-S008		YES	NEEDS_EDITORIAL_REVIEW
1af1c70098027e82a3236c1154e6c263c447df5167f10efad00aed05266cc099	SEM-1AF1C7009802	IMP-DL-316AE183C3-P001	2	IMP-DL-316AE183C3-P001;IMP-M2-303BB87ACE-P001	Downloads/theory-of-analysis-functions.tex;MATH-ALLS-2/theory-of-analysis-functions.tex	Downloads;MATH-ALLS-2	PROBLEM	1			NO	NEEDS_EDITORIAL_REVIEW
1af976afde0ba159ed4bb0bef1260f1145d0070dbfb959e5356160317242f7d6	SEM-1AF976AFDE0B	IMP-DL-3C59D9EE8B-P046	2	IMP-DL-3C59D9EE8B-P046;IMP-M3-D1A916E0DD-P046	Downloads/theory-of-commutative-algebra-5-professional-v2.tex;MATH_ALLS-3/theory-of-commutative-algebra-5-professional-v2.tex	Downloads;MATH_ALLS-3	PROBLEM_ITEM				NO	NEEDS_EDITORIAL_REVIEW
1b1a4b26fa6b3c3e6620569755d6faa8b378e4dc86014c55040df30706db8e9b	SEM-1B1A4B26FA6B	IMP-DL-D18914CBBD-P027	2	IMP-DL-D18914CBBD-P027;IMP-M3-78B3C1B707-P027	Downloads/theory-of-commutative-algebra-11.tex;MATH_ALLS-3/theory-of-commutative-algebra-11.tex	Downloads;MATH_ALLS-3	WORKED_EXAMPLE	5			NO	NEEDS_EDITORIAL_REVIEW
1b1a677d17163427a162cccf0b3044b40e78aaf8b67d13a8f22f497247c42b93	SEM-1B1A677D1716	IMP-DL-35223EB1F7-R003004-1B1A677D	1	IMP-DL-35223EB1F7-R003004-1B1A677D	Downloads/theory-of-algebraic-topology-6.tex	Downloads	EXAMPLE	4			NO	NEEDS_EDITORIAL_REVIEW
1b200f8fa8e5ba97afbe033aeb2b4ccd1e29a1ee3c576eb7934f1fc90fe5a626	SEM-1B200F8FA8E5	IMP-DL-11EDF39EA7-P014	2	IMP-DL-11EDF39EA7-P014;IMP-M2-68556E3D88-P014	Downloads/theory-of-analysis-FD2.tex;MATH-ALLS-2/theory-of-analysis-FD2.tex	Downloads;MATH-ALLS-2	EXERCISE	4.3			NO	NEEDS_EDITORIAL_REVIEW
1b5f515b95ef6284c3e11f6a8be27a4ec507d0835ca5f095d8acc76098c880c7	SEM-1B5F515B95EF	IMP-DL-0EB9CBD958-P014	2	IMP-DL-0EB9CBD958-P014;IMP-M2-F4C85D52DC-P014	Downloads/theory-of-geometry.tex;MATH-ALLS-2/theory-of-geometry.tex	Downloads;MATH-ALLS-2	PROBLEM	3			NO	NEEDS_EDITORIAL_REVIEW
1b61d90041a59387f0c328b458bf8e9ffda685422a4c29beff677d6d339481b2	SEM-1B61D90041A5	IMP-DL-8016517B0A-P018	3	IMP-DL-8016517B0A-P018;IMP-M2-2B58694CBF-P018;IMP-M3-911366A7C5-P018	Downloads/theory-of-differential-geometry-1.tex;MATH-ALLS-2/theory-of-differential-geometry-1.tex;MATH_ALLS-3/theory-of-differential-geometry-1.tex	Downloads;MATH-ALLS-2;MATH_ALLS-3	PROBLEM_ITEM	Coordinate representative			NO	NEEDS_EDITORIAL_REVIEW
1ba99ea49a6684dd7b0ba28da2ef7ac1217106b272bdacbd27e3b6cde51dbb5b	SEM-1BA99EA49A66	IMP-DL-7A55205E2C-P013	2	IMP-DL-7A55205E2C-P013;IMP-M2-2D41E1011A-P013	Downloads/theory-of-geometry-4.tex;MATH-ALLS-2/theory-of-geometry-4.tex	Downloads;MATH-ALLS-2	PROBLEM	12			NO	NEEDS_EDITORIAL_REVIEW
1bab05c1efa726e718d09648785e2e314c2bc19bab87c112e7e5009868dfdad0	SEM-1BAB05C1EFA7	IMP-DL-8D5CF4CFBA-P025	2	IMP-DL-8D5CF4CFBA-P025;IMP-M3-89937139FC-P025	Downloads/theory-of-linear-algebra-2.tex;MATH_ALLS-3/theory-of-linear-algebra-2.tex	Downloads;MATH_ALLS-3	PROBLEM	8	IMP-DL-8D5CF4CFBA-S034;IMP-M3-89937139FC-S034		YES	NEEDS_EDITORIAL_REVIEW
1bb3ee5851be9d6582f8b89b50dfbdb8a549a7af6511451d6dce8897168bcaba	SEM-1BB3EE5851BE	IMP-DL-C3DACFE8A7-P005	1	IMP-DL-C3DACFE8A7-P005	Downloads/theory-of-algebraic-geometry-7.tex	Downloads	WORKED_EXAMPLE	5.			NO	NEEDS_EDITORIAL_REVIEW
1bb7131f73d753a28417d530f9ffa8b38ef2def3af3a74969270c1b4161e16da	SEM-1BB7131F73D7	IMP-DL-D4351A3BBD-P013	2	IMP-DL-D4351A3BBD-P013;IMP-M2-721AD91C7F-P013	Downloads/theory-of-geometry-IV.tex;MATH-ALLS-2/theory-of-geometry-IV.tex	Downloads;MATH-ALLS-2	PROBLEM_ITEM				NO	NEEDS_EDITORIAL_REVIEW
1bbdb772559cdfeb2594f1b399f0c4411225cda85b3b85e4767e9fb9dd3bc2ff	SEM-1BBDB772559C	IMP-DL-18BC6F795C-P006	1	IMP-DL-18BC6F795C-P006	Downloads/theory-of-algebraic-topology-9.tex	Downloads	WORKED_EXAMPLE	5			NO	NEEDS_EDITORIAL_REVIEW
1bc0d15f3823fcaee0f8861bdc60e8d7e5023dec71a98dedbb855fd21089fc84	SEM-1BC0D15F3823	IMP-DL-07D84009EA-P011	16	IMP-DL-07D84009EA-P011;IMP-DL-162DBE4483-P011;IMP-DL-183AD43C4C-P011;IMP-DL-20E278E436-P011;IMP-DL-68F65EDA24-P011;IMP-DL-890EB1F6EA-P011;IMP-DL-995E0CD19D-P011;IMP-DL-E69AEC0DA9-P011;IMP-M2-0EAC31ED0B-P011;IMP-M2-1403D223C9-P011;IMP-M2-1750FF4FF7-P011;IMP-M2-1895C43FC6-P011;IMP-M2-50B0B212DD-P011;IMP-M2-6D7FCEA253-P011;IMP-M2-9CEC4F97B5-P011;IMP-M2-BC23C57F39-P011	Downloads/merged_exercises_FULL_v2 (1).tex;Downloads/merged_exercises_FULL_v2.tex;Downloads/merged_exercises_corrected (1).tex;Downloads/merged_exercises_corrected (2).tex;Downloads/merged_exercises_corrected (3).tex;Downloads/merged_exercises_corrected (4).tex;Downloads/merged_exercises_corrected.tex;Downloads/theory-of-real-analysis.tex;MATH-ALLS-2/merged_exercises_FULL_v2 (1).tex;MATH-ALLS-2/merged_exercises_FULL_v2.tex;MATH-ALLS-2/merged_exercises_corrected (1).tex;MATH-ALLS-2/merged_exercises_corrected (2).tex;MATH-ALLS-2/merged_exercises_corrected (3).tex;MATH-ALLS-2/merged_exercises_corrected (4).tex;MATH-ALLS-2/merged_exercises_corrected.tex;MATH-ALLS-2/theory-of-real-analysis.tex	Downloads;MATH-ALLS-2	EXERCISE	2.5			NO	NEEDS_EDITORIAL_REVIEW
1bc7328ebab0344a6271d929b67ac1316a04655eb9b931aaa0ac31f1188ef63b	SEM-1BC7328EBAB0	IMP-DL-E0B80C696E-P021	1	IMP-DL-E0B80C696E-P021	Downloads/theory-of-algebraic-topology-7.tex	Downloads	WORKED_EXAMPLE	3			NO	NEEDS_EDITORIAL_REVIEW
1bd0a7a4459092e9009233bb64215cf12c71deb89fb24ac03f004b21e4fc805d	SEM-1BD0A7A44590	IMP-DL-1608308E70-P019	1	IMP-DL-1608308E70-P019	Downloads/theory-of-algebraic-topology-14.tex	Downloads	WORKED_EXAMPLE	14			NO	NEEDS_EDITORIAL_REVIEW
1be85ef51305299466e1922df197be65ce212c48a8566aaefbfd15bfbb857546	SEM-1BE85EF51305	IMP-DL-31FF76D7B8-PSR005095-1BE85EF5	1	IMP-DL-31FF76D7B8-PSR005095-1BE85EF5	Downloads/theory-of-algebraic-topology-16.tex	Downloads	EXAMPLE	1			NO	NEEDS_EDITORIAL_REVIEW
1bec36203cc9dec6e160aec6ddcf82f6c88686e73b00848c779ab2ae9d906cc0	SEM-1BEC36203CC9	IMP-DL-14663C23F1-R001038-1BEC3620	2	IMP-DL-14663C23F1-R001038-1BEC3620;IMP-M2-155017A9AF-R001038-1BEC3620	Downloads/theory-of-geometry-III.tex;MATH-ALLS-2/theory-of-geometry-III.tex	Downloads;MATH-ALLS-2	PROBLEM	5			NO	NEEDS_EDITORIAL_REVIEW
1befdba5bf98fd989b6b0e52b19882499cb4e685fd6e0152b827e1df19ff9b77	SEM-1BEFDBA5BF98	IMP-DL-6447F1B120-P028	1	IMP-DL-6447F1B120-P028	Downloads/theory-of-algebraic-topology-11.tex	Downloads	PROBLEM_ITEM				NO	NEEDS_EDITORIAL_REVIEW
1bf3f1c65a5cf7247e3553689519b7279eaea68c3eec417aa519842b8ed9d629	SEM-1BF3F1C65A5C	IMP-DL-A5CEE6E541-P003	1	IMP-DL-A5CEE6E541-P003	Downloads/theory-of-algebraic-geometry-8.tex	Downloads	PROBLEM	3	IMP-DL-A5CEE6E541-S002		YES	NEEDS_EDITORIAL_REVIEW
1bfd9205bf574f09733c7375eed598e2de9a601afc2dfde24de5aaa4838f45d6	SEM-1BFD9205BF57	IMP-DL-0AC5ADA26C-P013	1	IMP-DL-0AC5ADA26C-P013	Downloads/theory-of-algebraic-topology-8.tex	Downloads	WORKED_EXAMPLE	3			NO	NEEDS_EDITORIAL_REVIEW
1bfe5c2d05fb390bddb2e650b4f2fbf959e69257eade8a01d8522540401b1c31	SEM-1BFE5C2D05FB	IMP-DL-6B513C0C2F-PSR003647-1BFE5C2D	1	IMP-DL-6B513C0C2F-PSR003647-1BFE5C2D	Downloads/theory-of-algebraic-geometry-10.tex	Downloads	EXAMPLE	5			NO	NEEDS_EDITORIAL_REVIEW
1c016c0e2b90032d4f76a039cb3ec87832b54301c6487c515b8400c827c354a2	SEM-1C016C0E2B90	IMP-DL-0EB9CBD958-P072	2	IMP-DL-0EB9CBD958-P072;IMP-M2-F4C85D52DC-P072	Downloads/theory-of-geometry.tex;MATH-ALLS-2/theory-of-geometry.tex	Downloads;MATH-ALLS-2	PROBLEM	E2	IMP-DL-0EB9CBD958-S015;IMP-M2-F4C85D52DC-S015		YES	NEEDS_EDITORIAL_REVIEW
1c0735136414506cae749d9afaa139b65f28b94c9ee7cbebe3ae55a1f7d8ce64	SEM-1C0735136414	IMP-DL-D148B51FB7-P002	2	IMP-DL-D148B51FB7-P002;IMP-M3-5A5277EBFB-P002	Downloads/theory-of-differential-geometry-4.tex;MATH_ALLS-3/theory-of-differential-geometry-4.tex	Downloads;MATH_ALLS-3	PROBLEM_ITEM				NO	NEEDS_EDITORIAL_REVIEW
1c10a49e6697662f84dbaa5dd27dc1f4c5aed70e59db73280a281a765fce8e34	SEM-1C10A49E6697	IMP-DL-98972A6B93-P021	2	IMP-DL-98972A6B93-P021;IMP-M2-355EA0996F-P021	Downloads/theory-of-geometry-II.tex;MATH-ALLS-2/theory-of-geometry-II.tex	Downloads;MATH-ALLS-2	PROBLEM_ITEM				NO	NEEDS_EDITORIAL_REVIEW
1c1aca31d59d634e1acde8847afa26b834abcc2b0b479bf643f52ec2ab7859db	SEM-1C1ACA31D59D	IMP-DL-2370D81D66-P015	2	IMP-DL-2370D81D66-P015;IMP-M2-D036BAB254-P015	Downloads/theory-of-analysis-FD.tex;MATH-ALLS-2/theory-of-analysis-FD.tex	Downloads;MATH-ALLS-2	EXERCISE_ITEM				NO	NEEDS_EDITORIAL_REVIEW
1c3e47025f68760249c48e17730637962282371276623e1cde2db0afc8fa3362	SEM-1C3E47025F68	IMP-DL-0EB9CBD958-P050	2	IMP-DL-0EB9CBD958-P050;IMP-M2-F4C85D52DC-P050	Downloads/theory-of-geometry.tex;MATH-ALLS-2/theory-of-geometry.tex	Downloads;MATH-ALLS-2	PROBLEM_ITEM				NO	NEEDS_EDITORIAL_REVIEW
1c40db89cac9052d2010fd6e0f644b1953ec52fdc435bd2b2983a8453385ff39	SEM-1C40DB89CAC9	IMP-DL-A470D9BACB-P016	2	IMP-DL-A470D9BACB-P016;IMP-M2-2850FB9A8A-P016	Downloads/theory-of-geometry-1.tex;MATH-ALLS-2/theory-of-geometry-1.tex	Downloads;MATH-ALLS-2	PROBLEM	8	IMP-DL-A470D9BACB-S006;IMP-M2-2850FB9A8A-S006		YES	NEEDS_EDITORIAL_REVIEW
1c6aed2d960530268dd1e94977899b940f9727cd494b8591c9d5eac559e6f0d5	SEM-1C6AED2D9605	IMP-DL-8D5CF4CFBA-PSR001046-1C6AED2D	2	IMP-DL-8D5CF4CFBA-PSR001046-1C6AED2D;IMP-M3-89937139FC-PSR001046-1C6AED2D	Downloads/theory-of-linear-algebra-2.tex;MATH_ALLS-3/theory-of-linear-algebra-2.tex	Downloads;MATH_ALLS-3	PROBLEM	1			NO	NEEDS_EDITORIAL_REVIEW
1c76b7e77249d7d3807efeb722c4a863e4f6d0095edf46fa01ab384a79cc9acd	SEM-1C76B7E77249	IMP-DL-4DEBE28720-P001	2	IMP-DL-4DEBE28720-P001;IMP-M3-8E395763C8-P001	Downloads/theory-of-commutative-algebra-13.tex;MATH_ALLS-3/theory-of-commutative-algebra-13.tex	Downloads;MATH_ALLS-3	WORKED_EXAMPLE				NO	NEEDS_EDITORIAL_REVIEW
1c96cec5097cd87bb08834ad593c724d2f2a1dcbe0baf38e270442827e1dfa89	SEM-1C96CEC5097C	IMP-DL-D27460A55B-SPR004006-1C96CEC5	1	IMP-DL-D27460A55B-SPR004006-1C96CEC5	Downloads/theory-of-algebraic-geometry-5.tex	Downloads	EXAMPLE	7	IMP-DL-D27460A55B-S006		YES	NEEDS_EDITORIAL_REVIEW
1c96df23653c9c7a0c543c031878a98d6408fc6504af6ed28b6b9d94d5a4c35d	SEM-1C96DF23653C	IMP-DL-316AE183C3-P064	2	IMP-DL-316AE183C3-P064;IMP-M2-303BB87ACE-P064	Downloads/theory-of-analysis-functions.tex;MATH-ALLS-2/theory-of-analysis-functions.tex	Downloads;MATH-ALLS-2	WORKED_EXAMPLE				NO	NEEDS_EDITORIAL_REVIEW
1ca980fe322ef93ff1227812bf065ae19e41af31cb909c76f90da058da7bc2f6	SEM-1CA980FE322E	IMP-DL-E1F1BB4192-R005026-1CA980FE	2	IMP-DL-E1F1BB4192-R005026-1CA980FE;IMP-M3-0D398C7F27-R005026-1CA980FE	Downloads/theory-of-commutative-algebra-5.tex;MATH_ALLS-3/theory-of-commutative-algebra-5.tex	Downloads;MATH_ALLS-3	PROBLEM	15			NO	NEEDS_EDITORIAL_REVIEW
1cb47b15faa462801620763f95fcc174a9c4910512ead766e73ee8579fdefc27	SEM-1CB47B15FAA4	IMP-DL-6447F1B120-P023	1	IMP-DL-6447F1B120-P023	Downloads/theory-of-algebraic-topology-11.tex	Downloads	PROBLEM_ITEM				NO	NEEDS_EDITORIAL_REVIEW
1cdd2756035938e19e9a96b3d91275bdc71449206a783df35a0e4f09cc94a508	SEM-1CDD27560359	IMP-DL-8016517B0A-P003	3	IMP-DL-8016517B0A-P003;IMP-M2-2B58694CBF-P003;IMP-M3-911366A7C5-P003	Downloads/theory-of-differential-geometry-1.tex;MATH-ALLS-2/theory-of-differential-geometry-1.tex;MATH_ALLS-3/theory-of-differential-geometry-1.tex	Downloads;MATH-ALLS-2;MATH_ALLS-3	PROBLEM_ITEM	Atlas			NO	NEEDS_EDITORIAL_REVIEW
1d0323515537eb56a6875a4ed18e4729bf7a13cb9233f6f1a62a958d47039432	SEM-1D0323515537	IMP-DL-C78B44C750-P002	2	IMP-DL-C78B44C750-P002;IMP-M2-48626BD8F1-P002	Downloads/wiki-green.tex;MATH-ALLS-2/wiki-green.tex	Downloads;MATH-ALLS-2	WORKED_EXAMPLE	0			NO	NEEDS_EDITORIAL_REVIEW
1d0a0a232c3d615e492a5de1b72d0e255498d978d1bad855bd71df5672690e3e	SEM-1D0A0A232C3D	IMP-DL-117191C0EC-P027	2	IMP-DL-117191C0EC-P027;IMP-M2-40A546CAA2-P027	Downloads/theory-of-analysis-topics.tex;MATH-ALLS-2/theory-of-analysis-topics.tex	Downloads;MATH-ALLS-2	PROBLEM	11.	IMP-DL-117191C0EC-S016;IMP-M2-40A546CAA2-S016		YES	NEEDS_EDITORIAL_REVIEW
1d0fc161b73072eb53e5460a7756c6f4ba968ea1b24167f38fcfc5387f098e2e	SEM-1D0FC161B730	IMP-DL-0A181AC273-P018	2	IMP-DL-0A181AC273-P018;IMP-M2-80AFB5AE64-P018	Downloads/theory-of-complex-analysis.tex;MATH-ALLS-2/theory-of-complex-analysis.tex	Downloads;MATH-ALLS-2	PROBLEM	6.	IMP-DL-0A181AC273-S006;IMP-M2-80AFB5AE64-S006		YES	NEEDS_EDITORIAL_REVIEW
1d164e1166cf527f338694e90f9d1fcabc09557e768599923b256867fd35f25f	SEM-1D164E1166CF	IMP-DL-183AD43C4C-PSR003618-1D164E11	2	IMP-DL-183AD43C4C-PSR003618-1D164E11;IMP-M2-1895C43FC6-PSR003618-1D164E11	Downloads/theory-of-real-analysis.tex;MATH-ALLS-2/theory-of-real-analysis.tex	Downloads;MATH-ALLS-2	EXAMPLE	4			NO	NEEDS_EDITORIAL_REVIEW
1d3ba179f2002876b7cbec0c469cb5553fb705e567f73d3e79ff8a6eff759cc5	SEM-1D3BA179F200	IMP-DL-C3DACFE8A7-P003	1	IMP-DL-C3DACFE8A7-P003	Downloads/theory-of-algebraic-geometry-7.tex	Downloads	WORKED_EXAMPLE	3.			NO	NEEDS_EDITORIAL_REVIEW
1d3daf5f23be72973662fc01b6996cae1a87b350fbd7307c63f2ed845b9b260a	SEM-1D3DAF5F23BE	IMP-DL-2E134BF207-P023	1	IMP-DL-2E134BF207-P023	Downloads/theory-of-algebraic-topology-5.tex	Downloads	PROBLEM_ITEM				NO	NEEDS_EDITORIAL_REVIEW
1d43d3c95edd1fd4976552ed9b4f75f2fa7239333b8c77c0f46fdd0eec7cdcfb	SEM-1D43D3C95EDD	IMP-DL-592BD0798C-P042	2	IMP-DL-592BD0798C-P042;IMP-M3-1FB8799CDC-P042	Downloads/theory-of-commutative-algebra-8.tex;MATH_ALLS-3/theory-of-commutative-algebra-8.tex	Downloads;MATH_ALLS-3	WORKED_EXAMPLE	2			NO	NEEDS_EDITORIAL_REVIEW
1d50127a05652aa7da729dacc7ad70eac1ab0962f1e5d94abe899c4d28085e68	SEM-1D50127A0565	IMP-DL-6447F1B120-R002058-1D50127A	1	IMP-DL-6447F1B120-R002058-1D50127A	Downloads/theory-of-algebraic-topology-11.tex	Downloads	EXAMPLE	5			NO	NEEDS_EDITORIAL_REVIEW
1d5087a54cd2ef104927fc55ac6d89b36163cd070e75cc7d0388ecd5aedd8caa	SEM-1D5087A54CD2	IMP-DL-3E276561C4-P016	2	IMP-DL-3E276561C4-P016;IMP-M3-AB2FCA292B-P016	Downloads/theory-of-linear-algebra-1.tex;MATH_ALLS-3/theory-of-linear-algebra-1.tex	Downloads;MATH_ALLS-3	PROBLEM_ITEM				NO	NEEDS_EDITORIAL_REVIEW
1d535eaad53ed5000089fe3da88c1f7ba305329448aaff8bf3f999580c2e61d2	SEM-1D535EAAD53E	IMP-DL-40BD8D3E26-P014	2	IMP-DL-40BD8D3E26-P014;IMP-M2-0384991A85-P014	Downloads/theory-of-geometry-2.tex;MATH-ALLS-2/theory-of-geometry-2.tex	Downloads;MATH-ALLS-2	WORKED_EXAMPLE				NO	NEEDS_EDITORIAL_REVIEW
1d7b2d6633cbb14451002bba58d19b142a0f513196234577f832a7ac6b880f12	SEM-1D7B2D6633CB	IMP-DL-98972A6B93-P008	2	IMP-DL-98972A6B93-P008;IMP-M2-355EA0996F-P008	Downloads/theory-of-geometry-II.tex;MATH-ALLS-2/theory-of-geometry-II.tex	Downloads;MATH-ALLS-2	PROBLEM	7			NO	NEEDS_EDITORIAL_REVIEW
1d811bd7dfc88866ceb87d6deffd89ad8201a8901e8d53bb2cc272ffee57ebca	SEM-1D811BD7DFC8	IMP-DL-C3DACFE8A7-P007	1	IMP-DL-C3DACFE8A7-P007	Downloads/theory-of-algebraic-geometry-7.tex	Downloads	WORKED_EXAMPLE	7.			NO	NEEDS_EDITORIAL_REVIEW
1d8d1938685005ec228c38493f3d940cc1840d76d97ada6c0597efc27a2e632d	SEM-1D8D19386850	IMP-DL-7A55205E2C-P002	2	IMP-DL-7A55205E2C-P002;IMP-M2-2D41E1011A-P002	Downloads/theory-of-geometry-4.tex;MATH-ALLS-2/theory-of-geometry-4.tex	Downloads;MATH-ALLS-2	PROBLEM	2	IMP-DL-7A55205E2C-S002;IMP-M2-2D41E1011A-S002		YES	NEEDS_EDITORIAL_REVIEW
1d9ede54da4f0c82d145d05d1ab1a8a8f21e813d0d71ac170ce885b344243365	SEM-1D9EDE54DA4F	IMP-DL-2E134BF207-F2R003378-1D9EDE54	1	IMP-DL-2E134BF207-F2R003378-1D9EDE54	Downloads/theory-of-algebraic-topology-5.tex	Downloads	PROBLEM	4	IMP-DL-2E134BF207-S008		YES	NEEDS_EDITORIAL_REVIEW
1db0450fc1726e1cc1460054d385a2cfa82fe042b106888310572408a830ee05	SEM-1DB0450FC172	IMP-DL-3190BA882C-P018	2	IMP-DL-3190BA882C-P018;IMP-M3-CABB372599-P018	Downloads/theory-of-commutative-algebra-15.tex;MATH_ALLS-3/theory-of-commutative-algebra-15.tex	Downloads;MATH_ALLS-3	EXERCISE_ITEM				NO	NEEDS_EDITORIAL_REVIEW
1dc80cb96e7903d00f373d7b303e55462a1f8fc40bb1749f2e9b6747b140aa02	SEM-1DC80CB96E79	IMP-DL-EAE0F59552-PSR002113-1DC80CB9	2	IMP-DL-EAE0F59552-PSR002113-1DC80CB9;IMP-M2-7EA9DA1D72-PSR002113-1DC80CB9	Downloads/theory-of-analysis-topology.tex;MATH-ALLS-2/theory-of-analysis-topology.tex	Downloads;MATH-ALLS-2	PROBLEM				NO	NEEDS_EDITORIAL_REVIEW
1dcbac879ebab4dc386066844b7203d25e49f80618f763b2be5d7b233369c18e	SEM-1DCBAC879EBA	IMP-DL-3D2DB27534-P011	4	IMP-DL-3D2DB27534-P011;IMP-DL-5B1D955447-P011;IMP-M2-8108AF5CB9-P011;IMP-M2-AFF44384C1-P011	Downloads/merged_exercises (1).tex;Downloads/merged_exercises.tex;MATH-ALLS-2/merged_exercises (1).tex;MATH-ALLS-2/merged_exercises.tex	Downloads;MATH-ALLS-2	EXERCISE	2.5			NO	NEEDS_EDITORIAL_REVIEW
1dccb29d52a406b96eae9d7e92bbe34975d380ade0a4037321729df26e3afff2	SEM-1DCCB29D52A4	IMP-DL-8016517B0A-P004	3	IMP-DL-8016517B0A-P004;IMP-M2-2B58694CBF-P004;IMP-M3-911366A7C5-P004	Downloads/theory-of-differential-geometry-1.tex;MATH-ALLS-2/theory-of-differential-geometry-1.tex;MATH_ALLS-3/theory-of-differential-geometry-1.tex	Downloads;MATH-ALLS-2;MATH_ALLS-3	PROBLEM_ITEM	Transition map			NO	NEEDS_EDITORIAL_REVIEW
1dddc54db05fb2c5a31e3b185d2518678dcff2a8884fcaebc76ae2cf6319ff81	SEM-1DDDC54DB05F	IMP-DL-14663C23F1-P005	4	IMP-DL-14663C23F1-P005;IMP-DL-14663C23F1-R000712-1DDDC54D;IMP-M2-155017A9AF-P005;IMP-M2-155017A9AF-R000712-1DDDC54D	Downloads/theory-of-geometry-III.tex;MATH-ALLS-2/theory-of-geometry-III.tex	Downloads;MATH-ALLS-2	EXAMPLE;WORKED_EXAMPLE				NO	NEEDS_EDITORIAL_REVIEW
1de50a2ad9b12ca37775eb5577286efc61929d2da3ea97171f8adc9298bd0ce5	SEM-1DE50A2AD9B1	IMP-DL-3C59D9EE8B-P121	2	IMP-DL-3C59D9EE8B-P121;IMP-M3-D1A916E0DD-P121	Downloads/theory-of-commutative-algebra-5-professional-v2.tex;MATH_ALLS-3/theory-of-commutative-algebra-5-professional-v2.tex	Downloads;MATH_ALLS-3	PROBLEM_ITEM				NO	NEEDS_EDITORIAL_REVIEW
1deccf1d0c274757fb6641a6187e286a39f3eb4334271c9982d1c1797d900a92	SEM-1DECCF1D0C27	IMP-DL-E12021E60A-P024	1	IMP-DL-E12021E60A-P024	Downloads/theory-of-algebraic-topology-17.tex	Downloads	WORKED_EXAMPLE	1.1			NO	NEEDS_EDITORIAL_REVIEW
1dfa752bb919eb6033c8618d3729f7cefb8deb70be8ad26f59ab3a2fe5227435	SEM-1DFA752BB919	IMP-DL-3E276561C4-R000605-1DFA752B	4	IMP-DL-3E276561C4-R000605-1DFA752B;IMP-DL-7AFEF11659-R000603-1DFA752B;IMP-M3-AB2FCA292B-R000605-1DFA752B;IMP-M3-AC7E1F63D1-R000603-1DFA752B	Downloads/theory-of-differential-geometry-3.tex;Downloads/theory-of-linear-algebra-1.tex;MATH_ALLS-3/theory-of-differential-geometry-3.tex;MATH_ALLS-3/theory-of-linear-algebra-1.tex	Downloads;MATH_ALLS-3	PROBLEM	4	IMP-DL-3E276561C4-S004;IMP-DL-7AFEF11659-S004;IMP-M3-AB2FCA292B-S004;IMP-M3-AC7E1F63D1-S004		YES	NEEDS_EDITORIAL_REVIEW
1e18d6601436dedc4e464532410eedd8417c145a614f0cf1240571240adc5990	SEM-1E18D6601436	IMP-DL-E532B44856-P005	2	IMP-DL-E532B44856-P005;IMP-M2-C037D998D4-P005	Downloads/theory-of-analysis-functions-II.tex;MATH-ALLS-2/theory-of-analysis-functions-II.tex	Downloads;MATH-ALLS-2	PROBLEM	5			NO	NEEDS_EDITORIAL_REVIEW
1e19a94cbcceeb6a18298ff64f0fa32b88feabe4c20bece2ca4ec5d02c50bce4	SEM-1E19A94CBCCE	IMP-DL-D18914CBBD-P021	2	IMP-DL-D18914CBBD-P021;IMP-M3-78B3C1B707-P021	Downloads/theory-of-commutative-algebra-11.tex;MATH_ALLS-3/theory-of-commutative-algebra-11.tex	Downloads;MATH_ALLS-3	WORKED_EXAMPLE	where			NO	NEEDS_EDITORIAL_REVIEW
1e1dec8cdbbc004df0748b39bd01c84951397304788c848cbd847336de4057f7	SEM-1E1DEC8CDBBC	IMP-DL-E532B44856-P017	2	IMP-DL-E532B44856-P017;IMP-M2-C037D998D4-P017	Downloads/theory-of-analysis-functions-II.tex;MATH-ALLS-2/theory-of-analysis-functions-II.tex	Downloads;MATH-ALLS-2	EXERCISE	4	IMP-DL-E532B44856-S007;IMP-M2-C037D998D4-S007		YES	NEEDS_EDITORIAL_REVIEW
1e283079d37969d6666e8ab8caeee80688cd3ec0b97e54659a13bbc5eea7d033	SEM-1E283079D379	IMP-DL-12C1A20716-P002	1	IMP-DL-12C1A20716-P002	Downloads/theory-of-algebraic-topology-10.tex	Downloads	EXERCISE	6.	IMP-DL-12C1A20716-S002;IMP-DL-12C1A20716-S003		YES	NEEDS_EDITORIAL_REVIEW
1e3039ddb8bd7a05bbed831bbd3b877dec57b1f9d1c0c974e4ee5121cb5bad67	SEM-1E3039DDB8BD	IMP-DL-3C59D9EE8B-P041	2	IMP-DL-3C59D9EE8B-P041;IMP-M3-D1A916E0DD-P041	Downloads/theory-of-commutative-algebra-5-professional-v2.tex;MATH_ALLS-3/theory-of-commutative-algebra-5-professional-v2.tex	Downloads;MATH_ALLS-3	PROBLEM_ITEM				NO	NEEDS_EDITORIAL_REVIEW
1e53589caec10f6f1e85392b2c732c5c1389bce7a2582b200de30ce93e428567	SEM-1E53589CAEC1	IMP-DL-B7E3C22557-SPR002195-1E53589C	1	IMP-DL-B7E3C22557-SPR002195-1E53589C	Downloads/theory-of-algebraic-geometry-6.tex	Downloads	EXAMPLE	Where			NO	NEEDS_EDITORIAL_REVIEW
1e7003be989930c76125a9f1cbcc875aed3789a930ef8ad9d32f4da070902ba2	SEM-1E7003BE9899	IMP-DL-12C1A20716-P003	1	IMP-DL-12C1A20716-P003	Downloads/theory-of-algebraic-topology-10.tex	Downloads	EXERCISE_ITEM				NO	NEEDS_EDITORIAL_REVIEW
1e7bf447bd88b6292ee3b4470258a701dc9fa7aa86bf2e4939a1f5e8256ac994	SEM-1E7BF447BD88	IMP-DL-8D5CF4CFBA-P030	2	IMP-DL-8D5CF4CFBA-P030;IMP-M3-89937139FC-P030	Downloads/theory-of-linear-algebra-2.tex;MATH_ALLS-3/theory-of-linear-algebra-2.tex	Downloads;MATH_ALLS-3	PROBLEM	1	IMP-DL-8D5CF4CFBA-S039;IMP-M3-89937139FC-S039		YES	NEEDS_EDITORIAL_REVIEW
1ee378115aa8d4f31e51105f3139ba776a2d0dc60381d21331a05371f3e1ef51	SEM-1EE378115AA8	IMP-DL-ACE5A65961-SPR004038-1EE37811	2	IMP-DL-ACE5A65961-SPR004038-1EE37811;IMP-M3-251F2514E1-SPR004038-1EE37811	Downloads/theory-of-commutative-algebra-2.tex;MATH_ALLS-3/theory-of-commutative-algebra-2.tex	Downloads;MATH_ALLS-3	EXAMPLE	sheet			NO	NEEDS_EDITORIAL_REVIEW
1f02aee8c5d7ae5171c6c090318d9bcbd9e6b1e5f5cac786a465d7c99fab120a	SEM-1F02AEE8C5D7	IMP-DL-B7E3C22557-SPR001940-1F02AEE8	1	IMP-DL-B7E3C22557-SPR001940-1F02AEE8	Downloads/theory-of-algebraic-geometry-6.tex	Downloads	EXAMPLE	10.			NO	NEEDS_EDITORIAL_REVIEW
1f0476094a9f9d1c7769fad586a516385c02157e117f5503a55c5f90a2929af9	SEM-1F0476094A9F	IMP-DL-4DEBE28720-P039	2	IMP-DL-4DEBE28720-P039;IMP-M3-8E395763C8-P039	Downloads/theory-of-commutative-algebra-13.tex;MATH_ALLS-3/theory-of-commutative-algebra-13.tex	Downloads;MATH_ALLS-3	WORKED_EXAMPLE				NO	NEEDS_EDITORIAL_REVIEW
1f0514b54b08db96d0ee81d0f7bdf87d107c6a740c43e059d68050f5f6ceb476	SEM-1F0514B54B08	IMP-DL-8D5CF4CFBA-P013	2	IMP-DL-8D5CF4CFBA-P013;IMP-M3-89937139FC-P013	Downloads/theory-of-linear-algebra-2.tex;MATH_ALLS-3/theory-of-linear-algebra-2.tex	Downloads;MATH_ALLS-3	PROBLEM	2	IMP-DL-8D5CF4CFBA-S014;IMP-M3-89937139FC-S014		YES	NEEDS_EDITORIAL_REVIEW
1f0eb4ff230aa2d4645db918515458c83037e727b08c7ad936195791e1f5f662	SEM-1F0EB4FF230A	IMP-DL-C3DACFE8A7-P001	1	IMP-DL-C3DACFE8A7-P001	Downloads/theory-of-algebraic-geometry-7.tex	Downloads	WORKED_EXAMPLE	1.			NO	NEEDS_EDITORIAL_REVIEW
1f16bf4569bf4c07c7978e3c14e0a55bd980087425071fba0f1e11ee618d1df7	SEM-1F16BF4569BF	IMP-DL-ACE5A65961-PSR002341-1F16BF45	2	IMP-DL-ACE5A65961-PSR002341-1F16BF45;IMP-M3-251F2514E1-PSR002341-1F16BF45	Downloads/theory-of-commutative-algebra-2.tex;MATH_ALLS-3/theory-of-commutative-algebra-2.tex	Downloads;MATH_ALLS-3	PROBLEM	8			NO	NEEDS_EDITORIAL_REVIEW
1f23fec9290f2e59d1dc382f774ff78e8f18943fb51ad0ca04ef5587f9a1c306	SEM-1F23FEC9290F	IMP-DL-535B6F59C6-SPR001948-1F23FEC9	2	IMP-DL-535B6F59C6-SPR001948-1F23FEC9;IMP-M3-0753B8F46B-SPR001948-1F23FEC9	Downloads/theory-of-commutative-algebra-4.tex;MATH_ALLS-3/theory-of-commutative-algebra-4.tex	Downloads;MATH_ALLS-3	EXAMPLE	2.			NO	NEEDS_EDITORIAL_REVIEW
1f25bd97a34bd592b7df227fa214d163ffc924b10390668a855c8ebbdf958109	SEM-1F25BD97A34B	IMP-DL-6447F1B120-P022	1	IMP-DL-6447F1B120-P022	Downloads/theory-of-algebraic-topology-11.tex	Downloads	PROBLEM_ITEM				NO	NEEDS_EDITORIAL_REVIEW
1f326861c85d5d63fc7d84570032430e749cc1962dec45c345c8afb59d1fa762	SEM-1F326861C85D	IMP-DL-2370D81D66-P070	2	IMP-DL-2370D81D66-P070;IMP-M2-D036BAB254-P070	Downloads/theory-of-analysis-FD.tex;MATH-ALLS-2/theory-of-analysis-FD.tex	Downloads;MATH-ALLS-2	EXERCISE_ITEM				NO	NEEDS_EDITORIAL_REVIEW
1f374454ffc746746743ba51ed1e67cc91101c92fcef34c251df9800da8872a7	SEM-1F374454FFC7	IMP-DL-E12021E60A-P034	1	IMP-DL-E12021E60A-P034	Downloads/theory-of-algebraic-topology-17.tex	Downloads	WORKED_EXAMPLE	3.4			NO	NEEDS_EDITORIAL_REVIEW
1f4649b121e7fa5ce052b5fffbf5dd2faae34fef5087e4a2f2965d0991e8dec5	SEM-1F4649B121E7	IMP-DL-183AD43C4C-R001257-1F4649B1	4	IMP-DL-183AD43C4C-R001257-1F4649B1;IMP-DL-20E278E436-R001199-1F4649B1;IMP-M2-1895C43FC6-R001257-1F4649B1;IMP-M2-50B0B212DD-R001199-1F4649B1	Downloads/merged_exercises_FULL_v2 (1).tex;Downloads/theory-of-real-analysis.tex;MATH-ALLS-2/merged_exercises_FULL_v2 (1).tex;MATH-ALLS-2/theory-of-real-analysis.tex	Downloads;MATH-ALLS-2	EXERCISE	6.6	IMP-DL-183AD43C4C-S031;IMP-DL-20E278E436-S031;IMP-M2-1895C43FC6-S031;IMP-M2-50B0B212DD-S031		YES	NEEDS_EDITORIAL_REVIEW
1f4b77a5784678d57208d8880266a9c5345ff1b1e7795312d98c388746f2b5a6	SEM-1F4B77A57846	IMP-DL-4DEBE28720-P045	2	IMP-DL-4DEBE28720-P045;IMP-M3-8E395763C8-P045	Downloads/theory-of-commutative-algebra-13.tex;MATH_ALLS-3/theory-of-commutative-algebra-13.tex	Downloads;MATH_ALLS-3	WORKED_EXAMPLE				NO	NEEDS_EDITORIAL_REVIEW
1f52580eed151afe0b659be9e426a8a5279a02b2f3814ee9e65dc5202db56ae3	SEM-1F52580EED15	IMP-DL-D4351A3BBD-P004	2	IMP-DL-D4351A3BBD-P004;IMP-M2-721AD91C7F-P004	Downloads/theory-of-geometry-IV.tex;MATH-ALLS-2/theory-of-geometry-IV.tex	Downloads;MATH-ALLS-2	PROBLEM	statement			NO	NEEDS_EDITORIAL_REVIEW
1f558477ac380809b653a47c50de3c67aa23a6ddce5d0bc4411e0c15e9db33d1	SEM-1F558477AC38	IMP-DL-E532B44856-P018	2	IMP-DL-E532B44856-P018;IMP-M2-C037D998D4-P018	Downloads/theory-of-analysis-functions-II.tex;MATH-ALLS-2/theory-of-analysis-functions-II.tex	Downloads;MATH-ALLS-2	EXERCISE	5	IMP-DL-E532B44856-S008;IMP-M2-C037D998D4-S008		YES	NEEDS_EDITORIAL_REVIEW
1f642a7b28276e96be473d20bddf158afb83ed5561cf093e291ef49900782e1e	SEM-1F642A7B2827	IMP-DL-11EDF39EA7-P012	2	IMP-DL-11EDF39EA7-P012;IMP-M2-68556E3D88-P012	Downloads/theory-of-analysis-FD2.tex;MATH-ALLS-2/theory-of-analysis-FD2.tex	Downloads;MATH-ALLS-2	EXERCISE	4.3			NO	NEEDS_EDITORIAL_REVIEW
1f745eb961b52c24bd74fbfea28181c1ce9c0c198e0cb77d9102535353945169	SEM-1F745EB961B5	IMP-DL-D18914CBBD-P062	2	IMP-DL-D18914CBBD-P062;IMP-M3-78B3C1B707-P062	Downloads/theory-of-commutative-algebra-11.tex;MATH_ALLS-3/theory-of-commutative-algebra-11.tex	Downloads;MATH_ALLS-3	WORKED_EXAMPLE	5			NO	NEEDS_EDITORIAL_REVIEW
1f7709f1ce32b212e2c66227b11455eb382cdb8822861d715aaaa7969cd498f9	SEM-1F7709F1CE32	IMP-DL-117191C0EC-P044	2	IMP-DL-117191C0EC-P044;IMP-M2-40A546CAA2-P044	Downloads/theory-of-analysis-topics.tex;MATH-ALLS-2/theory-of-analysis-topics.tex	Downloads;MATH-ALLS-2	PROBLEM	5			NO	NEEDS_EDITORIAL_REVIEW
1f7b9dd3a0e3b010d4609251a7ae0c58c9c0130778ce0115d70221bb66c381f5	SEM-1F7B9DD3A0E3	IMP-DL-4DEBE28720-P042	2	IMP-DL-4DEBE28720-P042;IMP-M3-8E395763C8-P042	Downloads/theory-of-commutative-algebra-13.tex;MATH_ALLS-3/theory-of-commutative-algebra-13.tex	Downloads;MATH_ALLS-3	WORKED_EXAMPLE				NO	NEEDS_EDITORIAL_REVIEW
1fbc5a885e8a4ed46755e23b9664a30973ba773cd2fba2aa7fdc374b8002dfa0	SEM-1FBC5A885E8A	IMP-DL-31FF76D7B8-P014	1	IMP-DL-31FF76D7B8-P014	Downloads/theory-of-algebraic-topology-16.tex	Downloads	WORKED_EXAMPLE				NO	NEEDS_EDITORIAL_REVIEW
1fd58040ada43ca615512b566993b6f212835585026ae9fc249331a57e27ec44	SEM-1FD58040ADA4	IMP-DL-3D2DB27534-P001	2	IMP-DL-3D2DB27534-P001;IMP-M2-AFF44384C1-P001	Downloads/merged_exercises (1).tex;MATH-ALLS-2/merged_exercises (1).tex	Downloads;MATH-ALLS-2	EXERCISE	1.1			NO	NEEDS_EDITORIAL_REVIEW
1fd608898056c576b403f117420303b09e71a1aa2be4090691e62c654d8c6e47	SEM-1FD608898056	IMP-DL-6447F1B120-R001884-1FD60889	1	IMP-DL-6447F1B120-R001884-1FD60889	Downloads/theory-of-algebraic-topology-11.tex	Downloads	EXAMPLE	1			NO	NEEDS_EDITORIAL_REVIEW
1fe8895b48593f15119c3094a779c4837f6c3bcc3f9802b805743e333de857e2	SEM-1FE8895B4859	IMP-DL-3C59D9EE8B-P013	2	IMP-DL-3C59D9EE8B-P013;IMP-M3-D1A916E0DD-P013	Downloads/theory-of-commutative-algebra-5-professional-v2.tex;MATH_ALLS-3/theory-of-commutative-algebra-5-professional-v2.tex	Downloads;MATH_ALLS-3	PROBLEM_ITEM				NO	NEEDS_EDITORIAL_REVIEW
1fecaa723f8c7a6f1cac31e247e993e60bf5ee0ff7286c7d7984b61dc5b899ce	SEM-1FECAA723F8C	IMP-DL-494D52343C-P013	4	IMP-DL-494D52343C-P013;IMP-DL-57AE2A96C2-P013;IMP-M3-53FA653D33-P013;IMP-M3-A9D1475E81-P013	Downloads/theory-of-commutative-algebra-7 - Copy.tex;Downloads/theory-of-commutative-algebra-7.tex;MATH_ALLS-3/theory-of-commutative-algebra-7 - Copy.tex;MATH_ALLS-3/theory-of-commutative-algebra-7.tex	Downloads;MATH_ALLS-3	WORKED_EXAMPLE	3			NO	NEEDS_EDITORIAL_REVIEW
1fecdc48823d2118d4cea9c161fc6b5dce3fbec7fd7a4bf2448d5ab976f044cf	SEM-1FECDC48823D	IMP-DL-E88547CF67-P028	2	IMP-DL-E88547CF67-P028;IMP-M2-80D8AED0FF-P028	Downloads/theory-of-geometry-3.tex;MATH-ALLS-2/theory-of-geometry-3.tex	Downloads;MATH-ALLS-2	PROBLEM_ITEM				NO	NEEDS_EDITORIAL_REVIEW
201e4935ac99f89f5c06cc9cc2319c6cd83dd2c60e345d4331e5c92e812697fc	SEM-201E4935AC99	IMP-DL-98972A6B93-P009	2	IMP-DL-98972A6B93-P009;IMP-M2-355EA0996F-P009	Downloads/theory-of-geometry-II.tex;MATH-ALLS-2/theory-of-geometry-II.tex	Downloads;MATH-ALLS-2	PROBLEM	7			NO	NEEDS_EDITORIAL_REVIEW
20232598892e6fdd09e06321f08c794b0edb154357da00ac3cd62dde856adb0f	SEM-20232598892E	IMP-DL-0E3E7EC766-P010	2	IMP-DL-0E3E7EC766-P010;IMP-DL-0E3E7EC766-R002806-20232598	Downloads/theory-of-algebraic-geometry-1.tex	Downloads	EXERCISE				NO	NEEDS_EDITORIAL_REVIEW
20461b9274f9b1e8ced772cb6b84824200aea4cc9dd49e5c2ff89e16c44fb375	SEM-20461B9274F9	IMP-DL-F77C60E8D1-P006	2	IMP-DL-F77C60E8D1-P006;IMP-M2-09C070ED26-P006	Downloads/theory-of-complex-analysis-next2.tex;MATH-ALLS-2/theory-of-complex-analysis-next2.tex	Downloads;MATH-ALLS-2	PROBLEM_ITEM	(i)			NO	NEEDS_EDITORIAL_REVIEW
204ffee3db8f2f8af63fe0127c977468ac70386f730192b0877b7415bfdbe3bd	SEM-204FFEE3DB8F	IMP-DL-C3DACFE8A7-P011	1	IMP-DL-C3DACFE8A7-P011	Downloads/theory-of-algebraic-geometry-7.tex	Downloads	WORKED_EXAMPLE	12.			NO	NEEDS_EDITORIAL_REVIEW
205e3c66664d7e6fc55182df26f3e6f467a1e7e00d8277e2f1bf6a155e290c41	SEM-205E3C66664D	IMP-DL-18BC6F795C-P022	1	IMP-DL-18BC6F795C-P022	Downloads/theory-of-algebraic-topology-9.tex	Downloads	WORKED_EXAMPLE	2			NO	NEEDS_EDITORIAL_REVIEW
206817664158254174f4decddf691341728c738b561e92e36a2b4292dd21db34	SEM-206817664158	IMP-DL-D18914CBBD-P052	2	IMP-DL-D18914CBBD-P052;IMP-M3-78B3C1B707-P052	Downloads/theory-of-commutative-algebra-11.tex;MATH_ALLS-3/theory-of-commutative-algebra-11.tex	Downloads;MATH_ALLS-3	WORKED_EXAMPLE	5			NO	NEEDS_EDITORIAL_REVIEW
2090a9993830002e5678652d673e618064dd65f389f96e3eeb012bb89415276c	SEM-2090A9993830	IMP-DL-35223EB1F7-P004	1	IMP-DL-35223EB1F7-P004	Downloads/theory-of-algebraic-topology-6.tex	Downloads	WORKED_EXAMPLE				NO	NEEDS_EDITORIAL_REVIEW
20b3de851c5fea5d495a9600d1b28b6c1cfa39c4490294dae53d9413bcb73b13	SEM-20B3DE851C5F	IMP-DL-2370D81D66-P024	2	IMP-DL-2370D81D66-P024;IMP-M2-D036BAB254-P024	Downloads/theory-of-analysis-FD.tex;MATH-ALLS-2/theory-of-analysis-FD.tex	Downloads;MATH-ALLS-2	EXERCISE	2.4	IMP-DL-2370D81D66-S008;IMP-M2-D036BAB254-S008		YES	NEEDS_EDITORIAL_REVIEW
20b7d643fdc357a4e84e907ff39789561068e827d276eb9b2cead18c5113740e	SEM-20B7D643FDC3	IMP-DL-2370D81D66-P008	2	IMP-DL-2370D81D66-P008;IMP-M2-D036BAB254-P008	Downloads/theory-of-analysis-FD.tex;MATH-ALLS-2/theory-of-analysis-FD.tex	Downloads;MATH-ALLS-2	EXERCISE_ITEM	(a)			NO	NEEDS_EDITORIAL_REVIEW
210761cdbc74717c9364233224bc0e37b385733119c2cb726ef88d4981e8f858	SEM-210761CDBC74	IMP-DL-12C1A20716-P024	1	IMP-DL-12C1A20716-P024	Downloads/theory-of-algebraic-topology-10.tex	Downloads	PROBLEM_ITEM				NO	NEEDS_EDITORIAL_REVIEW
210e16866acd8417b67de3864d5fe59bfc49ae63ec854d380ce3f780cafec29b	SEM-210E16866ACD	IMP-DL-D148B51FB7-P037	2	IMP-DL-D148B51FB7-P037;IMP-M3-5A5277EBFB-P037	Downloads/theory-of-differential-geometry-4.tex;MATH_ALLS-3/theory-of-differential-geometry-4.tex	Downloads;MATH_ALLS-3	PROBLEM	8	IMP-DL-D148B51FB7-S031;IMP-M3-5A5277EBFB-S031		YES	NEEDS_EDITORIAL_REVIEW
211717c30b1f29b664f8efa62e86b1b04ea919d0f5e978653617954f25696f52	SEM-211717C30B1F	IMP-DL-A99C7658F3-PSR002367-211717C3	1	IMP-DL-A99C7658F3-PSR002367-211717C3	Downloads/theory-of-algebraic-geometry-2.tex	Downloads	EXAMPLE				NO	NEEDS_EDITORIAL_REVIEW
214ab78ddbae02bc1a7d8b79845c7fe8895a6c9e586b4fe040f0009952c9c60a	SEM-214AB78DDBAE	IMP-DL-D18914CBBD-P041	2	IMP-DL-D18914CBBD-P041;IMP-M3-78B3C1B707-P041	Downloads/theory-of-commutative-algebra-11.tex;MATH_ALLS-3/theory-of-commutative-algebra-11.tex	Downloads;MATH_ALLS-3	WORKED_EXAMPLE	7			NO	NEEDS_EDITORIAL_REVIEW
214df75ccd3835bd8647954a2072a2060bb49b039e989fd9d631795cbf035cb8	SEM-214DF75CCD38	IMP-DL-8016517B0A-P037	6	IMP-DL-8016517B0A-P037;IMP-DL-BD3A6D53D0-P001;IMP-M2-2B58694CBF-P037;IMP-M2-E2BE0561BD-P001;IMP-M3-0F6B7A59EB-P001;IMP-M3-911366A7C5-P037	Downloads/theory-of-differential-geometry-1.tex;Downloads/theory-of-differential-geometry-2.tex;MATH-ALLS-2/theory-of-differential-geometry-1.tex;MATH-ALLS-2/theory-of-differential-geometry-2.tex;MATH_ALLS-3/theory-of-differential-geometry-1.tex;MATH_ALLS-3/theory-of-differential-geometry-2.tex	Downloads;MATH-ALLS-2;MATH_ALLS-3	PROBLEM	7			NO	NEEDS_EDITORIAL_REVIEW
216cde9ba8609c9b2ced41683906b2b1c4475987ae7a4eaae0de01744601270e	SEM-216CDE9BA860	IMP-DL-1068DBED71-P018	4	IMP-DL-1068DBED71-P018;IMP-DL-CAA415139D-P018;IMP-M3-F4E66B2919-P018;IMP-M3-FCB1647DD6-P018	Downloads/theory-of-commutative-algebra-10.tex;Downloads/theory-of-commutative-algebra-9.tex;MATH_ALLS-3/theory-of-commutative-algebra-10.tex;MATH_ALLS-3/theory-of-commutative-algebra-9.tex	Downloads;MATH_ALLS-3	WORKED_EXAMPLE				NO	NEEDS_EDITORIAL_REVIEW
2177247c815b19e8dbd54d3e62ae366ff469aa984af27cf1e9739f5ca861faf0	SEM-2177247C815B	IMP-DL-E0B80C696E-P008	1	IMP-DL-E0B80C696E-P008	Downloads/theory-of-algebraic-topology-7.tex	Downloads	WORKED_EXAMPLE				NO	NEEDS_EDITORIAL_REVIEW
217b67f633df1f4d3956e116bdc3d3cb954c563e0b2088dff0532705c1508da2	SEM-217B67F633DF	IMP-DL-314EAD1F3C-SPR004710-217B67F6	1	IMP-DL-314EAD1F3C-SPR004710-217B67F6	Downloads/theory-of-algebraic-topology-12.tex	Downloads	EXAMPLE	14.2.			NO	NEEDS_EDITORIAL_REVIEW
2187def0cad061b91cc5747c2b9406f9defed767ab7eb5e17e0c0bec248ad417	SEM-2187DEF0CAD0	IMP-DL-316AE183C3-P008	2	IMP-DL-316AE183C3-P008;IMP-M2-303BB87ACE-P008	Downloads/theory-of-analysis-functions.tex;MATH-ALLS-2/theory-of-analysis-functions.tex	Downloads;MATH-ALLS-2	EXERCISE	5.			NO	NEEDS_EDITORIAL_REVIEW
21e578c1fd9afa88561493e971873d40a57bb65eb8682563b9302d46aa95ec3b	SEM-21E578C1FD9A	IMP-DL-15679DEE8D-P006	6	IMP-DL-15679DEE8D-P006;IMP-DL-3CA1CB77F7-P006;IMP-DL-E0A96454A5-P006;IMP-M2-1D2863B81A-P006;IMP-M2-D47CB97304-P006;IMP-M2-F08D4144EA-P006	Downloads/theory-of-analysis - Copy.tex;Downloads/theory-of-analysis-numbers.tex;Downloads/theory-of-analysis.tex;MATH-ALLS-2/theory-of-analysis - Copy.tex;MATH-ALLS-2/theory-of-analysis-numbers.tex;MATH-ALLS-2/theory-of-analysis.tex	Downloads;MATH-ALLS-2	PROBLEM	7	IMP-DL-15679DEE8D-S011;IMP-DL-3CA1CB77F7-S011;IMP-DL-E0A96454A5-S011;IMP-M2-1D2863B81A-S011;IMP-M2-D47CB97304-S011;IMP-M2-F08D4144EA-S011		YES	NEEDS_EDITORIAL_REVIEW
22009f4e797b3264fd45b4f85eb4ab65458111db40dc172d772afbf7f86e6eff	SEM-22009F4E797B	IMP-DL-316AE183C3-P044	2	IMP-DL-316AE183C3-P044;IMP-M2-303BB87ACE-P044	Downloads/theory-of-analysis-functions.tex;MATH-ALLS-2/theory-of-analysis-functions.tex	Downloads;MATH-ALLS-2	EXERCISE	1	IMP-DL-316AE183C3-S005;IMP-M2-303BB87ACE-S005		YES	NEEDS_EDITORIAL_REVIEW
222406d1378b81bef9c0bb872b524065c8c509c1b1ed3b2552f4687dcf7dba29	SEM-222406D1378B	IMP-DL-316AE183C3-P015	2	IMP-DL-316AE183C3-P015;IMP-M2-303BB87ACE-P015	Downloads/theory-of-analysis-functions.tex;MATH-ALLS-2/theory-of-analysis-functions.tex	Downloads;MATH-ALLS-2	EXERCISE	10	IMP-DL-316AE183C3-S002;IMP-M2-303BB87ACE-S002		YES	NEEDS_EDITORIAL_REVIEW
223defa96237cbd176d7764b3318fa330d1b0a0b402f6b9ca53db5dcc4f71868	SEM-223DEFA96237	IMP-DL-316AE183C3-P014	2	IMP-DL-316AE183C3-P014;IMP-M2-303BB87ACE-P014	Downloads/theory-of-analysis-functions.tex;MATH-ALLS-2/theory-of-analysis-functions.tex	Downloads;MATH-ALLS-2	EXERCISE_ITEM				NO	NEEDS_EDITORIAL_REVIEW
225b2e3661e3deeff8468519d48ee0ced9a1e88c9ca36470fc8e1b6815f3c53b	SEM-225B2E3661E3	IMP-DL-8016517B0A-P012	3	IMP-DL-8016517B0A-P012;IMP-M2-2B58694CBF-P012;IMP-M3-911366A7C5-P012	Downloads/theory-of-differential-geometry-1.tex;MATH-ALLS-2/theory-of-differential-geometry-1.tex;MATH_ALLS-3/theory-of-differential-geometry-1.tex	Downloads;MATH-ALLS-2;MATH_ALLS-3	PROBLEM_ITEM	Real projective space			NO	NEEDS_EDITORIAL_REVIEW
228943890aeefff8fe6307225ba8daeacecd476c84e9a6242804b610872078f4	SEM-228943890AEE	IMP-DL-ACE5A65961-P003	2	IMP-DL-ACE5A65961-P003;IMP-M3-251F2514E1-P003	Downloads/theory-of-commutative-algebra-2.tex;MATH_ALLS-3/theory-of-commutative-algebra-2.tex	Downloads;MATH_ALLS-3	PROBLEM	8	IMP-DL-ACE5A65961-S004;IMP-M3-251F2514E1-S004		YES	NEEDS_EDITORIAL_REVIEW
2296c66a6bf59e5cae1e2fe54ad7c29abe85c17afbc1227d2c6be22e91561ff5	SEM-2296C66A6BF5	IMP-DL-494D52343C-P004	4	IMP-DL-494D52343C-P004;IMP-DL-57AE2A96C2-P004;IMP-M3-53FA653D33-P004;IMP-M3-A9D1475E81-P004	Downloads/theory-of-commutative-algebra-7 - Copy.tex;Downloads/theory-of-commutative-algebra-7.tex;MATH_ALLS-3/theory-of-commutative-algebra-7 - Copy.tex;MATH_ALLS-3/theory-of-commutative-algebra-7.tex	Downloads;MATH_ALLS-3	WORKED_EXAMPLE	3			NO	NEEDS_EDITORIAL_REVIEW
22c1709850d4000989accf7202414b2c138b31466655bcad1c546b6450dac7a7	SEM-22C1709850D4	IMP-DL-D6E9B3BC73-PSR004482-22C17098	2	IMP-DL-D6E9B3BC73-PSR004482-22C17098;IMP-M3-422B74F85F-PSR004479-22C17098	Downloads/theory-of-algebraic-topology-1.tex;MATH_ALLS-3/theory-of-algebraic-topology-1.tex	Downloads;MATH_ALLS-3	EXAMPLE	2			NO	NEEDS_EDITORIAL_REVIEW
22c98d94213e871098a646cc34e1809d889282d849bc20da03db0b82fad08a9e	SEM-22C98D94213E	IMP-DL-4DEBE28720-P062	2	IMP-DL-4DEBE28720-P062;IMP-M3-8E395763C8-P062	Downloads/theory-of-commutative-algebra-13.tex;MATH_ALLS-3/theory-of-commutative-algebra-13.tex	Downloads;MATH_ALLS-3	WORKED_EXAMPLE	3			NO	NEEDS_EDITORIAL_REVIEW
22e5430f3bcedcb7a01a3746f4228411746d0e4c89c092a809189e6a5e99e1ca	SEM-22E5430F3BCE	IMP-DL-3C59D9EE8B-P133	2	IMP-DL-3C59D9EE8B-P133;IMP-M3-D1A916E0DD-P133	Downloads/theory-of-commutative-algebra-5-professional-v2.tex;MATH_ALLS-3/theory-of-commutative-algebra-5-professional-v2.tex	Downloads;MATH_ALLS-3	PROBLEM_ITEM				NO	NEEDS_EDITORIAL_REVIEW
2300acad0d220f024e5aafdb33dad4c78eda6830670d65100529a5b743604f29	SEM-2300ACAD0D22	IMP-DL-3C59D9EE8B-P110	2	IMP-DL-3C59D9EE8B-P110;IMP-M3-D1A916E0DD-P110	Downloads/theory-of-commutative-algebra-5-professional-v2.tex;MATH_ALLS-3/theory-of-commutative-algebra-5-professional-v2.tex	Downloads;MATH_ALLS-3	PROBLEM_ITEM				NO	NEEDS_EDITORIAL_REVIEW
2306758b95d2ec667fdd6b601b1ba0e3b3fa69e5525790a66b7af566f2966b06	SEM-2306758B95D2	IMP-DL-6447F1B120-R000404-2306758B	1	IMP-DL-6447F1B120-R000404-2306758B	Downloads/theory-of-algebraic-topology-11.tex	Downloads	PROBLEM	1	IMP-DL-6447F1B120-S002		YES	NEEDS_EDITORIAL_REVIEW
230928ba1172b932387f661d4949442d57e7bc6faeef58296a9ce4143fa0546d	SEM-230928BA1172	IMP-DL-1068DBED71-P041	4	IMP-DL-1068DBED71-P041;IMP-DL-CAA415139D-P041;IMP-M3-F4E66B2919-P041;IMP-M3-FCB1647DD6-P041	Downloads/theory-of-commutative-algebra-10.tex;Downloads/theory-of-commutative-algebra-9.tex;MATH_ALLS-3/theory-of-commutative-algebra-10.tex;MATH_ALLS-3/theory-of-commutative-algebra-9.tex	Downloads;MATH_ALLS-3	WORKED_EXAMPLE	4			NO	NEEDS_EDITORIAL_REVIEW
2310f4a20df656804d5ff75eeeef38adef010280c5baf2c4aec1dc191618f08a	SEM-2310F4A20DF6	IMP-DL-F77C60E8D1-P004	2	IMP-DL-F77C60E8D1-P004;IMP-M2-09C070ED26-P004	Downloads/theory-of-complex-analysis-next2.tex;MATH-ALLS-2/theory-of-complex-analysis-next2.tex	Downloads;MATH-ALLS-2	WORKED_EXAMPLE				NO	NEEDS_EDITORIAL_REVIEW
231512036cf5eb0983ed85fcb45275f5d4f2f3cd5d49ce203c9419973eefebc6	SEM-231512036CF5	IMP-DL-887B7B83F4-P004	1	IMP-DL-887B7B83F4-P004	Downloads/sheaves_notes_reorganized.tex	Downloads	WORKED_EXAMPLE				NO	NEEDS_EDITORIAL_REVIEW
232f2ffc5a1ad59baf2d780e7992e2b39ca2ab3f2af6453e3e398ef5dfd32ab6	SEM-232F2FFC5A1A	IMP-DL-14663C23F1-R001087-232F2FFC	2	IMP-DL-14663C23F1-R001087-232F2FFC;IMP-M2-155017A9AF-R001087-232F2FFC	Downloads/theory-of-geometry-III.tex;MATH-ALLS-2/theory-of-geometry-III.tex	Downloads;MATH-ALLS-2	PROBLEM	6			NO	NEEDS_EDITORIAL_REVIEW
234046e90122259c16db3dc89b1ad00f05592fb1a82882a06d7a5113ced8d1bd	SEM-234046E90122	IMP-DL-D6E9B3BC73-PSR004506-234046E9	2	IMP-DL-D6E9B3BC73-PSR004506-234046E9;IMP-M3-422B74F85F-PSR004503-234046E9	Downloads/theory-of-algebraic-topology-1.tex;MATH_ALLS-3/theory-of-algebraic-topology-1.tex	Downloads;MATH_ALLS-3	EXAMPLE	3			NO	NEEDS_EDITORIAL_REVIEW
2354a09b0026c0c57392dc01ed7204b1370bab1ce09763fcabc83207a34a6350	SEM-2354A09B0026	IMP-DL-A978FB3162-P092	1	IMP-DL-A978FB3162-P092	Downloads/theory-of-algebraic-topology-4.tex	Downloads	WORKED_EXAMPLE	11			NO	NEEDS_EDITORIAL_REVIEW
2356636db074033163255616440cd2fe31e45621ba397772dbee4da5e4278c99	SEM-2356636DB074	IMP-DL-15679DEE8D-P002	12	IMP-DL-15679DEE8D-P002;IMP-DL-15679DEE8D-P003;IMP-DL-3CA1CB77F7-P002;IMP-DL-3CA1CB77F7-P003;IMP-DL-E0A96454A5-P002;IMP-DL-E0A96454A5-P003;IMP-M2-1D2863B81A-P002;IMP-M2-1D2863B81A-P003;IMP-M2-D47CB97304-P002;IMP-M2-D47CB97304-P003;IMP-M2-F08D4144EA-P002;IMP-M2-F08D4144EA-P003	Downloads/theory-of-analysis - Copy.tex;Downloads/theory-of-analysis-numbers.tex;Downloads/theory-of-analysis.tex;MATH-ALLS-2/theory-of-analysis - Copy.tex;MATH-ALLS-2/theory-of-analysis-numbers.tex;MATH-ALLS-2/theory-of-analysis.tex	Downloads;MATH-ALLS-2	PROBLEM	7	IMP-DL-15679DEE8D-S008;IMP-DL-15679DEE8D-S009;IMP-DL-3CA1CB77F7-S008;IMP-DL-3CA1CB77F7-S009;IMP-DL-E0A96454A5-S008;IMP-DL-E0A96454A5-S009;IMP-M2-1D2863B81A-S008;IMP-M2-1D2863B81A-S009;IMP-M2-D47CB97304-S008;IMP-M2-D47CB97304-S009;IMP-M2-F08D4144EA-S008;IMP-M2-F08D4144EA-S009		YES	NEEDS_EDITORIAL_REVIEW
23623b161d7b9fb67523fe60b1ebb254f542d10842ab889cc277b4fb2473d80c	SEM-23623B161D7B	IMP-DL-35223EB1F7-P023	2	IMP-DL-35223EB1F7-P023;IMP-DL-35223EB1F7-R002614-23623B16	Downloads/theory-of-algebraic-topology-6.tex	Downloads	EXAMPLE;WORKED_EXAMPLE	2k			NO	NEEDS_EDITORIAL_REVIEW
23678bc0cbdfbee3c82a7d94c5369df3ce7a91557bd5854cdc89881e3c058a02	SEM-23678BC0CBDF	IMP-DL-721195CCB5-PSR004207-23678BC0	1	IMP-DL-721195CCB5-PSR004207-23678BC0	Downloads/theory-of-algebraic-geometry-11.tex	Downloads	EXAMPLE	2			NO	NEEDS_EDITORIAL_REVIEW
2378d5c4e4f183f21349817f5a375da7d5c23dc814a0e882788254b576a2007e	SEM-2378D5C4E4F1	IMP-DL-183AD43C4C-PSR003276-2378D5C4	2	IMP-DL-183AD43C4C-PSR003276-2378D5C4;IMP-M2-1895C43FC6-PSR003276-2378D5C4	Downloads/theory-of-real-analysis.tex;MATH-ALLS-2/theory-of-real-analysis.tex	Downloads;MATH-ALLS-2	EXAMPLE	2			NO	NEEDS_EDITORIAL_REVIEW
239b5d85b8824574cfc0b7b5ed3157ff5e687561ede1f800aef56d1cdca26cfe	SEM-239B5D85B882	IMP-DL-8016517B0A-P005	3	IMP-DL-8016517B0A-P005;IMP-M2-2B58694CBF-P005;IMP-M3-911366A7C5-P005	Downloads/theory-of-differential-geometry-1.tex;MATH-ALLS-2/theory-of-differential-geometry-1.tex;MATH_ALLS-3/theory-of-differential-geometry-1.tex	Downloads;MATH-ALLS-2;MATH_ALLS-3	PROBLEM_ITEM	Smoothly compatible charts			NO	NEEDS_EDITORIAL_REVIEW
23a6f55dc560c1e7226afc7740c6e16b902361d191ce2a03cdde49824a569826	SEM-23A6F55DC560	IMP-DL-873C6F4098-P042	2	IMP-DL-873C6F4098-P042;IMP-M2-CFC28ED568-P042	Downloads/theory-of-analysis-II.tex;MATH-ALLS-2/theory-of-analysis-II.tex	Downloads;MATH-ALLS-2	PROBLEM	9	IMP-DL-873C6F4098-S009;IMP-M2-CFC28ED568-S009		YES	NEEDS_EDITORIAL_REVIEW
23b73a43b16307e3a372b3ebdd07267e07b04ce32459f896f238ec9bc21ede8a	SEM-23B73A43B163	IMP-DL-3190BA882C-P010	2	IMP-DL-3190BA882C-P010;IMP-M3-CABB372599-P010	Downloads/theory-of-commutative-algebra-15.tex;MATH_ALLS-3/theory-of-commutative-algebra-15.tex	Downloads;MATH_ALLS-3	EXERCISE_ITEM				NO	NEEDS_EDITORIAL_REVIEW
23b81461854a0954b36201dc7400c4c764709dfc4b6730efa38494bd0db666e6	SEM-23B81461854A	IMP-DL-D6E9B3BC73-PSR004202-23B81461	2	IMP-DL-D6E9B3BC73-PSR004202-23B81461;IMP-M3-422B74F85F-PSR004199-23B81461	Downloads/theory-of-algebraic-topology-1.tex;MATH_ALLS-3/theory-of-algebraic-topology-1.tex	Downloads;MATH_ALLS-3	EXAMPLE	4			NO	NEEDS_EDITORIAL_REVIEW
23ce1a22158a866b8f18e0cdaaba930b28834c42f63d3597f022df9121375902	SEM-23CE1A22158A	IMP-DL-12C1A20716-P032	1	IMP-DL-12C1A20716-P032	Downloads/theory-of-algebraic-topology-10.tex	Downloads	PROBLEM	11.	IMP-DL-12C1A20716-S007		YES	NEEDS_EDITORIAL_REVIEW
23e83ad6e1645e7cbf6bb3ef6496b22c834e8be1a10ec308e55d0efd2d33304c	SEM-23E83AD6E164	IMP-DL-592BD0798C-P067	2	IMP-DL-592BD0798C-P067;IMP-M3-1FB8799CDC-P067	Downloads/theory-of-commutative-algebra-8.tex;MATH_ALLS-3/theory-of-commutative-algebra-8.tex	Downloads;MATH_ALLS-3	WORKED_EXAMPLE	7			NO	NEEDS_EDITORIAL_REVIEW
240503b7c671da5e0012140b0741c1ecd81688fc9798cd5fcc1faabd6845ddd8	SEM-240503B7C671	IMP-DL-117191C0EC-P040	2	IMP-DL-117191C0EC-P040;IMP-M2-40A546CAA2-P040	Downloads/theory-of-analysis-topics.tex;MATH-ALLS-2/theory-of-analysis-topics.tex	Downloads;MATH-ALLS-2	PROBLEM	4	IMP-DL-117191C0EC-S022;IMP-M2-40A546CAA2-S022		YES	NEEDS_EDITORIAL_REVIEW
241f3b78c21dbbf2dcfa12b74237367f47c8eb0420c579e2e794e1f0e149c493	SEM-241F3B78C21D	IMP-DL-18BC6F795C-P041	1	IMP-DL-18BC6F795C-P041	Downloads/theory-of-algebraic-topology-9.tex	Downloads	PROBLEM	3	IMP-DL-18BC6F795C-S002		YES	NEEDS_EDITORIAL_REVIEW
242ee9504dc24f25e767fccdc28effa4c400a08310f136483a758516693063e9	SEM-242EE9504DC2	IMP-DL-31FF76D7B8-PSR005195-242EE950	1	IMP-DL-31FF76D7B8-PSR005195-242EE950	Downloads/theory-of-algebraic-topology-16.tex	Downloads	EXAMPLE	3			NO	NEEDS_EDITORIAL_REVIEW
24303e0ae10b8d4fc7fe1403c162245eab974d92f90fa7f56e4ecc57f8dad498	SEM-24303E0AE10B	IMP-DL-7A55205E2C-P014	2	IMP-DL-7A55205E2C-P014;IMP-M2-2D41E1011A-P014	Downloads/theory-of-geometry-4.tex;MATH-ALLS-2/theory-of-geometry-4.tex	Downloads;MATH-ALLS-2	PROBLEM	13			NO	NEEDS_EDITORIAL_REVIEW
24315627ad6fcafffe969f8b8732af2bbe6aee360643254178173678f919eb71	SEM-24315627AD6F	IMP-DL-0EB9CBD958-P002	2	IMP-DL-0EB9CBD958-P002;IMP-M2-F4C85D52DC-P002	Downloads/theory-of-geometry.tex;MATH-ALLS-2/theory-of-geometry.tex	Downloads;MATH-ALLS-2	PROBLEM	1(a)	IMP-DL-0EB9CBD958-S001;IMP-M2-F4C85D52DC-S001		YES	NEEDS_EDITORIAL_REVIEW
24bee7e5b99f3b7be0c321f9cad3c5fc20edabf58b619d3eb44c1b88ffcd1c48	SEM-24BEE7E5B99F	IMP-DL-873C6F4098-P088	2	IMP-DL-873C6F4098-P088;IMP-M2-CFC28ED568-P088	Downloads/theory-of-analysis-II.tex;MATH-ALLS-2/theory-of-analysis-II.tex	Downloads;MATH-ALLS-2	PROBLEM	4	IMP-DL-873C6F4098-S022;IMP-M2-CFC28ED568-S022		YES	NEEDS_EDITORIAL_REVIEW
24dcf6343d424c563062394b039cd9ea80892af0e7d07e36faa5eb8b64412362	SEM-24DCF6343D42	IMP-DL-2370D81D66-P057	2	IMP-DL-2370D81D66-P057;IMP-M2-D036BAB254-P057	Downloads/theory-of-analysis-FD.tex;MATH-ALLS-2/theory-of-analysis-FD.tex	Downloads;MATH-ALLS-2	EXERCISE_ITEM				NO	NEEDS_EDITORIAL_REVIEW
24f9939a17a0b313bf0ff1dcd39d589d5d6be53235e04de64443fc46a49f2608	SEM-24F9939A17A0	IMP-DL-35223EB1F7-P001	1	IMP-DL-35223EB1F7-P001	Downloads/theory-of-algebraic-topology-6.tex	Downloads	WORKED_EXAMPLE				NO	NEEDS_EDITORIAL_REVIEW
24faefe75eb4883147c9d4481fce3e18b4f3c01e962685acae51c7244e195e64	SEM-24FAEFE75EB4	IMP-DL-314EAD1F3C-R001943-24FAEFE7	1	IMP-DL-314EAD1F3C-R001943-24FAEFE7	Downloads/theory-of-algebraic-topology-12.tex	Downloads	EXAMPLE	11.3.			NO	NEEDS_EDITORIAL_REVIEW
25215b38c67acb06335504f82c69c7d601e6c5f553ba9d85ac0137737b7e7c31	SEM-25215B38C67A	IMP-DL-4DEBE28720-P038	2	IMP-DL-4DEBE28720-P038;IMP-M3-8E395763C8-P038	Downloads/theory-of-commutative-algebra-13.tex;MATH_ALLS-3/theory-of-commutative-algebra-13.tex	Downloads;MATH_ALLS-3	WORKED_EXAMPLE				NO	NEEDS_EDITORIAL_REVIEW
253637bd59373f89739e8d45b0487280c7f0b70819c4402f8557d319fb75b7d3	SEM-253637BD5937	IMP-DL-3C59D9EE8B-P106	4	IMP-DL-3C59D9EE8B-P106;IMP-DL-3C59D9EE8B-P109;IMP-M3-D1A916E0DD-P106;IMP-M3-D1A916E0DD-P109	Downloads/theory-of-commutative-algebra-5-professional-v2.tex;MATH_ALLS-3/theory-of-commutative-algebra-5-professional-v2.tex	Downloads;MATH_ALLS-3	PROBLEM_ITEM				NO	NEEDS_EDITORIAL_REVIEW
254d1936c2ef2dba688390f0a7ea87306baf406342da06e53bd96e58ca58c360	SEM-254D1936C2EF	IMP-DL-98972A6B93-P038	2	IMP-DL-98972A6B93-P038;IMP-M2-355EA0996F-P038	Downloads/theory-of-geometry-II.tex;MATH-ALLS-2/theory-of-geometry-II.tex	Downloads;MATH-ALLS-2	PROBLEM_ITEM				NO	NEEDS_EDITORIAL_REVIEW
256aed707e73243ea31165ef7d57335183f8e8f11999f31c479cabbd4b9f3f00	SEM-256AED707E73	IMP-DL-0EB9CBD958-P029	2	IMP-DL-0EB9CBD958-P029;IMP-M2-F4C85D52DC-P029	Downloads/theory-of-geometry.tex;MATH-ALLS-2/theory-of-geometry.tex	Downloads;MATH-ALLS-2	PROBLEM_ITEM				NO	NEEDS_EDITORIAL_REVIEW
2577723bbe809794692587c6411be142f23127d1c8012058ee15a216172fcf79	SEM-2577723BBE80	IMP-DL-3C59D9EE8B-P104	2	IMP-DL-3C59D9EE8B-P104;IMP-M3-D1A916E0DD-P104	Downloads/theory-of-commutative-algebra-5-professional-v2.tex;MATH_ALLS-3/theory-of-commutative-algebra-5-professional-v2.tex	Downloads;MATH_ALLS-3	PROBLEM_ITEM				NO	NEEDS_EDITORIAL_REVIEW
2579c0d17ee1db3addcb6b20a855657bfe6fa43ece9981a9e9dddd378d719e07	SEM-2579C0D17EE1	IMP-DL-873C6F4098-P013	2	IMP-DL-873C6F4098-P013;IMP-M2-CFC28ED568-P013	Downloads/theory-of-analysis-II.tex;MATH-ALLS-2/theory-of-analysis-II.tex	Downloads;MATH-ALLS-2	PROBLEM_ITEM				NO	NEEDS_EDITORIAL_REVIEW
2596b1254db5b47a4c5cdd4840518ff47cb1a18bcbac2a87c9276b2dd5605195	SEM-2596B1254DB5	IMP-DL-D27460A55B-P007	1	IMP-DL-D27460A55B-P007	Downloads/theory-of-algebraic-geometry-5.tex	Downloads	PROBLEM	8.	IMP-DL-D27460A55B-S007		YES	NEEDS_EDITORIAL_REVIEW
25c5e5b04c23fc606efefe7522ca13bf5189aee028e29274197c0e5eb55480c4	SEM-25C5E5B04C23	IMP-DL-8D5CF4CFBA-P001	2	IMP-DL-8D5CF4CFBA-P001;IMP-M3-89937139FC-P001	Downloads/theory-of-linear-algebra-2.tex;MATH_ALLS-3/theory-of-linear-algebra-2.tex	Downloads;MATH_ALLS-3	PROBLEM	1	IMP-DL-8D5CF4CFBA-S001;IMP-M3-89937139FC-S001		YES	NEEDS_EDITORIAL_REVIEW
25ca2afe7812a2f291af1d075f400b1a398f1b1ae9f956e10394042942292d47	SEM-25CA2AFE7812	IMP-DL-14663C23F1-P006	4	IMP-DL-14663C23F1-P006;IMP-DL-14663C23F1-R000724-25CA2AFE;IMP-M2-155017A9AF-P006;IMP-M2-155017A9AF-R000724-25CA2AFE	Downloads/theory-of-geometry-III.tex;MATH-ALLS-2/theory-of-geometry-III.tex	Downloads;MATH-ALLS-2	EXAMPLE;WORKED_EXAMPLE				NO	NEEDS_EDITORIAL_REVIEW
25d611c064b16d217d45156253d4127f85bd1bf7d031b496400e199177227af9	SEM-25D611C064B1	IMP-DL-4DEBE28720-P027	2	IMP-DL-4DEBE28720-P027;IMP-M3-8E395763C8-P027	Downloads/theory-of-commutative-algebra-13.tex;MATH_ALLS-3/theory-of-commutative-algebra-13.tex	Downloads;MATH_ALLS-3	EXERCISE_ITEM				NO	NEEDS_EDITORIAL_REVIEW
25eee985e28a09e30ad1dd64f740501e008a193fdfb41467fa9018d084658091	SEM-25EEE985E28A	IMP-DL-ACE5A65961-PSR002232-25EEE985	2	IMP-DL-ACE5A65961-PSR002232-25EEE985;IMP-M3-251F2514E1-PSR002232-25EEE985	Downloads/theory-of-commutative-algebra-2.tex;MATH_ALLS-3/theory-of-commutative-algebra-2.tex	Downloads;MATH_ALLS-3	PROBLEM	9	IMP-DL-ACE5A65961-S005;IMP-M3-251F2514E1-S005		YES	NEEDS_EDITORIAL_REVIEW
2654e28eede9a430f49db844a836a04c28072b19247065b4315383c2e1015f68	SEM-2654E28EEDE9	IMP-DL-592BD0798C-P061	2	IMP-DL-592BD0798C-P061;IMP-M3-1FB8799CDC-P061	Downloads/theory-of-commutative-algebra-8.tex;MATH_ALLS-3/theory-of-commutative-algebra-8.tex	Downloads;MATH_ALLS-3	WORKED_EXAMPLE	2			NO	NEEDS_EDITORIAL_REVIEW
2655f924a801d1fd684a9fe5cfd1e61bd9198f7efb1f0a95ff1027d179edf721	SEM-2655F924A801	IMP-DL-35223EB1F7-P012	2	IMP-DL-35223EB1F7-P012;IMP-DL-35223EB1F7-R002140-2655F924	Downloads/theory-of-algebraic-topology-6.tex	Downloads	EXAMPLE;WORKED_EXAMPLE				NO	NEEDS_EDITORIAL_REVIEW
2657d316c1bcbf6f94af8e9d3b1e1c08ef0aa3dbb1682c4cfe6ea7fa988fa915	SEM-2657D316C1BC	IMP-DL-8016517B0A-P031	3	IMP-DL-8016517B0A-P031;IMP-M2-2B58694CBF-P031;IMP-M3-911366A7C5-P031	Downloads/theory-of-differential-geometry-1.tex;MATH-ALLS-2/theory-of-differential-geometry-1.tex;MATH_ALLS-3/theory-of-differential-geometry-1.tex	Downloads;MATH-ALLS-2;MATH_ALLS-3	PROBLEM	1			NO	NEEDS_EDITORIAL_REVIEW
267aad5ecb9dd92274681afc782cafcb5ad3abff6c46043fd7617d20d2e3f745	SEM-267AAD5ECB9D	IMP-DL-314EAD1F3C-SPR005005-267AAD5E	1	IMP-DL-314EAD1F3C-SPR005005-267AAD5E	Downloads/theory-of-algebraic-topology-12.tex	Downloads	EXAMPLE	14.6.			NO	NEEDS_EDITORIAL_REVIEW
268a01ce55bda906c868dd0568cb38f27dcfd9534b29fd6bf984b40be616de7c	SEM-268A01CE55BD	IMP-DL-3C59D9EE8B-P038	2	IMP-DL-3C59D9EE8B-P038;IMP-M3-D1A916E0DD-P038	Downloads/theory-of-commutative-algebra-5-professional-v2.tex;MATH_ALLS-3/theory-of-commutative-algebra-5-professional-v2.tex	Downloads;MATH_ALLS-3	PROBLEM_ITEM				NO	NEEDS_EDITORIAL_REVIEW
26a33f29034df8883d2ddaee3dcbe8deaafd1ca203ad15e6939ac13ad96944bd	SEM-26A33F29034D	IMP-DL-183AD43C4C-R001237-26A33F29	4	IMP-DL-183AD43C4C-R001237-26A33F29;IMP-DL-20E278E436-R001179-26A33F29;IMP-M2-1895C43FC6-R001237-26A33F29;IMP-M2-50B0B212DD-R001179-26A33F29	Downloads/merged_exercises_FULL_v2 (1).tex;Downloads/theory-of-real-analysis.tex;MATH-ALLS-2/merged_exercises_FULL_v2 (1).tex;MATH-ALLS-2/theory-of-real-analysis.tex	Downloads;MATH-ALLS-2	EXERCISE	6.5	IMP-DL-183AD43C4C-S030;IMP-DL-20E278E436-S030;IMP-M2-1895C43FC6-S030;IMP-M2-50B0B212DD-S030		YES	NEEDS_EDITORIAL_REVIEW
26af419ffbc72a8e516873154807da012cc66e5e761c3bef438297cc524886c2	SEM-26AF419FFBC7	IMP-DL-A978FB3162-R003256-26AF419F	1	IMP-DL-A978FB3162-R003256-26AF419F	Downloads/theory-of-algebraic-topology-4.tex	Downloads	PROBLEM	3	IMP-DL-A978FB3162-S009		YES	NEEDS_EDITORIAL_REVIEW
26bdb378fffb38bcc92256d4a899b3cde26ba450a5c85a2db3f32599ee758235	SEM-26BDB378FFFB	IMP-DL-6447F1B120-P015	1	IMP-DL-6447F1B120-P015	Downloads/theory-of-algebraic-topology-11.tex	Downloads	PROBLEM_ITEM				NO	NEEDS_EDITORIAL_REVIEW
26c55e6952bdfbee0e69e0505c06a3d68a074d349cbbcfe43072cb552628c488	SEM-26C55E6952BD	IMP-DL-721195CCB5-PSR002879-26C55E69	1	IMP-DL-721195CCB5-PSR002879-26C55E69	Downloads/theory-of-algebraic-geometry-11.tex	Downloads	EXAMPLE	9			NO	NEEDS_EDITORIAL_REVIEW
26fdabcdc6f89669ce84e50ebf2381d79b7b5802970fab6e94307129c556ebb5	SEM-26FDABCDC6F8	IMP-DL-A11279CC33-P013	2	IMP-DL-A11279CC33-P013;IMP-M3-73E0197CF3-P013	Downloads/theory-of-commutative-algebra-6.tex;MATH_ALLS-3/theory-of-commutative-algebra-6.tex	Downloads;MATH_ALLS-3	WORKED_EXAMPLE				NO	NEEDS_EDITORIAL_REVIEW
270b991a2530fe53a804bb1ce21a26f7d5351515c204d764d33fda665ca3886b	SEM-270B991A2530	IMP-DL-2E134BF207-P057	1	IMP-DL-2E134BF207-P057	Downloads/theory-of-algebraic-topology-5.tex	Downloads	PROBLEM_ITEM				NO	NEEDS_EDITORIAL_REVIEW
271002b7ad6e4fa5f509165c8c46d6d52e2193a8fdd5b7184029790de375a1c1	SEM-271002B7AD6E	IMP-DL-316AE183C3-P057	2	IMP-DL-316AE183C3-P057;IMP-M2-303BB87ACE-P057	Downloads/theory-of-analysis-functions.tex;MATH-ALLS-2/theory-of-analysis-functions.tex	Downloads;MATH-ALLS-2	EXERCISE_ITEM				NO	NEEDS_EDITORIAL_REVIEW
2724a51b91b5a2d227d5090184e6a5a3d5a47bc34b3f14a1a4b9021cc90de22d	SEM-2724A51B91B5	IMP-DL-D6E9B3BC73-P010	2	IMP-DL-D6E9B3BC73-P010;IMP-M3-422B74F85F-P010	Downloads/theory-of-algebraic-topology-1.tex;MATH_ALLS-3/theory-of-algebraic-topology-1.tex	Downloads;MATH_ALLS-3	WORKED_EXAMPLE	1.			NO	NEEDS_EDITORIAL_REVIEW
273ef711168978630f001d0582eb1b04ecfb2b54eb296b4f387edc5b58129beb	SEM-273EF7111689	IMP-DL-12C1A20716-P001	1	IMP-DL-12C1A20716-P001	Downloads/theory-of-algebraic-topology-10.tex	Downloads	EXERCISE	5.	IMP-DL-12C1A20716-S001		YES	NEEDS_EDITORIAL_REVIEW
274415152b8344d9879b006796b737f652352abb9ace24aa72af1bdc39c725b2	SEM-274415152B83	IMP-DL-2E134BF207-P017	1	IMP-DL-2E134BF207-P017	Downloads/theory-of-algebraic-topology-5.tex	Downloads	PROBLEM_ITEM				NO	NEEDS_EDITORIAL_REVIEW
274f02f069f5384250a5230847fc7d65bfac8cb57c4dca31ef5462239c38c145	SEM-274F02F069F5	IMP-DL-494D52343C-P005	4	IMP-DL-494D52343C-P005;IMP-DL-57AE2A96C2-P005;IMP-M3-53FA653D33-P005;IMP-M3-A9D1475E81-P005	Downloads/theory-of-commutative-algebra-7 - Copy.tex;Downloads/theory-of-commutative-algebra-7.tex;MATH_ALLS-3/theory-of-commutative-algebra-7 - Copy.tex;MATH_ALLS-3/theory-of-commutative-algebra-7.tex	Downloads;MATH_ALLS-3	WORKED_EXAMPLE	4			NO	NEEDS_EDITORIAL_REVIEW
275c3715b8a3aa2302478a57deb279e7ff159971120da3b1242e796dc590b914	SEM-275C3715B8A3	IMP-DL-183AD43C4C-P030	2	IMP-DL-183AD43C4C-P030;IMP-M2-1895C43FC6-P030	Downloads/theory-of-real-analysis.tex;MATH-ALLS-2/theory-of-real-analysis.tex	Downloads;MATH-ALLS-2	WORKED_EXAMPLE				NO	NEEDS_EDITORIAL_REVIEW
276bd8466de21b86acae246e9bfc3ba15ddab8390fb623efed0aa52dec80b02b	SEM-276BD8466DE2	IMP-DL-8D5CF4CFBA-PSR001053-276BD846	2	IMP-DL-8D5CF4CFBA-PSR001053-276BD846;IMP-M3-89937139FC-PSR001053-276BD846	Downloads/theory-of-linear-algebra-2.tex;MATH_ALLS-3/theory-of-linear-algebra-2.tex	Downloads;MATH_ALLS-3	PROBLEM	2			NO	NEEDS_EDITORIAL_REVIEW
2771a509bc1c82b053a009b5339d349a71f576dfa21522554cf38d4f2ad47fe6	SEM-2771A509BC1C	IMP-DL-3190BA882C-P021	2	IMP-DL-3190BA882C-P021;IMP-M3-CABB372599-P021	Downloads/theory-of-commutative-algebra-15.tex;MATH_ALLS-3/theory-of-commutative-algebra-15.tex	Downloads;MATH_ALLS-3	WORKED_EXAMPLE				NO	NEEDS_EDITORIAL_REVIEW
277ace769041dda71f3cbd59431fed99c0299556210063410355901986dd9eda	SEM-277ACE769041	IMP-DL-38CE6DEB56-P045	2	IMP-DL-38CE6DEB56-P045;IMP-M3-D19BB3C803-P045	Downloads/theory-of-commutative-algebra-14.tex;MATH_ALLS-3/theory-of-commutative-algebra-14.tex	Downloads;MATH_ALLS-3	EXERCISE	13	IMP-DL-38CE6DEB56-S013;IMP-M3-D19BB3C803-S013		YES	NEEDS_EDITORIAL_REVIEW
278ae5bfe5ccb6be549dec31836695ad066df779ecc56af5e2c59d5913c7a30d	SEM-278AE5BFE5CC	IMP-DL-E532B44856-P013	2	IMP-DL-E532B44856-P013;IMP-M2-C037D998D4-P013	Downloads/theory-of-analysis-functions-II.tex;MATH-ALLS-2/theory-of-analysis-functions-II.tex	Downloads;MATH-ALLS-2	EXERCISE	13	IMP-DL-E532B44856-S002;IMP-M2-C037D998D4-S002		YES	NEEDS_EDITORIAL_REVIEW
278ef3c21d04adf2b4612c1d88967bc0ae34d669b29ddf2d0c284ab8cc28735a	SEM-278EF3C21D04	IMP-DL-873C6F4098-P009	2	IMP-DL-873C6F4098-P009;IMP-M2-CFC28ED568-P009	Downloads/theory-of-analysis-II.tex;MATH-ALLS-2/theory-of-analysis-II.tex	Downloads;MATH-ALLS-2	PROBLEM_ITEM				NO	NEEDS_EDITORIAL_REVIEW
282cd6e525daaac35a47d13c4c9f61ad495ad53a83dc619b17e4663f5b4daba9	SEM-282CD6E525DA	IMP-DL-8016517B0A-P022	3	IMP-DL-8016517B0A-P022;IMP-M2-2B58694CBF-P022;IMP-M3-911366A7C5-P022	Downloads/theory-of-differential-geometry-1.tex;MATH-ALLS-2/theory-of-differential-geometry-1.tex;MATH_ALLS-3/theory-of-differential-geometry-1.tex	Downloads;MATH-ALLS-2;MATH_ALLS-3	PROBLEM_ITEM	Closure under composition			NO	NEEDS_EDITORIAL_REVIEW
28367f5bc207363fa6312a4d17de3e3f6f7307b60b8b8e0651cda490e2c75042	SEM-28367F5BC207	IMP-DL-8D5CF4CFBA-PSR001109-28367F5B	2	IMP-DL-8D5CF4CFBA-PSR001109-28367F5B;IMP-M3-89937139FC-PSR001109-28367F5B	Downloads/theory-of-linear-algebra-2.tex;MATH_ALLS-3/theory-of-linear-algebra-2.tex	Downloads;MATH_ALLS-3	PROBLEM	11			NO	NEEDS_EDITORIAL_REVIEW
283c9b8af4e8a9bb78e2476198329b36c383b283dea10987155ab902341953bc	SEM-283C9B8AF4E8	IMP-DL-18BC6F795C-P038	1	IMP-DL-18BC6F795C-P038	Downloads/theory-of-algebraic-topology-9.tex	Downloads	PROBLEM_ITEM				NO	NEEDS_EDITORIAL_REVIEW
28958b9b913738a90fba62621db5efc8b74736cd76a48770f8eb367b6115b43b	SEM-28958B9B9137	IMP-DL-D27460A55B-F2R001853-28958B9B	1	IMP-DL-D27460A55B-F2R001853-28958B9B	Downloads/theory-of-algebraic-geometry-5.tex	Downloads	EXAMPLE	10			NO	NEEDS_EDITORIAL_REVIEW
28a04ed56b70056870a4a4786f02d03df8a89e83b155b0418f5b5a6d566ab8c5	SEM-28A04ED56B70	IMP-DL-887B7B83F4-P003	1	IMP-DL-887B7B83F4-P003	Downloads/sheaves_notes_reorganized.tex	Downloads	WORKED_EXAMPLE				NO	NEEDS_EDITORIAL_REVIEW
28a69a2c011137508eb13b3030b3de92cb3d08c140a65a4603db5845789ef9de	SEM-28A69A2C0111	IMP-DL-117191C0EC-P009	2	IMP-DL-117191C0EC-P009;IMP-M2-40A546CAA2-P009	Downloads/theory-of-analysis-topics.tex;MATH-ALLS-2/theory-of-analysis-topics.tex	Downloads;MATH-ALLS-2	PROBLEM	6	IMP-DL-117191C0EC-S005;IMP-M2-40A546CAA2-S005		YES	NEEDS_EDITORIAL_REVIEW
28ace6af8a1d4957af5ba0702e6cf7afbf59150939b9bbf51510115f902c4eeb	SEM-28ACE6AF8A1D	IMP-DL-314EAD1F3C-R001690-28ACE6AF	1	IMP-DL-314EAD1F3C-R001690-28ACE6AF	Downloads/theory-of-algebraic-topology-12.tex	Downloads	PROBLEM	13			NO	NEEDS_EDITORIAL_REVIEW
28bec04ca062aca060732a7ce9ba425fa978da8c6dc7cca0dd0241fbe7d422e1	SEM-28BEC04CA062	IMP-DL-14663C23F1-P007	2	IMP-DL-14663C23F1-P007;IMP-M2-155017A9AF-P007	Downloads/theory-of-geometry-III.tex;MATH-ALLS-2/theory-of-geometry-III.tex	Downloads;MATH-ALLS-2	PROBLEM_ITEM				NO	NEEDS_EDITORIAL_REVIEW
28c19764bc765d6dd0fff7f71fadcb3f7d3c588cc7f94ada80fab6a3b47354c7	SEM-28C19764BC76	IMP-DL-1068DBED71-P052	4	IMP-DL-1068DBED71-P052;IMP-DL-CAA415139D-P052;IMP-M3-F4E66B2919-P052;IMP-M3-FCB1647DD6-P052	Downloads/theory-of-commutative-algebra-10.tex;Downloads/theory-of-commutative-algebra-9.tex;MATH_ALLS-3/theory-of-commutative-algebra-10.tex;MATH_ALLS-3/theory-of-commutative-algebra-9.tex	Downloads;MATH_ALLS-3	WORKED_EXAMPLE	4			NO	NEEDS_EDITORIAL_REVIEW
28c2a82955f5b64b3242793f02f44f139ab1d580cdf22a692184451368cc1762	SEM-28C2A82955F5	IMP-DL-0E3E7EC766-P005	2	IMP-DL-0E3E7EC766-P005;IMP-DL-0E3E7EC766-R002769-28C2A829	Downloads/theory-of-algebraic-geometry-1.tex	Downloads	EXERCISE				NO	NEEDS_EDITORIAL_REVIEW
28c2e41fa4b8b946c64a2486bbc1e0d792625a8ef06eabc97c51b03b9e4fd18b	SEM-28C2E41FA4B8	IMP-DL-2370D81D66-P066	2	IMP-DL-2370D81D66-P066;IMP-M2-D036BAB254-P066	Downloads/theory-of-analysis-FD.tex;MATH-ALLS-2/theory-of-analysis-FD.tex	Downloads;MATH-ALLS-2	EXERCISE	2.6.	IMP-DL-2370D81D66-S010;IMP-DL-2370D81D66-S011;IMP-DL-2370D81D66-S012;IMP-DL-2370D81D66-S013;IMP-DL-2370D81D66-S014;IMP-DL-2370D81D66-S015;IMP-M2-D036BAB254-S010;IMP-M2-D036BAB254-S011;IMP-M2-D036BAB254-S012;IMP-M2-D036BAB254-S013;IMP-M2-D036BAB254-S014;IMP-M2-D036BAB254-S015		YES	NEEDS_EDITORIAL_REVIEW
28d0b50337307d12800267efb8f08885f21ddaa6c00dde9cc2447bc7442d9bbf	SEM-28D0B5033730	IMP-DL-B7B63B4C41-P009	2	IMP-DL-B7B63B4C41-P009;IMP-M3-16526DCF36-P009	Downloads/theory-of-commutative-algebra-12.tex;MATH_ALLS-3/theory-of-commutative-algebra-12.tex	Downloads;MATH_ALLS-3	WORKED_EXAMPLE		IMP-DL-B7B63B4C41-S003;IMP-M3-16526DCF36-S003		YES	NEEDS_EDITORIAL_REVIEW
28d2410f5654461715648c8562554da9f7f739f04977911a9c79e5e4a3f353cb	SEM-28D2410F5654	IMP-DL-314EAD1F3C-R001852-28D2410F	1	IMP-DL-314EAD1F3C-R001852-28D2410F	Downloads/theory-of-algebraic-topology-12.tex	Downloads	EXAMPLE	11.2.			NO	NEEDS_EDITORIAL_REVIEW
28ef52bb90987415167de1bd05e885e07143382dd8a5566694d578e5ffc62ca7	SEM-28EF52BB9098	IMP-DL-1068DBED71-P046	4	IMP-DL-1068DBED71-P046;IMP-DL-CAA415139D-P046;IMP-M3-F4E66B2919-P046;IMP-M3-FCB1647DD6-P046	Downloads/theory-of-commutative-algebra-10.tex;Downloads/theory-of-commutative-algebra-9.tex;MATH_ALLS-3/theory-of-commutative-algebra-10.tex;MATH_ALLS-3/theory-of-commutative-algebra-9.tex	Downloads;MATH_ALLS-3	WORKED_EXAMPLE				NO	NEEDS_EDITORIAL_REVIEW
2923e7befe255495679722f2b20ea2b9b815cdfdd7e34cd2e97eaa13a3c7c434	SEM-2923E7BEFE25	IMP-DL-D148B51FB7-P020	2	IMP-DL-D148B51FB7-P020;IMP-M3-5A5277EBFB-P020	Downloads/theory-of-differential-geometry-4.tex;MATH_ALLS-3/theory-of-differential-geometry-4.tex	Downloads;MATH_ALLS-3	PROBLEM	11	IMP-DL-D148B51FB7-S011;IMP-M3-5A5277EBFB-S011		YES	NEEDS_EDITORIAL_REVIEW
2926d3db6411ccacc69bfdd76028d325b7db5ffc8bce1bd191a6540c29c2f9b7	SEM-2926D3DB6411	IMP-DL-2370D81D66-P041	2	IMP-DL-2370D81D66-P041;IMP-M2-D036BAB254-P041	Downloads/theory-of-analysis-FD.tex;MATH-ALLS-2/theory-of-analysis-FD.tex	Downloads;MATH-ALLS-2	EXERCISE_ITEM				NO	NEEDS_EDITORIAL_REVIEW
2997d1679fedb69a5008fa42acae2857773fcc291a702e003a6f5b7f92275cb7	SEM-2997D1679FED	IMP-DL-31FF76D7B8-PSR004953-2997D167	1	IMP-DL-31FF76D7B8-PSR004953-2997D167	Downloads/theory-of-algebraic-topology-16.tex	Downloads	EXAMPLE	3			NO	NEEDS_EDITORIAL_REVIEW
299a207f59a431d770435e123c42d7146f26b2bcaa6fa81b6b5951bda07070af	SEM-299A207F59A4	IMP-DL-D18914CBBD-P044	2	IMP-DL-D18914CBBD-P044;IMP-M3-78B3C1B707-P044	Downloads/theory-of-commutative-algebra-11.tex;MATH_ALLS-3/theory-of-commutative-algebra-11.tex	Downloads;MATH_ALLS-3	WORKED_EXAMPLE	10			NO	NEEDS_EDITORIAL_REVIEW
29a4f2788d0483be1bd49b61b14613eaec8a4431808e31dbe29f87b5c9f98b56	SEM-29A4F2788D04	IMP-DL-2370D81D66-P031	2	IMP-DL-2370D81D66-P031;IMP-M2-D036BAB254-P031	Downloads/theory-of-analysis-FD.tex;MATH-ALLS-2/theory-of-analysis-FD.tex	Downloads;MATH-ALLS-2	WORKED_EXAMPLE	3			NO	NEEDS_EDITORIAL_REVIEW
29cbeddc74a6776ec4c34e56ac6889e9a00c2d8a9e0a59032e869d6070440bc4	SEM-29CBEDDC74A6	IMP-DL-3C59D9EE8B-P067	2	IMP-DL-3C59D9EE8B-P067;IMP-M3-D1A916E0DD-P067	Downloads/theory-of-commutative-algebra-5-professional-v2.tex;MATH_ALLS-3/theory-of-commutative-algebra-5-professional-v2.tex	Downloads;MATH_ALLS-3	PROBLEM_ITEM				NO	NEEDS_EDITORIAL_REVIEW
2a21158eedf0c28016b7ea8bf05607900915b7257176642d67f3c748fc086896	SEM-2A21158EEDF0	IMP-DL-D27460A55B-SPR004073-2A21158E	1	IMP-DL-D27460A55B-SPR004073-2A21158E	Downloads/theory-of-algebraic-geometry-5.tex	Downloads	EXAMPLE	9			NO	NEEDS_EDITORIAL_REVIEW
2a3b67e0e99a7a2b7dd6399ea4a26bba15abeb34921bcc02628be3757bf6663e	SEM-2A3B67E0E99A	IMP-DL-4DEBE28720-P052	2	IMP-DL-4DEBE28720-P052;IMP-M3-8E395763C8-P052	Downloads/theory-of-commutative-algebra-13.tex;MATH_ALLS-3/theory-of-commutative-algebra-13.tex	Downloads;MATH_ALLS-3	EXERCISE_ITEM				NO	NEEDS_EDITORIAL_REVIEW
2a512bbd78b7e4814d9bfad2ae21761ad27f9712f4f9dc33f53aca2975f32064	SEM-2A512BBD78B7	IMP-DL-BD3A6D53D0-P019	3	IMP-DL-BD3A6D53D0-P019;IMP-M2-E2BE0561BD-P019;IMP-M3-0F6B7A59EB-P019	Downloads/theory-of-differential-geometry-2.tex;MATH-ALLS-2/theory-of-differential-geometry-2.tex;MATH_ALLS-3/theory-of-differential-geometry-2.tex	Downloads;MATH-ALLS-2;MATH_ALLS-3	PROBLEM	4	IMP-DL-BD3A6D53D0-S019;IMP-M2-E2BE0561BD-S019;IMP-M3-0F6B7A59EB-S019		YES	NEEDS_EDITORIAL_REVIEW
2a65233b8816ab066ee7e03df6de8bc20104efda6eed642375a59eff8886e230	SEM-2A65233B8816	IMP-DL-1068DBED71-P066	4	IMP-DL-1068DBED71-P066;IMP-DL-CAA415139D-P066;IMP-M3-F4E66B2919-P066;IMP-M3-FCB1647DD6-P066	Downloads/theory-of-commutative-algebra-10.tex;Downloads/theory-of-commutative-algebra-9.tex;MATH_ALLS-3/theory-of-commutative-algebra-10.tex;MATH_ALLS-3/theory-of-commutative-algebra-9.tex	Downloads;MATH_ALLS-3	WORKED_EXAMPLE	4			NO	NEEDS_EDITORIAL_REVIEW
2a67418d93918db5fb045c8f50130bd910a06a1dd02b6fcb13afc94f6aa3e444	SEM-2A67418D9391	IMP-DL-D148B51FB7-P013	2	IMP-DL-D148B51FB7-P013;IMP-M3-5A5277EBFB-P013	Downloads/theory-of-differential-geometry-4.tex;MATH_ALLS-3/theory-of-differential-geometry-4.tex	Downloads;MATH_ALLS-3	PROBLEM	4	IMP-DL-D148B51FB7-S004;IMP-M3-5A5277EBFB-S004		YES	NEEDS_EDITORIAL_REVIEW
2a9e2b18623223f90a52bc4250975275295bcf3a623174b8953030097a927aba	SEM-2A9E2B186232	IMP-DL-D27460A55B-P009	1	IMP-DL-D27460A55B-P009	Downloads/theory-of-algebraic-geometry-5.tex	Downloads	PROBLEM	10.			NO	NEEDS_EDITORIAL_REVIEW
2ab36a5e50f2560d174b38a78bf8b1e0854818a5c490f85734e0cf747ea71642	SEM-2AB36A5E50F2	IMP-DL-0E1AFE9FFD-P004	8	IMP-DL-0E1AFE9FFD-P004;IMP-DL-141F3478CC-P004;IMP-DL-AA5DDA8809-P004;IMP-DL-FB19C24E92-P004;IMP-M2-2BDEE85382-P004;IMP-M2-6F2E5F9B11-P004;IMP-M2-7785C781E9-P004;IMP-M2-F295E7C0B9-P004	Downloads/theory-of-complex-analysis-all-maps-all.tex;Downloads/theory-of-complex-analysis-all-maps-all2.tex;Downloads/theory-of-complex-analysis-all-maps.tex;Downloads/theory-of-complex-analysis-all.tex;MATH-ALLS-2/theory-of-complex-analysis-all-maps-all.tex;MATH-ALLS-2/theory-of-complex-analysis-all-maps-all2.tex;MATH-ALLS-2/theory-of-complex-analysis-all-maps.tex;MATH-ALLS-2/theory-of-complex-analysis-all.tex	Downloads;MATH-ALLS-2	PROBLEM_ITEM				NO	NEEDS_EDITORIAL_REVIEW
2abf18ce81b83346a3e1b42aedaf04e19cd116a2c82a41117c48ac1c4dcd379a	SEM-2ABF18CE81B8	IMP-DL-98972A6B93-P040	2	IMP-DL-98972A6B93-P040;IMP-M2-355EA0996F-P040	Downloads/theory-of-geometry-II.tex;MATH-ALLS-2/theory-of-geometry-II.tex	Downloads;MATH-ALLS-2	PROBLEM_ITEM				NO	NEEDS_EDITORIAL_REVIEW
2ac2d6f8b5ad70c05f971cdb17a5bb7ebde2f190912d0183a9cddd30885d42ab	SEM-2AC2D6F8B5AD	IMP-DL-8D5CF4CFBA-P014	2	IMP-DL-8D5CF4CFBA-P014;IMP-M3-89937139FC-P014	Downloads/theory-of-linear-algebra-2.tex;MATH_ALLS-3/theory-of-linear-algebra-2.tex	Downloads;MATH_ALLS-3	PROBLEM	3	IMP-DL-8D5CF4CFBA-S015;IMP-M3-89937139FC-S015		YES	NEEDS_EDITORIAL_REVIEW
2adf71c2d4395fdea2fdc6f42f7c4e9d3d6cc82f685807c7cbefde614c33246d	SEM-2ADF71C2D439	IMP-DL-3E276561C4-R001292-2ADF71C2	2	IMP-DL-3E276561C4-R001292-2ADF71C2;IMP-M3-AB2FCA292B-R001292-2ADF71C2	Downloads/theory-of-linear-algebra-1.tex;MATH_ALLS-3/theory-of-linear-algebra-1.tex	Downloads;MATH_ALLS-3	PROBLEM	9	IMP-DL-3E276561C4-S009;IMP-M3-AB2FCA292B-S009		YES	NEEDS_EDITORIAL_REVIEW
2af5527ec759a21f12d736718baa2390be8cad0900feb57b7d29822ee9cb398e	SEM-2AF5527EC759	IMP-DL-3D2DB27534-P005	4	IMP-DL-3D2DB27534-P005;IMP-DL-5B1D955447-P005;IMP-M2-8108AF5CB9-P005;IMP-M2-AFF44384C1-P005	Downloads/merged_exercises (1).tex;Downloads/merged_exercises.tex;MATH-ALLS-2/merged_exercises (1).tex;MATH-ALLS-2/merged_exercises.tex	Downloads;MATH-ALLS-2	EXERCISE	1.6			NO	NEEDS_EDITORIAL_REVIEW
2b0bf540d4c0844b139a1e45f82b520e44053971bd3dc2d8764cc6ed959988f1	SEM-2B0BF540D4C0	IMP-DL-314EAD1F3C-SPR004878-2B0BF540	1	IMP-DL-314EAD1F3C-SPR004878-2B0BF540	Downloads/theory-of-algebraic-topology-12.tex	Downloads	EXAMPLE	14.4.			NO	NEEDS_EDITORIAL_REVIEW
2b45af28c6339c10ed9ada33a5565aa2ffde82d13935025195b5e3606f5e242b	SEM-2B45AF28C633	IMP-DL-3C59D9EE8B-P101	2	IMP-DL-3C59D9EE8B-P101;IMP-M3-D1A916E0DD-P101	Downloads/theory-of-commutative-algebra-5-professional-v2.tex;MATH_ALLS-3/theory-of-commutative-algebra-5-professional-v2.tex	Downloads;MATH_ALLS-3	PROBLEM_ITEM				NO	NEEDS_EDITORIAL_REVIEW
2b4b448bfc5fbdd17fb111cb827aba2e61fabc716f68d4af61e2b5c78a4848cb	SEM-2B4B448BFC5F	IMP-DL-3C59D9EE8B-P029	2	IMP-DL-3C59D9EE8B-P029;IMP-M3-D1A916E0DD-P029	Downloads/theory-of-commutative-algebra-5-professional-v2.tex;MATH_ALLS-3/theory-of-commutative-algebra-5-professional-v2.tex	Downloads;MATH_ALLS-3	PROBLEM_ITEM				NO	NEEDS_EDITORIAL_REVIEW
2b75e1b9016f923c7a776406caa71714b234fcaa5e7ef007ddf70a38a3f4438a	SEM-2B75E1B9016F	IMP-DL-8D5CF4CFBA-P015	2	IMP-DL-8D5CF4CFBA-P015;IMP-M3-89937139FC-P015	Downloads/theory-of-linear-algebra-2.tex;MATH_ALLS-3/theory-of-linear-algebra-2.tex	Downloads;MATH_ALLS-3	PROBLEM	4	IMP-DL-8D5CF4CFBA-S016;IMP-M3-89937139FC-S016		YES	NEEDS_EDITORIAL_REVIEW
2b765de4595b6ae818f529917c63c2a1065919f921bf81fcada0829955aa3a42	SEM-2B765DE4595B	IMP-DL-2E134BF207-P010	1	IMP-DL-2E134BF207-P010	Downloads/theory-of-algebraic-topology-5.tex	Downloads	PROBLEM_ITEM				NO	NEEDS_EDITORIAL_REVIEW
2b77b6e41a255564fb4d9a6149c6c8fb8d0808e286711957cb0f55b56e1f2a9a	SEM-2B77B6E41A25	IMP-DL-D18914CBBD-P013	2	IMP-DL-D18914CBBD-P013;IMP-M3-78B3C1B707-P013	Downloads/theory-of-commutative-algebra-11.tex;MATH_ALLS-3/theory-of-commutative-algebra-11.tex	Downloads;MATH_ALLS-3	WORKED_EXAMPLE	13			NO	NEEDS_EDITORIAL_REVIEW
2b842b053e3bb7111d86f15205d7dd61907e9a5693ee527b0d7e0af2bb07d3e7	SEM-2B842B053E3B	IMP-DL-0EB9CBD958-P074	2	IMP-DL-0EB9CBD958-P074;IMP-M2-F4C85D52DC-P074	Downloads/theory-of-geometry.tex;MATH-ALLS-2/theory-of-geometry.tex	Downloads;MATH-ALLS-2	PROBLEM_ITEM				NO	NEEDS_EDITORIAL_REVIEW
2ba97fa3e0aceda7a16921bcea90331f7ac76edfbbc0e4e4ce7a64023a3a4e37	SEM-2BA97FA3E0AC	IMP-DL-98972A6B93-P001	2	IMP-DL-98972A6B93-P001;IMP-M2-355EA0996F-P001	Downloads/theory-of-geometry-II.tex;MATH-ALLS-2/theory-of-geometry-II.tex	Downloads;MATH-ALLS-2	PROBLEM	4			NO	NEEDS_EDITORIAL_REVIEW
2bad36e3360d7020588fd3a6843f26e5b975baff76e1874ea5a9a4ec194852ac	SEM-2BAD36E3360D	IMP-DL-D6E9B3BC73-P028	2	IMP-DL-D6E9B3BC73-P028;IMP-M3-422B74F85F-P028	Downloads/theory-of-algebraic-topology-1.tex;MATH_ALLS-3/theory-of-algebraic-topology-1.tex	Downloads;MATH_ALLS-3	PROBLEM_ITEM				NO	NEEDS_EDITORIAL_REVIEW
2bb8dd579a5c5b61f0cc08bf632cf1a23e82e18594916d956d4ded2217974352	SEM-2BB8DD579A5C	IMP-DL-D148B51FB7-P005	2	IMP-DL-D148B51FB7-P005;IMP-M3-5A5277EBFB-P005	Downloads/theory-of-differential-geometry-4.tex;MATH_ALLS-3/theory-of-differential-geometry-4.tex	Downloads;MATH_ALLS-3	PROBLEM_ITEM				NO	NEEDS_EDITORIAL_REVIEW
2bbd85bd486bc7b61c24a6fd6c09943e9732487d60da726e1177939f7c8382b7	SEM-2BBD85BD486B	IMP-DL-0EB9CBD958-P010	2	IMP-DL-0EB9CBD958-P010;IMP-M2-F4C85D52DC-P010	Downloads/theory-of-geometry.tex;MATH-ALLS-2/theory-of-geometry.tex	Downloads;MATH-ALLS-2	PROBLEM	2	IMP-DL-0EB9CBD958-S004;IMP-M2-F4C85D52DC-S004		YES	NEEDS_EDITORIAL_REVIEW
2bce2bd901d1d69088868f4a5846b12595c87ecf86f12db8429ff004b1f3cd25	SEM-2BCE2BD901D1	IMP-DL-4DEBE28720-P095	2	IMP-DL-4DEBE28720-P095;IMP-M3-8E395763C8-P095	Downloads/theory-of-commutative-algebra-13.tex;MATH_ALLS-3/theory-of-commutative-algebra-13.tex	Downloads;MATH_ALLS-3	WORKED_EXAMPLE	10			NO	NEEDS_EDITORIAL_REVIEW
2bebda43a99102642f99c88e22ff798d8504dcbc3b5dd56089cea224f888d823	SEM-2BEBDA43A991	IMP-DL-3E276561C4-P042	2	IMP-DL-3E276561C4-P042;IMP-M3-AB2FCA292B-P042	Downloads/theory-of-linear-algebra-1.tex;MATH_ALLS-3/theory-of-linear-algebra-1.tex	Downloads;MATH_ALLS-3	PROBLEM	12	IMP-DL-3E276561C4-S063;IMP-M3-AB2FCA292B-S063		YES	NEEDS_EDITORIAL_REVIEW
2bee75c2a9f1b59cdab97a6a6d343e65d1a809b860be393528ab05846b88833f	SEM-2BEE75C2A9F1	IMP-DL-117191C0EC-P035	2	IMP-DL-117191C0EC-P035;IMP-M2-40A546CAA2-P035	Downloads/theory-of-analysis-topics.tex;MATH-ALLS-2/theory-of-analysis-topics.tex	Downloads;MATH-ALLS-2	PROBLEM_ITEM				NO	NEEDS_EDITORIAL_REVIEW
2bf90647d1fa98dcdfec149d8ad7b2574801941e1fc2c89f627195343c0d17fb	SEM-2BF90647D1FA	IMP-DL-E12021E60A-P023	1	IMP-DL-E12021E60A-P023	Downloads/theory-of-algebraic-topology-17.tex	Downloads	WORKED_EXAMPLE	4			NO	NEEDS_EDITORIAL_REVIEW
2c0ea6550ec5e9988da44c7823fcf1f1b4476e3e7c422206958729620b00e276	SEM-2C0EA6550EC5	IMP-DL-6447F1B120-P007	1	IMP-DL-6447F1B120-P007	Downloads/theory-of-algebraic-topology-11.tex	Downloads	PROBLEM_ITEM				NO	NEEDS_EDITORIAL_REVIEW
2c2b81fba3c3d61c4ca93dac73ba5d3e385153d4dd68117f145e1eed1905a352	SEM-2C2B81FBA3C3	IMP-DL-11EDF39EA7-P029	2	IMP-DL-11EDF39EA7-P029;IMP-M2-68556E3D88-P029	Downloads/theory-of-analysis-FD2.tex;MATH-ALLS-2/theory-of-analysis-FD2.tex	Downloads;MATH-ALLS-2	EXERCISE_ITEM				NO	NEEDS_EDITORIAL_REVIEW
2c4598ee98807e23ef47e6b67718fdbc818d49bcdcc3edb28b685c77b3a59318	SEM-2C4598EE9880	IMP-DL-15679DEE8D-P014	12	IMP-DL-15679DEE8D-P014;IMP-DL-15679DEE8D-R002718-2C4598EE;IMP-DL-3CA1CB77F7-P014;IMP-DL-3CA1CB77F7-R002721-2C4598EE;IMP-DL-E0A96454A5-P014;IMP-DL-E0A96454A5-R002718-2C4598EE;IMP-M2-1D2863B81A-P014;IMP-M2-1D2863B81A-R002718-2C4598EE;IMP-M2-D47CB97304-P014;IMP-M2-D47CB97304-R002718-2C4598EE;IMP-M2-F08D4144EA-P014;IMP-M2-F08D4144EA-R002721-2C4598EE	Downloads/theory-of-analysis - Copy.tex;Downloads/theory-of-analysis-numbers.tex;Downloads/theory-of-analysis.tex;MATH-ALLS-2/theory-of-analysis - Copy.tex;MATH-ALLS-2/theory-of-analysis-numbers.tex;MATH-ALLS-2/theory-of-analysis.tex	Downloads;MATH-ALLS-2	EXERCISE		IMP-DL-15679DEE8D-S015;IMP-DL-3CA1CB77F7-S015;IMP-DL-E0A96454A5-S015;IMP-M2-1D2863B81A-S015;IMP-M2-D47CB97304-S015;IMP-M2-F08D4144EA-S015		YES	NEEDS_EDITORIAL_REVIEW
2c635146a821744b012f4771cda9c9bccc9e0acbc32b4f6f1065b50bace06368	SEM-2C635146A821	IMP-DL-A470D9BACB-P027	2	IMP-DL-A470D9BACB-P027;IMP-M2-2850FB9A8A-P027	Downloads/theory-of-geometry-1.tex;MATH-ALLS-2/theory-of-geometry-1.tex	Downloads;MATH-ALLS-2	WORKED_EXAMPLE	2			NO	NEEDS_EDITORIAL_REVIEW
2c720cc8282f55fa540a02ad139bc68994519a7f211c49502d870ca65e67cc09	SEM-2C720CC8282F	IMP-DL-38CE6DEB56-P004	2	IMP-DL-38CE6DEB56-P004;IMP-M3-D19BB3C803-P004	Downloads/theory-of-commutative-algebra-14.tex;MATH_ALLS-3/theory-of-commutative-algebra-14.tex	Downloads;MATH_ALLS-3	WORKED_EXAMPLE	4			NO	NEEDS_EDITORIAL_REVIEW
2c846a0e537e4645cbbf8b7bfc2d635e9676d850ada00166481b213e3924b449	SEM-2C846A0E537E	IMP-DL-2E134BF207-R001347-2C846A0E	1	IMP-DL-2E134BF207-R001347-2C846A0E	Downloads/theory-of-algebraic-topology-5.tex	Downloads	PROBLEM	9	IMP-DL-2E134BF207-S004		YES	NEEDS_EDITORIAL_REVIEW
2c8c36e5f5fca57d256a0026259bcf7b1f00fc1875a8a72b185e5a36ae62cc37	SEM-2C8C36E5F5FC	IMP-DL-4DEBE28720-P043	2	IMP-DL-4DEBE28720-P043;IMP-M3-8E395763C8-P043	Downloads/theory-of-commutative-algebra-13.tex;MATH_ALLS-3/theory-of-commutative-algebra-13.tex	Downloads;MATH_ALLS-3	WORKED_EXAMPLE				NO	NEEDS_EDITORIAL_REVIEW
2c927537c7dc2995a19ce4df436ae73809d7cbfb01ed88c18f295ee1d3e21e45	SEM-2C927537C7DC	IMP-DL-8D5CF4CFBA-R003200-2C927537	2	IMP-DL-8D5CF4CFBA-R003200-2C927537;IMP-M3-89937139FC-R003200-2C927537	Downloads/theory-of-linear-algebra-2.tex;MATH_ALLS-3/theory-of-linear-algebra-2.tex	Downloads;MATH_ALLS-3	PROBLEM	6			NO	NEEDS_EDITORIAL_REVIEW
2ca1a43e0fa6c86df3f8e943b332a24757fc7c1a4be60b3cc7f65f4661e1d350	SEM-2CA1A43E0FA6	IMP-DL-E12021E60A-P016	1	IMP-DL-E12021E60A-P016	Downloads/theory-of-algebraic-topology-17.tex	Downloads	WORKED_EXAMPLE	9.7			NO	NEEDS_EDITORIAL_REVIEW
2cc147c9e1ef1fb80d13c60c85247c774e3d810451b894cb4d7d92b70ca001d3	SEM-2CC147C9E1EF	IMP-DL-B7B63B4C41-P003	2	IMP-DL-B7B63B4C41-P003;IMP-M3-16526DCF36-P003	Downloads/theory-of-commutative-algebra-12.tex;MATH_ALLS-3/theory-of-commutative-algebra-12.tex	Downloads;MATH_ALLS-3	WORKED_EXAMPLE	3			NO	NEEDS_EDITORIAL_REVIEW
2cd641868f4c598808d82c33ac7be1ee25533c0a89ec3ebd7104f9d77059773e	SEM-2CD641868F4C	IMP-DL-EAE0F59552-P015	2	IMP-DL-EAE0F59552-P015;IMP-M2-7EA9DA1D72-P015	Downloads/theory-of-analysis-topology.tex;MATH-ALLS-2/theory-of-analysis-topology.tex	Downloads;MATH-ALLS-2	PROBLEM	13			NO	NEEDS_EDITORIAL_REVIEW
2ce528ee498c38a026673e96c907fb267d12525bbb9d5611849325785142b388	SEM-2CE528EE498C	IMP-DL-12C1A20716-P015	1	IMP-DL-12C1A20716-P015	Downloads/theory-of-algebraic-topology-10.tex	Downloads	PROBLEM_ITEM				NO	NEEDS_EDITORIAL_REVIEW
2d186d342a38c77e8bfb74fe53c4fd1d961afcaff1fb69845bb4016a37069f78	SEM-2D186D342A38	IMP-DL-316AE183C3-P069	2	IMP-DL-316AE183C3-P069;IMP-M2-303BB87ACE-P069	Downloads/theory-of-analysis-functions.tex;MATH-ALLS-2/theory-of-analysis-functions.tex	Downloads;MATH-ALLS-2	EXERCISE_ITEM				NO	NEEDS_EDITORIAL_REVIEW
2d232c07daabfcc9dca92c6088f63b7b872dcbe33d84bfc9cb046393a6914df3	SEM-2D232C07DAAB	IMP-DL-07D84009EA-P014	16	IMP-DL-07D84009EA-P014;IMP-DL-162DBE4483-P014;IMP-DL-183AD43C4C-P014;IMP-DL-20E278E436-P014;IMP-DL-68F65EDA24-P014;IMP-DL-890EB1F6EA-P014;IMP-DL-995E0CD19D-P014;IMP-DL-E69AEC0DA9-P014;IMP-M2-0EAC31ED0B-P014;IMP-M2-1403D223C9-P014;IMP-M2-1750FF4FF7-P014;IMP-M2-1895C43FC6-P014;IMP-M2-50B0B212DD-P014;IMP-M2-6D7FCEA253-P014;IMP-M2-9CEC4F97B5-P014;IMP-M2-BC23C57F39-P014	Downloads/merged_exercises_FULL_v2 (1).tex;Downloads/merged_exercises_FULL_v2.tex;Downloads/merged_exercises_corrected (1).tex;Downloads/merged_exercises_corrected (2).tex;Downloads/merged_exercises_corrected (3).tex;Downloads/merged_exercises_corrected (4).tex;Downloads/merged_exercises_corrected.tex;Downloads/theory-of-real-analysis.tex;MATH-ALLS-2/merged_exercises_FULL_v2 (1).tex;MATH-ALLS-2/merged_exercises_FULL_v2.tex;MATH-ALLS-2/merged_exercises_corrected (1).tex;MATH-ALLS-2/merged_exercises_corrected (2).tex;MATH-ALLS-2/merged_exercises_corrected (3).tex;MATH-ALLS-2/merged_exercises_corrected (4).tex;MATH-ALLS-2/merged_exercises_corrected.tex;MATH-ALLS-2/theory-of-real-analysis.tex	Downloads;MATH-ALLS-2	EXERCISE	2.8			NO	NEEDS_EDITORIAL_REVIEW
2d2b41b126e4453681a8152e0c64376a81dd081ce3fed063f723310a51994880	SEM-2D2B41B126E4	IMP-DL-2E134BF207-F2R003616-2D2B41B1	1	IMP-DL-2E134BF207-F2R003616-2D2B41B1	Downloads/theory-of-algebraic-topology-5.tex	Downloads	EXAMPLE	3			NO	NEEDS_EDITORIAL_REVIEW
2d3f2de85bd03daba5ce56dea06b0c787cb52accde984b88e6da72fb1ded9be5	SEM-2D3F2DE85BD0	IMP-DL-316AE183C3-P075	2	IMP-DL-316AE183C3-P075;IMP-M2-303BB87ACE-P075	Downloads/theory-of-analysis-functions.tex;MATH-ALLS-2/theory-of-analysis-functions.tex	Downloads;MATH-ALLS-2	EXERCISE_ITEM				NO	NEEDS_EDITORIAL_REVIEW
2d50b0e84d666649e3c66ca2bdf60561fde71d178bb1d3054526803f7569b947	SEM-2D50B0E84D66	IMP-DL-873C6F4098-P089	2	IMP-DL-873C6F4098-P089;IMP-M2-CFC28ED568-P089	Downloads/theory-of-analysis-II.tex;MATH-ALLS-2/theory-of-analysis-II.tex	Downloads;MATH-ALLS-2	PROBLEM	5	IMP-DL-873C6F4098-S023;IMP-M2-CFC28ED568-S023		YES	NEEDS_EDITORIAL_REVIEW
2d9a6f83d29fac6a584990576cd86d48c65176f72ad42f4a2160f8e3eb1427eb	SEM-2D9A6F83D29F	IMP-DL-316AE183C3-P005	2	IMP-DL-316AE183C3-P005;IMP-M2-303BB87ACE-P005	Downloads/theory-of-analysis-functions.tex;MATH-ALLS-2/theory-of-analysis-functions.tex	Downloads;MATH-ALLS-2	WORKED_EXAMPLE				NO	NEEDS_EDITORIAL_REVIEW
2db95927a46fbfe088420bdd59f2bcd319e005f6c665bdb63cebc7ab56d3fd61	SEM-2DB95927A46F	IMP-DL-3C59D9EE8B-P033	2	IMP-DL-3C59D9EE8B-P033;IMP-M3-D1A916E0DD-P033	Downloads/theory-of-commutative-algebra-5-professional-v2.tex;MATH_ALLS-3/theory-of-commutative-algebra-5-professional-v2.tex	Downloads;MATH_ALLS-3	PROBLEM_ITEM				NO	NEEDS_EDITORIAL_REVIEW
2ddf08255ef2312e9f83ea67a8724f9bdf2957a6cd15cbbbb1b7b8f776e6c23d	SEM-2DDF08255EF2	IMP-DL-98972A6B93-P005	4	IMP-DL-98972A6B93-P005;IMP-DL-98972A6B93-R001713-2DDF0825;IMP-M2-355EA0996F-P005;IMP-M2-355EA0996F-R001713-2DDF0825	Downloads/theory-of-geometry-II.tex;MATH-ALLS-2/theory-of-geometry-II.tex	Downloads;MATH-ALLS-2	EXAMPLE;WORKED_EXAMPLE				NO	NEEDS_EDITORIAL_REVIEW
2df9336c625c43f410ae1462f53c98a6953dba98f14e32a3c7988e36d804c62b	SEM-2DF9336C625C	IMP-DL-E532B44856-P033	2	IMP-DL-E532B44856-P033;IMP-M2-C037D998D4-P033	Downloads/theory-of-analysis-functions-II.tex;MATH-ALLS-2/theory-of-analysis-functions-II.tex	Downloads;MATH-ALLS-2	WORKED_EXAMPLE				NO	NEEDS_EDITORIAL_REVIEW
2e0a64105d7d6412e826302181c72a390bff4ac8939a15c8f8f12072e0a16554	SEM-2E0A64105D7D	IMP-DL-A978FB3162-P089	1	IMP-DL-A978FB3162-P089	Downloads/theory-of-algebraic-topology-4.tex	Downloads	WORKED_EXAMPLE	8			NO	NEEDS_EDITORIAL_REVIEW
2e269b554c8e2a318cbdda899cce828c4e6528deb3ec625b9e476db09c23d275	SEM-2E269B554C8E	IMP-DL-A978FB3162-P038	1	IMP-DL-A978FB3162-P038	Downloads/theory-of-algebraic-topology-4.tex	Downloads	PROBLEM_ITEM				NO	NEEDS_EDITORIAL_REVIEW
2e4040c58020eeb70b875101248dddfafbed7916059f0310a7c96c79708951d3	SEM-2E4040C58020	IMP-DL-2370D81D66-P077	2	IMP-DL-2370D81D66-P077;IMP-M2-D036BAB254-P077	Downloads/theory-of-analysis-FD.tex;MATH-ALLS-2/theory-of-analysis-FD.tex	Downloads;MATH-ALLS-2	EXERCISE	2.8.			NO	NEEDS_EDITORIAL_REVIEW
2e43bd86f6a6c867417f14656727354ea67c87e98b3a9ebcc7ad0fba7dd6fd79	SEM-2E43BD86F6A6	IMP-DL-3C59D9EE8B-P021	2	IMP-DL-3C59D9EE8B-P021;IMP-M3-D1A916E0DD-P021	Downloads/theory-of-commutative-algebra-5-professional-v2.tex;MATH_ALLS-3/theory-of-commutative-algebra-5-professional-v2.tex	Downloads;MATH_ALLS-3	PROBLEM_ITEM				NO	NEEDS_EDITORIAL_REVIEW
2e511927cf9369ce0abdbaac34c0d48542431dd427b09926d83a6266499bc491	SEM-2E511927CF93	IMP-DL-12C1A20716-P029	1	IMP-DL-12C1A20716-P029	Downloads/theory-of-algebraic-topology-10.tex	Downloads	PROBLEM	8			NO	NEEDS_EDITORIAL_REVIEW
2e5c06a5760fa5e7358259f89dd1260a09f8f142d79c84c752a7ce44e125e4fe	SEM-2E5C06A5760F	IMP-DL-D2CF6ADC46-R001342-2E5C06A5	1	IMP-DL-D2CF6ADC46-R001342-2E5C06A5	Downloads/theory-of-commutative-algebra-16.tex	Downloads	EXAMPLE				NO	NEEDS_EDITORIAL_REVIEW
2e84e84e0bec6fffcb0a376ffe7bf20a1b9675cd301852aba9b9aefd1335a348	SEM-2E84E84E0BEC	IMP-DL-3C59D9EE8B-P081	2	IMP-DL-3C59D9EE8B-P081;IMP-M3-D1A916E0DD-P081	Downloads/theory-of-commutative-algebra-5-professional-v2.tex;MATH_ALLS-3/theory-of-commutative-algebra-5-professional-v2.tex	Downloads;MATH_ALLS-3	PROBLEM_ITEM				NO	NEEDS_EDITORIAL_REVIEW
2e9b16ca6b3d1510a1ca3e36cce974158be806e415ac18ea6edccaee89e64892	SEM-2E9B16CA6B3D	IMP-DL-873C6F4098-P103	2	IMP-DL-873C6F4098-P103;IMP-M2-CFC28ED568-P103	Downloads/theory-of-analysis-II.tex;MATH-ALLS-2/theory-of-analysis-II.tex	Downloads;MATH-ALLS-2	PROBLEM	10			NO	NEEDS_EDITORIAL_REVIEW
2ea3ca6c04dfe620440eb2ce13ea025ecafe50450c8fb03b8b7924f586e47cac	SEM-2EA3CA6C04DF	IMP-DL-A509E7ADEA-P001	2	IMP-DL-A509E7ADEA-P001;IMP-M2-F95E4E8DC6-P001	Downloads/theory-of-disitrbutions.tex;MATH-ALLS-2/theory-of-disitrbutions.tex	Downloads;MATH-ALLS-2	EXERCISE	1.1			NO	NEEDS_EDITORIAL_REVIEW
2ec55811c12d126ff0f6b02ff70bb0f843baea210fd38e94263d9c3041961f1d	SEM-2EC55811C12D	IMP-DL-BD3A6D53D0-P013	3	IMP-DL-BD3A6D53D0-P013;IMP-M2-E2BE0561BD-P013;IMP-M3-0F6B7A59EB-P013	Downloads/theory-of-differential-geometry-2.tex;MATH-ALLS-2/theory-of-differential-geometry-2.tex;MATH_ALLS-3/theory-of-differential-geometry-2.tex	Downloads;MATH-ALLS-2;MATH_ALLS-3	PROBLEM	9	IMP-DL-BD3A6D53D0-S013;IMP-M2-E2BE0561BD-S013;IMP-M3-0F6B7A59EB-S013		YES	NEEDS_EDITORIAL_REVIEW
2eefc2ef3d0e28ba96ccf063c1465f806fe022c8e4eb5045736bb37d1fe7bfa6	SEM-2EEFC2EF3D0E	IMP-DL-6B513C0C2F-PSR006567-2EEFC2EF	1	IMP-DL-6B513C0C2F-PSR006567-2EEFC2EF	Downloads/theory-of-algebraic-geometry-10.tex	Downloads	EXAMPLE				NO	NEEDS_EDITORIAL_REVIEW
2efaa90d0f9e981dc6be2cdc5549ef10fcab5722d3855be050f8924f81e5508f	SEM-2EFAA90D0F9E	IMP-DL-0B4CC237FA-SPR002245-2EFAA90D	1	IMP-DL-0B4CC237FA-SPR002245-2EFAA90D	Downloads/theory-of-algebraic-geometry-3.tex	Downloads	EXAMPLE	5.			NO	NEEDS_EDITORIAL_REVIEW
2f1303548adc62b32d68ee9028a60fda48e81c1f54e44a23d733e56fa77ce39a	SEM-2F1303548ADC	IMP-DL-4DEBE28720-P088	2	IMP-DL-4DEBE28720-P088;IMP-M3-8E395763C8-P088	Downloads/theory-of-commutative-algebra-13.tex;MATH_ALLS-3/theory-of-commutative-algebra-13.tex	Downloads;MATH_ALLS-3	WORKED_EXAMPLE	2			NO	NEEDS_EDITORIAL_REVIEW
2f17a77d49715a4aa1fcd07fc6d9a83897756982cc90abf3c5673fc9bb4cc6ad	SEM-2F17A77D4971	IMP-DL-117191C0EC-P006	2	IMP-DL-117191C0EC-P006;IMP-M2-40A546CAA2-P006	Downloads/theory-of-analysis-topics.tex;MATH-ALLS-2/theory-of-analysis-topics.tex	Downloads;MATH-ALLS-2	PROBLEM_ITEM				NO	NEEDS_EDITORIAL_REVIEW
2f24aeecc18ed74f358dae0a8adfe4241e9955ebc9e967357c1e4b7586e553c2	SEM-2F24AEECC18E	IMP-DL-3C59D9EE8B-P132	2	IMP-DL-3C59D9EE8B-P132;IMP-M3-D1A916E0DD-P132	Downloads/theory-of-commutative-algebra-5-professional-v2.tex;MATH_ALLS-3/theory-of-commutative-algebra-5-professional-v2.tex	Downloads;MATH_ALLS-3	PROBLEM_ITEM				NO	NEEDS_EDITORIAL_REVIEW
2f36ac7363f92f9e5522cb02efd6e0fd2ef33d809049a396b1ebe358dd385bf2	SEM-2F36AC7363F9	IMP-DL-8D5CF4CFBA-P034	2	IMP-DL-8D5CF4CFBA-P034;IMP-M3-89937139FC-P034	Downloads/theory-of-linear-algebra-2.tex;MATH_ALLS-3/theory-of-linear-algebra-2.tex	Downloads;MATH_ALLS-3	PROBLEM	6	IMP-DL-8D5CF4CFBA-S044;IMP-M3-89937139FC-S044		YES	NEEDS_EDITORIAL_REVIEW
2f50b50b9c97886d1b7c6c279f1deb0b0b17bc86d70869f7c263fd41b1863139	SEM-2F50B50B9C97	IMP-DL-E532B44856-P010	2	IMP-DL-E532B44856-P010;IMP-M2-C037D998D4-P010	Downloads/theory-of-analysis-functions-II.tex;MATH-ALLS-2/theory-of-analysis-functions-II.tex	Downloads;MATH-ALLS-2	EXERCISE	10			NO	NEEDS_EDITORIAL_REVIEW
2f6a74981ee83ab1106395a86e0d6cde2772fb8cf95c5eb192981f027e2dc469	SEM-2F6A74981EE8	IMP-DL-627841AC75-SPR004799-2F6A7498	1	IMP-DL-627841AC75-SPR004799-2F6A7498	Downloads/theory-of-algebraic-topology-3.tex	Downloads	EXAMPLE				NO	NEEDS_EDITORIAL_REVIEW
2f7692f8997f0c7ec3e6a2b504962a050357bea1f99241679a839668afb249c1	SEM-2F7692F8997F	IMP-DL-314EAD1F3C-R001729-2F7692F8	1	IMP-DL-314EAD1F3C-R001729-2F7692F8	Downloads/theory-of-algebraic-topology-12.tex	Downloads	PROBLEM	11			NO	NEEDS_EDITORIAL_REVIEW
2f78fb6f7bce0fd1c74bb640c0184238c4d19abcbd824b14a7d9c742ac5401fc	SEM-2F78FB6F7BCE	IMP-DL-A978FB3162-P081	1	IMP-DL-A978FB3162-P081	Downloads/theory-of-algebraic-topology-4.tex	Downloads	PROBLEM_ITEM				NO	NEEDS_EDITORIAL_REVIEW
2faddc7ba0e7adafbc0dee0f1eddd33436e12b9a1e2f2ec6e1125073f5e55e0b	SEM-2FADDC7BA0E7	IMP-DL-183AD43C4C-R001185-2FADDC7B	4	IMP-DL-183AD43C4C-R001185-2FADDC7B;IMP-DL-20E278E436-R001127-2FADDC7B;IMP-M2-1895C43FC6-R001185-2FADDC7B;IMP-M2-50B0B212DD-R001127-2FADDC7B	Downloads/merged_exercises_FULL_v2 (1).tex;Downloads/theory-of-real-analysis.tex;MATH-ALLS-2/merged_exercises_FULL_v2 (1).tex;MATH-ALLS-2/theory-of-real-analysis.tex	Downloads;MATH-ALLS-2	EXERCISE	6.3	IMP-DL-183AD43C4C-S028;IMP-DL-20E278E436-S028;IMP-M2-1895C43FC6-S028;IMP-M2-50B0B212DD-S028		YES	NEEDS_EDITORIAL_REVIEW
2fc5d82ee1e18e80f1c22ac65330e53134a901d99236a9377561ba1a0fbdf9eb	SEM-2FC5D82EE1E1	IMP-DL-6447F1B120-P027	1	IMP-DL-6447F1B120-P027	Downloads/theory-of-algebraic-topology-11.tex	Downloads	PROBLEM_ITEM				NO	NEEDS_EDITORIAL_REVIEW
2ffbc9e2d369d5243efc865d9e48f03647a81c608a857c057456096d00fefbac	SEM-2FFBC9E2D369	IMP-DL-3CA1CB77F7-P047	4	IMP-DL-3CA1CB77F7-P047;IMP-DL-3CA1CB77F7-R005148-2FFBC9E2;IMP-M2-F08D4144EA-P047;IMP-M2-F08D4144EA-R005148-2FFBC9E2	Downloads/theory-of-analysis-numbers.tex;MATH-ALLS-2/theory-of-analysis-numbers.tex	Downloads;MATH-ALLS-2	EXERCISE		IMP-DL-3CA1CB77F7-S023;IMP-M2-F08D4144EA-S023		YES	NEEDS_EDITORIAL_REVIEW
3017de47fcbd5a71e527eeea2c871888b15fb8a351eed42c0b0424ac73614180	SEM-3017DE47FCBD	IMP-DL-E0B80C696E-P010	1	IMP-DL-E0B80C696E-P010	Downloads/theory-of-algebraic-topology-7.tex	Downloads	WORKED_EXAMPLE				NO	NEEDS_EDITORIAL_REVIEW
3023bfb7775bbaa7df0b26230ea4ebd13244b6c8b61a3f79b51e9dfe92baed04	SEM-3023BFB7775B	IMP-DL-D18914CBBD-P058	2	IMP-DL-D18914CBBD-P058;IMP-M3-78B3C1B707-P058	Downloads/theory-of-commutative-algebra-11.tex;MATH_ALLS-3/theory-of-commutative-algebra-11.tex	Downloads;MATH_ALLS-3	WORKED_EXAMPLE	1			NO	NEEDS_EDITORIAL_REVIEW
30258c5d5607908df4c45b9de99bd0e18cff02ebe82a72d1d69f65ef9d9355f3	SEM-30258C5D5607	IMP-DL-ACE5A65961-P001	4	IMP-DL-ACE5A65961-P001;IMP-DL-BE207BDF11-P001;IMP-M3-2408B547B5-P001;IMP-M3-251F2514E1-P001	Downloads/theory-of-commutative-algebra-1s.tex;Downloads/theory-of-commutative-algebra-2.tex;MATH_ALLS-3/theory-of-commutative-algebra-1s.tex;MATH_ALLS-3/theory-of-commutative-algebra-2.tex	Downloads;MATH_ALLS-3	PROBLEM	5	IMP-DL-ACE5A65961-S001;IMP-DL-ACE5A65961-S002;IMP-DL-BE207BDF11-S001;IMP-DL-BE207BDF11-S002;IMP-M3-2408B547B5-S001;IMP-M3-2408B547B5-S002;IMP-M3-251F2514E1-S001;IMP-M3-251F2514E1-S002		YES	NEEDS_EDITORIAL_REVIEW
303e569d5729a690694138e356f367610426bb66386b5715373467172eda9c4d	SEM-303E569D5729	IMP-DL-BD3A6D53D0-P016	3	IMP-DL-BD3A6D53D0-P016;IMP-M2-E2BE0561BD-P016;IMP-M3-0F6B7A59EB-P016	Downloads/theory-of-differential-geometry-2.tex;MATH-ALLS-2/theory-of-differential-geometry-2.tex;MATH_ALLS-3/theory-of-differential-geometry-2.tex	Downloads;MATH-ALLS-2;MATH_ALLS-3	PROBLEM	1	IMP-DL-BD3A6D53D0-S016;IMP-M2-E2BE0561BD-S016;IMP-M3-0F6B7A59EB-S016		YES	NEEDS_EDITORIAL_REVIEW
3049ae32f9c1e2eb3d557c21ac79ca4c96bb014bdd003d70a75f5208911daee8	SEM-3049AE32F9C1	IMP-DL-6447F1B120-P034	1	IMP-DL-6447F1B120-P034	Downloads/theory-of-algebraic-topology-11.tex	Downloads	WORKED_EXAMPLE	6			NO	NEEDS_EDITORIAL_REVIEW
305b81f52b648c2e745be303afe8ac2a3e0c8509601dd6cbe16c5e82bce38280	SEM-305B81F52B64	IMP-DL-D18914CBBD-SPR000694-305B81F5	2	IMP-DL-D18914CBBD-SPR000694-305B81F5;IMP-M3-78B3C1B707-SPR000694-305B81F5	Downloads/theory-of-commutative-algebra-11.tex;MATH_ALLS-3/theory-of-commutative-algebra-11.tex	Downloads;MATH_ALLS-3	EXAMPLE	22			NO	NEEDS_EDITORIAL_REVIEW
305c844a5bdf4d4ceeb1a78157858af74129b5f8c318d18d126fba62f5c57593	SEM-305C844A5BDF	IMP-DL-721195CCB5-P008	1	IMP-DL-721195CCB5-P008	Downloads/theory-of-algebraic-geometry-11.tex	Downloads	WORKED_EXAMPLE	8			NO	NEEDS_EDITORIAL_REVIEW
308425142f1bea3f09f33682b355af542ff5191504734eb602b8681cba2a099c	SEM-308425142F1B	IMP-DL-0EB9CBD958-P044	2	IMP-DL-0EB9CBD958-P044;IMP-M2-F4C85D52DC-P044	Downloads/theory-of-geometry.tex;MATH-ALLS-2/theory-of-geometry.tex	Downloads;MATH-ALLS-2	PROBLEM_ITEM				NO	NEEDS_EDITORIAL_REVIEW
3086ad818913f01ef7c94bb7bcb52fb1bbe18131b7a0bfd65d2a1088097c6ba9	SEM-3086AD818913	IMP-DL-0A181AC273-P027	4	IMP-DL-0A181AC273-P027;IMP-DL-AD9EFCAF62-P003;IMP-M2-79778E004E-P003;IMP-M2-80AFB5AE64-P027	Downloads/theory-of-complex-analysis-2.tex;Downloads/theory-of-complex-analysis.tex;MATH-ALLS-2/theory-of-complex-analysis-2.tex;MATH-ALLS-2/theory-of-complex-analysis.tex	Downloads;MATH-ALLS-2	PROBLEM	3.			NO	NEEDS_EDITORIAL_REVIEW
30a648a4948366e9058209e2629850e447c45ee2affc83af35713aac72ddde78	SEM-30A648A49483	IMP-DL-A11279CC33-P003	2	IMP-DL-A11279CC33-P003;IMP-M3-73E0197CF3-P003	Downloads/theory-of-commutative-algebra-6.tex;MATH_ALLS-3/theory-of-commutative-algebra-6.tex	Downloads;MATH_ALLS-3	WORKED_EXAMPLE				NO	NEEDS_EDITORIAL_REVIEW
30d330e5ac498bfae2383a24c578cb1fc8ee17a7856c27f1f2c9c28793209aee	SEM-30D330E5AC49	IMP-DL-E532B44856-P019	2	IMP-DL-E532B44856-P019;IMP-M2-C037D998D4-P019	Downloads/theory-of-analysis-functions-II.tex;MATH-ALLS-2/theory-of-analysis-functions-II.tex	Downloads;MATH-ALLS-2	EXERCISE	6	IMP-DL-E532B44856-S009;IMP-M2-C037D998D4-S009		YES	NEEDS_EDITORIAL_REVIEW
30d5620d4a60563fe9982cc90cac0d083ab7e78c42ac92a2763f56b3dfc55a3a	SEM-30D5620D4A60	IMP-DL-183AD43C4C-R001205-30D5620D	4	IMP-DL-183AD43C4C-R001205-30D5620D;IMP-DL-20E278E436-R001147-30D5620D;IMP-M2-1895C43FC6-R001205-30D5620D;IMP-M2-50B0B212DD-R001147-30D5620D	Downloads/merged_exercises_FULL_v2 (1).tex;Downloads/theory-of-real-analysis.tex;MATH-ALLS-2/merged_exercises_FULL_v2 (1).tex;MATH-ALLS-2/theory-of-real-analysis.tex	Downloads;MATH-ALLS-2	EXERCISE	6.4	IMP-DL-183AD43C4C-S029;IMP-DL-20E278E436-S029;IMP-M2-1895C43FC6-S029;IMP-M2-50B0B212DD-S029		YES	NEEDS_EDITORIAL_REVIEW
30dcb2e081756636d7e29b3226dc21750ff1a2e601d488c426d58d82011843fc	SEM-30DCB2E08175	IMP-DL-CB3C80FF97-P010	2	IMP-DL-CB3C80FF97-P010;IMP-M2-7B5A4788C1-P010	Downloads/theory-of-complex-analysis-topology.tex;MATH-ALLS-2/theory-of-complex-analysis-topology.tex	Downloads;MATH-ALLS-2	PROBLEM_ITEM				NO	NEEDS_EDITORIAL_REVIEW
30ddfb74fcb066788b3efcc4ad16426806b252167d06b29656b278671fde7ada	SEM-30DDFB74FCB0	IMP-DL-15679DEE8D-P016	12	IMP-DL-15679DEE8D-P016;IMP-DL-15679DEE8D-R002922-30DDFB74;IMP-DL-3CA1CB77F7-P016;IMP-DL-3CA1CB77F7-R002925-30DDFB74;IMP-DL-E0A96454A5-P016;IMP-DL-E0A96454A5-R002922-30DDFB74;IMP-M2-1D2863B81A-P016;IMP-M2-1D2863B81A-R002922-30DDFB74;IMP-M2-D47CB97304-P016;IMP-M2-D47CB97304-R002922-30DDFB74;IMP-M2-F08D4144EA-P016;IMP-M2-F08D4144EA-R002925-30DDFB74	Downloads/theory-of-analysis - Copy.tex;Downloads/theory-of-analysis-numbers.tex;Downloads/theory-of-analysis.tex;MATH-ALLS-2/theory-of-analysis - Copy.tex;MATH-ALLS-2/theory-of-analysis-numbers.tex;MATH-ALLS-2/theory-of-analysis.tex	Downloads;MATH-ALLS-2	EXERCISE				NO	NEEDS_EDITORIAL_REVIEW
30f2d831685ea3e1167582974c835e4ed04f609e6a1c49f42326ff24962c38c0	SEM-30F2D831685E	IMP-DL-0AC5ADA26C-P026	1	IMP-DL-0AC5ADA26C-P026	Downloads/theory-of-algebraic-topology-8.tex	Downloads	WORKED_EXAMPLE	2			NO	NEEDS_EDITORIAL_REVIEW
311ca01767746efb3a5068f0abdd689d31f39c2e6eb9263f78dd8b08111d58e6	SEM-311CA0176774	IMP-DL-E4D9F7AB6B-PSR005431-311CA017	1	IMP-DL-E4D9F7AB6B-PSR005431-311CA017	Downloads/theory-of-algebraic-topology-13.tex	Downloads	EXAMPLE	6.			NO	NEEDS_EDITORIAL_REVIEW
31bd9a7c6f7e2549bdc590767eb05817875fa9d63214629b1f988dff3ef84f60	SEM-31BD9A7C6F7E	IMP-DL-3190BA882C-P015	2	IMP-DL-3190BA882C-P015;IMP-M3-CABB372599-P015	Downloads/theory-of-commutative-algebra-15.tex;MATH_ALLS-3/theory-of-commutative-algebra-15.tex	Downloads;MATH_ALLS-3	EXERCISE_ITEM				NO	NEEDS_EDITORIAL_REVIEW
31c265da856b4b5b2ef2f6719b0c47635920e4a43d21d61fedaf7724a74b3886	SEM-31C265DA856B	IMP-DL-E12021E60A-P035	1	IMP-DL-E12021E60A-P035	Downloads/theory-of-algebraic-topology-17.tex	Downloads	WORKED_EXAMPLE	3.5			NO	NEEDS_EDITORIAL_REVIEW
31dfa797b20123ab6bc3437c1899c5974751ff9356622a9e0e32f4c64e191d78	SEM-31DFA797B201	IMP-DL-D27460A55B-P010	1	IMP-DL-D27460A55B-P010	Downloads/theory-of-algebraic-geometry-5.tex	Downloads	PROBLEM	10.			NO	NEEDS_EDITORIAL_REVIEW
31e3250b18599a477cb88ba3d9f447da637abe8ff428fcec9e278dacf25958bb	SEM-31E3250B1859	IMP-DL-8D5CF4CFBA-P017	2	IMP-DL-8D5CF4CFBA-P017;IMP-M3-89937139FC-P017	Downloads/theory-of-linear-algebra-2.tex;MATH_ALLS-3/theory-of-linear-algebra-2.tex	Downloads;MATH_ALLS-3	PROBLEM	6	IMP-DL-8D5CF4CFBA-S018;IMP-M3-89937139FC-S018		YES	NEEDS_EDITORIAL_REVIEW
31ee84f05559b0f3d2871a6dda04bb15cb17ac537f32d3c3018fbaa885d18ea4	SEM-31EE84F05559	IMP-DL-CB3C80FF97-P044	2	IMP-DL-CB3C80FF97-P044;IMP-M2-7B5A4788C1-P044	Downloads/theory-of-complex-analysis-topology.tex;MATH-ALLS-2/theory-of-complex-analysis-topology.tex	Downloads;MATH-ALLS-2	PROBLEM		IMP-DL-CB3C80FF97-S020;IMP-DL-CB3C80FF97-S021;IMP-DL-CB3C80FF97-S022;IMP-DL-CB3C80FF97-S023;IMP-DL-CB3C80FF97-S024;IMP-M2-7B5A4788C1-S020;IMP-M2-7B5A4788C1-S021;IMP-M2-7B5A4788C1-S022;IMP-M2-7B5A4788C1-S023;IMP-M2-7B5A4788C1-S024		YES	NEEDS_EDITORIAL_REVIEW
3210caf7d9aa823b192b7b1d02c49b40cf3e3e59c2a291bd0ab1e39b0a589d20	SEM-3210CAF7D9AA	IMP-DL-07D84009EA-P013	16	IMP-DL-07D84009EA-P013;IMP-DL-162DBE4483-P013;IMP-DL-183AD43C4C-P013;IMP-DL-20E278E436-P013;IMP-DL-68F65EDA24-P013;IMP-DL-890EB1F6EA-P013;IMP-DL-995E0CD19D-P013;IMP-DL-E69AEC0DA9-P013;IMP-M2-0EAC31ED0B-P013;IMP-M2-1403D223C9-P013;IMP-M2-1750FF4FF7-P013;IMP-M2-1895C43FC6-P013;IMP-M2-50B0B212DD-P013;IMP-M2-6D7FCEA253-P013;IMP-M2-9CEC4F97B5-P013;IMP-M2-BC23C57F39-P013	Downloads/merged_exercises_FULL_v2 (1).tex;Downloads/merged_exercises_FULL_v2.tex;Downloads/merged_exercises_corrected (1).tex;Downloads/merged_exercises_corrected (2).tex;Downloads/merged_exercises_corrected (3).tex;Downloads/merged_exercises_corrected (4).tex;Downloads/merged_exercises_corrected.tex;Downloads/theory-of-real-analysis.tex;MATH-ALLS-2/merged_exercises_FULL_v2 (1).tex;MATH-ALLS-2/merged_exercises_FULL_v2.tex;MATH-ALLS-2/merged_exercises_corrected (1).tex;MATH-ALLS-2/merged_exercises_corrected (2).tex;MATH-ALLS-2/merged_exercises_corrected (3).tex;MATH-ALLS-2/merged_exercises_corrected (4).tex;MATH-ALLS-2/merged_exercises_corrected.tex;MATH-ALLS-2/theory-of-real-analysis.tex	Downloads;MATH-ALLS-2	EXERCISE	2.7			NO	NEEDS_EDITORIAL_REVIEW
3228084f36ac14e72c6880e00231a8e71a81ac80dfe354999b708908d958d9d2	SEM-3228084F36AC	IMP-DL-A5CEE6E541-PSR004295-3228084F	1	IMP-DL-A5CEE6E541-PSR004295-3228084F	Downloads/theory-of-algebraic-geometry-8.tex	Downloads	EXAMPLE				NO	NEEDS_EDITORIAL_REVIEW
325ed120291e32f6ea6ecdca95644c18fe86308617238057299f8c7d528580e6	SEM-325ED120291E	IMP-DL-3C59D9EE8B-P126	2	IMP-DL-3C59D9EE8B-P126;IMP-M3-D1A916E0DD-P126	Downloads/theory-of-commutative-algebra-5-professional-v2.tex;MATH_ALLS-3/theory-of-commutative-algebra-5-professional-v2.tex	Downloads;MATH_ALLS-3	PROBLEM_ITEM				NO	NEEDS_EDITORIAL_REVIEW
32d2cf046e694ac65745fdf2b180f8fbb7fd817ea2de35362428aa5c6d4229a6	SEM-32D2CF046E69	IMP-DL-18BC6F795C-P031	1	IMP-DL-18BC6F795C-P031	Downloads/theory-of-algebraic-topology-9.tex	Downloads	WORKED_EXAMPLE	13			NO	NEEDS_EDITORIAL_REVIEW
32d51db010bc210aceb505b734ad81e5936143718fe5b5ab68cadad908e0cfd3	SEM-32D51DB010BC	IMP-DL-E532B44856-P031	2	IMP-DL-E532B44856-P031;IMP-M2-C037D998D4-P031	Downloads/theory-of-analysis-functions-II.tex;MATH-ALLS-2/theory-of-analysis-functions-II.tex	Downloads;MATH-ALLS-2	EXERCISE	8			NO	NEEDS_EDITORIAL_REVIEW
32e2827c888032934f95688ca6fbea61bd37a3425d5094c119c4ee73969d561a	SEM-32E2827C8880	IMP-DL-117191C0EC-P059	2	IMP-DL-117191C0EC-P059;IMP-M2-40A546CAA2-P059	Downloads/theory-of-analysis-topics.tex;MATH-ALLS-2/theory-of-analysis-topics.tex	Downloads;MATH-ALLS-2	PROBLEM	8	IMP-DL-117191C0EC-S029;IMP-M2-40A546CAA2-S029		YES	NEEDS_EDITORIAL_REVIEW
330a07bee92ad81e4449c1cd9e015497035db6e460402f4bcf85eb081a796741	SEM-330A07BEE92A	IMP-DL-A978FB3162-P052	1	IMP-DL-A978FB3162-P052	Downloads/theory-of-algebraic-topology-4.tex	Downloads	PROBLEM_ITEM				NO	NEEDS_EDITORIAL_REVIEW
33159a7abed23b1b41a0150b34604ffe23ebe2be908d6d937264ceb11bcaddd0	SEM-33159A7ABED2	IMP-DL-2E134BF207-P012	1	IMP-DL-2E134BF207-P012	Downloads/theory-of-algebraic-topology-5.tex	Downloads	PROBLEM_ITEM				NO	NEEDS_EDITORIAL_REVIEW
332554455760cfce6946512775aedca316bc5098220f9e518cdad3772519b618	SEM-332554455760	IMP-DL-D18914CBBD-P026	2	IMP-DL-D18914CBBD-P026;IMP-M3-78B3C1B707-P026	Downloads/theory-of-commutative-algebra-11.tex;MATH_ALLS-3/theory-of-commutative-algebra-11.tex	Downloads;MATH_ALLS-3	WORKED_EXAMPLE	4			NO	NEEDS_EDITORIAL_REVIEW
332b34e9d5afcc55c359c9b336621fd308c6b4564953691bb7111e3d8dc554af	SEM-332B34E9D5AF	IMP-DL-0A181AC273-P016	2	IMP-DL-0A181AC273-P016;IMP-M2-80AFB5AE64-P016	Downloads/theory-of-complex-analysis.tex;MATH-ALLS-2/theory-of-complex-analysis.tex	Downloads;MATH-ALLS-2	PROBLEM	4.	IMP-DL-0A181AC273-S004;IMP-M2-80AFB5AE64-S004		YES	NEEDS_EDITORIAL_REVIEW
33370f57d01c1210ea14e0527d9e92859bf7677bd7ac713c8ed0216151455db3	SEM-33370F57D01C	IMP-DL-35223EB1F7-P018	2	IMP-DL-35223EB1F7-P018;IMP-DL-35223EB1F7-R002481-33370F57	Downloads/theory-of-algebraic-topology-6.tex	Downloads	EXAMPLE;WORKED_EXAMPLE				NO	NEEDS_EDITORIAL_REVIEW
33427ba4793fb7b436f198ca0fca40a7fb8f94d80014bd0b09905fe3502fdde2	SEM-33427BA4793F	IMP-DL-117191C0EC-P012	2	IMP-DL-117191C0EC-P012;IMP-M2-40A546CAA2-P012	Downloads/theory-of-analysis-topics.tex;MATH-ALLS-2/theory-of-analysis-topics.tex	Downloads;MATH-ALLS-2	WORKED_EXAMPLE				NO	NEEDS_EDITORIAL_REVIEW
335e0db1218539487dec18fb1271e8992fc8b8fea91eeaa7e9bd6d88e876ddd7	SEM-335E0DB12185	IMP-DL-3C59D9EE8B-P022	2	IMP-DL-3C59D9EE8B-P022;IMP-M3-D1A916E0DD-P022	Downloads/theory-of-commutative-algebra-5-professional-v2.tex;MATH_ALLS-3/theory-of-commutative-algebra-5-professional-v2.tex	Downloads;MATH_ALLS-3	PROBLEM_ITEM				NO	NEEDS_EDITORIAL_REVIEW
336fd073a94e299d4f0d4e5fc718701ff127facacb2f161b0621d9b7924e6e17	SEM-336FD073A94E	IMP-DL-887B7B83F4-P006	1	IMP-DL-887B7B83F4-P006	Downloads/sheaves_notes_reorganized.tex	Downloads	WORKED_EXAMPLE				NO	NEEDS_EDITORIAL_REVIEW
339ff73d016a8cc8c6a90d76d5a5a4537730712cd7982026947f0a0cadf13dc6	SEM-339FF73D016A	IMP-DL-E12021E60A-P022	1	IMP-DL-E12021E60A-P022	Downloads/theory-of-algebraic-topology-17.tex	Downloads	WORKED_EXAMPLE	3			NO	NEEDS_EDITORIAL_REVIEW
33fc07d93c50f0382db0cb6ce9828dee456a3411a7f2a10e380f38742f5336bf	SEM-33FC07D93C50	IMP-DL-A978FB3162-P060	1	IMP-DL-A978FB3162-P060	Downloads/theory-of-algebraic-topology-4.tex	Downloads	WORKED_EXAMPLE	6			NO	NEEDS_EDITORIAL_REVIEW
34040da83353686524fc3011ed9a065d5e74fa3cc229cead9b8d19a99ade6deb	SEM-34040DA83353	IMP-DL-316AE183C3-P034	2	IMP-DL-316AE183C3-P034;IMP-M2-303BB87ACE-P034	Downloads/theory-of-analysis-functions.tex;MATH-ALLS-2/theory-of-analysis-functions.tex	Downloads;MATH-ALLS-2	EXERCISE_ITEM				NO	NEEDS_EDITORIAL_REVIEW
340f0d9f271f7c745fe9c8c9e1c0cbbd080864889f45f8a0fb1d0f877cf4d9f0	SEM-340F0D9F271F	IMP-DL-067214B351-PSR001228-340F0D9F	1	IMP-DL-067214B351-PSR001228-340F0D9F	Downloads/theory-of-algebraic-topology-15.tex	Downloads	EXAMPLE	1			NO	NEEDS_EDITORIAL_REVIEW
3419ccce9e35e554f5a62aa1a58c12c4d318e946bab912c8febaca203befd431	SEM-3419CCCE9E35	IMP-DL-CB3C80FF97-P004	2	IMP-DL-CB3C80FF97-P004;IMP-M2-7B5A4788C1-P004	Downloads/theory-of-complex-analysis-topology.tex;MATH-ALLS-2/theory-of-complex-analysis-topology.tex	Downloads;MATH-ALLS-2	PROBLEM		IMP-DL-CB3C80FF97-S005;IMP-M2-7B5A4788C1-S005		YES	NEEDS_EDITORIAL_REVIEW
342cde71220e8928ead53042a1b221cfcf6617f72bf5ef8a75b3085ef1a9e64b	SEM-342CDE71220E	IMP-DL-CB3C80FF97-P022	2	IMP-DL-CB3C80FF97-P022;IMP-M2-7B5A4788C1-P022	Downloads/theory-of-complex-analysis-topology.tex;MATH-ALLS-2/theory-of-complex-analysis-topology.tex	Downloads;MATH-ALLS-2	PROBLEM		IMP-DL-CB3C80FF97-S015;IMP-DL-CB3C80FF97-S016;IMP-M2-7B5A4788C1-S015;IMP-M2-7B5A4788C1-S016		YES	NEEDS_EDITORIAL_REVIEW
3433313329c6aa762b73ad452680792e10044690c6bbfb7f7e3bdba4db3f61e2	SEM-3433313329C6	IMP-DL-494D52343C-P008	4	IMP-DL-494D52343C-P008;IMP-DL-57AE2A96C2-P008;IMP-M3-53FA653D33-P008;IMP-M3-A9D1475E81-P008	Downloads/theory-of-commutative-algebra-7 - Copy.tex;Downloads/theory-of-commutative-algebra-7.tex;MATH_ALLS-3/theory-of-commutative-algebra-7 - Copy.tex;MATH_ALLS-3/theory-of-commutative-algebra-7.tex	Downloads;MATH_ALLS-3	WORKED_EXAMPLE	3			NO	NEEDS_EDITORIAL_REVIEW
345398022222401309e780a21f29f6896edc60e25c28ea476a4685fd9a8339fe	SEM-345398022222	IMP-DL-8D5CF4CFBA-P033	2	IMP-DL-8D5CF4CFBA-P033;IMP-M3-89937139FC-P033	Downloads/theory-of-linear-algebra-2.tex;MATH_ALLS-3/theory-of-linear-algebra-2.tex	Downloads;MATH_ALLS-3	PROBLEM	4	IMP-DL-8D5CF4CFBA-S042;IMP-DL-8D5CF4CFBA-S043;IMP-M3-89937139FC-S042;IMP-M3-89937139FC-S043		YES	NEEDS_EDITORIAL_REVIEW
3459920f8b4414316fffbd1bfb8692be7702e1cf9b6d74c5171f8217dfaa7b20	SEM-3459920F8B44	IMP-DL-314EAD1F3C-SPR004807-3459920F	1	IMP-DL-314EAD1F3C-SPR004807-3459920F	Downloads/theory-of-algebraic-topology-12.tex	Downloads	EXAMPLE	14.3.			NO	NEEDS_EDITORIAL_REVIEW
345a1ab912c8fecca776092fb65835bb41796832dc79f85f73bd15f2b02111e3	SEM-345A1AB912C8	IMP-DL-0E3E7EC766-R002172-345A1AB9	1	IMP-DL-0E3E7EC766-R002172-345A1AB9	Downloads/theory-of-algebraic-geometry-1.tex	Downloads	EXAMPLE	3			NO	NEEDS_EDITORIAL_REVIEW
345ed6248695bd4abd816add3e069a2179aaa4626d0064705a5f046002820ac0	SEM-345ED6248695	IMP-DL-8016517B0A-P009	3	IMP-DL-8016517B0A-P009;IMP-M2-2B58694CBF-P009;IMP-M3-911366A7C5-P009	Downloads/theory-of-differential-geometry-1.tex;MATH-ALLS-2/theory-of-differential-geometry-1.tex;MATH_ALLS-3/theory-of-differential-geometry-1.tex	Downloads;MATH-ALLS-2;MATH_ALLS-3	PROBLEM_ITEM	$\mathcal A$-smooth function			NO	NEEDS_EDITORIAL_REVIEW
3462839f06d36a68daa8fb545446a497411fcc111a80f87c298bdd6e3ca05daa	SEM-3462839F06D3	IMP-DL-8016517B0A-P019	3	IMP-DL-8016517B0A-P019;IMP-M2-2B58694CBF-P019;IMP-M3-911366A7C5-P019	Downloads/theory-of-differential-geometry-1.tex;MATH-ALLS-2/theory-of-differential-geometry-1.tex;MATH_ALLS-3/theory-of-differential-geometry-1.tex	Downloads;MATH-ALLS-2;MATH_ALLS-3	PROBLEM_ITEM	Locality of smoothness			NO	NEEDS_EDITORIAL_REVIEW
3479569ad80219d6ee3ea794afacda6817eacddb0252adf0f96fbccc1a8972c6	SEM-3479569AD802	IMP-DL-3190BA882C-P036	1	IMP-DL-3190BA882C-P036	Downloads/theory-of-commutative-algebra-15.tex	Downloads	WORKED_EXAMPLE				NO	NEEDS_EDITORIAL_REVIEW
34ab2f5199433848b9b3dd00e4c6e0d829de6be3fbbde7e90b28c9b6edbc02c0	SEM-34AB2F519943	IMP-DL-B7B63B4C41-P001	2	IMP-DL-B7B63B4C41-P001;IMP-M3-16526DCF36-P001	Downloads/theory-of-commutative-algebra-12.tex;MATH_ALLS-3/theory-of-commutative-algebra-12.tex	Downloads;MATH_ALLS-3	WORKED_EXAMPLE	1			NO	NEEDS_EDITORIAL_REVIEW
34abec497441dd82ec7c1d8beb507a84af958893d9f818ff74d5acc6935a00df	SEM-34ABEC497441	IMP-DL-183AD43C4C-R001054-34ABEC49	4	IMP-DL-183AD43C4C-R001054-34ABEC49;IMP-DL-20E278E436-R000996-34ABEC49;IMP-M2-1895C43FC6-R001054-34ABEC49;IMP-M2-50B0B212DD-R000996-34ABEC49	Downloads/merged_exercises_FULL_v2 (1).tex;Downloads/theory-of-real-analysis.tex;MATH-ALLS-2/merged_exercises_FULL_v2 (1).tex;MATH-ALLS-2/theory-of-real-analysis.tex	Downloads;MATH-ALLS-2	EXERCISE	5.8	IMP-DL-183AD43C4C-S025;IMP-DL-20E278E436-S025;IMP-M2-1895C43FC6-S025;IMP-M2-50B0B212DD-S025		YES	NEEDS_EDITORIAL_REVIEW
34b483dace6915ca541f7c5af95f066860e9c1df94af1d38e5b6f49af9087002	SEM-34B483DACE69	IMP-DL-067214B351-PSR000338-34B483DA	1	IMP-DL-067214B351-PSR000338-34B483DA	Downloads/theory-of-algebraic-topology-15.tex	Downloads	PROBLEM	2			NO	NEEDS_EDITORIAL_REVIEW
34d3491b7660e5cf85be36e0f35a74f11476654972ba91df2a88eea635d70fce	SEM-34D3491B7660	IMP-DL-D27460A55B-SPR004157-34D3491B	1	IMP-DL-D27460A55B-SPR004157-34D3491B	Downloads/theory-of-algebraic-geometry-5.tex	Downloads	EXAMPLE	12			NO	NEEDS_EDITORIAL_REVIEW
34e0a6183586c4ebdf13a282ee4ccaa85116972a719034127df58f7981d9abee	SEM-34E0A6183586	IMP-DL-0E3E7EC766-R002134-34E0A618	1	IMP-DL-0E3E7EC766-R002134-34E0A618	Downloads/theory-of-algebraic-geometry-1.tex	Downloads	EXAMPLE	2			NO	NEEDS_EDITORIAL_REVIEW
34e17ab9fbf6c9dc47c30c8b63013c7da00a88156fb0424e6a6a350d8a796dcb	SEM-34E17AB9FBF6	IMP-DL-592BD0798C-P008	2	IMP-DL-592BD0798C-P008;IMP-M3-1FB8799CDC-P008	Downloads/theory-of-commutative-algebra-8.tex;MATH_ALLS-3/theory-of-commutative-algebra-8.tex	Downloads;MATH_ALLS-3	WORKED_EXAMPLE	4			NO	NEEDS_EDITORIAL_REVIEW
34eed519a8c4d7d86e77207f2b97fca8f6fb205835978621348e1119a292f2d5	SEM-34EED519A8C4	IMP-DL-E4D9F7AB6B-P007	1	IMP-DL-E4D9F7AB6B-P007	Downloads/theory-of-algebraic-topology-13.tex	Downloads	PROBLEM	7.			NO	NEEDS_EDITORIAL_REVIEW
34fb7f907158446a1e1b056962ccd6aef0ad3da36101966687481c79ddb275f6	SEM-34FB7F907158	IMP-DL-11EDF39EA7-P017	2	IMP-DL-11EDF39EA7-P017;IMP-M2-68556E3D88-P017	Downloads/theory-of-analysis-FD2.tex;MATH-ALLS-2/theory-of-analysis-FD2.tex	Downloads;MATH-ALLS-2	EXERCISE	4.7	IMP-DL-11EDF39EA7-S013;IMP-M2-68556E3D88-S013		YES	NEEDS_EDITORIAL_REVIEW
3514e95ac5a316e326bb1096a191399bac343c3d9820ebe18a03d2896d02444d	SEM-3514E95AC5A3	IMP-DL-A978FB3162-P075	1	IMP-DL-A978FB3162-P075	Downloads/theory-of-algebraic-topology-4.tex	Downloads	WORKED_EXAMPLE	6			NO	NEEDS_EDITORIAL_REVIEW
353eef5b7b7e5959229899886b61671293f1760c7f86bf754aa83741ac49b17b	SEM-353EEF5B7B7E	IMP-DL-1068DBED71-P056	4	IMP-DL-1068DBED71-P056;IMP-DL-CAA415139D-P056;IMP-M3-F4E66B2919-P056;IMP-M3-FCB1647DD6-P056	Downloads/theory-of-commutative-algebra-10.tex;Downloads/theory-of-commutative-algebra-9.tex;MATH_ALLS-3/theory-of-commutative-algebra-10.tex;MATH_ALLS-3/theory-of-commutative-algebra-9.tex	Downloads;MATH_ALLS-3	WORKED_EXAMPLE				NO	NEEDS_EDITORIAL_REVIEW
354666cb524e0a5823f11c10cbba19777b812bb271932fb6780878fc52912ae9	SEM-354666CB524E	IMP-DL-AD9EFCAF62-P018	2	IMP-DL-AD9EFCAF62-P018;IMP-M2-79778E004E-P018	Downloads/theory-of-complex-analysis-2.tex;MATH-ALLS-2/theory-of-complex-analysis-2.tex	Downloads;MATH-ALLS-2	PROBLEM		IMP-DL-AD9EFCAF62-S010;IMP-M2-79778E004E-S010		YES	NEEDS_EDITORIAL_REVIEW
3551086f7ab3ad5ce177a108daee6696642f20c882b9d8e8d70d7038826cea4a	SEM-3551086F7AB3	IMP-DL-D18914CBBD-P055	2	IMP-DL-D18914CBBD-P055;IMP-M3-78B3C1B707-P055	Downloads/theory-of-commutative-algebra-11.tex;MATH_ALLS-3/theory-of-commutative-algebra-11.tex	Downloads;MATH_ALLS-3	WORKED_EXAMPLE	8			NO	NEEDS_EDITORIAL_REVIEW
35592fa8851755df7445e59b38953e378e37bd491a045a53a3d4ffa490ef26bf	SEM-35592FA88517	IMP-DL-7A55205E2C-P011	2	IMP-DL-7A55205E2C-P011;IMP-M2-2D41E1011A-P011	Downloads/theory-of-geometry-4.tex;MATH-ALLS-2/theory-of-geometry-4.tex	Downloads;MATH-ALLS-2	PROBLEM	11	IMP-DL-7A55205E2C-S011;IMP-M2-2D41E1011A-S011		YES	NEEDS_EDITORIAL_REVIEW
35688c0f93ce5b10f665147f185b802262f7df4073ae229b01827a0f02723127	SEM-35688C0F93CE	IMP-DL-18BC6F795C-P018	1	IMP-DL-18BC6F795C-P018	Downloads/theory-of-algebraic-topology-9.tex	Downloads	PROBLEM	statement			NO	NEEDS_EDITORIAL_REVIEW
357427634f851e948d61b1a3e975d414aee19e919ff236e8743902338281c028	SEM-357427634F85	IMP-DL-3E276561C4-P017	2	IMP-DL-3E276561C4-P017;IMP-M3-AB2FCA292B-P017	Downloads/theory-of-linear-algebra-1.tex;MATH_ALLS-3/theory-of-linear-algebra-1.tex	Downloads;MATH_ALLS-3	PROBLEM_ITEM				NO	NEEDS_EDITORIAL_REVIEW
358153b1e02c3f0248654bb9d0a3a320e95ef4e03ef0975cc0a382dc9cb3496d	SEM-358153B1E02C	IMP-DL-A5CEE6E541-PSR003295-358153B1	1	IMP-DL-A5CEE6E541-PSR003295-358153B1	Downloads/theory-of-algebraic-geometry-8.tex	Downloads	PROBLEM	1			NO	NEEDS_EDITORIAL_REVIEW
35cca88e5871f79451aa8b756099a06ae5f8ba07c8d2886a5e0c684e8e4f80ce	SEM-35CCA88E5871	IMP-DL-A11279CC33-P028	2	IMP-DL-A11279CC33-P028;IMP-M3-73E0197CF3-P028	Downloads/theory-of-commutative-algebra-6.tex;MATH_ALLS-3/theory-of-commutative-algebra-6.tex	Downloads;MATH_ALLS-3	WORKED_EXAMPLE				NO	NEEDS_EDITORIAL_REVIEW
35e23954216bc8dab4e8fa26ea96396aa6968a03a0affba58246178769f5787c	SEM-35E23954216B	IMP-DL-E532B44856-P027	2	IMP-DL-E532B44856-P027;IMP-M2-C037D998D4-P027	Downloads/theory-of-analysis-functions-II.tex;MATH-ALLS-2/theory-of-analysis-functions-II.tex	Downloads;MATH-ALLS-2	EXERCISE	7	IMP-DL-E532B44856-S011;IMP-M2-C037D998D4-S011		YES	NEEDS_EDITORIAL_REVIEW
35f51941e263b7709178252244ceccf2df70c9e4379ee42b65b5e327f270933d	SEM-35F51941E263	IMP-DL-11EDF39EA7-P031	2	IMP-DL-11EDF39EA7-P031;IMP-M2-68556E3D88-P031	Downloads/theory-of-analysis-FD2.tex;MATH-ALLS-2/theory-of-analysis-FD2.tex	Downloads;MATH-ALLS-2	EXERCISE_ITEM		IMP-DL-11EDF39EA7-S017;IMP-DL-11EDF39EA7-S018;IMP-DL-11EDF39EA7-S019;IMP-M2-68556E3D88-S017;IMP-M2-68556E3D88-S018;IMP-M2-68556E3D88-S019		YES	NEEDS_EDITORIAL_REVIEW
35fb0d44c8a1ae740088f17ee7b02d42cb6e79a8099b319d12b7baf91b55c00c	SEM-35FB0D44C8A1	IMP-DL-D18914CBBD-P075	2	IMP-DL-D18914CBBD-P075;IMP-M3-78B3C1B707-P075	Downloads/theory-of-commutative-algebra-11.tex;MATH_ALLS-3/theory-of-commutative-algebra-11.tex	Downloads;MATH_ALLS-3	WORKED_EXAMPLE	4			NO	NEEDS_EDITORIAL_REVIEW
3614a78f5f4403b501a98fb8798852f44b4aa4fec8eb704bd4be4165fc116e52	SEM-3614A78F5F44	IMP-DL-2370D81D66-P014	2	IMP-DL-2370D81D66-P014;IMP-M2-D036BAB254-P014	Downloads/theory-of-analysis-FD.tex;MATH-ALLS-2/theory-of-analysis-FD.tex	Downloads;MATH-ALLS-2	EXERCISE	2.1	IMP-DL-2370D81D66-S007;IMP-M2-D036BAB254-S007		YES	NEEDS_EDITORIAL_REVIEW
361bf30cd6ecfe99db00aa6b9e86a4b9c78575dda5d6b518a74c2f60e154f5f5	SEM-361BF30CD6EC	IMP-DL-8016517B0A-P038	3	IMP-DL-8016517B0A-P038;IMP-M2-2B58694CBF-P038;IMP-M3-911366A7C5-P038	Downloads/theory-of-differential-geometry-1.tex;MATH-ALLS-2/theory-of-differential-geometry-1.tex;MATH_ALLS-3/theory-of-differential-geometry-1.tex	Downloads;MATH-ALLS-2;MATH_ALLS-3	PROBLEM	8			NO	NEEDS_EDITORIAL_REVIEW
361e573114f5c8bbf0249f4bc0830bb430d2c305ca9042ab5af150d3fc96d28d	SEM-361E573114F5	IMP-DL-18BC6F795C-P039	1	IMP-DL-18BC6F795C-P039	Downloads/theory-of-algebraic-topology-9.tex	Downloads	PROBLEM_ITEM				NO	NEEDS_EDITORIAL_REVIEW
366794d0623e35fca49fae6067c63439b31b933e71574c83aeed045f4b832233	SEM-366794D0623E	IMP-DL-12C1A20716-P035	1	IMP-DL-12C1A20716-P035	Downloads/theory-of-algebraic-topology-10.tex	Downloads	PROBLEM	14.	IMP-DL-12C1A20716-S010		YES	NEEDS_EDITORIAL_REVIEW
3697cf1e41e7c2b5d13e9851aee389bb68d37f50b8db63e1f5a37c7a4a5f6529	SEM-3697CF1E41E7	IMP-DL-CB3C80FF97-P011	2	IMP-DL-CB3C80FF97-P011;IMP-M2-7B5A4788C1-P011	Downloads/theory-of-complex-analysis-topology.tex;MATH-ALLS-2/theory-of-complex-analysis-topology.tex	Downloads;MATH-ALLS-2	PROBLEM_ITEM				NO	NEEDS_EDITORIAL_REVIEW
36aa55a9eab843e8d61891379fcf68b0149c67d25c7f540e3c4f4457d33945e8	SEM-36AA55A9EAB8	IMP-DL-ACE5A65961-PSR002461-36AA55A9	2	IMP-DL-ACE5A65961-PSR002461-36AA55A9;IMP-M3-251F2514E1-PSR002461-36AA55A9	Downloads/theory-of-commutative-algebra-2.tex;MATH_ALLS-3/theory-of-commutative-algebra-2.tex	Downloads;MATH_ALLS-3	PROBLEM	9			NO	NEEDS_EDITORIAL_REVIEW
36aef925fc5139c17a2be9dff8520f6a007858c9b91cf76c2702c19eb6fa8fe4	SEM-36AEF925FC51	IMP-DL-1068DBED71-P047	4	IMP-DL-1068DBED71-P047;IMP-DL-CAA415139D-P047;IMP-M3-F4E66B2919-P047;IMP-M3-FCB1647DD6-P047	Downloads/theory-of-commutative-algebra-10.tex;Downloads/theory-of-commutative-algebra-9.tex;MATH_ALLS-3/theory-of-commutative-algebra-10.tex;MATH_ALLS-3/theory-of-commutative-algebra-9.tex	Downloads;MATH_ALLS-3	WORKED_EXAMPLE				NO	NEEDS_EDITORIAL_REVIEW
36af7a1b24f9023aab8df82d0b7227b8c944557be3b460bed00c9ffa0593022b	SEM-36AF7A1B24F9	IMP-DL-40C58AD550-P010	1	IMP-DL-40C58AD550-P010	Downloads/theory-of-algebraic-geometry-4.tex	Downloads	WORKED_EXAMPLE				NO	NEEDS_EDITORIAL_REVIEW
36b7e77d15e7336746162ca6c3d12b18d7ba8f38160e6fca5db4f04dad728ba1	SEM-36B7E77D15E7	IMP-DL-314EAD1F3C-R002192-36B7E77D	1	IMP-DL-314EAD1F3C-R002192-36B7E77D	Downloads/theory-of-algebraic-topology-12.tex	Downloads	EXAMPLE	12.3.			NO	NEEDS_EDITORIAL_REVIEW
36b81f674584ec097ffe5626e8a91f289d9debdb4beafe0677395726a447873e	SEM-36B81F674584	IMP-DL-B7E3C22557-SPR002108-36B81F67	1	IMP-DL-B7E3C22557-SPR002108-36B81F67	Downloads/theory-of-algebraic-geometry-6.tex	Downloads	EXAMPLE	15.			NO	NEEDS_EDITORIAL_REVIEW
36d4bda77775884e17526a1c27037cf9871e0a303dc9f452a49fc1b9b54935a7	SEM-36D4BDA77775	IMP-DL-2E134BF207-R002973-36D4BDA7	1	IMP-DL-2E134BF207-R002973-36D4BDA7	Downloads/theory-of-algebraic-topology-5.tex	Downloads	PROBLEM	2			NO	NEEDS_EDITORIAL_REVIEW
37265362bb2ed94dc1a3301a24d97e1b3522557554eebea76aa24d441feedde1	SEM-37265362BB2E	IMP-DL-15679DEE8D-P007	6	IMP-DL-15679DEE8D-P007;IMP-DL-3CA1CB77F7-P007;IMP-DL-E0A96454A5-P007;IMP-M2-1D2863B81A-P007;IMP-M2-D47CB97304-P007;IMP-M2-F08D4144EA-P007	Downloads/theory-of-analysis - Copy.tex;Downloads/theory-of-analysis-numbers.tex;Downloads/theory-of-analysis.tex;MATH-ALLS-2/theory-of-analysis - Copy.tex;MATH-ALLS-2/theory-of-analysis-numbers.tex;MATH-ALLS-2/theory-of-analysis.tex	Downloads;MATH-ALLS-2	PROBLEM	8	IMP-DL-15679DEE8D-S013;IMP-DL-3CA1CB77F7-S013;IMP-DL-E0A96454A5-S013;IMP-M2-1D2863B81A-S013;IMP-M2-D47CB97304-S013;IMP-M2-F08D4144EA-S013		YES	NEEDS_EDITORIAL_REVIEW
373791af63a35d8ccbec1a707d43ff484aee95d48894b86b8de85cb5ecdafd7e	SEM-373791AF63A3	IMP-DL-2370D81D66-P032	2	IMP-DL-2370D81D66-P032;IMP-M2-D036BAB254-P032	Downloads/theory-of-analysis-FD.tex;MATH-ALLS-2/theory-of-analysis-FD.tex	Downloads;MATH-ALLS-2	WORKED_EXAMPLE	4			NO	NEEDS_EDITORIAL_REVIEW
3747bbf343f84c6e1e15fa532a827710c5c55557406296d3da9107aba52e7467	SEM-3747BBF343F8	IMP-DL-3C59D9EE8B-P045	4	IMP-DL-3C59D9EE8B-P045;IMP-DL-592BD0798C-P038;IMP-M3-1FB8799CDC-P038;IMP-M3-D1A916E0DD-P045	Downloads/theory-of-commutative-algebra-5-professional-v2.tex;Downloads/theory-of-commutative-algebra-8.tex;MATH_ALLS-3/theory-of-commutative-algebra-5-professional-v2.tex;MATH_ALLS-3/theory-of-commutative-algebra-8.tex	Downloads;MATH_ALLS-3	PROBLEM_ITEM				NO	NEEDS_EDITORIAL_REVIEW
377d9df6a47c192043b0bb68447305ee14d0c171796679ecc30b445236420232	SEM-377D9DF6A47C	IMP-DL-592BD0798C-P002	2	IMP-DL-592BD0798C-P002;IMP-M3-1FB8799CDC-P002	Downloads/theory-of-commutative-algebra-8.tex;MATH_ALLS-3/theory-of-commutative-algebra-8.tex	Downloads;MATH_ALLS-3	WORKED_EXAMPLE	2			NO	NEEDS_EDITORIAL_REVIEW
3794791f15a18b928e16aa2349cf8e82d1d7e67f6fe6f7abd54908f0cac151ba	SEM-3794791F15A1	IMP-DL-D6E9B3BC73-PSR002951-3794791F	2	IMP-DL-D6E9B3BC73-PSR002951-3794791F;IMP-M3-422B74F85F-PSR002948-3794791F	Downloads/theory-of-algebraic-topology-1.tex;MATH_ALLS-3/theory-of-algebraic-topology-1.tex	Downloads;MATH_ALLS-3	PROBLEM	6			NO	NEEDS_EDITORIAL_REVIEW
37b61858d959ee469882f56107a3e3fc62d496ceb7ed936e1b405fca891731ab	SEM-37B61858D959	IMP-DL-2370D81D66-P080	2	IMP-DL-2370D81D66-P080;IMP-M2-D036BAB254-P080	Downloads/theory-of-analysis-FD.tex;MATH-ALLS-2/theory-of-analysis-FD.tex	Downloads;MATH-ALLS-2	EXERCISE_ITEM				NO	NEEDS_EDITORIAL_REVIEW
37dacb3e4df8b62167d31708d1e63817b6e55fcd73005c59fba0cbd23bd3e4c1	SEM-37DACB3E4DF8	IMP-DL-117191C0EC-P052	2	IMP-DL-117191C0EC-P052;IMP-M2-40A546CAA2-P052	Downloads/theory-of-analysis-topics.tex;MATH-ALLS-2/theory-of-analysis-topics.tex	Downloads;MATH-ALLS-2	PROBLEM	12			NO	NEEDS_EDITORIAL_REVIEW
37dc08e49d35206c4af7f3a19871ad1281328c79c8f3e3ac6c715b2e00a5bf2f	SEM-37DC08E49D35	IMP-DL-BD3A6D53D0-P026	3	IMP-DL-BD3A6D53D0-P026;IMP-M2-E2BE0561BD-P026;IMP-M3-0F6B7A59EB-P026	Downloads/theory-of-differential-geometry-2.tex;MATH-ALLS-2/theory-of-differential-geometry-2.tex;MATH_ALLS-3/theory-of-differential-geometry-2.tex	Downloads;MATH-ALLS-2;MATH_ALLS-3	PROBLEM	9(a)	IMP-DL-BD3A6D53D0-S025;IMP-M2-E2BE0561BD-S025;IMP-M3-0F6B7A59EB-S025		YES	NEEDS_EDITORIAL_REVIEW
37f4e6a053a76083c7444a790b50c42247b3f08aa15e2ecf0d8bc202fbe0c513	SEM-37F4E6A053A7	IMP-DL-4DEBE28720-P004	2	IMP-DL-4DEBE28720-P004;IMP-M3-8E395763C8-P004	Downloads/theory-of-commutative-algebra-13.tex;MATH_ALLS-3/theory-of-commutative-algebra-13.tex	Downloads;MATH_ALLS-3	WORKED_EXAMPLE				NO	NEEDS_EDITORIAL_REVIEW
38184a77e66b982d176e3da606cb5d5c2e0f19407b4988f55382e12cc2b49844	SEM-38184A77E66B	IMP-DL-0A181AC273-P025	4	IMP-DL-0A181AC273-P025;IMP-DL-AD9EFCAF62-P001;IMP-M2-79778E004E-P001;IMP-M2-80AFB5AE64-P025	Downloads/theory-of-complex-analysis-2.tex;Downloads/theory-of-complex-analysis.tex;MATH-ALLS-2/theory-of-complex-analysis-2.tex;MATH-ALLS-2/theory-of-complex-analysis.tex	Downloads;MATH-ALLS-2	PROBLEM	1.	IMP-DL-0A181AC273-S012;IMP-DL-AD9EFCAF62-S001;IMP-M2-79778E004E-S001;IMP-M2-80AFB5AE64-S012		YES	NEEDS_EDITORIAL_REVIEW
381d1fa85c45d87a650b9f5b84ad90b1a1cb44637227ef08e960c47c412a0434	SEM-381D1FA85C45	IMP-DL-0EB9CBD958-P077	2	IMP-DL-0EB9CBD958-P077;IMP-M2-F4C85D52DC-P077	Downloads/theory-of-geometry.tex;MATH-ALLS-2/theory-of-geometry.tex	Downloads;MATH-ALLS-2	PROBLEM_ITEM				NO	NEEDS_EDITORIAL_REVIEW
382e5dcd1a5872f84cad80687a9051a3291b667fc58b6028cde7ae16aa305f11	SEM-382E5DCD1A58	IMP-DL-38CE6DEB56-P026	2	IMP-DL-38CE6DEB56-P026;IMP-M3-D19BB3C803-P026	Downloads/theory-of-commutative-algebra-14.tex;MATH_ALLS-3/theory-of-commutative-algebra-14.tex	Downloads;MATH_ALLS-3	WORKED_EXAMPLE	23			NO	NEEDS_EDITORIAL_REVIEW
384bce8176c45deac6db9e7549975c82626a0ec3647600023641921c9706707d	SEM-384BCE8176C4	IMP-DL-1608308E70-P018	1	IMP-DL-1608308E70-P018	Downloads/theory-of-algebraic-topology-14.tex	Downloads	WORKED_EXAMPLE	13			NO	NEEDS_EDITORIAL_REVIEW
385322231987188b2f5c061ebee09002b4891aba079236ed7598056b6320cdfd	SEM-385322231987	IMP-DL-D4351A3BBD-P028	2	IMP-DL-D4351A3BBD-P028;IMP-M2-721AD91C7F-P028	Downloads/theory-of-geometry-IV.tex;MATH-ALLS-2/theory-of-geometry-IV.tex	Downloads;MATH-ALLS-2	PROBLEM_ITEM				NO	NEEDS_EDITORIAL_REVIEW
385357d080b82428f97e67a68cc60b0b81847b336a6752841ee9d21a4aa799eb	SEM-385357D080B8	IMP-DL-873C6F4098-P098	2	IMP-DL-873C6F4098-P098;IMP-M2-CFC28ED568-P098	Downloads/theory-of-analysis-II.tex;MATH-ALLS-2/theory-of-analysis-II.tex	Downloads;MATH-ALLS-2	PROBLEM_ITEM				NO	NEEDS_EDITORIAL_REVIEW
3867d3de437bcea098a3484281311f21764c599f6c0f5080508afac2d116a508	SEM-3867D3DE437B	IMP-DL-D6E9B3BC73-P031	2	IMP-DL-D6E9B3BC73-P031;IMP-M3-422B74F85F-P031	Downloads/theory-of-algebraic-topology-1.tex;MATH_ALLS-3/theory-of-algebraic-topology-1.tex	Downloads;MATH_ALLS-3	PROBLEM_ITEM				NO	NEEDS_EDITORIAL_REVIEW
38729e5c45c0e695c0c10de213919271b8ed3effca2e41766f53d4d5d8266349	SEM-38729E5C45C0	IMP-DL-873C6F4098-P051	2	IMP-DL-873C6F4098-P051;IMP-M2-CFC28ED568-P051	Downloads/theory-of-analysis-II.tex;MATH-ALLS-2/theory-of-analysis-II.tex	Downloads;MATH-ALLS-2	PROBLEM_ITEM	(a)			NO	NEEDS_EDITORIAL_REVIEW
38ad294e2df1aa53d3a56d70fbf99f70a919cdc2a96ead8f60be6559400a8fe2	SEM-38AD294E2DF1	IMP-DL-1068DBED71-P005	4	IMP-DL-1068DBED71-P005;IMP-DL-CAA415139D-P005;IMP-M3-F4E66B2919-P005;IMP-M3-FCB1647DD6-P005	Downloads/theory-of-commutative-algebra-10.tex;Downloads/theory-of-commutative-algebra-9.tex;MATH_ALLS-3/theory-of-commutative-algebra-10.tex;MATH_ALLS-3/theory-of-commutative-algebra-9.tex	Downloads;MATH_ALLS-3	WORKED_EXAMPLE				NO	NEEDS_EDITORIAL_REVIEW
38d709e73d6947d0bad0fe357c8681fed0f815a736541008801496985ebdfa8e	SEM-38D709E73D69	IMP-DL-31FF76D7B8-PSR005249-38D709E7	1	IMP-DL-31FF76D7B8-PSR005249-38D709E7	Downloads/theory-of-algebraic-topology-16.tex	Downloads	EXAMPLE	4			NO	NEEDS_EDITORIAL_REVIEW
38d7b24067882c7da517e26a09d4e33e5c73aa761924f464019cf01c27a005d9	SEM-38D7B2406788	IMP-DL-0EB9CBD958-P080	2	IMP-DL-0EB9CBD958-P080;IMP-M2-F4C85D52DC-P080	Downloads/theory-of-geometry.tex;MATH-ALLS-2/theory-of-geometry.tex	Downloads;MATH-ALLS-2	PROBLEM_ITEM				NO	NEEDS_EDITORIAL_REVIEW
390348a87a6824f8921510ac7fb7fd45d48ba14c795da7c55bcaeba3de311ac4	SEM-390348A87A68	IMP-DL-316AE183C3-P045	2	IMP-DL-316AE183C3-P045;IMP-M2-303BB87ACE-P045	Downloads/theory-of-analysis-functions.tex;MATH-ALLS-2/theory-of-analysis-functions.tex	Downloads;MATH-ALLS-2	EXERCISE	2	IMP-DL-316AE183C3-S006;IMP-M2-303BB87ACE-S006		YES	NEEDS_EDITORIAL_REVIEW
390719f48779f7e9167742b5bd70c6703468cd062b77b41fb03fe083a734ac9d	SEM-390719F48779	IMP-DL-CB3C80FF97-P026	2	IMP-DL-CB3C80FF97-P026;IMP-M2-7B5A4788C1-P026	Downloads/theory-of-complex-analysis-topology.tex;MATH-ALLS-2/theory-of-complex-analysis-topology.tex	Downloads;MATH-ALLS-2	WORKED_EXAMPLE				NO	NEEDS_EDITORIAL_REVIEW
3913de66ec9934cb26cc1265e12b59d73d2e38593ce2375f85ee1e0f29920162	SEM-3913DE66EC99	IMP-DL-CB3C80FF97-P033	2	IMP-DL-CB3C80FF97-P033;IMP-M2-7B5A4788C1-P033	Downloads/theory-of-complex-analysis-topology.tex;MATH-ALLS-2/theory-of-complex-analysis-topology.tex	Downloads;MATH-ALLS-2	PROBLEM_ITEM				NO	NEEDS_EDITORIAL_REVIEW
3937ec7be3f751270eec9b748ae2db69b093c8ff47c663fb82683b5f809a15e4	SEM-3937EC7BE3F7	IMP-DL-D148B51FB7-P012	2	IMP-DL-D148B51FB7-P012;IMP-M3-5A5277EBFB-P012	Downloads/theory-of-differential-geometry-4.tex;MATH_ALLS-3/theory-of-differential-geometry-4.tex	Downloads;MATH_ALLS-3	PROBLEM	3	IMP-DL-D148B51FB7-S003;IMP-M3-5A5277EBFB-S003		YES	NEEDS_EDITORIAL_REVIEW
3939364119ad4f0f8402f62d682d9371cbd73a1d985dc197ee74f5dfdd54bdc3	SEM-3939364119AD	IMP-DL-11EDF39EA7-P015	2	IMP-DL-11EDF39EA7-P015;IMP-M2-68556E3D88-P015	Downloads/theory-of-analysis-FD2.tex;MATH-ALLS-2/theory-of-analysis-FD2.tex	Downloads;MATH-ALLS-2	EXERCISE	4.6	IMP-DL-11EDF39EA7-S012;IMP-M2-68556E3D88-S012		YES	NEEDS_EDITORIAL_REVIEW
3992a2850b67e10b9307eb9f8ea937a70a36aba61919a8e42d5b05b907fb4236	SEM-3992A2850B67	IMP-DL-A11279CC33-P022	2	IMP-DL-A11279CC33-P022;IMP-M3-73E0197CF3-P022	Downloads/theory-of-commutative-algebra-6.tex;MATH_ALLS-3/theory-of-commutative-algebra-6.tex	Downloads;MATH_ALLS-3	WORKED_EXAMPLE				NO	NEEDS_EDITORIAL_REVIEW
39995a2e924fb3505b9b5e84825c1dee556ac2fafaf24676896e4f8779895ba8	SEM-39995A2E924F	IMP-DL-4DEBE28720-P031	2	IMP-DL-4DEBE28720-P031;IMP-M3-8E395763C8-P031	Downloads/theory-of-commutative-algebra-13.tex;MATH_ALLS-3/theory-of-commutative-algebra-13.tex	Downloads;MATH_ALLS-3	EXERCISE_ITEM				NO	NEEDS_EDITORIAL_REVIEW
39fe2a46272387e3e7cd2cb786d30f865570a55f2a4f01f739b9ff2fcaf21bea	SEM-39FE2A462723	IMP-DL-6447F1B120-P011	1	IMP-DL-6447F1B120-P011	Downloads/theory-of-algebraic-topology-11.tex	Downloads	PROBLEM_ITEM				NO	NEEDS_EDITORIAL_REVIEW
3a188ea6856845077d93865af828159ad1ad3f6a1bbb55e5f476f23b9b49e4a1	SEM-3A188EA68568	IMP-DL-8016517B0A-P014	3	IMP-DL-8016517B0A-P014;IMP-M2-2B58694CBF-P014;IMP-M3-911366A7C5-P014	Downloads/theory-of-differential-geometry-1.tex;MATH-ALLS-2/theory-of-differential-geometry-1.tex;MATH_ALLS-3/theory-of-differential-geometry-1.tex	Downloads;MATH-ALLS-2;MATH_ALLS-3	PROBLEM_ITEM	Standard projective chart domains			NO	NEEDS_EDITORIAL_REVIEW
3a1ef35ba6e452b5f82f5ce6d78166cf185f4b370c62586c2adb549440a30871	SEM-3A1EF35BA6E4	IMP-DL-E532B44856-P001	2	IMP-DL-E532B44856-P001;IMP-M2-C037D998D4-P001	Downloads/theory-of-analysis-functions-II.tex;MATH-ALLS-2/theory-of-analysis-functions-II.tex	Downloads;MATH-ALLS-2	EXERCISE	1.			NO	NEEDS_EDITORIAL_REVIEW
3a2fb21e1fbd87435d22447fccd714982360e4da978aba433298119d9e7094b3	SEM-3A2FB21E1FBD	IMP-DL-BD3A6D53D0-P002	3	IMP-DL-BD3A6D53D0-P002;IMP-M2-E2BE0561BD-P002;IMP-M3-0F6B7A59EB-P002	Downloads/theory-of-differential-geometry-2.tex;MATH-ALLS-2/theory-of-differential-geometry-2.tex;MATH_ALLS-3/theory-of-differential-geometry-2.tex	Downloads;MATH-ALLS-2;MATH_ALLS-3	PROBLEM	8	IMP-DL-BD3A6D53D0-S001;IMP-DL-BD3A6D53D0-S002;IMP-M2-E2BE0561BD-S001;IMP-M2-E2BE0561BD-S002;IMP-M3-0F6B7A59EB-S001;IMP-M3-0F6B7A59EB-S002		YES	NEEDS_EDITORIAL_REVIEW
3a44cc5fa9eaecbc741d1da331d33d6fcb54d281b20bdb125631de18d932aa36	SEM-3A44CC5FA9EA	IMP-DL-1068DBED71-P036	4	IMP-DL-1068DBED71-P036;IMP-DL-CAA415139D-P036;IMP-M3-F4E66B2919-P036;IMP-M3-FCB1647DD6-P036	Downloads/theory-of-commutative-algebra-10.tex;Downloads/theory-of-commutative-algebra-9.tex;MATH_ALLS-3/theory-of-commutative-algebra-10.tex;MATH_ALLS-3/theory-of-commutative-algebra-9.tex	Downloads;MATH_ALLS-3	WORKED_EXAMPLE	5			NO	NEEDS_EDITORIAL_REVIEW
3a6bdb941f861d11e0fbb47f19865f4a84b0e945dbf92c036b524ecf6954d0a9	SEM-3A6BDB941F86	IMP-DL-724FD8B7B1-SPR005024-3A6BDB94	2	IMP-DL-724FD8B7B1-SPR005024-3A6BDB94;IMP-M3-51E6A44D55-SPR005024-3A6BDB94	Downloads/theory-of-commutative-algebra-1.tex;MATH_ALLS-3/theory-of-commutative-algebra-1.tex	Downloads;MATH_ALLS-3	EXAMPLE	5.			NO	NEEDS_EDITORIAL_REVIEW
3a8ce033e59a352c18977e0c0b6392420418f0340803ae28acf3a9468a89b45e	SEM-3A8CE033E59A	IMP-DL-8D5CF4CFBA-R003183-3A8CE033	2	IMP-DL-8D5CF4CFBA-R003183-3A8CE033;IMP-M3-89937139FC-R003183-3A8CE033	Downloads/theory-of-linear-algebra-2.tex;MATH_ALLS-3/theory-of-linear-algebra-2.tex	Downloads;MATH_ALLS-3	PROBLEM	5			NO	NEEDS_EDITORIAL_REVIEW
3aa771b3c95ab87e5c4bc38fb08c999325fa37da48c5242e8f952afc56fb55a4	SEM-3AA771B3C95A	IMP-DL-6B513C0C2F-PSR000993-3AA771B3	1	IMP-DL-6B513C0C2F-PSR000993-3AA771B3	Downloads/theory-of-algebraic-geometry-10.tex	Downloads	EXAMPLE	2			NO	NEEDS_EDITORIAL_REVIEW
3aaa71f6f743b91a3df12b842acce4fe8f14ed11af17d8f690009c4870b06e7d	SEM-3AAA71F6F743	IMP-DL-38CE6DEB56-P013	2	IMP-DL-38CE6DEB56-P013;IMP-M3-D19BB3C803-P013	Downloads/theory-of-commutative-algebra-14.tex;MATH_ALLS-3/theory-of-commutative-algebra-14.tex	Downloads;MATH_ALLS-3	WORKED_EXAMPLE	10			NO	NEEDS_EDITORIAL_REVIEW
3ad7e64495686cac32f89645d2d9b16d9bfd2d8b49b891ac76f54c3cb0e43a89	SEM-3AD7E6449568	IMP-DL-8016517B0A-P025	3	IMP-DL-8016517B0A-P025;IMP-M2-2B58694CBF-P025;IMP-M3-911366A7C5-P025	Downloads/theory-of-differential-geometry-1.tex;MATH-ALLS-2/theory-of-differential-geometry-1.tex;MATH_ALLS-3/theory-of-differential-geometry-1.tex	Downloads;MATH-ALLS-2;MATH_ALLS-3	PROBLEM	3			NO	NEEDS_EDITORIAL_REVIEW
3adfa900503f9c7b6c4b8beb4df99d884b1321c89613e9b524a55d1d84af0602	SEM-3ADFA900503F	IMP-DL-067214B351-PSR003604-3ADFA900	1	IMP-DL-067214B351-PSR003604-3ADFA900	Downloads/theory-of-algebraic-topology-15.tex	Downloads	EXAMPLE	1			NO	NEEDS_EDITORIAL_REVIEW
3af60c41c7c0c8c8d853f5e5b1fc33d42ddf0eef38b33d68bc8f18977c1f9195	SEM-3AF60C41C7C0	IMP-DL-4DEBE28720-P036	2	IMP-DL-4DEBE28720-P036;IMP-M3-8E395763C8-P036	Downloads/theory-of-commutative-algebra-13.tex;MATH_ALLS-3/theory-of-commutative-algebra-13.tex	Downloads;MATH_ALLS-3	WORKED_EXAMPLE				NO	NEEDS_EDITORIAL_REVIEW
3b2373d8797c5f52175d6487ae0f21df36f5d96934fdeff13225140a457729a1	SEM-3B2373D8797C	IMP-DL-D18914CBBD-P034	2	IMP-DL-D18914CBBD-P034;IMP-M3-78B3C1B707-P034	Downloads/theory-of-commutative-algebra-11.tex;MATH_ALLS-3/theory-of-commutative-algebra-11.tex	Downloads;MATH_ALLS-3	WORKED_EXAMPLE	12			NO	NEEDS_EDITORIAL_REVIEW
3b287c34b67d315af5aaefb8669d409ec359a710d6a917d148e7e73ef486c656	SEM-3B287C34B67D	IMP-DL-A978FB3162-P065	1	IMP-DL-A978FB3162-P065	Downloads/theory-of-algebraic-topology-4.tex	Downloads	PROBLEM_ITEM				NO	NEEDS_EDITORIAL_REVIEW
3b303af0663bd8b651471d59ef872128f1763a4c3b45936f98ef2fb0d85c24db	SEM-3B303AF0663B	IMP-DL-8016517B0A-P007	3	IMP-DL-8016517B0A-P007;IMP-M2-2B58694CBF-P007;IMP-M3-911366A7C5-P007	Downloads/theory-of-differential-geometry-1.tex;MATH-ALLS-2/theory-of-differential-geometry-1.tex;MATH_ALLS-3/theory-of-differential-geometry-1.tex	Downloads;MATH-ALLS-2;MATH_ALLS-3	PROBLEM_ITEM	Smoothly equivalent atlases			NO	NEEDS_EDITORIAL_REVIEW
3b41bc30d6f9ddcb8317a41fc67dbee4ac6744b66ffb2584339a18e384dd6933	SEM-3B41BC30D6F9	IMP-DL-887B7B83F4-P007	1	IMP-DL-887B7B83F4-P007	Downloads/sheaves_notes_reorganized.tex	Downloads	WORKED_EXAMPLE				NO	NEEDS_EDITORIAL_REVIEW
3b5c637672f269b915a05a11b8157c83726d751397eeea3175d4be8f860e95fd	SEM-3B5C637672F2	IMP-DL-0EB9CBD958-P060	2	IMP-DL-0EB9CBD958-P060;IMP-M2-F4C85D52DC-P060	Downloads/theory-of-geometry.tex;MATH-ALLS-2/theory-of-geometry.tex	Downloads;MATH-ALLS-2	PROBLEM_ITEM				NO	NEEDS_EDITORIAL_REVIEW
3b6fd14214e508d5a9627de4f20b56dcd3e5fc5448633c348c28d94c99e3ff27	SEM-3B6FD14214E5	IMP-DL-0E1529C1F4-P002	2	IMP-DL-0E1529C1F4-P002;IMP-M2-B699C4BE42-P002	Downloads/theory-of-complex-analysis-maps.tex;MATH-ALLS-2/theory-of-complex-analysis-maps.tex	Downloads;MATH-ALLS-2	WORKED_EXAMPLE				NO	NEEDS_EDITORIAL_REVIEW
3bef2eaadb694f3a3cc016a52e853d4fc4de0571163e46a3a4c011145fb8a478	SEM-3BEF2EAADB69	IMP-DL-E0B80C696E-P001	1	IMP-DL-E0B80C696E-P001	Downloads/theory-of-algebraic-topology-7.tex	Downloads	WORKED_EXAMPLE				NO	NEEDS_EDITORIAL_REVIEW
3bf566ab85203b44ad803ad27a17b76068ec51a2cb57a1e37df86d5b2f0fc357	SEM-3BF566AB8520	IMP-DL-D18914CBBD-P067	2	IMP-DL-D18914CBBD-P067;IMP-M3-78B3C1B707-P067	Downloads/theory-of-commutative-algebra-11.tex;MATH_ALLS-3/theory-of-commutative-algebra-11.tex	Downloads;MATH_ALLS-3	WORKED_EXAMPLE	10			NO	NEEDS_EDITORIAL_REVIEW
3bf79e170daf9fa09f054798e2f524039640598c874b330a773d92ff767c0034	SEM-3BF79E170DAF	IMP-DL-D18914CBBD-P017	2	IMP-DL-D18914CBBD-P017;IMP-M3-78B3C1B707-P017	Downloads/theory-of-commutative-algebra-11.tex;MATH_ALLS-3/theory-of-commutative-algebra-11.tex	Downloads;MATH_ALLS-3	WORKED_EXAMPLE	17			NO	NEEDS_EDITORIAL_REVIEW
3bffa3c526bb6e7f0ee03ed2d093303c85bbfe83acf95da5990628430570a1d3	SEM-3BFFA3C526BB	IMP-DL-A978FB3162-P001	1	IMP-DL-A978FB3162-P001	Downloads/theory-of-algebraic-topology-4.tex	Downloads	PROBLEM	7	IMP-DL-A978FB3162-S001		YES	NEEDS_EDITORIAL_REVIEW
3c19b5351c66b497348617ec86c4c447b54cf54d7cf2cad854ab876318ec2465	SEM-3C19B5351C66	IMP-DL-183AD43C4C-R002004-3C19B535	4	IMP-DL-183AD43C4C-R002004-3C19B535;IMP-DL-20E278E436-R001946-3C19B535;IMP-M2-1895C43FC6-R002004-3C19B535;IMP-M2-50B0B212DD-R001946-3C19B535	Downloads/merged_exercises_FULL_v2 (1).tex;Downloads/theory-of-real-analysis.tex;MATH-ALLS-2/merged_exercises_FULL_v2 (1).tex;MATH-ALLS-2/theory-of-real-analysis.tex	Downloads;MATH-ALLS-2	EXERCISE	8.5	IMP-DL-183AD43C4C-S052;IMP-DL-20E278E436-S052;IMP-M2-1895C43FC6-S052;IMP-M2-50B0B212DD-S052		YES	NEEDS_EDITORIAL_REVIEW
3c25c21f706bdad25b22470f26245c1305205109b899d42799851e878ba5cdfc	SEM-3C25C21F706B	IMP-DL-35223EB1F7-P020	2	IMP-DL-35223EB1F7-P020;IMP-DL-35223EB1F7-R002585-3C25C21F	Downloads/theory-of-algebraic-topology-6.tex	Downloads	EXAMPLE;WORKED_EXAMPLE				NO	NEEDS_EDITORIAL_REVIEW
3c59f1a8be602ec0c2a8265dcc67d34eb5c97330286e73722770892feee540c8	SEM-3C59F1A8BE60	IMP-DL-A978FB3162-P042	1	IMP-DL-A978FB3162-P042	Downloads/theory-of-algebraic-topology-4.tex	Downloads	PROBLEM_ITEM				NO	NEEDS_EDITORIAL_REVIEW
3c6c5d09227eec4d728a983d885788f05e69eef6bff37e5c77aa6772282a9c8f	SEM-3C6C5D09227E	IMP-DL-4DEBE28720-P081	2	IMP-DL-4DEBE28720-P081;IMP-M3-8E395763C8-P081	Downloads/theory-of-commutative-algebra-13.tex;MATH_ALLS-3/theory-of-commutative-algebra-13.tex	Downloads;MATH_ALLS-3	WORKED_EXAMPLE	13			NO	NEEDS_EDITORIAL_REVIEW
3c7375177b68c2b1e74ce00be39c4949b6146a9c717def5bc18b608b3ad53a5d	SEM-3C7375177B68	IMP-DL-183AD43C4C-P021	4	IMP-DL-183AD43C4C-P021;IMP-DL-20E278E436-P021;IMP-M2-1895C43FC6-P021;IMP-M2-50B0B212DD-P021	Downloads/merged_exercises_FULL_v2 (1).tex;Downloads/theory-of-real-analysis.tex;MATH-ALLS-2/merged_exercises_FULL_v2 (1).tex;MATH-ALLS-2/theory-of-real-analysis.tex	Downloads;MATH-ALLS-2	EXERCISE	3.8	IMP-DL-183AD43C4C-S006;IMP-DL-183AD43C4C-S007;IMP-DL-183AD43C4C-S008;IMP-DL-20E278E436-S006;IMP-DL-20E278E436-S007;IMP-DL-20E278E436-S008;IMP-M2-1895C43FC6-S006;IMP-M2-1895C43FC6-S007;IMP-M2-1895C43FC6-S008;IMP-M2-50B0B212DD-S006;IMP-M2-50B0B212DD-S007;IMP-M2-50B0B212DD-S008		YES	NEEDS_EDITORIAL_REVIEW
3c7a6b2436ec72ae91f78a419045015ce3c71722563219364a571b26c069b158	SEM-3C7A6B2436EC	IMP-DL-E12021E60A-P027	1	IMP-DL-E12021E60A-P027	Downloads/theory-of-algebraic-topology-17.tex	Downloads	WORKED_EXAMPLE	2.1			NO	NEEDS_EDITORIAL_REVIEW
3c8d6e65b2a83f9cb2d7ca44783e2882424b6fefd2fd0afb53ab9c9ec67dd14c	SEM-3C8D6E65B2A8	IMP-DL-E12021E60A-P008	1	IMP-DL-E12021E60A-P008	Downloads/theory-of-algebraic-topology-17.tex	Downloads	WORKED_EXAMPLE	8.6			NO	NEEDS_EDITORIAL_REVIEW
3c915dba7b1e09f22233126625b6d4a57caa30f864a488af00a73bc194fef7f0	SEM-3C915DBA7B1E	IMP-DL-E12021E60A-P011	1	IMP-DL-E12021E60A-P011	Downloads/theory-of-algebraic-topology-17.tex	Downloads	WORKED_EXAMPLE	9.2			NO	NEEDS_EDITORIAL_REVIEW
3c9ab00fb8f78e0de30298bd2cc1fd09347fc8aa2a07cbc2cc780df729b0bdfd	SEM-3C9AB00FB8F7	IMP-DL-0A181AC273-P023	2	IMP-DL-0A181AC273-P023;IMP-M2-80AFB5AE64-P023	Downloads/theory-of-complex-analysis.tex;MATH-ALLS-2/theory-of-complex-analysis.tex	Downloads;MATH-ALLS-2	PROBLEM	10.	IMP-DL-0A181AC273-S009;IMP-DL-0A181AC273-S010;IMP-M2-80AFB5AE64-S009;IMP-M2-80AFB5AE64-S010		YES	NEEDS_EDITORIAL_REVIEW
3c9d9c3a88b82bf19fdd1ccd84ff1881e1d370048d5b8642464673015047cb62	SEM-3C9D9C3A88B8	IMP-DL-D148B51FB7-P010	2	IMP-DL-D148B51FB7-P010;IMP-M3-5A5277EBFB-P010	Downloads/theory-of-differential-geometry-4.tex;MATH_ALLS-3/theory-of-differential-geometry-4.tex	Downloads;MATH_ALLS-3	PROBLEM_ITEM				NO	NEEDS_EDITORIAL_REVIEW
3ca8a42b63498ece0d8e15ac828b0a1fa319c5e19fab8ca7696b253901d4dd71	SEM-3CA8A42B6349	IMP-DL-873C6F4098-P068	2	IMP-DL-873C6F4098-P068;IMP-M2-CFC28ED568-P068	Downloads/theory-of-analysis-II.tex;MATH-ALLS-2/theory-of-analysis-II.tex	Downloads;MATH-ALLS-2	PROBLEM	6	IMP-DL-873C6F4098-S014;IMP-M2-CFC28ED568-S014		YES	NEEDS_EDITORIAL_REVIEW
3cacfa7aa52b75fdf6fe2be6431c8e405c8ebe1dc7ee9329207b41d6e205ceee	SEM-3CACFA7AA52B	IMP-DL-D6E9B3BC73-P020	2	IMP-DL-D6E9B3BC73-P020;IMP-M3-422B74F85F-P020	Downloads/theory-of-algebraic-topology-1.tex;MATH_ALLS-3/theory-of-algebraic-topology-1.tex	Downloads;MATH_ALLS-3	WORKED_EXAMPLE	3.			NO	NEEDS_EDITORIAL_REVIEW
3cd2ca107abd2841d370735bcf7e8cdbf3104205d12beb5008128329529bc89d	SEM-3CD2CA107ABD	IMP-DL-873C6F4098-P032	2	IMP-DL-873C6F4098-P032;IMP-M2-CFC28ED568-P032	Downloads/theory-of-analysis-II.tex;MATH-ALLS-2/theory-of-analysis-II.tex	Downloads;MATH-ALLS-2	PROBLEM				NO	NEEDS_EDITORIAL_REVIEW
3d165ef78a632f6c79888336558b5137369b9579931e12a8a656c32ea75aeedd	SEM-3D165EF78A63	IMP-DL-3E276561C4-R000336-3D165EF7	4	IMP-DL-3E276561C4-R000336-3D165EF7;IMP-DL-7AFEF11659-R000334-3D165EF7;IMP-M3-AB2FCA292B-R000336-3D165EF7;IMP-M3-AC7E1F63D1-R000334-3D165EF7	Downloads/theory-of-differential-geometry-3.tex;Downloads/theory-of-linear-algebra-1.tex;MATH_ALLS-3/theory-of-differential-geometry-3.tex;MATH_ALLS-3/theory-of-linear-algebra-1.tex	Downloads;MATH_ALLS-3	PROBLEM	2	IMP-DL-3E276561C4-S002;IMP-DL-7AFEF11659-S002;IMP-M3-AB2FCA292B-S002;IMP-M3-AC7E1F63D1-S002		YES	NEEDS_EDITORIAL_REVIEW
3d2122f6ff35bd4718cebe704a70ffa0a19edf8be9a80710fa48799c5f1e78c0	SEM-3D2122F6FF35	IMP-DL-3C59D9EE8B-P026	2	IMP-DL-3C59D9EE8B-P026;IMP-M3-D1A916E0DD-P026	Downloads/theory-of-commutative-algebra-5-professional-v2.tex;MATH_ALLS-3/theory-of-commutative-algebra-5-professional-v2.tex	Downloads;MATH_ALLS-3	PROBLEM_ITEM				NO	NEEDS_EDITORIAL_REVIEW
3d709257d1852e6f3318387428390189bdd86b089f713c2ff29ada4c6bbb5dc1	SEM-3D709257D185	IMP-DL-3190BA882C-P029	2	IMP-DL-3190BA882C-P029;IMP-M3-CABB372599-P029	Downloads/theory-of-commutative-algebra-15.tex;MATH_ALLS-3/theory-of-commutative-algebra-15.tex	Downloads;MATH_ALLS-3	EXERCISE	3	IMP-DL-3190BA882C-S003;IMP-M3-CABB372599-S003		YES	NEEDS_EDITORIAL_REVIEW
3d72c706c98489799e65d06959cc8681077d369b110a121e323642ef91c8a95e	SEM-3D72C706C984	IMP-DL-3C59D9EE8B-P099	2	IMP-DL-3C59D9EE8B-P099;IMP-M3-D1A916E0DD-P099	Downloads/theory-of-commutative-algebra-5-professional-v2.tex;MATH_ALLS-3/theory-of-commutative-algebra-5-professional-v2.tex	Downloads;MATH_ALLS-3	PROBLEM_ITEM				NO	NEEDS_EDITORIAL_REVIEW
3d8399eba9b0b51460276399d9b747eeb0f3d40b4958e5856b36177a00e742cf	SEM-3D8399EBA9B0	IMP-DL-873C6F4098-P105	2	IMP-DL-873C6F4098-P105;IMP-M2-CFC28ED568-P105	Downloads/theory-of-analysis-II.tex;MATH-ALLS-2/theory-of-analysis-II.tex	Downloads;MATH-ALLS-2	PROBLEM	12			NO	NEEDS_EDITORIAL_REVIEW
3d98e90d592e3707a3c6fd5db329c5f050701d036427eae570108aaf4bee4e10	SEM-3D98E90D592E	IMP-DL-6447F1B120-R002123-3D98E90D	1	IMP-DL-6447F1B120-R002123-3D98E90D	Downloads/theory-of-algebraic-topology-11.tex	Downloads	EXAMPLE	8			NO	NEEDS_EDITORIAL_REVIEW
3d9ac0492cb64f15d15131ea3881c2544a5071330cfcfdb1736d1db4803dd4f6	SEM-3D9AC0492CB6	IMP-DL-0B4CC237FA-SPR002130-3D9AC049	1	IMP-DL-0B4CC237FA-SPR002130-3D9AC049	Downloads/theory-of-algebraic-geometry-3.tex	Downloads	EXAMPLE	3.			NO	NEEDS_EDITORIAL_REVIEW
3d9ad1ad8da5fb7e2d2f548d749f18220f5433fcf50ea80ef516c5794c540b31	SEM-3D9AD1AD8DA5	IMP-DL-5431609247-P004	2	IMP-DL-5431609247-P004;IMP-M3-42C904D7D6-P004	Downloads/theory-of-differential-geometry-5.tex;MATH_ALLS-3/theory-of-differential-geometry-5.tex	Downloads;MATH_ALLS-3	WORKED_EXAMPLE				NO	NEEDS_EDITORIAL_REVIEW
3da63f459de4d1d00e77f71708f9a18c4a98e90baaa26197d7d0e292ac654055	SEM-3DA63F459DE4	IMP-DL-873C6F4098-P063	2	IMP-DL-873C6F4098-P063;IMP-M2-CFC28ED568-P063	Downloads/theory-of-analysis-II.tex;MATH-ALLS-2/theory-of-analysis-II.tex	Downloads;MATH-ALLS-2	PROBLEM	1			NO	NEEDS_EDITORIAL_REVIEW
3da6be9550fdddfe0feb1a0233dbfa569e7b3b2fa50fa97ebd0aa830e948287c	SEM-3DA6BE9550FD	IMP-DL-D2CF6ADC46-P003	1	IMP-DL-D2CF6ADC46-P003	Downloads/theory-of-commutative-algebra-16.tex	Downloads	WORKED_EXAMPLE	in			NO	NEEDS_EDITORIAL_REVIEW
3da980f21b93f05d0c46326b375156672402e71c0b59303f77c1688c43924476	SEM-3DA980F21B93	IMP-DL-724FD8B7B1-P007	2	IMP-DL-724FD8B7B1-P007;IMP-M3-51E6A44D55-P007	Downloads/theory-of-commutative-algebra-1.tex;MATH_ALLS-3/theory-of-commutative-algebra-1.tex	Downloads;MATH_ALLS-3	PROBLEM	8	IMP-DL-724FD8B7B1-S007;IMP-M3-51E6A44D55-S007		YES	NEEDS_EDITORIAL_REVIEW
3de39b3172dee9cffe52e11856a253fd6ee5ded75933dc6dc278ff2b5f983fa8	SEM-3DE39B3172DE	IMP-DL-3190BA882C-P016	2	IMP-DL-3190BA882C-P016;IMP-M3-CABB372599-P016	Downloads/theory-of-commutative-algebra-15.tex;MATH_ALLS-3/theory-of-commutative-algebra-15.tex	Downloads;MATH_ALLS-3	EXERCISE_ITEM				NO	NEEDS_EDITORIAL_REVIEW
3de9d4ce3ab4e75b00c532f8188132edcfdd0c8538ee03954637073e7ecbe6dd	SEM-3DE9D4CE3AB4	IMP-DL-D6E9B3BC73-P005	2	IMP-DL-D6E9B3BC73-P005;IMP-M3-422B74F85F-P005	Downloads/theory-of-algebraic-topology-1.tex;MATH_ALLS-3/theory-of-algebraic-topology-1.tex	Downloads;MATH_ALLS-3	WORKED_EXAMPLE	4			NO	NEEDS_EDITORIAL_REVIEW
3e0a3322cdfbe9b5e3c922f2cb6f1e98e0102f65b353fa11250830ee295e97e5	SEM-3E0A3322CDFB	IMP-DL-2370D81D66-P058	2	IMP-DL-2370D81D66-P058;IMP-M2-D036BAB254-P058	Downloads/theory-of-analysis-FD.tex;MATH-ALLS-2/theory-of-analysis-FD.tex	Downloads;MATH-ALLS-2	EXERCISE_ITEM				NO	NEEDS_EDITORIAL_REVIEW
3e0cd97a1c959fe48b33d5c13d00628b9a67aa5a8e41a6e0190e1a51f6b73cc6	SEM-3E0CD97A1C95	IMP-DL-1068DBED71-P034	4	IMP-DL-1068DBED71-P034;IMP-DL-CAA415139D-P034;IMP-M3-F4E66B2919-P034;IMP-M3-FCB1647DD6-P034	Downloads/theory-of-commutative-algebra-10.tex;Downloads/theory-of-commutative-algebra-9.tex;MATH_ALLS-3/theory-of-commutative-algebra-10.tex;MATH_ALLS-3/theory-of-commutative-algebra-9.tex	Downloads;MATH_ALLS-3	WORKED_EXAMPLE	3			NO	NEEDS_EDITORIAL_REVIEW
3e1c12db9ddabe2fe6cb39e6286039bf9cacb9043f8facef0deb88e11a340b91	SEM-3E1C12DB9DDA	IMP-DL-EAE0F59552-PSR002979-3E1C12DB	2	IMP-DL-EAE0F59552-PSR002979-3E1C12DB;IMP-M2-7EA9DA1D72-PSR002979-3E1C12DB	Downloads/theory-of-analysis-topology.tex;MATH-ALLS-2/theory-of-analysis-topology.tex	Downloads;MATH-ALLS-2	EXAMPLE				NO	NEEDS_EDITORIAL_REVIEW
3e295f5c0dfcd034a44dbab050d21770848d67d60cc6a5acfddc63a6a3591090	SEM-3E295F5C0DFC	IMP-DL-4DEBE28720-P101	2	IMP-DL-4DEBE28720-P101;IMP-M3-8E395763C8-P101	Downloads/theory-of-commutative-algebra-13.tex;MATH_ALLS-3/theory-of-commutative-algebra-13.tex	Downloads;MATH_ALLS-3	WORKED_EXAMPLE	4			NO	NEEDS_EDITORIAL_REVIEW
3e46fe279d7c24b5015f0fe164ee55ab40c87e9e7fa6b06b7ae54f9263a48a5b	SEM-3E46FE279D7C	IMP-DL-D2CF6ADC46-R001374-3E46FE27	1	IMP-DL-D2CF6ADC46-R001374-3E46FE27	Downloads/theory-of-commutative-algebra-16.tex	Downloads	EXAMPLE				NO	NEEDS_EDITORIAL_REVIEW
3e573b6da63db7641ec08e2c9fffddf07c28aae6ba787ba1f2395461b90a5c88	SEM-3E573B6DA63D	IMP-DL-EAE0F59552-P016	2	IMP-DL-EAE0F59552-P016;IMP-M2-7EA9DA1D72-P016	Downloads/theory-of-analysis-topology.tex;MATH-ALLS-2/theory-of-analysis-topology.tex	Downloads;MATH-ALLS-2	PROBLEM	14			NO	NEEDS_EDITORIAL_REVIEW
3e58908bad4d947e36c68bd21fac667ec0376afb7109c26189744c05c2470fc2	SEM-3E58908BAD4D	IMP-DL-8D5CF4CFBA-R003244-3E58908B	2	IMP-DL-8D5CF4CFBA-R003244-3E58908B;IMP-M3-89937139FC-R003244-3E58908B	Downloads/theory-of-linear-algebra-2.tex;MATH_ALLS-3/theory-of-linear-algebra-2.tex	Downloads;MATH_ALLS-3	PROBLEM	9			NO	NEEDS_EDITORIAL_REVIEW
3e9395642a2bba6a551c169fc6e6c0daeca5dd4ef30736dc16bfae07ec7ff969	SEM-3E9395642A2B	IMP-DL-E532B44856-P008	2	IMP-DL-E532B44856-P008;IMP-M2-C037D998D4-P008	Downloads/theory-of-analysis-functions-II.tex;MATH-ALLS-2/theory-of-analysis-functions-II.tex	Downloads;MATH-ALLS-2	PROBLEM	8			NO	NEEDS_EDITORIAL_REVIEW
3ea19431f115033f00b2b8be384b58928b630b6f5278b21635a0aac89f0d75e4	SEM-3EA19431F115	IMP-DL-067214B351-PSR002585-3EA19431	1	IMP-DL-067214B351-PSR002585-3EA19431	Downloads/theory-of-algebraic-topology-15.tex	Downloads	PROBLEM				NO	NEEDS_EDITORIAL_REVIEW
3ebb348cadaf1be3b8d47a760d8f03a89bc1c1441e20386d2cd4ed6e84627103	SEM-3EBB348CADAF	IMP-DL-18BC6F795C-P036	1	IMP-DL-18BC6F795C-P036	Downloads/theory-of-algebraic-topology-9.tex	Downloads	PROBLEM_ITEM				NO	NEEDS_EDITORIAL_REVIEW
3ebbca461141713767120bae3eafddf6e495cf9af4e3185d723a08f5114ee738	SEM-3EBBCA461141	IMP-DL-2370D81D66-P023	2	IMP-DL-2370D81D66-P023;IMP-M2-D036BAB254-P023	Downloads/theory-of-analysis-FD.tex;MATH-ALLS-2/theory-of-analysis-FD.tex	Downloads;MATH-ALLS-2	PROBLEM	3			NO	NEEDS_EDITORIAL_REVIEW
3ed7950c3e5a45cb86c85d9cb88b2374c20246e4f6d32836355f9f88a24ba927	SEM-3ED7950C3E5A	IMP-DL-721195CCB5-PSR002748-3ED7950C	1	IMP-DL-721195CCB5-PSR002748-3ED7950C	Downloads/theory-of-algebraic-geometry-11.tex	Downloads	EXAMPLE	5			NO	NEEDS_EDITORIAL_REVIEW
3ed9dd52acd00633d74833eab5c1dacfb23a554692686841bf565272a1e88917	SEM-3ED9DD52ACD0	IMP-DL-4DEBE28720-P028	2	IMP-DL-4DEBE28720-P028;IMP-M3-8E395763C8-P028	Downloads/theory-of-commutative-algebra-13.tex;MATH_ALLS-3/theory-of-commutative-algebra-13.tex	Downloads;MATH_ALLS-3	EXERCISE_ITEM				NO	NEEDS_EDITORIAL_REVIEW
3ee85f862de4e3c410a119f310d8d3ed006902e0c6f85819dbec3eef32b4ba05	SEM-3EE85F862DE4	IMP-DL-873C6F4098-P097	2	IMP-DL-873C6F4098-P097;IMP-M2-CFC28ED568-P097	Downloads/theory-of-analysis-II.tex;MATH-ALLS-2/theory-of-analysis-II.tex	Downloads;MATH-ALLS-2	PROBLEM	10	IMP-DL-873C6F4098-S026;IMP-M2-CFC28ED568-S026		YES	NEEDS_EDITORIAL_REVIEW
3eec79f854a9d8dba1580671c450870e66d7c82c8368ed734cf0acfc982c7919	SEM-3EEC79F854A9	IMP-DL-3C59D9EE8B-P128	2	IMP-DL-3C59D9EE8B-P128;IMP-M3-D1A916E0DD-P128	Downloads/theory-of-commutative-algebra-5-professional-v2.tex;MATH_ALLS-3/theory-of-commutative-algebra-5-professional-v2.tex	Downloads;MATH_ALLS-3	PROBLEM_ITEM				NO	NEEDS_EDITORIAL_REVIEW
3ef63326981b0f556783e5da015b8c5c228454a95faafd9be6e21d6a882a4c8f	SEM-3EF63326981B	IMP-DL-873C6F4098-P043	2	IMP-DL-873C6F4098-P043;IMP-M2-CFC28ED568-P043	Downloads/theory-of-analysis-II.tex;MATH-ALLS-2/theory-of-analysis-II.tex	Downloads;MATH-ALLS-2	PROBLEM_ITEM				NO	NEEDS_EDITORIAL_REVIEW
3f09880f3b4c90679590cba4dda1130b9cb9d880d463e9cbeedbc21676d03989	SEM-3F09880F3B4C	IMP-DL-183AD43C4C-R000718-3F09880F	4	IMP-DL-183AD43C4C-R000718-3F09880F;IMP-DL-20E278E436-R000660-3F09880F;IMP-M2-1895C43FC6-R000718-3F09880F;IMP-M2-50B0B212DD-R000660-3F09880F	Downloads/merged_exercises_FULL_v2 (1).tex;Downloads/theory-of-real-analysis.tex;MATH-ALLS-2/merged_exercises_FULL_v2 (1).tex;MATH-ALLS-2/theory-of-real-analysis.tex	Downloads;MATH-ALLS-2	EXERCISE	4.6	IMP-DL-183AD43C4C-S016;IMP-DL-20E278E436-S016;IMP-M2-1895C43FC6-S016;IMP-M2-50B0B212DD-S016		YES	NEEDS_EDITORIAL_REVIEW
3f0b926a2d2906a1996bc9f7e72725402c65ea4c67de2ce40ab865cd63047d18	SEM-3F0B926A2D29	IMP-DL-A5CEE6E541-PSR004014-3F0B926A	1	IMP-DL-A5CEE6E541-PSR004014-3F0B926A	Downloads/theory-of-algebraic-geometry-8.tex	Downloads	EXAMPLE				NO	NEEDS_EDITORIAL_REVIEW
3f0d8142d9c81d60b1c2716e7f748512f3438c5ec6533e9586478bea95d9f23b	SEM-3F0D8142D9C8	IMP-DL-067214B351-P007	2	IMP-DL-067214B351-P007;IMP-DL-067214B351-PSR004467-3F0D8142	Downloads/theory-of-algebraic-topology-15.tex	Downloads	PROBLEM	7			NO	NEEDS_EDITORIAL_REVIEW
3f1d3f6c4cfeff425b1307e96010be7ef913df914a6ecea4726f47053a055f70	SEM-3F1D3F6C4CFE	IMP-DL-2370D81D66-P074	2	IMP-DL-2370D81D66-P074;IMP-M2-D036BAB254-P074	Downloads/theory-of-analysis-FD.tex;MATH-ALLS-2/theory-of-analysis-FD.tex	Downloads;MATH-ALLS-2	WORKED_EXAMPLE	B			NO	NEEDS_EDITORIAL_REVIEW
3f1f851ce5794c9734be790183998db8982ac0899a02964532f1df4f2240dfca	SEM-3F1F851CE579	IMP-DL-0B4CC237FA-P002	1	IMP-DL-0B4CC237FA-P002	Downloads/theory-of-algebraic-geometry-3.tex	Downloads	PROBLEM	12.	IMP-DL-0B4CC237FA-S002		YES	NEEDS_EDITORIAL_REVIEW
3f386dd6209f53335ce63ebb810f540a8fc2bdc2a1ce2f761112020aaa8a4071	SEM-3F386DD6209F	IMP-DL-8D5CF4CFBA-P007	2	IMP-DL-8D5CF4CFBA-P007;IMP-M3-89937139FC-P007	Downloads/theory-of-linear-algebra-2.tex;MATH_ALLS-3/theory-of-linear-algebra-2.tex	Downloads;MATH_ALLS-3	PROBLEM	8	IMP-DL-8D5CF4CFBA-S008;IMP-M3-89937139FC-S008		YES	NEEDS_EDITORIAL_REVIEW
3f39e428a8d17ebb4edb46bb556392458e984c0039715affe3cde59a59057154	SEM-3F39E428A8D1	IMP-DL-3D2DB27534-P004	4	IMP-DL-3D2DB27534-P004;IMP-DL-5B1D955447-P004;IMP-M2-8108AF5CB9-P004;IMP-M2-AFF44384C1-P004	Downloads/merged_exercises (1).tex;Downloads/merged_exercises.tex;MATH-ALLS-2/merged_exercises (1).tex;MATH-ALLS-2/merged_exercises.tex	Downloads;MATH-ALLS-2	EXERCISE	1.5			NO	NEEDS_EDITORIAL_REVIEW
3f5d41f0b11f2bfd6dd5532d22ea1858457bf7b006d705232850da647df9796f	SEM-3F5D41F0B11F	IMP-DL-FD5C2608DA-P002	2	IMP-DL-FD5C2608DA-P002;IMP-M3-F5BFB39338-P002	Downloads/theory-of-commutative-algebra-3.tex;MATH_ALLS-3/theory-of-commutative-algebra-3.tex	Downloads;MATH_ALLS-3	PROBLEM_ITEM				NO	NEEDS_EDITORIAL_REVIEW
3f5f92b007511ae3951d880476d732b5bfb4b648ebd3d96f890f006cd36f961d	SEM-3F5F92B00751	IMP-DL-D18914CBBD-P050	2	IMP-DL-D18914CBBD-P050;IMP-M3-78B3C1B707-P050	Downloads/theory-of-commutative-algebra-11.tex;MATH_ALLS-3/theory-of-commutative-algebra-11.tex	Downloads;MATH_ALLS-3	WORKED_EXAMPLE	3			NO	NEEDS_EDITORIAL_REVIEW
3f7b42236320e0501086dd45543e9598d793782633945d9522c91743f543b1f6	SEM-3F7B42236320	IMP-DL-3190BA882C-P002	2	IMP-DL-3190BA882C-P002;IMP-M3-CABB372599-P002	Downloads/theory-of-commutative-algebra-15.tex;MATH_ALLS-3/theory-of-commutative-algebra-15.tex	Downloads;MATH_ALLS-3	WORKED_EXAMPLE	2			NO	NEEDS_EDITORIAL_REVIEW
3f842eec7fd9464211b4771884cb7d119a947df9ce8a550b738005e16c93bbb0	SEM-3F842EEC7FD9	IMP-DL-314EAD1F3C-SPR005303-3F842EEC	1	IMP-DL-314EAD1F3C-SPR005303-3F842EEC	Downloads/theory-of-algebraic-topology-12.tex	Downloads	EXAMPLE	15.3.			NO	NEEDS_EDITORIAL_REVIEW
3f9a051e058cc3deaf968c352aa0c440bca36156f2e3bf5ccc2e6fe11985978d	SEM-3F9A051E058C	IMP-DL-2370D81D66-P055	2	IMP-DL-2370D81D66-P055;IMP-M2-D036BAB254-P055	Downloads/theory-of-analysis-FD.tex;MATH-ALLS-2/theory-of-analysis-FD.tex	Downloads;MATH-ALLS-2	EXERCISE_ITEM				NO	NEEDS_EDITORIAL_REVIEW
3fc77973b3dbf1896d9c66119d9348bcf19daf7b514b3934e2b8999fe283be8b	SEM-3FC77973B3DB	IMP-DL-3CA1CB77F7-P039	4	IMP-DL-3CA1CB77F7-P039;IMP-DL-3CA1CB77F7-R004674-3FC77973;IMP-M2-F08D4144EA-P039;IMP-M2-F08D4144EA-R004674-3FC77973	Downloads/theory-of-analysis-numbers.tex;MATH-ALLS-2/theory-of-analysis-numbers.tex	Downloads;MATH-ALLS-2	EXERCISE		IMP-DL-3CA1CB77F7-S016;IMP-M2-F08D4144EA-S016		YES	NEEDS_EDITORIAL_REVIEW
3fd5ae3928b29c207265085e1b900f753db6f9c1bb563229949641f576a7fc35	SEM-3FD5AE3928B2	IMP-DL-3C59D9EE8B-P139	2	IMP-DL-3C59D9EE8B-P139;IMP-M3-D1A916E0DD-P139	Downloads/theory-of-commutative-algebra-5-professional-v2.tex;MATH_ALLS-3/theory-of-commutative-algebra-5-professional-v2.tex	Downloads;MATH_ALLS-3	PROBLEM_ITEM				NO	NEEDS_EDITORIAL_REVIEW
3ff2e0e54a5b271c5f59e186c73d50863bf48d32717890452ff9790e636408a8	SEM-3FF2E0E54A5B	IMP-DL-183AD43C4C-R001724-3FF2E0E5	4	IMP-DL-183AD43C4C-R001724-3FF2E0E5;IMP-DL-20E278E436-R001666-3FF2E0E5;IMP-M2-1895C43FC6-R001724-3FF2E0E5;IMP-M2-50B0B212DD-R001666-3FF2E0E5	Downloads/merged_exercises_FULL_v2 (1).tex;Downloads/theory-of-real-analysis.tex;MATH-ALLS-2/merged_exercises_FULL_v2 (1).tex;MATH-ALLS-2/theory-of-real-analysis.tex	Downloads;MATH-ALLS-2	EXERCISE	7.1	IMP-DL-183AD43C4C-S040;IMP-DL-20E278E436-S040;IMP-M2-1895C43FC6-S040;IMP-M2-50B0B212DD-S040		YES	NEEDS_EDITORIAL_REVIEW
3ffc5229d835c970913a207f61bbffe9a68e5499a752a3c0f81b1bb6ed5bbc2c	SEM-3FFC5229D835	IMP-DL-0E3E7EC766-P007	2	IMP-DL-0E3E7EC766-P007;IMP-DL-0E3E7EC766-R002780-3FFC5229	Downloads/theory-of-algebraic-geometry-1.tex	Downloads	EXERCISE				NO	NEEDS_EDITORIAL_REVIEW
3fff8e756ff5422b8f3f96f729e51a77968c77829f7632dbf28d8c371f8c73b3	SEM-3FFF8E756FF5	IMP-DL-316AE183C3-P040	2	IMP-DL-316AE183C3-P040;IMP-M2-303BB87ACE-P040	Downloads/theory-of-analysis-functions.tex;MATH-ALLS-2/theory-of-analysis-functions.tex	Downloads;MATH-ALLS-2	EXERCISE_ITEM				NO	NEEDS_EDITORIAL_REVIEW
400923d02f5c3267e210ae016198ef8becc29426e30cbfa7b7037162e8a67b00	SEM-400923D02F5C	IMP-DL-873C6F4098-P044	2	IMP-DL-873C6F4098-P044;IMP-M2-CFC28ED568-P044	Downloads/theory-of-analysis-II.tex;MATH-ALLS-2/theory-of-analysis-II.tex	Downloads;MATH-ALLS-2	PROBLEM_ITEM				NO	NEEDS_EDITORIAL_REVIEW
400e1a3bbd78794a33bff78dc92c1197226913600309de166b74f01057f67ac2	SEM-400E1A3BBD78	IMP-DL-6B513C0C2F-PSR005272-400E1A3B	1	IMP-DL-6B513C0C2F-PSR005272-400E1A3B	Downloads/theory-of-algebraic-geometry-10.tex	Downloads	EXAMPLE	5			NO	NEEDS_EDITORIAL_REVIEW
400ea695d773a564b4ba5e5c8b23efcc9ed270675d805ae3285d6ae1f75406eb	SEM-400EA695D773	IMP-DL-31FF76D7B8-P005	1	IMP-DL-31FF76D7B8-P005	Downloads/theory-of-algebraic-topology-16.tex	Downloads	WORKED_EXAMPLE	5			NO	NEEDS_EDITORIAL_REVIEW
401f68581f5530576c3265452df7953d3c82e0562ffa235360dca4b729970582	SEM-401F68581F55	IMP-DL-A978FB3162-P077	1	IMP-DL-A978FB3162-P077	Downloads/theory-of-algebraic-topology-4.tex	Downloads	WORKED_EXAMPLE	8			NO	NEEDS_EDITORIAL_REVIEW
4025365d82b89b1d75080c14a258cc725ebd8758eb77256d5daacf174bd742de	SEM-4025365D82B8	IMP-DL-40E9B7EE44-R003888-4025365D	4	IMP-DL-40E9B7EE44-R003888-4025365D;IMP-DL-E1F1BB4192-R004971-4025365D;IMP-M3-0D398C7F27-R004971-4025365D;IMP-M3-17140B7F4C-R003888-4025365D	Downloads/theory-of-commutative-algebra-5-professional.tex;Downloads/theory-of-commutative-algebra-5.tex;MATH_ALLS-3/theory-of-commutative-algebra-5-professional.tex;MATH_ALLS-3/theory-of-commutative-algebra-5.tex	Downloads;MATH_ALLS-3	PROBLEM	14(b)			NO	NEEDS_EDITORIAL_REVIEW
402a04ad98c95543a37ae4b4d315f13d74f67591c5eed2db5f373da78cbeb8be	SEM-402A04AD98C9	IMP-DL-8D5CF4CFBA-P016	2	IMP-DL-8D5CF4CFBA-P016;IMP-M3-89937139FC-P016	Downloads/theory-of-linear-algebra-2.tex;MATH_ALLS-3/theory-of-linear-algebra-2.tex	Downloads;MATH_ALLS-3	PROBLEM	5	IMP-DL-8D5CF4CFBA-S017;IMP-M3-89937139FC-S017		YES	NEEDS_EDITORIAL_REVIEW
4032fe77658fcba31a3f3c28f9a9a66417a1eca4d47734d37302aea2687bf82d	SEM-4032FE77658F	IMP-DL-20E278E436-P027	2	IMP-DL-20E278E436-P027;IMP-M2-50B0B212DD-P027	Downloads/merged_exercises_FULL_v2 (1).tex;MATH-ALLS-2/merged_exercises_FULL_v2 (1).tex	Downloads;MATH-ALLS-2	EXERCISE	9.6			NO	NEEDS_EDITORIAL_REVIEW
404e62ede2d4b991a7fd9e16251cc231f5ea36d1b95b80608fa3157b059fa07e	SEM-404E62EDE2D4	IMP-DL-3CA1CB77F7-P048	4	IMP-DL-3CA1CB77F7-P048;IMP-DL-3CA1CB77F7-R005411-404E62ED;IMP-M2-F08D4144EA-P048;IMP-M2-F08D4144EA-R005411-404E62ED	Downloads/theory-of-analysis-numbers.tex;MATH-ALLS-2/theory-of-analysis-numbers.tex	Downloads;MATH-ALLS-2	EXERCISE		IMP-DL-3CA1CB77F7-S024;IMP-M2-F08D4144EA-S024		YES	NEEDS_EDITORIAL_REVIEW
4085a8aa9ed56c17bc5be98814ffe0e8ee6f711e4f00dad9d796442a405a54f4	SEM-4085A8AA9ED5	IMP-DL-2370D81D66-P068	2	IMP-DL-2370D81D66-P068;IMP-M2-D036BAB254-P068	Downloads/theory-of-analysis-FD.tex;MATH-ALLS-2/theory-of-analysis-FD.tex	Downloads;MATH-ALLS-2	EXERCISE_ITEM				NO	NEEDS_EDITORIAL_REVIEW
409edf2853d126ab06d702858e63ad1eb410c9ce216e4b378a10a074c2553dd8	SEM-409EDF2853D1	IMP-DL-D4351A3BBD-P010	2	IMP-DL-D4351A3BBD-P010;IMP-M2-721AD91C7F-P010	Downloads/theory-of-geometry-IV.tex;MATH-ALLS-2/theory-of-geometry-IV.tex	Downloads;MATH-ALLS-2	PROBLEM_ITEM				NO	NEEDS_EDITORIAL_REVIEW
40a535ae85fee214a28e99e36632b4c48b15224854a85fa1335280ad7022d843	SEM-40A535AE85FE	IMP-DL-E12021E60A-R005641-40A535AE	1	IMP-DL-E12021E60A-R005641-40A535AE	Downloads/theory-of-algebraic-topology-17.tex	Downloads	EXAMPLE	3			NO	NEEDS_EDITORIAL_REVIEW
40b1e89c3a415aa1fc0fedfa47579bca994f5f720385f49be991187b5e278ef1	SEM-40B1E89C3A41	IMP-DL-EAE0F59552-P010	4	IMP-DL-EAE0F59552-P010;IMP-DL-EAE0F59552-R000547-40B1E89C;IMP-M2-7EA9DA1D72-P010;IMP-M2-7EA9DA1D72-R000547-40B1E89C	Downloads/theory-of-analysis-topology.tex;MATH-ALLS-2/theory-of-analysis-topology.tex	Downloads;MATH-ALLS-2	EXAMPLE;WORKED_EXAMPLE				NO	NEEDS_EDITORIAL_REVIEW
40dc2a7b1b054cb825aa1f5d643820d9d537224c1862b0ae3d53dddc5f402171	SEM-40DC2A7B1B05	IMP-DL-11EDF39EA7-P040	2	IMP-DL-11EDF39EA7-P040;IMP-M2-68556E3D88-P040	Downloads/theory-of-analysis-FD2.tex;MATH-ALLS-2/theory-of-analysis-FD2.tex	Downloads;MATH-ALLS-2	EXERCISE_ITEM				NO	NEEDS_EDITORIAL_REVIEW
40e9b4abb895c27fe14580998643765611dd547f8b12dcdcfdea1548454e9224	SEM-40E9B4ABB895	IMP-DL-8D5CF4CFBA-PSR001079-40E9B4AB	2	IMP-DL-8D5CF4CFBA-PSR001079-40E9B4AB;IMP-M3-89937139FC-PSR001079-40E9B4AB	Downloads/theory-of-linear-algebra-2.tex;MATH_ALLS-3/theory-of-linear-algebra-2.tex	Downloads;MATH_ALLS-3	PROBLEM	7			NO	NEEDS_EDITORIAL_REVIEW
411f8a118b69a7cd0166882142c62143f42a81cb9975cba98a63b883d4fb40bb	SEM-411F8A118B69	IMP-DL-E12021E60A-R005614-411F8A11	1	IMP-DL-E12021E60A-R005614-411F8A11	Downloads/theory-of-algebraic-topology-17.tex	Downloads	EXAMPLE	2			NO	NEEDS_EDITORIAL_REVIEW
4124e49acde9a325d8f65c93b1b97bf9dfdc002483d4851c610d18bdbe6db9da	SEM-4124E49ACDE9	IMP-DL-D18914CBBD-P028	2	IMP-DL-D18914CBBD-P028;IMP-M3-78B3C1B707-P028	Downloads/theory-of-commutative-algebra-11.tex;MATH_ALLS-3/theory-of-commutative-algebra-11.tex	Downloads;MATH_ALLS-3	WORKED_EXAMPLE	6			NO	NEEDS_EDITORIAL_REVIEW
417de4b96334871d2502186e70691aca065fdb6410da70b40bd28724144cae33	SEM-417DE4B96334	IMP-DL-D6E9B3BC73-P034	2	IMP-DL-D6E9B3BC73-P034;IMP-M3-422B74F85F-P034	Downloads/theory-of-algebraic-topology-1.tex;MATH_ALLS-3/theory-of-algebraic-topology-1.tex	Downloads;MATH_ALLS-3	PROBLEM	5	IMP-DL-D6E9B3BC73-S005;IMP-M3-422B74F85F-S005		YES	NEEDS_EDITORIAL_REVIEW
419cce238399bd6fc4a0b18d3c74beb699e1facba2e7e345d7462f435ab9ee85	SEM-419CCE238399	IMP-DL-316AE183C3-P046	2	IMP-DL-316AE183C3-P046;IMP-M2-303BB87ACE-P046	Downloads/theory-of-analysis-functions.tex;MATH-ALLS-2/theory-of-analysis-functions.tex	Downloads;MATH-ALLS-2	EXERCISE_ITEM				NO	NEEDS_EDITORIAL_REVIEW
419d62d6da4c0c61ba32199b535a73a765a81da87d914e64554851413e833afa	SEM-419D62D6DA4C	IMP-DL-873C6F4098-P006	2	IMP-DL-873C6F4098-P006;IMP-M2-CFC28ED568-P006	Downloads/theory-of-analysis-II.tex;MATH-ALLS-2/theory-of-analysis-II.tex	Downloads;MATH-ALLS-2	PROBLEM	5			NO	NEEDS_EDITORIAL_REVIEW
41b648b94908f814c07756a5a6fce8e120e0f7af17708dfbf1fe84e6a7fb0dc5	SEM-41B648B94908	IMP-DL-B7E3C22557-SPR001610-41B648B9	1	IMP-DL-B7E3C22557-SPR001610-41B648B9	Downloads/theory-of-algebraic-geometry-6.tex	Downloads	EXAMPLE	2.			NO	NEEDS_EDITORIAL_REVIEW
41de55b8cd751ac5fdb812d178924d9fe9e640c35d5314e2911862f1409231f1	SEM-41DE55B8CD75	IMP-DL-117191C0EC-P001	2	IMP-DL-117191C0EC-P001;IMP-M2-40A546CAA2-P001	Downloads/theory-of-analysis-topics.tex;MATH-ALLS-2/theory-of-analysis-topics.tex	Downloads;MATH-ALLS-2	PROBLEM	3			NO	NEEDS_EDITORIAL_REVIEW
41e6b029e4d30d83133b43461faa4d6f7aaeb1dde8f2bbe0551dbbb835fc97b4	SEM-41E6B029E4D3	IMP-DL-E4D9F7AB6B-PSR005605-41E6B029	1	IMP-DL-E4D9F7AB6B-PSR005605-41E6B029	Downloads/theory-of-algebraic-topology-13.tex	Downloads	EXAMPLE	8.			NO	NEEDS_EDITORIAL_REVIEW
41f31b9ac7b7dc158c3669179f7c36206d908a7bbdbe710aea55c3a50cb34eb4	SEM-41F31B9AC7B7	IMP-DL-592BD0798C-P054	2	IMP-DL-592BD0798C-P054;IMP-M3-1FB8799CDC-P054	Downloads/theory-of-commutative-algebra-8.tex;MATH_ALLS-3/theory-of-commutative-algebra-8.tex	Downloads;MATH_ALLS-3	PROBLEM_ITEM				NO	NEEDS_EDITORIAL_REVIEW
41f338fde68c5f272588a4625c5ca03b849a0489dbf068787bd659167cb20484	SEM-41F338FDE68C	IMP-DL-592BD0798C-P065	2	IMP-DL-592BD0798C-P065;IMP-M3-1FB8799CDC-P065	Downloads/theory-of-commutative-algebra-8.tex;MATH_ALLS-3/theory-of-commutative-algebra-8.tex	Downloads;MATH_ALLS-3	WORKED_EXAMPLE	6			NO	NEEDS_EDITORIAL_REVIEW
41f5f016464049e214ecea1b3c475fa7d6e7e0ec23809a465b5bb2ab88ee76f5	SEM-41F5F0164640	IMP-DL-2E134BF207-R001178-41F5F016	1	IMP-DL-2E134BF207-R001178-41F5F016	Downloads/theory-of-algebraic-topology-5.tex	Downloads	PROBLEM	statement			NO	NEEDS_EDITORIAL_REVIEW
41f7bd44bc2b1462798c5f8c9f9550d5e6a37675169526624542a97f4828a4d5	SEM-41F7BD44BC2B	IMP-DL-316AE183C3-P067	2	IMP-DL-316AE183C3-P067;IMP-M2-303BB87ACE-P067	Downloads/theory-of-analysis-functions.tex;MATH-ALLS-2/theory-of-analysis-functions.tex	Downloads;MATH-ALLS-2	EXERCISE_ITEM				NO	NEEDS_EDITORIAL_REVIEW
42041b3939878329bf9ceedd40d9641fca476a4fb92b2ee8737fce7eb716f936	SEM-42041B393987	IMP-DL-592BD0798C-P037	2	IMP-DL-592BD0798C-P037;IMP-M3-1FB8799CDC-P037	Downloads/theory-of-commutative-algebra-8.tex;MATH_ALLS-3/theory-of-commutative-algebra-8.tex	Downloads;MATH_ALLS-3	PROBLEM_ITEM				NO	NEEDS_EDITORIAL_REVIEW
4205203a1cb48676f82bb59eb303fc491af847b7fd53bb9205fa955a9e0bed20	SEM-4205203A1CB4	IMP-DL-A978FB3162-P079	1	IMP-DL-A978FB3162-P079	Downloads/theory-of-algebraic-topology-4.tex	Downloads	PROBLEM_ITEM				NO	NEEDS_EDITORIAL_REVIEW
42167b9cb160eba77da53c9a03195960126e76b8bc9551d73229e1fa15be042e	SEM-42167B9CB160	IMP-DL-EAE0F59552-PSR002479-42167B9C	2	IMP-DL-EAE0F59552-PSR002479-42167B9C;IMP-M2-7EA9DA1D72-PSR002479-42167B9C	Downloads/theory-of-analysis-topology.tex;MATH-ALLS-2/theory-of-analysis-topology.tex	Downloads;MATH-ALLS-2	PROBLEM				NO	NEEDS_EDITORIAL_REVIEW
421909affc02ba1a5e15ee1a75812d4a3b0c153d2eeffe17c3c0dc3cdf43e65e	SEM-421909AFFC02	IMP-DL-3C59D9EE8B-P056	2	IMP-DL-3C59D9EE8B-P056;IMP-M3-D1A916E0DD-P056	Downloads/theory-of-commutative-algebra-5-professional-v2.tex;MATH_ALLS-3/theory-of-commutative-algebra-5-professional-v2.tex	Downloads;MATH_ALLS-3	PROBLEM_ITEM				NO	NEEDS_EDITORIAL_REVIEW
4238fff5015316b29ca358de309cf50080c8d7877b99f1efbbf611130f41345f	SEM-4238FFF50153	IMP-DL-183AD43C4C-R001154-4238FFF5	4	IMP-DL-183AD43C4C-R001154-4238FFF5;IMP-DL-20E278E436-R001096-4238FFF5;IMP-M2-1895C43FC6-R001154-4238FFF5;IMP-M2-50B0B212DD-R001096-4238FFF5	Downloads/merged_exercises_FULL_v2 (1).tex;Downloads/theory-of-real-analysis.tex;MATH-ALLS-2/merged_exercises_FULL_v2 (1).tex;MATH-ALLS-2/theory-of-real-analysis.tex	Downloads;MATH-ALLS-2	EXERCISE	6.2	IMP-DL-183AD43C4C-S027;IMP-DL-20E278E436-S027;IMP-M2-1895C43FC6-S027;IMP-M2-50B0B212DD-S027		YES	NEEDS_EDITORIAL_REVIEW
4245dfc93ce1f1e4080d2c6022f28c4a0e17ff3ee0069c822cb338e87a53b019	SEM-4245DFC93CE1	IMP-DL-40BD8D3E26-R002928-4245DFC9	2	IMP-DL-40BD8D3E26-R002928-4245DFC9;IMP-M2-0384991A85-R002928-4245DFC9	Downloads/theory-of-geometry-2.tex;MATH-ALLS-2/theory-of-geometry-2.tex	Downloads;MATH-ALLS-2	EXAMPLE	1			NO	NEEDS_EDITORIAL_REVIEW
425c78f768faede53fc237069b373e9e91ece7d369a687c27524fb8bd65323f0	SEM-425C78F768FA	IMP-DL-1B25F017C4-P001	2	IMP-DL-1B25F017C4-P001;IMP-M2-7532C96B86-P001	Downloads/Exercise_1_2_append.tex;MATH-ALLS-2/Exercise_1_2_append.tex	Downloads;MATH-ALLS-2	EXERCISE	1.2	IMP-DL-1B25F017C4-S001;IMP-M2-7532C96B86-S001		YES	NEEDS_EDITORIAL_REVIEW
427d190f62b54c2084d3532e76b1572719b054499dd74fd6e530ebdb1edf84f1	SEM-427D190F62B5	IMP-DL-9DE2876887-P001	2	IMP-DL-9DE2876887-P001;IMP-M2-11069D160E-P001	Downloads/theory-of-complex-analysis-series.tex;MATH-ALLS-2/theory-of-complex-analysis-series.tex	Downloads;MATH-ALLS-2	PROBLEM				NO	NEEDS_EDITORIAL_REVIEW
429050a3c52fdd1a49cb6cfc9d732838d1b2513c043bee404eebb394d6474d3c	SEM-429050A3C52F	IMP-DL-2E134BF207-P052	1	IMP-DL-2E134BF207-P052	Downloads/theory-of-algebraic-topology-5.tex	Downloads	PROBLEM_ITEM				NO	NEEDS_EDITORIAL_REVIEW
42b7da11cda9cd64bc321356d81e23f170e9c1ca2a68dd546d8b8e0dd55e5351	SEM-42B7DA11CDA9	IMP-DL-2370D81D66-P006	2	IMP-DL-2370D81D66-P006;IMP-M2-D036BAB254-P006	Downloads/theory-of-analysis-FD.tex;MATH-ALLS-2/theory-of-analysis-FD.tex	Downloads;MATH-ALLS-2	EXERCISE	1.4			NO	NEEDS_EDITORIAL_REVIEW
42c38b410bdf036cdfd75daa63a2c797796682c8703ccce5aec1fee55d498215	SEM-42C38B410BDF	IMP-DL-0E3E7EC766-P013	2	IMP-DL-0E3E7EC766-P013;IMP-DL-0E3E7EC766-R002832-42C38B41	Downloads/theory-of-algebraic-geometry-1.tex	Downloads	EXERCISE				NO	NEEDS_EDITORIAL_REVIEW
42d17846330e7965348b7f742273c159325e98cd56cc6c3f8c37e9bf44b575fb	SEM-42D17846330E	IMP-DL-0E3E7EC766-R002307-42D17846	1	IMP-DL-0E3E7EC766-R002307-42D17846	Downloads/theory-of-algebraic-geometry-1.tex	Downloads	EXAMPLE	6			NO	NEEDS_EDITORIAL_REVIEW
42da196047df0329cc40161fe0e6543e9db6221c96880e6ed32d4018c972e5e6	SEM-42DA196047DF	IMP-DL-3E276561C4-P015	2	IMP-DL-3E276561C4-P015;IMP-M3-AB2FCA292B-P015	Downloads/theory-of-linear-algebra-1.tex;MATH_ALLS-3/theory-of-linear-algebra-1.tex	Downloads;MATH_ALLS-3	PROBLEM	5	IMP-DL-3E276561C4-S029;IMP-DL-3E276561C4-S030;IMP-M3-AB2FCA292B-S029;IMP-M3-AB2FCA292B-S030		YES	NEEDS_EDITORIAL_REVIEW
42dab994834e056d37e51323e76e4120632241f2a3b63889988a34eb49ebb259	SEM-42DAB994834E	IMP-DL-D148B51FB7-P026	2	IMP-DL-D148B51FB7-P026;IMP-M3-5A5277EBFB-P026	Downloads/theory-of-differential-geometry-4.tex;MATH_ALLS-3/theory-of-differential-geometry-4.tex	Downloads;MATH_ALLS-3	PROBLEM	5	IMP-DL-D148B51FB7-S018;IMP-DL-D148B51FB7-S019;IMP-M3-5A5277EBFB-S018;IMP-M3-5A5277EBFB-S019		YES	NEEDS_EDITORIAL_REVIEW
42e053a98e51367d87299bdaeb7ae1ae2c489a8a9610c65c1ac259d6d2edcd52	SEM-42E053A98E51	IMP-DL-316AE183C3-P076	2	IMP-DL-316AE183C3-P076;IMP-M2-303BB87ACE-P076	Downloads/theory-of-analysis-functions.tex;MATH-ALLS-2/theory-of-analysis-functions.tex	Downloads;MATH-ALLS-2	EXERCISE_ITEM				NO	NEEDS_EDITORIAL_REVIEW
42f42364708ef34109bfd5a18d964b6b8afb226e9e347bacf0970525e5bcae8d	SEM-42F42364708E	IMP-DL-3E276561C4-P039	2	IMP-DL-3E276561C4-P039;IMP-M3-AB2FCA292B-P039	Downloads/theory-of-linear-algebra-1.tex;MATH_ALLS-3/theory-of-linear-algebra-1.tex	Downloads;MATH_ALLS-3	PROBLEM	9	IMP-DL-3E276561C4-S059;IMP-M3-AB2FCA292B-S059		YES	NEEDS_EDITORIAL_REVIEW
42f4eaca95a3f0143e67725becc76704c4f16374e8ecd6121e287ab7415d56e2	SEM-42F4EACA95A3	IMP-DL-E532B44856-P024	2	IMP-DL-E532B44856-P024;IMP-M2-C037D998D4-P024	Downloads/theory-of-analysis-functions-II.tex;MATH-ALLS-2/theory-of-analysis-functions-II.tex	Downloads;MATH-ALLS-2	WORKED_EXAMPLE	B			NO	NEEDS_EDITORIAL_REVIEW
431ca8c5a8876177bd61a2632fae362e37ca9595221f1c416036264773987852	SEM-431CA8C5A887	IMP-DL-4DEBE28720-P011	2	IMP-DL-4DEBE28720-P011;IMP-M3-8E395763C8-P011	Downloads/theory-of-commutative-algebra-13.tex;MATH_ALLS-3/theory-of-commutative-algebra-13.tex	Downloads;MATH_ALLS-3	WORKED_EXAMPLE				NO	NEEDS_EDITORIAL_REVIEW
4322c028ebe9c8eab1380c7a00da6b993be8cffd9616e1cc783af0475cb2a234	SEM-4322C028EBE9	IMP-DL-35223EB1F7-P011	2	IMP-DL-35223EB1F7-P011;IMP-DL-35223EB1F7-R002133-4322C028	Downloads/theory-of-algebraic-topology-6.tex	Downloads	EXAMPLE;WORKED_EXAMPLE				NO	NEEDS_EDITORIAL_REVIEW
43311e3bdc32a841ffabe94637d0a3fc697533d2b805cefd34838159180ded3b	SEM-43311E3BDC32	IMP-DL-2370D81D66-SPR000869-43311E3B	2	IMP-DL-2370D81D66-SPR000869-43311E3B;IMP-M2-D036BAB254-SPR000869-43311E3B	Downloads/theory-of-analysis-FD.tex;MATH-ALLS-2/theory-of-analysis-FD.tex	Downloads;MATH-ALLS-2	EXAMPLE				NO	NEEDS_EDITORIAL_REVIEW
4332e5eafdead58959d2017583e03b324cc86dd4e452340cce5f8ff68096b0e3	SEM-4332E5EAFDEA	IMP-DL-7A55205E2C-P015	2	IMP-DL-7A55205E2C-P015;IMP-M2-2D41E1011A-P015	Downloads/theory-of-geometry-4.tex;MATH-ALLS-2/theory-of-geometry-4.tex	Downloads;MATH-ALLS-2	PROBLEM	13			NO	NEEDS_EDITORIAL_REVIEW
4345a5cc3dcab8863345d8d81f1fdd0f52ea304482a61d685dfef71d81c3cd91	SEM-4345A5CC3DCA	IMP-DL-D27460A55B-F2R001437-4345A5CC	1	IMP-DL-D27460A55B-F2R001437-4345A5CC	Downloads/theory-of-algebraic-geometry-5.tex	Downloads	EXAMPLE	2			NO	NEEDS_EDITORIAL_REVIEW
434e260eda12faf47bd1d1f72c24f218e8b04dee19f9fb199f92acd1609a00d5	SEM-434E260EDA12	IMP-DL-E532B44856-P015	2	IMP-DL-E532B44856-P015;IMP-M2-C037D998D4-P015	Downloads/theory-of-analysis-functions-II.tex;MATH-ALLS-2/theory-of-analysis-functions-II.tex	Downloads;MATH-ALLS-2	EXERCISE	2	IMP-DL-E532B44856-S004;IMP-M2-C037D998D4-S004		YES	NEEDS_EDITORIAL_REVIEW
4354068c61f45c3d780be6c21fd99b63b428c951e5054e7eddc7aed11a322f5e	SEM-4354068C61F4	IMP-DL-2370D81D66-P030	2	IMP-DL-2370D81D66-P030;IMP-M2-D036BAB254-P030	Downloads/theory-of-analysis-FD.tex;MATH-ALLS-2/theory-of-analysis-FD.tex	Downloads;MATH-ALLS-2	WORKED_EXAMPLE	2			NO	NEEDS_EDITORIAL_REVIEW
435d6c0e7f032688cd2704d1d39a4d33290d729c64159caca6a6c26f4319cdaf	SEM-435D6C0E7F03	IMP-DL-873C6F4098-P067	2	IMP-DL-873C6F4098-P067;IMP-M2-CFC28ED568-P067	Downloads/theory-of-analysis-II.tex;MATH-ALLS-2/theory-of-analysis-II.tex	Downloads;MATH-ALLS-2	PROBLEM	5	IMP-DL-873C6F4098-S013;IMP-M2-CFC28ED568-S013		YES	NEEDS_EDITORIAL_REVIEW
4364a2d4ed8b729475ca97e7975a9264d1aef211a0add231e2a954ab61076550	SEM-4364A2D4ED8B	IMP-DL-4DEBE28720-P106	2	IMP-DL-4DEBE28720-P106;IMP-M3-8E395763C8-P106	Downloads/theory-of-commutative-algebra-13.tex;MATH_ALLS-3/theory-of-commutative-algebra-13.tex	Downloads;MATH_ALLS-3	WORKED_EXAMPLE	9			NO	NEEDS_EDITORIAL_REVIEW
4397ddf5d46bd11ea4e1f623bdbe22447967bda48983db160f60d44ed24af5c0	SEM-4397DDF5D46B	IMP-DL-E88547CF67-P033	2	IMP-DL-E88547CF67-P033;IMP-M2-80D8AED0FF-P033	Downloads/theory-of-geometry-3.tex;MATH-ALLS-2/theory-of-geometry-3.tex	Downloads;MATH-ALLS-2	PROBLEM	12.			NO	NEEDS_EDITORIAL_REVIEW
43b443b514d2e6a2e5979dd21295b004933014849f51584ba2ee4b276f605261	SEM-43B443B514D2	IMP-DL-0A181AC273-P033	4	IMP-DL-0A181AC273-P033;IMP-DL-AD9EFCAF62-P009;IMP-M2-79778E004E-P009;IMP-M2-80AFB5AE64-P033	Downloads/theory-of-complex-analysis-2.tex;Downloads/theory-of-complex-analysis.tex;MATH-ALLS-2/theory-of-complex-analysis-2.tex;MATH-ALLS-2/theory-of-complex-analysis.tex	Downloads;MATH-ALLS-2	PROBLEM_ITEM				NO	NEEDS_EDITORIAL_REVIEW
43c1e03fc855763173eb381edafbe9d20edf298b6dd4fc31c61ab4ed239cd532	SEM-43C1E03FC855	IMP-DL-887B7B83F4-P011	1	IMP-DL-887B7B83F4-P011	Downloads/sheaves_notes_reorganized.tex	Downloads	WORKED_EXAMPLE				NO	NEEDS_EDITORIAL_REVIEW
4412d1844c93379c86f01d075c5c92333714a672c91f1ed757453c0e5ce683d1	SEM-4412D1844C93	IMP-DL-ACE5A65961-SPR004085-4412D184	2	IMP-DL-ACE5A65961-SPR004085-4412D184;IMP-M3-251F2514E1-SPR004085-4412D184	Downloads/theory-of-commutative-algebra-2.tex;MATH_ALLS-3/theory-of-commutative-algebra-2.tex	Downloads;MATH_ALLS-3	EXAMPLE	2			NO	NEEDS_EDITORIAL_REVIEW
4421bb9a638df134c2dce8b77c3e12194f0596ee311f21825c4c600e328c301c	SEM-4421BB9A638D	IMP-DL-12C1A20716-P009	1	IMP-DL-12C1A20716-P009	Downloads/theory-of-algebraic-topology-10.tex	Downloads	PROBLEM_ITEM				NO	NEEDS_EDITORIAL_REVIEW
4426de547ca6177f55e874310a3f013852e3316248fed6fc2cb00f58e28fa3bb	SEM-4426DE547CA6	IMP-DL-0A181AC273-P013	2	IMP-DL-0A181AC273-P013;IMP-M2-80AFB5AE64-P013	Downloads/theory-of-complex-analysis.tex;MATH-ALLS-2/theory-of-complex-analysis.tex	Downloads;MATH-ALLS-2	WORKED_EXAMPLE	D			NO	NEEDS_EDITORIAL_REVIEW
4444779028b8235a194d5ae3ef3af1938545921df9a559e71165fae43c57fbc5	SEM-4444779028B8	IMP-DL-D6E9B3BC73-P002	2	IMP-DL-D6E9B3BC73-P002;IMP-M3-422B74F85F-P002	Downloads/theory-of-algebraic-topology-1.tex;MATH_ALLS-3/theory-of-algebraic-topology-1.tex	Downloads;MATH_ALLS-3	WORKED_EXAMPLE	1			NO	NEEDS_EDITORIAL_REVIEW
4454a0989b4ea916d70ae63d8c1755bb5fe49547c08810f2b507b17c3ef8b087	SEM-4454A0989B4E	IMP-DL-15679DEE8D-P028	12	IMP-DL-15679DEE8D-P028;IMP-DL-15679DEE8D-R003724-4454A098;IMP-DL-3CA1CB77F7-P028;IMP-DL-3CA1CB77F7-R003727-4454A098;IMP-DL-E0A96454A5-P028;IMP-DL-E0A96454A5-R003724-4454A098;IMP-M2-1D2863B81A-P028;IMP-M2-1D2863B81A-R003724-4454A098;IMP-M2-D47CB97304-P028;IMP-M2-D47CB97304-R003724-4454A098;IMP-M2-F08D4144EA-P028;IMP-M2-F08D4144EA-R003727-4454A098	Downloads/theory-of-analysis - Copy.tex;Downloads/theory-of-analysis-numbers.tex;Downloads/theory-of-analysis.tex;MATH-ALLS-2/theory-of-analysis - Copy.tex;MATH-ALLS-2/theory-of-analysis-numbers.tex;MATH-ALLS-2/theory-of-analysis.tex	Downloads;MATH-ALLS-2	EXERCISE				NO	NEEDS_EDITORIAL_REVIEW
4465549b254a6aa2d509c8e7c58efa79cba9f8a81d26da8c1288132f2a36a881	SEM-4465549B254A	IMP-DL-3E276561C4-P040	2	IMP-DL-3E276561C4-P040;IMP-M3-AB2FCA292B-P040	Downloads/theory-of-linear-algebra-1.tex;MATH_ALLS-3/theory-of-linear-algebra-1.tex	Downloads;MATH_ALLS-3	PROBLEM	10	IMP-DL-3E276561C4-S060;IMP-DL-3E276561C4-S061;IMP-M3-AB2FCA292B-S060;IMP-M3-AB2FCA292B-S061		YES	NEEDS_EDITORIAL_REVIEW
447eaf22e164c9261332113c0984c61c7779b55dc93c08fd9545047fb1f3e23b	SEM-447EAF22E164	IMP-DL-592BD0798C-P020	2	IMP-DL-592BD0798C-P020;IMP-M3-1FB8799CDC-P020	Downloads/theory-of-commutative-algebra-8.tex;MATH_ALLS-3/theory-of-commutative-algebra-8.tex	Downloads;MATH_ALLS-3	PROBLEM_ITEM				NO	NEEDS_EDITORIAL_REVIEW
44899d408d17fafb2ef274f7bcbc5a7697206699d1d0b0723472d3276a465a3f	SEM-44899D408D17	IMP-DL-3E276561C4-P027	2	IMP-DL-3E276561C4-P027;IMP-M3-AB2FCA292B-P027	Downloads/theory-of-linear-algebra-1.tex;MATH_ALLS-3/theory-of-linear-algebra-1.tex	Downloads;MATH_ALLS-3	PROBLEM	9	IMP-DL-3E276561C4-S033;IMP-M3-AB2FCA292B-S033		YES	NEEDS_EDITORIAL_REVIEW
44911d077ce131ad98d7b43634a551aefea827b87fc881943279fd5e2622ae25	SEM-44911D077CE1	IMP-DL-E0B80C696E-P017	1	IMP-DL-E0B80C696E-P017	Downloads/theory-of-algebraic-topology-7.tex	Downloads	WORKED_EXAMPLE	2			NO	NEEDS_EDITORIAL_REVIEW
449740892cd22477295b6e78e817ebd81add9fffb011e62efb975871c36825b8	SEM-449740892CD2	IMP-DL-CB3C80FF97-P015	2	IMP-DL-CB3C80FF97-P015;IMP-M2-7B5A4788C1-P015	Downloads/theory-of-complex-analysis-topology.tex;MATH-ALLS-2/theory-of-complex-analysis-topology.tex	Downloads;MATH-ALLS-2	PROBLEM_ITEM				NO	NEEDS_EDITORIAL_REVIEW
4498106bfdd1e8ccc5c491e8a578bce17b66409305ddb098668e643fc99959b9	SEM-4498106BFDD1	IMP-DL-A978FB3162-P053	2	IMP-DL-A978FB3162-P053;IMP-DL-A978FB3162-P067	Downloads/theory-of-algebraic-topology-4.tex	Downloads	PROBLEM_ITEM				NO	NEEDS_EDITORIAL_REVIEW
44b2954f2a4fb4cc3a892cd8dbd0a5c61f4ca4fedd6684eb882360c3781e630d	SEM-44B2954F2A4F	IMP-DL-2370D81D66-P040	2	IMP-DL-2370D81D66-P040;IMP-M2-D036BAB254-P040	Downloads/theory-of-analysis-FD.tex;MATH-ALLS-2/theory-of-analysis-FD.tex	Downloads;MATH-ALLS-2	EXERCISE_ITEM				NO	NEEDS_EDITORIAL_REVIEW
44b985bc8a0390c7554b32214394b3e10a78aa7dc7f911c59a9c9f36ecd3678d	SEM-44B985BC8A03	IMP-DL-316AE183C3-P036	2	IMP-DL-316AE183C3-P036;IMP-M2-303BB87ACE-P036	Downloads/theory-of-analysis-functions.tex;MATH-ALLS-2/theory-of-analysis-functions.tex	Downloads;MATH-ALLS-2	EXERCISE_ITEM				NO	NEEDS_EDITORIAL_REVIEW
44db87db9f5283a6b585d3d1bcdf663a097e71b2945d45fdc074c9dd80e9ddbe	SEM-44DB87DB9F52	IMP-DL-8016517B0A-P021	3	IMP-DL-8016517B0A-P021;IMP-M2-2B58694CBF-P021;IMP-M3-911366A7C5-P021	Downloads/theory-of-differential-geometry-1.tex;MATH-ALLS-2/theory-of-differential-geometry-1.tex;MATH_ALLS-3/theory-of-differential-geometry-1.tex	Downloads;MATH-ALLS-2;MATH_ALLS-3	PROBLEM_ITEM	Componentwise smoothness lemma			NO	NEEDS_EDITORIAL_REVIEW
44dde9b1cf1cfae2e14003bc02444bba148b085d850c0c7d877cf92f315dc697	SEM-44DDE9B1CF1C	IMP-DL-40BD8D3E26-P007	2	IMP-DL-40BD8D3E26-P007;IMP-M2-0384991A85-P007	Downloads/theory-of-geometry-2.tex;MATH-ALLS-2/theory-of-geometry-2.tex	Downloads;MATH-ALLS-2	PROBLEM	3	IMP-DL-40BD8D3E26-S003;IMP-M2-0384991A85-S003		YES	NEEDS_EDITORIAL_REVIEW
45503f508982c527edb0166e50e5db0ddc903493090a0be3bcec8bf4f5369f99	SEM-45503F508982	IMP-DL-0AC5ADA26C-P016	1	IMP-DL-0AC5ADA26C-P016	Downloads/theory-of-algebraic-topology-8.tex	Downloads	WORKED_EXAMPLE				NO	NEEDS_EDITORIAL_REVIEW
458d8ca0b1108e3419e3c5671d7352ac8f72f622dbbcde1952496e95a1e2a628	SEM-458D8CA0B110	IMP-DL-2E134BF207-F2R003566-458D8CA0	1	IMP-DL-2E134BF207-F2R003566-458D8CA0	Downloads/theory-of-algebraic-topology-5.tex	Downloads	EXAMPLE	2			NO	NEEDS_EDITORIAL_REVIEW
459ee8ccd6685b2162a44215768f8245ec73fa3c5af01625f40f629730b6c76e	SEM-459EE8CCD668	IMP-DL-0EB9CBD958-P008	2	IMP-DL-0EB9CBD958-P008;IMP-M2-F4C85D52DC-P008	Downloads/theory-of-geometry.tex;MATH-ALLS-2/theory-of-geometry.tex	Downloads;MATH-ALLS-2	PROBLEM	1(c)	IMP-DL-0EB9CBD958-S003;IMP-M2-F4C85D52DC-S003		YES	NEEDS_EDITORIAL_REVIEW
45aa741e5fb489e0c1a90e967cd52b49fb60caae056f30e8cf19cabd2deb22be	SEM-45AA741E5FB4	IMP-DL-D6E9B3BC73-P018	2	IMP-DL-D6E9B3BC73-P018;IMP-M3-422B74F85F-P018	Downloads/theory-of-algebraic-topology-1.tex;MATH_ALLS-3/theory-of-algebraic-topology-1.tex	Downloads;MATH_ALLS-3	WORKED_EXAMPLE	1.			NO	NEEDS_EDITORIAL_REVIEW
45b30739dbe4950ecbb0669638c52e8ac515b3ea9693b2995426f94f36a114a0	SEM-45B30739DBE4	IMP-DL-4DEBE28720-P092	2	IMP-DL-4DEBE28720-P092;IMP-M3-8E395763C8-P092	Downloads/theory-of-commutative-algebra-13.tex;MATH_ALLS-3/theory-of-commutative-algebra-13.tex	Downloads;MATH_ALLS-3	WORKED_EXAMPLE	6			NO	NEEDS_EDITORIAL_REVIEW
45d2b1e9730448c8f964bf1b52d604ee6b5f90080f92dce64ddbf00a2d2952bf	SEM-45D2B1E97304	IMP-DL-1068DBED71-P077	4	IMP-DL-1068DBED71-P077;IMP-DL-CAA415139D-P077;IMP-M3-F4E66B2919-P077;IMP-M3-FCB1647DD6-P077	Downloads/theory-of-commutative-algebra-10.tex;Downloads/theory-of-commutative-algebra-9.tex;MATH_ALLS-3/theory-of-commutative-algebra-10.tex;MATH_ALLS-3/theory-of-commutative-algebra-9.tex	Downloads;MATH_ALLS-3	WORKED_EXAMPLE	4			NO	NEEDS_EDITORIAL_REVIEW
45dd86652c323e9513523c5950783ee02a50599831939297efdb7524022f1104	SEM-45DD86652C32	IMP-DL-40BD8D3E26-P001	2	IMP-DL-40BD8D3E26-P001;IMP-M2-0384991A85-P001	Downloads/theory-of-geometry-2.tex;MATH-ALLS-2/theory-of-geometry-2.tex	Downloads;MATH-ALLS-2	PROBLEM_ITEM				NO	NEEDS_EDITORIAL_REVIEW
45f21d15315fc073a8e3c1d6ec62a8096762f5ba3ada3446ad4143dfff0cc202	SEM-45F21D15315F	IMP-DL-592BD0798C-P026	2	IMP-DL-592BD0798C-P026;IMP-M3-1FB8799CDC-P026	Downloads/theory-of-commutative-algebra-8.tex;MATH_ALLS-3/theory-of-commutative-algebra-8.tex	Downloads;MATH_ALLS-3	WORKED_EXAMPLE	1			NO	NEEDS_EDITORIAL_REVIEW
45f294ed2f7f25dec01934c50026bbebecd8bb1369dd0de7aa47d0ece9213758	SEM-45F294ED2F7F	IMP-DL-1068DBED71-P035	4	IMP-DL-1068DBED71-P035;IMP-DL-CAA415139D-P035;IMP-M3-F4E66B2919-P035;IMP-M3-FCB1647DD6-P035	Downloads/theory-of-commutative-algebra-10.tex;Downloads/theory-of-commutative-algebra-9.tex;MATH_ALLS-3/theory-of-commutative-algebra-10.tex;MATH_ALLS-3/theory-of-commutative-algebra-9.tex	Downloads;MATH_ALLS-3	WORKED_EXAMPLE	4			NO	NEEDS_EDITORIAL_REVIEW
45f55d74f8c85235a0ee71afc8eafc6f21877ba8edd96f4dd52dfe0f053c96cb	SEM-45F55D74F8C8	IMP-DL-535B6F59C6-SPR001866-45F55D74	2	IMP-DL-535B6F59C6-SPR001866-45F55D74;IMP-M3-0753B8F46B-SPR001866-45F55D74	Downloads/theory-of-commutative-algebra-4.tex;MATH_ALLS-3/theory-of-commutative-algebra-4.tex	Downloads;MATH_ALLS-3	EXAMPLE	6.			NO	NEEDS_EDITORIAL_REVIEW
4613c3d6af941b7a74b7442a9bc3d94a5b922177d77271b925fe67ed03dee39c	SEM-4613C3D6AF94	IMP-DL-C3DACFE8A7-P012	1	IMP-DL-C3DACFE8A7-P012	Downloads/theory-of-algebraic-geometry-7.tex	Downloads	WORKED_EXAMPLE	13.			NO	NEEDS_EDITORIAL_REVIEW
462b84dc6316700230983cd0fc0608886387c5ac332ddeb5d675f3f111e9c137	SEM-462B84DC6316	IMP-DL-592BD0798C-P060	2	IMP-DL-592BD0798C-P060;IMP-M3-1FB8799CDC-P060	Downloads/theory-of-commutative-algebra-8.tex;MATH_ALLS-3/theory-of-commutative-algebra-8.tex	Downloads;MATH_ALLS-3	WORKED_EXAMPLE	1			NO	NEEDS_EDITORIAL_REVIEW
46406aec70f97c203a1100621be8fcd2209cd030708a9c8d22f92a4574a27698	SEM-46406AEC70F9	IMP-DL-314EAD1F3C-SPR005499-46406AEC	1	IMP-DL-314EAD1F3C-SPR005499-46406AEC	Downloads/theory-of-algebraic-topology-12.tex	Downloads	EXAMPLE	15.6.			NO	NEEDS_EDITORIAL_REVIEW
4652acce8f765ca8bc31092be0fe7cb7f0329822c138f71894fb2d4cc6edf708	SEM-4652ACCE8F76	IMP-DL-A11279CC33-P001	2	IMP-DL-A11279CC33-P001;IMP-M3-73E0197CF3-P001	Downloads/theory-of-commutative-algebra-6.tex;MATH_ALLS-3/theory-of-commutative-algebra-6.tex	Downloads;MATH_ALLS-3	WORKED_EXAMPLE				NO	NEEDS_EDITORIAL_REVIEW
465bdd873de95e6861e573e5426876a65b378629a83525dc574fed32742d8af1	SEM-465BDD873DE9	IMP-DL-3C59D9EE8B-P058	2	IMP-DL-3C59D9EE8B-P058;IMP-M3-D1A916E0DD-P058	Downloads/theory-of-commutative-algebra-5-professional-v2.tex;MATH_ALLS-3/theory-of-commutative-algebra-5-professional-v2.tex	Downloads;MATH_ALLS-3	PROBLEM_ITEM				NO	NEEDS_EDITORIAL_REVIEW
465f6cf4206c2341be2a1f56febbab25d133e0afc83c05dac7f1f5c61d12eb70	SEM-465F6CF4206C	IMP-DL-35223EB1F7-R002938-465F6CF4	1	IMP-DL-35223EB1F7-R002938-465F6CF4	Downloads/theory-of-algebraic-topology-6.tex	Downloads	EXAMPLE	1			NO	NEEDS_EDITORIAL_REVIEW
469e0d1924a53861f0d19b115cd289500c19481bb38842c3e83516322ac39927	SEM-469E0D1924A5	IMP-DL-2370D81D66-P081	2	IMP-DL-2370D81D66-P081;IMP-M2-D036BAB254-P081	Downloads/theory-of-analysis-FD.tex;MATH-ALLS-2/theory-of-analysis-FD.tex	Downloads;MATH-ALLS-2	EXERCISE	2.10.			NO	NEEDS_EDITORIAL_REVIEW
46b5b93be388640195418d341c4e892bf20c943d283967fbf421a512dbe73d62	SEM-46B5B93BE388	IMP-DL-CB3C80FF97-P020	2	IMP-DL-CB3C80FF97-P020;IMP-M2-7B5A4788C1-P020	Downloads/theory-of-complex-analysis-topology.tex;MATH-ALLS-2/theory-of-complex-analysis-topology.tex	Downloads;MATH-ALLS-2	PROBLEM_ITEM				NO	NEEDS_EDITORIAL_REVIEW
46bdd23ba0f77811dc897c685d3de5d1ad69ce9343c98de8deb458679e999f11	SEM-46BDD23BA0F7	IMP-DL-724FD8B7B1-P002	2	IMP-DL-724FD8B7B1-P002;IMP-M3-51E6A44D55-P002	Downloads/theory-of-commutative-algebra-1.tex;MATH_ALLS-3/theory-of-commutative-algebra-1.tex	Downloads;MATH_ALLS-3	PROBLEM	2	IMP-DL-724FD8B7B1-S002;IMP-M3-51E6A44D55-S002		YES	NEEDS_EDITORIAL_REVIEW
46de4dfd785ecad9206987ec590965fa47268d9c57e0a76997f5d251c1ce61a7	SEM-46DE4DFD785E	IMP-DL-4DEBE28720-P069	2	IMP-DL-4DEBE28720-P069;IMP-M3-8E395763C8-P069	Downloads/theory-of-commutative-algebra-13.tex;MATH_ALLS-3/theory-of-commutative-algebra-13.tex	Downloads;MATH_ALLS-3	WORKED_EXAMPLE	10			NO	NEEDS_EDITORIAL_REVIEW
46e06f5e15e2094a0e2b0a680e12bc403bf10407dc25e2b4108bba2ca7dbe84e	SEM-46E06F5E15E2	IMP-DL-2E134BF207-F2R003901-46E06F5E	1	IMP-DL-2E134BF207-F2R003901-46E06F5E	Downloads/theory-of-algebraic-topology-5.tex	Downloads	EXAMPLE	1			NO	NEEDS_EDITORIAL_REVIEW
46e72d193ecda1a0c886d635553d33e9a70bf82021c3115f4ecc31e28ee21dd8	SEM-46E72D193ECD	IMP-DL-2E134BF207-R003107-46E72D19	1	IMP-DL-2E134BF207-R003107-46E72D19	Downloads/theory-of-algebraic-topology-5.tex	Downloads	PROBLEM	1			NO	NEEDS_EDITORIAL_REVIEW
470206d13696139c255b54b41cedd96fa737cfe02d8cda9f04553d62ed8f3ed7	SEM-470206D13696	IMP-DL-A978FB3162-P058	1	IMP-DL-A978FB3162-P058	Downloads/theory-of-algebraic-topology-4.tex	Downloads	WORKED_EXAMPLE	4			NO	NEEDS_EDITORIAL_REVIEW
47048a6fae055ca22d4a88dfc7cd9ec6fc45e2cd45036ba38e6a24341fc66991	SEM-47048A6FAE05	IMP-DL-117191C0EC-P045	2	IMP-DL-117191C0EC-P045;IMP-M2-40A546CAA2-P045	Downloads/theory-of-analysis-topics.tex;MATH-ALLS-2/theory-of-analysis-topics.tex	Downloads;MATH-ALLS-2	PROBLEM	6			NO	NEEDS_EDITORIAL_REVIEW
4704e529136c7e0767bb9db4df0b5ba88e1bf38485bfdc9416268396c757b1ab	SEM-4704E529136C	IMP-DL-A470D9BACB-R001602-4704E529	2	IMP-DL-A470D9BACB-R001602-4704E529;IMP-M2-2850FB9A8A-R001602-4704E529	Downloads/theory-of-geometry-1.tex;MATH-ALLS-2/theory-of-geometry-1.tex	Downloads;MATH-ALLS-2	PROBLEM	11			NO	NEEDS_EDITORIAL_REVIEW
4720205a900e2a0d6eaa7198f9e841a1a531163d2a2e9f9f55fe9668eeb74057	SEM-4720205A900E	IMP-DL-3190BA882C-P007	2	IMP-DL-3190BA882C-P007;IMP-M3-CABB372599-P007	Downloads/theory-of-commutative-algebra-15.tex;MATH_ALLS-3/theory-of-commutative-algebra-15.tex	Downloads;MATH_ALLS-3	EXERCISE_ITEM				NO	NEEDS_EDITORIAL_REVIEW
474132547d55b1db71ab1e9e8b5be3f00101da4bb7d2b42086cfae0185fc6b40	SEM-474132547D55	IMP-DL-D18914CBBD-P004	2	IMP-DL-D18914CBBD-P004;IMP-M3-78B3C1B707-P004	Downloads/theory-of-commutative-algebra-11.tex;MATH_ALLS-3/theory-of-commutative-algebra-11.tex	Downloads;MATH_ALLS-3	WORKED_EXAMPLE	4			NO	NEEDS_EDITORIAL_REVIEW
474b24378d0900e18a82ce35f22255bdc6e2ad3bae80ca4f6bf46afd92eb0327	SEM-474B24378D09	IMP-DL-0B4CC237FA-SPR002671-474B2437	1	IMP-DL-0B4CC237FA-SPR002671-474B2437	Downloads/theory-of-algebraic-geometry-3.tex	Downloads	EXAMPLE	12.			NO	NEEDS_EDITORIAL_REVIEW
47549a35f7185c3b2738f86563a4da2d75de6b8d1fdd9e0cb33a08730269f437	SEM-47549A35F718	IMP-DL-7A55205E2C-P012	2	IMP-DL-7A55205E2C-P012;IMP-M2-2D41E1011A-P012	Downloads/theory-of-geometry-4.tex;MATH-ALLS-2/theory-of-geometry-4.tex	Downloads;MATH-ALLS-2	PROBLEM	12			NO	NEEDS_EDITORIAL_REVIEW
47712421a10ec17d43d30cb8c7277efb718412d53c0933e1d9d350a3734e507f	SEM-47712421A10E	IMP-DL-0EB9CBD958-P031	2	IMP-DL-0EB9CBD958-P031;IMP-M2-F4C85D52DC-P031	Downloads/theory-of-geometry.tex;MATH-ALLS-2/theory-of-geometry.tex	Downloads;MATH-ALLS-2	PROBLEM_ITEM				NO	NEEDS_EDITORIAL_REVIEW
47a39411faabaa8dda298f6073409a1eab5b6686af29a1198cd8d2f5c05b8276	SEM-47A39411FAAB	IMP-DL-3C59D9EE8B-P011	2	IMP-DL-3C59D9EE8B-P011;IMP-M3-D1A916E0DD-P011	Downloads/theory-of-commutative-algebra-5-professional-v2.tex;MATH_ALLS-3/theory-of-commutative-algebra-5-professional-v2.tex	Downloads;MATH_ALLS-3	PROBLEM_ITEM				NO	NEEDS_EDITORIAL_REVIEW
47cc23a46726b06bf56ae42aea6aabca4a096efb50fe53679380d6281ec4edf1	SEM-47CC23A46726	IMP-DL-E12021E60A-P030	1	IMP-DL-E12021E60A-P030	Downloads/theory-of-algebraic-topology-17.tex	Downloads	WORKED_EXAMPLE	2.4			NO	NEEDS_EDITORIAL_REVIEW
47dc3b63ecb86cc840d61ad3fc7e838e8e7be9d78dbcb1d3393f206e7ecf290b	SEM-47DC3B63ECB8	IMP-DL-4DEBE28720-P104	2	IMP-DL-4DEBE28720-P104;IMP-M3-8E395763C8-P104	Downloads/theory-of-commutative-algebra-13.tex;MATH_ALLS-3/theory-of-commutative-algebra-13.tex	Downloads;MATH_ALLS-3	WORKED_EXAMPLE	7			NO	NEEDS_EDITORIAL_REVIEW
47ea7f0ac3c2a7c27707b9f673a2bba46568cea8c59eba59003c6e09e3506a80	SEM-47EA7F0AC3C2	IMP-DL-15679DEE8D-P019	12	IMP-DL-15679DEE8D-P019;IMP-DL-15679DEE8D-R003121-47EA7F0A;IMP-DL-3CA1CB77F7-P019;IMP-DL-3CA1CB77F7-R003124-47EA7F0A;IMP-DL-E0A96454A5-P019;IMP-DL-E0A96454A5-R003121-47EA7F0A;IMP-M2-1D2863B81A-P019;IMP-M2-1D2863B81A-R003121-47EA7F0A;IMP-M2-D47CB97304-P019;IMP-M2-D47CB97304-R003121-47EA7F0A;IMP-M2-F08D4144EA-P019;IMP-M2-F08D4144EA-R003124-47EA7F0A	Downloads/theory-of-analysis - Copy.tex;Downloads/theory-of-analysis-numbers.tex;Downloads/theory-of-analysis.tex;MATH-ALLS-2/theory-of-analysis - Copy.tex;MATH-ALLS-2/theory-of-analysis-numbers.tex;MATH-ALLS-2/theory-of-analysis.tex	Downloads;MATH-ALLS-2	EXAMPLE;WORKED_EXAMPLE				NO	NEEDS_EDITORIAL_REVIEW
47f21a36ee3f65f43a09e22b96eeec0a4f4fcba010fc5485c32bd78da20c88a3	SEM-47F21A36EE3F	IMP-DL-117191C0EC-P062	2	IMP-DL-117191C0EC-P062;IMP-M2-40A546CAA2-P062	Downloads/theory-of-analysis-topics.tex;MATH-ALLS-2/theory-of-analysis-topics.tex	Downloads;MATH-ALLS-2	PROBLEM	11	IMP-DL-117191C0EC-S031;IMP-M2-40A546CAA2-S031		YES	NEEDS_EDITORIAL_REVIEW
483a31c3d8e5ddf70bd564c041b3bf460162401228772501c5b7d6879bf969a0	SEM-483A31C3D8E5	IMP-DL-6447F1B120-P010	1	IMP-DL-6447F1B120-P010	Downloads/theory-of-algebraic-topology-11.tex	Downloads	PROBLEM_ITEM				NO	NEEDS_EDITORIAL_REVIEW
4852bb5e90c3a3364f2e4f8a3ebcceb2222c6d22a20f1b4c4c7213e3f40aecad	SEM-4852BB5E90C3	IMP-DL-5431609247-R001735-4852BB5E	2	IMP-DL-5431609247-R001735-4852BB5E;IMP-M3-42C904D7D6-R001735-4852BB5E	Downloads/theory-of-differential-geometry-5.tex;MATH_ALLS-3/theory-of-differential-geometry-5.tex	Downloads;MATH_ALLS-3	EXAMPLE				NO	NEEDS_EDITORIAL_REVIEW
4861bdc216b09865b7f9372f7301e316698a55abaabf0dc25b88921addb307d1	SEM-4861BDC216B0	IMP-DL-A5CEE6E541-PSR004334-4861BDC2	1	IMP-DL-A5CEE6E541-PSR004334-4861BDC2	Downloads/theory-of-algebraic-geometry-8.tex	Downloads	EXAMPLE				NO	NEEDS_EDITORIAL_REVIEW
486d5f2ed23c9b0913922d1c463f6c92970ba034fe4778707feae9e1a8c14f13	SEM-486D5F2ED23C	IMP-DL-E12021E60A-P007	1	IMP-DL-E12021E60A-P007	Downloads/theory-of-algebraic-topology-17.tex	Downloads	WORKED_EXAMPLE	8.5			NO	NEEDS_EDITORIAL_REVIEW
48826ddf8fee60e9bb30fb2a7ac5d739b0f676969a61eba8607352a19a031c29	SEM-48826DDF8FEE	IMP-DL-15679DEE8D-P027	12	IMP-DL-15679DEE8D-P027;IMP-DL-15679DEE8D-R003633-48826DDF;IMP-DL-3CA1CB77F7-P027;IMP-DL-3CA1CB77F7-R003636-48826DDF;IMP-DL-E0A96454A5-P027;IMP-DL-E0A96454A5-R003633-48826DDF;IMP-M2-1D2863B81A-P027;IMP-M2-1D2863B81A-R003633-48826DDF;IMP-M2-D47CB97304-P027;IMP-M2-D47CB97304-R003633-48826DDF;IMP-M2-F08D4144EA-P027;IMP-M2-F08D4144EA-R003636-48826DDF	Downloads/theory-of-analysis - Copy.tex;Downloads/theory-of-analysis-numbers.tex;Downloads/theory-of-analysis.tex;MATH-ALLS-2/theory-of-analysis - Copy.tex;MATH-ALLS-2/theory-of-analysis-numbers.tex;MATH-ALLS-2/theory-of-analysis.tex	Downloads;MATH-ALLS-2	EXERCISE				NO	NEEDS_EDITORIAL_REVIEW
48cefa5d3fa80524dd003365a39ad5c15e45eacd8234e2e2c7cfb55ac073720c	SEM-48CEFA5D3FA8	IMP-DL-A978FB3162-R001495-48CEFA5D	1	IMP-DL-A978FB3162-R001495-48CEFA5D	Downloads/theory-of-algebraic-topology-4.tex	Downloads	PROBLEM	11	IMP-DL-A978FB3162-S004		YES	NEEDS_EDITORIAL_REVIEW
48d46d316732e310bd8c67320471b5eaff5b87d8ee432ec0acbdcaf775fbb8ba	SEM-48D46D316732	IMP-DL-0EB9CBD958-P019	2	IMP-DL-0EB9CBD958-P019;IMP-M2-F4C85D52DC-P019	Downloads/theory-of-geometry.tex;MATH-ALLS-2/theory-of-geometry.tex	Downloads;MATH-ALLS-2	PROBLEM_ITEM				NO	NEEDS_EDITORIAL_REVIEW
48d7df01ff6e2aebff8dbee300ccd7c3a9bad0aa967fd74b046fd69c21bb4874	SEM-48D7DF01FF6E	IMP-DL-A978FB3162-P070	1	IMP-DL-A978FB3162-P070	Downloads/theory-of-algebraic-topology-4.tex	Downloads	WORKED_EXAMPLE	1			NO	NEEDS_EDITORIAL_REVIEW
48e106663abe2e4f5c20ba032a95547803eb2c1dcd5c9adb9712fd19f158c831	SEM-48E106663ABE	IMP-DL-1068DBED71-P002	4	IMP-DL-1068DBED71-P002;IMP-DL-CAA415139D-P002;IMP-M3-F4E66B2919-P002;IMP-M3-FCB1647DD6-P002	Downloads/theory-of-commutative-algebra-10.tex;Downloads/theory-of-commutative-algebra-9.tex;MATH_ALLS-3/theory-of-commutative-algebra-10.tex;MATH_ALLS-3/theory-of-commutative-algebra-9.tex	Downloads;MATH_ALLS-3	WORKED_EXAMPLE				NO	NEEDS_EDITORIAL_REVIEW
4922717c6104f0aa5d2a3e2e2e6ba35153906d1a28cedbe733132c6da2205b97	SEM-4922717C6104	IMP-DL-A99C7658F3-P003	1	IMP-DL-A99C7658F3-P003	Downloads/theory-of-algebraic-geometry-2.tex	Downloads	WORKED_EXAMPLE				NO	NEEDS_EDITORIAL_REVIEW
49240bfe8af3aa75870016cf4dbc64658a9f5dffb01456f996f84d688e2224c1	SEM-49240BFE8AF3	IMP-DL-4DEBE28720-P044	2	IMP-DL-4DEBE28720-P044;IMP-M3-8E395763C8-P044	Downloads/theory-of-commutative-algebra-13.tex;MATH_ALLS-3/theory-of-commutative-algebra-13.tex	Downloads;MATH_ALLS-3	WORKED_EXAMPLE				NO	NEEDS_EDITORIAL_REVIEW
495080d04b53b1e01c58f097ebdfb30c89f4d1fb462c3434510800cce76df5ae	SEM-495080D04B53	IMP-DL-18BC6F795C-P014	1	IMP-DL-18BC6F795C-P014	Downloads/theory-of-algebraic-topology-9.tex	Downloads	WORKED_EXAMPLE				NO	NEEDS_EDITORIAL_REVIEW
4958eb873bdb45bc663b60bd3043c07e775ebdacf74b5b3c1e96e4a9438c0af2	SEM-4958EB873BDB	IMP-DL-98972A6B93-P045	4	IMP-DL-98972A6B93-P045;IMP-DL-98972A6B93-R003539-4958EB87;IMP-M2-355EA0996F-P045;IMP-M2-355EA0996F-R003539-4958EB87	Downloads/theory-of-geometry-II.tex;MATH-ALLS-2/theory-of-geometry-II.tex	Downloads;MATH-ALLS-2	EXAMPLE;WORKED_EXAMPLE				NO	NEEDS_EDITORIAL_REVIEW
4971af7284fb990c523b0b8a99841570695b4481855c1e865925a9815cbd5168	SEM-4971AF7284FB	IMP-DL-A5CEE6E541-PSR004056-4971AF72	1	IMP-DL-A5CEE6E541-PSR004056-4971AF72	Downloads/theory-of-algebraic-geometry-8.tex	Downloads	EXAMPLE				NO	NEEDS_EDITORIAL_REVIEW
49d88ce6d2e4774324a17568d2b512500ca9ceccc12c9dcffbe924af3b4c2ce6	SEM-49D88CE6D2E4	IMP-DL-35223EB1F7-R002780-49D88CE6	1	IMP-DL-35223EB1F7-R002780-49D88CE6	Downloads/theory-of-algebraic-topology-6.tex	Downloads	EXAMPLE	4			NO	NEEDS_EDITORIAL_REVIEW
49e68c431502d49d71aadd5d348d28ee1c9f0a50236ffd62aab245eb5fa4d248	SEM-49E68C431502	IMP-DL-BD3A6D53D0-P014	3	IMP-DL-BD3A6D53D0-P014;IMP-M2-E2BE0561BD-P014;IMP-M3-0F6B7A59EB-P014	Downloads/theory-of-differential-geometry-2.tex;MATH-ALLS-2/theory-of-differential-geometry-2.tex;MATH_ALLS-3/theory-of-differential-geometry-2.tex	Downloads;MATH-ALLS-2;MATH_ALLS-3	PROBLEM	10	IMP-DL-BD3A6D53D0-S014;IMP-M2-E2BE0561BD-S014;IMP-M3-0F6B7A59EB-S014		YES	NEEDS_EDITORIAL_REVIEW
49ef65264120c2359ac99bc6a30901d0715be313580ea5873245b010cedcfd7b	SEM-49EF65264120	IMP-DL-3E276561C4-P020	2	IMP-DL-3E276561C4-P020;IMP-M3-AB2FCA292B-P020	Downloads/theory-of-linear-algebra-1.tex;MATH_ALLS-3/theory-of-linear-algebra-1.tex	Downloads;MATH_ALLS-3	PROBLEM_ITEM				NO	NEEDS_EDITORIAL_REVIEW
4a01666760a5861023e5d005b8dc360a117d45c33792b6c5d8392c1baee3081f	SEM-4A01666760A5	IMP-DL-2E134BF207-F2R003944-4A016667	1	IMP-DL-2E134BF207-F2R003944-4A016667	Downloads/theory-of-algebraic-topology-5.tex	Downloads	EXAMPLE	4			NO	NEEDS_EDITORIAL_REVIEW
4a4d1599818f25a9d6f3bdd3080760c8cb1aa862a1d4744819abcc01e04c73e3	SEM-4A4D1599818F	IMP-DL-4DEBE28720-P073	2	IMP-DL-4DEBE28720-P073;IMP-M3-8E395763C8-P073	Downloads/theory-of-commutative-algebra-13.tex;MATH_ALLS-3/theory-of-commutative-algebra-13.tex	Downloads;MATH_ALLS-3	WORKED_EXAMPLE	4			NO	NEEDS_EDITORIAL_REVIEW
4a8c79ab2f98229d2a343e422521cd6d241ee807bdc661ff497d394dfe5128b7	SEM-4A8C79AB2F98	IMP-DL-31FF76D7B8-PSR003997-4A8C79AB	1	IMP-DL-31FF76D7B8-PSR003997-4A8C79AB	Downloads/theory-of-algebraic-topology-16.tex	Downloads	EXAMPLE				NO	NEEDS_EDITORIAL_REVIEW
4aae98142612a5e0071caaf76f1fe9bb15cfe97d7d4e1444d71ff4a08e0a3e74	SEM-4AAE98142612	IMP-DL-183AD43C4C-R001014-4AAE9814	4	IMP-DL-183AD43C4C-R001014-4AAE9814;IMP-DL-20E278E436-R000956-4AAE9814;IMP-M2-1895C43FC6-R001014-4AAE9814;IMP-M2-50B0B212DD-R000956-4AAE9814	Downloads/merged_exercises_FULL_v2 (1).tex;Downloads/theory-of-real-analysis.tex;MATH-ALLS-2/merged_exercises_FULL_v2 (1).tex;MATH-ALLS-2/theory-of-real-analysis.tex	Downloads;MATH-ALLS-2	EXERCISE	5.7	IMP-DL-183AD43C4C-S024;IMP-DL-20E278E436-S024;IMP-M2-1895C43FC6-S024;IMP-M2-50B0B212DD-S024		YES	NEEDS_EDITORIAL_REVIEW
4af7670774a765525ff97261c540e949d722290235c820f3bce7784bbf39b86f	SEM-4AF7670774A7	IMP-DL-D6E9B3BC73-P006	2	IMP-DL-D6E9B3BC73-P006;IMP-M3-422B74F85F-P006	Downloads/theory-of-algebraic-topology-1.tex;MATH_ALLS-3/theory-of-algebraic-topology-1.tex	Downloads;MATH_ALLS-3	WORKED_EXAMPLE	5			NO	NEEDS_EDITORIAL_REVIEW
4b2b736e2c2e59bec8a8a217a74043963ada980768d7e1e5ea2f5be098bddba1	SEM-4B2B736E2C2E	IMP-DL-183AD43C4C-R001784-4B2B736E	4	IMP-DL-183AD43C4C-R001784-4B2B736E;IMP-DL-20E278E436-R001726-4B2B736E;IMP-M2-1895C43FC6-R001784-4B2B736E;IMP-M2-50B0B212DD-R001726-4B2B736E	Downloads/merged_exercises_FULL_v2 (1).tex;Downloads/theory-of-real-analysis.tex;MATH-ALLS-2/merged_exercises_FULL_v2 (1).tex;MATH-ALLS-2/theory-of-real-analysis.tex	Downloads;MATH-ALLS-2	EXERCISE	7.4	IMP-DL-183AD43C4C-S043;IMP-DL-20E278E436-S043;IMP-M2-1895C43FC6-S043;IMP-M2-50B0B212DD-S043		YES	NEEDS_EDITORIAL_REVIEW
4b61da5afe8ae0a02beb55fecf328ee281d7d16228db2fbe08e3d148accc72e7	SEM-4B61DA5AFE8A	IMP-DL-18BC6F795C-P010	1	IMP-DL-18BC6F795C-P010	Downloads/theory-of-algebraic-topology-9.tex	Downloads	WORKED_EXAMPLE	9			NO	NEEDS_EDITORIAL_REVIEW
4b78775e5d3f17f39fc5ab4dac1fea3efced1c64e0cea2213814142ceb42e6ad	SEM-4B78775E5D3F	IMP-DL-98972A6B93-P032	2	IMP-DL-98972A6B93-P032;IMP-M2-355EA0996F-P032	Downloads/theory-of-geometry-II.tex;MATH-ALLS-2/theory-of-geometry-II.tex	Downloads;MATH-ALLS-2	PROBLEM_ITEM				NO	NEEDS_EDITORIAL_REVIEW
4b7c15d83fac90056b4710e735e746a74d384fd7a47ff730862a33c7cf283b65	SEM-4B7C15D83FAC	IMP-DL-CB3C80FF97-P023	2	IMP-DL-CB3C80FF97-P023;IMP-M2-7B5A4788C1-P023	Downloads/theory-of-complex-analysis-topology.tex;MATH-ALLS-2/theory-of-complex-analysis-topology.tex	Downloads;MATH-ALLS-2	WORKED_EXAMPLE				NO	NEEDS_EDITORIAL_REVIEW
4ba3bcadbc5296bfa126f8fc89f8a5527e4c02a3fd5203bd3503d9b2b5bf9250	SEM-4BA3BCADBC52	IMP-DL-592BD0798C-P051	2	IMP-DL-592BD0798C-P051;IMP-M3-1FB8799CDC-P051	Downloads/theory-of-commutative-algebra-8.tex;MATH_ALLS-3/theory-of-commutative-algebra-8.tex	Downloads;MATH_ALLS-3	WORKED_EXAMPLE	3			NO	NEEDS_EDITORIAL_REVIEW
4bc0b86505d628ee936e2681ce642ebc35f64ce0dfd023f79832a2e68cd1baa7	SEM-4BC0B86505D6	IMP-DL-A978FB3162-P050	1	IMP-DL-A978FB3162-P050	Downloads/theory-of-algebraic-topology-4.tex	Downloads	PROBLEM_ITEM				NO	NEEDS_EDITORIAL_REVIEW
4bce001ce1d2ac1c8041a5a705b07384c6831c828a3939e7bd07be03606016ed	SEM-4BCE001CE1D2	IMP-DL-873C6F4098-P018	2	IMP-DL-873C6F4098-P018;IMP-M2-CFC28ED568-P018	Downloads/theory-of-analysis-II.tex;MATH-ALLS-2/theory-of-analysis-II.tex	Downloads;MATH-ALLS-2	PROBLEM_ITEM				NO	NEEDS_EDITORIAL_REVIEW
4bce795385923c03afab6cb01a95be2d45a051f76080ed49d128d1c0aaff1450	SEM-4BCE79538592	IMP-DL-3D2DB27534-P009	4	IMP-DL-3D2DB27534-P009;IMP-DL-5B1D955447-P009;IMP-M2-8108AF5CB9-P009;IMP-M2-AFF44384C1-P009	Downloads/merged_exercises (1).tex;Downloads/merged_exercises.tex;MATH-ALLS-2/merged_exercises (1).tex;MATH-ALLS-2/merged_exercises.tex	Downloads;MATH-ALLS-2	EXERCISE	2.3			NO	NEEDS_EDITORIAL_REVIEW
4bdba5056144528a0a48c8a3493cf97ebc5122bb37446ccd774fbd55754ea7c9	SEM-4BDBA5056144	IMP-DL-3C59D9EE8B-P114	2	IMP-DL-3C59D9EE8B-P114;IMP-M3-D1A916E0DD-P114	Downloads/theory-of-commutative-algebra-5-professional-v2.tex;MATH_ALLS-3/theory-of-commutative-algebra-5-professional-v2.tex	Downloads;MATH_ALLS-3	PROBLEM_ITEM				NO	NEEDS_EDITORIAL_REVIEW
4bf17c8c755c83994fd8b6b3287dd9b3fa6afef067d1770ae70879b62bf79d12	SEM-4BF17C8C755C	IMP-DL-0E1AFE9FFD-P003	8	IMP-DL-0E1AFE9FFD-P003;IMP-DL-141F3478CC-P003;IMP-DL-AA5DDA8809-P003;IMP-DL-FB19C24E92-P003;IMP-M2-2BDEE85382-P003;IMP-M2-6F2E5F9B11-P003;IMP-M2-7785C781E9-P003;IMP-M2-F295E7C0B9-P003	Downloads/theory-of-complex-analysis-all-maps-all.tex;Downloads/theory-of-complex-analysis-all-maps-all2.tex;Downloads/theory-of-complex-analysis-all-maps.tex;Downloads/theory-of-complex-analysis-all.tex;MATH-ALLS-2/theory-of-complex-analysis-all-maps-all.tex;MATH-ALLS-2/theory-of-complex-analysis-all-maps-all2.tex;MATH-ALLS-2/theory-of-complex-analysis-all-maps.tex;MATH-ALLS-2/theory-of-complex-analysis-all.tex	Downloads;MATH-ALLS-2	PROBLEM_ITEM				NO	NEEDS_EDITORIAL_REVIEW
4bfd3e8977d4dc9a8b3234752053f14babdaad907a524a33af700869dc25b967	SEM-4BFD3E8977D4	IMP-DL-E88547CF67-P020	2	IMP-DL-E88547CF67-P020;IMP-M2-80D8AED0FF-P020	Downloads/theory-of-geometry-3.tex;MATH-ALLS-2/theory-of-geometry-3.tex	Downloads;MATH-ALLS-2	PROBLEM	7	IMP-DL-E88547CF67-S012;IMP-M2-80D8AED0FF-S012		YES	NEEDS_EDITORIAL_REVIEW
4c1aa8d07f079893865666fcac4f53d05c4b415284ccd483f7cc8156bde27c36	SEM-4C1AA8D07F07	IMP-DL-D18914CBBD-P064	2	IMP-DL-D18914CBBD-P064;IMP-M3-78B3C1B707-P064	Downloads/theory-of-commutative-algebra-11.tex;MATH_ALLS-3/theory-of-commutative-algebra-11.tex	Downloads;MATH_ALLS-3	WORKED_EXAMPLE	7			NO	NEEDS_EDITORIAL_REVIEW
4c4483f76cbd3e7b7772f10266aa4171155f18f8b52bde4feb8c5373ee796969	SEM-4C4483F76CBD	IMP-DL-15679DEE8D-P021	12	IMP-DL-15679DEE8D-P021;IMP-DL-15679DEE8D-R003356-4C4483F7;IMP-DL-3CA1CB77F7-P021;IMP-DL-3CA1CB77F7-R003359-4C4483F7;IMP-DL-E0A96454A5-P021;IMP-DL-E0A96454A5-R003356-4C4483F7;IMP-M2-1D2863B81A-P021;IMP-M2-1D2863B81A-R003356-4C4483F7;IMP-M2-D47CB97304-P021;IMP-M2-D47CB97304-R003356-4C4483F7;IMP-M2-F08D4144EA-P021;IMP-M2-F08D4144EA-R003359-4C4483F7	Downloads/theory-of-analysis - Copy.tex;Downloads/theory-of-analysis-numbers.tex;Downloads/theory-of-analysis.tex;MATH-ALLS-2/theory-of-analysis - Copy.tex;MATH-ALLS-2/theory-of-analysis-numbers.tex;MATH-ALLS-2/theory-of-analysis.tex	Downloads;MATH-ALLS-2	EXAMPLE;WORKED_EXAMPLE	2			NO	NEEDS_EDITORIAL_REVIEW
4c6082a82b50e575495d4b547a162c52567c5410f807a8a9425db0d911c71933	SEM-4C6082A82B50	IMP-DL-873C6F4098-P034	2	IMP-DL-873C6F4098-P034;IMP-M2-CFC28ED568-P034	Downloads/theory-of-analysis-II.tex;MATH-ALLS-2/theory-of-analysis-II.tex	Downloads;MATH-ALLS-2	PROBLEM_ITEM				NO	NEEDS_EDITORIAL_REVIEW
4c764dfc34b272756ff64d651c16859ee882c925f8e4e583e13157afa3d4ce93	SEM-4C764DFC34B2	IMP-DL-E4D9F7AB6B-PSR005949-4C764DFC	1	IMP-DL-E4D9F7AB6B-PSR005949-4C764DFC	Downloads/theory-of-algebraic-topology-13.tex	Downloads	EXAMPLE	11.			NO	NEEDS_EDITORIAL_REVIEW
4caa489707525a38b91715dd7bd094eff191853ce7e613f9fa69b657232d4e42	SEM-4CAA48970752	IMP-DL-117191C0EC-P005	2	IMP-DL-117191C0EC-P005;IMP-M2-40A546CAA2-P005	Downloads/theory-of-analysis-topics.tex;MATH-ALLS-2/theory-of-analysis-topics.tex	Downloads;MATH-ALLS-2	PROBLEM_ITEM				NO	NEEDS_EDITORIAL_REVIEW
4cb5325e1170163d97fcc82c797e43ce854c76d47870d725416042d37ae8c7d1	SEM-4CB5325E1170	IMP-DL-6B513C0C2F-PSR003372-4CB5325E	1	IMP-DL-6B513C0C2F-PSR003372-4CB5325E	Downloads/theory-of-algebraic-geometry-10.tex	Downloads	EXAMPLE	3			NO	NEEDS_EDITORIAL_REVIEW
4cc60bf816e064e84e81eaef6e404d74422993ea31e9254a2628effe07d20536	SEM-4CC60BF816E0	IMP-DL-31FF76D7B8-PSR005304-4CC60BF8	1	IMP-DL-31FF76D7B8-PSR005304-4CC60BF8	Downloads/theory-of-algebraic-topology-16.tex	Downloads	EXAMPLE	5			NO	NEEDS_EDITORIAL_REVIEW
4cd708ddd57a7aff12079289cbe3402afa29217b5da84df3d0a57ffe46333f9a	SEM-4CD708DDD57A	IMP-DL-1068DBED71-P015	4	IMP-DL-1068DBED71-P015;IMP-DL-CAA415139D-P015;IMP-M3-F4E66B2919-P015;IMP-M3-FCB1647DD6-P015	Downloads/theory-of-commutative-algebra-10.tex;Downloads/theory-of-commutative-algebra-9.tex;MATH_ALLS-3/theory-of-commutative-algebra-10.tex;MATH_ALLS-3/theory-of-commutative-algebra-9.tex	Downloads;MATH_ALLS-3	WORKED_EXAMPLE				NO	NEEDS_EDITORIAL_REVIEW
4d19dd671f55e10ddc72468172079c2bfb8eed2f3f6ec244615b1742b0eb5743	SEM-4D19DD671F55	IMP-DL-0AC5ADA26C-P028	1	IMP-DL-0AC5ADA26C-P028	Downloads/theory-of-algebraic-topology-8.tex	Downloads	WORKED_EXAMPLE				NO	NEEDS_EDITORIAL_REVIEW
4d1bffec388d97c2f93b85779cb6eb1eaef23f3609cd2dc7a0e05e61004e5dc9	SEM-4D1BFFEC388D	IMP-DL-38CE6DEB56-P005	2	IMP-DL-38CE6DEB56-P005;IMP-M3-D19BB3C803-P005	Downloads/theory-of-commutative-algebra-14.tex;MATH_ALLS-3/theory-of-commutative-algebra-14.tex	Downloads;MATH_ALLS-3	WORKED_EXAMPLE	1			NO	NEEDS_EDITORIAL_REVIEW
4d209382a2ae87cb83fe76b788891871d5383ab24607650e88eba904663694d0	SEM-4D209382A2AE	IMP-DL-A470D9BACB-P006	2	IMP-DL-A470D9BACB-P006;IMP-M2-2850FB9A8A-P006	Downloads/theory-of-geometry-1.tex;MATH-ALLS-2/theory-of-geometry-1.tex	Downloads;MATH-ALLS-2	PROBLEM		IMP-DL-A470D9BACB-S003;IMP-M2-2850FB9A8A-S003		YES	NEEDS_EDITORIAL_REVIEW
4d2e53ecd9569c4fd6b9bae9793c12bb79225ab746b20d43f31898d32c27d3b6	SEM-4D2E53ECD956	IMP-DL-117191C0EC-P061	2	IMP-DL-117191C0EC-P061;IMP-M2-40A546CAA2-P061	Downloads/theory-of-analysis-topics.tex;MATH-ALLS-2/theory-of-analysis-topics.tex	Downloads;MATH-ALLS-2	PROBLEM	10	IMP-DL-117191C0EC-S030;IMP-M2-40A546CAA2-S030		YES	NEEDS_EDITORIAL_REVIEW
4d31afcf5f68e8e044ccc25abf8764e99f79c0b4be8e22ab62ebec635317089a	SEM-4D31AFCF5F68	IMP-DL-C78B44C750-P005	2	IMP-DL-C78B44C750-P005;IMP-M2-48626BD8F1-P005	Downloads/wiki-green.tex;MATH-ALLS-2/wiki-green.tex	Downloads;MATH-ALLS-2	WORKED_EXAMPLE				NO	NEEDS_EDITORIAL_REVIEW
4d5d79443a360a3846c66cd1a2f778a7c2114e6460a7321a69bf0657da206369	SEM-4D5D79443A36	IMP-DL-721195CCB5-PSR002845-4D5D7944	1	IMP-DL-721195CCB5-PSR002845-4D5D7944	Downloads/theory-of-algebraic-geometry-11.tex	Downloads	EXAMPLE	8			NO	NEEDS_EDITORIAL_REVIEW
4d918daec3a739d0ec93e904b0ce16ef591b71b58fe98d97badc1539ecea6ac1	SEM-4D918DAEC3A7	IMP-DL-D18914CBBD-P031	2	IMP-DL-D18914CBBD-P031;IMP-M3-78B3C1B707-P031	Downloads/theory-of-commutative-algebra-11.tex;MATH_ALLS-3/theory-of-commutative-algebra-11.tex	Downloads;MATH_ALLS-3	WORKED_EXAMPLE	9			NO	NEEDS_EDITORIAL_REVIEW
4daac86d67d36b5c3b270c0385d4f41dc1d2004b206bbc2025421e64551ea09b	SEM-4DAAC86D67D3	IMP-DL-2370D81D66-P079	2	IMP-DL-2370D81D66-P079;IMP-M2-D036BAB254-P079	Downloads/theory-of-analysis-FD.tex;MATH-ALLS-2/theory-of-analysis-FD.tex	Downloads;MATH-ALLS-2	EXERCISE_ITEM				NO	NEEDS_EDITORIAL_REVIEW
4dce72b54592bc23038242febf5f09858a6ed6d23d6beea0367e538abbe70967	SEM-4DCE72B54592	IMP-DL-D4351A3BBD-P020	2	IMP-DL-D4351A3BBD-P020;IMP-M2-721AD91C7F-P020	Downloads/theory-of-geometry-IV.tex;MATH-ALLS-2/theory-of-geometry-IV.tex	Downloads;MATH-ALLS-2	PROBLEM_ITEM				NO	NEEDS_EDITORIAL_REVIEW
4dd943ddfd809815f0e0879849730c78a483e998d738a90600c6d0f67b67d81a	SEM-4DD943DDFD80	IMP-DL-0EB9CBD958-P061	2	IMP-DL-0EB9CBD958-P061;IMP-M2-F4C85D52DC-P061	Downloads/theory-of-geometry.tex;MATH-ALLS-2/theory-of-geometry.tex	Downloads;MATH-ALLS-2	PROBLEM_ITEM				NO	NEEDS_EDITORIAL_REVIEW
4dda521d83f360045f9d15f3e5c4305849bc2016f3027f20503ee983456d90ec	SEM-4DDA521D83F3	IMP-DL-316AE183C3-P021	2	IMP-DL-316AE183C3-P021;IMP-M2-303BB87ACE-P021	Downloads/theory-of-analysis-functions.tex;MATH-ALLS-2/theory-of-analysis-functions.tex	Downloads;MATH-ALLS-2	EXERCISE_ITEM				NO	NEEDS_EDITORIAL_REVIEW
4de35e9cc16a65879f4adbee02ff5e9a0ef549e75c3ac1f2ccf99a1b3f61414a	SEM-4DE35E9CC16A	IMP-DL-8D5CF4CFBA-P021	2	IMP-DL-8D5CF4CFBA-P021;IMP-M3-89937139FC-P021	Downloads/theory-of-linear-algebra-2.tex;MATH_ALLS-3/theory-of-linear-algebra-2.tex	Downloads;MATH_ALLS-3	PROBLEM	11	IMP-DL-8D5CF4CFBA-S022;IMP-M3-89937139FC-S022		YES	NEEDS_EDITORIAL_REVIEW
4e13ae6414c5c40ddfcd1253012eaa5479fa49e558865e43f62dd8ddb496ceb2	SEM-4E13AE6414C5	IMP-DL-E532B44856-P007	2	IMP-DL-E532B44856-P007;IMP-M2-C037D998D4-P007	Downloads/theory-of-analysis-functions-II.tex;MATH-ALLS-2/theory-of-analysis-functions-II.tex	Downloads;MATH-ALLS-2	PROBLEM	7			NO	NEEDS_EDITORIAL_REVIEW
4e27a8a6dc4a2083175e6f1dc7903146feb54d2439a84ccfb77a4cd5ef76c571	SEM-4E27A8A6DC4A	IMP-DL-873C6F4098-P050	2	IMP-DL-873C6F4098-P050;IMP-M2-CFC28ED568-P050	Downloads/theory-of-analysis-II.tex;MATH-ALLS-2/theory-of-analysis-II.tex	Downloads;MATH-ALLS-2	PROBLEM	13	IMP-DL-873C6F4098-S011;IMP-M2-CFC28ED568-S011		YES	NEEDS_EDITORIAL_REVIEW
4e4f080fe314804baee3d2432ae63699782e46798d1800b1a82738b2119572da	SEM-4E4F080FE314	IMP-DL-B7B63B4C41-P004	2	IMP-DL-B7B63B4C41-P004;IMP-M3-16526DCF36-P004	Downloads/theory-of-commutative-algebra-12.tex;MATH_ALLS-3/theory-of-commutative-algebra-12.tex	Downloads;MATH_ALLS-3	WORKED_EXAMPLE	4			NO	NEEDS_EDITORIAL_REVIEW
4e51dab0cb201e00c465bde82e95eab4914c95bdceffca19b801651b0002e1fc	SEM-4E51DAB0CB20	IMP-DL-0E1AFE9FFD-P002	8	IMP-DL-0E1AFE9FFD-P002;IMP-DL-141F3478CC-P002;IMP-DL-AA5DDA8809-P002;IMP-DL-FB19C24E92-P002;IMP-M2-2BDEE85382-P002;IMP-M2-6F2E5F9B11-P002;IMP-M2-7785C781E9-P002;IMP-M2-F295E7C0B9-P002	Downloads/theory-of-complex-analysis-all-maps-all.tex;Downloads/theory-of-complex-analysis-all-maps-all2.tex;Downloads/theory-of-complex-analysis-all-maps.tex;Downloads/theory-of-complex-analysis-all.tex;MATH-ALLS-2/theory-of-complex-analysis-all-maps-all.tex;MATH-ALLS-2/theory-of-complex-analysis-all-maps-all2.tex;MATH-ALLS-2/theory-of-complex-analysis-all-maps.tex;MATH-ALLS-2/theory-of-complex-analysis-all.tex	Downloads;MATH-ALLS-2	PROBLEM	3	IMP-DL-0E1AFE9FFD-S002;IMP-DL-141F3478CC-S002;IMP-DL-AA5DDA8809-S002;IMP-DL-FB19C24E92-S002;IMP-M2-2BDEE85382-S002;IMP-M2-6F2E5F9B11-S002;IMP-M2-7785C781E9-S002;IMP-M2-F295E7C0B9-S002		YES	NEEDS_EDITORIAL_REVIEW
4e6371e4e6aba6119c89db2806c567c9c06cf57739dbb26330e3d5217d6f556b	SEM-4E6371E4E6AB	IMP-DL-A978FB3162-P046	1	IMP-DL-A978FB3162-P046	Downloads/theory-of-algebraic-topology-4.tex	Downloads	PROBLEM_ITEM				NO	NEEDS_EDITORIAL_REVIEW
4e78bca7d4579da88e0365a26accdeabe2f7a7efd91de0cca4855e67ff0eef84	SEM-4E78BCA7D457	IMP-DL-4DEBE28720-P070	2	IMP-DL-4DEBE28720-P070;IMP-M3-8E395763C8-P070	Downloads/theory-of-commutative-algebra-13.tex;MATH_ALLS-3/theory-of-commutative-algebra-13.tex	Downloads;MATH_ALLS-3	WORKED_EXAMPLE	1			NO	NEEDS_EDITORIAL_REVIEW
4e8780081e97bafcbc5bc30f4b6d0c91ebc0c2df162a5548cb9be55f2046c409	SEM-4E8780081E97	IMP-DL-117191C0EC-P030	2	IMP-DL-117191C0EC-P030;IMP-M2-40A546CAA2-P030	Downloads/theory-of-analysis-topics.tex;MATH-ALLS-2/theory-of-analysis-topics.tex	Downloads;MATH-ALLS-2	PROBLEM		IMP-DL-117191C0EC-S019;IMP-M2-40A546CAA2-S019		YES	NEEDS_EDITORIAL_REVIEW
4e9f9e8e944bc1d7914356f992e49b4e0bc0182977dca0395c914fc41dadf9a3	SEM-4E9F9E8E944B	IMP-DL-4DEBE28720-P019	2	IMP-DL-4DEBE28720-P019;IMP-M3-8E395763C8-P019	Downloads/theory-of-commutative-algebra-13.tex;MATH_ALLS-3/theory-of-commutative-algebra-13.tex	Downloads;MATH_ALLS-3	WORKED_EXAMPLE				NO	NEEDS_EDITORIAL_REVIEW
4ea16b13bea07bba8429e1a176fe5dad4978b6e20257492b8e9f17f20426525e	SEM-4EA16B13BEA0	IMP-DL-D6E9B3BC73-PSR004526-4EA16B13	2	IMP-DL-D6E9B3BC73-PSR004526-4EA16B13;IMP-M3-422B74F85F-PSR004523-4EA16B13	Downloads/theory-of-algebraic-topology-1.tex;MATH_ALLS-3/theory-of-algebraic-topology-1.tex	Downloads;MATH_ALLS-3	EXAMPLE	4			NO	NEEDS_EDITORIAL_REVIEW
4eaac68d5f21ed0f03ccfe177daa0641165cf663de8751a44a1bc9f0b9b02e4e	SEM-4EAAC68D5F21	IMP-DL-3C59D9EE8B-P092	6	IMP-DL-3C59D9EE8B-P092;IMP-DL-40E9B7EE44-P012;IMP-DL-E1F1BB4192-P011;IMP-M3-0D398C7F27-P011;IMP-M3-17140B7F4C-P012;IMP-M3-D1A916E0DD-P092	Downloads/theory-of-commutative-algebra-5-professional-v2.tex;Downloads/theory-of-commutative-algebra-5-professional.tex;Downloads/theory-of-commutative-algebra-5.tex;MATH_ALLS-3/theory-of-commutative-algebra-5-professional-v2.tex;MATH_ALLS-3/theory-of-commutative-algebra-5-professional.tex;MATH_ALLS-3/theory-of-commutative-algebra-5.tex	Downloads;MATH_ALLS-3	PROBLEM	15	IMP-DL-1068DBED71-S008;IMP-DL-3C59D9EE8B-S019;IMP-DL-3C59D9EE8B-S020;IMP-DL-40E9B7EE44-S019;IMP-DL-40E9B7EE44-S020;IMP-DL-CAA415139D-S008;IMP-DL-E1F1BB4192-S018;IMP-DL-E1F1BB4192-S019;IMP-M3-0D398C7F27-S018;IMP-M3-0D398C7F27-S019;IMP-M3-17140B7F4C-S019;IMP-M3-17140B7F4C-S020;IMP-M3-D1A916E0DD-S019;IMP-M3-D1A916E0DD-S020;IMP-M3-F4E66B2919-S008;IMP-M3-FCB1647DD6-S008		YES	NEEDS_EDITORIAL_REVIEW
4ec14a066c813c092361128fe64195ca37b2d1c7bac517eb27ea2b3b3c28e770	SEM-4EC14A066C81	IMP-DL-1068DBED71-P067	4	IMP-DL-1068DBED71-P067;IMP-DL-CAA415139D-P067;IMP-M3-F4E66B2919-P067;IMP-M3-FCB1647DD6-P067	Downloads/theory-of-commutative-algebra-10.tex;Downloads/theory-of-commutative-algebra-9.tex;MATH_ALLS-3/theory-of-commutative-algebra-10.tex;MATH_ALLS-3/theory-of-commutative-algebra-9.tex	Downloads;MATH_ALLS-3	WORKED_EXAMPLE	5			NO	NEEDS_EDITORIAL_REVIEW
4ec499bb0fc3396402c91d126eefc9a099d4eef9f0717d5ff623f954ccf7bde4	SEM-4EC499BB0FC3	IMP-DL-724FD8B7B1-P008	2	IMP-DL-724FD8B7B1-P008;IMP-M3-51E6A44D55-P008	Downloads/theory-of-commutative-algebra-1.tex;MATH_ALLS-3/theory-of-commutative-algebra-1.tex	Downloads;MATH_ALLS-3	PROBLEM	9	IMP-DL-724FD8B7B1-S008;IMP-M3-51E6A44D55-S008		YES	NEEDS_EDITORIAL_REVIEW
4ed5b335e82b632319086ddeb64adcf8a2be49351ff96121b5d172d8be249714	SEM-4ED5B335E82B	IMP-DL-12C1A20716-P004	1	IMP-DL-12C1A20716-P004	Downloads/theory-of-algebraic-topology-10.tex	Downloads	EXERCISE_ITEM				NO	NEEDS_EDITORIAL_REVIEW
4eda80b2c009d918627dff3ca2f293b944b9ed079bb42ad043d06f2cd0b66338	SEM-4EDA80B2C009	IMP-DL-E4D9F7AB6B-P006	1	IMP-DL-E4D9F7AB6B-P006	Downloads/theory-of-algebraic-topology-13.tex	Downloads	PROBLEM	6.	IMP-DL-E4D9F7AB6B-S002		YES	NEEDS_EDITORIAL_REVIEW
4f1d6286ab02adcdaa5aacd77263ed7efbe8f47d53394f046aee5104758c0b44	SEM-4F1D6286AB02	IMP-DL-D18914CBBD-P037	2	IMP-DL-D18914CBBD-P037;IMP-M3-78B3C1B707-P037	Downloads/theory-of-commutative-algebra-11.tex;MATH_ALLS-3/theory-of-commutative-algebra-11.tex	Downloads;MATH_ALLS-3	WORKED_EXAMPLE	3			NO	NEEDS_EDITORIAL_REVIEW
4f28def26210a62bec2bdb06bc2614f2410e8728d932d2dab37a1869fff1ea5c	SEM-4F28DEF26210	IMP-DL-B7B63B4C41-P011	2	IMP-DL-B7B63B4C41-P011;IMP-M3-16526DCF36-P011	Downloads/theory-of-commutative-algebra-12.tex;MATH_ALLS-3/theory-of-commutative-algebra-12.tex	Downloads;MATH_ALLS-3	WORKED_EXAMPLE				NO	NEEDS_EDITORIAL_REVIEW
4f3a39c1d78c521366970ad47f43c7840d6e03776720ae6a3b4969c1ef03f7c0	SEM-4F3A39C1D78C	IMP-DL-E88547CF67-P003	2	IMP-DL-E88547CF67-P003;IMP-M2-80D8AED0FF-P003	Downloads/theory-of-geometry-3.tex;MATH-ALLS-2/theory-of-geometry-3.tex	Downloads;MATH-ALLS-2	PROBLEM_ITEM				NO	NEEDS_EDITORIAL_REVIEW
4f50790c0f88dc04034d54a8ce6d5ab5c34461d399bec7d217a67d6d9f5d60a8	SEM-4F50790C0F88	IMP-DL-5431609247-P005	2	IMP-DL-5431609247-P005;IMP-M3-42C904D7D6-P005	Downloads/theory-of-differential-geometry-5.tex;MATH_ALLS-3/theory-of-differential-geometry-5.tex	Downloads;MATH_ALLS-3	WORKED_EXAMPLE				NO	NEEDS_EDITORIAL_REVIEW
4f524e9baf015592cdc391897128614b23ff0fead9921f3e344abbf8135dfd08	SEM-4F524E9BAF01	IMP-DL-336732908A-P009	2	IMP-DL-336732908A-P009;IMP-M2-805F474A19-P009	Downloads/theory-of-complex-analysis-next.tex;MATH-ALLS-2/theory-of-complex-analysis-next.tex	Downloads;MATH-ALLS-2	WORKED_EXAMPLE	2			NO	NEEDS_EDITORIAL_REVIEW
4f887665d59a63ba11193383c0e919a62bf5f87a8033d7a9456545e9824412f3	SEM-4F887665D59A	IMP-DL-316AE183C3-P028	2	IMP-DL-316AE183C3-P028;IMP-M2-303BB87ACE-P028	Downloads/theory-of-analysis-functions.tex;MATH-ALLS-2/theory-of-analysis-functions.tex	Downloads;MATH-ALLS-2	EXERCISE_ITEM		IMP-DL-316AE183C3-S004;IMP-M2-303BB87ACE-S004		YES	NEEDS_EDITORIAL_REVIEW
4f8edcd6fd628e3902dfd363d2a26ec874dae8612577c6b2e9af8c8a84953fc2	SEM-4F8EDCD6FD62	IMP-DL-EAE0F59552-PSR002253-4F8EDCD6	2	IMP-DL-EAE0F59552-PSR002253-4F8EDCD6;IMP-M2-7EA9DA1D72-PSR002253-4F8EDCD6	Downloads/theory-of-analysis-topology.tex;MATH-ALLS-2/theory-of-analysis-topology.tex	Downloads;MATH-ALLS-2	PROBLEM		IMP-DL-EAE0F59552-S011;IMP-M2-7EA9DA1D72-S011		YES	NEEDS_EDITORIAL_REVIEW
4f95be70d4e1df6a148668aa0ce5b06e846e529410ed1be1cb68b4425ae7da07	SEM-4F95BE70D4E1	IMP-DL-873C6F4098-P049	2	IMP-DL-873C6F4098-P049;IMP-M2-CFC28ED568-P049	Downloads/theory-of-analysis-II.tex;MATH-ALLS-2/theory-of-analysis-II.tex	Downloads;MATH-ALLS-2	PROBLEM	12			NO	NEEDS_EDITORIAL_REVIEW
4f970d5e7b81022e612982a80c37309d26b7ff291d67e05335b6c727eac99ec6	SEM-4F970D5E7B81	IMP-DL-2370D81D66-P054	2	IMP-DL-2370D81D66-P054;IMP-M2-D036BAB254-P054	Downloads/theory-of-analysis-FD.tex;MATH-ALLS-2/theory-of-analysis-FD.tex	Downloads;MATH-ALLS-2	EXERCISE_ITEM				NO	NEEDS_EDITORIAL_REVIEW
4fbfb355269cb8c5f0a409684e1ba5df2880bb1d165903f9ba1c4aa9a540034d	SEM-4FBFB355269C	IMP-DL-3C59D9EE8B-P087	2	IMP-DL-3C59D9EE8B-P087;IMP-M3-D1A916E0DD-P087	Downloads/theory-of-commutative-algebra-5-professional-v2.tex;MATH_ALLS-3/theory-of-commutative-algebra-5-professional-v2.tex	Downloads;MATH_ALLS-3	PROBLEM_ITEM				NO	NEEDS_EDITORIAL_REVIEW
4fc2d23b16e48e984328da37a1fec30dcd6922d161263f6eb316e4e245b2d5de	SEM-4FC2D23B16E4	IMP-DL-494D52343C-P018	4	IMP-DL-494D52343C-P018;IMP-DL-57AE2A96C2-P018;IMP-M3-53FA653D33-P018;IMP-M3-A9D1475E81-P018	Downloads/theory-of-commutative-algebra-7 - Copy.tex;Downloads/theory-of-commutative-algebra-7.tex;MATH_ALLS-3/theory-of-commutative-algebra-7 - Copy.tex;MATH_ALLS-3/theory-of-commutative-algebra-7.tex	Downloads;MATH_ALLS-3	WORKED_EXAMPLE	B			NO	NEEDS_EDITORIAL_REVIEW
5054d35ac8e9c0eb255fad0029ca5a2d73d07f6b903cba9ef78d8e19dd85ac83	SEM-5054D35AC8E9	IMP-DL-0A9B1F0A75-P001	1	IMP-DL-0A9B1F0A75-P001	Downloads/theory-of-algebraic-geometry-9.tex	Downloads	PROBLEM	statement	IMP-DL-0A9B1F0A75-S001;IMP-DL-0A9B1F0A75-S002;IMP-DL-0A9B1F0A75-S003		YES	NEEDS_EDITORIAL_REVIEW
506d0f1861864e01591ccae8deb5b49907a032c53150bbe83e20d082fecdb03d	SEM-506D0F186186	IMP-DL-18BC6F795C-P035	1	IMP-DL-18BC6F795C-P035	Downloads/theory-of-algebraic-topology-9.tex	Downloads	PROBLEM_ITEM				NO	NEEDS_EDITORIAL_REVIEW
508e43e3e0410232f1495e95801431f1c9993f1f9a7259b8cba598abbc88d357	SEM-508E43E3E041	IMP-DL-14663C23F1-R000543-508E43E3	2	IMP-DL-14663C23F1-R000543-508E43E3;IMP-M2-155017A9AF-R000543-508E43E3	Downloads/theory-of-geometry-III.tex;MATH-ALLS-2/theory-of-geometry-III.tex	Downloads;MATH-ALLS-2	PROBLEM	4	IMP-DL-14663C23F1-S002;IMP-DL-14663C23F1-S003;IMP-M2-155017A9AF-S002;IMP-M2-155017A9AF-S003		YES	NEEDS_EDITORIAL_REVIEW
50998b00adbc0e64fe70c25615bf6b278cff70f159f19aae55592fa61092b2f4	SEM-50998B00ADBC	IMP-DL-A5CEE6E541-PSR004096-50998B00	1	IMP-DL-A5CEE6E541-PSR004096-50998B00	Downloads/theory-of-algebraic-geometry-8.tex	Downloads	EXAMPLE				NO	NEEDS_EDITORIAL_REVIEW
509b88af5248a89e547a3ad81c5c1b5f940d5e05b4e04e218d49091e3687b3c3	SEM-509B88AF5248	IMP-DL-183AD43C4C-R001096-509B88AF	8	IMP-DL-183AD43C4C-R001096-509B88AF;IMP-DL-183AD43C4C-R001284-509B88AF;IMP-DL-20E278E436-R001038-509B88AF;IMP-DL-20E278E436-R001226-509B88AF;IMP-M2-1895C43FC6-R001096-509B88AF;IMP-M2-1895C43FC6-R001284-509B88AF;IMP-M2-50B0B212DD-R001038-509B88AF;IMP-M2-50B0B212DD-R001226-509B88AF	Downloads/merged_exercises_FULL_v2 (1).tex;Downloads/theory-of-real-analysis.tex;MATH-ALLS-2/merged_exercises_FULL_v2 (1).tex;MATH-ALLS-2/theory-of-real-analysis.tex	Downloads;MATH-ALLS-2	EXERCISE	6.1	IMP-DL-183AD43C4C-S026;IMP-DL-183AD43C4C-S032;IMP-DL-20E278E436-S026;IMP-DL-20E278E436-S032;IMP-M2-1895C43FC6-S026;IMP-M2-1895C43FC6-S032;IMP-M2-50B0B212DD-S026;IMP-M2-50B0B212DD-S032		YES	NEEDS_EDITORIAL_REVIEW
50a30f17f75a0162db57ea7311852710313fc6c17b836277b71a0bca53587a1f	SEM-50A30F17F75A	IMP-DL-4DEBE28720-P074	2	IMP-DL-4DEBE28720-P074;IMP-M3-8E395763C8-P074	Downloads/theory-of-commutative-algebra-13.tex;MATH_ALLS-3/theory-of-commutative-algebra-13.tex	Downloads;MATH_ALLS-3	WORKED_EXAMPLE	5			NO	NEEDS_EDITORIAL_REVIEW
50a33187ef0a5f5794421d5587d5b561509c9ba979a4f339efbf4a81aba6d471	SEM-50A33187EF0A	IMP-DL-B7E3C22557-SPR001831-50A33187	1	IMP-DL-B7E3C22557-SPR001831-50A33187	Downloads/theory-of-algebraic-geometry-6.tex	Downloads	EXAMPLE	7.	IMP-DL-B7E3C22557-S003		YES	NEEDS_EDITORIAL_REVIEW
50a9514dbf0b78c9c0f7df66fe9763a095171aa2e2fd71d3255edcf6c755b02f	SEM-50A9514DBF0B	IMP-DL-A99C7658F3-PSR002860-50A9514D	1	IMP-DL-A99C7658F3-PSR002860-50A9514D	Downloads/theory-of-algebraic-geometry-2.tex	Downloads	EXAMPLE	from			NO	NEEDS_EDITORIAL_REVIEW
50b2b7bb6bcb7abbf66e8a171b2384e593352bf1c85dfefeb188af3892f3a2a5	SEM-50B2B7BB6BCB	IMP-DL-8D5CF4CFBA-P041	2	IMP-DL-8D5CF4CFBA-P041;IMP-M3-89937139FC-P041	Downloads/theory-of-linear-algebra-2.tex;MATH_ALLS-3/theory-of-linear-algebra-2.tex	Downloads;MATH_ALLS-3	PROBLEM	13	IMP-DL-8D5CF4CFBA-S051;IMP-M3-89937139FC-S051		YES	NEEDS_EDITORIAL_REVIEW
50c8862b6a7b82a76021e5ef304a6159e663044d763a45c3425425c3d70bded6	SEM-50C8862B6A7B	IMP-DL-0EB9CBD958-P043	2	IMP-DL-0EB9CBD958-P043;IMP-M2-F4C85D52DC-P043	Downloads/theory-of-geometry.tex;MATH-ALLS-2/theory-of-geometry.tex	Downloads;MATH-ALLS-2	PROBLEM_ITEM				NO	NEEDS_EDITORIAL_REVIEW
50c9175f6c9f45a44e301ac6d859fcde4cfd21b4e8d5c26d7048ca4b1c695544	SEM-50C9175F6C9F	IMP-DL-3C59D9EE8B-P113	2	IMP-DL-3C59D9EE8B-P113;IMP-M3-D1A916E0DD-P113	Downloads/theory-of-commutative-algebra-5-professional-v2.tex;MATH_ALLS-3/theory-of-commutative-algebra-5-professional-v2.tex	Downloads;MATH_ALLS-3	PROBLEM_ITEM				NO	NEEDS_EDITORIAL_REVIEW
50d9752ff004fc4ab132722310d3582dcdd3d6f5dacc80f1820052532f3444e7	SEM-50D9752FF004	IMP-DL-A978FB3162-P082	1	IMP-DL-A978FB3162-P082	Downloads/theory-of-algebraic-topology-4.tex	Downloads	WORKED_EXAMPLE	1			NO	NEEDS_EDITORIAL_REVIEW
50ff2d99b2dc5a0740bb23d3494eacda4398015ea59bcd7012ef7ff24bb3afe4	SEM-50FF2D99B2DC	IMP-DL-1608308E70-P011	1	IMP-DL-1608308E70-P011	Downloads/theory-of-algebraic-topology-14.tex	Downloads	WORKED_EXAMPLE	6			NO	NEEDS_EDITORIAL_REVIEW
5106a96091dea593c42c755cb3654f0f2aaeac97e751799d3fe56567c6b60f9b	SEM-5106A96091DE	IMP-DL-2370D81D66-P075	2	IMP-DL-2370D81D66-P075;IMP-M2-D036BAB254-P075	Downloads/theory-of-analysis-FD.tex;MATH-ALLS-2/theory-of-analysis-FD.tex	Downloads;MATH-ALLS-2	WORKED_EXAMPLE	D			NO	NEEDS_EDITORIAL_REVIEW
51081497992e11903e9a9d78d2f5a2056c498f21e1dd63de978d9c590c0e98b5	SEM-51081497992E	IMP-DL-A470D9BACB-P013	2	IMP-DL-A470D9BACB-P013;IMP-M2-2850FB9A8A-P013	Downloads/theory-of-geometry-1.tex;MATH-ALLS-2/theory-of-geometry-1.tex	Downloads;MATH-ALLS-2	PROBLEM_ITEM				NO	NEEDS_EDITORIAL_REVIEW
5165699a915cf83ce3f08aaacbd9bcb0559b32e3acbcd5b04e0afbf51c752cc6	SEM-5165699A915C	IMP-DL-ACE5A65961-P007	2	IMP-DL-ACE5A65961-P007;IMP-M3-251F2514E1-P007	Downloads/theory-of-commutative-algebra-2.tex;MATH_ALLS-3/theory-of-commutative-algebra-2.tex	Downloads;MATH_ALLS-3	PROBLEM	3	IMP-DL-ACE5A65961-S008;IMP-M3-251F2514E1-S008		YES	NEEDS_EDITORIAL_REVIEW
516dcfca326574c85891b743feb63af0ca195f2ef73dfc2df1a205f94870c722	SEM-516DCFCA3265	IMP-DL-0EB9CBD958-P012	2	IMP-DL-0EB9CBD958-P012;IMP-M2-F4C85D52DC-P012	Downloads/theory-of-geometry.tex;MATH-ALLS-2/theory-of-geometry.tex	Downloads;MATH-ALLS-2	PROBLEM_ITEM				NO	NEEDS_EDITORIAL_REVIEW
518143557449607a7f6941d880d1c330fc9aa64ed5d10ea3f7733df0f894f39e	SEM-518143557449	IMP-DL-4DEBE28720-P020	2	IMP-DL-4DEBE28720-P020;IMP-M3-8E395763C8-P020	Downloads/theory-of-commutative-algebra-13.tex;MATH_ALLS-3/theory-of-commutative-algebra-13.tex	Downloads;MATH_ALLS-3	WORKED_EXAMPLE				NO	NEEDS_EDITORIAL_REVIEW
518e6e00525d0863ca9a0e5a95afafa48fb91322c58117e9ed8a4bd43d53e457	SEM-518E6E00525D	IMP-DL-873C6F4098-P027	2	IMP-DL-873C6F4098-P027;IMP-M2-CFC28ED568-P027	Downloads/theory-of-analysis-II.tex;MATH-ALLS-2/theory-of-analysis-II.tex	Downloads;MATH-ALLS-2	PROBLEM	15			NO	NEEDS_EDITORIAL_REVIEW
518fd78ea1e64a51228f714ced4f8418b1b21df2a5d1eaea90be43a7f7bd575e	SEM-518FD78EA1E6	IMP-DL-0EB9CBD958-P013	2	IMP-DL-0EB9CBD958-P013;IMP-M2-F4C85D52DC-P013	Downloads/theory-of-geometry.tex;MATH-ALLS-2/theory-of-geometry.tex	Downloads;MATH-ALLS-2	PROBLEM_ITEM				NO	NEEDS_EDITORIAL_REVIEW
51a1435f19ae03459fab9f54cfd5847b56877c76420fc47d38fb4b431ccf833d	SEM-51A1435F19AE	IMP-DL-1068DBED71-P057	4	IMP-DL-1068DBED71-P057;IMP-DL-CAA415139D-P057;IMP-M3-F4E66B2919-P057;IMP-M3-FCB1647DD6-P057	Downloads/theory-of-commutative-algebra-10.tex;Downloads/theory-of-commutative-algebra-9.tex;MATH_ALLS-3/theory-of-commutative-algebra-10.tex;MATH_ALLS-3/theory-of-commutative-algebra-9.tex	Downloads;MATH_ALLS-3	WORKED_EXAMPLE				NO	NEEDS_EDITORIAL_REVIEW
51b3c84ba2b37f47a06a05bdcbb5ba753337f9604211fc3d67d61684933052ca	SEM-51B3C84BA2B3	IMP-DL-BD3A6D53D0-P027	3	IMP-DL-BD3A6D53D0-P027;IMP-M2-E2BE0561BD-P027;IMP-M3-0F6B7A59EB-P027	Downloads/theory-of-differential-geometry-2.tex;MATH-ALLS-2/theory-of-differential-geometry-2.tex;MATH_ALLS-3/theory-of-differential-geometry-2.tex	Downloads;MATH-ALLS-2;MATH_ALLS-3	PROBLEM	9(b)	IMP-DL-BD3A6D53D0-S026;IMP-M2-E2BE0561BD-S026;IMP-M3-0F6B7A59EB-S026		YES	NEEDS_EDITORIAL_REVIEW
51c57284c4c35ae1047e5af64f2c001d8e58a4f4adaefd6c563a03bda2653840	SEM-51C57284C4C3	IMP-DL-183AD43C4C-R000971-51C57284	4	IMP-DL-183AD43C4C-R000971-51C57284;IMP-DL-20E278E436-R000913-51C57284;IMP-M2-1895C43FC6-R000971-51C57284;IMP-M2-50B0B212DD-R000913-51C57284	Downloads/merged_exercises_FULL_v2 (1).tex;Downloads/theory-of-real-analysis.tex;MATH-ALLS-2/merged_exercises_FULL_v2 (1).tex;MATH-ALLS-2/theory-of-real-analysis.tex	Downloads;MATH-ALLS-2	EXERCISE	5.6	IMP-DL-183AD43C4C-S023;IMP-DL-20E278E436-S023;IMP-M2-1895C43FC6-S023;IMP-M2-50B0B212DD-S023		YES	NEEDS_EDITORIAL_REVIEW
51c64429083aca6d87b7badfe35de012209ced0f9467e2cf00bb1b76ec40035e	SEM-51C64429083A	IMP-DL-0AC5ADA26C-P001	1	IMP-DL-0AC5ADA26C-P001	Downloads/theory-of-algebraic-topology-8.tex	Downloads	WORKED_EXAMPLE	1			NO	NEEDS_EDITORIAL_REVIEW
52113f3badf38ac896b4826453d49b3db9a2bca6b9e09abd374856d01160d0e8	SEM-52113F3BADF3	IMP-DL-EAE0F59552-PSR001859-52113F3B	2	IMP-DL-EAE0F59552-PSR001859-52113F3B;IMP-M2-7EA9DA1D72-PSR001859-52113F3B	Downloads/theory-of-analysis-topology.tex;MATH-ALLS-2/theory-of-analysis-topology.tex	Downloads;MATH-ALLS-2	PROBLEM				NO	NEEDS_EDITORIAL_REVIEW
522d9b7d26d1a9fa539cce9da0f8af6f13c64674535e0bdd0d812370465b53a1	SEM-522D9B7D26D1	IMP-DL-3C59D9EE8B-P012	2	IMP-DL-3C59D9EE8B-P012;IMP-M3-D1A916E0DD-P012	Downloads/theory-of-commutative-algebra-5-professional-v2.tex;MATH_ALLS-3/theory-of-commutative-algebra-5-professional-v2.tex	Downloads;MATH_ALLS-3	PROBLEM_ITEM				NO	NEEDS_EDITORIAL_REVIEW
5231528c993f633bf303f7c9b4059c0795e0e8c75c63b768d185036aef2d7908	SEM-5231528C993F	IMP-DL-11EDF39EA7-P002	2	IMP-DL-11EDF39EA7-P002;IMP-M2-68556E3D88-P002	Downloads/theory-of-analysis-FD2.tex;MATH-ALLS-2/theory-of-analysis-FD2.tex	Downloads;MATH-ALLS-2	WORKED_EXAMPLE	B			NO	NEEDS_EDITORIAL_REVIEW
526a38ff40c660037d23fb59714e1d673e458c783142f90241a008ef7f522025	SEM-526A38FF40C6	IMP-DL-117191C0EC-P054	2	IMP-DL-117191C0EC-P054;IMP-M2-40A546CAA2-P054	Downloads/theory-of-analysis-topics.tex;MATH-ALLS-2/theory-of-analysis-topics.tex	Downloads;MATH-ALLS-2	PROBLEM	2	IMP-DL-117191C0EC-S025;IMP-M2-40A546CAA2-S025		YES	NEEDS_EDITORIAL_REVIEW
528a4c04e5aed5232792f746124e99a5e6a9ead62312d3c0e29fff5d1709ae1c	SEM-528A4C04E5AE	IMP-DL-316AE183C3-P059	2	IMP-DL-316AE183C3-P059;IMP-M2-303BB87ACE-P059	Downloads/theory-of-analysis-functions.tex;MATH-ALLS-2/theory-of-analysis-functions.tex	Downloads;MATH-ALLS-2	EXERCISE_ITEM				NO	NEEDS_EDITORIAL_REVIEW
528b09206269125477edeb229c777bb3538af0442d6f25946a4798b00decbea3	SEM-528B09206269	IMP-DL-BD3A6D53D0-P006	3	IMP-DL-BD3A6D53D0-P006;IMP-M2-E2BE0561BD-P006;IMP-M3-0F6B7A59EB-P006	Downloads/theory-of-differential-geometry-2.tex;MATH-ALLS-2/theory-of-differential-geometry-2.tex;MATH_ALLS-3/theory-of-differential-geometry-2.tex	Downloads;MATH-ALLS-2;MATH_ALLS-3	PROBLEM	2.	IMP-DL-BD3A6D53D0-S006;IMP-M2-E2BE0561BD-S006;IMP-M3-0F6B7A59EB-S006		YES	NEEDS_EDITORIAL_REVIEW
529296ce6ecb21d3ca12bcb797b6658657472cc6497184f3aa11c4507348706b	SEM-529296CE6ECB	IMP-DL-0AC5ADA26C-P020	1	IMP-DL-0AC5ADA26C-P020	Downloads/theory-of-algebraic-topology-8.tex	Downloads	WORKED_EXAMPLE	1			NO	NEEDS_EDITORIAL_REVIEW
52cc7610cae57f2e5a4ec63f62bbb4bf44d855a2e2bacac5b914640474ca3d0b	SEM-52CC7610CAE5	IMP-DL-7A55205E2C-P003	2	IMP-DL-7A55205E2C-P003;IMP-M2-2D41E1011A-P003	Downloads/theory-of-geometry-4.tex;MATH-ALLS-2/theory-of-geometry-4.tex	Downloads;MATH-ALLS-2	PROBLEM	3	IMP-DL-7A55205E2C-S003;IMP-M2-2D41E1011A-S003		YES	NEEDS_EDITORIAL_REVIEW
52e2d5ccf36533c2c8d9a93391189f0cb433715782c10784d2d9946241ad4959	SEM-52E2D5CCF365	IMP-DL-3E276561C4-R000260-52E2D5CC	4	IMP-DL-3E276561C4-R000260-52E2D5CC;IMP-DL-7AFEF11659-R000258-52E2D5CC;IMP-M3-AB2FCA292B-R000260-52E2D5CC;IMP-M3-AC7E1F63D1-R000258-52E2D5CC	Downloads/theory-of-differential-geometry-3.tex;Downloads/theory-of-linear-algebra-1.tex;MATH_ALLS-3/theory-of-differential-geometry-3.tex;MATH_ALLS-3/theory-of-linear-algebra-1.tex	Downloads;MATH_ALLS-3	PROBLEM	1	IMP-DL-3E276561C4-S001;IMP-DL-7AFEF11659-S001;IMP-M3-AB2FCA292B-S001;IMP-M3-AC7E1F63D1-S001		YES	NEEDS_EDITORIAL_REVIEW
5337c8eb3af606831615132c4e213e9445232a54eecc57a5e300c8b365323aa9	SEM-5337C8EB3AF6	IMP-DL-0EB9CBD958-P078	2	IMP-DL-0EB9CBD958-P078;IMP-M2-F4C85D52DC-P078	Downloads/theory-of-geometry.tex;MATH-ALLS-2/theory-of-geometry.tex	Downloads;MATH-ALLS-2	PROBLEM_ITEM				NO	NEEDS_EDITORIAL_REVIEW
536d713dcde8ee1e3f683db3c6e6690cc914a312ab3910526f91aceda7cd4558	SEM-536D713DCDE8	IMP-DL-98972A6B93-P002	2	IMP-DL-98972A6B93-P002;IMP-M2-355EA0996F-P002	Downloads/theory-of-geometry-II.tex;MATH-ALLS-2/theory-of-geometry-II.tex	Downloads;MATH-ALLS-2	PROBLEM	5			NO	NEEDS_EDITORIAL_REVIEW
53739983778421baf2f523a68f8dcf567c79db75175da5ddbb51347edfd25f3c	SEM-537399837784	IMP-DL-A978FB3162-P030	1	IMP-DL-A978FB3162-P030	Downloads/theory-of-algebraic-topology-4.tex	Downloads	PROBLEM_ITEM				NO	NEEDS_EDITORIAL_REVIEW
539bd4c5baef0eca160fcf75bba0169d5da741a225483bd08b9793ee96392335	SEM-539BD4C5BAEF	IMP-DL-0EB9CBD958-P037	2	IMP-DL-0EB9CBD958-P037;IMP-M2-F4C85D52DC-P037	Downloads/theory-of-geometry.tex;MATH-ALLS-2/theory-of-geometry.tex	Downloads;MATH-ALLS-2	PROBLEM	E1	IMP-DL-0EB9CBD958-S014;IMP-M2-F4C85D52DC-S014		YES	NEEDS_EDITORIAL_REVIEW
53b259ab7523ce8e67088fb966cee2e0ef5ade81daa768d1e0df65d5044750a9	SEM-53B259AB7523	IMP-DL-316AE183C3-P038	2	IMP-DL-316AE183C3-P038;IMP-M2-303BB87ACE-P038	Downloads/theory-of-analysis-functions.tex;MATH-ALLS-2/theory-of-analysis-functions.tex	Downloads;MATH-ALLS-2	EXERCISE_ITEM				NO	NEEDS_EDITORIAL_REVIEW
53b4c59d18a4cf6370c0bd44d070fcf510ed1260434ce5c5f6ad116d6995f37e	SEM-53B4C59D18A4	IMP-DL-336732908A-P007	2	IMP-DL-336732908A-P007;IMP-M2-805F474A19-P007	Downloads/theory-of-complex-analysis-next.tex;MATH-ALLS-2/theory-of-complex-analysis-next.tex	Downloads;MATH-ALLS-2	WORKED_EXAMPLE	3			NO	NEEDS_EDITORIAL_REVIEW
53ce02ffe04bbe591b3609d66e0fd9d2dd1cfbe6b83c3d5527afd064579577c2	SEM-53CE02FFE04B	IMP-DL-8016517B0A-P028	3	IMP-DL-8016517B0A-P028;IMP-M2-2B58694CBF-P028;IMP-M3-911366A7C5-P028	Downloads/theory-of-differential-geometry-1.tex;MATH-ALLS-2/theory-of-differential-geometry-1.tex;MATH_ALLS-3/theory-of-differential-geometry-1.tex	Downloads;MATH-ALLS-2;MATH_ALLS-3	PROBLEM	5			NO	NEEDS_EDITORIAL_REVIEW
53e4bbec3c5cfca15057fb4de47632c2400603f59b8ffeeead8bef61c8455ddb	SEM-53E4BBEC3C5C	IMP-DL-11EDF39EA7-P003	2	IMP-DL-11EDF39EA7-P003;IMP-M2-68556E3D88-P003	Downloads/theory-of-analysis-FD2.tex;MATH-ALLS-2/theory-of-analysis-FD2.tex	Downloads;MATH-ALLS-2	WORKED_EXAMPLE	C			NO	NEEDS_EDITORIAL_REVIEW
53f5a3e303f40daeb30ab06169d028c3d460cef883735e32143a52898bf0e32d	SEM-53F5A3E303F4	IMP-DL-117191C0EC-P031	2	IMP-DL-117191C0EC-P031;IMP-M2-40A546CAA2-P031	Downloads/theory-of-analysis-topics.tex;MATH-ALLS-2/theory-of-analysis-topics.tex	Downloads;MATH-ALLS-2	PROBLEM	2	IMP-DL-117191C0EC-S020;IMP-M2-40A546CAA2-S020		YES	NEEDS_EDITORIAL_REVIEW
542a6e1fa57960048f38682adc24c65ae1a2fdfdcd094ee45ed470a55c36d790	SEM-542A6E1FA579	IMP-DL-12C1A20716-P011	1	IMP-DL-12C1A20716-P011	Downloads/theory-of-algebraic-topology-10.tex	Downloads	PROBLEM_ITEM				NO	NEEDS_EDITORIAL_REVIEW
5434ec9525b5ac643434fd9a8f0d6a88cef78912667e29fa7e229b304ff2b31d	SEM-5434EC9525B5	IMP-DL-3CA1CB77F7-P045	4	IMP-DL-3CA1CB77F7-P045;IMP-DL-3CA1CB77F7-R004947-5434EC95;IMP-M2-F08D4144EA-P045;IMP-M2-F08D4144EA-R004947-5434EC95	Downloads/theory-of-analysis-numbers.tex;MATH-ALLS-2/theory-of-analysis-numbers.tex	Downloads;MATH-ALLS-2	EXERCISE		IMP-DL-3CA1CB77F7-S021;IMP-M2-F08D4144EA-S021		YES	NEEDS_EDITORIAL_REVIEW
545a55f64703bb924dba95b3965b93d4ba8b249666f1b03724189e97120b775a	SEM-545A55F64703	IMP-DL-1068DBED71-P010	4	IMP-DL-1068DBED71-P010;IMP-DL-CAA415139D-P010;IMP-M3-F4E66B2919-P010;IMP-M3-FCB1647DD6-P010	Downloads/theory-of-commutative-algebra-10.tex;Downloads/theory-of-commutative-algebra-9.tex;MATH_ALLS-3/theory-of-commutative-algebra-10.tex;MATH_ALLS-3/theory-of-commutative-algebra-9.tex	Downloads;MATH_ALLS-3	WORKED_EXAMPLE				NO	NEEDS_EDITORIAL_REVIEW
545c2a1774fed92fcd189fb2d8d90326d49dc088a50937c9df463670cc06af68	SEM-545C2A1774FE	IMP-DL-3E276561C4-P002	2	IMP-DL-3E276561C4-P002;IMP-M3-AB2FCA292B-P002	Downloads/theory-of-linear-algebra-1.tex;MATH_ALLS-3/theory-of-linear-algebra-1.tex	Downloads;MATH_ALLS-3	PROBLEM	1	IMP-DL-3E276561C4-S013;IMP-M3-AB2FCA292B-S013		YES	NEEDS_EDITORIAL_REVIEW
547746e2b32d9b04a7266c0ac43cacc93bd41a0cc6ebd59d7530703f7e9e799a	SEM-547746E2B32D	IMP-DL-D6E9B3BC73-R001105-547746E2	2	IMP-DL-D6E9B3BC73-R001105-547746E2;IMP-M3-422B74F85F-R001102-547746E2	Downloads/theory-of-algebraic-topology-1.tex;MATH_ALLS-3/theory-of-algebraic-topology-1.tex	Downloads;MATH_ALLS-3	PROBLEM	3			NO	NEEDS_EDITORIAL_REVIEW
54a4a7c021f2f31d852c6026828bb1aa605436a48475a5f3b4c2a4a2d1dccec1	SEM-54A4A7C021F2	IMP-DL-316AE183C3-P041	2	IMP-DL-316AE183C3-P041;IMP-M2-303BB87ACE-P041	Downloads/theory-of-analysis-functions.tex;MATH-ALLS-2/theory-of-analysis-functions.tex	Downloads;MATH-ALLS-2	EXERCISE_ITEM				NO	NEEDS_EDITORIAL_REVIEW
54ea0f3d4474f0a43c5fc92f05c138d177885543b368ac9bfff949135cf79977	SEM-54EA0F3D4474	IMP-DL-D27460A55B-P001	1	IMP-DL-D27460A55B-P001	Downloads/theory-of-algebraic-geometry-5.tex	Downloads	PROBLEM	2	IMP-DL-D27460A55B-S001		YES	NEEDS_EDITORIAL_REVIEW
5528590ddf809869f03b48f5651f4e72212694ef319dca3c50054f0771249be2	SEM-5528590DDF80	IMP-DL-890EB1F6EA-P018	2	IMP-DL-890EB1F6EA-P018;IMP-M2-6D7FCEA253-P018	Downloads/merged_exercises_FULL_v2.tex;MATH-ALLS-2/merged_exercises_FULL_v2.tex	Downloads;MATH-ALLS-2	EXERCISE	3.4	IMP-DL-890EB1F6EA-S001;IMP-M2-6D7FCEA253-S001		YES	NEEDS_EDITORIAL_REVIEW
553722dd094a516481782712cd857d033e37db520042ae6c31706ebcb547cc0c	SEM-553722DD094A	IMP-DL-E0B80C696E-P006	1	IMP-DL-E0B80C696E-P006	Downloads/theory-of-algebraic-topology-7.tex	Downloads	WORKED_EXAMPLE				NO	NEEDS_EDITORIAL_REVIEW
5538b250888d2ac397c0bf35139be6ef5fee2de4b53ebecb9ce5d727ff5b6cba	SEM-5538B250888D	IMP-DL-12C1A20716-P036	1	IMP-DL-12C1A20716-P036	Downloads/theory-of-algebraic-topology-10.tex	Downloads	PROBLEM	15.	IMP-DL-12C1A20716-S011		YES	NEEDS_EDITORIAL_REVIEW
553c003748b221ed8f4bf9c3c8cac3c1ec7d5295fc8d1de8e0f6efb29d9e6a1a	SEM-553C003748B2	IMP-DL-4DEBE28720-P035	2	IMP-DL-4DEBE28720-P035;IMP-M3-8E395763C8-P035	Downloads/theory-of-commutative-algebra-13.tex;MATH_ALLS-3/theory-of-commutative-algebra-13.tex	Downloads;MATH_ALLS-3	WORKED_EXAMPLE				NO	NEEDS_EDITORIAL_REVIEW
558e72bc50afb5ffd9a75b05b12bdbf7ea63d3cb88d5634eeeb26aaab11821e9	SEM-558E72BC50AF	IMP-DL-40C58AD550-P005	1	IMP-DL-40C58AD550-P005	Downloads/theory-of-algebraic-geometry-4.tex	Downloads	WORKED_EXAMPLE				NO	NEEDS_EDITORIAL_REVIEW
55a67c0856330bf07cfcdc5466599cc04ce10ce8913993c5a28d0412c4f4474a	SEM-55A67C085633	IMP-DL-3C59D9EE8B-P009	2	IMP-DL-3C59D9EE8B-P009;IMP-M3-D1A916E0DD-P009	Downloads/theory-of-commutative-algebra-5-professional-v2.tex;MATH_ALLS-3/theory-of-commutative-algebra-5-professional-v2.tex	Downloads;MATH_ALLS-3	PROBLEM_ITEM				NO	NEEDS_EDITORIAL_REVIEW
55ae026b26d1af6f97360100c4d6bec7ec4564b24a536de8d1f36e68361c45d0	SEM-55AE026B26D1	IMP-DL-3CA1CB77F7-P040	4	IMP-DL-3CA1CB77F7-P040;IMP-DL-3CA1CB77F7-R004712-55AE026B;IMP-M2-F08D4144EA-P040;IMP-M2-F08D4144EA-R004712-55AE026B	Downloads/theory-of-analysis-numbers.tex;MATH-ALLS-2/theory-of-analysis-numbers.tex	Downloads;MATH-ALLS-2	EXAMPLE;WORKED_EXAMPLE	100			NO	NEEDS_EDITORIAL_REVIEW
55c225fa399e4444f74f6d482ffd4e2ba1588b22d1fe0f23cefa95e6c869e89a	SEM-55C225FA399E	IMP-DL-D4351A3BBD-P012	2	IMP-DL-D4351A3BBD-P012;IMP-M2-721AD91C7F-P012	Downloads/theory-of-geometry-IV.tex;MATH-ALLS-2/theory-of-geometry-IV.tex	Downloads;MATH-ALLS-2	PROBLEM_ITEM				NO	NEEDS_EDITORIAL_REVIEW
55c3a9f10f91b65f29808c83994f295f6dfdcdafd71034c5f99c123f9f3a4372	SEM-55C3A9F10F91	IMP-DL-D18914CBBD-P010	2	IMP-DL-D18914CBBD-P010;IMP-M3-78B3C1B707-P010	Downloads/theory-of-commutative-algebra-11.tex;MATH_ALLS-3/theory-of-commutative-algebra-11.tex	Downloads;MATH_ALLS-3	WORKED_EXAMPLE	10			NO	NEEDS_EDITORIAL_REVIEW
55f0c77615610e89959cbb446a5416771b23be7a8f68851ce27eccb801256cf0	SEM-55F0C7761561	IMP-DL-D18914CBBD-P040	2	IMP-DL-D18914CBBD-P040;IMP-M3-78B3C1B707-P040	Downloads/theory-of-commutative-algebra-11.tex;MATH_ALLS-3/theory-of-commutative-algebra-11.tex	Downloads;MATH_ALLS-3	WORKED_EXAMPLE	6			NO	NEEDS_EDITORIAL_REVIEW
55f3b5912f907967b24704288b284e01f5afaf9494741af8dc0ad0714c7c9e94	SEM-55F3B5912F90	IMP-DL-721195CCB5-PSR002983-55F3B591	1	IMP-DL-721195CCB5-PSR002983-55F3B591	Downloads/theory-of-algebraic-geometry-11.tex	Downloads	EXAMPLE	11			NO	NEEDS_EDITORIAL_REVIEW
5605b9906e338a390a67d7922af9e37e70573d166ec9093fba2b8de62cb446ca	SEM-5605B9906E33	IMP-DL-3C59D9EE8B-P005	6	IMP-DL-3C59D9EE8B-P005;IMP-DL-40E9B7EE44-P005;IMP-DL-E1F1BB4192-P005;IMP-M3-0D398C7F27-P005;IMP-M3-17140B7F4C-P005;IMP-M3-D1A916E0DD-P005	Downloads/theory-of-commutative-algebra-5-professional-v2.tex;Downloads/theory-of-commutative-algebra-5-professional.tex;Downloads/theory-of-commutative-algebra-5.tex;MATH_ALLS-3/theory-of-commutative-algebra-5-professional-v2.tex;MATH_ALLS-3/theory-of-commutative-algebra-5-professional.tex;MATH_ALLS-3/theory-of-commutative-algebra-5.tex	Downloads;MATH_ALLS-3	PROBLEM	7	IMP-DL-3C59D9EE8B-S009;IMP-DL-40E9B7EE44-S009;IMP-DL-E1F1BB4192-S009;IMP-M3-0D398C7F27-S009;IMP-M3-17140B7F4C-S009;IMP-M3-D1A916E0DD-S009		YES	NEEDS_EDITORIAL_REVIEW
5612f61400c86e22f1aa1bc413af4605807fa665957d895a5f189358610c54e6	SEM-5612F61400C8	IMP-DL-4DEBE28720-P034	2	IMP-DL-4DEBE28720-P034;IMP-M3-8E395763C8-P034	Downloads/theory-of-commutative-algebra-13.tex;MATH_ALLS-3/theory-of-commutative-algebra-13.tex	Downloads;MATH_ALLS-3	WORKED_EXAMPLE	in			NO	NEEDS_EDITORIAL_REVIEW
562e4b06ad6cd48490be3e4f989b238e4cddae495419f5ef3d0abb1bdeefd234	SEM-562E4B06AD6C	IMP-DL-0EB9CBD958-P070	2	IMP-DL-0EB9CBD958-P070;IMP-M2-F4C85D52DC-P070	Downloads/theory-of-geometry.tex;MATH-ALLS-2/theory-of-geometry.tex	Downloads;MATH-ALLS-2	PROBLEM_ITEM				NO	NEEDS_EDITORIAL_REVIEW
563be0e0504bc0b7a19678be73a79e607e2f08d7b9778a512e35d57c0a21661f	SEM-563BE0E0504B	IMP-DL-8D5CF4CFBA-PSR000972-563BE0E0	2	IMP-DL-8D5CF4CFBA-PSR000972-563BE0E0;IMP-M3-89937139FC-PSR000972-563BE0E0	Downloads/theory-of-linear-algebra-2.tex;MATH_ALLS-3/theory-of-linear-algebra-2.tex	Downloads;MATH_ALLS-3	PROBLEM	12	IMP-DL-8D5CF4CFBA-S012;IMP-M3-89937139FC-S012		YES	NEEDS_EDITORIAL_REVIEW
5650c91d5e264baa093030b504a3a99ae3e963afbb9341cc8b8a05182718ed56	SEM-5650C91D5E26	IMP-DL-067214B351-P001	1	IMP-DL-067214B351-P001	Downloads/theory-of-algebraic-topology-15.tex	Downloads	PROBLEM	1	IMP-DL-067214B351-S001		YES	NEEDS_EDITORIAL_REVIEW
5677ecc2120a59f02cc8a52983153b67a39fdec62e99ddd4710d17b20fdeeeeb	SEM-5677ECC2120A	IMP-DL-2370D81D66-P065	2	IMP-DL-2370D81D66-P065;IMP-M2-D036BAB254-P065	Downloads/theory-of-analysis-FD.tex;MATH-ALLS-2/theory-of-analysis-FD.tex	Downloads;MATH-ALLS-2	EXERCISE_ITEM				NO	NEEDS_EDITORIAL_REVIEW
5685a41d6101740cf01e0c0b062853fd72313d691eaf90a3c16672aa8bc0fa79	SEM-5685A41D6101	IMP-DL-E12021E60A-P006	1	IMP-DL-E12021E60A-P006	Downloads/theory-of-algebraic-topology-17.tex	Downloads	WORKED_EXAMPLE	8.4			NO	NEEDS_EDITORIAL_REVIEW
5699c084c7c986b2d9e4476f29c64f1458edb007b3013e35fa528825e7a52c9d	SEM-5699C084C7C9	IMP-DL-4DEBE28720-P076	2	IMP-DL-4DEBE28720-P076;IMP-M3-8E395763C8-P076	Downloads/theory-of-commutative-algebra-13.tex;MATH_ALLS-3/theory-of-commutative-algebra-13.tex	Downloads;MATH_ALLS-3	WORKED_EXAMPLE	7			NO	NEEDS_EDITORIAL_REVIEW
56a0f0c18cbd19ff0ad85798141db947eb105b13213e6f74f0a22fb483821b89	SEM-56A0F0C18CBD	IMP-DL-183AD43C4C-R000904-56A0F0C1	4	IMP-DL-183AD43C4C-R000904-56A0F0C1;IMP-DL-20E278E436-R000846-56A0F0C1;IMP-M2-1895C43FC6-R000904-56A0F0C1;IMP-M2-50B0B212DD-R000846-56A0F0C1	Downloads/merged_exercises_FULL_v2 (1).tex;Downloads/theory-of-real-analysis.tex;MATH-ALLS-2/merged_exercises_FULL_v2 (1).tex;MATH-ALLS-2/theory-of-real-analysis.tex	Downloads;MATH-ALLS-2	EXERCISE	5.5	IMP-DL-183AD43C4C-S022;IMP-DL-20E278E436-S022;IMP-M2-1895C43FC6-S022;IMP-M2-50B0B212DD-S022		YES	NEEDS_EDITORIAL_REVIEW
56aa8360ffb24c2610677994e3523dbaee6f88c35318862b4ac96c8d5af391df	SEM-56AA8360FFB2	IMP-DL-2E134BF207-P051	1	IMP-DL-2E134BF207-P051	Downloads/theory-of-algebraic-topology-5.tex	Downloads	PROBLEM_ITEM				NO	NEEDS_EDITORIAL_REVIEW
56ff06a5d6569f634d54daca17d9c6130ebc6dc0afe8bdf2a87e8695ba588a36	SEM-56FF06A5D656	IMP-DL-31FF76D7B8-PSR002633-56FF06A5	1	IMP-DL-31FF76D7B8-PSR002633-56FF06A5	Downloads/theory-of-algebraic-topology-16.tex	Downloads	PROBLEM				NO	NEEDS_EDITORIAL_REVIEW
5729ecc1e20e42db1e51818264d740569a675baee3383969476e8556f9102a17	SEM-5729ECC1E20E	IMP-DL-38CE6DEB56-P034	2	IMP-DL-38CE6DEB56-P034;IMP-M3-D19BB3C803-P034	Downloads/theory-of-commutative-algebra-14.tex;MATH_ALLS-3/theory-of-commutative-algebra-14.tex	Downloads;MATH_ALLS-3	EXERCISE	2	IMP-DL-38CE6DEB56-S002;IMP-M3-D19BB3C803-S002		YES	NEEDS_EDITORIAL_REVIEW
5750de279c5ce421d648097f2460521ce324dac3c5b845deaac8cd3d7c422c0a	SEM-5750DE279C5C	IMP-DL-3E276561C4-P014	2	IMP-DL-3E276561C4-P014;IMP-M3-AB2FCA292B-P014	Downloads/theory-of-linear-algebra-1.tex;MATH_ALLS-3/theory-of-linear-algebra-1.tex	Downloads;MATH_ALLS-3	PROBLEM	4	IMP-DL-3E276561C4-S028;IMP-M3-AB2FCA292B-S028		YES	NEEDS_EDITORIAL_REVIEW
575de46e90e587725af504d64f5d6a77d94fb511a9a65df5243e0e61f6cddc76	SEM-575DE46E90E5	IMP-DL-3C59D9EE8B-P125	2	IMP-DL-3C59D9EE8B-P125;IMP-M3-D1A916E0DD-P125	Downloads/theory-of-commutative-algebra-5-professional-v2.tex;MATH_ALLS-3/theory-of-commutative-algebra-5-professional-v2.tex	Downloads;MATH_ALLS-3	PROBLEM_ITEM				NO	NEEDS_EDITORIAL_REVIEW
575f884c1d0affcd889591fcf990c21a1f699123dbcd3510d3744366d19ec040	SEM-575F884C1D0A	IMP-DL-D6E9B3BC73-P032	2	IMP-DL-D6E9B3BC73-P032;IMP-M3-422B74F85F-P032	Downloads/theory-of-algebraic-topology-1.tex;MATH_ALLS-3/theory-of-algebraic-topology-1.tex	Downloads;MATH_ALLS-3	PROBLEM	3			NO	NEEDS_EDITORIAL_REVIEW
5780c82e8f07afa0846537712523c724dcbc0ee48dce6e4ea7e6be8a7729eaa4	SEM-5780C82E8F07	IMP-DL-0EB9CBD958-P021	2	IMP-DL-0EB9CBD958-P021;IMP-M2-F4C85D52DC-P021	Downloads/theory-of-geometry.tex;MATH-ALLS-2/theory-of-geometry.tex	Downloads;MATH-ALLS-2	PROBLEM_ITEM				NO	NEEDS_EDITORIAL_REVIEW
5782dd1f97a1d68ba84b3f0861c429d3c93d7ce635335df6ec38710ba8fa583b	SEM-5782DD1F97A1	IMP-DL-2B81C66D0F-R000819-5782DD1F	2	IMP-DL-2B81C66D0F-R000819-5782DD1F;IMP-M3-84A516D889-R000811-5782DD1F	Downloads/theory-of-algebraic-topology-2.tex;MATH_ALLS-3/theory-of-algebraic-topology-2.tex	Downloads;MATH_ALLS-3	EXAMPLE	4			NO	NEEDS_EDITORIAL_REVIEW
57bd00fe7709b738725f59ceb7a9c9dd85cfda87c09a460f85db72a18c550020	SEM-57BD00FE7709	IMP-DL-316AE183C3-P031	2	IMP-DL-316AE183C3-P031;IMP-M2-303BB87ACE-P031	Downloads/theory-of-analysis-functions.tex;MATH-ALLS-2/theory-of-analysis-functions.tex	Downloads;MATH-ALLS-2	EXERCISE_ITEM				NO	NEEDS_EDITORIAL_REVIEW
57c772718482d5f49c5705dc1112eb8860674a54ff8d94d9b9743d9129ab923b	SEM-57C772718482	IMP-DL-4DEBE28720-P057	2	IMP-DL-4DEBE28720-P057;IMP-M3-8E395763C8-P057	Downloads/theory-of-commutative-algebra-13.tex;MATH_ALLS-3/theory-of-commutative-algebra-13.tex	Downloads;MATH_ALLS-3	EXERCISE_ITEM				NO	NEEDS_EDITORIAL_REVIEW
57f4c21c4804c3a4ef4063d1fea89474cb0810a581c55bf8eedffe2b35845521	SEM-57F4C21C4804	IMP-DL-6447F1B120-R001975-57F4C21C	1	IMP-DL-6447F1B120-R001975-57F4C21C	Downloads/theory-of-algebraic-topology-11.tex	Downloads	EXAMPLE	3			NO	NEEDS_EDITORIAL_REVIEW
57fe18e8a9259cd6c4bf6cd6ceaf4d1554354077686e7b6d6fb08980f8d01146	SEM-57FE18E8A925	IMP-DL-316AE183C3-P007	2	IMP-DL-316AE183C3-P007;IMP-M2-303BB87ACE-P007	Downloads/theory-of-analysis-functions.tex;MATH-ALLS-2/theory-of-analysis-functions.tex	Downloads;MATH-ALLS-2	WORKED_EXAMPLE				NO	NEEDS_EDITORIAL_REVIEW
585dbec84c4ddb0055bb71f2277cffce82ae09c169385c6d9f9d196a643a5bd6	SEM-585DBEC84C4D	IMP-DL-2370D81D66-P072	2	IMP-DL-2370D81D66-P072;IMP-M2-D036BAB254-P072	Downloads/theory-of-analysis-FD.tex;MATH-ALLS-2/theory-of-analysis-FD.tex	Downloads;MATH-ALLS-2	PROOF_EXERCISE_CANDIDATE				NO	NEEDS_EDITORIAL_REVIEW
5865a67c832e2aec19fd9da247b1ace6c90760996726475a6c22cad2e237c882	SEM-5865A67C832E	IMP-DL-BD3A6D53D0-P015	3	IMP-DL-BD3A6D53D0-P015;IMP-M2-E2BE0561BD-P015;IMP-M3-0F6B7A59EB-P015	Downloads/theory-of-differential-geometry-2.tex;MATH-ALLS-2/theory-of-differential-geometry-2.tex;MATH_ALLS-3/theory-of-differential-geometry-2.tex	Downloads;MATH-ALLS-2;MATH_ALLS-3	PROBLEM	11	IMP-DL-BD3A6D53D0-S015;IMP-M2-E2BE0561BD-S015;IMP-M3-0F6B7A59EB-S015		YES	NEEDS_EDITORIAL_REVIEW
5883c9933a13acaee89bf3e05a4fe72ef929bd36c90ea41936af65871a1751c2	SEM-5883C9933A13	IMP-DL-14663C23F1-P010	2	IMP-DL-14663C23F1-P010;IMP-M2-155017A9AF-P010	Downloads/theory-of-geometry-III.tex;MATH-ALLS-2/theory-of-geometry-III.tex	Downloads;MATH-ALLS-2	PROBLEM_ITEM				NO	NEEDS_EDITORIAL_REVIEW
58b060b7c41eef3e55da6dba0d1d5bb24f6e22701a04437822c0cbcf53fbfc81	SEM-58B060B7C41E	IMP-DL-C78B44C750-P006	2	IMP-DL-C78B44C750-P006;IMP-M2-48626BD8F1-P006	Downloads/wiki-green.tex;MATH-ALLS-2/wiki-green.tex	Downloads;MATH-ALLS-2	WORKED_EXAMPLE				NO	NEEDS_EDITORIAL_REVIEW
58e88c11b19d4df4a335a416fc72b4984dd18224e24c890566781b9ac8c91a94	SEM-58E88C11B19D	IMP-DL-A5CEE6E541-P001	1	IMP-DL-A5CEE6E541-P001	Downloads/theory-of-algebraic-geometry-8.tex	Downloads	PROBLEM	1	IMP-DL-A5CEE6E541-S001		YES	NEEDS_EDITORIAL_REVIEW
58ee4bef8fa59fee51dd0cbfd004258c940cc9c5cd6fbe0ba223d8a487f73bbd	SEM-58EE4BEF8FA5	IMP-DL-873C6F4098-P017	2	IMP-DL-873C6F4098-P017;IMP-M2-CFC28ED568-P017	Downloads/theory-of-analysis-II.tex;MATH-ALLS-2/theory-of-analysis-II.tex	Downloads;MATH-ALLS-2	PROBLEM	11	IMP-DL-873C6F4098-S006;IMP-M2-CFC28ED568-S006		YES	NEEDS_EDITORIAL_REVIEW
58ee7f0d0da6e6ecbcb2588944156c034b43e06bbbbce0e68f917491735fe558	SEM-58EE7F0D0DA6	IMP-DL-D18914CBBD-P066	2	IMP-DL-D18914CBBD-P066;IMP-M3-78B3C1B707-P066	Downloads/theory-of-commutative-algebra-11.tex;MATH_ALLS-3/theory-of-commutative-algebra-11.tex	Downloads;MATH_ALLS-3	WORKED_EXAMPLE	9			NO	NEEDS_EDITORIAL_REVIEW
58f5bf7df75dc8248dbc238d4467d0064ccedbb38a9ecd58a004160302508d39	SEM-58F5BF7DF75D	IMP-DL-BD3A6D53D0-P031	3	IMP-DL-BD3A6D53D0-P031;IMP-M2-E2BE0561BD-P031;IMP-M3-0F6B7A59EB-P031	Downloads/theory-of-differential-geometry-2.tex;MATH-ALLS-2/theory-of-differential-geometry-2.tex;MATH_ALLS-3/theory-of-differential-geometry-2.tex	Downloads;MATH-ALLS-2;MATH_ALLS-3	PROBLEM	11	IMP-DL-BD3A6D53D0-S028;IMP-M2-E2BE0561BD-S028;IMP-M3-0F6B7A59EB-S028		YES	NEEDS_EDITORIAL_REVIEW
5906807b0133d05fe9c20467a211b237ca6519de14a275a2b833579eba47988a	SEM-5906807B0133	IMP-DL-BD3A6D53D0-P021	3	IMP-DL-BD3A6D53D0-P021;IMP-M2-E2BE0561BD-P021;IMP-M3-0F6B7A59EB-P021	Downloads/theory-of-differential-geometry-2.tex;MATH-ALLS-2/theory-of-differential-geometry-2.tex;MATH_ALLS-3/theory-of-differential-geometry-2.tex	Downloads;MATH-ALLS-2;MATH_ALLS-3	PROBLEM	6	IMP-DL-BD3A6D53D0-S021;IMP-M2-E2BE0561BD-S021;IMP-M3-0F6B7A59EB-S021		YES	NEEDS_EDITORIAL_REVIEW
591119707aeff23dd6a4d66725468c0c0ec3055452be62fa41d0c477e8c16dca	SEM-591119707AEF	IMP-DL-592BD0798C-P028	2	IMP-DL-592BD0798C-P028;IMP-M3-1FB8799CDC-P028	Downloads/theory-of-commutative-algebra-8.tex;MATH_ALLS-3/theory-of-commutative-algebra-8.tex	Downloads;MATH_ALLS-3	WORKED_EXAMPLE	3			NO	NEEDS_EDITORIAL_REVIEW
59318d8eafba590ec744fb86bcc770d7013514e80abf876df2e50d5788e0ee99	SEM-59318D8EAFBA	IMP-DL-18BC6F795C-P013	1	IMP-DL-18BC6F795C-P013	Downloads/theory-of-algebraic-topology-9.tex	Downloads	WORKED_EXAMPLE	12			NO	NEEDS_EDITORIAL_REVIEW
593321f2f56f3ff4aef3492c73757c3bc1f12e1678ac2cdeaeb864a93aa5679b	SEM-593321F2F56F	IMP-DL-8016517B0A-P013	3	IMP-DL-8016517B0A-P013;IMP-M2-2B58694CBF-P013;IMP-M3-911366A7C5-P013	Downloads/theory-of-differential-geometry-1.tex;MATH-ALLS-2/theory-of-differential-geometry-1.tex;MATH_ALLS-3/theory-of-differential-geometry-1.tex	Downloads;MATH-ALLS-2;MATH_ALLS-3	PROBLEM_ITEM	Complex projective space			NO	NEEDS_EDITORIAL_REVIEW
593fe629eac508802143c3624cd2cd01a0cb5033236f5401fdb3ef97ac100519	SEM-593FE629EAC5	IMP-DL-D6E9B3BC73-R001136-593FE629	2	IMP-DL-D6E9B3BC73-R001136-593FE629;IMP-M3-422B74F85F-R001133-593FE629	Downloads/theory-of-algebraic-topology-1.tex;MATH_ALLS-3/theory-of-algebraic-topology-1.tex	Downloads;MATH_ALLS-3	EXAMPLE	1			NO	NEEDS_EDITORIAL_REVIEW
59432f8908a5caa16c7f374b40b62b429b119224e4513d4255657472f6986178	SEM-59432F8908A5	IMP-DL-15679DEE8D-P017	12	IMP-DL-15679DEE8D-P017;IMP-DL-15679DEE8D-R002976-59432F89;IMP-DL-3CA1CB77F7-P017;IMP-DL-3CA1CB77F7-R002979-59432F89;IMP-DL-E0A96454A5-P017;IMP-DL-E0A96454A5-R002976-59432F89;IMP-M2-1D2863B81A-P017;IMP-M2-1D2863B81A-R002976-59432F89;IMP-M2-D47CB97304-P017;IMP-M2-D47CB97304-R002976-59432F89;IMP-M2-F08D4144EA-P017;IMP-M2-F08D4144EA-R002979-59432F89	Downloads/theory-of-analysis - Copy.tex;Downloads/theory-of-analysis-numbers.tex;Downloads/theory-of-analysis.tex;MATH-ALLS-2/theory-of-analysis - Copy.tex;MATH-ALLS-2/theory-of-analysis-numbers.tex;MATH-ALLS-2/theory-of-analysis.tex	Downloads;MATH-ALLS-2	EXAMPLE;WORKED_EXAMPLE				NO	NEEDS_EDITORIAL_REVIEW
5957b8e5ece53910e671663caa955436cfa003ef19911b158bdb6df5a6fd8d49	SEM-5957B8E5ECE5	IMP-DL-316AE183C3-P020	2	IMP-DL-316AE183C3-P020;IMP-M2-303BB87ACE-P020	Downloads/theory-of-analysis-functions.tex;MATH-ALLS-2/theory-of-analysis-functions.tex	Downloads;MATH-ALLS-2	EXERCISE_ITEM	(c)			NO	NEEDS_EDITORIAL_REVIEW
59696631a1bf91fe6452d03a7917443d0aec0076ef4cc4f7f114a38b754a1ea1	SEM-59696631A1BF	IMP-DL-1068DBED71-P012	4	IMP-DL-1068DBED71-P012;IMP-DL-CAA415139D-P012;IMP-M3-F4E66B2919-P012;IMP-M3-FCB1647DD6-P012	Downloads/theory-of-commutative-algebra-10.tex;Downloads/theory-of-commutative-algebra-9.tex;MATH_ALLS-3/theory-of-commutative-algebra-10.tex;MATH_ALLS-3/theory-of-commutative-algebra-9.tex	Downloads;MATH_ALLS-3	WORKED_EXAMPLE				NO	NEEDS_EDITORIAL_REVIEW
59763c633bb88a31080a02cefc7d85f620e3329b486c6657b412f220318cfbb8	SEM-59763C633BB8	IMP-DL-2370D81D66-P067	2	IMP-DL-2370D81D66-P067;IMP-M2-D036BAB254-P067	Downloads/theory-of-analysis-FD.tex;MATH-ALLS-2/theory-of-analysis-FD.tex	Downloads;MATH-ALLS-2	EXERCISE_ITEM				NO	NEEDS_EDITORIAL_REVIEW
597671d71182d32f2c294968343df434d89ead7b07468e833e2978a7a5451eb4	SEM-597671D71182	IMP-DL-3CA1CB77F7-P030	4	IMP-DL-3CA1CB77F7-P030;IMP-DL-3CA1CB77F7-R003898-597671D7;IMP-M2-F08D4144EA-P030;IMP-M2-F08D4144EA-R003898-597671D7	Downloads/theory-of-analysis-numbers.tex;MATH-ALLS-2/theory-of-analysis-numbers.tex	Downloads;MATH-ALLS-2	EXERCISE				NO	NEEDS_EDITORIAL_REVIEW
59818f4ad51509054672c73ed22d640205d041fe0f2f9d9b49ad238cee30641f	SEM-59818F4AD515	IMP-DL-4DEBE28720-P091	2	IMP-DL-4DEBE28720-P091;IMP-M3-8E395763C8-P091	Downloads/theory-of-commutative-algebra-13.tex;MATH_ALLS-3/theory-of-commutative-algebra-13.tex	Downloads;MATH_ALLS-3	WORKED_EXAMPLE	5			NO	NEEDS_EDITORIAL_REVIEW
5988d53d7adda241be7f0d55908919e52ce9721f378a02807f4d1f7fdb2a11c0	SEM-5988D53D7ADD	IMP-DL-4A78994322-P001	2	IMP-DL-4A78994322-P001;IMP-M2-40596E1FB5-P001	Downloads/theory-of-complex-analysis-gamma.tex;MATH-ALLS-2/theory-of-complex-analysis-gamma.tex	Downloads;MATH-ALLS-2	PROBLEM		IMP-DL-4A78994322-S001;IMP-M2-40596E1FB5-S001		YES	NEEDS_EDITORIAL_REVIEW
599000c6632a6f1d716e9f46eb732fd17a2b6bb143da7764cf8b5ad9d1bc5853	SEM-599000C6632A	IMP-DL-2B81C66D0F-P012	1	IMP-DL-2B81C66D0F-P012	Downloads/theory-of-algebraic-topology-2.tex	Downloads	WORKED_EXAMPLE	4			NO	NEEDS_EDITORIAL_REVIEW
59a9e298db64daa3e18ac1bbfb17f413c2708d9403a42f9e83dc9e0e74787e09	SEM-59A9E298DB64	IMP-DL-D27460A55B-P002	1	IMP-DL-D27460A55B-P002	Downloads/theory-of-algebraic-geometry-5.tex	Downloads	PROBLEM	3	IMP-DL-D27460A55B-S002		YES	NEEDS_EDITORIAL_REVIEW
59c272d5cc019139c79b1c10baad064f29839034b6610f347093811e38134b20	SEM-59C272D5CC01	IMP-DL-3CA1CB77F7-P029	8	IMP-DL-3CA1CB77F7-P029;IMP-DL-3CA1CB77F7-R003868-59C272D5;IMP-DL-E0A96454A5-P029;IMP-DL-E0A96454A5-R003865-59C272D5;IMP-M2-1D2863B81A-P029;IMP-M2-1D2863B81A-R003865-59C272D5;IMP-M2-F08D4144EA-P029;IMP-M2-F08D4144EA-R003868-59C272D5	Downloads/theory-of-analysis-numbers.tex;Downloads/theory-of-analysis.tex;MATH-ALLS-2/theory-of-analysis-numbers.tex;MATH-ALLS-2/theory-of-analysis.tex	Downloads;MATH-ALLS-2	EXERCISE				NO	NEEDS_EDITORIAL_REVIEW
59d2d35e8beaab0f72b52457e24cac2e429c3ff441062c29c11cee096fca5e97	SEM-59D2D35E8BEA	IMP-DL-2370D81D66-P021	2	IMP-DL-2370D81D66-P021;IMP-M2-D036BAB254-P021	Downloads/theory-of-analysis-FD.tex;MATH-ALLS-2/theory-of-analysis-FD.tex	Downloads;MATH-ALLS-2	EXERCISE_ITEM				NO	NEEDS_EDITORIAL_REVIEW
59d48cc9ac6d577512b3a81a58b5e6cbab42be42c8055586149e39d895e79146	SEM-59D48CC9AC6D	IMP-DL-592BD0798C-P018	2	IMP-DL-592BD0798C-P018;IMP-M3-1FB8799CDC-P018	Downloads/theory-of-commutative-algebra-8.tex;MATH_ALLS-3/theory-of-commutative-algebra-8.tex	Downloads;MATH_ALLS-3	PROBLEM	context			NO	NEEDS_EDITORIAL_REVIEW
59d4f972d51938f29167d699e397d734abf6185310f18c589d25a53c0e16ac16	SEM-59D4F972D519	IMP-DL-CB3C80FF97-P018	2	IMP-DL-CB3C80FF97-P018;IMP-M2-7B5A4788C1-P018	Downloads/theory-of-complex-analysis-topology.tex;MATH-ALLS-2/theory-of-complex-analysis-topology.tex	Downloads;MATH-ALLS-2	PROBLEM_ITEM				NO	NEEDS_EDITORIAL_REVIEW
59f5aadf61a6e02e0431f87a179197c262470bdf6382f9821f67056447120644	SEM-59F5AADF61A6	IMP-DL-0EB9CBD958-P042	2	IMP-DL-0EB9CBD958-P042;IMP-M2-F4C85D52DC-P042	Downloads/theory-of-geometry.tex;MATH-ALLS-2/theory-of-geometry.tex	Downloads;MATH-ALLS-2	PROOF_EXERCISE_CANDIDATE				NO	NEEDS_EDITORIAL_REVIEW
5a3cbcb0bd8e8052e23e54a8f7197a40b800df4fd3a4f116abc6cfb2a047f871	SEM-5A3CBCB0BD8E	IMP-DL-BD3A6D53D0-P025	3	IMP-DL-BD3A6D53D0-P025;IMP-M2-E2BE0561BD-P025;IMP-M3-0F6B7A59EB-P025	Downloads/theory-of-differential-geometry-2.tex;MATH-ALLS-2/theory-of-differential-geometry-2.tex;MATH_ALLS-3/theory-of-differential-geometry-2.tex	Downloads;MATH-ALLS-2;MATH_ALLS-3	PROBLEM	8			NO	NEEDS_EDITORIAL_REVIEW
5a3eef64c488ae6210b70d2770dc77e2ed9778922013fe51134d87d0b284e9d7	SEM-5A3EEF64C488	IMP-DL-316AE183C3-PSR000821-5A3EEF64	2	IMP-DL-316AE183C3-PSR000821-5A3EEF64;IMP-M2-303BB87ACE-PSR000821-5A3EEF64	Downloads/theory-of-analysis-functions.tex;MATH-ALLS-2/theory-of-analysis-functions.tex	Downloads;MATH-ALLS-2	PROBLEM	3			NO	NEEDS_EDITORIAL_REVIEW
5a5ab4c002cfc7ad552f03ecb5d6c183ea2927073abcca88264b386b005c4ab7	SEM-5A5AB4C002CF	IMP-DL-07D84009EA-P005	16	IMP-DL-07D84009EA-P005;IMP-DL-162DBE4483-P005;IMP-DL-183AD43C4C-P005;IMP-DL-20E278E436-P005;IMP-DL-68F65EDA24-P005;IMP-DL-890EB1F6EA-P005;IMP-DL-995E0CD19D-P005;IMP-DL-E69AEC0DA9-P005;IMP-M2-0EAC31ED0B-P005;IMP-M2-1403D223C9-P005;IMP-M2-1750FF4FF7-P005;IMP-M2-1895C43FC6-P005;IMP-M2-50B0B212DD-P005;IMP-M2-6D7FCEA253-P005;IMP-M2-9CEC4F97B5-P005;IMP-M2-BC23C57F39-P005	Downloads/merged_exercises_FULL_v2 (1).tex;Downloads/merged_exercises_FULL_v2.tex;Downloads/merged_exercises_corrected (1).tex;Downloads/merged_exercises_corrected (2).tex;Downloads/merged_exercises_corrected (3).tex;Downloads/merged_exercises_corrected (4).tex;Downloads/merged_exercises_corrected.tex;Downloads/theory-of-real-analysis.tex;MATH-ALLS-2/merged_exercises_FULL_v2 (1).tex;MATH-ALLS-2/merged_exercises_FULL_v2.tex;MATH-ALLS-2/merged_exercises_corrected (1).tex;MATH-ALLS-2/merged_exercises_corrected (2).tex;MATH-ALLS-2/merged_exercises_corrected (3).tex;MATH-ALLS-2/merged_exercises_corrected (4).tex;MATH-ALLS-2/merged_exercises_corrected.tex;MATH-ALLS-2/theory-of-real-analysis.tex	Downloads;MATH-ALLS-2	EXERCISE	1.6			NO	NEEDS_EDITORIAL_REVIEW
5a6578813fed75dc032102ef2d780eb14469bb225d4a1b7d848283029b583e34	SEM-5A6578813FED	IMP-DL-4DEBE28720-P024	2	IMP-DL-4DEBE28720-P024;IMP-M3-8E395763C8-P024	Downloads/theory-of-commutative-algebra-13.tex;MATH_ALLS-3/theory-of-commutative-algebra-13.tex	Downloads;MATH_ALLS-3	WORKED_EXAMPLE				NO	NEEDS_EDITORIAL_REVIEW
5a6b587f8639d45446bd52e2341094dd89a56c9f81cdb7ed7d7331bb1a1fa340	SEM-5A6B587F8639	IMP-DL-C78B44C750-P009	2	IMP-DL-C78B44C750-P009;IMP-M2-48626BD8F1-P009	Downloads/wiki-green.tex;MATH-ALLS-2/wiki-green.tex	Downloads;MATH-ALLS-2	WORKED_EXAMPLE	0			NO	NEEDS_EDITORIAL_REVIEW
5ab5977eff5daf8431d8411d4597261f4eb5bea04e93278531d374482e8cab82	SEM-5AB5977EFF5D	IMP-DL-7A55205E2C-P009	2	IMP-DL-7A55205E2C-P009;IMP-M2-2D41E1011A-P009	Downloads/theory-of-geometry-4.tex;MATH-ALLS-2/theory-of-geometry-4.tex	Downloads;MATH-ALLS-2	PROBLEM	9	IMP-DL-7A55205E2C-S009;IMP-M2-2D41E1011A-S009		YES	NEEDS_EDITORIAL_REVIEW
5ac64b5d277cb632fb281727149f6548a9d0d7543bd144eac610d2c909ce7dff	SEM-5AC64B5D277C	IMP-DL-11EDF39EA7-P016	2	IMP-DL-11EDF39EA7-P016;IMP-M2-68556E3D88-P016	Downloads/theory-of-analysis-FD2.tex;MATH-ALLS-2/theory-of-analysis-FD2.tex	Downloads;MATH-ALLS-2	WORKED_EXAMPLE				NO	NEEDS_EDITORIAL_REVIEW
5adf083c92adbdb0d14f36a19e0fa233098558abb45c2d452392fb905526689c	SEM-5ADF083C92AD	IMP-DL-E532B44856-P023	2	IMP-DL-E532B44856-P023;IMP-M2-C037D998D4-P023	Downloads/theory-of-analysis-functions-II.tex;MATH-ALLS-2/theory-of-analysis-functions-II.tex	Downloads;MATH-ALLS-2	WORKED_EXAMPLE	A			NO	NEEDS_EDITORIAL_REVIEW
5ae435c4fc77c32871701a447748946cc9a27dff3dd789d45e69c26ee164becb	SEM-5AE435C4FC77	IMP-DL-0EB9CBD958-P064	2	IMP-DL-0EB9CBD958-P064;IMP-M2-F4C85D52DC-P064	Downloads/theory-of-geometry.tex;MATH-ALLS-2/theory-of-geometry.tex	Downloads;MATH-ALLS-2	PROBLEM_ITEM				NO	NEEDS_EDITORIAL_REVIEW
5aee21742b4e6aefb922b71c80934ad832cd7c5ae47a2a71e10c79456dbab167	SEM-5AEE21742B4E	IMP-DL-15679DEE8D-P001	6	IMP-DL-15679DEE8D-P001;IMP-DL-3CA1CB77F7-P001;IMP-DL-E0A96454A5-P001;IMP-M2-1D2863B81A-P001;IMP-M2-D47CB97304-P001;IMP-M2-F08D4144EA-P001	Downloads/theory-of-analysis - Copy.tex;Downloads/theory-of-analysis-numbers.tex;Downloads/theory-of-analysis.tex;MATH-ALLS-2/theory-of-analysis - Copy.tex;MATH-ALLS-2/theory-of-analysis-numbers.tex;MATH-ALLS-2/theory-of-analysis.tex	Downloads;MATH-ALLS-2	PROBLEM	6	IMP-DL-11EDF39EA7-S010;IMP-DL-15679DEE8D-S006;IMP-DL-15679DEE8D-S007;IMP-DL-3CA1CB77F7-S006;IMP-DL-3CA1CB77F7-S007;IMP-DL-E0A96454A5-S006;IMP-DL-E0A96454A5-S007;IMP-M2-1D2863B81A-S006;IMP-M2-1D2863B81A-S007;IMP-M2-68556E3D88-S010;IMP-M2-D47CB97304-S006;IMP-M2-D47CB97304-S007;IMP-M2-F08D4144EA-S006;IMP-M2-F08D4144EA-S007		YES	NEEDS_EDITORIAL_REVIEW
5b14139c93d6bf65be1c16d016ead4aba14ea8b36ae0404789aada2c5811a1dc	SEM-5B14139C93D6	IMP-DL-4DEBE28720-P054	2	IMP-DL-4DEBE28720-P054;IMP-M3-8E395763C8-P054	Downloads/theory-of-commutative-algebra-13.tex;MATH_ALLS-3/theory-of-commutative-algebra-13.tex	Downloads;MATH_ALLS-3	EXERCISE_ITEM				NO	NEEDS_EDITORIAL_REVIEW
5b274109062835a1bdf3cc827e9ecf7bb0d0d5039bf5cebc6e732df382fb1e08	SEM-5B2741090628	IMP-DL-1068DBED71-P059	4	IMP-DL-1068DBED71-P059;IMP-DL-CAA415139D-P059;IMP-M3-F4E66B2919-P059;IMP-M3-FCB1647DD6-P059	Downloads/theory-of-commutative-algebra-10.tex;Downloads/theory-of-commutative-algebra-9.tex;MATH_ALLS-3/theory-of-commutative-algebra-10.tex;MATH_ALLS-3/theory-of-commutative-algebra-9.tex	Downloads;MATH_ALLS-3	PROBLEM				NO	NEEDS_EDITORIAL_REVIEW
5b34eaea8412c70ce1c2ff99ebbc8c8fa7f4bb270b67d9397b675d33fdffc77d	SEM-5B34EAEA8412	IMP-DL-117191C0EC-P029	2	IMP-DL-117191C0EC-P029;IMP-M2-40A546CAA2-P029	Downloads/theory-of-analysis-topics.tex;MATH-ALLS-2/theory-of-analysis-topics.tex	Downloads;MATH-ALLS-2	PROBLEM	13	IMP-DL-117191C0EC-S018;IMP-M2-40A546CAA2-S018		YES	NEEDS_EDITORIAL_REVIEW
5b79633cb34e480f2d068364d967f31570cb708a10601fe4d6929e77bad3b9a6	SEM-5B79633CB34E	IMP-DL-D18914CBBD-P030	2	IMP-DL-D18914CBBD-P030;IMP-M3-78B3C1B707-P030	Downloads/theory-of-commutative-algebra-11.tex;MATH_ALLS-3/theory-of-commutative-algebra-11.tex	Downloads;MATH_ALLS-3	WORKED_EXAMPLE	8			NO	NEEDS_EDITORIAL_REVIEW
5b7b5498d5b7d079c24ed131a83af92d494e81204792aa2ad54ed99f04ad3145	SEM-5B7B5498D5B7	IMP-DL-15679DEE8D-R002311-5B7B5498	6	IMP-DL-15679DEE8D-R002311-5B7B5498;IMP-DL-3CA1CB77F7-R002314-5B7B5498;IMP-DL-E0A96454A5-R002311-5B7B5498;IMP-M2-1D2863B81A-R002311-5B7B5498;IMP-M2-D47CB97304-R002311-5B7B5498;IMP-M2-F08D4144EA-R002314-5B7B5498	Downloads/theory-of-analysis - Copy.tex;Downloads/theory-of-analysis-numbers.tex;Downloads/theory-of-analysis.tex;MATH-ALLS-2/theory-of-analysis - Copy.tex;MATH-ALLS-2/theory-of-analysis-numbers.tex;MATH-ALLS-2/theory-of-analysis.tex	Downloads;MATH-ALLS-2	PROBLEM	4			NO	NEEDS_EDITORIAL_REVIEW
5b8932f2be53bd5b26dfec88f1ac82a160e5b1ea39e325c1540b551ab07cc54a	SEM-5B8932F2BE53	IMP-DL-D27460A55B-F2R001887-5B8932F2	1	IMP-DL-D27460A55B-F2R001887-5B8932F2	Downloads/theory-of-algebraic-geometry-5.tex	Downloads	EXAMPLE	11			NO	NEEDS_EDITORIAL_REVIEW
5b9e04adb11fa7a0161a98598bed1990a7c62638e6856a7b997f62b427746702	SEM-5B9E04ADB11F	IMP-DL-EAE0F59552-R000173-5B9E04AD	2	IMP-DL-EAE0F59552-R000173-5B9E04AD;IMP-M2-7EA9DA1D72-R000173-5B9E04AD	Downloads/theory-of-analysis-topology.tex;MATH-ALLS-2/theory-of-analysis-topology.tex	Downloads;MATH-ALLS-2	PROBLEM	3			NO	NEEDS_EDITORIAL_REVIEW
5bbcfc5e048cca9c07c192e9eb830d9d4754258ba0e2cff32a6a254e1506d5bc	SEM-5BBCFC5E048C	IMP-DL-EAE0F59552-P003	2	IMP-DL-EAE0F59552-P003;IMP-M2-7EA9DA1D72-P003	Downloads/theory-of-analysis-topology.tex;MATH-ALLS-2/theory-of-analysis-topology.tex	Downloads;MATH-ALLS-2	PROBLEM_ITEM				NO	NEEDS_EDITORIAL_REVIEW
5bcd83c4cb7fd69efde1ffc6513b1107382ab7aecf3d6084980d2a28bcc70a2d	SEM-5BCD83C4CB7F	IMP-DL-3C59D9EE8B-P015	2	IMP-DL-3C59D9EE8B-P015;IMP-M3-D1A916E0DD-P015	Downloads/theory-of-commutative-algebra-5-professional-v2.tex;MATH_ALLS-3/theory-of-commutative-algebra-5-professional-v2.tex	Downloads;MATH_ALLS-3	PROBLEM_ITEM				NO	NEEDS_EDITORIAL_REVIEW
5bfae4e29ff82a7fea1355ba1c5ac7066466f98e0209786eeac8c8a3cd3caac7	SEM-5BFAE4E29FF8	IMP-DL-3C59D9EE8B-P076	2	IMP-DL-3C59D9EE8B-P076;IMP-M3-D1A916E0DD-P076	Downloads/theory-of-commutative-algebra-5-professional-v2.tex;MATH_ALLS-3/theory-of-commutative-algebra-5-professional-v2.tex	Downloads;MATH_ALLS-3	PROBLEM_ITEM				NO	NEEDS_EDITORIAL_REVIEW
5c1f2198baea4b5dcf5e218fb317767b7172b526881f20eb07f40bc6d6ba14bb	SEM-5C1F2198BAEA	IMP-DL-4DEBE28720-P066	2	IMP-DL-4DEBE28720-P066;IMP-M3-8E395763C8-P066	Downloads/theory-of-commutative-algebra-13.tex;MATH_ALLS-3/theory-of-commutative-algebra-13.tex	Downloads;MATH_ALLS-3	WORKED_EXAMPLE	7			NO	NEEDS_EDITORIAL_REVIEW
5c2cbf207db85bbdca86a3972397cf609c64287cf332d1a3dbaffe1aca1e76a9	SEM-5C2CBF207DB8	IMP-DL-4DEBE28720-P009	2	IMP-DL-4DEBE28720-P009;IMP-M3-8E395763C8-P009	Downloads/theory-of-commutative-algebra-13.tex;MATH_ALLS-3/theory-of-commutative-algebra-13.tex	Downloads;MATH_ALLS-3	WORKED_EXAMPLE				NO	NEEDS_EDITORIAL_REVIEW
5c2ff2f9289966872e7d305e5693a3f0a217a78e42ca49d3a7851c171fdf6f42	SEM-5C2FF2F92899	IMP-DL-3C59D9EE8B-P154	2	IMP-DL-3C59D9EE8B-P154;IMP-M3-D1A916E0DD-P154	Downloads/theory-of-commutative-algebra-5-professional-v2.tex;MATH_ALLS-3/theory-of-commutative-algebra-5-professional-v2.tex	Downloads;MATH_ALLS-3	PROBLEM_ITEM				NO	NEEDS_EDITORIAL_REVIEW
5c4a87f34d68b05a32567d02f071790fa6fe21acc76c9ce35287cb93f2fac926	SEM-5C4A87F34D68	IMP-DL-E1F1BB4192-R004895-5C4A87F3	2	IMP-DL-E1F1BB4192-R004895-5C4A87F3;IMP-M3-0D398C7F27-R004895-5C4A87F3	Downloads/theory-of-commutative-algebra-5.tex;MATH_ALLS-3/theory-of-commutative-algebra-5.tex	Downloads;MATH_ALLS-3	PROBLEM	13			NO	NEEDS_EDITORIAL_REVIEW
5c9045974764510e9057a6396bef39d295493fa9acfc8d517af1a6160c157ea2	SEM-5C9045974764	IMP-DL-D6E9B3BC73-P003	2	IMP-DL-D6E9B3BC73-P003;IMP-M3-422B74F85F-P003	Downloads/theory-of-algebraic-topology-1.tex;MATH_ALLS-3/theory-of-algebraic-topology-1.tex	Downloads;MATH_ALLS-3	WORKED_EXAMPLE	2			NO	NEEDS_EDITORIAL_REVIEW
5c92914dd293a3ce8478353cd8ec4f256ad169e0296903e513e169888068c9f6	SEM-5C92914DD293	IMP-DL-1068DBED71-P048	4	IMP-DL-1068DBED71-P048;IMP-DL-CAA415139D-P048;IMP-M3-F4E66B2919-P048;IMP-M3-FCB1647DD6-P048	Downloads/theory-of-commutative-algebra-10.tex;Downloads/theory-of-commutative-algebra-9.tex;MATH_ALLS-3/theory-of-commutative-algebra-10.tex;MATH_ALLS-3/theory-of-commutative-algebra-9.tex	Downloads;MATH_ALLS-3	WORKED_EXAMPLE				NO	NEEDS_EDITORIAL_REVIEW
5c94950e3dab55b02158c8db3cb428bff6746970e41c77dc98ffb726f195cb3c	SEM-5C94950E3DAB	IMP-DL-C3DACFE8A7-P008	1	IMP-DL-C3DACFE8A7-P008	Downloads/theory-of-algebraic-geometry-7.tex	Downloads	WORKED_EXAMPLE	8.			NO	NEEDS_EDITORIAL_REVIEW
5cc0efe10af5ed6a34120cd48dc54dfc0e8fbb392f53db7fb5a3c004f244821b	SEM-5CC0EFE10AF5	IMP-DL-117191C0EC-P026	2	IMP-DL-117191C0EC-P026;IMP-M2-40A546CAA2-P026	Downloads/theory-of-analysis-topics.tex;MATH-ALLS-2/theory-of-analysis-topics.tex	Downloads;MATH-ALLS-2	PROBLEM	9.	IMP-DL-117191C0EC-S015;IMP-M2-40A546CAA2-S015		YES	NEEDS_EDITORIAL_REVIEW
5ce23ec61ec847fd27d13863536dfa0581dc28435e3a74d67cf9be8ca24336ba	SEM-5CE23EC61EC8	IMP-DL-2370D81D66-P034	2	IMP-DL-2370D81D66-P034;IMP-M2-D036BAB254-P034	Downloads/theory-of-analysis-FD.tex;MATH-ALLS-2/theory-of-analysis-FD.tex	Downloads;MATH-ALLS-2	WORKED_EXAMPLE				NO	NEEDS_EDITORIAL_REVIEW
5ce738e6931b93ee66d9745d7ad99e0934bf43d735ed3138e23e9cace1807906	SEM-5CE738E6931B	IMP-DL-3C59D9EE8B-P072	2	IMP-DL-3C59D9EE8B-P072;IMP-M3-D1A916E0DD-P072	Downloads/theory-of-commutative-algebra-5-professional-v2.tex;MATH_ALLS-3/theory-of-commutative-algebra-5-professional-v2.tex	Downloads;MATH_ALLS-3	PROBLEM_ITEM				NO	NEEDS_EDITORIAL_REVIEW
5cfb28ce5074b171bc6602cef93fcaa0edf29f5ef85b07def36ad650439549d7	SEM-5CFB28CE5074	IMP-DL-D18914CBBD-R002253-5CFB28CE	2	IMP-DL-D18914CBBD-R002253-5CFB28CE;IMP-M3-78B3C1B707-R002253-5CFB28CE	Downloads/theory-of-commutative-algebra-11.tex;MATH_ALLS-3/theory-of-commutative-algebra-11.tex	Downloads;MATH_ALLS-3	EXAMPLE	1			NO	NEEDS_EDITORIAL_REVIEW
5d257786aa17f17326f5c71c0997e0627110cf0b3c0e775662c9c64ae6420f7b	SEM-5D257786AA17	IMP-DL-40BD8D3E26-P010	2	IMP-DL-40BD8D3E26-P010;IMP-M2-0384991A85-P010	Downloads/theory-of-geometry-2.tex;MATH-ALLS-2/theory-of-geometry-2.tex	Downloads;MATH-ALLS-2	WORKED_EXAMPLE	3			NO	NEEDS_EDITORIAL_REVIEW
5d32f5c23f52d180537b80ecac47059ae9b06786916eeb66e1d79a8c6bce7130	SEM-5D32F5C23F52	IMP-DL-BD3A6D53D0-P011	3	IMP-DL-BD3A6D53D0-P011;IMP-M2-E2BE0561BD-P011;IMP-M3-0F6B7A59EB-P011	Downloads/theory-of-differential-geometry-2.tex;MATH-ALLS-2/theory-of-differential-geometry-2.tex;MATH_ALLS-3/theory-of-differential-geometry-2.tex	Downloads;MATH-ALLS-2;MATH_ALLS-3	PROBLEM	7	IMP-DL-BD3A6D53D0-S011;IMP-M2-E2BE0561BD-S011;IMP-M3-0F6B7A59EB-S011		YES	NEEDS_EDITORIAL_REVIEW
5d373b56f5952676a06ddd28df1055b8f77069e9547e95e4e8997dcbbbaa41de	SEM-5D373B56F595	IMP-DL-40BD8D3E26-R002683-5D373B56	2	IMP-DL-40BD8D3E26-R002683-5D373B56;IMP-M2-0384991A85-R002683-5D373B56	Downloads/theory-of-geometry-2.tex;MATH-ALLS-2/theory-of-geometry-2.tex	Downloads;MATH-ALLS-2	PROBLEM	7.			NO	NEEDS_EDITORIAL_REVIEW
5d37c9df79e66828a8639fb51b0e11637b3d6a6d3569641a85f54ba2d7c10d1a	SEM-5D37C9DF79E6	IMP-DL-117191C0EC-P020	2	IMP-DL-117191C0EC-P020;IMP-M2-40A546CAA2-P020	Downloads/theory-of-analysis-topics.tex;MATH-ALLS-2/theory-of-analysis-topics.tex	Downloads;MATH-ALLS-2	PROBLEM	3	IMP-DL-117191C0EC-S011;IMP-M2-40A546CAA2-S011		YES	NEEDS_EDITORIAL_REVIEW
5d5c397a4d610e5161fb199e4e33b0d8439d0a517699e57692e65b15ba70f755	SEM-5D5C397A4D61	IMP-DL-A509E7ADEA-R000471-5D5C397A	2	IMP-DL-A509E7ADEA-R000471-5D5C397A;IMP-M2-F95E4E8DC6-R000471-5D5C397A	Downloads/theory-of-disitrbutions.tex;MATH-ALLS-2/theory-of-disitrbutions.tex	Downloads;MATH-ALLS-2	EXERCISE	1.2	IMP-DL-A509E7ADEA-S001;IMP-M2-F95E4E8DC6-S001		YES	NEEDS_EDITORIAL_REVIEW
5d6cb506f89b7f779b9ef37fd15f5f27589052edaf16cb9505675f650bc10462	SEM-5D6CB506F89B	IMP-DL-D27460A55B-SPR003850-5D6CB506	1	IMP-DL-D27460A55B-SPR003850-5D6CB506	Downloads/theory-of-algebraic-geometry-5.tex	Downloads	EXAMPLE	3			NO	NEEDS_EDITORIAL_REVIEW
5d85866cd88202de7d552a2094f4f54d805b930bc1636781c6f9c3d181a746aa	SEM-5D85866CD882	IMP-DL-8D5CF4CFBA-P023	2	IMP-DL-8D5CF4CFBA-P023;IMP-M3-89937139FC-P023	Downloads/theory-of-linear-algebra-2.tex;MATH_ALLS-3/theory-of-linear-algebra-2.tex	Downloads;MATH_ALLS-3	PROBLEM	6	IMP-DL-8D5CF4CFBA-S030;IMP-DL-8D5CF4CFBA-S031;IMP-DL-8D5CF4CFBA-S032;IMP-M3-89937139FC-S030;IMP-M3-89937139FC-S031;IMP-M3-89937139FC-S032		YES	NEEDS_EDITORIAL_REVIEW
5d886263c8400b8142c4d40ffa9b3ebdd7f0c23ceedd2b0f307c27eb399903f0	SEM-5D886263C840	IMP-DL-A978FB3162-R001667-5D886263	1	IMP-DL-A978FB3162-R001667-5D886263	Downloads/theory-of-algebraic-topology-4.tex	Downloads	PROBLEM	statement	IMP-DL-A978FB3162-S005		YES	NEEDS_EDITORIAL_REVIEW
5d938ae87deaba55fa6548f69c6eacec303384849baf46e72110b986e12d9f0c	SEM-5D938AE87DEA	IMP-DL-A978FB3162-P093	1	IMP-DL-A978FB3162-P093	Downloads/theory-of-algebraic-topology-4.tex	Downloads	WORKED_EXAMPLE	12			NO	NEEDS_EDITORIAL_REVIEW
5d94f67a964679a260bf4746228c23d5f5e28f371040b39da4da2c3b9ba1daa2	SEM-5D94F67A9646	IMP-DL-3D2DB27534-P006	4	IMP-DL-3D2DB27534-P006;IMP-DL-5B1D955447-P006;IMP-M2-8108AF5CB9-P006;IMP-M2-AFF44384C1-P006	Downloads/merged_exercises (1).tex;Downloads/merged_exercises.tex;MATH-ALLS-2/merged_exercises (1).tex;MATH-ALLS-2/merged_exercises.tex	Downloads;MATH-ALLS-2	EXERCISE	1.7			NO	NEEDS_EDITORIAL_REVIEW
5d970da13961144d00e6f0daccd06b24537cf70d5b4facf5d0aa89af27d26e98	SEM-5D970DA13961	IMP-DL-3E276561C4-P029	4	IMP-DL-3E276561C4-P029;IMP-DL-3E276561C4-R002986-5D970DA1;IMP-M3-AB2FCA292B-P029;IMP-M3-AB2FCA292B-R002986-5D970DA1	Downloads/theory-of-linear-algebra-1.tex;MATH_ALLS-3/theory-of-linear-algebra-1.tex	Downloads;MATH_ALLS-3	PROBLEM	11	IMP-DL-3E276561C4-S035;IMP-DL-3E276561C4-S036;IMP-DL-3E276561C4-S037;IMP-DL-3E276561C4-S043;IMP-DL-3E276561C4-S044;IMP-DL-3E276561C4-S045;IMP-M3-AB2FCA292B-S035;IMP-M3-AB2FCA292B-S036;IMP-M3-AB2FCA292B-S037;IMP-M3-AB2FCA292B-S043;IMP-M3-AB2FCA292B-S044;IMP-M3-AB2FCA292B-S045		YES	NEEDS_EDITORIAL_REVIEW
5da5b9be83d2e31b90df7b76dc633938b716a906636b9e43549476ae6a0b0a39	SEM-5DA5B9BE83D2	IMP-DL-183AD43C4C-PSR003550-5DA5B9BE	2	IMP-DL-183AD43C4C-PSR003550-5DA5B9BE;IMP-M2-1895C43FC6-PSR003550-5DA5B9BE	Downloads/theory-of-real-analysis.tex;MATH-ALLS-2/theory-of-real-analysis.tex	Downloads;MATH-ALLS-2	EXAMPLE	2.			NO	NEEDS_EDITORIAL_REVIEW
5dbb766f9fc27df1d1b7781243129d333306cb00fc9394b8028bb710fb2ef510	SEM-5DBB766F9FC2	IMP-DL-2E134BF207-P063	1	IMP-DL-2E134BF207-P063	Downloads/theory-of-algebraic-topology-5.tex	Downloads	WORKED_EXAMPLE	4			NO	NEEDS_EDITORIAL_REVIEW
5de0b61febd383210cd81e9f4f3ca381f58ac16df6f1ad0b3633a48363505bbd	SEM-5DE0B61FEBD3	IMP-DL-98972A6B93-P022	2	IMP-DL-98972A6B93-P022;IMP-M2-355EA0996F-P022	Downloads/theory-of-geometry-II.tex;MATH-ALLS-2/theory-of-geometry-II.tex	Downloads;MATH-ALLS-2	PROBLEM_ITEM				NO	NEEDS_EDITORIAL_REVIEW
5de62cfce52a312c23b6d34710252f27a540bd1c64b123362ad07c84793661ff	SEM-5DE62CFCE52A	IMP-DL-0A9B1F0A75-P002	1	IMP-DL-0A9B1F0A75-P002	Downloads/theory-of-algebraic-geometry-9.tex	Downloads	PROBLEM	statement	IMP-DL-0A9B1F0A75-S004		YES	NEEDS_EDITORIAL_REVIEW
5e0209ae876dc7dc081492818b83cadfac2db0740bb7ac335ba8ff6341fa3f43	SEM-5E0209AE876D	IMP-DL-98972A6B93-P012	2	IMP-DL-98972A6B93-P012;IMP-M2-355EA0996F-P012	Downloads/theory-of-geometry-II.tex;MATH-ALLS-2/theory-of-geometry-II.tex	Downloads;MATH-ALLS-2	PROBLEM_ITEM				NO	NEEDS_EDITORIAL_REVIEW
5e0fee9d7fa9a9ce0b421c3c3304c160aab6247ae959cf3e923e14346f4ee960	SEM-5E0FEE9D7FA9	IMP-DL-1608308E70-P001	1	IMP-DL-1608308E70-P001	Downloads/theory-of-algebraic-topology-14.tex	Downloads	PROBLEM	8	IMP-DL-1608308E70-S001;IMP-DL-1608308E70-S002		YES	NEEDS_EDITORIAL_REVIEW
5e149f8aa94d28c9f79fa59e1f2b522f3d62dd8a48877f0d4b415b4bf506b703	SEM-5E149F8AA94D	IMP-DL-D4351A3BBD-P037	2	IMP-DL-D4351A3BBD-P037;IMP-M2-721AD91C7F-P037	Downloads/theory-of-geometry-IV.tex;MATH-ALLS-2/theory-of-geometry-IV.tex	Downloads;MATH-ALLS-2	PROBLEM	statement	IMP-DL-D4351A3BBD-S015;IMP-M2-721AD91C7F-S015		YES	NEEDS_EDITORIAL_REVIEW
5e48344d927d4c50268dea3ca1a45b8ced79f3974e4c5f767d50b53becd03b91	SEM-5E48344D927D	IMP-DL-316AE183C3-P012	2	IMP-DL-316AE183C3-P012;IMP-M2-303BB87ACE-P012	Downloads/theory-of-analysis-functions.tex;MATH-ALLS-2/theory-of-analysis-functions.tex	Downloads;MATH-ALLS-2	EXERCISE	9	IMP-DL-316AE183C3-S001;IMP-M2-303BB87ACE-S001		YES	NEEDS_EDITORIAL_REVIEW
5e6190abbdf15fd10589e899ba79c05e071e7c20ca1b94c9568d4610b3a87acb	SEM-5E6190ABBDF1	IMP-DL-6447F1B120-P009	1	IMP-DL-6447F1B120-P009	Downloads/theory-of-algebraic-topology-11.tex	Downloads	PROBLEM_ITEM				NO	NEEDS_EDITORIAL_REVIEW
5e660fc9cfeac0b6856f29ce2c054dfdaa578e66642e17180e903db1319bc105	SEM-5E660FC9CFEA	IMP-DL-E88547CF67-P035	2	IMP-DL-E88547CF67-P035;IMP-M2-80D8AED0FF-P035	Downloads/theory-of-geometry-3.tex;MATH-ALLS-2/theory-of-geometry-3.tex	Downloads;MATH-ALLS-2	PROBLEM	13.			NO	NEEDS_EDITORIAL_REVIEW
5e755ccd056096523519a4cc184daffb96f7d7877407756c9cb3ec033800c0a7	SEM-5E755CCD0560	IMP-DL-592BD0798C-P005	2	IMP-DL-592BD0798C-P005;IMP-M3-1FB8799CDC-P005	Downloads/theory-of-commutative-algebra-8.tex;MATH_ALLS-3/theory-of-commutative-algebra-8.tex	Downloads;MATH_ALLS-3	WORKED_EXAMPLE	1			NO	NEEDS_EDITORIAL_REVIEW
5e7e8ac20bd16849f11dbfbdde15a3862ed569197c41d757dd6eda8adee965ee	SEM-5E7E8AC20BD1	IMP-DL-2370D81D66-P043	2	IMP-DL-2370D81D66-P043;IMP-M2-D036BAB254-P043	Downloads/theory-of-analysis-FD.tex;MATH-ALLS-2/theory-of-analysis-FD.tex	Downloads;MATH-ALLS-2	EXERCISE_ITEM				NO	NEEDS_EDITORIAL_REVIEW
5e854a212e680814ff17fbe0f56116a445e8e68f7e12bda3f1d6856ee8688a38	SEM-5E854A212E68	IMP-DL-592BD0798C-P006	2	IMP-DL-592BD0798C-P006;IMP-M3-1FB8799CDC-P006	Downloads/theory-of-commutative-algebra-8.tex;MATH_ALLS-3/theory-of-commutative-algebra-8.tex	Downloads;MATH_ALLS-3	WORKED_EXAMPLE	2			NO	NEEDS_EDITORIAL_REVIEW
5e86a3cc8cfca31f1fe1219277d2cb5b22474e6ea01e2e59e1e4c669e73656f3	SEM-5E86A3CC8CFC	IMP-DL-A978FB3162-P080	1	IMP-DL-A978FB3162-P080	Downloads/theory-of-algebraic-topology-4.tex	Downloads	PROBLEM_ITEM				NO	NEEDS_EDITORIAL_REVIEW
5e9af9804eba9a412b721c1fa599e9d1ad14b2cc252088f9557dbbb9a4510490	SEM-5E9AF9804EBA	IMP-DL-C451A3D75C-P001	2	IMP-DL-C451A3D75C-P001;IMP-M2-665A988535-P001	Downloads/merged_exercises (2).tex;MATH-ALLS-2/merged_exercises (2).tex	Downloads;MATH-ALLS-2	EXERCISE	3.1			NO	NEEDS_EDITORIAL_REVIEW
5eadcb2333a8e4773a7333348511722efebbbb3e7f05cb1459c43ed8cfd2cf53	SEM-5EADCB2333A8	IMP-DL-4DEBE28720-P022	2	IMP-DL-4DEBE28720-P022;IMP-M3-8E395763C8-P022	Downloads/theory-of-commutative-algebra-13.tex;MATH_ALLS-3/theory-of-commutative-algebra-13.tex	Downloads;MATH_ALLS-3	WORKED_EXAMPLE				NO	NEEDS_EDITORIAL_REVIEW
5ebbc01436ac4b700b2c8d223062c24d5a8060d5574a780ea4aae16de36b0bee	SEM-5EBBC01436AC	IMP-DL-A978FB3162-P039	1	IMP-DL-A978FB3162-P039	Downloads/theory-of-algebraic-topology-4.tex	Downloads	PROBLEM_ITEM				NO	NEEDS_EDITORIAL_REVIEW
5edf3ffe22952e35bf86c8d748c0cf0f8cc8164dc65a1a2e8bd7b2c85cb0948f	SEM-5EDF3FFE2295	IMP-DL-183AD43C4C-R001902-5EDF3FFE	4	IMP-DL-183AD43C4C-R001902-5EDF3FFE;IMP-DL-20E278E436-R001844-5EDF3FFE;IMP-M2-1895C43FC6-R001902-5EDF3FFE;IMP-M2-50B0B212DD-R001844-5EDF3FFE	Downloads/merged_exercises_FULL_v2 (1).tex;Downloads/theory-of-real-analysis.tex;MATH-ALLS-2/merged_exercises_FULL_v2 (1).tex;MATH-ALLS-2/theory-of-real-analysis.tex	Downloads;MATH-ALLS-2	EXERCISE	8.2	IMP-DL-183AD43C4C-S048;IMP-DL-20E278E436-S048;IMP-M2-1895C43FC6-S048;IMP-M2-50B0B212DD-S048		YES	NEEDS_EDITORIAL_REVIEW
5ee2854c506f81ba9c303afe644bfc1398adfe79e9a70a7abd590fc758634140	SEM-5EE2854C506F	IMP-DL-336732908A-P001	2	IMP-DL-336732908A-P001;IMP-M2-805F474A19-P001	Downloads/theory-of-complex-analysis-next.tex;MATH-ALLS-2/theory-of-complex-analysis-next.tex	Downloads;MATH-ALLS-2	PROBLEM				NO	NEEDS_EDITORIAL_REVIEW
5f04190e3a490ae49c0c0d745ace64a547a5de815bb4d871709f3b854653e840	SEM-5F04190E3A49	IMP-DL-AD9EFCAF62-P023	2	IMP-DL-AD9EFCAF62-P023;IMP-M2-79778E004E-P023	Downloads/theory-of-complex-analysis-2.tex;MATH-ALLS-2/theory-of-complex-analysis-2.tex	Downloads;MATH-ALLS-2	PROBLEM	6			NO	NEEDS_EDITORIAL_REVIEW
5f17badb3b2a0d7fd4315ca99c95052fe93f0e0a989e353e6a1c0a9ef2dbd244	SEM-5F17BADB3B2A	IMP-DL-183AD43C4C-P033	2	IMP-DL-183AD43C4C-P033;IMP-M2-1895C43FC6-P033	Downloads/theory-of-real-analysis.tex;MATH-ALLS-2/theory-of-real-analysis.tex	Downloads;MATH-ALLS-2	EXERCISE	1.1			NO	NEEDS_EDITORIAL_REVIEW
5f1b6d97d2047d1326633ebd259fef9b79621b50c1c116093a3378bd9841f525	SEM-5F1B6D97D204	IMP-DL-E12021E60A-R000640-5F1B6D97	1	IMP-DL-E12021E60A-R000640-5F1B6D97	Downloads/theory-of-algebraic-topology-17.tex	Downloads	EXAMPLE				NO	NEEDS_EDITORIAL_REVIEW
5f2a5a0841bc9c771672e9cee61a04f20ed69d31efd02acbf66f8fc38170d7af	SEM-5F2A5A0841BC	IMP-DL-4DEBE28720-P010	2	IMP-DL-4DEBE28720-P010;IMP-M3-8E395763C8-P010	Downloads/theory-of-commutative-algebra-13.tex;MATH_ALLS-3/theory-of-commutative-algebra-13.tex	Downloads;MATH_ALLS-3	WORKED_EXAMPLE				NO	NEEDS_EDITORIAL_REVIEW
5f38d65c89fd277bec8596ea1594c2b3e29c6168caba4e060882e7315f14a766	SEM-5F38D65C89FD	IMP-DL-38CE6DEB56-P040	2	IMP-DL-38CE6DEB56-P040;IMP-M3-D19BB3C803-P040	Downloads/theory-of-commutative-algebra-14.tex;MATH_ALLS-3/theory-of-commutative-algebra-14.tex	Downloads;MATH_ALLS-3	EXERCISE	8	IMP-DL-38CE6DEB56-S008;IMP-M3-D19BB3C803-S008		YES	NEEDS_EDITORIAL_REVIEW
5f4f669d8d81ba2985938402fa82666de3fcfd68bffdc0072dcc75dbd1c9cf6f	SEM-5F4F669D8D81	IMP-DL-3190BA882C-P004	2	IMP-DL-3190BA882C-P004;IMP-M3-CABB372599-P004	Downloads/theory-of-commutative-algebra-15.tex;MATH_ALLS-3/theory-of-commutative-algebra-15.tex	Downloads;MATH_ALLS-3	EXERCISE_ITEM				NO	NEEDS_EDITORIAL_REVIEW
5f9f4ee64f2c68c97c33d81105fc0428c4f0cf15cae65e851979c948c44aae28	SEM-5F9F4EE64F2C	IMP-DL-3190BA882C-P038	1	IMP-DL-3190BA882C-P038	Downloads/theory-of-commutative-algebra-15.tex	Downloads	WORKED_EXAMPLE				NO	NEEDS_EDITORIAL_REVIEW
5fb0c1b80c815128a80f0639ae1edc3ef86d4e4a50a2d8a7f540a9cc4877ce38	SEM-5FB0C1B80C81	IMP-DL-2370D81D66-P063	2	IMP-DL-2370D81D66-P063;IMP-M2-D036BAB254-P063	Downloads/theory-of-analysis-FD.tex;MATH-ALLS-2/theory-of-analysis-FD.tex	Downloads;MATH-ALLS-2	EXERCISE_ITEM				NO	NEEDS_EDITORIAL_REVIEW
5fb728303be9be0dc869302306e1061955ad296a51aaa9214d5612e64ba5e089	SEM-5FB728303BE9	IMP-DL-E532B44856-R003169-5FB72830	2	IMP-DL-E532B44856-R003169-5FB72830;IMP-M2-C037D998D4-R003169-5FB72830	Downloads/theory-of-analysis-functions-II.tex;MATH-ALLS-2/theory-of-analysis-functions-II.tex	Downloads;MATH-ALLS-2	PROBLEM	statement			NO	NEEDS_EDITORIAL_REVIEW
5fc49d4cb8f5d633b865653cc97a291ca1b1419f026abbd7058b0dae38b636be	SEM-5FC49D4CB8F5	IMP-DL-873C6F4098-P047	2	IMP-DL-873C6F4098-P047;IMP-M2-CFC28ED568-P047	Downloads/theory-of-analysis-II.tex;MATH-ALLS-2/theory-of-analysis-II.tex	Downloads;MATH-ALLS-2	PROBLEM	10	IMP-DL-873C6F4098-S010;IMP-M2-CFC28ED568-S010		YES	NEEDS_EDITORIAL_REVIEW
5fc8ca40e8b612f2f262f1708a960a3a180ab5b4b489135ef4a87a24b48678c3	SEM-5FC8CA40E8B6	IMP-DL-0EB9CBD958-P007	2	IMP-DL-0EB9CBD958-P007;IMP-M2-F4C85D52DC-P007	Downloads/theory-of-geometry.tex;MATH-ALLS-2/theory-of-geometry.tex	Downloads;MATH-ALLS-2	WORKED_EXAMPLE				NO	NEEDS_EDITORIAL_REVIEW
5fcdd454e1b5698b3b4a7fa6af0c43a94840a88fbc5e9a2a15abcc980b0ae78a	SEM-5FCDD454E1B5	IMP-DL-2E134BF207-P071	1	IMP-DL-2E134BF207-P071	Downloads/theory-of-algebraic-topology-5.tex	Downloads	WORKED_EXAMPLE	8			NO	NEEDS_EDITORIAL_REVIEW
5fdbd0cc98ccc852d04ae86fe916f65d26058c3526e5f4d6393edfa412a45a48	SEM-5FDBD0CC98CC	IMP-DL-2370D81D66-P016	2	IMP-DL-2370D81D66-P016;IMP-M2-D036BAB254-P016	Downloads/theory-of-analysis-FD.tex;MATH-ALLS-2/theory-of-analysis-FD.tex	Downloads;MATH-ALLS-2	EXERCISE_ITEM				NO	NEEDS_EDITORIAL_REVIEW
5febd7f9924e5cf801d007e481f45f52665b5cd1dc9309dfa52abc6a618082e5	SEM-5FEBD7F9924E	IMP-DL-0AC5ADA26C-P010	1	IMP-DL-0AC5ADA26C-P010	Downloads/theory-of-algebraic-topology-8.tex	Downloads	WORKED_EXAMPLE	10			NO	NEEDS_EDITORIAL_REVIEW
5ff8221602c565cab9659461e48076ccca21298b4dc116cec1a56a14326d8f0c	SEM-5FF8221602C5	IMP-DL-40C58AD550-P006	1	IMP-DL-40C58AD550-P006	Downloads/theory-of-algebraic-geometry-4.tex	Downloads	WORKED_EXAMPLE				NO	NEEDS_EDITORIAL_REVIEW
60075c9549a8126a7a2d5152a229d5db39c8285194643623f81f9e80245fb1dd	SEM-60075C9549A8	IMP-DL-314EAD1F3C-SPR004952-60075C95	1	IMP-DL-314EAD1F3C-SPR004952-60075C95	Downloads/theory-of-algebraic-topology-12.tex	Downloads	EXAMPLE	14.5.			NO	NEEDS_EDITORIAL_REVIEW
600ed72f69f648d5039ad01e0bd7d865a86c7ec43b0fb61f805a4c2719bd2a81	SEM-600ED72F69F6	IMP-DL-0EB9CBD958-P055	2	IMP-DL-0EB9CBD958-P055;IMP-M2-F4C85D52DC-P055	Downloads/theory-of-geometry.tex;MATH-ALLS-2/theory-of-geometry.tex	Downloads;MATH-ALLS-2	PROBLEM_ITEM				NO	NEEDS_EDITORIAL_REVIEW
602d6faf3001d7ea1c7328c479b8bbc99c22964f374d43d6c6374213b94fad40	SEM-602D6FAF3001	IMP-DL-7A55205E2C-P004	2	IMP-DL-7A55205E2C-P004;IMP-M2-2D41E1011A-P004	Downloads/theory-of-geometry-4.tex;MATH-ALLS-2/theory-of-geometry-4.tex	Downloads;MATH-ALLS-2	PROBLEM	4	IMP-DL-7A55205E2C-S004;IMP-M2-2D41E1011A-S004		YES	NEEDS_EDITORIAL_REVIEW
604dee838385e5fb3a67297f7538a07feb67a911f512758651f156db75f00bd8	SEM-604DEE838385	IMP-DL-12C1A20716-P028	1	IMP-DL-12C1A20716-P028	Downloads/theory-of-algebraic-topology-10.tex	Downloads	PROBLEM	7			NO	NEEDS_EDITORIAL_REVIEW
6064116c59f4a800b76309671f60f2b371992bbab897998db5b0535cf09eee58	SEM-6064116C59F4	IMP-DL-D4351A3BBD-P031	2	IMP-DL-D4351A3BBD-P031;IMP-M2-721AD91C7F-P031	Downloads/theory-of-geometry-IV.tex;MATH-ALLS-2/theory-of-geometry-IV.tex	Downloads;MATH-ALLS-2	PROBLEM	5			NO	NEEDS_EDITORIAL_REVIEW
60860c155189bc872a13f9eedba5c5ccf04ea48c9119cc08da5bd805f98c5408	SEM-60860C155189	IMP-DL-2E134BF207-F2R003741-60860C15	1	IMP-DL-2E134BF207-F2R003741-60860C15	Downloads/theory-of-algebraic-topology-5.tex	Downloads	EXAMPLE	5			NO	NEEDS_EDITORIAL_REVIEW
60a14273c42d5698fb44909cdb2caed55f48ccb255946d960ee4180f953a5fa1	SEM-60A14273C42D	IMP-DL-D18914CBBD-P029	2	IMP-DL-D18914CBBD-P029;IMP-M3-78B3C1B707-P029	Downloads/theory-of-commutative-algebra-11.tex;MATH_ALLS-3/theory-of-commutative-algebra-11.tex	Downloads;MATH_ALLS-3	WORKED_EXAMPLE	7			NO	NEEDS_EDITORIAL_REVIEW
60a95457e8f0144fa8b4acaca1cea50830598cd8fa09d728d5218e0325bf5986	SEM-60A95457E8F0	IMP-DL-A978FB3162-P049	1	IMP-DL-A978FB3162-P049	Downloads/theory-of-algebraic-topology-4.tex	Downloads	PROBLEM_ITEM				NO	NEEDS_EDITORIAL_REVIEW
60b113bb6694364396987d9513f6cdbb760b18ddc72362817b78234abb7a2c9b	SEM-60B113BB6694	IMP-DL-3C59D9EE8B-P102	2	IMP-DL-3C59D9EE8B-P102;IMP-M3-D1A916E0DD-P102	Downloads/theory-of-commutative-algebra-5-professional-v2.tex;MATH_ALLS-3/theory-of-commutative-algebra-5-professional-v2.tex	Downloads;MATH_ALLS-3	PROBLEM_ITEM				NO	NEEDS_EDITORIAL_REVIEW
60b5cbbcaad4fae6e5570b57a3a4db6f2f2bd121e3bb025e7146c4efd1c9f0dc	SEM-60B5CBBCAAD4	IMP-DL-6447F1B120-P018	1	IMP-DL-6447F1B120-P018	Downloads/theory-of-algebraic-topology-11.tex	Downloads	PROBLEM_ITEM				NO	NEEDS_EDITORIAL_REVIEW
60c95baf8c693df3b8f5e47141628c2663ceb69ede9bbfaf8b63e51f70a32b09	SEM-60C95BAF8C69	IMP-DL-3190BA882C-P019	2	IMP-DL-3190BA882C-P019;IMP-M3-CABB372599-P019	Downloads/theory-of-commutative-algebra-15.tex;MATH_ALLS-3/theory-of-commutative-algebra-15.tex	Downloads;MATH_ALLS-3	WORKED_EXAMPLE				NO	NEEDS_EDITORIAL_REVIEW
60d9c3b3a2ffad49069d4c8e51fce33c84a9a4a8c7ec1c11433dd61ef1390054	SEM-60D9C3B3A2FF	IMP-DL-18BC6F795C-P017	1	IMP-DL-18BC6F795C-P017	Downloads/theory-of-algebraic-topology-9.tex	Downloads	WORKED_EXAMPLE				NO	NEEDS_EDITORIAL_REVIEW
60f9633fa21fd4ad4e111aadb8f9babe870778183d28c315da3329f6013e4521	SEM-60F9633FA21F	IMP-DL-3C59D9EE8B-P018	2	IMP-DL-3C59D9EE8B-P018;IMP-M3-D1A916E0DD-P018	Downloads/theory-of-commutative-algebra-5-professional-v2.tex;MATH_ALLS-3/theory-of-commutative-algebra-5-professional-v2.tex	Downloads;MATH_ALLS-3	PROBLEM_ITEM				NO	NEEDS_EDITORIAL_REVIEW
610ac1d8e830a209b7212a178982ce119dcfaa1a93ead651a18a674f053c48e2	SEM-610AC1D8E830	IMP-DL-8016517B0A-P020	3	IMP-DL-8016517B0A-P020;IMP-M2-2B58694CBF-P020;IMP-M3-911366A7C5-P020	Downloads/theory-of-differential-geometry-1.tex;MATH-ALLS-2/theory-of-differential-geometry-1.tex;MATH_ALLS-3/theory-of-differential-geometry-1.tex	Downloads;MATH-ALLS-2;MATH_ALLS-3	PROBLEM_ITEM	3			NO	NEEDS_EDITORIAL_REVIEW
614f4fea88448d4c590420a9954cb867a3956d0f892460704e9bb4f852bc88fd	SEM-614F4FEA8844	IMP-DL-3E276561C4-P013	2	IMP-DL-3E276561C4-P013;IMP-M3-AB2FCA292B-P013	Downloads/theory-of-linear-algebra-1.tex;MATH_ALLS-3/theory-of-linear-algebra-1.tex	Downloads;MATH_ALLS-3	PROBLEM	3	IMP-DL-3E276561C4-S027;IMP-M3-AB2FCA292B-S027		YES	NEEDS_EDITORIAL_REVIEW
618bad29133c14f284b66e321072bf4c10375f3d186ba4add45b16b6f78a7083	SEM-618BAD29133C	IMP-DL-3D2DB27534-P014	2	IMP-DL-3D2DB27534-P014;IMP-M2-AFF44384C1-P014	Downloads/merged_exercises (1).tex;MATH-ALLS-2/merged_exercises (1).tex	Downloads;MATH-ALLS-2	EXERCISE	2.8			NO	NEEDS_EDITORIAL_REVIEW
61fea8fadaecfcba71cd2691a8a5e2a6f2868a9b3a493c53091aaca6072fc018	SEM-61FEA8FADAEC	IMP-DL-4DEBE28720-P026	2	IMP-DL-4DEBE28720-P026;IMP-M3-8E395763C8-P026	Downloads/theory-of-commutative-algebra-13.tex;MATH_ALLS-3/theory-of-commutative-algebra-13.tex	Downloads;MATH_ALLS-3	EXERCISE_ITEM				NO	NEEDS_EDITORIAL_REVIEW
622321ff104e26ef43180ba2ce64efe2cae2e955ffc1cedeba7588812d2c79b3	SEM-622321FF104E	IMP-DL-E0B80C696E-P015	1	IMP-DL-E0B80C696E-P015	Downloads/theory-of-algebraic-topology-7.tex	Downloads	WORKED_EXAMPLE	3			NO	NEEDS_EDITORIAL_REVIEW
62286d5f403e076539c3bdaf727b052b0a83d0f2351e776198416f6ce9f1fe33	SEM-62286D5F403E	IMP-DL-31FF76D7B8-PSR003953-62286D5F	1	IMP-DL-31FF76D7B8-PSR003953-62286D5F	Downloads/theory-of-algebraic-topology-16.tex	Downloads	EXAMPLE				NO	NEEDS_EDITORIAL_REVIEW
622c06bf4e6c7877590203c5edb473efef4edcae08da31afd966860e0b0343ba	SEM-622C06BF4E6C	IMP-DL-4DEBE28720-P065	2	IMP-DL-4DEBE28720-P065;IMP-M3-8E395763C8-P065	Downloads/theory-of-commutative-algebra-13.tex;MATH_ALLS-3/theory-of-commutative-algebra-13.tex	Downloads;MATH_ALLS-3	WORKED_EXAMPLE	6			NO	NEEDS_EDITORIAL_REVIEW
622d975392dc320e6a92e41c63c2035965acdb25b02b789c3ba2c8a9422e9f67	SEM-622D975392DC	IMP-DL-A11279CC33-P019	2	IMP-DL-A11279CC33-P019;IMP-M3-73E0197CF3-P019	Downloads/theory-of-commutative-algebra-6.tex;MATH_ALLS-3/theory-of-commutative-algebra-6.tex	Downloads;MATH_ALLS-3	WORKED_EXAMPLE				NO	NEEDS_EDITORIAL_REVIEW
62351df2ff0454df9d0a1b76ee90f5d65ae2d0f2647e3749a00bda62bce1be06	SEM-62351DF2FF04	IMP-DL-0EB9CBD958-P073	2	IMP-DL-0EB9CBD958-P073;IMP-M2-F4C85D52DC-P073	Downloads/theory-of-geometry.tex;MATH-ALLS-2/theory-of-geometry.tex	Downloads;MATH-ALLS-2	PROBLEM_ITEM				NO	NEEDS_EDITORIAL_REVIEW
623e27ca7296d142a96452ccdda1c83dd170c510f280b9b54c6fdfab25649dd4	SEM-623E27CA7296	IMP-DL-18BC6F795C-P012	1	IMP-DL-18BC6F795C-P012	Downloads/theory-of-algebraic-topology-9.tex	Downloads	WORKED_EXAMPLE	11			NO	NEEDS_EDITORIAL_REVIEW
625de6babe2f966c078547e6b6533dcaf3a699deea107b955309ac292234d065	SEM-625DE6BABE2F	IMP-DL-D148B51FB7-P015	2	IMP-DL-D148B51FB7-P015;IMP-M3-5A5277EBFB-P015	Downloads/theory-of-differential-geometry-4.tex;MATH_ALLS-3/theory-of-differential-geometry-4.tex	Downloads;MATH_ALLS-3	PROBLEM	6	IMP-DL-D148B51FB7-S006;IMP-M3-5A5277EBFB-S006		YES	NEEDS_EDITORIAL_REVIEW
62701a6b16723e9cc319828ac6f18e9d022a5696919664fb16ccf2af60bd4806	SEM-62701A6B1672	IMP-DL-18BC6F795C-P007	1	IMP-DL-18BC6F795C-P007	Downloads/theory-of-algebraic-topology-9.tex	Downloads	WORKED_EXAMPLE	6			NO	NEEDS_EDITORIAL_REVIEW
629a3588ce1ed296bef2f85f474c322831480826955ee37035280aa624720ebe	SEM-629A3588CE1E	IMP-DL-592BD0798C-P023	2	IMP-DL-592BD0798C-P023;IMP-M3-1FB8799CDC-P023	Downloads/theory-of-commutative-algebra-8.tex;MATH_ALLS-3/theory-of-commutative-algebra-8.tex	Downloads;MATH_ALLS-3	WORKED_EXAMPLE	2			NO	NEEDS_EDITORIAL_REVIEW
62b3be156c07d6ed1b731ba02aff16db8e5c365ff8e45d47df5e8d8c38703ecb	SEM-62B3BE156C07	IMP-DL-E4D9F7AB6B-P001	1	IMP-DL-E4D9F7AB6B-P001	Downloads/theory-of-algebraic-topology-13.tex	Downloads	PROBLEM	1			NO	NEEDS_EDITORIAL_REVIEW
62c66044ec5fc4a8505d1ab8d483abd2e01afd0a5d583e91ca1911cc33e8e65e	SEM-62C66044EC5F	IMP-DL-D18914CBBD-P025	2	IMP-DL-D18914CBBD-P025;IMP-M3-78B3C1B707-P025	Downloads/theory-of-commutative-algebra-11.tex;MATH_ALLS-3/theory-of-commutative-algebra-11.tex	Downloads;MATH_ALLS-3	WORKED_EXAMPLE	3			NO	NEEDS_EDITORIAL_REVIEW
62edd0f887798af196a67d520ff1a6c09e1411b344e4d4a9e2775ee6518c1fb2	SEM-62EDD0F88779	IMP-DL-2E134BF207-F2R003914-62EDD0F8	1	IMP-DL-2E134BF207-F2R003914-62EDD0F8	Downloads/theory-of-algebraic-topology-5.tex	Downloads	EXAMPLE	2			NO	NEEDS_EDITORIAL_REVIEW
62ff9a781b33eb87c22b37e5f74732747a5695d9500ce9ecb8fc4455396f9625	SEM-62FF9A781B33	IMP-DL-117191C0EC-P013	2	IMP-DL-117191C0EC-P013;IMP-M2-40A546CAA2-P013	Downloads/theory-of-analysis-topics.tex;MATH-ALLS-2/theory-of-analysis-topics.tex	Downloads;MATH-ALLS-2	WORKED_EXAMPLE	1			NO	NEEDS_EDITORIAL_REVIEW
632d8e81a42c14fe6bc68ba009a35aaad8e57ba666c4b1dd9b4233fab2e4d3b8	SEM-632D8E81A42C	IMP-DL-A470D9BACB-P002	2	IMP-DL-A470D9BACB-P002;IMP-M2-2850FB9A8A-P002	Downloads/theory-of-geometry-1.tex;MATH-ALLS-2/theory-of-geometry-1.tex	Downloads;MATH-ALLS-2	PROBLEM_ITEM				NO	NEEDS_EDITORIAL_REVIEW
633e514ba977f4f41667d7f26bd4e2074a8a9d6a999166649abfe73ca9d5ffe8	SEM-633E514BA977	IMP-DL-314EAD1F3C-R001989-633E514B	1	IMP-DL-314EAD1F3C-R001989-633E514B	Downloads/theory-of-algebraic-topology-12.tex	Downloads	EXAMPLE	11.4.			NO	NEEDS_EDITORIAL_REVIEW
633ef874e1d473f9f7c0b6d1dfb361d2fc6fe9aaea750d218bd57dc686e8a305	SEM-633EF874E1D4	IMP-DL-6447F1B120-P001	1	IMP-DL-6447F1B120-P001	Downloads/theory-of-algebraic-topology-11.tex	Downloads	PROBLEM	1	IMP-DL-6447F1B120-S001		YES	NEEDS_EDITORIAL_REVIEW
6357cb8980fb8ba8f52aaa2708d3f546437c8bf2d3353ce080415388aca448a5	SEM-6357CB8980FB	IMP-DL-316AE183C3-P027	2	IMP-DL-316AE183C3-P027;IMP-M2-303BB87ACE-P027	Downloads/theory-of-analysis-functions.tex;MATH-ALLS-2/theory-of-analysis-functions.tex	Downloads;MATH-ALLS-2	EXERCISE_ITEM				NO	NEEDS_EDITORIAL_REVIEW
636ae5f081b89f8f471f51a5e454810ce9de45cf784a582a814bfd9cca512b2f	SEM-636AE5F081B8	IMP-DL-494D52343C-P015	4	IMP-DL-494D52343C-P015;IMP-DL-57AE2A96C2-P015;IMP-M3-53FA653D33-P015;IMP-M3-A9D1475E81-P015	Downloads/theory-of-commutative-algebra-7 - Copy.tex;Downloads/theory-of-commutative-algebra-7.tex;MATH_ALLS-3/theory-of-commutative-algebra-7 - Copy.tex;MATH_ALLS-3/theory-of-commutative-algebra-7.tex	Downloads;MATH_ALLS-3	WORKED_EXAMPLE				NO	NEEDS_EDITORIAL_REVIEW
637453bec9b7a1d8485713ac5736a9964ea55181e4e24136aedf65e71e1fb346	SEM-637453BEC9B7	IMP-DL-D18914CBBD-P003	2	IMP-DL-D18914CBBD-P003;IMP-M3-78B3C1B707-P003	Downloads/theory-of-commutative-algebra-11.tex;MATH_ALLS-3/theory-of-commutative-algebra-11.tex	Downloads;MATH_ALLS-3	WORKED_EXAMPLE	3			NO	NEEDS_EDITORIAL_REVIEW
6396dcd34acc85c44d4cac77ad88cf841456bd5f4aa9141b41d0ec3917f0e6e1	SEM-6396DCD34ACC	IMP-DL-3190BA882C-P022	2	IMP-DL-3190BA882C-P022;IMP-M3-CABB372599-P022	Downloads/theory-of-commutative-algebra-15.tex;MATH_ALLS-3/theory-of-commutative-algebra-15.tex	Downloads;MATH_ALLS-3	WORKED_EXAMPLE				NO	NEEDS_EDITORIAL_REVIEW
63a1af78dddfb7c0f12095bf181417b20820216dc7352605a2f21bdeb62196ad	SEM-63A1AF78DDDF	IMP-DL-592BD0798C-P064	2	IMP-DL-592BD0798C-P064;IMP-M3-1FB8799CDC-P064	Downloads/theory-of-commutative-algebra-8.tex;MATH_ALLS-3/theory-of-commutative-algebra-8.tex	Downloads;MATH_ALLS-3	WORKED_EXAMPLE	5			NO	NEEDS_EDITORIAL_REVIEW
63b7fbe54949d9ad66aa1583ccbea9d85538183029e955b0c2080cb405e37875	SEM-63B7FBE54949	IMP-DL-07D84009EA-P015	6	IMP-DL-07D84009EA-P015;IMP-DL-162DBE4483-P015;IMP-DL-995E0CD19D-P015;IMP-M2-0EAC31ED0B-P015;IMP-M2-1403D223C9-P015;IMP-M2-1750FF4FF7-P015	Downloads/merged_exercises_corrected (1).tex;Downloads/merged_exercises_corrected (2).tex;Downloads/merged_exercises_corrected (3).tex;MATH-ALLS-2/merged_exercises_corrected (1).tex;MATH-ALLS-2/merged_exercises_corrected (2).tex;MATH-ALLS-2/merged_exercises_corrected (3).tex	Downloads;MATH-ALLS-2	EXERCISE	3.1			NO	NEEDS_EDITORIAL_REVIEW
63e89b42b4b8af7e530cc345d179ed56cbf32dd92856cc7eab8313b678f5d4ba	SEM-63E89B42B4B8	IMP-DL-494D52343C-P012	4	IMP-DL-494D52343C-P012;IMP-DL-57AE2A96C2-P012;IMP-M3-53FA653D33-P012;IMP-M3-A9D1475E81-P012	Downloads/theory-of-commutative-algebra-7 - Copy.tex;Downloads/theory-of-commutative-algebra-7.tex;MATH_ALLS-3/theory-of-commutative-algebra-7 - Copy.tex;MATH_ALLS-3/theory-of-commutative-algebra-7.tex	Downloads;MATH_ALLS-3	WORKED_EXAMPLE	2			NO	NEEDS_EDITORIAL_REVIEW
63f29293b7ee30cb3a549f59835f151ebe7bab0478e5fa1f3de76d68b17e4841	SEM-63F29293B7EE	IMP-DL-11EDF39EA7-P028	2	IMP-DL-11EDF39EA7-P028;IMP-M2-68556E3D88-P028	Downloads/theory-of-analysis-FD2.tex;MATH-ALLS-2/theory-of-analysis-FD2.tex	Downloads;MATH-ALLS-2	EXERCISE_ITEM				NO	NEEDS_EDITORIAL_REVIEW
6432aeac65135a9bb23811247c2987c98ea0f80c1d99779f91746bd974d4ffbf	SEM-6432AEAC6513	IMP-DL-592BD0798C-P039	2	IMP-DL-592BD0798C-P039;IMP-M3-1FB8799CDC-P039	Downloads/theory-of-commutative-algebra-8.tex;MATH_ALLS-3/theory-of-commutative-algebra-8.tex	Downloads;MATH_ALLS-3	PROBLEM_ITEM				NO	NEEDS_EDITORIAL_REVIEW
643752f5d4cb01add28569251dce0542bdb1642e36b53628644bb71794d06ebb	SEM-643752F5D4CB	IMP-DL-2370D81D66-P060	2	IMP-DL-2370D81D66-P060;IMP-M2-D036BAB254-P060	Downloads/theory-of-analysis-FD.tex;MATH-ALLS-2/theory-of-analysis-FD.tex	Downloads;MATH-ALLS-2	EXERCISE_ITEM				NO	NEEDS_EDITORIAL_REVIEW
643b08117a8d924e027b47c7ca91df8e53df1ecc59bb4d0051e56523fb2eed7f	SEM-643B08117A8D	IMP-DL-2370D81D66-P004	2	IMP-DL-2370D81D66-P004;IMP-M2-D036BAB254-P004	Downloads/theory-of-analysis-FD.tex;MATH-ALLS-2/theory-of-analysis-FD.tex	Downloads;MATH-ALLS-2	EXERCISE	1.3			NO	NEEDS_EDITORIAL_REVIEW
64459629704c2a14cb35f1376ef4d0c650cf4056f30a7c643ef62836ca08fbaa	SEM-64459629704C	IMP-DL-D18914CBBD-P023	2	IMP-DL-D18914CBBD-P023;IMP-M3-78B3C1B707-P023	Downloads/theory-of-commutative-algebra-11.tex;MATH_ALLS-3/theory-of-commutative-algebra-11.tex	Downloads;MATH_ALLS-3	WORKED_EXAMPLE	1			NO	NEEDS_EDITORIAL_REVIEW
647889c989d071bac48937471031fcef3d68a3ff3051a2bb9382d86fc7b427bd	SEM-647889C989D0	IMP-DL-11EDF39EA7-ORR002739-647889C9	1	IMP-DL-11EDF39EA7-ORR002739-647889C9	Downloads/theory-of-analysis-FD2.tex	Downloads	EXERCISE	4.5	IMP-DL-11EDF39EA7-S011;IMP-M2-68556E3D88-S011		YES	NEEDS_EDITORIAL_REVIEW
648ac441f2b157b62bbdbaca564b12331c0a7a269db90b94273c132cdf9c8380	SEM-648AC441F2B1	IMP-DL-D27460A55B-F2R001375-648AC441	1	IMP-DL-D27460A55B-F2R001375-648AC441	Downloads/theory-of-algebraic-geometry-5.tex	Downloads	EXAMPLE	1			NO	NEEDS_EDITORIAL_REVIEW
649ba3596e039e7b01b8846054886cf5437707f33e98e5880feb91ce456c75eb	SEM-649BA3596E03	IMP-DL-1608308E70-P010	1	IMP-DL-1608308E70-P010	Downloads/theory-of-algebraic-topology-14.tex	Downloads	WORKED_EXAMPLE	5			NO	NEEDS_EDITORIAL_REVIEW
64b1815c78681be3867d228bbad52f6a4eba25a274ea3326ff926f13a57d8762	SEM-64B1815C7868	IMP-DL-D6E9B3BC73-P011	2	IMP-DL-D6E9B3BC73-P011;IMP-M3-422B74F85F-P011	Downloads/theory-of-algebraic-topology-1.tex;MATH_ALLS-3/theory-of-algebraic-topology-1.tex	Downloads;MATH_ALLS-3	WORKED_EXAMPLE	2.			NO	NEEDS_EDITORIAL_REVIEW
64bd843344994800cb1266beab456dbf06e75a9c11070f52cfd42be85a4affe4	SEM-64BD84334499	IMP-DL-5431609247-P002	2	IMP-DL-5431609247-P002;IMP-M3-42C904D7D6-P002	Downloads/theory-of-differential-geometry-5.tex;MATH_ALLS-3/theory-of-differential-geometry-5.tex	Downloads;MATH_ALLS-3	WORKED_EXAMPLE				NO	NEEDS_EDITORIAL_REVIEW
64c4780cec980c651e1eaf76456dd208209329278ce4e9eace3a9bc6d37064ed	SEM-64C4780CEC98	IMP-DL-40BD8D3E26-ORR000180-64C4780C	1	IMP-DL-40BD8D3E26-ORR000180-64C4780C	Downloads/theory-of-geometry-2.tex	Downloads	PROBLEM	1	IMP-DL-40BD8D3E26-S001;IMP-M2-0384991A85-S001		YES	NEEDS_EDITORIAL_REVIEW
64d7a2fdc0b5acec3a5481838530d12fd07286aac61bb051cf6d41440e54ff40	SEM-64D7A2FDC0B5	IMP-DL-3E276561C4-P035	2	IMP-DL-3E276561C4-P035;IMP-M3-AB2FCA292B-P035	Downloads/theory-of-linear-algebra-1.tex;MATH_ALLS-3/theory-of-linear-algebra-1.tex	Downloads;MATH_ALLS-3	PROBLEM	5	IMP-DL-3E276561C4-S055;IMP-M3-AB2FCA292B-S055		YES	NEEDS_EDITORIAL_REVIEW
64eca90d0c84a1d94cf5aa1f1ceb5df0663541d926065f8c77e11321035a62c2	SEM-64ECA90D0C84	IMP-DL-1068DBED71-P060	4	IMP-DL-1068DBED71-P060;IMP-DL-CAA415139D-P060;IMP-M3-F4E66B2919-P060;IMP-M3-FCB1647DD6-P060	Downloads/theory-of-commutative-algebra-10.tex;Downloads/theory-of-commutative-algebra-9.tex;MATH_ALLS-3/theory-of-commutative-algebra-10.tex;MATH_ALLS-3/theory-of-commutative-algebra-9.tex	Downloads;MATH_ALLS-3	WORKED_EXAMPLE				NO	NEEDS_EDITORIAL_REVIEW
64fb592826c37a770decfd2960ea03114345aacd4968b6174499d293415048ef	SEM-64FB592826C3	IMP-DL-4DEBE28720-P013	2	IMP-DL-4DEBE28720-P013;IMP-M3-8E395763C8-P013	Downloads/theory-of-commutative-algebra-13.tex;MATH_ALLS-3/theory-of-commutative-algebra-13.tex	Downloads;MATH_ALLS-3	WORKED_EXAMPLE				NO	NEEDS_EDITORIAL_REVIEW
65029011f0b34bb0fc935520746f304347a29105fc926f435de9f0a133ff79ec	SEM-65029011F0B3	IMP-DL-0A181AC273-P005	2	IMP-DL-0A181AC273-P005;IMP-M2-80AFB5AE64-P005	Downloads/theory-of-complex-analysis.tex;MATH-ALLS-2/theory-of-complex-analysis.tex	Downloads;MATH-ALLS-2	EXERCISE_ITEM				NO	NEEDS_EDITORIAL_REVIEW
6506ac8b7316ff267420331535677328b2b4ef90f20603c3b6359077871c0f20	SEM-6506AC8B7316	IMP-DL-A470D9BACB-R000910-6506AC8B	2	IMP-DL-A470D9BACB-R000910-6506AC8B;IMP-M2-2850FB9A8A-R000910-6506AC8B	Downloads/theory-of-geometry-1.tex;MATH-ALLS-2/theory-of-geometry-1.tex	Downloads;MATH-ALLS-2	PROBLEM	9			NO	NEEDS_EDITORIAL_REVIEW
65272d41853f181cbe804f4dce3a1e23e9a646273a7f7048a1e62a218e7b1d51	SEM-65272D41853F	IMP-DL-0EB9CBD958-PSR005364-65272D41	2	IMP-DL-0EB9CBD958-PSR005364-65272D41;IMP-M2-F4C85D52DC-PSR005364-65272D41	Downloads/theory-of-geometry.tex;MATH-ALLS-2/theory-of-geometry.tex	Downloads;MATH-ALLS-2	PROBLEM	3	IMP-DL-0EB9CBD958-S018;IMP-M2-F4C85D52DC-S018		YES	NEEDS_EDITORIAL_REVIEW
653f5b2b4ff354cd658625f98b03a2ce710a9d6f5b57c2280028b56ed0e5115c	SEM-653F5B2B4FF3	IMP-DL-2E134BF207-R003065-653F5B2B	1	IMP-DL-2E134BF207-R003065-653F5B2B	Downloads/theory-of-algebraic-topology-5.tex	Downloads	PROBLEM	2			NO	NEEDS_EDITORIAL_REVIEW
654d6ead41477053a7c1c962be2402f54158b227ffbe3a554b67eb82e78bfa1e	SEM-654D6EAD4147	IMP-DL-2370D81D66-P073	2	IMP-DL-2370D81D66-P073;IMP-M2-D036BAB254-P073	Downloads/theory-of-analysis-FD.tex;MATH-ALLS-2/theory-of-analysis-FD.tex	Downloads;MATH-ALLS-2	WORKED_EXAMPLE	A			NO	NEEDS_EDITORIAL_REVIEW
65563d5177da2e6580c653cd79f1d717f942fd9c91e1ef5ea18d8fd23256abe0	SEM-65563D5177DA	IMP-DL-2B81C66D0F-R000844-65563D51	2	IMP-DL-2B81C66D0F-R000844-65563D51;IMP-M3-84A516D889-R000836-65563D51	Downloads/theory-of-algebraic-topology-2.tex;MATH_ALLS-3/theory-of-algebraic-topology-2.tex	Downloads;MATH_ALLS-3	EXAMPLE	5			NO	NEEDS_EDITORIAL_REVIEW
65591a05c670841ec707ed8d1c5b73b9044048c53e226eb0c3add912d09263ce	SEM-65591A05C670	IMP-DL-E0B80C696E-P004	1	IMP-DL-E0B80C696E-P004	Downloads/theory-of-algebraic-topology-7.tex	Downloads	WORKED_EXAMPLE				NO	NEEDS_EDITORIAL_REVIEW
65785561211b955bcdb65375be7dad40c79731950baf74309e2737260554c2e4	SEM-65785561211B	IMP-DL-2E134BF207-P074	1	IMP-DL-2E134BF207-P074	Downloads/theory-of-algebraic-topology-5.tex	Downloads	PROBLEM	3	IMP-DL-2E134BF207-S007		YES	NEEDS_EDITORIAL_REVIEW
6591030783a864c98f6c29bca59519a4d427f1dda7800e51f3ccbc96915a5f0e	SEM-6591030783A8	IMP-DL-E88547CF67-P014	2	IMP-DL-E88547CF67-P014;IMP-M2-80D8AED0FF-P014	Downloads/theory-of-geometry-3.tex;MATH-ALLS-2/theory-of-geometry-3.tex	Downloads;MATH-ALLS-2	PROBLEM	12			NO	NEEDS_EDITORIAL_REVIEW
65bc9e4cc5b385a946c555308289ec1698f08fa2ded7bfc77760ef44bcd16614	SEM-65BC9E4CC5B3	IMP-DL-0AC5ADA26C-P015	1	IMP-DL-0AC5ADA26C-P015	Downloads/theory-of-algebraic-topology-8.tex	Downloads	WORKED_EXAMPLE	5			NO	NEEDS_EDITORIAL_REVIEW
65bfee03fd5345f4b0ec4c7463d80ec142b97538167eedb3b3e6e7648eccc44d	SEM-65BFEE03FD53	IMP-DL-1068DBED71-P004	4	IMP-DL-1068DBED71-P004;IMP-DL-CAA415139D-P004;IMP-M3-F4E66B2919-P004;IMP-M3-FCB1647DD6-P004	Downloads/theory-of-commutative-algebra-10.tex;Downloads/theory-of-commutative-algebra-9.tex;MATH_ALLS-3/theory-of-commutative-algebra-10.tex;MATH_ALLS-3/theory-of-commutative-algebra-9.tex	Downloads;MATH_ALLS-3	WORKED_EXAMPLE				NO	NEEDS_EDITORIAL_REVIEW
65cd6455235794f966671a9bae68cc52426eb5d32b23d8cdc779c73c2987f301	SEM-65CD64552357	IMP-DL-D18914CBBD-P073	2	IMP-DL-D18914CBBD-P073;IMP-M3-78B3C1B707-P073	Downloads/theory-of-commutative-algebra-11.tex;MATH_ALLS-3/theory-of-commutative-algebra-11.tex	Downloads;MATH_ALLS-3	WORKED_EXAMPLE	2			NO	NEEDS_EDITORIAL_REVIEW
65e4d7efb34775dc08ac0fbce216cea689aa82f00f71e84eef632033f3eed9df	SEM-65E4D7EFB347	IMP-DL-31FF76D7B8-PSR003737-65E4D7EF	1	IMP-DL-31FF76D7B8-PSR003737-65E4D7EF	Downloads/theory-of-algebraic-topology-16.tex	Downloads	EXAMPLE				NO	NEEDS_EDITORIAL_REVIEW
65e6cecb3b973b0f4d2bf2927a35054b1247be2acebb8335eda98d6dc8a5797e	SEM-65E6CECB3B97	IMP-DL-6447F1B120-P006	1	IMP-DL-6447F1B120-P006	Downloads/theory-of-algebraic-topology-11.tex	Downloads	PROBLEM	5.	IMP-DL-6447F1B120-S004		YES	NEEDS_EDITORIAL_REVIEW
65fc97a9b2952cde5e83ffaf08fad70279402698cb4c397e688b4f423e559529	SEM-65FC97A9B295	IMP-DL-1608308E70-P014	1	IMP-DL-1608308E70-P014	Downloads/theory-of-algebraic-topology-14.tex	Downloads	WORKED_EXAMPLE	9			NO	NEEDS_EDITORIAL_REVIEW
6613ecf84b7cfa7d6c27a8d80984597f0e038394d2c58a434f92025ae3fe4c78	SEM-6613ECF84B7C	IMP-DL-A978FB3162-P056	1	IMP-DL-A978FB3162-P056	Downloads/theory-of-algebraic-topology-4.tex	Downloads	WORKED_EXAMPLE	2			NO	NEEDS_EDITORIAL_REVIEW
662c21861fd8e2c045acc920577d8c9718c907b6143e7fb64e8f96ecfd17900f	SEM-662C21861FD8	IMP-DL-1608308E70-P013	1	IMP-DL-1608308E70-P013	Downloads/theory-of-algebraic-topology-14.tex	Downloads	WORKED_EXAMPLE	8			NO	NEEDS_EDITORIAL_REVIEW
662ce58370e2b706a88f5aba362f6716171f8e3348fe74d6f785a7477d358736	SEM-662CE58370E2	IMP-DL-D4351A3BBD-P030	2	IMP-DL-D4351A3BBD-P030;IMP-M2-721AD91C7F-P030	Downloads/theory-of-geometry-IV.tex;MATH-ALLS-2/theory-of-geometry-IV.tex	Downloads;MATH-ALLS-2	WORKED_EXAMPLE				NO	NEEDS_EDITORIAL_REVIEW
662ff280541a0b6fe21578fd12e98c394cab61f4fd14b9c6bf12264fa0f2ae32	SEM-662FF280541A	IMP-DL-14663C23F1-P015	2	IMP-DL-14663C23F1-P015;IMP-M2-155017A9AF-P015	Downloads/theory-of-geometry-III.tex;MATH-ALLS-2/theory-of-geometry-III.tex	Downloads;MATH-ALLS-2	WORKED_EXAMPLE				NO	NEEDS_EDITORIAL_REVIEW
6630978385f94496b20982a6223f4a09c0843e0ea036c1a31d040c9ca7301d4d	SEM-6630978385F9	IMP-DL-A11279CC33-P008	2	IMP-DL-A11279CC33-P008;IMP-M3-73E0197CF3-P008	Downloads/theory-of-commutative-algebra-6.tex;MATH_ALLS-3/theory-of-commutative-algebra-6.tex	Downloads;MATH_ALLS-3	WORKED_EXAMPLE				NO	NEEDS_EDITORIAL_REVIEW
665643d85a3e04f7d943742fda57f6f6d7f611a0dbf94ed89f9d49f00504a582	SEM-665643D85A3E	IMP-DL-E12021E60A-P020	1	IMP-DL-E12021E60A-P020	Downloads/theory-of-algebraic-topology-17.tex	Downloads	WORKED_EXAMPLE	1			NO	NEEDS_EDITORIAL_REVIEW
6659e504726b514deba157c508b0e05b968adf0c6665a585c285f6344241466a	SEM-6659E504726B	IMP-DL-0A217E8BCD-P002	12	IMP-DL-0A217E8BCD-P002;IMP-DL-24F3C73572-P002;IMP-DL-37DE380B2B-P002;IMP-DL-94DDCADD19-P002;IMP-DL-E69AEC0DA9-P018;IMP-DL-E69AEC0DA9-P019;IMP-M2-7B5FF567F8-P002;IMP-M2-92BD895D6F-P002;IMP-M2-9973B94511-P002;IMP-M2-BC23C57F39-P018;IMP-M2-BC23C57F39-P019;IMP-M2-DE72D4A50D-P002	Downloads/merged_exercises_FULL (1).tex;Downloads/merged_exercises_FULL.tex;Downloads/merged_exercises_corrected (4).tex;Downloads/merged_exercises_corrected (8).tex;Downloads/merged_exercises_corrected (9).tex;MATH-ALLS-2/merged_exercises_FULL (1).tex;MATH-ALLS-2/merged_exercises_FULL.tex;MATH-ALLS-2/merged_exercises_corrected (4).tex;MATH-ALLS-2/merged_exercises_corrected (8).tex;MATH-ALLS-2/merged_exercises_corrected (9).tex	Downloads;MATH-ALLS-2	EXERCISE	3.4			NO	NEEDS_EDITORIAL_REVIEW
6684bfdf8a3cb1434e3213e3b1aedfdd9512187a1a4aafff6aa631d3b36738e3	SEM-6684BFDF8A3C	IMP-DL-40BD8D3E26-R002945-6684BFDF	2	IMP-DL-40BD8D3E26-R002945-6684BFDF;IMP-M2-0384991A85-R002945-6684BFDF	Downloads/theory-of-geometry-2.tex;MATH-ALLS-2/theory-of-geometry-2.tex	Downloads;MATH-ALLS-2	EXAMPLE	2			NO	NEEDS_EDITORIAL_REVIEW
66864798ccfcf3f3cce3d01f175b06431617d049d13c7e35e03d235c5c4fa83a	SEM-66864798CCFC	IMP-DL-8016517B0A-PSR002811-66864798	3	IMP-DL-8016517B0A-PSR002811-66864798;IMP-M2-2B58694CBF-PSR002811-66864798;IMP-M3-911366A7C5-PSR002811-66864798	Downloads/theory-of-differential-geometry-1.tex;MATH-ALLS-2/theory-of-differential-geometry-1.tex;MATH_ALLS-3/theory-of-differential-geometry-1.tex	Downloads;MATH-ALLS-2;MATH_ALLS-3	PROBLEM	4			NO	NEEDS_EDITORIAL_REVIEW
6688d3e961dde6f50df4c244677deeed6eb87a5becf7928974cf8a22c542d03d	SEM-6688D3E961DD	IMP-DL-0A181AC273-P002	2	IMP-DL-0A181AC273-P002;IMP-M2-80AFB5AE64-P002	Downloads/theory-of-complex-analysis.tex;MATH-ALLS-2/theory-of-complex-analysis.tex	Downloads;MATH-ALLS-2	EXERCISE_ITEM				NO	NEEDS_EDITORIAL_REVIEW
669470c3ce8864779f8cc856513cb010fba6593fd94364c0727fcb44b81615a1	SEM-669470C3CE88	IMP-DL-CB3C80FF97-P013	2	IMP-DL-CB3C80FF97-P013;IMP-M2-7B5A4788C1-P013	Downloads/theory-of-complex-analysis-topology.tex;MATH-ALLS-2/theory-of-complex-analysis-topology.tex	Downloads;MATH-ALLS-2	PROBLEM_ITEM				NO	NEEDS_EDITORIAL_REVIEW
669df650c957911ad4cdfdaa0b6ab786c991f1bb9c341f6fbedf17020a9ee78c	SEM-669DF650C957	IMP-DL-314EAD1F3C-R002421-669DF650	1	IMP-DL-314EAD1F3C-R002421-669DF650	Downloads/theory-of-algebraic-topology-12.tex	Downloads	PROBLEM	13			NO	NEEDS_EDITORIAL_REVIEW
66d07024998807e2e16070427cbda004a66d6ce84fa2f7370c074c4ada720908	SEM-66D070249988	IMP-DL-0EB9CBD958-P067	2	IMP-DL-0EB9CBD958-P067;IMP-M2-F4C85D52DC-P067	Downloads/theory-of-geometry.tex;MATH-ALLS-2/theory-of-geometry.tex	Downloads;MATH-ALLS-2	PROBLEM_ITEM				NO	NEEDS_EDITORIAL_REVIEW
66d8ab592619b937beac75cd861562ec939419cc2886dab346fe5785c09c6342	SEM-66D8AB592619	IMP-DL-40BD8D3E26-P013	2	IMP-DL-40BD8D3E26-P013;IMP-M2-0384991A85-P013	Downloads/theory-of-geometry-2.tex;MATH-ALLS-2/theory-of-geometry-2.tex	Downloads;MATH-ALLS-2	EXERCISE	5			NO	NEEDS_EDITORIAL_REVIEW
66f0631525f9c66f6d81fd04d9dbf08f99e3f8a7a05d5f5f365ae01396f0113a	SEM-66F0631525F9	IMP-DL-721195CCB5-P009	1	IMP-DL-721195CCB5-P009	Downloads/theory-of-algebraic-geometry-11.tex	Downloads	PROBLEM	4			NO	NEEDS_EDITORIAL_REVIEW
673d75b72dd03b2e455d010b35f5e28fc29ade560126779d8e08cc4209d87e4f	SEM-673D75B72DD0	IMP-DL-6B513C0C2F-PSR001205-673D75B7	1	IMP-DL-6B513C0C2F-PSR001205-673D75B7	Downloads/theory-of-algebraic-geometry-10.tex	Downloads	EXAMPLE	8			NO	NEEDS_EDITORIAL_REVIEW
673ff244a0d551396a3abb4fb56bc6a4a4d489ca4050b82f5dc3b35965b0bff4	SEM-673FF244A0D5	IMP-DL-1608308E70-P012	1	IMP-DL-1608308E70-P012	Downloads/theory-of-algebraic-topology-14.tex	Downloads	WORKED_EXAMPLE	7			NO	NEEDS_EDITORIAL_REVIEW
675176ac7cac151981182f5434141deceaf03cc741657d2710730028d0e89fcb	SEM-675176AC7CAC	IMP-DL-11EDF39EA7-P038	2	IMP-DL-11EDF39EA7-P038;IMP-M2-68556E3D88-P038	Downloads/theory-of-analysis-FD2.tex;MATH-ALLS-2/theory-of-analysis-FD2.tex	Downloads;MATH-ALLS-2	EXERCISE_ITEM				NO	NEEDS_EDITORIAL_REVIEW
675c7184c597c7a66bc12a84f239dc5d31d00dad0204053c02b3429b27d329c3	SEM-675C7184C597	IMP-DL-535B6F59C6-SPR001745-675C7184	2	IMP-DL-535B6F59C6-SPR001745-675C7184;IMP-M3-0753B8F46B-SPR001745-675C7184	Downloads/theory-of-commutative-algebra-4.tex;MATH_ALLS-3/theory-of-commutative-algebra-4.tex	Downloads;MATH_ALLS-3	EXAMPLE	1.			NO	NEEDS_EDITORIAL_REVIEW
675f777997ee6563bda03577ac6096bb50da874e7a7d7b566bf84906e5df2e39	SEM-675F777997EE	IMP-DL-3E276561C4-R000740-675F7779	4	IMP-DL-3E276561C4-R000740-675F7779;IMP-DL-7AFEF11659-R000738-675F7779;IMP-M3-AB2FCA292B-R000740-675F7779;IMP-M3-AC7E1F63D1-R000738-675F7779	Downloads/theory-of-differential-geometry-3.tex;Downloads/theory-of-linear-algebra-1.tex;MATH_ALLS-3/theory-of-differential-geometry-3.tex;MATH_ALLS-3/theory-of-linear-algebra-1.tex	Downloads;MATH_ALLS-3	PROBLEM	6	IMP-DL-3E276561C4-S006;IMP-DL-7AFEF11659-S006;IMP-M3-AB2FCA292B-S006;IMP-M3-AC7E1F63D1-S006		YES	NEEDS_EDITORIAL_REVIEW
6778d4141de94be659d3534d23b5b21efdd2b604184205c133b55a650e0b7629	SEM-6778D4141DE9	IMP-DL-4DEBE28720-P007	2	IMP-DL-4DEBE28720-P007;IMP-M3-8E395763C8-P007	Downloads/theory-of-commutative-algebra-13.tex;MATH_ALLS-3/theory-of-commutative-algebra-13.tex	Downloads;MATH_ALLS-3	WORKED_EXAMPLE				NO	NEEDS_EDITORIAL_REVIEW
678ab57bfa1f130600377a2946243864f568b6e375a81ef8e723dbffc333ce78	SEM-678AB57BFA1F	IMP-DL-0421543680-P001	24	IMP-DL-0421543680-P001;IMP-DL-0A217E8BCD-P001;IMP-DL-183AD43C4C-P017;IMP-DL-20E278E436-P017;IMP-DL-2105C1635F-P001;IMP-DL-24F3C73572-P001;IMP-DL-37DE380B2B-P001;IMP-DL-77AFEAC262-P001;IMP-DL-890EB1F6EA-P017;IMP-DL-94DDCADD19-P001;IMP-DL-E1A3534053-P001;IMP-DL-E69AEC0DA9-P017;IMP-M2-1895C43FC6-P017;IMP-M2-247F11AD55-P001;IMP-M2-42249FE2F6-P001;IMP-M2-50B0B212DD-P017;IMP-M2-525599455D-P001;IMP-M2-6D7FCEA253-P017;IMP-M2-7B5FF567F8-P001;IMP-M2-92BD895D6F-P001;IMP-M2-9973B94511-P001;IMP-M2-BC23C57F39-P017;IMP-M2-DE72D4A50D-P001;IMP-M2-F3944A3F22-P001	Downloads/merged_exercises_FULL (1).tex;Downloads/merged_exercises_FULL (2).tex;Downloads/merged_exercises_FULL.tex;Downloads/merged_exercises_FULL_v2 (1).tex;Downloads/merged_exercises_FULL_v2.tex;Downloads/merged_exercises_corrected (4).tex;Downloads/merged_exercises_corrected (5).tex;Downloads/merged_exercises_corrected (6).tex;Downloads/merged_exercises_corrected (7).tex;Downloads/merged_exercises_corrected (8).tex;Downloads/merged_exercises_corrected (9).tex;Downloads/theory-of-real-analysis.tex;MATH-ALLS-2/merged_exercises_FULL (1).tex;MATH-ALLS-2/merged_exercises_FULL (2).tex;MATH-ALLS-2/merged_exercises_FULL.tex;MATH-ALLS-2/merged_exercises_FULL_v2 (1).tex;MATH-ALLS-2/merged_exercises_FULL_v2.tex;MATH-ALLS-2/merged_exercises_corrected (4).tex;MATH-ALLS-2/merged_exercises_corrected (5).tex;MATH-ALLS-2/merged_exercises_corrected (6).tex;MATH-ALLS-2/merged_exercises_corrected (7).tex;MATH-ALLS-2/merged_exercises_corrected (8).tex;MATH-ALLS-2/merged_exercises_corrected (9).tex;MATH-ALLS-2/theory-of-real-analysis.tex	Downloads;MATH-ALLS-2	EXERCISE	3.3			NO	NEEDS_EDITORIAL_REVIEW
67b70b34bac68dba832ababb0ca3fd1b2698a9a1beb224ccaf45d70888ebe43f	SEM-67B70B34BAC6	IMP-DL-4DEBE28720-P048	2	IMP-DL-4DEBE28720-P048;IMP-M3-8E395763C8-P048	Downloads/theory-of-commutative-algebra-13.tex;MATH_ALLS-3/theory-of-commutative-algebra-13.tex	Downloads;MATH_ALLS-3	WORKED_EXAMPLE				NO	NEEDS_EDITORIAL_REVIEW
67ded6afc4d3f29c32e91cf031a6499f9548438164cabf4cb97263456f3e49d2	SEM-67DED6AFC4D3	IMP-DL-592BD0798C-P025	2	IMP-DL-592BD0798C-P025;IMP-M3-1FB8799CDC-P025	Downloads/theory-of-commutative-algebra-8.tex;MATH_ALLS-3/theory-of-commutative-algebra-8.tex	Downloads;MATH_ALLS-3	WORKED_EXAMPLE	B			NO	NEEDS_EDITORIAL_REVIEW
68047675de6f06e5fa0d08b76dba6f9b240f9cdfc553fa006a9c76238ec141e9	SEM-68047675DE6F	IMP-DL-0E3E7EC766-R000712-68047675	1	IMP-DL-0E3E7EC766-R000712-68047675	Downloads/theory-of-algebraic-geometry-1.tex	Downloads	PROBLEM	3	IMP-DL-0E3E7EC766-S003		YES	NEEDS_EDITORIAL_REVIEW
68084f8f198578721c5544666ba97315859b1a42b5a2fe9293f3c39d7af884c1	SEM-68084F8F1985	IMP-DL-3C59D9EE8B-P044	2	IMP-DL-3C59D9EE8B-P044;IMP-M3-D1A916E0DD-P044	Downloads/theory-of-commutative-algebra-5-professional-v2.tex;MATH_ALLS-3/theory-of-commutative-algebra-5-professional-v2.tex	Downloads;MATH_ALLS-3	PROBLEM_ITEM				NO	NEEDS_EDITORIAL_REVIEW
68199ee6c7854d47c5575a1fd5f23e945aff04000bb2c12c8f8547a595c6f915	SEM-68199EE6C785	IMP-DL-15679DEE8D-P005	6	IMP-DL-15679DEE8D-P005;IMP-DL-3CA1CB77F7-P005;IMP-DL-E0A96454A5-P005;IMP-M2-1D2863B81A-P005;IMP-M2-D47CB97304-P005;IMP-M2-F08D4144EA-P005	Downloads/theory-of-analysis - Copy.tex;Downloads/theory-of-analysis-numbers.tex;Downloads/theory-of-analysis.tex;MATH-ALLS-2/theory-of-analysis - Copy.tex;MATH-ALLS-2/theory-of-analysis-numbers.tex;MATH-ALLS-2/theory-of-analysis.tex	Downloads;MATH-ALLS-2	WORKED_EXAMPLE				NO	NEEDS_EDITORIAL_REVIEW
68279895c5589cd9b257d3f9b2448053c7148a365a4ef7a2e48ad668962058bb	SEM-68279895C558	IMP-DL-067214B351-P006	2	IMP-DL-067214B351-P006;IMP-DL-067214B351-PSR004191-68279895	Downloads/theory-of-algebraic-topology-15.tex	Downloads	PROBLEM	6			NO	NEEDS_EDITORIAL_REVIEW
683ea597297b28462b7d0731658e1f0be7f577bc4c3ed38713af5c5e3824d7c9	SEM-683EA597297B	IMP-DL-D6E9B3BC73-R001499-683EA597	2	IMP-DL-D6E9B3BC73-R001499-683EA597;IMP-M3-422B74F85F-R001496-683EA597	Downloads/theory-of-algebraic-topology-1.tex;MATH_ALLS-3/theory-of-algebraic-topology-1.tex	Downloads;MATH_ALLS-3	EXAMPLE	2			NO	NEEDS_EDITORIAL_REVIEW
684aade57bb87bc6d3b7d35e1d23e2e227009097fec6d355d15dcd9bd50be466	SEM-684AADE57BB8	IMP-DL-D18914CBBD-P005	2	IMP-DL-D18914CBBD-P005;IMP-M3-78B3C1B707-P005	Downloads/theory-of-commutative-algebra-11.tex;MATH_ALLS-3/theory-of-commutative-algebra-11.tex	Downloads;MATH_ALLS-3	WORKED_EXAMPLE	5			NO	NEEDS_EDITORIAL_REVIEW
6865ff23ee6e636ff3b08dce954f579d9130feadbb1aa764b7b363b2696c7b1f	SEM-6865FF23EE6E	IMP-DL-CB3C80FF97-P019	2	IMP-DL-CB3C80FF97-P019;IMP-M2-7B5A4788C1-P019	Downloads/theory-of-complex-analysis-topology.tex;MATH-ALLS-2/theory-of-complex-analysis-topology.tex	Downloads;MATH-ALLS-2	PROBLEM_ITEM		IMP-DL-CB3C80FF97-S013;IMP-M2-7B5A4788C1-S013		YES	NEEDS_EDITORIAL_REVIEW
6897b1bf0594771b146266c3ab212128b17db22d9cd129c41bdb24102b268d84	SEM-6897B1BF0594	IMP-DL-0AC5ADA26C-P034	1	IMP-DL-0AC5ADA26C-P034	Downloads/theory-of-algebraic-topology-8.tex	Downloads	WORKED_EXAMPLE	5			NO	NEEDS_EDITORIAL_REVIEW
68bbd25e5eb4ed31880c4b1cb49f10bbedfe59523ba7b2957cd0ca25fab063fc	SEM-68BBD25E5EB4	IMP-DL-316AE183C3-P074	2	IMP-DL-316AE183C3-P074;IMP-M2-303BB87ACE-P074	Downloads/theory-of-analysis-functions.tex;MATH-ALLS-2/theory-of-analysis-functions.tex	Downloads;MATH-ALLS-2	EXERCISE_ITEM				NO	NEEDS_EDITORIAL_REVIEW
68cb834d6d1196e0f4ebfacabbe5fcc8ff0a46ab6ae3871af812b009bc68307d	SEM-68CB834D6D11	IMP-DL-2370D81D66-P052	2	IMP-DL-2370D81D66-P052;IMP-M2-D036BAB254-P052	Downloads/theory-of-analysis-FD.tex;MATH-ALLS-2/theory-of-analysis-FD.tex	Downloads;MATH-ALLS-2	EXERCISE_ITEM				NO	NEEDS_EDITORIAL_REVIEW
68ecbda49cac0f0103d74efa4e29e67a0820cb0be0e66e3bf3ddf04737d99a8c	SEM-68ECBDA49CAC	IMP-DL-0EB9CBD958-P030	2	IMP-DL-0EB9CBD958-P030;IMP-M2-F4C85D52DC-P030	Downloads/theory-of-geometry.tex;MATH-ALLS-2/theory-of-geometry.tex	Downloads;MATH-ALLS-2	PROBLEM_ITEM				NO	NEEDS_EDITORIAL_REVIEW
68f12a044976cc40d37ea26a5c691975dd148fd649073f32c67057a5457e31df	SEM-68F12A044976	IMP-DL-CB3C80FF97-P041	2	IMP-DL-CB3C80FF97-P041;IMP-M2-7B5A4788C1-P041	Downloads/theory-of-complex-analysis-topology.tex;MATH-ALLS-2/theory-of-complex-analysis-topology.tex	Downloads;MATH-ALLS-2	PROBLEM_ITEM				NO	NEEDS_EDITORIAL_REVIEW
68f14622ccd005eaa960eddef65bdf25fa4f26ded83cf20814a9178e54e97d91	SEM-68F14622CCD0	IMP-DL-11EDF39EA7-P034	2	IMP-DL-11EDF39EA7-P034;IMP-M2-68556E3D88-P034	Downloads/theory-of-analysis-FD2.tex;MATH-ALLS-2/theory-of-analysis-FD2.tex	Downloads;MATH-ALLS-2	EXERCISE_ITEM				NO	NEEDS_EDITORIAL_REVIEW
68f80b4906799c154dcf96c5fdd133154b6fbd236387828bca3cf97b7d2e904f	SEM-68F80B490679	IMP-DL-6B513C0C2F-PSR005500-68F80B49	1	IMP-DL-6B513C0C2F-PSR005500-68F80B49	Downloads/theory-of-algebraic-geometry-10.tex	Downloads	EXAMPLE	7			NO	NEEDS_EDITORIAL_REVIEW
68fe12b06ee0a1bede7a9bc49a3ebe087fa29ea6bb169cf64c57633225e4ce92	SEM-68FE12B06EE0	IMP-DL-A470D9BACB-P001	2	IMP-DL-A470D9BACB-P001;IMP-M2-2850FB9A8A-P001	Downloads/theory-of-geometry-1.tex;MATH-ALLS-2/theory-of-geometry-1.tex	Downloads;MATH-ALLS-2	PROBLEM	1	IMP-DL-A470D9BACB-S001;IMP-M2-2850FB9A8A-S001		YES	NEEDS_EDITORIAL_REVIEW
694102db3bd44db7fb93f21a0762379c7132330aee62038aab184450bef2ad91	SEM-694102DB3BD4	IMP-DL-3C59D9EE8B-P137	2	IMP-DL-3C59D9EE8B-P137;IMP-M3-D1A916E0DD-P137	Downloads/theory-of-commutative-algebra-5-professional-v2.tex;MATH_ALLS-3/theory-of-commutative-algebra-5-professional-v2.tex	Downloads;MATH_ALLS-3	PROBLEM_ITEM				NO	NEEDS_EDITORIAL_REVIEW
696e27226836117bf254d2e543cd56b81b48cb4d9fb1ee787d9f3f3fcfb20622	SEM-696E27226836	IMP-DL-183AD43C4C-PSR003602-696E2722	2	IMP-DL-183AD43C4C-PSR003602-696E2722;IMP-M2-1895C43FC6-PSR003602-696E2722	Downloads/theory-of-real-analysis.tex;MATH-ALLS-2/theory-of-real-analysis.tex	Downloads;MATH-ALLS-2	EXAMPLE	3			NO	NEEDS_EDITORIAL_REVIEW
698588cac48b9818b9c213a9627ba780b082edb5b2c6b76fdab52fb9132bfe66	SEM-698588CAC48B	IMP-DL-35223EB1F7-P002	1	IMP-DL-35223EB1F7-P002	Downloads/theory-of-algebraic-topology-6.tex	Downloads	WORKED_EXAMPLE				NO	NEEDS_EDITORIAL_REVIEW
699d48c89ded9bf71aeac30559bff9fce84665e913c3d3e01f98b849933cd3b3	SEM-699D48C89DED	IMP-DL-2E134BF207-F2R003927-699D48C8	1	IMP-DL-2E134BF207-F2R003927-699D48C8	Downloads/theory-of-algebraic-topology-5.tex	Downloads	EXAMPLE	3			NO	NEEDS_EDITORIAL_REVIEW
69ce583e271135f1457af250cd23e06a15221a218d5608cdce5ca53ed001f06e	SEM-69CE583E2711	IMP-DL-2B81C66D0F-P014	1	IMP-DL-2B81C66D0F-P014	Downloads/theory-of-algebraic-topology-2.tex	Downloads	WORKED_EXAMPLE	6			NO	NEEDS_EDITORIAL_REVIEW
69dd1fc6a8dbd8389448eccbe876cd00c3577189a0532fbb2e7c7d7a47c64436	SEM-69DD1FC6A8DB	IMP-DL-316AE183C3-P013	2	IMP-DL-316AE183C3-P013;IMP-M2-303BB87ACE-P013	Downloads/theory-of-analysis-functions.tex;MATH-ALLS-2/theory-of-analysis-functions.tex	Downloads;MATH-ALLS-2	EXERCISE_ITEM				NO	NEEDS_EDITORIAL_REVIEW
69ff264fe2a569839527729dda70c87f22350b6112d3ef524a63ab6f9679888c	SEM-69FF264FE2A5	IMP-DL-7A55205E2C-P005	2	IMP-DL-7A55205E2C-P005;IMP-M2-2D41E1011A-P005	Downloads/theory-of-geometry-4.tex;MATH-ALLS-2/theory-of-geometry-4.tex	Downloads;MATH-ALLS-2	PROBLEM	5	IMP-DL-7A55205E2C-S005;IMP-M2-2D41E1011A-S005		YES	NEEDS_EDITORIAL_REVIEW
6a046c0f6136255eb41ecf9de143f69683facfabed0060e19a539f521f71ce1f	SEM-6A046C0F6136	IMP-DL-4DEBE28720-P084	2	IMP-DL-4DEBE28720-P084;IMP-M3-8E395763C8-P084	Downloads/theory-of-commutative-algebra-13.tex;MATH_ALLS-3/theory-of-commutative-algebra-13.tex	Downloads;MATH_ALLS-3	WORKED_EXAMPLE	16			NO	NEEDS_EDITORIAL_REVIEW
6a100ba214654780cdd6b88ec14a27de6b99deb580c6ba6bd47de7c852061aa0	SEM-6A100BA21465	IMP-DL-A978FB3162-P022	1	IMP-DL-A978FB3162-P022	Downloads/theory-of-algebraic-topology-4.tex	Downloads	WORKED_EXAMPLE	4			NO	NEEDS_EDITORIAL_REVIEW
6a26fb63b1150ea0d1ca3d8746d9ad609c9454f5679885237f44a2c21c3dd213	SEM-6A26FB63B115	IMP-DL-D27460A55B-SPR003939-6A26FB63	1	IMP-DL-D27460A55B-SPR003939-6A26FB63	Downloads/theory-of-algebraic-geometry-5.tex	Downloads	EXAMPLE	5			NO	NEEDS_EDITORIAL_REVIEW
6a30fb6f5072604976e038fda3b6033a71b571c209c1b3e5a2d71c9308a186ed	SEM-6A30FB6F5072	IMP-DL-2370D81D66-P061	2	IMP-DL-2370D81D66-P061;IMP-M2-D036BAB254-P061	Downloads/theory-of-analysis-FD.tex;MATH-ALLS-2/theory-of-analysis-FD.tex	Downloads;MATH-ALLS-2	EXERCISE_ITEM				NO	NEEDS_EDITORIAL_REVIEW
6a3961e73e26261c3f7cdca370b1bde21a3aaf54ff92baf5a77e509fac0816b5	SEM-6A3961E73E26	IMP-DL-12C1A20716-P030	1	IMP-DL-12C1A20716-P030	Downloads/theory-of-algebraic-topology-10.tex	Downloads	PROBLEM	9			NO	NEEDS_EDITORIAL_REVIEW
6a397f47a6e9e2135c402fa08502429b9a2524da5d705952e176d34e70ec1177	SEM-6A397F47A6E9	IMP-DL-A978FB3162-P055	1	IMP-DL-A978FB3162-P055	Downloads/theory-of-algebraic-topology-4.tex	Downloads	WORKED_EXAMPLE	1			NO	NEEDS_EDITORIAL_REVIEW
6a3a511e84306c5056cd6e18c3c387c30b359d495e5a934e0571b9a69a5c5447	SEM-6A3A511E8430	IMP-DL-31FF76D7B8-PSR003875-6A3A511E	1	IMP-DL-31FF76D7B8-PSR003875-6A3A511E	Downloads/theory-of-algebraic-topology-16.tex	Downloads	EXAMPLE				NO	NEEDS_EDITORIAL_REVIEW
6a3ab00782f46d4251aaaf43953dbc432a2f08412a6b7ca04346adf53b338148	SEM-6A3AB00782F4	IMP-DL-D148B51FB7-P028	2	IMP-DL-D148B51FB7-P028;IMP-M3-5A5277EBFB-P028	Downloads/theory-of-differential-geometry-4.tex;MATH_ALLS-3/theory-of-differential-geometry-4.tex	Downloads;MATH_ALLS-3	PROBLEM	8	IMP-DL-D148B51FB7-S021;IMP-M3-5A5277EBFB-S021		YES	NEEDS_EDITORIAL_REVIEW
6a3cc2ead725e25b0dfe3bdc86a39e802e7020e3a2d3a70b2cec97b564b42c1e	SEM-6A3CC2EAD725	IMP-DL-592BD0798C-P007	2	IMP-DL-592BD0798C-P007;IMP-M3-1FB8799CDC-P007	Downloads/theory-of-commutative-algebra-8.tex;MATH_ALLS-3/theory-of-commutative-algebra-8.tex	Downloads;MATH_ALLS-3	WORKED_EXAMPLE	3			NO	NEEDS_EDITORIAL_REVIEW
6a5f687308b24be9d9997f2b1797b67156b88b91127367e00dd6cdfac0bfeaff	SEM-6A5F687308B2	IMP-DL-2E134BF207-P056	1	IMP-DL-2E134BF207-P056	Downloads/theory-of-algebraic-topology-5.tex	Downloads	PROBLEM_ITEM				NO	NEEDS_EDITORIAL_REVIEW
6a65b4f57ae763820ed37537487af648856aaec30667b07a4619cac79313c6bb	SEM-6A65B4F57AE7	IMP-DL-721195CCB5-P005	1	IMP-DL-721195CCB5-P005	Downloads/theory-of-algebraic-geometry-11.tex	Downloads	WORKED_EXAMPLE	4			NO	NEEDS_EDITORIAL_REVIEW
6a7155d489c175fb14cc2887ba9ea19fd7024352d0e2b713a14fbcfeb788aa52	SEM-6A7155D489C1	IMP-DL-6B513C0C2F-PSR006516-6A7155D4	1	IMP-DL-6B513C0C2F-PSR006516-6A7155D4	Downloads/theory-of-algebraic-geometry-10.tex	Downloads	EXAMPLE				NO	NEEDS_EDITORIAL_REVIEW
6a8d6baf8f933d22620120188e46811c3d003187ea2d36dcbb00969eae81c8ac	SEM-6A8D6BAF8F93	IMP-DL-18BC6F795C-P002	1	IMP-DL-18BC6F795C-P002	Downloads/theory-of-algebraic-topology-9.tex	Downloads	WORKED_EXAMPLE	1			NO	NEEDS_EDITORIAL_REVIEW
6ab7fe8044927915ea3476fa981f0184168ac57e4258890cd64b2012e9e59bf0	SEM-6AB7FE804492	IMP-DL-EAE0F59552-PSR001065-6AB7FE80	2	IMP-DL-EAE0F59552-PSR001065-6AB7FE80;IMP-M2-7EA9DA1D72-PSR001065-6AB7FE80	Downloads/theory-of-analysis-topology.tex;MATH-ALLS-2/theory-of-analysis-topology.tex	Downloads;MATH-ALLS-2	PROBLEM	15	IMP-DL-EAE0F59552-S006;IMP-DL-EAE0F59552-S007;IMP-DL-EAE0F59552-S008;IMP-DL-EAE0F59552-S009;IMP-DL-EAE0F59552-S010;IMP-M2-7EA9DA1D72-S006;IMP-M2-7EA9DA1D72-S007;IMP-M2-7EA9DA1D72-S008;IMP-M2-7EA9DA1D72-S009;IMP-M2-7EA9DA1D72-S010		YES	NEEDS_EDITORIAL_REVIEW
6acfcc2f29679cf51d5dca85eaf35f5bf3eae17333b01a66384cef347a3b185b	SEM-6ACFCC2F2967	IMP-DL-E0B80C696E-P007	1	IMP-DL-E0B80C696E-P007	Downloads/theory-of-algebraic-topology-7.tex	Downloads	WORKED_EXAMPLE				NO	NEEDS_EDITORIAL_REVIEW
6ad768baf7117b3435ec4796accbfdafb9761ca5c6f0603c2119f71b72fba380	SEM-6AD768BAF711	IMP-DL-D148B51FB7-P033	2	IMP-DL-D148B51FB7-P033;IMP-M3-5A5277EBFB-P033	Downloads/theory-of-differential-geometry-4.tex;MATH_ALLS-3/theory-of-differential-geometry-4.tex	Downloads;MATH_ALLS-3	PROBLEM	4	IMP-DL-D148B51FB7-S027;IMP-M3-5A5277EBFB-S027		YES	NEEDS_EDITORIAL_REVIEW
6ad87417e976c31e263c2852138529bbf8f4fd7d59ae5afaffcd8f41985c5d8e	SEM-6AD87417E976	IMP-DL-18BC6F795C-P004	1	IMP-DL-18BC6F795C-P004	Downloads/theory-of-algebraic-topology-9.tex	Downloads	WORKED_EXAMPLE	3			NO	NEEDS_EDITORIAL_REVIEW
6adf3ff2435db15399357118360fdb1758a7d984a64d7a541d15cadcb8436b68	SEM-6ADF3FF2435D	IMP-DL-11EDF39EA7-P005	2	IMP-DL-11EDF39EA7-P005;IMP-M2-68556E3D88-P005	Downloads/theory-of-analysis-FD2.tex;MATH-ALLS-2/theory-of-analysis-FD2.tex	Downloads;MATH-ALLS-2	EXERCISE	3.3.	IMP-DL-11EDF39EA7-S003;IMP-M2-68556E3D88-S003		YES	NEEDS_EDITORIAL_REVIEW
6af2a5d46c88d419843801962e0e79497606d13be7b77b78f21fe5a810d75989	SEM-6AF2A5D46C88	IMP-DL-8D5CF4CFBA-R003171-6AF2A5D4	2	IMP-DL-8D5CF4CFBA-R003171-6AF2A5D4;IMP-M3-89937139FC-R003171-6AF2A5D4	Downloads/theory-of-linear-algebra-2.tex;MATH_ALLS-3/theory-of-linear-algebra-2.tex	Downloads;MATH_ALLS-3	PROBLEM	4			NO	NEEDS_EDITORIAL_REVIEW
6b07223f6d24bbe79dc8c4546a86a59fb688cf4ab2b2b16b5f6c0f7f2678f928	SEM-6B07223F6D24	IMP-DL-316AE183C3-P053	2	IMP-DL-316AE183C3-P053;IMP-M2-303BB87ACE-P053	Downloads/theory-of-analysis-functions.tex;MATH-ALLS-2/theory-of-analysis-functions.tex	Downloads;MATH-ALLS-2	EXERCISE	7	IMP-DL-316AE183C3-S009;IMP-M2-303BB87ACE-S009		YES	NEEDS_EDITORIAL_REVIEW
6b081990d4e5973f6e3b2baf3ac45dd6826985826d3a9540a5f1804c0cc6e2e0	SEM-6B081990D4E5	IMP-DL-1068DBED71-P076	4	IMP-DL-1068DBED71-P076;IMP-DL-CAA415139D-P076;IMP-M3-F4E66B2919-P076;IMP-M3-FCB1647DD6-P076	Downloads/theory-of-commutative-algebra-10.tex;Downloads/theory-of-commutative-algebra-9.tex;MATH_ALLS-3/theory-of-commutative-algebra-10.tex;MATH_ALLS-3/theory-of-commutative-algebra-9.tex	Downloads;MATH_ALLS-3	WORKED_EXAMPLE	3			NO	NEEDS_EDITORIAL_REVIEW
6b179fbd1735587a02e3f3cf0f10dc9799c163a1fafde24158546ad51f258a51	SEM-6B179FBD1735	IMP-DL-D18914CBBD-P057	2	IMP-DL-D18914CBBD-P057;IMP-M3-78B3C1B707-P057	Downloads/theory-of-commutative-algebra-11.tex;MATH_ALLS-3/theory-of-commutative-algebra-11.tex	Downloads;MATH_ALLS-3	WORKED_EXAMPLE	10			NO	NEEDS_EDITORIAL_REVIEW
6b415d48d37a0f6687051cf43a88dc4d22b0cd3b09282b7dca47cac650ea12a1	SEM-6B415D48D37A	IMP-DL-4DEBE28720-P016	2	IMP-DL-4DEBE28720-P016;IMP-M3-8E395763C8-P016	Downloads/theory-of-commutative-algebra-13.tex;MATH_ALLS-3/theory-of-commutative-algebra-13.tex	Downloads;MATH_ALLS-3	WORKED_EXAMPLE				NO	NEEDS_EDITORIAL_REVIEW
6b86559842a71cf9253cf764ec62deb4ba8844715d6833c021d835d9e273a134	SEM-6B86559842A7	IMP-DL-A99C7658F3-PSR003138-6B865598	1	IMP-DL-A99C7658F3-PSR003138-6B865598	Downloads/theory-of-algebraic-geometry-2.tex	Downloads	EXAMPLE				NO	NEEDS_EDITORIAL_REVIEW
6b8c3f36496ddea7341205f1b49176ed9692bf2aab4ac759a88ac17bda9262db	SEM-6B8C3F36496D	IMP-DL-314EAD1F3C-R001675-6B8C3F36	1	IMP-DL-314EAD1F3C-R001675-6B8C3F36	Downloads/theory-of-algebraic-topology-12.tex	Downloads	PROBLEM	12			NO	NEEDS_EDITORIAL_REVIEW
6b9556667b237900051cb42017ff6da0117c75bcb70905288405e11dcc70d6cb	SEM-6B9556667B23	IMP-DL-A978FB3162-R004119-6B955666	1	IMP-DL-A978FB3162-R004119-6B955666	Downloads/theory-of-algebraic-topology-4.tex	Downloads	PROBLEM	statement			NO	NEEDS_EDITORIAL_REVIEW
6ba376a34a2c374c730d3952c34d07a335c987dc31ed2f0cb4fa4ba5e62b4602	SEM-6BA376A34A2C	IMP-DL-A11279CC33-P024	2	IMP-DL-A11279CC33-P024;IMP-M3-73E0197CF3-P024	Downloads/theory-of-commutative-algebra-6.tex;MATH_ALLS-3/theory-of-commutative-algebra-6.tex	Downloads;MATH_ALLS-3	WORKED_EXAMPLE				NO	NEEDS_EDITORIAL_REVIEW
6ba69b0b2a5770c68f6767bc3beb87f937e8d520c620f3f8a87fd07ec325e137	SEM-6BA69B0B2A57	IMP-DL-183AD43C4C-P022	6	IMP-DL-183AD43C4C-P022;IMP-DL-20E278E436-P022;IMP-DL-9EC07956DD-P001;IMP-M2-1895C43FC6-P022;IMP-M2-50B0B212DD-P022;IMP-M2-844641160C-P001	Downloads/ex38g_ex39.tex;Downloads/merged_exercises_FULL_v2 (1).tex;Downloads/theory-of-real-analysis.tex;MATH-ALLS-2/ex38g_ex39.tex;MATH-ALLS-2/merged_exercises_FULL_v2 (1).tex;MATH-ALLS-2/theory-of-real-analysis.tex	Downloads;MATH-ALLS-2	EXERCISE	3.8	IMP-DL-183AD43C4C-S009;IMP-DL-20E278E436-S009;IMP-DL-9EC07956DD-S001;IMP-M2-1895C43FC6-S009;IMP-M2-50B0B212DD-S009;IMP-M2-844641160C-S001		YES	NEEDS_EDITORIAL_REVIEW
6bc345d81ebc89af20d717b57a6b22d15338e391453630770c95cf866819e68b	SEM-6BC345D81EBC	IMP-DL-314EAD1F3C-R002932-6BC345D8	1	IMP-DL-314EAD1F3C-R002932-6BC345D8	Downloads/theory-of-algebraic-topology-12.tex	Downloads	PROBLEM	14.	IMP-DL-314EAD1F3C-S005		YES	NEEDS_EDITORIAL_REVIEW
6bc4f6bf6b52ac1d9cdc9150ae402ad0b1a0580518e0f14e8cc563aded207dfb	SEM-6BC4F6BF6B52	IMP-DL-3E276561C4-P041	2	IMP-DL-3E276561C4-P041;IMP-M3-AB2FCA292B-P041	Downloads/theory-of-linear-algebra-1.tex;MATH_ALLS-3/theory-of-linear-algebra-1.tex	Downloads;MATH_ALLS-3	PROBLEM	11	IMP-DL-3E276561C4-S062;IMP-M3-AB2FCA292B-S062		YES	NEEDS_EDITORIAL_REVIEW
6c1c2e13f9f0251f2742812432670c748a9879e3b8f64c2ccd3dcad4b34d7e6e	SEM-6C1C2E13F9F0	IMP-DL-D6E9B3BC73-R001035-6C1C2E13	2	IMP-DL-D6E9B3BC73-R001035-6C1C2E13;IMP-M3-422B74F85F-R001032-6C1C2E13	Downloads/theory-of-algebraic-topology-1.tex;MATH_ALLS-3/theory-of-algebraic-topology-1.tex	Downloads;MATH_ALLS-3	PROBLEM	4			NO	NEEDS_EDITORIAL_REVIEW
6c2b4c10337df85d42c15e87ffa56d253570f97671857d15ac7864a04a32a2a1	SEM-6C2B4C10337D	IMP-DL-117191C0EC-P028	2	IMP-DL-117191C0EC-P028;IMP-M2-40A546CAA2-P028	Downloads/theory-of-analysis-topics.tex;MATH-ALLS-2/theory-of-analysis-topics.tex	Downloads;MATH-ALLS-2	PROBLEM	12	IMP-DL-117191C0EC-S017;IMP-M2-40A546CAA2-S017		YES	NEEDS_EDITORIAL_REVIEW
6c3223e46238833037ad38f2fc769d7baf7f3671e0b8d7e558c53b7bce586ab3	SEM-6C3223E46238	IMP-DL-6447F1B120-R000174-6C3223E4	1	IMP-DL-6447F1B120-R000174-6C3223E4	Downloads/theory-of-algebraic-topology-11.tex	Downloads	PROBLEM	2			NO	NEEDS_EDITORIAL_REVIEW
6c34960246135d6d7a952cba69aa1a6e3ed506b78b3ab38708d1c6cfc27069b9	SEM-6C3496024613	IMP-DL-98972A6B93-P027	2	IMP-DL-98972A6B93-P027;IMP-M2-355EA0996F-P027	Downloads/theory-of-geometry-II.tex;MATH-ALLS-2/theory-of-geometry-II.tex	Downloads;MATH-ALLS-2	PROBLEM_ITEM				NO	NEEDS_EDITORIAL_REVIEW
6c3b27c8beb3e152f2ee619e3e7be80eb27306d78de3af98836852246b8a7025	SEM-6C3B27C8BEB3	IMP-DL-1068DBED71-P062	4	IMP-DL-1068DBED71-P062;IMP-DL-CAA415139D-P062;IMP-M3-F4E66B2919-P062;IMP-M3-FCB1647DD6-P062	Downloads/theory-of-commutative-algebra-10.tex;Downloads/theory-of-commutative-algebra-9.tex;MATH_ALLS-3/theory-of-commutative-algebra-10.tex;MATH_ALLS-3/theory-of-commutative-algebra-9.tex	Downloads;MATH_ALLS-3	WORKED_EXAMPLE				NO	NEEDS_EDITORIAL_REVIEW
6c52be12cb7a5257ae4bbf9e0bb6bc476388995c4da6caf9e7e3384c798ab545	SEM-6C52BE12CB7A	IMP-DL-11EDF39EA7-P004	2	IMP-DL-11EDF39EA7-P004;IMP-M2-68556E3D88-P004	Downloads/theory-of-analysis-FD2.tex;MATH-ALLS-2/theory-of-analysis-FD2.tex	Downloads;MATH-ALLS-2	EXERCISE	3.2.	IMP-DL-11EDF39EA7-S002;IMP-M2-68556E3D88-S002		YES	NEEDS_EDITORIAL_REVIEW
6c534cc843ee17c743b30e3ccdfeb0b76c7ce3b40f88f5f0640e47abe408b1bf	SEM-6C534CC843EE	IMP-DL-D18914CBBD-P070	2	IMP-DL-D18914CBBD-P070;IMP-M3-78B3C1B707-P070	Downloads/theory-of-commutative-algebra-11.tex;MATH_ALLS-3/theory-of-commutative-algebra-11.tex	Downloads;MATH_ALLS-3	WORKED_EXAMPLE	13			NO	NEEDS_EDITORIAL_REVIEW
6c56238c1b202bf062b41192eda8bf21cd524394b3a7cdf4305c420662d533ad	SEM-6C56238C1B20	IMP-DL-4DEBE28720-P105	2	IMP-DL-4DEBE28720-P105;IMP-M3-8E395763C8-P105	Downloads/theory-of-commutative-algebra-13.tex;MATH_ALLS-3/theory-of-commutative-algebra-13.tex	Downloads;MATH_ALLS-3	WORKED_EXAMPLE	8			NO	NEEDS_EDITORIAL_REVIEW
6c9b3769aea7232db42789536b474b66498e4759f412c6caab4c51b5db44354a	SEM-6C9B3769AEA7	IMP-DL-3C59D9EE8B-P118	2	IMP-DL-3C59D9EE8B-P118;IMP-M3-D1A916E0DD-P118	Downloads/theory-of-commutative-algebra-5-professional-v2.tex;MATH_ALLS-3/theory-of-commutative-algebra-5-professional-v2.tex	Downloads;MATH_ALLS-3	PROBLEM_ITEM				NO	NEEDS_EDITORIAL_REVIEW
6cad893c3bf0cc2e244563ef3c511b0e40d8ac418bbb470a2240a8be12f68110	SEM-6CAD893C3BF0	IMP-DL-183AD43C4C-PSR003570-6CAD893C	2	IMP-DL-183AD43C4C-PSR003570-6CAD893C;IMP-M2-1895C43FC6-PSR003570-6CAD893C	Downloads/theory-of-real-analysis.tex;MATH-ALLS-2/theory-of-real-analysis.tex	Downloads;MATH-ALLS-2	EXAMPLE	1			NO	NEEDS_EDITORIAL_REVIEW
6cb264b16f94c0f47a9c539646d460b3878e10e1fd16b140db59887b24a3b665	SEM-6CB264B16F94	IMP-DL-D4351A3BBD-P006	2	IMP-DL-D4351A3BBD-P006;IMP-M2-721AD91C7F-P006	Downloads/theory-of-geometry-IV.tex;MATH-ALLS-2/theory-of-geometry-IV.tex	Downloads;MATH-ALLS-2	PROBLEM_ITEM				NO	NEEDS_EDITORIAL_REVIEW
6cc06b267141dd8a118055b0e9501eeeaf50816bfa87dbf9e2dcd7b70f520bea	SEM-6CC06B267141	IMP-DL-1068DBED71-P028	4	IMP-DL-1068DBED71-P028;IMP-DL-CAA415139D-P028;IMP-M3-F4E66B2919-P028;IMP-M3-FCB1647DD6-P028	Downloads/theory-of-commutative-algebra-10.tex;Downloads/theory-of-commutative-algebra-9.tex;MATH_ALLS-3/theory-of-commutative-algebra-10.tex;MATH_ALLS-3/theory-of-commutative-algebra-9.tex	Downloads;MATH_ALLS-3	WORKED_EXAMPLE				NO	NEEDS_EDITORIAL_REVIEW
6cd3f9b4fafd6de1242319232bc9effa5d4b78fc2e39b12ae74d87adfaa16973	SEM-6CD3F9B4FAFD	IMP-DL-11EDF39EA7-P013	2	IMP-DL-11EDF39EA7-P013;IMP-M2-68556E3D88-P013	Downloads/theory-of-analysis-FD2.tex;MATH-ALLS-2/theory-of-analysis-FD2.tex	Downloads;MATH-ALLS-2	EXERCISE	4.3			NO	NEEDS_EDITORIAL_REVIEW
6ce783a8c54f893682b3fc8d95ae24c7617fe762cccbb940d8096e35ddb1aab0	SEM-6CE783A8C54F	IMP-DL-0B4CC237FA-SPR002804-6CE783A8	1	IMP-DL-0B4CC237FA-SPR002804-6CE783A8	Downloads/theory-of-algebraic-geometry-3.tex	Downloads	EXAMPLE	14.			NO	NEEDS_EDITORIAL_REVIEW
6d2cccef82be7c40e302ac9510efaaf53a0e3c25d724bb8bc914f823570fb01a	SEM-6D2CCCEF82BE	IMP-DL-2E134BF207-P059	1	IMP-DL-2E134BF207-P059	Downloads/theory-of-algebraic-topology-5.tex	Downloads	PROBLEM_ITEM				NO	NEEDS_EDITORIAL_REVIEW
6d2ea8b1b619df865059ba8ca31268a4f8df9d338f4ef98fbed4405d3b29d4cd	SEM-6D2EA8B1B619	IMP-DL-D18914CBBD-P076	2	IMP-DL-D18914CBBD-P076;IMP-M3-78B3C1B707-P076	Downloads/theory-of-commutative-algebra-11.tex;MATH_ALLS-3/theory-of-commutative-algebra-11.tex	Downloads;MATH_ALLS-3	WORKED_EXAMPLE	5			NO	NEEDS_EDITORIAL_REVIEW
6d3f1261c1e39739af8843daa629e5d33b26de3167d2492059126cacd264f330	SEM-6D3F1261C1E3	IMP-DL-31FF76D7B8-P015	1	IMP-DL-31FF76D7B8-P015	Downloads/theory-of-algebraic-topology-16.tex	Downloads	WORKED_EXAMPLE				NO	NEEDS_EDITORIAL_REVIEW
6d4077450824460636ad8a2340cff3b3b30b7adb31640c0c5a5ec8be64f0a9f8	SEM-6D4077450824	IMP-DL-BD3A6D53D0-P005	3	IMP-DL-BD3A6D53D0-P005;IMP-M2-E2BE0561BD-P005;IMP-M3-0F6B7A59EB-P005	Downloads/theory-of-differential-geometry-2.tex;MATH-ALLS-2/theory-of-differential-geometry-2.tex;MATH_ALLS-3/theory-of-differential-geometry-2.tex	Downloads;MATH-ALLS-2;MATH_ALLS-3	PROBLEM	1.	IMP-DL-BD3A6D53D0-S005;IMP-M2-E2BE0561BD-S005;IMP-M3-0F6B7A59EB-S005		YES	NEEDS_EDITORIAL_REVIEW
6d5ea94464bbf75558c552df31196b9238be18973555ff6f7887b6951c4a541e	SEM-6D5EA94464BB	IMP-DL-183AD43C4C-R000796-6D5EA944	4	IMP-DL-183AD43C4C-R000796-6D5EA944;IMP-DL-20E278E436-R000738-6D5EA944;IMP-M2-1895C43FC6-R000796-6D5EA944;IMP-M2-50B0B212DD-R000738-6D5EA944	Downloads/merged_exercises_FULL_v2 (1).tex;Downloads/theory-of-real-analysis.tex;MATH-ALLS-2/merged_exercises_FULL_v2 (1).tex;MATH-ALLS-2/theory-of-real-analysis.tex	Downloads;MATH-ALLS-2	EXERCISE	4.7	IMP-DL-183AD43C4C-S017;IMP-DL-20E278E436-S017;IMP-M2-1895C43FC6-S017;IMP-M2-50B0B212DD-S017		YES	NEEDS_EDITORIAL_REVIEW
6d8bbaf4df13953385a2c9812d011738bc1b9f181ac0056bbc6914ef286eb29f	SEM-6D8BBAF4DF13	IMP-DL-E4D9F7AB6B-PSR005373-6D8BBAF4	1	IMP-DL-E4D9F7AB6B-PSR005373-6D8BBAF4	Downloads/theory-of-algebraic-topology-13.tex	Downloads	EXAMPLE	5.			NO	NEEDS_EDITORIAL_REVIEW
6d94f1a1261b53e7f06b8dbc4ad11c4c85b8e6bb3aa7e52e437f60c8eb8e3344	SEM-6D94F1A1261B	IMP-DL-2370D81D66-P078	2	IMP-DL-2370D81D66-P078;IMP-M2-D036BAB254-P078	Downloads/theory-of-analysis-FD.tex;MATH-ALLS-2/theory-of-analysis-FD.tex	Downloads;MATH-ALLS-2	EXERCISE	2.9.			NO	NEEDS_EDITORIAL_REVIEW
6d977ba694f087e625b5239c219b0f94df5dd2de8948e4c77d6e21d27195dbf5	SEM-6D977BA694F0	IMP-DL-2370D81D66-P037	2	IMP-DL-2370D81D66-P037;IMP-M2-D036BAB254-P037	Downloads/theory-of-analysis-FD.tex;MATH-ALLS-2/theory-of-analysis-FD.tex	Downloads;MATH-ALLS-2	WORKED_EXAMPLE	3			NO	NEEDS_EDITORIAL_REVIEW
6daa08ea557c0dcef0bb3788ffe4c099537b3aedcbe6589c1f89f094c2f8ba15	SEM-6DAA08EA557C	IMP-DL-D18914CBBD-R002258-6DAA08EA	2	IMP-DL-D18914CBBD-R002258-6DAA08EA;IMP-M3-78B3C1B707-R002258-6DAA08EA	Downloads/theory-of-commutative-algebra-11.tex;MATH_ALLS-3/theory-of-commutative-algebra-11.tex	Downloads;MATH_ALLS-3	EXAMPLE	2			NO	NEEDS_EDITORIAL_REVIEW
6ddbdfc43772df8580c12529abe178177c2d5042cb3658f7472ebf0b615abfa2	SEM-6DDBDFC43772	IMP-DL-E532B44856-P025	2	IMP-DL-E532B44856-P025;IMP-M2-C037D998D4-P025	Downloads/theory-of-analysis-functions-II.tex;MATH-ALLS-2/theory-of-analysis-functions-II.tex	Downloads;MATH-ALLS-2	WORKED_EXAMPLE	C			NO	NEEDS_EDITORIAL_REVIEW
6e0188bf8ab1c3fcde2c42e1c5f815e7aabdbdb01554bd576690fec73e28e924	SEM-6E0188BF8AB1	IMP-DL-3190BA882C-P017	2	IMP-DL-3190BA882C-P017;IMP-M3-CABB372599-P017	Downloads/theory-of-commutative-algebra-15.tex;MATH_ALLS-3/theory-of-commutative-algebra-15.tex	Downloads;MATH_ALLS-3	WORKED_EXAMPLE				NO	NEEDS_EDITORIAL_REVIEW
6e0f48d861a30541032da1a9a0577633d8287db0d3ab2041bd74d569981e9d2c	SEM-6E0F48D861A3	IMP-DL-873C6F4098-P085	2	IMP-DL-873C6F4098-P085;IMP-M2-CFC28ED568-P085	Downloads/theory-of-analysis-II.tex;MATH-ALLS-2/theory-of-analysis-II.tex	Downloads;MATH-ALLS-2	PROBLEM	1	IMP-DL-873C6F4098-S019;IMP-M2-CFC28ED568-S019		YES	NEEDS_EDITORIAL_REVIEW
6e29fdb5fe113cea81815cfbc8358be8d67ddd47d8d919d0d25bb64bd6c32a02	SEM-6E29FDB5FE11	IMP-DL-0E3E7EC766-R002210-6E29FDB5	1	IMP-DL-0E3E7EC766-R002210-6E29FDB5	Downloads/theory-of-algebraic-geometry-1.tex	Downloads	EXAMPLE	4			NO	NEEDS_EDITORIAL_REVIEW
6e35886f4f251eddbe4d8c24bbfda8965a841b114ad91dc88063b36f879068dc	SEM-6E35886F4F25	IMP-DL-316AE183C3-P077	2	IMP-DL-316AE183C3-P077;IMP-M2-303BB87ACE-P077	Downloads/theory-of-analysis-functions.tex;MATH-ALLS-2/theory-of-analysis-functions.tex	Downloads;MATH-ALLS-2	EXERCISE_ITEM				NO	NEEDS_EDITORIAL_REVIEW
6e44c51460eb12031aa6c69b122f689af87f35c1df0b7efe20a64698f9de9ef5	SEM-6E44C51460EB	IMP-DL-1068DBED71-P065	4	IMP-DL-1068DBED71-P065;IMP-DL-CAA415139D-P065;IMP-M3-F4E66B2919-P065;IMP-M3-FCB1647DD6-P065	Downloads/theory-of-commutative-algebra-10.tex;Downloads/theory-of-commutative-algebra-9.tex;MATH_ALLS-3/theory-of-commutative-algebra-10.tex;MATH_ALLS-3/theory-of-commutative-algebra-9.tex	Downloads;MATH_ALLS-3	WORKED_EXAMPLE	3			NO	NEEDS_EDITORIAL_REVIEW
6e475b9a1433d6c9b491bac9ec5bd87cc55c9a9ec3049123b7d9e11a1f109cf7	SEM-6E475B9A1433	IMP-DL-535B6F59C6-SPR000767-6E475B9A	2	IMP-DL-535B6F59C6-SPR000767-6E475B9A;IMP-M3-0753B8F46B-SPR000767-6E475B9A	Downloads/theory-of-commutative-algebra-4.tex;MATH_ALLS-3/theory-of-commutative-algebra-4.tex	Downloads;MATH_ALLS-3	PROBLEM	12(b)	IMP-DL-535B6F59C6-S004;IMP-M3-0753B8F46B-S004		YES	NEEDS_EDITORIAL_REVIEW
6e637da60622b727050c00157642eca2cabd3afdfd1b38424f59b898f8346292	SEM-6E637DA60622	IMP-DL-8016517B0A-P006	3	IMP-DL-8016517B0A-P006;IMP-M2-2B58694CBF-P006;IMP-M3-911366A7C5-P006	Downloads/theory-of-differential-geometry-1.tex;MATH-ALLS-2/theory-of-differential-geometry-1.tex;MATH_ALLS-3/theory-of-differential-geometry-1.tex	Downloads;MATH-ALLS-2;MATH_ALLS-3	PROBLEM_ITEM	Smooth atlas			NO	NEEDS_EDITORIAL_REVIEW
6e8a31046db06a07f0e9ec5aa0237840ee5d9803b80ff893c031212a16c0a55e	SEM-6E8A31046DB0	IMP-DL-D4351A3BBD-P032	2	IMP-DL-D4351A3BBD-P032;IMP-M2-721AD91C7F-P032	Downloads/theory-of-geometry-IV.tex;MATH-ALLS-2/theory-of-geometry-IV.tex	Downloads;MATH-ALLS-2	PROBLEM	6	IMP-DL-D4351A3BBD-S007;IMP-DL-D4351A3BBD-S008;IMP-M2-721AD91C7F-S007;IMP-M2-721AD91C7F-S008		YES	NEEDS_EDITORIAL_REVIEW
6ea2fd7d3f83b4711d652a4d8b10a061226f20b5991fe554bf9a0a01a0ffa82c	SEM-6EA2FD7D3F83	IMP-DL-887B7B83F4-P009	1	IMP-DL-887B7B83F4-P009	Downloads/sheaves_notes_reorganized.tex	Downloads	WORKED_EXAMPLE				NO	NEEDS_EDITORIAL_REVIEW
6ebdb76dc43069da3397fe33e437d8fbbdb114600f5a166775b6fd5959366c82	SEM-6EBDB76DC430	IMP-DL-64E478D7C4-P002	2	IMP-DL-64E478D7C4-P002;IMP-M3-9D560B8960-P002	Downloads/theory-of-differential-geometry-MATH3D.tex;MATH_ALLS-3/theory-of-differential-geometry-MATH3D.tex	Downloads;MATH_ALLS-3	WORKED_EXAMPLE	1			NO	NEEDS_EDITORIAL_REVIEW
6ee5c55956c0122c6ced14bd425360883d27023194bd0dcf2df922f03867794e	SEM-6EE5C55956C0	IMP-DL-183AD43C4C-P020	8	IMP-DL-183AD43C4C-P020;IMP-DL-20E278E436-P020;IMP-DL-D171CB8A69-P001;IMP-DL-DCF8055ABA-P001;IMP-M2-1895C43FC6-P020;IMP-M2-47AEA48DAF-P001;IMP-M2-50B0B212DD-P020;IMP-M2-E61801FB4F-P001	Downloads/merged_exercises_FULL_v2 (1).tex;Downloads/merged_exercises_FULL_v2 (2).tex;Downloads/merged_exercises_FULL_v2 (3).tex;Downloads/theory-of-real-analysis.tex;MATH-ALLS-2/merged_exercises_FULL_v2 (1).tex;MATH-ALLS-2/merged_exercises_FULL_v2 (2).tex;MATH-ALLS-2/merged_exercises_FULL_v2 (3).tex;MATH-ALLS-2/theory-of-real-analysis.tex	Downloads;MATH-ALLS-2	EXERCISE	3.6	IMP-DL-183AD43C4C-S003;IMP-DL-183AD43C4C-S004;IMP-DL-183AD43C4C-S005;IMP-DL-20E278E436-S003;IMP-DL-20E278E436-S004;IMP-DL-20E278E436-S005;IMP-DL-D171CB8A69-S001;IMP-DL-D171CB8A69-S002;IMP-DL-D171CB8A69-S003;IMP-DL-DCF8055ABA-S001;IMP-DL-DCF8055ABA-S002;IMP-DL-DCF8055ABA-S003;IMP-M2-1895C43FC6-S003;IMP-M2-1895C43FC6-S004;IMP-M2-1895C43FC6-S005;IMP-M2-47AEA48DAF-S001;IMP-M2-47AEA48DAF-S002;IMP-M2-47AEA48DAF-S003;IMP-M2-50B0B212DD-S003;IMP-M2-50B0B212DD-S004;IMP-M2-50B0B212DD-S005;IMP-M2-E61801FB4F-S001;IMP-M2-E61801FB4F-S002;IMP-M2-E61801FB4F-S003		YES	NEEDS_EDITORIAL_REVIEW
6ef13a85b723282226592b04d1fbe3a76ba3f8db33f8493975154d42bf756327	SEM-6EF13A85B723	IMP-DL-316AE183C3-P063	2	IMP-DL-316AE183C3-P063;IMP-M2-303BB87ACE-P063	Downloads/theory-of-analysis-functions.tex;MATH-ALLS-2/theory-of-analysis-functions.tex	Downloads;MATH-ALLS-2	EXERCISE_ITEM				NO	NEEDS_EDITORIAL_REVIEW
6f05b2aac8668ec51c065f18225cf5df83c249062993c0d7960b7a66d7958fdf	SEM-6F05B2AAC866	IMP-DL-40C58AD550-P009	1	IMP-DL-40C58AD550-P009	Downloads/theory-of-algebraic-geometry-4.tex	Downloads	WORKED_EXAMPLE				NO	NEEDS_EDITORIAL_REVIEW
6f2609dff447a367777817492c72d32f714e08bb6952de10e7fa6acc02825644	SEM-6F2609DFF447	IMP-DL-873C6F4098-P022	2	IMP-DL-873C6F4098-P022;IMP-M2-CFC28ED568-P022	Downloads/theory-of-analysis-II.tex;MATH-ALLS-2/theory-of-analysis-II.tex	Downloads;MATH-ALLS-2	PROBLEM	13	IMP-DL-873C6F4098-S007;IMP-M2-CFC28ED568-S007		YES	NEEDS_EDITORIAL_REVIEW
6f61b58efc3dd9891a2b535675fecdcf79e5b1b4675613e901b916688cc83039	SEM-6F61B58EFC3D	IMP-DL-8016517B0A-P001	3	IMP-DL-8016517B0A-P001;IMP-M2-2B58694CBF-P001;IMP-M3-911366A7C5-P001	Downloads/theory-of-differential-geometry-1.tex;MATH-ALLS-2/theory-of-differential-geometry-1.tex;MATH_ALLS-3/theory-of-differential-geometry-1.tex	Downloads;MATH-ALLS-2;MATH_ALLS-3	PROBLEM_ITEM	Topological $n$-manifold			NO	NEEDS_EDITORIAL_REVIEW
6f836e3df703348d0d28f5612377374814423324f3d71dcb629648942cf589aa	SEM-6F836E3DF703	IMP-DL-31FF76D7B8-P007	1	IMP-DL-31FF76D7B8-P007	Downloads/theory-of-algebraic-topology-16.tex	Downloads	PROBLEM	9			NO	NEEDS_EDITORIAL_REVIEW
6f849950d3aa6479baacf3fd3588c7a1de56bb2d4c284bf2a4052572704492f0	SEM-6F849950D3AA	IMP-DL-D6E9B3BC73-P022	2	IMP-DL-D6E9B3BC73-P022;IMP-M3-422B74F85F-P022	Downloads/theory-of-algebraic-topology-1.tex;MATH_ALLS-3/theory-of-algebraic-topology-1.tex	Downloads;MATH_ALLS-3	WORKED_EXAMPLE	1.			NO	NEEDS_EDITORIAL_REVIEW
6f8645ad87f922ef658c5379c12450bdf3bc078a33d834020030d23b4fec1a3c	SEM-6F8645AD87F9	IMP-DL-40BD8D3E26-R002394-6F8645AD	2	IMP-DL-40BD8D3E26-R002394-6F8645AD;IMP-M2-0384991A85-R002394-6F8645AD	Downloads/theory-of-geometry-2.tex;MATH-ALLS-2/theory-of-geometry-2.tex	Downloads;MATH-ALLS-2	PROBLEM	6			NO	NEEDS_EDITORIAL_REVIEW
6f8d832d1e817601ebbe88de102ea4720ece99d4f2fd696cb299b2bc5b290623	SEM-6F8D832D1E81	IMP-DL-A470D9BACB-P008	2	IMP-DL-A470D9BACB-P008;IMP-M2-2850FB9A8A-P008	Downloads/theory-of-geometry-1.tex;MATH-ALLS-2/theory-of-geometry-1.tex	Downloads;MATH-ALLS-2	PROBLEM	5	IMP-DL-A470D9BACB-S004;IMP-M2-2850FB9A8A-S004		YES	NEEDS_EDITORIAL_REVIEW
6fbd0fab0bf02b6c4e52b1920b572b1692d999b54f37f7cd8d8613088bbf5df5	SEM-6FBD0FAB0BF0	IMP-DL-6447F1B120-R001578-6FBD0FAB	1	IMP-DL-6447F1B120-R001578-6FBD0FAB	Downloads/theory-of-algebraic-topology-11.tex	Downloads	EXAMPLE	8			NO	NEEDS_EDITORIAL_REVIEW
6fbe6c66322001f931212af2d4589634b024c5838fd245c9d1f264cd451234b2	SEM-6FBE6C663220	IMP-DL-873C6F4098-P077	2	IMP-DL-873C6F4098-P077;IMP-M2-CFC28ED568-P077	Downloads/theory-of-analysis-II.tex;MATH-ALLS-2/theory-of-analysis-II.tex	Downloads;MATH-ALLS-2	PROBLEM	11			NO	NEEDS_EDITORIAL_REVIEW
6fc8a660abc1a25a1f75f94266da35468d0f0b6dabfaf77d0c9b9a0bb9007020	SEM-6FC8A660ABC1	IMP-DL-40C58AD550-P012	1	IMP-DL-40C58AD550-P012	Downloads/theory-of-algebraic-geometry-4.tex	Downloads	WORKED_EXAMPLE				NO	NEEDS_EDITORIAL_REVIEW
6fcab82841ccb8e052b07a6ce847564f8404515fa6dc3a519c9fa36bc2d17a8f	SEM-6FCAB82841CC	IMP-DL-11EDF39EA7-P022	2	IMP-DL-11EDF39EA7-P022;IMP-M2-68556E3D88-P022	Downloads/theory-of-analysis-FD2.tex;MATH-ALLS-2/theory-of-analysis-FD2.tex	Downloads;MATH-ALLS-2	EXERCISE	5.4			NO	NEEDS_EDITORIAL_REVIEW
6ffea7624683ecae6ea0069b023ad4b9e2172ea80615880326b330726e836896	SEM-6FFEA7624683	IMP-DL-2E134BF207-R001377-6FFEA762	1	IMP-DL-2E134BF207-R001377-6FFEA762	Downloads/theory-of-algebraic-topology-5.tex	Downloads	PROBLEM	statement			NO	NEEDS_EDITORIAL_REVIEW
7012145461110f7c76b12d18895b04f786d9bae67935987bd2fb781fadad817a	SEM-701214546111	IMP-DL-117191C0EC-P019	2	IMP-DL-117191C0EC-P019;IMP-M2-40A546CAA2-P019	Downloads/theory-of-analysis-topics.tex;MATH-ALLS-2/theory-of-analysis-topics.tex	Downloads;MATH-ALLS-2	PROBLEM	2	IMP-DL-117191C0EC-S010;IMP-M2-40A546CAA2-S010		YES	NEEDS_EDITORIAL_REVIEW
701244b9ebf9f4d0854b849b3ea1a54a83b3beb5aba2c3afe613160829a89aae	SEM-701244B9EBF9	IMP-DL-B7E3C22557-SPR001862-701244B9	1	IMP-DL-B7E3C22557-SPR001862-701244B9	Downloads/theory-of-algebraic-geometry-6.tex	Downloads	EXAMPLE	8.			NO	NEEDS_EDITORIAL_REVIEW
7021774f0230f5be5c4bbd10b0d8173ee7878ff5e56ce58c65808e1640786d4c	SEM-7021774F0230	IMP-DL-CB3C80FF97-P035	2	IMP-DL-CB3C80FF97-P035;IMP-M2-7B5A4788C1-P035	Downloads/theory-of-complex-analysis-topology.tex;MATH-ALLS-2/theory-of-complex-analysis-topology.tex	Downloads;MATH-ALLS-2	PROBLEM_ITEM				NO	NEEDS_EDITORIAL_REVIEW
703db1963153f4a02c83c87833c2a5b115a7a22c4f4429af92b09f5ec6048e79	SEM-703DB1963153	IMP-DL-2E134BF207-P002	5	IMP-DL-2E134BF207-P002;IMP-DL-2E134BF207-P008;IMP-DL-2E134BF207-P016;IMP-DL-6447F1B120-P003;IMP-DL-6447F1B120-P012	Downloads/theory-of-algebraic-topology-11.tex;Downloads/theory-of-algebraic-topology-5.tex	Downloads	PROBLEM_ITEM				NO	NEEDS_EDITORIAL_REVIEW
70476bb699a8fb014d434c8442cf03129d65d630d90c236df4551ac20f50bbec	SEM-70476BB699A8	IMP-DL-B7B63B4C41-ORR002503-70476BB6	1	IMP-DL-B7B63B4C41-ORR002503-70476BB6	Downloads/theory-of-commutative-algebra-12.tex	Downloads	PROBLEM		IMP-DL-B7B63B4C41-S002;IMP-M3-16526DCF36-S002		YES	NEEDS_EDITORIAL_REVIEW
70544d024a6d7b0afff8e36a8416483687a48e7188048a8ca4324ffb95cb9c95	SEM-70544D024A6D	IMP-DL-1608308E70-P002	1	IMP-DL-1608308E70-P002	Downloads/theory-of-algebraic-topology-14.tex	Downloads	PROBLEM	10	IMP-DL-1608308E70-S003		YES	NEEDS_EDITORIAL_REVIEW
70609ddb4e81513c24555ad4aa8b3c33264a539c8b2ec5a07edc7c929336c565	SEM-70609DDB4E81	IMP-DL-E88547CF67-P021	2	IMP-DL-E88547CF67-P021;IMP-M2-80D8AED0FF-P021	Downloads/theory-of-geometry-3.tex;MATH-ALLS-2/theory-of-geometry-3.tex	Downloads;MATH-ALLS-2	PROBLEM	8			NO	NEEDS_EDITORIAL_REVIEW
707624fa4a2801a0ce8a94809be0962ad3a2dbfc951a536e2498812709313a7d	SEM-707624FA4A28	IMP-DL-E1F1BB4192-R005210-707624FA	2	IMP-DL-E1F1BB4192-R005210-707624FA;IMP-M3-0D398C7F27-R005210-707624FA	Downloads/theory-of-commutative-algebra-5.tex;MATH_ALLS-3/theory-of-commutative-algebra-5.tex	Downloads;MATH_ALLS-3	PROBLEM	14(c)			NO	NEEDS_EDITORIAL_REVIEW
7079f8cf2ae3a220ef3fb65cdb9f6bb74ef7da9e1771bdb34a1aa50f62a7302c	SEM-7079F8CF2AE3	IMP-DL-7A55205E2C-R001619-7079F8CF	2	IMP-DL-7A55205E2C-R001619-7079F8CF;IMP-M2-2D41E1011A-R001619-7079F8CF	Downloads/theory-of-geometry-4.tex;MATH-ALLS-2/theory-of-geometry-4.tex	Downloads;MATH-ALLS-2	EXAMPLE	B			NO	NEEDS_EDITORIAL_REVIEW
709083b7585f6e65204268cdd3ad037e889e0dea8e93852511468c2ac2d92dfc	SEM-709083B7585F	IMP-DL-873C6F4098-P064	2	IMP-DL-873C6F4098-P064;IMP-M2-CFC28ED568-P064	Downloads/theory-of-analysis-II.tex;MATH-ALLS-2/theory-of-analysis-II.tex	Downloads;MATH-ALLS-2	PROBLEM	2			NO	NEEDS_EDITORIAL_REVIEW
70968f7836cb06ebea5134a388506f8b873b94b2e6f241a30c4370345638dfe2	SEM-70968F7836CB	IMP-DL-A978FB3162-P037	1	IMP-DL-A978FB3162-P037	Downloads/theory-of-algebraic-topology-4.tex	Downloads	PROBLEM_ITEM				NO	NEEDS_EDITORIAL_REVIEW
709c83d45c88c614247f8acf72b0fb708efc1c9b10fee3076e16c3a1030d3c77	SEM-709C83D45C88	IMP-DL-183AD43C4C-P028	2	IMP-DL-183AD43C4C-P028;IMP-M2-1895C43FC6-P028	Downloads/theory-of-real-analysis.tex;MATH-ALLS-2/theory-of-real-analysis.tex	Downloads;MATH-ALLS-2	WORKED_EXAMPLE				NO	NEEDS_EDITORIAL_REVIEW
709e8fdb149ba7fe56ccf4269a832cbf242960a4a5611cbb707b997f8f4e29ae	SEM-709E8FDB149B	IMP-DL-3C59D9EE8B-P108	2	IMP-DL-3C59D9EE8B-P108;IMP-M3-D1A916E0DD-P108	Downloads/theory-of-commutative-algebra-5-professional-v2.tex;MATH_ALLS-3/theory-of-commutative-algebra-5-professional-v2.tex	Downloads;MATH_ALLS-3	PROBLEM_ITEM				NO	NEEDS_EDITORIAL_REVIEW
70d65fe8ee2d9348143a08a6536a215ee454bc690704584fda1be05c72634f6a	SEM-70D65FE8EE2D	IMP-DL-C78B44C750-P007	2	IMP-DL-C78B44C750-P007;IMP-M2-48626BD8F1-P007	Downloads/wiki-green.tex;MATH-ALLS-2/wiki-green.tex	Downloads;MATH-ALLS-2	WORKED_EXAMPLE				NO	NEEDS_EDITORIAL_REVIEW
70faefc96f0243e51d17984222d5850420aae7ca86aaa34dd234f5f1ecc73ddb	SEM-70FAEFC96F02	IMP-DL-316AE183C3-P019	2	IMP-DL-316AE183C3-P019;IMP-M2-303BB87ACE-P019	Downloads/theory-of-analysis-functions.tex;MATH-ALLS-2/theory-of-analysis-functions.tex	Downloads;MATH-ALLS-2	EXERCISE_ITEM	(b)			NO	NEEDS_EDITORIAL_REVIEW
71080d5b6b372bbac33d4c3a98660eb225ccafb64d33c6142a9575517bcc2020	SEM-71080D5B6B37	IMP-DL-316AE183C3-P071	2	IMP-DL-316AE183C3-P071;IMP-M2-303BB87ACE-P071	Downloads/theory-of-analysis-functions.tex;MATH-ALLS-2/theory-of-analysis-functions.tex	Downloads;MATH-ALLS-2	EXERCISE_ITEM				NO	NEEDS_EDITORIAL_REVIEW
711c8e5f93e61a57d37c37918ba10faae0cf4c8734c4d9131cad0db3a7195735	SEM-711C8E5F93E6	IMP-DL-183AD43C4C-R001984-711C8E5F	4	IMP-DL-183AD43C4C-R001984-711C8E5F;IMP-DL-20E278E436-R001926-711C8E5F;IMP-M2-1895C43FC6-R001984-711C8E5F;IMP-M2-50B0B212DD-R001926-711C8E5F	Downloads/merged_exercises_FULL_v2 (1).tex;Downloads/theory-of-real-analysis.tex;MATH-ALLS-2/merged_exercises_FULL_v2 (1).tex;MATH-ALLS-2/theory-of-real-analysis.tex	Downloads;MATH-ALLS-2	EXERCISE	8.4			NO	NEEDS_EDITORIAL_REVIEW
712630995088e4f678b95581b1f4ea8b77000dd2250bf661151833828e7383fb	SEM-712630995088	IMP-DL-3C59D9EE8B-P019	2	IMP-DL-3C59D9EE8B-P019;IMP-M3-D1A916E0DD-P019	Downloads/theory-of-commutative-algebra-5-professional-v2.tex;MATH_ALLS-3/theory-of-commutative-algebra-5-professional-v2.tex	Downloads;MATH_ALLS-3	PROBLEM_ITEM				NO	NEEDS_EDITORIAL_REVIEW
71511bb347857a8f728ed2aa27a2602c8390553b25d953976290384c21d06f51	SEM-71511BB34785	IMP-DL-873C6F4098-P056	2	IMP-DL-873C6F4098-P056;IMP-M2-CFC28ED568-P056	Downloads/theory-of-analysis-II.tex;MATH-ALLS-2/theory-of-analysis-II.tex	Downloads;MATH-ALLS-2	PROBLEM_ITEM		IMP-DL-873C6F4098-S012;IMP-M2-CFC28ED568-S012		YES	NEEDS_EDITORIAL_REVIEW
715c4feaa0cbbe97492cb9a1af5cde5128ed0958650e9c11178b0b53cdcc0636	SEM-715C4FEAA0CB	IMP-DL-07D84009EA-P001	16	IMP-DL-07D84009EA-P001;IMP-DL-162DBE4483-P001;IMP-DL-183AD43C4C-P001;IMP-DL-20E278E436-P001;IMP-DL-68F65EDA24-P001;IMP-DL-890EB1F6EA-P001;IMP-DL-995E0CD19D-P001;IMP-DL-E69AEC0DA9-P001;IMP-M2-0EAC31ED0B-P001;IMP-M2-1403D223C9-P001;IMP-M2-1750FF4FF7-P001;IMP-M2-1895C43FC6-P001;IMP-M2-50B0B212DD-P001;IMP-M2-6D7FCEA253-P001;IMP-M2-9CEC4F97B5-P001;IMP-M2-BC23C57F39-P001	Downloads/merged_exercises_FULL_v2 (1).tex;Downloads/merged_exercises_FULL_v2.tex;Downloads/merged_exercises_corrected (1).tex;Downloads/merged_exercises_corrected (2).tex;Downloads/merged_exercises_corrected (3).tex;Downloads/merged_exercises_corrected (4).tex;Downloads/merged_exercises_corrected.tex;Downloads/theory-of-real-analysis.tex;MATH-ALLS-2/merged_exercises_FULL_v2 (1).tex;MATH-ALLS-2/merged_exercises_FULL_v2.tex;MATH-ALLS-2/merged_exercises_corrected (1).tex;MATH-ALLS-2/merged_exercises_corrected (2).tex;MATH-ALLS-2/merged_exercises_corrected (3).tex;MATH-ALLS-2/merged_exercises_corrected (4).tex;MATH-ALLS-2/merged_exercises_corrected.tex;MATH-ALLS-2/theory-of-real-analysis.tex	Downloads;MATH-ALLS-2	EXERCISE	1.1			NO	NEEDS_EDITORIAL_REVIEW
719661ca034168eba2a1e44df0a27010b104f8af89705725e9e1192578254b01	SEM-719661CA0341	IMP-DL-4DEBE28720-P100	2	IMP-DL-4DEBE28720-P100;IMP-M3-8E395763C8-P100	Downloads/theory-of-commutative-algebra-13.tex;MATH_ALLS-3/theory-of-commutative-algebra-13.tex	Downloads;MATH_ALLS-3	WORKED_EXAMPLE	3			NO	NEEDS_EDITORIAL_REVIEW
71acd6f69fe109f752e0be29e235fc1e0a1c9187bc6ab0d60ba4060f1faa2f2d	SEM-71ACD6F69FE1	IMP-DL-35223EB1F7-P019	2	IMP-DL-35223EB1F7-P019;IMP-DL-35223EB1F7-R002577-71ACD6F6	Downloads/theory-of-algebraic-topology-6.tex	Downloads	EXAMPLE;WORKED_EXAMPLE				NO	NEEDS_EDITORIAL_REVIEW
71af112422277cc55a9734930029d4e744ce090b6347723347f3b4a3a15cb030	SEM-71AF11242227	IMP-DL-11EDF39EA7-P030	2	IMP-DL-11EDF39EA7-P030;IMP-M2-68556E3D88-P030	Downloads/theory-of-analysis-FD2.tex;MATH-ALLS-2/theory-of-analysis-FD2.tex	Downloads;MATH-ALLS-2	EXERCISE_ITEM				NO	NEEDS_EDITORIAL_REVIEW
71b02ea93e8c030151047bfbdc6fa587588b4edcf4c04d3fd4fe2a4bbcabf6c4	SEM-71B02EA93E8C	IMP-DL-592BD0798C-P050	2	IMP-DL-592BD0798C-P050;IMP-M3-1FB8799CDC-P050	Downloads/theory-of-commutative-algebra-8.tex;MATH_ALLS-3/theory-of-commutative-algebra-8.tex	Downloads;MATH_ALLS-3	WORKED_EXAMPLE	2			NO	NEEDS_EDITORIAL_REVIEW
71bdf49e71bcfdcceeea10d5454f69de2249d218efe3e881dc548b34cd8cebfd	SEM-71BDF49E71BC	IMP-DL-3190BA882C-P012	2	IMP-DL-3190BA882C-P012;IMP-M3-CABB372599-P012	Downloads/theory-of-commutative-algebra-15.tex;MATH_ALLS-3/theory-of-commutative-algebra-15.tex	Downloads;MATH_ALLS-3	EXERCISE_ITEM				NO	NEEDS_EDITORIAL_REVIEW
71df2725d26555d490fe872832ccbb6704f824308e08abec8ac14c4b405aae3f	SEM-71DF2725D265	IMP-DL-4DEBE28720-P008	2	IMP-DL-4DEBE28720-P008;IMP-M3-8E395763C8-P008	Downloads/theory-of-commutative-algebra-13.tex;MATH_ALLS-3/theory-of-commutative-algebra-13.tex	Downloads;MATH_ALLS-3	WORKED_EXAMPLE				NO	NEEDS_EDITORIAL_REVIEW
721de9726dc07dfdd1ab4d6457dcb53375ef61005ac20b23f3dafd3dbcdb16d6	SEM-721DE9726DC0	IMP-DL-6B513C0C2F-PSR002060-721DE972	1	IMP-DL-6B513C0C2F-PSR002060-721DE972	Downloads/theory-of-algebraic-geometry-10.tex	Downloads	EXAMPLE	4			NO	NEEDS_EDITORIAL_REVIEW
7222f7a56e82c7da524e905a83c713f7651f62fda38333b5d5c1eefdda491cd4	SEM-7222F7A56E82	IMP-DL-ACE5A65961-SPR004057-7222F7A5	2	IMP-DL-ACE5A65961-SPR004057-7222F7A5;IMP-M3-251F2514E1-SPR004057-7222F7A5	Downloads/theory-of-commutative-algebra-2.tex;MATH_ALLS-3/theory-of-commutative-algebra-2.tex	Downloads;MATH_ALLS-3	EXAMPLE	1			NO	NEEDS_EDITORIAL_REVIEW
72528fb3d1c0f9d4eb89421d4812a180ee68e3182e4ffe6d72618d18bc488a4f	SEM-72528FB3D1C0	IMP-DL-8D5CF4CFBA-P022	2	IMP-DL-8D5CF4CFBA-P022;IMP-M3-89937139FC-P022	Downloads/theory-of-linear-algebra-2.tex;MATH_ALLS-3/theory-of-linear-algebra-2.tex	Downloads;MATH_ALLS-3	PROBLEM	12	IMP-DL-8D5CF4CFBA-S023;IMP-DL-8D5CF4CFBA-S024;IMP-DL-8D5CF4CFBA-S025;IMP-DL-8D5CF4CFBA-S026;IMP-DL-8D5CF4CFBA-S027;IMP-DL-8D5CF4CFBA-S028;IMP-DL-8D5CF4CFBA-S029;IMP-M3-89937139FC-S023;IMP-M3-89937139FC-S024;IMP-M3-89937139FC-S025;IMP-M3-89937139FC-S026;IMP-M3-89937139FC-S027;IMP-M3-89937139FC-S028;IMP-M3-89937139FC-S029		YES	NEEDS_EDITORIAL_REVIEW
726cf7e6b3950cbfff101f976208ffff5904fe1744896ea0f8b725b3604d080f	SEM-726CF7E6B395	IMP-DL-A470D9BACB-P009	2	IMP-DL-A470D9BACB-P009;IMP-M2-2850FB9A8A-P009	Downloads/theory-of-geometry-1.tex;MATH-ALLS-2/theory-of-geometry-1.tex	Downloads;MATH-ALLS-2	PROBLEM	6	IMP-DL-A470D9BACB-S005;IMP-M2-2850FB9A8A-S005		YES	NEEDS_EDITORIAL_REVIEW
7276f7ef1d45469d041ca4a41db8ed0340f822cbb4f38ccdbfdbebaf1bb9137d	SEM-7276F7EF1D45	IMP-DL-316AE183C3-P079	2	IMP-DL-316AE183C3-P079;IMP-M2-303BB87ACE-P079	Downloads/theory-of-analysis-functions.tex;MATH-ALLS-2/theory-of-analysis-functions.tex	Downloads;MATH-ALLS-2	EXERCISE	10	IMP-DL-316AE183C3-S012;IMP-M2-303BB87ACE-S012		YES	NEEDS_EDITORIAL_REVIEW
72803e20db98a892879e1b102da9e2e22f836cd242dbdbba9e5cfb8a5e8a12b9	SEM-72803E20DB98	IMP-DL-2B81C66D0F-R000563-72803E20	2	IMP-DL-2B81C66D0F-R000563-72803E20;IMP-M3-84A516D889-R000555-72803E20	Downloads/theory-of-algebraic-topology-2.tex;MATH_ALLS-3/theory-of-algebraic-topology-2.tex	Downloads;MATH_ALLS-3	PROBLEM	9			NO	NEEDS_EDITORIAL_REVIEW
72864a190f2da81be57ed7e4ea049373f9dfecac37f138a0a4cfe20702b184d5	SEM-72864A190F2D	IMP-DL-4DEBE28720-P090	2	IMP-DL-4DEBE28720-P090;IMP-M3-8E395763C8-P090	Downloads/theory-of-commutative-algebra-13.tex;MATH_ALLS-3/theory-of-commutative-algebra-13.tex	Downloads;MATH_ALLS-3	WORKED_EXAMPLE	4			NO	NEEDS_EDITORIAL_REVIEW
72a054b536086d3c1f69207f039f29b0636880f5a184d39f6a2141429160824b	SEM-72A054B53608	IMP-DL-D148B51FB7-P019	2	IMP-DL-D148B51FB7-P019;IMP-M3-5A5277EBFB-P019	Downloads/theory-of-differential-geometry-4.tex;MATH_ALLS-3/theory-of-differential-geometry-4.tex	Downloads;MATH_ALLS-3	PROBLEM	10	IMP-DL-D148B51FB7-S010;IMP-M3-5A5277EBFB-S010		YES	NEEDS_EDITORIAL_REVIEW
7303f9a0944bb28d2195c33a03c271ba497beff0a08746e6b2c885f933a250d4	SEM-7303F9A0944B	IMP-DL-11EDF39EA7-P032	2	IMP-DL-11EDF39EA7-P032;IMP-M2-68556E3D88-P032	Downloads/theory-of-analysis-FD2.tex;MATH-ALLS-2/theory-of-analysis-FD2.tex	Downloads;MATH-ALLS-2	EXERCISE_ITEM				NO	NEEDS_EDITORIAL_REVIEW
7323972db4f05846919492ef08301cbc0a9c5529136e895ee46adff461ffe8e1	SEM-7323972DB4F0	IMP-DL-592BD0798C-P068	2	IMP-DL-592BD0798C-P068;IMP-M3-1FB8799CDC-P068	Downloads/theory-of-commutative-algebra-8.tex;MATH_ALLS-3/theory-of-commutative-algebra-8.tex	Downloads;MATH_ALLS-3	PROBLEM	12			NO	NEEDS_EDITORIAL_REVIEW
73254e8128088a5a75e13281d89095e42e06807d011ffc01f92e368bf00e8480	SEM-73254E812808	IMP-DL-724FD8B7B1-P014	2	IMP-DL-724FD8B7B1-P014;IMP-M3-51E6A44D55-P014	Downloads/theory-of-commutative-algebra-1.tex;MATH_ALLS-3/theory-of-commutative-algebra-1.tex	Downloads;MATH_ALLS-3	PROBLEM	3	IMP-DL-724FD8B7B1-S014;IMP-M3-51E6A44D55-S014		YES	NEEDS_EDITORIAL_REVIEW
7352a54c2512999fca7d86fd2be150d39da9514df2166aaa723dd52d40dcaa09	SEM-7352A54C2512	IMP-DL-A978FB3162-P045	1	IMP-DL-A978FB3162-P045	Downloads/theory-of-algebraic-topology-4.tex	Downloads	PROBLEM_ITEM				NO	NEEDS_EDITORIAL_REVIEW
7358d7c962a6e326579aedb3109363a8a1a57936e3e3645fd628c17a1da6e4ee	SEM-7358D7C962A6	IMP-DL-0EB9CBD958-P032	2	IMP-DL-0EB9CBD958-P032;IMP-M2-F4C85D52DC-P032	Downloads/theory-of-geometry.tex;MATH-ALLS-2/theory-of-geometry.tex	Downloads;MATH-ALLS-2	PROBLEM	4			NO	NEEDS_EDITORIAL_REVIEW
7385e9aaf67b3ee4b61196135787b822d956c786ec6dc717f3c3a893f3d78c2b	SEM-7385E9AAF67B	IMP-DL-873C6F4098-P096	2	IMP-DL-873C6F4098-P096;IMP-M2-CFC28ED568-P096	Downloads/theory-of-analysis-II.tex;MATH-ALLS-2/theory-of-analysis-II.tex	Downloads;MATH-ALLS-2	PROBLEM	9			NO	NEEDS_EDITORIAL_REVIEW
73c2aa3eb50cc4c4e0f7ed33e979609600ea2836305be00c5c6e27b349bd1490	SEM-73C2AA3EB50C	IMP-DL-0A181AC273-P029	4	IMP-DL-0A181AC273-P029;IMP-DL-AD9EFCAF62-P005;IMP-M2-79778E004E-P005;IMP-M2-80AFB5AE64-P029	Downloads/theory-of-complex-analysis-2.tex;Downloads/theory-of-complex-analysis.tex;MATH-ALLS-2/theory-of-complex-analysis-2.tex;MATH-ALLS-2/theory-of-complex-analysis.tex	Downloads;MATH-ALLS-2	PROBLEM	6.	IMP-DL-0A181AC273-S014;IMP-DL-AD9EFCAF62-S003;IMP-M2-79778E004E-S003;IMP-M2-80AFB5AE64-S014		YES	NEEDS_EDITORIAL_REVIEW
73c3993f5c70d19ceee99c8ccff8a8c0f89868f9c8e6025851b561da7da0e407	SEM-73C3993F5C70	IMP-DL-873C6F4098-P087	2	IMP-DL-873C6F4098-P087;IMP-M2-CFC28ED568-P087	Downloads/theory-of-analysis-II.tex;MATH-ALLS-2/theory-of-analysis-II.tex	Downloads;MATH-ALLS-2	PROBLEM	3	IMP-DL-873C6F4098-S021;IMP-M2-CFC28ED568-S021		YES	NEEDS_EDITORIAL_REVIEW
73ec254d9c33873ddfd2ea038b0d4c5bbb3bff01d0c74fc2eac47d4e0aeacc72	SEM-73EC254D9C33	IMP-DL-E12021E60A-P018	1	IMP-DL-E12021E60A-P018	Downloads/theory-of-algebraic-topology-17.tex	Downloads	WORKED_EXAMPLE	9.9			NO	NEEDS_EDITORIAL_REVIEW
7402cdfccd8fdcb062cd200b6dc82af163108f3ae5afcee1bcf2f4cf783a9d0d	SEM-7402CDFCCD8F	IMP-DL-183AD43C4C-R000569-7402CDFC	4	IMP-DL-183AD43C4C-R000569-7402CDFC;IMP-DL-20E278E436-R000511-7402CDFC;IMP-M2-1895C43FC6-R000569-7402CDFC;IMP-M2-50B0B212DD-R000511-7402CDFC	Downloads/merged_exercises_FULL_v2 (1).tex;Downloads/theory-of-real-analysis.tex;MATH-ALLS-2/merged_exercises_FULL_v2 (1).tex;MATH-ALLS-2/theory-of-real-analysis.tex	Downloads;MATH-ALLS-2	EXERCISE	3.9	IMP-DL-183AD43C4C-S010;IMP-DL-183AD43C4C-S011;IMP-DL-183AD43C4C-S012;IMP-DL-183AD43C4C-S013;IMP-DL-183AD43C4C-S014;IMP-DL-20E278E436-S010;IMP-DL-20E278E436-S011;IMP-DL-20E278E436-S012;IMP-DL-20E278E436-S013;IMP-DL-20E278E436-S014;IMP-M2-1895C43FC6-S010;IMP-M2-1895C43FC6-S011;IMP-M2-1895C43FC6-S012;IMP-M2-1895C43FC6-S013;IMP-M2-1895C43FC6-S014;IMP-M2-50B0B212DD-S010;IMP-M2-50B0B212DD-S011;IMP-M2-50B0B212DD-S012;IMP-M2-50B0B212DD-S013;IMP-M2-50B0B212DD-S014		YES	NEEDS_EDITORIAL_REVIEW
740586f0940d16dad942ededcaa20723426952ade2bc96aa8e89393579cba805	SEM-740586F0940D	IMP-DL-0A181AC273-P032	4	IMP-DL-0A181AC273-P032;IMP-DL-AD9EFCAF62-P008;IMP-M2-79778E004E-P008;IMP-M2-80AFB5AE64-P032	Downloads/theory-of-complex-analysis-2.tex;Downloads/theory-of-complex-analysis.tex;MATH-ALLS-2/theory-of-complex-analysis-2.tex;MATH-ALLS-2/theory-of-complex-analysis.tex	Downloads;MATH-ALLS-2	PROBLEM_ITEM				NO	NEEDS_EDITORIAL_REVIEW
7410e2fe6a5ebec60b5c7d57552d760b84f18a5079aedf5294c7b1efae5ee62a	SEM-7410E2FE6A5E	IMP-DL-AD9EFCAF62-P021	2	IMP-DL-AD9EFCAF62-P021;IMP-M2-79778E004E-P021	Downloads/theory-of-complex-analysis-2.tex;MATH-ALLS-2/theory-of-complex-analysis-2.tex	Downloads;MATH-ALLS-2	PROBLEM	4			NO	NEEDS_EDITORIAL_REVIEW
74113833838bfdd4565792b4ece6949e700e7cf2082b8ad707cbfe7eefc51906	SEM-74113833838B	IMP-DL-D27460A55B-P004	1	IMP-DL-D27460A55B-P004	Downloads/theory-of-algebraic-geometry-5.tex	Downloads	PROBLEM	5	IMP-DL-D27460A55B-S004		YES	NEEDS_EDITORIAL_REVIEW
742b127e3b7c33f2c29e743cea2ddf301cf51933df03a42d82535ee7f13c9a1f	SEM-742B127E3B7C	IMP-DL-ACE5A65961-P009	2	IMP-DL-ACE5A65961-P009;IMP-M3-251F2514E1-P009	Downloads/theory-of-commutative-algebra-2.tex;MATH_ALLS-3/theory-of-commutative-algebra-2.tex	Downloads;MATH_ALLS-3	PROBLEM	5	IMP-DL-ACE5A65961-S010;IMP-M3-251F2514E1-S010		YES	NEEDS_EDITORIAL_REVIEW
744af15f8d8b454755a07b6bd2256199dfe21dccfd8cd4305be2cbc0c7c7d4e3	SEM-744AF15F8D8B	IMP-DL-316AE183C3-P080	2	IMP-DL-316AE183C3-P080;IMP-M2-303BB87ACE-P080	Downloads/theory-of-analysis-functions.tex;MATH-ALLS-2/theory-of-analysis-functions.tex	Downloads;MATH-ALLS-2	EXERCISE	11	IMP-DL-316AE183C3-S013;IMP-M2-303BB87ACE-S013		YES	NEEDS_EDITORIAL_REVIEW
7467277b71bd9a8a3f640ee0b4a1abf45ca63ee45d8a364a96e32af3f37f76a5	SEM-7467277B71BD	IMP-DL-D148B51FB7-P031	2	IMP-DL-D148B51FB7-P031;IMP-M3-5A5277EBFB-P031	Downloads/theory-of-differential-geometry-4.tex;MATH_ALLS-3/theory-of-differential-geometry-4.tex	Downloads;MATH_ALLS-3	PROBLEM	2	IMP-DL-D148B51FB7-S025;IMP-M3-5A5277EBFB-S025		YES	NEEDS_EDITORIAL_REVIEW
74689fff44c6c83f82c38df0f4ea2474030a5f98fd152e7116e05628d1729f17	SEM-74689FFF44C6	IMP-DL-EAE0F59552-P007	2	IMP-DL-EAE0F59552-P007;IMP-M2-7EA9DA1D72-P007	Downloads/theory-of-analysis-topology.tex;MATH-ALLS-2/theory-of-analysis-topology.tex	Downloads;MATH-ALLS-2	PROBLEM	5			NO	NEEDS_EDITORIAL_REVIEW
74ad770c6571f0714a3718ee95e8308f4459275e571499c57ec7bc336a5ce98d	SEM-74AD770C6571	IMP-DL-A978FB3162-P072	1	IMP-DL-A978FB3162-P072	Downloads/theory-of-algebraic-topology-4.tex	Downloads	WORKED_EXAMPLE	3			NO	NEEDS_EDITORIAL_REVIEW
74bf20bf7fbfbcaef1be6f6d356e8bf00c4cdcf90e648326aadf5485ff5d1c6b	SEM-74BF20BF7FBF	IMP-DL-067214B351-PSR003653-74BF20BF	1	IMP-DL-067214B351-PSR003653-74BF20BF	Downloads/theory-of-algebraic-topology-15.tex	Downloads	EXAMPLE	3			NO	NEEDS_EDITORIAL_REVIEW
74c37d5b2f2f98519e34686002fd511f36b4b346603046033a0cec7f4651a40e	SEM-74C37D5B2F2F	IMP-DL-18BC6F795C-P030	1	IMP-DL-18BC6F795C-P030	Downloads/theory-of-algebraic-topology-9.tex	Downloads	WORKED_EXAMPLE	12			NO	NEEDS_EDITORIAL_REVIEW
74e791d6168bedbe6124f260f8ac3865164a3fe677445e825728f857c399f80a	SEM-74E791D6168B	IMP-DL-E532B44856-P012	2	IMP-DL-E532B44856-P012;IMP-M2-C037D998D4-P012	Downloads/theory-of-analysis-functions-II.tex;MATH-ALLS-2/theory-of-analysis-functions-II.tex	Downloads;MATH-ALLS-2	EXERCISE	12	IMP-DL-E532B44856-S001;IMP-M2-C037D998D4-S001		YES	NEEDS_EDITORIAL_REVIEW
7500f564cb4a655a8058d59e477ebf16b294891105fc0825bccaf7a784e13ce7	SEM-7500F564CB4A	IMP-DL-873C6F4098-P054	2	IMP-DL-873C6F4098-P054;IMP-M2-CFC28ED568-P054	Downloads/theory-of-analysis-II.tex;MATH-ALLS-2/theory-of-analysis-II.tex	Downloads;MATH-ALLS-2	PROBLEM_ITEM				NO	NEEDS_EDITORIAL_REVIEW
750404e5defb0552a981086396d39cfa93be774e7ebadcfd4e1ba00edbde393f	SEM-750404E5DEFB	IMP-DL-117191C0EC-P041	2	IMP-DL-117191C0EC-P041;IMP-M2-40A546CAA2-P041	Downloads/theory-of-analysis-topics.tex;MATH-ALLS-2/theory-of-analysis-topics.tex	Downloads;MATH-ALLS-2	PROBLEM_ITEM				NO	NEEDS_EDITORIAL_REVIEW
75641c32842e0c0ccc9a7ab94b5141f52ff0fa55acdf7ef3b99b0d9869b49732	SEM-75641C32842E	IMP-DL-D18914CBBD-P069	2	IMP-DL-D18914CBBD-P069;IMP-M3-78B3C1B707-P069	Downloads/theory-of-commutative-algebra-11.tex;MATH_ALLS-3/theory-of-commutative-algebra-11.tex	Downloads;MATH_ALLS-3	WORKED_EXAMPLE	12			NO	NEEDS_EDITORIAL_REVIEW
75768a3fe667d4c594d3328893f0e30d5df14a76d98bc6d29078ffa961b81d9f	SEM-75768A3FE667	IMP-DL-CB3C80FF97-P025	2	IMP-DL-CB3C80FF97-P025;IMP-M2-7B5A4788C1-P025	Downloads/theory-of-complex-analysis-topology.tex;MATH-ALLS-2/theory-of-complex-analysis-topology.tex	Downloads;MATH-ALLS-2	PROBLEM_ITEM		IMP-DL-CB3C80FF97-S018;IMP-M2-7B5A4788C1-S018		YES	NEEDS_EDITORIAL_REVIEW
75aa64b40b22b94a19a27e2a05c6468b761c9bf320b430126e4772548688e1f6	SEM-75AA64B40B22	IMP-DL-4DEBE28720-P040	2	IMP-DL-4DEBE28720-P040;IMP-M3-8E395763C8-P040	Downloads/theory-of-commutative-algebra-13.tex;MATH_ALLS-3/theory-of-commutative-algebra-13.tex	Downloads;MATH_ALLS-3	WORKED_EXAMPLE				NO	NEEDS_EDITORIAL_REVIEW
75c636c490a6239aa695e25296ad35695dc9e4510586347b0edd28cc15b5f6bc	SEM-75C636C490A6	IMP-DL-E532B44856-PSR001282-75C636C4	2	IMP-DL-E532B44856-PSR001282-75C636C4;IMP-M2-C037D998D4-PSR001282-75C636C4	Downloads/theory-of-analysis-functions-II.tex;MATH-ALLS-2/theory-of-analysis-functions-II.tex	Downloads;MATH-ALLS-2	PROBLEM	9			NO	NEEDS_EDITORIAL_REVIEW
760009c7cfa8e2a9a5123102fe5033c4700d83b8af6c2c4fdbcec2365284348f	SEM-760009C7CFA8	IMP-DL-314EAD1F3C-R001660-760009C7	1	IMP-DL-314EAD1F3C-R001660-760009C7	Downloads/theory-of-algebraic-topology-12.tex	Downloads	PROBLEM	11			NO	NEEDS_EDITORIAL_REVIEW
760776df1ffb96410122e027bbf3e56323639754e869fd33d4074cc76c9c1370	SEM-760776DF1FFB	IMP-DL-3C59D9EE8B-P004	6	IMP-DL-3C59D9EE8B-P004;IMP-DL-40E9B7EE44-P004;IMP-DL-E1F1BB4192-P004;IMP-M3-0D398C7F27-P004;IMP-M3-17140B7F4C-P004;IMP-M3-D1A916E0DD-P004	Downloads/theory-of-commutative-algebra-5-professional-v2.tex;Downloads/theory-of-commutative-algebra-5-professional.tex;Downloads/theory-of-commutative-algebra-5.tex;MATH_ALLS-3/theory-of-commutative-algebra-5-professional-v2.tex;MATH_ALLS-3/theory-of-commutative-algebra-5-professional.tex;MATH_ALLS-3/theory-of-commutative-algebra-5.tex	Downloads;MATH_ALLS-3	PROBLEM	6	IMP-DL-3C59D9EE8B-S008;IMP-DL-40E9B7EE44-S008;IMP-DL-E1F1BB4192-S008;IMP-M3-0D398C7F27-S008;IMP-M3-17140B7F4C-S008;IMP-M3-D1A916E0DD-S008		YES	NEEDS_EDITORIAL_REVIEW
7609138f7a0f2d5be8463e798c2e2850463bb7bd889d11ce907f23fa082c3b31	SEM-7609138F7A0F	IMP-DL-0AC5ADA26C-P004	1	IMP-DL-0AC5ADA26C-P004	Downloads/theory-of-algebraic-topology-8.tex	Downloads	WORKED_EXAMPLE	4			NO	NEEDS_EDITORIAL_REVIEW
760b3d3d309d0b5157919501a16b77d36f835a63b8394348bbc0af667edef8f6	SEM-760B3D3D309D	IMP-DL-A11279CC33-P011	2	IMP-DL-A11279CC33-P011;IMP-M3-73E0197CF3-P011	Downloads/theory-of-commutative-algebra-6.tex;MATH_ALLS-3/theory-of-commutative-algebra-6.tex	Downloads;MATH_ALLS-3	WORKED_EXAMPLE				NO	NEEDS_EDITORIAL_REVIEW
762bdd4d41f1e3709ddb0fe91cf121f8da8c4691671ee251778e0a88050db258	SEM-762BDD4D41F1	IMP-DL-0E1529C1F4-P003	2	IMP-DL-0E1529C1F4-P003;IMP-M2-B699C4BE42-P003	Downloads/theory-of-complex-analysis-maps.tex;MATH-ALLS-2/theory-of-complex-analysis-maps.tex	Downloads;MATH-ALLS-2	WORKED_EXAMPLE				NO	NEEDS_EDITORIAL_REVIEW
7630031d9e06e954f76bb00427c2cb48febcaf8ead2b230e70221bcb5a6b34d9	SEM-7630031D9E06	IMP-DL-3E276561C4-P030	4	IMP-DL-3E276561C4-P030;IMP-DL-3E276561C4-R003047-7630031D;IMP-M3-AB2FCA292B-P030;IMP-M3-AB2FCA292B-R003047-7630031D	Downloads/theory-of-linear-algebra-1.tex;MATH_ALLS-3/theory-of-linear-algebra-1.tex	Downloads;MATH_ALLS-3	PROBLEM	12	IMP-DL-3E276561C4-S038;IMP-DL-3E276561C4-S046;IMP-M3-AB2FCA292B-S038;IMP-M3-AB2FCA292B-S046		YES	NEEDS_EDITORIAL_REVIEW
76370fa3b29fb37eac8a203b181d55c68bf0aebf2a5b08af7d94c136ba82479d	SEM-76370FA3B29F	IMP-DL-D4351A3BBD-P021	2	IMP-DL-D4351A3BBD-P021;IMP-M2-721AD91C7F-P021	Downloads/theory-of-geometry-IV.tex;MATH-ALLS-2/theory-of-geometry-IV.tex	Downloads;MATH-ALLS-2	PROBLEM_ITEM				NO	NEEDS_EDITORIAL_REVIEW
766ceb5cab68ac0ff3930eb42e1eb3af070b371a3417cff711016dfd0163f2d7	SEM-766CEB5CAB68	IMP-DL-C3DACFE8A7-P020	1	IMP-DL-C3DACFE8A7-P020	Downloads/theory-of-algebraic-geometry-7.tex	Downloads	WORKED_EXAMPLE	21.			NO	NEEDS_EDITORIAL_REVIEW
7688e485bf5dfe80a3af3cf931f46b12630468d2f9b1a9ee72383c2efd1f8365	SEM-7688E485BF5D	IMP-DL-2370D81D66-P046	2	IMP-DL-2370D81D66-P046;IMP-M2-D036BAB254-P046	Downloads/theory-of-analysis-FD.tex;MATH-ALLS-2/theory-of-analysis-FD.tex	Downloads;MATH-ALLS-2	EXERCISE_ITEM				NO	NEEDS_EDITORIAL_REVIEW
7697a61cb809faaa3ac3ecc995ef7974572a377fc4666b3483df7a1be0320a2b	SEM-7697A61CB809	IMP-DL-3C59D9EE8B-P036	2	IMP-DL-3C59D9EE8B-P036;IMP-M3-D1A916E0DD-P036	Downloads/theory-of-commutative-algebra-5-professional-v2.tex;MATH_ALLS-3/theory-of-commutative-algebra-5-professional-v2.tex	Downloads;MATH_ALLS-3	PROBLEM_ITEM				NO	NEEDS_EDITORIAL_REVIEW
76af4807def8f61c8881cbafcd9fa47e096096197dad098b1a823430bc7325b3	SEM-76AF4807DEF8	IMP-DL-8016517B0A-P029	3	IMP-DL-8016517B0A-P029;IMP-M2-2B58694CBF-P029;IMP-M3-911366A7C5-P029	Downloads/theory-of-differential-geometry-1.tex;MATH-ALLS-2/theory-of-differential-geometry-1.tex;MATH_ALLS-3/theory-of-differential-geometry-1.tex	Downloads;MATH-ALLS-2;MATH_ALLS-3	PROBLEM	6			NO	NEEDS_EDITORIAL_REVIEW
76d7c3a34aea5f5424c2ead52d6cf07696fcb05564486745df1a60235273238d	SEM-76D7C3A34AEA	IMP-DL-873C6F4098-P081	2	IMP-DL-873C6F4098-P081;IMP-M2-CFC28ED568-P081	Downloads/theory-of-analysis-II.tex;MATH-ALLS-2/theory-of-analysis-II.tex	Downloads;MATH-ALLS-2	PROBLEM_ITEM				NO	NEEDS_EDITORIAL_REVIEW
76edc5f9642a3427274ffd489a3543f8301181df0f07948e9dff63bfef1cb70d	SEM-76EDC5F9642A	IMP-DL-D6E9B3BC73-P025	2	IMP-DL-D6E9B3BC73-P025;IMP-M3-422B74F85F-P025	Downloads/theory-of-algebraic-topology-1.tex;MATH_ALLS-3/theory-of-algebraic-topology-1.tex	Downloads;MATH_ALLS-3	WORKED_EXAMPLE	4.			NO	NEEDS_EDITORIAL_REVIEW
76fa7123852c8c173a7bdfd2d95db4444104bb89aa02f82a2a573bb9486e3a7a	SEM-76FA7123852C	IMP-DL-0EB9CBD958-P065	2	IMP-DL-0EB9CBD958-P065;IMP-M2-F4C85D52DC-P065	Downloads/theory-of-geometry.tex;MATH-ALLS-2/theory-of-geometry.tex	Downloads;MATH-ALLS-2	PROBLEM_ITEM				NO	NEEDS_EDITORIAL_REVIEW
770b1c93a221be08413acc3b9a386468c63dd30b48ae4e63c594642af5cadddc	SEM-770B1C93A221	IMP-DL-0AC5ADA26C-P006	1	IMP-DL-0AC5ADA26C-P006	Downloads/theory-of-algebraic-topology-8.tex	Downloads	WORKED_EXAMPLE	6			NO	NEEDS_EDITORIAL_REVIEW
770d840021626f076470a3f67d15d2aaaa771d7240ca3aaf3fb7d9c7ac213ea3	SEM-770D84002162	IMP-DL-3190BA882C-P009	2	IMP-DL-3190BA882C-P009;IMP-M3-CABB372599-P009	Downloads/theory-of-commutative-algebra-15.tex;MATH_ALLS-3/theory-of-commutative-algebra-15.tex	Downloads;MATH_ALLS-3	EXERCISE_ITEM				NO	NEEDS_EDITORIAL_REVIEW
7719c8c788d9648850aae0552418be59fca4fdf8fd06bd7e961673c3d8475b0c	SEM-7719C8C788D9	IMP-DL-8016517B0A-P027	3	IMP-DL-8016517B0A-P027;IMP-M2-2B58694CBF-P027;IMP-M3-911366A7C5-P027	Downloads/theory-of-differential-geometry-1.tex;MATH-ALLS-2/theory-of-differential-geometry-1.tex;MATH_ALLS-3/theory-of-differential-geometry-1.tex	Downloads;MATH-ALLS-2;MATH_ALLS-3	PROBLEM	4			NO	NEEDS_EDITORIAL_REVIEW
7720f1059feb5a9ea080d76b1cacbf98fa2368c03d888c3a61ca26e2bc08d668	SEM-7720F1059FEB	IMP-DL-1068DBED71-P022	4	IMP-DL-1068DBED71-P022;IMP-DL-CAA415139D-P022;IMP-M3-F4E66B2919-P022;IMP-M3-FCB1647DD6-P022	Downloads/theory-of-commutative-algebra-10.tex;Downloads/theory-of-commutative-algebra-9.tex;MATH_ALLS-3/theory-of-commutative-algebra-10.tex;MATH_ALLS-3/theory-of-commutative-algebra-9.tex	Downloads;MATH_ALLS-3	WORKED_EXAMPLE				NO	NEEDS_EDITORIAL_REVIEW
77343673f7d308df6759ab64bdad4a0be3e3b924d5a24420a5bcccf1e510737f	SEM-77343673F7D3	IMP-DL-A978FB3162-P086	1	IMP-DL-A978FB3162-P086	Downloads/theory-of-algebraic-topology-4.tex	Downloads	WORKED_EXAMPLE	5			NO	NEEDS_EDITORIAL_REVIEW
77515b048f43f68f9fcd190105a491dbf503eed558e9367ca01f3e446f8018c8	SEM-77515B048F43	IMP-DL-183AD43C4C-R001461-77515B04	4	IMP-DL-183AD43C4C-R001461-77515B04;IMP-DL-20E278E436-R001403-77515B04;IMP-M2-1895C43FC6-R001461-77515B04;IMP-M2-50B0B212DD-R001403-77515B04	Downloads/merged_exercises_FULL_v2 (1).tex;Downloads/theory-of-real-analysis.tex;MATH-ALLS-2/merged_exercises_FULL_v2 (1).tex;MATH-ALLS-2/theory-of-real-analysis.tex	Downloads;MATH-ALLS-2	EXERCISE	6.5	IMP-DL-183AD43C4C-S036;IMP-DL-20E278E436-S036;IMP-M2-1895C43FC6-S036;IMP-M2-50B0B212DD-S036		YES	NEEDS_EDITORIAL_REVIEW
779b5f0d9467561269433a0fa9876d41bdbf17345b3e6b9864585f8b16b61a48	SEM-779B5F0D9467	IMP-DL-A978FB3162-P074	1	IMP-DL-A978FB3162-P074	Downloads/theory-of-algebraic-topology-4.tex	Downloads	WORKED_EXAMPLE	5			NO	NEEDS_EDITORIAL_REVIEW
779d249d7dc5edd9fd8f389e1e827fabed3c82cff21297e8140e0d692564188f	SEM-779D249D7DC5	IMP-DL-6447F1B120-PSR002601-779D249D	1	IMP-DL-6447F1B120-PSR002601-779D249D	Downloads/theory-of-algebraic-topology-11.tex	Downloads	PROBLEM	10.	IMP-DL-6447F1B120-S009		YES	NEEDS_EDITORIAL_REVIEW
77b0a1ab175ea6766211ea2c848a01da639a23da909ffcc0a1cb900fd137a757	SEM-77B0A1AB175E	IMP-DL-873C6F4098-P058	2	IMP-DL-873C6F4098-P058;IMP-M2-CFC28ED568-P058	Downloads/theory-of-analysis-II.tex;MATH-ALLS-2/theory-of-analysis-II.tex	Downloads;MATH-ALLS-2	PROBLEM_ITEM				NO	NEEDS_EDITORIAL_REVIEW
77e754acfda4d0f01c29ff3f7f5f4a3690518d8954186130e5e6fd935e01a716	SEM-77E754ACFDA4	IMP-DL-CB3C80FF97-P032	2	IMP-DL-CB3C80FF97-P032;IMP-M2-7B5A4788C1-P032	Downloads/theory-of-complex-analysis-topology.tex;MATH-ALLS-2/theory-of-complex-analysis-topology.tex	Downloads;MATH-ALLS-2	PROBLEM_ITEM				NO	NEEDS_EDITORIAL_REVIEW
77fe0f09fb85a61e1516725c6607013934746632a1710ab2dd59128389ea7da0	SEM-77FE0F09FB85	IMP-DL-C3DACFE8A7-P004	1	IMP-DL-C3DACFE8A7-P004	Downloads/theory-of-algebraic-geometry-7.tex	Downloads	WORKED_EXAMPLE	4.			NO	NEEDS_EDITORIAL_REVIEW
7822b77d2205b600f54e6b7d774749638f51af823856202a8a10f092a3df58cd	SEM-7822B77D2205	IMP-DL-E532B44856-P003	2	IMP-DL-E532B44856-P003;IMP-M2-C037D998D4-P003	Downloads/theory-of-analysis-functions-II.tex;MATH-ALLS-2/theory-of-analysis-functions-II.tex	Downloads;MATH-ALLS-2	PROBLEM	3			NO	NEEDS_EDITORIAL_REVIEW
782c5219cf97745008a49af5e6ad6578d736c8b6c651055fa4c1cefe1877b392	SEM-782C5219CF97	IMP-DL-BD3A6D53D0-P023	3	IMP-DL-BD3A6D53D0-P023;IMP-M2-E2BE0561BD-P023;IMP-M3-0F6B7A59EB-P023	Downloads/theory-of-differential-geometry-2.tex;MATH-ALLS-2/theory-of-differential-geometry-2.tex;MATH_ALLS-3/theory-of-differential-geometry-2.tex	Downloads;MATH-ALLS-2;MATH_ALLS-3	PROBLEM	8(a)	IMP-DL-BD3A6D53D0-S023;IMP-M2-E2BE0561BD-S023;IMP-M3-0F6B7A59EB-S023		YES	NEEDS_EDITORIAL_REVIEW
78578d070aaa68312e4cd0d64b536abbd8206e09406d90c3a94edffd09da9bb3	SEM-78578D070AAA	IMP-DL-A978FB3162-P078	1	IMP-DL-A978FB3162-P078	Downloads/theory-of-algebraic-topology-4.tex	Downloads	PROBLEM_ITEM				NO	NEEDS_EDITORIAL_REVIEW
78d543eafa9f6722f46a89274c4c2727c2b33c2ded0f85063581f1c162e870de	SEM-78D543EAFA9F	IMP-DL-B7B63B4C41-P010	2	IMP-DL-B7B63B4C41-P010;IMP-M3-16526DCF36-P010	Downloads/theory-of-commutative-algebra-12.tex;MATH_ALLS-3/theory-of-commutative-algebra-12.tex	Downloads;MATH_ALLS-3	WORKED_EXAMPLE				NO	NEEDS_EDITORIAL_REVIEW
7930f43642ae186a9caf26e7815b73823af68723cfae5283d1fa83d2634cc3c6	SEM-7930F43642AE	IMP-DL-1068DBED71-P073	4	IMP-DL-1068DBED71-P073;IMP-DL-CAA415139D-P073;IMP-M3-F4E66B2919-P073;IMP-M3-FCB1647DD6-P073	Downloads/theory-of-commutative-algebra-10.tex;Downloads/theory-of-commutative-algebra-9.tex;MATH_ALLS-3/theory-of-commutative-algebra-10.tex;MATH_ALLS-3/theory-of-commutative-algebra-9.tex	Downloads;MATH_ALLS-3	WORKED_EXAMPLE	6			NO	NEEDS_EDITORIAL_REVIEW
797433b3e740737a886d6e417ea4a9920ec7e742002e2e635ea6708bc6c9dbab	SEM-797433B3E740	IMP-DL-336732908A-P004	2	IMP-DL-336732908A-P004;IMP-M2-805F474A19-P004	Downloads/theory-of-complex-analysis-next.tex;MATH-ALLS-2/theory-of-complex-analysis-next.tex	Downloads;MATH-ALLS-2	WORKED_EXAMPLE				NO	NEEDS_EDITORIAL_REVIEW
797fdecefa4eeb08641849781343e342adf85c9bd35fe5f46f0b5a0887e4e973	SEM-797FDECEFA4E	IMP-DL-2370D81D66-P039	2	IMP-DL-2370D81D66-P039;IMP-M2-D036BAB254-P039	Downloads/theory-of-analysis-FD.tex;MATH-ALLS-2/theory-of-analysis-FD.tex	Downloads;MATH-ALLS-2	EXERCISE_ITEM				NO	NEEDS_EDITORIAL_REVIEW
799fd80961f59d246fcac9811a7662bcfe76a1d8c07dd0aaccdc015ad37b081b	SEM-799FD80961F5	IMP-DL-E88547CF67-P031	2	IMP-DL-E88547CF67-P031;IMP-M2-80D8AED0FF-P031	Downloads/theory-of-geometry-3.tex;MATH-ALLS-2/theory-of-geometry-3.tex	Downloads;MATH-ALLS-2	PROBLEM	11.	IMP-DL-E88547CF67-S014;IMP-M2-80D8AED0FF-S014		YES	NEEDS_EDITORIAL_REVIEW
79a2a170154fe160177c4eb41595b3193602835440f4defcd86ab6d1f73298a3	SEM-79A2A170154F	IMP-DL-35223EB1F7-R003041-79A2A170	1	IMP-DL-35223EB1F7-R003041-79A2A170	Downloads/theory-of-algebraic-topology-6.tex	Downloads	EXAMPLE	1			NO	NEEDS_EDITORIAL_REVIEW
79aebd1bd68f973012421abd5a67ab103b030482b9f181871ca3f11c3f5d99a3	SEM-79AEBD1BD68F	IMP-DL-07D84009EA-P007	16	IMP-DL-07D84009EA-P007;IMP-DL-162DBE4483-P007;IMP-DL-183AD43C4C-P007;IMP-DL-20E278E436-P007;IMP-DL-68F65EDA24-P007;IMP-DL-890EB1F6EA-P007;IMP-DL-995E0CD19D-P007;IMP-DL-E69AEC0DA9-P007;IMP-M2-0EAC31ED0B-P007;IMP-M2-1403D223C9-P007;IMP-M2-1750FF4FF7-P007;IMP-M2-1895C43FC6-P007;IMP-M2-50B0B212DD-P007;IMP-M2-6D7FCEA253-P007;IMP-M2-9CEC4F97B5-P007;IMP-M2-BC23C57F39-P007	Downloads/merged_exercises_FULL_v2 (1).tex;Downloads/merged_exercises_FULL_v2.tex;Downloads/merged_exercises_corrected (1).tex;Downloads/merged_exercises_corrected (2).tex;Downloads/merged_exercises_corrected (3).tex;Downloads/merged_exercises_corrected (4).tex;Downloads/merged_exercises_corrected.tex;Downloads/theory-of-real-analysis.tex;MATH-ALLS-2/merged_exercises_FULL_v2 (1).tex;MATH-ALLS-2/merged_exercises_FULL_v2.tex;MATH-ALLS-2/merged_exercises_corrected (1).tex;MATH-ALLS-2/merged_exercises_corrected (2).tex;MATH-ALLS-2/merged_exercises_corrected (3).tex;MATH-ALLS-2/merged_exercises_corrected (4).tex;MATH-ALLS-2/merged_exercises_corrected.tex;MATH-ALLS-2/theory-of-real-analysis.tex	Downloads;MATH-ALLS-2	EXERCISE	2.1			NO	NEEDS_EDITORIAL_REVIEW
79ca22e25ee7afd9a29c1302c646407e9e347f9229e219fb7a41d5285eb9dbfc	SEM-79CA22E25EE7	IMP-DL-2B81C66D0F-R000569-79CA22E2	2	IMP-DL-2B81C66D0F-R000569-79CA22E2;IMP-M3-84A516D889-R000561-79CA22E2	Downloads/theory-of-algebraic-topology-2.tex;MATH_ALLS-3/theory-of-algebraic-topology-2.tex	Downloads;MATH_ALLS-3	PROBLEM	10			NO	NEEDS_EDITORIAL_REVIEW
79eb8d250e1b3b60c7d8f3a887f86ec1ed041c5441e6ecfbf611f89f88fa97fb	SEM-79EB8D250E1B	IMP-DL-162DBE4483-P016	10	IMP-DL-162DBE4483-P016;IMP-DL-183AD43C4C-P016;IMP-DL-20E278E436-P016;IMP-DL-890EB1F6EA-P016;IMP-DL-995E0CD19D-P016;IMP-M2-0EAC31ED0B-P016;IMP-M2-1403D223C9-P016;IMP-M2-1895C43FC6-P016;IMP-M2-50B0B212DD-P016;IMP-M2-6D7FCEA253-P016	Downloads/merged_exercises_FULL_v2 (1).tex;Downloads/merged_exercises_FULL_v2.tex;Downloads/merged_exercises_corrected (2).tex;Downloads/merged_exercises_corrected (3).tex;Downloads/theory-of-real-analysis.tex;MATH-ALLS-2/merged_exercises_FULL_v2 (1).tex;MATH-ALLS-2/merged_exercises_FULL_v2.tex;MATH-ALLS-2/merged_exercises_corrected (2).tex;MATH-ALLS-2/merged_exercises_corrected (3).tex;MATH-ALLS-2/theory-of-real-analysis.tex	Downloads;MATH-ALLS-2	EXERCISE	3.2			NO	NEEDS_EDITORIAL_REVIEW
79f7d1842d32af5a1b1e390da9e368afb45ab38e9c98f1973d4552576d13dd05	SEM-79F7D1842D32	IMP-DL-D148B51FB7-P007	2	IMP-DL-D148B51FB7-P007;IMP-M3-5A5277EBFB-P007	Downloads/theory-of-differential-geometry-4.tex;MATH_ALLS-3/theory-of-differential-geometry-4.tex	Downloads;MATH_ALLS-3	WORKED_EXAMPLE				NO	NEEDS_EDITORIAL_REVIEW
79fc82d36ad616cf6f5e27fb8a88cce843a791ecd87d9da517c636d2fd26b566	SEM-79FC82D36AD6	IMP-DL-3C59D9EE8B-P039	2	IMP-DL-3C59D9EE8B-P039;IMP-M3-D1A916E0DD-P039	Downloads/theory-of-commutative-algebra-5-professional-v2.tex;MATH_ALLS-3/theory-of-commutative-algebra-5-professional-v2.tex	Downloads;MATH_ALLS-3	PROBLEM_ITEM				NO	NEEDS_EDITORIAL_REVIEW
7a0cdc63dba08876154bbd20c0fc77418c74bd44109a579432942459454a6605	SEM-7A0CDC63DBA0	IMP-DL-724FD8B7B1-SPR005061-7A0CDC63	2	IMP-DL-724FD8B7B1-SPR005061-7A0CDC63;IMP-M3-51E6A44D55-SPR005061-7A0CDC63	Downloads/theory-of-commutative-algebra-1.tex;MATH_ALLS-3/theory-of-commutative-algebra-1.tex	Downloads;MATH_ALLS-3	EXAMPLE	7.			NO	NEEDS_EDITORIAL_REVIEW
7a1621240c8a1bc89cd728344d2ee5bd795f45efb05c95db36295395e254b6e7	SEM-7A1621240C8A	IMP-DL-0EB9CBD958-P005	2	IMP-DL-0EB9CBD958-P005;IMP-M2-F4C85D52DC-P005	Downloads/theory-of-geometry.tex;MATH-ALLS-2/theory-of-geometry.tex	Downloads;MATH-ALLS-2	PROBLEM	1(b)	IMP-DL-0EB9CBD958-S002;IMP-M2-F4C85D52DC-S002		YES	NEEDS_EDITORIAL_REVIEW
7a3654dd4e7d977b8b5c62b5671abb8e45e3ec0c54b73db5ed77df17b47ccb4b	SEM-7A3654DD4E7D	IMP-DL-0AC5ADA26C-P033	1	IMP-DL-0AC5ADA26C-P033	Downloads/theory-of-algebraic-topology-8.tex	Downloads	WORKED_EXAMPLE	4			NO	NEEDS_EDITORIAL_REVIEW
7a5dd3750e6412f8d3bc0c2903035d7e01bc0181ea8d75cff938176ab7ca53ab	SEM-7A5DD3750E64	IMP-DL-873C6F4098-P092	2	IMP-DL-873C6F4098-P092;IMP-M2-CFC28ED568-P092	Downloads/theory-of-analysis-II.tex;MATH-ALLS-2/theory-of-analysis-II.tex	Downloads;MATH-ALLS-2	PROBLEM_ITEM				NO	NEEDS_EDITORIAL_REVIEW
7a6a2e296ad7658c354c94dbc712d3beb629b67d67f64aaa0662a75ccc066ef2	SEM-7A6A2E296AD7	IMP-DL-8016517B0A-P026	3	IMP-DL-8016517B0A-P026;IMP-M2-2B58694CBF-P026;IMP-M3-911366A7C5-P026	Downloads/theory-of-differential-geometry-1.tex;MATH-ALLS-2/theory-of-differential-geometry-1.tex;MATH_ALLS-3/theory-of-differential-geometry-1.tex	Downloads;MATH-ALLS-2;MATH_ALLS-3	PROBLEM	3			NO	NEEDS_EDITORIAL_REVIEW
7a74c9e09eed7257ab827f9a1b9680892ed8702628b937d5e93db46927762c4b	SEM-7A74C9E09EED	IMP-DL-1068DBED71-P038	4	IMP-DL-1068DBED71-P038;IMP-DL-CAA415139D-P038;IMP-M3-F4E66B2919-P038;IMP-M3-FCB1647DD6-P038	Downloads/theory-of-commutative-algebra-10.tex;Downloads/theory-of-commutative-algebra-9.tex;MATH_ALLS-3/theory-of-commutative-algebra-10.tex;MATH_ALLS-3/theory-of-commutative-algebra-9.tex	Downloads;MATH_ALLS-3	WORKED_EXAMPLE	1			NO	NEEDS_EDITORIAL_REVIEW
7a900cc0c3e87f12b83da1e8635de331f13f6472b37cb94e2a6462164a077d00	SEM-7A900CC0C3E8	IMP-DL-873C6F4098-P029	2	IMP-DL-873C6F4098-P029;IMP-M2-CFC28ED568-P029	Downloads/theory-of-analysis-II.tex;MATH-ALLS-2/theory-of-analysis-II.tex	Downloads;MATH-ALLS-2	PROBLEM	1			NO	NEEDS_EDITORIAL_REVIEW
7a923c6a984da606c7693c4da590a920cefd10dc3c7c753bda4ee1efcb6bf91e	SEM-7A923C6A984D	IMP-DL-316AE183C3-P068	2	IMP-DL-316AE183C3-P068;IMP-M2-303BB87ACE-P068	Downloads/theory-of-analysis-functions.tex;MATH-ALLS-2/theory-of-analysis-functions.tex	Downloads;MATH-ALLS-2	EXERCISE_ITEM				NO	NEEDS_EDITORIAL_REVIEW
7aa14ad337db4bab94be45018d03231aa6de1d818e95b33d2147e4602f40b361	SEM-7AA14AD337DB	IMP-DL-0AC5ADA26C-P035	1	IMP-DL-0AC5ADA26C-P035	Downloads/theory-of-algebraic-topology-8.tex	Downloads	WORKED_EXAMPLE	6			NO	NEEDS_EDITORIAL_REVIEW
7aa21e7cb99ebef7ae62e6fb7b3a81580ad10e58ac06ce9a861e142c87f3b093	SEM-7AA21E7CB99E	IMP-DL-D27460A55B-SPR003815-7AA21E7C	1	IMP-DL-D27460A55B-SPR003815-7AA21E7C	Downloads/theory-of-algebraic-geometry-5.tex	Downloads	EXAMPLE	2			NO	NEEDS_EDITORIAL_REVIEW
7ac472a99857d299767324b5f8069c25583d36ec9b0bb2f7bf23424312745786	SEM-7AC472A99857	IMP-DL-6B513C0C2F-PSR002867-7AC472A9	1	IMP-DL-6B513C0C2F-PSR002867-7AC472A9	Downloads/theory-of-algebraic-geometry-10.tex	Downloads	EXAMPLE				NO	NEEDS_EDITORIAL_REVIEW
7adbc56cf03939d65d2915c238b66b4829353872202a638e03135954cdb7e6e2	SEM-7ADBC56CF039	IMP-DL-D18914CBBD-P074	2	IMP-DL-D18914CBBD-P074;IMP-M3-78B3C1B707-P074	Downloads/theory-of-commutative-algebra-11.tex;MATH_ALLS-3/theory-of-commutative-algebra-11.tex	Downloads;MATH_ALLS-3	WORKED_EXAMPLE	3			NO	NEEDS_EDITORIAL_REVIEW
7adedb8cf84a2b4bba8ee6509391bad47a6e0870f4ea54b11e8f69ba8a651f85	SEM-7ADEDB8CF84A	IMP-DL-A978FB3162-P015	1	IMP-DL-A978FB3162-P015	Downloads/theory-of-algebraic-topology-4.tex	Downloads	WORKED_EXAMPLE	4			NO	NEEDS_EDITORIAL_REVIEW
7af2c525e5e0d8389a28818906fcb6fa951e62c45fc948efb44f39c62c867508	SEM-7AF2C525E5E0	IMP-DL-2370D81D66-P018	2	IMP-DL-2370D81D66-P018;IMP-M2-D036BAB254-P018	Downloads/theory-of-analysis-FD.tex;MATH-ALLS-2/theory-of-analysis-FD.tex	Downloads;MATH-ALLS-2	EXERCISE_ITEM				NO	NEEDS_EDITORIAL_REVIEW
7b1e81177cdbcd7137b617a51fc651fe0009aa2b7fae65d2218d8d0609c30898	SEM-7B1E81177CDB	IMP-DL-3190BA882C-P013	2	IMP-DL-3190BA882C-P013;IMP-M3-CABB372599-P013	Downloads/theory-of-commutative-algebra-15.tex;MATH_ALLS-3/theory-of-commutative-algebra-15.tex	Downloads;MATH_ALLS-3	EXERCISE_ITEM				NO	NEEDS_EDITORIAL_REVIEW
7b30372c26c6c5a85340cc1f90f6b0a8a39cd51ba966a03c81eabb9c02caf89b	SEM-7B30372C26C6	IMP-DL-721195CCB5-PSR002656-7B30372C	1	IMP-DL-721195CCB5-PSR002656-7B30372C	Downloads/theory-of-algebraic-geometry-11.tex	Downloads	EXAMPLE	3			NO	NEEDS_EDITORIAL_REVIEW
7b47b0f7b8cd10ea6bc15e9e818437bae2cdd07099aa9620bef3eb8255e2b545	SEM-7B47B0F7B8CD	IMP-DL-2B81C66D0F-P003	2	IMP-DL-2B81C66D0F-P003;IMP-M3-84A516D889-P003	Downloads/theory-of-algebraic-topology-2.tex;MATH_ALLS-3/theory-of-algebraic-topology-2.tex	Downloads;MATH_ALLS-3	PROBLEM	statement	IMP-DL-2B81C66D0F-S001;IMP-M3-84A516D889-S001		YES	NEEDS_EDITORIAL_REVIEW
7b4b9f9df41534239dd5a07c16bb192c030a2ef63d081c0449ef2f981a4e4642	SEM-7B4B9F9DF415	IMP-DL-D18914CBBD-P014	2	IMP-DL-D18914CBBD-P014;IMP-M3-78B3C1B707-P014	Downloads/theory-of-commutative-algebra-11.tex;MATH_ALLS-3/theory-of-commutative-algebra-11.tex	Downloads;MATH_ALLS-3	WORKED_EXAMPLE	14			NO	NEEDS_EDITORIAL_REVIEW
7b7103b60936c4779e3ef9c4b7acace1929dd0d8bb6b4051ce1c88d77d25000d	SEM-7B7103B60936	IMP-DL-2E134BF207-P025	1	IMP-DL-2E134BF207-P025	Downloads/theory-of-algebraic-topology-5.tex	Downloads	PROBLEM_ITEM				NO	NEEDS_EDITORIAL_REVIEW
7b8b2b36b4a945c17d9e35ca0449c563fc8377e2dc6d57018100c723dbad71d6	SEM-7B8B2B36B4A9	IMP-DL-0EB9CBD958-P025	2	IMP-DL-0EB9CBD958-P025;IMP-M2-F4C85D52DC-P025	Downloads/theory-of-geometry.tex;MATH-ALLS-2/theory-of-geometry.tex	Downloads;MATH-ALLS-2	PROBLEM_ITEM				NO	NEEDS_EDITORIAL_REVIEW
7b8e1fa483b88dfac052c20d8e72b9bb3f18db27afb401420c1d249a61bf645e	SEM-7B8E1FA483B8	IMP-DL-12C1A20716-P018	1	IMP-DL-12C1A20716-P018	Downloads/theory-of-algebraic-topology-10.tex	Downloads	PROBLEM_ITEM				NO	NEEDS_EDITORIAL_REVIEW
7b97825be5712bbe0609b41389b3e24fc123820339c852f53616c277e6cebdcc	SEM-7B97825BE571	IMP-DL-183AD43C4C-P025	4	IMP-DL-183AD43C4C-P025;IMP-DL-20E278E436-P025;IMP-M2-1895C43FC6-P025;IMP-M2-50B0B212DD-P025	Downloads/merged_exercises_FULL_v2 (1).tex;Downloads/theory-of-real-analysis.tex;MATH-ALLS-2/merged_exercises_FULL_v2 (1).tex;MATH-ALLS-2/theory-of-real-analysis.tex	Downloads;MATH-ALLS-2	EXERCISE	9.5	IMP-DL-183AD43C4C-S056;IMP-DL-20E278E436-S056;IMP-M2-1895C43FC6-S056;IMP-M2-50B0B212DD-S056		YES	NEEDS_EDITORIAL_REVIEW
7b9b162790d938a781b5f2ad935c70080e3d1a414ecc58c276591ae3fa046ce5	SEM-7B9B162790D9	IMP-DL-A470D9BACB-P011	2	IMP-DL-A470D9BACB-P011;IMP-M2-2850FB9A8A-P011	Downloads/theory-of-geometry-1.tex;MATH-ALLS-2/theory-of-geometry-1.tex	Downloads;MATH-ALLS-2	PROBLEM_ITEM				NO	NEEDS_EDITORIAL_REVIEW
7ba6067e02c430652238ef21ca29a73e5937aa84277a3892eada07d8b3c1cb8e	SEM-7BA6067E02C4	IMP-DL-40BD8D3E26-P002	2	IMP-DL-40BD8D3E26-P002;IMP-M2-0384991A85-P002	Downloads/theory-of-geometry-2.tex;MATH-ALLS-2/theory-of-geometry-2.tex	Downloads;MATH-ALLS-2	PROBLEM_ITEM				NO	NEEDS_EDITORIAL_REVIEW
7bbd8a181385e02aa1eb7360d58c09e080b002f733110f7f23020c55c5dd1c21	SEM-7BBD8A181385	IMP-DL-EAE0F59552-PSR001730-7BBD8A18	2	IMP-DL-EAE0F59552-PSR001730-7BBD8A18;IMP-M2-7EA9DA1D72-PSR001730-7BBD8A18	Downloads/theory-of-analysis-topology.tex;MATH-ALLS-2/theory-of-analysis-topology.tex	Downloads;MATH-ALLS-2	PROBLEM				NO	NEEDS_EDITORIAL_REVIEW
7bf19da10f954da168a27de91b92af08ac016e872eca11048b78ebfd50f21a7b	SEM-7BF19DA10F95	IMP-DL-592BD0798C-P032	2	IMP-DL-592BD0798C-P032;IMP-M3-1FB8799CDC-P032	Downloads/theory-of-commutative-algebra-8.tex;MATH_ALLS-3/theory-of-commutative-algebra-8.tex	Downloads;MATH_ALLS-3	PROBLEM_ITEM				NO	NEEDS_EDITORIAL_REVIEW
7bf3c5c35b454dc53dff653ca61cc64bcda5d15002ac724e565efaebe275c230	SEM-7BF3C5C35B45	IMP-DL-A470D9BACB-P014	2	IMP-DL-A470D9BACB-P014;IMP-M2-2850FB9A8A-P014	Downloads/theory-of-geometry-1.tex;MATH-ALLS-2/theory-of-geometry-1.tex	Downloads;MATH-ALLS-2	PROBLEM_ITEM				NO	NEEDS_EDITORIAL_REVIEW
7c0a3b782abcac9476391a0b2ac98202230eef997e321262e983b1920cf024f0	SEM-7C0A3B782ABC	IMP-DL-6447F1B120-R002090-7C0A3B78	1	IMP-DL-6447F1B120-R002090-7C0A3B78	Downloads/theory-of-algebraic-topology-11.tex	Downloads	EXAMPLE	6			NO	NEEDS_EDITORIAL_REVIEW
7c19550b2d95641faf1330c60e12c307c32874038341a50177cc6355c2b86725	SEM-7C19550B2D95	IMP-DL-D18914CBBD-P063	2	IMP-DL-D18914CBBD-P063;IMP-M3-78B3C1B707-P063	Downloads/theory-of-commutative-algebra-11.tex;MATH_ALLS-3/theory-of-commutative-algebra-11.tex	Downloads;MATH_ALLS-3	WORKED_EXAMPLE	6			NO	NEEDS_EDITORIAL_REVIEW
7c20ecd712f3f78a46ab187eaa9569324022e0c47ee2654ccf751c8d614d1228	SEM-7C20ECD712F3	IMP-DL-D18914CBBD-P012	2	IMP-DL-D18914CBBD-P012;IMP-M3-78B3C1B707-P012	Downloads/theory-of-commutative-algebra-11.tex;MATH_ALLS-3/theory-of-commutative-algebra-11.tex	Downloads;MATH_ALLS-3	WORKED_EXAMPLE	12			NO	NEEDS_EDITORIAL_REVIEW
7c4055a0c07a2923a011a89809160387f3e448be70f9b7fc7146520a24039652	SEM-7C4055A0C07A	IMP-DL-2B81C66D0F-R000410-7C4055A0	2	IMP-DL-2B81C66D0F-R000410-7C4055A0;IMP-M3-84A516D889-R000402-7C4055A0	Downloads/theory-of-algebraic-topology-2.tex;MATH_ALLS-3/theory-of-algebraic-topology-2.tex	Downloads;MATH_ALLS-3	PROBLEM	10			NO	NEEDS_EDITORIAL_REVIEW
7c4328a4137398dbc83b3bb3bba488278c04a82df02ab1787f7beaf948ca02d9	SEM-7C4328A41373	IMP-DL-E4D9F7AB6B-PSR005111-7C4328A4	1	IMP-DL-E4D9F7AB6B-PSR005111-7C4328A4	Downloads/theory-of-algebraic-topology-13.tex	Downloads	EXAMPLE	3.			NO	NEEDS_EDITORIAL_REVIEW
7c515fa19f417e33dc4f8c0c2df46816c25302ed48313351f8b0ae2c11ef022e	SEM-7C515FA19F41	IMP-DL-D27460A55B-F2R000465-7C515FA1	1	IMP-DL-D27460A55B-F2R000465-7C515FA1	Downloads/theory-of-algebraic-geometry-5.tex	Downloads	PROBLEM				NO	NEEDS_EDITORIAL_REVIEW
7c83395726d9faa53f69d0a8987ea88f74a14b276b09b18db0be122d045db3c6	SEM-7C83395726D9	IMP-DL-98972A6B93-P028	2	IMP-DL-98972A6B93-P028;IMP-M2-355EA0996F-P028	Downloads/theory-of-geometry-II.tex;MATH-ALLS-2/theory-of-geometry-II.tex	Downloads;MATH-ALLS-2	PROBLEM_ITEM				NO	NEEDS_EDITORIAL_REVIEW
7cdc7c7186e181cba5874a8b1cadb0ee3ad95c18c030327498ec81c73c6c0186	SEM-7CDC7C7186E1	IMP-DL-3190BA882C-P027	2	IMP-DL-3190BA882C-P027;IMP-M3-CABB372599-P027	Downloads/theory-of-commutative-algebra-15.tex;MATH_ALLS-3/theory-of-commutative-algebra-15.tex	Downloads;MATH_ALLS-3	EXERCISE	1	IMP-DL-3190BA882C-S001;IMP-M3-CABB372599-S001		YES	NEEDS_EDITORIAL_REVIEW
7cebed1b9fb71b3a037601f02b905eb6b958e700610073ee12fb43201b35beb1	SEM-7CEBED1B9FB7	IMP-DL-D4351A3BBD-P025	2	IMP-DL-D4351A3BBD-P025;IMP-M2-721AD91C7F-P025	Downloads/theory-of-geometry-IV.tex;MATH-ALLS-2/theory-of-geometry-IV.tex	Downloads;MATH-ALLS-2	PROBLEM_ITEM				NO	NEEDS_EDITORIAL_REVIEW
7cedbd0872f15663daf936ec04935d3f6562d35ab6cfcfe894e8b5320b44ba45	SEM-7CEDBD0872F1	IMP-DL-A5CEE6E541-PSR004506-7CEDBD08	1	IMP-DL-A5CEE6E541-PSR004506-7CEDBD08	Downloads/theory-of-algebraic-geometry-8.tex	Downloads	EXAMPLE				NO	NEEDS_EDITORIAL_REVIEW
7d13b01d59b1b26ba7634e38c34f9a5e3ca6356c4cc2255228c0753cecc0ca34	SEM-7D13B01D59B1	IMP-DL-0B4CC237FA-SPR002588-7D13B01D	1	IMP-DL-0B4CC237FA-SPR002588-7D13B01D	Downloads/theory-of-algebraic-geometry-3.tex	Downloads	EXAMPLE	11.			NO	NEEDS_EDITORIAL_REVIEW
7d16d46576919925b93c95cb98222590060af957b86bd5e41748cfa29f961823	SEM-7D16D4657691	IMP-DL-4DEBE28720-P063	2	IMP-DL-4DEBE28720-P063;IMP-M3-8E395763C8-P063	Downloads/theory-of-commutative-algebra-13.tex;MATH_ALLS-3/theory-of-commutative-algebra-13.tex	Downloads;MATH_ALLS-3	WORKED_EXAMPLE	4			NO	NEEDS_EDITORIAL_REVIEW
7d1a10d7d789e7e3c02386dd1d1d1794acb1faa6f51efc4dedd824984aa3fc93	SEM-7D1A10D7D789	IMP-DL-0E3E7EC766-P020	1	IMP-DL-0E3E7EC766-P020	Downloads/theory-of-algebraic-geometry-1.tex	Downloads	WORKED_EXAMPLE				NO	NEEDS_EDITORIAL_REVIEW
7d304aa75a0fb482d757738b49ae9fd813c2e24d8b076a28fbb135caf3f074e0	SEM-7D304AA75A0F	IMP-DL-3C59D9EE8B-P111	2	IMP-DL-3C59D9EE8B-P111;IMP-M3-D1A916E0DD-P111	Downloads/theory-of-commutative-algebra-5-professional-v2.tex;MATH_ALLS-3/theory-of-commutative-algebra-5-professional-v2.tex	Downloads;MATH_ALLS-3	PROBLEM_ITEM				NO	NEEDS_EDITORIAL_REVIEW
7d36cdd5db74670c983278dfc2d04f0bffba9ea5b5125e31c6968b398a879e55	SEM-7D36CDD5DB74	IMP-DL-316AE183C3-P065	2	IMP-DL-316AE183C3-P065;IMP-M2-303BB87ACE-P065	Downloads/theory-of-analysis-functions.tex;MATH-ALLS-2/theory-of-analysis-functions.tex	Downloads;MATH-ALLS-2	EXERCISE	9	IMP-DL-316AE183C3-S011;IMP-M2-303BB87ACE-S011		YES	NEEDS_EDITORIAL_REVIEW
7d44bd995101db1f296cf628be67e33b6379c013bdea023790027a732455b6ed	SEM-7D44BD995101	IMP-DL-873C6F4098-P014	2	IMP-DL-873C6F4098-P014;IMP-M2-CFC28ED568-P014	Downloads/theory-of-analysis-II.tex;MATH-ALLS-2/theory-of-analysis-II.tex	Downloads;MATH-ALLS-2	PROBLEM_ITEM				NO	NEEDS_EDITORIAL_REVIEW
7d5d14c3232693c444b1df134beedb26d167f9601ffe2e17f839cbae0d54688f	SEM-7D5D14C32326	IMP-DL-117191C0EC-P016	2	IMP-DL-117191C0EC-P016;IMP-M2-40A546CAA2-P016	Downloads/theory-of-analysis-topics.tex;MATH-ALLS-2/theory-of-analysis-topics.tex	Downloads;MATH-ALLS-2	PROBLEM	10			NO	NEEDS_EDITORIAL_REVIEW
7d7713f021fa960262a6ad848a94a23ebe062a588c6338f56ea1c10b915b77d2	SEM-7D7713F021FA	IMP-DL-3190BA882C-P028	2	IMP-DL-3190BA882C-P028;IMP-M3-CABB372599-P028	Downloads/theory-of-commutative-algebra-15.tex;MATH_ALLS-3/theory-of-commutative-algebra-15.tex	Downloads;MATH_ALLS-3	EXERCISE	2	IMP-DL-3190BA882C-S002;IMP-M3-CABB372599-S002		YES	NEEDS_EDITORIAL_REVIEW
7d834cd9ee12102fe080456902519965b929deffbee4478ff82f6015a07031bf	SEM-7D834CD9EE12	IMP-DL-2370D81D66-R000120-7D834CD9	2	IMP-DL-2370D81D66-R000120-7D834CD9;IMP-M2-D036BAB254-R000120-7D834CD9	Downloads/theory-of-analysis-FD.tex;MATH-ALLS-2/theory-of-analysis-FD.tex	Downloads;MATH-ALLS-2	PROBLEM				NO	NEEDS_EDITORIAL_REVIEW
7d8a38405aee254e998952eddb636b1c0a76a53f9a6bfd394b0d3a53e709edd3	SEM-7D8A38405AEE	IMP-DL-38CE6DEB56-P029	2	IMP-DL-38CE6DEB56-P029;IMP-M3-D19BB3C803-P029	Downloads/theory-of-commutative-algebra-14.tex;MATH_ALLS-3/theory-of-commutative-algebra-14.tex	Downloads;MATH_ALLS-3	WORKED_EXAMPLE	28			NO	NEEDS_EDITORIAL_REVIEW
7d9fc9cea10a8c93fa92b89219811fffc14d0c5b59525b363300674bf3fbcccd	SEM-7D9FC9CEA10A	IMP-DL-11EDF39EA7-P009	2	IMP-DL-11EDF39EA7-P009;IMP-M2-68556E3D88-P009	Downloads/theory-of-analysis-FD2.tex;MATH-ALLS-2/theory-of-analysis-FD2.tex	Downloads;MATH-ALLS-2	EXERCISE	3.7			NO	NEEDS_EDITORIAL_REVIEW
7db99fd08dff28160f09835ddb6c9d9f34671b39c9595b1609152118cf9b3eda	SEM-7DB99FD08DFF	IMP-DL-8D5CF4CFBA-P035	2	IMP-DL-8D5CF4CFBA-P035;IMP-M3-89937139FC-P035	Downloads/theory-of-linear-algebra-2.tex;MATH_ALLS-3/theory-of-linear-algebra-2.tex	Downloads;MATH_ALLS-3	PROBLEM	7	IMP-DL-8D5CF4CFBA-S045;IMP-M3-89937139FC-S045		YES	NEEDS_EDITORIAL_REVIEW
7dbbf99b6aee03aa9e346cfb88505fcc0ee405b3782aeb0ec08608b096d74e5a	SEM-7DBBF99B6AEE	IMP-DL-8D5CF4CFBA-P037	2	IMP-DL-8D5CF4CFBA-P037;IMP-M3-89937139FC-P037	Downloads/theory-of-linear-algebra-2.tex;MATH_ALLS-3/theory-of-linear-algebra-2.tex	Downloads;MATH_ALLS-3	PROBLEM	9	IMP-DL-8D5CF4CFBA-S047;IMP-M3-89937139FC-S047		YES	NEEDS_EDITORIAL_REVIEW
7dcb7565b9d3bf85de52fb9a0bcf3512ac284690b0c03e400756cc0592e2f7f8	SEM-7DCB7565B9D3	IMP-DL-A5CEE6E541-PSR004234-7DCB7565	1	IMP-DL-A5CEE6E541-PSR004234-7DCB7565	Downloads/theory-of-algebraic-geometry-8.tex	Downloads	EXAMPLE				NO	NEEDS_EDITORIAL_REVIEW
7dd865f285110f4b98e0b09c98e5957cc5d583d18e88433c36598b1c4e72e3ea	SEM-7DD865F28511	IMP-DL-4DEBE28720-P096	2	IMP-DL-4DEBE28720-P096;IMP-M3-8E395763C8-P096	Downloads/theory-of-commutative-algebra-13.tex;MATH_ALLS-3/theory-of-commutative-algebra-13.tex	Downloads;MATH_ALLS-3	WORKED_EXAMPLE	11			NO	NEEDS_EDITORIAL_REVIEW
7def08006d81d8243ef3a97699c4e1033218540844c470002e398ee04516ad9d	SEM-7DEF08006D81	IMP-DL-535B6F59C6-SPR002013-7DEF0800	2	IMP-DL-535B6F59C6-SPR002013-7DEF0800;IMP-M3-0753B8F46B-SPR002013-7DEF0800	Downloads/theory-of-commutative-algebra-4.tex;MATH_ALLS-3/theory-of-commutative-algebra-4.tex	Downloads;MATH_ALLS-3	EXAMPLE	5.			NO	NEEDS_EDITORIAL_REVIEW
7e06f9702c545b43602d2e5c752781cc0b6c60940cdbfdfaae216ad6a1024f86	SEM-7E06F9702C54	IMP-DL-592BD0798C-P056	2	IMP-DL-592BD0798C-P056;IMP-M3-1FB8799CDC-P056	Downloads/theory-of-commutative-algebra-8.tex;MATH_ALLS-3/theory-of-commutative-algebra-8.tex	Downloads;MATH_ALLS-3	PROBLEM_ITEM				NO	NEEDS_EDITORIAL_REVIEW
7e1be3fffdfd87aafe023a23c0292bd4a1535722ab08bc841c18d3beb76c7a53	SEM-7E1BE3FFFDFD	IMP-DL-6B513C0C2F-PSR001854-7E1BE3FF	1	IMP-DL-6B513C0C2F-PSR001854-7E1BE3FF	Downloads/theory-of-algebraic-geometry-10.tex	Downloads	EXAMPLE	1			NO	NEEDS_EDITORIAL_REVIEW
7e5c57d7d2f53cb73e75cc553660eaa099d484d40d883ede4cf4128ffba047bd	SEM-7E5C57D7D2F5	IMP-DL-E0B80C696E-P019	1	IMP-DL-E0B80C696E-P019	Downloads/theory-of-algebraic-topology-7.tex	Downloads	WORKED_EXAMPLE	1			NO	NEEDS_EDITORIAL_REVIEW
7e6ac94572560a9271ee13c6c70001f6f569b682a4ac83c9052cabebf908cdf3	SEM-7E6AC9457256	IMP-DL-D18914CBBD-P081	2	IMP-DL-D18914CBBD-P081;IMP-M3-78B3C1B707-P081	Downloads/theory-of-commutative-algebra-11.tex;MATH_ALLS-3/theory-of-commutative-algebra-11.tex	Downloads;MATH_ALLS-3	WORKED_EXAMPLE	over			NO	NEEDS_EDITORIAL_REVIEW
7ea1eeb82a49c5e02ba06a254694944a9d0eee1322faf42e5f60aa59ee91d24d	SEM-7EA1EEB82A49	IMP-DL-D18914CBBD-P046	2	IMP-DL-D18914CBBD-P046;IMP-M3-78B3C1B707-P046	Downloads/theory-of-commutative-algebra-11.tex;MATH_ALLS-3/theory-of-commutative-algebra-11.tex	Downloads;MATH_ALLS-3	WORKED_EXAMPLE				NO	NEEDS_EDITORIAL_REVIEW
7ea4d4495ab25f983bebdd442c92e82562c55a5859ff985408d37ff91c2722d9	SEM-7EA4D4495AB2	IMP-DL-2E134BF207-P004	1	IMP-DL-2E134BF207-P004	Downloads/theory-of-algebraic-topology-5.tex	Downloads	PROBLEM_ITEM				NO	NEEDS_EDITORIAL_REVIEW
7eaa33a1ff847ca4be3eb3785bdb08ac9b872ed612a2a42f0e4af17f00306570	SEM-7EAA33A1FF84	IMP-DL-8D5CF4CFBA-P019	2	IMP-DL-8D5CF4CFBA-P019;IMP-M3-89937139FC-P019	Downloads/theory-of-linear-algebra-2.tex;MATH_ALLS-3/theory-of-linear-algebra-2.tex	Downloads;MATH_ALLS-3	PROBLEM	8	IMP-DL-8D5CF4CFBA-S020;IMP-M3-89937139FC-S020		YES	NEEDS_EDITORIAL_REVIEW
7ec1330c3314e387d2494d4ebce4f477415bc609e1a8a71eef8bf3f7d7de79a3	SEM-7EC1330C3314	IMP-DL-183AD43C4C-R002218-7EC1330C	4	IMP-DL-183AD43C4C-R002218-7EC1330C;IMP-DL-20E278E436-R002160-7EC1330C;IMP-M2-1895C43FC6-R002218-7EC1330C;IMP-M2-50B0B212DD-R002160-7EC1330C	Downloads/merged_exercises_FULL_v2 (1).tex;Downloads/theory-of-real-analysis.tex;MATH-ALLS-2/merged_exercises_FULL_v2 (1).tex;MATH-ALLS-2/theory-of-real-analysis.tex	Downloads;MATH-ALLS-2	EXERCISE	9.3	IMP-DL-183AD43C4C-S055;IMP-DL-20E278E436-S055;IMP-M2-1895C43FC6-S055;IMP-M2-50B0B212DD-S055		YES	NEEDS_EDITORIAL_REVIEW
7ec36306ed461a7fca61a97a2c9d8f18508cc9cac9edf9dd645210146f0b22e9	SEM-7EC36306ED46	IMP-DL-11EDF39EA7-P011	2	IMP-DL-11EDF39EA7-P011;IMP-M2-68556E3D88-P011	Downloads/theory-of-analysis-FD2.tex;MATH-ALLS-2/theory-of-analysis-FD2.tex	Downloads;MATH-ALLS-2	EXERCISE	4.1			NO	NEEDS_EDITORIAL_REVIEW
7ece049b3cb04d2548bcb79a2ffeba8d9c9826391954d9bdb49c119fb2452642	SEM-7ECE049B3CB0	IMP-DL-D18914CBBD-P032	2	IMP-DL-D18914CBBD-P032;IMP-M3-78B3C1B707-P032	Downloads/theory-of-commutative-algebra-11.tex;MATH_ALLS-3/theory-of-commutative-algebra-11.tex	Downloads;MATH_ALLS-3	WORKED_EXAMPLE	10			NO	NEEDS_EDITORIAL_REVIEW
7ed92bfe7b233b867d2c001b6e14edf12083b9d18f32b5a9faa44a8d8d0b0fe7	SEM-7ED92BFE7B23	IMP-DL-117191C0EC-P038	2	IMP-DL-117191C0EC-P038;IMP-M2-40A546CAA2-P038	Downloads/theory-of-analysis-topics.tex;MATH-ALLS-2/theory-of-analysis-topics.tex	Downloads;MATH-ALLS-2	PROBLEM_ITEM				NO	NEEDS_EDITORIAL_REVIEW
7ee1b1e435c69b4ec2aff82df9d2cde3d44da47f811accbcf7d71611d6990ae4	SEM-7EE1B1E435C6	IMP-DL-40C58AD550-P013	1	IMP-DL-40C58AD550-P013	Downloads/theory-of-algebraic-geometry-4.tex	Downloads	WORKED_EXAMPLE				NO	NEEDS_EDITORIAL_REVIEW
7efcb8ec5c33ef116dffcf1d1f70ad7299da79c7d413d68f298c6b50813c65aa	SEM-7EFCB8EC5C33	IMP-DL-A11279CC33-P021	2	IMP-DL-A11279CC33-P021;IMP-M3-73E0197CF3-P021	Downloads/theory-of-commutative-algebra-6.tex;MATH_ALLS-3/theory-of-commutative-algebra-6.tex	Downloads;MATH_ALLS-3	WORKED_EXAMPLE				NO	NEEDS_EDITORIAL_REVIEW
7f07eb00a0e3c63bc29c15f8bd4bf68d7de74b74dbf48ee3b2f52f72f3a5a9c2	SEM-7F07EB00A0E3	IMP-DL-887B7B83F4-P012	1	IMP-DL-887B7B83F4-P012	Downloads/sheaves_notes_reorganized.tex	Downloads	WORKED_EXAMPLE				NO	NEEDS_EDITORIAL_REVIEW
7f4cdd63897600b0de0088178dd2dc13a85d56bfe20bb6f60a25563d66fe8815	SEM-7F4CDD638976	IMP-DL-BD3A6D53D0-P030	3	IMP-DL-BD3A6D53D0-P030;IMP-M2-E2BE0561BD-P030;IMP-M3-0F6B7A59EB-P030	Downloads/theory-of-differential-geometry-2.tex;MATH-ALLS-2/theory-of-differential-geometry-2.tex;MATH_ALLS-3/theory-of-differential-geometry-2.tex	Downloads;MATH-ALLS-2;MATH_ALLS-3	PROBLEM	10			NO	NEEDS_EDITORIAL_REVIEW
7f56cd0f73b7bff1c425a17af05210a862412fca3c3b7b1536d8fe7be4dd47f3	SEM-7F56CD0F73B7	IMP-DL-07D84009EA-P003	16	IMP-DL-07D84009EA-P003;IMP-DL-162DBE4483-P003;IMP-DL-183AD43C4C-P003;IMP-DL-20E278E436-P003;IMP-DL-68F65EDA24-P003;IMP-DL-890EB1F6EA-P003;IMP-DL-995E0CD19D-P003;IMP-DL-E69AEC0DA9-P003;IMP-M2-0EAC31ED0B-P003;IMP-M2-1403D223C9-P003;IMP-M2-1750FF4FF7-P003;IMP-M2-1895C43FC6-P003;IMP-M2-50B0B212DD-P003;IMP-M2-6D7FCEA253-P003;IMP-M2-9CEC4F97B5-P003;IMP-M2-BC23C57F39-P003	Downloads/merged_exercises_FULL_v2 (1).tex;Downloads/merged_exercises_FULL_v2.tex;Downloads/merged_exercises_corrected (1).tex;Downloads/merged_exercises_corrected (2).tex;Downloads/merged_exercises_corrected (3).tex;Downloads/merged_exercises_corrected (4).tex;Downloads/merged_exercises_corrected.tex;Downloads/theory-of-real-analysis.tex;MATH-ALLS-2/merged_exercises_FULL_v2 (1).tex;MATH-ALLS-2/merged_exercises_FULL_v2.tex;MATH-ALLS-2/merged_exercises_corrected (1).tex;MATH-ALLS-2/merged_exercises_corrected (2).tex;MATH-ALLS-2/merged_exercises_corrected (3).tex;MATH-ALLS-2/merged_exercises_corrected (4).tex;MATH-ALLS-2/merged_exercises_corrected.tex;MATH-ALLS-2/theory-of-real-analysis.tex	Downloads;MATH-ALLS-2	EXERCISE	1.3			NO	NEEDS_EDITORIAL_REVIEW
7fb114ceab85b39a6fa528f8500f38999fa918ce09947d417afeba003a4ffb8c	SEM-7FB114CEAB85	IMP-DL-A978FB3162-P032	1	IMP-DL-A978FB3162-P032	Downloads/theory-of-algebraic-topology-4.tex	Downloads	PROBLEM_ITEM				NO	NEEDS_EDITORIAL_REVIEW
7fb6945b2f767e3ff62d5f6076669850a8e03dd37f3e2ca38d6a7cceadb0a3d0	SEM-7FB6945B2F76	IMP-DL-31FF76D7B8-P008	1	IMP-DL-31FF76D7B8-P008	Downloads/theory-of-algebraic-topology-16.tex	Downloads	PROBLEM	10			NO	NEEDS_EDITORIAL_REVIEW
7fd45375dedd12a84ca15f775c27b4b06a219f2fd462191cb0c495ec9947419a	SEM-7FD45375DEDD	IMP-DL-0EB9CBD958-P081	2	IMP-DL-0EB9CBD958-P081;IMP-M2-F4C85D52DC-P081	Downloads/theory-of-geometry.tex;MATH-ALLS-2/theory-of-geometry.tex	Downloads;MATH-ALLS-2	PROBLEM_ITEM				NO	NEEDS_EDITORIAL_REVIEW
7fd7327652373f18765d3aa599235294a530fad9f8d5dabb6286f52b8272321f	SEM-7FD732765237	IMP-DL-38CE6DEB56-P021	2	IMP-DL-38CE6DEB56-P021;IMP-M3-D19BB3C803-P021	Downloads/theory-of-commutative-algebra-14.tex;MATH_ALLS-3/theory-of-commutative-algebra-14.tex	Downloads;MATH_ALLS-3	WORKED_EXAMPLE	18			NO	NEEDS_EDITORIAL_REVIEW
7ff3387be9b92d3086e50a711089199e005817c26e36b95dc9d369b117c3696a	SEM-7FF3387BE9B9	IMP-DL-18BC6F795C-P032	1	IMP-DL-18BC6F795C-P032	Downloads/theory-of-algebraic-topology-9.tex	Downloads	WORKED_EXAMPLE	14			NO	NEEDS_EDITORIAL_REVIEW
7ffbc40370b3cecd527231eaed3f129c6377ca21cb8ff19835c3e716793d84d9	SEM-7FFBC40370B3	IMP-DL-E4D9F7AB6B-PSR005037-7FFBC403	1	IMP-DL-E4D9F7AB6B-PSR005037-7FFBC403	Downloads/theory-of-algebraic-topology-13.tex	Downloads	EXAMPLE	2.			NO	NEEDS_EDITORIAL_REVIEW
8014b7bb70de76e7eca0e1ad2ee23a8050307e5af2d737a93ffd5fb404d8ed5b	SEM-8014B7BB70DE	IMP-DL-98972A6B93-P007	4	IMP-DL-98972A6B93-P007;IMP-DL-98972A6B93-R001724-8014B7BB;IMP-M2-355EA0996F-P007;IMP-M2-355EA0996F-R001724-8014B7BB	Downloads/theory-of-geometry-II.tex;MATH-ALLS-2/theory-of-geometry-II.tex	Downloads;MATH-ALLS-2	EXAMPLE;WORKED_EXAMPLE				NO	NEEDS_EDITORIAL_REVIEW
8016b8a7bb575b5fa1b0e987214a3be80f0c717f57c6d285385611e45a763d83	SEM-8016B8A7BB57	IMP-DL-98972A6B93-P019	2	IMP-DL-98972A6B93-P019;IMP-M2-355EA0996F-P019	Downloads/theory-of-geometry-II.tex;MATH-ALLS-2/theory-of-geometry-II.tex	Downloads;MATH-ALLS-2	PROBLEM_ITEM				NO	NEEDS_EDITORIAL_REVIEW
80350203dfe1f9677980474940d9ee5b3059511f501b6113a443ad8632244c44	SEM-80350203DFE1	IMP-DL-2E134BF207-P066	1	IMP-DL-2E134BF207-P066	Downloads/theory-of-algebraic-topology-5.tex	Downloads	WORKED_EXAMPLE	3			NO	NEEDS_EDITORIAL_REVIEW
8064972c8e9673e0d455e3c544b19cf8a07d3582931dfb87a1ba33ba00570925	SEM-8064972C8E96	IMP-DL-2E134BF207-P037	1	IMP-DL-2E134BF207-P037	Downloads/theory-of-algebraic-topology-5.tex	Downloads	PROBLEM_ITEM				NO	NEEDS_EDITORIAL_REVIEW
8069336af3f1b3059c077db86a397ebc369c3edc35f8262574c58a1c7c22687e	SEM-8069336AF3F1	IMP-DL-07D84009EA-P002	16	IMP-DL-07D84009EA-P002;IMP-DL-162DBE4483-P002;IMP-DL-183AD43C4C-P002;IMP-DL-20E278E436-P002;IMP-DL-68F65EDA24-P002;IMP-DL-890EB1F6EA-P002;IMP-DL-995E0CD19D-P002;IMP-DL-E69AEC0DA9-P002;IMP-M2-0EAC31ED0B-P002;IMP-M2-1403D223C9-P002;IMP-M2-1750FF4FF7-P002;IMP-M2-1895C43FC6-P002;IMP-M2-50B0B212DD-P002;IMP-M2-6D7FCEA253-P002;IMP-M2-9CEC4F97B5-P002;IMP-M2-BC23C57F39-P002	Downloads/merged_exercises_FULL_v2 (1).tex;Downloads/merged_exercises_FULL_v2.tex;Downloads/merged_exercises_corrected (1).tex;Downloads/merged_exercises_corrected (2).tex;Downloads/merged_exercises_corrected (3).tex;Downloads/merged_exercises_corrected (4).tex;Downloads/merged_exercises_corrected.tex;Downloads/theory-of-real-analysis.tex;MATH-ALLS-2/merged_exercises_FULL_v2 (1).tex;MATH-ALLS-2/merged_exercises_FULL_v2.tex;MATH-ALLS-2/merged_exercises_corrected (1).tex;MATH-ALLS-2/merged_exercises_corrected (2).tex;MATH-ALLS-2/merged_exercises_corrected (3).tex;MATH-ALLS-2/merged_exercises_corrected (4).tex;MATH-ALLS-2/merged_exercises_corrected.tex;MATH-ALLS-2/theory-of-real-analysis.tex	Downloads;MATH-ALLS-2	EXERCISE	1.2			NO	NEEDS_EDITORIAL_REVIEW
80736c50fdd2f5e6c91c34f1182cd9f8c067b30ffed5d157f4e4736c134d7df4	SEM-80736C50FDD2	IMP-DL-31FF76D7B8-PSR005140-80736C50	1	IMP-DL-31FF76D7B8-PSR005140-80736C50	Downloads/theory-of-algebraic-topology-16.tex	Downloads	EXAMPLE	2			NO	NEEDS_EDITORIAL_REVIEW
80742a5c69f872b2f86cb876c1f03b449353465637f8d7b889576a2f19733646	SEM-80742A5C69F8	IMP-DL-316AE183C3-P039	2	IMP-DL-316AE183C3-P039;IMP-M2-303BB87ACE-P039	Downloads/theory-of-analysis-functions.tex;MATH-ALLS-2/theory-of-analysis-functions.tex	Downloads;MATH-ALLS-2	EXERCISE_ITEM				NO	NEEDS_EDITORIAL_REVIEW
807910b08eeecafb3d5fd77989da0373b482a7112624186b4c32a434e72bdb86	SEM-807910B08EEE	IMP-DL-CB3C80FF97-P017	2	IMP-DL-CB3C80FF97-P017;IMP-M2-7B5A4788C1-P017	Downloads/theory-of-complex-analysis-topology.tex;MATH-ALLS-2/theory-of-complex-analysis-topology.tex	Downloads;MATH-ALLS-2	PROBLEM_ITEM				NO	NEEDS_EDITORIAL_REVIEW
80940d7a51468e05efdcb5bffffc89f441bd57ac05ec087fa506148af0c9092b	SEM-80940D7A5146	IMP-DL-FD5C2608DA-P005	2	IMP-DL-FD5C2608DA-P005;IMP-M3-F5BFB39338-P005	Downloads/theory-of-commutative-algebra-3.tex;MATH_ALLS-3/theory-of-commutative-algebra-3.tex	Downloads;MATH_ALLS-3	PROBLEM	8	IMP-DL-FD5C2608DA-S003;IMP-M3-F5BFB39338-S003		YES	NEEDS_EDITORIAL_REVIEW
80aee9931e3ecf0aae975a92bcba29e76c04d7ef9a2b3febb932e5a129dc2a8a	SEM-80AEE9931E3E	IMP-DL-EAE0F59552-P014	2	IMP-DL-EAE0F59552-P014;IMP-M2-7EA9DA1D72-P014	Downloads/theory-of-analysis-topology.tex;MATH-ALLS-2/theory-of-analysis-topology.tex	Downloads;MATH-ALLS-2	PROBLEM	11			NO	NEEDS_EDITORIAL_REVIEW
80d5d94705b0fb7e60e3179baf7115c87dfb956e9c37be0f35ac49f5cecf4f78	SEM-80D5D94705B0	IMP-DL-A978FB3162-P043	1	IMP-DL-A978FB3162-P043	Downloads/theory-of-algebraic-topology-4.tex	Downloads	PROBLEM_ITEM				NO	NEEDS_EDITORIAL_REVIEW
80dc43ab4cbd484c3e4b1fb0c836460ffed54e8ba84e4b42f7386aed4d107452	SEM-80DC43AB4CBD	IMP-DL-35223EB1F7-R002894-80DC43AB	1	IMP-DL-35223EB1F7-R002894-80DC43AB	Downloads/theory-of-algebraic-topology-6.tex	Downloads	EXAMPLE	5			NO	NEEDS_EDITORIAL_REVIEW
80ea1481926c598d60095ee01ed5932f5b5d91c54838b7a788c87d350d214570	SEM-80EA1481926C	IMP-DL-12C1A20716-P027	1	IMP-DL-12C1A20716-P027	Downloads/theory-of-algebraic-topology-10.tex	Downloads	PROBLEM_ITEM				NO	NEEDS_EDITORIAL_REVIEW
8115c8776d41dfdff60f27fcdb8fd2ad6a4e5f2b9f41a384534c05bf7e353d1e	SEM-8115C8776D41	IMP-DL-1608308E70-P015	1	IMP-DL-1608308E70-P015	Downloads/theory-of-algebraic-topology-14.tex	Downloads	WORKED_EXAMPLE	10			NO	NEEDS_EDITORIAL_REVIEW
813021a62cdfc7c12adf7441a9ba75a7bfa6b18732255ef7f7bcbab9ebb83f85	SEM-813021A62CDF	IMP-DL-15679DEE8D-P012	6	IMP-DL-15679DEE8D-P012;IMP-DL-3CA1CB77F7-P012;IMP-DL-E0A96454A5-P012;IMP-M2-1D2863B81A-P012;IMP-M2-D47CB97304-P012;IMP-M2-F08D4144EA-P012	Downloads/theory-of-analysis - Copy.tex;Downloads/theory-of-analysis-numbers.tex;Downloads/theory-of-analysis.tex;MATH-ALLS-2/theory-of-analysis - Copy.tex;MATH-ALLS-2/theory-of-analysis-numbers.tex;MATH-ALLS-2/theory-of-analysis.tex	Downloads;MATH-ALLS-2	PROBLEM	12			NO	NEEDS_EDITORIAL_REVIEW
814d20df8394d560d1ec12d74969b46f590b1bcf8d1777d42412f7f39828c8e9	SEM-814D20DF8394	IMP-DL-38CE6DEB56-P044	2	IMP-DL-38CE6DEB56-P044;IMP-M3-D19BB3C803-P044	Downloads/theory-of-commutative-algebra-14.tex;MATH_ALLS-3/theory-of-commutative-algebra-14.tex	Downloads;MATH_ALLS-3	EXERCISE	12	IMP-DL-38CE6DEB56-S012;IMP-M3-D19BB3C803-S012		YES	NEEDS_EDITORIAL_REVIEW
814d29947512e8f10af14a2519df5e7b06d4647e60568840af04c717eddc0967	SEM-814D29947512	IMP-DL-D18914CBBD-P080	2	IMP-DL-D18914CBBD-P080;IMP-M3-78B3C1B707-P080	Downloads/theory-of-commutative-algebra-11.tex;MATH_ALLS-3/theory-of-commutative-algebra-11.tex	Downloads;MATH_ALLS-3	WORKED_EXAMPLE	in			NO	NEEDS_EDITORIAL_REVIEW
815ac2458382193309be450a8f213241e0b8f526e5b3430d338c6f42669f65a8	SEM-815AC2458382	IMP-DL-98972A6B93-P029	2	IMP-DL-98972A6B93-P029;IMP-M2-355EA0996F-P029	Downloads/theory-of-geometry-II.tex;MATH-ALLS-2/theory-of-geometry-II.tex	Downloads;MATH-ALLS-2	PROBLEM_ITEM				NO	NEEDS_EDITORIAL_REVIEW
81800bdced4b0ceaa13f2d1820eeabc63c1823c10830a793e393e2ed734894ca	SEM-81800BDCED4B	IMP-DL-8016517B0A-PSR004203-81800BDC	3	IMP-DL-8016517B0A-PSR004203-81800BDC;IMP-M2-2B58694CBF-PSR004203-81800BDC;IMP-M3-911366A7C5-PSR004203-81800BDC	Downloads/theory-of-differential-geometry-1.tex;MATH-ALLS-2/theory-of-differential-geometry-1.tex;MATH_ALLS-3/theory-of-differential-geometry-1.tex	Downloads;MATH-ALLS-2;MATH_ALLS-3	EXAMPLE	2			NO	NEEDS_EDITORIAL_REVIEW
8190032c74d1d31d2a40d76b58e198453a56d515b1aa2fb79710d083a67b6774	SEM-8190032C74D1	IMP-DL-8D5CF4CFBA-P031	2	IMP-DL-8D5CF4CFBA-P031;IMP-M3-89937139FC-P031	Downloads/theory-of-linear-algebra-2.tex;MATH_ALLS-3/theory-of-linear-algebra-2.tex	Downloads;MATH_ALLS-3	PROBLEM	2	IMP-DL-8D5CF4CFBA-S040;IMP-M3-89937139FC-S040		YES	NEEDS_EDITORIAL_REVIEW
81ca86af0dc41f275dcb95cecc1ad2f1685e4fb720f4800953586f4de7824d99	SEM-81CA86AF0DC4	IMP-DL-1608308E70-P008	1	IMP-DL-1608308E70-P008	Downloads/theory-of-algebraic-topology-14.tex	Downloads	WORKED_EXAMPLE	3			NO	NEEDS_EDITORIAL_REVIEW
81de36a2274bbcf9e9f6f654c2a8bb9290f22011ca62d9200b535df996ce8f17	SEM-81DE36A2274B	IMP-DL-D18914CBBD-P053	2	IMP-DL-D18914CBBD-P053;IMP-M3-78B3C1B707-P053	Downloads/theory-of-commutative-algebra-11.tex;MATH_ALLS-3/theory-of-commutative-algebra-11.tex	Downloads;MATH_ALLS-3	WORKED_EXAMPLE	6			NO	NEEDS_EDITORIAL_REVIEW
81f29a9047a680173120f90b557fe75ca5af3765a265f413aaac5d19015d1e24	SEM-81F29A9047A6	IMP-DL-1068DBED71-P064	4	IMP-DL-1068DBED71-P064;IMP-DL-CAA415139D-P064;IMP-M3-F4E66B2919-P064;IMP-M3-FCB1647DD6-P064	Downloads/theory-of-commutative-algebra-10.tex;Downloads/theory-of-commutative-algebra-9.tex;MATH_ALLS-3/theory-of-commutative-algebra-10.tex;MATH_ALLS-3/theory-of-commutative-algebra-9.tex	Downloads;MATH_ALLS-3	WORKED_EXAMPLE	2			NO	NEEDS_EDITORIAL_REVIEW
81f57b8c08f2b695b466ecd76dad8ef73be79523199f2c9c03abc97c7c921a2d	SEM-81F57B8C08F2	IMP-DL-D6E9B3BC73-P024	2	IMP-DL-D6E9B3BC73-P024;IMP-M3-422B74F85F-P024	Downloads/theory-of-algebraic-topology-1.tex;MATH_ALLS-3/theory-of-algebraic-topology-1.tex	Downloads;MATH_ALLS-3	WORKED_EXAMPLE	3.			NO	NEEDS_EDITORIAL_REVIEW
8218df1f6f29245f6921ea76099fe62d077c9e5feb816f5e0f6eae7a10163cbf	SEM-8218DF1F6F29	IMP-DL-D18914CBBD-P079	2	IMP-DL-D18914CBBD-P079;IMP-M3-78B3C1B707-P079	Downloads/theory-of-commutative-algebra-11.tex;MATH_ALLS-3/theory-of-commutative-algebra-11.tex	Downloads;MATH_ALLS-3	WORKED_EXAMPLE	in			NO	NEEDS_EDITORIAL_REVIEW
822e47e2071a025b9eaf797436db5ae62c8a4972f71dd3ec573d58ed3b51a7f2	SEM-822E47E2071A	IMP-DL-D148B51FB7-P009	2	IMP-DL-D148B51FB7-P009;IMP-M3-5A5277EBFB-P009	Downloads/theory-of-differential-geometry-4.tex;MATH_ALLS-3/theory-of-differential-geometry-4.tex	Downloads;MATH_ALLS-3	PROBLEM_ITEM				NO	NEEDS_EDITORIAL_REVIEW
8238252a188c56244c60d45d3a7c608a2a8129d99920d1871f32d54a9c510033	SEM-8238252A188C	IMP-DL-31FF76D7B8-P017	1	IMP-DL-31FF76D7B8-P017	Downloads/theory-of-algebraic-topology-16.tex	Downloads	WORKED_EXAMPLE				NO	NEEDS_EDITORIAL_REVIEW
823b82079cd0e5d1452cbc1bdeaea62a8e657f9decd541ccd038132929602582	SEM-823B82079CD0	IMP-DL-535B6F59C6-SPR001762-823B8207	2	IMP-DL-535B6F59C6-SPR001762-823B8207;IMP-M3-0753B8F46B-SPR001762-823B8207	Downloads/theory-of-commutative-algebra-4.tex;MATH_ALLS-3/theory-of-commutative-algebra-4.tex	Downloads;MATH_ALLS-3	EXAMPLE	2.			NO	NEEDS_EDITORIAL_REVIEW
829693f5c91efe76913ff3760fd90efd1edd7050a87b54824eede22c74c2a25a	SEM-829693F5C91E	IMP-DL-D148B51FB7-P001	2	IMP-DL-D148B51FB7-P001;IMP-M3-5A5277EBFB-P001	Downloads/theory-of-differential-geometry-4.tex;MATH_ALLS-3/theory-of-differential-geometry-4.tex	Downloads;MATH_ALLS-3	PROBLEM	1	IMP-DL-D148B51FB7-S001;IMP-M3-5A5277EBFB-S001		YES	NEEDS_EDITORIAL_REVIEW
82c1e33182c2d01d8b583ac39186b5b297bb74d2e2ffb8d28752cf947321bd59	SEM-82C1E33182C2	IMP-DL-316AE183C3-P058	2	IMP-DL-316AE183C3-P058;IMP-M2-303BB87ACE-P058	Downloads/theory-of-analysis-functions.tex;MATH-ALLS-2/theory-of-analysis-functions.tex	Downloads;MATH-ALLS-2	EXERCISE_ITEM				NO	NEEDS_EDITORIAL_REVIEW
82cabd25df7974bcd255baaac2d1abcc8e538e3d4ef8a73faadb814bd7fe55a4	SEM-82CABD25DF79	IMP-DL-6447F1B120-P025	1	IMP-DL-6447F1B120-P025	Downloads/theory-of-algebraic-topology-11.tex	Downloads	PROBLEM_ITEM				NO	NEEDS_EDITORIAL_REVIEW
82f69b072923049ee1b345489fd3e3d2e32292e8d001d7131fbe84934542c148	SEM-82F69B072923	IMP-DL-592BD0798C-P034	2	IMP-DL-592BD0798C-P034;IMP-M3-1FB8799CDC-P034	Downloads/theory-of-commutative-algebra-8.tex;MATH_ALLS-3/theory-of-commutative-algebra-8.tex	Downloads;MATH_ALLS-3	PROBLEM_ITEM				NO	NEEDS_EDITORIAL_REVIEW
8311ea26e6d14925cf47aa9580fa4d916895bac9bd8475c36e2508e094f5f616	SEM-8311EA26E6D1	IMP-DL-A470D9BACB-P024	2	IMP-DL-A470D9BACB-P024;IMP-M2-2850FB9A8A-P024	Downloads/theory-of-geometry-1.tex;MATH-ALLS-2/theory-of-geometry-1.tex	Downloads;MATH-ALLS-2	EXERCISE	14			NO	NEEDS_EDITORIAL_REVIEW
833e3ed0e8d1a2afb8e0c93e13c99a442a3befaf605457489af924c093a30046	SEM-833E3ED0E8D1	IMP-DL-98972A6B93-P011	2	IMP-DL-98972A6B93-P011;IMP-M2-355EA0996F-P011	Downloads/theory-of-geometry-II.tex;MATH-ALLS-2/theory-of-geometry-II.tex	Downloads;MATH-ALLS-2	PROBLEM				NO	NEEDS_EDITORIAL_REVIEW
8344b57fcbf75398a360cd4b6c882b5c905459d90ed7f81ea699474bb780ed43	SEM-8344B57FCBF7	IMP-DL-35223EB1F7-R002837-8344B57F	1	IMP-DL-35223EB1F7-R002837-8344B57F	Downloads/theory-of-algebraic-topology-6.tex	Downloads	EXAMPLE	2			NO	NEEDS_EDITORIAL_REVIEW
8347f4dd0f5fb63e8fde2a77f8870c2466d5c2b5731530de740f8fc7df044053	SEM-8347F4DD0F5F	IMP-DL-A11279CC33-P018	2	IMP-DL-A11279CC33-P018;IMP-M3-73E0197CF3-P018	Downloads/theory-of-commutative-algebra-6.tex;MATH_ALLS-3/theory-of-commutative-algebra-6.tex	Downloads;MATH_ALLS-3	WORKED_EXAMPLE				NO	NEEDS_EDITORIAL_REVIEW
8350e07b8505b0b1ba698c3864f10b1f040fc00fef1c474be94e29e3a80cac79	SEM-8350E07B8505	IMP-DL-2B81C66D0F-P006	1	IMP-DL-2B81C66D0F-P006	Downloads/theory-of-algebraic-topology-2.tex	Downloads	PROBLEM	statement	IMP-DL-2B81C66D0F-S004		YES	NEEDS_EDITORIAL_REVIEW
8383e1fd34335c993611fec41b666c8983652337a361b6668e97f518420afde9	SEM-8383E1FD3433	IMP-DL-183AD43C4C-R000847-8383E1FD	4	IMP-DL-183AD43C4C-R000847-8383E1FD;IMP-DL-20E278E436-R000789-8383E1FD;IMP-M2-1895C43FC6-R000847-8383E1FD;IMP-M2-50B0B212DD-R000789-8383E1FD	Downloads/merged_exercises_FULL_v2 (1).tex;Downloads/theory-of-real-analysis.tex;MATH-ALLS-2/merged_exercises_FULL_v2 (1).tex;MATH-ALLS-2/theory-of-real-analysis.tex	Downloads;MATH-ALLS-2	EXERCISE	5.2	IMP-DL-183AD43C4C-S019;IMP-DL-20E278E436-S019;IMP-M2-1895C43FC6-S019;IMP-M2-50B0B212DD-S019		YES	NEEDS_EDITORIAL_REVIEW
83b38370cab2968c0705a15a59c03bd6c5419df4f9bc0b7d714c13d4cea328c8	SEM-83B38370CAB2	IMP-DL-1068DBED71-P074	4	IMP-DL-1068DBED71-P074;IMP-DL-CAA415139D-P074;IMP-M3-F4E66B2919-P074;IMP-M3-FCB1647DD6-P074	Downloads/theory-of-commutative-algebra-10.tex;Downloads/theory-of-commutative-algebra-9.tex;MATH_ALLS-3/theory-of-commutative-algebra-10.tex;MATH_ALLS-3/theory-of-commutative-algebra-9.tex	Downloads;MATH_ALLS-3	WORKED_EXAMPLE	1	IMP-DL-1068DBED71-S012;IMP-DL-CAA415139D-S012;IMP-M3-F4E66B2919-S012;IMP-M3-FCB1647DD6-S012		YES	NEEDS_EDITORIAL_REVIEW
83b8b4d1acb74ffe2ad5ea750226e66979a61a28564504f9f741218da54a06df	SEM-83B8B4D1ACB7	IMP-DL-316AE183C3-P054	2	IMP-DL-316AE183C3-P054;IMP-M2-303BB87ACE-P054	Downloads/theory-of-analysis-functions.tex;MATH-ALLS-2/theory-of-analysis-functions.tex	Downloads;MATH-ALLS-2	EXERCISE_ITEM				NO	NEEDS_EDITORIAL_REVIEW
83c5091533fcc5ba9d604711539c48770914ddcbd4e7ede2cc677b98c6149169	SEM-83C5091533FC	IMP-DL-E532B44856-P004	2	IMP-DL-E532B44856-P004;IMP-M2-C037D998D4-P004	Downloads/theory-of-analysis-functions-II.tex;MATH-ALLS-2/theory-of-analysis-functions-II.tex	Downloads;MATH-ALLS-2	PROBLEM	4			NO	NEEDS_EDITORIAL_REVIEW
83c678d65f3cea3074d2ca731204a2b1211eb53e09a1e657903e79adef54259d	SEM-83C678D65F3C	IMP-DL-6447F1B120-P029	1	IMP-DL-6447F1B120-P029	Downloads/theory-of-algebraic-topology-11.tex	Downloads	WORKED_EXAMPLE				NO	NEEDS_EDITORIAL_REVIEW
83cbf6fa8ee61069fccbabce0d92d581c04d73d01d5f2d2cb6de40f18ed4c76f	SEM-83CBF6FA8EE6	IMP-DL-1068DBED71-P037	4	IMP-DL-1068DBED71-P037;IMP-DL-CAA415139D-P037;IMP-M3-F4E66B2919-P037;IMP-M3-FCB1647DD6-P037	Downloads/theory-of-commutative-algebra-10.tex;Downloads/theory-of-commutative-algebra-9.tex;MATH_ALLS-3/theory-of-commutative-algebra-10.tex;MATH_ALLS-3/theory-of-commutative-algebra-9.tex	Downloads;MATH_ALLS-3	WORKED_EXAMPLE	6			NO	NEEDS_EDITORIAL_REVIEW
83e9c38f5023c24a5b148c4869385f27222c7289983608dfaa198d2553fecc8c	SEM-83E9C38F5023	IMP-DL-3CA1CB77F7-P031	4	IMP-DL-3CA1CB77F7-P031;IMP-DL-3CA1CB77F7-R004025-83E9C38F;IMP-M2-F08D4144EA-P031;IMP-M2-F08D4144EA-R004025-83E9C38F	Downloads/theory-of-analysis-numbers.tex;MATH-ALLS-2/theory-of-analysis-numbers.tex	Downloads;MATH-ALLS-2	EXAMPLE;WORKED_EXAMPLE				NO	NEEDS_EDITORIAL_REVIEW
83f3387ac5b3138bf835fb86f4e0fec983b8c2750ec24b30bc21dae10a2834fd	SEM-83F3387AC5B3	IMP-DL-40E9B7EE44-R003552-83F3387A	2	IMP-DL-40E9B7EE44-R003552-83F3387A;IMP-M3-17140B7F4C-R003552-83F3387A	Downloads/theory-of-commutative-algebra-5-professional.tex;MATH_ALLS-3/theory-of-commutative-algebra-5-professional.tex	Downloads;MATH_ALLS-3	PROBLEM	11			NO	NEEDS_EDITORIAL_REVIEW
8401d2e6169eecbe338a12a98a2b4cc6f0695244259451313c035ee1b75f416b	SEM-8401D2E6169E	IMP-DL-4DEBE28720-P099	2	IMP-DL-4DEBE28720-P099;IMP-M3-8E395763C8-P099	Downloads/theory-of-commutative-algebra-13.tex;MATH_ALLS-3/theory-of-commutative-algebra-13.tex	Downloads;MATH_ALLS-3	WORKED_EXAMPLE	2			NO	NEEDS_EDITORIAL_REVIEW
841e81ef8928b13cb4ed25a1964a6f97522b7a0327891a3fb94665450965769d	SEM-841E81EF8928	IMP-DL-0A181AC273-P014	2	IMP-DL-0A181AC273-P014;IMP-M2-80AFB5AE64-P014	Downloads/theory-of-complex-analysis.tex;MATH-ALLS-2/theory-of-complex-analysis.tex	Downloads;MATH-ALLS-2	PROBLEM	2.	IMP-DL-0A181AC273-S002;IMP-M2-80AFB5AE64-S002		YES	NEEDS_EDITORIAL_REVIEW
844636fbb55efd88823eed4db6baf874685374119dca36d06d22c8164c995626	SEM-844636FBB55E	IMP-DL-D6E9B3BC73-P019	2	IMP-DL-D6E9B3BC73-P019;IMP-M3-422B74F85F-P019	Downloads/theory-of-algebraic-topology-1.tex;MATH_ALLS-3/theory-of-algebraic-topology-1.tex	Downloads;MATH_ALLS-3	WORKED_EXAMPLE	2.			NO	NEEDS_EDITORIAL_REVIEW
845032c783719a69e1862213d620f36c51266f2e766bbc9ae629873c8ab9db60	SEM-845032C78371	IMP-DL-CB3C80FF97-P031	2	IMP-DL-CB3C80FF97-P031;IMP-M2-7B5A4788C1-P031	Downloads/theory-of-complex-analysis-topology.tex;MATH-ALLS-2/theory-of-complex-analysis-topology.tex	Downloads;MATH-ALLS-2	PROBLEM_ITEM	(iii)	IMP-DL-CB3C80FF97-S019;IMP-M2-7B5A4788C1-S019		YES	NEEDS_EDITORIAL_REVIEW
84564ba1c6358b6f6e3514da4bf9be77571e72cee0651c7f8149b776814452ca	SEM-84564BA1C635	IMP-DL-873C6F4098-P011	2	IMP-DL-873C6F4098-P011;IMP-M2-CFC28ED568-P011	Downloads/theory-of-analysis-II.tex;MATH-ALLS-2/theory-of-analysis-II.tex	Downloads;MATH-ALLS-2	PROBLEM	9	IMP-DL-873C6F4098-S004;IMP-M2-CFC28ED568-S004		YES	NEEDS_EDITORIAL_REVIEW
84791f5dc2484dc858422ca2524637684c8be29fc006dd15be237d0898b36d07	SEM-84791F5DC248	IMP-DL-873C6F4098-P079	2	IMP-DL-873C6F4098-P079;IMP-M2-CFC28ED568-P079	Downloads/theory-of-analysis-II.tex;MATH-ALLS-2/theory-of-analysis-II.tex	Downloads;MATH-ALLS-2	PROBLEM_ITEM				NO	NEEDS_EDITORIAL_REVIEW
8485c0dfade5e4c0959da49afdb1bb3b35bf8a872e1bef82bb5f397043243224	SEM-8485C0DFADE5	IMP-DL-4DEBE28720-P103	2	IMP-DL-4DEBE28720-P103;IMP-M3-8E395763C8-P103	Downloads/theory-of-commutative-algebra-13.tex;MATH_ALLS-3/theory-of-commutative-algebra-13.tex	Downloads;MATH_ALLS-3	WORKED_EXAMPLE	6			NO	NEEDS_EDITORIAL_REVIEW
84ba5d01d534f970ffd1bc5c501f119eef0d8530e5617dadbdd5ae71523497e7	SEM-84BA5D01D534	IMP-DL-316AE183C3-P017	2	IMP-DL-316AE183C3-P017;IMP-M2-303BB87ACE-P017	Downloads/theory-of-analysis-functions.tex;MATH-ALLS-2/theory-of-analysis-functions.tex	Downloads;MATH-ALLS-2	EXERCISE_ITEM				NO	NEEDS_EDITORIAL_REVIEW
84d7296fa0c7fdfbf3359ed601f5e636376b9e03e5665cf4fbe11525d6399ac2	SEM-84D7296FA0C7	IMP-DL-11EDF39EA7-P018	2	IMP-DL-11EDF39EA7-P018;IMP-M2-68556E3D88-P018	Downloads/theory-of-analysis-FD2.tex;MATH-ALLS-2/theory-of-analysis-FD2.tex	Downloads;MATH-ALLS-2	EXERCISE	5.1	IMP-DL-11EDF39EA7-S014;IMP-M2-68556E3D88-S014		YES	NEEDS_EDITORIAL_REVIEW
84eab38671acf0cfd663c659e09033df5b23b808493f1d5940bb3f17407095e4	SEM-84EAB38671AC	IMP-DL-2E134BF207-P044	1	IMP-DL-2E134BF207-P044	Downloads/theory-of-algebraic-topology-5.tex	Downloads	PROBLEM_ITEM				NO	NEEDS_EDITORIAL_REVIEW
8507b0bdb32a2972e65677cef5165863c631c55062bd323b6bca78940680d45f	SEM-8507B0BDB32A	IMP-DL-4DEBE28720-P055	2	IMP-DL-4DEBE28720-P055;IMP-M3-8E395763C8-P055	Downloads/theory-of-commutative-algebra-13.tex;MATH_ALLS-3/theory-of-commutative-algebra-13.tex	Downloads;MATH_ALLS-3	EXERCISE_ITEM				NO	NEEDS_EDITORIAL_REVIEW
8518af923587f61f373900709ebd341d0b96fd1236a82d298c1e2b4924089951	SEM-8518AF923587	IMP-DL-12C1A20716-P019	1	IMP-DL-12C1A20716-P019	Downloads/theory-of-algebraic-topology-10.tex	Downloads	PROBLEM_ITEM				NO	NEEDS_EDITORIAL_REVIEW
8520ccd99804ca3c18b382a60342449180661af5e7a150e30dfda48c68421e64	SEM-8520CCD99804	IMP-DL-3C59D9EE8B-P074	2	IMP-DL-3C59D9EE8B-P074;IMP-M3-D1A916E0DD-P074	Downloads/theory-of-commutative-algebra-5-professional-v2.tex;MATH_ALLS-3/theory-of-commutative-algebra-5-professional-v2.tex	Downloads;MATH_ALLS-3	PROBLEM_ITEM				NO	NEEDS_EDITORIAL_REVIEW
854fe26facade7ce533e1e1e0125c6eb9b48bd15e7f19667988c4dde40bc2654	SEM-854FE26FACAD	IMP-DL-3C59D9EE8B-P062	2	IMP-DL-3C59D9EE8B-P062;IMP-M3-D1A916E0DD-P062	Downloads/theory-of-commutative-algebra-5-professional-v2.tex;MATH_ALLS-3/theory-of-commutative-algebra-5-professional-v2.tex	Downloads;MATH_ALLS-3	PROBLEM_ITEM				NO	NEEDS_EDITORIAL_REVIEW
855076e885792554daf151c993f3e50fe70aad484b7773c6602d851bf2500cd6	SEM-855076E88579	IMP-DL-D6E9B3BC73-R001438-855076E8	2	IMP-DL-D6E9B3BC73-R001438-855076E8;IMP-M3-422B74F85F-R001435-855076E8	Downloads/theory-of-algebraic-topology-1.tex;MATH_ALLS-3/theory-of-algebraic-topology-1.tex	Downloads;MATH_ALLS-3	PROBLEM	4			NO	NEEDS_EDITORIAL_REVIEW
856fbe645765da644348c9b3e6c6cb26e56f3c32f7c96cc1c27357101c22e9b5	SEM-856FBE645765	IMP-DL-38CE6DEB56-P006	2	IMP-DL-38CE6DEB56-P006;IMP-M3-D19BB3C803-P006	Downloads/theory-of-commutative-algebra-14.tex;MATH_ALLS-3/theory-of-commutative-algebra-14.tex	Downloads;MATH_ALLS-3	WORKED_EXAMPLE	2			NO	NEEDS_EDITORIAL_REVIEW
856fd98dcd2a626131de5a86ab8dce446919d9c7fb0722ab966426ce6805c6b7	SEM-856FD98DCD2A	IMP-DL-31FF76D7B8-PSR004891-856FD98D	1	IMP-DL-31FF76D7B8-PSR004891-856FD98D	Downloads/theory-of-algebraic-topology-16.tex	Downloads	EXAMPLE	1			NO	NEEDS_EDITORIAL_REVIEW
85780cdedde0dc8cbb6b720401f21475da6a11a2ef97c51b9aa3260174214689	SEM-85780CDEDDE0	IMP-DL-12C1A20716-P022	1	IMP-DL-12C1A20716-P022	Downloads/theory-of-algebraic-topology-10.tex	Downloads	PROBLEM_ITEM				NO	NEEDS_EDITORIAL_REVIEW
858675cdb8b27b8d91171a9f585fd22e75332aa012426bfbd2d92d679562f2ce	SEM-858675CDB8B2	IMP-DL-D27460A55B-F2R001786-858675CD	1	IMP-DL-D27460A55B-F2R001786-858675CD	Downloads/theory-of-algebraic-geometry-5.tex	Downloads	EXAMPLE	8			NO	NEEDS_EDITORIAL_REVIEW
85a8424e9db8d46cfefbee11e9e15dff2d463a1af56318b52ce787a7087cfe7b	SEM-85A8424E9DB8	IMP-DL-6447F1B120-P024	1	IMP-DL-6447F1B120-P024	Downloads/theory-of-algebraic-topology-11.tex	Downloads	PROBLEM_ITEM				NO	NEEDS_EDITORIAL_REVIEW
85ac86e2f16080ba3383008ef3546032ca23a61daad442186a9bb1bb89b2ea9f	SEM-85AC86E2F160	IMP-DL-3C59D9EE8B-P150	2	IMP-DL-3C59D9EE8B-P150;IMP-M3-D1A916E0DD-P150	Downloads/theory-of-commutative-algebra-5-professional-v2.tex;MATH_ALLS-3/theory-of-commutative-algebra-5-professional-v2.tex	Downloads;MATH_ALLS-3	PROBLEM_ITEM				NO	NEEDS_EDITORIAL_REVIEW
85b3871d669a34bcb0c154f62a2fa28216f1f2d70106b9373f5942dc7aedd7a3	SEM-85B3871D669A	IMP-DL-7A55205E2C-P008	2	IMP-DL-7A55205E2C-P008;IMP-M2-2D41E1011A-P008	Downloads/theory-of-geometry-4.tex;MATH-ALLS-2/theory-of-geometry-4.tex	Downloads;MATH-ALLS-2	PROBLEM	8	IMP-DL-7A55205E2C-S008;IMP-M2-2D41E1011A-S008		YES	NEEDS_EDITORIAL_REVIEW
8622acb31c5013886c49ea2db8fb0bb5abc4f1a983e056f7eb5665700c350116	SEM-8622ACB31C50	IMP-DL-31FF76D7B8-P003	1	IMP-DL-31FF76D7B8-P003	Downloads/theory-of-algebraic-topology-16.tex	Downloads	WORKED_EXAMPLE	3			NO	NEEDS_EDITORIAL_REVIEW
862807194ef6d73765cbb44a6f49638d3e2ce3d20407c801acfdc0a4ccf288bc	SEM-862807194EF6	IMP-DL-A470D9BACB-P015	2	IMP-DL-A470D9BACB-P015;IMP-M2-2850FB9A8A-P015	Downloads/theory-of-geometry-1.tex;MATH-ALLS-2/theory-of-geometry-1.tex	Downloads;MATH-ALLS-2	PROBLEM	7			NO	NEEDS_EDITORIAL_REVIEW
8663923a4b68ebe98152ff4ec36c7a7f69f7110d2ff001020e827fa501283c35	SEM-8663923A4B68	IMP-DL-592BD0798C-P063	2	IMP-DL-592BD0798C-P063;IMP-M3-1FB8799CDC-P063	Downloads/theory-of-commutative-algebra-8.tex;MATH_ALLS-3/theory-of-commutative-algebra-8.tex	Downloads;MATH_ALLS-3	WORKED_EXAMPLE	4			NO	NEEDS_EDITORIAL_REVIEW
8690de23153ae6b5e001c453f11f9e89ef0467c309e8783941f6a0e6bda9e2b6	SEM-8690DE23153A	IMP-DL-38CE6DEB56-P022	2	IMP-DL-38CE6DEB56-P022;IMP-M3-D19BB3C803-P022	Downloads/theory-of-commutative-algebra-14.tex;MATH_ALLS-3/theory-of-commutative-algebra-14.tex	Downloads;MATH_ALLS-3	WORKED_EXAMPLE	19			NO	NEEDS_EDITORIAL_REVIEW
8694eb6b3886dcc5e8ed111beb1519d7a433e474556c8323f32c4d48318ca342	SEM-8694EB6B3886	IMP-DL-117191C0EC-P056	2	IMP-DL-117191C0EC-P056;IMP-M2-40A546CAA2-P056	Downloads/theory-of-analysis-topics.tex;MATH-ALLS-2/theory-of-analysis-topics.tex	Downloads;MATH-ALLS-2	PROBLEM	4	IMP-DL-117191C0EC-S027;IMP-M2-40A546CAA2-S027		YES	NEEDS_EDITORIAL_REVIEW
86aa00b35df2209a9ae075166594b483235949884d7ce045976158e149ca2fd0	SEM-86AA00B35DF2	IMP-DL-A99C7658F3-PSR002415-86AA00B3	1	IMP-DL-A99C7658F3-PSR002415-86AA00B3	Downloads/theory-of-algebraic-geometry-2.tex	Downloads	EXAMPLE				NO	NEEDS_EDITORIAL_REVIEW
86b8d5f03ff19b315a68f97b0ee998be4241d83111bc86c7a2f15e523c113239	SEM-86B8D5F03FF1	IMP-DL-2E134BF207-P043	1	IMP-DL-2E134BF207-P043	Downloads/theory-of-algebraic-topology-5.tex	Downloads	PROBLEM_ITEM				NO	NEEDS_EDITORIAL_REVIEW
86c688f4d39c0ed1763a907631fd5ccb18e94de26daa49e48e1fd87d01f96648	SEM-86C688F4D39C	IMP-DL-D148B51FB7-P016	2	IMP-DL-D148B51FB7-P016;IMP-M3-5A5277EBFB-P016	Downloads/theory-of-differential-geometry-4.tex;MATH_ALLS-3/theory-of-differential-geometry-4.tex	Downloads;MATH_ALLS-3	PROBLEM	7	IMP-DL-D148B51FB7-S007;IMP-M3-5A5277EBFB-S007		YES	NEEDS_EDITORIAL_REVIEW
86de3538e451994b8323770d9b9501c9fb7c24b65befed3ae8214b7469333342	SEM-86DE3538E451	IMP-DL-BD3A6D53D0-P003	3	IMP-DL-BD3A6D53D0-P003;IMP-M2-E2BE0561BD-P003;IMP-M3-0F6B7A59EB-P003	Downloads/theory-of-differential-geometry-2.tex;MATH-ALLS-2/theory-of-differential-geometry-2.tex;MATH_ALLS-3/theory-of-differential-geometry-2.tex	Downloads;MATH-ALLS-2;MATH_ALLS-3	PROBLEM	9	IMP-DL-BD3A6D53D0-S003;IMP-M2-E2BE0561BD-S003;IMP-M3-0F6B7A59EB-S003		YES	NEEDS_EDITORIAL_REVIEW
86e3fa2578546ade6d886fbba1b774a3a32e582a6f48429fe5133cc1e035f606	SEM-86E3FA257854	IMP-DL-873C6F4098-P071	2	IMP-DL-873C6F4098-P071;IMP-M2-CFC28ED568-P071	Downloads/theory-of-analysis-II.tex;MATH-ALLS-2/theory-of-analysis-II.tex	Downloads;MATH-ALLS-2	PROBLEM_ITEM				NO	NEEDS_EDITORIAL_REVIEW
86f3b19e4e133c7986ef58e809c8150592818a614b181e152c17cfd69300c2a1	SEM-86F3B19E4E13	IMP-DL-183AD43C4C-PSR002637-86F3B19E	2	IMP-DL-183AD43C4C-PSR002637-86F3B19E;IMP-M2-1895C43FC6-PSR002637-86F3B19E	Downloads/theory-of-real-analysis.tex;MATH-ALLS-2/theory-of-real-analysis.tex	Downloads;MATH-ALLS-2	EXERCISE	1.1			NO	NEEDS_EDITORIAL_REVIEW
8700b382ab6e247a4c6c7d2a135b002e649a00cf9d023bb1a6970d1b8d062b2f	SEM-8700B382AB6E	IMP-DL-D148B51FB7-P014	2	IMP-DL-D148B51FB7-P014;IMP-M3-5A5277EBFB-P014	Downloads/theory-of-differential-geometry-4.tex;MATH_ALLS-3/theory-of-differential-geometry-4.tex	Downloads;MATH_ALLS-3	PROBLEM	5	IMP-DL-D148B51FB7-S005;IMP-M3-5A5277EBFB-S005		YES	NEEDS_EDITORIAL_REVIEW
8701ed810909834824c6ac3a3d1c7778ce14b969df0d596edd744424f9d19c3f	SEM-8701ED810909	IMP-DL-183AD43C4C-R001881-8701ED81	4	IMP-DL-183AD43C4C-R001881-8701ED81;IMP-DL-20E278E436-R001823-8701ED81;IMP-M2-1895C43FC6-R001881-8701ED81;IMP-M2-50B0B212DD-R001823-8701ED81	Downloads/merged_exercises_FULL_v2 (1).tex;Downloads/theory-of-real-analysis.tex;MATH-ALLS-2/merged_exercises_FULL_v2 (1).tex;MATH-ALLS-2/theory-of-real-analysis.tex	Downloads;MATH-ALLS-2	EXERCISE	8.1			NO	NEEDS_EDITORIAL_REVIEW
87449b32d1d4189d6f08e8b6a4f5cbc34f452ee642612095d4c169ceb1262140	SEM-87449B32D1D4	IMP-DL-6B513C0C2F-PSR005397-87449B32	1	IMP-DL-6B513C0C2F-PSR005397-87449B32	Downloads/theory-of-algebraic-geometry-10.tex	Downloads	EXAMPLE	6			NO	NEEDS_EDITORIAL_REVIEW
874f24b53ed1daa96c27500446336c44c04c963ecb229471dd0ba9e16d09aaa7	SEM-874F24B53ED1	IMP-DL-0A181AC273-P021	2	IMP-DL-0A181AC273-P021;IMP-M2-80AFB5AE64-P021	Downloads/theory-of-complex-analysis.tex;MATH-ALLS-2/theory-of-complex-analysis.tex	Downloads;MATH-ALLS-2	PROBLEM	9.	IMP-DL-0A181AC273-S008;IMP-M2-80AFB5AE64-S008		YES	NEEDS_EDITORIAL_REVIEW
87506bc7f1c57ce2621980c1dac278b271547ce884fee5d103a30dc28e0c8a39	SEM-87506BC7F1C5	IMP-DL-0B4CC237FA-SPR000660-87506BC7	1	IMP-DL-0B4CC237FA-SPR000660-87506BC7	Downloads/theory-of-algebraic-geometry-3.tex	Downloads	PROBLEM	14.	IMP-DL-0B4CC237FA-S004		YES	NEEDS_EDITORIAL_REVIEW
87cd316fd81d883eaa061caba2ca19b2257442e0ec246cf635a9f0cbbb04597d	SEM-87CD316FD81D	IMP-DL-35223EB1F7-R002736-87CD316F	1	IMP-DL-35223EB1F7-R002736-87CD316F	Downloads/theory-of-algebraic-topology-6.tex	Downloads	EXAMPLE	2			NO	NEEDS_EDITORIAL_REVIEW
87eb24683fc38628db3873379fb36f3abc29be6c0d85f4f7a83b300a2a6c9c47	SEM-87EB24683FC3	IMP-DL-07D84009EA-P010	16	IMP-DL-07D84009EA-P010;IMP-DL-162DBE4483-P010;IMP-DL-183AD43C4C-P010;IMP-DL-20E278E436-P010;IMP-DL-68F65EDA24-P010;IMP-DL-890EB1F6EA-P010;IMP-DL-995E0CD19D-P010;IMP-DL-E69AEC0DA9-P010;IMP-M2-0EAC31ED0B-P010;IMP-M2-1403D223C9-P010;IMP-M2-1750FF4FF7-P010;IMP-M2-1895C43FC6-P010;IMP-M2-50B0B212DD-P010;IMP-M2-6D7FCEA253-P010;IMP-M2-9CEC4F97B5-P010;IMP-M2-BC23C57F39-P010	Downloads/merged_exercises_FULL_v2 (1).tex;Downloads/merged_exercises_FULL_v2.tex;Downloads/merged_exercises_corrected (1).tex;Downloads/merged_exercises_corrected (2).tex;Downloads/merged_exercises_corrected (3).tex;Downloads/merged_exercises_corrected (4).tex;Downloads/merged_exercises_corrected.tex;Downloads/theory-of-real-analysis.tex;MATH-ALLS-2/merged_exercises_FULL_v2 (1).tex;MATH-ALLS-2/merged_exercises_FULL_v2.tex;MATH-ALLS-2/merged_exercises_corrected (1).tex;MATH-ALLS-2/merged_exercises_corrected (2).tex;MATH-ALLS-2/merged_exercises_corrected (3).tex;MATH-ALLS-2/merged_exercises_corrected (4).tex;MATH-ALLS-2/merged_exercises_corrected.tex;MATH-ALLS-2/theory-of-real-analysis.tex	Downloads;MATH-ALLS-2	EXERCISE	2.4			NO	NEEDS_EDITORIAL_REVIEW
880e5195727bde44eb3053f4f9fea4ad30dd10ad44dc580fa507966929eb95e4	SEM-880E5195727B	IMP-DL-1068DBED71-P023	4	IMP-DL-1068DBED71-P023;IMP-DL-CAA415139D-P023;IMP-M3-F4E66B2919-P023;IMP-M3-FCB1647DD6-P023	Downloads/theory-of-commutative-algebra-10.tex;Downloads/theory-of-commutative-algebra-9.tex;MATH_ALLS-3/theory-of-commutative-algebra-10.tex;MATH_ALLS-3/theory-of-commutative-algebra-9.tex	Downloads;MATH_ALLS-3	WORKED_EXAMPLE				NO	NEEDS_EDITORIAL_REVIEW
88291ebe24585218d73aa25c170414a75e208c790471a39bb9f81774bcaa4c08	SEM-88291EBE2458	IMP-DL-12C1A20716-P008	1	IMP-DL-12C1A20716-P008	Downloads/theory-of-algebraic-topology-10.tex	Downloads	PROBLEM	9	IMP-DL-12C1A20716-S005		YES	NEEDS_EDITORIAL_REVIEW
8832ec06fa3e00018cc748e27d221520d5fee57d2cd94fe9201b8e12df636d75	SEM-8832EC06FA3E	IMP-DL-98972A6B93-P025	2	IMP-DL-98972A6B93-P025;IMP-M2-355EA0996F-P025	Downloads/theory-of-geometry-II.tex;MATH-ALLS-2/theory-of-geometry-II.tex	Downloads;MATH-ALLS-2	PROBLEM_ITEM				NO	NEEDS_EDITORIAL_REVIEW
884e650b11b4ce7a8cd8b0bce8e9f15a1a82903b2b8832c09f3e95d76f9202c1	SEM-884E650B11B4	IMP-DL-E4D9F7AB6B-PSR005189-884E650B	1	IMP-DL-E4D9F7AB6B-PSR005189-884E650B	Downloads/theory-of-algebraic-topology-13.tex	Downloads	EXAMPLE	4.			NO	NEEDS_EDITORIAL_REVIEW
88559de1ffbdc97058c49bd3008a4bec3628c0ce2a327192a141f28e650e2f9f	SEM-88559DE1FFBD	IMP-DL-494D52343C-P006	4	IMP-DL-494D52343C-P006;IMP-DL-57AE2A96C2-P006;IMP-M3-53FA653D33-P006;IMP-M3-A9D1475E81-P006	Downloads/theory-of-commutative-algebra-7 - Copy.tex;Downloads/theory-of-commutative-algebra-7.tex;MATH_ALLS-3/theory-of-commutative-algebra-7 - Copy.tex;MATH_ALLS-3/theory-of-commutative-algebra-7.tex	Downloads;MATH_ALLS-3	WORKED_EXAMPLE	1			NO	NEEDS_EDITORIAL_REVIEW
885fb79e0c9805dd81cc7c4e8f80eed5a144181b16d523f893fda54f6781beb0	SEM-885FB79E0C98	IMP-DL-31FF76D7B8-P016	1	IMP-DL-31FF76D7B8-P016	Downloads/theory-of-algebraic-topology-16.tex	Downloads	WORKED_EXAMPLE				NO	NEEDS_EDITORIAL_REVIEW
886adc3ba9c3da5594c9a0a5f6241b766a52936dc06864df8aa521b7f82dd846	SEM-886ADC3BA9C3	IMP-DL-38CE6DEB56-P046	2	IMP-DL-38CE6DEB56-P046;IMP-M3-D19BB3C803-P046	Downloads/theory-of-commutative-algebra-14.tex;MATH_ALLS-3/theory-of-commutative-algebra-14.tex	Downloads;MATH_ALLS-3	EXERCISE	14	IMP-DL-38CE6DEB56-S014;IMP-M3-D19BB3C803-S014		YES	NEEDS_EDITORIAL_REVIEW
887b100d0136f4b9e44cee9fe19b4508c250c4df2a3c17c1957680bc1f72448a	SEM-887B100D0136	IMP-DL-14663C23F1-PSR001722-887B100D	2	IMP-DL-14663C23F1-PSR001722-887B100D;IMP-M2-155017A9AF-PSR001722-887B100D	Downloads/theory-of-geometry-III.tex;MATH-ALLS-2/theory-of-geometry-III.tex	Downloads;MATH-ALLS-2	PROBLEM	8			NO	NEEDS_EDITORIAL_REVIEW
88961be200aeb15f03859aea6d6391f4088b028ed650123c321995a3e3ca3784	SEM-88961BE200AE	IMP-DL-4DEBE28720-P037	2	IMP-DL-4DEBE28720-P037;IMP-M3-8E395763C8-P037	Downloads/theory-of-commutative-algebra-13.tex;MATH_ALLS-3/theory-of-commutative-algebra-13.tex	Downloads;MATH_ALLS-3	WORKED_EXAMPLE				NO	NEEDS_EDITORIAL_REVIEW
889bf92f7e2859bc77d7c34c559534489dbb4d73e132888129711ef0c2fc54fd	SEM-889BF92F7E28	IMP-DL-A11279CC33-P017	2	IMP-DL-A11279CC33-P017;IMP-M3-73E0197CF3-P017	Downloads/theory-of-commutative-algebra-6.tex;MATH_ALLS-3/theory-of-commutative-algebra-6.tex	Downloads;MATH_ALLS-3	WORKED_EXAMPLE				NO	NEEDS_EDITORIAL_REVIEW
88d7df89aae0d6ecae6f9482ae55e3b5350c7a875d5efa2f862ee30cf0abfc99	SEM-88D7DF89AAE0	IMP-DL-3C59D9EE8B-P097	2	IMP-DL-3C59D9EE8B-P097;IMP-M3-D1A916E0DD-P097	Downloads/theory-of-commutative-algebra-5-professional-v2.tex;MATH_ALLS-3/theory-of-commutative-algebra-5-professional-v2.tex	Downloads;MATH_ALLS-3	PROBLEM_ITEM				NO	NEEDS_EDITORIAL_REVIEW
88e68fde790590424c56417378194c126c8fe4b1d6641324966b5fec652ba7dd	SEM-88E68FDE7905	IMP-DL-2370D81D66-P022	2	IMP-DL-2370D81D66-P022;IMP-M2-D036BAB254-P022	Downloads/theory-of-analysis-FD.tex;MATH-ALLS-2/theory-of-analysis-FD.tex	Downloads;MATH-ALLS-2	EXERCISE_ITEM				NO	NEEDS_EDITORIAL_REVIEW
89077f534e95204daa9010f4f552529cef3ce9611e284945335ad31b2d3bd3ec	SEM-89077F534E95	IMP-DL-31FF76D7B8-P001	1	IMP-DL-31FF76D7B8-P001	Downloads/theory-of-algebraic-topology-16.tex	Downloads	WORKED_EXAMPLE	1			NO	NEEDS_EDITORIAL_REVIEW
89217ca23242ee1fc837c264e63532dc57c032009b7bd5a65c3681d687ad237b	SEM-89217CA23242	IMP-DL-98972A6B93-P030	2	IMP-DL-98972A6B93-P030;IMP-M2-355EA0996F-P030	Downloads/theory-of-geometry-II.tex;MATH-ALLS-2/theory-of-geometry-II.tex	Downloads;MATH-ALLS-2	PROBLEM_ITEM				NO	NEEDS_EDITORIAL_REVIEW
8947b3369b0203b2897dea8586af6ca6569f2171df8087921d54ebd489312f83	SEM-8947B3369B02	IMP-DL-D2CF6ADC46-R001357-8947B336	1	IMP-DL-D2CF6ADC46-R001357-8947B336	Downloads/theory-of-commutative-algebra-16.tex	Downloads	EXAMPLE				NO	NEEDS_EDITORIAL_REVIEW
89514215aecbdc4f0b70eed012547c4d51639276cebfa3c53e85b2388adde927	SEM-89514215AECB	IMP-DL-0EB9CBD958-P028	2	IMP-DL-0EB9CBD958-P028;IMP-M2-F4C85D52DC-P028	Downloads/theory-of-geometry.tex;MATH-ALLS-2/theory-of-geometry.tex	Downloads;MATH-ALLS-2	PROBLEM_ITEM				NO	NEEDS_EDITORIAL_REVIEW
8959d262a319f636501c5a7e0dba0149e791332a1b30e35b85fccefe63ec3db3	SEM-8959D262A319	IMP-DL-535B6F59C6-SPR001812-8959D262	2	IMP-DL-535B6F59C6-SPR001812-8959D262;IMP-M3-0753B8F46B-SPR001812-8959D262	Downloads/theory-of-commutative-algebra-4.tex;MATH_ALLS-3/theory-of-commutative-algebra-4.tex	Downloads;MATH_ALLS-3	EXAMPLE	4.			NO	NEEDS_EDITORIAL_REVIEW
89744f3dfce46a3ccbca25bd173b648556cbe0ddb67972145f0a01b7cebecce6	SEM-89744F3DFCE4	IMP-DL-E12021E60A-P029	1	IMP-DL-E12021E60A-P029	Downloads/theory-of-algebraic-topology-17.tex	Downloads	WORKED_EXAMPLE	2.3			NO	NEEDS_EDITORIAL_REVIEW
89852aacd4baa847d4fb60f9114c3d60ae988bd3caf5be4e6336ad3b2dd016ca	SEM-89852AACD4BA	IMP-DL-183AD43C4C-R001740-89852AAC	4	IMP-DL-183AD43C4C-R001740-89852AAC;IMP-DL-20E278E436-R001682-89852AAC;IMP-M2-1895C43FC6-R001740-89852AAC;IMP-M2-50B0B212DD-R001682-89852AAC	Downloads/merged_exercises_FULL_v2 (1).tex;Downloads/theory-of-real-analysis.tex;MATH-ALLS-2/merged_exercises_FULL_v2 (1).tex;MATH-ALLS-2/theory-of-real-analysis.tex	Downloads;MATH-ALLS-2	EXERCISE	7.2	IMP-DL-183AD43C4C-S041;IMP-DL-20E278E436-S041;IMP-M2-1895C43FC6-S041;IMP-M2-50B0B212DD-S041		YES	NEEDS_EDITORIAL_REVIEW
89bb97e281532c8385a7f7104879a8e01f4325e317eace081982fe92276c178c	SEM-89BB97E28153	IMP-DL-D6E9B3BC73-P026	2	IMP-DL-D6E9B3BC73-P026;IMP-M3-422B74F85F-P026	Downloads/theory-of-algebraic-topology-1.tex;MATH_ALLS-3/theory-of-algebraic-topology-1.tex	Downloads;MATH_ALLS-3	WORKED_EXAMPLE	5.			NO	NEEDS_EDITORIAL_REVIEW
89e0eadb0cf2939dd91cbb12371134ae9bb06f1a33aecfb62210dbd023cf72a8	SEM-89E0EADB0CF2	IMP-DL-D27460A55B-SPR004041-89E0EADB	1	IMP-DL-D27460A55B-SPR004041-89E0EADB	Downloads/theory-of-algebraic-geometry-5.tex	Downloads	EXAMPLE	8			NO	NEEDS_EDITORIAL_REVIEW
89ff78db50f72daccd33d94166fb36468b769ee9416598a7207824953b7adfeb	SEM-89FF78DB50F7	IMP-DL-724FD8B7B1-SPR005011-89FF78DB	2	IMP-DL-724FD8B7B1-SPR005011-89FF78DB;IMP-M3-51E6A44D55-SPR005011-89FF78DB	Downloads/theory-of-commutative-algebra-1.tex;MATH_ALLS-3/theory-of-commutative-algebra-1.tex	Downloads;MATH_ALLS-3	EXAMPLE	4.			NO	NEEDS_EDITORIAL_REVIEW
8a1eff7c97881cd950f6bee88497513d542f1c099a7eeb9a40879a0bf9658099	SEM-8A1EFF7C9788	IMP-DL-2370D81D66-P042	2	IMP-DL-2370D81D66-P042;IMP-M2-D036BAB254-P042	Downloads/theory-of-analysis-FD.tex;MATH-ALLS-2/theory-of-analysis-FD.tex	Downloads;MATH-ALLS-2	EXERCISE_ITEM				NO	NEEDS_EDITORIAL_REVIEW
8a31d1a75c1cf7e71671e8d17150bdfbaedc0df33725ffce8efa8576b3da3ca8	SEM-8A31D1A75C1C	IMP-DL-18BC6F795C-P016	1	IMP-DL-18BC6F795C-P016	Downloads/theory-of-algebraic-topology-9.tex	Downloads	WORKED_EXAMPLE				NO	NEEDS_EDITORIAL_REVIEW
8a400cb0b9162c5e88b8c3faa7b9e9ce2a409de6c8960ebfe9ed1ef94167d73e	SEM-8A400CB0B916	IMP-DL-35223EB1F7-R002650-8A400CB0	1	IMP-DL-35223EB1F7-R002650-8A400CB0	Downloads/theory-of-algebraic-topology-6.tex	Downloads	PROBLEM	9			NO	NEEDS_EDITORIAL_REVIEW
8a6c9f110ef006aa88da487a744a1148cc49fd3efaf7439fc3c829776c2a1fa6	SEM-8A6C9F110EF0	IMP-DL-316AE183C3-P066	2	IMP-DL-316AE183C3-P066;IMP-M2-303BB87ACE-P066	Downloads/theory-of-analysis-functions.tex;MATH-ALLS-2/theory-of-analysis-functions.tex	Downloads;MATH-ALLS-2	EXERCISE_ITEM				NO	NEEDS_EDITORIAL_REVIEW
8a6ed3d9838a83b0ba4fecdaeb9ccaf40826df8820a33933654619ea45d1cac7	SEM-8A6ED3D9838A	IMP-DL-3CA1CB77F7-P032	4	IMP-DL-3CA1CB77F7-P032;IMP-DL-3CA1CB77F7-R004111-8A6ED3D9;IMP-M2-F08D4144EA-P032;IMP-M2-F08D4144EA-R004111-8A6ED3D9	Downloads/theory-of-analysis-numbers.tex;MATH-ALLS-2/theory-of-analysis-numbers.tex	Downloads;MATH-ALLS-2	EXAMPLE;WORKED_EXAMPLE				NO	NEEDS_EDITORIAL_REVIEW
8a7cee50744442e7969538f64ec7481959cd0e4ea7fa90799c166e2700f95343	SEM-8A7CEE507444	IMP-DL-EAE0F59552-P008	2	IMP-DL-EAE0F59552-P008;IMP-M2-7EA9DA1D72-P008	Downloads/theory-of-analysis-topology.tex;MATH-ALLS-2/theory-of-analysis-topology.tex	Downloads;MATH-ALLS-2	PROBLEM	6			NO	NEEDS_EDITORIAL_REVIEW
8a7d8716e11068e372b96243be3a473aec55f91f17917e9c40393088e06bac1b	SEM-8A7D8716E110	IMP-DL-18BC6F795C-P009	1	IMP-DL-18BC6F795C-P009	Downloads/theory-of-algebraic-topology-9.tex	Downloads	WORKED_EXAMPLE	8			NO	NEEDS_EDITORIAL_REVIEW
8a893d9da8fcf9c5ddd496efbd1717383ec6bf5de316a1f4f6ae7fa4a5a1d87c	SEM-8A893D9DA8FC	IMP-DL-A11279CC33-P027	2	IMP-DL-A11279CC33-P027;IMP-M3-73E0197CF3-P027	Downloads/theory-of-commutative-algebra-6.tex;MATH_ALLS-3/theory-of-commutative-algebra-6.tex	Downloads;MATH_ALLS-3	WORKED_EXAMPLE				NO	NEEDS_EDITORIAL_REVIEW
8aad2d5b565850864bb88ad8cd016aa49ada576f3c0f434956fc51347c3ff123	SEM-8AAD2D5B5658	IMP-DL-E4D9F7AB6B-PSR002969-8AAD2D5B	1	IMP-DL-E4D9F7AB6B-PSR002969-8AAD2D5B	Downloads/theory-of-algebraic-topology-13.tex	Downloads	PROBLEM	5.			NO	NEEDS_EDITORIAL_REVIEW
8ab5a70d5fec110d3b93bcc4c6934409040d0ce52086e34c2a5ec4a4acf7c07d	SEM-8AB5A70D5FEC	IMP-DL-3C59D9EE8B-P028	2	IMP-DL-3C59D9EE8B-P028;IMP-M3-D1A916E0DD-P028	Downloads/theory-of-commutative-algebra-5-professional-v2.tex;MATH_ALLS-3/theory-of-commutative-algebra-5-professional-v2.tex	Downloads;MATH_ALLS-3	PROBLEM_ITEM				NO	NEEDS_EDITORIAL_REVIEW
8acb84f900ae11b1f925ab4631e3ac7005ef1383e13fbd67ce15fb4b5cc75bd0	SEM-8ACB84F900AE	IMP-DL-0EB9CBD958-P082	2	IMP-DL-0EB9CBD958-P082;IMP-M2-F4C85D52DC-P082	Downloads/theory-of-geometry.tex;MATH-ALLS-2/theory-of-geometry.tex	Downloads;MATH-ALLS-2	PROBLEM	1			NO	NEEDS_EDITORIAL_REVIEW
8ae402b9c13af90eac011b356cb7c6d333025cbca6241018b8c25139dc7d0cf9	SEM-8AE402B9C13A	IMP-DL-E12021E60A-P031	1	IMP-DL-E12021E60A-P031	Downloads/theory-of-algebraic-topology-17.tex	Downloads	WORKED_EXAMPLE	3.1			NO	NEEDS_EDITORIAL_REVIEW
8af325c12e89c3173cf9931cf207b1bab229b69ff11ad4f882292657fa9dde1e	SEM-8AF325C12E89	IMP-DL-873C6F4098-P073	2	IMP-DL-873C6F4098-P073;IMP-M2-CFC28ED568-P073	Downloads/theory-of-analysis-II.tex;MATH-ALLS-2/theory-of-analysis-II.tex	Downloads;MATH-ALLS-2	PROBLEM	7.			NO	NEEDS_EDITORIAL_REVIEW
8b0994e3097409dbbd444f99c5305829a8f610eff75e3f238399845e5ba1ca24	SEM-8B0994E30974	IMP-DL-38CE6DEB56-P012	2	IMP-DL-38CE6DEB56-P012;IMP-M3-D19BB3C803-P012	Downloads/theory-of-commutative-algebra-14.tex;MATH_ALLS-3/theory-of-commutative-algebra-14.tex	Downloads;MATH_ALLS-3	WORKED_EXAMPLE	9			NO	NEEDS_EDITORIAL_REVIEW
8b54484cc995792e79510589d902ce0d9cd0be84666f7ee37b116f892778aa70	SEM-8B54484CC995	IMP-DL-38CE6DEB56-P019	2	IMP-DL-38CE6DEB56-P019;IMP-M3-D19BB3C803-P019	Downloads/theory-of-commutative-algebra-14.tex;MATH_ALLS-3/theory-of-commutative-algebra-14.tex	Downloads;MATH_ALLS-3	WORKED_EXAMPLE	16			NO	NEEDS_EDITORIAL_REVIEW
8b584b77c4175ce2896fe43e035722723272f388e4ea397890df4947c171710f	SEM-8B584B77C417	IMP-DL-A5CEE6E541-PSR004539-8B584B77	1	IMP-DL-A5CEE6E541-PSR004539-8B584B77	Downloads/theory-of-algebraic-geometry-8.tex	Downloads	EXAMPLE				NO	NEEDS_EDITORIAL_REVIEW
8b612451afc4501c19bf4a34d2b5dda5fb9d49119c9ca684a9a91569fed86c2e	SEM-8B612451AFC4	IMP-DL-2370D81D66-P045	2	IMP-DL-2370D81D66-P045;IMP-M2-D036BAB254-P045	Downloads/theory-of-analysis-FD.tex;MATH-ALLS-2/theory-of-analysis-FD.tex	Downloads;MATH-ALLS-2	EXERCISE_ITEM				NO	NEEDS_EDITORIAL_REVIEW
8b71279faf45340b911e3bd3e1f0f3f2dafc8d790df79a2e737bb19e00a206e8	SEM-8B71279FAF45	IMP-DL-CB3C80FF97-P039	2	IMP-DL-CB3C80FF97-P039;IMP-M2-7B5A4788C1-P039	Downloads/theory-of-complex-analysis-topology.tex;MATH-ALLS-2/theory-of-complex-analysis-topology.tex	Downloads;MATH-ALLS-2	PROBLEM_ITEM				NO	NEEDS_EDITORIAL_REVIEW
8b86dca0dd202dda6916fe8c515705c0f073693db6f0bfb642604983cca24dd8	SEM-8B86DCA0DD20	IMP-DL-E532B44856-P011	2	IMP-DL-E532B44856-P011;IMP-M2-C037D998D4-P011	Downloads/theory-of-analysis-functions-II.tex;MATH-ALLS-2/theory-of-analysis-functions-II.tex	Downloads;MATH-ALLS-2	EXERCISE	11			NO	NEEDS_EDITORIAL_REVIEW
8b951dd1f12c41236e29443abc4d0cf2d8755608affe82d520ad41ccc1def01c	SEM-8B951DD1F12C	IMP-DL-0A181AC273-P026	4	IMP-DL-0A181AC273-P026;IMP-DL-AD9EFCAF62-P002;IMP-M2-79778E004E-P002;IMP-M2-80AFB5AE64-P026	Downloads/theory-of-complex-analysis-2.tex;Downloads/theory-of-complex-analysis.tex;MATH-ALLS-2/theory-of-complex-analysis-2.tex;MATH-ALLS-2/theory-of-complex-analysis.tex	Downloads;MATH-ALLS-2	PROBLEM	2.			NO	NEEDS_EDITORIAL_REVIEW
8ba7c831cdd693d4a51c6a0d89424e153ef030390cc4b5b66fc2fd10e2fb0c0a	SEM-8BA7C831CDD6	IMP-DL-724FD8B7B1-P004	2	IMP-DL-724FD8B7B1-P004;IMP-M3-51E6A44D55-P004	Downloads/theory-of-commutative-algebra-1.tex;MATH_ALLS-3/theory-of-commutative-algebra-1.tex	Downloads;MATH_ALLS-3	PROBLEM	5	IMP-DL-724FD8B7B1-S004;IMP-M3-51E6A44D55-S004		YES	NEEDS_EDITORIAL_REVIEW
8baa67c054ab9d549b3cce2e358672f31bf931d23a0b5c01075f61759fbbc8ab	SEM-8BAA67C054AB	IMP-DL-873C6F4098-P095	2	IMP-DL-873C6F4098-P095;IMP-M2-CFC28ED568-P095	Downloads/theory-of-analysis-II.tex;MATH-ALLS-2/theory-of-analysis-II.tex	Downloads;MATH-ALLS-2	WORKED_EXAMPLE				NO	NEEDS_EDITORIAL_REVIEW
8bb02a8e7bfa3a34d0358ed5aeb7bdebb06a6dacb70f814888c5f18498844854	SEM-8BB02A8E7BFA	IMP-DL-18BC6F795C-P033	1	IMP-DL-18BC6F795C-P033	Downloads/theory-of-algebraic-topology-9.tex	Downloads	WORKED_EXAMPLE	15			NO	NEEDS_EDITORIAL_REVIEW
8bbba0f3f2912fbf732cda5b39263dfb8c9698ee378f5933d433fba2cc8afb80	SEM-8BBBA0F3F291	IMP-DL-721195CCB5-PSR001753-8BBBA0F3	1	IMP-DL-721195CCB5-PSR001753-8BBBA0F3	Downloads/theory-of-algebraic-geometry-11.tex	Downloads	PROBLEM	6			NO	NEEDS_EDITORIAL_REVIEW
8bce57869db793d7e351905bb1735ab86c80d06b3d3fed98da8ab443d95df302	SEM-8BCE57869DB7	IMP-DL-E88547CF67-P029	2	IMP-DL-E88547CF67-P029;IMP-M2-80D8AED0FF-P029	Downloads/theory-of-geometry-3.tex;MATH-ALLS-2/theory-of-geometry-3.tex	Downloads;MATH-ALLS-2	PROBLEM_ITEM				NO	NEEDS_EDITORIAL_REVIEW
8bf8a7ddc4c7f8bb70501902e8e7790bc504f75d119ee04f6fb3c7a3c9f36640	SEM-8BF8A7DDC4C7	IMP-DL-3E276561C4-P025	2	IMP-DL-3E276561C4-P025;IMP-M3-AB2FCA292B-P025	Downloads/theory-of-linear-algebra-1.tex;MATH_ALLS-3/theory-of-linear-algebra-1.tex	Downloads;MATH_ALLS-3	PROBLEM	7	IMP-DL-3E276561C4-S031;IMP-M3-AB2FCA292B-S031		YES	NEEDS_EDITORIAL_REVIEW
8bff6914b64449b8b0ca1b9459322e2ad8cf6f069fb18da464952c328728d707	SEM-8BFF6914B644	IMP-DL-EAE0F59552-P001	2	IMP-DL-EAE0F59552-P001;IMP-M2-7EA9DA1D72-P001	Downloads/theory-of-analysis-topology.tex;MATH-ALLS-2/theory-of-analysis-topology.tex	Downloads;MATH-ALLS-2	PROBLEM		IMP-DL-EAE0F59552-S001;IMP-M2-7EA9DA1D72-S001		YES	NEEDS_EDITORIAL_REVIEW
8c0a7f7f58ef89a3335c1328f9ec6257bb1aad41a4d56e07a250ea3d9adba194	SEM-8C0A7F7F58EF	IMP-DL-2E134BF207-P031	1	IMP-DL-2E134BF207-P031	Downloads/theory-of-algebraic-topology-5.tex	Downloads	PROBLEM_ITEM				NO	NEEDS_EDITORIAL_REVIEW
8c10c0365ac162baa33a2b365bba430ac7a8a9ac2c038dfaea4a46360f2414d3	SEM-8C10C0365AC1	IMP-DL-0EB9CBD958-PSR005095-8C10C036	2	IMP-DL-0EB9CBD958-PSR005095-8C10C036;IMP-M2-F4C85D52DC-PSR005095-8C10C036	Downloads/theory-of-geometry.tex;MATH-ALLS-2/theory-of-geometry.tex	Downloads;MATH-ALLS-2	PROBLEM	2			NO	NEEDS_EDITORIAL_REVIEW
8c12cc7555e5c600275ee170dfc9afad6be844d06ad98ece8bc0a71757bb92a0	SEM-8C12CC7555E5	IMP-DL-0E3E7EC766-P008	2	IMP-DL-0E3E7EC766-P008;IMP-DL-0E3E7EC766-R002788-8C12CC75	Downloads/theory-of-algebraic-geometry-1.tex	Downloads	EXERCISE				NO	NEEDS_EDITORIAL_REVIEW
8c17fb4ca3a6d96536f977773aad26b3d849f341be8b10d7ddb91e5f6b9fce11	SEM-8C17FB4CA3A6	IMP-DL-873C6F4098-P070	2	IMP-DL-873C6F4098-P070;IMP-M2-CFC28ED568-P070	Downloads/theory-of-analysis-II.tex;MATH-ALLS-2/theory-of-analysis-II.tex	Downloads;MATH-ALLS-2	PROBLEM_ITEM				NO	NEEDS_EDITORIAL_REVIEW
8c260209de15e9fb28a2ea412bc685131888da6bee9842f817ffbea877ba7a86	SEM-8C260209DE15	IMP-DL-A978FB3162-P012	1	IMP-DL-A978FB3162-P012	Downloads/theory-of-algebraic-topology-4.tex	Downloads	WORKED_EXAMPLE	1			NO	NEEDS_EDITORIAL_REVIEW
8c5ef39a175a34ff7575af6048817f3125d7edc6cad4660fcbb3a640e1602f9b	SEM-8C5EF39A175A	IMP-DL-35223EB1F7-R003020-8C5EF39A	1	IMP-DL-35223EB1F7-R003020-8C5EF39A	Downloads/theory-of-algebraic-topology-6.tex	Downloads	EXAMPLE	5			NO	NEEDS_EDITORIAL_REVIEW
8cb23ced622c52939b3acb4fabbdafdb92c5522ab5e5c1a5d1a09677f50a6647	SEM-8CB23CED622C	IMP-DL-38CE6DEB56-P038	2	IMP-DL-38CE6DEB56-P038;IMP-M3-D19BB3C803-P038	Downloads/theory-of-commutative-algebra-14.tex;MATH_ALLS-3/theory-of-commutative-algebra-14.tex	Downloads;MATH_ALLS-3	EXERCISE	6	IMP-DL-38CE6DEB56-S006;IMP-M3-D19BB3C803-S006		YES	NEEDS_EDITORIAL_REVIEW
8cb501198e416f3422132d998f72ef65c4547abf0858be045765bed5872868cf	SEM-8CB501198E41	IMP-DL-117191C0EC-P023	2	IMP-DL-117191C0EC-P023;IMP-M2-40A546CAA2-P023	Downloads/theory-of-analysis-topics.tex;MATH-ALLS-2/theory-of-analysis-topics.tex	Downloads;MATH-ALLS-2	PROBLEM	5			NO	NEEDS_EDITORIAL_REVIEW
8cf361422910915c4e5ae04d7dd5a4f516cc4b8b08690c1b6499251a65dc81e8	SEM-8CF361422910	IMP-DL-C78B44C750-P008	2	IMP-DL-C78B44C750-P008;IMP-M2-48626BD8F1-P008	Downloads/wiki-green.tex;MATH-ALLS-2/wiki-green.tex	Downloads;MATH-ALLS-2	WORKED_EXAMPLE				NO	NEEDS_EDITORIAL_REVIEW
8cf4dd0461ed8b99fa4fb450ab769a6254cbc56666d104a6cb5adcf0981f7a30	SEM-8CF4DD0461ED	IMP-DL-D148B51FB7-P036	2	IMP-DL-D148B51FB7-P036;IMP-M3-5A5277EBFB-P036	Downloads/theory-of-differential-geometry-4.tex;MATH_ALLS-3/theory-of-differential-geometry-4.tex	Downloads;MATH_ALLS-3	PROBLEM	7	IMP-DL-D148B51FB7-S030;IMP-M3-5A5277EBFB-S030		YES	NEEDS_EDITORIAL_REVIEW
8cfac83c03ca2314528f8289e7f5236df74293a19ea9e18474a82e1edd44371c	SEM-8CFAC83C03CA	IMP-DL-6B513C0C2F-PSR002377-8CFAC83C	1	IMP-DL-6B513C0C2F-PSR002377-8CFAC83C	Downloads/theory-of-algebraic-geometry-10.tex	Downloads	EXAMPLE	7			NO	NEEDS_EDITORIAL_REVIEW
8d04f0cadf26529327795365bdce1d2dece0254878b42e033f9719d20cb4e4da	SEM-8D04F0CADF26	IMP-DL-0AC5ADA26C-P019	1	IMP-DL-0AC5ADA26C-P019	Downloads/theory-of-algebraic-topology-8.tex	Downloads	WORKED_EXAMPLE				NO	NEEDS_EDITORIAL_REVIEW
8d05c8684eda28b03299d3bf0ddb94078ec76e67e82907be74b39a443e88f7f4	SEM-8D05C8684EDA	IMP-DL-31FF76D7B8-PSR003777-8D05C868	1	IMP-DL-31FF76D7B8-PSR003777-8D05C868	Downloads/theory-of-algebraic-topology-16.tex	Downloads	EXAMPLE				NO	NEEDS_EDITORIAL_REVIEW
8d25973177c7db119a997463c5362c6efcf8151daaf1f9b63926a34d2dbae381	SEM-8D25973177C7	IMP-DL-0E3E7EC766-R002547-8D259731	1	IMP-DL-0E3E7EC766-R002547-8D259731	Downloads/theory-of-algebraic-geometry-1.tex	Downloads	EXAMPLE	10			NO	NEEDS_EDITORIAL_REVIEW
8d42d95486547d2d90ec139b19e72bd3e1050520dfdd324f240f15f754b5f53f	SEM-8D42D9548654	IMP-DL-D27460A55B-SPR004197-8D42D954	1	IMP-DL-D27460A55B-SPR004197-8D42D954	Downloads/theory-of-algebraic-geometry-5.tex	Downloads	EXAMPLE	14			NO	NEEDS_EDITORIAL_REVIEW
8d5236534464443371159760df650a39b32c02398bfb9e3ce26cf103849e99df	SEM-8D5236534464	IMP-DL-8016517B0A-P024	3	IMP-DL-8016517B0A-P024;IMP-M2-2B58694CBF-P024;IMP-M3-911366A7C5-P024	Downloads/theory-of-differential-geometry-1.tex;MATH-ALLS-2/theory-of-differential-geometry-1.tex;MATH_ALLS-3/theory-of-differential-geometry-1.tex	Downloads;MATH-ALLS-2;MATH_ALLS-3	PROBLEM	1			NO	NEEDS_EDITORIAL_REVIEW
8d676f3bb58d408603aec9902aa40f85bfe5b14dd3d1b48803db077968f6a5f8	SEM-8D676F3BB58D	IMP-DL-3CA1CB77F7-P046	4	IMP-DL-3CA1CB77F7-P046;IMP-DL-3CA1CB77F7-R005100-8D676F3B;IMP-M2-F08D4144EA-P046;IMP-M2-F08D4144EA-R005100-8D676F3B	Downloads/theory-of-analysis-numbers.tex;MATH-ALLS-2/theory-of-analysis-numbers.tex	Downloads;MATH-ALLS-2	EXERCISE		IMP-DL-3CA1CB77F7-S022;IMP-M2-F08D4144EA-S022		YES	NEEDS_EDITORIAL_REVIEW
8d759beadd75f47312996e39f2077c0f4db4851c4fd6398d6a7ac92487dd0ab2	SEM-8D759BEADD75	IMP-DL-1608308E70-P003	1	IMP-DL-1608308E70-P003	Downloads/theory-of-algebraic-topology-14.tex	Downloads	WORKED_EXAMPLE				NO	NEEDS_EDITORIAL_REVIEW
8d77d5c80c4870191954a418c0969b1f586aaa4129cd636fa288843e288f718e	SEM-8D77D5C80C48	IMP-DL-D27460A55B-SPR003779-8D77D5C8	1	IMP-DL-D27460A55B-SPR003779-8D77D5C8	Downloads/theory-of-algebraic-geometry-5.tex	Downloads	EXAMPLE	1			NO	NEEDS_EDITORIAL_REVIEW
8d8058f930c34088f182e795a1725ee59acec4765cc587330f9a21217e2195a0	SEM-8D8058F930C3	IMP-DL-873C6F4098-P008	2	IMP-DL-873C6F4098-P008;IMP-M2-CFC28ED568-P008	Downloads/theory-of-analysis-II.tex;MATH-ALLS-2/theory-of-analysis-II.tex	Downloads;MATH-ALLS-2	PROBLEM	7	IMP-DL-873C6F4098-S002;IMP-M2-CFC28ED568-S002		YES	NEEDS_EDITORIAL_REVIEW
8d81f5a70fea6d150619bd43b996de84be90ce59699b450d185de7785c66e327	SEM-8D81F5A70FEA	IMP-DL-3190BA882C-P035	1	IMP-DL-3190BA882C-P035	Downloads/theory-of-commutative-algebra-15.tex	Downloads	WORKED_EXAMPLE				NO	NEEDS_EDITORIAL_REVIEW
8dad281262d2d97f20a0005ed480a1e02338bb919bfe83aa845a92e27b837890	SEM-8DAD281262D2	IMP-DL-592BD0798C-P047	2	IMP-DL-592BD0798C-P047;IMP-M3-1FB8799CDC-P047	Downloads/theory-of-commutative-algebra-8.tex;MATH_ALLS-3/theory-of-commutative-algebra-8.tex	Downloads;MATH_ALLS-3	WORKED_EXAMPLE	2			NO	NEEDS_EDITORIAL_REVIEW
8dcc15d86544b34d1a08c9f8615bf823848ebfaef51a1fb2e683b44091f3664f	SEM-8DCC15D86544	IMP-DL-A99C7658F3-PSR002952-8DCC15D8	1	IMP-DL-A99C7658F3-PSR002952-8DCC15D8	Downloads/theory-of-algebraic-geometry-2.tex	Downloads	EXAMPLE				NO	NEEDS_EDITORIAL_REVIEW
8dce038759e48f4ceffc414b3800f722b7a8fb2c757f43565bb7fc43b9150d9e	SEM-8DCE038759E4	IMP-DL-0EB9CBD958-P076	2	IMP-DL-0EB9CBD958-P076;IMP-M2-F4C85D52DC-P076	Downloads/theory-of-geometry.tex;MATH-ALLS-2/theory-of-geometry.tex	Downloads;MATH-ALLS-2	PROBLEM_ITEM		IMP-DL-0EB9CBD958-S016;IMP-DL-0EB9CBD958-S017;IMP-M2-F4C85D52DC-S016;IMP-M2-F4C85D52DC-S017		YES	NEEDS_EDITORIAL_REVIEW
8de3701b2bef86cc10079d99483df7c74278556acada44adecd3300587002cfc	SEM-8DE3701B2BEF	IMP-DL-8016517B0A-P008	3	IMP-DL-8016517B0A-P008;IMP-M2-2B58694CBF-P008;IMP-M3-911366A7C5-P008	Downloads/theory-of-differential-geometry-1.tex;MATH-ALLS-2/theory-of-differential-geometry-1.tex;MATH_ALLS-3/theory-of-differential-geometry-1.tex	Downloads;MATH-ALLS-2;MATH_ALLS-3	PROBLEM_ITEM	Maximal atlas $\mathcal A_{\max}$			NO	NEEDS_EDITORIAL_REVIEW
8df2b81b449e348895bfd4d04cc26c58b25f409d580ab3de11a3437dd567ab08	SEM-8DF2B81B449E	IMP-DL-3C59D9EE8B-P055	2	IMP-DL-3C59D9EE8B-P055;IMP-M3-D1A916E0DD-P055	Downloads/theory-of-commutative-algebra-5-professional-v2.tex;MATH_ALLS-3/theory-of-commutative-algebra-5-professional-v2.tex	Downloads;MATH_ALLS-3	PROBLEM_ITEM				NO	NEEDS_EDITORIAL_REVIEW
8df3762e75bb8dd5f1b8b462bbc09890c130ed4eae2f4ed1e3a5e81cb8da0a47	SEM-8DF3762E75BB	IMP-DL-2E134BF207-P032	1	IMP-DL-2E134BF207-P032	Downloads/theory-of-algebraic-topology-5.tex	Downloads	PROBLEM_ITEM				NO	NEEDS_EDITORIAL_REVIEW
8e0528bb9da21bf0852d3a7aeecd91d475a4417569fccd952f9fde372dac1197	SEM-8E0528BB9DA2	IMP-DL-D4351A3BBD-P017	2	IMP-DL-D4351A3BBD-P017;IMP-M2-721AD91C7F-P017	Downloads/theory-of-geometry-IV.tex;MATH-ALLS-2/theory-of-geometry-IV.tex	Downloads;MATH-ALLS-2	PROBLEM_ITEM				NO	NEEDS_EDITORIAL_REVIEW
8e18071ae71fe1513772a532b637aa6f6f24d7796dc35643301850557fabfbfb	SEM-8E18071AE71F	IMP-DL-721195CCB5-PSR004019-8E18071A	1	IMP-DL-721195CCB5-PSR004019-8E18071A	Downloads/theory-of-algebraic-geometry-11.tex	Downloads	EXAMPLE	1			NO	NEEDS_EDITORIAL_REVIEW
8e295f9aaaca79cd09a8ed0871d3b043040a7252a74885ec3688e84078f67e95	SEM-8E295F9AAACA	IMP-DL-3190BA882C-P020	2	IMP-DL-3190BA882C-P020;IMP-M3-CABB372599-P020	Downloads/theory-of-commutative-algebra-15.tex;MATH_ALLS-3/theory-of-commutative-algebra-15.tex	Downloads;MATH_ALLS-3	WORKED_EXAMPLE				NO	NEEDS_EDITORIAL_REVIEW
8e320ea37d268423207b686abb19337344f1fa6d42eed2236750df4a2c9cc707	SEM-8E320EA37D26	IMP-DL-316AE183C3-P062	2	IMP-DL-316AE183C3-P062;IMP-M2-303BB87ACE-P062	Downloads/theory-of-analysis-functions.tex;MATH-ALLS-2/theory-of-analysis-functions.tex	Downloads;MATH-ALLS-2	EXERCISE_ITEM				NO	NEEDS_EDITORIAL_REVIEW
8e37a6b6cf08f5c5e89e2bf16fc33a1471d9e5808598adc2ee44bda6472b6136	SEM-8E37A6B6CF08	IMP-DL-B7E3C22557-SPR000682-8E37A6B6	1	IMP-DL-B7E3C22557-SPR000682-8E37A6B6	Downloads/theory-of-algebraic-geometry-6.tex	Downloads	PROBLEM				NO	NEEDS_EDITORIAL_REVIEW
8e42962687d497835fa56bbf3470bd5aaeb264ba41c446b103ed9d9258538ac2	SEM-8E42962687D4	IMP-DL-15679DEE8D-P015	12	IMP-DL-15679DEE8D-P015;IMP-DL-15679DEE8D-R002803-8E429626;IMP-DL-3CA1CB77F7-P015;IMP-DL-3CA1CB77F7-R002806-8E429626;IMP-DL-E0A96454A5-P015;IMP-DL-E0A96454A5-R002803-8E429626;IMP-M2-1D2863B81A-P015;IMP-M2-1D2863B81A-R002803-8E429626;IMP-M2-D47CB97304-P015;IMP-M2-D47CB97304-R002803-8E429626;IMP-M2-F08D4144EA-P015;IMP-M2-F08D4144EA-R002806-8E429626	Downloads/theory-of-analysis - Copy.tex;Downloads/theory-of-analysis-numbers.tex;Downloads/theory-of-analysis.tex;MATH-ALLS-2/theory-of-analysis - Copy.tex;MATH-ALLS-2/theory-of-analysis-numbers.tex;MATH-ALLS-2/theory-of-analysis.tex	Downloads;MATH-ALLS-2	EXAMPLE;WORKED_EXAMPLE				NO	NEEDS_EDITORIAL_REVIEW
8e42f9f86fa2f3de4f32d44fcf7f7e5133eac11f65ab006594c2d7e01d5f5dd4	SEM-8E42F9F86FA2	IMP-DL-721195CCB5-P002	1	IMP-DL-721195CCB5-P002	Downloads/theory-of-algebraic-geometry-11.tex	Downloads	WORKED_EXAMPLE	1			NO	NEEDS_EDITORIAL_REVIEW
8e55b7514800da552aebedb657dcf7aa1106f5bee438628a7a83729a78f2266b	SEM-8E55B7514800	IMP-DL-A11279CC33-P005	2	IMP-DL-A11279CC33-P005;IMP-M3-73E0197CF3-P005	Downloads/theory-of-commutative-algebra-6.tex;MATH_ALLS-3/theory-of-commutative-algebra-6.tex	Downloads;MATH_ALLS-3	WORKED_EXAMPLE				NO	NEEDS_EDITORIAL_REVIEW
8e79864da4e44f79991b54a42df67a2baacb06f9ec623f7a879f7515f4608904	SEM-8E79864DA4E4	IMP-DL-A470D9BACB-P019	2	IMP-DL-A470D9BACB-P019;IMP-M2-2850FB9A8A-P019	Downloads/theory-of-geometry-1.tex;MATH-ALLS-2/theory-of-geometry-1.tex	Downloads;MATH-ALLS-2	PROBLEM	10			NO	NEEDS_EDITORIAL_REVIEW
8e7f10b82508a79997888dc0d6606e6fd349bbdd5a733ec458cbfbac3755c6ef	SEM-8E7F10B82508	IMP-DL-12C1A20716-P014	1	IMP-DL-12C1A20716-P014	Downloads/theory-of-algebraic-topology-10.tex	Downloads	PROBLEM_ITEM				NO	NEEDS_EDITORIAL_REVIEW
8e8f4538b84cb1a265269c0f6879c03c01e73a0a947ac3b38c15a95437619c5a	SEM-8E8F4538B84C	IMP-DL-1068DBED71-P032	4	IMP-DL-1068DBED71-P032;IMP-DL-CAA415139D-P032;IMP-M3-F4E66B2919-P032;IMP-M3-FCB1647DD6-P032	Downloads/theory-of-commutative-algebra-10.tex;Downloads/theory-of-commutative-algebra-9.tex;MATH_ALLS-3/theory-of-commutative-algebra-10.tex;MATH_ALLS-3/theory-of-commutative-algebra-9.tex	Downloads;MATH_ALLS-3	WORKED_EXAMPLE	1			NO	NEEDS_EDITORIAL_REVIEW
8e9069d6b75c6e500cf5e76ec0e9695ae77974f5528c5428f22027d99d48abbc	SEM-8E9069D6B75C	IMP-DL-A978FB3162-P073	1	IMP-DL-A978FB3162-P073	Downloads/theory-of-algebraic-topology-4.tex	Downloads	WORKED_EXAMPLE	4			NO	NEEDS_EDITORIAL_REVIEW
8e90a76ee33667012c69d04fdb46d23992dcef5306bba4d17006f92bfb543547	SEM-8E90A76EE336	IMP-DL-2B81C66D0F-P008	1	IMP-DL-2B81C66D0F-P008	Downloads/theory-of-algebraic-topology-2.tex	Downloads	WORKED_EXAMPLE	2			NO	NEEDS_EDITORIAL_REVIEW
8f0ee1fb61fff0ffeb31ed7c08e258048e6f55d817092452b56399a22de55698	SEM-8F0EE1FB61FF	IMP-DL-2E134BF207-P021	1	IMP-DL-2E134BF207-P021	Downloads/theory-of-algebraic-topology-5.tex	Downloads	PROBLEM_ITEM				NO	NEEDS_EDITORIAL_REVIEW
8f1c3937c7826e672c70b915d2df0241ccd74cb9c9198fdfc35952ebe2e63e2e	SEM-8F1C3937C782	IMP-DL-E1F1BB4192-R005129-8F1C3937	2	IMP-DL-E1F1BB4192-R005129-8F1C3937;IMP-M3-0D398C7F27-R005129-8F1C3937	Downloads/theory-of-commutative-algebra-5.tex;MATH_ALLS-3/theory-of-commutative-algebra-5.tex	Downloads;MATH_ALLS-3	PROBLEM	16			NO	NEEDS_EDITORIAL_REVIEW
8f2878d6e86fa144b747b02bb543fc0a4eba9eb5e6ffcde7e45508e3a9595c53	SEM-8F2878D6E86F	IMP-DL-117191C0EC-P015	2	IMP-DL-117191C0EC-P015;IMP-M2-40A546CAA2-P015	Downloads/theory-of-analysis-topics.tex;MATH-ALLS-2/theory-of-analysis-topics.tex	Downloads;MATH-ALLS-2	PROBLEM	9	IMP-DL-117191C0EC-S008;IMP-M2-40A546CAA2-S008		YES	NEEDS_EDITORIAL_REVIEW
8f33c5b9935645532252a534bd6245a29a54abb6d33b9325ad2c07deb9736540	SEM-8F33C5B99356	IMP-DL-2B81C66D0F-P011	1	IMP-DL-2B81C66D0F-P011	Downloads/theory-of-algebraic-topology-2.tex	Downloads	WORKED_EXAMPLE	3			NO	NEEDS_EDITORIAL_REVIEW
8f46a2f90849f52757df19461a0916ca8ddcf9817aed03348aaf944a973a27e0	SEM-8F46A2F90849	IMP-DL-724FD8B7B1-P011	2	IMP-DL-724FD8B7B1-P011;IMP-M3-51E6A44D55-P011	Downloads/theory-of-commutative-algebra-1.tex;MATH_ALLS-3/theory-of-commutative-algebra-1.tex	Downloads;MATH_ALLS-3	PROBLEM		IMP-DL-724FD8B7B1-S011;IMP-M3-51E6A44D55-S011		YES	NEEDS_EDITORIAL_REVIEW
8f4b5997ade145e691ee58b76015a4e5a532e696ecb1e2e34cbbef7a3de545f3	SEM-8F4B5997ADE1	IMP-DL-12C1A20716-P025	1	IMP-DL-12C1A20716-P025	Downloads/theory-of-algebraic-topology-10.tex	Downloads	PROBLEM_ITEM				NO	NEEDS_EDITORIAL_REVIEW
8f54ae4a3248c659d8dccb66663bdd3ec5a4ff9aed3457e42bc1dc3f4a7e860c	SEM-8F54AE4A3248	IMP-DL-31FF76D7B8-P012	1	IMP-DL-31FF76D7B8-P012	Downloads/theory-of-algebraic-topology-16.tex	Downloads	WORKED_EXAMPLE				NO	NEEDS_EDITORIAL_REVIEW
8f5bc5219cca388b237ec1cbf6677389820323a89ccfa52975cf69f24fa29dcb	SEM-8F5BC5219CCA	IMP-DL-40C58AD550-P011	1	IMP-DL-40C58AD550-P011	Downloads/theory-of-algebraic-geometry-4.tex	Downloads	WORKED_EXAMPLE				NO	NEEDS_EDITORIAL_REVIEW
8fa49351d1f19d3d9b1fe513de57bdef0dc133688ba7489a192404701b9d506f	SEM-8FA49351D1F1	IMP-DL-2E134BF207-P005	1	IMP-DL-2E134BF207-P005	Downloads/theory-of-algebraic-topology-5.tex	Downloads	PROBLEM_ITEM				NO	NEEDS_EDITORIAL_REVIEW
8fbca5731de271d0134ba1135ef5ccde58bc95f4178c6918e9b174dabfa1dce8	SEM-8FBCA5731DE2	IMP-DL-E88547CF67-P006	2	IMP-DL-E88547CF67-P006;IMP-M2-80D8AED0FF-P006	Downloads/theory-of-geometry-3.tex;MATH-ALLS-2/theory-of-geometry-3.tex	Downloads;MATH-ALLS-2	PROBLEM	10.	IMP-DL-E88547CF67-S002;IMP-M2-80D8AED0FF-S002		YES	NEEDS_EDITORIAL_REVIEW
8fc849a9eb1628d70d85de6fa3628c37ec4e601997dd46e7f39ae6bc78b23eed	SEM-8FC849A9EB16	IMP-DL-627841AC75-SPR001931-8FC849A9	1	IMP-DL-627841AC75-SPR001931-8FC849A9	Downloads/theory-of-algebraic-topology-3.tex	Downloads	PROBLEM	3	IMP-DL-627841AC75-S003;IMP-DL-627841AC75-S004;IMP-DL-627841AC75-S005;IMP-DL-627841AC75-S006		YES	NEEDS_EDITORIAL_REVIEW
8fdf4def0f30594c5e5c5ca750cbcb9bf02360ff2f816eb1b1160b2ac3bb7b80	SEM-8FDF4DEF0F30	IMP-DL-117191C0EC-P025	2	IMP-DL-117191C0EC-P025;IMP-M2-40A546CAA2-P025	Downloads/theory-of-analysis-topics.tex;MATH-ALLS-2/theory-of-analysis-topics.tex	Downloads;MATH-ALLS-2	PROBLEM	7	IMP-DL-117191C0EC-S014;IMP-M2-40A546CAA2-S014		YES	NEEDS_EDITORIAL_REVIEW
9058ecd0b7b730a8310b0e55569cd2606c342a1a9b373e4667bc2a6c23f7e902	SEM-9058ECD0B7B7	IMP-DL-4DEBE28720-P082	2	IMP-DL-4DEBE28720-P082;IMP-M3-8E395763C8-P082	Downloads/theory-of-commutative-algebra-13.tex;MATH_ALLS-3/theory-of-commutative-algebra-13.tex	Downloads;MATH_ALLS-3	WORKED_EXAMPLE	14			NO	NEEDS_EDITORIAL_REVIEW
90635967a3259a384b9991a2630c7178daa5c48bcf63e6f7cabfa5a29572828f	SEM-90635967A325	IMP-DL-2E134BF207-P036	1	IMP-DL-2E134BF207-P036	Downloads/theory-of-algebraic-topology-5.tex	Downloads	PROBLEM_ITEM				NO	NEEDS_EDITORIAL_REVIEW
908597c1029a1a8a03624ca19a29dc568d3a82f01819935eccb9c39a33463cd2	SEM-908597C1029A	IMP-DL-40E9B7EE44-R003943-908597C1	2	IMP-DL-40E9B7EE44-R003943-908597C1;IMP-M3-17140B7F4C-R003943-908597C1	Downloads/theory-of-commutative-algebra-5-professional.tex;MATH_ALLS-3/theory-of-commutative-algebra-5-professional.tex	Downloads;MATH_ALLS-3	PROBLEM	15			NO	NEEDS_EDITORIAL_REVIEW
90a5d491b031bd94a21e94d5e91c0c5605040771d27f4ed699d42b505cbb99bf	SEM-90A5D491B031	IMP-DL-EAE0F59552-PSR002338-90A5D491	2	IMP-DL-EAE0F59552-PSR002338-90A5D491;IMP-M2-7EA9DA1D72-PSR002338-90A5D491	Downloads/theory-of-analysis-topology.tex;MATH-ALLS-2/theory-of-analysis-topology.tex	Downloads;MATH-ALLS-2	PROBLEM				NO	NEEDS_EDITORIAL_REVIEW
90b82c334ff161804d476f6e66ee38a4933bf29bf195d2b506c8240ea3e32bbc	SEM-90B82C334FF1	IMP-DL-0A181AC273-P031	4	IMP-DL-0A181AC273-P031;IMP-DL-AD9EFCAF62-P007;IMP-M2-79778E004E-P007;IMP-M2-80AFB5AE64-P031	Downloads/theory-of-complex-analysis-2.tex;Downloads/theory-of-complex-analysis.tex;MATH-ALLS-2/theory-of-complex-analysis-2.tex;MATH-ALLS-2/theory-of-complex-analysis.tex	Downloads;MATH-ALLS-2	PROBLEM	8	IMP-DL-0A181AC273-S016;IMP-DL-AD9EFCAF62-S005;IMP-DL-F77C60E8D1-S001;IMP-M2-09C070ED26-S001;IMP-M2-79778E004E-S005;IMP-M2-80AFB5AE64-S016		YES	NEEDS_EDITORIAL_REVIEW
90db380d687123405516e440c96f1ea793915e8db9396af90737f0b86362e944	SEM-90DB380D6871	IMP-DL-0EB9CBD958-P062	2	IMP-DL-0EB9CBD958-P062;IMP-M2-F4C85D52DC-P062	Downloads/theory-of-geometry.tex;MATH-ALLS-2/theory-of-geometry.tex	Downloads;MATH-ALLS-2	PROBLEM_ITEM				NO	NEEDS_EDITORIAL_REVIEW
90e406c5bf82b21f69ff9d74b7619cbe3495a85b92b743862c060c08d72a05cf	SEM-90E406C5BF82	IMP-DL-316AE183C3-P048	2	IMP-DL-316AE183C3-P048;IMP-M2-303BB87ACE-P048	Downloads/theory-of-analysis-functions.tex;MATH-ALLS-2/theory-of-analysis-functions.tex	Downloads;MATH-ALLS-2	EXERCISE_ITEM				NO	NEEDS_EDITORIAL_REVIEW
9117215457c4ac112662a4e467a1b27df1d36f0832451f3edbb0e9b37b68fbc4	SEM-9117215457C4	IMP-DL-D27460A55B-P008	1	IMP-DL-D27460A55B-P008	Downloads/theory-of-algebraic-geometry-5.tex	Downloads	PROBLEM	9.			NO	NEEDS_EDITORIAL_REVIEW
9127ee2e11cf73019408d4363c8ed07298e082d80c21712e1df6a4b6e2fc58d3	SEM-9127EE2E11CF	IMP-DL-98972A6B93-P003	2	IMP-DL-98972A6B93-P003;IMP-M2-355EA0996F-P003	Downloads/theory-of-geometry-II.tex;MATH-ALLS-2/theory-of-geometry-II.tex	Downloads;MATH-ALLS-2	PROBLEM	6			NO	NEEDS_EDITORIAL_REVIEW
9129aa49dfff790fc3d4fae79522bc7d4151cdb239b0f9174835db2a6c9d43d6	SEM-9129AA49DFFF	IMP-DL-B7E3C22557-SPR001567-9129AA49	1	IMP-DL-B7E3C22557-SPR001567-9129AA49	Downloads/theory-of-algebraic-geometry-6.tex	Downloads	EXAMPLE	1.			NO	NEEDS_EDITORIAL_REVIEW
9132716c735af922dd02b61d90351b7d68267f2e178b0acc9a49d8e7c7b0c0d6	SEM-9132716C735A	IMP-DL-873C6F4098-P075	2	IMP-DL-873C6F4098-P075;IMP-M2-CFC28ED568-P075	Downloads/theory-of-analysis-II.tex;MATH-ALLS-2/theory-of-analysis-II.tex	Downloads;MATH-ALLS-2	PROBLEM	9			NO	NEEDS_EDITORIAL_REVIEW
914542112e40d8c0305c7a532cd1535ba40b074883959df2bc291663a2eca840	SEM-914542112E40	IMP-DL-D6E9B3BC73-P023	2	IMP-DL-D6E9B3BC73-P023;IMP-M3-422B74F85F-P023	Downloads/theory-of-algebraic-topology-1.tex;MATH_ALLS-3/theory-of-algebraic-topology-1.tex	Downloads;MATH_ALLS-3	WORKED_EXAMPLE	2.			NO	NEEDS_EDITORIAL_REVIEW
9161bdade535e9f848171a789b26aea6cda06c19ca38e1a79fed68746d535068	SEM-9161BDADE535	IMP-DL-0A181AC273-P015	2	IMP-DL-0A181AC273-P015;IMP-M2-80AFB5AE64-P015	Downloads/theory-of-complex-analysis.tex;MATH-ALLS-2/theory-of-complex-analysis.tex	Downloads;MATH-ALLS-2	PROBLEM	3.	IMP-DL-0A181AC273-S003;IMP-M2-80AFB5AE64-S003		YES	NEEDS_EDITORIAL_REVIEW
9165bac6aa7be8d938255abf1203183ccbcfc7009bed16e1216a6f225f8ecc16	SEM-9165BAC6AA7B	IMP-DL-A978FB3162-P024	1	IMP-DL-A978FB3162-P024	Downloads/theory-of-algebraic-topology-4.tex	Downloads	PROBLEM_ITEM				NO	NEEDS_EDITORIAL_REVIEW
916632a5838d3496b5ffad7339e16893e54438f6837a30f08017a6c9bae5c6da	SEM-916632A5838D	IMP-DL-AD9EFCAF62-P022	2	IMP-DL-AD9EFCAF62-P022;IMP-M2-79778E004E-P022	Downloads/theory-of-complex-analysis-2.tex;MATH-ALLS-2/theory-of-complex-analysis-2.tex	Downloads;MATH-ALLS-2	PROBLEM	5			NO	NEEDS_EDITORIAL_REVIEW
91666d01dfe96117a28ae29811bc777eed5bab15e099d66dd8f90c830b1e10a6	SEM-91666D01DFE9	IMP-DL-721195CCB5-PSR003025-91666D01	1	IMP-DL-721195CCB5-PSR003025-91666D01	Downloads/theory-of-algebraic-geometry-11.tex	Downloads	EXAMPLE	12			NO	NEEDS_EDITORIAL_REVIEW
916fbbe75791c3c08a73e303eafb687db34fa0ebd9721f0efbd682553eaa91d5	SEM-916FBBE75791	IMP-DL-D148B51FB7-P004	2	IMP-DL-D148B51FB7-P004;IMP-M3-5A5277EBFB-P004	Downloads/theory-of-differential-geometry-4.tex;MATH_ALLS-3/theory-of-differential-geometry-4.tex	Downloads;MATH_ALLS-3	PROBLEM_ITEM				NO	NEEDS_EDITORIAL_REVIEW
9172b7d9a8b563136c5a98b84731d2a62a54b56386f2eb40003dd8b454c16792	SEM-9172B7D9A8B5	IMP-DL-183AD43C4C-R001571-9172B7D9	4	IMP-DL-183AD43C4C-R001571-9172B7D9;IMP-DL-20E278E436-R001513-9172B7D9;IMP-M2-1895C43FC6-R001571-9172B7D9;IMP-M2-50B0B212DD-R001513-9172B7D9	Downloads/merged_exercises_FULL_v2 (1).tex;Downloads/theory-of-real-analysis.tex;MATH-ALLS-2/merged_exercises_FULL_v2 (1).tex;MATH-ALLS-2/theory-of-real-analysis.tex	Downloads;MATH-ALLS-2	EXERCISE	6.4	IMP-DL-183AD43C4C-S038;IMP-DL-20E278E436-S038;IMP-M2-1895C43FC6-S038;IMP-M2-50B0B212DD-S038		YES	NEEDS_EDITORIAL_REVIEW
917e6a31a4e1477408db6e40419714d418e9161e5c960f49ad58d9fd480b7e5d	SEM-917E6A31A4E1	IMP-DL-592BD0798C-P041	2	IMP-DL-592BD0798C-P041;IMP-M3-1FB8799CDC-P041	Downloads/theory-of-commutative-algebra-8.tex;MATH_ALLS-3/theory-of-commutative-algebra-8.tex	Downloads;MATH_ALLS-3	WORKED_EXAMPLE	1			NO	NEEDS_EDITORIAL_REVIEW
91825775c04f7070a860d3f14c5b9725e6af036c912c6bd3da9fcf73d65254b6	SEM-91825775C04F	IMP-DL-0E3E7EC766-P015	2	IMP-DL-0E3E7EC766-P015;IMP-DL-0E3E7EC766-R002847-91825775	Downloads/theory-of-algebraic-geometry-1.tex	Downloads	EXERCISE				NO	NEEDS_EDITORIAL_REVIEW
91964588736d3a3122931fdbe293ed0a8f586bdbed5ca580400913619cb0aac4	SEM-91964588736D	IMP-DL-A978FB3162-P031	1	IMP-DL-A978FB3162-P031	Downloads/theory-of-algebraic-topology-4.tex	Downloads	PROBLEM_ITEM				NO	NEEDS_EDITORIAL_REVIEW
91a95b6465928d2846e7d50414e462aff3f78b1c3942755eb66c7d17abc8b20e	SEM-91A95B646592	IMP-DL-316AE183C3-P070	2	IMP-DL-316AE183C3-P070;IMP-M2-303BB87ACE-P070	Downloads/theory-of-analysis-functions.tex;MATH-ALLS-2/theory-of-analysis-functions.tex	Downloads;MATH-ALLS-2	EXERCISE_ITEM				NO	NEEDS_EDITORIAL_REVIEW
91c1ed2712c2b611237cc6b73a336338d396aa3930719c9fc33e7befd4f8fba2	SEM-91C1ED2712C2	IMP-DL-873C6F4098-P025	2	IMP-DL-873C6F4098-P025;IMP-M2-CFC28ED568-P025	Downloads/theory-of-analysis-II.tex;MATH-ALLS-2/theory-of-analysis-II.tex	Downloads;MATH-ALLS-2	PROBLEM_ITEM				NO	NEEDS_EDITORIAL_REVIEW
91c27d601120c9d2a0d12c7d2e9af64099969d09c43c36e616d5e028ccad87df	SEM-91C27D601120	IMP-DL-35223EB1F7-R002626-91C27D60	1	IMP-DL-35223EB1F7-R002626-91C27D60	Downloads/theory-of-algebraic-topology-6.tex	Downloads	PROBLEM	7			NO	NEEDS_EDITORIAL_REVIEW
91da99432451fd1845b8feaf130961897feacf954cb33640480d7b9a1d0f0783	SEM-91DA99432451	IMP-DL-117191C0EC-P032	2	IMP-DL-117191C0EC-P032;IMP-M2-40A546CAA2-P032	Downloads/theory-of-analysis-topics.tex;MATH-ALLS-2/theory-of-analysis-topics.tex	Downloads;MATH-ALLS-2	PROBLEM				NO	NEEDS_EDITORIAL_REVIEW
91f4555c2f8cc38688c3be1afdac483f2130294c3b18c2b655b2e90e9a065eea	SEM-91F4555C2F8C	IMP-DL-38CE6DEB56-P030	2	IMP-DL-38CE6DEB56-P030;IMP-M3-D19BB3C803-P030	Downloads/theory-of-commutative-algebra-14.tex;MATH_ALLS-3/theory-of-commutative-algebra-14.tex	Downloads;MATH_ALLS-3	WORKED_EXAMPLE	29			NO	NEEDS_EDITORIAL_REVIEW
92234bd67515d5cc145fe678821fc4acad5c52d30220ec51cccf4367e6fa4607	SEM-92234BD67515	IMP-DL-38CE6DEB56-P032	2	IMP-DL-38CE6DEB56-P032;IMP-M3-D19BB3C803-P032	Downloads/theory-of-commutative-algebra-14.tex;MATH_ALLS-3/theory-of-commutative-algebra-14.tex	Downloads;MATH_ALLS-3	WORKED_EXAMPLE				NO	NEEDS_EDITORIAL_REVIEW
9244ab9b936181d74ed416051bfcbc3617c5c4420fc69088eff3cbf558a525ec	SEM-9244AB9B9361	IMP-DL-0EB9CBD958-P045	2	IMP-DL-0EB9CBD958-P045;IMP-M2-F4C85D52DC-P045	Downloads/theory-of-geometry.tex;MATH-ALLS-2/theory-of-geometry.tex	Downloads;MATH-ALLS-2	PROBLEM_ITEM				NO	NEEDS_EDITORIAL_REVIEW
92557d1f1bfacccaeea0f193255f070e846a10a7bfe478da8bb5dd35bf4ded0f	SEM-92557D1F1BFA	IMP-DL-A978FB3162-P003	1	IMP-DL-A978FB3162-P003	Downloads/theory-of-algebraic-topology-4.tex	Downloads	PROBLEM	10	IMP-DL-A978FB3162-S003		YES	NEEDS_EDITORIAL_REVIEW
925f20eaf7787a60564fe99a2a5daa6929513f05cdee0858c79df4f56b4f6dd9	SEM-925F20EAF778	IMP-DL-98972A6B93-P039	2	IMP-DL-98972A6B93-P039;IMP-M2-355EA0996F-P039	Downloads/theory-of-geometry-II.tex;MATH-ALLS-2/theory-of-geometry-II.tex	Downloads;MATH-ALLS-2	PROBLEM_ITEM				NO	NEEDS_EDITORIAL_REVIEW
929c99d5ae00861e1eea154d095a8357f0ef934af4f4e11f2b01074639872455	SEM-929C99D5AE00	IMP-DL-6B513C0C2F-PSR006473-929C99D5	1	IMP-DL-6B513C0C2F-PSR006473-929C99D5	Downloads/theory-of-algebraic-geometry-10.tex	Downloads	EXAMPLE				NO	NEEDS_EDITORIAL_REVIEW
92acca188428b1c9978b44faa8c24104475bc62f79b4d1721f44f8bd252be4c2	SEM-92ACCA188428	IMP-DL-592BD0798C-P015	2	IMP-DL-592BD0798C-P015;IMP-M3-1FB8799CDC-P015	Downloads/theory-of-commutative-algebra-8.tex;MATH_ALLS-3/theory-of-commutative-algebra-8.tex	Downloads;MATH_ALLS-3	WORKED_EXAMPLE	2			NO	NEEDS_EDITORIAL_REVIEW
92b4688f9dc13ca5a92db0be2c01031a92ff0e59b5cd284276948a9bf1363aac	SEM-92B4688F9DC1	IMP-DL-3C59D9EE8B-P148	2	IMP-DL-3C59D9EE8B-P148;IMP-M3-D1A916E0DD-P148	Downloads/theory-of-commutative-algebra-5-professional-v2.tex;MATH_ALLS-3/theory-of-commutative-algebra-5-professional-v2.tex	Downloads;MATH_ALLS-3	PROBLEM_ITEM				NO	NEEDS_EDITORIAL_REVIEW
92c124908398d91628e3575b813c91532944a715ab60f3401ed74a5c63a1629c	SEM-92C124908398	IMP-DL-A978FB3162-P057	1	IMP-DL-A978FB3162-P057	Downloads/theory-of-algebraic-topology-4.tex	Downloads	WORKED_EXAMPLE	3			NO	NEEDS_EDITORIAL_REVIEW
92c50ea573c666b68f87644c7a6c619fb326d2b5e12ea3e6b241db5f609aebdf	SEM-92C50EA573C6	IMP-DL-494D52343C-P014	4	IMP-DL-494D52343C-P014;IMP-DL-57AE2A96C2-P014;IMP-M3-53FA653D33-P014;IMP-M3-A9D1475E81-P014	Downloads/theory-of-commutative-algebra-7 - Copy.tex;Downloads/theory-of-commutative-algebra-7.tex;MATH_ALLS-3/theory-of-commutative-algebra-7 - Copy.tex;MATH_ALLS-3/theory-of-commutative-algebra-7.tex	Downloads;MATH_ALLS-3	WORKED_EXAMPLE				NO	NEEDS_EDITORIAL_REVIEW
92ccf78829503ac10afbdcad27ac4e62a71501d8f94a98fbd7a1a5a7a47d980c	SEM-92CCF7882950	IMP-DL-C3DACFE8A7-P002	1	IMP-DL-C3DACFE8A7-P002	Downloads/theory-of-algebraic-geometry-7.tex	Downloads	WORKED_EXAMPLE	2.			NO	NEEDS_EDITORIAL_REVIEW
92cdc610db1bc26154fbc608694114700ddf8cf9f54fd263c904cef4a68f9a63	SEM-92CDC610DB1B	IMP-DL-2E134BF207-P034	1	IMP-DL-2E134BF207-P034	Downloads/theory-of-algebraic-topology-5.tex	Downloads	PROBLEM_ITEM				NO	NEEDS_EDITORIAL_REVIEW
92fb8373c760ed812849191a25960449d1bdf89ad448681db0afe93b6ed6a195	SEM-92FB8373C760	IMP-DL-35223EB1F7-P013	2	IMP-DL-35223EB1F7-P013;IMP-DL-35223EB1F7-R002150-92FB8373	Downloads/theory-of-algebraic-topology-6.tex	Downloads	EXAMPLE;WORKED_EXAMPLE				NO	NEEDS_EDITORIAL_REVIEW
9313efc00327605a89262d4b4ac4e1f47c0132daebe6931cc1940ebb7a4f62bb	SEM-9313EFC00327	IMP-DL-2E134BF207-P064	1	IMP-DL-2E134BF207-P064	Downloads/theory-of-algebraic-topology-5.tex	Downloads	WORKED_EXAMPLE	1			NO	NEEDS_EDITORIAL_REVIEW
9344f25d4ee52c1de046d135b17f66733281c29d3843ee6bdd20f5d0f0744bc6	SEM-9344F25D4EE5	IMP-DL-ACE5A65961-P005	2	IMP-DL-ACE5A65961-P005;IMP-M3-251F2514E1-P005	Downloads/theory-of-commutative-algebra-2.tex;MATH_ALLS-3/theory-of-commutative-algebra-2.tex	Downloads;MATH_ALLS-3	PROBLEM	1	IMP-DL-ACE5A65961-S006;IMP-M3-251F2514E1-S006		YES	NEEDS_EDITORIAL_REVIEW
9353e4926aafff9340495ccd4a5e26a5fb1ec27fa0bd248c191eadd3233899fb	SEM-9353E4926AAF	IMP-DL-E0B80C696E-P009	1	IMP-DL-E0B80C696E-P009	Downloads/theory-of-algebraic-topology-7.tex	Downloads	WORKED_EXAMPLE				NO	NEEDS_EDITORIAL_REVIEW
937b2b0b7b2160dc5774315b017c0bf8b169dbd06caadc436ee3b9c559f26f0d	SEM-937B2B0B7B21	IMP-DL-D18914CBBD-P054	2	IMP-DL-D18914CBBD-P054;IMP-M3-78B3C1B707-P054	Downloads/theory-of-commutative-algebra-11.tex;MATH_ALLS-3/theory-of-commutative-algebra-11.tex	Downloads;MATH_ALLS-3	WORKED_EXAMPLE	7			NO	NEEDS_EDITORIAL_REVIEW
93839729a3a02d212343acd5151f4cd32e4cc4f476f315546c0027bafc72d9cc	SEM-93839729A3A0	IMP-DL-D6E9B3BC73-P016	2	IMP-DL-D6E9B3BC73-P016;IMP-M3-422B74F85F-P016	Downloads/theory-of-algebraic-topology-1.tex;MATH_ALLS-3/theory-of-algebraic-topology-1.tex	Downloads;MATH_ALLS-3	WORKED_EXAMPLE	3.			NO	NEEDS_EDITORIAL_REVIEW
9387aec725000ec099ada75a799e7604dfee52c0a29c4e3c59931f06a36ddb6a	SEM-9387AEC72500	IMP-DL-592BD0798C-P031	2	IMP-DL-592BD0798C-P031;IMP-M3-1FB8799CDC-P031	Downloads/theory-of-commutative-algebra-8.tex;MATH_ALLS-3/theory-of-commutative-algebra-8.tex	Downloads;MATH_ALLS-3	PROBLEM_ITEM				NO	NEEDS_EDITORIAL_REVIEW
9394eea9abcc7afae2f990bec5ae560780f91fbfaacc5b116eab7fe2a2207c98	SEM-9394EEA9ABCC	IMP-DL-2E134BF207-P065	1	IMP-DL-2E134BF207-P065	Downloads/theory-of-algebraic-topology-5.tex	Downloads	WORKED_EXAMPLE	2			NO	NEEDS_EDITORIAL_REVIEW
93c95a31dcc3da61fb21b8bdc973aa7045f659a4c078ebdba061631a5fb604ed	SEM-93C95A31DCC3	IMP-DL-724FD8B7B1-SPR004995-93C95A31	2	IMP-DL-724FD8B7B1-SPR004995-93C95A31;IMP-M3-51E6A44D55-SPR004995-93C95A31	Downloads/theory-of-commutative-algebra-1.tex;MATH_ALLS-3/theory-of-commutative-algebra-1.tex	Downloads;MATH_ALLS-3	EXAMPLE	3.			NO	NEEDS_EDITORIAL_REVIEW
93dbbb1a29900bb789aeee41b8855bcc586a5b89793c2d0d6429260006f6cd24	SEM-93DBBB1A2990	IMP-DL-D18914CBBD-P042	2	IMP-DL-D18914CBBD-P042;IMP-M3-78B3C1B707-P042	Downloads/theory-of-commutative-algebra-11.tex;MATH_ALLS-3/theory-of-commutative-algebra-11.tex	Downloads;MATH_ALLS-3	WORKED_EXAMPLE	8			NO	NEEDS_EDITORIAL_REVIEW
93df9b84c59cd245e4a3deb1136996ce7859184b0c8d2fe905bc98f3ed6aea7f	SEM-93DF9B84C59C	IMP-DL-4DEBE28720-P098	2	IMP-DL-4DEBE28720-P098;IMP-M3-8E395763C8-P098	Downloads/theory-of-commutative-algebra-13.tex;MATH_ALLS-3/theory-of-commutative-algebra-13.tex	Downloads;MATH_ALLS-3	WORKED_EXAMPLE	1			NO	NEEDS_EDITORIAL_REVIEW
94182cebbf76494d43b7c128f62226c3ef96b2cc1b8ad2dfcdfc34281a5a0013	SEM-94182CEBBF76	IMP-DL-38CE6DEB56-P017	2	IMP-DL-38CE6DEB56-P017;IMP-M3-D19BB3C803-P017	Downloads/theory-of-commutative-algebra-14.tex;MATH_ALLS-3/theory-of-commutative-algebra-14.tex	Downloads;MATH_ALLS-3	WORKED_EXAMPLE	14			NO	NEEDS_EDITORIAL_REVIEW
942727fe82dcd4d18e17f51c380bc412b1127defc0c180bb1128160b0a705de5	SEM-942727FE82DC	IMP-DL-314EAD1F3C-SPR005364-942727FE	1	IMP-DL-314EAD1F3C-SPR005364-942727FE	Downloads/theory-of-algebraic-topology-12.tex	Downloads	EXAMPLE	15.4.			NO	NEEDS_EDITORIAL_REVIEW
942ce98f8f7a1e5278906fbe43feedd83b06b31cf7851dfeb535f3906650ae4f	SEM-942CE98F8F7A	IMP-DL-3E276561C4-R001358-942CE98F	2	IMP-DL-3E276561C4-R001358-942CE98F;IMP-M3-AB2FCA292B-R001358-942CE98F	Downloads/theory-of-linear-algebra-1.tex;MATH_ALLS-3/theory-of-linear-algebra-1.tex	Downloads;MATH_ALLS-3	PROBLEM	11	IMP-DL-3E276561C4-S011;IMP-M3-AB2FCA292B-S011		YES	NEEDS_EDITORIAL_REVIEW
944fe7561490d2a0fe26685c24ff474581856727969e80610b0b487939277e05	SEM-944FE7561490	IMP-DL-5431609247-P001	2	IMP-DL-5431609247-P001;IMP-M3-42C904D7D6-P001	Downloads/theory-of-differential-geometry-5.tex;MATH_ALLS-3/theory-of-differential-geometry-5.tex	Downloads;MATH_ALLS-3	WORKED_EXAMPLE				NO	NEEDS_EDITORIAL_REVIEW
948c611a759edf033fb08e0f2190940b40b55d32f01398e79545b6358833e3de	SEM-948C611A759E	IMP-DL-D27460A55B-SPR004428-948C611A	1	IMP-DL-D27460A55B-SPR004428-948C611A	Downloads/theory-of-algebraic-geometry-5.tex	Downloads	EXAMPLE	20			NO	NEEDS_EDITORIAL_REVIEW
94ac528c43b1273446ca5631f5a965e1427e91e0110f4f0ce17504bdf81cfeb1	SEM-94AC528C43B1	IMP-DL-D6E9B3BC73-P030	2	IMP-DL-D6E9B3BC73-P030;IMP-M3-422B74F85F-P030	Downloads/theory-of-algebraic-topology-1.tex;MATH_ALLS-3/theory-of-algebraic-topology-1.tex	Downloads;MATH_ALLS-3	PROBLEM_ITEM				NO	NEEDS_EDITORIAL_REVIEW
94b335cc94e7a1ae82635d1ae239a4d2039938d1caa5465538b477d047ac9a46	SEM-94B335CC94E7	IMP-DL-3D2DB27534-P003	4	IMP-DL-3D2DB27534-P003;IMP-DL-5B1D955447-P003;IMP-M2-8108AF5CB9-P003;IMP-M2-AFF44384C1-P003	Downloads/merged_exercises (1).tex;Downloads/merged_exercises.tex;MATH-ALLS-2/merged_exercises (1).tex;MATH-ALLS-2/merged_exercises.tex	Downloads;MATH-ALLS-2	EXERCISE	1.3			NO	NEEDS_EDITORIAL_REVIEW
94bd6e422a905222de45bd8f3613c36af2c301e5f3e00cbe302fe6b9c0a5952b	SEM-94BD6E422A90	IMP-DL-0AC5ADA26C-P024	1	IMP-DL-0AC5ADA26C-P024	Downloads/theory-of-algebraic-topology-8.tex	Downloads	WORKED_EXAMPLE	3			NO	NEEDS_EDITORIAL_REVIEW
94cd0dadd1f8b9d78138814e8350f52b1d280e25b04ef1d6361f55498406431f	SEM-94CD0DADD1F8	IMP-DL-68F65EDA24-P015	2	IMP-DL-68F65EDA24-P015;IMP-M2-9CEC4F97B5-P015	Downloads/merged_exercises_corrected.tex;MATH-ALLS-2/merged_exercises_corrected.tex	Downloads;MATH-ALLS-2	EXERCISE	3.1			NO	NEEDS_EDITORIAL_REVIEW
94d8d56cd62bd88882a9042990358324257abe02ad2660ce86fce48ede9b19f1	SEM-94D8D56CD62B	IMP-DL-873C6F4098-P090	2	IMP-DL-873C6F4098-P090;IMP-M2-CFC28ED568-P090	Downloads/theory-of-analysis-II.tex;MATH-ALLS-2/theory-of-analysis-II.tex	Downloads;MATH-ALLS-2	WORKED_EXAMPLE				NO	NEEDS_EDITORIAL_REVIEW
94f45f4c27a15e0616ba7034effeac7d868f411243e229a05c0df13457a9ba04	SEM-94F45F4C27A1	IMP-DL-873C6F4098-P004	2	IMP-DL-873C6F4098-P004;IMP-M2-CFC28ED568-P004	Downloads/theory-of-analysis-II.tex;MATH-ALLS-2/theory-of-analysis-II.tex	Downloads;MATH-ALLS-2	PROBLEM	4	IMP-DL-873C6F4098-S001;IMP-M2-CFC28ED568-S001		YES	NEEDS_EDITORIAL_REVIEW
94fa66fb20e3acea5ab686f8848f071f3bfc5b6f4f368a94c81f1ae175f3dfae	SEM-94FA66FB20E3	IMP-DL-117191C0EC-P004	2	IMP-DL-117191C0EC-P004;IMP-M2-40A546CAA2-P004	Downloads/theory-of-analysis-topics.tex;MATH-ALLS-2/theory-of-analysis-topics.tex	Downloads;MATH-ALLS-2	PROBLEM_ITEM				NO	NEEDS_EDITORIAL_REVIEW
950c14c355421411040aa7709ced281c624e4f42382f2074f9f897922d1f5d53	SEM-950C14C35542	IMP-DL-0EB9CBD958-P053	2	IMP-DL-0EB9CBD958-P053;IMP-M2-F4C85D52DC-P053	Downloads/theory-of-geometry.tex;MATH-ALLS-2/theory-of-geometry.tex	Downloads;MATH-ALLS-2	PROBLEM_ITEM				NO	NEEDS_EDITORIAL_REVIEW
9516d3de4c68ca78a4544dd4fba2103a9c76ebccf08f8282f98950d6d1b680c1	SEM-9516D3DE4C68	IMP-DL-627841AC75-P003	1	IMP-DL-627841AC75-P003	Downloads/theory-of-algebraic-topology-3.tex	Downloads	PROBLEM	2	IMP-DL-627841AC75-S002		YES	NEEDS_EDITORIAL_REVIEW
9526f0db526be90436de56ca992b0921bff9d0ed1e6659c31ab156098adad7a7	SEM-9526F0DB526B	IMP-DL-0EB9CBD958-P063	2	IMP-DL-0EB9CBD958-P063;IMP-M2-F4C85D52DC-P063	Downloads/theory-of-geometry.tex;MATH-ALLS-2/theory-of-geometry.tex	Downloads;MATH-ALLS-2	PROBLEM_ITEM				NO	NEEDS_EDITORIAL_REVIEW
952976ae9ef199000e762fa0e2cc62a71e17c91431b06f2f0ef7b85e599de1d0	SEM-952976AE9EF1	IMP-DL-A978FB3162-P009	1	IMP-DL-A978FB3162-P009	Downloads/theory-of-algebraic-topology-4.tex	Downloads	WORKED_EXAMPLE				NO	NEEDS_EDITORIAL_REVIEW
952a589965d14154bf5d632c9c9c56e032074a3a81d3d4bb907e7c62840d27ae	SEM-952A589965D1	IMP-DL-A5CEE6E541-PSR004375-952A5899	1	IMP-DL-A5CEE6E541-PSR004375-952A5899	Downloads/theory-of-algebraic-geometry-8.tex	Downloads	EXAMPLE				NO	NEEDS_EDITORIAL_REVIEW
955faba812cb52e0f8b52afec13eee49212140ed2b3c59b5332f799039cc6771	SEM-955FABA812CB	IMP-DL-EAE0F59552-R000187-955FABA8	2	IMP-DL-EAE0F59552-R000187-955FABA8;IMP-M2-7EA9DA1D72-R000187-955FABA8	Downloads/theory-of-analysis-topology.tex;MATH-ALLS-2/theory-of-analysis-topology.tex	Downloads;MATH-ALLS-2	EXAMPLE				NO	NEEDS_EDITORIAL_REVIEW
9566bc5aaf0401d5349bba6a6c660bcfa9b2caf0d6309b4a3ba7f3eb23c6f7a1	SEM-9566BC5AAF04	IMP-DL-8016517B0A-P030	3	IMP-DL-8016517B0A-P030;IMP-M2-2B58694CBF-P030;IMP-M3-911366A7C5-P030	Downloads/theory-of-differential-geometry-1.tex;MATH-ALLS-2/theory-of-differential-geometry-1.tex;MATH_ALLS-3/theory-of-differential-geometry-1.tex	Downloads;MATH-ALLS-2;MATH_ALLS-3	PROBLEM	10			NO	NEEDS_EDITORIAL_REVIEW
956a77bd50a8237e3bad8f8069988ceade36c85b83d3f8e59571b719ccd3987d	SEM-956A77BD50A8	IMP-DL-0AC5ADA26C-P032	1	IMP-DL-0AC5ADA26C-P032	Downloads/theory-of-algebraic-topology-8.tex	Downloads	WORKED_EXAMPLE	3			NO	NEEDS_EDITORIAL_REVIEW
957683caf1ea83800c0112157eaa46d49648425c740531c0c680fef28d9d8d14	SEM-957683CAF1EA	IMP-DL-2B81C66D0F-P005	2	IMP-DL-2B81C66D0F-P005;IMP-M3-84A516D889-P005	Downloads/theory-of-algebraic-topology-2.tex;MATH_ALLS-3/theory-of-algebraic-topology-2.tex	Downloads;MATH_ALLS-3	PROBLEM	statement	IMP-DL-2B81C66D0F-S003;IMP-M3-84A516D889-S003		YES	NEEDS_EDITORIAL_REVIEW
95865adf2603c76f0c731d2131c0f906091e288e840ea1a0e4ddb640990e2539	SEM-95865ADF2603	IMP-DL-592BD0798C-P055	2	IMP-DL-592BD0798C-P055;IMP-M3-1FB8799CDC-P055	Downloads/theory-of-commutative-algebra-8.tex;MATH_ALLS-3/theory-of-commutative-algebra-8.tex	Downloads;MATH_ALLS-3	PROBLEM_ITEM				NO	NEEDS_EDITORIAL_REVIEW
95988ea37ad813385a2ea0c46de545123613a3ff7ed4bc1935409b2ac71cbb6f	SEM-95988EA37AD8	IMP-DL-3C59D9EE8B-P085	2	IMP-DL-3C59D9EE8B-P085;IMP-M3-D1A916E0DD-P085	Downloads/theory-of-commutative-algebra-5-professional-v2.tex;MATH_ALLS-3/theory-of-commutative-algebra-5-professional-v2.tex	Downloads;MATH_ALLS-3	PROBLEM_ITEM				NO	NEEDS_EDITORIAL_REVIEW
95f990e2c475094e91914c8b1165b623ae873e09bdd2f783b395b2d110145896	SEM-95F990E2C475	IMP-DL-1068DBED71-P017	4	IMP-DL-1068DBED71-P017;IMP-DL-CAA415139D-P017;IMP-M3-F4E66B2919-P017;IMP-M3-FCB1647DD6-P017	Downloads/theory-of-commutative-algebra-10.tex;Downloads/theory-of-commutative-algebra-9.tex;MATH_ALLS-3/theory-of-commutative-algebra-10.tex;MATH_ALLS-3/theory-of-commutative-algebra-9.tex	Downloads;MATH_ALLS-3	WORKED_EXAMPLE				NO	NEEDS_EDITORIAL_REVIEW
962c14a01cab6f56756819c06421ef9b404805c6f7524f32079f2077e86f5f81	SEM-962C14A01CAB	IMP-DL-11EDF39EA7-P019	2	IMP-DL-11EDF39EA7-P019;IMP-M2-68556E3D88-P019	Downloads/theory-of-analysis-FD2.tex;MATH-ALLS-2/theory-of-analysis-FD2.tex	Downloads;MATH-ALLS-2	EXERCISE	5.2	IMP-DL-11EDF39EA7-S015;IMP-M2-68556E3D88-S015		YES	NEEDS_EDITORIAL_REVIEW
962ddfaed1413edc8caa87be7931b6c958aa08e42cfe8f1ef46447602d0d6902	SEM-962DDFAED141	IMP-DL-117191C0EC-P024	2	IMP-DL-117191C0EC-P024;IMP-M2-40A546CAA2-P024	Downloads/theory-of-analysis-topics.tex;MATH-ALLS-2/theory-of-analysis-topics.tex	Downloads;MATH-ALLS-2	PROBLEM	6	IMP-DL-117191C0EC-S013;IMP-M2-40A546CAA2-S013		YES	NEEDS_EDITORIAL_REVIEW
963c8bd1a4001e003896d0a19c1b7f422831e2b22e8e95a29fa7ff2c59147f39	SEM-963C8BD1A400	IMP-DL-14663C23F1-P002	2	IMP-DL-14663C23F1-P002;IMP-M2-155017A9AF-P002	Downloads/theory-of-geometry-III.tex;MATH-ALLS-2/theory-of-geometry-III.tex	Downloads;MATH-ALLS-2	WORKED_EXAMPLE				NO	NEEDS_EDITORIAL_REVIEW
963cc32c79c43d7b927786352e385ae466d36329529993a807d62f37f397d295	SEM-963CC32C79C4	IMP-DL-D18914CBBD-P071	2	IMP-DL-D18914CBBD-P071;IMP-M3-78B3C1B707-P071	Downloads/theory-of-commutative-algebra-11.tex;MATH_ALLS-3/theory-of-commutative-algebra-11.tex	Downloads;MATH_ALLS-3	WORKED_EXAMPLE	14			NO	NEEDS_EDITORIAL_REVIEW
9649bd48cb5eb87ab5267953691315d977725ab8828b33ef7029c49ae24aafc2	SEM-9649BD48CB5E	IMP-DL-0A181AC273-P030	4	IMP-DL-0A181AC273-P030;IMP-DL-AD9EFCAF62-P006;IMP-M2-79778E004E-P006;IMP-M2-80AFB5AE64-P030	Downloads/theory-of-complex-analysis-2.tex;Downloads/theory-of-complex-analysis.tex;MATH-ALLS-2/theory-of-complex-analysis-2.tex;MATH-ALLS-2/theory-of-complex-analysis.tex	Downloads;MATH-ALLS-2	PROBLEM	7.	IMP-DL-0A181AC273-S015;IMP-DL-AD9EFCAF62-S004;IMP-M2-79778E004E-S004;IMP-M2-80AFB5AE64-S015		YES	NEEDS_EDITORIAL_REVIEW
965a137fbe9fd12f941bbf94eacfea0c55b0d62af9b595b468230307913b3514	SEM-965A137FBE9F	IMP-DL-6B513C0C2F-PSR006817-965A137F	1	IMP-DL-6B513C0C2F-PSR006817-965A137F	Downloads/theory-of-algebraic-geometry-10.tex	Downloads	EXAMPLE				NO	NEEDS_EDITORIAL_REVIEW
965c33a705493cdbc37376e472bed597e864e57300530181fe0fe60a2c3656be	SEM-965C33A70549	IMP-DL-A99C7658F3-PSR001981-965C33A7	1	IMP-DL-A99C7658F3-PSR001981-965C33A7	Downloads/theory-of-algebraic-geometry-2.tex	Downloads	EXAMPLE				NO	NEEDS_EDITORIAL_REVIEW
9667869c099c1a7b9b98f92f0be68fde58a219f0ccefe21d194d2c0175a63456	SEM-9667869C099C	IMP-DL-3C59D9EE8B-P027	2	IMP-DL-3C59D9EE8B-P027;IMP-M3-D1A916E0DD-P027	Downloads/theory-of-commutative-algebra-5-professional-v2.tex;MATH_ALLS-3/theory-of-commutative-algebra-5-professional-v2.tex	Downloads;MATH_ALLS-3	PROBLEM_ITEM				NO	NEEDS_EDITORIAL_REVIEW
96a45c81a1a8645bedfbce9ecd1ae89f1f1597d5ba0b3e2f8c5e2c3318843579	SEM-96A45C81A1A8	IMP-DL-35223EB1F7-P014	2	IMP-DL-35223EB1F7-P014;IMP-DL-35223EB1F7-R002290-96A45C81	Downloads/theory-of-algebraic-topology-6.tex	Downloads	EXAMPLE;WORKED_EXAMPLE	2			NO	NEEDS_EDITORIAL_REVIEW
96bff03bd785e92d4f0c04ce822339ef27c7d24a08d634dea2ac4ce2cf7b9a04	SEM-96BFF03BD785	IMP-DL-D27460A55B-SPR004305-96BFF03B	1	IMP-DL-D27460A55B-SPR004305-96BFF03B	Downloads/theory-of-algebraic-geometry-5.tex	Downloads	EXAMPLE	17			NO	NEEDS_EDITORIAL_REVIEW
970832cdeca2f8bbf74ad9751a81edfcc8f6dbfd7dceeae46d000105078946e7	SEM-970832CDECA2	IMP-DL-40C58AD550-P008	1	IMP-DL-40C58AD550-P008	Downloads/theory-of-algebraic-geometry-4.tex	Downloads	WORKED_EXAMPLE				NO	NEEDS_EDITORIAL_REVIEW
977854e9af0f37ed916f8ab5a9f698364a430f7b6bbe4b78df966b452f287f09	SEM-977854E9AF0F	IMP-DL-6447F1B120-P038	1	IMP-DL-6447F1B120-P038	Downloads/theory-of-algebraic-topology-11.tex	Downloads	PROBLEM	9.	IMP-DL-6447F1B120-S008		YES	NEEDS_EDITORIAL_REVIEW
977982b01138e9f3d0ac4b8dc2837380819e3bb278d4c03c3e9d1805d05b942a	SEM-977982B01138	IMP-DL-592BD0798C-P059	2	IMP-DL-592BD0798C-P059;IMP-M3-1FB8799CDC-P059	Downloads/theory-of-commutative-algebra-8.tex;MATH_ALLS-3/theory-of-commutative-algebra-8.tex	Downloads;MATH_ALLS-3	WORKED_EXAMPLE	2			NO	NEEDS_EDITORIAL_REVIEW
97889c2a01fee1fa6f09aa733a0f9321999246c2b45d92863f7052319153e171	SEM-97889C2A01FE	IMP-DL-11EDF39EA7-P001	2	IMP-DL-11EDF39EA7-P001;IMP-M2-68556E3D88-P001	Downloads/theory-of-analysis-FD2.tex;MATH-ALLS-2/theory-of-analysis-FD2.tex	Downloads;MATH-ALLS-2	WORKED_EXAMPLE	A			NO	NEEDS_EDITORIAL_REVIEW
978bae4bcd915e171af5bc51c8f174ff1c2a2b486e35793d6970c75da8befcef	SEM-978BAE4BCD91	IMP-DL-E88547CF67-P007	2	IMP-DL-E88547CF67-P007;IMP-M2-80D8AED0FF-P007	Downloads/theory-of-geometry-3.tex;MATH-ALLS-2/theory-of-geometry-3.tex	Downloads;MATH-ALLS-2	PROBLEM_ITEM				NO	NEEDS_EDITORIAL_REVIEW
97a838ea714439d5ea5a6c03be60f3fe89205dab308cb5fa8b145e45ab963356	SEM-97A838EA7144	IMP-DL-314EAD1F3C-R002080-97A838EA	1	IMP-DL-314EAD1F3C-R002080-97A838EA	Downloads/theory-of-algebraic-topology-12.tex	Downloads	EXAMPLE	12.1.			NO	NEEDS_EDITORIAL_REVIEW
97acd800d801e63827053dc5c0072a9ec46cc3e8d2e8e0e6d06f95b2e37f52c3	SEM-97ACD800D801	IMP-DL-0E3E7EC766-P012	2	IMP-DL-0E3E7EC766-P012;IMP-DL-0E3E7EC766-R002825-97ACD800	Downloads/theory-of-algebraic-geometry-1.tex	Downloads	EXERCISE				NO	NEEDS_EDITORIAL_REVIEW
97c9c255e5e9bf3fad9f43b46a5b5d53042d9aa7e749cd29d1cbaa49a3410c20	SEM-97C9C255E5E9	IMP-DL-887B7B83F4-P001	1	IMP-DL-887B7B83F4-P001	Downloads/sheaves_notes_reorganized.tex	Downloads	WORKED_EXAMPLE				NO	NEEDS_EDITORIAL_REVIEW
97de10868f0f645622a313fa4e3b50c1b74f70ed29b7732befb787b3e57aaa78	SEM-97DE10868F0F	IMP-DL-11EDF39EA7-P035	2	IMP-DL-11EDF39EA7-P035;IMP-M2-68556E3D88-P035	Downloads/theory-of-analysis-FD2.tex;MATH-ALLS-2/theory-of-analysis-FD2.tex	Downloads;MATH-ALLS-2	EXERCISE_ITEM				NO	NEEDS_EDITORIAL_REVIEW
97df03ad527b5e817f9aa351492a33ff46f0e970316ea8496fe43f00bc2ea683	SEM-97DF03AD527B	IMP-DL-3E276561C4-P012	2	IMP-DL-3E276561C4-P012;IMP-M3-AB2FCA292B-P012	Downloads/theory-of-linear-algebra-1.tex;MATH_ALLS-3/theory-of-linear-algebra-1.tex	Downloads;MATH_ALLS-3	PROBLEM	2	IMP-DL-3E276561C4-S026;IMP-M3-AB2FCA292B-S026		YES	NEEDS_EDITORIAL_REVIEW
97f5c474b4c3ac3bd9da1088860176e249cb71e9aae1968f5152a6f8e2b3959f	SEM-97F5C474B4C3	IMP-DL-3C59D9EE8B-P061	2	IMP-DL-3C59D9EE8B-P061;IMP-M3-D1A916E0DD-P061	Downloads/theory-of-commutative-algebra-5-professional-v2.tex;MATH_ALLS-3/theory-of-commutative-algebra-5-professional-v2.tex	Downloads;MATH_ALLS-3	PROBLEM_ITEM				NO	NEEDS_EDITORIAL_REVIEW
97fde9bdda775497b31def9aff14b2b9cf0735737f0d387e286301331f32a8eb	SEM-97FDE9BDDA77	IMP-DL-D18914CBBD-P018	2	IMP-DL-D18914CBBD-P018;IMP-M3-78B3C1B707-P018	Downloads/theory-of-commutative-algebra-11.tex;MATH_ALLS-3/theory-of-commutative-algebra-11.tex	Downloads;MATH_ALLS-3	WORKED_EXAMPLE	18			NO	NEEDS_EDITORIAL_REVIEW
9800cb7eec9c4dbe14e32994876727a360272fb834e90e13dc653fa450b0e0ad	SEM-9800CB7EEC9C	IMP-DL-11EDF39EA7-P007	2	IMP-DL-11EDF39EA7-P007;IMP-M2-68556E3D88-P007	Downloads/theory-of-analysis-FD2.tex;MATH-ALLS-2/theory-of-analysis-FD2.tex	Downloads;MATH-ALLS-2	EXERCISE	3.5.	IMP-DL-11EDF39EA7-S005;IMP-DL-11EDF39EA7-S006;IMP-DL-11EDF39EA7-S007;IMP-DL-11EDF39EA7-S008;IMP-M2-68556E3D88-S005;IMP-M2-68556E3D88-S006;IMP-M2-68556E3D88-S007;IMP-M2-68556E3D88-S008		YES	NEEDS_EDITORIAL_REVIEW
980df33b8aa2dd8d225a354049799da4aeb8b6760335c40e62858dae4ae1090b	SEM-980DF33B8AA2	IMP-DL-BD3A6D53D0-P010	3	IMP-DL-BD3A6D53D0-P010;IMP-M2-E2BE0561BD-P010;IMP-M3-0F6B7A59EB-P010	Downloads/theory-of-differential-geometry-2.tex;MATH-ALLS-2/theory-of-differential-geometry-2.tex;MATH_ALLS-3/theory-of-differential-geometry-2.tex	Downloads;MATH-ALLS-2;MATH_ALLS-3	PROBLEM	6	IMP-DL-BD3A6D53D0-S010;IMP-M2-E2BE0561BD-S010;IMP-M3-0F6B7A59EB-S010		YES	NEEDS_EDITORIAL_REVIEW
981b9b384e2ab75ff3a1f903c9a9bb32e70c41070b87afb38dd9149b928e3b92	SEM-981B9B384E2A	IMP-DL-D148B51FB7-P018	2	IMP-DL-D148B51FB7-P018;IMP-M3-5A5277EBFB-P018	Downloads/theory-of-differential-geometry-4.tex;MATH_ALLS-3/theory-of-differential-geometry-4.tex	Downloads;MATH_ALLS-3	PROBLEM	9	IMP-DL-D148B51FB7-S009;IMP-M3-5A5277EBFB-S009		YES	NEEDS_EDITORIAL_REVIEW
9821478259bf09fbb3fbdae1e712576be5382b59084c0291915cc7c2652f9724	SEM-9821478259BF	IMP-DL-117191C0EC-P037	2	IMP-DL-117191C0EC-P037;IMP-M2-40A546CAA2-P037	Downloads/theory-of-analysis-topics.tex;MATH-ALLS-2/theory-of-analysis-topics.tex	Downloads;MATH-ALLS-2	PROBLEM_ITEM				NO	NEEDS_EDITORIAL_REVIEW
98382f8020548d3927e007d1dee7b828a47b16958ea657b3ebc1b07cf75cb05c	SEM-98382F802054	IMP-DL-0A181AC273-P007	2	IMP-DL-0A181AC273-P007;IMP-M2-80AFB5AE64-P007	Downloads/theory-of-complex-analysis.tex;MATH-ALLS-2/theory-of-complex-analysis.tex	Downloads;MATH-ALLS-2	EXERCISE_ITEM				NO	NEEDS_EDITORIAL_REVIEW
983d19bbbcb54793922569cd5ef8ac1f931d872f5fdbdb33c610ba3b62c719b2	SEM-983D19BBBCB5	IMP-DL-3C59D9EE8B-P152	2	IMP-DL-3C59D9EE8B-P152;IMP-M3-D1A916E0DD-P152	Downloads/theory-of-commutative-algebra-5-professional-v2.tex;MATH_ALLS-3/theory-of-commutative-algebra-5-professional-v2.tex	Downloads;MATH_ALLS-3	PROBLEM_ITEM				NO	NEEDS_EDITORIAL_REVIEW
986fa21f4e4466bbac973f9cef0d03cc446598709813452b96b4669954e69f7e	SEM-986FA21F4E44	IMP-DL-E88547CF67-P023	2	IMP-DL-E88547CF67-P023;IMP-M2-80D8AED0FF-P023	Downloads/theory-of-geometry-3.tex;MATH-ALLS-2/theory-of-geometry-3.tex	Downloads;MATH-ALLS-2	PROBLEM	10.	IMP-DL-E88547CF67-S013;IMP-M2-80D8AED0FF-S013		YES	NEEDS_EDITORIAL_REVIEW
987aaa72202665e6cb6ca0af61328ceebfc79bb02f9bfe4ac77a90bb2d58df17	SEM-987AAA722026	IMP-DL-0EB9CBD958-P034	2	IMP-DL-0EB9CBD958-P034;IMP-M2-F4C85D52DC-P034	Downloads/theory-of-geometry.tex;MATH-ALLS-2/theory-of-geometry.tex	Downloads;MATH-ALLS-2	PROBLEM	5	IMP-DL-0EB9CBD958-S009;IMP-DL-0EB9CBD958-S010;IMP-DL-0EB9CBD958-S011;IMP-M2-F4C85D52DC-S009;IMP-M2-F4C85D52DC-S010;IMP-M2-F4C85D52DC-S011		YES	NEEDS_EDITORIAL_REVIEW
987d0d9d782f7d7a05c594ed311b86f4d455c35c311d5b7f927953e7c2e9b7e0	SEM-987D0D9D782F	IMP-DL-6447F1B120-P032	1	IMP-DL-6447F1B120-P032	Downloads/theory-of-algebraic-topology-11.tex	Downloads	WORKED_EXAMPLE	4			NO	NEEDS_EDITORIAL_REVIEW
98814b72f95ecee7788fc8dfd7fa54a270b1e46acfad7d8fe60203ac8fd22c04	SEM-98814B72F95E	IMP-DL-6447F1B120-P014	1	IMP-DL-6447F1B120-P014	Downloads/theory-of-algebraic-topology-11.tex	Downloads	PROBLEM_ITEM				NO	NEEDS_EDITORIAL_REVIEW
98947bf4d3394bd541bb08985ff9e5b38b5c888c369052a265bf42da639c7946	SEM-98947BF4D339	IMP-DL-D18914CBBD-P068	2	IMP-DL-D18914CBBD-P068;IMP-M3-78B3C1B707-P068	Downloads/theory-of-commutative-algebra-11.tex;MATH_ALLS-3/theory-of-commutative-algebra-11.tex	Downloads;MATH_ALLS-3	WORKED_EXAMPLE	11			NO	NEEDS_EDITORIAL_REVIEW
98d0234141e0f78fe6420c13c311c26935156e48cb002e1abff5b1e3fa55206e	SEM-98D0234141E0	IMP-DL-18BC6F795C-P019	1	IMP-DL-18BC6F795C-P019	Downloads/theory-of-algebraic-topology-9.tex	Downloads	PROBLEM	2	IMP-DL-18BC6F795C-S001		YES	NEEDS_EDITORIAL_REVIEW
98e2975b1a16a90f253f8fb71d9e5025ee81f8f92b8b385f030083ea3013aab8	SEM-98E2975B1A16	IMP-DL-D4351A3BBD-P008	2	IMP-DL-D4351A3BBD-P008;IMP-M2-721AD91C7F-P008	Downloads/theory-of-geometry-IV.tex;MATH-ALLS-2/theory-of-geometry-IV.tex	Downloads;MATH-ALLS-2	PROBLEM_ITEM				NO	NEEDS_EDITORIAL_REVIEW
9912e1b020570958b4277cd46773fd8ed405052625cb6c5bf0a5b712bfb51303	SEM-9912E1B02057	IMP-DL-316AE183C3-P072	2	IMP-DL-316AE183C3-P072;IMP-M2-303BB87ACE-P072	Downloads/theory-of-analysis-functions.tex;MATH-ALLS-2/theory-of-analysis-functions.tex	Downloads;MATH-ALLS-2	EXERCISE_ITEM				NO	NEEDS_EDITORIAL_REVIEW
991b6fcd4e8067f502026e310157649c481e8f3c32d44b348966b7313ab7be08	SEM-991B6FCD4E80	IMP-DL-C3DACFE8A7-P019	1	IMP-DL-C3DACFE8A7-P019	Downloads/theory-of-algebraic-geometry-7.tex	Downloads	WORKED_EXAMPLE	20.			NO	NEEDS_EDITORIAL_REVIEW
99253661782679169cf7c2f94ea14f971a9282b49b16f131f4f0ec2a62c9cff9	SEM-992536617826	IMP-DL-2370D81D66-P007	2	IMP-DL-2370D81D66-P007;IMP-M2-D036BAB254-P007	Downloads/theory-of-analysis-FD.tex;MATH-ALLS-2/theory-of-analysis-FD.tex	Downloads;MATH-ALLS-2	EXERCISE	1.5	IMP-DL-2370D81D66-S001;IMP-M2-D036BAB254-S001		YES	NEEDS_EDITORIAL_REVIEW
994af4ca7e5ed30f2a0287231166f880245ec54d4be015b499d70e4736f46bd7	SEM-994AF4CA7E5E	IMP-DL-3D2DB27534-P007	4	IMP-DL-3D2DB27534-P007;IMP-DL-5B1D955447-P007;IMP-M2-8108AF5CB9-P007;IMP-M2-AFF44384C1-P007	Downloads/merged_exercises (1).tex;Downloads/merged_exercises.tex;MATH-ALLS-2/merged_exercises (1).tex;MATH-ALLS-2/merged_exercises.tex	Downloads;MATH-ALLS-2	EXERCISE	2.1			NO	NEEDS_EDITORIAL_REVIEW
99711024591ac9be4714546089739ed26d0a186dd025610c443e717f133739d6	SEM-99711024591A	IMP-DL-0EB9CBD958-P049	2	IMP-DL-0EB9CBD958-P049;IMP-M2-F4C85D52DC-P049	Downloads/theory-of-geometry.tex;MATH-ALLS-2/theory-of-geometry.tex	Downloads;MATH-ALLS-2	PROBLEM_ITEM				NO	NEEDS_EDITORIAL_REVIEW
997cb5c19bd4ec2fc105de1445dcd65b612af1c90728d255961fc861cef0e6a0	SEM-997CB5C19BD4	IMP-DL-D2CF6ADC46-P001	1	IMP-DL-D2CF6ADC46-P001	Downloads/theory-of-commutative-algebra-16.tex	Downloads	WORKED_EXAMPLE	of			NO	NEEDS_EDITORIAL_REVIEW
99806bf842835dc4a4cc0d2ae4d54324e64b239a33e3e37c7ddca5436fcc3dc7	SEM-99806BF84283	IMP-DL-721195CCB5-PSR004607-99806BF8	1	IMP-DL-721195CCB5-PSR004607-99806BF8	Downloads/theory-of-algebraic-geometry-11.tex	Downloads	PROBLEM	8			NO	NEEDS_EDITORIAL_REVIEW
99838b3a8c95667aa073ce8c31ea14ba373a89d58624ee6352ed7bc0d9288db4	SEM-99838B3A8C95	IMP-DL-117191C0EC-P007	2	IMP-DL-117191C0EC-P007;IMP-M2-40A546CAA2-P007	Downloads/theory-of-analysis-topics.tex;MATH-ALLS-2/theory-of-analysis-topics.tex	Downloads;MATH-ALLS-2	PROBLEM_ITEM				NO	NEEDS_EDITORIAL_REVIEW
99871cb616bfa07152ec3a977227ceb9a557330fc6ea66f9ebe66d1522155cbe	SEM-99871CB616BF	IMP-DL-11EDF39EA7-P025	2	IMP-DL-11EDF39EA7-P025;IMP-M2-68556E3D88-P025	Downloads/theory-of-analysis-FD2.tex;MATH-ALLS-2/theory-of-analysis-FD2.tex	Downloads;MATH-ALLS-2	EXERCISE	5.6			NO	NEEDS_EDITORIAL_REVIEW
99dc310308ab66b1ebc93fdedb3f9e15a280f46bc4adbcfbf5d8d296c3289e07	SEM-99DC310308AB	IMP-DL-98972A6B93-P031	2	IMP-DL-98972A6B93-P031;IMP-M2-355EA0996F-P031	Downloads/theory-of-geometry-II.tex;MATH-ALLS-2/theory-of-geometry-II.tex	Downloads;MATH-ALLS-2	PROBLEM_ITEM				NO	NEEDS_EDITORIAL_REVIEW
99f9ef259c219b0c0ebc4f5f879774a89cbbec26eeb907bedc0325ce1bee70c3	SEM-99F9EF259C21	IMP-DL-5B1D955447-P001	2	IMP-DL-5B1D955447-P001;IMP-M2-8108AF5CB9-P001	Downloads/merged_exercises.tex;MATH-ALLS-2/merged_exercises.tex	Downloads;MATH-ALLS-2	EXERCISE	1.1			NO	NEEDS_EDITORIAL_REVIEW
9a14d339dc96d535a3d49c84c871e6fb22983ad339dfed965359b524d0fd3115	SEM-9A14D339DC96	IMP-DL-D18914CBBD-P009	2	IMP-DL-D18914CBBD-P009;IMP-M3-78B3C1B707-P009	Downloads/theory-of-commutative-algebra-11.tex;MATH_ALLS-3/theory-of-commutative-algebra-11.tex	Downloads;MATH_ALLS-3	WORKED_EXAMPLE	9			NO	NEEDS_EDITORIAL_REVIEW
9a2bf2c983f4ab3d8d9db2e5a95d1d73bb2073e71e7db8c9e80283e3285e7677	SEM-9A2BF2C983F4	IMP-DL-3C59D9EE8B-P091	6	IMP-DL-3C59D9EE8B-P091;IMP-DL-40E9B7EE44-P011;IMP-DL-E1F1BB4192-P010;IMP-M3-0D398C7F27-P010;IMP-M3-17140B7F4C-P011;IMP-M3-D1A916E0DD-P091	Downloads/theory-of-commutative-algebra-5-professional-v2.tex;Downloads/theory-of-commutative-algebra-5-professional.tex;Downloads/theory-of-commutative-algebra-5.tex;MATH_ALLS-3/theory-of-commutative-algebra-5-professional-v2.tex;MATH_ALLS-3/theory-of-commutative-algebra-5-professional.tex;MATH_ALLS-3/theory-of-commutative-algebra-5.tex	Downloads;MATH_ALLS-3	PROBLEM	14(b)	IMP-DL-3C59D9EE8B-S017;IMP-DL-3C59D9EE8B-S018;IMP-DL-40E9B7EE44-S017;IMP-DL-40E9B7EE44-S018;IMP-DL-E1F1BB4192-S016;IMP-DL-E1F1BB4192-S017;IMP-M3-0D398C7F27-S016;IMP-M3-0D398C7F27-S017;IMP-M3-17140B7F4C-S017;IMP-M3-17140B7F4C-S018;IMP-M3-D1A916E0DD-S017;IMP-M3-D1A916E0DD-S018		YES	NEEDS_EDITORIAL_REVIEW
9a4a0eae4f2de9a901b202a0e8c7a5da07716cc0fa334c6744efdcbb4e3f75fa	SEM-9A4A0EAE4F2D	IMP-DL-E12021E60A-P003	1	IMP-DL-E12021E60A-P003	Downloads/theory-of-algebraic-topology-17.tex	Downloads	WORKED_EXAMPLE	8.1			NO	NEEDS_EDITORIAL_REVIEW
9a912627f6342e62f5b863c11b241d7872c6244fa0f96ddff05e7a6728f8476b	SEM-9A912627F634	IMP-DL-B7E3C22557-SPR001903-9A912627	1	IMP-DL-B7E3C22557-SPR001903-9A912627	Downloads/theory-of-algebraic-geometry-6.tex	Downloads	EXAMPLE	9.			NO	NEEDS_EDITORIAL_REVIEW
9aa3dc84b0ca755e530c10256dc0aacaa1a486bf5de867b2d408ce363c1d0e16	SEM-9AA3DC84B0CA	IMP-DL-0E1529C1F4-P001	2	IMP-DL-0E1529C1F4-P001;IMP-M2-B699C4BE42-P001	Downloads/theory-of-complex-analysis-maps.tex;MATH-ALLS-2/theory-of-complex-analysis-maps.tex	Downloads;MATH-ALLS-2	WORKED_EXAMPLE				NO	NEEDS_EDITORIAL_REVIEW
9aa951e4e9b4fa03c80ec716b597a0733464aec246ed0a11d2a9ffd210220f83	SEM-9AA951E4E9B4	IMP-DL-2370D81D66-P027	2	IMP-DL-2370D81D66-P027;IMP-M2-D036BAB254-P027	Downloads/theory-of-analysis-FD.tex;MATH-ALLS-2/theory-of-analysis-FD.tex	Downloads;MATH-ALLS-2	EXERCISE_ITEM				NO	NEEDS_EDITORIAL_REVIEW
9ab5d4f0cbee6ed33d491f2bd86e7b0c264fc1de3eefc0d88711e86d8ce668ac	SEM-9AB5D4F0CBEE	IMP-DL-E88547CF67-P025	2	IMP-DL-E88547CF67-P025;IMP-M2-80D8AED0FF-P025	Downloads/theory-of-geometry-3.tex;MATH-ALLS-2/theory-of-geometry-3.tex	Downloads;MATH-ALLS-2	PROBLEM_ITEM				NO	NEEDS_EDITORIAL_REVIEW
9ad615491016a591474037c5cc5a4f0bf7a395050fa0cc2bc4452552e5c14e7b	SEM-9AD615491016	IMP-DL-592BD0798C-P036	2	IMP-DL-592BD0798C-P036;IMP-M3-1FB8799CDC-P036	Downloads/theory-of-commutative-algebra-8.tex;MATH_ALLS-3/theory-of-commutative-algebra-8.tex	Downloads;MATH_ALLS-3	PROBLEM_ITEM				NO	NEEDS_EDITORIAL_REVIEW
9ae399953a790fbb8e87bbeaa96505ba848b5b8cdd13e0bdbc460ef9626d54a4	SEM-9AE399953A79	IMP-DL-2E134BF207-F2R004019-9AE39995	1	IMP-DL-2E134BF207-F2R004019-9AE39995	Downloads/theory-of-algebraic-topology-5.tex	Downloads	EXAMPLE	8			NO	NEEDS_EDITORIAL_REVIEW
9af40680345e811c50249ac978721b1418f972fbff18b67acef66344d3e91634	SEM-9AF40680345E	IMP-DL-1068DBED71-P078	4	IMP-DL-1068DBED71-P078;IMP-DL-CAA415139D-P078;IMP-M3-F4E66B2919-P078;IMP-M3-FCB1647DD6-P078	Downloads/theory-of-commutative-algebra-10.tex;Downloads/theory-of-commutative-algebra-9.tex;MATH_ALLS-3/theory-of-commutative-algebra-10.tex;MATH_ALLS-3/theory-of-commutative-algebra-9.tex	Downloads;MATH_ALLS-3	WORKED_EXAMPLE	5			NO	NEEDS_EDITORIAL_REVIEW
9b02cb2a99c13a73d1765c48486abbfbf4f661c99aec0a0ad80aa1d98a697224	SEM-9B02CB2A99C1	IMP-DL-4DEBE28720-P023	2	IMP-DL-4DEBE28720-P023;IMP-M3-8E395763C8-P023	Downloads/theory-of-commutative-algebra-13.tex;MATH_ALLS-3/theory-of-commutative-algebra-13.tex	Downloads;MATH_ALLS-3	WORKED_EXAMPLE				NO	NEEDS_EDITORIAL_REVIEW
9b03034613eefbdd73bf4d846bf9b005a43612d7ba073540e1daf9eff87d7239	SEM-9B03034613EE	IMP-DL-38CE6DEB56-P018	2	IMP-DL-38CE6DEB56-P018;IMP-M3-D19BB3C803-P018	Downloads/theory-of-commutative-algebra-14.tex;MATH_ALLS-3/theory-of-commutative-algebra-14.tex	Downloads;MATH_ALLS-3	WORKED_EXAMPLE	15			NO	NEEDS_EDITORIAL_REVIEW
9b2ae93c2d59d025c0cfea70b5b8e26f086f2aefc1635e93cbf4c0309d28c924	SEM-9B2AE93C2D59	IMP-DL-1068DBED71-P045	4	IMP-DL-1068DBED71-P045;IMP-DL-CAA415139D-P045;IMP-M3-F4E66B2919-P045;IMP-M3-FCB1647DD6-P045	Downloads/theory-of-commutative-algebra-10.tex;Downloads/theory-of-commutative-algebra-9.tex;MATH_ALLS-3/theory-of-commutative-algebra-10.tex;MATH_ALLS-3/theory-of-commutative-algebra-9.tex	Downloads;MATH_ALLS-3	PROBLEM				NO	NEEDS_EDITORIAL_REVIEW
9b2bd99abbaefb013dd86982119a5188b36511ccdfd661d4ccf1ac4944855c7e	SEM-9B2BD99ABBAE	IMP-DL-067214B351-P003	1	IMP-DL-067214B351-P003	Downloads/theory-of-algebraic-topology-15.tex	Downloads	PROBLEM	3			NO	NEEDS_EDITORIAL_REVIEW
9b4612617a090335ca5f9068c31a6734f669ae1b2698126a4932ebe5986c2bb5	SEM-9B4612617A09	IMP-DL-316AE183C3-P050	2	IMP-DL-316AE183C3-P050;IMP-M2-303BB87ACE-P050	Downloads/theory-of-analysis-functions.tex;MATH-ALLS-2/theory-of-analysis-functions.tex	Downloads;MATH-ALLS-2	EXERCISE	5	IMP-DL-316AE183C3-S007;IMP-M2-303BB87ACE-S007		YES	NEEDS_EDITORIAL_REVIEW
9b5345bbf5381e3503ec724c6589f4cd77728d1faac689de25bab84367735dae	SEM-9B5345BBF538	IMP-DL-C78B44C750-P004	2	IMP-DL-C78B44C750-P004;IMP-M2-48626BD8F1-P004	Downloads/wiki-green.tex;MATH-ALLS-2/wiki-green.tex	Downloads;MATH-ALLS-2	WORKED_EXAMPLE				NO	NEEDS_EDITORIAL_REVIEW
9b5f196fd2352e71b0e1b4498d8b5cd217b41178e00c396a876e8111f1928ed6	SEM-9B5F196FD235	IMP-DL-2370D81D66-P028	2	IMP-DL-2370D81D66-P028;IMP-M2-D036BAB254-P028	Downloads/theory-of-analysis-FD.tex;MATH-ALLS-2/theory-of-analysis-FD.tex	Downloads;MATH-ALLS-2	EXERCISE_ITEM				NO	NEEDS_EDITORIAL_REVIEW
9b6b9847631b051dbf6e6e6680a43ba52a43d7c516d72f3e3e5eb1e117e6527c	SEM-9B6B9847631B	IMP-DL-0EB9CBD958-P020	2	IMP-DL-0EB9CBD958-P020;IMP-M2-F4C85D52DC-P020	Downloads/theory-of-geometry.tex;MATH-ALLS-2/theory-of-geometry.tex	Downloads;MATH-ALLS-2	PROBLEM_ITEM				NO	NEEDS_EDITORIAL_REVIEW
9b6e875f6f943440b66bbc8c1085527aaecac554a0654ad7c9f8ef62b1b03e64	SEM-9B6E875F6F94	IMP-DL-A99C7658F3-PSR002589-9B6E875F	1	IMP-DL-A99C7658F3-PSR002589-9B6E875F	Downloads/theory-of-algebraic-geometry-2.tex	Downloads	EXAMPLE				NO	NEEDS_EDITORIAL_REVIEW
9b7a60974a206503bb4ecaa5e868256022467d1e802510c3f906d1996ee5a33f	SEM-9B7A60974A20	IMP-DL-183AD43C4C-PSR003251-9B7A6097	2	IMP-DL-183AD43C4C-PSR003251-9B7A6097;IMP-M2-1895C43FC6-PSR003251-9B7A6097	Downloads/theory-of-real-analysis.tex;MATH-ALLS-2/theory-of-real-analysis.tex	Downloads;MATH-ALLS-2	EXAMPLE	1			NO	NEEDS_EDITORIAL_REVIEW
9b81802006890c8c7538fb70112c8360dcbe8746335e950053c12636d74925c3	SEM-9B8180200689	IMP-DL-A11279CC33-P007	2	IMP-DL-A11279CC33-P007;IMP-M3-73E0197CF3-P007	Downloads/theory-of-commutative-algebra-6.tex;MATH_ALLS-3/theory-of-commutative-algebra-6.tex	Downloads;MATH_ALLS-3	WORKED_EXAMPLE				NO	NEEDS_EDITORIAL_REVIEW
9b8ea4ecfd90e0cf0368492c93c2a9540e9b537e03cf3c511216acd2ca41a9f2	SEM-9B8EA4ECFD90	IMP-DL-BD3A6D53D0-P022	3	IMP-DL-BD3A6D53D0-P022;IMP-M2-E2BE0561BD-P022;IMP-M3-0F6B7A59EB-P022	Downloads/theory-of-differential-geometry-2.tex;MATH-ALLS-2/theory-of-differential-geometry-2.tex;MATH_ALLS-3/theory-of-differential-geometry-2.tex	Downloads;MATH-ALLS-2;MATH_ALLS-3	PROBLEM	7	IMP-DL-BD3A6D53D0-S022;IMP-M2-E2BE0561BD-S022;IMP-M3-0F6B7A59EB-S022		YES	NEEDS_EDITORIAL_REVIEW
9b986ab755213c095c52b3e40d4baeb3a5d4d85d9cfebd9bc9933e190c0267a7	SEM-9B986AB75521	IMP-DL-40BD8D3E26-P006	2	IMP-DL-40BD8D3E26-P006;IMP-M2-0384991A85-P006	Downloads/theory-of-geometry-2.tex;MATH-ALLS-2/theory-of-geometry-2.tex	Downloads;MATH-ALLS-2	PROBLEM	2	IMP-DL-40BD8D3E26-S002;IMP-M2-0384991A85-S002		YES	NEEDS_EDITORIAL_REVIEW
9b9beb392fd2129d7a047404acd712ddc502a796cd7857046c760bc92bd4be60	SEM-9B9BEB392FD2	IMP-DL-D6E9B3BC73-P029	2	IMP-DL-D6E9B3BC73-P029;IMP-M3-422B74F85F-P029	Downloads/theory-of-algebraic-topology-1.tex;MATH_ALLS-3/theory-of-algebraic-topology-1.tex	Downloads;MATH_ALLS-3	PROBLEM_ITEM				NO	NEEDS_EDITORIAL_REVIEW
9bc82134f39c35202be2314efed953aea3660cebbb89f0b5c24ef0bbec7168c4	SEM-9BC82134F39C	IMP-DL-3C59D9EE8B-P069	2	IMP-DL-3C59D9EE8B-P069;IMP-M3-D1A916E0DD-P069	Downloads/theory-of-commutative-algebra-5-professional-v2.tex;MATH_ALLS-3/theory-of-commutative-algebra-5-professional-v2.tex	Downloads;MATH_ALLS-3	PROBLEM_ITEM				NO	NEEDS_EDITORIAL_REVIEW
9bdbf9b702e0da237238328701f287b4875368346263013235375c0e80e7ff7f	SEM-9BDBF9B702E0	IMP-DL-E532B44856-P029	2	IMP-DL-E532B44856-P029;IMP-M2-C037D998D4-P029	Downloads/theory-of-analysis-functions-II.tex;MATH-ALLS-2/theory-of-analysis-functions-II.tex	Downloads;MATH-ALLS-2	EXERCISE	7	IMP-DL-E532B44856-S013;IMP-M2-C037D998D4-S013		YES	NEEDS_EDITORIAL_REVIEW
9bf029326b28b9860284705864bbc24ace982b033bb6b5dccaac9585633cc4c1	SEM-9BF029326B28	IMP-DL-31FF76D7B8-PSR001082-9BF02932	1	IMP-DL-31FF76D7B8-PSR001082-9BF02932	Downloads/theory-of-algebraic-topology-16.tex	Downloads	PROBLEM				NO	NEEDS_EDITORIAL_REVIEW
9c09de5b55bbadbb11b72ceec0ac01950c23b7d4518b9d7bd57db3b0405f1747	SEM-9C09DE5B55BB	IMP-DL-117191C0EC-P047	2	IMP-DL-117191C0EC-P047;IMP-M2-40A546CAA2-P047	Downloads/theory-of-analysis-topics.tex;MATH-ALLS-2/theory-of-analysis-topics.tex	Downloads;MATH-ALLS-2	PROBLEM	8			NO	NEEDS_EDITORIAL_REVIEW
9c0e9c1f1de1f590468d03c6b537e6c8dd804eb6bf7a14742018b288d8b5757c	SEM-9C0E9C1F1DE1	IMP-DL-0B4CC237FA-SPR002046-9C0E9C1F	1	IMP-DL-0B4CC237FA-SPR002046-9C0E9C1F	Downloads/theory-of-algebraic-geometry-3.tex	Downloads	EXAMPLE	2.			NO	NEEDS_EDITORIAL_REVIEW
9c2e5d1994f9bdff498dbf235693fbb233309f8728bfc0fb8ec3ba099b1d1792	SEM-9C2E5D1994F9	IMP-DL-A99C7658F3-PSR002064-9C2E5D19	1	IMP-DL-A99C7658F3-PSR002064-9C2E5D19	Downloads/theory-of-algebraic-geometry-2.tex	Downloads	EXAMPLE				NO	NEEDS_EDITORIAL_REVIEW
9c2fdd0733041ba990ce52ab77a22193ba383d12b69f8cbbb870e2be7bfdf22d	SEM-9C2FDD073304	IMP-DL-3CA1CB77F7-P044	4	IMP-DL-3CA1CB77F7-P044;IMP-DL-3CA1CB77F7-R004862-9C2FDD07;IMP-M2-F08D4144EA-P044;IMP-M2-F08D4144EA-R004862-9C2FDD07	Downloads/theory-of-analysis-numbers.tex;MATH-ALLS-2/theory-of-analysis-numbers.tex	Downloads;MATH-ALLS-2	EXERCISE		IMP-DL-3CA1CB77F7-S019;IMP-DL-3CA1CB77F7-S020;IMP-M2-F08D4144EA-S019;IMP-M2-F08D4144EA-S020		YES	NEEDS_EDITORIAL_REVIEW
9c4d724315b007a935f96055ab54351f2d11605a74a7b02c30fe5c231c22fe35	SEM-9C4D724315B0	IMP-DL-4DEBE28720-P094	2	IMP-DL-4DEBE28720-P094;IMP-M3-8E395763C8-P094	Downloads/theory-of-commutative-algebra-13.tex;MATH_ALLS-3/theory-of-commutative-algebra-13.tex	Downloads;MATH_ALLS-3	WORKED_EXAMPLE	9			NO	NEEDS_EDITORIAL_REVIEW
9c4ef8eca368292eefb30171514e7f3213cb2c453f37d6fc6d51ee0edb96b45b	SEM-9C4EF8ECA368	IMP-DL-E532B44856-P014	2	IMP-DL-E532B44856-P014;IMP-M2-C037D998D4-P014	Downloads/theory-of-analysis-functions-II.tex;MATH-ALLS-2/theory-of-analysis-functions-II.tex	Downloads;MATH-ALLS-2	EXERCISE	1	IMP-DL-E532B44856-S003;IMP-M2-C037D998D4-S003		YES	NEEDS_EDITORIAL_REVIEW
9c7964600f27cc87ac6936641141fdb9fb5d323a947df30a8cbd4fdf8efa46b5	SEM-9C7964600F27	IMP-DL-4DEBE28720-P051	2	IMP-DL-4DEBE28720-P051;IMP-M3-8E395763C8-P051	Downloads/theory-of-commutative-algebra-13.tex;MATH_ALLS-3/theory-of-commutative-algebra-13.tex	Downloads;MATH_ALLS-3	WORKED_EXAMPLE				NO	NEEDS_EDITORIAL_REVIEW
9c84520f07009983481b2e046449d5ae1c2c3bc16f1f1613bb1e71b14af89134	SEM-9C84520F0700	IMP-DL-592BD0798C-P044	2	IMP-DL-592BD0798C-P044;IMP-M3-1FB8799CDC-P044	Downloads/theory-of-commutative-algebra-8.tex;MATH_ALLS-3/theory-of-commutative-algebra-8.tex	Downloads;MATH_ALLS-3	WORKED_EXAMPLE	1			NO	NEEDS_EDITORIAL_REVIEW
9cc8f37a75388c09dc4b887322544cc90f0e14f8b437c5944f7cdee98bdd2121	SEM-9CC8F37A7538	IMP-DL-D148B51FB7-P032	2	IMP-DL-D148B51FB7-P032;IMP-M3-5A5277EBFB-P032	Downloads/theory-of-differential-geometry-4.tex;MATH_ALLS-3/theory-of-differential-geometry-4.tex	Downloads;MATH_ALLS-3	PROBLEM	3	IMP-DL-D148B51FB7-S026;IMP-M3-5A5277EBFB-S026		YES	NEEDS_EDITORIAL_REVIEW
9ccf36c0e9a64f5eee685c0ac2f483f67b36e455316ab998318ab98c3af04015	SEM-9CCF36C0E9A6	IMP-DL-0AC5ADA26C-P036	1	IMP-DL-0AC5ADA26C-P036	Downloads/theory-of-algebraic-topology-8.tex	Downloads	WORKED_EXAMPLE	7			NO	NEEDS_EDITORIAL_REVIEW
9cd614185e3f697087e146ac237f1c4de18bd25d50137441d79d0c2135c2a3e2	SEM-9CD614185E3F	IMP-DL-40BD8D3E26-R002967-9CD61418	2	IMP-DL-40BD8D3E26-R002967-9CD61418;IMP-M2-0384991A85-R002967-9CD61418	Downloads/theory-of-geometry-2.tex;MATH-ALLS-2/theory-of-geometry-2.tex	Downloads;MATH-ALLS-2	EXAMPLE	4			NO	NEEDS_EDITORIAL_REVIEW
9cd994a79f3eb2460a11f1729417affda9bfe6e28ddbcd95f1d2329912a8060a	SEM-9CD994A79F3E	IMP-DL-873C6F4098-P084	2	IMP-DL-873C6F4098-P084;IMP-M2-CFC28ED568-P084	Downloads/theory-of-analysis-II.tex;MATH-ALLS-2/theory-of-analysis-II.tex	Downloads;MATH-ALLS-2	PROBLEM_ITEM				NO	NEEDS_EDITORIAL_REVIEW
9d06191170f11b0508eaa8d9200b158154148b26fd284bd086dd5eac53278cbd	SEM-9D06191170F1	IMP-DL-D4351A3BBD-P022	2	IMP-DL-D4351A3BBD-P022;IMP-M2-721AD91C7F-P022	Downloads/theory-of-geometry-IV.tex;MATH-ALLS-2/theory-of-geometry-IV.tex	Downloads;MATH-ALLS-2	PROBLEM_ITEM				NO	NEEDS_EDITORIAL_REVIEW
9d30659a53ce59e8a74f30da3b8171167201abf27b1e3737a827f0ad31f15303	SEM-9D30659A53CE	IMP-DL-CB3C80FF97-P012	2	IMP-DL-CB3C80FF97-P012;IMP-M2-7B5A4788C1-P012	Downloads/theory-of-complex-analysis-topology.tex;MATH-ALLS-2/theory-of-complex-analysis-topology.tex	Downloads;MATH-ALLS-2	PROBLEM_ITEM				NO	NEEDS_EDITORIAL_REVIEW
9d5182c4bf6117ad924a6310a7d0771c736e321fecd506428f622e2d24554231	SEM-9D5182C4BF61	IMP-DL-12C1A20716-P016	1	IMP-DL-12C1A20716-P016	Downloads/theory-of-algebraic-topology-10.tex	Downloads	PROBLEM_ITEM				NO	NEEDS_EDITORIAL_REVIEW
9d557fd659bd4e3739814e6bc02b37fdc558b3047768862de139b7bf47c6afa4	SEM-9D557FD659BD	IMP-DL-8016517B0A-PSR004148-9D557FD6	3	IMP-DL-8016517B0A-PSR004148-9D557FD6;IMP-M2-2B58694CBF-PSR004148-9D557FD6;IMP-M3-911366A7C5-PSR004148-9D557FD6	Downloads/theory-of-differential-geometry-1.tex;MATH-ALLS-2/theory-of-differential-geometry-1.tex;MATH_ALLS-3/theory-of-differential-geometry-1.tex	Downloads;MATH-ALLS-2;MATH_ALLS-3	EXAMPLE	1			NO	NEEDS_EDITORIAL_REVIEW
9d6d257e0f991e559482c8b228f2cc25e89f08c1c66f26bee631a107454d40fa	SEM-9D6D257E0F99	IMP-DL-0A181AC273-P040	4	IMP-DL-0A181AC273-P040;IMP-DL-AD9EFCAF62-P016;IMP-M2-79778E004E-P016;IMP-M2-80AFB5AE64-P040	Downloads/theory-of-complex-analysis-2.tex;Downloads/theory-of-complex-analysis.tex;MATH-ALLS-2/theory-of-complex-analysis-2.tex;MATH-ALLS-2/theory-of-complex-analysis.tex	Downloads;MATH-ALLS-2	PROBLEM_ITEM				NO	NEEDS_EDITORIAL_REVIEW
9d844d2ad4c2cd559724612982f93fc8571dc2323904a3a58b80a311bc792cd4	SEM-9D844D2AD4C2	IMP-DL-2B81C66D0F-R000750-9D844D2A	2	IMP-DL-2B81C66D0F-R000750-9D844D2A;IMP-M3-84A516D889-R000742-9D844D2A	Downloads/theory-of-algebraic-topology-2.tex;MATH_ALLS-3/theory-of-algebraic-topology-2.tex	Downloads;MATH_ALLS-3	EXAMPLE	2			NO	NEEDS_EDITORIAL_REVIEW
9db7cd2269246a33c6e5fcc65c12262b1c48f5fe0ddb747be1da81ac8442e580	SEM-9DB7CD226924	IMP-DL-D148B51FB7-P034	2	IMP-DL-D148B51FB7-P034;IMP-M3-5A5277EBFB-P034	Downloads/theory-of-differential-geometry-4.tex;MATH_ALLS-3/theory-of-differential-geometry-4.tex	Downloads;MATH_ALLS-3	PROBLEM	5	IMP-DL-D148B51FB7-S028;IMP-M3-5A5277EBFB-S028		YES	NEEDS_EDITORIAL_REVIEW
9de7d30a5064d5e09e5d7e3071e76177a25910ebcfd49334a6e336ae04b0b582	SEM-9DE7D30A5064	IMP-DL-3C59D9EE8B-P066	2	IMP-DL-3C59D9EE8B-P066;IMP-M3-D1A916E0DD-P066	Downloads/theory-of-commutative-algebra-5-professional-v2.tex;MATH_ALLS-3/theory-of-commutative-algebra-5-professional-v2.tex	Downloads;MATH_ALLS-3	PROBLEM_ITEM				NO	NEEDS_EDITORIAL_REVIEW
9e25d81d46c4d8396d07b2ceeb4b1ff977ddc309f5939812d1fc20a68172d591	SEM-9E25D81D46C4	IMP-DL-38CE6DEB56-P049	2	IMP-DL-38CE6DEB56-P049;IMP-M3-D19BB3C803-P049	Downloads/theory-of-commutative-algebra-14.tex;MATH_ALLS-3/theory-of-commutative-algebra-14.tex	Downloads;MATH_ALLS-3	EXERCISE	17	IMP-DL-38CE6DEB56-S017;IMP-M3-D19BB3C803-S017		YES	NEEDS_EDITORIAL_REVIEW
9e5864619162602f1ddb613fbe55c6601bce25f74d6b528550a660e6ad5d3054	SEM-9E5864619162	IMP-DL-4DEBE28720-P046	2	IMP-DL-4DEBE28720-P046;IMP-M3-8E395763C8-P046	Downloads/theory-of-commutative-algebra-13.tex;MATH_ALLS-3/theory-of-commutative-algebra-13.tex	Downloads;MATH_ALLS-3	WORKED_EXAMPLE				NO	NEEDS_EDITORIAL_REVIEW
9e5fae307e5919be9dc3d728f5dde8726a9aaac667b01b78b5c04ae543e9451c	SEM-9E5FAE307E59	IMP-DL-592BD0798C-P013	2	IMP-DL-592BD0798C-P013;IMP-M3-1FB8799CDC-P013	Downloads/theory-of-commutative-algebra-8.tex;MATH_ALLS-3/theory-of-commutative-algebra-8.tex	Downloads;MATH_ALLS-3	WORKED_EXAMPLE				NO	NEEDS_EDITORIAL_REVIEW
9e649a05da8656bbf31f5a89de4a025908f1062ed4b74273fffd0cba018d6750	SEM-9E649A05DA86	IMP-DL-3E276561C4-P009	2	IMP-DL-3E276561C4-P009;IMP-M3-AB2FCA292B-P009	Downloads/theory-of-linear-algebra-1.tex;MATH_ALLS-3/theory-of-linear-algebra-1.tex	Downloads;MATH_ALLS-3	PROBLEM	11	IMP-DL-3E276561C4-S023;IMP-M3-AB2FCA292B-S023		YES	NEEDS_EDITORIAL_REVIEW
9e6a95322a7c6e62061dea3a14ed83960bee301e632a3f99d0100e381dc1dd37	SEM-9E6A95322A7C	IMP-DL-316AE183C3-R004074-9E6A9532	2	IMP-DL-316AE183C3-R004074-9E6A9532;IMP-M2-303BB87ACE-R004074-9E6A9532	Downloads/theory-of-analysis-functions.tex;MATH-ALLS-2/theory-of-analysis-functions.tex	Downloads;MATH-ALLS-2	EXAMPLE	2			NO	NEEDS_EDITORIAL_REVIEW
9e82ef47823f0223b2d5dfbaf50af785abde50822912c7ea973f9aaadcc1565c	SEM-9E82EF47823F	IMP-DL-38CE6DEB56-P035	2	IMP-DL-38CE6DEB56-P035;IMP-M3-D19BB3C803-P035	Downloads/theory-of-commutative-algebra-14.tex;MATH_ALLS-3/theory-of-commutative-algebra-14.tex	Downloads;MATH_ALLS-3	EXERCISE	3	IMP-DL-38CE6DEB56-S003;IMP-M3-D19BB3C803-S003		YES	NEEDS_EDITORIAL_REVIEW
9e84283bf6c5e65e3f3386e5365ef2e466556a1c4913ded924666bd02bafa6ce	SEM-9E84283BF6C5	IMP-DL-117191C0EC-P033	2	IMP-DL-117191C0EC-P033;IMP-M2-40A546CAA2-P033	Downloads/theory-of-analysis-topics.tex;MATH-ALLS-2/theory-of-analysis-topics.tex	Downloads;MATH-ALLS-2	WORKED_EXAMPLE				NO	NEEDS_EDITORIAL_REVIEW
9ed592dc5182e910efe4ce8c499be5ce7a6fc1313b5af2ef953249b383c36b49	SEM-9ED592DC5182	IMP-DL-BD3A6D53D0-P018	3	IMP-DL-BD3A6D53D0-P018;IMP-M2-E2BE0561BD-P018;IMP-M3-0F6B7A59EB-P018	Downloads/theory-of-differential-geometry-2.tex;MATH-ALLS-2/theory-of-differential-geometry-2.tex;MATH_ALLS-3/theory-of-differential-geometry-2.tex	Downloads;MATH-ALLS-2;MATH_ALLS-3	PROBLEM	3	IMP-DL-BD3A6D53D0-S018;IMP-M2-E2BE0561BD-S018;IMP-M3-0F6B7A59EB-S018		YES	NEEDS_EDITORIAL_REVIEW
9edaa99eae30ace3583bb111f430279d3d70710fb8885b0c2e22ab4814cc1a4e	SEM-9EDAA99EAE30	IMP-DL-35223EB1F7-P007	1	IMP-DL-35223EB1F7-P007	Downloads/theory-of-algebraic-topology-6.tex	Downloads	PROBLEM	7	IMP-DL-35223EB1F7-S002;IMP-DL-35223EB1F7-S003		YES	NEEDS_EDITORIAL_REVIEW
9ee9aecac4c9731181723bb5eb8a29f4b84437b148752af28af252a87e96cc17	SEM-9EE9AECAC4C9	IMP-DL-117191C0EC-P055	2	IMP-DL-117191C0EC-P055;IMP-M2-40A546CAA2-P055	Downloads/theory-of-analysis-topics.tex;MATH-ALLS-2/theory-of-analysis-topics.tex	Downloads;MATH-ALLS-2	PROBLEM	3	IMP-DL-117191C0EC-S026;IMP-M2-40A546CAA2-S026		YES	NEEDS_EDITORIAL_REVIEW
9ef0bfc990e57656502c151148ead07f89055f8ba4ca192a70d8ecd3613176a6	SEM-9EF0BFC990E5	IMP-DL-D18914CBBD-P082	2	IMP-DL-D18914CBBD-P082;IMP-M3-78B3C1B707-P082	Downloads/theory-of-commutative-algebra-11.tex;MATH_ALLS-3/theory-of-commutative-algebra-11.tex	Downloads;MATH_ALLS-3	WORKED_EXAMPLE	over			NO	NEEDS_EDITORIAL_REVIEW
9f23fe7c86bd41c119f51f0596e99dafaf1b937e102e77e278822558e2cb38d8	SEM-9F23FE7C86BD	IMP-DL-31FF76D7B8-P004	1	IMP-DL-31FF76D7B8-P004	Downloads/theory-of-algebraic-topology-16.tex	Downloads	WORKED_EXAMPLE	4			NO	NEEDS_EDITORIAL_REVIEW
9f243c8d84888022ac99b206a1ee6d7f0f2c01757c6fdcfce365d985d961eac4	SEM-9F243C8D8488	IMP-DL-D18914CBBD-P051	2	IMP-DL-D18914CBBD-P051;IMP-M3-78B3C1B707-P051	Downloads/theory-of-commutative-algebra-11.tex;MATH_ALLS-3/theory-of-commutative-algebra-11.tex	Downloads;MATH_ALLS-3	WORKED_EXAMPLE	4			NO	NEEDS_EDITORIAL_REVIEW
9f2f21feac6848087a3ede1b7f28c31f6c215ee6ea81e76f2b3a39145b1fa5d1	SEM-9F2F21FEAC68	IMP-DL-CB3C80FF97-P009	2	IMP-DL-CB3C80FF97-P009;IMP-M2-7B5A4788C1-P009	Downloads/theory-of-complex-analysis-topology.tex;MATH-ALLS-2/theory-of-complex-analysis-topology.tex	Downloads;MATH-ALLS-2	PROBLEM_ITEM				NO	NEEDS_EDITORIAL_REVIEW
9f3052732aad2b666b2ca77108d7d76cd2496224b74de3cd8048927d15c90313	SEM-9F3052732AAD	IMP-DL-314EAD1F3C-SPR005443-9F305273	1	IMP-DL-314EAD1F3C-SPR005443-9F305273	Downloads/theory-of-algebraic-topology-12.tex	Downloads	EXAMPLE	15.5.			NO	NEEDS_EDITORIAL_REVIEW
9f4646f7b5797aa02f16a63278e5aa29f7b7c7766437b53633669f31c9e47078	SEM-9F4646F7B579	IMP-DL-8D5CF4CFBA-P028	2	IMP-DL-8D5CF4CFBA-P028;IMP-M3-89937139FC-P028	Downloads/theory-of-linear-algebra-2.tex;MATH_ALLS-3/theory-of-linear-algebra-2.tex	Downloads;MATH_ALLS-3	PROBLEM	11	IMP-DL-8D5CF4CFBA-S037;IMP-M3-89937139FC-S037		YES	NEEDS_EDITORIAL_REVIEW
9f478257ce22370207a645b3be6b95fef49c35dc348bc4843d10ba20434821fa	SEM-9F478257CE22	IMP-DL-2E134BF207-P046	1	IMP-DL-2E134BF207-P046	Downloads/theory-of-algebraic-topology-5.tex	Downloads	PROBLEM_ITEM				NO	NEEDS_EDITORIAL_REVIEW
9f61202e05048c195ba8319a00c27cbc5b4fc50956b8b9597ead9bc91391b030	SEM-9F61202E0504	IMP-DL-CB3C80FF97-P029	2	IMP-DL-CB3C80FF97-P029;IMP-M2-7B5A4788C1-P029	Downloads/theory-of-complex-analysis-topology.tex;MATH-ALLS-2/theory-of-complex-analysis-topology.tex	Downloads;MATH-ALLS-2	PROBLEM_ITEM	(i)			NO	NEEDS_EDITORIAL_REVIEW
9f6468779db130989859a057135ead4a8e825e22547d5078c80d3fad733d691c	SEM-9F6468779DB1	IMP-DL-592BD0798C-P009	2	IMP-DL-592BD0798C-P009;IMP-M3-1FB8799CDC-P009	Downloads/theory-of-commutative-algebra-8.tex;MATH_ALLS-3/theory-of-commutative-algebra-8.tex	Downloads;MATH_ALLS-3	WORKED_EXAMPLE	5			NO	NEEDS_EDITORIAL_REVIEW
9f67e8ec194ea2d2b9231c36ce510310d466565eb43a678b2d0561cbbb86181e	SEM-9F67E8EC194E	IMP-DL-6447F1B120-P008	1	IMP-DL-6447F1B120-P008	Downloads/theory-of-algebraic-topology-11.tex	Downloads	PROBLEM_ITEM				NO	NEEDS_EDITORIAL_REVIEW
9f93abaf88048b81e93c382fcdf9a7cbcb651bc99d208f355d85c1e0333eedc8	SEM-9F93ABAF8804	IMP-DL-316AE183C3-R004047-9F93ABAF	2	IMP-DL-316AE183C3-R004047-9F93ABAF;IMP-M2-303BB87ACE-R004047-9F93ABAF	Downloads/theory-of-analysis-functions.tex;MATH-ALLS-2/theory-of-analysis-functions.tex	Downloads;MATH-ALLS-2	EXAMPLE	1			NO	NEEDS_EDITORIAL_REVIEW
9faef664522fb2f63360aa4c86827346d3b3688cf8ad582fdca6c495c1d2183a	SEM-9FAEF664522F	IMP-DL-A978FB3162-P006	1	IMP-DL-A978FB3162-P006	Downloads/theory-of-algebraic-topology-4.tex	Downloads	WORKED_EXAMPLE	2			NO	NEEDS_EDITORIAL_REVIEW
9fb54e8e0f695d236be83c83ba72b738934df9f7520f6a48e23ea2f44a621bfa	SEM-9FB54E8E0F69	IMP-DL-A978FB3162-P063	1	IMP-DL-A978FB3162-P063	Downloads/theory-of-algebraic-topology-4.tex	Downloads	PROBLEM_ITEM				NO	NEEDS_EDITORIAL_REVIEW
9fc9315f89189b0e00dac300234f3f322e34b67b7d82f0ac0a4ece5c978406fc	SEM-9FC9315F8918	IMP-DL-C3DACFE8A7-P017	1	IMP-DL-C3DACFE8A7-P017	Downloads/theory-of-algebraic-geometry-7.tex	Downloads	WORKED_EXAMPLE	18.			NO	NEEDS_EDITORIAL_REVIEW
9fe71ff3a9ddbbd5341b77ba5426b9be899523899fc8292a20afa6b2e9034bfb	SEM-9FE71FF3A9DD	IMP-DL-3190BA882C-P031	2	IMP-DL-3190BA882C-P031;IMP-M3-CABB372599-P031	Downloads/theory-of-commutative-algebra-15.tex;MATH_ALLS-3/theory-of-commutative-algebra-15.tex	Downloads;MATH_ALLS-3	EXERCISE	5	IMP-DL-3190BA882C-S005;IMP-M3-CABB372599-S005		YES	NEEDS_EDITORIAL_REVIEW
9ffcd684093f382e0e374efcc80001bcae8f231952b3c227d8a0e67a2c824e34	SEM-9FFCD684093F	IMP-DL-592BD0798C-P058	2	IMP-DL-592BD0798C-P058;IMP-M3-1FB8799CDC-P058	Downloads/theory-of-commutative-algebra-8.tex;MATH_ALLS-3/theory-of-commutative-algebra-8.tex	Downloads;MATH_ALLS-3	WORKED_EXAMPLE	1			NO	NEEDS_EDITORIAL_REVIEW
a010f7091efc7a21d1111579553b89ad134b95a33e6f52b65629f23433c3fc84	SEM-A010F7091EFC	IMP-DL-E0B80C696E-P020	1	IMP-DL-E0B80C696E-P020	Downloads/theory-of-algebraic-topology-7.tex	Downloads	WORKED_EXAMPLE	2			NO	NEEDS_EDITORIAL_REVIEW
a08d14ee694733a3aab8bb47a0cd0aa9bd25b6e5c701d997583d07b650154a04	SEM-A08D14EE6947	IMP-DL-3E276561C4-P011	2	IMP-DL-3E276561C4-P011;IMP-M3-AB2FCA292B-P011	Downloads/theory-of-linear-algebra-1.tex;MATH_ALLS-3/theory-of-linear-algebra-1.tex	Downloads;MATH_ALLS-3	PROBLEM	1	IMP-DL-3E276561C4-S025;IMP-M3-AB2FCA292B-S025		YES	NEEDS_EDITORIAL_REVIEW
a08e6cd7ed620fbc81f781f388f1781c316e8f42ec103bb727c3ffd468911a7f	SEM-A08E6CD7ED62	IMP-DL-12C1A20716-P006	1	IMP-DL-12C1A20716-P006	Downloads/theory-of-algebraic-topology-10.tex	Downloads	EXERCISE_ITEM				NO	NEEDS_EDITORIAL_REVIEW
a0b621a327f1475dbe8309062d62f7938a1ff3ac9aaf232092013feef7ce792b	SEM-A0B621A327F1	IMP-DL-3E276561C4-P034	2	IMP-DL-3E276561C4-P034;IMP-M3-AB2FCA292B-P034	Downloads/theory-of-linear-algebra-1.tex;MATH_ALLS-3/theory-of-linear-algebra-1.tex	Downloads;MATH_ALLS-3	PROBLEM	4	IMP-DL-3E276561C4-S054;IMP-M3-AB2FCA292B-S054		YES	NEEDS_EDITORIAL_REVIEW
a0bbd59aa2717d9a4d4f34b60170e2df96128dd0950cc3896d77ec1fb8e9fae6	SEM-A0BBD59AA271	IMP-DL-D18914CBBD-P072	2	IMP-DL-D18914CBBD-P072;IMP-M3-78B3C1B707-P072	Downloads/theory-of-commutative-algebra-11.tex;MATH_ALLS-3/theory-of-commutative-algebra-11.tex	Downloads;MATH_ALLS-3	WORKED_EXAMPLE	1			NO	NEEDS_EDITORIAL_REVIEW
a0d6850d646a196443e1add058b5715649033db38d1f6d0cf2063e6a38587df1	SEM-A0D6850D646A	IMP-DL-067214B351-PSR003628-A0D6850D	1	IMP-DL-067214B351-PSR003628-A0D6850D	Downloads/theory-of-algebraic-topology-15.tex	Downloads	EXAMPLE	2			NO	NEEDS_EDITORIAL_REVIEW
a10ae7b0559c0c3582bcea407472a9caaac486df7c7844b9d01e6290c8733743	SEM-A10AE7B0559C	IMP-DL-3C59D9EE8B-P090	4	IMP-DL-3C59D9EE8B-P090;IMP-DL-40E9B7EE44-P010;IMP-M3-17140B7F4C-P010;IMP-M3-D1A916E0DD-P090	Downloads/theory-of-commutative-algebra-5-professional-v2.tex;Downloads/theory-of-commutative-algebra-5-professional.tex;MATH_ALLS-3/theory-of-commutative-algebra-5-professional-v2.tex;MATH_ALLS-3/theory-of-commutative-algebra-5-professional.tex	Downloads;MATH_ALLS-3	PROBLEM	14(a)	IMP-DL-3C59D9EE8B-S016;IMP-DL-40E9B7EE44-S016;IMP-M3-17140B7F4C-S016;IMP-M3-D1A916E0DD-S016		YES	NEEDS_EDITORIAL_REVIEW
a11204b1686c95952c1b8bf3ed324e3db9919d50f910c0721bd681b256f71ebf	SEM-A11204B1686C	IMP-DL-E532B44856-P022	2	IMP-DL-E532B44856-P022;IMP-M2-C037D998D4-P022	Downloads/theory-of-analysis-functions-II.tex;MATH-ALLS-2/theory-of-analysis-functions-II.tex	Downloads;MATH-ALLS-2	WORKED_EXAMPLE	C			NO	NEEDS_EDITORIAL_REVIEW
a120f4adf5a00299250ef0ee618b43f47fb6e3c4128798ede150a7b7b4bff3bf	SEM-A120F4ADF5A0	IMP-DL-3C59D9EE8B-P105	2	IMP-DL-3C59D9EE8B-P105;IMP-M3-D1A916E0DD-P105	Downloads/theory-of-commutative-algebra-5-professional-v2.tex;MATH_ALLS-3/theory-of-commutative-algebra-5-professional-v2.tex	Downloads;MATH_ALLS-3	PROBLEM_ITEM				NO	NEEDS_EDITORIAL_REVIEW
a1410dc82fa4d1b89fbcc63cd52ff5a3afc29bfa34c969b5c71bb1c7729bc398	SEM-A1410DC82FA4	IMP-DL-2E134BF207-P038	1	IMP-DL-2E134BF207-P038	Downloads/theory-of-algebraic-topology-5.tex	Downloads	PROBLEM_ITEM				NO	NEEDS_EDITORIAL_REVIEW
a146fdb251fa18af98127af887a8c02b5f19fd3184cd6d9e8a0679a9676f023a	SEM-A146FDB251FA	IMP-DL-067214B351-PSR001312-A146FDB2	1	IMP-DL-067214B351-PSR001312-A146FDB2	Downloads/theory-of-algebraic-topology-15.tex	Downloads	EXAMPLE	3			NO	NEEDS_EDITORIAL_REVIEW
a16a6e9a281dd1d0828f62bc50b353db134250c6db5b377f8d01b52b8f414b9e	SEM-A16A6E9A281D	IMP-DL-98972A6B93-P037	2	IMP-DL-98972A6B93-P037;IMP-M2-355EA0996F-P037	Downloads/theory-of-geometry-II.tex;MATH-ALLS-2/theory-of-geometry-II.tex	Downloads;MATH-ALLS-2	PROBLEM_ITEM				NO	NEEDS_EDITORIAL_REVIEW
a174adee39cee712059819779cdbc89a5cd2484aee076addbd2f38cd79b6fbeb	SEM-A174ADEE39CE	IMP-DL-40E9B7EE44-R003726-A174ADEE	2	IMP-DL-40E9B7EE44-R003726-A174ADEE;IMP-M3-17140B7F4C-R003726-A174ADEE	Downloads/theory-of-commutative-algebra-5-professional.tex;MATH_ALLS-3/theory-of-commutative-algebra-5-professional.tex	Downloads;MATH_ALLS-3	PROBLEM	12			NO	NEEDS_EDITORIAL_REVIEW
a1819dc9707fc03af6c84bf5e99e66c86ef9eb4022d1a5e1ad20d3b064446753	SEM-A1819DC9707F	IMP-DL-316AE183C3-P006	2	IMP-DL-316AE183C3-P006;IMP-M2-303BB87ACE-P006	Downloads/theory-of-analysis-functions.tex;MATH-ALLS-2/theory-of-analysis-functions.tex	Downloads;MATH-ALLS-2	WORKED_EXAMPLE				NO	NEEDS_EDITORIAL_REVIEW
a1897bd30d43f47fb8760bf65be39da86803deeb98fea0b71804f17d66e62133	SEM-A1897BD30D43	IMP-DL-2370D81D66-P051	2	IMP-DL-2370D81D66-P051;IMP-M2-D036BAB254-P051	Downloads/theory-of-analysis-FD.tex;MATH-ALLS-2/theory-of-analysis-FD.tex	Downloads;MATH-ALLS-2	EXERCISE_ITEM				NO	NEEDS_EDITORIAL_REVIEW
a19592c576d88b1a2908d06398cf20ca012b6831543b88dcc9f8cfdc7126c4cb	SEM-A19592C576D8	IMP-DL-E0B80C696E-P016	1	IMP-DL-E0B80C696E-P016	Downloads/theory-of-algebraic-topology-7.tex	Downloads	WORKED_EXAMPLE	1			NO	NEEDS_EDITORIAL_REVIEW
a1a39d2dbbc95d06bfb6701c80c9a63116ea779c42415697c3d8884acb0aac51	SEM-A1A39D2DBBC9	IMP-DL-11EDF39EA7-P008	2	IMP-DL-11EDF39EA7-P008;IMP-M2-68556E3D88-P008	Downloads/theory-of-analysis-FD2.tex;MATH-ALLS-2/theory-of-analysis-FD2.tex	Downloads;MATH-ALLS-2	EXERCISE	3.6	IMP-DL-11EDF39EA7-S009;IMP-M2-68556E3D88-S009		YES	NEEDS_EDITORIAL_REVIEW
a1a99f9baf1acb3d2557709d53ed59df9aee4e3a2a9881d1c6aa24bf7b8f5fa1	SEM-A1A99F9BAF1A	IMP-DL-E88547CF67-P016	2	IMP-DL-E88547CF67-P016;IMP-M2-80D8AED0FF-P016	Downloads/theory-of-geometry-3.tex;MATH-ALLS-2/theory-of-geometry-3.tex	Downloads;MATH-ALLS-2	PROBLEM	2	IMP-DL-E88547CF67-S006;IMP-M2-80D8AED0FF-S006		YES	NEEDS_EDITORIAL_REVIEW
a1cfe3ea4e30263aa92e87c134353033491af271d9bc8eba9615a74f10b686b6	SEM-A1CFE3EA4E30	IMP-DL-2370D81D66-P033	2	IMP-DL-2370D81D66-P033;IMP-M2-D036BAB254-P033	Downloads/theory-of-analysis-FD.tex;MATH-ALLS-2/theory-of-analysis-FD.tex	Downloads;MATH-ALLS-2	EXERCISE	2.5	IMP-DL-2370D81D66-S009;IMP-M2-D036BAB254-S009		YES	NEEDS_EDITORIAL_REVIEW
a1d1146aef4926e4f3a3d195fcb5bc0163b1b626c50fc76d048c3c49c420bf98	SEM-A1D1146AEF49	IMP-DL-12C1A20716-P026	1	IMP-DL-12C1A20716-P026	Downloads/theory-of-algebraic-topology-10.tex	Downloads	PROBLEM_ITEM				NO	NEEDS_EDITORIAL_REVIEW
a1db9608d509e482f0ae551e0fc11d817a4bc9dd959aeb7a84a4124b87766e65	SEM-A1DB9608D509	IMP-DL-592BD0798C-P046	2	IMP-DL-592BD0798C-P046;IMP-M3-1FB8799CDC-P046	Downloads/theory-of-commutative-algebra-8.tex;MATH_ALLS-3/theory-of-commutative-algebra-8.tex	Downloads;MATH_ALLS-3	WORKED_EXAMPLE	1			NO	NEEDS_EDITORIAL_REVIEW
a1e1a8762dd4ce71e4b7e2d6e846e000b81f1adeab67c8d91f9da58566ae6355	SEM-A1E1A8762DD4	IMP-DL-0EB9CBD958-P016	2	IMP-DL-0EB9CBD958-P016;IMP-M2-F4C85D52DC-P016	Downloads/theory-of-geometry.tex;MATH-ALLS-2/theory-of-geometry.tex	Downloads;MATH-ALLS-2	PROBLEM_ITEM				NO	NEEDS_EDITORIAL_REVIEW
a1e4571cb2e3699e30fd71e1baf554c8a64ac7b7d01e5fe5e26e6fb39f0b5f6a	SEM-A1E4571CB2E3	IMP-DL-3E276561C4-P037	2	IMP-DL-3E276561C4-P037;IMP-M3-AB2FCA292B-P037	Downloads/theory-of-linear-algebra-1.tex;MATH_ALLS-3/theory-of-linear-algebra-1.tex	Downloads;MATH_ALLS-3	PROBLEM	7	IMP-DL-3E276561C4-S057;IMP-M3-AB2FCA292B-S057		YES	NEEDS_EDITORIAL_REVIEW
a1e9c5fbbf9badc1c278307accfc7d07b7c51210eb3bf24ffc46c154848d0a26	SEM-A1E9C5FBBF9B	IMP-DL-15679DEE8D-P022	12	IMP-DL-15679DEE8D-P022;IMP-DL-15679DEE8D-R003370-A1E9C5FB;IMP-DL-3CA1CB77F7-P022;IMP-DL-3CA1CB77F7-R003373-A1E9C5FB;IMP-DL-E0A96454A5-P022;IMP-DL-E0A96454A5-R003370-A1E9C5FB;IMP-M2-1D2863B81A-P022;IMP-M2-1D2863B81A-R003370-A1E9C5FB;IMP-M2-D47CB97304-P022;IMP-M2-D47CB97304-R003370-A1E9C5FB;IMP-M2-F08D4144EA-P022;IMP-M2-F08D4144EA-R003373-A1E9C5FB	Downloads/theory-of-analysis - Copy.tex;Downloads/theory-of-analysis-numbers.tex;Downloads/theory-of-analysis.tex;MATH-ALLS-2/theory-of-analysis - Copy.tex;MATH-ALLS-2/theory-of-analysis-numbers.tex;MATH-ALLS-2/theory-of-analysis.tex	Downloads;MATH-ALLS-2	EXERCISE				NO	NEEDS_EDITORIAL_REVIEW
a1e9cbfb356f2d28e4227a8eea4a6037927f199336a40fac509cc1d450f34eea	SEM-A1E9CBFB356F	IMP-DL-2370D81D66-P011	2	IMP-DL-2370D81D66-P011;IMP-M2-D036BAB254-P011	Downloads/theory-of-analysis-FD.tex;MATH-ALLS-2/theory-of-analysis-FD.tex	Downloads;MATH-ALLS-2	EXERCISE	1.7			NO	NEEDS_EDITORIAL_REVIEW
a1f4fef67071257d9f27d989b1bfc2efdda06e90fe576dd30983e7c0539861a4	SEM-A1F4FEF67071	IMP-DL-E88547CF67-P030	2	IMP-DL-E88547CF67-P030;IMP-M2-80D8AED0FF-P030	Downloads/theory-of-geometry-3.tex;MATH-ALLS-2/theory-of-geometry-3.tex	Downloads;MATH-ALLS-2	PROBLEM_ITEM				NO	NEEDS_EDITORIAL_REVIEW
a22dfa63fb51bb5211c6d2602d18bd83bfe4469d7077a1cb8aa73a3657663556	SEM-A22DFA63FB51	IMP-DL-F77C60E8D1-P005	2	IMP-DL-F77C60E8D1-P005;IMP-M2-09C070ED26-P005	Downloads/theory-of-complex-analysis-next2.tex;MATH-ALLS-2/theory-of-complex-analysis-next2.tex	Downloads;MATH-ALLS-2	PROBLEM		IMP-DL-F77C60E8D1-S004;IMP-M2-09C070ED26-S004		YES	NEEDS_EDITORIAL_REVIEW
a23804f2e410b079022d0a546f5a5d40ec1932d6f6efca948a9112d2d2382dab	SEM-A23804F2E410	IMP-DL-336732908A-P005	2	IMP-DL-336732908A-P005;IMP-M2-805F474A19-P005	Downloads/theory-of-complex-analysis-next.tex;MATH-ALLS-2/theory-of-complex-analysis-next.tex	Downloads;MATH-ALLS-2	WORKED_EXAMPLE	1			NO	NEEDS_EDITORIAL_REVIEW
a23c6c8527b7d71ec9fd8fbc06e3a32ef82b66acdc3374d36561e24d4a805405	SEM-A23C6C8527B7	IMP-DL-40BD8D3E26-P003	2	IMP-DL-40BD8D3E26-P003;IMP-M2-0384991A85-P003	Downloads/theory-of-geometry-2.tex;MATH-ALLS-2/theory-of-geometry-2.tex	Downloads;MATH-ALLS-2	PROBLEM_ITEM				NO	NEEDS_EDITORIAL_REVIEW
a256b6b142a51641687949116bf50616e4dc940a1f16bf6d2956bf19352e3ad0	SEM-A256B6B142A5	IMP-DL-D2CF6ADC46-R001256-A256B6B1	1	IMP-DL-D2CF6ADC46-R001256-A256B6B1	Downloads/theory-of-commutative-algebra-16.tex	Downloads	EXAMPLE				NO	NEEDS_EDITORIAL_REVIEW
a25a89bd404f23e6f6d42c71ca59c4acd82bd042737b3c301f8e70d6576b9f08	SEM-A25A89BD404F	IMP-DL-D18914CBBD-P060	2	IMP-DL-D18914CBBD-P060;IMP-M3-78B3C1B707-P060	Downloads/theory-of-commutative-algebra-11.tex;MATH_ALLS-3/theory-of-commutative-algebra-11.tex	Downloads;MATH_ALLS-3	WORKED_EXAMPLE	3			NO	NEEDS_EDITORIAL_REVIEW
a26c4a0fb2bc1a42d2fe863677d2e6e2ded28de580fd596a267129f49b024a09	SEM-A26C4A0FB2BC	IMP-DL-18BC6F795C-P023	1	IMP-DL-18BC6F795C-P023	Downloads/theory-of-algebraic-topology-9.tex	Downloads	WORKED_EXAMPLE	4			NO	NEEDS_EDITORIAL_REVIEW
a276fbfc448d9aeac7dfcc7372e71ad98bb1af3b1116692a53b73476647f5551	SEM-A276FBFC448D	IMP-DL-2E134BF207-P024	1	IMP-DL-2E134BF207-P024	Downloads/theory-of-algebraic-topology-5.tex	Downloads	PROBLEM_ITEM				NO	NEEDS_EDITORIAL_REVIEW
a28869287fab4e84d45843d32c7e425cf5b7be16cec31b15e2f08d6b70ab2fcf	SEM-A28869287FAB	IMP-DL-12C1A20716-P005	1	IMP-DL-12C1A20716-P005	Downloads/theory-of-algebraic-topology-10.tex	Downloads	EXERCISE_ITEM				NO	NEEDS_EDITORIAL_REVIEW
a299e5e1db62e12192768681bd346d0b0c47ad01450b470ea791c4ee83a28719	SEM-A299E5E1DB62	IMP-DL-183AD43C4C-PSR003586-A299E5E1	2	IMP-DL-183AD43C4C-PSR003586-A299E5E1;IMP-M2-1895C43FC6-PSR003586-A299E5E1	Downloads/theory-of-real-analysis.tex;MATH-ALLS-2/theory-of-real-analysis.tex	Downloads;MATH-ALLS-2	EXAMPLE	2			NO	NEEDS_EDITORIAL_REVIEW
a2a83f2e1b5edbdb5384c6ec319bfa88d317fe7f26d471fe483f6e9b6a6c6ccf	SEM-A2A83F2E1B5E	IMP-DL-183AD43C4C-P026	4	IMP-DL-183AD43C4C-P026;IMP-DL-20E278E436-P026;IMP-M2-1895C43FC6-P026;IMP-M2-50B0B212DD-P026	Downloads/merged_exercises_FULL_v2 (1).tex;Downloads/theory-of-real-analysis.tex;MATH-ALLS-2/merged_exercises_FULL_v2 (1).tex;MATH-ALLS-2/theory-of-real-analysis.tex	Downloads;MATH-ALLS-2	EXERCISE	9.6			NO	NEEDS_EDITORIAL_REVIEW
a2d20713fb5415921269f406bb86420bb178d6d5648624ba87c3bd2cebd6d75d	SEM-A2D20713FB54	IMP-DL-A11279CC33-P002	2	IMP-DL-A11279CC33-P002;IMP-M3-73E0197CF3-P002	Downloads/theory-of-commutative-algebra-6.tex;MATH_ALLS-3/theory-of-commutative-algebra-6.tex	Downloads;MATH_ALLS-3	WORKED_EXAMPLE				NO	NEEDS_EDITORIAL_REVIEW
a2d36de93c6f9326c07e3d80e76d82a4387bdc2ae94070a9f14193647b707a58	SEM-A2D36DE93C6F	IMP-DL-316AE183C3-P055	2	IMP-DL-316AE183C3-P055;IMP-M2-303BB87ACE-P055	Downloads/theory-of-analysis-functions.tex;MATH-ALLS-2/theory-of-analysis-functions.tex	Downloads;MATH-ALLS-2	EXERCISE_ITEM				NO	NEEDS_EDITORIAL_REVIEW
a34736f05e3f1d85d0f9efbf76d7ea60db51755ea318ef440d6b4357c9168eb8	SEM-A34736F05E3F	IMP-DL-3C59D9EE8B-P070	2	IMP-DL-3C59D9EE8B-P070;IMP-M3-D1A916E0DD-P070	Downloads/theory-of-commutative-algebra-5-professional-v2.tex;MATH_ALLS-3/theory-of-commutative-algebra-5-professional-v2.tex	Downloads;MATH_ALLS-3	PROBLEM_ITEM				NO	NEEDS_EDITORIAL_REVIEW
a34d478678ef5a5b98800cbc4ea53ed8452f0369115a2a4ae887c198283fc1ac	SEM-A34D478678EF	IMP-DL-A11279CC33-P006	2	IMP-DL-A11279CC33-P006;IMP-M3-73E0197CF3-P006	Downloads/theory-of-commutative-algebra-6.tex;MATH_ALLS-3/theory-of-commutative-algebra-6.tex	Downloads;MATH_ALLS-3	WORKED_EXAMPLE				NO	NEEDS_EDITORIAL_REVIEW
a3530baa9105ae132be633c77aa53c55f8317c9ad67338c9a0d791174deb8b24	SEM-A3530BAA9105	IMP-DL-316AE183C3-P024	2	IMP-DL-316AE183C3-P024;IMP-M2-303BB87ACE-P024	Downloads/theory-of-analysis-functions.tex;MATH-ALLS-2/theory-of-analysis-functions.tex	Downloads;MATH-ALLS-2	EXERCISE_ITEM				NO	NEEDS_EDITORIAL_REVIEW
a354d72a4a382d1622d5304f6260220e018a7ab35dcbb98091767c7e324718a0	SEM-A354D72A4A38	IMP-DL-314EAD1F3C-SPR005233-A354D72A	1	IMP-DL-314EAD1F3C-SPR005233-A354D72A	Downloads/theory-of-algebraic-topology-12.tex	Downloads	EXAMPLE	15.2.			NO	NEEDS_EDITORIAL_REVIEW
a3653ed1d381e79da576cd40969431761b1a548677977d9df84b65db8cb3b02a	SEM-A3653ED1D381	IMP-DL-E88547CF67-R002064-A3653ED1	2	IMP-DL-E88547CF67-R002064-A3653ED1;IMP-M2-80D8AED0FF-R002064-A3653ED1	Downloads/theory-of-geometry-3.tex;MATH-ALLS-2/theory-of-geometry-3.tex	Downloads;MATH-ALLS-2	EXAMPLE	on			NO	NEEDS_EDITORIAL_REVIEW
a36c99869fbec9d1096965d8642a7dc7db164fd08addc291829e7afab3581d85	SEM-A36C99869FBE	IMP-DL-592BD0798C-P014	2	IMP-DL-592BD0798C-P014;IMP-M3-1FB8799CDC-P014	Downloads/theory-of-commutative-algebra-8.tex;MATH_ALLS-3/theory-of-commutative-algebra-8.tex	Downloads;MATH_ALLS-3	WORKED_EXAMPLE	1			NO	NEEDS_EDITORIAL_REVIEW
a388bac1a844d75e4fc8cba9870fce26fb6fd51f4400b68d2916e163709b6a92	SEM-A388BAC1A844	IMP-DL-8D5CF4CFBA-P032	2	IMP-DL-8D5CF4CFBA-P032;IMP-M3-89937139FC-P032	Downloads/theory-of-linear-algebra-2.tex;MATH_ALLS-3/theory-of-linear-algebra-2.tex	Downloads;MATH_ALLS-3	PROBLEM	3	IMP-DL-8D5CF4CFBA-S041;IMP-M3-89937139FC-S041		YES	NEEDS_EDITORIAL_REVIEW
a3963363645a6376e97ef76af2e62823a17d2c42fd241cbedfd78303ceded3dd	SEM-A3963363645A	IMP-DL-A470D9BACB-P007	2	IMP-DL-A470D9BACB-P007;IMP-M2-2850FB9A8A-P007	Downloads/theory-of-geometry-1.tex;MATH-ALLS-2/theory-of-geometry-1.tex	Downloads;MATH-ALLS-2	PROBLEM	4			NO	NEEDS_EDITORIAL_REVIEW
a396c83567f6f8f3d34a5492597d9a0e0b1ec50207ec9c053d74e642ffb2b14d	SEM-A396C83567F6	IMP-DL-0A181AC273-P036	4	IMP-DL-0A181AC273-P036;IMP-DL-AD9EFCAF62-P012;IMP-M2-79778E004E-P012;IMP-M2-80AFB5AE64-P036	Downloads/theory-of-complex-analysis-2.tex;Downloads/theory-of-complex-analysis.tex;MATH-ALLS-2/theory-of-complex-analysis-2.tex;MATH-ALLS-2/theory-of-complex-analysis.tex	Downloads;MATH-ALLS-2	PROBLEM	10	IMP-DL-0A181AC273-S018;IMP-DL-AD9EFCAF62-S007;IMP-M2-79778E004E-S007;IMP-M2-80AFB5AE64-S018		YES	NEEDS_EDITORIAL_REVIEW
a3d3cc629b20089bf999cc55ddd44515deaaf2400c300bb49894044ebe0fccab	SEM-A3D3CC629B20	IMP-DL-0A181AC273-P009	2	IMP-DL-0A181AC273-P009;IMP-M2-80AFB5AE64-P009	Downloads/theory-of-complex-analysis.tex;MATH-ALLS-2/theory-of-complex-analysis.tex	Downloads;MATH-ALLS-2	EXERCISE_ITEM				NO	NEEDS_EDITORIAL_REVIEW
a3f90d6d5714772c9d811015d55a646895b933756ce7384928c3d98a25211d4d	SEM-A3F90D6D5714	IMP-DL-2370D81D66-R000113-A3F90D6D	2	IMP-DL-2370D81D66-R000113-A3F90D6D;IMP-M2-D036BAB254-R000113-A3F90D6D	Downloads/theory-of-analysis-FD.tex;MATH-ALLS-2/theory-of-analysis-FD.tex	Downloads;MATH-ALLS-2	EXERCISE	1.1			NO	NEEDS_EDITORIAL_REVIEW
a41c9b1b3a0db5b14724a6a96bf2625ffc33cc02dd01edbb1070d91c5a247ecd	SEM-A41C9B1B3A0D	IMP-DL-E0B80C696E-P013	1	IMP-DL-E0B80C696E-P013	Downloads/theory-of-algebraic-topology-7.tex	Downloads	WORKED_EXAMPLE	1			NO	NEEDS_EDITORIAL_REVIEW
a41f7f3a8f1c3d61245cd91515aca0c7c873b91112aab2458f36245bb5e49cda	SEM-A41F7F3A8F1C	IMP-DL-3E276561C4-P022	2	IMP-DL-3E276561C4-P022;IMP-M3-AB2FCA292B-P022	Downloads/theory-of-linear-algebra-1.tex;MATH_ALLS-3/theory-of-linear-algebra-1.tex	Downloads;MATH_ALLS-3	PROBLEM_ITEM				NO	NEEDS_EDITORIAL_REVIEW
a447da2cf41871e02625e8cbe40aaa8ed0ae74c711e164704c7400a5d02dc79d	SEM-A447DA2CF418	IMP-DL-4DEBE28720-P071	2	IMP-DL-4DEBE28720-P071;IMP-M3-8E395763C8-P071	Downloads/theory-of-commutative-algebra-13.tex;MATH_ALLS-3/theory-of-commutative-algebra-13.tex	Downloads;MATH_ALLS-3	WORKED_EXAMPLE	2			NO	NEEDS_EDITORIAL_REVIEW
a4b0505a78b4a41021538c9574cf49405934536e3304a47a1ba8ce8f43279925	SEM-A4B0505A78B4	IMP-DL-64E478D7C4-P001	3	IMP-DL-64E478D7C4-P001;IMP-M2-F0A012FCDC-P001;IMP-M3-9D560B8960-P001	Downloads/theory-of-differential-geometry-MATH3D.tex;MATH-ALLS-2/theory-of-differential-geometry-MATH3D.tex;MATH_ALLS-3/theory-of-differential-geometry-MATH3D.tex	Downloads;MATH-ALLS-2;MATH_ALLS-3	PROBLEM				NO	NEEDS_EDITORIAL_REVIEW
a4c68832d18ec39bcb02002c29242139a68de225f70eccd843830ad0baa8bf10	SEM-A4C68832D18E	IMP-DL-D148B51FB7-P025	2	IMP-DL-D148B51FB7-P025;IMP-M3-5A5277EBFB-P025	Downloads/theory-of-differential-geometry-4.tex;MATH_ALLS-3/theory-of-differential-geometry-4.tex	Downloads;MATH_ALLS-3	PROBLEM	4	IMP-DL-D148B51FB7-S017;IMP-M3-5A5277EBFB-S017		YES	NEEDS_EDITORIAL_REVIEW
a4e3760d012b7a2ef232c57075336e838a51db2ac961d1e3de1ecb5ef73011c7	SEM-A4E3760D012B	IMP-DL-A978FB3162-P017	1	IMP-DL-A978FB3162-P017	Downloads/theory-of-algebraic-topology-4.tex	Downloads	WORKED_EXAMPLE	6			NO	NEEDS_EDITORIAL_REVIEW
a4f298b073667e0e6bac56a0e50518fd6b9f1e2e30b5536662cdd8ea977a1300	SEM-A4F298B07366	IMP-DL-8016517B0A-P015	3	IMP-DL-8016517B0A-P015;IMP-M2-2B58694CBF-P015;IMP-M3-911366A7C5-P015	Downloads/theory-of-differential-geometry-1.tex;MATH-ALLS-2/theory-of-differential-geometry-1.tex;MATH_ALLS-3/theory-of-differential-geometry-1.tex	Downloads;MATH-ALLS-2;MATH_ALLS-3	PROBLEM_ITEM	Homogeneous charts			NO	NEEDS_EDITORIAL_REVIEW
a516ffb76b40cce63220dd607f2e1df49e8611adeb2395495de61e178c76ce86	SEM-A516FFB76B40	IMP-DL-7A55205E2C-R002423-A516FFB7	2	IMP-DL-7A55205E2C-R002423-A516FFB7;IMP-M2-2D41E1011A-R002423-A516FFB7	Downloads/theory-of-geometry-4.tex;MATH-ALLS-2/theory-of-geometry-4.tex	Downloads;MATH-ALLS-2	PROBLEM	10			NO	NEEDS_EDITORIAL_REVIEW
a526211543765d01189362dbcfafc505044d86b8a9d3da4cb844420c04b025a0	SEM-A52621154376	IMP-DL-873C6F4098-P080	2	IMP-DL-873C6F4098-P080;IMP-M2-CFC28ED568-P080	Downloads/theory-of-analysis-II.tex;MATH-ALLS-2/theory-of-analysis-II.tex	Downloads;MATH-ALLS-2	PROBLEM_ITEM		IMP-DL-873C6F4098-S018;IMP-M2-CFC28ED568-S018		YES	NEEDS_EDITORIAL_REVIEW
a55582677fb151b9c5d91116c2c1d9199a3d93671684b3aab0a24654d8377c09	SEM-A55582677FB1	IMP-DL-3C59D9EE8B-P043	2	IMP-DL-3C59D9EE8B-P043;IMP-M3-D1A916E0DD-P043	Downloads/theory-of-commutative-algebra-5-professional-v2.tex;MATH_ALLS-3/theory-of-commutative-algebra-5-professional-v2.tex	Downloads;MATH_ALLS-3	PROBLEM_ITEM				NO	NEEDS_EDITORIAL_REVIEW
a55fb73bf2f0a64734bf19d3e2ccc1defed387a9383be142a4eaaaebce325baf	SEM-A55FB73BF2F0	IMP-DL-12C1A20716-P020	1	IMP-DL-12C1A20716-P020	Downloads/theory-of-algebraic-topology-10.tex	Downloads	PROBLEM_ITEM				NO	NEEDS_EDITORIAL_REVIEW
a57c709de438bd49edebe08972d8241462c46d6bb7958636b234031b68887833	SEM-A57C709DE438	IMP-DL-12C1A20716-P031	1	IMP-DL-12C1A20716-P031	Downloads/theory-of-algebraic-topology-10.tex	Downloads	PROBLEM	10.	IMP-DL-12C1A20716-S006		YES	NEEDS_EDITORIAL_REVIEW
a586c3fa3b2bb7c8a47dcfdf0a68f00f2d9d6f7ca0bbe836fb921161cbb42dd5	SEM-A586C3FA3B2B	IMP-DL-2370D81D66-P029	2	IMP-DL-2370D81D66-P029;IMP-M2-D036BAB254-P029	Downloads/theory-of-analysis-FD.tex;MATH-ALLS-2/theory-of-analysis-FD.tex	Downloads;MATH-ALLS-2	WORKED_EXAMPLE	1			NO	NEEDS_EDITORIAL_REVIEW
a5920701ebdd1e1890fd12a4bb7d1c3d7642f2f3faec04fbf40c5df6e5feec10	SEM-A5920701EBDD	IMP-DL-38CE6DEB56-P025	2	IMP-DL-38CE6DEB56-P025;IMP-M3-D19BB3C803-P025	Downloads/theory-of-commutative-algebra-14.tex;MATH_ALLS-3/theory-of-commutative-algebra-14.tex	Downloads;MATH_ALLS-3	WORKED_EXAMPLE	22			NO	NEEDS_EDITORIAL_REVIEW
a594472e5faa8835684dfca8b1f2e0a5466311cf7d35ba81690e0795ca5ce3fc	SEM-A594472E5FAA	IMP-DL-316AE183C3-P043	2	IMP-DL-316AE183C3-P043;IMP-M2-303BB87ACE-P043	Downloads/theory-of-analysis-functions.tex;MATH-ALLS-2/theory-of-analysis-functions.tex	Downloads;MATH-ALLS-2	EXERCISE_ITEM				NO	NEEDS_EDITORIAL_REVIEW
a5dc5779333b7f5b6cf3c2eb8cc75fb00bf41575b05a881961bbe4a389005cb5	SEM-A5DC5779333B	IMP-DL-35223EB1F7-R003091-A5DC5779	1	IMP-DL-35223EB1F7-R003091-A5DC5779	Downloads/theory-of-algebraic-topology-6.tex	Downloads	EXAMPLE	3			NO	NEEDS_EDITORIAL_REVIEW
a5f7643712f9881bc6b25b992a4fcf3647c61fe00c534fe1c7f8fbb33392ac2e	SEM-A5F7643712F9	IMP-DL-A978FB3162-P088	1	IMP-DL-A978FB3162-P088	Downloads/theory-of-algebraic-topology-4.tex	Downloads	WORKED_EXAMPLE	7			NO	NEEDS_EDITORIAL_REVIEW
a61611db619a184f04c18cd72b1b950c640e39977843119cbf25a4e16ec82d40	SEM-A61611DB619A	IMP-DL-873C6F4098-P093	2	IMP-DL-873C6F4098-P093;IMP-M2-CFC28ED568-P093	Downloads/theory-of-analysis-II.tex;MATH-ALLS-2/theory-of-analysis-II.tex	Downloads;MATH-ALLS-2	PROBLEM_ITEM				NO	NEEDS_EDITORIAL_REVIEW
a61df272bbca6e153d8977c3f89bf2573974d7b2d942411654231d64084938c4	SEM-A61DF272BBCA	IMP-DL-D6E9B3BC73-P008	2	IMP-DL-D6E9B3BC73-P008;IMP-M3-422B74F85F-P008	Downloads/theory-of-algebraic-topology-1.tex;MATH_ALLS-3/theory-of-algebraic-topology-1.tex	Downloads;MATH_ALLS-3	WORKED_EXAMPLE	7			NO	NEEDS_EDITORIAL_REVIEW
a631d1a932d8e6b9a5fa6e553eca19cede621348d18d5410327e5067bcb8ae2f	SEM-A631D1A932D8	IMP-DL-627841AC75-SPR004728-A631D1A9	1	IMP-DL-627841AC75-SPR004728-A631D1A9	Downloads/theory-of-algebraic-topology-3.tex	Downloads	EXAMPLE				NO	NEEDS_EDITORIAL_REVIEW
a632537e32d0941be52125fd8beccde004124b55bbd1cee04e1d0a34d94116e1	SEM-A632537E32D0	IMP-DL-1068DBED71-P021	4	IMP-DL-1068DBED71-P021;IMP-DL-CAA415139D-P021;IMP-M3-F4E66B2919-P021;IMP-M3-FCB1647DD6-P021	Downloads/theory-of-commutative-algebra-10.tex;Downloads/theory-of-commutative-algebra-9.tex;MATH_ALLS-3/theory-of-commutative-algebra-10.tex;MATH_ALLS-3/theory-of-commutative-algebra-9.tex	Downloads;MATH_ALLS-3	WORKED_EXAMPLE				NO	NEEDS_EDITORIAL_REVIEW
a633ec332409b393ee87e9f0404e4cd517ae95afb7084f7e61547a585714bd83	SEM-A633EC332409	IMP-DL-6447F1B120-P020	1	IMP-DL-6447F1B120-P020	Downloads/theory-of-algebraic-topology-11.tex	Downloads	PROBLEM_ITEM				NO	NEEDS_EDITORIAL_REVIEW
a64876827f5252c55b73d82447f895a7c98fac574cb45deba41fa0753f91067f	SEM-A64876827F52	IMP-DL-3190BA882C-P030	2	IMP-DL-3190BA882C-P030;IMP-M3-CABB372599-P030	Downloads/theory-of-commutative-algebra-15.tex;MATH_ALLS-3/theory-of-commutative-algebra-15.tex	Downloads;MATH_ALLS-3	EXERCISE	4	IMP-DL-3190BA882C-S004;IMP-M3-CABB372599-S004		YES	NEEDS_EDITORIAL_REVIEW
a64f46297ee891148231a8f566eb8f7b47ca5f1378594eb6c35b4fb02a525f4f	SEM-A64F46297EE8	IMP-DL-1068DBED71-P030	4	IMP-DL-1068DBED71-P030;IMP-DL-CAA415139D-P030;IMP-M3-F4E66B2919-P030;IMP-M3-FCB1647DD6-P030	Downloads/theory-of-commutative-algebra-10.tex;Downloads/theory-of-commutative-algebra-9.tex;MATH_ALLS-3/theory-of-commutative-algebra-10.tex;MATH_ALLS-3/theory-of-commutative-algebra-9.tex	Downloads;MATH_ALLS-3	WORKED_EXAMPLE				NO	NEEDS_EDITORIAL_REVIEW
a653356ae6ba2d9c6056c43ccd7fee48c4f9621f54eb4a545619a895d1289a43	SEM-A653356AE6BA	IMP-DL-12C1A20716-P012	1	IMP-DL-12C1A20716-P012	Downloads/theory-of-algebraic-topology-10.tex	Downloads	PROBLEM_ITEM				NO	NEEDS_EDITORIAL_REVIEW
a674028c677d5819f1b78efacb5b6e2a29f76fac37f9507d0d69c15fc9d6482a	SEM-A674028C677D	IMP-DL-316AE183C3-R003798-A674028C	2	IMP-DL-316AE183C3-R003798-A674028C;IMP-M2-303BB87ACE-R003798-A674028C	Downloads/theory-of-analysis-functions.tex;MATH-ALLS-2/theory-of-analysis-functions.tex	Downloads;MATH-ALLS-2	SOFT_PROBLEM				NO	NEEDS_EDITORIAL_REVIEW
a67e231a90c04e99b96dc6295eec1b8eaf5b150988b3c4524d2ddc5291aeae1f	SEM-A67E231A90C0	IMP-DL-18BC6F795C-P008	1	IMP-DL-18BC6F795C-P008	Downloads/theory-of-algebraic-topology-9.tex	Downloads	WORKED_EXAMPLE	7			NO	NEEDS_EDITORIAL_REVIEW
a68c798d6ba3cf4bf2c5f2c645b26b9d75aaf867943be780ffba7b4aaa3f1d97	SEM-A68C798D6BA3	IMP-DL-4DEBE28720-P030	2	IMP-DL-4DEBE28720-P030;IMP-M3-8E395763C8-P030	Downloads/theory-of-commutative-algebra-13.tex;MATH_ALLS-3/theory-of-commutative-algebra-13.tex	Downloads;MATH_ALLS-3	EXERCISE_ITEM				NO	NEEDS_EDITORIAL_REVIEW
a6ae497557acd0a8441827db624f3a7b7cb11621ab8f1920140edb633218a0a8	SEM-A6AE497557AC	IMP-DL-6447F1B120-P026	1	IMP-DL-6447F1B120-P026	Downloads/theory-of-algebraic-topology-11.tex	Downloads	PROBLEM_ITEM				NO	NEEDS_EDITORIAL_REVIEW
a6cf657554c7211e1b68f299d2a10a4bdac45b428705726ecc307180da112a0c	SEM-A6CF657554C7	IMP-DL-0B4CC237FA-SPR002718-A6CF6575	1	IMP-DL-0B4CC237FA-SPR002718-A6CF6575	Downloads/theory-of-algebraic-geometry-3.tex	Downloads	EXAMPLE	13.			NO	NEEDS_EDITORIAL_REVIEW
a6dcfc66fc2dd3d084ae4fb22ecf48a9bd6e15b2031d1a9104c6a227dca87a62	SEM-A6DCFC66FC2D	IMP-DL-EAE0F59552-P011	2	IMP-DL-EAE0F59552-P011;IMP-M2-7EA9DA1D72-P011	Downloads/theory-of-analysis-topology.tex;MATH-ALLS-2/theory-of-analysis-topology.tex	Downloads;MATH-ALLS-2	PROBLEM	8			NO	NEEDS_EDITORIAL_REVIEW
a74c02024e23374898eaabada8c1a49ee7cd6c8aa74ae241cdcb4a17d0462dfe	SEM-A74C02024E23	IMP-DL-494D52343C-P010	4	IMP-DL-494D52343C-P010;IMP-DL-57AE2A96C2-P010;IMP-M3-53FA653D33-P010;IMP-M3-A9D1475E81-P010	Downloads/theory-of-commutative-algebra-7 - Copy.tex;Downloads/theory-of-commutative-algebra-7.tex;MATH_ALLS-3/theory-of-commutative-algebra-7 - Copy.tex;MATH_ALLS-3/theory-of-commutative-algebra-7.tex	Downloads;MATH_ALLS-3	WORKED_EXAMPLE				NO	NEEDS_EDITORIAL_REVIEW
a75a92ac2091eaec9963bd6290976eed5b3ebd7890edf2608d376f2814f68cfd	SEM-A75A92AC2091	IMP-DL-BD3A6D53D0-P004	3	IMP-DL-BD3A6D53D0-P004;IMP-M2-E2BE0561BD-P004;IMP-M3-0F6B7A59EB-P004	Downloads/theory-of-differential-geometry-2.tex;MATH-ALLS-2/theory-of-differential-geometry-2.tex;MATH_ALLS-3/theory-of-differential-geometry-2.tex	Downloads;MATH-ALLS-2;MATH_ALLS-3	PROBLEM	10	IMP-DL-BD3A6D53D0-S004;IMP-M2-E2BE0561BD-S004;IMP-M3-0F6B7A59EB-S004		YES	NEEDS_EDITORIAL_REVIEW
a75f3de279550f8b9bf6dfee9e166f18de44974fd97b2ab683f77bba3c6c6529	SEM-A75F3DE27955	IMP-DL-183AD43C4C-PSR003533-A75F3DE2	2	IMP-DL-183AD43C4C-PSR003533-A75F3DE2;IMP-M2-1895C43FC6-PSR003533-A75F3DE2	Downloads/theory-of-real-analysis.tex;MATH-ALLS-2/theory-of-real-analysis.tex	Downloads;MATH-ALLS-2	EXAMPLE	1.			NO	NEEDS_EDITORIAL_REVIEW
a768f2b72ea4f317d2267af3b96085caf1c9502bd2e78124cc3d16d1db58179b	SEM-A768F2B72EA4	IMP-DL-2E134BF207-R000627-A768F2B7	1	IMP-DL-2E134BF207-R000627-A768F2B7	Downloads/theory-of-algebraic-topology-5.tex	Downloads	PROBLEM	statement			NO	NEEDS_EDITORIAL_REVIEW
a76941e8f0366e9e7af1c7b3fa20cb5209f6d0e8f46a7dab4d0f6faa52b83004	SEM-A76941E8F036	IMP-DL-3E276561C4-P023	2	IMP-DL-3E276561C4-P023;IMP-M3-AB2FCA292B-P023	Downloads/theory-of-linear-algebra-1.tex;MATH_ALLS-3/theory-of-linear-algebra-1.tex	Downloads;MATH_ALLS-3	PROBLEM_ITEM				NO	NEEDS_EDITORIAL_REVIEW
a772ebaa5df6aa0ccc66c0c27a51751a068ae1dd33bbdddd4b3de86068ab7103	SEM-A772EBAA5DF6	IMP-DL-1608308E70-P004	1	IMP-DL-1608308E70-P004	Downloads/theory-of-algebraic-topology-14.tex	Downloads	PROBLEM	11	IMP-DL-1608308E70-S004		YES	NEEDS_EDITORIAL_REVIEW
a7869135ceb7c4df80cda3cf61284d9d3fa8a1ba2015815ab3796fe7da7ef79d	SEM-A7869135CEB7	IMP-DL-0AC5ADA26C-P003	1	IMP-DL-0AC5ADA26C-P003	Downloads/theory-of-algebraic-topology-8.tex	Downloads	WORKED_EXAMPLE	3			NO	NEEDS_EDITORIAL_REVIEW
a78d2ce85405160e7e55e54f2bec1d53969010750f8f7a77f2d325efe5a2363b	SEM-A78D2CE85405	IMP-DL-3C59D9EE8B-P065	2	IMP-DL-3C59D9EE8B-P065;IMP-M3-D1A916E0DD-P065	Downloads/theory-of-commutative-algebra-5-professional-v2.tex;MATH_ALLS-3/theory-of-commutative-algebra-5-professional-v2.tex	Downloads;MATH_ALLS-3	PROBLEM_ITEM				NO	NEEDS_EDITORIAL_REVIEW
a7ac9e446fc8a02843813c7b2a004b0a656bc821412245c9413a2cff62cab15a	SEM-A7AC9E446FC8	IMP-DL-C3DACFE8A7-P013	1	IMP-DL-C3DACFE8A7-P013	Downloads/theory-of-algebraic-geometry-7.tex	Downloads	WORKED_EXAMPLE	14.			NO	NEEDS_EDITORIAL_REVIEW
a7b282994025a24a95bb4fa9f05633938f14a32703d0012515c5c6647eb45ab2	SEM-A7B282994025	IMP-DL-3C59D9EE8B-P059	2	IMP-DL-3C59D9EE8B-P059;IMP-M3-D1A916E0DD-P059	Downloads/theory-of-commutative-algebra-5-professional-v2.tex;MATH_ALLS-3/theory-of-commutative-algebra-5-professional-v2.tex	Downloads;MATH_ALLS-3	PROBLEM_ITEM				NO	NEEDS_EDITORIAL_REVIEW
a7f1d876467a26ce92431c6a949e516c0bb7e3b93ef403f469535bcea4f68a7a	SEM-A7F1D876467A	IMP-DL-8D5CF4CFBA-P002	2	IMP-DL-8D5CF4CFBA-P002;IMP-M3-89937139FC-P002	Downloads/theory-of-linear-algebra-2.tex;MATH_ALLS-3/theory-of-linear-algebra-2.tex	Downloads;MATH_ALLS-3	PROBLEM	2	IMP-DL-8D5CF4CFBA-S002;IMP-M3-89937139FC-S002		YES	NEEDS_EDITORIAL_REVIEW
a82b5a251392c2ede979a539d1537e0965f1a132c7ace3f3debf2cf4ec5ffb6c	SEM-A82B5A251392	IMP-DL-E69AEC0DA9-P020	2	IMP-DL-E69AEC0DA9-P020;IMP-M2-BC23C57F39-P020	Downloads/merged_exercises_corrected (4).tex;MATH-ALLS-2/merged_exercises_corrected (4).tex	Downloads;MATH-ALLS-2	EXERCISE	3.4			NO	NEEDS_EDITORIAL_REVIEW
a845d9d4052fe7fe6f1b117af17308a660f147534b5a157dc16adec4258ba18a	SEM-A845D9D4052F	IMP-DL-EAE0F59552-P005	2	IMP-DL-EAE0F59552-P005;IMP-M2-7EA9DA1D72-P005	Downloads/theory-of-analysis-topology.tex;MATH-ALLS-2/theory-of-analysis-topology.tex	Downloads;MATH-ALLS-2	PROBLEM_ITEM				NO	NEEDS_EDITORIAL_REVIEW
a8a9051a89d84f5c3f43b592b476d8d2a49a4cfd829677a50ab3bbc4ebc5212d	SEM-A8A9051A89D8	IMP-DL-314EAD1F3C-R000276-A8A9051A	1	IMP-DL-314EAD1F3C-R000276-A8A9051A	Downloads/theory-of-algebraic-topology-12.tex	Downloads	PROBLEM	12.	IMP-DL-314EAD1F3C-S002;IMP-DL-314EAD1F3C-S004		YES	NEEDS_EDITORIAL_REVIEW
a8bd6bf7af6d26edb3d1079fab147eab84eff994127b1d978d6b477db9708d16	SEM-A8BD6BF7AF6D	IMP-DL-6447F1B120-PSR003974-A8BD6BF7	1	IMP-DL-6447F1B120-PSR003974-A8BD6BF7	Downloads/theory-of-algebraic-topology-11.tex	Downloads	EXAMPLE	2.			NO	NEEDS_EDITORIAL_REVIEW
a8beba3884e3d3a27751bddbae9a15fcd22f80cc42ae853664f591876a4c03f6	SEM-A8BEBA3884E3	IMP-DL-CB3C80FF97-P040	2	IMP-DL-CB3C80FF97-P040;IMP-M2-7B5A4788C1-P040	Downloads/theory-of-complex-analysis-topology.tex;MATH-ALLS-2/theory-of-complex-analysis-topology.tex	Downloads;MATH-ALLS-2	PROBLEM_ITEM				NO	NEEDS_EDITORIAL_REVIEW
a8fd3d2ecd5d4e814fcd746f2119c89d95bb5fb77e7006fbae0849176a1137ae	SEM-A8FD3D2ECD5D	IMP-DL-183AD43C4C-R001524-A8FD3D2E	4	IMP-DL-183AD43C4C-R001524-A8FD3D2E;IMP-DL-20E278E436-R001466-A8FD3D2E;IMP-M2-1895C43FC6-R001524-A8FD3D2E;IMP-M2-50B0B212DD-R001466-A8FD3D2E	Downloads/merged_exercises_FULL_v2 (1).tex;Downloads/theory-of-real-analysis.tex;MATH-ALLS-2/merged_exercises_FULL_v2 (1).tex;MATH-ALLS-2/theory-of-real-analysis.tex	Downloads;MATH-ALLS-2	EXERCISE	6.3	IMP-DL-183AD43C4C-S037;IMP-DL-20E278E436-S037;IMP-M2-1895C43FC6-S037;IMP-M2-50B0B212DD-S037		YES	NEEDS_EDITORIAL_REVIEW
a911e3673340d0da73d9b5af406aba1560a4a793909a41c6473c449219b8e052	SEM-A911E3673340	IMP-DL-0AC5ADA26C-P031	1	IMP-DL-0AC5ADA26C-P031	Downloads/theory-of-algebraic-topology-8.tex	Downloads	WORKED_EXAMPLE	2			NO	NEEDS_EDITORIAL_REVIEW
a941316acc22d3a09517989ea7fa749104752f54ac1a5cbf7704b5b5e1651ecd	SEM-A941316ACC22	IMP-DL-98972A6B93-P023	2	IMP-DL-98972A6B93-P023;IMP-M2-355EA0996F-P023	Downloads/theory-of-geometry-II.tex;MATH-ALLS-2/theory-of-geometry-II.tex	Downloads;MATH-ALLS-2	PROBLEM_ITEM				NO	NEEDS_EDITORIAL_REVIEW
a9aef92edc1b5dea31095878ad7b25eb33b2230a7c033fccf1a6aebee82972c7	SEM-A9AEF92EDC1B	IMP-DL-873C6F4098-P012	2	IMP-DL-873C6F4098-P012;IMP-M2-CFC28ED568-P012	Downloads/theory-of-analysis-II.tex;MATH-ALLS-2/theory-of-analysis-II.tex	Downloads;MATH-ALLS-2	PROBLEM	10	IMP-DL-873C6F4098-S005;IMP-M2-CFC28ED568-S005		YES	NEEDS_EDITORIAL_REVIEW
a9bf610a31bd8c1a0d6ef34e8df012ceac40f4cb62487c6cabfb04393f5bb458	SEM-A9BF610A31BD	IMP-DL-117191C0EC-P003	2	IMP-DL-117191C0EC-P003;IMP-M2-40A546CAA2-P003	Downloads/theory-of-analysis-topics.tex;MATH-ALLS-2/theory-of-analysis-topics.tex	Downloads;MATH-ALLS-2	PROBLEM_ITEM				NO	NEEDS_EDITORIAL_REVIEW
a9c311bdb2ae2dfb800f74c3052f59bb784dff87ca958dbb0facde13bf0104e6	SEM-A9C311BDB2AE	IMP-DL-38CE6DEB56-P036	2	IMP-DL-38CE6DEB56-P036;IMP-M3-D19BB3C803-P036	Downloads/theory-of-commutative-algebra-14.tex;MATH_ALLS-3/theory-of-commutative-algebra-14.tex	Downloads;MATH_ALLS-3	EXERCISE	4	IMP-DL-38CE6DEB56-S004;IMP-M3-D19BB3C803-S004		YES	NEEDS_EDITORIAL_REVIEW
aa0e9bd720371743a631fbdcea742d12bf9f09fa1583aedf1b1cc870af81cd43	SEM-AA0E9BD72037	IMP-DL-ACE5A65961-SPR004163-AA0E9BD7	2	IMP-DL-ACE5A65961-SPR004163-AA0E9BD7;IMP-M3-251F2514E1-SPR004163-AA0E9BD7	Downloads/theory-of-commutative-algebra-2.tex;MATH_ALLS-3/theory-of-commutative-algebra-2.tex	Downloads;MATH_ALLS-3	EXAMPLE	5			NO	NEEDS_EDITORIAL_REVIEW
aa39e7c6bdcc31fcd20615462a9f63dd775ae00d8c3f5e9b8a1d24b623d9b087	SEM-AA39E7C6BDCC	IMP-DL-A978FB3162-P087	1	IMP-DL-A978FB3162-P087	Downloads/theory-of-algebraic-topology-4.tex	Downloads	WORKED_EXAMPLE	6			NO	NEEDS_EDITORIAL_REVIEW
aa70d7c8236d1b2e203a1ea4f1dc41c419e435ba3140e74adc2ff43585dc3e63	SEM-AA70D7C8236D	IMP-DL-35223EB1F7-P015	2	IMP-DL-35223EB1F7-P015;IMP-DL-35223EB1F7-R002298-AA70D7C8	Downloads/theory-of-algebraic-topology-6.tex	Downloads	EXAMPLE;WORKED_EXAMPLE	3			NO	NEEDS_EDITORIAL_REVIEW
aa8617041810468749c5b5d71f8200e9553cea7d771121ba2220c2095233e421	SEM-AA8617041810	IMP-DL-8D5CF4CFBA-P005	2	IMP-DL-8D5CF4CFBA-P005;IMP-M3-89937139FC-P005	Downloads/theory-of-linear-algebra-2.tex;MATH_ALLS-3/theory-of-linear-algebra-2.tex	Downloads;MATH_ALLS-3	PROBLEM	6	IMP-DL-8D5CF4CFBA-S006;IMP-M3-89937139FC-S006		YES	NEEDS_EDITORIAL_REVIEW
aa87e3c7d5ab05b4a91d5e0700438fa44ad245720a4e35b3c281be40416c320d	SEM-AA87E3C7D5AB	IMP-DL-B7E3C22557-SPR001651-AA87E3C7	1	IMP-DL-B7E3C22557-SPR001651-AA87E3C7	Downloads/theory-of-algebraic-geometry-6.tex	Downloads	EXAMPLE	3.			NO	NEEDS_EDITORIAL_REVIEW
aaaaf311ff9e88aa12377fa855c8151bf33831228e3f18a7544259448bafaf0f	SEM-AAAAF311FF9E	IMP-DL-D18914CBBD-P039	2	IMP-DL-D18914CBBD-P039;IMP-M3-78B3C1B707-P039	Downloads/theory-of-commutative-algebra-11.tex;MATH_ALLS-3/theory-of-commutative-algebra-11.tex	Downloads;MATH_ALLS-3	WORKED_EXAMPLE	5			NO	NEEDS_EDITORIAL_REVIEW
aaac0ca93e85c67903a074bbe53b4a140c7c905366eab456a259ff28c1af49b2	SEM-AAAC0CA93E85	IMP-DL-18BC6F795C-P029	1	IMP-DL-18BC6F795C-P029	Downloads/theory-of-algebraic-topology-9.tex	Downloads	WORKED_EXAMPLE	11			NO	NEEDS_EDITORIAL_REVIEW
aab0067838d7899745aedf9f65d558e3e076efc19d7dc3cc463c5ea30cbd0bd3	SEM-AAB0067838D7	IMP-DL-18BC6F795C-P040	1	IMP-DL-18BC6F795C-P040	Downloads/theory-of-algebraic-topology-9.tex	Downloads	PROBLEM_ITEM				NO	NEEDS_EDITORIAL_REVIEW
aac9a3625808db5e713c4c19e71327451549f158ae4a53569f0199ab585f955a	SEM-AAC9A3625808	IMP-DL-15679DEE8D-P011	6	IMP-DL-15679DEE8D-P011;IMP-DL-3CA1CB77F7-P011;IMP-DL-E0A96454A5-P011;IMP-M2-1D2863B81A-P011;IMP-M2-D47CB97304-P011;IMP-M2-F08D4144EA-P011	Downloads/theory-of-analysis - Copy.tex;Downloads/theory-of-analysis-numbers.tex;Downloads/theory-of-analysis.tex;MATH-ALLS-2/theory-of-analysis - Copy.tex;MATH-ALLS-2/theory-of-analysis-numbers.tex;MATH-ALLS-2/theory-of-analysis.tex	Downloads;MATH-ALLS-2	PROBLEM	12			NO	NEEDS_EDITORIAL_REVIEW
aafc6182bf93eb890f3d0126205a5e76eea197e2fa0f64a6eb08f5bcf9b67258	SEM-AAFC6182BF93	IMP-DL-D6E9B3BC73-P009	2	IMP-DL-D6E9B3BC73-P009;IMP-M3-422B74F85F-P009	Downloads/theory-of-algebraic-topology-1.tex;MATH_ALLS-3/theory-of-algebraic-topology-1.tex	Downloads;MATH_ALLS-3	WORKED_EXAMPLE	8			NO	NEEDS_EDITORIAL_REVIEW
ab0da27a7c68fc4ea12f29e7666905bf8b4325775fdcc36623d6ca68d5e27b6c	SEM-AB0DA27A7C68	IMP-DL-9EC07956DD-P002	2	IMP-DL-9EC07956DD-P002;IMP-M2-844641160C-P002	Downloads/ex38g_ex39.tex;MATH-ALLS-2/ex38g_ex39.tex	Downloads;MATH-ALLS-2	EXERCISE	3.9	IMP-DL-9EC07956DD-S002;IMP-M2-844641160C-S002		YES	NEEDS_EDITORIAL_REVIEW
ab10ef023c25684108cc1e20974e62580dad5a6c9861487708303c19bad1fa65	SEM-AB10EF023C25	IMP-DL-4DEBE28720-P025	2	IMP-DL-4DEBE28720-P025;IMP-M3-8E395763C8-P025	Downloads/theory-of-commutative-algebra-13.tex;MATH_ALLS-3/theory-of-commutative-algebra-13.tex	Downloads;MATH_ALLS-3	EXERCISE_ITEM				NO	NEEDS_EDITORIAL_REVIEW
ab5542f9bf4a0eeaa0733e5c66a8c2abee02e3a532b26f3e898d88e6ae4a694d	SEM-AB5542F9BF4A	IMP-DL-1608308E70-P009	1	IMP-DL-1608308E70-P009	Downloads/theory-of-algebraic-topology-14.tex	Downloads	WORKED_EXAMPLE	4			NO	NEEDS_EDITORIAL_REVIEW
ab69651a52efabebb2fef321ef3bb3302b2a08fcff083d4c31ffbce31ce34a08	SEM-AB69651A52EF	IMP-DL-4DEBE28720-P075	2	IMP-DL-4DEBE28720-P075;IMP-M3-8E395763C8-P075	Downloads/theory-of-commutative-algebra-13.tex;MATH_ALLS-3/theory-of-commutative-algebra-13.tex	Downloads;MATH_ALLS-3	WORKED_EXAMPLE	6			NO	NEEDS_EDITORIAL_REVIEW
aba4f3eaa38f006cbf47ae90f5a38f23d9ef9515db5941070dfc95521a06b0ca	SEM-ABA4F3EAA38F	IMP-DL-11EDF39EA7-P026	2	IMP-DL-11EDF39EA7-P026;IMP-M2-68556E3D88-P026	Downloads/theory-of-analysis-FD2.tex;MATH-ALLS-2/theory-of-analysis-FD2.tex	Downloads;MATH-ALLS-2	EXERCISE	5.6			NO	NEEDS_EDITORIAL_REVIEW
ababc84d7de1f001f92dcfb2faaecc9836bc29a5c6d65bf09dc67aa2e755e287	SEM-ABABC84D7DE1	IMP-DL-117191C0EC-P034	2	IMP-DL-117191C0EC-P034;IMP-M2-40A546CAA2-P034	Downloads/theory-of-analysis-topics.tex;MATH-ALLS-2/theory-of-analysis-topics.tex	Downloads;MATH-ALLS-2	PROBLEM	3	IMP-DL-117191C0EC-S021;IMP-M2-40A546CAA2-S021		YES	NEEDS_EDITORIAL_REVIEW
abc85f1c169cc19201c3936b3dd94f9d8db866e45c2c7d2d619a8d700606b999	SEM-ABC85F1C169C	IMP-DL-D148B51FB7-P003	2	IMP-DL-D148B51FB7-P003;IMP-M3-5A5277EBFB-P003	Downloads/theory-of-differential-geometry-4.tex;MATH_ALLS-3/theory-of-differential-geometry-4.tex	Downloads;MATH_ALLS-3	PROBLEM_ITEM				NO	NEEDS_EDITORIAL_REVIEW
abcb05726cb3d74b431f871391d81d3dc079aedd1808d98aefac76a3c5dc8800	SEM-ABCB05726CB3	IMP-DL-8016517B0A-P036	3	IMP-DL-8016517B0A-P036;IMP-M2-2B58694CBF-P036;IMP-M3-911366A7C5-P036	Downloads/theory-of-differential-geometry-1.tex;MATH-ALLS-2/theory-of-differential-geometry-1.tex;MATH_ALLS-3/theory-of-differential-geometry-1.tex	Downloads;MATH-ALLS-2;MATH_ALLS-3	PROBLEM	7			NO	NEEDS_EDITORIAL_REVIEW
abf9e8d0fc5bfc29b8f280b984c59f9d1bbf3c19cc4c54d7b43857cb02231a68	SEM-ABF9E8D0FC5B	IMP-DL-3190BA882C-P026	2	IMP-DL-3190BA882C-P026;IMP-M3-CABB372599-P026	Downloads/theory-of-commutative-algebra-15.tex;MATH_ALLS-3/theory-of-commutative-algebra-15.tex	Downloads;MATH_ALLS-3	EXERCISE_ITEM				NO	NEEDS_EDITORIAL_REVIEW
abfecdb69bcd306e34677fc6775daa3b1456526d56943656c1136aeed867b75b	SEM-ABFECDB69BCD	IMP-DL-E0B80C696E-P003	1	IMP-DL-E0B80C696E-P003	Downloads/theory-of-algebraic-topology-7.tex	Downloads	WORKED_EXAMPLE				NO	NEEDS_EDITORIAL_REVIEW
ac4914b2da8eed6d322c16f5123d606673bb9dc2121bac7c75169e6ea8f7995a	SEM-AC4914B2DA8E	IMP-DL-E4D9F7AB6B-P003	1	IMP-DL-E4D9F7AB6B-P003	Downloads/theory-of-algebraic-topology-13.tex	Downloads	PROBLEM	3.	IMP-DL-E4D9F7AB6B-S001		YES	NEEDS_EDITORIAL_REVIEW
ac4a87dff945ee82c7980ee188666a3cc40aee94edacbe837a23c8849bde6225	SEM-AC4A87DFF945	IMP-DL-A978FB3162-P066	1	IMP-DL-A978FB3162-P066	Downloads/theory-of-algebraic-topology-4.tex	Downloads	PROBLEM_ITEM				NO	NEEDS_EDITORIAL_REVIEW
ac5d8f2ca2df44c39a31c38a39ce3640cabbb6bdb97c7c32e3dcdbe4982194a2	SEM-AC5D8F2CA2DF	IMP-DL-721195CCB5-P004	1	IMP-DL-721195CCB5-P004	Downloads/theory-of-algebraic-geometry-11.tex	Downloads	WORKED_EXAMPLE	3			NO	NEEDS_EDITORIAL_REVIEW
ac6b13e12da54b850c16e53ee9a08dd2fb0996d4267e479adbcc726abde9b0a4	SEM-AC6B13E12DA5	IMP-DL-E12021E60A-R005664-AC6B13E1	1	IMP-DL-E12021E60A-R005664-AC6B13E1	Downloads/theory-of-algebraic-topology-17.tex	Downloads	EXAMPLE	4			NO	NEEDS_EDITORIAL_REVIEW
ac75b958d19a268bd9bfd2cd5b7d74e774d8d426ce3e6f29b2a67d56faf39152	SEM-AC75B958D19A	IMP-DL-0EB9CBD958-P038	2	IMP-DL-0EB9CBD958-P038;IMP-M2-F4C85D52DC-P038	Downloads/theory-of-geometry.tex;MATH-ALLS-2/theory-of-geometry.tex	Downloads;MATH-ALLS-2	WORKED_EXAMPLE				NO	NEEDS_EDITORIAL_REVIEW
ac782d5661e383808a080800a855827d0351ba8d452f74e73e491a0eb5294ba3	SEM-AC782D5661E3	IMP-DL-314EAD1F3C-R002865-AC782D56	1	IMP-DL-314EAD1F3C-R002865-AC782D56	Downloads/theory-of-algebraic-topology-12.tex	Downloads	PROBLEM	13			NO	NEEDS_EDITORIAL_REVIEW
ac8d3f0241fee982c8432327f1177d33e71483f6fdca1da07a354b570a137d13	SEM-AC8D3F0241FE	IMP-DL-A978FB3162-P008	1	IMP-DL-A978FB3162-P008	Downloads/theory-of-algebraic-topology-4.tex	Downloads	PROBLEM	statement	IMP-DL-A978FB3162-S006		YES	NEEDS_EDITORIAL_REVIEW
ac8e11032eac10b3ed0c9156b84134695d91020f9244b5ebd72218dc00dd2243	SEM-AC8E11032EAC	IMP-DL-4DEBE28720-P097	2	IMP-DL-4DEBE28720-P097;IMP-M3-8E395763C8-P097	Downloads/theory-of-commutative-algebra-13.tex;MATH_ALLS-3/theory-of-commutative-algebra-13.tex	Downloads;MATH_ALLS-3	WORKED_EXAMPLE	12			NO	NEEDS_EDITORIAL_REVIEW
accbfcc2e70c938519b237c55df4f565f78d9fbd8beec4cc5f80c61a1d6ce4b0	SEM-ACCBFCC2E70C	IMP-DL-2E134BF207-P011	1	IMP-DL-2E134BF207-P011	Downloads/theory-of-algebraic-topology-5.tex	Downloads	PROBLEM_ITEM				NO	NEEDS_EDITORIAL_REVIEW
acdbfb29a4a77167fa8a7cf5baef33076dccf660819c5a61990aeebd2ce41b7a	SEM-ACDBFB29A4A7	IMP-DL-B7E3C22557-SPR001796-ACDBFB29	1	IMP-DL-B7E3C22557-SPR001796-ACDBFB29	Downloads/theory-of-algebraic-geometry-6.tex	Downloads	EXAMPLE	6.			NO	NEEDS_EDITORIAL_REVIEW
acea000c2870372acc6b6bd6caf5f0515c52039a0a9de5ef9b7500e921e98d08	SEM-ACEA000C2870	IMP-DL-CB3C80FF97-P043	2	IMP-DL-CB3C80FF97-P043;IMP-M2-7B5A4788C1-P043	Downloads/theory-of-complex-analysis-topology.tex;MATH-ALLS-2/theory-of-complex-analysis-topology.tex	Downloads;MATH-ALLS-2	WORKED_EXAMPLE				NO	NEEDS_EDITORIAL_REVIEW
ad1c413e64013ce1b7372baa565eebc16a9cfdee560bd5791736eab2fd51370d	SEM-AD1C413E6401	IMP-DL-E12021E60A-R005598-AD1C413E	1	IMP-DL-E12021E60A-R005598-AD1C413E	Downloads/theory-of-algebraic-topology-17.tex	Downloads	EXAMPLE	1			NO	NEEDS_EDITORIAL_REVIEW
ad2bc21841f6ec27388e63a05777be1fbaf22491299bd474c6dcd01ec7cbc6ff	SEM-AD2BC21841F6	IMP-DL-A5CEE6E541-PSR004144-AD2BC218	1	IMP-DL-A5CEE6E541-PSR004144-AD2BC218	Downloads/theory-of-algebraic-geometry-8.tex	Downloads	EXAMPLE				NO	NEEDS_EDITORIAL_REVIEW
ad3318e243ca1df0adf6170960e6a398cb19b260e75ab10afaf5705965041b0c	SEM-AD3318E243CA	IMP-DL-494D52343C-P016	4	IMP-DL-494D52343C-P016;IMP-DL-57AE2A96C2-P016;IMP-M3-53FA653D33-P016;IMP-M3-A9D1475E81-P016	Downloads/theory-of-commutative-algebra-7 - Copy.tex;Downloads/theory-of-commutative-algebra-7.tex;MATH_ALLS-3/theory-of-commutative-algebra-7 - Copy.tex;MATH_ALLS-3/theory-of-commutative-algebra-7.tex	Downloads;MATH_ALLS-3	WORKED_EXAMPLE				NO	NEEDS_EDITORIAL_REVIEW
ad33f249d068deb9470fb535850b4610acab1c7cf8dbd0ba0f20deec74cc20bf	SEM-AD33F249D068	IMP-DL-A978FB3162-P016	1	IMP-DL-A978FB3162-P016	Downloads/theory-of-algebraic-topology-4.tex	Downloads	WORKED_EXAMPLE	5			NO	NEEDS_EDITORIAL_REVIEW
ad3962171709e603a55d4051d9493faa62c44a3823de3784df2b1f25d1c1c2eb	SEM-AD3962171709	IMP-DL-117191C0EC-P048	2	IMP-DL-117191C0EC-P048;IMP-M2-40A546CAA2-P048	Downloads/theory-of-analysis-topics.tex;MATH-ALLS-2/theory-of-analysis-topics.tex	Downloads;MATH-ALLS-2	PROBLEM	9	IMP-DL-117191C0EC-S023;IMP-M2-40A546CAA2-S023		YES	NEEDS_EDITORIAL_REVIEW
ad7ad6ba00c383968cbdf383c89e4ffba070222f78b93354eed0e2796ac871c4	SEM-AD7AD6BA00C3	IMP-DL-314EAD1F3C-R002123-AD7AD6BA	1	IMP-DL-314EAD1F3C-R002123-AD7AD6BA	Downloads/theory-of-algebraic-topology-12.tex	Downloads	EXAMPLE	12.2.			NO	NEEDS_EDITORIAL_REVIEW
add7e5570b3aa2de181a2b3303774863c9f6baa91607d2c9e69bef5012a09aa7	SEM-ADD7E5570B3A	IMP-DL-98972A6B93-P034	2	IMP-DL-98972A6B93-P034;IMP-M2-355EA0996F-P034	Downloads/theory-of-geometry-II.tex;MATH-ALLS-2/theory-of-geometry-II.tex	Downloads;MATH-ALLS-2	PROBLEM_ITEM				NO	NEEDS_EDITORIAL_REVIEW
adf738061837b2fe73163c018677436879cb81134f8bb3e7d889428d264f14bf	SEM-ADF738061837	IMP-DL-0A181AC273-P034	4	IMP-DL-0A181AC273-P034;IMP-DL-AD9EFCAF62-P010;IMP-M2-79778E004E-P010;IMP-M2-80AFB5AE64-P034	Downloads/theory-of-complex-analysis-2.tex;Downloads/theory-of-complex-analysis.tex;MATH-ALLS-2/theory-of-complex-analysis-2.tex;MATH-ALLS-2/theory-of-complex-analysis.tex	Downloads;MATH-ALLS-2	PROBLEM_ITEM				NO	NEEDS_EDITORIAL_REVIEW
adf924a7750a99b736555ca1b8d4bc31e6e71b0b9e8703e020b7a82c0ac7c3de	SEM-ADF924A7750A	IMP-DL-2370D81D66-P044	2	IMP-DL-2370D81D66-P044;IMP-M2-D036BAB254-P044	Downloads/theory-of-analysis-FD.tex;MATH-ALLS-2/theory-of-analysis-FD.tex	Downloads;MATH-ALLS-2	EXERCISE_ITEM				NO	NEEDS_EDITORIAL_REVIEW
ae435a1cdd0e49a88a8b3dbc5ca6fd803707adc870c1779ea016bc73bc71d6c3	SEM-AE435A1CDD0E	IMP-DL-3C59D9EE8B-P119	2	IMP-DL-3C59D9EE8B-P119;IMP-M3-D1A916E0DD-P119	Downloads/theory-of-commutative-algebra-5-professional-v2.tex;MATH_ALLS-3/theory-of-commutative-algebra-5-professional-v2.tex	Downloads;MATH_ALLS-3	PROBLEM_ITEM				NO	NEEDS_EDITORIAL_REVIEW
ae558219103acc1630730649b0918c4a457d286c64081f9816846b545bfb69d6	SEM-AE558219103A	IMP-DL-D18914CBBD-P020	2	IMP-DL-D18914CBBD-P020;IMP-M3-78B3C1B707-P020	Downloads/theory-of-commutative-algebra-11.tex;MATH_ALLS-3/theory-of-commutative-algebra-11.tex	Downloads;MATH_ALLS-3	WORKED_EXAMPLE	20			NO	NEEDS_EDITORIAL_REVIEW
ae5e56b41bbf08b4ad6b6a0252d574f4f185ba65ca442854a23daffa9b9758bf	SEM-AE5E56B41BBF	IMP-DL-0EB9CBD958-P001	2	IMP-DL-0EB9CBD958-P001;IMP-M2-F4C85D52DC-P001	Downloads/theory-of-geometry.tex;MATH-ALLS-2/theory-of-geometry.tex	Downloads;MATH-ALLS-2	PROBLEM	1			NO	NEEDS_EDITORIAL_REVIEW
aed4dc85b8cb6f69e2618fd9791e820d0307f96f57356936855ccb6c2c435454	SEM-AED4DC85B8CB	IMP-DL-183AD43C4C-PSR003193-AED4DC85	2	IMP-DL-183AD43C4C-PSR003193-AED4DC85;IMP-M2-1895C43FC6-PSR003193-AED4DC85	Downloads/theory-of-real-analysis.tex;MATH-ALLS-2/theory-of-real-analysis.tex	Downloads;MATH-ALLS-2	EXAMPLE	2.			NO	NEEDS_EDITORIAL_REVIEW
aed63bbfb431b31f2c8d191cf1b086f3d576c9c2a20ee6c8d4a221f342558c21	SEM-AED63BBFB431	IMP-DL-2B81C66D0F-R000787-AED63BBF	2	IMP-DL-2B81C66D0F-R000787-AED63BBF;IMP-M3-84A516D889-R000779-AED63BBF	Downloads/theory-of-algebraic-topology-2.tex;MATH_ALLS-3/theory-of-algebraic-topology-2.tex	Downloads;MATH_ALLS-3	EXAMPLE	3			NO	NEEDS_EDITORIAL_REVIEW
af04236bb358fba1dc95266314774ec2aceca6562d352e266cc967aa976fc1d6	SEM-AF04236BB358	IMP-DL-2370D81D66-P035	2	IMP-DL-2370D81D66-P035;IMP-M2-D036BAB254-P035	Downloads/theory-of-analysis-FD.tex;MATH-ALLS-2/theory-of-analysis-FD.tex	Downloads;MATH-ALLS-2	WORKED_EXAMPLE	1			NO	NEEDS_EDITORIAL_REVIEW
af28060f4f54bb04c9765ad5de3d2707cac86644e99447f126c4a3c678fb38a6	SEM-AF28060F4F54	IMP-DL-38CE6DEB56-P023	2	IMP-DL-38CE6DEB56-P023;IMP-M3-D19BB3C803-P023	Downloads/theory-of-commutative-algebra-14.tex;MATH_ALLS-3/theory-of-commutative-algebra-14.tex	Downloads;MATH_ALLS-3	WORKED_EXAMPLE	20			NO	NEEDS_EDITORIAL_REVIEW
af2e2416b1f174f1c3644ca70fb8eb5d9f5082976c6431eae1c9535f49e26e66	SEM-AF2E2416B1F1	IMP-DL-FD5C2608DA-P006	2	IMP-DL-FD5C2608DA-P006;IMP-M3-F5BFB39338-P006	Downloads/theory-of-commutative-algebra-3.tex;MATH_ALLS-3/theory-of-commutative-algebra-3.tex	Downloads;MATH_ALLS-3	PROBLEM	9	IMP-DL-FD5C2608DA-S004;IMP-M3-F5BFB39338-S004		YES	NEEDS_EDITORIAL_REVIEW
af364c1025f37a5a20c0e3d225a8fcd8737240ccca6f43fb610c93230414ef15	SEM-AF364C1025F3	IMP-DL-0EB9CBD958-P006	2	IMP-DL-0EB9CBD958-P006;IMP-M2-F4C85D52DC-P006	Downloads/theory-of-geometry.tex;MATH-ALLS-2/theory-of-geometry.tex	Downloads;MATH-ALLS-2	PROBLEM_ITEM				NO	NEEDS_EDITORIAL_REVIEW
af6bbf79c781f6ef158911f1665f1cedffa3d566a5dbb87dc16b095c3a64ab37	SEM-AF6BBF79C781	IMP-DL-067214B351-PSR001365-AF6BBF79	1	IMP-DL-067214B351-PSR001365-AF6BBF79	Downloads/theory-of-algebraic-topology-15.tex	Downloads	EXAMPLE	4			NO	NEEDS_EDITORIAL_REVIEW
af6f1b916840c1422f971d13279365d3f372558238e117572dc6f45bb0eb655e	SEM-AF6F1B916840	IMP-DL-7A55205E2C-P007	2	IMP-DL-7A55205E2C-P007;IMP-M2-2D41E1011A-P007	Downloads/theory-of-geometry-4.tex;MATH-ALLS-2/theory-of-geometry-4.tex	Downloads;MATH-ALLS-2	PROBLEM	7	IMP-DL-7A55205E2C-S007;IMP-M2-2D41E1011A-S007		YES	NEEDS_EDITORIAL_REVIEW
af765bc83da3e41b90ab486bda0fc70cde62c78575871fb6dbb1140cd65c8943	SEM-AF765BC83DA3	IMP-DL-7A55205E2C-R001662-AF765BC8	2	IMP-DL-7A55205E2C-R001662-AF765BC8;IMP-M2-2D41E1011A-R001662-AF765BC8	Downloads/theory-of-geometry-4.tex;MATH-ALLS-2/theory-of-geometry-4.tex	Downloads;MATH-ALLS-2	EXAMPLE	C			NO	NEEDS_EDITORIAL_REVIEW
af878ee9853598707b99597750d881940388ff5d18e829ca3e541fb63d9602cb	SEM-AF878EE98535	IMP-DL-A11279CC33-P004	2	IMP-DL-A11279CC33-P004;IMP-M3-73E0197CF3-P004	Downloads/theory-of-commutative-algebra-6.tex;MATH_ALLS-3/theory-of-commutative-algebra-6.tex	Downloads;MATH_ALLS-3	WORKED_EXAMPLE				NO	NEEDS_EDITORIAL_REVIEW
af88c42c694c6484c4b29205dbae1c4c22f640d9099dce60a94d01291bfc4269	SEM-AF88C42C694C	IMP-DL-3CA1CB77F7-P043	4	IMP-DL-3CA1CB77F7-P043;IMP-DL-3CA1CB77F7-R004816-AF88C42C;IMP-M2-F08D4144EA-P043;IMP-M2-F08D4144EA-R004816-AF88C42C	Downloads/theory-of-analysis-numbers.tex;MATH-ALLS-2/theory-of-analysis-numbers.tex	Downloads;MATH-ALLS-2	EXERCISE		IMP-DL-3CA1CB77F7-S018;IMP-M2-F08D4144EA-S018		YES	NEEDS_EDITORIAL_REVIEW
afa3c0d638420f518c0d4ccf140c758f5ded88639922f7a1ca84561e5798a975	SEM-AFA3C0D63842	IMP-DL-4DEBE28720-P002	2	IMP-DL-4DEBE28720-P002;IMP-M3-8E395763C8-P002	Downloads/theory-of-commutative-algebra-13.tex;MATH_ALLS-3/theory-of-commutative-algebra-13.tex	Downloads;MATH_ALLS-3	WORKED_EXAMPLE				NO	NEEDS_EDITORIAL_REVIEW
afc7a05a7e339d738b0b5ae7c27372b1d30291dc048a45040178741f497521ce	SEM-AFC7A05A7E33	IMP-DL-1068DBED71-P025	4	IMP-DL-1068DBED71-P025;IMP-DL-CAA415139D-P025;IMP-M3-F4E66B2919-P025;IMP-M3-FCB1647DD6-P025	Downloads/theory-of-commutative-algebra-10.tex;Downloads/theory-of-commutative-algebra-9.tex;MATH_ALLS-3/theory-of-commutative-algebra-10.tex;MATH_ALLS-3/theory-of-commutative-algebra-9.tex	Downloads;MATH_ALLS-3	WORKED_EXAMPLE				NO	NEEDS_EDITORIAL_REVIEW
afe5420d0d0166de173a7568c69ec431d7ec105752c2af05ed1d5ecd1d06202f	SEM-AFE5420D0D01	IMP-DL-E69AEC0DA9-P016	2	IMP-DL-E69AEC0DA9-P016;IMP-M2-BC23C57F39-P016	Downloads/merged_exercises_corrected (4).tex;MATH-ALLS-2/merged_exercises_corrected (4).tex	Downloads;MATH-ALLS-2	EXERCISE	3.2			NO	NEEDS_EDITORIAL_REVIEW
aff95a21be2050629f829da15316afac09aad5227ccb57338de9271da072485b	SEM-AFF95A21BE20	IMP-DL-35223EB1F7-R002990-AFF95A21	1	IMP-DL-35223EB1F7-R002990-AFF95A21	Downloads/theory-of-algebraic-topology-6.tex	Downloads	EXAMPLE	3			NO	NEEDS_EDITORIAL_REVIEW
b00df8aa63534a669adf785f2c3b9f3c65a7aa1c2adb15f7afc907e845046ad7	SEM-B00DF8AA6353	IMP-DL-6447F1B120-P005	1	IMP-DL-6447F1B120-P005	Downloads/theory-of-algebraic-topology-11.tex	Downloads	PROBLEM_ITEM		IMP-DL-6447F1B120-S003		YES	NEEDS_EDITORIAL_REVIEW
b023b74aac3dd08b6385e2771010d36830eea620ec8772ad9b313cd053c0c34c	SEM-B023B74AAC3D	IMP-DL-EAE0F59552-P012	2	IMP-DL-EAE0F59552-P012;IMP-M2-7EA9DA1D72-P012	Downloads/theory-of-analysis-topology.tex;MATH-ALLS-2/theory-of-analysis-topology.tex	Downloads;MATH-ALLS-2	PROBLEM	9			NO	NEEDS_EDITORIAL_REVIEW
b0360b43440a6bbbb87818ce0649c4a89f9ec7d6c40df65856a94a41f0745594	SEM-B0360B43440A	IMP-DL-3190BA882C-P011	2	IMP-DL-3190BA882C-P011;IMP-M3-CABB372599-P011	Downloads/theory-of-commutative-algebra-15.tex;MATH_ALLS-3/theory-of-commutative-algebra-15.tex	Downloads;MATH_ALLS-3	EXERCISE_ITEM				NO	NEEDS_EDITORIAL_REVIEW
b05bd8f966440c1092c248ef5eff8dc15133e4f42e52176e37d82a3c6c8aa352	SEM-B05BD8F96644	IMP-DL-18BC6F795C-P027	1	IMP-DL-18BC6F795C-P027	Downloads/theory-of-algebraic-topology-9.tex	Downloads	WORKED_EXAMPLE	9			NO	NEEDS_EDITORIAL_REVIEW
b07d25bfcc10d1977cc38d12744bae7d12b7181eea258b87a2204ae3edb474dd	SEM-B07D25BFCC10	IMP-DL-0A181AC273-P012	2	IMP-DL-0A181AC273-P012;IMP-M2-80AFB5AE64-P012	Downloads/theory-of-complex-analysis.tex;MATH-ALLS-2/theory-of-complex-analysis.tex	Downloads;MATH-ALLS-2	WORKED_EXAMPLE	C			NO	NEEDS_EDITORIAL_REVIEW
b0860554a5d46c99b6aed19c7da7dbb400ea2548316b7c925b0ed8135c2164ba	SEM-B0860554A5D4	IMP-DL-A978FB3162-P097	1	IMP-DL-A978FB3162-P097	Downloads/theory-of-algebraic-topology-4.tex	Downloads	PROBLEM_ITEM				NO	NEEDS_EDITORIAL_REVIEW
b08b21b84ec2a6718094ee58a8c59fb6986926fcde55db4c2d636fe140c741ed	SEM-B08B21B84EC2	IMP-DL-3C59D9EE8B-P048	2	IMP-DL-3C59D9EE8B-P048;IMP-M3-D1A916E0DD-P048	Downloads/theory-of-commutative-algebra-5-professional-v2.tex;MATH_ALLS-3/theory-of-commutative-algebra-5-professional-v2.tex	Downloads;MATH_ALLS-3	PROBLEM_ITEM				NO	NEEDS_EDITORIAL_REVIEW
b0d070248ef6c7f76b024e6c0a1079c84b7040d0ff89dd1d5a0c087e74f1ad86	SEM-B0D070248EF6	IMP-DL-98972A6B93-P006	4	IMP-DL-98972A6B93-P006;IMP-DL-98972A6B93-R001719-B0D07024;IMP-M2-355EA0996F-P006;IMP-M2-355EA0996F-R001719-B0D07024	Downloads/theory-of-geometry-II.tex;MATH-ALLS-2/theory-of-geometry-II.tex	Downloads;MATH-ALLS-2	EXAMPLE;WORKED_EXAMPLE				NO	NEEDS_EDITORIAL_REVIEW
b0d7bdb08a8656ae0103a5c06602c2d40f2269913093568d5c7c754e9b99cbc0	SEM-B0D7BDB08A86	IMP-DL-D27460A55B-SPR003063-B0D7BDB0	1	IMP-DL-D27460A55B-SPR003063-B0D7BDB0	Downloads/theory-of-algebraic-geometry-5.tex	Downloads	PROBLEM				NO	NEEDS_EDITORIAL_REVIEW
b0de4fff192e60cc9afee97ba2f1f758426fc6702bdc0569e40feb004b886271	SEM-B0DE4FFF192E	IMP-DL-A978FB3162-P085	1	IMP-DL-A978FB3162-P085	Downloads/theory-of-algebraic-topology-4.tex	Downloads	WORKED_EXAMPLE	4			NO	NEEDS_EDITORIAL_REVIEW
b0fd08f1281f4839053336e1300a219ae9329b6e58957dc5c8cf7fb5e7db3f7a	SEM-B0FD08F1281F	IMP-DL-316AE183C3-P029	2	IMP-DL-316AE183C3-P029;IMP-M2-303BB87ACE-P029	Downloads/theory-of-analysis-functions.tex;MATH-ALLS-2/theory-of-analysis-functions.tex	Downloads;MATH-ALLS-2	EXERCISE_ITEM				NO	NEEDS_EDITORIAL_REVIEW
b10e3119e21c7afa345dc87421a7cee5708a0e22ef63311bce23a739383eae15	SEM-B10E3119E21C	IMP-DL-D18914CBBD-P048	2	IMP-DL-D18914CBBD-P048;IMP-M3-78B3C1B707-P048	Downloads/theory-of-commutative-algebra-11.tex;MATH_ALLS-3/theory-of-commutative-algebra-11.tex	Downloads;MATH_ALLS-3	WORKED_EXAMPLE	1			NO	NEEDS_EDITORIAL_REVIEW
b10f3e1d450eca8511ba8f0238b92dfd44b652068f4aa97174fb1969923771a3	SEM-B10F3E1D450E	IMP-DL-A978FB3162-P096	1	IMP-DL-A978FB3162-P096	Downloads/theory-of-algebraic-topology-4.tex	Downloads	PROBLEM_ITEM				NO	NEEDS_EDITORIAL_REVIEW
b11da12e5f03e810783a2cdc24ef48db9474dab86e9bd9c3a73940e2f23b6928	SEM-B11DA12E5F03	IMP-DL-3E276561C4-P021	2	IMP-DL-3E276561C4-P021;IMP-M3-AB2FCA292B-P021	Downloads/theory-of-linear-algebra-1.tex;MATH_ALLS-3/theory-of-linear-algebra-1.tex	Downloads;MATH_ALLS-3	PROBLEM_ITEM				NO	NEEDS_EDITORIAL_REVIEW
b16484449786677e3c8bd43844f5abe055603dc6081f502fcd52b518d80e2b49	SEM-B16484449786	IMP-DL-E532B44856-P002	2	IMP-DL-E532B44856-P002;IMP-M2-C037D998D4-P002	Downloads/theory-of-analysis-functions-II.tex;MATH-ALLS-2/theory-of-analysis-functions-II.tex	Downloads;MATH-ALLS-2	PROBLEM	2			NO	NEEDS_EDITORIAL_REVIEW
b16e50735ab84dfb628f6e5b8fe24a9b67a431522b0167cee2ec9b4aa147f9c3	SEM-B16E50735AB8	IMP-DL-0EB9CBD958-P027	2	IMP-DL-0EB9CBD958-P027;IMP-M2-F4C85D52DC-P027	Downloads/theory-of-geometry.tex;MATH-ALLS-2/theory-of-geometry.tex	Downloads;MATH-ALLS-2	PROBLEM_ITEM				NO	NEEDS_EDITORIAL_REVIEW
b17677234c1f1d6d79be8e017d292d6e89fac381e660bd9459ab67eb66af12e9	SEM-B17677234C1F	IMP-DL-35223EB1F7-P003	1	IMP-DL-35223EB1F7-P003	Downloads/theory-of-algebraic-topology-6.tex	Downloads	WORKED_EXAMPLE				NO	NEEDS_EDITORIAL_REVIEW
b1b7f5a9e5a6a386139d4999648709f1a0cc2e0a04d2518e1a346381099ee861	SEM-B1B7F5A9E5A6	IMP-DL-D27460A55B-F2R001523-B1B7F5A9	1	IMP-DL-D27460A55B-F2R001523-B1B7F5A9	Downloads/theory-of-algebraic-geometry-5.tex	Downloads	EXAMPLE	3			NO	NEEDS_EDITORIAL_REVIEW
b1bece0de110a0a77db1e24d006c5cebd51da8914eed5e6870cff889b1c7b49b	SEM-B1BECE0DE110	IMP-DL-2E134BF207-P026	1	IMP-DL-2E134BF207-P026	Downloads/theory-of-algebraic-topology-5.tex	Downloads	PROBLEM_ITEM				NO	NEEDS_EDITORIAL_REVIEW
b1dc9cb11670d806e5c7fc0da2a463e6d23122b36fb1eff1a7fed2cf0303e2d3	SEM-B1DC9CB11670	IMP-DL-2370D81D66-P002	2	IMP-DL-2370D81D66-P002;IMP-M2-D036BAB254-P002	Downloads/theory-of-analysis-FD.tex;MATH-ALLS-2/theory-of-analysis-FD.tex	Downloads;MATH-ALLS-2	EXERCISE	1.1			NO	NEEDS_EDITORIAL_REVIEW
b1f4e100bd82af001a2d180cab844b9ff494493e146202f274af053ce8f84ae3	SEM-B1F4E100BD82	IMP-DL-316AE183C3-P042	2	IMP-DL-316AE183C3-P042;IMP-M2-303BB87ACE-P042	Downloads/theory-of-analysis-functions.tex;MATH-ALLS-2/theory-of-analysis-functions.tex	Downloads;MATH-ALLS-2	EXERCISE_ITEM				NO	NEEDS_EDITORIAL_REVIEW
b1f8c29e2c369d6a445d999bae31349f00a4d3067ee47c0d2f9eab1f975ef1a9	SEM-B1F8C29E2C36	IMP-DL-2E134BF207-F2R003704-B1F8C29E	1	IMP-DL-2E134BF207-F2R003704-B1F8C29E	Downloads/theory-of-algebraic-topology-5.tex	Downloads	EXAMPLE	4			NO	NEEDS_EDITORIAL_REVIEW
b2190cc90d73990e9808aecd6fe2bea83ce2df77309ad8ef534630adc023731a	SEM-B2190CC90D73	IMP-DL-14663C23F1-P001	2	IMP-DL-14663C23F1-P001;IMP-M2-155017A9AF-P001	Downloads/theory-of-geometry-III.tex;MATH-ALLS-2/theory-of-geometry-III.tex	Downloads;MATH-ALLS-2	WORKED_EXAMPLE				NO	NEEDS_EDITORIAL_REVIEW
b22f5708f2a09748570c74046da4a1b94e591f71764efcc8cc97457aa7262d07	SEM-B22F5708F2A0	IMP-DL-A978FB3162-P014	1	IMP-DL-A978FB3162-P014	Downloads/theory-of-algebraic-topology-4.tex	Downloads	WORKED_EXAMPLE	3			NO	NEEDS_EDITORIAL_REVIEW
b23bc1d6ed536d98f4eee5e275c72e7ee79491702af73fbc03187ad622290a81	SEM-B23BC1D6ED53	IMP-DL-0AC5ADA26C-P012	1	IMP-DL-0AC5ADA26C-P012	Downloads/theory-of-algebraic-topology-8.tex	Downloads	WORKED_EXAMPLE	2			NO	NEEDS_EDITORIAL_REVIEW
b2623f04445a6cdd730fc479c2d2ab21f5e7e54217600090d622697fa0b71d4e	SEM-B2623F04445A	IMP-DL-494D52343C-P009	4	IMP-DL-494D52343C-P009;IMP-DL-57AE2A96C2-P009;IMP-M3-53FA653D33-P009;IMP-M3-A9D1475E81-P009	Downloads/theory-of-commutative-algebra-7 - Copy.tex;Downloads/theory-of-commutative-algebra-7.tex;MATH_ALLS-3/theory-of-commutative-algebra-7 - Copy.tex;MATH_ALLS-3/theory-of-commutative-algebra-7.tex	Downloads;MATH_ALLS-3	WORKED_EXAMPLE	4			NO	NEEDS_EDITORIAL_REVIEW
b2aaaab6916c5272bd5a2ca649e4a28e116f0222015582ce02e4497b236281be	SEM-B2AAAAB6916C	IMP-DL-316AE183C3-P051	2	IMP-DL-316AE183C3-P051;IMP-M2-303BB87ACE-P051	Downloads/theory-of-analysis-functions.tex;MATH-ALLS-2/theory-of-analysis-functions.tex	Downloads;MATH-ALLS-2	WORKED_EXAMPLE				NO	NEEDS_EDITORIAL_REVIEW
b2b266913a515e6d352f1348debcc38cea618cec69b1e994a5b14c7413414fa2	SEM-B2B266913A51	IMP-DL-0E3E7EC766-R002594-B2B26691	1	IMP-DL-0E3E7EC766-R002594-B2B26691	Downloads/theory-of-algebraic-geometry-1.tex	Downloads	EXAMPLE	11			NO	NEEDS_EDITORIAL_REVIEW
b2bb8047b44ba2c78bf0c63be3d1519607db34e63691719ac444e45b6bf8c4df	SEM-B2BB8047B44B	IMP-DL-D6E9B3BC73-PSR003218-B2BB8047	2	IMP-DL-D6E9B3BC73-PSR003218-B2BB8047;IMP-M3-422B74F85F-PSR003215-B2BB8047	Downloads/theory-of-algebraic-topology-1.tex;MATH_ALLS-3/theory-of-algebraic-topology-1.tex	Downloads;MATH_ALLS-3	PROBLEM	8	IMP-DL-D6E9B3BC73-S007;IMP-M3-422B74F85F-S007		YES	NEEDS_EDITORIAL_REVIEW
b2bdca378fb7ef6ae7a5fa5e54a0be03a1eafc305027665073b2d85347a08843	SEM-B2BDCA378FB7	IMP-DL-EAE0F59552-P002	2	IMP-DL-EAE0F59552-P002;IMP-M2-7EA9DA1D72-P002	Downloads/theory-of-analysis-topology.tex;MATH-ALLS-2/theory-of-analysis-topology.tex	Downloads;MATH-ALLS-2	PROBLEM	2	IMP-DL-EAE0F59552-S004;IMP-M2-7EA9DA1D72-S004		YES	NEEDS_EDITORIAL_REVIEW
b2d97037cd7abd64077aead5d0a34c0379d47531a96ca6bca33a49d04bf818e6	SEM-B2D97037CD7A	IMP-DL-A11279CC33-P030	2	IMP-DL-A11279CC33-P030;IMP-M3-73E0197CF3-P030	Downloads/theory-of-commutative-algebra-6.tex;MATH_ALLS-3/theory-of-commutative-algebra-6.tex	Downloads;MATH_ALLS-3	WORKED_EXAMPLE				NO	NEEDS_EDITORIAL_REVIEW
b2f3b56449c17ad1e20e299334982fe59a90504b2f555eb67f2a37b9bedc01e3	SEM-B2F3B56449C1	IMP-DL-4DEBE28720-P017	2	IMP-DL-4DEBE28720-P017;IMP-M3-8E395763C8-P017	Downloads/theory-of-commutative-algebra-13.tex;MATH_ALLS-3/theory-of-commutative-algebra-13.tex	Downloads;MATH_ALLS-3	WORKED_EXAMPLE				NO	NEEDS_EDITORIAL_REVIEW
b2f52cedab21f710d32d78dc4d3b037749763a1071815315988b7703d7cd783f	SEM-B2F52CEDAB21	IMP-DL-3C59D9EE8B-P063	2	IMP-DL-3C59D9EE8B-P063;IMP-M3-D1A916E0DD-P063	Downloads/theory-of-commutative-algebra-5-professional-v2.tex;MATH_ALLS-3/theory-of-commutative-algebra-5-professional-v2.tex	Downloads;MATH_ALLS-3	PROBLEM_ITEM				NO	NEEDS_EDITORIAL_REVIEW
b303421c63113f994313bac0f01768034caf872bf86ddcb4736cda5141ebce89	SEM-B303421C6311	IMP-DL-B7E3C22557-SPR002040-B303421C	1	IMP-DL-B7E3C22557-SPR002040-B303421C	Downloads/theory-of-algebraic-geometry-6.tex	Downloads	EXAMPLE	13.			NO	NEEDS_EDITORIAL_REVIEW
b34b502b943153f06556933a5dcdfa41489b63e5565c9a98d4bdb2d84683f651	SEM-B34B502B9431	IMP-DL-98972A6B93-R001668-B34B502B	2	IMP-DL-98972A6B93-R001668-B34B502B;IMP-M2-355EA0996F-R001668-B34B502B	Downloads/theory-of-geometry-II.tex;MATH-ALLS-2/theory-of-geometry-II.tex	Downloads;MATH-ALLS-2	PROBLEM	6			NO	NEEDS_EDITORIAL_REVIEW
b3664d5977ffda1387c10c99e7f2ed7acd4dab38e5bcd44017910d2fe3d00f8e	SEM-B3664D5977FF	IMP-DL-873C6F4098-P106	2	IMP-DL-873C6F4098-P106;IMP-M2-CFC28ED568-P106	Downloads/theory-of-analysis-II.tex;MATH-ALLS-2/theory-of-analysis-II.tex	Downloads;MATH-ALLS-2	PROBLEM	13			NO	NEEDS_EDITORIAL_REVIEW
b36ff5436553e4a55e6d50a601503b4dac90435b999deb99e901d3ef1b0994e4	SEM-B36FF5436553	IMP-DL-2370D81D66-P020	2	IMP-DL-2370D81D66-P020;IMP-M2-D036BAB254-P020	Downloads/theory-of-analysis-FD.tex;MATH-ALLS-2/theory-of-analysis-FD.tex	Downloads;MATH-ALLS-2	EXERCISE_ITEM				NO	NEEDS_EDITORIAL_REVIEW
b390e68283fbd2ed487f14c17f2c21ab6b19c7e1d013902eb4765809d73e8951	SEM-B390E68283FB	IMP-DL-E88547CF67-P019	2	IMP-DL-E88547CF67-P019;IMP-M2-80D8AED0FF-P019	Downloads/theory-of-geometry-3.tex;MATH-ALLS-2/theory-of-geometry-3.tex	Downloads;MATH-ALLS-2	PROBLEM	6	IMP-DL-E88547CF67-S011;IMP-M2-80D8AED0FF-S011		YES	NEEDS_EDITORIAL_REVIEW
b3952ea9239c62f0e8bc03036abbc101a78f713be4dc89bacd882b27771e4d8c	SEM-B3952EA9239C	IMP-DL-FD5C2608DA-P004	2	IMP-DL-FD5C2608DA-P004;IMP-M3-F5BFB39338-P004	Downloads/theory-of-commutative-algebra-3.tex;MATH_ALLS-3/theory-of-commutative-algebra-3.tex	Downloads;MATH_ALLS-3	PROBLEM	7	IMP-DL-FD5C2608DA-S002;IMP-M3-F5BFB39338-S002		YES	NEEDS_EDITORIAL_REVIEW
b39b2c4fe9dcd33694686a1b0859a42ca0f7218765135d829e9b2fdeaaea9e81	SEM-B39B2C4FE9DC	IMP-DL-11EDF39EA7-P037	2	IMP-DL-11EDF39EA7-P037;IMP-M2-68556E3D88-P037	Downloads/theory-of-analysis-FD2.tex;MATH-ALLS-2/theory-of-analysis-FD2.tex	Downloads;MATH-ALLS-2	EXERCISE_ITEM				NO	NEEDS_EDITORIAL_REVIEW
b3bca3d12ff4868a6227832f8d1f691d2f8e96574947b37c3e2cac93f7cb037d	SEM-B3BCA3D12FF4	IMP-DL-35223EB1F7-P016	2	IMP-DL-35223EB1F7-P016;IMP-DL-35223EB1F7-R002306-B3BCA3D1	Downloads/theory-of-algebraic-topology-6.tex	Downloads	EXAMPLE;WORKED_EXAMPLE				NO	NEEDS_EDITORIAL_REVIEW
b3bee64ba99380b0914f5b9a4d556026cb9a7d8ffc7812bb2f9fd3cf4effa9d8	SEM-B3BEE64BA993	IMP-DL-117191C0EC-P022	2	IMP-DL-117191C0EC-P022;IMP-M2-40A546CAA2-P022	Downloads/theory-of-analysis-topics.tex;MATH-ALLS-2/theory-of-analysis-topics.tex	Downloads;MATH-ALLS-2	WORKED_EXAMPLE				NO	NEEDS_EDITORIAL_REVIEW
b3f0e3d2eca72d42f70f164da2881d77cce456249b91fc19f50ec732f961e315	SEM-B3F0E3D2ECA7	IMP-DL-4DEBE28720-P050	2	IMP-DL-4DEBE28720-P050;IMP-M3-8E395763C8-P050	Downloads/theory-of-commutative-algebra-13.tex;MATH_ALLS-3/theory-of-commutative-algebra-13.tex	Downloads;MATH_ALLS-3	WORKED_EXAMPLE				NO	NEEDS_EDITORIAL_REVIEW
b3f90696b816889811b7c6d278ba632ffe0cbd9a50ee0ec9ea0ff38ad86662b3	SEM-B3F90696B816	IMP-DL-40E9B7EE44-R004127-B3F90696	2	IMP-DL-40E9B7EE44-R004127-B3F90696;IMP-M3-17140B7F4C-R004127-B3F90696	Downloads/theory-of-commutative-algebra-5-professional.tex;MATH_ALLS-3/theory-of-commutative-algebra-5-professional.tex	Downloads;MATH_ALLS-3	PROBLEM	14(c)			NO	NEEDS_EDITORIAL_REVIEW
b3faf09f032cef79d23a1642522ff35f880aa645079f93630fdfbd7513e6fc3c	SEM-B3FAF09F032C	IMP-DL-4DEBE28720-P067	2	IMP-DL-4DEBE28720-P067;IMP-M3-8E395763C8-P067	Downloads/theory-of-commutative-algebra-13.tex;MATH_ALLS-3/theory-of-commutative-algebra-13.tex	Downloads;MATH_ALLS-3	WORKED_EXAMPLE	8			NO	NEEDS_EDITORIAL_REVIEW
b408b298e9c29fa095f654c39db9f179540fb0c5b6522d741294098b473c50d1	SEM-B408B298E9C2	IMP-DL-1068DBED71-P009	4	IMP-DL-1068DBED71-P009;IMP-DL-CAA415139D-P009;IMP-M3-F4E66B2919-P009;IMP-M3-FCB1647DD6-P009	Downloads/theory-of-commutative-algebra-10.tex;Downloads/theory-of-commutative-algebra-9.tex;MATH_ALLS-3/theory-of-commutative-algebra-10.tex;MATH_ALLS-3/theory-of-commutative-algebra-9.tex	Downloads;MATH_ALLS-3	WORKED_EXAMPLE				NO	NEEDS_EDITORIAL_REVIEW
b439d58d2b184f31454174599b49d8d215f13799ba2112e72856f82a5a76885f	SEM-B439D58D2B18	IMP-DL-494D52343C-P003	4	IMP-DL-494D52343C-P003;IMP-DL-57AE2A96C2-P003;IMP-M3-53FA653D33-P003;IMP-M3-A9D1475E81-P003	Downloads/theory-of-commutative-algebra-7 - Copy.tex;Downloads/theory-of-commutative-algebra-7.tex;MATH_ALLS-3/theory-of-commutative-algebra-7 - Copy.tex;MATH_ALLS-3/theory-of-commutative-algebra-7.tex	Downloads;MATH_ALLS-3	WORKED_EXAMPLE	2			NO	NEEDS_EDITORIAL_REVIEW
b44ca630248790808e5246dcf3a7401a1be619d1e937d9708d2e479d949ebadb	SEM-B44CA6302487	IMP-DL-D18914CBBD-R002270-B44CA630	2	IMP-DL-D18914CBBD-R002270-B44CA630;IMP-M3-78B3C1B707-R002270-B44CA630	Downloads/theory-of-commutative-algebra-11.tex;MATH_ALLS-3/theory-of-commutative-algebra-11.tex	Downloads;MATH_ALLS-3	EXAMPLE	3			NO	NEEDS_EDITORIAL_REVIEW
b451cb11dd762cc20cdcf82d8fd849bec57b327edefac9fe6cdf9189b0cbb75e	SEM-B451CB11DD76	IMP-DL-C3DACFE8A7-P006	1	IMP-DL-C3DACFE8A7-P006	Downloads/theory-of-algebraic-geometry-7.tex	Downloads	WORKED_EXAMPLE	6.			NO	NEEDS_EDITORIAL_REVIEW
b472dfc74346b2fc28d1c38d70bee4b8e96992f2129099cc591766690e2a41b1	SEM-B472DFC74346	IMP-DL-A470D9BACB-P003	2	IMP-DL-A470D9BACB-P003;IMP-M2-2850FB9A8A-P003	Downloads/theory-of-geometry-1.tex;MATH-ALLS-2/theory-of-geometry-1.tex	Downloads;MATH-ALLS-2	PROBLEM_ITEM				NO	NEEDS_EDITORIAL_REVIEW
b4749e4c0dd33ff51523e8d56ba4867a76190e8885dd2d02ae14bf00ba4ba52a	SEM-B4749E4C0DD3	IMP-DL-E1F1BB4192-R004635-B4749E4C	2	IMP-DL-E1F1BB4192-R004635-B4749E4C;IMP-M3-0D398C7F27-R004635-B4749E4C	Downloads/theory-of-commutative-algebra-5.tex;MATH_ALLS-3/theory-of-commutative-algebra-5.tex	Downloads;MATH_ALLS-3	PROBLEM	11			NO	NEEDS_EDITORIAL_REVIEW
b4880551b14bf26fe932d98dc2eeae8698901eab0f5d9a296a3d81e158467936	SEM-B4880551B14B	IMP-DL-0E1AFE9FFD-P001	8	IMP-DL-0E1AFE9FFD-P001;IMP-DL-141F3478CC-P001;IMP-DL-AA5DDA8809-P001;IMP-DL-FB19C24E92-P001;IMP-M2-2BDEE85382-P001;IMP-M2-6F2E5F9B11-P001;IMP-M2-7785C781E9-P001;IMP-M2-F295E7C0B9-P001	Downloads/theory-of-complex-analysis-all-maps-all.tex;Downloads/theory-of-complex-analysis-all-maps-all2.tex;Downloads/theory-of-complex-analysis-all-maps.tex;Downloads/theory-of-complex-analysis-all.tex;MATH-ALLS-2/theory-of-complex-analysis-all-maps-all.tex;MATH-ALLS-2/theory-of-complex-analysis-all-maps-all2.tex;MATH-ALLS-2/theory-of-complex-analysis-all-maps.tex;MATH-ALLS-2/theory-of-complex-analysis-all.tex	Downloads;MATH-ALLS-2	PROBLEM	2			NO	NEEDS_EDITORIAL_REVIEW
b4a2b44564e2731053e8c1984d95abce94a67b1e2400be6e82eac96b06200d96	SEM-B4A2B44564E2	IMP-DL-3C59D9EE8B-P112	2	IMP-DL-3C59D9EE8B-P112;IMP-M3-D1A916E0DD-P112	Downloads/theory-of-commutative-algebra-5-professional-v2.tex;MATH_ALLS-3/theory-of-commutative-algebra-5-professional-v2.tex	Downloads;MATH_ALLS-3	PROBLEM_ITEM				NO	NEEDS_EDITORIAL_REVIEW
b4a31e2774f368b3c78023cad44e9c969b685cadf28dcb39dcab51359a63988d	SEM-B4A31E2774F3	IMP-DL-EAE0F59552-P013	2	IMP-DL-EAE0F59552-P013;IMP-M2-7EA9DA1D72-P013	Downloads/theory-of-analysis-topology.tex;MATH-ALLS-2/theory-of-analysis-topology.tex	Downloads;MATH-ALLS-2	PROBLEM	10	IMP-DL-EAE0F59552-S005;IMP-M2-7EA9DA1D72-S005		YES	NEEDS_EDITORIAL_REVIEW
b4ae5bb889e7e6e0e5510b531bef0fce8dac5bd829aaaaddc6e4e73a8954ff21	SEM-B4AE5BB889E7	IMP-DL-2370D81D66-P071	2	IMP-DL-2370D81D66-P071;IMP-M2-D036BAB254-P071	Downloads/theory-of-analysis-FD.tex;MATH-ALLS-2/theory-of-analysis-FD.tex	Downloads;MATH-ALLS-2	PROOF_EXERCISE_CANDIDATE				NO	NEEDS_EDITORIAL_REVIEW
b4d7c178c4cdfb4a711a76e0184615e8d6767456bb2127f2bc232cacaf545c46	SEM-B4D7C178C4CD	IMP-DL-D148B51FB7-P011	2	IMP-DL-D148B51FB7-P011;IMP-M3-5A5277EBFB-P011	Downloads/theory-of-differential-geometry-4.tex;MATH_ALLS-3/theory-of-differential-geometry-4.tex	Downloads;MATH_ALLS-3	PROBLEM	2	IMP-DL-D148B51FB7-S002;IMP-M3-5A5277EBFB-S002		YES	NEEDS_EDITORIAL_REVIEW
b51bd0abe86d70cf451f24be6494ae96b05581cbbd4e6f2788b5d2d492689c65	SEM-B51BD0ABE86D	IMP-DL-18BC6F795C-P026	1	IMP-DL-18BC6F795C-P026	Downloads/theory-of-algebraic-topology-9.tex	Downloads	WORKED_EXAMPLE	8			NO	NEEDS_EDITORIAL_REVIEW
b51d7e2b5f53a70c0fc267d25a1de6574c36db6c4465b48806338e9055a2893c	SEM-B51D7E2B5F53	IMP-DL-2E134BF207-F2R004293-B51D7E2B	1	IMP-DL-2E134BF207-F2R004293-B51D7E2B	Downloads/theory-of-algebraic-topology-5.tex	Downloads	PROBLEM		IMP-DL-2E134BF207-S009		YES	NEEDS_EDITORIAL_REVIEW
b5329f8c59d5e3a22f134977c47493937d5230b5e6106a7109d2b5424078ba66	SEM-B5329F8C59D5	IMP-DL-724FD8B7B1-SPR003521-B5329F8C	2	IMP-DL-724FD8B7B1-SPR003521-B5329F8C;IMP-M3-51E6A44D55-SPR003521-B5329F8C	Downloads/theory-of-commutative-algebra-1.tex;MATH_ALLS-3/theory-of-commutative-algebra-1.tex	Downloads;MATH_ALLS-3	PROBLEM	4	IMP-DL-724FD8B7B1-S015;IMP-M3-51E6A44D55-S015		YES	NEEDS_EDITORIAL_REVIEW
b53ad55a54110a83a9391ad272b3335ca00efbd12fef737396a97fcce817e42e	SEM-B53AD55A5411	IMP-DL-15679DEE8D-P025	12	IMP-DL-15679DEE8D-P025;IMP-DL-15679DEE8D-R003594-B53AD55A;IMP-DL-3CA1CB77F7-P025;IMP-DL-3CA1CB77F7-R003597-B53AD55A;IMP-DL-E0A96454A5-P025;IMP-DL-E0A96454A5-R003594-B53AD55A;IMP-M2-1D2863B81A-P025;IMP-M2-1D2863B81A-R003594-B53AD55A;IMP-M2-D47CB97304-P025;IMP-M2-D47CB97304-R003594-B53AD55A;IMP-M2-F08D4144EA-P025;IMP-M2-F08D4144EA-R003597-B53AD55A	Downloads/theory-of-analysis - Copy.tex;Downloads/theory-of-analysis-numbers.tex;Downloads/theory-of-analysis.tex;MATH-ALLS-2/theory-of-analysis - Copy.tex;MATH-ALLS-2/theory-of-analysis-numbers.tex;MATH-ALLS-2/theory-of-analysis.tex	Downloads;MATH-ALLS-2	EXAMPLE;WORKED_EXAMPLE				NO	NEEDS_EDITORIAL_REVIEW
b579fdb9768b59cd0793329ea23d4d3a7213a4f1ef2997b89f81c7d4fb0d560b	SEM-B579FDB9768B	IMP-DL-316AE183C3-P056	2	IMP-DL-316AE183C3-P056;IMP-M2-303BB87ACE-P056	Downloads/theory-of-analysis-functions.tex;MATH-ALLS-2/theory-of-analysis-functions.tex	Downloads;MATH-ALLS-2	EXERCISE_ITEM				NO	NEEDS_EDITORIAL_REVIEW
b5a7ff76ef0fea39a15357ad64582a3d856e31692ce3d15bdfced6c133b882d3	SEM-B5A7FF76EF0F	IMP-DL-117191C0EC-P057	2	IMP-DL-117191C0EC-P057;IMP-M2-40A546CAA2-P057	Downloads/theory-of-analysis-topics.tex;MATH-ALLS-2/theory-of-analysis-topics.tex	Downloads;MATH-ALLS-2	PROBLEM	6	IMP-DL-117191C0EC-S028;IMP-M2-40A546CAA2-S028		YES	NEEDS_EDITORIAL_REVIEW
b5a8c9de6f971fc01a99a2781466aa93274b001738faea4e5da38a3a7fa9d867	SEM-B5A8C9DE6F97	IMP-DL-0EB9CBD958-P026	2	IMP-DL-0EB9CBD958-P026;IMP-M2-F4C85D52DC-P026	Downloads/theory-of-geometry.tex;MATH-ALLS-2/theory-of-geometry.tex	Downloads;MATH-ALLS-2	PROBLEM_ITEM				NO	NEEDS_EDITORIAL_REVIEW
b5bef99d3f654b5e3155dac50e4f3ffb15aca7dceee44f43cfc4991b8f82ff0b	SEM-B5BEF99D3F65	IMP-DL-2370D81D66-P017	2	IMP-DL-2370D81D66-P017;IMP-M2-D036BAB254-P017	Downloads/theory-of-analysis-FD.tex;MATH-ALLS-2/theory-of-analysis-FD.tex	Downloads;MATH-ALLS-2	EXERCISE_ITEM				NO	NEEDS_EDITORIAL_REVIEW
b5cb8e377e8b8c5a15d344540dd4f39e9e465fdbf6626ac7aa73764f67b90e7a	SEM-B5CB8E377E8B	IMP-DL-3E276561C4-P004	2	IMP-DL-3E276561C4-P004;IMP-M3-AB2FCA292B-P004	Downloads/theory-of-linear-algebra-1.tex;MATH_ALLS-3/theory-of-linear-algebra-1.tex	Downloads;MATH_ALLS-3	PROBLEM	4	IMP-DL-3E276561C4-S016;IMP-M3-AB2FCA292B-S016		YES	NEEDS_EDITORIAL_REVIEW
b5d85e7ab620b0742ebd7c5851fcda1bf1b92e4f606a0592d1758dbde34acc24	SEM-B5D85E7AB620	IMP-DL-40BD8D3E26-R003015-B5D85E7A	2	IMP-DL-40BD8D3E26-R003015-B5D85E7A;IMP-M2-0384991A85-R003015-B5D85E7A	Downloads/theory-of-geometry-2.tex;MATH-ALLS-2/theory-of-geometry-2.tex	Downloads;MATH-ALLS-2	PROBLEM	8.			NO	NEEDS_EDITORIAL_REVIEW
b5db0052d94ec4547b8f2902aee562900d0b5d3facdb04ad80d16939ff5ff6e6	SEM-B5DB0052D94E	IMP-DL-535B6F59C6-P001	2	IMP-DL-535B6F59C6-P001;IMP-M3-0753B8F46B-P001	Downloads/theory-of-commutative-algebra-4.tex;MATH_ALLS-3/theory-of-commutative-algebra-4.tex	Downloads;MATH_ALLS-3	PROBLEM	10	IMP-DL-535B6F59C6-S001;IMP-M3-0753B8F46B-S001		YES	NEEDS_EDITORIAL_REVIEW
b5f934edc7ba2375037a5970d59d05679f9b2c845e7b7135014e950dd773a320	SEM-B5F934EDC7BA	IMP-DL-3C59D9EE8B-P071	2	IMP-DL-3C59D9EE8B-P071;IMP-M3-D1A916E0DD-P071	Downloads/theory-of-commutative-algebra-5-professional-v2.tex;MATH_ALLS-3/theory-of-commutative-algebra-5-professional-v2.tex	Downloads;MATH_ALLS-3	PROBLEM_ITEM				NO	NEEDS_EDITORIAL_REVIEW
b6095b29659e9242c1e2d23adbed3790db3f71e435726c52f01bb6f8ea34d699	SEM-B6095B29659E	IMP-DL-1068DBED71-P013	4	IMP-DL-1068DBED71-P013;IMP-DL-CAA415139D-P013;IMP-M3-F4E66B2919-P013;IMP-M3-FCB1647DD6-P013	Downloads/theory-of-commutative-algebra-10.tex;Downloads/theory-of-commutative-algebra-9.tex;MATH_ALLS-3/theory-of-commutative-algebra-10.tex;MATH_ALLS-3/theory-of-commutative-algebra-9.tex	Downloads;MATH_ALLS-3	WORKED_EXAMPLE				NO	NEEDS_EDITORIAL_REVIEW
b60d7de22e8794da65c4be0018cd4409a25f266a0bc2498403ab0a5296162ef3	SEM-B60D7DE22E87	IMP-DL-A978FB3162-P095	1	IMP-DL-A978FB3162-P095	Downloads/theory-of-algebraic-topology-4.tex	Downloads	PROBLEM_ITEM				NO	NEEDS_EDITORIAL_REVIEW
b619bf10c1b8d7ad98154c7c074a1232aee91dbcaa3c8e3e8027668d794d4cd9	SEM-B619BF10C1B8	IMP-DL-98972A6B93-P042	2	IMP-DL-98972A6B93-P042;IMP-M2-355EA0996F-P042	Downloads/theory-of-geometry-II.tex;MATH-ALLS-2/theory-of-geometry-II.tex	Downloads;MATH-ALLS-2	PROBLEM		IMP-DL-98972A6B93-S004;IMP-M2-355EA0996F-S004		YES	NEEDS_EDITORIAL_REVIEW
b61bf0660adcd6241c29e73ab256ca6189815f2748cf3518af706e4f03d71be1	SEM-B61BF0660ADC	IMP-DL-0EB9CBD958-P046	2	IMP-DL-0EB9CBD958-P046;IMP-M2-F4C85D52DC-P046	Downloads/theory-of-geometry.tex;MATH-ALLS-2/theory-of-geometry.tex	Downloads;MATH-ALLS-2	PROBLEM_ITEM				NO	NEEDS_EDITORIAL_REVIEW
b6281e537c414c215aa5709ffe45478361b323756658df2f98bb71382f5dffc5	SEM-B6281E537C41	IMP-DL-0EB9CBD958-P054	2	IMP-DL-0EB9CBD958-P054;IMP-M2-F4C85D52DC-P054	Downloads/theory-of-geometry.tex;MATH-ALLS-2/theory-of-geometry.tex	Downloads;MATH-ALLS-2	PROBLEM_ITEM				NO	NEEDS_EDITORIAL_REVIEW
b635df90bed2b633573a9b6b306fc44d2334d0661677d604c97ed00bea9d1d33	SEM-B635DF90BED2	IMP-DL-38CE6DEB56-P043	2	IMP-DL-38CE6DEB56-P043;IMP-M3-D19BB3C803-P043	Downloads/theory-of-commutative-algebra-14.tex;MATH_ALLS-3/theory-of-commutative-algebra-14.tex	Downloads;MATH_ALLS-3	EXERCISE	11	IMP-DL-38CE6DEB56-S011;IMP-M3-D19BB3C803-S011		YES	NEEDS_EDITORIAL_REVIEW
b64bc3bd10c3ec287f3a39bf1735ac1fc7176002f6872e895c73b4d37bf9432b	SEM-B64BC3BD10C3	IMP-DL-0B4CC237FA-SPR001829-B64BC3BD	1	IMP-DL-0B4CC237FA-SPR001829-B64BC3BD	Downloads/theory-of-algebraic-geometry-3.tex	Downloads	EXAMPLE				NO	NEEDS_EDITORIAL_REVIEW
b64ddd3f3a10deb1e62abe8edacb8eab6f79fc0bf052f727686c450fcf819428	SEM-B64DDD3F3A10	IMP-DL-CB3C80FF97-P036	2	IMP-DL-CB3C80FF97-P036;IMP-M2-7B5A4788C1-P036	Downloads/theory-of-complex-analysis-topology.tex;MATH-ALLS-2/theory-of-complex-analysis-topology.tex	Downloads;MATH-ALLS-2	PROBLEM_ITEM				NO	NEEDS_EDITORIAL_REVIEW
b6841b84465e66e82245d9feb5e787c25edc024feea046ccd610dfd19d364a73	SEM-B6841B84465E	IMP-DL-D27460A55B-SPR003972-B6841B84	1	IMP-DL-D27460A55B-SPR003972-B6841B84	Downloads/theory-of-algebraic-geometry-5.tex	Downloads	EXAMPLE	6			NO	NEEDS_EDITORIAL_REVIEW
b6b031ecbcbe91ca6da4c36f0b11563f69f2932d65234dffdfb9febb9fdf8ff8	SEM-B6B031ECBCBE	IMP-DL-BD3A6D53D0-P017	3	IMP-DL-BD3A6D53D0-P017;IMP-M2-E2BE0561BD-P017;IMP-M3-0F6B7A59EB-P017	Downloads/theory-of-differential-geometry-2.tex;MATH-ALLS-2/theory-of-differential-geometry-2.tex;MATH_ALLS-3/theory-of-differential-geometry-2.tex	Downloads;MATH-ALLS-2;MATH_ALLS-3	PROBLEM	2	IMP-DL-BD3A6D53D0-S017;IMP-M2-E2BE0561BD-S017;IMP-M3-0F6B7A59EB-S017		YES	NEEDS_EDITORIAL_REVIEW
b6efcd0f32a3fc011e2c92b152dc0a34717e60326fb65a8e7970e570376c588f	SEM-B6EFCD0F32A3	IMP-DL-2E134BF207-P069	1	IMP-DL-2E134BF207-P069	Downloads/theory-of-algebraic-topology-5.tex	Downloads	WORKED_EXAMPLE	6			NO	NEEDS_EDITORIAL_REVIEW
b732ede20ef0a2f92f5abc2f4ae65647d8848174df419138a899131b568d3325	SEM-B732EDE20EF0	IMP-DL-535B6F59C6-SPR002051-B732EDE2	2	IMP-DL-535B6F59C6-SPR002051-B732EDE2;IMP-M3-0753B8F46B-SPR002051-B732EDE2	Downloads/theory-of-commutative-algebra-4.tex;MATH_ALLS-3/theory-of-commutative-algebra-4.tex	Downloads;MATH_ALLS-3	EXAMPLE	7.			NO	NEEDS_EDITORIAL_REVIEW
b7836e94c0a9ce32e1f673fe150a723a3e5260a3670d8fe5a8700985505a301f	SEM-B7836E94C0A9	IMP-DL-0A181AC273-P006	2	IMP-DL-0A181AC273-P006;IMP-M2-80AFB5AE64-P006	Downloads/theory-of-complex-analysis.tex;MATH-ALLS-2/theory-of-complex-analysis.tex	Downloads;MATH-ALLS-2	EXERCISE_ITEM				NO	NEEDS_EDITORIAL_REVIEW
b7a190597da3a5bbe16db7e6ad6536cb007ccf42a1ad0c42b6e8fa51f243fb1f	SEM-B7A190597DA3	IMP-DL-0AC5ADA26C-P018	1	IMP-DL-0AC5ADA26C-P018	Downloads/theory-of-algebraic-topology-8.tex	Downloads	WORKED_EXAMPLE				NO	NEEDS_EDITORIAL_REVIEW
b7a83f67d569f82569348dd77de82d96bc4303b735c633f5628262dee4e86644	SEM-B7A83F67D569	IMP-DL-A11279CC33-P023	2	IMP-DL-A11279CC33-P023;IMP-M3-73E0197CF3-P023	Downloads/theory-of-commutative-algebra-6.tex;MATH_ALLS-3/theory-of-commutative-algebra-6.tex	Downloads;MATH_ALLS-3	WORKED_EXAMPLE				NO	NEEDS_EDITORIAL_REVIEW
b7ab6ec3af5e45df163b380b8dc04891e1cac384bad334db2d816d46c1cfafae	SEM-B7AB6EC3AF5E	IMP-DL-3C59D9EE8B-P050	2	IMP-DL-3C59D9EE8B-P050;IMP-M3-D1A916E0DD-P050	Downloads/theory-of-commutative-algebra-5-professional-v2.tex;MATH_ALLS-3/theory-of-commutative-algebra-5-professional-v2.tex	Downloads;MATH_ALLS-3	PROBLEM_ITEM				NO	NEEDS_EDITORIAL_REVIEW
b7bd064dd4064d64227ac40944db942e296caa68447340030e194c56064d33ea	SEM-B7BD064DD406	IMP-DL-11EDF39EA7-R003965-B7BD064D	2	IMP-DL-11EDF39EA7-R003965-B7BD064D;IMP-M2-68556E3D88-R003965-B7BD064D	Downloads/theory-of-analysis-FD2.tex;MATH-ALLS-2/theory-of-analysis-FD2.tex	Downloads;MATH-ALLS-2	EXERCISE	5.5			NO	NEEDS_EDITORIAL_REVIEW
b7cdde9cd3f67cd9dc2a894c516101d5179835b706db2fb3e35c2f1f835ad138	SEM-B7CDDE9CD3F6	IMP-DL-0E1529C1F4-P004	2	IMP-DL-0E1529C1F4-P004;IMP-M2-B699C4BE42-P004	Downloads/theory-of-complex-analysis-maps.tex;MATH-ALLS-2/theory-of-complex-analysis-maps.tex	Downloads;MATH-ALLS-2	WORKED_EXAMPLE				NO	NEEDS_EDITORIAL_REVIEW
b7f0c44d6f511dbb315d02676a584860492966b4035f73f98440f9444f40d07a	SEM-B7F0C44D6F51	IMP-DL-6B513C0C2F-PSR006428-B7F0C44D	1	IMP-DL-6B513C0C2F-PSR006428-B7F0C44D	Downloads/theory-of-algebraic-geometry-10.tex	Downloads	EXAMPLE				NO	NEEDS_EDITORIAL_REVIEW
b7fd8aff20bcc8c0e5d63f3858bc6919f36631eb4899db7418422bc8a93bb123	SEM-B7FD8AFF20BC	IMP-DL-0A181AC273-P004	2	IMP-DL-0A181AC273-P004;IMP-M2-80AFB5AE64-P004	Downloads/theory-of-complex-analysis.tex;MATH-ALLS-2/theory-of-complex-analysis.tex	Downloads;MATH-ALLS-2	EXERCISE_ITEM				NO	NEEDS_EDITORIAL_REVIEW
b819ea2cf3774535efaf0c50bfcc885164b7e1315166d393de9cdf35f7fad4d2	SEM-B819EA2CF377	IMP-DL-314EAD1F3C-R002778-B819EA2C	1	IMP-DL-314EAD1F3C-R002778-B819EA2C	Downloads/theory-of-algebraic-topology-12.tex	Downloads	PROBLEM	12			NO	NEEDS_EDITORIAL_REVIEW
b81bf25e2785bc44dd5af378b45eeede4df2dc50b657965f3d9267d07554671b	SEM-B81BF25E2785	IMP-DL-8D5CF4CFBA-R003268-B81BF25E	2	IMP-DL-8D5CF4CFBA-R003268-B81BF25E;IMP-M3-89937139FC-R003268-B81BF25E	Downloads/theory-of-linear-algebra-2.tex;MATH_ALLS-3/theory-of-linear-algebra-2.tex	Downloads;MATH_ALLS-3	PROBLEM	11			NO	NEEDS_EDITORIAL_REVIEW
b86de774fbfd21d2fb057cb1a5101b4400c79f2809906db0226fb117046901d2	SEM-B86DE774FBFD	IMP-DL-D6E9B3BC73-P021	2	IMP-DL-D6E9B3BC73-P021;IMP-M3-422B74F85F-P021	Downloads/theory-of-algebraic-topology-1.tex;MATH_ALLS-3/theory-of-algebraic-topology-1.tex	Downloads;MATH_ALLS-3	WORKED_EXAMPLE	4.			NO	NEEDS_EDITORIAL_REVIEW
b8807ee1e6e1127bbb7652586fe054e14b95fb104166dc652e51895a469b2135	SEM-B8807EE1E6E1	IMP-DL-0EB9CBD958-P003	2	IMP-DL-0EB9CBD958-P003;IMP-M2-F4C85D52DC-P003	Downloads/theory-of-geometry.tex;MATH-ALLS-2/theory-of-geometry.tex	Downloads;MATH-ALLS-2	PROBLEM_ITEM				NO	NEEDS_EDITORIAL_REVIEW
b8a4cb4dd5831258c95d75784b24aad49778ab66a62f9a38dd24969ee04b06b1	SEM-B8A4CB4DD583	IMP-DL-CB3C80FF97-P016	2	IMP-DL-CB3C80FF97-P016;IMP-M2-7B5A4788C1-P016	Downloads/theory-of-complex-analysis-topology.tex;MATH-ALLS-2/theory-of-complex-analysis-topology.tex	Downloads;MATH-ALLS-2	PROBLEM_ITEM		IMP-DL-CB3C80FF97-S011;IMP-M2-7B5A4788C1-S011		YES	NEEDS_EDITORIAL_REVIEW
b8ae3c3f24dce1d2497cc3e7b070628a62f43da988142dd2b4c0988ab672fa43	SEM-B8AE3C3F24DC	IMP-DL-0AC5ADA26C-P002	1	IMP-DL-0AC5ADA26C-P002	Downloads/theory-of-algebraic-topology-8.tex	Downloads	WORKED_EXAMPLE	2			NO	NEEDS_EDITORIAL_REVIEW
b8c419411acba395452f5197ba25b0609c8583982fad60b3daddea931775c26a	SEM-B8C419411ACB	IMP-DL-873C6F4098-P104	2	IMP-DL-873C6F4098-P104;IMP-M2-CFC28ED568-P104	Downloads/theory-of-analysis-II.tex;MATH-ALLS-2/theory-of-analysis-II.tex	Downloads;MATH-ALLS-2	PROBLEM	11			NO	NEEDS_EDITORIAL_REVIEW
b8d2d1e565619d52706919b81744b375cf8b7b24af4bc26ae3bbddf1c2bf97a7	SEM-B8D2D1E56561	IMP-DL-873C6F4098-P094	2	IMP-DL-873C6F4098-P094;IMP-M2-CFC28ED568-P094	Downloads/theory-of-analysis-II.tex;MATH-ALLS-2/theory-of-analysis-II.tex	Downloads;MATH-ALLS-2	PROBLEM	8	IMP-DL-873C6F4098-S025;IMP-M2-CFC28ED568-S025		YES	NEEDS_EDITORIAL_REVIEW
b8dd8d9cf002cb355f330a96271dafe430f94706e67dcc8c3083b55f3944bf39	SEM-B8DD8D9CF002	IMP-DL-721195CCB5-P001	1	IMP-DL-721195CCB5-P001	Downloads/theory-of-algebraic-geometry-11.tex	Downloads	PROBLEM	3			NO	NEEDS_EDITORIAL_REVIEW
b8e14de769f7643af326e6d526c0f8cb9faf4a87697e358c8ad0783564e1b5b9	SEM-B8E14DE769F7	IMP-DL-E4D9F7AB6B-P002	1	IMP-DL-E4D9F7AB6B-P002	Downloads/theory-of-algebraic-topology-13.tex	Downloads	PROBLEM	2			NO	NEEDS_EDITORIAL_REVIEW
b8ed5e439f7a3b1d0765872254bdce7512dd86e1178c2c3b7b090745894bb2d3	SEM-B8ED5E439F7A	IMP-DL-A11279CC33-P016	2	IMP-DL-A11279CC33-P016;IMP-M3-73E0197CF3-P016	Downloads/theory-of-commutative-algebra-6.tex;MATH_ALLS-3/theory-of-commutative-algebra-6.tex	Downloads;MATH_ALLS-3	WORKED_EXAMPLE				NO	NEEDS_EDITORIAL_REVIEW
b8f6f008b511916641dabe4cece9423c7d1f62916e4e8f2b4cca7d9209796049	SEM-B8F6F008B511	IMP-DL-316AE183C3-P023	2	IMP-DL-316AE183C3-P023;IMP-M2-303BB87ACE-P023	Downloads/theory-of-analysis-functions.tex;MATH-ALLS-2/theory-of-analysis-functions.tex	Downloads;MATH-ALLS-2	EXERCISE_ITEM		IMP-DL-316AE183C3-S003;IMP-M2-303BB87ACE-S003		YES	NEEDS_EDITORIAL_REVIEW
b90d13b35fa66730b9e79d2ebaab49b706963ce8fefc935b02f1c3dccc9edb06	SEM-B90D13B35FA6	IMP-DL-E12021E60A-P026	1	IMP-DL-E12021E60A-P026	Downloads/theory-of-algebraic-topology-17.tex	Downloads	WORKED_EXAMPLE	1.3			NO	NEEDS_EDITORIAL_REVIEW
b96da60b18e7b9377dd4ec4392fcfcac8d90f9047ea234f5673a0de8ed231c83	SEM-B96DA60B18E7	IMP-DL-8016517B0A-P032	3	IMP-DL-8016517B0A-P032;IMP-M2-2B58694CBF-P032;IMP-M3-911366A7C5-P032	Downloads/theory-of-differential-geometry-1.tex;MATH-ALLS-2/theory-of-differential-geometry-1.tex;MATH_ALLS-3/theory-of-differential-geometry-1.tex	Downloads;MATH-ALLS-2;MATH_ALLS-3	PROBLEM	2			NO	NEEDS_EDITORIAL_REVIEW
b973c2202e642f0910c1efc2de0bf3a64808cda1bcb002d2a73c40829b16cbe3	SEM-B973C2202E64	IMP-DL-873C6F4098-P046	2	IMP-DL-873C6F4098-P046;IMP-M2-CFC28ED568-P046	Downloads/theory-of-analysis-II.tex;MATH-ALLS-2/theory-of-analysis-II.tex	Downloads;MATH-ALLS-2	WORKED_EXAMPLE				NO	NEEDS_EDITORIAL_REVIEW
b9839a8b3c42c517567e9491479a523928fbbcba9fa8b1482dde8fc307b23a2b	SEM-B9839A8B3C42	IMP-DL-724FD8B7B1-SPR005037-B9839A8B	2	IMP-DL-724FD8B7B1-SPR005037-B9839A8B;IMP-M3-51E6A44D55-SPR005037-B9839A8B	Downloads/theory-of-commutative-algebra-1.tex;MATH_ALLS-3/theory-of-commutative-algebra-1.tex	Downloads;MATH_ALLS-3	EXAMPLE	6.			NO	NEEDS_EDITORIAL_REVIEW
b98fac9fb1fc656b74301f9214d2a5db41672dafccd2695cd415d129402a12bf	SEM-B98FAC9FB1FC	IMP-DL-3C59D9EE8B-P096	2	IMP-DL-3C59D9EE8B-P096;IMP-M3-D1A916E0DD-P096	Downloads/theory-of-commutative-algebra-5-professional-v2.tex;MATH_ALLS-3/theory-of-commutative-algebra-5-professional-v2.tex	Downloads;MATH_ALLS-3	PROBLEM_ITEM				NO	NEEDS_EDITORIAL_REVIEW
b99b3e8c7e13547a71a220bdb2b384e6db3b86fa07b5c2e3e8b0e94c3ac82819	SEM-B99B3E8C7E13	IMP-DL-8D5CF4CFBA-R003042-B99B3E8C	2	IMP-DL-8D5CF4CFBA-R003042-B99B3E8C;IMP-M3-89937139FC-R003042-B99B3E8C	Downloads/theory-of-linear-algebra-2.tex;MATH_ALLS-3/theory-of-linear-algebra-2.tex	Downloads;MATH_ALLS-3	PROBLEM	12	IMP-DL-8D5CF4CFBA-S038;IMP-M3-89937139FC-S038		YES	NEEDS_EDITORIAL_REVIEW
b99e00a0cc4573406753e4cedadb15b4d963d6c89ef3fb9ea2674cbd9e926557	SEM-B99E00A0CC45	IMP-DL-873C6F4098-P001	2	IMP-DL-873C6F4098-P001;IMP-M2-CFC28ED568-P001	Downloads/theory-of-analysis-II.tex;MATH-ALLS-2/theory-of-analysis-II.tex	Downloads;MATH-ALLS-2	PROBLEM	1			NO	NEEDS_EDITORIAL_REVIEW
b9b09b8ffce833af89dc7855e2951739ca1ce69e1dba17f26f5c9b1291f19774	SEM-B9B09B8FFCE8	IMP-DL-0A181AC273-P022	2	IMP-DL-0A181AC273-P022;IMP-M2-80AFB5AE64-P022	Downloads/theory-of-complex-analysis.tex;MATH-ALLS-2/theory-of-complex-analysis.tex	Downloads;MATH-ALLS-2	PROBLEM	10.			NO	NEEDS_EDITORIAL_REVIEW
b9b4ae9b74345db35a9b24c13362aa330460febf7c961f13db6c723c0304fc28	SEM-B9B4AE9B7434	IMP-DL-8D5CF4CFBA-PSR001087-B9B4AE9B	2	IMP-DL-8D5CF4CFBA-PSR001087-B9B4AE9B;IMP-M3-89937139FC-PSR001087-B9B4AE9B	Downloads/theory-of-linear-algebra-2.tex;MATH_ALLS-3/theory-of-linear-algebra-2.tex	Downloads;MATH_ALLS-3	PROBLEM	8			NO	NEEDS_EDITORIAL_REVIEW
b9b5f36f702c9868aa0f6c94e9bcbcb49533078684bae9a2ddc25256b7875800	SEM-B9B5F36F702C	IMP-DL-873C6F4098-P026	2	IMP-DL-873C6F4098-P026;IMP-M2-CFC28ED568-P026	Downloads/theory-of-analysis-II.tex;MATH-ALLS-2/theory-of-analysis-II.tex	Downloads;MATH-ALLS-2	PROBLEM	14			NO	NEEDS_EDITORIAL_REVIEW
b9d0f54ab93e12b8273d36a01a5c797a24a2c2e2bd1c2f15922f4c282d10775c	SEM-B9D0F54AB93E	IMP-DL-35223EB1F7-R003155-B9D0F54A	1	IMP-DL-35223EB1F7-R003155-B9D0F54A	Downloads/theory-of-algebraic-topology-6.tex	Downloads	EXAMPLE	6			NO	NEEDS_EDITORIAL_REVIEW
b9ddc542a78499b0db70c48a51152f67af4b4aa56cacc08781f4d13b815ae9b6	SEM-B9DDC542A784	IMP-DL-D18914CBBD-R002162-B9DDC542	2	IMP-DL-D18914CBBD-R002162-B9DDC542;IMP-M3-78B3C1B707-R002162-B9DDC542	Downloads/theory-of-commutative-algebra-11.tex;MATH_ALLS-3/theory-of-commutative-algebra-11.tex	Downloads;MATH_ALLS-3	EXAMPLE				NO	NEEDS_EDITORIAL_REVIEW
ba0e2e034426c3942e049695baad0912ecd530af8adcb05d7397936b8858935e	SEM-BA0E2E034426	IMP-DL-F77C60E8D1-P002	2	IMP-DL-F77C60E8D1-P002;IMP-M2-09C070ED26-P002	Downloads/theory-of-complex-analysis-next2.tex;MATH-ALLS-2/theory-of-complex-analysis-next2.tex	Downloads;MATH-ALLS-2	PROBLEM				NO	NEEDS_EDITORIAL_REVIEW
ba13904b56a54f29424488ec5153565b3024f6a68f20edfd013c0eee3018c17c	SEM-BA13904B56A5	IMP-DL-0AC5ADA26C-P029	1	IMP-DL-0AC5ADA26C-P029	Downloads/theory-of-algebraic-topology-8.tex	Downloads	WORKED_EXAMPLE				NO	NEEDS_EDITORIAL_REVIEW
ba1796665e94a90b3fdac9d984bb5ad19902be66b0489a3a110ba4cec63d1739	SEM-BA1796665E94	IMP-DL-A99C7658F3-PSR002675-BA179666	1	IMP-DL-A99C7658F3-PSR002675-BA179666	Downloads/theory-of-algebraic-geometry-2.tex	Downloads	EXAMPLE				NO	NEEDS_EDITORIAL_REVIEW
ba22e4a22ff3de3ddee2efffd301478f15379fc0d9c147c96af4111db66534bf	SEM-BA22E4A22FF3	IMP-DL-14663C23F1-P008	2	IMP-DL-14663C23F1-P008;IMP-M2-155017A9AF-P008	Downloads/theory-of-geometry-III.tex;MATH-ALLS-2/theory-of-geometry-III.tex	Downloads;MATH-ALLS-2	PROBLEM_ITEM				NO	NEEDS_EDITORIAL_REVIEW
ba3308213a736d5ad44a9b0dc9d160c4f8826810273036143be6278ff5f15387	SEM-BA3308213A73	IMP-DL-98972A6B93-P036	2	IMP-DL-98972A6B93-P036;IMP-M2-355EA0996F-P036	Downloads/theory-of-geometry-II.tex;MATH-ALLS-2/theory-of-geometry-II.tex	Downloads;MATH-ALLS-2	PROBLEM_ITEM				NO	NEEDS_EDITORIAL_REVIEW
ba57e97ab7e66aa5b907814749d765d307e1a2bb1771297bba6439645dbbdac6	SEM-BA57E97AB7E6	IMP-DL-1068DBED71-P069	4	IMP-DL-1068DBED71-P069;IMP-DL-CAA415139D-P069;IMP-M3-F4E66B2919-P069;IMP-M3-FCB1647DD6-P069	Downloads/theory-of-commutative-algebra-10.tex;Downloads/theory-of-commutative-algebra-9.tex;MATH_ALLS-3/theory-of-commutative-algebra-10.tex;MATH_ALLS-3/theory-of-commutative-algebra-9.tex	Downloads;MATH_ALLS-3	WORKED_EXAMPLE	2			NO	NEEDS_EDITORIAL_REVIEW
ba623fb100840e7a3183d162b139aa36902b2eef62083d60b081ebe993038b31	SEM-BA623FB10084	IMP-DL-CB3C80FF97-P030	2	IMP-DL-CB3C80FF97-P030;IMP-M2-7B5A4788C1-P030	Downloads/theory-of-complex-analysis-topology.tex;MATH-ALLS-2/theory-of-complex-analysis-topology.tex	Downloads;MATH-ALLS-2	PROBLEM_ITEM	(ii)			NO	NEEDS_EDITORIAL_REVIEW
ba886d9ee8dead4ade6cfde94b8ba9880942ad6148439f89f5683be32f03ff7c	SEM-BA886D9EE8DE	IMP-DL-15679DEE8D-P010	6	IMP-DL-15679DEE8D-P010;IMP-DL-3CA1CB77F7-P010;IMP-DL-E0A96454A5-P010;IMP-M2-1D2863B81A-P010;IMP-M2-D47CB97304-P010;IMP-M2-F08D4144EA-P010	Downloads/theory-of-analysis - Copy.tex;Downloads/theory-of-analysis-numbers.tex;Downloads/theory-of-analysis.tex;MATH-ALLS-2/theory-of-analysis - Copy.tex;MATH-ALLS-2/theory-of-analysis-numbers.tex;MATH-ALLS-2/theory-of-analysis.tex	Downloads;MATH-ALLS-2	PROBLEM	11			NO	NEEDS_EDITORIAL_REVIEW
babe34846ca4f9e825a94c20f20369b3c2192fa6cb50837abfe4d4ac2be64f09	SEM-BABE34846CA4	IMP-DL-3C59D9EE8B-P141	2	IMP-DL-3C59D9EE8B-P141;IMP-M3-D1A916E0DD-P141	Downloads/theory-of-commutative-algebra-5-professional-v2.tex;MATH_ALLS-3/theory-of-commutative-algebra-5-professional-v2.tex	Downloads;MATH_ALLS-3	PROBLEM_ITEM				NO	NEEDS_EDITORIAL_REVIEW
baefe517d9ab675c3469a7eb8f725904b2f55334a26dafbc5e70fc22136601c1	SEM-BAEFE517D9AB	IMP-DL-12C1A20716-P033	1	IMP-DL-12C1A20716-P033	Downloads/theory-of-algebraic-topology-10.tex	Downloads	PROBLEM	12.	IMP-DL-12C1A20716-S008		YES	NEEDS_EDITORIAL_REVIEW
baf81938476d4a31233bb4b27bd7893c8cf395ae24950f67a6fbbb80f32fc70c	SEM-BAF81938476D	IMP-DL-D18914CBBD-P008	2	IMP-DL-D18914CBBD-P008;IMP-M3-78B3C1B707-P008	Downloads/theory-of-commutative-algebra-11.tex;MATH_ALLS-3/theory-of-commutative-algebra-11.tex	Downloads;MATH_ALLS-3	WORKED_EXAMPLE	8			NO	NEEDS_EDITORIAL_REVIEW
bb2d26481d3455bd98943b95c712ba0e067703f3d60265b30685a73edfff8428	SEM-BB2D26481D34	IMP-DL-314EAD1F3C-R002502-BB2D2648	1	IMP-DL-314EAD1F3C-R002502-BB2D2648	Downloads/theory-of-algebraic-topology-12.tex	Downloads	EXAMPLE	13.2.			NO	NEEDS_EDITORIAL_REVIEW
bb44c669b49729a03a0fc477ee90b1c71faaa5b2bd3281a74a101c37770ec44a	SEM-BB44C669B497	IMP-DL-11EDF39EA7-R004029-BB44C669	2	IMP-DL-11EDF39EA7-R004029-BB44C669;IMP-M2-68556E3D88-R004029-BB44C669	Downloads/theory-of-analysis-FD2.tex;MATH-ALLS-2/theory-of-analysis-FD2.tex	Downloads;MATH-ALLS-2	EXAMPLE	coefficients			NO	NEEDS_EDITORIAL_REVIEW
bb4b6cada07614a4e41d35389a116256007927662c9534bc9b9b0c752b245afe	SEM-BB4B6CADA076	IMP-DL-183AD43C4C-R002037-BB4B6CAD	4	IMP-DL-183AD43C4C-R002037-BB4B6CAD;IMP-DL-20E278E436-R001979-BB4B6CAD;IMP-M2-1895C43FC6-R002037-BB4B6CAD;IMP-M2-50B0B212DD-R001979-BB4B6CAD	Downloads/merged_exercises_FULL_v2 (1).tex;Downloads/theory-of-real-analysis.tex;MATH-ALLS-2/merged_exercises_FULL_v2 (1).tex;MATH-ALLS-2/theory-of-real-analysis.tex	Downloads;MATH-ALLS-2	EXERCISE	8.6			NO	NEEDS_EDITORIAL_REVIEW
bb4feaa888091abc07a009573c45295e9a2900430dd741a0230baa4c3bb13aa2	SEM-BB4FEAA88809	IMP-DL-183AD43C4C-R001342-BB4FEAA8	4	IMP-DL-183AD43C4C-R001342-BB4FEAA8;IMP-DL-20E278E436-R001284-BB4FEAA8;IMP-M2-1895C43FC6-R001342-BB4FEAA8;IMP-M2-50B0B212DD-R001284-BB4FEAA8	Downloads/merged_exercises_FULL_v2 (1).tex;Downloads/theory-of-real-analysis.tex;MATH-ALLS-2/merged_exercises_FULL_v2 (1).tex;MATH-ALLS-2/theory-of-real-analysis.tex	Downloads;MATH-ALLS-2	EXERCISE	6.2	IMP-DL-183AD43C4C-S033;IMP-DL-20E278E436-S033;IMP-M2-1895C43FC6-S033;IMP-M2-50B0B212DD-S033		YES	NEEDS_EDITORIAL_REVIEW
bb737f97abfd362cb1faf1c21092a59f2deb4753aa664a6437d09908f31028bc	SEM-BB737F97ABFD	IMP-DL-A5CEE6E541-PSR004267-BB737F97	1	IMP-DL-A5CEE6E541-PSR004267-BB737F97	Downloads/theory-of-algebraic-geometry-8.tex	Downloads	EXAMPLE				NO	NEEDS_EDITORIAL_REVIEW
bb960384a9aba4280ce349345b8a6dc4d289f41ae4f32470c7138a3a2aa9df76	SEM-BB960384A9AB	IMP-DL-11EDF39EA7-P039	2	IMP-DL-11EDF39EA7-P039;IMP-M2-68556E3D88-P039	Downloads/theory-of-analysis-FD2.tex;MATH-ALLS-2/theory-of-analysis-FD2.tex	Downloads;MATH-ALLS-2	EXERCISE_ITEM				NO	NEEDS_EDITORIAL_REVIEW
bb9e31f2e0b34084dd0f638d787d13304b68a0dc283aee92ed66d33ac2b26005	SEM-BB9E31F2E0B3	IMP-DL-0AC5ADA26C-P005	1	IMP-DL-0AC5ADA26C-P005	Downloads/theory-of-algebraic-topology-8.tex	Downloads	WORKED_EXAMPLE	5			NO	NEEDS_EDITORIAL_REVIEW
bbb98efd7e4cbe95c1c630f35e097daded0330ca05d605634796fbb5a107c902	SEM-BBB98EFD7E4C	IMP-DL-A978FB3162-P013	1	IMP-DL-A978FB3162-P013	Downloads/theory-of-algebraic-topology-4.tex	Downloads	WORKED_EXAMPLE	2			NO	NEEDS_EDITORIAL_REVIEW
bbc83fce9e4d62dc06f0597cdda8b249c0926fd359e9fd6e03e3cc1efee8997b	SEM-BBC83FCE9E4D	IMP-DL-8D5CF4CFBA-P040	2	IMP-DL-8D5CF4CFBA-P040;IMP-M3-89937139FC-P040	Downloads/theory-of-linear-algebra-2.tex;MATH_ALLS-3/theory-of-linear-algebra-2.tex	Downloads;MATH_ALLS-3	PROBLEM	12	IMP-DL-8D5CF4CFBA-S050;IMP-M3-89937139FC-S050		YES	NEEDS_EDITORIAL_REVIEW
bbe047547f025f26f74e0d501f6f40028a5fca6d95f77ce72b2c53547ec9ee4f	SEM-BBE047547F02	IMP-DL-A978FB3162-P018	1	IMP-DL-A978FB3162-P018	Downloads/theory-of-algebraic-topology-4.tex	Downloads	WORKED_EXAMPLE	7			NO	NEEDS_EDITORIAL_REVIEW
bbe20017f9c97b0a7a8335e9544b1aee128ed95e2de186ae9410b6b70c29a388	SEM-BBE20017F9C9	IMP-DL-2E134BF207-R002712-BBE20017	1	IMP-DL-2E134BF207-R002712-BBE20017	Downloads/theory-of-algebraic-topology-5.tex	Downloads	PROBLEM	1			NO	NEEDS_EDITORIAL_REVIEW
bbea14192454ea66b441bfca3a244ec6fc89790ca921b4e09fa0f4d42f49b654	SEM-BBEA14192454	IMP-DL-E0B80C696E-P012	1	IMP-DL-E0B80C696E-P012	Downloads/theory-of-algebraic-topology-7.tex	Downloads	WORKED_EXAMPLE				NO	NEEDS_EDITORIAL_REVIEW
bc1091665e04be77a412b9b6d88c9c3a37ac37af5bf9ad3d1598be9812f76690	SEM-BC1091665E04	IMP-DL-0EB9CBD958-P075	2	IMP-DL-0EB9CBD958-P075;IMP-M2-F4C85D52DC-P075	Downloads/theory-of-geometry.tex;MATH-ALLS-2/theory-of-geometry.tex	Downloads;MATH-ALLS-2	PROBLEM_ITEM				NO	NEEDS_EDITORIAL_REVIEW
bc2ac693bb2790c74e5d043930245775993f0e0f1af1d4e8b4f5e104c4c6fa34	SEM-BC2AC693BB27	IMP-DL-3190BA882C-P024	2	IMP-DL-3190BA882C-P024;IMP-M3-CABB372599-P024	Downloads/theory-of-commutative-algebra-15.tex;MATH_ALLS-3/theory-of-commutative-algebra-15.tex	Downloads;MATH_ALLS-3	WORKED_EXAMPLE				NO	NEEDS_EDITORIAL_REVIEW
bc471b4f1feaca0f6fa703081a392404a956a8f634f8a9562225bba745b6d537	SEM-BC471B4F1FEA	IMP-DL-183AD43C4C-R001921-BC471B4F	4	IMP-DL-183AD43C4C-R001921-BC471B4F;IMP-DL-20E278E436-R001863-BC471B4F;IMP-M2-1895C43FC6-R001921-BC471B4F;IMP-M2-50B0B212DD-R001863-BC471B4F	Downloads/merged_exercises_FULL_v2 (1).tex;Downloads/theory-of-real-analysis.tex;MATH-ALLS-2/merged_exercises_FULL_v2 (1).tex;MATH-ALLS-2/theory-of-real-analysis.tex	Downloads;MATH-ALLS-2	EXERCISE	8.3	IMP-DL-183AD43C4C-S049;IMP-DL-183AD43C4C-S050;IMP-DL-20E278E436-S049;IMP-DL-20E278E436-S050;IMP-M2-1895C43FC6-S049;IMP-M2-1895C43FC6-S050;IMP-M2-50B0B212DD-S049;IMP-M2-50B0B212DD-S050		YES	NEEDS_EDITORIAL_REVIEW
bc4a39a6ebf1b80da7b7aec5b310bb6067cf1e1dc8be4772522bbca6fec4f443	SEM-BC4A39A6EBF1	IMP-DL-724FD8B7B1-SPR004960-BC4A39A6	2	IMP-DL-724FD8B7B1-SPR004960-BC4A39A6;IMP-M3-51E6A44D55-SPR004960-BC4A39A6	Downloads/theory-of-commutative-algebra-1.tex;MATH_ALLS-3/theory-of-commutative-algebra-1.tex	Downloads;MATH_ALLS-3	EXAMPLE	1.			NO	NEEDS_EDITORIAL_REVIEW
bc4f1004c184fec1a5090690f3514d2431e046cf6b63c7036fd9b227924870b8	SEM-BC4F1004C184	IMP-DL-3E276561C4-R002825-BC4F1004	2	IMP-DL-3E276561C4-R002825-BC4F1004;IMP-M3-AB2FCA292B-R002825-BC4F1004	Downloads/theory-of-linear-algebra-1.tex;MATH_ALLS-3/theory-of-linear-algebra-1.tex	Downloads;MATH_ALLS-3	PROBLEM	10	IMP-DL-3E276561C4-S034;IMP-M3-AB2FCA292B-S034		YES	NEEDS_EDITORIAL_REVIEW
bc8626838bd2786072a8a386b5e7469dd857d40f556440a0cdf945b67d67a035	SEM-BC8626838BD2	IMP-DL-3C59D9EE8B-P032	2	IMP-DL-3C59D9EE8B-P032;IMP-M3-D1A916E0DD-P032	Downloads/theory-of-commutative-algebra-5-professional-v2.tex;MATH_ALLS-3/theory-of-commutative-algebra-5-professional-v2.tex	Downloads;MATH_ALLS-3	PROBLEM_ITEM				NO	NEEDS_EDITORIAL_REVIEW
bc8ac45bf44f1919bfd0a7cb1ddca7a1b982ea406af0623e6798d14d62964b0f	SEM-BC8AC45BF44F	IMP-DL-2E134BF207-R001112-BC8AC45B	1	IMP-DL-2E134BF207-R001112-BC8AC45B	Downloads/theory-of-algebraic-topology-5.tex	Downloads	PROBLEM	8	IMP-DL-2E134BF207-S003		YES	NEEDS_EDITORIAL_REVIEW
bc980093a974c78edd6fb237ea52a05226180fb3e8be51ae25df597951a0a715	SEM-BC980093A974	IMP-DL-98972A6B93-P026	2	IMP-DL-98972A6B93-P026;IMP-M2-355EA0996F-P026	Downloads/theory-of-geometry-II.tex;MATH-ALLS-2/theory-of-geometry-II.tex	Downloads;MATH-ALLS-2	PROBLEM_ITEM				NO	NEEDS_EDITORIAL_REVIEW
bcb454f42638f104bff684b55cb83e1829548dd727c94147d5f92ad7c3126bc9	SEM-BCB454F42638	IMP-DL-A5CEE6E541-PSR004184-BCB454F4	1	IMP-DL-A5CEE6E541-PSR004184-BCB454F4	Downloads/theory-of-algebraic-geometry-8.tex	Downloads	EXAMPLE				NO	NEEDS_EDITORIAL_REVIEW
bccd82c1869ea4efbfdde1cf196f89e8ee915e8419763d2b6bc20c0c84163b87	SEM-BCCD82C1869E	IMP-DL-12C1A20716-P010	1	IMP-DL-12C1A20716-P010	Downloads/theory-of-algebraic-topology-10.tex	Downloads	PROBLEM_ITEM				NO	NEEDS_EDITORIAL_REVIEW
bceeede8aa87883a6b0f1d782494cda3455759f6f5ceb73bbe88af145b0e8c45	SEM-BCEEEDE8AA87	IMP-DL-873C6F4098-P045	2	IMP-DL-873C6F4098-P045;IMP-M2-CFC28ED568-P045	Downloads/theory-of-analysis-II.tex;MATH-ALLS-2/theory-of-analysis-II.tex	Downloads;MATH-ALLS-2	PROBLEM_ITEM				NO	NEEDS_EDITORIAL_REVIEW
bcf54a8eb2d99d616a5aaac32b1fb97aa5085fad349a8d76f0435e3667d58c8a	SEM-BCF54A8EB2D9	IMP-DL-31FF76D7B8-PSR005343-BCF54A8E	1	IMP-DL-31FF76D7B8-PSR005343-BCF54A8E	Downloads/theory-of-algebraic-topology-16.tex	Downloads	EXAMPLE	6			NO	NEEDS_EDITORIAL_REVIEW
bd2d16d4201f7b6fe09772fc9a19512f71c28bd7d0aafa86c1f2339741f3422c	SEM-BD2D16D4201F	IMP-DL-D27460A55B-SPR004174-BD2D16D4	1	IMP-DL-D27460A55B-SPR004174-BD2D16D4	Downloads/theory-of-algebraic-geometry-5.tex	Downloads	EXAMPLE	13			NO	NEEDS_EDITORIAL_REVIEW
bd315889eb1b0bfee70474c982f77ced3b9a5a1cefba6f6bac6bc430bcaecfcd	SEM-BD315889EB1B	IMP-DL-A470D9BACB-P026	2	IMP-DL-A470D9BACB-P026;IMP-M2-2850FB9A8A-P026	Downloads/theory-of-geometry-1.tex;MATH-ALLS-2/theory-of-geometry-1.tex	Downloads;MATH-ALLS-2	WORKED_EXAMPLE	1			NO	NEEDS_EDITORIAL_REVIEW
bd3c2587013bb156f01cf7310ed71d259a761d64c24be2810d061d2ec80265aa	SEM-BD3C2587013B	IMP-DL-6B513C0C2F-PSR003825-BD3C2587	1	IMP-DL-6B513C0C2F-PSR003825-BD3C2587	Downloads/theory-of-algebraic-geometry-10.tex	Downloads	EXAMPLE	7			NO	NEEDS_EDITORIAL_REVIEW
bd462eaa54fc10b97c6485e88d8a802048f50d0062a35cf937c010ba2272c382	SEM-BD462EAA54FC	IMP-DL-D6E9B3BC73-PSR002943-BD462EAA	2	IMP-DL-D6E9B3BC73-PSR002943-BD462EAA;IMP-M3-422B74F85F-PSR002940-BD462EAA	Downloads/theory-of-algebraic-topology-1.tex;MATH_ALLS-3/theory-of-algebraic-topology-1.tex	Downloads;MATH_ALLS-3	PROBLEM	5			NO	NEEDS_EDITORIAL_REVIEW
bd50d96b39d22a6bce979833f63cc24a11a8e4cd343c3df65fa073daf0a213e8	SEM-BD50D96B39D2	IMP-DL-873C6F4098-P007	2	IMP-DL-873C6F4098-P007;IMP-M2-CFC28ED568-P007	Downloads/theory-of-analysis-II.tex;MATH-ALLS-2/theory-of-analysis-II.tex	Downloads;MATH-ALLS-2	PROBLEM	6			NO	NEEDS_EDITORIAL_REVIEW
bd56f96aeb750891b14324602975d11a532a5779ad8ef77740e07882dcddb4c7	SEM-BD56F96AEB75	IMP-DL-0A181AC273-P019	2	IMP-DL-0A181AC273-P019;IMP-M2-80AFB5AE64-P019	Downloads/theory-of-complex-analysis.tex;MATH-ALLS-2/theory-of-complex-analysis.tex	Downloads;MATH-ALLS-2	PROBLEM	7			NO	NEEDS_EDITORIAL_REVIEW
bd5b573ce16ae3799ddbdae75163886c6b64219e0b13c5383104d83791998f73	SEM-BD5B573CE16A	IMP-DL-873C6F4098-P037	2	IMP-DL-873C6F4098-P037;IMP-M2-CFC28ED568-P037	Downloads/theory-of-analysis-II.tex;MATH-ALLS-2/theory-of-analysis-II.tex	Downloads;MATH-ALLS-2	PROBLEM_ITEM				NO	NEEDS_EDITORIAL_REVIEW
bd60654947e13ee088552b7cde204b6787f965255a80d3d803fcdebed75d4560	SEM-BD60654947E1	IMP-DL-3E276561C4-P024	2	IMP-DL-3E276561C4-P024;IMP-M3-AB2FCA292B-P024	Downloads/theory-of-linear-algebra-1.tex;MATH_ALLS-3/theory-of-linear-algebra-1.tex	Downloads;MATH_ALLS-3	PROBLEM_ITEM				NO	NEEDS_EDITORIAL_REVIEW
bd78f62d567539e781c877103b3ea32ce01426233612b83d958674d3b9010fc7	SEM-BD78F62D5675	IMP-DL-E0B80C696E-P023	1	IMP-DL-E0B80C696E-P023	Downloads/theory-of-algebraic-topology-7.tex	Downloads	WORKED_EXAMPLE	1			NO	NEEDS_EDITORIAL_REVIEW
bd79612705ff122840446c76d05379c5c31b7edaebd19b22c31e3d8fd1b792c9	SEM-BD79612705FF	IMP-DL-2E134BF207-P050	1	IMP-DL-2E134BF207-P050	Downloads/theory-of-algebraic-topology-5.tex	Downloads	PROBLEM_ITEM				NO	NEEDS_EDITORIAL_REVIEW
bd79ffa3665873e5a84d125ef6e881f89634826c13e088be65667ed4a80ccc77	SEM-BD79FFA36658	IMP-DL-98972A6B93-P018	2	IMP-DL-98972A6B93-P018;IMP-M2-355EA0996F-P018	Downloads/theory-of-geometry-II.tex;MATH-ALLS-2/theory-of-geometry-II.tex	Downloads;MATH-ALLS-2	PROBLEM_ITEM				NO	NEEDS_EDITORIAL_REVIEW
bd9097b14903cfb147b758a360853248c4fba4097e9f59ceec21655d013dd178	SEM-BD9097B14903	IMP-DL-D4351A3BBD-P014	2	IMP-DL-D4351A3BBD-P014;IMP-M2-721AD91C7F-P014	Downloads/theory-of-geometry-IV.tex;MATH-ALLS-2/theory-of-geometry-IV.tex	Downloads;MATH-ALLS-2	PROBLEM_ITEM				NO	NEEDS_EDITORIAL_REVIEW
bd99efe93d6cc0c3a69eb66d4e7746c92ba8977bb8e1d99a67fbd4bebd0da1ab	SEM-BD99EFE93D6C	IMP-DL-0E3E7EC766-R002641-BD99EFE9	1	IMP-DL-0E3E7EC766-R002641-BD99EFE9	Downloads/theory-of-algebraic-geometry-1.tex	Downloads	EXAMPLE	12			NO	NEEDS_EDITORIAL_REVIEW
bdaefe6f804ca8d4e9b99b5773d3b5f55811ed8ca04a53c2de0c58e69446c836	SEM-BDAEFE6F804C	IMP-DL-0EB9CBD958-P024	2	IMP-DL-0EB9CBD958-P024;IMP-M2-F4C85D52DC-P024	Downloads/theory-of-geometry.tex;MATH-ALLS-2/theory-of-geometry.tex	Downloads;MATH-ALLS-2	PROBLEM_ITEM				NO	NEEDS_EDITORIAL_REVIEW
bdbcbc29f263b38b6d5eca66da762aec6d130281f932604a9458611a6e88344c	SEM-BDBCBC29F263	IMP-DL-183AD43C4C-PSR003225-BDBCBC29	2	IMP-DL-183AD43C4C-PSR003225-BDBCBC29;IMP-M2-1895C43FC6-PSR003225-BDBCBC29	Downloads/theory-of-real-analysis.tex;MATH-ALLS-2/theory-of-real-analysis.tex	Downloads;MATH-ALLS-2	EXAMPLE	4.			NO	NEEDS_EDITORIAL_REVIEW
bdbf259bb69729d87e1a5eafbcbb48fd0d6a08300c001d7e2e92b3b78b04efb8	SEM-BDBF259BB697	IMP-DL-0A181AC273-P001	2	IMP-DL-0A181AC273-P001;IMP-M2-80AFB5AE64-P001	Downloads/theory-of-complex-analysis.tex;MATH-ALLS-2/theory-of-complex-analysis.tex	Downloads;MATH-ALLS-2	PROBLEM				NO	NEEDS_EDITORIAL_REVIEW
bdc27f3bb8dc5f84ffc5b0bec1340a8b84f0a781d25f779b1cf7e64412ae9b33	SEM-BDC27F3BB8DC	IMP-DL-183AD43C4C-P029	2	IMP-DL-183AD43C4C-P029;IMP-M2-1895C43FC6-P029	Downloads/theory-of-real-analysis.tex;MATH-ALLS-2/theory-of-real-analysis.tex	Downloads;MATH-ALLS-2	WORKED_EXAMPLE				NO	NEEDS_EDITORIAL_REVIEW
bdcdf2e4068bc152ab127510f6b121a67b56077f0e331f970e90cd43cbda885a	SEM-BDCDF2E4068B	IMP-DL-6447F1B120-P017	1	IMP-DL-6447F1B120-P017	Downloads/theory-of-algebraic-topology-11.tex	Downloads	PROBLEM_ITEM				NO	NEEDS_EDITORIAL_REVIEW
bde58d2506e453a76f55a2b50847af3ecd1d6068dd6b50535f75bc3365de6de1	SEM-BDE58D2506E4	IMP-DL-3CA1CB77F7-P034	4	IMP-DL-3CA1CB77F7-P034;IMP-DL-3CA1CB77F7-R004307-BDE58D25;IMP-M2-F08D4144EA-P034;IMP-M2-F08D4144EA-R004307-BDE58D25	Downloads/theory-of-analysis-numbers.tex;MATH-ALLS-2/theory-of-analysis-numbers.tex	Downloads;MATH-ALLS-2	EXAMPLE;WORKED_EXAMPLE				NO	NEEDS_EDITORIAL_REVIEW
bdebdf414f678b93a6d9c2a9bbe05ff8197b10b165b2474e8cfb2a14282508ab	SEM-BDEBDF414F67	IMP-DL-3E276561C4-P010	2	IMP-DL-3E276561C4-P010;IMP-M3-AB2FCA292B-P010	Downloads/theory-of-linear-algebra-1.tex;MATH_ALLS-3/theory-of-linear-algebra-1.tex	Downloads;MATH_ALLS-3	PROBLEM	12	IMP-DL-3E276561C4-S024;IMP-M3-AB2FCA292B-S024		YES	NEEDS_EDITORIAL_REVIEW
bdf727934580418cf0471c37dff5e747af5c6a9dd71cc1490fe4477304f38169	SEM-BDF727934580	IMP-DL-592BD0798C-P033	2	IMP-DL-592BD0798C-P033;IMP-M3-1FB8799CDC-P033	Downloads/theory-of-commutative-algebra-8.tex;MATH_ALLS-3/theory-of-commutative-algebra-8.tex	Downloads;MATH_ALLS-3	PROBLEM_ITEM				NO	NEEDS_EDITORIAL_REVIEW
bdfef9dea3e87a2b800ab022d97e5a373121a699052f690d2f3bba47e8c1a908	SEM-BDFEF9DEA3E8	IMP-DL-1068DBED71-P053	4	IMP-DL-1068DBED71-P053;IMP-DL-CAA415139D-P053;IMP-M3-F4E66B2919-P053;IMP-M3-FCB1647DD6-P053	Downloads/theory-of-commutative-algebra-10.tex;Downloads/theory-of-commutative-algebra-9.tex;MATH_ALLS-3/theory-of-commutative-algebra-10.tex;MATH_ALLS-3/theory-of-commutative-algebra-9.tex	Downloads;MATH_ALLS-3	WORKED_EXAMPLE	5			NO	NEEDS_EDITORIAL_REVIEW
be0f0c583da6e9e38908ab03ce505593be51ca32e80bcb5594a6319cae2aec15	SEM-BE0F0C583DA6	IMP-DL-E0B80C696E-P024	1	IMP-DL-E0B80C696E-P024	Downloads/theory-of-algebraic-topology-7.tex	Downloads	WORKED_EXAMPLE	2			NO	NEEDS_EDITORIAL_REVIEW
be14d75e48c182df7f76b28962ec7cfd6cd5357a6071b4b4f6b01f7326a119b7	SEM-BE14D75E48C1	IMP-DL-35223EB1F7-P005	1	IMP-DL-35223EB1F7-P005	Downloads/theory-of-algebraic-topology-6.tex	Downloads	WORKED_EXAMPLE				NO	NEEDS_EDITORIAL_REVIEW
be1e03c64bf9a16b34514d6471c5034b2c5b7017fc2353385b3d5b26a56a5874	SEM-BE1E03C64BF9	IMP-DL-AE41E61130-P004	2	IMP-DL-AE41E61130-P004;IMP-M2-22F064D6B8-P004	Downloads/exercise_4_solutions (1).tex;MATH-ALLS-2/exercise_4_solutions (1).tex	Downloads;MATH-ALLS-2	WORKED_EXAMPLE				NO	NEEDS_EDITORIAL_REVIEW
be2ab7e3818c747097ecd3c46093bf2021b8a246c631404adb5c62637f2e4380	SEM-BE2AB7E3818C	IMP-DL-18BC6F795C-P020	1	IMP-DL-18BC6F795C-P020	Downloads/theory-of-algebraic-topology-9.tex	Downloads	PROBLEM_ITEM				NO	NEEDS_EDITORIAL_REVIEW
be3997985a651051f87a86ef4f419a91fe1d29203ec2466ad90ec62d48d54f34	SEM-BE3997985A65	IMP-DL-35223EB1F7-R002818-BE399798	1	IMP-DL-35223EB1F7-R002818-BE399798	Downloads/theory-of-algebraic-topology-6.tex	Downloads	EXAMPLE	1			NO	NEEDS_EDITORIAL_REVIEW
be65a8b811a6c0b9487bd1997b6fcb144af594f2a7100cd1888d2aa5664e5899	SEM-BE65A8B811A6	IMP-DL-0B4CC237FA-SPR001769-BE65A8B8	1	IMP-DL-0B4CC237FA-SPR001769-BE65A8B8	Downloads/theory-of-algebraic-geometry-3.tex	Downloads	EXAMPLE				NO	NEEDS_EDITORIAL_REVIEW
be6713e6add1007b4272bfb3e74507700b4d192c82ebe923352b2d66528401d7	SEM-BE6713E6ADD1	IMP-DL-A978FB3162-P091	1	IMP-DL-A978FB3162-P091	Downloads/theory-of-algebraic-topology-4.tex	Downloads	WORKED_EXAMPLE	10			NO	NEEDS_EDITORIAL_REVIEW
be7dc3a6a18fe2a9dc740ac0b5579668ef0bd6b272225f452d03ba862588150d	SEM-BE7DC3A6A18F	IMP-DL-11EDF39EA7-P043	2	IMP-DL-11EDF39EA7-P043;IMP-M2-68556E3D88-P043	Downloads/theory-of-analysis-FD2.tex;MATH-ALLS-2/theory-of-analysis-FD2.tex	Downloads;MATH-ALLS-2	EXERCISE_ITEM	*d)			NO	NEEDS_EDITORIAL_REVIEW
be832a990e2963c0616f4c5a54e0ed80869f719700602081ee318420123ddb02	SEM-BE832A990E29	IMP-DL-E532B44856-R003161-BE832A99	2	IMP-DL-E532B44856-R003161-BE832A99;IMP-M2-C037D998D4-R003161-BE832A99	Downloads/theory-of-analysis-functions-II.tex;MATH-ALLS-2/theory-of-analysis-functions-II.tex	Downloads;MATH-ALLS-2	EXERCISE	9	IMP-DL-E532B44856-S014;IMP-M2-C037D998D4-S014		YES	NEEDS_EDITORIAL_REVIEW
becbf7a68bd1ba30b1fbad49bb783c7873f5b1183f85d34a1c78c9a4ff9c95aa	SEM-BECBF7A68BD1	IMP-DL-117191C0EC-P049	2	IMP-DL-117191C0EC-P049;IMP-M2-40A546CAA2-P049	Downloads/theory-of-analysis-topics.tex;MATH-ALLS-2/theory-of-analysis-topics.tex	Downloads;MATH-ALLS-2	WORKED_EXAMPLE				NO	NEEDS_EDITORIAL_REVIEW
bedef7fd21b56c366bd0b53e2f24e41d7abc6c1bbb5cf5930efe1cbf57871dcb	SEM-BEDEF7FD21B5	IMP-DL-E88547CF67-P002	2	IMP-DL-E88547CF67-P002;IMP-M2-80D8AED0FF-P002	Downloads/theory-of-geometry-3.tex;MATH-ALLS-2/theory-of-geometry-3.tex	Downloads;MATH-ALLS-2	PROBLEM	9.	IMP-DL-E88547CF67-S001;IMP-M2-80D8AED0FF-S001		YES	NEEDS_EDITORIAL_REVIEW
bee6942fb3126f7c28696a438cf3345179201eaff77ddec83845dab34bcbfa5f	SEM-BEE6942FB312	IMP-DL-721195CCB5-PSR002781-BEE6942F	1	IMP-DL-721195CCB5-PSR002781-BEE6942F	Downloads/theory-of-algebraic-geometry-11.tex	Downloads	EXAMPLE	6			NO	NEEDS_EDITORIAL_REVIEW
bf0bcc49c75cace6885cad4b09700a9552029ffb3cc132217eee4dba5a704998	SEM-BF0BCC49C75C	IMP-DL-2370D81D66-P050	2	IMP-DL-2370D81D66-P050;IMP-M2-D036BAB254-P050	Downloads/theory-of-analysis-FD.tex;MATH-ALLS-2/theory-of-analysis-FD.tex	Downloads;MATH-ALLS-2	EXERCISE_ITEM				NO	NEEDS_EDITORIAL_REVIEW
bf23bd5383b4c3943195ccc3fd88ef37e912ca56f34e235097a4af6ec77c953c	SEM-BF23BD5383B4	IMP-DL-D27460A55B-SPR004104-BF23BD53	1	IMP-DL-D27460A55B-SPR004104-BF23BD53	Downloads/theory-of-algebraic-geometry-5.tex	Downloads	EXAMPLE	10			NO	NEEDS_EDITORIAL_REVIEW
bf292d88930a46f3487bc91db31010591b995118f56db81ec32c6e60d0ffe93b	SEM-BF292D88930A	IMP-DL-316AE183C3-P052	2	IMP-DL-316AE183C3-P052;IMP-M2-303BB87ACE-P052	Downloads/theory-of-analysis-functions.tex;MATH-ALLS-2/theory-of-analysis-functions.tex	Downloads;MATH-ALLS-2	EXERCISE	6	IMP-DL-316AE183C3-S008;IMP-M2-303BB87ACE-S008		YES	NEEDS_EDITORIAL_REVIEW
bf2a9c12cf838ba6b7ba6d79e9fe021453fb4de4fead745c0f10ee9ed3e97514	SEM-BF2A9C12CF83	IMP-DL-A978FB3162-P041	1	IMP-DL-A978FB3162-P041	Downloads/theory-of-algebraic-topology-4.tex	Downloads	PROBLEM_ITEM				NO	NEEDS_EDITORIAL_REVIEW
bf2c55fbd602d93e8d8dae5577d437fac72d612bfd7418a33dce44554333f9e1	SEM-BF2C55FBD602	IMP-DL-2E134BF207-R003117-BF2C55FB	1	IMP-DL-2E134BF207-R003117-BF2C55FB	Downloads/theory-of-algebraic-topology-5.tex	Downloads	PROBLEM	2			NO	NEEDS_EDITORIAL_REVIEW
bf2cb857b443d97c77fa2fa22baf07bed457cdc66b477df83c66b9db3e2d6d2e	SEM-BF2CB857B443	IMP-DL-316AE183C3-P060	2	IMP-DL-316AE183C3-P060;IMP-M2-303BB87ACE-P060	Downloads/theory-of-analysis-functions.tex;MATH-ALLS-2/theory-of-analysis-functions.tex	Downloads;MATH-ALLS-2	EXERCISE_ITEM				NO	NEEDS_EDITORIAL_REVIEW
bf3c594054b9b8422cb66b86bb3474b91eb59516e1f9997cf06243835097bfea	SEM-BF3C594054B9	IMP-DL-B7E3C22557-SPR001742-BF3C5940	1	IMP-DL-B7E3C22557-SPR001742-BF3C5940	Downloads/theory-of-algebraic-geometry-6.tex	Downloads	EXAMPLE	5.			NO	NEEDS_EDITORIAL_REVIEW
bf4933768da36e04465169880b8c8d5af74c9342978b82398d36294023062fc8	SEM-BF4933768DA3	IMP-DL-8016517B0A-P033	3	IMP-DL-8016517B0A-P033;IMP-M2-2B58694CBF-P033;IMP-M3-911366A7C5-P033	Downloads/theory-of-differential-geometry-1.tex;MATH-ALLS-2/theory-of-differential-geometry-1.tex;MATH_ALLS-3/theory-of-differential-geometry-1.tex	Downloads;MATH-ALLS-2;MATH_ALLS-3	PROBLEM	3			NO	NEEDS_EDITORIAL_REVIEW
bf4dd9ba9d4597e7346aba6bd6353b642863c0e43b1d3a7a1f5d58da0aca2f37	SEM-BF4DD9BA9D45	IMP-DL-316AE183C3-P078	2	IMP-DL-316AE183C3-P078;IMP-M2-303BB87ACE-P078	Downloads/theory-of-analysis-functions.tex;MATH-ALLS-2/theory-of-analysis-functions.tex	Downloads;MATH-ALLS-2	EXERCISE_ITEM				NO	NEEDS_EDITORIAL_REVIEW
bf5ae0f2518b0a75206d7af84df354fd4745ec0cc6535ad2406c6c53c1d1466e	SEM-BF5AE0F2518B	IMP-DL-873C6F4098-P003	2	IMP-DL-873C6F4098-P003;IMP-M2-CFC28ED568-P003	Downloads/theory-of-analysis-II.tex;MATH-ALLS-2/theory-of-analysis-II.tex	Downloads;MATH-ALLS-2	PROBLEM	3			NO	NEEDS_EDITORIAL_REVIEW
bf5d712c01c29269e99302303def6205985b307946fde7fa0b686a25dff8249c	SEM-BF5D712C01C2	IMP-DL-CB3C80FF97-P008	2	IMP-DL-CB3C80FF97-P008;IMP-M2-7B5A4788C1-P008	Downloads/theory-of-complex-analysis-topology.tex;MATH-ALLS-2/theory-of-complex-analysis-topology.tex	Downloads;MATH-ALLS-2	PROBLEM_ITEM		IMP-DL-CB3C80FF97-S009;IMP-M2-7B5A4788C1-S009		YES	NEEDS_EDITORIAL_REVIEW
bf6c409919218586b864e34a801b01ba95a9be978fddabdf65cd2fc06096e2ea	SEM-BF6C40991921	IMP-DL-3E276561C4-P032	2	IMP-DL-3E276561C4-P032;IMP-M3-AB2FCA292B-P032	Downloads/theory-of-linear-algebra-1.tex;MATH_ALLS-3/theory-of-linear-algebra-1.tex	Downloads;MATH_ALLS-3	PROBLEM	1	IMP-DL-3E276561C4-S051;IMP-M3-AB2FCA292B-S051		YES	NEEDS_EDITORIAL_REVIEW
bf6f53e4c190ec8148410723534e83bd9e1983467044bf210064ce1ce8f0c961	SEM-BF6F53E4C190	IMP-DL-6B513C0C2F-PSR001096-BF6F53E4	1	IMP-DL-6B513C0C2F-PSR001096-BF6F53E4	Downloads/theory-of-algebraic-geometry-10.tex	Downloads	EXAMPLE	5			NO	NEEDS_EDITORIAL_REVIEW
bf78a9602f80cc798585e85f272768a012600eac79d08b35608e9790317c59b1	SEM-BF78A9602F80	IMP-DL-EAE0F59552-R000484-BF78A960	2	IMP-DL-EAE0F59552-R000484-BF78A960;IMP-M2-7EA9DA1D72-R000484-BF78A960	Downloads/theory-of-analysis-topology.tex;MATH-ALLS-2/theory-of-analysis-topology.tex	Downloads;MATH-ALLS-2	PROBLEM	6			NO	NEEDS_EDITORIAL_REVIEW
bf96c5d904cf97561860f3c85cb2274878abcae873e7d9e7faf5d4e9623d8761	SEM-BF96C5D904CF	IMP-DL-ACE5A65961-SPR004137-BF96C5D9	2	IMP-DL-ACE5A65961-SPR004137-BF96C5D9;IMP-M3-251F2514E1-SPR004137-BF96C5D9	Downloads/theory-of-commutative-algebra-2.tex;MATH_ALLS-3/theory-of-commutative-algebra-2.tex	Downloads;MATH_ALLS-3	EXAMPLE	4			NO	NEEDS_EDITORIAL_REVIEW
bfa26906292cfceb6a8fd1c068147614f983413b2da99a904aba2e36f20a42da	SEM-BFA26906292C	IMP-DL-592BD0798C-P045	2	IMP-DL-592BD0798C-P045;IMP-M3-1FB8799CDC-P045	Downloads/theory-of-commutative-algebra-8.tex;MATH_ALLS-3/theory-of-commutative-algebra-8.tex	Downloads;MATH_ALLS-3	WORKED_EXAMPLE	2			NO	NEEDS_EDITORIAL_REVIEW
bfa4c37f58e92be8b3b02792650636fa0d4a6a3507d638e25379945292e90e2c	SEM-BFA4C37F58E9	IMP-DL-E4D9F7AB6B-PSR004915-BFA4C37F	1	IMP-DL-E4D9F7AB6B-PSR004915-BFA4C37F	Downloads/theory-of-algebraic-topology-13.tex	Downloads	EXAMPLE	1.			NO	NEEDS_EDITORIAL_REVIEW
bfbabe149cbf55383e1e9f1d31c53df455a54ab56ad88884728786c018c6520c	SEM-BFBABE149CBF	IMP-DL-3D9778F7D6-P001	2	IMP-DL-3D9778F7D6-P001;IMP-M2-1B079427AF-P001	Downloads/ex3_8_takagi.tex;MATH-ALLS-2/ex3_8_takagi.tex	Downloads;MATH-ALLS-2	EXERCISE	3.8	IMP-DL-3D9778F7D6-S001;IMP-DL-3D9778F7D6-S002;IMP-DL-3D9778F7D6-S003;IMP-M2-1B079427AF-S001;IMP-M2-1B079427AF-S002;IMP-M2-1B079427AF-S003		YES	NEEDS_EDITORIAL_REVIEW
bfd4289407df6336d6b9630e4de6952f34ab7275889bb083a34a441f4ff71688	SEM-BFD4289407DF	IMP-DL-494D52343C-P017	4	IMP-DL-494D52343C-P017;IMP-DL-57AE2A96C2-P017;IMP-M3-53FA653D33-P017;IMP-M3-A9D1475E81-P017	Downloads/theory-of-commutative-algebra-7 - Copy.tex;Downloads/theory-of-commutative-algebra-7.tex;MATH_ALLS-3/theory-of-commutative-algebra-7 - Copy.tex;MATH_ALLS-3/theory-of-commutative-algebra-7.tex	Downloads;MATH_ALLS-3	WORKED_EXAMPLE	A			NO	NEEDS_EDITORIAL_REVIEW
bff8e883e2a3a96cff77916d311c89b27b3104559b8f369ab45b05cfc2ca6eb6	SEM-BFF8E883E2A3	IMP-DL-2E134BF207-R002324-BFF8E883	1	IMP-DL-2E134BF207-R002324-BFF8E883	Downloads/theory-of-algebraic-topology-5.tex	Downloads	PROBLEM	2	IMP-DL-2E134BF207-S006		YES	NEEDS_EDITORIAL_REVIEW
c0028de5e3e97c98e5d6c0b98bebcec6ac10bf8200a029eef27959051d82c144	SEM-C0028DE5E3E9	IMP-DL-0E3E7EC766-R002088-C0028DE5	1	IMP-DL-0E3E7EC766-R002088-C0028DE5	Downloads/theory-of-algebraic-geometry-1.tex	Downloads	EXAMPLE	1			NO	NEEDS_EDITORIAL_REVIEW
c007ded38594cf0c700dbb449cb9b7ed7ebf2051ecc85cb98d5b63dde931a248	SEM-C007DED38594	IMP-DL-A5CEE6E541-PSR004421-C007DED3	1	IMP-DL-A5CEE6E541-PSR004421-C007DED3	Downloads/theory-of-algebraic-geometry-8.tex	Downloads	EXAMPLE				NO	NEEDS_EDITORIAL_REVIEW
c01c6b21b6846acf9e886e3d05705fcf547b3eb7f739c4c704a930590854c585	SEM-C01C6B21B684	IMP-DL-38CE6DEB56-P015	2	IMP-DL-38CE6DEB56-P015;IMP-M3-D19BB3C803-P015	Downloads/theory-of-commutative-algebra-14.tex;MATH_ALLS-3/theory-of-commutative-algebra-14.tex	Downloads;MATH_ALLS-3	WORKED_EXAMPLE	12			NO	NEEDS_EDITORIAL_REVIEW
c01f84dfba6f1c0d47938dbfd4019e767884e87df7f8f07426b0a3c6273da0a1	SEM-C01F84DFBA6F	IMP-DL-4DEBE28720-P083	2	IMP-DL-4DEBE28720-P083;IMP-M3-8E395763C8-P083	Downloads/theory-of-commutative-algebra-13.tex;MATH_ALLS-3/theory-of-commutative-algebra-13.tex	Downloads;MATH_ALLS-3	WORKED_EXAMPLE	15			NO	NEEDS_EDITORIAL_REVIEW
c035382e022a5701cf425f4cc3a7ea909f78a1f72105b333f322bc0d8e4f5c2c	SEM-C035382E022A	IMP-DL-1068DBED71-P033	4	IMP-DL-1068DBED71-P033;IMP-DL-CAA415139D-P033;IMP-M3-F4E66B2919-P033;IMP-M3-FCB1647DD6-P033	Downloads/theory-of-commutative-algebra-10.tex;Downloads/theory-of-commutative-algebra-9.tex;MATH_ALLS-3/theory-of-commutative-algebra-10.tex;MATH_ALLS-3/theory-of-commutative-algebra-9.tex	Downloads;MATH_ALLS-3	WORKED_EXAMPLE	2			NO	NEEDS_EDITORIAL_REVIEW
c03697477dc9cf5a595a7b5216229d4ba7ecca6204686760f188c6e625e5591b	SEM-C03697477DC9	IMP-DL-A978FB3162-P010	1	IMP-DL-A978FB3162-P010	Downloads/theory-of-algebraic-topology-4.tex	Downloads	WORKED_EXAMPLE				NO	NEEDS_EDITORIAL_REVIEW
c05292bf083d4f0b092bff883c7e88cb7add6d3bd43600815a8483d688fd564f	SEM-C05292BF083D	IMP-DL-D27460A55B-P005	1	IMP-DL-D27460A55B-P005	Downloads/theory-of-algebraic-geometry-5.tex	Downloads	PROBLEM	6	IMP-DL-D27460A55B-S005		YES	NEEDS_EDITORIAL_REVIEW
c05dc81580df94e9c4999d66b1497feb32abb292bdbe4eb5aedd540a24819421	SEM-C05DC81580DF	IMP-DL-E532B44856-P030	2	IMP-DL-E532B44856-P030;IMP-M2-C037D998D4-P030	Downloads/theory-of-analysis-functions-II.tex;MATH-ALLS-2/theory-of-analysis-functions-II.tex	Downloads;MATH-ALLS-2	EXERCISE	8			NO	NEEDS_EDITORIAL_REVIEW
c0b593a5a2983320af6fea82f325909387af635f779c72ffd02aeeab8f993af0	SEM-C0B593A5A298	IMP-DL-0E3E7EC766-P016	1	IMP-DL-0E3E7EC766-P016	Downloads/theory-of-algebraic-geometry-1.tex	Downloads	EXERCISE	4	IMP-DL-0E3E7EC766-S004		YES	NEEDS_EDITORIAL_REVIEW
c0d04ab194a68a3ea9002686fb91c1c63c493fbd7a00a36653d2370960841837	SEM-C0D04AB194A6	IMP-DL-A978FB3162-P020	1	IMP-DL-A978FB3162-P020	Downloads/theory-of-algebraic-topology-4.tex	Downloads	WORKED_EXAMPLE	2			NO	NEEDS_EDITORIAL_REVIEW
c0de0ce96c559a817dfb781294efaf3c0f3c966d77b32fd411cbc44272ddc627	SEM-C0DE0CE96C55	IMP-DL-A5CEE6E541-PSR003963-C0DE0CE9	1	IMP-DL-A5CEE6E541-PSR003963-C0DE0CE9	Downloads/theory-of-algebraic-geometry-8.tex	Downloads	EXAMPLE				NO	NEEDS_EDITORIAL_REVIEW
c0ef349397d3ead2e5fda89df2672e44ed23da74cf3ce3d630981f81c0f230ee	SEM-C0EF349397D3	IMP-DL-117191C0EC-P036	2	IMP-DL-117191C0EC-P036;IMP-M2-40A546CAA2-P036	Downloads/theory-of-analysis-topics.tex;MATH-ALLS-2/theory-of-analysis-topics.tex	Downloads;MATH-ALLS-2	PROBLEM_ITEM				NO	NEEDS_EDITORIAL_REVIEW
c0fe9759e2598979481a6f7d5275581d34b61d1243a8c4f960c8d09c76dcbb2b	SEM-C0FE9759E259	IMP-DL-3C59D9EE8B-P020	2	IMP-DL-3C59D9EE8B-P020;IMP-M3-D1A916E0DD-P020	Downloads/theory-of-commutative-algebra-5-professional-v2.tex;MATH_ALLS-3/theory-of-commutative-algebra-5-professional-v2.tex	Downloads;MATH_ALLS-3	PROBLEM_ITEM				NO	NEEDS_EDITORIAL_REVIEW
c12b82f2818ddce09306a899947be69a68ee5fb77b18867e76423ac4b5a29cbd	SEM-C12B82F2818D	IMP-DL-592BD0798C-P017	2	IMP-DL-592BD0798C-P017;IMP-M3-1FB8799CDC-P017	Downloads/theory-of-commutative-algebra-8.tex;MATH_ALLS-3/theory-of-commutative-algebra-8.tex	Downloads;MATH_ALLS-3	WORKED_EXAMPLE	4			NO	NEEDS_EDITORIAL_REVIEW
c13d635f9516fe23836e9f5c02f93388c5972707a0d232b1f4f09010609cbd93	SEM-C13D635F9516	IMP-DL-BD3A6D53D0-P012	3	IMP-DL-BD3A6D53D0-P012;IMP-M2-E2BE0561BD-P012;IMP-M3-0F6B7A59EB-P012	Downloads/theory-of-differential-geometry-2.tex;MATH-ALLS-2/theory-of-differential-geometry-2.tex;MATH_ALLS-3/theory-of-differential-geometry-2.tex	Downloads;MATH-ALLS-2;MATH_ALLS-3	PROBLEM	8	IMP-DL-BD3A6D53D0-S012;IMP-M2-E2BE0561BD-S012;IMP-M3-0F6B7A59EB-S012		YES	NEEDS_EDITORIAL_REVIEW
c142b35af01b3bd3de2e0cf2cbbff9fff6a34582bb0da7ebe9f7dde3fb44a821	SEM-C142B35AF01B	IMP-DL-4DEBE28720-P089	2	IMP-DL-4DEBE28720-P089;IMP-M3-8E395763C8-P089	Downloads/theory-of-commutative-algebra-13.tex;MATH_ALLS-3/theory-of-commutative-algebra-13.tex	Downloads;MATH_ALLS-3	WORKED_EXAMPLE	3			NO	NEEDS_EDITORIAL_REVIEW
c14f30c50af83d697c6db3e5a11e172d479c09ee01f45e13f794edcdca8b4703	SEM-C14F30C50AF8	IMP-DL-A509E7ADEA-R000101-C14F30C5	2	IMP-DL-A509E7ADEA-R000101-C14F30C5;IMP-M2-F95E4E8DC6-R000101-C14F30C5	Downloads/theory-of-disitrbutions.tex;MATH-ALLS-2/theory-of-disitrbutions.tex	Downloads;MATH-ALLS-2	EXERCISE	1.1			NO	NEEDS_EDITORIAL_REVIEW
c15334b12a92c0e1ee5b932b8d011fc14ca2999402536ff0ef089acfeb3a8dae	SEM-C15334B12A92	IMP-DL-E532B44856-PSR001309-C15334B1	2	IMP-DL-E532B44856-PSR001309-C15334B1;IMP-M2-C037D998D4-PSR001309-C15334B1	Downloads/theory-of-analysis-functions-II.tex;MATH-ALLS-2/theory-of-analysis-functions-II.tex	Downloads;MATH-ALLS-2	PROBLEM	9			NO	NEEDS_EDITORIAL_REVIEW
c1605fa845c227cb86273881c1921bd6ec72e164f4eb630673e39575efe536fa	SEM-C1605FA845C2	IMP-DL-D18914CBBD-P011	2	IMP-DL-D18914CBBD-P011;IMP-M3-78B3C1B707-P011	Downloads/theory-of-commutative-algebra-11.tex;MATH_ALLS-3/theory-of-commutative-algebra-11.tex	Downloads;MATH_ALLS-3	WORKED_EXAMPLE	11			NO	NEEDS_EDITORIAL_REVIEW
c1b1c6d0dbc4559670f35adb3f9285d1f56de334da4654f40e8bb127fefb4a77	SEM-C1B1C6D0DBC4	IMP-DL-38CE6DEB56-P047	2	IMP-DL-38CE6DEB56-P047;IMP-M3-D19BB3C803-P047	Downloads/theory-of-commutative-algebra-14.tex;MATH_ALLS-3/theory-of-commutative-algebra-14.tex	Downloads;MATH_ALLS-3	EXERCISE	15	IMP-DL-38CE6DEB56-S015;IMP-M3-D19BB3C803-S015		YES	NEEDS_EDITORIAL_REVIEW
c1c6718938f178fa6753fb9522deb6a0033c58346e1171a5e52066a575fc8cf5	SEM-C1C6718938F1	IMP-DL-D4351A3BBD-P005	2	IMP-DL-D4351A3BBD-P005;IMP-M2-721AD91C7F-P005	Downloads/theory-of-geometry-IV.tex;MATH-ALLS-2/theory-of-geometry-IV.tex	Downloads;MATH-ALLS-2	PROBLEM	1	IMP-DL-D4351A3BBD-S001;IMP-DL-D4351A3BBD-S003;IMP-DL-D4351A3BBD-S016;IMP-M2-721AD91C7F-S001;IMP-M2-721AD91C7F-S003;IMP-M2-721AD91C7F-S016		YES	NEEDS_EDITORIAL_REVIEW
c1cfaa41111cdaa4fea926f8de5940d2776b185fc59cadf53110d022c7f0f108	SEM-C1CFAA41111C	IMP-DL-494D52343C-P019	4	IMP-DL-494D52343C-P019;IMP-DL-57AE2A96C2-P019;IMP-M3-53FA653D33-P019;IMP-M3-A9D1475E81-P019	Downloads/theory-of-commutative-algebra-7 - Copy.tex;Downloads/theory-of-commutative-algebra-7.tex;MATH_ALLS-3/theory-of-commutative-algebra-7 - Copy.tex;MATH_ALLS-3/theory-of-commutative-algebra-7.tex	Downloads;MATH_ALLS-3	WORKED_EXAMPLE	C			NO	NEEDS_EDITORIAL_REVIEW
c1da0043d239bc47235bbc5e1853a75695ea2530d666a29f87cc25d54a478960	SEM-C1DA0043D239	IMP-DL-0E3E7EC766-P006	2	IMP-DL-0E3E7EC766-P006;IMP-DL-0E3E7EC766-R002773-C1DA0043	Downloads/theory-of-algebraic-geometry-1.tex	Downloads	EXERCISE				NO	NEEDS_EDITORIAL_REVIEW
c1ffce0add847399a68f775d147fea405c527c824dc63096f551ac032b4d7c8f	SEM-C1FFCE0ADD84	IMP-DL-2E134BF207-P062	1	IMP-DL-2E134BF207-P062	Downloads/theory-of-algebraic-topology-5.tex	Downloads	WORKED_EXAMPLE	3			NO	NEEDS_EDITORIAL_REVIEW
c23413e1fd55e0df9a24bc94c747926dee747817f40acf6207830884f7939a5b	SEM-C23413E1FD55	IMP-DL-316AE183C3-P061	2	IMP-DL-316AE183C3-P061;IMP-M2-303BB87ACE-P061	Downloads/theory-of-analysis-functions.tex;MATH-ALLS-2/theory-of-analysis-functions.tex	Downloads;MATH-ALLS-2	EXERCISE	8	IMP-DL-316AE183C3-S010;IMP-M2-303BB87ACE-S010		YES	NEEDS_EDITORIAL_REVIEW
c2480c47d2fd32c7427b257101f8c58c09bb37d01ab7973e17609627230b268f	SEM-C2480C47D2FD	IMP-DL-3C59D9EE8B-P057	2	IMP-DL-3C59D9EE8B-P057;IMP-M3-D1A916E0DD-P057	Downloads/theory-of-commutative-algebra-5-professional-v2.tex;MATH_ALLS-3/theory-of-commutative-algebra-5-professional-v2.tex	Downloads;MATH_ALLS-3	PROBLEM_ITEM				NO	NEEDS_EDITORIAL_REVIEW
c25c72e2d9555f57bf51bccf2f706ff3716de93b782265ab61eda890c1a1c144	SEM-C25C72E2D955	IMP-DL-40E9B7EE44-R004046-C25C72E2	2	IMP-DL-40E9B7EE44-R004046-C25C72E2;IMP-M3-17140B7F4C-R004046-C25C72E2	Downloads/theory-of-commutative-algebra-5-professional.tex;MATH_ALLS-3/theory-of-commutative-algebra-5-professional.tex	Downloads;MATH_ALLS-3	PROBLEM	16			NO	NEEDS_EDITORIAL_REVIEW
c270e035fc0e4972b3323e4dc22cb07a544c62316f764dcc374a6feb422a1828	SEM-C270E035FC0E	IMP-DL-1068DBED71-P007	4	IMP-DL-1068DBED71-P007;IMP-DL-CAA415139D-P007;IMP-M3-F4E66B2919-P007;IMP-M3-FCB1647DD6-P007	Downloads/theory-of-commutative-algebra-10.tex;Downloads/theory-of-commutative-algebra-9.tex;MATH_ALLS-3/theory-of-commutative-algebra-10.tex;MATH_ALLS-3/theory-of-commutative-algebra-9.tex	Downloads;MATH_ALLS-3	WORKED_EXAMPLE				NO	NEEDS_EDITORIAL_REVIEW
c299ef573bb1ccf008ce31d8de8bd7d34a11260363e18d21063692c99ead7ffc	SEM-C299EF573BB1	IMP-DL-AD9EFCAF62-P019	2	IMP-DL-AD9EFCAF62-P019;IMP-M2-79778E004E-P019	Downloads/theory-of-complex-analysis-2.tex;MATH-ALLS-2/theory-of-complex-analysis-2.tex	Downloads;MATH-ALLS-2	PROBLEM		IMP-DL-AD9EFCAF62-S011;IMP-M2-79778E004E-S011		YES	NEEDS_EDITORIAL_REVIEW
c2a4955f300eb63075b4df440b468b1b72ce29b20be2dcf4b134c01276283107	SEM-C2A4955F300E	IMP-DL-40BD8D3E26-P004	2	IMP-DL-40BD8D3E26-P004;IMP-M2-0384991A85-P004	Downloads/theory-of-geometry-2.tex;MATH-ALLS-2/theory-of-geometry-2.tex	Downloads;MATH-ALLS-2	WORKED_EXAMPLE	1			NO	NEEDS_EDITORIAL_REVIEW
c2b8309dbf2eb6718e9b9a18bcd77289e8ac2d51a958f3a7c0e3a14962bed2a8	SEM-C2B8309DBF2E	IMP-DL-1068DBED71-P031	4	IMP-DL-1068DBED71-P031;IMP-DL-CAA415139D-P031;IMP-M3-F4E66B2919-P031;IMP-M3-FCB1647DD6-P031	Downloads/theory-of-commutative-algebra-10.tex;Downloads/theory-of-commutative-algebra-9.tex;MATH_ALLS-3/theory-of-commutative-algebra-10.tex;MATH_ALLS-3/theory-of-commutative-algebra-9.tex	Downloads;MATH_ALLS-3	PROBLEM		IMP-DL-1068DBED71-S001;IMP-DL-CAA415139D-S001;IMP-M3-F4E66B2919-S001;IMP-M3-FCB1647DD6-S001		YES	NEEDS_EDITORIAL_REVIEW
c2c0eda3ce524842034bd6319737bc0ed909891306eb3811dc47b942ef0a5f1e	SEM-C2C0EDA3CE52	IMP-DL-E12021E60A-P017	1	IMP-DL-E12021E60A-P017	Downloads/theory-of-algebraic-topology-17.tex	Downloads	WORKED_EXAMPLE	9.8			NO	NEEDS_EDITORIAL_REVIEW
c2c103cd42b23e237f129f3ba2c5e475fc1e29b34a03078001c3d462767bbb0d	SEM-C2C103CD42B2	IMP-DL-A470D9BACB-P022	2	IMP-DL-A470D9BACB-P022;IMP-M2-2850FB9A8A-P022	Downloads/theory-of-geometry-1.tex;MATH-ALLS-2/theory-of-geometry-1.tex	Downloads;MATH-ALLS-2	EXERCISE	13			NO	NEEDS_EDITORIAL_REVIEW
c2c448dfa8fb725e8518eba2c51f455d6e68f5a22c537112fbc3c1a0069acbdb	SEM-C2C448DFA8FB	IMP-DL-183AD43C4C-R002062-C2C448DF	4	IMP-DL-183AD43C4C-R002062-C2C448DF;IMP-DL-20E278E436-R002004-C2C448DF;IMP-M2-1895C43FC6-R002062-C2C448DF;IMP-M2-50B0B212DD-R002004-C2C448DF	Downloads/merged_exercises_FULL_v2 (1).tex;Downloads/theory-of-real-analysis.tex;MATH-ALLS-2/merged_exercises_FULL_v2 (1).tex;MATH-ALLS-2/theory-of-real-analysis.tex	Downloads;MATH-ALLS-2	EXERCISE	8.7	IMP-DL-183AD43C4C-S053;IMP-DL-183AD43C4C-S054;IMP-DL-20E278E436-S053;IMP-DL-20E278E436-S054;IMP-M2-1895C43FC6-S053;IMP-M2-1895C43FC6-S054;IMP-M2-50B0B212DD-S053;IMP-M2-50B0B212DD-S054		YES	NEEDS_EDITORIAL_REVIEW
c30d20a7ce0bfa835fb42e2db35bcbe9e45751ebde38a10f1d5c497f7e85378a	SEM-C30D20A7CE0B	IMP-DL-890EB1F6EA-P015	2	IMP-DL-890EB1F6EA-P015;IMP-M2-6D7FCEA253-P015	Downloads/merged_exercises_FULL_v2.tex;MATH-ALLS-2/merged_exercises_FULL_v2.tex	Downloads;MATH-ALLS-2	EXERCISE	3.1			NO	NEEDS_EDITORIAL_REVIEW
c32ba74d717fc8e6e0cea24330e51b7fec4efebd9d41bbe933f58f5b090d26f3	SEM-C32BA74D717F	IMP-DL-4DEBE28720-P059	2	IMP-DL-4DEBE28720-P059;IMP-M3-8E395763C8-P059	Downloads/theory-of-commutative-algebra-13.tex;MATH_ALLS-3/theory-of-commutative-algebra-13.tex	Downloads;MATH_ALLS-3	EXERCISE_ITEM				NO	NEEDS_EDITORIAL_REVIEW
c34db336667cb778f714cdecc5a06627f7fc8ab4b1ba4aaa21c5924f476a2581	SEM-C34DB336667C	IMP-DL-4DEBE28720-P056	2	IMP-DL-4DEBE28720-P056;IMP-M3-8E395763C8-P056	Downloads/theory-of-commutative-algebra-13.tex;MATH_ALLS-3/theory-of-commutative-algebra-13.tex	Downloads;MATH_ALLS-3	EXERCISE_ITEM				NO	NEEDS_EDITORIAL_REVIEW
c3869144267e686855cbd786ece9d9319faa0bca1a8c50c44dba7e6e06ee26be	SEM-C3869144267E	IMP-DL-D18914CBBD-P016	2	IMP-DL-D18914CBBD-P016;IMP-M3-78B3C1B707-P016	Downloads/theory-of-commutative-algebra-11.tex;MATH_ALLS-3/theory-of-commutative-algebra-11.tex	Downloads;MATH_ALLS-3	WORKED_EXAMPLE	16			NO	NEEDS_EDITORIAL_REVIEW
c39244d9401a53727b62aad25e1105b007c2890ae810abf49d3f7c303ceede86	SEM-C39244D9401A	IMP-DL-15679DEE8D-P018	12	IMP-DL-15679DEE8D-P018;IMP-DL-15679DEE8D-R002996-C39244D9;IMP-DL-3CA1CB77F7-P018;IMP-DL-3CA1CB77F7-R002999-C39244D9;IMP-DL-E0A96454A5-P018;IMP-DL-E0A96454A5-R002996-C39244D9;IMP-M2-1D2863B81A-P018;IMP-M2-1D2863B81A-R002996-C39244D9;IMP-M2-D47CB97304-P018;IMP-M2-D47CB97304-R002996-C39244D9;IMP-M2-F08D4144EA-P018;IMP-M2-F08D4144EA-R002999-C39244D9	Downloads/theory-of-analysis - Copy.tex;Downloads/theory-of-analysis-numbers.tex;Downloads/theory-of-analysis.tex;MATH-ALLS-2/theory-of-analysis - Copy.tex;MATH-ALLS-2/theory-of-analysis-numbers.tex;MATH-ALLS-2/theory-of-analysis.tex	Downloads;MATH-ALLS-2	EXERCISE				NO	NEEDS_EDITORIAL_REVIEW
c39533c483c8a8bff919616e16175db22d8cebedf893900707223099b451168b	SEM-C39533C483C8	IMP-DL-8016517B0A-P035	3	IMP-DL-8016517B0A-P035;IMP-M2-2B58694CBF-P035;IMP-M3-911366A7C5-P035	Downloads/theory-of-differential-geometry-1.tex;MATH-ALLS-2/theory-of-differential-geometry-1.tex;MATH_ALLS-3/theory-of-differential-geometry-1.tex	Downloads;MATH-ALLS-2;MATH_ALLS-3	PROBLEM	5			NO	NEEDS_EDITORIAL_REVIEW
c3a0abe6ce59d11fbf732451fb8ce91fa8940103d80c43fe1ef9ffeb694a0248	SEM-C3A0ABE6CE59	IMP-DL-3190BA882C-P014	2	IMP-DL-3190BA882C-P014;IMP-M3-CABB372599-P014	Downloads/theory-of-commutative-algebra-15.tex;MATH_ALLS-3/theory-of-commutative-algebra-15.tex	Downloads;MATH_ALLS-3	EXERCISE_ITEM				NO	NEEDS_EDITORIAL_REVIEW
c3bc860b632d519fa1c16b9524c2eeb748188da9b64f8d3bff1e3b5595ba67f8	SEM-C3BC860B632D	IMP-DL-314EAD1F3C-R002571-C3BC860B	1	IMP-DL-314EAD1F3C-R002571-C3BC860B	Downloads/theory-of-algebraic-topology-12.tex	Downloads	EXAMPLE	13.3.			NO	NEEDS_EDITORIAL_REVIEW
c3c5a4cc4a1986e9cf666e29dd872c82b2c9c935717c1212a30fd23747104a85	SEM-C3C5A4CC4A19	IMP-DL-3C59D9EE8B-P077	2	IMP-DL-3C59D9EE8B-P077;IMP-M3-D1A916E0DD-P077	Downloads/theory-of-commutative-algebra-5-professional-v2.tex;MATH_ALLS-3/theory-of-commutative-algebra-5-professional-v2.tex	Downloads;MATH_ALLS-3	PROBLEM_ITEM				NO	NEEDS_EDITORIAL_REVIEW
c3d1a3c5844800509dbd0fc33a48be4b6e67e784f5b54da75f1d71fe2acd8a0b	SEM-C3D1A3C58448	IMP-DL-873C6F4098-P074	2	IMP-DL-873C6F4098-P074;IMP-M2-CFC28ED568-P074	Downloads/theory-of-analysis-II.tex;MATH-ALLS-2/theory-of-analysis-II.tex	Downloads;MATH-ALLS-2	PROBLEM	8	IMP-DL-873C6F4098-S015;IMP-DL-873C6F4098-S016;IMP-M2-CFC28ED568-S015;IMP-M2-CFC28ED568-S016		YES	NEEDS_EDITORIAL_REVIEW
c3d4650c56a246a270f934ee2c8f3bcce34dcee1ba2f899b21c77f8b6c3203ef	SEM-C3D4650C56A2	IMP-DL-724FD8B7B1-P010	2	IMP-DL-724FD8B7B1-P010;IMP-M3-51E6A44D55-P010	Downloads/theory-of-commutative-algebra-1.tex;MATH_ALLS-3/theory-of-commutative-algebra-1.tex	Downloads;MATH_ALLS-3	PROBLEM	11	IMP-DL-724FD8B7B1-S010;IMP-M3-51E6A44D55-S010		YES	NEEDS_EDITORIAL_REVIEW
c3eec7cba706d9890e4466ec19cd4aecbfbc56d76443c6db76f15df77709453d	SEM-C3EEC7CBA706	IMP-DL-E88547CF67-P004	2	IMP-DL-E88547CF67-P004;IMP-M2-80D8AED0FF-P004	Downloads/theory-of-geometry-3.tex;MATH-ALLS-2/theory-of-geometry-3.tex	Downloads;MATH-ALLS-2	PROBLEM_ITEM				NO	NEEDS_EDITORIAL_REVIEW
c40978d8f3c83e6df7693dfee3425e830baae1dcd0f350f3e7072c357ed6a4ea	SEM-C40978D8F3C8	IMP-DL-183AD43C4C-R002111-C40978D8	4	IMP-DL-183AD43C4C-R002111-C40978D8;IMP-DL-20E278E436-R002053-C40978D8;IMP-M2-1895C43FC6-R002111-C40978D8;IMP-M2-50B0B212DD-R002053-C40978D8	Downloads/merged_exercises_FULL_v2 (1).tex;Downloads/theory-of-real-analysis.tex;MATH-ALLS-2/merged_exercises_FULL_v2 (1).tex;MATH-ALLS-2/theory-of-real-analysis.tex	Downloads;MATH-ALLS-2	EXERCISE	9.1			NO	NEEDS_EDITORIAL_REVIEW
c44fcbd10c48dfe6f54a018bc01711e165d9e1ea8dc992f51ea545b568c1cecd	SEM-C44FCBD10C48	IMP-DL-316AE183C3-P026	2	IMP-DL-316AE183C3-P026;IMP-M2-303BB87ACE-P026	Downloads/theory-of-analysis-functions.tex;MATH-ALLS-2/theory-of-analysis-functions.tex	Downloads;MATH-ALLS-2	EXERCISE_ITEM				NO	NEEDS_EDITORIAL_REVIEW
c455507d7ab9cb84bd8dc34923774c3f4bd153cbd011d5be2a12a1b08e40b170	SEM-C455507D7AB9	IMP-DL-3C59D9EE8B-P082	2	IMP-DL-3C59D9EE8B-P082;IMP-M3-D1A916E0DD-P082	Downloads/theory-of-commutative-algebra-5-professional-v2.tex;MATH_ALLS-3/theory-of-commutative-algebra-5-professional-v2.tex	Downloads;MATH_ALLS-3	PROBLEM_ITEM				NO	NEEDS_EDITORIAL_REVIEW
c482dfdfd60af02abf14fa31d940cb6086032eb32d3c463bdd538c407637dbd1	SEM-C482DFDFD60A	IMP-DL-535B6F59C6-SPR001992-C482DFDF	2	IMP-DL-535B6F59C6-SPR001992-C482DFDF;IMP-M3-0753B8F46B-SPR001992-C482DFDF	Downloads/theory-of-commutative-algebra-4.tex;MATH_ALLS-3/theory-of-commutative-algebra-4.tex	Downloads;MATH_ALLS-3	EXAMPLE	4.			NO	NEEDS_EDITORIAL_REVIEW
c483c864da67c6c91411b3ef5944e7691ad1e12d81a43832cb0836e70bfb880d	SEM-C483C864DA67	IMP-DL-2E134BF207-P047	1	IMP-DL-2E134BF207-P047	Downloads/theory-of-algebraic-topology-5.tex	Downloads	PROBLEM_ITEM				NO	NEEDS_EDITORIAL_REVIEW
c48e4a5c900d0b2b73ffd2c9c5d68cb8d66d8cbf90e99083d6708bf20dc92c2f	SEM-C48E4A5C900D	IMP-DL-8D5CF4CFBA-PSR001098-C48E4A5C	2	IMP-DL-8D5CF4CFBA-PSR001098-C48E4A5C;IMP-M3-89937139FC-PSR001098-C48E4A5C	Downloads/theory-of-linear-algebra-2.tex;MATH_ALLS-3/theory-of-linear-algebra-2.tex	Downloads;MATH_ALLS-3	PROBLEM	9			NO	NEEDS_EDITORIAL_REVIEW
c4a5627d9bcbb95c80109946d6f30c77174a1312e382e244466452d107a90b85	SEM-C4A5627D9BCB	IMP-DL-D27460A55B-SPR004397-C4A5627D	1	IMP-DL-D27460A55B-SPR004397-C4A5627D	Downloads/theory-of-algebraic-geometry-5.tex	Downloads	EXAMPLE	19			NO	NEEDS_EDITORIAL_REVIEW
c4c5556bf6e236b10578e5680cdbed90e5e438cef0aa05b4e862cd817728c52c	SEM-C4C5556BF6E2	IMP-DL-0A181AC273-P037	4	IMP-DL-0A181AC273-P037;IMP-DL-AD9EFCAF62-P013;IMP-M2-79778E004E-P013;IMP-M2-80AFB5AE64-P037	Downloads/theory-of-complex-analysis-2.tex;Downloads/theory-of-complex-analysis.tex;MATH-ALLS-2/theory-of-complex-analysis-2.tex;MATH-ALLS-2/theory-of-complex-analysis.tex	Downloads;MATH-ALLS-2	PROBLEM	11	IMP-DL-0A181AC273-S019;IMP-DL-AD9EFCAF62-S008;IMP-M2-79778E004E-S008;IMP-M2-80AFB5AE64-S019		YES	NEEDS_EDITORIAL_REVIEW
c4f3958023da679ca4a6f12ea7f87cb191697457bdf53fe945c8dc67c1303763	SEM-C4F3958023DA	IMP-DL-117191C0EC-P011	2	IMP-DL-117191C0EC-P011;IMP-M2-40A546CAA2-P011	Downloads/theory-of-analysis-topics.tex;MATH-ALLS-2/theory-of-analysis-topics.tex	Downloads;MATH-ALLS-2	PROBLEM	8	IMP-DL-117191C0EC-S007;IMP-M2-40A546CAA2-S007		YES	NEEDS_EDITORIAL_REVIEW
c52cca60ebd12e167fdf0fc4a4521f8075396248b38a2514c68764d2b6c475c6	SEM-C52CCA60EBD1	IMP-DL-0AC5ADA26C-P017	1	IMP-DL-0AC5ADA26C-P017	Downloads/theory-of-algebraic-topology-8.tex	Downloads	WORKED_EXAMPLE				NO	NEEDS_EDITORIAL_REVIEW
c5388f7fea406bcd8d828fac2234b79fc3381b7f2bdb424859adcab98c6c1dbf	SEM-C5388F7FEA40	IMP-DL-183AD43C4C-PSR003176-C5388F7F	2	IMP-DL-183AD43C4C-PSR003176-C5388F7F;IMP-M2-1895C43FC6-PSR003176-C5388F7F	Downloads/theory-of-real-analysis.tex;MATH-ALLS-2/theory-of-real-analysis.tex	Downloads;MATH-ALLS-2	EXAMPLE	1.			NO	NEEDS_EDITORIAL_REVIEW
c5482e6fcfe20d90b0a3ddf6f9b6e878452e8fd50fdd8d6febb8be1211443f2f	SEM-C5482E6FCFE2	IMP-DL-BD3A6D53D0-P009	3	IMP-DL-BD3A6D53D0-P009;IMP-M2-E2BE0561BD-P009;IMP-M3-0F6B7A59EB-P009	Downloads/theory-of-differential-geometry-2.tex;MATH-ALLS-2/theory-of-differential-geometry-2.tex;MATH_ALLS-3/theory-of-differential-geometry-2.tex	Downloads;MATH-ALLS-2;MATH_ALLS-3	PROBLEM	5	IMP-DL-BD3A6D53D0-S009;IMP-M2-E2BE0561BD-S009;IMP-M3-0F6B7A59EB-S009		YES	NEEDS_EDITORIAL_REVIEW
c54fa5cc6d41aa6f4d871d5b869744cd58945adc562c85af9d88a3c3568017d9	SEM-C54FA5CC6D41	IMP-DL-535B6F59C6-SPR001832-C54FA5CC	2	IMP-DL-535B6F59C6-SPR001832-C54FA5CC;IMP-M3-0753B8F46B-SPR001832-C54FA5CC	Downloads/theory-of-commutative-algebra-4.tex;MATH_ALLS-3/theory-of-commutative-algebra-4.tex	Downloads;MATH_ALLS-3	EXAMPLE	5.			NO	NEEDS_EDITORIAL_REVIEW
c564cdfe921fd30295bf20e0c493802168a0edd7f48690e27ccb3531550d2f30	SEM-C564CDFE921F	IMP-DL-0E3E7EC766-P004	2	IMP-DL-0E3E7EC766-P004;IMP-DL-0E3E7EC766-R002765-C564CDFE	Downloads/theory-of-algebraic-geometry-1.tex	Downloads	EXERCISE				NO	NEEDS_EDITORIAL_REVIEW
c56ef4ff114bb78500807e100ed4b83525e0904ebecd939cd80c0b1b705bff65	SEM-C56EF4FF114B	IMP-DL-721195CCB5-PSR002818-C56EF4FF	1	IMP-DL-721195CCB5-PSR002818-C56EF4FF	Downloads/theory-of-algebraic-geometry-11.tex	Downloads	EXAMPLE	7			NO	NEEDS_EDITORIAL_REVIEW
c5b0031316782862d5d26e0ac25295a7148fd3ac7e96cf6d13edca4eebc60136	SEM-C5B003131678	IMP-DL-3CA1CB77F7-P035	4	IMP-DL-3CA1CB77F7-P035;IMP-DL-3CA1CB77F7-R004353-C5B00313;IMP-M2-F08D4144EA-P035;IMP-M2-F08D4144EA-R004353-C5B00313	Downloads/theory-of-analysis-numbers.tex;MATH-ALLS-2/theory-of-analysis-numbers.tex	Downloads;MATH-ALLS-2	EXAMPLE;WORKED_EXAMPLE				NO	NEEDS_EDITORIAL_REVIEW
c5bbf76981c05eacd6966d6f045d3465e0cfe74a93ec8ba0f0f8f65556095e2d	SEM-C5BBF76981C0	IMP-DL-E88547CF67-P015	2	IMP-DL-E88547CF67-P015;IMP-M2-80D8AED0FF-P015	Downloads/theory-of-geometry-3.tex;MATH-ALLS-2/theory-of-geometry-3.tex	Downloads;MATH-ALLS-2	PROBLEM	1	IMP-DL-E88547CF67-S005;IMP-M2-80D8AED0FF-S005		YES	NEEDS_EDITORIAL_REVIEW
c5bff5c90db209df28797a33ac46668306773a40b3a0dfd939eddeaefb6ba7b1	SEM-C5BFF5C90DB2	IMP-DL-D18914CBBD-P019	2	IMP-DL-D18914CBBD-P019;IMP-M3-78B3C1B707-P019	Downloads/theory-of-commutative-algebra-11.tex;MATH_ALLS-3/theory-of-commutative-algebra-11.tex	Downloads;MATH_ALLS-3	WORKED_EXAMPLE	19			NO	NEEDS_EDITORIAL_REVIEW
c5c0241f56b4f380eb8126037e9d9020dabba668fbb46f4b36479fc24d482f4e	SEM-C5C0241F56B4	IMP-DL-721195CCB5-P006	1	IMP-DL-721195CCB5-P006	Downloads/theory-of-algebraic-geometry-11.tex	Downloads	WORKED_EXAMPLE	6			NO	NEEDS_EDITORIAL_REVIEW
c60eca4e56493011da07fd9e9e5185d7f20c6160c6e0970e2a87166b3e5332dc	SEM-C60ECA4E5649	IMP-DL-18BC6F795C-P015	1	IMP-DL-18BC6F795C-P015	Downloads/theory-of-algebraic-topology-9.tex	Downloads	WORKED_EXAMPLE				NO	NEEDS_EDITORIAL_REVIEW
c61bb04ca9cda567fb125ea2c52472d4ca364abf0197c0e8fbfad672637b8edb	SEM-C61BB04CA9CD	IMP-DL-314EAD1F3C-R002992-C61BB04C	1	IMP-DL-314EAD1F3C-R002992-C61BB04C	Downloads/theory-of-algebraic-topology-12.tex	Downloads	PROBLEM	10			NO	NEEDS_EDITORIAL_REVIEW
c64e532f95810ccd154357c0abcb23bbc8c3a8c662700fcb4b7032d64a84ffa1	SEM-C64E532F9581	IMP-DL-592BD0798C-P035	2	IMP-DL-592BD0798C-P035;IMP-M3-1FB8799CDC-P035	Downloads/theory-of-commutative-algebra-8.tex;MATH_ALLS-3/theory-of-commutative-algebra-8.tex	Downloads;MATH_ALLS-3	PROBLEM_ITEM				NO	NEEDS_EDITORIAL_REVIEW
c668582f76c48c8383988890ba123e33e983a50eb3aebb540909c62c022cc523	SEM-C668582F76C4	IMP-DL-0AC5ADA26C-P037	1	IMP-DL-0AC5ADA26C-P037	Downloads/theory-of-algebraic-topology-8.tex	Downloads	WORKED_EXAMPLE	8			NO	NEEDS_EDITORIAL_REVIEW
c6880126d1411a901521c0d1c944466de9c4d48af558579ea7e4e9a566284365	SEM-C6880126D141	IMP-DL-2E134BF207-P049	1	IMP-DL-2E134BF207-P049	Downloads/theory-of-algebraic-topology-5.tex	Downloads	PROBLEM_ITEM				NO	NEEDS_EDITORIAL_REVIEW
c6b2755aa7f6dc43adde00b8a3fef2dd4f04279457c8c099bff0a0dbacde14d4	SEM-C6B2755AA7F6	IMP-DL-117191C0EC-P021	2	IMP-DL-117191C0EC-P021;IMP-M2-40A546CAA2-P021	Downloads/theory-of-analysis-topics.tex;MATH-ALLS-2/theory-of-analysis-topics.tex	Downloads;MATH-ALLS-2	PROBLEM	4	IMP-DL-117191C0EC-S012;IMP-M2-40A546CAA2-S012		YES	NEEDS_EDITORIAL_REVIEW
c6cf9d14216cc873a8c16cbc12431decfc378e0f475f8cb27052055de1e285c3	SEM-C6CF9D14216C	IMP-DL-0EB9CBD958-P011	2	IMP-DL-0EB9CBD958-P011;IMP-M2-F4C85D52DC-P011	Downloads/theory-of-geometry.tex;MATH-ALLS-2/theory-of-geometry.tex	Downloads;MATH-ALLS-2	PROBLEM_ITEM				NO	NEEDS_EDITORIAL_REVIEW
c6d551a7a9d4040749b531ceed7bc846970a12e158a4c92e07a07db4a904d75a	SEM-C6D551A7A9D4	IMP-DL-3C59D9EE8B-P129	2	IMP-DL-3C59D9EE8B-P129;IMP-M3-D1A916E0DD-P129	Downloads/theory-of-commutative-algebra-5-professional-v2.tex;MATH_ALLS-3/theory-of-commutative-algebra-5-professional-v2.tex	Downloads;MATH_ALLS-3	PROBLEM_ITEM				NO	NEEDS_EDITORIAL_REVIEW
c71005652c7c0d2de06d6734c1befc7bd2c77f047e8b239c0e224fd6b7344885	SEM-C71005652C7C	IMP-DL-E1F1BB4192-R004809-C7100565	2	IMP-DL-E1F1BB4192-R004809-C7100565;IMP-M3-0D398C7F27-R004809-C7100565	Downloads/theory-of-commutative-algebra-5.tex;MATH_ALLS-3/theory-of-commutative-algebra-5.tex	Downloads;MATH_ALLS-3	PROBLEM	12			NO	NEEDS_EDITORIAL_REVIEW
c7285ce41319ac9517ec1f6ffc56a3babc3a341d5a61213a5121145c1ca678a1	SEM-C7285CE41319	IMP-DL-A99C7658F3-PSR002512-C7285CE4	1	IMP-DL-A99C7658F3-PSR002512-C7285CE4	Downloads/theory-of-algebraic-geometry-2.tex	Downloads	EXAMPLE				NO	NEEDS_EDITORIAL_REVIEW
c73a58bebee7f86943ec815ebe943f7d5db54d959b7e8b5c0019ca35b12966db	SEM-C73A58BEBEE7	IMP-DL-D6E9B3BC73-PSR003055-C73A58BE	2	IMP-DL-D6E9B3BC73-PSR003055-C73A58BE;IMP-M3-422B74F85F-PSR003052-C73A58BE	Downloads/theory-of-algebraic-topology-1.tex;MATH_ALLS-3/theory-of-algebraic-topology-1.tex	Downloads;MATH_ALLS-3	PROBLEM	7	IMP-DL-D6E9B3BC73-S006;IMP-M3-422B74F85F-S006		YES	NEEDS_EDITORIAL_REVIEW
c745a99848fc57b370b7101a87b18a581164b5bbb09309adfb2cd96870938005	SEM-C745A99848FC	IMP-DL-B7B63B4C41-P005	2	IMP-DL-B7B63B4C41-P005;IMP-M3-16526DCF36-P005	Downloads/theory-of-commutative-algebra-12.tex;MATH_ALLS-3/theory-of-commutative-algebra-12.tex	Downloads;MATH_ALLS-3	WORKED_EXAMPLE	5			NO	NEEDS_EDITORIAL_REVIEW
c7aeca89dc76149fccb76694db2be02da16207c7001e0863a142d5bb1631de3f	SEM-C7AECA89DC76	IMP-DL-6447F1B120-P004	1	IMP-DL-6447F1B120-P004	Downloads/theory-of-algebraic-topology-11.tex	Downloads	PROBLEM_ITEM				NO	NEEDS_EDITORIAL_REVIEW
c7ddf708fac8b63f936e16a7be5604592092f5cef43121992b7d1a33842cfd2c	SEM-C7DDF708FAC8	IMP-DL-627841AC75-P002	1	IMP-DL-627841AC75-P002	Downloads/theory-of-algebraic-topology-3.tex	Downloads	PROBLEM	statement	IMP-DL-627841AC75-S001		YES	NEEDS_EDITORIAL_REVIEW
c7edcda519177de8aa28d5657f7b38f086d5420b88d79c4957fbbd177a19c59d	SEM-C7EDCDA51917	IMP-DL-5431609247-R001842-C7EDCDA5	2	IMP-DL-5431609247-R001842-C7EDCDA5;IMP-M3-42C904D7D6-R001842-C7EDCDA5	Downloads/theory-of-differential-geometry-5.tex;MATH_ALLS-3/theory-of-differential-geometry-5.tex	Downloads;MATH_ALLS-3	EXAMPLE				NO	NEEDS_EDITORIAL_REVIEW
c80d68348edf6ab9f66ca677d0b0f89c3c277e4758e025932f7c088627fb1fe0	SEM-C80D68348EDF	IMP-DL-A99C7658F3-PSR000352-C80D6834	1	IMP-DL-A99C7658F3-PSR000352-C80D6834	Downloads/theory-of-algebraic-geometry-2.tex	Downloads	PROBLEM	8.			NO	NEEDS_EDITORIAL_REVIEW
c817304c88351071d1dce8a9af8fcc41a358defb1530d7b1ada05b4c6d85d203	SEM-C817304C8835	IMP-DL-592BD0798C-P001	2	IMP-DL-592BD0798C-P001;IMP-M3-1FB8799CDC-P001	Downloads/theory-of-commutative-algebra-8.tex;MATH_ALLS-3/theory-of-commutative-algebra-8.tex	Downloads;MATH_ALLS-3	WORKED_EXAMPLE	1			NO	NEEDS_EDITORIAL_REVIEW
c83bd85b8858d0bab1459417c57665aefc60449dc1f05903b6da1707ca53dedb	SEM-C83BD85B8858	IMP-DL-3E276561C4-R000673-C83BD85B	4	IMP-DL-3E276561C4-R000673-C83BD85B;IMP-DL-7AFEF11659-R000671-C83BD85B;IMP-M3-AB2FCA292B-R000673-C83BD85B;IMP-M3-AC7E1F63D1-R000671-C83BD85B	Downloads/theory-of-differential-geometry-3.tex;Downloads/theory-of-linear-algebra-1.tex;MATH_ALLS-3/theory-of-differential-geometry-3.tex;MATH_ALLS-3/theory-of-linear-algebra-1.tex	Downloads;MATH_ALLS-3	PROBLEM	5	IMP-DL-3E276561C4-S005;IMP-DL-7AFEF11659-S005;IMP-M3-AB2FCA292B-S005;IMP-M3-AC7E1F63D1-S005		YES	NEEDS_EDITORIAL_REVIEW
c8405b11d05c81e5563f1ba3155c3bccda726c4993d4bfd674b18eea4d9f1962	SEM-C8405B11D05C	IMP-DL-B7B63B4C41-ORR000930-C8405B11	1	IMP-DL-B7B63B4C41-ORR000930-C8405B11	Downloads/theory-of-commutative-algebra-12.tex	Downloads	PROBLEM		IMP-DL-B7B63B4C41-S001;IMP-M3-16526DCF36-S001		YES	NEEDS_EDITORIAL_REVIEW
c85b2ddc63e77d62839833d481e6ee2a39876adb629723f5fe6712c2aa74e26d	SEM-C85B2DDC63E7	IMP-DL-8D5CF4CFBA-P008	2	IMP-DL-8D5CF4CFBA-P008;IMP-M3-89937139FC-P008	Downloads/theory-of-linear-algebra-2.tex;MATH_ALLS-3/theory-of-linear-algebra-2.tex	Downloads;MATH_ALLS-3	PROBLEM	9	IMP-DL-8D5CF4CFBA-S009;IMP-M3-89937139FC-S009		YES	NEEDS_EDITORIAL_REVIEW
c871acbb4c35a5711272e83df7dc897333273d9293020562099479e1f5feba12	SEM-C871ACBB4C35	IMP-DL-4DEBE28720-P085	2	IMP-DL-4DEBE28720-P085;IMP-M3-8E395763C8-P085	Downloads/theory-of-commutative-algebra-13.tex;MATH_ALLS-3/theory-of-commutative-algebra-13.tex	Downloads;MATH_ALLS-3	WORKED_EXAMPLE	17			NO	NEEDS_EDITORIAL_REVIEW
c872e53739c59dcbdaf1e0b849e17150adfc69ee85addc94329f385d39ed7350	SEM-C872E53739C5	IMP-DL-8D5CF4CFBA-P012	2	IMP-DL-8D5CF4CFBA-P012;IMP-M3-89937139FC-P012	Downloads/theory-of-linear-algebra-2.tex;MATH_ALLS-3/theory-of-linear-algebra-2.tex	Downloads;MATH_ALLS-3	PROBLEM	1	IMP-DL-8D5CF4CFBA-S013;IMP-M3-89937139FC-S013		YES	NEEDS_EDITORIAL_REVIEW
c8800023b5f0b5e0775a6b04097db04a04323a48998ba7572cda09c521117c69	SEM-C8800023B5F0	IMP-DL-4DEBE28720-P077	2	IMP-DL-4DEBE28720-P077;IMP-M3-8E395763C8-P077	Downloads/theory-of-commutative-algebra-13.tex;MATH_ALLS-3/theory-of-commutative-algebra-13.tex	Downloads;MATH_ALLS-3	WORKED_EXAMPLE	8			NO	NEEDS_EDITORIAL_REVIEW
c88095219397702fa6f37ccad07913c1b51a0331c86b85e9ded248916b1689b0	SEM-C88095219397	IMP-DL-38CE6DEB56-P007	2	IMP-DL-38CE6DEB56-P007;IMP-M3-D19BB3C803-P007	Downloads/theory-of-commutative-algebra-14.tex;MATH_ALLS-3/theory-of-commutative-algebra-14.tex	Downloads;MATH_ALLS-3	WORKED_EXAMPLE	3			NO	NEEDS_EDITORIAL_REVIEW
c88949f1667d28dae709ca92fb8bb6962852a542d6124c9abc259f3d44feba28	SEM-C88949F1667D	IMP-DL-627841AC75-SPR004690-C88949F1	1	IMP-DL-627841AC75-SPR004690-C88949F1	Downloads/theory-of-algebraic-topology-3.tex	Downloads	EXAMPLE				NO	NEEDS_EDITORIAL_REVIEW
c8a834e6b1c8d6305bcd9266e2f6c6a7b19490c1eceea0ff63fc7f373a093a3d	SEM-C8A834E6B1C8	IMP-DL-D18914CBBD-P006	2	IMP-DL-D18914CBBD-P006;IMP-M3-78B3C1B707-P006	Downloads/theory-of-commutative-algebra-11.tex;MATH_ALLS-3/theory-of-commutative-algebra-11.tex	Downloads;MATH_ALLS-3	WORKED_EXAMPLE	6			NO	NEEDS_EDITORIAL_REVIEW
c8ab82f6912ac4e8a73a5fd0099d19f5c96bb514990576b49303ec15cbc0e2e1	SEM-C8AB82F6912A	IMP-DL-4DEBE28720-P021	2	IMP-DL-4DEBE28720-P021;IMP-M3-8E395763C8-P021	Downloads/theory-of-commutative-algebra-13.tex;MATH_ALLS-3/theory-of-commutative-algebra-13.tex	Downloads;MATH_ALLS-3	WORKED_EXAMPLE				NO	NEEDS_EDITORIAL_REVIEW
c8b029adc3be55006599d2bb0caa2aacb29099d54f115cafd19cc9d878d22134	SEM-C8B029ADC3BE	IMP-DL-38CE6DEB56-P009	2	IMP-DL-38CE6DEB56-P009;IMP-M3-D19BB3C803-P009	Downloads/theory-of-commutative-algebra-14.tex;MATH_ALLS-3/theory-of-commutative-algebra-14.tex	Downloads;MATH_ALLS-3	WORKED_EXAMPLE	5			NO	NEEDS_EDITORIAL_REVIEW
c8cbf56547eafe1d8c8331919c0e016ac94619c089c71c29b833d2f72cf97c82	SEM-C8CBF56547EA	IMP-DL-3D2DB27534-P010	4	IMP-DL-3D2DB27534-P010;IMP-DL-5B1D955447-P010;IMP-M2-8108AF5CB9-P010;IMP-M2-AFF44384C1-P010	Downloads/merged_exercises (1).tex;Downloads/merged_exercises.tex;MATH-ALLS-2/merged_exercises (1).tex;MATH-ALLS-2/merged_exercises.tex	Downloads;MATH-ALLS-2	EXERCISE	2.4			NO	NEEDS_EDITORIAL_REVIEW
c8cd57653ef22e8269074004a2d121407bac2415ecb28e1772823bb9bc47d01c	SEM-C8CD57653EF2	IMP-DL-873C6F4098-P055	2	IMP-DL-873C6F4098-P055;IMP-M2-CFC28ED568-P055	Downloads/theory-of-analysis-II.tex;MATH-ALLS-2/theory-of-analysis-II.tex	Downloads;MATH-ALLS-2	PROBLEM_ITEM				NO	NEEDS_EDITORIAL_REVIEW
c8e656d8ea4d672d59c06c1c8a0146c6a238e1c261cfea1f7483a2e25d14b9f6	SEM-C8E656D8EA4D	IMP-DL-40C58AD550-P003	1	IMP-DL-40C58AD550-P003	Downloads/theory-of-algebraic-geometry-4.tex	Downloads	WORKED_EXAMPLE				NO	NEEDS_EDITORIAL_REVIEW
c8f6f3494fb8532078a3872e729df9a071f8036ddb172ea5744d85f5ff085a6e	SEM-C8F6F3494FB8	IMP-DL-14663C23F1-P009	2	IMP-DL-14663C23F1-P009;IMP-M2-155017A9AF-P009	Downloads/theory-of-geometry-III.tex;MATH-ALLS-2/theory-of-geometry-III.tex	Downloads;MATH-ALLS-2	PROBLEM_ITEM				NO	NEEDS_EDITORIAL_REVIEW
c8fb8f7bcfe71d7fe21b5a25c570406bcef40d707a4f0a3b632106ed6fab142d	SEM-C8FB8F7BCFE7	IMP-DL-35223EB1F7-R002528-C8FB8F7B	1	IMP-DL-35223EB1F7-R002528-C8FB8F7B	Downloads/theory-of-algebraic-topology-6.tex	Downloads	PROBLEM	10			NO	NEEDS_EDITORIAL_REVIEW
c8fdc13cbb41cf0b774cc20689c95ffc2ce0e441c3965adbb9d208ff10a9d8e1	SEM-C8FDC13CBB41	IMP-DL-11EDF39EA7-P010	2	IMP-DL-11EDF39EA7-P010;IMP-M2-68556E3D88-P010	Downloads/theory-of-analysis-FD2.tex;MATH-ALLS-2/theory-of-analysis-FD2.tex	Downloads;MATH-ALLS-2	EXERCISE	4.1			NO	NEEDS_EDITORIAL_REVIEW
c9030a109ca48a10af4b8f51aa5cd04519af49f6f70b8e87ff8c33b187abfaa3	SEM-C9030A109CA4	IMP-DL-0E3E7EC766-P011	2	IMP-DL-0E3E7EC766-P011;IMP-DL-0E3E7EC766-R002817-C9030A10	Downloads/theory-of-algebraic-geometry-1.tex	Downloads	EXERCISE				NO	NEEDS_EDITORIAL_REVIEW
c910e9ff3137f3a8e3d282ecc1d88920515233f827a96b8bbf006f8fc6813d47	SEM-C910E9FF3137	IMP-DL-873C6F4098-P076	2	IMP-DL-873C6F4098-P076;IMP-M2-CFC28ED568-P076	Downloads/theory-of-analysis-II.tex;MATH-ALLS-2/theory-of-analysis-II.tex	Downloads;MATH-ALLS-2	PROBLEM	10			NO	NEEDS_EDITORIAL_REVIEW
c91992cb8eeb57cc6b36dd8307a23e64d5b11235dcc7ccbeeb852c47090d232f	SEM-C91992CB8EEB	IMP-DL-CB3C80FF97-P003	2	IMP-DL-CB3C80FF97-P003;IMP-M2-7B5A4788C1-P003	Downloads/theory-of-complex-analysis-topology.tex;MATH-ALLS-2/theory-of-complex-analysis-topology.tex	Downloads;MATH-ALLS-2	PROBLEM		IMP-DL-CB3C80FF97-S003;IMP-M2-7B5A4788C1-S003		YES	NEEDS_EDITORIAL_REVIEW
c92c0f73506c4ecdb7c757eeb7958b94c8dccbf7b470cfbbac50cdc0495ceaee	SEM-C92C0F73506C	IMP-DL-873C6F4098-P100	2	IMP-DL-873C6F4098-P100;IMP-M2-CFC28ED568-P100	Downloads/theory-of-analysis-II.tex;MATH-ALLS-2/theory-of-analysis-II.tex	Downloads;MATH-ALLS-2	PROBLEM	7			NO	NEEDS_EDITORIAL_REVIEW
c94cc1904d8fec46e77e4455a8ee0b444bf91dfa54997fb25429068366906429	SEM-C94CC1904D8F	IMP-DL-873C6F4098-P039	2	IMP-DL-873C6F4098-P039;IMP-M2-CFC28ED568-P039	Downloads/theory-of-analysis-II.tex;MATH-ALLS-2/theory-of-analysis-II.tex	Downloads;MATH-ALLS-2	PROBLEM	5			NO	NEEDS_EDITORIAL_REVIEW
c9838548b0ff68ff908a53a0a847ff697b158682fe4134831defc6f34784fd22	SEM-C9838548B0FF	IMP-DL-3C59D9EE8B-P086	2	IMP-DL-3C59D9EE8B-P086;IMP-M3-D1A916E0DD-P086	Downloads/theory-of-commutative-algebra-5-professional-v2.tex;MATH_ALLS-3/theory-of-commutative-algebra-5-professional-v2.tex	Downloads;MATH_ALLS-3	PROBLEM_ITEM				NO	NEEDS_EDITORIAL_REVIEW
c9a7821b3f95384064a439b4d273ccc67ed3245ade24cfeaf1ff827c9b1fa50d	SEM-C9A7821B3F95	IMP-DL-D18914CBBD-P015	2	IMP-DL-D18914CBBD-P015;IMP-M3-78B3C1B707-P015	Downloads/theory-of-commutative-algebra-11.tex;MATH_ALLS-3/theory-of-commutative-algebra-11.tex	Downloads;MATH_ALLS-3	WORKED_EXAMPLE	15			NO	NEEDS_EDITORIAL_REVIEW
c9e98a919fdddcf5d14b809e519ae44ac0f19499b1bee0d7c59f59ed4cdfb09a	SEM-C9E98A919FDD	IMP-DL-8D5CF4CFBA-P036	2	IMP-DL-8D5CF4CFBA-P036;IMP-M3-89937139FC-P036	Downloads/theory-of-linear-algebra-2.tex;MATH_ALLS-3/theory-of-linear-algebra-2.tex	Downloads;MATH_ALLS-3	PROBLEM	8	IMP-DL-8D5CF4CFBA-S046;IMP-M3-89937139FC-S046		YES	NEEDS_EDITORIAL_REVIEW
ca0a6e12e64e52bd123907beb5a48c1f6128b4de57975734f67460e757e0b897	SEM-CA0A6E12E64E	IMP-DL-592BD0798C-P021	2	IMP-DL-592BD0798C-P021;IMP-M3-1FB8799CDC-P021	Downloads/theory-of-commutative-algebra-8.tex;MATH_ALLS-3/theory-of-commutative-algebra-8.tex	Downloads;MATH_ALLS-3	PROBLEM_ITEM				NO	NEEDS_EDITORIAL_REVIEW
ca1e599c1ce805c762cede56792ec4eef718e73a2ae9507dda6cc120fc8d4a6d	SEM-CA1E599C1CE8	IMP-DL-98972A6B93-P041	2	IMP-DL-98972A6B93-P041;IMP-M2-355EA0996F-P041	Downloads/theory-of-geometry-II.tex;MATH-ALLS-2/theory-of-geometry-II.tex	Downloads;MATH-ALLS-2	PROBLEM_ITEM				NO	NEEDS_EDITORIAL_REVIEW
ca2160381a2067b982490fdf235727abd2456cbfe65d2bee08f3a677d800c70c	SEM-CA2160381A20	IMP-DL-2370D81D66-P038	2	IMP-DL-2370D81D66-P038;IMP-M2-D036BAB254-P038	Downloads/theory-of-analysis-FD.tex;MATH-ALLS-2/theory-of-analysis-FD.tex	Downloads;MATH-ALLS-2	EXERCISE_ITEM				NO	NEEDS_EDITORIAL_REVIEW
ca2e336c361f009d77b454cb2c2cbb4497e82b937e945742eb1be4d918a71653	SEM-CA2E336C361F	IMP-DL-314EAD1F3C-SPR003226-CA2E336C	1	IMP-DL-314EAD1F3C-SPR003226-CA2E336C	Downloads/theory-of-algebraic-topology-12.tex	Downloads	PROBLEM	15.	IMP-DL-314EAD1F3C-S006		YES	NEEDS_EDITORIAL_REVIEW
ca4b2c7cbc95fc73bfc8b0f7672d8d33150ddd24f667d91eec3ed6411fd81185	SEM-CA4B2C7CBC95	IMP-DL-873C6F4098-P101	2	IMP-DL-873C6F4098-P101;IMP-M2-CFC28ED568-P101	Downloads/theory-of-analysis-II.tex;MATH-ALLS-2/theory-of-analysis-II.tex	Downloads;MATH-ALLS-2	PROBLEM	8			NO	NEEDS_EDITORIAL_REVIEW
ca5b19b0b7f6bd99d03c6fedb0e517b7736691d8d16fb6cc86ef3a6116f56ca5	SEM-CA5B19B0B7F6	IMP-DL-D6E9B3BC73-P015	2	IMP-DL-D6E9B3BC73-P015;IMP-M3-422B74F85F-P015	Downloads/theory-of-algebraic-topology-1.tex;MATH_ALLS-3/theory-of-algebraic-topology-1.tex	Downloads;MATH_ALLS-3	WORKED_EXAMPLE	2.			NO	NEEDS_EDITORIAL_REVIEW
ca6d6cf115cd6d35f897d328cbadcbb58f2c5e4afd987192b490238ef1e20029	SEM-CA6D6CF115CD	IMP-DL-D4351A3BBD-P016	2	IMP-DL-D4351A3BBD-P016;IMP-M2-721AD91C7F-P016	Downloads/theory-of-geometry-IV.tex;MATH-ALLS-2/theory-of-geometry-IV.tex	Downloads;MATH-ALLS-2	PROBLEM_ITEM				NO	NEEDS_EDITORIAL_REVIEW
ca978ff2e540de6fccdd72b72bf7600747ab95eef60754bb33e396b29a832a3f	SEM-CA978FF2E540	IMP-DL-D148B51FB7-P030	2	IMP-DL-D148B51FB7-P030;IMP-M3-5A5277EBFB-P030	Downloads/theory-of-differential-geometry-4.tex;MATH_ALLS-3/theory-of-differential-geometry-4.tex	Downloads;MATH_ALLS-3	PROBLEM	10	IMP-DL-D148B51FB7-S023;IMP-DL-D148B51FB7-S024;IMP-M3-5A5277EBFB-S023;IMP-M3-5A5277EBFB-S024		YES	NEEDS_EDITORIAL_REVIEW
cab19a85f68d6468da5c6ebbde1afaca0d2284e3c24ca2c678d00f5f8d51e2d0	SEM-CAB19A85F68D	IMP-DL-11EDF39EA7-P042	2	IMP-DL-11EDF39EA7-P042;IMP-M2-68556E3D88-P042	Downloads/theory-of-analysis-FD2.tex;MATH-ALLS-2/theory-of-analysis-FD2.tex	Downloads;MATH-ALLS-2	EXERCISE_ITEM				NO	NEEDS_EDITORIAL_REVIEW
cac2829e65c5b80476e4ed7d02f93a5c1e4c5607ee15c48183784a050fef515e	SEM-CAC2829E65C5	IMP-DL-38CE6DEB56-P024	2	IMP-DL-38CE6DEB56-P024;IMP-M3-D19BB3C803-P024	Downloads/theory-of-commutative-algebra-14.tex;MATH_ALLS-3/theory-of-commutative-algebra-14.tex	Downloads;MATH_ALLS-3	WORKED_EXAMPLE	21			NO	NEEDS_EDITORIAL_REVIEW
cac39d0ba1bc071010da6c26aa613bc9091d3824afff6c2c32c02a2ecd818ec4	SEM-CAC39D0BA1BC	IMP-DL-D18914CBBD-P007	2	IMP-DL-D18914CBBD-P007;IMP-M3-78B3C1B707-P007	Downloads/theory-of-commutative-algebra-11.tex;MATH_ALLS-3/theory-of-commutative-algebra-11.tex	Downloads;MATH_ALLS-3	WORKED_EXAMPLE	7			NO	NEEDS_EDITORIAL_REVIEW
cae9b9ef711e7adb6c6b56942d8ab8d25bcc1b54c3f02fe5388f14d773953785	SEM-CAE9B9EF711E	IMP-DL-D27460A55B-SPR004232-CAE9B9EF	1	IMP-DL-D27460A55B-SPR004232-CAE9B9EF	Downloads/theory-of-algebraic-geometry-5.tex	Downloads	EXAMPLE	15			NO	NEEDS_EDITORIAL_REVIEW
caf3913055ad0d1e23bae5359a8e3efb00ad01c90d57a222554af3087da80342	SEM-CAF3913055AD	IMP-DL-873C6F4098-P069	2	IMP-DL-873C6F4098-P069;IMP-M2-CFC28ED568-P069	Downloads/theory-of-analysis-II.tex;MATH-ALLS-2/theory-of-analysis-II.tex	Downloads;MATH-ALLS-2	PROBLEM_ITEM				NO	NEEDS_EDITORIAL_REVIEW
caf98b2ad15db6c3f3f3eb9dd872cc6ca2f540bdda5bd7dbc85cf29f31c27224	SEM-CAF98B2AD15D	IMP-DL-3C59D9EE8B-P089	6	IMP-DL-3C59D9EE8B-P089;IMP-DL-40E9B7EE44-P009;IMP-DL-E1F1BB4192-P009;IMP-M3-0D398C7F27-P009;IMP-M3-17140B7F4C-P009;IMP-M3-D1A916E0DD-P089	Downloads/theory-of-commutative-algebra-5-professional-v2.tex;Downloads/theory-of-commutative-algebra-5-professional.tex;Downloads/theory-of-commutative-algebra-5.tex;MATH_ALLS-3/theory-of-commutative-algebra-5-professional-v2.tex;MATH_ALLS-3/theory-of-commutative-algebra-5-professional.tex;MATH_ALLS-3/theory-of-commutative-algebra-5.tex	Downloads;MATH_ALLS-3	PROBLEM	13	IMP-DL-3C59D9EE8B-S015;IMP-DL-40E9B7EE44-S015;IMP-DL-E1F1BB4192-S015;IMP-M3-0D398C7F27-S015;IMP-M3-17140B7F4C-S015;IMP-M3-D1A916E0DD-S015		YES	NEEDS_EDITORIAL_REVIEW
cb06743b4e4880a3e8e5eac8d4c899ded9333128190e63d07b08eacde9a33fbf	SEM-CB06743B4E48	IMP-DL-4DEBE28720-P102	2	IMP-DL-4DEBE28720-P102;IMP-M3-8E395763C8-P102	Downloads/theory-of-commutative-algebra-13.tex;MATH_ALLS-3/theory-of-commutative-algebra-13.tex	Downloads;MATH_ALLS-3	WORKED_EXAMPLE	5			NO	NEEDS_EDITORIAL_REVIEW
cb24cd5613fd6f6c975ebf68819bfd0917d8efb9cfd1894170adf7f44624e9ff	SEM-CB24CD5613FD	IMP-DL-336732908A-P010	2	IMP-DL-336732908A-P010;IMP-M2-805F474A19-P010	Downloads/theory-of-complex-analysis-next.tex;MATH-ALLS-2/theory-of-complex-analysis-next.tex	Downloads;MATH-ALLS-2	PROBLEM		IMP-DL-336732908A-S003;IMP-M2-805F474A19-S003		YES	NEEDS_EDITORIAL_REVIEW
cb268cf8003795704dd459e7535cd7d673ee9d201e4e837c061520454fb7b628	SEM-CB268CF80037	IMP-DL-6B513C0C2F-PSR000440-CB268CF8	1	IMP-DL-6B513C0C2F-PSR000440-CB268CF8	Downloads/theory-of-algebraic-geometry-10.tex	Downloads	PROBLEM	2	IMP-DL-6B513C0C2F-S003		YES	NEEDS_EDITORIAL_REVIEW
cb5ab445d31884f465830d7a929a495a4ee34cadabf89c6e44205fcd0e13b13b	SEM-CB5AB445D318	IMP-DL-0EB9CBD958-P071	2	IMP-DL-0EB9CBD958-P071;IMP-M2-F4C85D52DC-P071	Downloads/theory-of-geometry.tex;MATH-ALLS-2/theory-of-geometry.tex	Downloads;MATH-ALLS-2	PROBLEM_ITEM				NO	NEEDS_EDITORIAL_REVIEW
cb75e512f562adad8bfa243ddbcde0862486a6a48e0ff8031b4f9dc4eb2d3e7f	SEM-CB75E512F562	IMP-DL-E88547CF67-P008	2	IMP-DL-E88547CF67-P008;IMP-M2-80D8AED0FF-P008	Downloads/theory-of-geometry-3.tex;MATH-ALLS-2/theory-of-geometry-3.tex	Downloads;MATH-ALLS-2	PROBLEM_ITEM				NO	NEEDS_EDITORIAL_REVIEW
cb79118f62107a19670d86f5e4b3c0ada4258012074058530c7c745486dd70ba	SEM-CB79118F6210	IMP-DL-31FF76D7B8-P006	1	IMP-DL-31FF76D7B8-P006	Downloads/theory-of-algebraic-topology-16.tex	Downloads	WORKED_EXAMPLE	6			NO	NEEDS_EDITORIAL_REVIEW
cb87f7f1b2d0179d705911fa52943837556bd41c03f46a7f8339f75827fad07b	SEM-CB87F7F1B2D0	IMP-DL-316AE183C3-P010	2	IMP-DL-316AE183C3-P010;IMP-M2-303BB87ACE-P010	Downloads/theory-of-analysis-functions.tex;MATH-ALLS-2/theory-of-analysis-functions.tex	Downloads;MATH-ALLS-2	EXERCISE	7			NO	NEEDS_EDITORIAL_REVIEW
cb935c4abe2ec177aacdc2a476cb8b68b266c31e99431eca480367a4c778d2bd	SEM-CB935C4ABE2E	IMP-DL-0E1529C1F4-P005	2	IMP-DL-0E1529C1F4-P005;IMP-M2-B699C4BE42-P005	Downloads/theory-of-complex-analysis-maps.tex;MATH-ALLS-2/theory-of-complex-analysis-maps.tex	Downloads;MATH-ALLS-2	WORKED_EXAMPLE				NO	NEEDS_EDITORIAL_REVIEW
cba7f143e4bf712693734d2fa84c9bea4198b8aef039ae837728384c65c36a0b	SEM-CBA7F143E4BF	IMP-DL-31FF76D7B8-P010	1	IMP-DL-31FF76D7B8-P010	Downloads/theory-of-algebraic-topology-16.tex	Downloads	WORKED_EXAMPLE				NO	NEEDS_EDITORIAL_REVIEW
cbbfbc3b2efcd209157a7c5748af759751c800ea5ce9f22b8103daab02cd304c	SEM-CBBFBC3B2EFC	IMP-DL-4DEBE28720-P061	2	IMP-DL-4DEBE28720-P061;IMP-M3-8E395763C8-P061	Downloads/theory-of-commutative-algebra-13.tex;MATH_ALLS-3/theory-of-commutative-algebra-13.tex	Downloads;MATH_ALLS-3	WORKED_EXAMPLE	2			NO	NEEDS_EDITORIAL_REVIEW
cbc82f79254a709f0334589194b35bd93fec62ace401060ea0693e6f7f3c015b	SEM-CBC82F79254A	IMP-DL-4DEBE28720-P087	2	IMP-DL-4DEBE28720-P087;IMP-M3-8E395763C8-P087	Downloads/theory-of-commutative-algebra-13.tex;MATH_ALLS-3/theory-of-commutative-algebra-13.tex	Downloads;MATH_ALLS-3	WORKED_EXAMPLE	1			NO	NEEDS_EDITORIAL_REVIEW
cbde67eb426b11a877a600393ae41a83572630c8b2000feee27fcefad73e8365	SEM-CBDE67EB426B	IMP-DL-592BD0798C-P043	2	IMP-DL-592BD0798C-P043;IMP-M3-1FB8799CDC-P043	Downloads/theory-of-commutative-algebra-8.tex;MATH_ALLS-3/theory-of-commutative-algebra-8.tex	Downloads;MATH_ALLS-3	WORKED_EXAMPLE	3			NO	NEEDS_EDITORIAL_REVIEW
cc196327fd5e775e2e5b4f093da766feb160dfdc8a1e81a6455199add59ae260	SEM-CC196327FD5E	IMP-DL-2E134BF207-P040	1	IMP-DL-2E134BF207-P040	Downloads/theory-of-algebraic-topology-5.tex	Downloads	PROBLEM_ITEM				NO	NEEDS_EDITORIAL_REVIEW
cc2929eb85008ef6ee1472fedbffcdfa810f43fc8650310b2dcb0eee8ff99ea8	SEM-CC2929EB8500	IMP-DL-8016517B0A-P002	3	IMP-DL-8016517B0A-P002;IMP-M2-2B58694CBF-P002;IMP-M3-911366A7C5-P002	Downloads/theory-of-differential-geometry-1.tex;MATH-ALLS-2/theory-of-differential-geometry-1.tex;MATH_ALLS-3/theory-of-differential-geometry-1.tex	Downloads;MATH-ALLS-2;MATH_ALLS-3	PROBLEM_ITEM	Chart			NO	NEEDS_EDITORIAL_REVIEW
cc3b7c4e0746a2d0ecb6df33e046716826bf6517326b527801c69a51a4c46c1e	SEM-CC3B7C4E0746	IMP-DL-3C59D9EE8B-P068	2	IMP-DL-3C59D9EE8B-P068;IMP-M3-D1A916E0DD-P068	Downloads/theory-of-commutative-algebra-5-professional-v2.tex;MATH_ALLS-3/theory-of-commutative-algebra-5-professional-v2.tex	Downloads;MATH_ALLS-3	PROBLEM_ITEM				NO	NEEDS_EDITORIAL_REVIEW
cc3eea3fc839d4f24c83bed7b6becd571b2502e6c5c90d4e1e9b3382f6717ab2	SEM-CC3EEA3FC839	IMP-DL-18BC6F795C-P011	1	IMP-DL-18BC6F795C-P011	Downloads/theory-of-algebraic-topology-9.tex	Downloads	WORKED_EXAMPLE	10			NO	NEEDS_EDITORIAL_REVIEW
cc524ff377249047870bfd63bbbb83c77a65c18ca006627ab6a56a6d0648a3b5	SEM-CC524FF37724	IMP-DL-3C59D9EE8B-P052	2	IMP-DL-3C59D9EE8B-P052;IMP-M3-D1A916E0DD-P052	Downloads/theory-of-commutative-algebra-5-professional-v2.tex;MATH_ALLS-3/theory-of-commutative-algebra-5-professional-v2.tex	Downloads;MATH_ALLS-3	PROBLEM_ITEM				NO	NEEDS_EDITORIAL_REVIEW
cc5ac20fc7ba325e111711d1cb6f0561a6623a24b81585809b2b746e19b2ec26	SEM-CC5AC20FC7BA	IMP-DL-5431609247-R001377-CC5AC20F	2	IMP-DL-5431609247-R001377-CC5AC20F;IMP-M3-42C904D7D6-R001377-CC5AC20F	Downloads/theory-of-differential-geometry-5.tex;MATH_ALLS-3/theory-of-differential-geometry-5.tex	Downloads;MATH_ALLS-3	EXAMPLE				NO	NEEDS_EDITORIAL_REVIEW
cc72183c710427d78ca0faa32745c43b891ef07c9564fe35c0cf4d1e8582a6cf	SEM-CC72183C7104	IMP-DL-724FD8B7B1-SPR004981-CC72183C	2	IMP-DL-724FD8B7B1-SPR004981-CC72183C;IMP-M3-51E6A44D55-SPR004981-CC72183C	Downloads/theory-of-commutative-algebra-1.tex;MATH_ALLS-3/theory-of-commutative-algebra-1.tex	Downloads;MATH_ALLS-3	EXAMPLE	2.			NO	NEEDS_EDITORIAL_REVIEW
cc923eaa3feabbb1641a2aabefde78574ccd8b0d232a623fd84581a86cca0439	SEM-CC923EAA3FEA	IMP-DL-E0B80C696E-P022	1	IMP-DL-E0B80C696E-P022	Downloads/theory-of-algebraic-topology-7.tex	Downloads	WORKED_EXAMPLE				NO	NEEDS_EDITORIAL_REVIEW
cc96dccc76fff43c600574fee6915629b2d6582ffd94adc21222ce9d53aaa488	SEM-CC96DCCC76FF	IMP-DL-0A181AC273-P010	2	IMP-DL-0A181AC273-P010;IMP-M2-80AFB5AE64-P010	Downloads/theory-of-complex-analysis.tex;MATH-ALLS-2/theory-of-complex-analysis.tex	Downloads;MATH-ALLS-2	WORKED_EXAMPLE	A			NO	NEEDS_EDITORIAL_REVIEW
cca0330f5d3554126668bfdab734d7c76c3af75018a8c0bb6d04c35d786a451e	SEM-CCA0330F5D35	IMP-DL-A978FB3162-P061	1	IMP-DL-A978FB3162-P061	Downloads/theory-of-algebraic-topology-4.tex	Downloads	WORKED_EXAMPLE	7			NO	NEEDS_EDITORIAL_REVIEW
cca8081ce40272636baa1f54315968610bdd94728ef76dbf105421bcd0ca4206	SEM-CCA8081CE402	IMP-DL-3C59D9EE8B-P144	2	IMP-DL-3C59D9EE8B-P144;IMP-M3-D1A916E0DD-P144	Downloads/theory-of-commutative-algebra-5-professional-v2.tex;MATH_ALLS-3/theory-of-commutative-algebra-5-professional-v2.tex	Downloads;MATH_ALLS-3	PROBLEM_ITEM				NO	NEEDS_EDITORIAL_REVIEW
ccaace6491289da0e1cb2a150fc3f61f1526912e56b0c16e774647e2dced2a19	SEM-CCAACE649128	IMP-DL-2E134BF207-P013	1	IMP-DL-2E134BF207-P013	Downloads/theory-of-algebraic-topology-5.tex	Downloads	PROBLEM_ITEM				NO	NEEDS_EDITORIAL_REVIEW
ccb37cbfd539cf375812008fdf06d636d1e2d4882e1a8716e06df622f2f036fd	SEM-CCB37CBFD539	IMP-DL-8D5CF4CFBA-P039	2	IMP-DL-8D5CF4CFBA-P039;IMP-M3-89937139FC-P039	Downloads/theory-of-linear-algebra-2.tex;MATH_ALLS-3/theory-of-linear-algebra-2.tex	Downloads;MATH_ALLS-3	PROBLEM	11	IMP-DL-8D5CF4CFBA-S049;IMP-M3-89937139FC-S049		YES	NEEDS_EDITORIAL_REVIEW
ccb5a4d802a83c88f747689bd837ad76d8b0f1551e2803cee290fddb88891ae1	SEM-CCB5A4D802A8	IMP-DL-2370D81D66-SPR000653-CCB5A4D8	2	IMP-DL-2370D81D66-SPR000653-CCB5A4D8;IMP-M2-D036BAB254-SPR000653-CCB5A4D8	Downloads/theory-of-analysis-FD.tex;MATH-ALLS-2/theory-of-analysis-FD.tex	Downloads;MATH-ALLS-2	EXERCISE	1.2			NO	NEEDS_EDITORIAL_REVIEW
ccba0cd82fda54394153674becfe4ee46424743e134bb1440b8e5c43a511238a	SEM-CCBA0CD82FDA	IMP-DL-D18914CBBD-R002277-CCBA0CD8	2	IMP-DL-D18914CBBD-R002277-CCBA0CD8;IMP-M3-78B3C1B707-R002277-CCBA0CD8	Downloads/theory-of-commutative-algebra-11.tex;MATH_ALLS-3/theory-of-commutative-algebra-11.tex	Downloads;MATH_ALLS-3	EXAMPLE	4			NO	NEEDS_EDITORIAL_REVIEW
ccd17a13608c0f8045229051c877b8f86c9dac0dd750cdf1fc91f604988bfe01	SEM-CCD17A13608C	IMP-DL-2B81C66D0F-P001	2	IMP-DL-2B81C66D0F-P001;IMP-M3-84A516D889-P001	Downloads/theory-of-algebraic-topology-2.tex;MATH_ALLS-3/theory-of-algebraic-topology-2.tex	Downloads;MATH_ALLS-3	PROBLEM	9			NO	NEEDS_EDITORIAL_REVIEW
ccd9f5eea3865c3bec9eb84576bf20c6791a793ec9ee7b6bfe9d5aba01c16c15	SEM-CCD9F5EEA386	IMP-DL-724FD8B7B1-P009	2	IMP-DL-724FD8B7B1-P009;IMP-M3-51E6A44D55-P009	Downloads/theory-of-commutative-algebra-1.tex;MATH_ALLS-3/theory-of-commutative-algebra-1.tex	Downloads;MATH_ALLS-3	PROBLEM	10	IMP-DL-724FD8B7B1-S009;IMP-M3-51E6A44D55-S009		YES	NEEDS_EDITORIAL_REVIEW
ccda222af600421f8abf618fc4340dc097612e017fb24dea3cd081309cd5598c	SEM-CCDA222AF600	IMP-DL-873C6F4098-P030	2	IMP-DL-873C6F4098-P030;IMP-M2-CFC28ED568-P030	Downloads/theory-of-analysis-II.tex;MATH-ALLS-2/theory-of-analysis-II.tex	Downloads;MATH-ALLS-2	PROBLEM	2			NO	NEEDS_EDITORIAL_REVIEW
ccdd84e6d72e6ede2e9dfb6ab69c5b83c4eacd68ab4d146dfaa29f8412ba8b1a	SEM-CCDD84E6D72E	IMP-DL-A11279CC33-P026	2	IMP-DL-A11279CC33-P026;IMP-M3-73E0197CF3-P026	Downloads/theory-of-commutative-algebra-6.tex;MATH_ALLS-3/theory-of-commutative-algebra-6.tex	Downloads;MATH_ALLS-3	WORKED_EXAMPLE	2			NO	NEEDS_EDITORIAL_REVIEW
cce9b5dd9e8c54997e4f714dd42a0f437e51629b2aa763114bdee816bba37b12	SEM-CCE9B5DD9E8C	IMP-DL-3C59D9EE8B-P116	2	IMP-DL-3C59D9EE8B-P116;IMP-M3-D1A916E0DD-P116	Downloads/theory-of-commutative-algebra-5-professional-v2.tex;MATH_ALLS-3/theory-of-commutative-algebra-5-professional-v2.tex	Downloads;MATH_ALLS-3	PROBLEM_ITEM				NO	NEEDS_EDITORIAL_REVIEW
cd0807481044a71fa25fba9e48bbfb444de3acc388f23618911615b615890312	SEM-CD0807481044	IMP-DL-D148B51FB7-P038	2	IMP-DL-D148B51FB7-P038;IMP-M3-5A5277EBFB-P038	Downloads/theory-of-differential-geometry-4.tex;MATH_ALLS-3/theory-of-differential-geometry-4.tex	Downloads;MATH_ALLS-3	PROBLEM	9	IMP-DL-D148B51FB7-S032;IMP-M3-5A5277EBFB-S032		YES	NEEDS_EDITORIAL_REVIEW
cd1542b10963c606c427652e5c11e3efcb6aa71c40ea00d1e555baa8798a7774	SEM-CD1542B10963	IMP-DL-873C6F4098-P010	2	IMP-DL-873C6F4098-P010;IMP-M2-CFC28ED568-P010	Downloads/theory-of-analysis-II.tex;MATH-ALLS-2/theory-of-analysis-II.tex	Downloads;MATH-ALLS-2	PROBLEM_ITEM		IMP-DL-873C6F4098-S003;IMP-M2-CFC28ED568-S003		YES	NEEDS_EDITORIAL_REVIEW
cd1cc6e3c3924e4a752e077824803b0ecccf6f485ed91098aa92409a128af4d8	SEM-CD1CC6E3C392	IMP-DL-316AE183C3-P002	2	IMP-DL-316AE183C3-P002;IMP-M2-303BB87ACE-P002	Downloads/theory-of-analysis-functions.tex;MATH-ALLS-2/theory-of-analysis-functions.tex	Downloads;MATH-ALLS-2	PROBLEM	2			NO	NEEDS_EDITORIAL_REVIEW
cd6f40747115813ad4f0878113d3f68266d7cb656792f1353c4c83ac7d354ff4	SEM-CD6F40747115	IMP-DL-A978FB3162-P028	1	IMP-DL-A978FB3162-P028	Downloads/theory-of-algebraic-topology-4.tex	Downloads	PROBLEM	2	IMP-DL-A978FB3162-S008		YES	NEEDS_EDITORIAL_REVIEW
cd8fd834d7bbf5252ebe696bd462b38d2ef77845a1a7b4609392fc529e4b2be8	SEM-CD8FD834D7BB	IMP-DL-A978FB3162-P007	1	IMP-DL-A978FB3162-P007	Downloads/theory-of-algebraic-topology-4.tex	Downloads	WORKED_EXAMPLE	3			NO	NEEDS_EDITORIAL_REVIEW
cd98bba266cc9b5332d6f5b18bda1c213c4ef2bfd2425f071aa5649cc0610c6c	SEM-CD98BBA266CC	IMP-DL-A99C7658F3-PSR002261-CD98BBA2	1	IMP-DL-A99C7658F3-PSR002261-CD98BBA2	Downloads/theory-of-algebraic-geometry-2.tex	Downloads	EXAMPLE				NO	NEEDS_EDITORIAL_REVIEW
cd9d3ed064f9864a20cef5a310cf92a7e26f481bca8ba837e0b374bb2b3ff859	SEM-CD9D3ED064F9	IMP-DL-3C59D9EE8B-P001	6	IMP-DL-3C59D9EE8B-P001;IMP-DL-40E9B7EE44-P001;IMP-DL-E1F1BB4192-P001;IMP-M3-0D398C7F27-P001;IMP-M3-17140B7F4C-P001;IMP-M3-D1A916E0DD-P001	Downloads/theory-of-commutative-algebra-5-professional-v2.tex;Downloads/theory-of-commutative-algebra-5-professional.tex;Downloads/theory-of-commutative-algebra-5.tex;MATH_ALLS-3/theory-of-commutative-algebra-5-professional-v2.tex;MATH_ALLS-3/theory-of-commutative-algebra-5-professional.tex;MATH_ALLS-3/theory-of-commutative-algebra-5.tex	Downloads;MATH_ALLS-3	PROBLEM	3	IMP-DL-3C59D9EE8B-S004;IMP-DL-40E9B7EE44-S004;IMP-DL-E1F1BB4192-S004;IMP-M3-0D398C7F27-S004;IMP-M3-17140B7F4C-S004;IMP-M3-D1A916E0DD-S004		YES	NEEDS_EDITORIAL_REVIEW
cdc740f447ec4d224e4a59d959b4465d4a2b5da4e9bd44f79ab362b5e6deaecd	SEM-CDC740F447EC	IMP-DL-0E3E7EC766-R002450-CDC740F4	1	IMP-DL-0E3E7EC766-R002450-CDC740F4	Downloads/theory-of-algebraic-geometry-1.tex	Downloads	EXAMPLE	8			NO	NEEDS_EDITORIAL_REVIEW
cdc8169dda6914994eb93da1ccb93ebd3c9a9198e72b39fbf00e1e1d31a1e85f	SEM-CDC8169DDA69	IMP-DL-316AE183C3-P082	2	IMP-DL-316AE183C3-P082;IMP-M2-303BB87ACE-P082	Downloads/theory-of-analysis-functions.tex;MATH-ALLS-2/theory-of-analysis-functions.tex	Downloads;MATH-ALLS-2	EXERCISE	12	IMP-DL-316AE183C3-S014;IMP-M2-303BB87ACE-S014		YES	NEEDS_EDITORIAL_REVIEW
cdd7f470564c4d0518eeadbd68f831cec4d06eab2e38ba33bab6db243a2dc821	SEM-CDD7F470564C	IMP-DL-3C59D9EE8B-P098	2	IMP-DL-3C59D9EE8B-P098;IMP-M3-D1A916E0DD-P098	Downloads/theory-of-commutative-algebra-5-professional-v2.tex;MATH_ALLS-3/theory-of-commutative-algebra-5-professional-v2.tex	Downloads;MATH_ALLS-3	PROBLEM_ITEM				NO	NEEDS_EDITORIAL_REVIEW
cddd911a69b59c236d8dbe3a958d7e2cc9db533e00cea99b04ef2881fae2902e	SEM-CDDD911A69B5	IMP-DL-2B81C66D0F-P013	1	IMP-DL-2B81C66D0F-P013	Downloads/theory-of-algebraic-topology-2.tex	Downloads	WORKED_EXAMPLE	5			NO	NEEDS_EDITORIAL_REVIEW
cdde7440d20d74d74dc293e0def74f923e9d1ba61911fa64100f72f989a50fb2	SEM-CDDE7440D20D	IMP-DL-1068DBED71-P026	4	IMP-DL-1068DBED71-P026;IMP-DL-CAA415139D-P026;IMP-M3-F4E66B2919-P026;IMP-M3-FCB1647DD6-P026	Downloads/theory-of-commutative-algebra-10.tex;Downloads/theory-of-commutative-algebra-9.tex;MATH_ALLS-3/theory-of-commutative-algebra-10.tex;MATH_ALLS-3/theory-of-commutative-algebra-9.tex	Downloads;MATH_ALLS-3	WORKED_EXAMPLE				NO	NEEDS_EDITORIAL_REVIEW
cde147877c62b7cddf22cb4e225a64eef60389b14399af5f98f20cae6dbf613b	SEM-CDE147877C62	IMP-DL-3C59D9EE8B-P060	2	IMP-DL-3C59D9EE8B-P060;IMP-M3-D1A916E0DD-P060	Downloads/theory-of-commutative-algebra-5-professional-v2.tex;MATH_ALLS-3/theory-of-commutative-algebra-5-professional-v2.tex	Downloads;MATH_ALLS-3	PROBLEM_ITEM				NO	NEEDS_EDITORIAL_REVIEW
cdfdf719facb5bd96a587b039a4473e3b14948961fc55d739abaf1cf07c690b8	SEM-CDFDF719FACB	IMP-DL-0A181AC273-P028	4	IMP-DL-0A181AC273-P028;IMP-DL-AD9EFCAF62-P004;IMP-M2-79778E004E-P004;IMP-M2-80AFB5AE64-P028	Downloads/theory-of-complex-analysis-2.tex;Downloads/theory-of-complex-analysis.tex;MATH-ALLS-2/theory-of-complex-analysis-2.tex;MATH-ALLS-2/theory-of-complex-analysis.tex	Downloads;MATH-ALLS-2	PROBLEM	4.	IMP-DL-0A181AC273-S013;IMP-DL-AD9EFCAF62-S002;IMP-M2-79778E004E-S002;IMP-M2-80AFB5AE64-S013		YES	NEEDS_EDITORIAL_REVIEW
ce197edcb35c84097a3bdbffb4d66ed74aae5f8b235760f157e88f20d48cc1f0	SEM-CE197EDCB35C	IMP-DL-2E134BF207-P019	1	IMP-DL-2E134BF207-P019	Downloads/theory-of-algebraic-topology-5.tex	Downloads	PROBLEM_ITEM				NO	NEEDS_EDITORIAL_REVIEW
ce32299f6e284555b02e3be59bc6a727132a7af5135578287c510546f7a4864b	SEM-CE32299F6E28	IMP-DL-A978FB3162-P019	1	IMP-DL-A978FB3162-P019	Downloads/theory-of-algebraic-topology-4.tex	Downloads	WORKED_EXAMPLE	1			NO	NEEDS_EDITORIAL_REVIEW
ce49e0a4d73b09742961b25c6332aed650d83a44adc18b2f76b8a723ef8929c9	SEM-CE49E0A4D73B	IMP-DL-117191C0EC-P042	2	IMP-DL-117191C0EC-P042;IMP-M2-40A546CAA2-P042	Downloads/theory-of-analysis-topics.tex;MATH-ALLS-2/theory-of-analysis-topics.tex	Downloads;MATH-ALLS-2	PROBLEM_ITEM				NO	NEEDS_EDITORIAL_REVIEW
ce8824e299bb757d92cc2d821fceca77f161801e0e490de3186fb7203535f85e	SEM-CE8824E299BB	IMP-DL-E12021E60A-P019	1	IMP-DL-E12021E60A-P019	Downloads/theory-of-algebraic-topology-17.tex	Downloads	WORKED_EXAMPLE	9.10			NO	NEEDS_EDITORIAL_REVIEW
cea78ce675aa864773ae3be9709b02c280438b37cccbf5cbcd870fc62b0d05b0	SEM-CEA78CE675AA	IMP-DL-E532B44856-P028	2	IMP-DL-E532B44856-P028;IMP-M2-C037D998D4-P028	Downloads/theory-of-analysis-functions-II.tex;MATH-ALLS-2/theory-of-analysis-functions-II.tex	Downloads;MATH-ALLS-2	EXERCISE	6(b)	IMP-DL-E532B44856-S012;IMP-M2-C037D998D4-S012		YES	NEEDS_EDITORIAL_REVIEW
cebe689368534c00f641753f070fd1835a07341ac9adb4c2344421c8b6f923e4	SEM-CEBE68936853	IMP-DL-3E276561C4-P026	2	IMP-DL-3E276561C4-P026;IMP-M3-AB2FCA292B-P026	Downloads/theory-of-linear-algebra-1.tex;MATH_ALLS-3/theory-of-linear-algebra-1.tex	Downloads;MATH_ALLS-3	PROBLEM	8	IMP-DL-3E276561C4-S032;IMP-M3-AB2FCA292B-S032		YES	NEEDS_EDITORIAL_REVIEW
cebfd96053545113effdff90e8725c26575bf4ddb86fc528ac592a7646ad05d3	SEM-CEBFD9605354	IMP-DL-873C6F4098-P059	2	IMP-DL-873C6F4098-P059;IMP-M2-CFC28ED568-P059	Downloads/theory-of-analysis-II.tex;MATH-ALLS-2/theory-of-analysis-II.tex	Downloads;MATH-ALLS-2	PROBLEM_ITEM				NO	NEEDS_EDITORIAL_REVIEW
cecf0a277cd31302bc6c292032b19a1bfda61be9fae55000f2c1a41d39e34846	SEM-CECF0A277CD3	IMP-DL-C78B44C750-P010	2	IMP-DL-C78B44C750-P010;IMP-M2-48626BD8F1-P010	Downloads/wiki-green.tex;MATH-ALLS-2/wiki-green.tex	Downloads;MATH-ALLS-2	WORKED_EXAMPLE				NO	NEEDS_EDITORIAL_REVIEW
cef6ac51528ffc05190ece5cc04dc680e35b6cf2b9662bfd47bda0cfc9600c30	SEM-CEF6AC51528F	IMP-DL-18BC6F795C-P042	1	IMP-DL-18BC6F795C-P042	Downloads/theory-of-algebraic-topology-9.tex	Downloads	PROBLEM	4			NO	NEEDS_EDITORIAL_REVIEW
cf226c342726eabfd1c269a7877a7b2098af63a844918c606fa204457be045b9	SEM-CF226C342726	IMP-DL-4DEBE28720-P014	2	IMP-DL-4DEBE28720-P014;IMP-M3-8E395763C8-P014	Downloads/theory-of-commutative-algebra-13.tex;MATH_ALLS-3/theory-of-commutative-algebra-13.tex	Downloads;MATH_ALLS-3	WORKED_EXAMPLE				NO	NEEDS_EDITORIAL_REVIEW
cf658f5af5a127f599a6f2e4d060c981dcb17ff3044bb803a44f49244e2e5052	SEM-CF658F5AF5A1	IMP-DL-4DEBE28720-P003	2	IMP-DL-4DEBE28720-P003;IMP-M3-8E395763C8-P003	Downloads/theory-of-commutative-algebra-13.tex;MATH_ALLS-3/theory-of-commutative-algebra-13.tex	Downloads;MATH_ALLS-3	WORKED_EXAMPLE				NO	NEEDS_EDITORIAL_REVIEW
cf6b8a16cc6f24db6292af87f22a9b02138342f288199640b920e38099f14250	SEM-CF6B8A16CC6F	IMP-DL-1068DBED71-P040	4	IMP-DL-1068DBED71-P040;IMP-DL-CAA415139D-P040;IMP-M3-F4E66B2919-P040;IMP-M3-FCB1647DD6-P040	Downloads/theory-of-commutative-algebra-10.tex;Downloads/theory-of-commutative-algebra-9.tex;MATH_ALLS-3/theory-of-commutative-algebra-10.tex;MATH_ALLS-3/theory-of-commutative-algebra-9.tex	Downloads;MATH_ALLS-3	WORKED_EXAMPLE	3			NO	NEEDS_EDITORIAL_REVIEW
cf9a2ce80bfe3f35677c30321f33319daa7d9735bce31536534c715d5abfc629	SEM-CF9A2CE80BFE	IMP-DL-0A181AC273-P017	2	IMP-DL-0A181AC273-P017;IMP-M2-80AFB5AE64-P017	Downloads/theory-of-complex-analysis.tex;MATH-ALLS-2/theory-of-complex-analysis.tex	Downloads;MATH-ALLS-2	PROBLEM	5.	IMP-DL-0A181AC273-S005;IMP-M2-80AFB5AE64-S005		YES	NEEDS_EDITORIAL_REVIEW
cfcde079d383653b0815a9c13ca924e5ad9044b673d111813e418ce9728a090b	SEM-CFCDE079D383	IMP-DL-3190BA882C-P001	2	IMP-DL-3190BA882C-P001;IMP-M3-CABB372599-P001	Downloads/theory-of-commutative-algebra-15.tex;MATH_ALLS-3/theory-of-commutative-algebra-15.tex	Downloads;MATH_ALLS-3	WORKED_EXAMPLE	1			NO	NEEDS_EDITORIAL_REVIEW
cfe59cb643e98e39cf2e4297a9e0b7484254f45b5bf0a46ec235fb830b75b2f0	SEM-CFE59CB643E9	IMP-DL-B7B63B4C41-P006	2	IMP-DL-B7B63B4C41-P006;IMP-M3-16526DCF36-P006	Downloads/theory-of-commutative-algebra-12.tex;MATH_ALLS-3/theory-of-commutative-algebra-12.tex	Downloads;MATH_ALLS-3	WORKED_EXAMPLE	6			NO	NEEDS_EDITORIAL_REVIEW
d05379580de326fa776047a7bf5978bff40146238362c805dbc200a91a868ec3	SEM-D05379580DE3	IMP-DL-117191C0EC-P039	2	IMP-DL-117191C0EC-P039;IMP-M2-40A546CAA2-P039	Downloads/theory-of-analysis-topics.tex;MATH-ALLS-2/theory-of-analysis-topics.tex	Downloads;MATH-ALLS-2	PROBLEM_ITEM				NO	NEEDS_EDITORIAL_REVIEW
d0af5cb44e5e38d6636d669a38a0c60e3dcc6502007b09d73d2eda0af1180de8	SEM-D0AF5CB44E5E	IMP-DL-724FD8B7B1-P005	2	IMP-DL-724FD8B7B1-P005;IMP-M3-51E6A44D55-P005	Downloads/theory-of-commutative-algebra-1.tex;MATH_ALLS-3/theory-of-commutative-algebra-1.tex	Downloads;MATH_ALLS-3	PROBLEM	6	IMP-DL-724FD8B7B1-S005;IMP-M3-51E6A44D55-S005		YES	NEEDS_EDITORIAL_REVIEW
d0cb425487ec6df41f8a62911bb696478ed8461ac0ebaf8111296dc2f9026860	SEM-D0CB425487EC	IMP-DL-0A181AC273-P011	2	IMP-DL-0A181AC273-P011;IMP-M2-80AFB5AE64-P011	Downloads/theory-of-complex-analysis.tex;MATH-ALLS-2/theory-of-complex-analysis.tex	Downloads;MATH-ALLS-2	WORKED_EXAMPLE	B			NO	NEEDS_EDITORIAL_REVIEW
d0d0384359bd47a06515659b481dd7faae0a65c7bf1f86225db0769a785b1be9	SEM-D0D0384359BD	IMP-DL-2370D81D66-P047	2	IMP-DL-2370D81D66-P047;IMP-M2-D036BAB254-P047	Downloads/theory-of-analysis-FD.tex;MATH-ALLS-2/theory-of-analysis-FD.tex	Downloads;MATH-ALLS-2	EXERCISE_ITEM				NO	NEEDS_EDITORIAL_REVIEW
d0d568988f6e76876ea07b2ec6bce865f83ff0dca564793739873cdc35bea76a	SEM-D0D568988F6E	IMP-DL-8D5CF4CFBA-P038	2	IMP-DL-8D5CF4CFBA-P038;IMP-M3-89937139FC-P038	Downloads/theory-of-linear-algebra-2.tex;MATH_ALLS-3/theory-of-linear-algebra-2.tex	Downloads;MATH_ALLS-3	PROBLEM	10	IMP-DL-8D5CF4CFBA-S048;IMP-M3-89937139FC-S048		YES	NEEDS_EDITORIAL_REVIEW
d0d5a97b664a667fecf53e39424db51175153cb413c9e357d85dfcabd28c53af	SEM-D0D5A97B664A	IMP-DL-6B513C0C2F-PSR002009-D0D5A97B	1	IMP-DL-6B513C0C2F-PSR002009-D0D5A97B	Downloads/theory-of-algebraic-geometry-10.tex	Downloads	EXAMPLE	3			NO	NEEDS_EDITORIAL_REVIEW
d0dfabc4384e505e6de06a424ed7e2875a118752cfe33459bff3ef1253a0177f	SEM-D0DFABC4384E	IMP-DL-3C59D9EE8B-P053	2	IMP-DL-3C59D9EE8B-P053;IMP-M3-D1A916E0DD-P053	Downloads/theory-of-commutative-algebra-5-professional-v2.tex;MATH_ALLS-3/theory-of-commutative-algebra-5-professional-v2.tex	Downloads;MATH_ALLS-3	PROBLEM_ITEM				NO	NEEDS_EDITORIAL_REVIEW
d0e59eab0f8d3f5d2456c12c648b8aacc4b810f84980d63ae853113bd14398cc	SEM-D0E59EAB0F8D	IMP-DL-31FF76D7B8-PSR004118-D0E59EAB	1	IMP-DL-31FF76D7B8-PSR004118-D0E59EAB	Downloads/theory-of-algebraic-topology-16.tex	Downloads	EXAMPLE				NO	NEEDS_EDITORIAL_REVIEW
d0f3d3fc737b6432a1c0e23bd5bad391e5a2d77e3d3f87cd4f753b8a458cd801	SEM-D0F3D3FC737B	IMP-DL-0AC5ADA26C-P008	1	IMP-DL-0AC5ADA26C-P008	Downloads/theory-of-algebraic-topology-8.tex	Downloads	WORKED_EXAMPLE	8			NO	NEEDS_EDITORIAL_REVIEW
d100c35c64707402b918b8c7465cd80379386b68189876e3f9b835d89d19e9d3	SEM-D100C35C6470	IMP-DL-873C6F4098-P052	2	IMP-DL-873C6F4098-P052;IMP-M2-CFC28ED568-P052	Downloads/theory-of-analysis-II.tex;MATH-ALLS-2/theory-of-analysis-II.tex	Downloads;MATH-ALLS-2	PROBLEM_ITEM	(b)			NO	NEEDS_EDITORIAL_REVIEW
d1227829d6230833c2b59096b067dafb6fe88d5a19a2fae4e64598b6a5809c2d	SEM-D1227829D623	IMP-DL-3CA1CB77F7-P037	4	IMP-DL-3CA1CB77F7-P037;IMP-DL-3CA1CB77F7-R004392-D1227829;IMP-M2-F08D4144EA-P037;IMP-M2-F08D4144EA-R004392-D1227829	Downloads/theory-of-analysis-numbers.tex;MATH-ALLS-2/theory-of-analysis-numbers.tex	Downloads;MATH-ALLS-2	EXERCISE				NO	NEEDS_EDITORIAL_REVIEW
d12c64532b061bbe74c8bbdae270b8db754a4c12ce8da8caa88832e4c9425960	SEM-D12C64532B06	IMP-DL-2E134BF207-R000312-D12C6453	1	IMP-DL-2E134BF207-R000312-D12C6453	Downloads/theory-of-algebraic-topology-5.tex	Downloads	PROBLEM	6	IMP-DL-2E134BF207-S001		YES	NEEDS_EDITORIAL_REVIEW
d16b1c0d1feb974db9a6b9aac484850a3495612a889a9cce4408f73c78748488	SEM-D16B1C0D1FEB	IMP-DL-E12021E60A-R005505-D16B1C0D	1	IMP-DL-E12021E60A-R005505-D16B1C0D	Downloads/theory-of-algebraic-topology-17.tex	Downloads	PROBLEM	5			NO	NEEDS_EDITORIAL_REVIEW
d175432174e57d9554457597b6b1d1a2bcc5063dde64749a85344015637e5192	SEM-D175432174E5	IMP-DL-1068DBED71-P063	4	IMP-DL-1068DBED71-P063;IMP-DL-CAA415139D-P063;IMP-M3-F4E66B2919-P063;IMP-M3-FCB1647DD6-P063	Downloads/theory-of-commutative-algebra-10.tex;Downloads/theory-of-commutative-algebra-9.tex;MATH_ALLS-3/theory-of-commutative-algebra-10.tex;MATH_ALLS-3/theory-of-commutative-algebra-9.tex	Downloads;MATH_ALLS-3	WORKED_EXAMPLE	1			NO	NEEDS_EDITORIAL_REVIEW
d193ac531f621427471aa796e5c7c3471bae9f1b8e7b7272d4014e35c44483a8	SEM-D193AC531F62	IMP-DL-1068DBED71-P070	4	IMP-DL-1068DBED71-P070;IMP-DL-CAA415139D-P070;IMP-M3-F4E66B2919-P070;IMP-M3-FCB1647DD6-P070	Downloads/theory-of-commutative-algebra-10.tex;Downloads/theory-of-commutative-algebra-9.tex;MATH_ALLS-3/theory-of-commutative-algebra-10.tex;MATH_ALLS-3/theory-of-commutative-algebra-9.tex	Downloads;MATH_ALLS-3	WORKED_EXAMPLE	3			NO	NEEDS_EDITORIAL_REVIEW
d1a2e46f569eb5dfce123bfc834acec145736a57b09bbee75a58fabb516c4e27	SEM-D1A2E46F569E	IMP-DL-6447F1B120-P037	1	IMP-DL-6447F1B120-P037	Downloads/theory-of-algebraic-topology-11.tex	Downloads	PROBLEM	7.	IMP-DL-6447F1B120-S006;IMP-DL-6447F1B120-S007		YES	NEEDS_EDITORIAL_REVIEW
d1b064c7eac31a5a1f0421a799165f2c0e699a1010b38a4f6723d3bfd84e4d01	SEM-D1B064C7EAC3	IMP-DL-D4351A3BBD-P003	2	IMP-DL-D4351A3BBD-P003;IMP-M2-721AD91C7F-P003	Downloads/theory-of-geometry-IV.tex;MATH-ALLS-2/theory-of-geometry-IV.tex	Downloads;MATH-ALLS-2	WORKED_EXAMPLE	C			NO	NEEDS_EDITORIAL_REVIEW
d1d1d61cb6e87a6b6b63eaf1208b9e8731258b4306a7720f038d3eafa75c4571	SEM-D1D1D61CB6E8	IMP-DL-D4351A3BBD-P024	2	IMP-DL-D4351A3BBD-P024;IMP-M2-721AD91C7F-P024	Downloads/theory-of-geometry-IV.tex;MATH-ALLS-2/theory-of-geometry-IV.tex	Downloads;MATH-ALLS-2	PROBLEM_ITEM				NO	NEEDS_EDITORIAL_REVIEW
d1d538cb07945e5519a90c094578b0e496fa1adae7223a930ddaf5f17ade76b1	SEM-D1D538CB0794	IMP-DL-2370D81D66-P064	2	IMP-DL-2370D81D66-P064;IMP-M2-D036BAB254-P064	Downloads/theory-of-analysis-FD.tex;MATH-ALLS-2/theory-of-analysis-FD.tex	Downloads;MATH-ALLS-2	EXERCISE_ITEM				NO	NEEDS_EDITORIAL_REVIEW
d1e17244fb608aeada283c242583cfd30abc859707d834238797a100505735e2	SEM-D1E17244FB60	IMP-DL-0E3E7EC766-P018	1	IMP-DL-0E3E7EC766-P018	Downloads/theory-of-algebraic-geometry-1.tex	Downloads	EXERCISE	6	IMP-DL-0E3E7EC766-S006		YES	NEEDS_EDITORIAL_REVIEW
d25c4ac96708a5a3a50564e9f6db9cc6950fcf1eee3c5f59f58a2f23a798c47d	SEM-D25C4AC96708	IMP-DL-6B513C0C2F-PSR006703-D25C4AC9	1	IMP-DL-6B513C0C2F-PSR006703-D25C4AC9	Downloads/theory-of-algebraic-geometry-10.tex	Downloads	EXAMPLE				NO	NEEDS_EDITORIAL_REVIEW
d2843242517cbd37b9f680dc3ccb890a51ed3eafa202bc308202071a092833e6	SEM-D2843242517C	IMP-DL-3D2DB27534-P013	4	IMP-DL-3D2DB27534-P013;IMP-DL-5B1D955447-P013;IMP-M2-8108AF5CB9-P013;IMP-M2-AFF44384C1-P013	Downloads/merged_exercises (1).tex;Downloads/merged_exercises.tex;MATH-ALLS-2/merged_exercises (1).tex;MATH-ALLS-2/merged_exercises.tex	Downloads;MATH-ALLS-2	EXERCISE	2.7			NO	NEEDS_EDITORIAL_REVIEW
d29c8b724f0fcfaeb9d8d6d808e90795bb344d9e5d6b50623aaa8bacf1984817	SEM-D29C8B724F0F	IMP-DL-07D84009EA-P008	20	IMP-DL-07D84009EA-P008;IMP-DL-162DBE4483-P008;IMP-DL-183AD43C4C-P008;IMP-DL-20E278E436-P008;IMP-DL-3D2DB27534-P008;IMP-DL-5B1D955447-P008;IMP-DL-68F65EDA24-P008;IMP-DL-890EB1F6EA-P008;IMP-DL-995E0CD19D-P008;IMP-DL-E69AEC0DA9-P008;IMP-M2-0EAC31ED0B-P008;IMP-M2-1403D223C9-P008;IMP-M2-1750FF4FF7-P008;IMP-M2-1895C43FC6-P008;IMP-M2-50B0B212DD-P008;IMP-M2-6D7FCEA253-P008;IMP-M2-8108AF5CB9-P008;IMP-M2-9CEC4F97B5-P008;IMP-M2-AFF44384C1-P008;IMP-M2-BC23C57F39-P008	Downloads/merged_exercises (1).tex;Downloads/merged_exercises.tex;Downloads/merged_exercises_FULL_v2 (1).tex;Downloads/merged_exercises_FULL_v2.tex;Downloads/merged_exercises_corrected (1).tex;Downloads/merged_exercises_corrected (2).tex;Downloads/merged_exercises_corrected (3).tex;Downloads/merged_exercises_corrected (4).tex;Downloads/merged_exercises_corrected.tex;Downloads/theory-of-real-analysis.tex;MATH-ALLS-2/merged_exercises (1).tex;MATH-ALLS-2/merged_exercises.tex;MATH-ALLS-2/merged_exercises_FULL_v2 (1).tex;MATH-ALLS-2/merged_exercises_FULL_v2.tex;MATH-ALLS-2/merged_exercises_corrected (1).tex;MATH-ALLS-2/merged_exercises_corrected (2).tex;MATH-ALLS-2/merged_exercises_corrected (3).tex;MATH-ALLS-2/merged_exercises_corrected (4).tex;MATH-ALLS-2/merged_exercises_corrected.tex;MATH-ALLS-2/theory-of-real-analysis.tex	Downloads;MATH-ALLS-2	EXERCISE	2.2			NO	NEEDS_EDITORIAL_REVIEW
d2a0527a703001a4681bca1d7e20a805869fad7be0239d9aac751e7e68a3bad4	SEM-D2A0527A7030	IMP-DL-314EAD1F3C-R002728-D2A0527A	1	IMP-DL-314EAD1F3C-R002728-D2A0527A	Downloads/theory-of-algebraic-topology-12.tex	Downloads	PROBLEM	11			NO	NEEDS_EDITORIAL_REVIEW
d2a0b35d4e15600cca756fe46e52f00593d16e2c5beea93d7cb0f66c29fd6d08	SEM-D2A0B35D4E15	IMP-DL-D18914CBBD-P056	2	IMP-DL-D18914CBBD-P056;IMP-M3-78B3C1B707-P056	Downloads/theory-of-commutative-algebra-11.tex;MATH_ALLS-3/theory-of-commutative-algebra-11.tex	Downloads;MATH_ALLS-3	WORKED_EXAMPLE	9			NO	NEEDS_EDITORIAL_REVIEW
d2a2499b75aa2804a3d229980f5d8a440852c7efb95825d2f3bb6f9c08baa05a	SEM-D2A2499B75AA	IMP-DL-14663C23F1-PSR003224-D2A2499B	2	IMP-DL-14663C23F1-PSR003224-D2A2499B;IMP-M2-155017A9AF-PSR003224-D2A2499B	Downloads/theory-of-geometry-III.tex;MATH-ALLS-2/theory-of-geometry-III.tex	Downloads;MATH-ALLS-2	EXAMPLE				NO	NEEDS_EDITORIAL_REVIEW
d2af77cb46aaa2f6c3da5eeff67b78b290cb0d0a4008a13c959f73f6e7fd8b88	SEM-D2AF77CB46AA	IMP-DL-0EB9CBD958-P048	2	IMP-DL-0EB9CBD958-P048;IMP-M2-F4C85D52DC-P048	Downloads/theory-of-geometry.tex;MATH-ALLS-2/theory-of-geometry.tex	Downloads;MATH-ALLS-2	PROBLEM_ITEM				NO	NEEDS_EDITORIAL_REVIEW
d2bdeca3314448c62b7816b1f078318b566b51a5087d7f98d5215c1255f53e95	SEM-D2BDECA33144	IMP-DL-6447F1B120-P036	1	IMP-DL-6447F1B120-P036	Downloads/theory-of-algebraic-topology-11.tex	Downloads	PROBLEM	6.	IMP-DL-6447F1B120-S005		YES	NEEDS_EDITORIAL_REVIEW
d2c0f87e354738cf0946e187aeeaf41cda2ce099e4244d580df6e168baf175af	SEM-D2C0F87E3547	IMP-DL-D27460A55B-F2R001633-D2C0F87E	1	IMP-DL-D27460A55B-F2R001633-D2C0F87E	Downloads/theory-of-algebraic-geometry-5.tex	Downloads	EXAMPLE	5			NO	NEEDS_EDITORIAL_REVIEW
d2db2614f4b3ac4fc194152647503daeb5f41e033d17f1d99c46829b0e600e50	SEM-D2DB2614F4B3	IMP-DL-E88547CF67-P001	2	IMP-DL-E88547CF67-P001;IMP-M2-80D8AED0FF-P001	Downloads/theory-of-geometry-3.tex;MATH-ALLS-2/theory-of-geometry-3.tex	Downloads;MATH-ALLS-2	WORKED_EXAMPLE				NO	NEEDS_EDITORIAL_REVIEW
d303300b4c814f5ea5870063ebbec58e48c8b854d02582dea44eff955b68101e	SEM-D303300B4C81	IMP-DL-3C59D9EE8B-P103	2	IMP-DL-3C59D9EE8B-P103;IMP-M3-D1A916E0DD-P103	Downloads/theory-of-commutative-algebra-5-professional-v2.tex;MATH_ALLS-3/theory-of-commutative-algebra-5-professional-v2.tex	Downloads;MATH_ALLS-3	PROBLEM_ITEM				NO	NEEDS_EDITORIAL_REVIEW
d37a6e61a567f44f1f91ad6eaa21fda0883fb32bf1cbb09d28af2cc12dc87160	SEM-D37A6E61A567	IMP-DL-ACE5A65961-P008	2	IMP-DL-ACE5A65961-P008;IMP-M3-251F2514E1-P008	Downloads/theory-of-commutative-algebra-2.tex;MATH_ALLS-3/theory-of-commutative-algebra-2.tex	Downloads;MATH_ALLS-3	PROBLEM	4	IMP-DL-ACE5A65961-S009;IMP-M3-251F2514E1-S009		YES	NEEDS_EDITORIAL_REVIEW
d3860e02c5c97dc32c5cd2b7dde4b21a235a73f06b20516fbc0f8ff36b8be4a3	SEM-D3860E02C5C9	IMP-DL-6B513C0C2F-PSR001173-D3860E02	1	IMP-DL-6B513C0C2F-PSR001173-D3860E02	Downloads/theory-of-algebraic-geometry-10.tex	Downloads	EXAMPLE	7			NO	NEEDS_EDITORIAL_REVIEW
d39e61227c96a474bf53c3b90bbd532158adba2ec5cf55d04f72967c095be6f0	SEM-D39E61227C96	IMP-DL-0EB9CBD958-P052	2	IMP-DL-0EB9CBD958-P052;IMP-M2-F4C85D52DC-P052	Downloads/theory-of-geometry.tex;MATH-ALLS-2/theory-of-geometry.tex	Downloads;MATH-ALLS-2	PROBLEM_ITEM				NO	NEEDS_EDITORIAL_REVIEW
d3a273b1086eb5d3da4e5f073f099faf4f7d479c3eeffa95e362b7f8eb698ae4	SEM-D3A273B1086E	IMP-DL-D6E9B3BC73-R001215-D3A273B1	2	IMP-DL-D6E9B3BC73-R001215-D3A273B1;IMP-M3-422B74F85F-R001212-D3A273B1	Downloads/theory-of-algebraic-topology-1.tex;MATH_ALLS-3/theory-of-algebraic-topology-1.tex	Downloads;MATH_ALLS-3	EXAMPLE	2			NO	NEEDS_EDITORIAL_REVIEW
d3a4e59534f2f644ae534adcd598c89bb81b8ceb449bec1c1a6be73bab9e34da	SEM-D3A4E59534F2	IMP-DL-592BD0798C-P049	2	IMP-DL-592BD0798C-P049;IMP-M3-1FB8799CDC-P049	Downloads/theory-of-commutative-algebra-8.tex;MATH_ALLS-3/theory-of-commutative-algebra-8.tex	Downloads;MATH_ALLS-3	WORKED_EXAMPLE	1			NO	NEEDS_EDITORIAL_REVIEW
d3afdd1b89a86c1338cf695833892bcfdf204115150f46ed9ea04757803566f5	SEM-D3AFDD1B89A8	IMP-DL-3190BA882C-P003	2	IMP-DL-3190BA882C-P003;IMP-M3-CABB372599-P003	Downloads/theory-of-commutative-algebra-15.tex;MATH_ALLS-3/theory-of-commutative-algebra-15.tex	Downloads;MATH_ALLS-3	EXERCISE_ITEM				NO	NEEDS_EDITORIAL_REVIEW
d3b3f719a22c21c38317a8d3a8af65fbc87eb2917f050b435d37de0432679b42	SEM-D3B3F719A22C	IMP-DL-592BD0798C-P011	2	IMP-DL-592BD0798C-P011;IMP-M3-1FB8799CDC-P011	Downloads/theory-of-commutative-algebra-8.tex;MATH_ALLS-3/theory-of-commutative-algebra-8.tex	Downloads;MATH_ALLS-3	WORKED_EXAMPLE	2			NO	NEEDS_EDITORIAL_REVIEW
d3d426a988f743ab2bf91ff4712b90772a210f7dcc1a0a6090f01de63bb680b3	SEM-D3D426A988F7	IMP-DL-D2CF6ADC46-P002	1	IMP-DL-D2CF6ADC46-P002	Downloads/theory-of-commutative-algebra-16.tex	Downloads	WORKED_EXAMPLE	in			NO	NEEDS_EDITORIAL_REVIEW
d3f2a251c622a35d4b258a6130060bf46945d669abe3ba5b2a3fca1a9d4fe7d6	SEM-D3F2A251C622	IMP-DL-A11279CC33-P031	2	IMP-DL-A11279CC33-P031;IMP-M3-73E0197CF3-P031	Downloads/theory-of-commutative-algebra-6.tex;MATH_ALLS-3/theory-of-commutative-algebra-6.tex	Downloads;MATH_ALLS-3	WORKED_EXAMPLE				NO	NEEDS_EDITORIAL_REVIEW
d40c71ad626d3c84e4691bcfc5d7841d75d25c874a360c58cc861713f3c78745	SEM-D40C71AD626D	IMP-DL-D2CF6ADC46-P004	1	IMP-DL-D2CF6ADC46-P004	Downloads/theory-of-commutative-algebra-16.tex	Downloads	WORKED_EXAMPLE				NO	NEEDS_EDITORIAL_REVIEW
d430e116ca5448763ce19e876c365d17326191d7fd4c4ac9fe1a87601b64edaf	SEM-D430E116CA54	IMP-DL-067214B351-PSR004601-D430E116	1	IMP-DL-067214B351-PSR004601-D430E116	Downloads/theory-of-algebraic-topology-15.tex	Downloads	PROBLEM				NO	NEEDS_EDITORIAL_REVIEW
d4461a0d92e700decf9eef941930fb12b29df2b813a2fc5abe8564eaf3f87ac7	SEM-D4461A0D92E7	IMP-DL-1068DBED71-P020	4	IMP-DL-1068DBED71-P020;IMP-DL-CAA415139D-P020;IMP-M3-F4E66B2919-P020;IMP-M3-FCB1647DD6-P020	Downloads/theory-of-commutative-algebra-10.tex;Downloads/theory-of-commutative-algebra-9.tex;MATH_ALLS-3/theory-of-commutative-algebra-10.tex;MATH_ALLS-3/theory-of-commutative-algebra-9.tex	Downloads;MATH_ALLS-3	WORKED_EXAMPLE				NO	NEEDS_EDITORIAL_REVIEW
d45196857e232805d4a8e369ce87377a96cf52d40ec6909c6665a0d154ab6e10	SEM-D45196857E23	IMP-DL-0EB9CBD958-P033	2	IMP-DL-0EB9CBD958-P033;IMP-M2-F4C85D52DC-P033	Downloads/theory-of-geometry.tex;MATH-ALLS-2/theory-of-geometry.tex	Downloads;MATH-ALLS-2	PROBLEM	4	IMP-DL-0EB9CBD958-S006;IMP-DL-0EB9CBD958-S007;IMP-DL-0EB9CBD958-S008;IMP-M2-F4C85D52DC-S006;IMP-M2-F4C85D52DC-S007;IMP-M2-F4C85D52DC-S008		YES	NEEDS_EDITORIAL_REVIEW
d45fd323e85302a8e373188a206b8532aea44c9c5e2938fb2723e932f9497e14	SEM-D45FD323E853	IMP-DL-C3DACFE8A7-P010	1	IMP-DL-C3DACFE8A7-P010	Downloads/theory-of-algebraic-geometry-7.tex	Downloads	WORKED_EXAMPLE	11.			NO	NEEDS_EDITORIAL_REVIEW
d47f5a9dac6bb45b6d6f7c412c30838339262813d489d9a83a30e0eb76b7924c	SEM-D47F5A9DAC6B	IMP-DL-E0B80C696E-P014	1	IMP-DL-E0B80C696E-P014	Downloads/theory-of-algebraic-topology-7.tex	Downloads	WORKED_EXAMPLE	2			NO	NEEDS_EDITORIAL_REVIEW
d48f1573ab62161d3620f58c9a3a13b4c73a5c102e9ea8f5e187d026fb3a2888	SEM-D48F1573AB62	IMP-DL-D18914CBBD-P061	2	IMP-DL-D18914CBBD-P061;IMP-M3-78B3C1B707-P061	Downloads/theory-of-commutative-algebra-11.tex;MATH_ALLS-3/theory-of-commutative-algebra-11.tex	Downloads;MATH_ALLS-3	WORKED_EXAMPLE	4			NO	NEEDS_EDITORIAL_REVIEW
d48ff0697e9783036cf1ed717137c8b3e722846e04c42d91a3b7524a72c3f897	SEM-D48FF0697E97	IMP-DL-314EAD1F3C-SPR005082-D48FF069	1	IMP-DL-314EAD1F3C-SPR005082-D48FF069	Downloads/theory-of-algebraic-topology-12.tex	Downloads	EXAMPLE	15.1.			NO	NEEDS_EDITORIAL_REVIEW
d4a10ae02fdc29cd284f87cd343ed59416721d7e0a8262a782bf2f7928bc3768	SEM-D4A10AE02FDC	IMP-DL-6447F1B120-PSR004058-D4A10AE0	1	IMP-DL-6447F1B120-PSR004058-D4A10AE0	Downloads/theory-of-algebraic-topology-11.tex	Downloads	EXAMPLE	3.			NO	NEEDS_EDITORIAL_REVIEW
d4aa04b2203c6771f9c9775588eca6425d01e9944fd0895737d092faa1101686	SEM-D4AA04B2203C	IMP-DL-CB3C80FF97-P042	2	IMP-DL-CB3C80FF97-P042;IMP-M2-7B5A4788C1-P042	Downloads/theory-of-complex-analysis-topology.tex;MATH-ALLS-2/theory-of-complex-analysis-topology.tex	Downloads;MATH-ALLS-2	PROBLEM_ITEM				NO	NEEDS_EDITORIAL_REVIEW
d4c2a2f5c9bc8b838eb82252c5a122b6d59b793a9391157cc45ddcec7ea4843b	SEM-D4C2A2F5C9BC	IMP-DL-1068DBED71-P029	4	IMP-DL-1068DBED71-P029;IMP-DL-CAA415139D-P029;IMP-M3-F4E66B2919-P029;IMP-M3-FCB1647DD6-P029	Downloads/theory-of-commutative-algebra-10.tex;Downloads/theory-of-commutative-algebra-9.tex;MATH_ALLS-3/theory-of-commutative-algebra-10.tex;MATH_ALLS-3/theory-of-commutative-algebra-9.tex	Downloads;MATH_ALLS-3	WORKED_EXAMPLE				NO	NEEDS_EDITORIAL_REVIEW
d4cb1846c9c0ffdd2c52e9b49af0aa66ad8e9951396b4e4d7fe50dd57ecf8dd7	SEM-D4CB1846C9C0	IMP-DL-336732908A-P002	2	IMP-DL-336732908A-P002;IMP-M2-805F474A19-P002	Downloads/theory-of-complex-analysis-next.tex;MATH-ALLS-2/theory-of-complex-analysis-next.tex	Downloads;MATH-ALLS-2	PROBLEM				NO	NEEDS_EDITORIAL_REVIEW
d4f64fd83edc21a293a00ae32fd1502a62dfcf6a60348b0de4a8df46c564fc77	SEM-D4F64FD83EDC	IMP-DL-A470D9BACB-P010	2	IMP-DL-A470D9BACB-P010;IMP-M2-2850FB9A8A-P010	Downloads/theory-of-geometry-1.tex;MATH-ALLS-2/theory-of-geometry-1.tex	Downloads;MATH-ALLS-2	PROBLEM_ITEM				NO	NEEDS_EDITORIAL_REVIEW
d51870f1177579005c265eebb34c3ada6d66c771a24df5f80ea2f88b53d68e71	SEM-D51870F11775	IMP-DL-535B6F59C6-SPR001963-D51870F1	2	IMP-DL-535B6F59C6-SPR001963-D51870F1;IMP-M3-0753B8F46B-SPR001963-D51870F1	Downloads/theory-of-commutative-algebra-4.tex;MATH_ALLS-3/theory-of-commutative-algebra-4.tex	Downloads;MATH_ALLS-3	EXAMPLE	3.			NO	NEEDS_EDITORIAL_REVIEW
d52e5a848e617d254f06972882406f8c540ddfacb965b23dff3f77e931b0110e	SEM-D52E5A848E61	IMP-DL-8D5CF4CFBA-PSR001118-D52E5A84	2	IMP-DL-8D5CF4CFBA-PSR001118-D52E5A84;IMP-M3-89937139FC-PSR001118-D52E5A84	Downloads/theory-of-linear-algebra-2.tex;MATH_ALLS-3/theory-of-linear-algebra-2.tex	Downloads;MATH_ALLS-3	PROBLEM	12			NO	NEEDS_EDITORIAL_REVIEW
d53f0e5d253ef8ab4b21091b76d46ebd27ba5ee8eb124b76b03c88dde1cb1f64	SEM-D53F0E5D253E	IMP-DL-2E134BF207-R000601-D53F0E5D	1	IMP-DL-2E134BF207-R000601-D53F0E5D	Downloads/theory-of-algebraic-topology-5.tex	Downloads	PROBLEM	7	IMP-DL-2E134BF207-S002		YES	NEEDS_EDITORIAL_REVIEW
d54d844bd6c1c180625ddd5d9d58f27cb44956bc1c917c7c50c8fb7185ff2e2f	SEM-D54D844BD6C1	IMP-DL-3CA1CB77F7-P033	4	IMP-DL-3CA1CB77F7-P033;IMP-DL-3CA1CB77F7-R004168-D54D844B;IMP-M2-F08D4144EA-P033;IMP-M2-F08D4144EA-R004168-D54D844B	Downloads/theory-of-analysis-numbers.tex;MATH-ALLS-2/theory-of-analysis-numbers.tex	Downloads;MATH-ALLS-2	EXERCISE	10			NO	NEEDS_EDITORIAL_REVIEW
d55ff1450a44dc8970351810a1371254b7a77b8c28f7634ce6910d7ea6c50145	SEM-D55FF1450A44	IMP-DL-15679DEE8D-P004	6	IMP-DL-15679DEE8D-P004;IMP-DL-3CA1CB77F7-P004;IMP-DL-E0A96454A5-P004;IMP-M2-1D2863B81A-P004;IMP-M2-D47CB97304-P004;IMP-M2-F08D4144EA-P004	Downloads/theory-of-analysis - Copy.tex;Downloads/theory-of-analysis-numbers.tex;Downloads/theory-of-analysis.tex;MATH-ALLS-2/theory-of-analysis - Copy.tex;MATH-ALLS-2/theory-of-analysis-numbers.tex;MATH-ALLS-2/theory-of-analysis.tex	Downloads;MATH-ALLS-2	PROBLEM	7	IMP-DL-15679DEE8D-S010;IMP-DL-15679DEE8D-S012;IMP-DL-3CA1CB77F7-S010;IMP-DL-3CA1CB77F7-S012;IMP-DL-E0A96454A5-S010;IMP-DL-E0A96454A5-S012;IMP-M2-1D2863B81A-S010;IMP-M2-1D2863B81A-S012;IMP-M2-D47CB97304-S010;IMP-M2-D47CB97304-S012;IMP-M2-F08D4144EA-S010;IMP-M2-F08D4144EA-S012		YES	NEEDS_EDITORIAL_REVIEW
d56b67a705f1bdeecea19b56f4137bf5e8350afbe9277bc48c6281d222c7eae8	SEM-D56B67A705F1	IMP-DL-183AD43C4C-R000862-D56B67A7	4	IMP-DL-183AD43C4C-R000862-D56B67A7;IMP-DL-20E278E436-R000804-D56B67A7;IMP-M2-1895C43FC6-R000862-D56B67A7;IMP-M2-50B0B212DD-R000804-D56B67A7	Downloads/merged_exercises_FULL_v2 (1).tex;Downloads/theory-of-real-analysis.tex;MATH-ALLS-2/merged_exercises_FULL_v2 (1).tex;MATH-ALLS-2/theory-of-real-analysis.tex	Downloads;MATH-ALLS-2	EXERCISE	5.3	IMP-DL-183AD43C4C-S020;IMP-DL-20E278E436-S020;IMP-M2-1895C43FC6-S020;IMP-M2-50B0B212DD-S020		YES	NEEDS_EDITORIAL_REVIEW
d5774fd557028cad909770f488e190ba43de200cfdb6408d81a6a61a9c8b6ae2	SEM-D5774FD55702	IMP-DL-A978FB3162-P059	1	IMP-DL-A978FB3162-P059	Downloads/theory-of-algebraic-topology-4.tex	Downloads	WORKED_EXAMPLE	5			NO	NEEDS_EDITORIAL_REVIEW
d58cb99bcbe23cfdaf312671f9b3238cde87008e5cd36a77b0067bd899fe2ed5	SEM-D58CB99BCBE2	IMP-DL-A470D9BACB-P021	2	IMP-DL-A470D9BACB-P021;IMP-M2-2850FB9A8A-P021	Downloads/theory-of-geometry-1.tex;MATH-ALLS-2/theory-of-geometry-1.tex	Downloads;MATH-ALLS-2	PROBLEM	12			NO	NEEDS_EDITORIAL_REVIEW
d59627ea97a4113172013c2d00b954c1ed87982ebf2a5f8305c05a7a077c0310	SEM-D59627EA97A4	IMP-DL-873C6F4098-P041	2	IMP-DL-873C6F4098-P041;IMP-M2-CFC28ED568-P041	Downloads/theory-of-analysis-II.tex;MATH-ALLS-2/theory-of-analysis-II.tex	Downloads;MATH-ALLS-2	PROBLEM	8			NO	NEEDS_EDITORIAL_REVIEW
d5e6f3438eadd17a3caeb46a7c0cab9fe8edcc879699fd72f5a83b1fe77ee3e0	SEM-D5E6F3438EAD	IMP-DL-35223EB1F7-R003061-D5E6F343	1	IMP-DL-35223EB1F7-R003061-D5E6F343	Downloads/theory-of-algebraic-topology-6.tex	Downloads	EXAMPLE	2			NO	NEEDS_EDITORIAL_REVIEW
d5e8df901b2d8184ce82cf299c9b287b565d40799eefbb6bf9bfe2233d3a83ed	SEM-D5E8DF901B2D	IMP-DL-183AD43C4C-P027	2	IMP-DL-183AD43C4C-P027;IMP-M2-1895C43FC6-P027	Downloads/theory-of-real-analysis.tex;MATH-ALLS-2/theory-of-real-analysis.tex	Downloads;MATH-ALLS-2	EXERCISE	9.6			NO	NEEDS_EDITORIAL_REVIEW
d5f9d524b20f58a3c5fd44515050b1b33b1c85d2790035da368b9576c0bb412d	SEM-D5F9D524B20F	IMP-DL-15679DEE8D-P020	12	IMP-DL-15679DEE8D-P020;IMP-DL-15679DEE8D-R003247-D5F9D524;IMP-DL-3CA1CB77F7-P020;IMP-DL-3CA1CB77F7-R003250-D5F9D524;IMP-DL-E0A96454A5-P020;IMP-DL-E0A96454A5-R003247-D5F9D524;IMP-M2-1D2863B81A-P020;IMP-M2-1D2863B81A-R003247-D5F9D524;IMP-M2-D47CB97304-P020;IMP-M2-D47CB97304-R003247-D5F9D524;IMP-M2-F08D4144EA-P020;IMP-M2-F08D4144EA-R003250-D5F9D524	Downloads/theory-of-analysis - Copy.tex;Downloads/theory-of-analysis-numbers.tex;Downloads/theory-of-analysis.tex;MATH-ALLS-2/theory-of-analysis - Copy.tex;MATH-ALLS-2/theory-of-analysis-numbers.tex;MATH-ALLS-2/theory-of-analysis.tex	Downloads;MATH-ALLS-2	EXERCISE				NO	NEEDS_EDITORIAL_REVIEW
d6080de365a2be3c7577aee72e94c9e47709209329d99b41bc9bc204440e159b	SEM-D6080DE365A2	IMP-DL-40BD8D3E26-P005	2	IMP-DL-40BD8D3E26-P005;IMP-M2-0384991A85-P005	Downloads/theory-of-geometry-2.tex;MATH-ALLS-2/theory-of-geometry-2.tex	Downloads;MATH-ALLS-2	WORKED_EXAMPLE	2			NO	NEEDS_EDITORIAL_REVIEW
d616c39036257d10e93650038d2c586b08c48869252b17525ec85b9ef3c94c5f	SEM-D616C3903625	IMP-DL-ACE5A65961-SPR004247-D616C390	2	IMP-DL-ACE5A65961-SPR004247-D616C390;IMP-M3-251F2514E1-SPR004247-D616C390	Downloads/theory-of-commutative-algebra-2.tex;MATH_ALLS-3/theory-of-commutative-algebra-2.tex	Downloads;MATH_ALLS-3	EXAMPLE	8			NO	NEEDS_EDITORIAL_REVIEW
d63943883a8e5ee9dd3e368f3ace0834f52669e9c2c8952c71ca7c39a2980fc2	SEM-D63943883A8E	IMP-DL-CB3C80FF97-P006	2	IMP-DL-CB3C80FF97-P006;IMP-M2-7B5A4788C1-P006	Downloads/theory-of-complex-analysis-topology.tex;MATH-ALLS-2/theory-of-complex-analysis-topology.tex	Downloads;MATH-ALLS-2	PROBLEM_ITEM				NO	NEEDS_EDITORIAL_REVIEW
d652224451955c211f89585fb991697f0f3943c0c27ddbec0f83ddb77913f157	SEM-D65222445195	IMP-DL-316AE183C3-P073	2	IMP-DL-316AE183C3-P073;IMP-M2-303BB87ACE-P073	Downloads/theory-of-analysis-functions.tex;MATH-ALLS-2/theory-of-analysis-functions.tex	Downloads;MATH-ALLS-2	EXERCISE_ITEM				NO	NEEDS_EDITORIAL_REVIEW
d65cd0f39a696c78684b0fc4dbff38d36d36c40ca6821b9e44f925a46cb32e06	SEM-D65CD0F39A69	IMP-DL-3C59D9EE8B-P145	2	IMP-DL-3C59D9EE8B-P145;IMP-M3-D1A916E0DD-P145	Downloads/theory-of-commutative-algebra-5-professional-v2.tex;MATH_ALLS-3/theory-of-commutative-algebra-5-professional-v2.tex	Downloads;MATH_ALLS-3	PROBLEM_ITEM				NO	NEEDS_EDITORIAL_REVIEW
d69992c159d6475f68879e79402089f8d2dda7ab7de26c9a68e7a093423c4696	SEM-D69992C159D6	IMP-DL-316AE183C3-P025	2	IMP-DL-316AE183C3-P025;IMP-M2-303BB87ACE-P025	Downloads/theory-of-analysis-functions.tex;MATH-ALLS-2/theory-of-analysis-functions.tex	Downloads;MATH-ALLS-2	EXERCISE_ITEM				NO	NEEDS_EDITORIAL_REVIEW
d6a0ceb942eab22777740665cf152aa06c1a4cdc35d82b102cb9488afd32923f	SEM-D6A0CEB942EA	IMP-DL-07D84009EA-P012	16	IMP-DL-07D84009EA-P012;IMP-DL-162DBE4483-P012;IMP-DL-183AD43C4C-P012;IMP-DL-20E278E436-P012;IMP-DL-68F65EDA24-P012;IMP-DL-890EB1F6EA-P012;IMP-DL-995E0CD19D-P012;IMP-DL-E69AEC0DA9-P012;IMP-M2-0EAC31ED0B-P012;IMP-M2-1403D223C9-P012;IMP-M2-1750FF4FF7-P012;IMP-M2-1895C43FC6-P012;IMP-M2-50B0B212DD-P012;IMP-M2-6D7FCEA253-P012;IMP-M2-9CEC4F97B5-P012;IMP-M2-BC23C57F39-P012	Downloads/merged_exercises_FULL_v2 (1).tex;Downloads/merged_exercises_FULL_v2.tex;Downloads/merged_exercises_corrected (1).tex;Downloads/merged_exercises_corrected (2).tex;Downloads/merged_exercises_corrected (3).tex;Downloads/merged_exercises_corrected (4).tex;Downloads/merged_exercises_corrected.tex;Downloads/theory-of-real-analysis.tex;MATH-ALLS-2/merged_exercises_FULL_v2 (1).tex;MATH-ALLS-2/merged_exercises_FULL_v2.tex;MATH-ALLS-2/merged_exercises_corrected (1).tex;MATH-ALLS-2/merged_exercises_corrected (2).tex;MATH-ALLS-2/merged_exercises_corrected (3).tex;MATH-ALLS-2/merged_exercises_corrected (4).tex;MATH-ALLS-2/merged_exercises_corrected.tex;MATH-ALLS-2/theory-of-real-analysis.tex	Downloads;MATH-ALLS-2	EXERCISE	2.6			NO	NEEDS_EDITORIAL_REVIEW
d6acbaa18d4979b1809de32f00119e9908217c7a9ef02a9bb1ca65696535de4f	SEM-D6ACBAA18D49	IMP-DL-3190BA882C-P006	2	IMP-DL-3190BA882C-P006;IMP-M3-CABB372599-P006	Downloads/theory-of-commutative-algebra-15.tex;MATH_ALLS-3/theory-of-commutative-algebra-15.tex	Downloads;MATH_ALLS-3	EXERCISE_ITEM				NO	NEEDS_EDITORIAL_REVIEW
d6b375272697379914244ee350fa95be3169ccb29b84b61c85621111e693d86d	SEM-D6B375272697	IMP-DL-8016517B0A-P017	3	IMP-DL-8016517B0A-P017;IMP-M2-2B58694CBF-P017;IMP-M3-911366A7C5-P017	Downloads/theory-of-differential-geometry-1.tex;MATH-ALLS-2/theory-of-differential-geometry-1.tex;MATH_ALLS-3/theory-of-differential-geometry-1.tex	Downloads;MATH-ALLS-2;MATH_ALLS-3	PROBLEM_ITEM	Smooth map			NO	NEEDS_EDITORIAL_REVIEW
d6c547494f1f21aa1f703c45cff8b3d3578c6e5ef69f001fb4a3fc4a06c3be7a	SEM-D6C547494F1F	IMP-DL-E4D9F7AB6B-P004	1	IMP-DL-E4D9F7AB6B-P004	Downloads/theory-of-algebraic-topology-13.tex	Downloads	PROBLEM	4.			NO	NEEDS_EDITORIAL_REVIEW
d6c6cc5438e2b6bda617903c5b08b5d8c5f6eac6587b65f58dd4b3146eea2663	SEM-D6C6CC5438E2	IMP-DL-E12021E60A-P036	1	IMP-DL-E12021E60A-P036	Downloads/theory-of-algebraic-topology-17.tex	Downloads	PROBLEM	4			NO	NEEDS_EDITORIAL_REVIEW
d6ecb2171201c927f8bc194792880bddfe57dc1c85088949da6f4d3d94cedb01	SEM-D6ECB2171201	IMP-DL-067214B351-P004	1	IMP-DL-067214B351-P004	Downloads/theory-of-algebraic-topology-15.tex	Downloads	PROBLEM	4			NO	NEEDS_EDITORIAL_REVIEW
d6ee8264401259d13f075bd5a2b78f588221e2c761f6df4977d7d27a61a52a69	SEM-D6EE82644012	IMP-DL-873C6F4098-P048	2	IMP-DL-873C6F4098-P048;IMP-M2-CFC28ED568-P048	Downloads/theory-of-analysis-II.tex;MATH-ALLS-2/theory-of-analysis-II.tex	Downloads;MATH-ALLS-2	PROBLEM	11			NO	NEEDS_EDITORIAL_REVIEW
d70dc83c24ed0904342e7028b20e8820817ade2ed42aa0c5ff56b9cae31b2e71	SEM-D70DC83C24ED	IMP-DL-14663C23F1-P012	2	IMP-DL-14663C23F1-P012;IMP-M2-155017A9AF-P012	Downloads/theory-of-geometry-III.tex;MATH-ALLS-2/theory-of-geometry-III.tex	Downloads;MATH-ALLS-2	PROBLEM_ITEM				NO	NEEDS_EDITORIAL_REVIEW
d7113fca4520cf9e3652250f30a9f4ebd5598d5467c2aa55f66da97e726562ae	SEM-D7113FCA4520	IMP-DL-38CE6DEB56-P020	2	IMP-DL-38CE6DEB56-P020;IMP-M3-D19BB3C803-P020	Downloads/theory-of-commutative-algebra-14.tex;MATH_ALLS-3/theory-of-commutative-algebra-14.tex	Downloads;MATH_ALLS-3	WORKED_EXAMPLE	17			NO	NEEDS_EDITORIAL_REVIEW
d716bb60c4d9f4584689b95421ea279b8be596617d52d7cc69502af550181539	SEM-D716BB60C4D9	IMP-DL-B7E3C22557-P001	1	IMP-DL-B7E3C22557-P001	Downloads/theory-of-algebraic-geometry-6.tex	Downloads	PROBLEM	5.	IMP-DL-B7E3C22557-S001		YES	NEEDS_EDITORIAL_REVIEW
d719d88df1e76fa09e21ca5a4a5bd42c103d456885d745de22631edb54388c02	SEM-D719D88DF1E7	IMP-DL-2B81C66D0F-R000717-D719D88D	2	IMP-DL-2B81C66D0F-R000717-D719D88D;IMP-M3-84A516D889-R000709-D719D88D	Downloads/theory-of-algebraic-topology-2.tex;MATH_ALLS-3/theory-of-algebraic-topology-2.tex	Downloads;MATH_ALLS-3	EXAMPLE	1			NO	NEEDS_EDITORIAL_REVIEW
d75c8107f4d78aade2c0e7cf2d41a774497f2ab1bf5bfd4f5fd4b7e8be962a75	SEM-D75C8107F4D7	IMP-DL-1068DBED71-P008	4	IMP-DL-1068DBED71-P008;IMP-DL-CAA415139D-P008;IMP-M3-F4E66B2919-P008;IMP-M3-FCB1647DD6-P008	Downloads/theory-of-commutative-algebra-10.tex;Downloads/theory-of-commutative-algebra-9.tex;MATH_ALLS-3/theory-of-commutative-algebra-10.tex;MATH_ALLS-3/theory-of-commutative-algebra-9.tex	Downloads;MATH_ALLS-3	WORKED_EXAMPLE				NO	NEEDS_EDITORIAL_REVIEW
d7661ce6d208efc10792fd07e8cb1f49a5458f5e48871ca34d369d2c4ecfdab8	SEM-D7661CE6D208	IMP-DL-3E276561C4-P007	2	IMP-DL-3E276561C4-P007;IMP-M3-AB2FCA292B-P007	Downloads/theory-of-linear-algebra-1.tex;MATH_ALLS-3/theory-of-linear-algebra-1.tex	Downloads;MATH_ALLS-3	PROBLEM	9	IMP-DL-3E276561C4-S021;IMP-M3-AB2FCA292B-S021		YES	NEEDS_EDITORIAL_REVIEW
d7d1acf9af9a44a1bf035c89f88938bd670b9e491a2d8e4c2c12b734ea5b6bad	SEM-D7D1ACF9AF9A	IMP-DL-0E3E7EC766-R002253-D7D1ACF9	1	IMP-DL-0E3E7EC766-R002253-D7D1ACF9	Downloads/theory-of-algebraic-geometry-1.tex	Downloads	EXAMPLE	5			NO	NEEDS_EDITORIAL_REVIEW
d7fcc395afe4296ca7ed5cf2bb13c6829e77e8c908b4016cb0de384da3af4390	SEM-D7FCC395AFE4	IMP-DL-D27460A55B-SPR004346-D7FCC395	1	IMP-DL-D27460A55B-SPR004346-D7FCC395	Downloads/theory-of-algebraic-geometry-5.tex	Downloads	EXAMPLE	18			NO	NEEDS_EDITORIAL_REVIEW
d8354e9928341a7b22bd59fd1a11578ad8b4fafa309acaeae96782a307c63c55	SEM-D8354E992834	IMP-DL-40E9B7EE44-R003871-D8354E99	4	IMP-DL-40E9B7EE44-R003871-D8354E99;IMP-DL-E1F1BB4192-R004954-D8354E99;IMP-M3-0D398C7F27-R004954-D8354E99;IMP-M3-17140B7F4C-R003871-D8354E99	Downloads/theory-of-commutative-algebra-5-professional.tex;Downloads/theory-of-commutative-algebra-5.tex;MATH_ALLS-3/theory-of-commutative-algebra-5-professional.tex;MATH_ALLS-3/theory-of-commutative-algebra-5.tex	Downloads;MATH_ALLS-3	PROBLEM	14(a)			NO	NEEDS_EDITORIAL_REVIEW
d8475e88898ff198317df0b7d4f4047430700cfce1fb150d34f94ff499b27d2c	SEM-D8475E88898F	IMP-DL-D6E9B3BC73-PSR002190-D8475E88	2	IMP-DL-D6E9B3BC73-PSR002190-D8475E88;IMP-M3-422B74F85F-PSR002187-D8475E88	Downloads/theory-of-algebraic-topology-1.tex;MATH_ALLS-3/theory-of-algebraic-topology-1.tex	Downloads;MATH_ALLS-3	PROBLEM	6			NO	NEEDS_EDITORIAL_REVIEW
d850069543531308fc87fe1c7a9f65c3644e003ae974ca58710f37c88adf7cf8	SEM-D85006954353	IMP-DL-4DEBE28720-P006	2	IMP-DL-4DEBE28720-P006;IMP-M3-8E395763C8-P006	Downloads/theory-of-commutative-algebra-13.tex;MATH_ALLS-3/theory-of-commutative-algebra-13.tex	Downloads;MATH_ALLS-3	WORKED_EXAMPLE				NO	NEEDS_EDITORIAL_REVIEW
d85281d0ee81ac08c155b53fe349bb392e13e6bd8e3fac4008dad33512740a83	SEM-D85281D0EE81	IMP-DL-627841AC75-P001	1	IMP-DL-627841AC75-P001	Downloads/theory-of-algebraic-topology-3.tex	Downloads	WORKED_EXAMPLE				NO	NEEDS_EDITORIAL_REVIEW
d86664db3fcee417ff90bf0d71f3c89d72aff82c5106fdde62ce70adf55a5055	SEM-D86664DB3FCE	IMP-DL-EAE0F59552-PSR001803-D86664DB	2	IMP-DL-EAE0F59552-PSR001803-D86664DB;IMP-M2-7EA9DA1D72-PSR001803-D86664DB	Downloads/theory-of-analysis-topology.tex;MATH-ALLS-2/theory-of-analysis-topology.tex	Downloads;MATH-ALLS-2	PROBLEM				NO	NEEDS_EDITORIAL_REVIEW
d86ae78a29846ef7087a65e9390da97374864a0d8656793b090bdd7cd1c91917	SEM-D86AE78A2984	IMP-DL-3C59D9EE8B-P023	2	IMP-DL-3C59D9EE8B-P023;IMP-M3-D1A916E0DD-P023	Downloads/theory-of-commutative-algebra-5-professional-v2.tex;MATH_ALLS-3/theory-of-commutative-algebra-5-professional-v2.tex	Downloads;MATH_ALLS-3	PROBLEM_ITEM				NO	NEEDS_EDITORIAL_REVIEW
d8a61042d178a712c27ded865ef7d3ba2fe54d6865fbb4029e199f4526ee516a	SEM-D8A61042D178	IMP-DL-A99C7658F3-PSR002181-D8A61042	1	IMP-DL-A99C7658F3-PSR002181-D8A61042	Downloads/theory-of-algebraic-geometry-2.tex	Downloads	EXAMPLE				NO	NEEDS_EDITORIAL_REVIEW
d8d13e8975ab68f3e7597fab46560ea59b8a2f4f88d3e93a2ffa17b293eaf13d	SEM-D8D13E8975AB	IMP-DL-183AD43C4C-R001651-D8D13E89	4	IMP-DL-183AD43C4C-R001651-D8D13E89;IMP-DL-20E278E436-R001593-D8D13E89;IMP-M2-1895C43FC6-R001651-D8D13E89;IMP-M2-50B0B212DD-R001593-D8D13E89	Downloads/merged_exercises_FULL_v2 (1).tex;Downloads/theory-of-real-analysis.tex;MATH-ALLS-2/merged_exercises_FULL_v2 (1).tex;MATH-ALLS-2/theory-of-real-analysis.tex	Downloads;MATH-ALLS-2	EXERCISE	6.5	IMP-DL-183AD43C4C-S039;IMP-DL-20E278E436-S039;IMP-M2-1895C43FC6-S039;IMP-M2-50B0B212DD-S039		YES	NEEDS_EDITORIAL_REVIEW
d8df159ee25c127fc87770aa2cf69424b7123741f961848466e18cda2e9ea850	SEM-D8DF159EE25C	IMP-DL-14663C23F1-R001185-D8DF159E	2	IMP-DL-14663C23F1-R001185-D8DF159E;IMP-M2-155017A9AF-R001185-D8DF159E	Downloads/theory-of-geometry-III.tex;MATH-ALLS-2/theory-of-geometry-III.tex	Downloads;MATH-ALLS-2	PROBLEM	6			NO	NEEDS_EDITORIAL_REVIEW
d8e6b81cdbf13f37f58f67841bccdf8939bf7a6619c7d40d54e233b95f2e387f	SEM-D8E6B81CDBF1	IMP-DL-A470D9BACB-P004	2	IMP-DL-A470D9BACB-P004;IMP-M2-2850FB9A8A-P004	Downloads/theory-of-geometry-1.tex;MATH-ALLS-2/theory-of-geometry-1.tex	Downloads;MATH-ALLS-2	PROBLEM_ITEM				NO	NEEDS_EDITORIAL_REVIEW
d8f257358a55280416bf43123a06cef3c1a10fa7aa2ce0329082be6128db2c18	SEM-D8F257358A55	IMP-DL-1068DBED71-P014	4	IMP-DL-1068DBED71-P014;IMP-DL-CAA415139D-P014;IMP-M3-F4E66B2919-P014;IMP-M3-FCB1647DD6-P014	Downloads/theory-of-commutative-algebra-10.tex;Downloads/theory-of-commutative-algebra-9.tex;MATH_ALLS-3/theory-of-commutative-algebra-10.tex;MATH_ALLS-3/theory-of-commutative-algebra-9.tex	Downloads;MATH_ALLS-3	WORKED_EXAMPLE				NO	NEEDS_EDITORIAL_REVIEW
d9192c07a866602d9d5699e1c65fd5669bf04c44a9636f81763ba55b36c20d4a	SEM-D9192C07A866	IMP-DL-38CE6DEB56-P002	2	IMP-DL-38CE6DEB56-P002;IMP-M3-D19BB3C803-P002	Downloads/theory-of-commutative-algebra-14.tex;MATH_ALLS-3/theory-of-commutative-algebra-14.tex	Downloads;MATH_ALLS-3	WORKED_EXAMPLE	2			NO	NEEDS_EDITORIAL_REVIEW
d92255865157d95f0452e066b0dc5cb139deb052052ad9c0b918f8c8a0251f31	SEM-D92255865157	IMP-DL-E88547CF67-P013	2	IMP-DL-E88547CF67-P013;IMP-M2-80D8AED0FF-P013	Downloads/theory-of-geometry-3.tex;MATH-ALLS-2/theory-of-geometry-3.tex	Downloads;MATH-ALLS-2	PROBLEM	12	IMP-DL-E88547CF67-S004;IMP-M2-80D8AED0FF-S004		YES	NEEDS_EDITORIAL_REVIEW
d92ea1750e35dfdae54ad632922574979596c70a689333f6393b4ede54f60206	SEM-D92EA1750E35	IMP-DL-2E134BF207-P061	1	IMP-DL-2E134BF207-P061	Downloads/theory-of-algebraic-topology-5.tex	Downloads	WORKED_EXAMPLE	2			NO	NEEDS_EDITORIAL_REVIEW
d9519801f223756481c0c8447cfe4c67eeaa0580730a4d0f9eaf014dd8b5ef5e	SEM-D9519801F223	IMP-DL-A99C7658F3-PSR002778-D9519801	1	IMP-DL-A99C7658F3-PSR002778-D9519801	Downloads/theory-of-algebraic-geometry-2.tex	Downloads	EXAMPLE	on			NO	NEEDS_EDITORIAL_REVIEW
d9a0367d0c90c43780484adb02381f9e1bad864a6e98b579d358b826e09d983b	SEM-D9A0367D0C90	IMP-DL-38CE6DEB56-P014	2	IMP-DL-38CE6DEB56-P014;IMP-M3-D19BB3C803-P014	Downloads/theory-of-commutative-algebra-14.tex;MATH_ALLS-3/theory-of-commutative-algebra-14.tex	Downloads;MATH_ALLS-3	WORKED_EXAMPLE	11			NO	NEEDS_EDITORIAL_REVIEW
d9b81ac5be4fbaa85c520d53c7ca6fbcd239e795df6a6425bdd2104369e77ff3	SEM-D9B81AC5BE4F	IMP-DL-98972A6B93-R003395-D9B81AC5	2	IMP-DL-98972A6B93-R003395-D9B81AC5;IMP-M2-355EA0996F-R003395-D9B81AC5	Downloads/theory-of-geometry-II.tex;MATH-ALLS-2/theory-of-geometry-II.tex	Downloads;MATH-ALLS-2	PROBLEM	2			NO	NEEDS_EDITORIAL_REVIEW
d9bd98b7d5147b4133256fcc8ba6f392c9ff2af4371d32db9061f1d5f16a9e1c	SEM-D9BD98B7D514	IMP-DL-6B513C0C2F-PSR002442-D9BD98B7	1	IMP-DL-6B513C0C2F-PSR002442-D9BD98B7	Downloads/theory-of-algebraic-geometry-10.tex	Downloads	EXAMPLE	8			NO	NEEDS_EDITORIAL_REVIEW
d9c3987ad80c26f99608569ac4f093ba21fdf3369bce0314fd946cb1efb06e01	SEM-D9C3987AD80C	IMP-DL-ACE5A65961-P006	2	IMP-DL-ACE5A65961-P006;IMP-M3-251F2514E1-P006	Downloads/theory-of-commutative-algebra-2.tex;MATH_ALLS-3/theory-of-commutative-algebra-2.tex	Downloads;MATH_ALLS-3	PROBLEM	2	IMP-DL-ACE5A65961-S007;IMP-M3-251F2514E1-S007		YES	NEEDS_EDITORIAL_REVIEW
d9c52babd130fcbc33e730ce3b8bc16da40aec1070fb1eae551df9bdf13e9c23	SEM-D9C52BABD130	IMP-DL-873C6F4098-P036	2	IMP-DL-873C6F4098-P036;IMP-M2-CFC28ED568-P036	Downloads/theory-of-analysis-II.tex;MATH-ALLS-2/theory-of-analysis-II.tex	Downloads;MATH-ALLS-2	PROBLEM_ITEM				NO	NEEDS_EDITORIAL_REVIEW
d9cf1c05b8d02fa9f7e3ac3fa28e376b7731455e4984a4dc16e3111f5b803388	SEM-D9CF1C05B8D0	IMP-DL-8016517B0A-P016	3	IMP-DL-8016517B0A-P016;IMP-M2-2B58694CBF-P016;IMP-M3-911366A7C5-P016	Downloads/theory-of-differential-geometry-1.tex;MATH-ALLS-2/theory-of-differential-geometry-1.tex;MATH_ALLS-3/theory-of-differential-geometry-1.tex	Downloads;MATH-ALLS-2;MATH_ALLS-3	PROBLEM_ITEM	Pseudo-atlas			NO	NEEDS_EDITORIAL_REVIEW
da1019a478ecd30c60b89937410427718c3691ab67604ff56da6f5c216d2bbce	SEM-DA1019A478EC	IMP-DL-3190BA882C-P008	2	IMP-DL-3190BA882C-P008;IMP-M3-CABB372599-P008	Downloads/theory-of-commutative-algebra-15.tex;MATH_ALLS-3/theory-of-commutative-algebra-15.tex	Downloads;MATH_ALLS-3	EXERCISE_ITEM				NO	NEEDS_EDITORIAL_REVIEW
da5be90c78a28609ab716a8a4de7a53defac8ad810afb93b3ef411df21faf039	SEM-DA5BE90C78A2	IMP-DL-D4351A3BBD-P029	2	IMP-DL-D4351A3BBD-P029;IMP-M2-721AD91C7F-P029	Downloads/theory-of-geometry-IV.tex;MATH-ALLS-2/theory-of-geometry-IV.tex	Downloads;MATH-ALLS-2	PROBLEM	4	IMP-DL-D4351A3BBD-S006;IMP-M2-721AD91C7F-S006		YES	NEEDS_EDITORIAL_REVIEW
da6df0bd4b7eedda7cacd14d0a1cf7f7ab0439d91371d572cf6870edbafc74c8	SEM-DA6DF0BD4B7E	IMP-DL-887B7B83F4-P013	1	IMP-DL-887B7B83F4-P013	Downloads/sheaves_notes_reorganized.tex	Downloads	WORKED_EXAMPLE				NO	NEEDS_EDITORIAL_REVIEW
da7852bd5f0b882a8a81143f6f7a29c98a0b710793bc4a1c749f695bda262085	SEM-DA7852BD5F0B	IMP-DL-724FD8B7B1-P001	2	IMP-DL-724FD8B7B1-P001;IMP-M3-51E6A44D55-P001	Downloads/theory-of-commutative-algebra-1.tex;MATH_ALLS-3/theory-of-commutative-algebra-1.tex	Downloads;MATH_ALLS-3	PROBLEM	1	IMP-DL-724FD8B7B1-S001;IMP-M3-51E6A44D55-S001		YES	NEEDS_EDITORIAL_REVIEW
da802909103802bfd2e3d3e2a54be919587596748d3787260080f07015ccdf72	SEM-DA8029091038	IMP-DL-0E3E7EC766-P014	2	IMP-DL-0E3E7EC766-P014;IMP-DL-0E3E7EC766-R002839-DA802909	Downloads/theory-of-algebraic-geometry-1.tex	Downloads	EXERCISE				NO	NEEDS_EDITORIAL_REVIEW
dabf42eb18cf71ae775fb50ec844c5d3fdea4479cfbad845b515161455b62a3a	SEM-DABF42EB18CF	IMP-DL-2E134BF207-P035	1	IMP-DL-2E134BF207-P035	Downloads/theory-of-algebraic-topology-5.tex	Downloads	PROBLEM_ITEM				NO	NEEDS_EDITORIAL_REVIEW
dac4fecc8c3fb39c9e145ccd43ab83b6e3106f25839ff81e56d2f00b9d801578	SEM-DAC4FECC8C3F	IMP-DL-1068DBED71-P011	4	IMP-DL-1068DBED71-P011;IMP-DL-CAA415139D-P011;IMP-M3-F4E66B2919-P011;IMP-M3-FCB1647DD6-P011	Downloads/theory-of-commutative-algebra-10.tex;Downloads/theory-of-commutative-algebra-9.tex;MATH_ALLS-3/theory-of-commutative-algebra-10.tex;MATH_ALLS-3/theory-of-commutative-algebra-9.tex	Downloads;MATH_ALLS-3	WORKED_EXAMPLE				NO	NEEDS_EDITORIAL_REVIEW
dad02a50b877cf5d7ee1a615a9da0069b809972096722861cdb34f2fd6004d03	SEM-DAD02A50B877	IMP-DL-C78B44C750-P001	2	IMP-DL-C78B44C750-P001;IMP-M2-48626BD8F1-P001	Downloads/wiki-green.tex;MATH-ALLS-2/wiki-green.tex	Downloads;MATH-ALLS-2	WORKED_EXAMPLE	0			NO	NEEDS_EDITORIAL_REVIEW
dad1008672ae9e21751b7caf7fc25c5b7e2b0e1d63bebb876c3a9f3e070bb18d	SEM-DAD1008672AE	IMP-DL-18BC6F795C-P005	1	IMP-DL-18BC6F795C-P005	Downloads/theory-of-algebraic-topology-9.tex	Downloads	WORKED_EXAMPLE	4			NO	NEEDS_EDITORIAL_REVIEW
dadb8f97a205aac5e1970fdaf7f569150ac06298ceea204705492b273e04c8c3	SEM-DADB8F97A205	IMP-DL-535B6F59C6-SPR001793-DADB8F97	2	IMP-DL-535B6F59C6-SPR001793-DADB8F97;IMP-M3-0753B8F46B-SPR001793-DADB8F97	Downloads/theory-of-commutative-algebra-4.tex;MATH_ALLS-3/theory-of-commutative-algebra-4.tex	Downloads;MATH_ALLS-3	EXAMPLE	3.			NO	NEEDS_EDITORIAL_REVIEW
dae3c1e997062a4bce5df0d6374f80d04362584587698ac6c359ca109dafc46e	SEM-DAE3C1E99706	IMP-DL-18BC6F795C-P037	1	IMP-DL-18BC6F795C-P037	Downloads/theory-of-algebraic-topology-9.tex	Downloads	PROBLEM_ITEM				NO	NEEDS_EDITORIAL_REVIEW
dafe890b3380c8ea004d5739cb7c478e52672d0ac022d0fa4697c40804a8a414	SEM-DAFE890B3380	IMP-DL-3C59D9EE8B-P010	2	IMP-DL-3C59D9EE8B-P010;IMP-M3-D1A916E0DD-P010	Downloads/theory-of-commutative-algebra-5-professional-v2.tex;MATH_ALLS-3/theory-of-commutative-algebra-5-professional-v2.tex	Downloads;MATH_ALLS-3	PROBLEM_ITEM				NO	NEEDS_EDITORIAL_REVIEW
db29acffaac97afc92c3913cf67308e054ee6a633dd0defba860a042426831b5	SEM-DB29ACFFAAC9	IMP-DL-6B513C0C2F-PSR001050-DB29ACFF	1	IMP-DL-6B513C0C2F-PSR001050-DB29ACFF	Downloads/theory-of-algebraic-geometry-10.tex	Downloads	EXAMPLE	4			NO	NEEDS_EDITORIAL_REVIEW
db55309e22c16770eccfea7940678532c55bd42a6ce921f54e2b7a77f82c4d7d	SEM-DB55309E22C1	IMP-DL-592BD0798C-P040	2	IMP-DL-592BD0798C-P040;IMP-M3-1FB8799CDC-P040	Downloads/theory-of-commutative-algebra-8.tex;MATH_ALLS-3/theory-of-commutative-algebra-8.tex	Downloads;MATH_ALLS-3	PROBLEM_ITEM				NO	NEEDS_EDITORIAL_REVIEW
db557414ce630780184f4b9ccdf7487e700da312c56cfa465a6fd2a7335c37bb	SEM-DB557414CE63	IMP-DL-3C59D9EE8B-P153	2	IMP-DL-3C59D9EE8B-P153;IMP-M3-D1A916E0DD-P153	Downloads/theory-of-commutative-algebra-5-professional-v2.tex;MATH_ALLS-3/theory-of-commutative-algebra-5-professional-v2.tex	Downloads;MATH_ALLS-3	PROBLEM_ITEM				NO	NEEDS_EDITORIAL_REVIEW
dba3ea59eaea47d852d10b2b7766bdc166d58fe054bfc80afffa861f43b54819	SEM-DBA3EA59EAEA	IMP-DL-3CA1CB77F7-P038	4	IMP-DL-3CA1CB77F7-P038;IMP-DL-3CA1CB77F7-R004464-DBA3EA59;IMP-M2-F08D4144EA-P038;IMP-M2-F08D4144EA-R004464-DBA3EA59	Downloads/theory-of-analysis-numbers.tex;MATH-ALLS-2/theory-of-analysis-numbers.tex	Downloads;MATH-ALLS-2	EXERCISE				NO	NEEDS_EDITORIAL_REVIEW
dbb1b200b44130ed95071fd26c7ef81e306bc97432914416eb846394112cce59	SEM-DBB1B200B441	IMP-DL-A470D9BACB-P005	2	IMP-DL-A470D9BACB-P005;IMP-M2-2850FB9A8A-P005	Downloads/theory-of-geometry-1.tex;MATH-ALLS-2/theory-of-geometry-1.tex	Downloads;MATH-ALLS-2	PROBLEM		IMP-DL-A470D9BACB-S002;IMP-M2-2850FB9A8A-S002		YES	NEEDS_EDITORIAL_REVIEW
dbb609e826f7c94b1783f8298e6bc4a79ad421693ee9d8673c3c36ea8461d2c1	SEM-DBB609E826F7	IMP-DL-873C6F4098-P015	2	IMP-DL-873C6F4098-P015;IMP-M2-CFC28ED568-P015	Downloads/theory-of-analysis-II.tex;MATH-ALLS-2/theory-of-analysis-II.tex	Downloads;MATH-ALLS-2	PROBLEM_ITEM				NO	NEEDS_EDITORIAL_REVIEW
dbbe446256ba09df49619e4ed2bf14167f1688d39e33b1543a9c686946cd72f4	SEM-DBBE446256BA	IMP-DL-494D52343C-P002	4	IMP-DL-494D52343C-P002;IMP-DL-57AE2A96C2-P002;IMP-M3-53FA653D33-P002;IMP-M3-A9D1475E81-P002	Downloads/theory-of-commutative-algebra-7 - Copy.tex;Downloads/theory-of-commutative-algebra-7.tex;MATH_ALLS-3/theory-of-commutative-algebra-7 - Copy.tex;MATH_ALLS-3/theory-of-commutative-algebra-7.tex	Downloads;MATH_ALLS-3	WORKED_EXAMPLE	1			NO	NEEDS_EDITORIAL_REVIEW
dbd6c23dc6d26b1428107b084b932d1ea3c7a9141c97de6f3096559e740e884b	SEM-DBD6C23DC6D2	IMP-DL-592BD0798C-P052	2	IMP-DL-592BD0798C-P052;IMP-M3-1FB8799CDC-P052	Downloads/theory-of-commutative-algebra-8.tex;MATH_ALLS-3/theory-of-commutative-algebra-8.tex	Downloads;MATH_ALLS-3	WORKED_EXAMPLE	4			NO	NEEDS_EDITORIAL_REVIEW
dbf18850b2af9a282b22e74be44990cf030153e2e885e8d0fe01340aa894fd68	SEM-DBF18850B2AF	IMP-DL-3E276561C4-R001328-DBF18850	2	IMP-DL-3E276561C4-R001328-DBF18850;IMP-M3-AB2FCA292B-R001328-DBF18850	Downloads/theory-of-linear-algebra-1.tex;MATH_ALLS-3/theory-of-linear-algebra-1.tex	Downloads;MATH_ALLS-3	PROBLEM	10	IMP-DL-3E276561C4-S010;IMP-M3-AB2FCA292B-S010		YES	NEEDS_EDITORIAL_REVIEW
dbfad3df23c81042eed0d8083c46427fad6a3b7fda05dec1b5f98e251fa7b3d8	SEM-DBFAD3DF23C8	IMP-DL-A11279CC33-P012	2	IMP-DL-A11279CC33-P012;IMP-M3-73E0197CF3-P012	Downloads/theory-of-commutative-algebra-6.tex;MATH_ALLS-3/theory-of-commutative-algebra-6.tex	Downloads;MATH_ALLS-3	WORKED_EXAMPLE				NO	NEEDS_EDITORIAL_REVIEW
dc02b1607daa61bed97e4ab712a5934ca3f4753966120193c26bba1c34ee4321	SEM-DC02B1607DAA	IMP-DL-35223EB1F7-R003129-DC02B160	1	IMP-DL-35223EB1F7-R003129-DC02B160	Downloads/theory-of-algebraic-topology-6.tex	Downloads	EXAMPLE	5			NO	NEEDS_EDITORIAL_REVIEW
dc08ea25c9d3bc22a2ddb06a63642bf5fb6f8260952cf13b052b046b27efb914	SEM-DC08EA25C9D3	IMP-DL-0EB9CBD958-P056	2	IMP-DL-0EB9CBD958-P056;IMP-M2-F4C85D52DC-P056	Downloads/theory-of-geometry.tex;MATH-ALLS-2/theory-of-geometry.tex	Downloads;MATH-ALLS-2	PROBLEM_ITEM				NO	NEEDS_EDITORIAL_REVIEW
dc0d9fdfbc92e0886fb65bbf0698770f4b5a06da8e021d5a9beab3ee3d358410	SEM-DC0D9FDFBC92	IMP-DL-3C59D9EE8B-P016	2	IMP-DL-3C59D9EE8B-P016;IMP-M3-D1A916E0DD-P016	Downloads/theory-of-commutative-algebra-5-professional-v2.tex;MATH_ALLS-3/theory-of-commutative-algebra-5-professional-v2.tex	Downloads;MATH_ALLS-3	PROBLEM_ITEM				NO	NEEDS_EDITORIAL_REVIEW
dc40d3a666ba3dec953296caf912ca4dbebdf7f35df81d2afdc4e04f9853dbb9	SEM-DC40D3A666BA	IMP-DL-0A181AC273-P020	2	IMP-DL-0A181AC273-P020;IMP-M2-80AFB5AE64-P020	Downloads/theory-of-complex-analysis.tex;MATH-ALLS-2/theory-of-complex-analysis.tex	Downloads;MATH-ALLS-2	PROBLEM	8.	IMP-DL-0A181AC273-S007;IMP-M2-80AFB5AE64-S007		YES	NEEDS_EDITORIAL_REVIEW
dc42370c3fe834f9484f6aa4eb2e80cf3da758c64576ea5fb2a105ff91d87f02	SEM-DC42370C3FE8	IMP-DL-8D5CF4CFBA-P004	2	IMP-DL-8D5CF4CFBA-P004;IMP-M3-89937139FC-P004	Downloads/theory-of-linear-algebra-2.tex;MATH_ALLS-3/theory-of-linear-algebra-2.tex	Downloads;MATH_ALLS-3	PROBLEM	5	IMP-DL-8D5CF4CFBA-S005;IMP-M3-89937139FC-S005		YES	NEEDS_EDITORIAL_REVIEW
dc4a9c2314910cc940056b6d0d6cf7ca39a6e188e906e8088291b3d29c7e4dfe	SEM-DC4A9C231491	IMP-DL-0B4CC237FA-SPR002408-DC4A9C23	1	IMP-DL-0B4CC237FA-SPR002408-DC4A9C23	Downloads/theory-of-algebraic-geometry-3.tex	Downloads	EXAMPLE	8.			NO	NEEDS_EDITORIAL_REVIEW
dc51ec51a508c97d95bf64d3806a47a6dda2403c1c7fc098c31dc9cce54e933d	SEM-DC51EC51A508	IMP-DL-4DEBE28720-P078	2	IMP-DL-4DEBE28720-P078;IMP-M3-8E395763C8-P078	Downloads/theory-of-commutative-algebra-13.tex;MATH_ALLS-3/theory-of-commutative-algebra-13.tex	Downloads;MATH_ALLS-3	WORKED_EXAMPLE	10			NO	NEEDS_EDITORIAL_REVIEW
dc64ccd8ea0a65a4f3f7ddc30a672a7ada842ee48dd2fd614c3b8c8d1c6010b8	SEM-DC64CCD8EA0A	IMP-DL-2E134BF207-P033	1	IMP-DL-2E134BF207-P033	Downloads/theory-of-algebraic-topology-5.tex	Downloads	PROBLEM_ITEM				NO	NEEDS_EDITORIAL_REVIEW
dc6f0314dbe106bf93142769fc4804a8bcddbfcd50388061236e88fb12c03261	SEM-DC6F0314DBE1	IMP-DL-535B6F59C6-P003	2	IMP-DL-535B6F59C6-P003;IMP-M3-0753B8F46B-P003	Downloads/theory-of-commutative-algebra-4.tex;MATH_ALLS-3/theory-of-commutative-algebra-4.tex	Downloads;MATH_ALLS-3	PROBLEM	12(a)	IMP-DL-535B6F59C6-S003;IMP-M3-0753B8F46B-S003		YES	NEEDS_EDITORIAL_REVIEW
dca674b0a1b4522aac4b9034f593fdaf2918e9393935e88482c7ec179502190e	SEM-DCA674B0A1B4	IMP-DL-40C58AD550-P004	1	IMP-DL-40C58AD550-P004	Downloads/theory-of-algebraic-geometry-4.tex	Downloads	WORKED_EXAMPLE				NO	NEEDS_EDITORIAL_REVIEW
dcb90c2a213cdd1b4830324b6f7c77baefcb47b791db5fa62ce82d1d0258f784	SEM-DCB90C2A213C	IMP-DL-D18914CBBD-P033	2	IMP-DL-D18914CBBD-P033;IMP-M3-78B3C1B707-P033	Downloads/theory-of-commutative-algebra-11.tex;MATH_ALLS-3/theory-of-commutative-algebra-11.tex	Downloads;MATH_ALLS-3	WORKED_EXAMPLE	11			NO	NEEDS_EDITORIAL_REVIEW
dccca01f831a20aa615ee281c4a6aaed2ff43aa7aac868fcb0f782c8c32dd397	SEM-DCCCA01F831A	IMP-DL-873C6F4098-P038	2	IMP-DL-873C6F4098-P038;IMP-M2-CFC28ED568-P038	Downloads/theory-of-analysis-II.tex;MATH-ALLS-2/theory-of-analysis-II.tex	Downloads;MATH-ALLS-2	PROBLEM_ITEM				NO	NEEDS_EDITORIAL_REVIEW
dd0137e5ee79c5ae29d3807f10d9b4ca02285969ba68a2f9fae19d46d7060276	SEM-DD0137E5EE79	IMP-DL-6447F1B120-P033	1	IMP-DL-6447F1B120-P033	Downloads/theory-of-algebraic-topology-11.tex	Downloads	WORKED_EXAMPLE	5			NO	NEEDS_EDITORIAL_REVIEW
dd021b6833c548809727a2345741a733ad2f978292be8a42bdee2435ccf1e9cd	SEM-DD021B6833C5	IMP-DL-2E134BF207-P048	1	IMP-DL-2E134BF207-P048	Downloads/theory-of-algebraic-topology-5.tex	Downloads	PROBLEM_ITEM				NO	NEEDS_EDITORIAL_REVIEW
dd1afd70d9f0901c1d0172bc407e0aec46e530ea232350db15c056a615fd93da	SEM-DD1AFD70D9F0	IMP-DL-721195CCB5-P007	1	IMP-DL-721195CCB5-P007	Downloads/theory-of-algebraic-geometry-11.tex	Downloads	WORKED_EXAMPLE	7			NO	NEEDS_EDITORIAL_REVIEW
dd2e15aa1e007a729944766457eafc62406b9f588750373a16eb344925a1ce46	SEM-DD2E15AA1E00	IMP-DL-316AE183C3-P081	2	IMP-DL-316AE183C3-P081;IMP-M2-303BB87ACE-P081	Downloads/theory-of-analysis-functions.tex;MATH-ALLS-2/theory-of-analysis-functions.tex	Downloads;MATH-ALLS-2	WORKED_EXAMPLE				NO	NEEDS_EDITORIAL_REVIEW
dd45cc455cd592d5c251ad7c369d20685821ae3bf37fc54c0f6beb590cab7e97	SEM-DD45CC455CD5	IMP-DL-98972A6B93-P013	2	IMP-DL-98972A6B93-P013;IMP-M2-355EA0996F-P013	Downloads/theory-of-geometry-II.tex;MATH-ALLS-2/theory-of-geometry-II.tex	Downloads;MATH-ALLS-2	PROBLEM_ITEM				NO	NEEDS_EDITORIAL_REVIEW
dd4cda81d9a826bcdcf67b851284d5492c02fc89623f300fd631aaa15775a011	SEM-DD4CDA81D9A8	IMP-DL-D2CF6ADC46-P005	1	IMP-DL-D2CF6ADC46-P005	Downloads/theory-of-commutative-algebra-16.tex	Downloads	WORKED_EXAMPLE				NO	NEEDS_EDITORIAL_REVIEW
dd67b43a62ba973b2271a8f49d05ff8c93feab558311bccd0fa70d90e080ff71	SEM-DD67B43A62BA	IMP-DL-0EB9CBD958-P017	2	IMP-DL-0EB9CBD958-P017;IMP-M2-F4C85D52DC-P017	Downloads/theory-of-geometry.tex;MATH-ALLS-2/theory-of-geometry.tex	Downloads;MATH-ALLS-2	PROBLEM_ITEM				NO	NEEDS_EDITORIAL_REVIEW
dd6bb3e348537b101610caea65d246fa47c1d35cb669ed9504f6ae8e2b59586d	SEM-DD6BB3E34853	IMP-DL-0AC5ADA26C-P027	1	IMP-DL-0AC5ADA26C-P027	Downloads/theory-of-algebraic-topology-8.tex	Downloads	WORKED_EXAMPLE	3			NO	NEEDS_EDITORIAL_REVIEW
dd7620c3ef809ff408c980e9fd9b45e5d701496300f8e5e2b4fe2967017884c3	SEM-DD7620C3EF80	IMP-DL-6447F1B120-P031	1	IMP-DL-6447F1B120-P031	Downloads/theory-of-algebraic-topology-11.tex	Downloads	WORKED_EXAMPLE	2			NO	NEEDS_EDITORIAL_REVIEW
dd78de19ca983a4ac2f85c0f4bfa9e87c83bab5fc400d533aa0b486eaeb1f765	SEM-DD78DE19CA98	IMP-DL-35223EB1F7-R002763-DD78DE19	1	IMP-DL-35223EB1F7-R002763-DD78DE19	Downloads/theory-of-algebraic-topology-6.tex	Downloads	EXAMPLE	3			NO	NEEDS_EDITORIAL_REVIEW
dd7fcf02e05cd3358e527f8802b7da1c42be814cc7d6c5e7508bba683ae80314	SEM-DD7FCF02E05C	IMP-DL-6B513C0C2F-PSR004820-DD7FCF02	1	IMP-DL-6B513C0C2F-PSR004820-DD7FCF02	Downloads/theory-of-algebraic-geometry-10.tex	Downloads	EXAMPLE	1			NO	NEEDS_EDITORIAL_REVIEW
dd8086f8093770e626f22f1c7d3e9008c80ffdd380903feb9e9b2573b8b5e463	SEM-DD8086F80937	IMP-DL-8D5CF4CFBA-R003251-DD8086F8	2	IMP-DL-8D5CF4CFBA-R003251-DD8086F8;IMP-M3-89937139FC-R003251-DD8086F8	Downloads/theory-of-linear-algebra-2.tex;MATH_ALLS-3/theory-of-linear-algebra-2.tex	Downloads;MATH_ALLS-3	PROBLEM	10			NO	NEEDS_EDITORIAL_REVIEW
dd8356c704eab2182ba2c3e2ed5d0c588781e8f8e699221a0a6c080de9b29612	SEM-DD8356C704EA	IMP-DL-6447F1B120-R002025-DD8356C7	1	IMP-DL-6447F1B120-R002025-DD8356C7	Downloads/theory-of-algebraic-topology-11.tex	Downloads	EXAMPLE	4			NO	NEEDS_EDITORIAL_REVIEW
dd952483d4952bfa213c8c46ff68a8f03bbf0bc741370abe47cd3e802c278af1	SEM-DD952483D495	IMP-DL-FD5C2608DA-P003	2	IMP-DL-FD5C2608DA-P003;IMP-M3-F5BFB39338-P003	Downloads/theory-of-commutative-algebra-3.tex;MATH_ALLS-3/theory-of-commutative-algebra-3.tex	Downloads;MATH_ALLS-3	PROBLEM	6	IMP-DL-FD5C2608DA-S001;IMP-M3-F5BFB39338-S001		YES	NEEDS_EDITORIAL_REVIEW
dd9a3562a7bb1d1ae621f4d4feedadeb1dd07e9a44c82ce002863c3557c9a97e	SEM-DD9A3562A7BB	IMP-DL-D18914CBBD-P045	2	IMP-DL-D18914CBBD-P045;IMP-M3-78B3C1B707-P045	Downloads/theory-of-commutative-algebra-11.tex;MATH_ALLS-3/theory-of-commutative-algebra-11.tex	Downloads;MATH_ALLS-3	WORKED_EXAMPLE	11			NO	NEEDS_EDITORIAL_REVIEW
dde2c0b6f3cf876d1999c58834b05d6fcd4688e383e39ca50d7452e162ad0071	SEM-DDE2C0B6F3CF	IMP-DL-117191C0EC-P010	2	IMP-DL-117191C0EC-P010;IMP-M2-40A546CAA2-P010	Downloads/theory-of-analysis-topics.tex;MATH-ALLS-2/theory-of-analysis-topics.tex	Downloads;MATH-ALLS-2	PROBLEM	7	IMP-DL-117191C0EC-S006;IMP-M2-40A546CAA2-S006		YES	NEEDS_EDITORIAL_REVIEW
dde52fa106eedc7e5a9c3ab48adfe5ac977f5888d431432d4f10e19562d8fe4c	SEM-DDE52FA106EE	IMP-DL-627841AC75-SPR004845-DDE52FA1	1	IMP-DL-627841AC75-SPR004845-DDE52FA1	Downloads/theory-of-algebraic-topology-3.tex	Downloads	EXAMPLE				NO	NEEDS_EDITORIAL_REVIEW
de0405c919d8d8531d5eed57a646d9ffeb7d9a55b7aa08230499e56f4320dd1f	SEM-DE0405C919D8	IMP-DL-3C59D9EE8B-P142	2	IMP-DL-3C59D9EE8B-P142;IMP-M3-D1A916E0DD-P142	Downloads/theory-of-commutative-algebra-5-professional-v2.tex;MATH_ALLS-3/theory-of-commutative-algebra-5-professional-v2.tex	Downloads;MATH_ALLS-3	PROBLEM_ITEM				NO	NEEDS_EDITORIAL_REVIEW
de16353cf1b0e3c9ab658771d95020963eba2393f7836fb887155fb50b91a0e2	SEM-DE16353CF1B0	IMP-DL-0EB9CBD958-P066	2	IMP-DL-0EB9CBD958-P066;IMP-M2-F4C85D52DC-P066	Downloads/theory-of-geometry.tex;MATH-ALLS-2/theory-of-geometry.tex	Downloads;MATH-ALLS-2	PROBLEM_ITEM				NO	NEEDS_EDITORIAL_REVIEW
de283a1a79ac1c31dda03900c585228477f291120445596d12b420409af006ff	SEM-DE283A1A79AC	IMP-DL-BD3A6D53D0-P020	3	IMP-DL-BD3A6D53D0-P020;IMP-M2-E2BE0561BD-P020;IMP-M3-0F6B7A59EB-P020	Downloads/theory-of-differential-geometry-2.tex;MATH-ALLS-2/theory-of-differential-geometry-2.tex;MATH_ALLS-3/theory-of-differential-geometry-2.tex	Downloads;MATH-ALLS-2;MATH_ALLS-3	PROBLEM	5	IMP-DL-BD3A6D53D0-S020;IMP-M2-E2BE0561BD-S020;IMP-M3-0F6B7A59EB-S020		YES	NEEDS_EDITORIAL_REVIEW
de3379e56fdcfcd7f1ba30e7e53ab174bfd078aa10c285e032cc29867f67a39d	SEM-DE3379E56FDC	IMP-DL-2370D81D66-P036	2	IMP-DL-2370D81D66-P036;IMP-M2-D036BAB254-P036	Downloads/theory-of-analysis-FD.tex;MATH-ALLS-2/theory-of-analysis-FD.tex	Downloads;MATH-ALLS-2	WORKED_EXAMPLE	2			NO	NEEDS_EDITORIAL_REVIEW
de5c483a00c28300755cdcb99600410076c3807d641ae14b8382286127d907a7	SEM-DE5C483A00C2	IMP-DL-141F3478CC-P007	2	IMP-DL-141F3478CC-P007;IMP-M2-6F2E5F9B11-P007	Downloads/theory-of-complex-analysis-all-maps.tex;MATH-ALLS-2/theory-of-complex-analysis-all-maps.tex	Downloads;MATH-ALLS-2	PROBLEM	7			NO	NEEDS_EDITORIAL_REVIEW
de5d21799f3779ebbfed4da741b1efb2c3064b39ce2146419dc44c2346a09f1b	SEM-DE5D21799F37	IMP-DL-316AE183C3-P009	2	IMP-DL-316AE183C3-P009;IMP-M2-303BB87ACE-P009	Downloads/theory-of-analysis-functions.tex;MATH-ALLS-2/theory-of-analysis-functions.tex	Downloads;MATH-ALLS-2	EXERCISE	6.			NO	NEEDS_EDITORIAL_REVIEW
de67368da8e07cc4fa1097be3292727e0d950e0833b4b72f444377286ad1d6f5	SEM-DE67368DA8E0	IMP-DL-316AE183C3-P047	2	IMP-DL-316AE183C3-P047;IMP-M2-303BB87ACE-P047	Downloads/theory-of-analysis-functions.tex;MATH-ALLS-2/theory-of-analysis-functions.tex	Downloads;MATH-ALLS-2	EXERCISE_ITEM				NO	NEEDS_EDITORIAL_REVIEW
de88199256afed05651968c17588cae7e9c82762d9900f4e647073fa06643d58	SEM-DE88199256AF	IMP-DL-2370D81D66-P053	2	IMP-DL-2370D81D66-P053;IMP-M2-D036BAB254-P053	Downloads/theory-of-analysis-FD.tex;MATH-ALLS-2/theory-of-analysis-FD.tex	Downloads;MATH-ALLS-2	EXERCISE_ITEM				NO	NEEDS_EDITORIAL_REVIEW
de8a1bb192fd850bfb1f568cddd45226479973940adf05e45248f63d487ad79b	SEM-DE8A1BB192FD	IMP-DL-3C59D9EE8B-P149	2	IMP-DL-3C59D9EE8B-P149;IMP-M3-D1A916E0DD-P149	Downloads/theory-of-commutative-algebra-5-professional-v2.tex;MATH_ALLS-3/theory-of-commutative-algebra-5-professional-v2.tex	Downloads;MATH_ALLS-3	PROBLEM_ITEM				NO	NEEDS_EDITORIAL_REVIEW
de8de06c439c22e5f14556926e76170f3509f3f13ee3ef1c652bd333b399ea95	SEM-DE8DE06C439C	IMP-DL-3E276561C4-P008	2	IMP-DL-3E276561C4-P008;IMP-M3-AB2FCA292B-P008	Downloads/theory-of-linear-algebra-1.tex;MATH_ALLS-3/theory-of-linear-algebra-1.tex	Downloads;MATH_ALLS-3	PROBLEM	10	IMP-DL-3E276561C4-S022;IMP-M3-AB2FCA292B-S022		YES	NEEDS_EDITORIAL_REVIEW
dec93257323b412e842964929fffdd7af750ad8d0c799aeb46a2e0bf4a6a7cb2	SEM-DEC93257323B	IMP-DL-E0B80C696E-P005	1	IMP-DL-E0B80C696E-P005	Downloads/theory-of-algebraic-topology-7.tex	Downloads	WORKED_EXAMPLE				NO	NEEDS_EDITORIAL_REVIEW
defc68843894582bd387cbc9a6f510ccf432326874e4421335e19b58c53133df	SEM-DEFC68843894	IMP-DL-CB3C80FF97-P001	2	IMP-DL-CB3C80FF97-P001;IMP-M2-7B5A4788C1-P001	Downloads/theory-of-complex-analysis-topology.tex;MATH-ALLS-2/theory-of-complex-analysis-topology.tex	Downloads;MATH-ALLS-2	PROBLEM		IMP-DL-CB3C80FF97-S001;IMP-M2-7B5A4788C1-S001		YES	NEEDS_EDITORIAL_REVIEW
df0c3a56dc7f0897af6b2077f24678aa49ce604236d662f85b34a1715b646543	SEM-DF0C3A56DC7F	IMP-DL-E88547CF67-P011	2	IMP-DL-E88547CF67-P011;IMP-M2-80D8AED0FF-P011	Downloads/theory-of-geometry-3.tex;MATH-ALLS-2/theory-of-geometry-3.tex	Downloads;MATH-ALLS-2	PROBLEM_ITEM				NO	NEEDS_EDITORIAL_REVIEW
df2ae63af992e3adba6e51e54df983999bf720430c84f80cac9cc8d0f183104e	SEM-DF2AE63AF992	IMP-DL-38CE6DEB56-P048	2	IMP-DL-38CE6DEB56-P048;IMP-M3-D19BB3C803-P048	Downloads/theory-of-commutative-algebra-14.tex;MATH_ALLS-3/theory-of-commutative-algebra-14.tex	Downloads;MATH_ALLS-3	EXERCISE	16	IMP-DL-38CE6DEB56-S016;IMP-M3-D19BB3C803-S016		YES	NEEDS_EDITORIAL_REVIEW
df5d871704b76f177492e4a8e7f35f4d8de41a0365d4b45556c5e9e06b208da9	SEM-DF5D871704B7	IMP-DL-3E276561C4-R001248-DF5D8717	2	IMP-DL-3E276561C4-R001248-DF5D8717;IMP-M3-AB2FCA292B-R001248-DF5D8717	Downloads/theory-of-linear-algebra-1.tex;MATH_ALLS-3/theory-of-linear-algebra-1.tex	Downloads;MATH_ALLS-3	PROBLEM	8	IMP-DL-3E276561C4-S008;IMP-M3-AB2FCA292B-S008		YES	NEEDS_EDITORIAL_REVIEW
df7c126b0b1e4cc9aa9710416195673004115a3ce63fec7a7acdb16d059083ec	SEM-DF7C126B0B1E	IMP-DL-A978FB3162-P036	1	IMP-DL-A978FB3162-P036	Downloads/theory-of-algebraic-topology-4.tex	Downloads	PROBLEM_ITEM				NO	NEEDS_EDITORIAL_REVIEW
df82b20064b49e51b0d277986137bc9f3b5bfe5c8250196cf9b4f95023ece2f7	SEM-DF82B20064B4	IMP-DL-3C59D9EE8B-P047	2	IMP-DL-3C59D9EE8B-P047;IMP-M3-D1A916E0DD-P047	Downloads/theory-of-commutative-algebra-5-professional-v2.tex;MATH_ALLS-3/theory-of-commutative-algebra-5-professional-v2.tex	Downloads;MATH_ALLS-3	PROBLEM_ITEM				NO	NEEDS_EDITORIAL_REVIEW
df9d16e2c50899ad5a50ba864e1eddbd70c465abc31c0b370e38b53951a39818	SEM-DF9D16E2C508	IMP-DL-E532B44856-P016	2	IMP-DL-E532B44856-P016;IMP-M2-C037D998D4-P016	Downloads/theory-of-analysis-functions-II.tex;MATH-ALLS-2/theory-of-analysis-functions-II.tex	Downloads;MATH-ALLS-2	EXERCISE	3	IMP-DL-E532B44856-S005;IMP-DL-E532B44856-S006;IMP-M2-C037D998D4-S005;IMP-M2-C037D998D4-S006		YES	NEEDS_EDITORIAL_REVIEW
dfce908192b456837e8e8d78bd1b14f661405699ce574a48714f36b859f477ff	SEM-DFCE908192B4	IMP-DL-14663C23F1-P011	2	IMP-DL-14663C23F1-P011;IMP-M2-155017A9AF-P011	Downloads/theory-of-geometry-III.tex;MATH-ALLS-2/theory-of-geometry-III.tex	Downloads;MATH-ALLS-2	PROBLEM_ITEM				NO	NEEDS_EDITORIAL_REVIEW
dfdae3097a4fa7db31fb4ede8f0115745c8884121b0e6947b07109a0531a8377	SEM-DFDAE3097A4F	IMP-DL-3E276561C4-P019	2	IMP-DL-3E276561C4-P019;IMP-M3-AB2FCA292B-P019	Downloads/theory-of-linear-algebra-1.tex;MATH_ALLS-3/theory-of-linear-algebra-1.tex	Downloads;MATH_ALLS-3	PROBLEM_ITEM				NO	NEEDS_EDITORIAL_REVIEW
dfed2cab63e7ac0b502cfb522d40f0ef90b63515b62ca02427c43cedebdaad0d	SEM-DFED2CAB63E7	IMP-DL-40BD8D3E26-P012	2	IMP-DL-40BD8D3E26-P012;IMP-M2-0384991A85-P012	Downloads/theory-of-geometry-2.tex;MATH-ALLS-2/theory-of-geometry-2.tex	Downloads;MATH-ALLS-2	EXERCISE	5			NO	NEEDS_EDITORIAL_REVIEW
e0121607462cd21d592c3f94a6c58363b1a233a9071662fdc8054feb850f077d	SEM-E0121607462C	IMP-DL-A11279CC33-P009	2	IMP-DL-A11279CC33-P009;IMP-M3-73E0197CF3-P009	Downloads/theory-of-commutative-algebra-6.tex;MATH_ALLS-3/theory-of-commutative-algebra-6.tex	Downloads;MATH_ALLS-3	WORKED_EXAMPLE				NO	NEEDS_EDITORIAL_REVIEW
e020df13261d0484abb2020d4feeed21820375f7bdde9e7cdc7ea3b8e75afb22	SEM-E020DF13261D	IMP-DL-38CE6DEB56-P050	2	IMP-DL-38CE6DEB56-P050;IMP-M3-D19BB3C803-P050	Downloads/theory-of-commutative-algebra-14.tex;MATH_ALLS-3/theory-of-commutative-algebra-14.tex	Downloads;MATH_ALLS-3	EXERCISE	18	IMP-DL-38CE6DEB56-S018;IMP-M3-D19BB3C803-S018		YES	NEEDS_EDITORIAL_REVIEW
e02ae0c72e33f29669448399dc7c6a2c1d0f3c992bbc2d9bf0ff9c4591e41574	SEM-E02AE0C72E33	IMP-DL-0EB9CBD958-P057	2	IMP-DL-0EB9CBD958-P057;IMP-M2-F4C85D52DC-P057	Downloads/theory-of-geometry.tex;MATH-ALLS-2/theory-of-geometry.tex	Downloads;MATH-ALLS-2	PROBLEM_ITEM				NO	NEEDS_EDITORIAL_REVIEW
e0917cd66b334974386cf0cc6c1a7b983d4f5c7e383a8bdbf00cfad48313decd	SEM-E0917CD66B33	IMP-DL-18BC6F795C-P021	1	IMP-DL-18BC6F795C-P021	Downloads/theory-of-algebraic-topology-9.tex	Downloads	WORKED_EXAMPLE	1			NO	NEEDS_EDITORIAL_REVIEW
e09af43ef955f8002daa3589cca777677957fa59f16103a5f3e1ab198b82e2b2	SEM-E09AF43EF955	IMP-DL-35223EB1F7-R002967-E09AF43E	1	IMP-DL-35223EB1F7-R002967-E09AF43E	Downloads/theory-of-algebraic-topology-6.tex	Downloads	EXAMPLE	2			NO	NEEDS_EDITORIAL_REVIEW
e0b8290840cd47501d152e5d65a6eea40422ba5e51e24e95b262078b882f211c	SEM-E0B8290840CD	IMP-DL-D4351A3BBD-P001	2	IMP-DL-D4351A3BBD-P001;IMP-M2-721AD91C7F-P001	Downloads/theory-of-geometry-IV.tex;MATH-ALLS-2/theory-of-geometry-IV.tex	Downloads;MATH-ALLS-2	WORKED_EXAMPLE	A			NO	NEEDS_EDITORIAL_REVIEW
e0b8f4ec245434b6fd2acf65d327e42b53a170806b995af7460e143ed9da9fc5	SEM-E0B8F4EC2454	IMP-DL-38CE6DEB56-P041	2	IMP-DL-38CE6DEB56-P041;IMP-M3-D19BB3C803-P041	Downloads/theory-of-commutative-algebra-14.tex;MATH_ALLS-3/theory-of-commutative-algebra-14.tex	Downloads;MATH_ALLS-3	EXERCISE	9	IMP-DL-38CE6DEB56-S009;IMP-M3-D19BB3C803-S009		YES	NEEDS_EDITORIAL_REVIEW
e0c2b2846c6cea0a8ef476e94cf0d5f60843d777ec08d921067d819d1a26f5f5	SEM-E0C2B2846C6C	IMP-DL-B7B63B4C41-P007	2	IMP-DL-B7B63B4C41-P007;IMP-M3-16526DCF36-P007	Downloads/theory-of-commutative-algebra-12.tex;MATH_ALLS-3/theory-of-commutative-algebra-12.tex	Downloads;MATH_ALLS-3	WORKED_EXAMPLE	7			NO	NEEDS_EDITORIAL_REVIEW
e0c6a864d57ed1322b8edacbe137bd450f8e86659bdeea5726050bcfd055d2c6	SEM-E0C6A864D57E	IMP-DL-D18914CBBD-P001	2	IMP-DL-D18914CBBD-P001;IMP-M3-78B3C1B707-P001	Downloads/theory-of-commutative-algebra-11.tex;MATH_ALLS-3/theory-of-commutative-algebra-11.tex	Downloads;MATH_ALLS-3	WORKED_EXAMPLE	1			NO	NEEDS_EDITORIAL_REVIEW
e0ca1b49a7476167d60e8266a20cbbdd04c91a6bbb2e6cf09d9652fd8cf8506b	SEM-E0CA1B49A747	IMP-DL-D6E9B3BC73-PSR004085-E0CA1B49	2	IMP-DL-D6E9B3BC73-PSR004085-E0CA1B49;IMP-M3-422B74F85F-PSR004082-E0CA1B49	Downloads/theory-of-algebraic-topology-1.tex;MATH_ALLS-3/theory-of-algebraic-topology-1.tex	Downloads;MATH_ALLS-3	EXAMPLE	2			NO	NEEDS_EDITORIAL_REVIEW
e0d56713578d01ef4c46b44cb337e7c744cab4954abb771064b0d3b16d1d5d2e	SEM-E0D56713578D	IMP-DL-0A181AC273-P024	2	IMP-DL-0A181AC273-P024;IMP-M2-80AFB5AE64-P024	Downloads/theory-of-complex-analysis.tex;MATH-ALLS-2/theory-of-complex-analysis.tex	Downloads;MATH-ALLS-2	PROBLEM	11.	IMP-DL-0A181AC273-S011;IMP-M2-80AFB5AE64-S011		YES	NEEDS_EDITORIAL_REVIEW
e0e7d066853fce553430aafc3abf2e50bde8c88a884ffc14c31ec41988ff2c25	SEM-E0E7D066853F	IMP-DL-D148B51FB7-P027	2	IMP-DL-D148B51FB7-P027;IMP-M3-5A5277EBFB-P027	Downloads/theory-of-differential-geometry-4.tex;MATH_ALLS-3/theory-of-differential-geometry-4.tex	Downloads;MATH_ALLS-3	PROBLEM	7	IMP-DL-D148B51FB7-S020;IMP-M3-5A5277EBFB-S020		YES	NEEDS_EDITORIAL_REVIEW
e0ecca643f6258b804cf3352371cb3336db2113d89369caceb76c790767e03e5	SEM-E0ECCA643F62	IMP-DL-3C59D9EE8B-P094	2	IMP-DL-3C59D9EE8B-P094;IMP-M3-D1A916E0DD-P094	Downloads/theory-of-commutative-algebra-5-professional-v2.tex;MATH_ALLS-3/theory-of-commutative-algebra-5-professional-v2.tex	Downloads;MATH_ALLS-3	PROBLEM_ITEM				NO	NEEDS_EDITORIAL_REVIEW
e0eec95791c7eee4172aaafa2f74ff0ce646eab0a2a89490dc8e854fd2302eb6	SEM-E0EEC95791C7	IMP-DL-EAE0F59552-PSR001647-E0EEC957	2	IMP-DL-EAE0F59552-PSR001647-E0EEC957;IMP-M2-7EA9DA1D72-PSR001647-E0EEC957	Downloads/theory-of-analysis-topology.tex;MATH-ALLS-2/theory-of-analysis-topology.tex	Downloads;MATH-ALLS-2	PROBLEM				NO	NEEDS_EDITORIAL_REVIEW
e0fde3907d102fa512fa00e129cf71e8d0d3c53e1a05e53a7fd23c6443013e21	SEM-E0FDE3907D10	IMP-DL-0EB9CBD958-P047	2	IMP-DL-0EB9CBD958-P047;IMP-M2-F4C85D52DC-P047	Downloads/theory-of-geometry.tex;MATH-ALLS-2/theory-of-geometry.tex	Downloads;MATH-ALLS-2	PROBLEM_ITEM				NO	NEEDS_EDITORIAL_REVIEW
e100f08a725ccad92e907a479984397ad8efec7b8f160d6ab2cc7349a7e3e383	SEM-E100F08A725C	IMP-DL-6447F1B120-P019	1	IMP-DL-6447F1B120-P019	Downloads/theory-of-algebraic-topology-11.tex	Downloads	PROBLEM_ITEM				NO	NEEDS_EDITORIAL_REVIEW
e10e6b2db5138d3bebd13bacd3941e6106ba012c0d79353d142a7a6fabdc529d	SEM-E10E6B2DB513	IMP-DL-E12021E60A-P028	1	IMP-DL-E12021E60A-P028	Downloads/theory-of-algebraic-topology-17.tex	Downloads	WORKED_EXAMPLE	2.2			NO	NEEDS_EDITORIAL_REVIEW
e10e6e5dd62721083f81f52ba94aafca9eaa4ff56fc53da52d6744537f06416d	SEM-E10E6E5DD627	IMP-DL-BD3A6D53D0-P028	3	IMP-DL-BD3A6D53D0-P028;IMP-M2-E2BE0561BD-P028;IMP-M3-0F6B7A59EB-P028	Downloads/theory-of-differential-geometry-2.tex;MATH-ALLS-2/theory-of-differential-geometry-2.tex;MATH_ALLS-3/theory-of-differential-geometry-2.tex	Downloads;MATH-ALLS-2;MATH_ALLS-3	PROBLEM	9			NO	NEEDS_EDITORIAL_REVIEW
e1268b59bee821d898d7b265760497ef8713a77c0e42bcd42c5d912172e77270	SEM-E1268B59BEE8	IMP-DL-2370D81D66-P026	2	IMP-DL-2370D81D66-P026;IMP-M2-D036BAB254-P026	Downloads/theory-of-analysis-FD.tex;MATH-ALLS-2/theory-of-analysis-FD.tex	Downloads;MATH-ALLS-2	EXERCISE_ITEM				NO	NEEDS_EDITORIAL_REVIEW
e12ddc55c3ce585177a5d85faa9309d19f18d21d522b6dc163426dd4ecfc222f	SEM-E12DDC55C3CE	IMP-DL-3C59D9EE8B-P083	2	IMP-DL-3C59D9EE8B-P083;IMP-M3-D1A916E0DD-P083	Downloads/theory-of-commutative-algebra-5-professional-v2.tex;MATH_ALLS-3/theory-of-commutative-algebra-5-professional-v2.tex	Downloads;MATH_ALLS-3	PROBLEM_ITEM				NO	NEEDS_EDITORIAL_REVIEW
e13ca8f0f932526102f1b5c5c91da59edf888af2b1e0bd3a85603dff9dacd0e1	SEM-E13CA8F0F932	IMP-DL-183AD43C4C-PSR003209-E13CA8F0	2	IMP-DL-183AD43C4C-PSR003209-E13CA8F0;IMP-M2-1895C43FC6-PSR003209-E13CA8F0	Downloads/theory-of-real-analysis.tex;MATH-ALLS-2/theory-of-real-analysis.tex	Downloads;MATH-ALLS-2	EXAMPLE	3.			NO	NEEDS_EDITORIAL_REVIEW
e1675c3981b29ab8728bee7c7dfbfe801c79e6fd6cdafc392a9bee748cf0e4c0	SEM-E1675C3981B2	IMP-DL-CB3C80FF97-P038	2	IMP-DL-CB3C80FF97-P038;IMP-M2-7B5A4788C1-P038	Downloads/theory-of-complex-analysis-topology.tex;MATH-ALLS-2/theory-of-complex-analysis-topology.tex	Downloads;MATH-ALLS-2	PROBLEM_ITEM				NO	NEEDS_EDITORIAL_REVIEW
e169bc3ee65593b6985b0f645712dde80a3117af00bfb94b5dd7c52f1d4b5cd7	SEM-E169BC3EE655	IMP-DL-35223EB1F7-R002657-E169BC3E	1	IMP-DL-35223EB1F7-R002657-E169BC3E	Downloads/theory-of-algebraic-topology-6.tex	Downloads	PROBLEM	10			NO	NEEDS_EDITORIAL_REVIEW
e16fe911721732e3c69e2136a5e962a8bb222136dc6ac68724091e6065a69a09	SEM-E16FE9117217	IMP-DL-07D84009EA-P009	16	IMP-DL-07D84009EA-P009;IMP-DL-162DBE4483-P009;IMP-DL-183AD43C4C-P009;IMP-DL-20E278E436-P009;IMP-DL-68F65EDA24-P009;IMP-DL-890EB1F6EA-P009;IMP-DL-995E0CD19D-P009;IMP-DL-E69AEC0DA9-P009;IMP-M2-0EAC31ED0B-P009;IMP-M2-1403D223C9-P009;IMP-M2-1750FF4FF7-P009;IMP-M2-1895C43FC6-P009;IMP-M2-50B0B212DD-P009;IMP-M2-6D7FCEA253-P009;IMP-M2-9CEC4F97B5-P009;IMP-M2-BC23C57F39-P009	Downloads/merged_exercises_FULL_v2 (1).tex;Downloads/merged_exercises_FULL_v2.tex;Downloads/merged_exercises_corrected (1).tex;Downloads/merged_exercises_corrected (2).tex;Downloads/merged_exercises_corrected (3).tex;Downloads/merged_exercises_corrected (4).tex;Downloads/merged_exercises_corrected.tex;Downloads/theory-of-real-analysis.tex;MATH-ALLS-2/merged_exercises_FULL_v2 (1).tex;MATH-ALLS-2/merged_exercises_FULL_v2.tex;MATH-ALLS-2/merged_exercises_corrected (1).tex;MATH-ALLS-2/merged_exercises_corrected (2).tex;MATH-ALLS-2/merged_exercises_corrected (3).tex;MATH-ALLS-2/merged_exercises_corrected (4).tex;MATH-ALLS-2/merged_exercises_corrected.tex;MATH-ALLS-2/theory-of-real-analysis.tex	Downloads;MATH-ALLS-2	EXERCISE	2.3			NO	NEEDS_EDITORIAL_REVIEW
e17a123c5e28bd7d07591d87c1e3cacac229c43e94f08f17992e6d06b870c975	SEM-E17A123C5E28	IMP-DL-4DEBE28720-P093	2	IMP-DL-4DEBE28720-P093;IMP-M3-8E395763C8-P093	Downloads/theory-of-commutative-algebra-13.tex;MATH_ALLS-3/theory-of-commutative-algebra-13.tex	Downloads;MATH_ALLS-3	WORKED_EXAMPLE	7			NO	NEEDS_EDITORIAL_REVIEW
e19cf332a572867d19983cd20843dbcb634aa08c883e4ba84741d9f823a0d6e7	SEM-E19CF332A572	IMP-DL-A978FB3162-P005	1	IMP-DL-A978FB3162-P005	Downloads/theory-of-algebraic-topology-4.tex	Downloads	WORKED_EXAMPLE	1			NO	NEEDS_EDITORIAL_REVIEW
e1a2c54d4cf675723118f28b4992e6a8cd1753b811e79c853bd60dd1b6fd97c5	SEM-E1A2C54D4CF6	IMP-DL-6B513C0C2F-PSR000964-E1A2C54D	1	IMP-DL-6B513C0C2F-PSR000964-E1A2C54D	Downloads/theory-of-algebraic-geometry-10.tex	Downloads	EXAMPLE	1			NO	NEEDS_EDITORIAL_REVIEW
e1ccb0b40a4c1e6f5971d63d35a3d25191cc10b17a7e1c3d3251d33d7959afb0	SEM-E1CCB0B40A4C	IMP-DL-721195CCB5-P003	1	IMP-DL-721195CCB5-P003	Downloads/theory-of-algebraic-geometry-11.tex	Downloads	WORKED_EXAMPLE	2			NO	NEEDS_EDITORIAL_REVIEW
e22968f6d263b9b25db5f9cd225773c36b428923bcbbadca1fca0724f2cdd007	SEM-E22968F6D263	IMP-DL-98972A6B93-P014	2	IMP-DL-98972A6B93-P014;IMP-M2-355EA0996F-P014	Downloads/theory-of-geometry-II.tex;MATH-ALLS-2/theory-of-geometry-II.tex	Downloads;MATH-ALLS-2	PROBLEM_ITEM				NO	NEEDS_EDITORIAL_REVIEW
e23aa691a97e80728142fadf4836be7dd71346a62ddc300753d55ff71c1dc785	SEM-E23AA691A97E	IMP-DL-E12021E60A-P009	1	IMP-DL-E12021E60A-P009	Downloads/theory-of-algebraic-topology-17.tex	Downloads	WORKED_EXAMPLE	8.7			NO	NEEDS_EDITORIAL_REVIEW
e263aa6156156bbf8355ecb3d76a3c672f0bcd603d1715324ee24f0f480ccfcb	SEM-E263AA615615	IMP-DL-CB3C80FF97-P014	2	IMP-DL-CB3C80FF97-P014;IMP-M2-7B5A4788C1-P014	Downloads/theory-of-complex-analysis-topology.tex;MATH-ALLS-2/theory-of-complex-analysis-topology.tex	Downloads;MATH-ALLS-2	PROBLEM_ITEM		IMP-DL-CB3C80FF97-S010;IMP-M2-7B5A4788C1-S010		YES	NEEDS_EDITORIAL_REVIEW
e2762e6514de9406de651c9d90cd7fc955e87c06396f2c808ba1ca61c9a55d82	SEM-E2762E6514DE	IMP-DL-3E276561C4-P036	2	IMP-DL-3E276561C4-P036;IMP-M3-AB2FCA292B-P036	Downloads/theory-of-linear-algebra-1.tex;MATH_ALLS-3/theory-of-linear-algebra-1.tex	Downloads;MATH_ALLS-3	PROBLEM	6	IMP-DL-3E276561C4-S056;IMP-M3-AB2FCA292B-S056		YES	NEEDS_EDITORIAL_REVIEW
e28494f8f9d069d36d0b0ea9b23c90af7e8cf27b336f07eebf3bc0ef3d1dc902	SEM-E28494F8F9D0	IMP-DL-BD3A6D53D0-P007	3	IMP-DL-BD3A6D53D0-P007;IMP-M2-E2BE0561BD-P007;IMP-M3-0F6B7A59EB-P007	Downloads/theory-of-differential-geometry-2.tex;MATH-ALLS-2/theory-of-differential-geometry-2.tex;MATH_ALLS-3/theory-of-differential-geometry-2.tex	Downloads;MATH-ALLS-2;MATH_ALLS-3	PROBLEM	3.	IMP-DL-BD3A6D53D0-S007;IMP-M2-E2BE0561BD-S007;IMP-M3-0F6B7A59EB-S007		YES	NEEDS_EDITORIAL_REVIEW
e2920147fa881855f62e1b4a967e372c9856c07dae7786048153d5d338a732e7	SEM-E2920147FA88	IMP-DL-3C59D9EE8B-P030	2	IMP-DL-3C59D9EE8B-P030;IMP-M3-D1A916E0DD-P030	Downloads/theory-of-commutative-algebra-5-professional-v2.tex;MATH_ALLS-3/theory-of-commutative-algebra-5-professional-v2.tex	Downloads;MATH_ALLS-3	PROBLEM_ITEM				NO	NEEDS_EDITORIAL_REVIEW
e2abf109ace748249b826b9420461551063dc1a7ec2fb0b419e63eb23cf3d891	SEM-E2ABF109ACE7	IMP-DL-A978FB3162-R003516-E2ABF109	1	IMP-DL-A978FB3162-R003516-E2ABF109	Downloads/theory-of-algebraic-topology-4.tex	Downloads	PROBLEM	4	IMP-DL-A978FB3162-S010		YES	NEEDS_EDITORIAL_REVIEW
e2c77f548032d625f160b2e3502f18b1fd6fa90eaf71556101c9296f88632550	SEM-E2C77F548032	IMP-DL-E88547CF67-P036	2	IMP-DL-E88547CF67-P036;IMP-M2-80D8AED0FF-P036	Downloads/theory-of-geometry-3.tex;MATH-ALLS-2/theory-of-geometry-3.tex	Downloads;MATH-ALLS-2	PROBLEM	14.	IMP-DL-E88547CF67-S017;IMP-M2-80D8AED0FF-S017		YES	NEEDS_EDITORIAL_REVIEW
e2f2f9b214a380a4f5c5b26d29a7ffa1c99546b036b2fea80c2d86c85d693bce	SEM-E2F2F9B214A3	IMP-DL-117191C0EC-P060	2	IMP-DL-117191C0EC-P060;IMP-M2-40A546CAA2-P060	Downloads/theory-of-analysis-topics.tex;MATH-ALLS-2/theory-of-analysis-topics.tex	Downloads;MATH-ALLS-2	PROBLEM	9			NO	NEEDS_EDITORIAL_REVIEW
e3547c5813902bc5cd50bbb634a64bccbff5c569614ac72336f7a259b86549c7	SEM-E3547C581390	IMP-DL-A470D9BACB-P023	2	IMP-DL-A470D9BACB-P023;IMP-M2-2850FB9A8A-P023	Downloads/theory-of-geometry-1.tex;MATH-ALLS-2/theory-of-geometry-1.tex	Downloads;MATH-ALLS-2	EXERCISE	14			NO	NEEDS_EDITORIAL_REVIEW
e3c95865ec9a4b2afa5a44f643bd3b08b271175569b0c2928de70d2f937c5d5c	SEM-E3C95865EC9A	IMP-DL-B7B63B4C41-P008	2	IMP-DL-B7B63B4C41-P008;IMP-M3-16526DCF36-P008	Downloads/theory-of-commutative-algebra-12.tex;MATH_ALLS-3/theory-of-commutative-algebra-12.tex	Downloads;MATH_ALLS-3	WORKED_EXAMPLE				NO	NEEDS_EDITORIAL_REVIEW
e3ca0d68c51d8a5014560201b3e154ae090494a17e5ec5e814de3da672612887	SEM-E3CA0D68C51D	IMP-DL-873C6F4098-P060	2	IMP-DL-873C6F4098-P060;IMP-M2-CFC28ED568-P060	Downloads/theory-of-analysis-II.tex;MATH-ALLS-2/theory-of-analysis-II.tex	Downloads;MATH-ALLS-2	PROBLEM_ITEM				NO	NEEDS_EDITORIAL_REVIEW
e3d65104b5a1a5653a2772aec82de520375660f3219e2e54eccda60f0ad598c8	SEM-E3D65104B5A1	IMP-DL-2E134BF207-F2R003500-E3D65104	1	IMP-DL-2E134BF207-F2R003500-E3D65104	Downloads/theory-of-algebraic-topology-5.tex	Downloads	EXAMPLE	1			NO	NEEDS_EDITORIAL_REVIEW
e403c92c8e2894986aec2f369a020200c0a4a4c0185910e59a8de1f9a6878e35	SEM-E403C92C8E28	IMP-DL-D18914CBBD-P077	2	IMP-DL-D18914CBBD-P077;IMP-M3-78B3C1B707-P077	Downloads/theory-of-commutative-algebra-11.tex;MATH_ALLS-3/theory-of-commutative-algebra-11.tex	Downloads;MATH_ALLS-3	WORKED_EXAMPLE	6			NO	NEEDS_EDITORIAL_REVIEW
e409d3eabfdf1bca498d0b8eac8b0ba4e5ba78ef89c42d51d296021070f2179c	SEM-E409D3EABFDF	IMP-DL-183AD43C4C-P019	6	IMP-DL-183AD43C4C-P019;IMP-DL-20E278E436-P019;IMP-DL-D171CB8A69-P002;IMP-M2-1895C43FC6-P019;IMP-M2-47AEA48DAF-P002;IMP-M2-50B0B212DD-P019	Downloads/merged_exercises_FULL_v2 (1).tex;Downloads/merged_exercises_FULL_v2 (3).tex;Downloads/theory-of-real-analysis.tex;MATH-ALLS-2/merged_exercises_FULL_v2 (1).tex;MATH-ALLS-2/merged_exercises_FULL_v2 (3).tex;MATH-ALLS-2/theory-of-real-analysis.tex	Downloads;MATH-ALLS-2	EXERCISE	3.5	IMP-DL-183AD43C4C-S002;IMP-DL-20E278E436-S002;IMP-DL-D171CB8A69-S004;IMP-M2-1895C43FC6-S002;IMP-M2-47AEA48DAF-S004;IMP-M2-50B0B212DD-S002		YES	NEEDS_EDITORIAL_REVIEW
e413dcb274f864aa4d80d68def3d739da47c66bc6d612259670cf7824f60226e	SEM-E413DCB274F8	IMP-DL-D18914CBBD-P049	2	IMP-DL-D18914CBBD-P049;IMP-M3-78B3C1B707-P049	Downloads/theory-of-commutative-algebra-11.tex;MATH_ALLS-3/theory-of-commutative-algebra-11.tex	Downloads;MATH_ALLS-3	WORKED_EXAMPLE	2			NO	NEEDS_EDITORIAL_REVIEW
e4185668b1aad72481879301bc5b68df0fc818ee5dcac23d691b1f274eb83954	SEM-E4185668B1AA	IMP-DL-1608308E70-P016	1	IMP-DL-1608308E70-P016	Downloads/theory-of-algebraic-topology-14.tex	Downloads	WORKED_EXAMPLE	11			NO	NEEDS_EDITORIAL_REVIEW
e426bdcd1c747a8b99e1218a2ac806eba687c7d79d74744e25d6eb2e2c5b2750	SEM-E426BDCD1C74	IMP-DL-494D52343C-P011	4	IMP-DL-494D52343C-P011;IMP-DL-57AE2A96C2-P011;IMP-M3-53FA653D33-P011;IMP-M3-A9D1475E81-P011	Downloads/theory-of-commutative-algebra-7 - Copy.tex;Downloads/theory-of-commutative-algebra-7.tex;MATH_ALLS-3/theory-of-commutative-algebra-7 - Copy.tex;MATH_ALLS-3/theory-of-commutative-algebra-7.tex	Downloads;MATH_ALLS-3	WORKED_EXAMPLE	1			NO	NEEDS_EDITORIAL_REVIEW
e4411a56d6ac0fbc11e4419f8fe986a8d27a0f0461619bedb89f863b6707c5cd	SEM-E4411A56D6AC	IMP-DL-18BC6F795C-P024	1	IMP-DL-18BC6F795C-P024	Downloads/theory-of-algebraic-topology-9.tex	Downloads	WORKED_EXAMPLE	5			NO	NEEDS_EDITORIAL_REVIEW
e4493d18c9e96286e6b98488a93e213bddb74cd92e39b08ff697210900edc601	SEM-E4493D18C9E9	IMP-DL-E532B44856-P021	2	IMP-DL-E532B44856-P021;IMP-M2-C037D998D4-P021	Downloads/theory-of-analysis-functions-II.tex;MATH-ALLS-2/theory-of-analysis-functions-II.tex	Downloads;MATH-ALLS-2	WORKED_EXAMPLE	B			NO	NEEDS_EDITORIAL_REVIEW
e464845a55a565c94a6a2017e6d21a3397debdeab23a94a8237da628725bba60	SEM-E464845A55A5	IMP-DL-0A9B1F0A75-P004	1	IMP-DL-0A9B1F0A75-P004	Downloads/theory-of-algebraic-geometry-9.tex	Downloads	PROBLEM	statement	IMP-DL-0A9B1F0A75-S009;IMP-DL-0A9B1F0A75-S010;IMP-DL-0A9B1F0A75-S011		YES	NEEDS_EDITORIAL_REVIEW
e46c84671e83577e57ee88b0cd061c4b7fb5dc0b0611d76f4be3fd6eea8d4c63	SEM-E46C84671E83	IMP-DL-A99C7658F3-PSR003094-E46C8467	1	IMP-DL-A99C7658F3-PSR003094-E46C8467	Downloads/theory-of-algebraic-geometry-2.tex	Downloads	EXAMPLE				NO	NEEDS_EDITORIAL_REVIEW
e49221da98b67a8b214cede951f686ddf77984a5c8fd67ce37d350042acd61ed	SEM-E49221DA98B6	IMP-DL-3C59D9EE8B-P024	2	IMP-DL-3C59D9EE8B-P024;IMP-M3-D1A916E0DD-P024	Downloads/theory-of-commutative-algebra-5-professional-v2.tex;MATH_ALLS-3/theory-of-commutative-algebra-5-professional-v2.tex	Downloads;MATH_ALLS-3	PROBLEM_ITEM				NO	NEEDS_EDITORIAL_REVIEW
e4995b1e07b90aa3633980d8495fa17d9717b7ef3a8f72fa3f60e9e4a66b103f	SEM-E4995B1E07B9	IMP-DL-2E134BF207-P029	1	IMP-DL-2E134BF207-P029	Downloads/theory-of-algebraic-topology-5.tex	Downloads	PROBLEM_ITEM				NO	NEEDS_EDITORIAL_REVIEW
e4dbae7b909aabbaf44e9b5e171c25181779e380a33ba3a662d2a181a2464971	SEM-E4DBAE7B909A	IMP-DL-C78B44C750-P003	2	IMP-DL-C78B44C750-P003;IMP-M2-48626BD8F1-P003	Downloads/wiki-green.tex;MATH-ALLS-2/wiki-green.tex	Downloads;MATH-ALLS-2	WORKED_EXAMPLE				NO	NEEDS_EDITORIAL_REVIEW
e4fdc602e61c5410d77bc3f997891eb5490c7dfbc71d26b5a431517d5e8c66bf	SEM-E4FDC602E61C	IMP-DL-D6E9B3BC73-P001	2	IMP-DL-D6E9B3BC73-P001;IMP-M3-422B74F85F-P001	Downloads/theory-of-algebraic-topology-1.tex;MATH_ALLS-3/theory-of-algebraic-topology-1.tex	Downloads;MATH_ALLS-3	PROBLEM	1	IMP-DL-D6E9B3BC73-S001;IMP-M3-422B74F85F-S001		YES	NEEDS_EDITORIAL_REVIEW
e5157ce3868851e9dee3949402eec3232716bc3de95cd69b47473551720c2280	SEM-E5157CE38688	IMP-DL-4DEBE28720-P072	2	IMP-DL-4DEBE28720-P072;IMP-M3-8E395763C8-P072	Downloads/theory-of-commutative-algebra-13.tex;MATH_ALLS-3/theory-of-commutative-algebra-13.tex	Downloads;MATH_ALLS-3	WORKED_EXAMPLE	3			NO	NEEDS_EDITORIAL_REVIEW
e52b2c5d92c125dbb478d773f1863909b8abf348a2e26721d987c32ab0dbf05e	SEM-E52B2C5D92C1	IMP-DL-3E276561C4-P018	2	IMP-DL-3E276561C4-P018;IMP-M3-AB2FCA292B-P018	Downloads/theory-of-linear-algebra-1.tex;MATH_ALLS-3/theory-of-linear-algebra-1.tex	Downloads;MATH_ALLS-3	PROBLEM_ITEM				NO	NEEDS_EDITORIAL_REVIEW
e534148d881c6e723fd1ce9c21561ee22b6b5cef90044806050deb55bb7746d1	SEM-E534148D881C	IMP-DL-B7B63B4C41-P002	2	IMP-DL-B7B63B4C41-P002;IMP-M3-16526DCF36-P002	Downloads/theory-of-commutative-algebra-12.tex;MATH_ALLS-3/theory-of-commutative-algebra-12.tex	Downloads;MATH_ALLS-3	WORKED_EXAMPLE	2			NO	NEEDS_EDITORIAL_REVIEW
e5542b0d42aede41bebb5a7656b33c00af41347249d0e0fb89582deedba5d010	SEM-E5542B0D42AE	IMP-DL-A11279CC33-P015	2	IMP-DL-A11279CC33-P015;IMP-M3-73E0197CF3-P015	Downloads/theory-of-commutative-algebra-6.tex;MATH_ALLS-3/theory-of-commutative-algebra-6.tex	Downloads;MATH_ALLS-3	WORKED_EXAMPLE				NO	NEEDS_EDITORIAL_REVIEW
e565875700f753313a73e0e3575c9fb30ee28107e02c4bfacb636addd585664d	SEM-E565875700F7	IMP-DL-11EDF39EA7-P036	2	IMP-DL-11EDF39EA7-P036;IMP-M2-68556E3D88-P036	Downloads/theory-of-analysis-FD2.tex;MATH-ALLS-2/theory-of-analysis-FD2.tex	Downloads;MATH-ALLS-2	EXERCISE_ITEM				NO	NEEDS_EDITORIAL_REVIEW
e582002cbcb5dc7695c730870e9cc830302a6ceac7072930199698409e4535fe	SEM-E582002CBCB5	IMP-DL-873C6F4098-P023	2	IMP-DL-873C6F4098-P023;IMP-M2-CFC28ED568-P023	Downloads/theory-of-analysis-II.tex;MATH-ALLS-2/theory-of-analysis-II.tex	Downloads;MATH-ALLS-2	PROBLEM_ITEM				NO	NEEDS_EDITORIAL_REVIEW
e583045380b7ff8a597dbdeeb3e319fe745d4132fce2386d0fe532e7451d4a63	SEM-E583045380B7	IMP-DL-E88547CF67-P009	2	IMP-DL-E88547CF67-P009;IMP-M2-80D8AED0FF-P009	Downloads/theory-of-geometry-3.tex;MATH-ALLS-2/theory-of-geometry-3.tex	Downloads;MATH-ALLS-2	PROBLEM	11.	IMP-DL-E88547CF67-S003;IMP-M2-80D8AED0FF-S003		YES	NEEDS_EDITORIAL_REVIEW
e58e8aa38e90e897c67951506db8fbf813e940520ed7081a8b68110f1b9989ce	SEM-E58E8AA38E90	IMP-DL-724FD8B7B1-P003	2	IMP-DL-724FD8B7B1-P003;IMP-M3-51E6A44D55-P003	Downloads/theory-of-commutative-algebra-1.tex;MATH_ALLS-3/theory-of-commutative-algebra-1.tex	Downloads;MATH_ALLS-3	PROBLEM	4	IMP-DL-724FD8B7B1-S003;IMP-M3-51E6A44D55-S003		YES	NEEDS_EDITORIAL_REVIEW
e59597ccd0b15ef396e5bc02169dfce468e0ad155d1c720a453c5f10c29312b4	SEM-E59597CCD0B1	IMP-DL-3190BA882C-P005	2	IMP-DL-3190BA882C-P005;IMP-M3-CABB372599-P005	Downloads/theory-of-commutative-algebra-15.tex;MATH_ALLS-3/theory-of-commutative-algebra-15.tex	Downloads;MATH_ALLS-3	EXERCISE_ITEM				NO	NEEDS_EDITORIAL_REVIEW
e598869b1a18f9920c37f847e7f679663f77f65aec76f628c403663b23ad08dc	SEM-E598869B1A18	IMP-DL-38CE6DEB56-P033	2	IMP-DL-38CE6DEB56-P033;IMP-M3-D19BB3C803-P033	Downloads/theory-of-commutative-algebra-14.tex;MATH_ALLS-3/theory-of-commutative-algebra-14.tex	Downloads;MATH_ALLS-3	EXERCISE	1	IMP-DL-38CE6DEB56-S001;IMP-M3-D19BB3C803-S001		YES	NEEDS_EDITORIAL_REVIEW
e5df910dce716a072a481ebaf8aaf12b4376b6a00ce5279260a00f327609ef00	SEM-E5DF910DCE71	IMP-DL-7A55205E2C-P001	2	IMP-DL-7A55205E2C-P001;IMP-M2-2D41E1011A-P001	Downloads/theory-of-geometry-4.tex;MATH-ALLS-2/theory-of-geometry-4.tex	Downloads;MATH-ALLS-2	PROBLEM	1	IMP-DL-7A55205E2C-S001;IMP-M2-2D41E1011A-S001		YES	NEEDS_EDITORIAL_REVIEW
e5e57ce1fea98e36ddf6a461e56286d440e12cc983637898e16d14779d0c1281	SEM-E5E57CE1FEA9	IMP-DL-0A181AC273-P039	4	IMP-DL-0A181AC273-P039;IMP-DL-AD9EFCAF62-P015;IMP-M2-79778E004E-P015;IMP-M2-80AFB5AE64-P039	Downloads/theory-of-complex-analysis-2.tex;Downloads/theory-of-complex-analysis.tex;MATH-ALLS-2/theory-of-complex-analysis-2.tex;MATH-ALLS-2/theory-of-complex-analysis.tex	Downloads;MATH-ALLS-2	PROBLEM_ITEM				NO	NEEDS_EDITORIAL_REVIEW
e5ef259cab7b3c5fbba01523907322bcca42d025227b7588e7aeb409d022bd90	SEM-E5EF259CAB7B	IMP-DL-3E276561C4-R001181-E5EF259C	2	IMP-DL-3E276561C4-R001181-E5EF259C;IMP-M3-AB2FCA292B-R001181-E5EF259C	Downloads/theory-of-linear-algebra-1.tex;MATH_ALLS-3/theory-of-linear-algebra-1.tex	Downloads;MATH_ALLS-3	PROBLEM	7	IMP-DL-3E276561C4-S007;IMP-M3-AB2FCA292B-S007		YES	NEEDS_EDITORIAL_REVIEW
e5f02a35afb06b499503bad4a9d8eb8f79733fc77f8d68a7015011a8859d179b	SEM-E5F02A35AFB0	IMP-DL-592BD0798C-P019	2	IMP-DL-592BD0798C-P019;IMP-M3-1FB8799CDC-P019	Downloads/theory-of-commutative-algebra-8.tex;MATH_ALLS-3/theory-of-commutative-algebra-8.tex	Downloads;MATH_ALLS-3	PROBLEM_ITEM				NO	NEEDS_EDITORIAL_REVIEW
e600c51ca81b7752bda5f35e4ee12e0f5dd9451ac30b6eb70ee89ef9fcdace22	SEM-E600C51CA81B	IMP-DL-3C59D9EE8B-P134	2	IMP-DL-3C59D9EE8B-P134;IMP-M3-D1A916E0DD-P134	Downloads/theory-of-commutative-algebra-5-professional-v2.tex;MATH_ALLS-3/theory-of-commutative-algebra-5-professional-v2.tex	Downloads;MATH_ALLS-3	PROBLEM_ITEM				NO	NEEDS_EDITORIAL_REVIEW
e6091540495f70d1baca756bcbba9550045f17f814084781c2437f98890efc8c	SEM-E6091540495F	IMP-DL-183AD43C4C-R001421-E6091540	4	IMP-DL-183AD43C4C-R001421-E6091540;IMP-DL-20E278E436-R001363-E6091540;IMP-M2-1895C43FC6-R001421-E6091540;IMP-M2-50B0B212DD-R001363-E6091540	Downloads/merged_exercises_FULL_v2 (1).tex;Downloads/theory-of-real-analysis.tex;MATH-ALLS-2/merged_exercises_FULL_v2 (1).tex;MATH-ALLS-2/theory-of-real-analysis.tex	Downloads;MATH-ALLS-2	EXERCISE	6.4	IMP-DL-183AD43C4C-S035;IMP-DL-20E278E436-S035;IMP-M2-1895C43FC6-S035;IMP-M2-50B0B212DD-S035		YES	NEEDS_EDITORIAL_REVIEW
e60efe73e012e3506daec44bf8dd81c9454b9596720b968141b09b1a712e2c5a	SEM-E60EFE73E012	IMP-DL-31FF76D7B8-P011	1	IMP-DL-31FF76D7B8-P011	Downloads/theory-of-algebraic-topology-16.tex	Downloads	WORKED_EXAMPLE				NO	NEEDS_EDITORIAL_REVIEW
e6163907f56fda5c36a733a4f89dd9965815057e9d1a75f20cde1b076a1aeb44	SEM-E6163907F56F	IMP-DL-D4351A3BBD-P035	2	IMP-DL-D4351A3BBD-P035;IMP-M2-721AD91C7F-P035	Downloads/theory-of-geometry-IV.tex;MATH-ALLS-2/theory-of-geometry-IV.tex	Downloads;MATH-ALLS-2	PROBLEM	statement	IMP-DL-D4351A3BBD-S011;IMP-M2-721AD91C7F-S011		YES	NEEDS_EDITORIAL_REVIEW
e641fc38bdc625752057049919e9bdc4fb5e669c474027805d9f94971de5b99d	SEM-E641FC38BDC6	IMP-DL-31FF76D7B8-P013	1	IMP-DL-31FF76D7B8-P013	Downloads/theory-of-algebraic-topology-16.tex	Downloads	WORKED_EXAMPLE				NO	NEEDS_EDITORIAL_REVIEW
e662c99c25988fb03bb2e548ed60a8d6578c671a9cf44e742730aad31623b493	SEM-E662C99C2598	IMP-DL-18BC6F795C-P025	1	IMP-DL-18BC6F795C-P025	Downloads/theory-of-algebraic-topology-9.tex	Downloads	WORKED_EXAMPLE	7			NO	NEEDS_EDITORIAL_REVIEW
e66b164188f5fbdf8b6b4b88da5f31613196f0d22b0dc2a2192dea67107dbdb8	SEM-E66B164188F5	IMP-DL-12C1A20716-P021	1	IMP-DL-12C1A20716-P021	Downloads/theory-of-algebraic-topology-10.tex	Downloads	PROBLEM_ITEM				NO	NEEDS_EDITORIAL_REVIEW
e6787f03fbee56c58ded211aba9723477e197226f672ca5d8e1aae5fa7fdfb01	SEM-E6787F03FBEE	IMP-DL-D27460A55B-SPR004142-E6787F03	1	IMP-DL-D27460A55B-SPR004142-E6787F03	Downloads/theory-of-algebraic-geometry-5.tex	Downloads	EXAMPLE	11			NO	NEEDS_EDITORIAL_REVIEW
e6a37d5de92a46ddb7fcc59bded4e57cf6b6d5ae48b71d0fce7bf57f346714b2	SEM-E6A37D5DE92A	IMP-DL-31FF76D7B8-PSR004919-E6A37D5D	1	IMP-DL-31FF76D7B8-PSR004919-E6A37D5D	Downloads/theory-of-algebraic-topology-16.tex	Downloads	EXAMPLE	2			NO	NEEDS_EDITORIAL_REVIEW
e6e9ad7eefb6d3a7ffb0a3a79185aeb25940ffbaa387d9347bed00a2ed01e422	SEM-E6E9AD7EEFB6	IMP-DL-A978FB3162-P064	1	IMP-DL-A978FB3162-P064	Downloads/theory-of-algebraic-topology-4.tex	Downloads	PROBLEM_ITEM				NO	NEEDS_EDITORIAL_REVIEW
e6e9c1946136f73e8e8715eb1429d86f88f3f9413bef8ec093ae9187508cb289	SEM-E6E9C1946136	IMP-DL-2E134BF207-P022	1	IMP-DL-2E134BF207-P022	Downloads/theory-of-algebraic-topology-5.tex	Downloads	PROBLEM_ITEM				NO	NEEDS_EDITORIAL_REVIEW
e6f1f263374bf4f4a777e7f3db40952fb6b79651c147952a92ca6cece955fbba	SEM-E6F1F263374B	IMP-DL-3C59D9EE8B-P124	2	IMP-DL-3C59D9EE8B-P124;IMP-M3-D1A916E0DD-P124	Downloads/theory-of-commutative-algebra-5-professional-v2.tex;MATH_ALLS-3/theory-of-commutative-algebra-5-professional-v2.tex	Downloads;MATH_ALLS-3	PROBLEM_ITEM				NO	NEEDS_EDITORIAL_REVIEW
e75316be4ab0644335ea110253fcb4743618220da28022f0247b51791d7a5233	SEM-E75316BE4AB0	IMP-DL-1068DBED71-P071	4	IMP-DL-1068DBED71-P071;IMP-DL-CAA415139D-P071;IMP-M3-F4E66B2919-P071;IMP-M3-FCB1647DD6-P071	Downloads/theory-of-commutative-algebra-10.tex;Downloads/theory-of-commutative-algebra-9.tex;MATH_ALLS-3/theory-of-commutative-algebra-10.tex;MATH_ALLS-3/theory-of-commutative-algebra-9.tex	Downloads;MATH_ALLS-3	WORKED_EXAMPLE	4			NO	NEEDS_EDITORIAL_REVIEW
e7a98ffebe2ff1a21bdb02b9142ce705e8560903b1863b43143b41628a1e17d8	SEM-E7A98FFEBE2F	IMP-DL-1068DBED71-P019	4	IMP-DL-1068DBED71-P019;IMP-DL-CAA415139D-P019;IMP-M3-F4E66B2919-P019;IMP-M3-FCB1647DD6-P019	Downloads/theory-of-commutative-algebra-10.tex;Downloads/theory-of-commutative-algebra-9.tex;MATH_ALLS-3/theory-of-commutative-algebra-10.tex;MATH_ALLS-3/theory-of-commutative-algebra-9.tex	Downloads;MATH_ALLS-3	WORKED_EXAMPLE				NO	NEEDS_EDITORIAL_REVIEW
e7db17cc614e25529c90b1bcd9ea60c54743c93e84315f81c6fa26a76a729559	SEM-E7DB17CC614E	IMP-DL-316AE183C3-P022	2	IMP-DL-316AE183C3-P022;IMP-M2-303BB87ACE-P022	Downloads/theory-of-analysis-functions.tex;MATH-ALLS-2/theory-of-analysis-functions.tex	Downloads;MATH-ALLS-2	EXERCISE_ITEM				NO	NEEDS_EDITORIAL_REVIEW
e7ec6d67587916c46ea02f9a1ef6d421714dd15e364e875b190bb9af2e05d71d	SEM-E7EC6D675879	IMP-DL-1068DBED71-P006	4	IMP-DL-1068DBED71-P006;IMP-DL-CAA415139D-P006;IMP-M3-F4E66B2919-P006;IMP-M3-FCB1647DD6-P006	Downloads/theory-of-commutative-algebra-10.tex;Downloads/theory-of-commutative-algebra-9.tex;MATH_ALLS-3/theory-of-commutative-algebra-10.tex;MATH_ALLS-3/theory-of-commutative-algebra-9.tex	Downloads;MATH_ALLS-3	WORKED_EXAMPLE				NO	NEEDS_EDITORIAL_REVIEW
e7fdfe70dea5e90e78a86cc43a41baeb01f425d149a1b49175e0366ca4dc2d11	SEM-E7FDFE70DEA5	IMP-DL-0B4CC237FA-P003	1	IMP-DL-0B4CC237FA-P003	Downloads/theory-of-algebraic-geometry-3.tex	Downloads	PROBLEM	13.	IMP-DL-0B4CC237FA-S003		YES	NEEDS_EDITORIAL_REVIEW
e8055ec01fbbc733ed6fe7e68f002f1d3e340aa2a6dcb7c5b9c12b8ecd9da2ec	SEM-E8055EC01FBB	IMP-DL-A978FB3162-R002729-E8055EC0	1	IMP-DL-A978FB3162-R002729-E8055EC0	Downloads/theory-of-algebraic-topology-4.tex	Downloads	PROBLEM	statement			NO	NEEDS_EDITORIAL_REVIEW
e81e6718ab0738698a0abf1ab2aafa6adeeac157c568f38421f0f9179eb10700	SEM-E81E6718AB07	IMP-DL-31FF76D7B8-PSR004144-E81E6718	1	IMP-DL-31FF76D7B8-PSR004144-E81E6718	Downloads/theory-of-algebraic-topology-16.tex	Downloads	EXAMPLE				NO	NEEDS_EDITORIAL_REVIEW
e82006a1c3fcb652de22918969b5bc43c775dd3fb05054306dbf034a12f9efbf	SEM-E82006A1C3FC	IMP-DL-D6E9B3BC73-PSR004126-E82006A1	2	IMP-DL-D6E9B3BC73-PSR004126-E82006A1;IMP-M3-422B74F85F-PSR004123-E82006A1	Downloads/theory-of-algebraic-topology-1.tex;MATH_ALLS-3/theory-of-algebraic-topology-1.tex	Downloads;MATH_ALLS-3	EXAMPLE	3			NO	NEEDS_EDITORIAL_REVIEW
e82aa2cef10cc88b21f2094c3485431eb26b7f43bd8c395aa1c892565236d147	SEM-E82AA2CEF10C	IMP-DL-D18914CBBD-P078	2	IMP-DL-D18914CBBD-P078;IMP-M3-78B3C1B707-P078	Downloads/theory-of-commutative-algebra-11.tex;MATH_ALLS-3/theory-of-commutative-algebra-11.tex	Downloads;MATH_ALLS-3	WORKED_EXAMPLE	over			NO	NEEDS_EDITORIAL_REVIEW
e831ffd05264001e28a2b49e13f8425664fc6503f11d4757ea04d9c3a74213ac	SEM-E831FFD05264	IMP-DL-6447F1B120-P030	1	IMP-DL-6447F1B120-P030	Downloads/theory-of-algebraic-topology-11.tex	Downloads	WORKED_EXAMPLE	1			NO	NEEDS_EDITORIAL_REVIEW
e8466b9d027055e5c4e1088480543fb0db25ee99bd8af19693b6bae3231125f9	SEM-E8466B9D0270	IMP-DL-CB3C80FF97-P037	2	IMP-DL-CB3C80FF97-P037;IMP-M2-7B5A4788C1-P037	Downloads/theory-of-complex-analysis-topology.tex;MATH-ALLS-2/theory-of-complex-analysis-topology.tex	Downloads;MATH-ALLS-2	PROBLEM_ITEM				NO	NEEDS_EDITORIAL_REVIEW
e85d578857312c7c0cce325adea9552f7649ab1e1ec6a7ff718d5695e8aeca2f	SEM-E85D57885731	IMP-DL-A978FB3162-P026	1	IMP-DL-A978FB3162-P026	Downloads/theory-of-algebraic-topology-4.tex	Downloads	PROBLEM_ITEM				NO	NEEDS_EDITORIAL_REVIEW
e85f2217c21ed993d2551d48daa9e8ee0fabde4fdd9fea355f22e2e379b8ddfd	SEM-E85F2217C21E	IMP-DL-0E3E7EC766-P009	2	IMP-DL-0E3E7EC766-P009;IMP-DL-0E3E7EC766-R002795-E85F2217	Downloads/theory-of-algebraic-geometry-1.tex	Downloads	EXERCISE				NO	NEEDS_EDITORIAL_REVIEW
e870f4c8a403656da2cde117e6b716b7e16f493147281c8f2c3b959eb4df9e52	SEM-E870F4C8A403	IMP-DL-1068DBED71-P039	4	IMP-DL-1068DBED71-P039;IMP-DL-CAA415139D-P039;IMP-M3-F4E66B2919-P039;IMP-M3-FCB1647DD6-P039	Downloads/theory-of-commutative-algebra-10.tex;Downloads/theory-of-commutative-algebra-9.tex;MATH_ALLS-3/theory-of-commutative-algebra-10.tex;MATH_ALLS-3/theory-of-commutative-algebra-9.tex	Downloads;MATH_ALLS-3	WORKED_EXAMPLE	2			NO	NEEDS_EDITORIAL_REVIEW
e88fb45313e8f80d4088f4b075b5f442f7f2669de7f92133da28baf3e73b8a8a	SEM-E88FB45313E8	IMP-DL-0AC5ADA26C-P030	1	IMP-DL-0AC5ADA26C-P030	Downloads/theory-of-algebraic-topology-8.tex	Downloads	WORKED_EXAMPLE	1			NO	NEEDS_EDITORIAL_REVIEW
e8a4b83201dd7016501b282aed521228bb667c7f03ff0da7659be5ebc426137d	SEM-E8A4B83201DD	IMP-DL-D4351A3BBD-P019	2	IMP-DL-D4351A3BBD-P019;IMP-M2-721AD91C7F-P019	Downloads/theory-of-geometry-IV.tex;MATH-ALLS-2/theory-of-geometry-IV.tex	Downloads;MATH-ALLS-2	PROBLEM_ITEM				NO	NEEDS_EDITORIAL_REVIEW
e8e53426dbad15b1172285e365033fc469e7552ff91af0b037126330867a0295	SEM-E8E53426DBAD	IMP-DL-A978FB3162-P040	1	IMP-DL-A978FB3162-P040	Downloads/theory-of-algebraic-topology-4.tex	Downloads	PROBLEM_ITEM				NO	NEEDS_EDITORIAL_REVIEW
e8f4ff2523e12c8cdaa2cd3d6dd4211c06f87dccac7a48c4130b86261f3b8b90	SEM-E8F4FF2523E1	IMP-DL-0B4CC237FA-SPR001988-E8F4FF25	1	IMP-DL-0B4CC237FA-SPR001988-E8F4FF25	Downloads/theory-of-algebraic-geometry-3.tex	Downloads	EXAMPLE	1.			NO	NEEDS_EDITORIAL_REVIEW
e90913a13de91635d73a6d5a1535e9076f4953510202834b690f8b2a8f90e9f0	SEM-E90913A13DE9	IMP-DL-721195CCB5-PSR005225-E90913A1	1	IMP-DL-721195CCB5-PSR005225-E90913A1	Downloads/theory-of-algebraic-geometry-11.tex	Downloads	EXAMPLE	2			NO	NEEDS_EDITORIAL_REVIEW
e9113fbfdebb3b650b224b82a8bb8990a34fc56228eebea3a2b34e61d5c0d34d	SEM-E9113FBFDEBB	IMP-DL-6447F1B120-R001927-E9113FBF	1	IMP-DL-6447F1B120-R001927-E9113FBF	Downloads/theory-of-algebraic-topology-11.tex	Downloads	EXAMPLE	2			NO	NEEDS_EDITORIAL_REVIEW
e9124af611f7b1d7d6ccd091b01bbec62fe22710e61caa2e82a35720848232a5	SEM-E9124AF611F7	IMP-DL-314EAD1F3C-R002640-E9124AF6	1	IMP-DL-314EAD1F3C-R002640-E9124AF6	Downloads/theory-of-algebraic-topology-12.tex	Downloads	EXAMPLE	13.4.			NO	NEEDS_EDITORIAL_REVIEW
e9259fff2842f4e58f67c3e677e1588b4e00694c17b1d880d857f101d48f9f7e	SEM-E9259FFF2842	IMP-DL-3CA1CB77F7-P041	4	IMP-DL-3CA1CB77F7-P041;IMP-DL-3CA1CB77F7-R004728-E9259FFF;IMP-M2-F08D4144EA-P041;IMP-M2-F08D4144EA-R004728-E9259FFF	Downloads/theory-of-analysis-numbers.tex;MATH-ALLS-2/theory-of-analysis-numbers.tex	Downloads;MATH-ALLS-2	EXAMPLE;WORKED_EXAMPLE	sqrt7			NO	NEEDS_EDITORIAL_REVIEW
e92e4d577f07d8424c133b1f33a169ade2d758e578578cae6e2613b451a6fbc1	SEM-E92E4D577F07	IMP-DL-721195CCB5-PSR002713-E92E4D57	1	IMP-DL-721195CCB5-PSR002713-E92E4D57	Downloads/theory-of-algebraic-geometry-11.tex	Downloads	EXAMPLE	4			NO	NEEDS_EDITORIAL_REVIEW
e950bcc5dd5b53fa2714666aa655ed7682e2e14803afffe6e9f67565a8c11b40	SEM-E950BCC5DD5B	IMP-DL-3E276561C4-P031	4	IMP-DL-3E276561C4-P031;IMP-DL-3E276561C4-R003070-E950BCC5;IMP-M3-AB2FCA292B-P031;IMP-M3-AB2FCA292B-R003070-E950BCC5	Downloads/theory-of-linear-algebra-1.tex;MATH_ALLS-3/theory-of-linear-algebra-1.tex	Downloads;MATH_ALLS-3	PROBLEM	13	IMP-DL-3E276561C4-S039;IMP-DL-3E276561C4-S040;IMP-DL-3E276561C4-S041;IMP-DL-3E276561C4-S042;IMP-DL-3E276561C4-S047;IMP-DL-3E276561C4-S048;IMP-DL-3E276561C4-S049;IMP-DL-3E276561C4-S050;IMP-M3-AB2FCA292B-S039;IMP-M3-AB2FCA292B-S040;IMP-M3-AB2FCA292B-S041;IMP-M3-AB2FCA292B-S042;IMP-M3-AB2FCA292B-S047;IMP-M3-AB2FCA292B-S048;IMP-M3-AB2FCA292B-S049;IMP-M3-AB2FCA292B-S050		YES	NEEDS_EDITORIAL_REVIEW
e953e4eee74d499794046571f54da5eadc6ab1a5d7c25f5ecb1988ca33b23fb0	SEM-E953E4EEE74D	IMP-DL-38CE6DEB56-P010	2	IMP-DL-38CE6DEB56-P010;IMP-M3-D19BB3C803-P010	Downloads/theory-of-commutative-algebra-14.tex;MATH_ALLS-3/theory-of-commutative-algebra-14.tex	Downloads;MATH_ALLS-3	WORKED_EXAMPLE	6			NO	NEEDS_EDITORIAL_REVIEW
e96a7c9fcc977ff302ebecfad4e591c21edd4f95e4d004fc9155ec58533f152d	SEM-E96A7C9FCC97	IMP-DL-0B4CC237FA-SPR002358-E96A7C9F	1	IMP-DL-0B4CC237FA-SPR002358-E96A7C9F	Downloads/theory-of-algebraic-geometry-3.tex	Downloads	EXAMPLE	7.			NO	NEEDS_EDITORIAL_REVIEW
e98b0add862e0c096bbfbc36dc8f0c611ddd458ce819637d069268ddd97f23b6	SEM-E98B0ADD862E	IMP-DL-873C6F4098-P033	2	IMP-DL-873C6F4098-P033;IMP-M2-CFC28ED568-P033	Downloads/theory-of-analysis-II.tex;MATH-ALLS-2/theory-of-analysis-II.tex	Downloads;MATH-ALLS-2	PROBLEM_ITEM				NO	NEEDS_EDITORIAL_REVIEW
e998e307a0e7532b182f0d542df310b3f802d87607571dd37125899a7c783e53	SEM-E998E307A0E7	IMP-DL-183AD43C4C-R001766-E998E307	4	IMP-DL-183AD43C4C-R001766-E998E307;IMP-DL-20E278E436-R001708-E998E307;IMP-M2-1895C43FC6-R001766-E998E307;IMP-M2-50B0B212DD-R001708-E998E307	Downloads/merged_exercises_FULL_v2 (1).tex;Downloads/theory-of-real-analysis.tex;MATH-ALLS-2/merged_exercises_FULL_v2 (1).tex;MATH-ALLS-2/theory-of-real-analysis.tex	Downloads;MATH-ALLS-2	EXERCISE	7.3	IMP-DL-183AD43C4C-S042;IMP-DL-20E278E436-S042;IMP-M2-1895C43FC6-S042;IMP-M2-50B0B212DD-S042		YES	NEEDS_EDITORIAL_REVIEW
e99e76670b92d486b635cb6f2f6e651b9af7fdf1d27a923ba980ad4797ba658d	SEM-E99E76670B92	IMP-DL-3C59D9EE8B-P007	6	IMP-DL-3C59D9EE8B-P007;IMP-DL-40E9B7EE44-P007;IMP-DL-E1F1BB4192-P007;IMP-M3-0D398C7F27-P007;IMP-M3-17140B7F4C-P007;IMP-M3-D1A916E0DD-P007	Downloads/theory-of-commutative-algebra-5-professional-v2.tex;Downloads/theory-of-commutative-algebra-5-professional.tex;Downloads/theory-of-commutative-algebra-5.tex;MATH_ALLS-3/theory-of-commutative-algebra-5-professional-v2.tex;MATH_ALLS-3/theory-of-commutative-algebra-5-professional.tex;MATH_ALLS-3/theory-of-commutative-algebra-5.tex	Downloads;MATH_ALLS-3	PROBLEM	10	IMP-DL-3C59D9EE8B-S012;IMP-DL-40E9B7EE44-S012;IMP-DL-E1F1BB4192-S012;IMP-M3-0D398C7F27-S012;IMP-M3-17140B7F4C-S012;IMP-M3-D1A916E0DD-S012		YES	NEEDS_EDITORIAL_REVIEW
e9ca6d6bd3b492bf084a422f7a223aef6d952dd9a158fa0bd30427f3b8845de5	SEM-E9CA6D6BD3B4	IMP-DL-E532B44856-P020	2	IMP-DL-E532B44856-P020;IMP-M2-C037D998D4-P020	Downloads/theory-of-analysis-functions-II.tex;MATH-ALLS-2/theory-of-analysis-functions-II.tex	Downloads;MATH-ALLS-2	WORKED_EXAMPLE	A			NO	NEEDS_EDITORIAL_REVIEW
ea0aa9ddf8345e005497b80e8df7c1232b4aa55fb4fe5067c117e1c8892bf374	SEM-EA0AA9DDF834	IMP-DL-A978FB3162-P054	1	IMP-DL-A978FB3162-P054	Downloads/theory-of-algebraic-topology-4.tex	Downloads	PROBLEM_ITEM				NO	NEEDS_EDITORIAL_REVIEW
ea1290b802a1766a5dab3ca596ee48a3d0cc6b10a6dbcd766089c0ce73f1825c	SEM-EA1290B802A1	IMP-DL-4DEBE28720-P032	2	IMP-DL-4DEBE28720-P032;IMP-M3-8E395763C8-P032	Downloads/theory-of-commutative-algebra-13.tex;MATH_ALLS-3/theory-of-commutative-algebra-13.tex	Downloads;MATH_ALLS-3	WORKED_EXAMPLE	in			NO	NEEDS_EDITORIAL_REVIEW
ea43895b64534ef8aac8ccbdf0bc0fa0cd4759840ea9a64a6093fc478ea08914	SEM-EA43895B6453	IMP-DL-535B6F59C6-SPR002035-EA43895B	2	IMP-DL-535B6F59C6-SPR002035-EA43895B;IMP-M3-0753B8F46B-SPR002035-EA43895B	Downloads/theory-of-commutative-algebra-4.tex;MATH_ALLS-3/theory-of-commutative-algebra-4.tex	Downloads;MATH_ALLS-3	EXAMPLE	6.			NO	NEEDS_EDITORIAL_REVIEW
ea727c8ec90c9e731f2afcde32a775d272cbb7072961de226fc647e84569a59d	SEM-EA727C8EC90C	IMP-DL-3C59D9EE8B-P003	6	IMP-DL-3C59D9EE8B-P003;IMP-DL-40E9B7EE44-P003;IMP-DL-E1F1BB4192-P003;IMP-M3-0D398C7F27-P003;IMP-M3-17140B7F4C-P003;IMP-M3-D1A916E0DD-P003	Downloads/theory-of-commutative-algebra-5-professional-v2.tex;Downloads/theory-of-commutative-algebra-5-professional.tex;Downloads/theory-of-commutative-algebra-5.tex;MATH_ALLS-3/theory-of-commutative-algebra-5-professional-v2.tex;MATH_ALLS-3/theory-of-commutative-algebra-5-professional.tex;MATH_ALLS-3/theory-of-commutative-algebra-5.tex	Downloads;MATH_ALLS-3	PROBLEM	5	IMP-DL-3C59D9EE8B-S007;IMP-DL-40E9B7EE44-S007;IMP-DL-E1F1BB4192-S007;IMP-M3-0D398C7F27-S007;IMP-M3-17140B7F4C-S007;IMP-M3-D1A916E0DD-S007		YES	NEEDS_EDITORIAL_REVIEW
ea76184e76d88df98149abeaff97ea811d0520fad9fcfa408f3dea5c3f39da39	SEM-EA76184E76D8	IMP-DL-D6E9B3BC73-R001553-EA76184E	2	IMP-DL-D6E9B3BC73-R001553-EA76184E;IMP-M3-422B74F85F-R001550-EA76184E	Downloads/theory-of-algebraic-topology-1.tex;MATH_ALLS-3/theory-of-algebraic-topology-1.tex	Downloads;MATH_ALLS-3	EXAMPLE	4	IMP-DL-D6E9B3BC73-S004;IMP-M3-422B74F85F-S004		YES	NEEDS_EDITORIAL_REVIEW
ea820d135559b2467cce6fb08a07d0bf3a0cc216da737e6ee4b353523fe91384	SEM-EA820D135559	IMP-DL-316AE183C3-P011	2	IMP-DL-316AE183C3-P011;IMP-M2-303BB87ACE-P011	Downloads/theory-of-analysis-functions.tex;MATH-ALLS-2/theory-of-analysis-functions.tex	Downloads;MATH-ALLS-2	EXERCISE	8			NO	NEEDS_EDITORIAL_REVIEW
ea8b8d5c1f7325caa10a234ac23d1703c8b77d4818fced7f95e0269aa24b23d6	SEM-EA8B8D5C1F73	IMP-DL-D4351A3BBD-P007	2	IMP-DL-D4351A3BBD-P007;IMP-M2-721AD91C7F-P007	Downloads/theory-of-geometry-IV.tex;MATH-ALLS-2/theory-of-geometry-IV.tex	Downloads;MATH-ALLS-2	PROBLEM_ITEM				NO	NEEDS_EDITORIAL_REVIEW
eab551412316f7addb4ff71452324914c66953074cb0a2d03c1437ddfabeb2bc	SEM-EAB551412316	IMP-DL-183AD43C4C-P015	6	IMP-DL-183AD43C4C-P015;IMP-DL-20E278E436-P015;IMP-DL-E69AEC0DA9-P015;IMP-M2-1895C43FC6-P015;IMP-M2-50B0B212DD-P015;IMP-M2-BC23C57F39-P015	Downloads/merged_exercises_FULL_v2 (1).tex;Downloads/merged_exercises_corrected (4).tex;Downloads/theory-of-real-analysis.tex;MATH-ALLS-2/merged_exercises_FULL_v2 (1).tex;MATH-ALLS-2/merged_exercises_corrected (4).tex;MATH-ALLS-2/theory-of-real-analysis.tex	Downloads;MATH-ALLS-2	EXERCISE	3.1			NO	NEEDS_EDITORIAL_REVIEW
ead4d3fc0af836c6d5df83ecb242b879628260c84be38ca39a1458fc3a50f401	SEM-EAD4D3FC0AF8	IMP-DL-15679DEE8D-P024	12	IMP-DL-15679DEE8D-P024;IMP-DL-15679DEE8D-R003509-EAD4D3FC;IMP-DL-3CA1CB77F7-P024;IMP-DL-3CA1CB77F7-R003512-EAD4D3FC;IMP-DL-E0A96454A5-P024;IMP-DL-E0A96454A5-R003509-EAD4D3FC;IMP-M2-1D2863B81A-P024;IMP-M2-1D2863B81A-R003509-EAD4D3FC;IMP-M2-D47CB97304-P024;IMP-M2-D47CB97304-R003509-EAD4D3FC;IMP-M2-F08D4144EA-P024;IMP-M2-F08D4144EA-R003512-EAD4D3FC	Downloads/theory-of-analysis - Copy.tex;Downloads/theory-of-analysis-numbers.tex;Downloads/theory-of-analysis.tex;MATH-ALLS-2/theory-of-analysis - Copy.tex;MATH-ALLS-2/theory-of-analysis-numbers.tex;MATH-ALLS-2/theory-of-analysis.tex	Downloads;MATH-ALLS-2	EXERCISE				NO	NEEDS_EDITORIAL_REVIEW
eae3dbb17bb9f36973c0208a76052d1ae7d770f2119de70eb74c89b85c837c55	SEM-EAE3DBB17BB9	IMP-DL-A99C7658F3-PSR003024-EAE3DBB1	1	IMP-DL-A99C7658F3-PSR003024-EAE3DBB1	Downloads/theory-of-algebraic-geometry-2.tex	Downloads	EXAMPLE				NO	NEEDS_EDITORIAL_REVIEW
eb054333464a595093e1cc83f9eaece1f577b0a3852d63a2663e7de1b22ca01f	SEM-EB054333464A	IMP-DL-A978FB3162-P071	1	IMP-DL-A978FB3162-P071	Downloads/theory-of-algebraic-topology-4.tex	Downloads	WORKED_EXAMPLE	2			NO	NEEDS_EDITORIAL_REVIEW
eb115e4a0685fff91315ffc8eb49a55e980b5d2505d2786c352273cf424867d6	SEM-EB115E4A0685	IMP-DL-CB3C80FF97-P002	2	IMP-DL-CB3C80FF97-P002;IMP-M2-7B5A4788C1-P002	Downloads/theory-of-complex-analysis-topology.tex;MATH-ALLS-2/theory-of-complex-analysis-topology.tex	Downloads;MATH-ALLS-2	PROBLEM				NO	NEEDS_EDITORIAL_REVIEW
eb232e6046cf73f10fb36cdf2e39974e99a72fef0bdbab40777e3c477a553595	SEM-EB232E6046CF	IMP-DL-98972A6B93-P035	2	IMP-DL-98972A6B93-P035;IMP-M2-355EA0996F-P035	Downloads/theory-of-geometry-II.tex;MATH-ALLS-2/theory-of-geometry-II.tex	Downloads;MATH-ALLS-2	PROBLEM_ITEM				NO	NEEDS_EDITORIAL_REVIEW
eb305f6eb3f338f9de5cd709e136fa74cedef3100007876d67c127346fc7420b	SEM-EB305F6EB3F3	IMP-DL-38CE6DEB56-P011	2	IMP-DL-38CE6DEB56-P011;IMP-M3-D19BB3C803-P011	Downloads/theory-of-commutative-algebra-14.tex;MATH_ALLS-3/theory-of-commutative-algebra-14.tex	Downloads;MATH_ALLS-3	WORKED_EXAMPLE	8			NO	NEEDS_EDITORIAL_REVIEW
eb39d925955e60540da7f56e34b4f6fda93cc37bafce1bb6ca64a2d1730021f5	SEM-EB39D925955E	IMP-DL-3C59D9EE8B-P079	2	IMP-DL-3C59D9EE8B-P079;IMP-M3-D1A916E0DD-P079	Downloads/theory-of-commutative-algebra-5-professional-v2.tex;MATH_ALLS-3/theory-of-commutative-algebra-5-professional-v2.tex	Downloads;MATH_ALLS-3	PROBLEM_ITEM				NO	NEEDS_EDITORIAL_REVIEW
eb43b8dcf08acbc73ea8fe2fe38eec314b45606d99bc164130d3bb6df5c73627	SEM-EB43B8DCF08A	IMP-DL-183AD43C4C-R001946-EB43B8DC	4	IMP-DL-183AD43C4C-R001946-EB43B8DC;IMP-DL-20E278E436-R001888-EB43B8DC;IMP-M2-1895C43FC6-R001946-EB43B8DC;IMP-M2-50B0B212DD-R001888-EB43B8DC	Downloads/merged_exercises_FULL_v2 (1).tex;Downloads/theory-of-real-analysis.tex;MATH-ALLS-2/merged_exercises_FULL_v2 (1).tex;MATH-ALLS-2/theory-of-real-analysis.tex	Downloads;MATH-ALLS-2	EXERCISE	8.4	IMP-DL-183AD43C4C-S051;IMP-DL-20E278E436-S051;IMP-M2-1895C43FC6-S051;IMP-M2-50B0B212DD-S051		YES	NEEDS_EDITORIAL_REVIEW
eb62685d643e2e01e7377d1c675103c4aaef4afe6cd650f92d10daf483d098ce	SEM-EB62685D643E	IMP-DL-4A78994322-ORR001194-EB62685D	1	IMP-DL-4A78994322-ORR001194-EB62685D	Downloads/theory-of-complex-analysis-gamma.tex	Downloads	PROBLEM		IMP-DL-4A78994322-S003;IMP-M2-40596E1FB5-S003		YES	NEEDS_EDITORIAL_REVIEW
eb7c0e962334380400d054607df4d3af057507fbed950a2b2b3d4229906a1480	SEM-EB7C0E962334	IMP-DL-4DEBE28720-P107	2	IMP-DL-4DEBE28720-P107;IMP-M3-8E395763C8-P107	Downloads/theory-of-commutative-algebra-13.tex;MATH_ALLS-3/theory-of-commutative-algebra-13.tex	Downloads;MATH_ALLS-3	WORKED_EXAMPLE	10			NO	NEEDS_EDITORIAL_REVIEW
eb832d3ea99cf247a83da07bdf2ec28082c225c2bf79d0adfbeed215426ca0f6	SEM-EB832D3EA99C	IMP-DL-183AD43C4C-R001801-EB832D3E	4	IMP-DL-183AD43C4C-R001801-EB832D3E;IMP-DL-20E278E436-R001743-EB832D3E;IMP-M2-1895C43FC6-R001801-EB832D3E;IMP-M2-50B0B212DD-R001743-EB832D3E	Downloads/merged_exercises_FULL_v2 (1).tex;Downloads/theory-of-real-analysis.tex;MATH-ALLS-2/merged_exercises_FULL_v2 (1).tex;MATH-ALLS-2/theory-of-real-analysis.tex	Downloads;MATH-ALLS-2	EXERCISE	7.5	IMP-DL-183AD43C4C-S044;IMP-DL-20E278E436-S044;IMP-M2-1895C43FC6-S044;IMP-M2-50B0B212DD-S044		YES	NEEDS_EDITORIAL_REVIEW
eb936369c9d97dcf3c7ff5e960acd3c80ebbbfb75f72cb253f8a2d89cbbc52cf	SEM-EB936369C9D9	IMP-DL-3E276561C4-P038	2	IMP-DL-3E276561C4-P038;IMP-M3-AB2FCA292B-P038	Downloads/theory-of-linear-algebra-1.tex;MATH_ALLS-3/theory-of-linear-algebra-1.tex	Downloads;MATH_ALLS-3	PROBLEM	8	IMP-DL-3E276561C4-S058;IMP-M3-AB2FCA292B-S058		YES	NEEDS_EDITORIAL_REVIEW
eb9bc57e34272bf2aaccba039e1ba4facf5177fc92249bd62787ac0f7f0b3000	SEM-EB9BC57E3427	IMP-DL-40BD8D3E26-R001159-EB9BC57E	2	IMP-DL-40BD8D3E26-R001159-EB9BC57E;IMP-M2-0384991A85-R001159-EB9BC57E	Downloads/theory-of-geometry-2.tex;MATH-ALLS-2/theory-of-geometry-2.tex	Downloads;MATH-ALLS-2	EXERCISE	4			NO	NEEDS_EDITORIAL_REVIEW
ebcb8429cc8005c9cba4be246aefa5b6d46ad4f9bf1d0fbf9ea2bb3f958e32e5	SEM-EBCB8429CC80	IMP-DL-40E9B7EE44-R003812-EBCB8429	2	IMP-DL-40E9B7EE44-R003812-EBCB8429;IMP-M3-17140B7F4C-R003812-EBCB8429	Downloads/theory-of-commutative-algebra-5-professional.tex;MATH_ALLS-3/theory-of-commutative-algebra-5-professional.tex	Downloads;MATH_ALLS-3	PROBLEM	13			NO	NEEDS_EDITORIAL_REVIEW
ebe49c04474ba9edcdb7f1a5c5285d29126d8fa48274749f9332ae4ac3ca4852	SEM-EBE49C04474B	IMP-DL-721195CCB5-PSR002927-EBE49C04	1	IMP-DL-721195CCB5-PSR002927-EBE49C04	Downloads/theory-of-algebraic-geometry-11.tex	Downloads	EXAMPLE	10			NO	NEEDS_EDITORIAL_REVIEW
ebeff8a1934d52dd6b71a2237f1c6c5349ab870cb8f148b33ab0a38b434a5cb1	SEM-EBEFF8A1934D	IMP-DL-A978FB3162-P035	1	IMP-DL-A978FB3162-P035	Downloads/theory-of-algebraic-topology-4.tex	Downloads	PROBLEM_ITEM				NO	NEEDS_EDITORIAL_REVIEW
ec26cda4806c39751899e9bfa4967ab09a7240643892adfdc2f36865304572b2	SEM-EC26CDA4806C	IMP-DL-104BB7EB92-P001	2	IMP-DL-104BB7EB92-P001;IMP-M2-DF2D8AC597-P001	Downloads/merged_exercises (3).tex;MATH-ALLS-2/merged_exercises (3).tex	Downloads;MATH-ALLS-2	EXERCISE	3.1			NO	NEEDS_EDITORIAL_REVIEW
ec31eede57cea111aed13fa6404478dfd407b187ef84e742871527750d8d591c	SEM-EC31EEDE57CE	IMP-DL-117191C0EC-P018	2	IMP-DL-117191C0EC-P018;IMP-M2-40A546CAA2-P018	Downloads/theory-of-analysis-topics.tex;MATH-ALLS-2/theory-of-analysis-topics.tex	Downloads;MATH-ALLS-2	PROBLEM	1	IMP-DL-117191C0EC-S009;IMP-M2-40A546CAA2-S009		YES	NEEDS_EDITORIAL_REVIEW
ec40db4a8b84e8bef4f797ba241473d6b59f0158603ce022d58a697c6957fc71	SEM-EC40DB4A8B84	IMP-DL-35223EB1F7-R002640-EC40DB4A	1	IMP-DL-35223EB1F7-R002640-EC40DB4A	Downloads/theory-of-algebraic-topology-6.tex	Downloads	PROBLEM	8			NO	NEEDS_EDITORIAL_REVIEW
ec5bc287d5c562adeb205e1f6f7ed648ebe0535d496055f22cdc2fe131ac1258	SEM-EC5BC287D5C5	IMP-DL-1068DBED71-P055	4	IMP-DL-1068DBED71-P055;IMP-DL-CAA415139D-P055;IMP-M3-F4E66B2919-P055;IMP-M3-FCB1647DD6-P055	Downloads/theory-of-commutative-algebra-10.tex;Downloads/theory-of-commutative-algebra-9.tex;MATH_ALLS-3/theory-of-commutative-algebra-10.tex;MATH_ALLS-3/theory-of-commutative-algebra-9.tex	Downloads;MATH_ALLS-3	WORKED_EXAMPLE	7			NO	NEEDS_EDITORIAL_REVIEW
ecb4d42054bc2b79fd0ca47edbb0edff5a813e8be192a75f510ee99fc5740a8b	SEM-ECB4D42054BC	IMP-DL-724FD8B7B1-P013	2	IMP-DL-724FD8B7B1-P013;IMP-M3-51E6A44D55-P013	Downloads/theory-of-commutative-algebra-1.tex;MATH_ALLS-3/theory-of-commutative-algebra-1.tex	Downloads;MATH_ALLS-3	PROBLEM	2	IMP-DL-724FD8B7B1-S013;IMP-M3-51E6A44D55-S013		YES	NEEDS_EDITORIAL_REVIEW
ecc5e2d7fb2a1727c876c7bc75be73cdebcc5daec7d8ace67a3d78e9818ae096	SEM-ECC5E2D7FB2A	IMP-DL-3C59D9EE8B-P115	2	IMP-DL-3C59D9EE8B-P115;IMP-M3-D1A916E0DD-P115	Downloads/theory-of-commutative-algebra-5-professional-v2.tex;MATH_ALLS-3/theory-of-commutative-algebra-5-professional-v2.tex	Downloads;MATH_ALLS-3	PROBLEM_ITEM				NO	NEEDS_EDITORIAL_REVIEW
eccb22d1a52c6d74babad832a5ea3fb2ff24655032f7092e3483b9f3298cb3a0	SEM-ECCB22D1A52C	IMP-DL-40BD8D3E26-R001281-ECCB22D1	2	IMP-DL-40BD8D3E26-R001281-ECCB22D1;IMP-M2-0384991A85-R001281-ECCB22D1	Downloads/theory-of-geometry-2.tex;MATH-ALLS-2/theory-of-geometry-2.tex	Downloads;MATH-ALLS-2	EXERCISE	4			NO	NEEDS_EDITORIAL_REVIEW
ecd407e12d75e78efb2985ac4074938223d65ecfa6f4f2de65829f7ce4472b1e	SEM-ECD407E12D75	IMP-DL-2370D81D66-P048	2	IMP-DL-2370D81D66-P048;IMP-M2-D036BAB254-P048	Downloads/theory-of-analysis-FD.tex;MATH-ALLS-2/theory-of-analysis-FD.tex	Downloads;MATH-ALLS-2	EXERCISE_ITEM				NO	NEEDS_EDITORIAL_REVIEW
ecd9282eabd2904a447bb4e1a23be5bd37afd4ebc16e6b2bba506b76c4b97522	SEM-ECD9282EABD2	IMP-DL-316AE183C3-P033	2	IMP-DL-316AE183C3-P033;IMP-M2-303BB87ACE-P033	Downloads/theory-of-analysis-functions.tex;MATH-ALLS-2/theory-of-analysis-functions.tex	Downloads;MATH-ALLS-2	EXERCISE_ITEM				NO	NEEDS_EDITORIAL_REVIEW
ecec0174edc41e540676d4fdb961a02478534caa2a22ee76af503e334ae7da62	SEM-ECEC0174EDC4	IMP-DL-1068DBED71-P072	4	IMP-DL-1068DBED71-P072;IMP-DL-CAA415139D-P072;IMP-M3-F4E66B2919-P072;IMP-M3-FCB1647DD6-P072	Downloads/theory-of-commutative-algebra-10.tex;Downloads/theory-of-commutative-algebra-9.tex;MATH_ALLS-3/theory-of-commutative-algebra-10.tex;MATH_ALLS-3/theory-of-commutative-algebra-9.tex	Downloads;MATH_ALLS-3	WORKED_EXAMPLE	5			NO	NEEDS_EDITORIAL_REVIEW
ed0e00bfc2183a1fa1f14ea3461a67404f9aeea358a247ad0c23b8f232cc18d5	SEM-ED0E00BFC218	IMP-DL-1068DBED71-P049	4	IMP-DL-1068DBED71-P049;IMP-DL-CAA415139D-P049;IMP-M3-F4E66B2919-P049;IMP-M3-FCB1647DD6-P049	Downloads/theory-of-commutative-algebra-10.tex;Downloads/theory-of-commutative-algebra-9.tex;MATH_ALLS-3/theory-of-commutative-algebra-10.tex;MATH_ALLS-3/theory-of-commutative-algebra-9.tex	Downloads;MATH_ALLS-3	WORKED_EXAMPLE	1			NO	NEEDS_EDITORIAL_REVIEW
ed230541327264e5305c44b7d8cf82dff0338b338221c3303e93195ad2d7e0bd	SEM-ED2305413272	IMP-DL-8016517B0A-P039	3	IMP-DL-8016517B0A-P039;IMP-M2-2B58694CBF-P039;IMP-M3-911366A7C5-P039	Downloads/theory-of-differential-geometry-1.tex;MATH-ALLS-2/theory-of-differential-geometry-1.tex;MATH_ALLS-3/theory-of-differential-geometry-1.tex	Downloads;MATH-ALLS-2;MATH_ALLS-3	PROBLEM	9			NO	NEEDS_EDITORIAL_REVIEW
ed5a8f12536e15e3e46f5c987acc83bfad67ed6cbe846d7962b4dda464c60193	SEM-ED5A8F12536E	IMP-DL-316AE183C3-P037	2	IMP-DL-316AE183C3-P037;IMP-M2-303BB87ACE-P037	Downloads/theory-of-analysis-functions.tex;MATH-ALLS-2/theory-of-analysis-functions.tex	Downloads;MATH-ALLS-2	EXERCISE_ITEM				NO	NEEDS_EDITORIAL_REVIEW
ed6254ca35186f0511e7648028ab864a1f879b4188631d88282edfe4401a7049	SEM-ED6254CA3518	IMP-DL-14663C23F1-R000828-ED6254CA	2	IMP-DL-14663C23F1-R000828-ED6254CA;IMP-M2-155017A9AF-R000828-ED6254CA	Downloads/theory-of-geometry-III.tex;MATH-ALLS-2/theory-of-geometry-III.tex	Downloads;MATH-ALLS-2	EXAMPLE				NO	NEEDS_EDITORIAL_REVIEW
ed6497e962ae577436aa6073dec0dab38672365a73a32314f14f2d79ce825762	SEM-ED6497E962AE	IMP-DL-4DEBE28720-P053	2	IMP-DL-4DEBE28720-P053;IMP-M3-8E395763C8-P053	Downloads/theory-of-commutative-algebra-13.tex;MATH_ALLS-3/theory-of-commutative-algebra-13.tex	Downloads;MATH_ALLS-3	EXERCISE_ITEM				NO	NEEDS_EDITORIAL_REVIEW
ed7567495bef1d7e32a693691106c3f3ef965452747f42f408bf95b57c054f3b	SEM-ED7567495BEF	IMP-DL-6B513C0C2F-PSR001132-ED756749	1	IMP-DL-6B513C0C2F-PSR001132-ED756749	Downloads/theory-of-algebraic-geometry-10.tex	Downloads	EXAMPLE	6			NO	NEEDS_EDITORIAL_REVIEW
ed76f9c6f9d7889b47dcde6c673d78a536229a15ae4b6622df7f55d80ec090af	SEM-ED76F9C6F9D7	IMP-DL-D4351A3BBD-P034	2	IMP-DL-D4351A3BBD-P034;IMP-M2-721AD91C7F-P034	Downloads/theory-of-geometry-IV.tex;MATH-ALLS-2/theory-of-geometry-IV.tex	Downloads;MATH-ALLS-2	PROBLEM	8	IMP-DL-D4351A3BBD-S010;IMP-M2-721AD91C7F-S010		YES	NEEDS_EDITORIAL_REVIEW
ed84dd91450b683a3b8ba9552626afd998a5f94f62454645bdd27b56c56c26e2	SEM-ED84DD91450B	IMP-DL-2370D81D66-P009	2	IMP-DL-2370D81D66-P009;IMP-M2-D036BAB254-P009	Downloads/theory-of-analysis-FD.tex;MATH-ALLS-2/theory-of-analysis-FD.tex	Downloads;MATH-ALLS-2	EXERCISE_ITEM	(b)			NO	NEEDS_EDITORIAL_REVIEW
ed8d0031f8b720da1c1d69e3cd49f7559bb555ad47a25795513813f684fe4883	SEM-ED8D0031F8B7	IMP-DL-38CE6DEB56-P003	2	IMP-DL-38CE6DEB56-P003;IMP-M3-D19BB3C803-P003	Downloads/theory-of-commutative-algebra-14.tex;MATH_ALLS-3/theory-of-commutative-algebra-14.tex	Downloads;MATH_ALLS-3	WORKED_EXAMPLE	3			NO	NEEDS_EDITORIAL_REVIEW
eda21fc2c379091d5b8f4715fc1a1774c240c5268761515de65ecf3a00d92e64	SEM-EDA21FC2C379	IMP-DL-18BC6F795C-P001	1	IMP-DL-18BC6F795C-P001	Downloads/theory-of-algebraic-topology-9.tex	Downloads	WORKED_EXAMPLE				NO	NEEDS_EDITORIAL_REVIEW
edae67631f83278828c8c06c21a72ff577b67463bceb1f204384a4fb2e38d26b	SEM-EDAE67631F83	IMP-DL-A978FB3162-P098	1	IMP-DL-A978FB3162-P098	Downloads/theory-of-algebraic-topology-4.tex	Downloads	PROBLEM_ITEM				NO	NEEDS_EDITORIAL_REVIEW
edbb4f52706b4f2d80ab0a5eed8bddd1c7afe0ee23afc4a390d64ef411f5f393	SEM-EDBB4F52706B	IMP-DL-3C59D9EE8B-P135	2	IMP-DL-3C59D9EE8B-P135;IMP-M3-D1A916E0DD-P135	Downloads/theory-of-commutative-algebra-5-professional-v2.tex;MATH_ALLS-3/theory-of-commutative-algebra-5-professional-v2.tex	Downloads;MATH_ALLS-3	PROBLEM_ITEM				NO	NEEDS_EDITORIAL_REVIEW
edd1021f387d1d5048ef1222360304c48ceef1e23dae5ce2aaac0ecade675fd5	SEM-EDD1021F387D	IMP-DL-14663C23F1-PSR003332-EDD1021F	2	IMP-DL-14663C23F1-PSR003332-EDD1021F;IMP-M2-155017A9AF-PSR003332-EDD1021F	Downloads/theory-of-geometry-III.tex;MATH-ALLS-2/theory-of-geometry-III.tex	Downloads;MATH-ALLS-2	EXAMPLE				NO	NEEDS_EDITORIAL_REVIEW
edd3479438931177eb20e8b9246013b6093ab9ab9a118e3c860cfa8a9144322a	SEM-EDD347943893	IMP-DL-8D5CF4CFBA-P006	2	IMP-DL-8D5CF4CFBA-P006;IMP-M3-89937139FC-P006	Downloads/theory-of-linear-algebra-2.tex;MATH_ALLS-3/theory-of-linear-algebra-2.tex	Downloads;MATH_ALLS-3	PROBLEM	7	IMP-DL-8D5CF4CFBA-S007;IMP-M3-89937139FC-S007		YES	NEEDS_EDITORIAL_REVIEW
edd89d36a7ed3c2bc70da37231e866c2aaf1ec0a867e9572217852278cf6d6e1	SEM-EDD89D36A7ED	IMP-DL-A978FB3162-P048	1	IMP-DL-A978FB3162-P048	Downloads/theory-of-algebraic-topology-4.tex	Downloads	PROBLEM_ITEM				NO	NEEDS_EDITORIAL_REVIEW
eddf3c0bdc2b0c0f47fab58ee5150b38934e8f59bbc77ad41aa0703d45649fe1	SEM-EDDF3C0BDC2B	IMP-DL-E12021E60A-P032	1	IMP-DL-E12021E60A-P032	Downloads/theory-of-algebraic-topology-17.tex	Downloads	WORKED_EXAMPLE	3.2			NO	NEEDS_EDITORIAL_REVIEW
ede04c12e343488d1f90b395ca9bc216008e239bf92656b7a0ec90f784f2f28d	SEM-EDE04C12E343	IMP-DL-316AE183C3-P016	2	IMP-DL-316AE183C3-P016;IMP-M2-303BB87ACE-P016	Downloads/theory-of-analysis-functions.tex;MATH-ALLS-2/theory-of-analysis-functions.tex	Downloads;MATH-ALLS-2	EXERCISE_ITEM				NO	NEEDS_EDITORIAL_REVIEW
ede0d29b35df75f2d4f3015d44f4f2ffb97d1def338871cbb99317588d7673f4	SEM-EDE0D29B35DF	IMP-DL-3CA1CB77F7-P049	4	IMP-DL-3CA1CB77F7-P049;IMP-DL-3CA1CB77F7-R005432-EDE0D29B;IMP-M2-F08D4144EA-P049;IMP-M2-F08D4144EA-R005432-EDE0D29B	Downloads/theory-of-analysis-numbers.tex;MATH-ALLS-2/theory-of-analysis-numbers.tex	Downloads;MATH-ALLS-2	EXERCISE		IMP-DL-3CA1CB77F7-S025;IMP-M2-F08D4144EA-S025		YES	NEEDS_EDITORIAL_REVIEW
ede5711cc7d44c29217103ef33f0dbac51677f7c7775037cca9e89d9d107f643	SEM-EDE5711CC7D4	IMP-DL-D6E9B3BC73-PSR004046-EDE5711C	2	IMP-DL-D6E9B3BC73-PSR004046-EDE5711C;IMP-M3-422B74F85F-PSR004043-EDE5711C	Downloads/theory-of-algebraic-topology-1.tex;MATH_ALLS-3/theory-of-algebraic-topology-1.tex	Downloads;MATH_ALLS-3	EXAMPLE	1			NO	NEEDS_EDITORIAL_REVIEW
edf24c4e8dbdc6346dd3fcd2cc072b66cf75bdb9a93531ae2ba208283fdef6cd	SEM-EDF24C4E8DBD	IMP-DL-2E134BF207-P003	2	IMP-DL-2E134BF207-P003;IMP-DL-2E134BF207-P009	Downloads/theory-of-algebraic-topology-5.tex	Downloads	PROBLEM_ITEM				NO	NEEDS_EDITORIAL_REVIEW
ee09438c1555602ef71541d2397fa47a36d05040b66f1d4d782b892c0395865c	SEM-EE09438C1555	IMP-DL-A978FB3162-P076	1	IMP-DL-A978FB3162-P076	Downloads/theory-of-algebraic-topology-4.tex	Downloads	WORKED_EXAMPLE	7			NO	NEEDS_EDITORIAL_REVIEW
ee0e519325dd5c16de3aaf28cc38138a300c62aa346dfad5c1324ba4fdca509f	SEM-EE0E519325DD	IMP-DL-35223EB1F7-P009	1	IMP-DL-35223EB1F7-P009	Downloads/theory-of-algebraic-topology-6.tex	Downloads	PROBLEM	9	IMP-DL-35223EB1F7-S005		YES	NEEDS_EDITORIAL_REVIEW
ee16a8fb4d65aa6c90632225ddcc8150645b608e78140a3c64ad40057f905421	SEM-EE16A8FB4D65	IMP-DL-A978FB3162-P002	1	IMP-DL-A978FB3162-P002	Downloads/theory-of-algebraic-topology-4.tex	Downloads	PROBLEM	9	IMP-DL-A978FB3162-S002		YES	NEEDS_EDITORIAL_REVIEW
ee44669c7829e12f95ad5da130a9e00b5119ba62d1a3e0e848116de27d98a7f8	SEM-EE44669C7829	IMP-DL-E88547CF67-P018	2	IMP-DL-E88547CF67-P018;IMP-M2-80D8AED0FF-P018	Downloads/theory-of-geometry-3.tex;MATH-ALLS-2/theory-of-geometry-3.tex	Downloads;MATH-ALLS-2	PROBLEM	4	IMP-DL-E88547CF67-S009;IMP-DL-E88547CF67-S010;IMP-M2-80D8AED0FF-S009;IMP-M2-80D8AED0FF-S010		YES	NEEDS_EDITORIAL_REVIEW
ee46fd1ccad0b56e267bf5b707355dfe23294a57d6da2f928c14070dcf01b485	SEM-EE46FD1CCAD0	IMP-DL-D6E9B3BC73-P027	2	IMP-DL-D6E9B3BC73-P027;IMP-M3-422B74F85F-P027	Downloads/theory-of-algebraic-topology-1.tex;MATH_ALLS-3/theory-of-algebraic-topology-1.tex	Downloads;MATH_ALLS-3	PROBLEM	2	IMP-DL-D6E9B3BC73-S002;IMP-M3-422B74F85F-S002		YES	NEEDS_EDITORIAL_REVIEW
ee482a3bfaea8fe417c847c56f8c82ac494516f405a9d70e2eb1e8bd1c2b3514	SEM-EE482A3BFAEA	IMP-DL-0AC5ADA26C-P038	1	IMP-DL-0AC5ADA26C-P038	Downloads/theory-of-algebraic-topology-8.tex	Downloads	WORKED_EXAMPLE	9			NO	NEEDS_EDITORIAL_REVIEW
ee515a419aee0740b1decc29ce404ddab5a4748cf03de8285cbdcbef4383873a	SEM-EE515A419AEE	IMP-DL-31FF76D7B8-PSR003834-EE515A41	1	IMP-DL-31FF76D7B8-PSR003834-EE515A41	Downloads/theory-of-algebraic-topology-16.tex	Downloads	EXAMPLE				NO	NEEDS_EDITORIAL_REVIEW
ee8b8d2b7c36072542935cb05075092c89ca877099e4a6dbc2747fadd7ef439d	SEM-EE8B8D2B7C36	IMP-DL-4DEBE28720-P018	2	IMP-DL-4DEBE28720-P018;IMP-M3-8E395763C8-P018	Downloads/theory-of-commutative-algebra-13.tex;MATH_ALLS-3/theory-of-commutative-algebra-13.tex	Downloads;MATH_ALLS-3	WORKED_EXAMPLE	of			NO	NEEDS_EDITORIAL_REVIEW
eebd3c6e9ad6f0b5f4389cb342da2306dd4234ca250d13ea93423f1e7721c9ef	SEM-EEBD3C6E9AD6	IMP-DL-0E3E7EC766-R002509-EEBD3C6E	1	IMP-DL-0E3E7EC766-R002509-EEBD3C6E	Downloads/theory-of-algebraic-geometry-1.tex	Downloads	EXAMPLE	9			NO	NEEDS_EDITORIAL_REVIEW
eed69a55ee56c4945d45af064bca3c7daa5d3bcda79784e4dfc10431ef71510c	SEM-EED69A55EE56	IMP-DL-3E276561C4-P033	2	IMP-DL-3E276561C4-P033;IMP-M3-AB2FCA292B-P033	Downloads/theory-of-linear-algebra-1.tex;MATH_ALLS-3/theory-of-linear-algebra-1.tex	Downloads;MATH_ALLS-3	PROBLEM	2	IMP-DL-3E276561C4-S052;IMP-DL-3E276561C4-S053;IMP-M3-AB2FCA292B-S052;IMP-M3-AB2FCA292B-S053		YES	NEEDS_EDITORIAL_REVIEW
ef19b1dbf705046fbc8df6432eca5e607529ee174ea36bf4c21f6355ca3fde77	SEM-EF19B1DBF705	IMP-DL-1068DBED71-P016	4	IMP-DL-1068DBED71-P016;IMP-DL-CAA415139D-P016;IMP-M3-F4E66B2919-P016;IMP-M3-FCB1647DD6-P016	Downloads/theory-of-commutative-algebra-10.tex;Downloads/theory-of-commutative-algebra-9.tex;MATH_ALLS-3/theory-of-commutative-algebra-10.tex;MATH_ALLS-3/theory-of-commutative-algebra-9.tex	Downloads;MATH_ALLS-3	WORKED_EXAMPLE				NO	NEEDS_EDITORIAL_REVIEW
ef25e97a63e8590261d9a17b5924ea7853cbfd310fcdb7498c6e36e05ecf9c5f	SEM-EF25E97A63E8	IMP-DL-8D5CF4CFBA-PSR001061-EF25E97A	2	IMP-DL-8D5CF4CFBA-PSR001061-EF25E97A;IMP-M3-89937139FC-PSR001061-EF25E97A	Downloads/theory-of-linear-algebra-2.tex;MATH_ALLS-3/theory-of-linear-algebra-2.tex	Downloads;MATH_ALLS-3	PROBLEM	4			NO	NEEDS_EDITORIAL_REVIEW
ef3e5178026670d1f58db1357f36bffc715676af220f8605728f1f7a7636327e	SEM-EF3E51780266	IMP-DL-D18914CBBD-P024	2	IMP-DL-D18914CBBD-P024;IMP-M3-78B3C1B707-P024	Downloads/theory-of-commutative-algebra-11.tex;MATH_ALLS-3/theory-of-commutative-algebra-11.tex	Downloads;MATH_ALLS-3	WORKED_EXAMPLE	2			NO	NEEDS_EDITORIAL_REVIEW
ef5609e444bed2710633e8e91829f28065d9892a8256715365b713c7741bf7b7	SEM-EF5609E444BE	IMP-DL-11EDF39EA7-P023	2	IMP-DL-11EDF39EA7-P023;IMP-M2-68556E3D88-P023	Downloads/theory-of-analysis-FD2.tex;MATH-ALLS-2/theory-of-analysis-FD2.tex	Downloads;MATH-ALLS-2	EXERCISE	5.5			NO	NEEDS_EDITORIAL_REVIEW
ef714a0e21a778b45a80325ad0996d780fcdc3b911e156258114f297b2559333	SEM-EF714A0E21A7	IMP-DL-E88547CF67-P005	2	IMP-DL-E88547CF67-P005;IMP-M2-80D8AED0FF-P005	Downloads/theory-of-geometry-3.tex;MATH-ALLS-2/theory-of-geometry-3.tex	Downloads;MATH-ALLS-2	PROBLEM_ITEM				NO	NEEDS_EDITORIAL_REVIEW
ef768d1eafdc0c6f8b4c5452478df18931451431a9a737bdbfca86bfe2da3039	SEM-EF768D1EAFDC	IMP-DL-4DEBE28720-P079	2	IMP-DL-4DEBE28720-P079;IMP-M3-8E395763C8-P079	Downloads/theory-of-commutative-algebra-13.tex;MATH_ALLS-3/theory-of-commutative-algebra-13.tex	Downloads;MATH_ALLS-3	WORKED_EXAMPLE	11			NO	NEEDS_EDITORIAL_REVIEW
ef7c2f652b06d0c5ce61360097c99b39fff25faf03061f8418410090fc396a08	SEM-EF7C2F652B06	IMP-DL-873C6F4098-P020	2	IMP-DL-873C6F4098-P020;IMP-M2-CFC28ED568-P020	Downloads/theory-of-analysis-II.tex;MATH-ALLS-2/theory-of-analysis-II.tex	Downloads;MATH-ALLS-2	PROBLEM_ITEM				NO	NEEDS_EDITORIAL_REVIEW
efb86b28aca0d431b111975c48163511ca44cebaba71b490580da23d6275cfbb	SEM-EFB86B28ACA0	IMP-DL-3C59D9EE8B-P088	6	IMP-DL-3C59D9EE8B-P088;IMP-DL-40E9B7EE44-P008;IMP-DL-E1F1BB4192-P008;IMP-M3-0D398C7F27-P008;IMP-M3-17140B7F4C-P008;IMP-M3-D1A916E0DD-P088	Downloads/theory-of-commutative-algebra-5-professional-v2.tex;Downloads/theory-of-commutative-algebra-5-professional.tex;Downloads/theory-of-commutative-algebra-5.tex;MATH_ALLS-3/theory-of-commutative-algebra-5-professional-v2.tex;MATH_ALLS-3/theory-of-commutative-algebra-5-professional.tex;MATH_ALLS-3/theory-of-commutative-algebra-5.tex	Downloads;MATH_ALLS-3	PROBLEM	11	IMP-DL-3C59D9EE8B-S013;IMP-DL-3C59D9EE8B-S014;IMP-DL-40E9B7EE44-S013;IMP-DL-40E9B7EE44-S014;IMP-DL-E1F1BB4192-S013;IMP-DL-E1F1BB4192-S014;IMP-M3-0D398C7F27-S013;IMP-M3-0D398C7F27-S014;IMP-M3-17140B7F4C-S013;IMP-M3-17140B7F4C-S014;IMP-M3-D1A916E0DD-S013;IMP-M3-D1A916E0DD-S014		YES	NEEDS_EDITORIAL_REVIEW
efdb5a13e017a8594edc97c9010f464e3c039eb26e5b88dc64cf2f6fb338fa89	SEM-EFDB5A13E017	IMP-DL-2B81C66D0F-P007	1	IMP-DL-2B81C66D0F-P007	Downloads/theory-of-algebraic-topology-2.tex	Downloads	WORKED_EXAMPLE	1			NO	NEEDS_EDITORIAL_REVIEW
efe66f8f869e95604dbc19600f1feba9305025646e875f152e2de6fb03244b29	SEM-EFE66F8F869E	IMP-DL-A470D9BACB-P025	2	IMP-DL-A470D9BACB-P025;IMP-M2-2850FB9A8A-P025	Downloads/theory-of-geometry-1.tex;MATH-ALLS-2/theory-of-geometry-1.tex	Downloads;MATH-ALLS-2	PROBLEM	15	IMP-DL-A470D9BACB-S007;IMP-M2-2850FB9A8A-S007		YES	NEEDS_EDITORIAL_REVIEW
f0134ad1ceb2feb6ec093a64aa15db2ad9a45b0f941e9aa701381d68d8dbe369	SEM-F0134AD1CEB2	IMP-DL-2B81C66D0F-P010	1	IMP-DL-2B81C66D0F-P010	Downloads/theory-of-algebraic-topology-2.tex	Downloads	WORKED_EXAMPLE	2			NO	NEEDS_EDITORIAL_REVIEW
f02dbddfe3528fbe57caa27ba70217dc165132d44a8b8bf07bb882e4bf483149	SEM-F02DBDDFE352	IMP-DL-D6E9B3BC73-P014	2	IMP-DL-D6E9B3BC73-P014;IMP-M3-422B74F85F-P014	Downloads/theory-of-algebraic-topology-1.tex;MATH_ALLS-3/theory-of-algebraic-topology-1.tex	Downloads;MATH_ALLS-3	WORKED_EXAMPLE	1.			NO	NEEDS_EDITORIAL_REVIEW
f042d30b41abb85eb95c66dffab41f0db4f8cb340d5bb26bcba5d51b099b9662	SEM-F042D30B41AB	IMP-DL-3C59D9EE8B-P151	2	IMP-DL-3C59D9EE8B-P151;IMP-M3-D1A916E0DD-P151	Downloads/theory-of-commutative-algebra-5-professional-v2.tex;MATH_ALLS-3/theory-of-commutative-algebra-5-professional-v2.tex	Downloads;MATH_ALLS-3	PROBLEM_ITEM				NO	NEEDS_EDITORIAL_REVIEW
f05576e31bd3b2e0ea6c22752ff97eab5fa684f0ec1b9e4430df236948b03b3a	SEM-F05576E31BD3	IMP-DL-3C59D9EE8B-P155	2	IMP-DL-3C59D9EE8B-P155;IMP-M3-D1A916E0DD-P155	Downloads/theory-of-commutative-algebra-5-professional-v2.tex;MATH_ALLS-3/theory-of-commutative-algebra-5-professional-v2.tex	Downloads;MATH_ALLS-3	PROBLEM_ITEM				NO	NEEDS_EDITORIAL_REVIEW
f06a416d7458d0c9c4f00bea2f7096121003f34c8d77e706ebc7c187bf2f1d91	SEM-F06A416D7458	IMP-DL-D6E9B3BC73-P007	2	IMP-DL-D6E9B3BC73-P007;IMP-M3-422B74F85F-P007	Downloads/theory-of-algebraic-topology-1.tex;MATH_ALLS-3/theory-of-algebraic-topology-1.tex	Downloads;MATH_ALLS-3	WORKED_EXAMPLE	6			NO	NEEDS_EDITORIAL_REVIEW
f07cf16e63ff2caf9f83154b43c4e0499107ffe02cfec9c21355b2097ed74cc3	SEM-F07CF16E63FF	IMP-DL-C3DACFE8A7-P015	1	IMP-DL-C3DACFE8A7-P015	Downloads/theory-of-algebraic-geometry-7.tex	Downloads	WORKED_EXAMPLE	16.			NO	NEEDS_EDITORIAL_REVIEW
f097d7f09a498e5a39ca1be1294bf0da703389602c9f3f849298d56f70723049	SEM-F097D7F09A49	IMP-DL-6447F1B120-P016	1	IMP-DL-6447F1B120-P016	Downloads/theory-of-algebraic-topology-11.tex	Downloads	PROBLEM_ITEM				NO	NEEDS_EDITORIAL_REVIEW
f0e37c4c4ac5b0c3fcc7a95ac0342e72b3bfb2c453737e120017ab2c5b5180f5	SEM-F0E37C4C4AC5	IMP-DL-A978FB3162-R003283-F0E37C4C	1	IMP-DL-A978FB3162-R003283-F0E37C4C	Downloads/theory-of-algebraic-topology-4.tex	Downloads	PROBLEM	statement			NO	NEEDS_EDITORIAL_REVIEW
f0f7f7e4da950a368251c0285ba9c28400eeb8fbb739203c87895ceba266a759	SEM-F0F7F7E4DA95	IMP-DL-CB3C80FF97-P028	2	IMP-DL-CB3C80FF97-P028;IMP-M2-7B5A4788C1-P028	Downloads/theory-of-complex-analysis-topology.tex;MATH-ALLS-2/theory-of-complex-analysis-topology.tex	Downloads;MATH-ALLS-2	WORKED_EXAMPLE				NO	NEEDS_EDITORIAL_REVIEW
f101633e978d8eb5cedaf74211687f9fb87e0612140e6ac02bb63338ec931410	SEM-F101633E978D	IMP-DL-873C6F4098-P082	2	IMP-DL-873C6F4098-P082;IMP-M2-CFC28ED568-P082	Downloads/theory-of-analysis-II.tex;MATH-ALLS-2/theory-of-analysis-II.tex	Downloads;MATH-ALLS-2	PROBLEM_ITEM				NO	NEEDS_EDITORIAL_REVIEW
f1214fbe08ecab3933f55226a27d04304cf237d66b324c6e65036aaad5ecc4fd	SEM-F1214FBE08EC	IMP-DL-0EB9CBD958-P059	2	IMP-DL-0EB9CBD958-P059;IMP-M2-F4C85D52DC-P059	Downloads/theory-of-geometry.tex;MATH-ALLS-2/theory-of-geometry.tex	Downloads;MATH-ALLS-2	PROBLEM_ITEM				NO	NEEDS_EDITORIAL_REVIEW
f12a37dcdd55c7cd5620b18d58a3e718b2130b9538c42d6f76cbb75e3025e033	SEM-F12A37DCDD55	IMP-DL-183AD43C4C-P024	4	IMP-DL-183AD43C4C-P024;IMP-DL-20E278E436-P024;IMP-M2-1895C43FC6-P024;IMP-M2-50B0B212DD-P024	Downloads/merged_exercises_FULL_v2 (1).tex;Downloads/theory-of-real-analysis.tex;MATH-ALLS-2/merged_exercises_FULL_v2 (1).tex;MATH-ALLS-2/theory-of-real-analysis.tex	Downloads;MATH-ALLS-2	EXERCISE	9.4			NO	NEEDS_EDITORIAL_REVIEW
f14cd9cc6677402fefcd1581e70f51c69284523ffaa0b08bfb9f77ee3c68de5c	SEM-F14CD9CC6677	IMP-DL-E88547CF67-P026	2	IMP-DL-E88547CF67-P026;IMP-M2-80D8AED0FF-P026	Downloads/theory-of-geometry-3.tex;MATH-ALLS-2/theory-of-geometry-3.tex	Downloads;MATH-ALLS-2	PROBLEM_ITEM				NO	NEEDS_EDITORIAL_REVIEW
f15b2b75092f9dba0fae85194c717f72ca66c339155097ab366a0fb88c42a328	SEM-F15B2B75092F	IMP-DL-12C1A20716-P013	1	IMP-DL-12C1A20716-P013	Downloads/theory-of-algebraic-topology-10.tex	Downloads	PROBLEM_ITEM				NO	NEEDS_EDITORIAL_REVIEW
f171afbebf799da21be479ac2eb632a8e7fc3dd13606992ec0c7de6c72740479	SEM-F171AFBEBF79	IMP-DL-4DEBE28720-P080	2	IMP-DL-4DEBE28720-P080;IMP-M3-8E395763C8-P080	Downloads/theory-of-commutative-algebra-13.tex;MATH_ALLS-3/theory-of-commutative-algebra-13.tex	Downloads;MATH_ALLS-3	WORKED_EXAMPLE	12			NO	NEEDS_EDITORIAL_REVIEW
f19b943bf7a61eea1eb554f53f345c23a5b83f7744fd2ebda32236fc26774e35	SEM-F19B943BF7A6	IMP-DL-0A181AC273-P035	4	IMP-DL-0A181AC273-P035;IMP-DL-AD9EFCAF62-P011;IMP-M2-79778E004E-P011;IMP-M2-80AFB5AE64-P035	Downloads/theory-of-complex-analysis-2.tex;Downloads/theory-of-complex-analysis.tex;MATH-ALLS-2/theory-of-complex-analysis-2.tex;MATH-ALLS-2/theory-of-complex-analysis.tex	Downloads;MATH-ALLS-2	PROBLEM	9	IMP-DL-0A181AC273-S017;IMP-DL-AD9EFCAF62-S006;IMP-DL-F77C60E8D1-S002;IMP-M2-09C070ED26-S002;IMP-M2-79778E004E-S006;IMP-M2-80AFB5AE64-S017		YES	NEEDS_EDITORIAL_REVIEW
f1a1cb31c7f7d23cc28a48c5dfdda947535c4af64ca4b39a0f72862dc4e96e81	SEM-F1A1CB31C7F7	IMP-DL-873C6F4098-P083	2	IMP-DL-873C6F4098-P083;IMP-M2-CFC28ED568-P083	Downloads/theory-of-analysis-II.tex;MATH-ALLS-2/theory-of-analysis-II.tex	Downloads;MATH-ALLS-2	PROBLEM_ITEM				NO	NEEDS_EDITORIAL_REVIEW
f1bf92b2dac2b4f397edc34dcef421a2a9ea0ba0f8b03e133ee75f63af7107a9	SEM-F1BF92B2DAC2	IMP-DL-3C59D9EE8B-P034	2	IMP-DL-3C59D9EE8B-P034;IMP-M3-D1A916E0DD-P034	Downloads/theory-of-commutative-algebra-5-professional-v2.tex;MATH_ALLS-3/theory-of-commutative-algebra-5-professional-v2.tex	Downloads;MATH_ALLS-3	PROBLEM_ITEM				NO	NEEDS_EDITORIAL_REVIEW
f1c693dd131a0cd5287120c8db5b4f8024d854c2b951c0a2f72f62ab5b03624b	SEM-F1C693DD131A	IMP-DL-35223EB1F7-P022	2	IMP-DL-35223EB1F7-P022;IMP-DL-35223EB1F7-R002603-F1C693DD	Downloads/theory-of-algebraic-topology-6.tex	Downloads	EXAMPLE;WORKED_EXAMPLE				NO	NEEDS_EDITORIAL_REVIEW
f1c717119f7ce647e027571399874a6df222d3e9be6bb76deaddad6cb537b029	SEM-F1C717119F7C	IMP-DL-3C59D9EE8B-P130	2	IMP-DL-3C59D9EE8B-P130;IMP-M3-D1A916E0DD-P130	Downloads/theory-of-commutative-algebra-5-professional-v2.tex;MATH_ALLS-3/theory-of-commutative-algebra-5-professional-v2.tex	Downloads;MATH_ALLS-3	PROBLEM_ITEM				NO	NEEDS_EDITORIAL_REVIEW
f1c82f39f7ef9251b5090751fc8aefa0df1afa98ca82b3758482c37f2ba96c77	SEM-F1C82F39F7EF	IMP-DL-873C6F4098-P066	2	IMP-DL-873C6F4098-P066;IMP-M2-CFC28ED568-P066	Downloads/theory-of-analysis-II.tex;MATH-ALLS-2/theory-of-analysis-II.tex	Downloads;MATH-ALLS-2	PROBLEM	4.			NO	NEEDS_EDITORIAL_REVIEW
f1e19004bc0229d9926abcfa1b3ce47939cc4183232930f58f9a9e8ab731e296	SEM-F1E19004BC02	IMP-DL-117191C0EC-P050	2	IMP-DL-117191C0EC-P050;IMP-M2-40A546CAA2-P050	Downloads/theory-of-analysis-topics.tex;MATH-ALLS-2/theory-of-analysis-topics.tex	Downloads;MATH-ALLS-2	PROBLEM	10			NO	NEEDS_EDITORIAL_REVIEW
f1eb19ec32d3dd87ce0e4a8d33538e497893502ff1666f06fdb56d2cc07bda9a	SEM-F1EB19EC32D3	IMP-DL-1608308E70-P005	1	IMP-DL-1608308E70-P005	Downloads/theory-of-algebraic-topology-14.tex	Downloads	PROBLEM	12	IMP-DL-1608308E70-S005		YES	NEEDS_EDITORIAL_REVIEW
f2209113e51066b3219cc2acf34d088de8f2ae397d72921d847c2d65c2562279	SEM-F2209113E510	IMP-DL-11EDF39EA7-P027	2	IMP-DL-11EDF39EA7-P027;IMP-M2-68556E3D88-P027	Downloads/theory-of-analysis-FD2.tex;MATH-ALLS-2/theory-of-analysis-FD2.tex	Downloads;MATH-ALLS-2	EXERCISE	5.7	IMP-DL-11EDF39EA7-S016;IMP-M2-68556E3D88-S016		YES	NEEDS_EDITORIAL_REVIEW
f232e358949b9fbe0372390d7b1138495572a230b95078710773554624858957	SEM-F232E358949B	IMP-DL-BD3A6D53D0-P029	3	IMP-DL-BD3A6D53D0-P029;IMP-M2-E2BE0561BD-P029;IMP-M3-0F6B7A59EB-P029	Downloads/theory-of-differential-geometry-2.tex;MATH-ALLS-2/theory-of-differential-geometry-2.tex;MATH_ALLS-3/theory-of-differential-geometry-2.tex	Downloads;MATH-ALLS-2;MATH_ALLS-3	PROBLEM	10	IMP-DL-BD3A6D53D0-S027;IMP-M2-E2BE0561BD-S027;IMP-M3-0F6B7A59EB-S027		YES	NEEDS_EDITORIAL_REVIEW
f23f9acbe91f0fc9a2e7c8ef0ba52a0d55e8884e8f3d64e0d52dbbf8d25263b3	SEM-F23F9ACBE91F	IMP-DL-316AE183C3-PSR001390-F23F9ACB	2	IMP-DL-316AE183C3-PSR001390-F23F9ACB;IMP-M2-303BB87ACE-PSR001390-F23F9ACB	Downloads/theory-of-analysis-functions.tex;MATH-ALLS-2/theory-of-analysis-functions.tex	Downloads;MATH-ALLS-2	EXAMPLE	B			NO	NEEDS_EDITORIAL_REVIEW
f24659f729b9fbebecb2feaa3f498d45f6c3e16f9e72dac8b387d922d7d4d93a	SEM-F24659F729B9	IMP-DL-3C59D9EE8B-P075	2	IMP-DL-3C59D9EE8B-P075;IMP-M3-D1A916E0DD-P075	Downloads/theory-of-commutative-algebra-5-professional-v2.tex;MATH_ALLS-3/theory-of-commutative-algebra-5-professional-v2.tex	Downloads;MATH_ALLS-3	PROBLEM_ITEM				NO	NEEDS_EDITORIAL_REVIEW
f24918c811d05048e74800101d8578b6e0e478483ea4a02997c1dcb4eb02dd98	SEM-F24918C811D0	IMP-DL-A11279CC33-P029	2	IMP-DL-A11279CC33-P029;IMP-M3-73E0197CF3-P029	Downloads/theory-of-commutative-algebra-6.tex;MATH_ALLS-3/theory-of-commutative-algebra-6.tex	Downloads;MATH_ALLS-3	WORKED_EXAMPLE				NO	NEEDS_EDITORIAL_REVIEW
f252f697aa83c3d7114c815da10b6d72b6f58d9786ca075f5cd298a4d78caf43	SEM-F252F697AA83	IMP-DL-D27460A55B-SPR003904-F252F697	1	IMP-DL-D27460A55B-SPR003904-F252F697	Downloads/theory-of-algebraic-geometry-5.tex	Downloads	EXAMPLE	4			NO	NEEDS_EDITORIAL_REVIEW
f2613cab85221925fb8ac94d4cb1886622f72a4c6e7f53ec4895b716c99491a4	SEM-F2613CAB8522	IMP-DL-8D5CF4CFBA-PSR001057-F2613CAB	2	IMP-DL-8D5CF4CFBA-PSR001057-F2613CAB;IMP-M3-89937139FC-PSR001057-F2613CAB	Downloads/theory-of-linear-algebra-2.tex;MATH_ALLS-3/theory-of-linear-algebra-2.tex	Downloads;MATH_ALLS-3	PROBLEM	3			NO	NEEDS_EDITORIAL_REVIEW
f27509f3aeef22ebad1c6819a424cee20f7d95277df745f75df8a43651b698e8	SEM-F27509F3AEEF	IMP-DL-316AE183C3-P049	2	IMP-DL-316AE183C3-P049;IMP-M2-303BB87ACE-P049	Downloads/theory-of-analysis-functions.tex;MATH-ALLS-2/theory-of-analysis-functions.tex	Downloads;MATH-ALLS-2	EXERCISE	4			NO	NEEDS_EDITORIAL_REVIEW
f27e97f731b5e9cca3ee3453041d08f48b2ff2bf9f75316eb506c8acc4ef4337	SEM-F27E97F731B5	IMP-DL-627841AC75-SPR004681-F27E97F7	1	IMP-DL-627841AC75-SPR004681-F27E97F7	Downloads/theory-of-algebraic-topology-3.tex	Downloads	EXAMPLE				NO	NEEDS_EDITORIAL_REVIEW
f282dd1341e0e66713e738c555bc5d568138b43188dd59d56d7bcb04c7cc8c5b	SEM-F282DD1341E0	IMP-DL-0AC5ADA26C-P023	1	IMP-DL-0AC5ADA26C-P023	Downloads/theory-of-algebraic-topology-8.tex	Downloads	WORKED_EXAMPLE	2			NO	NEEDS_EDITORIAL_REVIEW
f2b95ae68859a1b3619222fb2890767d65f6f6bdcb31aa367d24450af758ca82	SEM-F2B95AE68859	IMP-DL-183AD43C4C-R001822-F2B95AE6	4	IMP-DL-183AD43C4C-R001822-F2B95AE6;IMP-DL-20E278E436-R001764-F2B95AE6;IMP-M2-1895C43FC6-R001822-F2B95AE6;IMP-M2-50B0B212DD-R001764-F2B95AE6	Downloads/merged_exercises_FULL_v2 (1).tex;Downloads/theory-of-real-analysis.tex;MATH-ALLS-2/merged_exercises_FULL_v2 (1).tex;MATH-ALLS-2/theory-of-real-analysis.tex	Downloads;MATH-ALLS-2	EXERCISE	7.6	IMP-DL-183AD43C4C-S045;IMP-DL-183AD43C4C-S046;IMP-DL-183AD43C4C-S047;IMP-DL-20E278E436-S045;IMP-DL-20E278E436-S046;IMP-DL-20E278E436-S047;IMP-M2-1895C43FC6-S045;IMP-M2-1895C43FC6-S046;IMP-M2-1895C43FC6-S047;IMP-M2-50B0B212DD-S045;IMP-M2-50B0B212DD-S046;IMP-M2-50B0B212DD-S047		YES	NEEDS_EDITORIAL_REVIEW
f2e17060cd48a109ab07839ec4bc954117d69a1372d334d2a0c5825e905872ee	SEM-F2E17060CD48	IMP-DL-E88547CF67-P010	2	IMP-DL-E88547CF67-P010;IMP-M2-80D8AED0FF-P010	Downloads/theory-of-geometry-3.tex;MATH-ALLS-2/theory-of-geometry-3.tex	Downloads;MATH-ALLS-2	PROBLEM_ITEM				NO	NEEDS_EDITORIAL_REVIEW
f2ee2d4586ab5948b240309fbbe96dc995e078f404532ba02162e21eed79616f	SEM-F2EE2D4586AB	IMP-DL-35223EB1F7-R002705-F2EE2D45	1	IMP-DL-35223EB1F7-R002705-F2EE2D45	Downloads/theory-of-algebraic-topology-6.tex	Downloads	EXAMPLE	1			NO	NEEDS_EDITORIAL_REVIEW
f2fdd6fd30aa2293003ae3694f10126fddef31452d70978ad8a4e067c49a5331	SEM-F2FDD6FD30AA	IMP-DL-38CE6DEB56-P008	2	IMP-DL-38CE6DEB56-P008;IMP-M3-D19BB3C803-P008	Downloads/theory-of-commutative-algebra-14.tex;MATH_ALLS-3/theory-of-commutative-algebra-14.tex	Downloads;MATH_ALLS-3	WORKED_EXAMPLE	4			NO	NEEDS_EDITORIAL_REVIEW
f30b78428d300147ce54e4a4efb1a0983dac071d32372e4e2159c1c0ed2a5750	SEM-F30B78428D30	IMP-DL-ACE5A65961-SPR004111-F30B7842	2	IMP-DL-ACE5A65961-SPR004111-F30B7842;IMP-M3-251F2514E1-SPR004111-F30B7842	Downloads/theory-of-commutative-algebra-2.tex;MATH_ALLS-3/theory-of-commutative-algebra-2.tex	Downloads;MATH_ALLS-3	EXAMPLE	3			NO	NEEDS_EDITORIAL_REVIEW
f335b04422e54ad908ef353d79d12facb0c3ceb8fc6e8e522e63bb2083eb5eca	SEM-F335B04422E5	IMP-DL-724FD8B7B1-P006	2	IMP-DL-724FD8B7B1-P006;IMP-M3-51E6A44D55-P006	Downloads/theory-of-commutative-algebra-1.tex;MATH_ALLS-3/theory-of-commutative-algebra-1.tex	Downloads;MATH_ALLS-3	PROBLEM	7	IMP-DL-724FD8B7B1-S006;IMP-M3-51E6A44D55-S006		YES	NEEDS_EDITORIAL_REVIEW
f3528289e092233172f8c253a31470ad7a874389bddea3afb1c8233ae440b5a4	SEM-F3528289E092	IMP-DL-3C59D9EE8B-P127	2	IMP-DL-3C59D9EE8B-P127;IMP-M3-D1A916E0DD-P127	Downloads/theory-of-commutative-algebra-5-professional-v2.tex;MATH_ALLS-3/theory-of-commutative-algebra-5-professional-v2.tex	Downloads;MATH_ALLS-3	PROBLEM_ITEM				NO	NEEDS_EDITORIAL_REVIEW
f374de5e563fc6e12e098293d5fbe7cf3c166e9c846c331ab1d05f5b6b1cd97c	SEM-F374DE5E563F	IMP-DL-873C6F4098-P024	2	IMP-DL-873C6F4098-P024;IMP-M2-CFC28ED568-P024	Downloads/theory-of-analysis-II.tex;MATH-ALLS-2/theory-of-analysis-II.tex	Downloads;MATH-ALLS-2	PROBLEM_ITEM				NO	NEEDS_EDITORIAL_REVIEW
f37eb7befeceafdd0e9cc1e91b2c416aad77e5c9502f56ada25dee9c454beea1	SEM-F37EB7BEFECE	IMP-DL-D6E9B3BC73-R001467-F37EB7BE	2	IMP-DL-D6E9B3BC73-R001467-F37EB7BE;IMP-M3-422B74F85F-R001464-F37EB7BE	Downloads/theory-of-algebraic-topology-1.tex;MATH_ALLS-3/theory-of-algebraic-topology-1.tex	Downloads;MATH_ALLS-3	EXAMPLE	1			NO	NEEDS_EDITORIAL_REVIEW
f39b926c2fa5116311d81607af8cb012b7c69154d5b11868255684c171d876cd	SEM-F39B926C2FA5	IMP-DL-D148B51FB7-P008	2	IMP-DL-D148B51FB7-P008;IMP-M3-5A5277EBFB-P008	Downloads/theory-of-differential-geometry-4.tex;MATH_ALLS-3/theory-of-differential-geometry-4.tex	Downloads;MATH_ALLS-3	PROBLEM_ITEM				NO	NEEDS_EDITORIAL_REVIEW
f412410b7bcd8571076079cdea47a79e77bfd2b7052d320828b02e3500a8da29	SEM-F412410B7BCD	IMP-DL-887B7B83F4-P002	1	IMP-DL-887B7B83F4-P002	Downloads/sheaves_notes_reorganized.tex	Downloads	WORKED_EXAMPLE				NO	NEEDS_EDITORIAL_REVIEW
f42aacdfcc7885237eb4ff8757a20938343794f89ab1ce5df715bb854a1ec154	SEM-F42AACDFCC78	IMP-DL-2E134BF207-P039	1	IMP-DL-2E134BF207-P039	Downloads/theory-of-algebraic-topology-5.tex	Downloads	PROBLEM_ITEM				NO	NEEDS_EDITORIAL_REVIEW
f439d277609a2c10d3867c600f4a9888d695ec240b7383ca100b0e97c7b125ff	SEM-F439D277609A	IMP-DL-A978FB3162-P025	1	IMP-DL-A978FB3162-P025	Downloads/theory-of-algebraic-topology-4.tex	Downloads	PROBLEM_ITEM				NO	NEEDS_EDITORIAL_REVIEW
f4787d7a8173b9e408648d67308abb4215a5549918960330c57ce7c6682facea	SEM-F4787D7A8173	IMP-DL-0EB9CBD958-P009	2	IMP-DL-0EB9CBD958-P009;IMP-M2-F4C85D52DC-P009	Downloads/theory-of-geometry.tex;MATH-ALLS-2/theory-of-geometry.tex	Downloads;MATH-ALLS-2	WORKED_EXAMPLE				NO	NEEDS_EDITORIAL_REVIEW
f47ecc5aa9417be7ca1de9d2cf473b92f365e752239746bb2426fb12ae1d67b8	SEM-F47ECC5AA941	IMP-DL-A470D9BACB-P012	2	IMP-DL-A470D9BACB-P012;IMP-M2-2850FB9A8A-P012	Downloads/theory-of-geometry-1.tex;MATH-ALLS-2/theory-of-geometry-1.tex	Downloads;MATH-ALLS-2	PROBLEM_ITEM				NO	NEEDS_EDITORIAL_REVIEW
f4a2feb27b73443cfd0f91dd46432bf91c710f2f7d7f4c3ec76b9e9603e80437	SEM-F4A2FEB27B73	IMP-DL-2E134BF207-P007	1	IMP-DL-2E134BF207-P007	Downloads/theory-of-algebraic-topology-5.tex	Downloads	PROBLEM_ITEM				NO	NEEDS_EDITORIAL_REVIEW
f4d016f23eb790dbafa1bfe0fda9203a415ff5bcbac55d15bb01f2fcb72c84fb	SEM-F4D016F23EB7	IMP-DL-6447F1B120-P013	1	IMP-DL-6447F1B120-P013	Downloads/theory-of-algebraic-topology-11.tex	Downloads	PROBLEM_ITEM				NO	NEEDS_EDITORIAL_REVIEW
f4d83e272792e3e12ed11584867cacd02179ba4c6f782a3c099ac2288a3b6c24	SEM-F4D83E272792	IMP-DL-3C59D9EE8B-P140	2	IMP-DL-3C59D9EE8B-P140;IMP-M3-D1A916E0DD-P140	Downloads/theory-of-commutative-algebra-5-professional-v2.tex;MATH_ALLS-3/theory-of-commutative-algebra-5-professional-v2.tex	Downloads;MATH_ALLS-3	PROBLEM_ITEM				NO	NEEDS_EDITORIAL_REVIEW
f51cab616e6fe185aabc37bd682abfebd1ece5e2eab43761f2544eac3560203a	SEM-F51CAB616E6F	IMP-DL-D27460A55B-F2R001745-F51CAB61	1	IMP-DL-D27460A55B-F2R001745-F51CAB61	Downloads/theory-of-algebraic-geometry-5.tex	Downloads	EXAMPLE	7			NO	NEEDS_EDITORIAL_REVIEW
f51cb3fb3226ee30130328832fa94ea12f59aa4d57e328598a737da2cc45d1a8	SEM-F51CB3FB3226	IMP-DL-0EB9CBD958-P068	2	IMP-DL-0EB9CBD958-P068;IMP-M2-F4C85D52DC-P068	Downloads/theory-of-geometry.tex;MATH-ALLS-2/theory-of-geometry.tex	Downloads;MATH-ALLS-2	PROBLEM_ITEM				NO	NEEDS_EDITORIAL_REVIEW
f56b01cf9e23c45d53110eaaf0616d0a92573f076433690d4cbbcf9ca2468abf	SEM-F56B01CF9E23	IMP-DL-CB3C80FF97-P007	2	IMP-DL-CB3C80FF97-P007;IMP-M2-7B5A4788C1-P007	Downloads/theory-of-complex-analysis-topology.tex;MATH-ALLS-2/theory-of-complex-analysis-topology.tex	Downloads;MATH-ALLS-2	PROBLEM_ITEM				NO	NEEDS_EDITORIAL_REVIEW
f5aa42c28d90aff22f306efbb8c624c53d3635a31e5c78cf99622aebd696be2e	SEM-F5AA42C28D90	IMP-DL-E88547CF67-P034	2	IMP-DL-E88547CF67-P034;IMP-M2-80D8AED0FF-P034	Downloads/theory-of-geometry-3.tex;MATH-ALLS-2/theory-of-geometry-3.tex	Downloads;MATH-ALLS-2	PROBLEM	13.	IMP-DL-E88547CF67-S016;IMP-M2-80D8AED0FF-S016		YES	NEEDS_EDITORIAL_REVIEW
f5abfa72b8670a99886ae7023922c452ddc99e030df6a6ff3f91e32bbd9b3606	SEM-F5ABFA72B867	IMP-DL-A978FB3162-R002677-F5ABFA72	1	IMP-DL-A978FB3162-R002677-F5ABFA72	Downloads/theory-of-algebraic-topology-4.tex	Downloads	PROBLEM	1	IMP-DL-A978FB3162-S007		YES	NEEDS_EDITORIAL_REVIEW
f5b06ee9ae8e6a1a003c468f601f93f79231265bb5fec7588df253a730dd6d99	SEM-F5B06EE9AE8E	IMP-DL-6447F1B120-R002108-F5B06EE9	1	IMP-DL-6447F1B120-R002108-F5B06EE9	Downloads/theory-of-algebraic-topology-11.tex	Downloads	EXAMPLE	7			NO	NEEDS_EDITORIAL_REVIEW
f5b62b3c32817c7f7b1b8419439b00bececf0222fc37a35022314887d8482766	SEM-F5B62B3C3281	IMP-DL-E88547CF67-P027	2	IMP-DL-E88547CF67-P027;IMP-M2-80D8AED0FF-P027	Downloads/theory-of-geometry-3.tex;MATH-ALLS-2/theory-of-geometry-3.tex	Downloads;MATH-ALLS-2	PROBLEM_ITEM				NO	NEEDS_EDITORIAL_REVIEW
f5dbe0ba5df7fd5727b01e63d5bc666ddd4e4c81461572162d1217d9e724fe2c	SEM-F5DBE0BA5DF7	IMP-DL-40C58AD550-P001	1	IMP-DL-40C58AD550-P001	Downloads/theory-of-algebraic-geometry-4.tex	Downloads	PROBLEM	statement	IMP-DL-40C58AD550-S001		YES	NEEDS_EDITORIAL_REVIEW
f5efa3138ec14c1b7426230580ae1b96d819e7230ac38d062feabeab2c09211e	SEM-F5EFA3138EC1	IMP-DL-40E9B7EE44-R003905-F5EFA313	2	IMP-DL-40E9B7EE44-R003905-F5EFA313;IMP-M3-17140B7F4C-R003905-F5EFA313	Downloads/theory-of-commutative-algebra-5-professional.tex;MATH_ALLS-3/theory-of-commutative-algebra-5-professional.tex	Downloads;MATH_ALLS-3	PROBLEM	14(c)			NO	NEEDS_EDITORIAL_REVIEW
f5f4142c72cd5b232d110e4819a43bc38e1f117d5255a545d4aacf58fa4bcb9e	SEM-F5F4142C72CD	IMP-DL-D4351A3BBD-P011	2	IMP-DL-D4351A3BBD-P011;IMP-M2-721AD91C7F-P011	Downloads/theory-of-geometry-IV.tex;MATH-ALLS-2/theory-of-geometry-IV.tex	Downloads;MATH-ALLS-2	PROBLEM_ITEM				NO	NEEDS_EDITORIAL_REVIEW
f6122d5fa7a785c9d562681e738596a16b253133d1b8dacae8a51513ad9aa1fd	SEM-F6122D5FA7A7	IMP-DL-35223EB1F7-R002856-F6122D5F	1	IMP-DL-35223EB1F7-R002856-F6122D5F	Downloads/theory-of-algebraic-topology-6.tex	Downloads	EXAMPLE	3			NO	NEEDS_EDITORIAL_REVIEW
f622a55b43f5ad93888207cae7fe27dcf646634ee43d8abf1899433b4025b59b	SEM-F622A55B43F5	IMP-DL-ACE5A65961-P002	4	IMP-DL-ACE5A65961-P002;IMP-DL-BE207BDF11-P002;IMP-M3-2408B547B5-P002;IMP-M3-251F2514E1-P002	Downloads/theory-of-commutative-algebra-1s.tex;Downloads/theory-of-commutative-algebra-2.tex;MATH_ALLS-3/theory-of-commutative-algebra-1s.tex;MATH_ALLS-3/theory-of-commutative-algebra-2.tex	Downloads;MATH_ALLS-3	PROBLEM	7	IMP-DL-ACE5A65961-S003;IMP-DL-BE207BDF11-S003;IMP-M3-2408B547B5-S003;IMP-M3-251F2514E1-S003		YES	NEEDS_EDITORIAL_REVIEW
f6236989d19a91ff72e22fab7f033aed7bceac4edf89f54cd739921b949bd576	SEM-F6236989D19A	IMP-DL-3CA1CB77F7-P042	4	IMP-DL-3CA1CB77F7-P042;IMP-DL-3CA1CB77F7-R004753-F6236989;IMP-M2-F08D4144EA-P042;IMP-M2-F08D4144EA-R004753-F6236989	Downloads/theory-of-analysis-numbers.tex;MATH-ALLS-2/theory-of-analysis-numbers.tex	Downloads;MATH-ALLS-2	EXERCISE		IMP-DL-3CA1CB77F7-S017;IMP-M2-F08D4144EA-S017		YES	NEEDS_EDITORIAL_REVIEW
f63d779d0a720b0305aadc27fac7241723e4c613de8e01ce28610f6b982a9e31	SEM-F63D779D0A72	IMP-DL-314EAD1F3C-R001442-F63D779D	1	IMP-DL-314EAD1F3C-R001442-F63D779D	Downloads/theory-of-algebraic-topology-12.tex	Downloads	PROBLEM	13			NO	NEEDS_EDITORIAL_REVIEW
f64c9e4f040aa45020926553b26be853bf6b63ad02ebd13d82b942a97b10a11f	SEM-F64C9E4F040A	IMP-DL-592BD0798C-P062	2	IMP-DL-592BD0798C-P062;IMP-M3-1FB8799CDC-P062	Downloads/theory-of-commutative-algebra-8.tex;MATH_ALLS-3/theory-of-commutative-algebra-8.tex	Downloads;MATH_ALLS-3	WORKED_EXAMPLE	3			NO	NEEDS_EDITORIAL_REVIEW
f6a886e79d60407aa809346139e195b6296e5be06d3b762c356040c36679adc3	SEM-F6A886E79D60	IMP-DL-3190BA882C-P023	2	IMP-DL-3190BA882C-P023;IMP-M3-CABB372599-P023	Downloads/theory-of-commutative-algebra-15.tex;MATH_ALLS-3/theory-of-commutative-algebra-15.tex	Downloads;MATH_ALLS-3	WORKED_EXAMPLE				NO	NEEDS_EDITORIAL_REVIEW
f6b6bbd5ae3a470c50492d75e52375b10aed55fc7c0a5f513ca81f3c6e969a96	SEM-F6B6BBD5AE3A	IMP-DL-0AC5ADA26C-P009	1	IMP-DL-0AC5ADA26C-P009	Downloads/theory-of-algebraic-topology-8.tex	Downloads	WORKED_EXAMPLE	9			NO	NEEDS_EDITORIAL_REVIEW
f6c0109929ee0117da6bed38904feae83933f261925675df50639c07f4a08549	SEM-F6C0109929EE	IMP-DL-0B4CC237FA-SPR002456-F6C01099	1	IMP-DL-0B4CC237FA-SPR002456-F6C01099	Downloads/theory-of-algebraic-geometry-3.tex	Downloads	EXAMPLE	9.			NO	NEEDS_EDITORIAL_REVIEW
f6c5573b525798e7e28b1887db513b8de0b00d0ae2688890a4e4a37044ccdadc	SEM-F6C5573B5257	IMP-DL-4DEBE28720-P047	2	IMP-DL-4DEBE28720-P047;IMP-M3-8E395763C8-P047	Downloads/theory-of-commutative-algebra-13.tex;MATH_ALLS-3/theory-of-commutative-algebra-13.tex	Downloads;MATH_ALLS-3	WORKED_EXAMPLE				NO	NEEDS_EDITORIAL_REVIEW
f6f5a1a6e72e25aae5e48fff8125c457d2b4cadc49be9fdc7ac74f2d9abcf0ba	SEM-F6F5A1A6E72E	IMP-DL-A978FB3162-P011	1	IMP-DL-A978FB3162-P011	Downloads/theory-of-algebraic-topology-4.tex	Downloads	WORKED_EXAMPLE				NO	NEEDS_EDITORIAL_REVIEW
f6f96678d7af38c6f7f3ff058dbf585fed2f5ae37ca6e89ca8f93816d17dfc96	SEM-F6F96678D7AF	IMP-DL-1608308E70-P006	1	IMP-DL-1608308E70-P006	Downloads/theory-of-algebraic-topology-14.tex	Downloads	WORKED_EXAMPLE	1			NO	NEEDS_EDITORIAL_REVIEW
f70cb53dcbd6f33d6cdc3cc3a24304dfd77d3e4f59230ca71b6972e088b968b2	SEM-F70CB53DCBD6	IMP-DL-D6E9B3BC73-R001296-F70CB53D	2	IMP-DL-D6E9B3BC73-R001296-F70CB53D;IMP-M3-422B74F85F-R001293-F70CB53D	Downloads/theory-of-algebraic-topology-1.tex;MATH_ALLS-3/theory-of-algebraic-topology-1.tex	Downloads;MATH_ALLS-3	EXAMPLE	3	IMP-DL-D6E9B3BC73-S003;IMP-M3-422B74F85F-S003		YES	NEEDS_EDITORIAL_REVIEW
f71bac855bacf051ad2babf99f7c59f086d1e143001a0bc32702868a71ded7ef	SEM-F71BAC855BAC	IMP-DL-D18914CBBD-P002	2	IMP-DL-D18914CBBD-P002;IMP-M3-78B3C1B707-P002	Downloads/theory-of-commutative-algebra-11.tex;MATH_ALLS-3/theory-of-commutative-algebra-11.tex	Downloads;MATH_ALLS-3	WORKED_EXAMPLE	2			NO	NEEDS_EDITORIAL_REVIEW
f72801caf328bc0ea0c8eeaf739ba4de9a2411cf5f4e16a17704205408e1ff01	SEM-F72801CAF328	IMP-DL-4DEBE28720-P033	2	IMP-DL-4DEBE28720-P033;IMP-M3-8E395763C8-P033	Downloads/theory-of-commutative-algebra-13.tex;MATH_ALLS-3/theory-of-commutative-algebra-13.tex	Downloads;MATH_ALLS-3	WORKED_EXAMPLE	in			NO	NEEDS_EDITORIAL_REVIEW
f735538b4e73bf85330bfd8ac2b7cbe34fb6848783bbcdb2a677fc9fe5fd48f7	SEM-F735538B4E73	IMP-DL-FB19C24E92-P007	2	IMP-DL-FB19C24E92-P007;IMP-M2-7785C781E9-P007	Downloads/theory-of-complex-analysis-all.tex;MATH-ALLS-2/theory-of-complex-analysis-all.tex	Downloads;MATH-ALLS-2	PROBLEM	7			NO	NEEDS_EDITORIAL_REVIEW
f752f65d3eafba0b6e45e99823b0c8fdca25d3d3c31402dbae77a4949655f9d4	SEM-F752F65D3EAF	IMP-DL-3C59D9EE8B-P146	2	IMP-DL-3C59D9EE8B-P146;IMP-M3-D1A916E0DD-P146	Downloads/theory-of-commutative-algebra-5-professional-v2.tex;MATH_ALLS-3/theory-of-commutative-algebra-5-professional-v2.tex	Downloads;MATH_ALLS-3	PROBLEM_ITEM				NO	NEEDS_EDITORIAL_REVIEW
f762b7cad5f815d6876590dfe8e3043902e07ec211b3a9a29d3a5e05c237ac08	SEM-F762B7CAD5F8	IMP-DL-35223EB1F7-P017	2	IMP-DL-35223EB1F7-P017;IMP-DL-35223EB1F7-R002473-F762B7CA	Downloads/theory-of-algebraic-topology-6.tex	Downloads	EXAMPLE;WORKED_EXAMPLE	2			NO	NEEDS_EDITORIAL_REVIEW
f76a28be1a9c07f197bb25b91b04799ca1dcd17b9c0c194a0382183a83a882de	SEM-F76A28BE1A9C	IMP-DL-4DEBE28720-P068	2	IMP-DL-4DEBE28720-P068;IMP-M3-8E395763C8-P068	Downloads/theory-of-commutative-algebra-13.tex;MATH_ALLS-3/theory-of-commutative-algebra-13.tex	Downloads;MATH_ALLS-3	WORKED_EXAMPLE	9			NO	NEEDS_EDITORIAL_REVIEW
f7724a70e1a2c77e7e723f31e7f91721ea9834c10b6357297bd5cd7808568b05	SEM-F7724A70E1A2	IMP-DL-7A55205E2C-R001865-F7724A70	2	IMP-DL-7A55205E2C-R001865-F7724A70;IMP-M2-2D41E1011A-R001865-F7724A70	Downloads/theory-of-geometry-4.tex;MATH-ALLS-2/theory-of-geometry-4.tex	Downloads;MATH-ALLS-2	PROBLEM	10	IMP-DL-7A55205E2C-S010;IMP-M2-2D41E1011A-S010		YES	NEEDS_EDITORIAL_REVIEW
f77a7962f9c6118d1360e7b7284e5fe8e210c13be9e54b516ecf4d2c6d1649b1	SEM-F77A7962F9C6	IMP-DL-8D5CF4CFBA-PSR001068-F77A7962	2	IMP-DL-8D5CF4CFBA-PSR001068-F77A7962;IMP-M3-89937139FC-PSR001068-F77A7962	Downloads/theory-of-linear-algebra-2.tex;MATH_ALLS-3/theory-of-linear-algebra-2.tex	Downloads;MATH_ALLS-3	PROBLEM	5			NO	NEEDS_EDITORIAL_REVIEW
f7900e57e521cc3d7593286ace53183fa32264d59041bdda85b6da85f1daf9e2	SEM-F7900E57E521	IMP-DL-2B81C66D0F-P009	1	IMP-DL-2B81C66D0F-P009	Downloads/theory-of-algebraic-topology-2.tex	Downloads	WORKED_EXAMPLE	1			NO	NEEDS_EDITORIAL_REVIEW
f7bae4dd33cf81c5fe07599a6cc479f052c5c85d949ab54af1db6f93053281d8	SEM-F7BAE4DD33CF	IMP-DL-8D5CF4CFBA-P020	2	IMP-DL-8D5CF4CFBA-P020;IMP-M3-89937139FC-P020	Downloads/theory-of-linear-algebra-2.tex;MATH_ALLS-3/theory-of-linear-algebra-2.tex	Downloads;MATH_ALLS-3	PROBLEM	10	IMP-DL-8D5CF4CFBA-S021;IMP-M3-89937139FC-S021		YES	NEEDS_EDITORIAL_REVIEW
f7d77def1e4cd05b47af09ba6306d80a75ab88661f6f82598d5778a48c7eb927	SEM-F7D77DEF1E4C	IMP-DL-B7E3C22557-SPR001973-F7D77DEF	1	IMP-DL-B7E3C22557-SPR001973-F7D77DEF	Downloads/theory-of-algebraic-geometry-6.tex	Downloads	EXAMPLE	11.			NO	NEEDS_EDITORIAL_REVIEW
f7f146a3e4042cc10cf2159562efa13cb8fe75f6fe1420dfac4404f53d4b9dc4	SEM-F7F146A3E404	IMP-DL-8D5CF4CFBA-PSR001075-F7F146A3	2	IMP-DL-8D5CF4CFBA-PSR001075-F7F146A3;IMP-M3-89937139FC-PSR001075-F7F146A3	Downloads/theory-of-linear-algebra-2.tex;MATH_ALLS-3/theory-of-linear-algebra-2.tex	Downloads;MATH_ALLS-3	PROBLEM	6			NO	NEEDS_EDITORIAL_REVIEW
f7fd9e94196b59deb4ed2f7de5de4b84966fc1bca2782963fcb3fda7292c4ed9	SEM-F7FD9E94196B	IMP-DL-38CE6DEB56-P001	2	IMP-DL-38CE6DEB56-P001;IMP-M3-D19BB3C803-P001	Downloads/theory-of-commutative-algebra-14.tex;MATH_ALLS-3/theory-of-commutative-algebra-14.tex	Downloads;MATH_ALLS-3	WORKED_EXAMPLE	1			NO	NEEDS_EDITORIAL_REVIEW
f7feb92b5dac731c31f09a6d4ed16f0fa66b1eb1f06accd9b6109890ef370161	SEM-F7FEB92B5DAC	IMP-DL-3190BA882C-P033	1	IMP-DL-3190BA882C-P033	Downloads/theory-of-commutative-algebra-15.tex	Downloads	WORKED_EXAMPLE				NO	NEEDS_EDITORIAL_REVIEW
f87843833a04beff14c8c078f3e1338f0920676bff660f13fa1c1d688e2f0b22	SEM-F87843833A04	IMP-DL-3C59D9EE8B-P136	2	IMP-DL-3C59D9EE8B-P136;IMP-M3-D1A916E0DD-P136	Downloads/theory-of-commutative-algebra-5-professional-v2.tex;MATH_ALLS-3/theory-of-commutative-algebra-5-professional-v2.tex	Downloads;MATH_ALLS-3	PROBLEM_ITEM				NO	NEEDS_EDITORIAL_REVIEW
f895c67a073b91f7225bd009dc50c0d2c1032ca916ad5fa0d8dac75ca5cf6b3e	SEM-F895C67A073B	IMP-DL-FD5C2608DA-P001	2	IMP-DL-FD5C2608DA-P001;IMP-M3-F5BFB39338-P001	Downloads/theory-of-commutative-algebra-3.tex;MATH_ALLS-3/theory-of-commutative-algebra-3.tex	Downloads;MATH_ALLS-3	PROBLEM_ITEM				NO	NEEDS_EDITORIAL_REVIEW
f8dc530cc0ce1e9eab51eea64608f6ce0ade9b83da1901ac439b801be6e129e8	SEM-F8DC530CC0CE	IMP-DL-D148B51FB7-P021	2	IMP-DL-D148B51FB7-P021;IMP-M3-5A5277EBFB-P021	Downloads/theory-of-differential-geometry-4.tex;MATH_ALLS-3/theory-of-differential-geometry-4.tex	Downloads;MATH_ALLS-3	PROBLEM	12	IMP-DL-D148B51FB7-S012;IMP-M3-5A5277EBFB-S012		YES	NEEDS_EDITORIAL_REVIEW
f8e6abc7b05a444c10f2857b364a52f963af6efcf375ecc5ee9478cbbe7f8619	SEM-F8E6ABC7B05A	IMP-DL-1068DBED71-P001	4	IMP-DL-1068DBED71-P001;IMP-DL-CAA415139D-P001;IMP-M3-F4E66B2919-P001;IMP-M3-FCB1647DD6-P001	Downloads/theory-of-commutative-algebra-10.tex;Downloads/theory-of-commutative-algebra-9.tex;MATH_ALLS-3/theory-of-commutative-algebra-10.tex;MATH_ALLS-3/theory-of-commutative-algebra-9.tex	Downloads;MATH_ALLS-3	WORKED_EXAMPLE				NO	NEEDS_EDITORIAL_REVIEW
f8e7009d086f78e94f9985b90c2a83282895f27d38f8cb827df23747db1970f6	SEM-F8E7009D086F	IMP-DL-873C6F4098-P016	2	IMP-DL-873C6F4098-P016;IMP-M2-CFC28ED568-P016	Downloads/theory-of-analysis-II.tex;MATH-ALLS-2/theory-of-analysis-II.tex	Downloads;MATH-ALLS-2	PROBLEM_ITEM				NO	NEEDS_EDITORIAL_REVIEW
f8f89b9d698f1bd391051b2c852e184ed264b614f50e825d7d10484c04340c02	SEM-F8F89B9D698F	IMP-DL-336732908A-P006	2	IMP-DL-336732908A-P006;IMP-M2-805F474A19-P006	Downloads/theory-of-complex-analysis-next.tex;MATH-ALLS-2/theory-of-complex-analysis-next.tex	Downloads;MATH-ALLS-2	WORKED_EXAMPLE	2			NO	NEEDS_EDITORIAL_REVIEW
f8f9afafc46531fad44ac3328165459591a306fb9a1b4f708261b6066eb3585b	SEM-F8F9AFAFC465	IMP-DL-2370D81D66-P056	2	IMP-DL-2370D81D66-P056;IMP-M2-D036BAB254-P056	Downloads/theory-of-analysis-FD.tex;MATH-ALLS-2/theory-of-analysis-FD.tex	Downloads;MATH-ALLS-2	EXERCISE_ITEM				NO	NEEDS_EDITORIAL_REVIEW
f8ffae269366f58fb7eca22da1a14e9dfd1f952025abe504a1ff67a93e1ada1f	SEM-F8FFAE269366	IMP-DL-316AE183C3-P032	2	IMP-DL-316AE183C3-P032;IMP-M2-303BB87ACE-P032	Downloads/theory-of-analysis-functions.tex;MATH-ALLS-2/theory-of-analysis-functions.tex	Downloads;MATH-ALLS-2	EXERCISE_ITEM				NO	NEEDS_EDITORIAL_REVIEW
f93abb524fc9c08ff1a0a35fe169483e90738aeb8fa85b891b856cf3f3489c01	SEM-F93ABB524FC9	IMP-DL-8D5CF4CFBA-P024	2	IMP-DL-8D5CF4CFBA-P024;IMP-M3-89937139FC-P024	Downloads/theory-of-linear-algebra-2.tex;MATH_ALLS-3/theory-of-linear-algebra-2.tex	Downloads;MATH_ALLS-3	PROBLEM	7	IMP-DL-8D5CF4CFBA-S033;IMP-M3-89937139FC-S033		YES	NEEDS_EDITORIAL_REVIEW
f9537a504bb0bae1c058aa8a8c4dc0460f1672b3c083cdc048fe17246c51ced0	SEM-F9537A504BB0	IMP-DL-0EB9CBD958-P004	2	IMP-DL-0EB9CBD958-P004;IMP-M2-F4C85D52DC-P004	Downloads/theory-of-geometry.tex;MATH-ALLS-2/theory-of-geometry.tex	Downloads;MATH-ALLS-2	WORKED_EXAMPLE				NO	NEEDS_EDITORIAL_REVIEW
f9803d58042ae66530c314cab9ec76823ac0bfc95b5f88491426e1c156d27642	SEM-F9803D58042A	IMP-DL-D4351A3BBD-P026	2	IMP-DL-D4351A3BBD-P026;IMP-M2-721AD91C7F-P026	Downloads/theory-of-geometry-IV.tex;MATH-ALLS-2/theory-of-geometry-IV.tex	Downloads;MATH-ALLS-2	PROBLEM_ITEM				NO	NEEDS_EDITORIAL_REVIEW
f9890e570229744335109cd092ffb34941e83dcf3903b94e2cfc1c211e3d9403	SEM-F9890E570229	IMP-DL-6B513C0C2F-PSR004024-F9890E57	1	IMP-DL-6B513C0C2F-PSR004024-F9890E57	Downloads/theory-of-algebraic-geometry-10.tex	Downloads	EXAMPLE				NO	NEEDS_EDITORIAL_REVIEW
f99c875c38a93d9ceeff8d879db23c606255293b4601a25a88b8f1389d11ae0e	SEM-F99C875C38A9	IMP-DL-C3DACFE8A7-P009	1	IMP-DL-C3DACFE8A7-P009	Downloads/theory-of-algebraic-geometry-7.tex	Downloads	WORKED_EXAMPLE	10.			NO	NEEDS_EDITORIAL_REVIEW
f9a22cce6d9144ff61d69cad07119f97bb3931096538e1b1f775feb7399dd0b8	SEM-F9A22CCE6D91	IMP-DL-592BD0798C-P004	2	IMP-DL-592BD0798C-P004;IMP-M3-1FB8799CDC-P004	Downloads/theory-of-commutative-algebra-8.tex;MATH_ALLS-3/theory-of-commutative-algebra-8.tex	Downloads;MATH_ALLS-3	WORKED_EXAMPLE	4			NO	NEEDS_EDITORIAL_REVIEW
f9a5fc892b7bff927794c9c4e28f8a07c4dd3d7b10c9e5b1c63804278923f48b	SEM-F9A5FC892B7B	IMP-DL-2370D81D66-P076	2	IMP-DL-2370D81D66-P076;IMP-M2-D036BAB254-P076	Downloads/theory-of-analysis-FD.tex;MATH-ALLS-2/theory-of-analysis-FD.tex	Downloads;MATH-ALLS-2	WORKED_EXAMPLE	E			NO	NEEDS_EDITORIAL_REVIEW
f9a889d8a594964575e9a26d48e25873d52346b47aebb45df75da87e81624619	SEM-F9A889D8A594	IMP-DL-592BD0798C-P003	2	IMP-DL-592BD0798C-P003;IMP-M3-1FB8799CDC-P003	Downloads/theory-of-commutative-algebra-8.tex;MATH_ALLS-3/theory-of-commutative-algebra-8.tex	Downloads;MATH_ALLS-3	WORKED_EXAMPLE	3			NO	NEEDS_EDITORIAL_REVIEW
f9d3d3abb27f69b1322375d78d8fa5dfda8bdebcc85bdc63de9e1a3e67ddcb0c	SEM-F9D3D3ABB27F	IMP-DL-38CE6DEB56-P031	2	IMP-DL-38CE6DEB56-P031;IMP-M3-D19BB3C803-P031	Downloads/theory-of-commutative-algebra-14.tex;MATH_ALLS-3/theory-of-commutative-algebra-14.tex	Downloads;MATH_ALLS-3	WORKED_EXAMPLE	30			NO	NEEDS_EDITORIAL_REVIEW
f9dbd71655ad3d5b0689d032d703d828011ba214e1ed218720c846f78e02ba6a	SEM-F9DBD71655AD	IMP-DL-873C6F4098-P021	2	IMP-DL-873C6F4098-P021;IMP-M2-CFC28ED568-P021	Downloads/theory-of-analysis-II.tex;MATH-ALLS-2/theory-of-analysis-II.tex	Downloads;MATH-ALLS-2	PROBLEM	12			NO	NEEDS_EDITORIAL_REVIEW
f9df105892285df4b352adf766397eee94e3d2c5bd2a1b8d6fce8ea30c09a838	SEM-F9DF10589228	IMP-DL-1068DBED71-P075	4	IMP-DL-1068DBED71-P075;IMP-DL-CAA415139D-P075;IMP-M3-F4E66B2919-P075;IMP-M3-FCB1647DD6-P075	Downloads/theory-of-commutative-algebra-10.tex;Downloads/theory-of-commutative-algebra-9.tex;MATH_ALLS-3/theory-of-commutative-algebra-10.tex;MATH_ALLS-3/theory-of-commutative-algebra-9.tex	Downloads;MATH_ALLS-3	WORKED_EXAMPLE	2			NO	NEEDS_EDITORIAL_REVIEW
f9fe42f8fbb1c462ba7d417495c3065d9d49ac8bbb6fa64aada7697398e6ee07	SEM-F9FE42F8FBB1	IMP-DL-12C1A20716-P034	1	IMP-DL-12C1A20716-P034	Downloads/theory-of-algebraic-topology-10.tex	Downloads	PROBLEM	13.	IMP-DL-12C1A20716-S009		YES	NEEDS_EDITORIAL_REVIEW
fa2b76b1b438d204fd853d18021f3eb654b84ca4a0c718d630a194d163803168	SEM-FA2B76B1B438	IMP-DL-592BD0798C-P012	2	IMP-DL-592BD0798C-P012;IMP-M3-1FB8799CDC-P012	Downloads/theory-of-commutative-algebra-8.tex;MATH_ALLS-3/theory-of-commutative-algebra-8.tex	Downloads;MATH_ALLS-3	WORKED_EXAMPLE	3			NO	NEEDS_EDITORIAL_REVIEW
fa33b7663e8a0a548bd2597b1a719acbb97e2090f82ee65a480d5a970cf39bdb	SEM-FA33B7663E8A	IMP-DL-592BD0798C-P030	2	IMP-DL-592BD0798C-P030;IMP-M3-1FB8799CDC-P030	Downloads/theory-of-commutative-algebra-8.tex;MATH_ALLS-3/theory-of-commutative-algebra-8.tex	Downloads;MATH_ALLS-3	WORKED_EXAMPLE				NO	NEEDS_EDITORIAL_REVIEW
fa4de23374114a700efb7d4ee0985a722d0e7909168fe36cf0a5af21ccf72c64	SEM-FA4DE2337411	IMP-DL-873C6F4098-P065	2	IMP-DL-873C6F4098-P065;IMP-M2-CFC28ED568-P065	Downloads/theory-of-analysis-II.tex;MATH-ALLS-2/theory-of-analysis-II.tex	Downloads;MATH-ALLS-2	PROBLEM	3.			NO	NEEDS_EDITORIAL_REVIEW
fa5e59daf8cc11ca24b7fa3c47ded07874c6d8215c094d14a1893e5aacdc19a3	SEM-FA5E59DAF8CC	IMP-DL-3C59D9EE8B-P117	2	IMP-DL-3C59D9EE8B-P117;IMP-M3-D1A916E0DD-P117	Downloads/theory-of-commutative-algebra-5-professional-v2.tex;MATH_ALLS-3/theory-of-commutative-algebra-5-professional-v2.tex	Downloads;MATH_ALLS-3	PROBLEM_ITEM				NO	NEEDS_EDITORIAL_REVIEW
fa6057cb1fad6620b4e4c4511e5ae11f6a395b266a346aa25861a0f92df799c0	SEM-FA6057CB1FAD	IMP-DL-40BD8D3E26-P009	2	IMP-DL-40BD8D3E26-P009;IMP-M2-0384991A85-P009	Downloads/theory-of-geometry-2.tex;MATH-ALLS-2/theory-of-geometry-2.tex	Downloads;MATH-ALLS-2	WORKED_EXAMPLE	2			NO	NEEDS_EDITORIAL_REVIEW
fa6f17124f914a06a0d0beb79641a52bb9c32f4f9095e4bbffb04dd1c1135c38	SEM-FA6F17124F91	IMP-DL-31FF76D7B8-PSR003910-FA6F1712	1	IMP-DL-31FF76D7B8-PSR003910-FA6F1712	Downloads/theory-of-algebraic-topology-16.tex	Downloads	EXAMPLE				NO	NEEDS_EDITORIAL_REVIEW
fa8165d9eec0f5d4e197f836d2b6a593481795ff828c290b584c1e2a03396df4	SEM-FA8165D9EEC0	IMP-DL-E88547CF67-P024	2	IMP-DL-E88547CF67-P024;IMP-M2-80D8AED0FF-P024	Downloads/theory-of-geometry-3.tex;MATH-ALLS-2/theory-of-geometry-3.tex	Downloads;MATH-ALLS-2	PROBLEM_ITEM				NO	NEEDS_EDITORIAL_REVIEW
fa83f1143ca07a3063ee396925fd4889e9bb14746fb8148bd01a808ad989555f	SEM-FA83F1143CA0	IMP-DL-AE41E61130-P001	2	IMP-DL-AE41E61130-P001;IMP-M2-22F064D6B8-P001	Downloads/exercise_4_solutions (1).tex;MATH-ALLS-2/exercise_4_solutions (1).tex	Downloads;MATH-ALLS-2	WORKED_EXAMPLE				NO	NEEDS_EDITORIAL_REVIEW
fa8beb52b078878a34436fa005f28431fb57cc6cf0d08fe651d8449c1baa6ef3	SEM-FA8BEB52B078	IMP-DL-E4D9F7AB6B-PSR006073-FA8BEB52	1	IMP-DL-E4D9F7AB6B-PSR006073-FA8BEB52	Downloads/theory-of-algebraic-topology-13.tex	Downloads	EXAMPLE	12.			NO	NEEDS_EDITORIAL_REVIEW
fa8c350263147765aa05a18789058184fe883ec55c2a3abc38edb978ead5dc98	SEM-FA8C35026314	IMP-DL-1068DBED71-P051	4	IMP-DL-1068DBED71-P051;IMP-DL-CAA415139D-P051;IMP-M3-F4E66B2919-P051;IMP-M3-FCB1647DD6-P051	Downloads/theory-of-commutative-algebra-10.tex;Downloads/theory-of-commutative-algebra-9.tex;MATH_ALLS-3/theory-of-commutative-algebra-10.tex;MATH_ALLS-3/theory-of-commutative-algebra-9.tex	Downloads;MATH_ALLS-3	WORKED_EXAMPLE	3			NO	NEEDS_EDITORIAL_REVIEW
faa96477b50bc012aee42ddd31f114e93109b8cc3726f8a2b49698ad9aceb792	SEM-FAA96477B50B	IMP-DL-183AD43C4C-P018	6	IMP-DL-183AD43C4C-P018;IMP-DL-20E278E436-P018;IMP-DL-77AFEAC262-P002;IMP-M2-1895C43FC6-P018;IMP-M2-50B0B212DD-P018;IMP-M2-F3944A3F22-P002	Downloads/merged_exercises_FULL (2).tex;Downloads/merged_exercises_FULL_v2 (1).tex;Downloads/theory-of-real-analysis.tex;MATH-ALLS-2/merged_exercises_FULL (2).tex;MATH-ALLS-2/merged_exercises_FULL_v2 (1).tex;MATH-ALLS-2/theory-of-real-analysis.tex	Downloads;MATH-ALLS-2	EXERCISE	3.4	IMP-DL-183AD43C4C-S001;IMP-DL-20E278E436-S001;IMP-DL-77AFEAC262-S001;IMP-M2-1895C43FC6-S001;IMP-M2-50B0B212DD-S001;IMP-M2-F3944A3F22-S001		YES	NEEDS_EDITORIAL_REVIEW
faaa182432a7bf66b5361df3838d82364a46db103450d1390978d3750ae7a679	SEM-FAAA182432A7	IMP-DL-E532B44856-P006	2	IMP-DL-E532B44856-P006;IMP-M2-C037D998D4-P006	Downloads/theory-of-analysis-functions-II.tex;MATH-ALLS-2/theory-of-analysis-functions-II.tex	Downloads;MATH-ALLS-2	PROBLEM	6			NO	NEEDS_EDITORIAL_REVIEW
fae113886da88d6b8ee77b9ced98b3b261719966639ee6a334cf42a1b98da46a	SEM-FAE113886DA8	IMP-DL-3C59D9EE8B-P143	2	IMP-DL-3C59D9EE8B-P143;IMP-M3-D1A916E0DD-P143	Downloads/theory-of-commutative-algebra-5-professional-v2.tex;MATH_ALLS-3/theory-of-commutative-algebra-5-professional-v2.tex	Downloads;MATH_ALLS-3	PROBLEM_ITEM				NO	NEEDS_EDITORIAL_REVIEW
fb13755cb27d21ec275cecee277dc77f86817e8af55b12c75e4c83c4918fc159	SEM-FB13755CB27D	IMP-DL-A978FB3162-P044	1	IMP-DL-A978FB3162-P044	Downloads/theory-of-algebraic-topology-4.tex	Downloads	PROBLEM_ITEM				NO	NEEDS_EDITORIAL_REVIEW
fb3be41aa8cf761153aeda586c6ea0250aafafa4842118d5442c094aaeacc9b4	SEM-FB3BE41AA8CF	IMP-DL-4DEBE28720-P015	2	IMP-DL-4DEBE28720-P015;IMP-M3-8E395763C8-P015	Downloads/theory-of-commutative-algebra-13.tex;MATH_ALLS-3/theory-of-commutative-algebra-13.tex	Downloads;MATH_ALLS-3	WORKED_EXAMPLE				NO	NEEDS_EDITORIAL_REVIEW
fb4a6e54ae9db1eeb93f9e6f4f10861c937f1c3cbdd0b5200c6e4b554a97e5b2	SEM-FB4A6E54AE9D	IMP-DL-C3DACFE8A7-P014	1	IMP-DL-C3DACFE8A7-P014	Downloads/theory-of-algebraic-geometry-7.tex	Downloads	WORKED_EXAMPLE	15.			NO	NEEDS_EDITORIAL_REVIEW
fb51e69adf0365609c042080467591e30342f274c09fa477a590bc9eabbe3179	SEM-FB51E69ADF03	IMP-DL-592BD0798C-P057	2	IMP-DL-592BD0798C-P057;IMP-M3-1FB8799CDC-P057	Downloads/theory-of-commutative-algebra-8.tex;MATH_ALLS-3/theory-of-commutative-algebra-8.tex	Downloads;MATH_ALLS-3	PROBLEM				NO	NEEDS_EDITORIAL_REVIEW
fb5a50d646d00178ce16af24200f1a5b97349b92eaf8313097214b3bbd1ce92c	SEM-FB5A50D646D0	IMP-DL-592BD0798C-P053	2	IMP-DL-592BD0798C-P053;IMP-M3-1FB8799CDC-P053	Downloads/theory-of-commutative-algebra-8.tex;MATH_ALLS-3/theory-of-commutative-algebra-8.tex	Downloads;MATH_ALLS-3	WORKED_EXAMPLE	5			NO	NEEDS_EDITORIAL_REVIEW
fb7f8ac85432ef84eadaa39fa9cec90b7f967a8ae835f14cbf917e7ad9d42d5a	SEM-FB7F8AC85432	IMP-DL-8D5CF4CFBA-P009	2	IMP-DL-8D5CF4CFBA-P009;IMP-M3-89937139FC-P009	Downloads/theory-of-linear-algebra-2.tex;MATH_ALLS-3/theory-of-linear-algebra-2.tex	Downloads;MATH_ALLS-3	PROBLEM	10	IMP-DL-8D5CF4CFBA-S010;IMP-M3-89937139FC-S010		YES	NEEDS_EDITORIAL_REVIEW
fb88908f422cce20cecbb0cbb1d3a48950b75a4abc4a44f53c9212231644de48	SEM-FB88908F422C	IMP-DL-E12021E60A-P013	1	IMP-DL-E12021E60A-P013	Downloads/theory-of-algebraic-topology-17.tex	Downloads	WORKED_EXAMPLE	9.4			NO	NEEDS_EDITORIAL_REVIEW
fb959b32f00f401a5a337991c523b9debed5cceebbec446b588782c8ecc676ab	SEM-FB959B32F00F	IMP-DL-3C59D9EE8B-P123	2	IMP-DL-3C59D9EE8B-P123;IMP-M3-D1A916E0DD-P123	Downloads/theory-of-commutative-algebra-5-professional-v2.tex;MATH_ALLS-3/theory-of-commutative-algebra-5-professional-v2.tex	Downloads;MATH_ALLS-3	PROBLEM_ITEM				NO	NEEDS_EDITORIAL_REVIEW
fb9f2415f3954a4a6e8857689a6cf57dc8a458b3c1e614b79c9c9e23ef137a82	SEM-FB9F2415F395	IMP-DL-873C6F4098-P028	2	IMP-DL-873C6F4098-P028;IMP-M2-CFC28ED568-P028	Downloads/theory-of-analysis-II.tex;MATH-ALLS-2/theory-of-analysis-II.tex	Downloads;MATH-ALLS-2	PROBLEM	16			NO	NEEDS_EDITORIAL_REVIEW
fbc8204e40516b02edfdc8698fae49faa81d327b82d63b75a56f010d3be6ad43	SEM-FBC8204E4051	IMP-DL-2E134BF207-P070	1	IMP-DL-2E134BF207-P070	Downloads/theory-of-algebraic-topology-5.tex	Downloads	WORKED_EXAMPLE	7			NO	NEEDS_EDITORIAL_REVIEW
fbce1a71d55aaf901be652e492b3dcd7ba1abc52c01eef13ba6a96d0dff9dbff	SEM-FBCE1A71D55A	IMP-DL-0EB9CBD958-P040	2	IMP-DL-0EB9CBD958-P040;IMP-M2-F4C85D52DC-P040	Downloads/theory-of-geometry.tex;MATH-ALLS-2/theory-of-geometry.tex	Downloads;MATH-ALLS-2	WORKED_EXAMPLE				NO	NEEDS_EDITORIAL_REVIEW
fbe3d029ede2acfd9eae0fd88ef2a796ef45d6fe63b27c91c0debdf22b653b18	SEM-FBE3D029EDE2	IMP-DL-2370D81D66-P012	2	IMP-DL-2370D81D66-P012;IMP-M2-D036BAB254-P012	Downloads/theory-of-analysis-FD.tex;MATH-ALLS-2/theory-of-analysis-FD.tex	Downloads;MATH-ALLS-2	EXERCISE	1.6	IMP-DL-2370D81D66-S002;IMP-DL-2370D81D66-S003;IMP-DL-2370D81D66-S004;IMP-M2-D036BAB254-S002;IMP-M2-D036BAB254-S003;IMP-M2-D036BAB254-S004		YES	NEEDS_EDITORIAL_REVIEW
fbeab88de417416be9d3ec9dcfc169eb772aa80d9f0d399a9f6977b682d40ba6	SEM-FBEAB88DE417	IMP-DL-6447F1B120-P021	1	IMP-DL-6447F1B120-P021	Downloads/theory-of-algebraic-topology-11.tex	Downloads	PROBLEM_ITEM				NO	NEEDS_EDITORIAL_REVIEW
fbf4e59ebd2d29cf936934add276ed871d8d75cebb0e2768f2e29db37d8db6e6	SEM-FBF4E59EBD2D	IMP-DL-1068DBED71-P068	4	IMP-DL-1068DBED71-P068;IMP-DL-CAA415139D-P068;IMP-M3-F4E66B2919-P068;IMP-M3-FCB1647DD6-P068	Downloads/theory-of-commutative-algebra-10.tex;Downloads/theory-of-commutative-algebra-9.tex;MATH_ALLS-3/theory-of-commutative-algebra-10.tex;MATH_ALLS-3/theory-of-commutative-algebra-9.tex	Downloads;MATH_ALLS-3	WORKED_EXAMPLE	1			NO	NEEDS_EDITORIAL_REVIEW
fc04c23eea4ddceb1ffe8186c6f91abd2cf6221b992df79aa73636bfe6127f88	SEM-FC04C23EEA4D	IMP-DL-314EAD1F3C-R001741-FC04C23E	1	IMP-DL-314EAD1F3C-R001741-FC04C23E	Downloads/theory-of-algebraic-topology-12.tex	Downloads	EXAMPLE	11.1.			NO	NEEDS_EDITORIAL_REVIEW
fc0bfe92782ea1b6fac146da03a73a7b7c64ac29ba11851806821704534bf47d	SEM-FC0BFE92782E	IMP-DL-AD9EFCAF62-P024	2	IMP-DL-AD9EFCAF62-P024;IMP-M2-79778E004E-P024	Downloads/theory-of-complex-analysis-2.tex;MATH-ALLS-2/theory-of-complex-analysis-2.tex	Downloads;MATH-ALLS-2	PROBLEM	7			NO	NEEDS_EDITORIAL_REVIEW
fc298447a652f0bfdb6f8f2836f33307ba54547d517cc31a9b9f532fb88e5d02	SEM-FC298447A652	IMP-DL-1068DBED71-P043	4	IMP-DL-1068DBED71-P043;IMP-DL-CAA415139D-P043;IMP-M3-F4E66B2919-P043;IMP-M3-FCB1647DD6-P043	Downloads/theory-of-commutative-algebra-10.tex;Downloads/theory-of-commutative-algebra-9.tex;MATH_ALLS-3/theory-of-commutative-algebra-10.tex;MATH_ALLS-3/theory-of-commutative-algebra-9.tex	Downloads;MATH_ALLS-3	WORKED_EXAMPLE	over			NO	NEEDS_EDITORIAL_REVIEW
fc341a60021a90690db03520c485dada7c80eca51927a851dcd2b3ea792f5bbe	SEM-FC341A60021A	IMP-DL-CB3C80FF97-P034	2	IMP-DL-CB3C80FF97-P034;IMP-M2-7B5A4788C1-P034	Downloads/theory-of-complex-analysis-topology.tex;MATH-ALLS-2/theory-of-complex-analysis-topology.tex	Downloads;MATH-ALLS-2	PROBLEM_ITEM				NO	NEEDS_EDITORIAL_REVIEW
fc41ae95eb1908c3a0cdf636936c07f32a4ae499504d2f58bff993335d8363b3	SEM-FC41AE95EB19	IMP-DL-D27460A55B-SPR004266-FC41AE95	1	IMP-DL-D27460A55B-SPR004266-FC41AE95	Downloads/theory-of-algebraic-geometry-5.tex	Downloads	EXAMPLE	16			NO	NEEDS_EDITORIAL_REVIEW
fc63c0c1571f68df6f03699d319efc5b82428909ccb8273b16c0e82a577622cf	SEM-FC63C0C1571F	IMP-DL-721195CCB5-PSR003872-FC63C0C1	1	IMP-DL-721195CCB5-PSR003872-FC63C0C1	Downloads/theory-of-algebraic-geometry-11.tex	Downloads	EXAMPLE				NO	NEEDS_EDITORIAL_REVIEW
fc6496592f8389c4b0a65f5db8bf05bc7c4b16ed757bec50d916c23c2f5708d4	SEM-FC6496592F83	IMP-DL-F77C60E8D1-P001	2	IMP-DL-F77C60E8D1-P001;IMP-M2-09C070ED26-P001	Downloads/theory-of-complex-analysis-next2.tex;MATH-ALLS-2/theory-of-complex-analysis-next2.tex	Downloads;MATH-ALLS-2	WORKED_EXAMPLE				NO	NEEDS_EDITORIAL_REVIEW
fc81fb6e8ea135344034fee4dcd9dbccc281e74548f05f8b9f82983cbc34ad3a	SEM-FC81FB6E8EA1	IMP-DL-3E276561C4-P003	2	IMP-DL-3E276561C4-P003;IMP-M3-AB2FCA292B-P003	Downloads/theory-of-linear-algebra-1.tex;MATH_ALLS-3/theory-of-linear-algebra-1.tex	Downloads;MATH_ALLS-3	PROBLEM	2	IMP-DL-3E276561C4-S014;IMP-DL-3E276561C4-S015;IMP-M3-AB2FCA292B-S014;IMP-M3-AB2FCA292B-S015		YES	NEEDS_EDITORIAL_REVIEW
fc96f3b25d62aec57d24575793a133d3a373ea7961a4fe3269336c7bf0c21e39	SEM-FC96F3B25D62	IMP-DL-3E276561C4-R001407-FC96F3B2	2	IMP-DL-3E276561C4-R001407-FC96F3B2;IMP-M3-AB2FCA292B-R001407-FC96F3B2	Downloads/theory-of-linear-algebra-1.tex;MATH_ALLS-3/theory-of-linear-algebra-1.tex	Downloads;MATH_ALLS-3	PROBLEM	12	IMP-DL-3E276561C4-S012;IMP-M3-AB2FCA292B-S012		YES	NEEDS_EDITORIAL_REVIEW
fc9f70cc882a41538d09e72e3dc4606ae2e16b063d85773cb000242d3fe733fd	SEM-FC9F70CC882A	IMP-DL-316AE183C3-P004	2	IMP-DL-316AE183C3-P004;IMP-M2-303BB87ACE-P004	Downloads/theory-of-analysis-functions.tex;MATH-ALLS-2/theory-of-analysis-functions.tex	Downloads;MATH-ALLS-2	WORKED_EXAMPLE	0			NO	NEEDS_EDITORIAL_REVIEW
fcabba8987987c40f7b47850ac5014b87352bc3de16bcaaa363dfd69ac0949a8	SEM-FCABBA898798	IMP-DL-D148B51FB7-P023	2	IMP-DL-D148B51FB7-P023;IMP-M3-5A5277EBFB-P023	Downloads/theory-of-differential-geometry-4.tex;MATH_ALLS-3/theory-of-differential-geometry-4.tex	Downloads;MATH_ALLS-3	PROBLEM	2	IMP-DL-D148B51FB7-S015;IMP-M3-5A5277EBFB-S015		YES	NEEDS_EDITORIAL_REVIEW
fcea5887c5c45923dbe4fbcdfcad3c5db2b5c7726e18bc1a1eb53f9036707aab	SEM-FCEA5887C5C4	IMP-DL-8D5CF4CFBA-P026	2	IMP-DL-8D5CF4CFBA-P026;IMP-M3-89937139FC-P026	Downloads/theory-of-linear-algebra-2.tex;MATH_ALLS-3/theory-of-linear-algebra-2.tex	Downloads;MATH_ALLS-3	PROBLEM	9	IMP-DL-8D5CF4CFBA-S035;IMP-M3-89937139FC-S035		YES	NEEDS_EDITORIAL_REVIEW
fd1ab60889fd22a9f8a281a602e8e4a47288e56dde79f20a41d5a3bdef479e28	SEM-FD1AB60889FD	IMP-DL-E12021E60A-P001	1	IMP-DL-E12021E60A-P001	Downloads/theory-of-algebraic-topology-17.tex	Downloads	PROBLEM	8			NO	NEEDS_EDITORIAL_REVIEW
fd1cefce8433d8546168cd021dd5dca46362400f17210b777c572eb5ad99013d	SEM-FD1CEFCE8433	IMP-DL-3190BA882C-P025	2	IMP-DL-3190BA882C-P025;IMP-M3-CABB372599-P025	Downloads/theory-of-commutative-algebra-15.tex;MATH_ALLS-3/theory-of-commutative-algebra-15.tex	Downloads;MATH_ALLS-3	EXERCISE_ITEM				NO	NEEDS_EDITORIAL_REVIEW
fd2be391c5209f712b47278017a7e8c2fd990c0547cfad2dbf24cd90e30fd36d	SEM-FD2BE391C520	IMP-DL-15679DEE8D-P008	6	IMP-DL-15679DEE8D-P008;IMP-DL-3CA1CB77F7-P008;IMP-DL-E0A96454A5-P008;IMP-M2-1D2863B81A-P008;IMP-M2-D47CB97304-P008;IMP-M2-F08D4144EA-P008	Downloads/theory-of-analysis - Copy.tex;Downloads/theory-of-analysis-numbers.tex;Downloads/theory-of-analysis.tex;MATH-ALLS-2/theory-of-analysis - Copy.tex;MATH-ALLS-2/theory-of-analysis-numbers.tex;MATH-ALLS-2/theory-of-analysis.tex	Downloads;MATH-ALLS-2	PROBLEM	9	IMP-DL-15679DEE8D-S014;IMP-DL-3CA1CB77F7-S014;IMP-DL-E0A96454A5-S014;IMP-M2-1D2863B81A-S014;IMP-M2-D47CB97304-S014;IMP-M2-F08D4144EA-S014		YES	NEEDS_EDITORIAL_REVIEW
fd5062e0a4dd6e250aa36ae0da0eaeadf21b8b3007a27326f4de9293466d2930	SEM-FD5062E0A4DD	IMP-DL-3C59D9EE8B-P017	2	IMP-DL-3C59D9EE8B-P017;IMP-M3-D1A916E0DD-P017	Downloads/theory-of-commutative-algebra-5-professional-v2.tex;MATH_ALLS-3/theory-of-commutative-algebra-5-professional-v2.tex	Downloads;MATH_ALLS-3	PROBLEM_ITEM				NO	NEEDS_EDITORIAL_REVIEW
fd572163eb6877d638dd4a2cd44ffabf1c95b23dfab4d1cfafcb6a97870b1525	SEM-FD572163EB68	IMP-DL-D4351A3BBD-P018	2	IMP-DL-D4351A3BBD-P018;IMP-M2-721AD91C7F-P018	Downloads/theory-of-geometry-IV.tex;MATH-ALLS-2/theory-of-geometry-IV.tex	Downloads;MATH-ALLS-2	PROBLEM_ITEM				NO	NEEDS_EDITORIAL_REVIEW
fd63fe115aeb357fe5d844417d14c2b3ba4e417047332b80924be5a5b66b8197	SEM-FD63FE115AEB	IMP-DL-35223EB1F7-R003110-FD63FE11	1	IMP-DL-35223EB1F7-R003110-FD63FE11	Downloads/theory-of-algebraic-topology-6.tex	Downloads	EXAMPLE	4			NO	NEEDS_EDITORIAL_REVIEW
fd682de82cad49df53ccd502a97f1eaf4cac8aee3a49ba5380b6be4a64175552	SEM-FD682DE82CAD	IMP-DL-0EB9CBD958-P069	2	IMP-DL-0EB9CBD958-P069;IMP-M2-F4C85D52DC-P069	Downloads/theory-of-geometry.tex;MATH-ALLS-2/theory-of-geometry.tex	Downloads;MATH-ALLS-2	PROBLEM_ITEM				NO	NEEDS_EDITORIAL_REVIEW
fd6ee5e3177a149e12e9c564c83fb231fc0d4c75b86b9c426c8ae8e638c53652	SEM-FD6EE5E3177A	IMP-DL-7A55205E2C-R001242-FD6EE5E3	2	IMP-DL-7A55205E2C-R001242-FD6EE5E3;IMP-M2-2D41E1011A-R001242-FD6EE5E3	Downloads/theory-of-geometry-4.tex;MATH-ALLS-2/theory-of-geometry-4.tex	Downloads;MATH-ALLS-2	PROBLEM	6	IMP-DL-7A55205E2C-S006;IMP-M2-2D41E1011A-S006		YES	NEEDS_EDITORIAL_REVIEW
fd807da07e9b44e2a2a4c13ce107b94246e8d93e2578042b275c9d514b0b9cfb	SEM-FD807DA07E9B	IMP-DL-D18914CBBD-P035	2	IMP-DL-D18914CBBD-P035;IMP-M3-78B3C1B707-P035	Downloads/theory-of-commutative-algebra-11.tex;MATH_ALLS-3/theory-of-commutative-algebra-11.tex	Downloads;MATH_ALLS-3	WORKED_EXAMPLE	1			NO	NEEDS_EDITORIAL_REVIEW
fd884bd14b5373572da47fc79c9275ffd1b98fa71bffd9ee2287e403a4748a9b	SEM-FD884BD14B53	IMP-DL-2B81C66D0F-P004	2	IMP-DL-2B81C66D0F-P004;IMP-M3-84A516D889-P004	Downloads/theory-of-algebraic-topology-2.tex;MATH_ALLS-3/theory-of-algebraic-topology-2.tex	Downloads;MATH_ALLS-3	PROBLEM	statement	IMP-DL-2B81C66D0F-S002;IMP-M3-84A516D889-S002		YES	NEEDS_EDITORIAL_REVIEW
fda368404fc8e9cdd65a1475b2d8f75ae37b32827bb3dd3a948aa26fe8987793	SEM-FDA368404FC8	IMP-DL-0EB9CBD958-P035	2	IMP-DL-0EB9CBD958-P035;IMP-M2-F4C85D52DC-P035	Downloads/theory-of-geometry.tex;MATH-ALLS-2/theory-of-geometry.tex	Downloads;MATH-ALLS-2	PROBLEM	6	IMP-DL-0EB9CBD958-S012;IMP-M2-F4C85D52DC-S012		YES	NEEDS_EDITORIAL_REVIEW
fda9701734a718fcda53e12b9924781e405f874c7bed6a2e4fbb96b29c8f612a	SEM-FDA9701734A7	IMP-DL-2370D81D66-P069	2	IMP-DL-2370D81D66-P069;IMP-M2-D036BAB254-P069	Downloads/theory-of-analysis-FD.tex;MATH-ALLS-2/theory-of-analysis-FD.tex	Downloads;MATH-ALLS-2	EXERCISE_ITEM				NO	NEEDS_EDITORIAL_REVIEW
fdcc2936d70cce8932d9e4c208b824c018fca37261877d922eab658e24965996	SEM-FDCC2936D70C	IMP-DL-A470D9BACB-R001506-FDCC2936	2	IMP-DL-A470D9BACB-R001506-FDCC2936;IMP-M2-2850FB9A8A-R001506-FDCC2936	Downloads/theory-of-geometry-1.tex;MATH-ALLS-2/theory-of-geometry-1.tex	Downloads;MATH-ALLS-2	PROBLEM	11			NO	NEEDS_EDITORIAL_REVIEW
fdd1411d0238c62a1fb80c5c6c31e38a189a1612dc27d1ecb60dd0b4f6149f7d	SEM-FDD1411D0238	IMP-DL-873C6F4098-P072	2	IMP-DL-873C6F4098-P072;IMP-M2-CFC28ED568-P072	Downloads/theory-of-analysis-II.tex;MATH-ALLS-2/theory-of-analysis-II.tex	Downloads;MATH-ALLS-2	PROBLEM_ITEM				NO	NEEDS_EDITORIAL_REVIEW
fdd8c0b60967cef910141c5ffb32672d1bc1d5acd5acd4f61a02c952b7933db5	SEM-FDD8C0B60967	IMP-DL-592BD0798C-P016	2	IMP-DL-592BD0798C-P016;IMP-M3-1FB8799CDC-P016	Downloads/theory-of-commutative-algebra-8.tex;MATH_ALLS-3/theory-of-commutative-algebra-8.tex	Downloads;MATH_ALLS-3	WORKED_EXAMPLE	3			NO	NEEDS_EDITORIAL_REVIEW
fdeb8b37f591c97e0b9f471d75797fcfa7fde7ce4166176414e89422ead475c3	SEM-FDEB8B37F591	IMP-DL-067214B351-P008	1	IMP-DL-067214B351-P008	Downloads/theory-of-algebraic-topology-15.tex	Downloads	PROBLEM	8			NO	NEEDS_EDITORIAL_REVIEW
fe0724fc06fc135e77ecde940112a1ddd30d92bc58a0bf87db6de4f3b2f87e1b	SEM-FE0724FC06FC	IMP-DL-535B6F59C6-SPR001933-FE0724FC	2	IMP-DL-535B6F59C6-SPR001933-FE0724FC;IMP-M3-0753B8F46B-SPR001933-FE0724FC	Downloads/theory-of-commutative-algebra-4.tex;MATH_ALLS-3/theory-of-commutative-algebra-4.tex	Downloads;MATH_ALLS-3	EXAMPLE	1.			NO	NEEDS_EDITORIAL_REVIEW
fe10372050f9fe266cbbe3afcffbc6c7dc760d59d3b9d3172b9468435fd5501a	SEM-FE10372050F9	IMP-DL-0A181AC273-P041	4	IMP-DL-0A181AC273-P041;IMP-DL-AD9EFCAF62-P017;IMP-M2-79778E004E-P017;IMP-M2-80AFB5AE64-P041	Downloads/theory-of-complex-analysis-2.tex;Downloads/theory-of-complex-analysis.tex;MATH-ALLS-2/theory-of-complex-analysis-2.tex;MATH-ALLS-2/theory-of-complex-analysis.tex	Downloads;MATH-ALLS-2	PROBLEM		IMP-DL-0A181AC273-S020;IMP-DL-AD9EFCAF62-S009;IMP-M2-79778E004E-S009;IMP-M2-80AFB5AE64-S020		YES	NEEDS_EDITORIAL_REVIEW
fe257171e158c467abbbaab53dfe41746efdb244aedade787bd16aedfd45e067	SEM-FE257171E158	IMP-DL-E12021E60A-P012	1	IMP-DL-E12021E60A-P012	Downloads/theory-of-algebraic-topology-17.tex	Downloads	WORKED_EXAMPLE	9.3			NO	NEEDS_EDITORIAL_REVIEW
fe3f6396f242535ff1c23c43de937e04578835e88e25d4e6d69ccf8b78c2ec86	SEM-FE3F6396F242	IMP-DL-2370D81D66-P013	2	IMP-DL-2370D81D66-P013;IMP-M2-D036BAB254-P013	Downloads/theory-of-analysis-FD.tex;MATH-ALLS-2/theory-of-analysis-FD.tex	Downloads;MATH-ALLS-2	EXERCISE	1.7	IMP-DL-2370D81D66-S005;IMP-DL-2370D81D66-S006;IMP-M2-D036BAB254-S005;IMP-M2-D036BAB254-S006		YES	NEEDS_EDITORIAL_REVIEW
fe3fc0f265337969c1f2ba2088fb4863dab505c4c261c4aa401d388137aa4de9	SEM-FE3FC0F26533	IMP-DL-183AD43C4C-R000676-FE3FC0F2	4	IMP-DL-183AD43C4C-R000676-FE3FC0F2;IMP-DL-20E278E436-R000618-FE3FC0F2;IMP-M2-1895C43FC6-R000676-FE3FC0F2;IMP-M2-50B0B212DD-R000618-FE3FC0F2	Downloads/merged_exercises_FULL_v2 (1).tex;Downloads/theory-of-real-analysis.tex;MATH-ALLS-2/merged_exercises_FULL_v2 (1).tex;MATH-ALLS-2/theory-of-real-analysis.tex	Downloads;MATH-ALLS-2	EXERCISE	4.5	IMP-DL-183AD43C4C-S015;IMP-DL-20E278E436-S015;IMP-M2-1895C43FC6-S015;IMP-M2-50B0B212DD-S015		YES	NEEDS_EDITORIAL_REVIEW
fe407d3914c2bd0fd514be8b9703fb989f4b1fc08af005f753b1c29b92fa29a3	SEM-FE407D3914C2	IMP-DL-D6E9B3BC73-PSR004543-FE407D39	2	IMP-DL-D6E9B3BC73-PSR004543-FE407D39;IMP-M3-422B74F85F-PSR004540-FE407D39	Downloads/theory-of-algebraic-topology-1.tex;MATH_ALLS-3/theory-of-algebraic-topology-1.tex	Downloads;MATH_ALLS-3	EXAMPLE	5			NO	NEEDS_EDITORIAL_REVIEW
fee1d797710769aeeaa0bdd0ab5839029fc5c9d9b214e406a0c4047893ae2626	SEM-FEE1D7977107	IMP-DL-D148B51FB7-P022	2	IMP-DL-D148B51FB7-P022;IMP-M3-5A5277EBFB-P022	Downloads/theory-of-differential-geometry-4.tex;MATH_ALLS-3/theory-of-differential-geometry-4.tex	Downloads;MATH_ALLS-3	PROBLEM	13	IMP-DL-D148B51FB7-S013;IMP-DL-D148B51FB7-S014;IMP-M3-5A5277EBFB-S013;IMP-M3-5A5277EBFB-S014		YES	NEEDS_EDITORIAL_REVIEW
fef4f39c1f83d97ea90537023a280d323147feb806aa3ee38dff346dba6660a5	SEM-FEF4F39C1F83	IMP-DL-D6E9B3BC73-P013	2	IMP-DL-D6E9B3BC73-P013;IMP-M3-422B74F85F-P013	Downloads/theory-of-algebraic-topology-1.tex;MATH_ALLS-3/theory-of-algebraic-topology-1.tex	Downloads;MATH_ALLS-3	WORKED_EXAMPLE	4.			NO	NEEDS_EDITORIAL_REVIEW
ff2e58019db0f478feeec7f6eddb9b5a8fa3a89b9af1a9fc65b63b9afd3e86c6	SEM-FF2E58019DB0	IMP-DL-1068DBED71-P061	4	IMP-DL-1068DBED71-P061;IMP-DL-CAA415139D-P061;IMP-M3-F4E66B2919-P061;IMP-M3-FCB1647DD6-P061	Downloads/theory-of-commutative-algebra-10.tex;Downloads/theory-of-commutative-algebra-9.tex;MATH_ALLS-3/theory-of-commutative-algebra-10.tex;MATH_ALLS-3/theory-of-commutative-algebra-9.tex	Downloads;MATH_ALLS-3	WORKED_EXAMPLE				NO	NEEDS_EDITORIAL_REVIEW
ff83cde8de7c31f297e211a9830afe1938522de2e155e75be8fe782204a6d7bc	SEM-FF83CDE8DE7C	IMP-DL-3C59D9EE8B-P120	2	IMP-DL-3C59D9EE8B-P120;IMP-M3-D1A916E0DD-P120	Downloads/theory-of-commutative-algebra-5-professional-v2.tex;MATH_ALLS-3/theory-of-commutative-algebra-5-professional-v2.tex	Downloads;MATH_ALLS-3	PROBLEM_ITEM				NO	NEEDS_EDITORIAL_REVIEW
ff99ce4a1cb530245f28240b4919427b6a1299470335ee5180d7208078f545c2	SEM-FF99CE4A1CB5	IMP-DL-1068DBED71-P042	4	IMP-DL-1068DBED71-P042;IMP-DL-CAA415139D-P042;IMP-M3-F4E66B2919-P042;IMP-M3-FCB1647DD6-P042	Downloads/theory-of-commutative-algebra-10.tex;Downloads/theory-of-commutative-algebra-9.tex;MATH_ALLS-3/theory-of-commutative-algebra-10.tex;MATH_ALLS-3/theory-of-commutative-algebra-9.tex	Downloads;MATH_ALLS-3	WORKED_EXAMPLE	of			NO	NEEDS_EDITORIAL_REVIEW
ffb3b162000db5245730d9156cd6744d823ff8ded28063b122f6dd1f84323648	SEM-FFB3B162000D	IMP-DL-A11279CC33-P020	2	IMP-DL-A11279CC33-P020;IMP-M3-73E0197CF3-P020	Downloads/theory-of-commutative-algebra-6.tex;MATH_ALLS-3/theory-of-commutative-algebra-6.tex	Downloads;MATH_ALLS-3	WORKED_EXAMPLE				NO	NEEDS_EDITORIAL_REVIEW
ffc197bef7eeaddcef8c6f19841b9e2ee58209b2543e5d60a60470faa405452b	SEM-FFC197BEF7EE	IMP-DL-2E134BF207-P072	1	IMP-DL-2E134BF207-P072	Downloads/theory-of-algebraic-topology-5.tex	Downloads	PROBLEM	1	IMP-DL-2E134BF207-S005		YES	NEEDS_EDITORIAL_REVIEW
ffd0ec6d2728903f2390bad0d918f3f0a41ab936408d092a61e641e5600f7174	SEM-FFD0EC6D2728	IMP-DL-B7E3C22557-SPR002007-FFD0EC6D	1	IMP-DL-B7E3C22557-SPR002007-FFD0EC6D	Downloads/theory-of-algebraic-geometry-6.tex	Downloads	EXAMPLE	12.			NO	NEEDS_EDITORIAL_REVIEW
fffcbb6f6403ea81d421180c81463e757f1118ca25920260ed1b056d1452680f	SEM-FFFCBB6F6403	IMP-DL-C3DACFE8A7-P018	1	IMP-DL-C3DACFE8A7-P018	Downloads/theory-of-algebraic-geometry-7.tex	Downloads	WORKED_EXAMPLE	19.			NO	NEEDS_EDITORIAL_REVIEW
