semantic_unit_id	representative_problem_id	suggested_volume	suggested_thematic_section	related_chapters	confidence	score_margin	source_files	problem_type	classification_basis	review_reason
SEM-1D0323515537	IMP-DL-C78B44C750-P002	I	Vector Spaces	I/01--I/06	LOW	5	Downloads/wiki-green.tex;MATH-ALLS-2/wiki-green.tex	WORKED_EXAMPLE	text:basis; theme:basis	low volume-classification confidence
SEM-1E7BF447BD88	IMP-DL-8D5CF4CFBA-P030	I	Vector Spaces	I/01--I/06	HIGH	28	Downloads/theory-of-linear-algebra-2.tex;MATH_ALLS-3/theory-of-linear-algebra-2.tex	PROBLEM	source:linear-algebra; theme:fallback-to-volume-region	thematic section chosen only from broad volume fallback
SEM-345398022222	IMP-DL-8D5CF4CFBA-P033	I	Vector Spaces	I/01--I/06	HIGH	36	Downloads/theory-of-linear-algebra-2.tex;MATH_ALLS-3/theory-of-linear-algebra-2.tex	PROBLEM	source:linear-algebra; theme:fallback-to-volume-region	thematic section chosen only from broad volume fallback
SEM-3E58908BAD4D	IMP-DL-8D5CF4CFBA-R003244-3E58908B	I	Vector Spaces	I/01--I/06	HIGH	28	Downloads/theory-of-linear-algebra-2.tex;MATH_ALLS-3/theory-of-linear-algebra-2.tex	PROBLEM	source:linear-algebra; theme:fallback-to-volume-region	thematic section chosen only from broad volume fallback
SEM-4704E529136C	IMP-DL-A470D9BACB-R001602-4704E529	I	Matrices and Operators	I/07--I/12	LOW	2	Downloads/theory-of-geometry-1.tex;MATH-ALLS-2/theory-of-geometry-1.tex	PROBLEM	text:eigenvalue,eigenvector; theme:eigenvalue,eigenvector	low volume-classification confidence
SEM-7630031D9E06	IMP-DL-3E276561C4-P030	I	Vector Spaces	I/01--I/06	HIGH	36	Downloads/theory-of-linear-algebra-1.tex;MATH_ALLS-3/theory-of-linear-algebra-1.tex	PROBLEM	source:linear-algebra; theme:fallback-to-volume-region	thematic section chosen only from broad volume fallback
SEM-7DB99FD08DFF	IMP-DL-8D5CF4CFBA-P035	I	Vector Spaces	I/01--I/06	HIGH	28	Downloads/theory-of-linear-algebra-2.tex;MATH_ALLS-3/theory-of-linear-algebra-2.tex	PROBLEM	source:linear-algebra; theme:fallback-to-volume-region	thematic section chosen only from broad volume fallback
SEM-7DBBF99B6AEE	IMP-DL-8D5CF4CFBA-P037	I	Vector Spaces	I/01--I/06	HIGH	36	Downloads/theory-of-linear-algebra-2.tex;MATH_ALLS-3/theory-of-linear-algebra-2.tex	PROBLEM	source:linear-algebra; theme:fallback-to-volume-region	thematic section chosen only from broad volume fallback
SEM-9E649A05DA86	IMP-DL-3E276561C4-P009	I	Vector Spaces	I/01--I/06	HIGH	36	Downloads/theory-of-linear-algebra-1.tex;MATH_ALLS-3/theory-of-linear-algebra-1.tex	PROBLEM	source:linear-algebra; theme:fallback-to-volume-region	thematic section chosen only from broad volume fallback
SEM-A388BAC1A844	IMP-DL-8D5CF4CFBA-P032	I	Vector Spaces	I/01--I/06	HIGH	36	Downloads/theory-of-linear-algebra-2.tex;MATH_ALLS-3/theory-of-linear-algebra-2.tex	PROBLEM	source:linear-algebra; theme:fallback-to-volume-region	thematic section chosen only from broad volume fallback
SEM-A76941E8F036	IMP-DL-3E276561C4-P023	I	Vector Spaces	I/01--I/06	HIGH	36	Downloads/theory-of-linear-algebra-1.tex;MATH_ALLS-3/theory-of-linear-algebra-1.tex	PROBLEM_ITEM	source:linear-algebra; theme:fallback-to-volume-region	thematic section chosen only from broad volume fallback
SEM-C83BD85B8858	IMP-DL-3E276561C4-R000673-C83BD85B	I	Vector Spaces	I/01--I/06	LOW	2	Downloads/theory-of-differential-geometry-3.tex;Downloads/theory-of-linear-algebra-1.tex;MATH_ALLS-3/theory-of-differential-geometry-3.tex;MATH_ALLS-3/theory-of-linear-algebra-1.tex	PROBLEM	source:linear-algebra; text:basis; theme:basis	low volume-classification confidence
SEM-CECF0A277CD3	IMP-DL-C78B44C750-P010	I	Matrices and Operators	I/07--I/12	LOW	5	Downloads/wiki-green.tex;MATH-ALLS-2/wiki-green.tex	WORKED_EXAMPLE	text:trace; theme:trace	low volume-classification confidence
SEM-001139434CBB	IMP-DL-E532B44856-P026	II	Sequences of Functions	II/11--II/15	HIGH	52	Downloads/theory-of-analysis-functions-II.tex;MATH-ALLS-2/theory-of-analysis-functions-II.tex	EXERCISE	source:theory-of-analysis,analysis-functions; theme:fallback-to-volume-region	thematic section chosen only from broad volume fallback
SEM-009FEE5134D5	IMP-DL-183AD43C4C-R000829-009FEE51	II	Sequences of Functions	II/11--II/15	HIGH	37	Downloads/merged_exercises_FULL_v2 (1).tex;Downloads/theory-of-real-analysis.tex;MATH-ALLS-2/merged_exercises_FULL_v2 (1).tex;MATH-ALLS-2/theory-of-real-analysis.tex	EXERCISE	source:real-analysis; text:continuity; theme:fallback-to-volume-region	thematic section chosen only from broad volume fallback
SEM-00AB997814DD	IMP-DL-2370D81D66-P025	II	Sequences of Functions	II/11--II/15	HIGH	28	Downloads/theory-of-analysis-FD.tex;MATH-ALLS-2/theory-of-analysis-FD.tex	EXERCISE_ITEM	source:theory-of-analysis; theme:fallback-to-volume-region	thematic section chosen only from broad volume fallback
SEM-010E6F50F941	IMP-DL-2370D81D66-P059	II	Sequences of Functions	II/11--II/15	HIGH	28	Downloads/theory-of-analysis-FD.tex;MATH-ALLS-2/theory-of-analysis-FD.tex	EXERCISE_ITEM	source:theory-of-analysis; theme:fallback-to-volume-region	thematic section chosen only from broad volume fallback
SEM-0167F814819C	IMP-DL-183AD43C4C-R001387-0167F814	II	Sequences of Functions	II/11--II/15	HIGH	32	Downloads/merged_exercises_FULL_v2 (1).tex;Downloads/theory-of-real-analysis.tex;MATH-ALLS-2/merged_exercises_FULL_v2 (1).tex;MATH-ALLS-2/theory-of-real-analysis.tex	EXERCISE	source:real-analysis; theme:fallback-to-volume-region	thematic section chosen only from broad volume fallback
SEM-023E39D2420D	IMP-DL-EAE0F59552-P004	II	Sequences of Functions	II/11--II/15	HIGH	52	Downloads/theory-of-analysis-topology.tex;MATH-ALLS-2/theory-of-analysis-topology.tex	PROBLEM_ITEM	source:theory-of-analysis,analysis-topology; theme:fallback-to-volume-region	thematic section chosen only from broad volume fallback
SEM-0244D6CD2FE4	IMP-DL-3D2DB27534-P012	II	Calculus	II/08--II/10	LOW	6	Downloads/merged_exercises (1).tex;Downloads/merged_exercises.tex;MATH-ALLS-2/merged_exercises (1).tex;MATH-ALLS-2/merged_exercises.tex	EXERCISE	text:differentiable; theme:differentiable	low volume-classification confidence
SEM-0285D3D2FF57	IMP-DL-11EDF39EA7-P041	II	Sequences of Functions	II/11--II/15	HIGH	20	Downloads/theory-of-analysis-FD2.tex;MATH-ALLS-2/theory-of-analysis-FD2.tex	EXERCISE_ITEM	source:theory-of-analysis; theme:fallback-to-volume-region	thematic section chosen only from broad volume fallback
SEM-08B6E0B9E543	IMP-DL-117191C0EC-P053	II	Sequences of Functions	II/11--II/15	HIGH	28	Downloads/theory-of-analysis-topics.tex;MATH-ALLS-2/theory-of-analysis-topics.tex	PROBLEM	source:theory-of-analysis; theme:fallback-to-volume-region	thematic section chosen only from broad volume fallback
SEM-092E024E0052	IMP-DL-873C6F4098-P091	II	Sequences of Functions	II/11--II/15	HIGH	43	Downloads/theory-of-analysis-II.tex;MATH-ALLS-2/theory-of-analysis-II.tex	PROBLEM	source:theory-of-analysis; text:continuity; theme:fallback-to-volume-region	thematic section chosen only from broad volume fallback
SEM-0BA4A918FAF4	IMP-DL-316AE183C3-P030	II	Sequences of Functions	II/11--II/15	HIGH	44	Downloads/theory-of-analysis-functions.tex;MATH-ALLS-2/theory-of-analysis-functions.tex	EXERCISE_ITEM	source:theory-of-analysis,analysis-functions; theme:fallback-to-volume-region	thematic section chosen only from broad volume fallback
SEM-0BE096F9BC27	IMP-DL-183AD43C4C-R002184-0BE096F9	II	Sequences of Functions	II/11--II/15	HIGH	32	Downloads/merged_exercises_FULL_v2 (1).tex;Downloads/theory-of-real-analysis.tex;MATH-ALLS-2/merged_exercises_FULL_v2 (1).tex;MATH-ALLS-2/theory-of-real-analysis.tex	EXERCISE	source:real-analysis; theme:fallback-to-volume-region	thematic section chosen only from broad volume fallback
SEM-0D252253DB82	IMP-DL-117191C0EC-P017	II	Sequences of Functions	II/11--II/15	HIGH	20	Downloads/theory-of-analysis-topics.tex;MATH-ALLS-2/theory-of-analysis-topics.tex	PROBLEM	source:theory-of-analysis; theme:fallback-to-volume-region	thematic section chosen only from broad volume fallback
SEM-0D80277403BB	IMP-DL-2370D81D66-P049	II	Sequences of Functions	II/11--II/15	HIGH	28	Downloads/theory-of-analysis-FD.tex;MATH-ALLS-2/theory-of-analysis-FD.tex	EXERCISE_ITEM	source:theory-of-analysis; theme:fallback-to-volume-region	thematic section chosen only from broad volume fallback
SEM-0ECF55B9BD85	IMP-DL-117191C0EC-P051	II	Sequences of Functions	II/11--II/15	HIGH	28	Downloads/theory-of-analysis-topics.tex;MATH-ALLS-2/theory-of-analysis-topics.tex	PROBLEM	source:theory-of-analysis; theme:fallback-to-volume-region	thematic section chosen only from broad volume fallback
SEM-0F7C6853CA34	IMP-DL-07D84009EA-P004	II	Sequences of Functions	II/11--II/15	HIGH	32	Downloads/merged_exercises_FULL_v2 (1).tex;Downloads/merged_exercises_FULL_v2.tex;Downloads/merged_exercises_corrected (1).tex;Downloads/merged_exercises_corrected (2).tex;Downloads/merged_exercises_corrected (3).tex;Downloads/merged_exercises_corrected (4).tex;Downloads/merged_exercises_corrected.tex;Downloads/theory-of-real-analysis.tex;MATH-ALLS-2/merged_exercises_FULL_v2 (1).tex;MATH-ALLS-2/merged_exercises_FULL_v2.tex;MATH-ALLS-2/merged_exercises_corrected (1).tex;MATH-ALLS-2/merged_exercises_corrected (2).tex;MATH-ALLS-2/merged_exercises_corrected (3).tex;MATH-ALLS-2/merged_exercises_corrected (4).tex;MATH-ALLS-2/merged_exercises_corrected.tex;MATH-ALLS-2/theory-of-real-analysis.tex	EXERCISE	source:real-analysis; theme:fallback-to-volume-region	thematic section chosen only from broad volume fallback
SEM-10A3DE8309CA	IMP-DL-11EDF39EA7-P033	II	Sequences of Functions	II/11--II/15	HIGH	28	Downloads/theory-of-analysis-FD2.tex;MATH-ALLS-2/theory-of-analysis-FD2.tex	EXERCISE_ITEM	source:theory-of-analysis; theme:fallback-to-volume-region	thematic section chosen only from broad volume fallback
SEM-113CB3B8A788	IMP-DL-15679DEE8D-P026	II	Sequences of Functions	II/11--II/15	HIGH	42	Downloads/theory-of-analysis - Copy.tex;Downloads/theory-of-analysis-numbers.tex;Downloads/theory-of-analysis.tex;MATH-ALLS-2/theory-of-analysis - Copy.tex;MATH-ALLS-2/theory-of-analysis-numbers.tex;MATH-ALLS-2/theory-of-analysis.tex	EXAMPLE;WORKED_EXAMPLE	source:theory-of-analysis; theme:fallback-to-volume-region	thematic section chosen only from broad volume fallback
SEM-121D997257AF	IMP-DL-316AE183C3-P035	II	Sequences of Functions	II/11--II/15	HIGH	28	Downloads/theory-of-analysis-functions.tex;MATH-ALLS-2/theory-of-analysis-functions.tex	EXERCISE_ITEM	source:theory-of-analysis,analysis-functions; theme:fallback-to-volume-region	thematic section chosen only from broad volume fallback
SEM-130DABF37E50	IMP-DL-873C6F4098-P057	II	Sequences of Functions	II/11--II/15	HIGH	28	Downloads/theory-of-analysis-II.tex;MATH-ALLS-2/theory-of-analysis-II.tex	PROBLEM_ITEM	source:theory-of-analysis; theme:fallback-to-volume-region	thematic section chosen only from broad volume fallback
SEM-1461BB965B9C	IMP-DL-117191C0EC-P014	II	Sequences of Functions	II/11--II/15	HIGH	9	Downloads/theory-of-analysis-topics.tex;MATH-ALLS-2/theory-of-analysis-topics.tex	WORKED_EXAMPLE	source:theory-of-analysis; theme:fallback-to-volume-region	thematic section chosen only from broad volume fallback
SEM-14CC35D3177F	IMP-DL-873C6F4098-P031	II	Sequences of Functions	II/11--II/15	HIGH	25	Downloads/theory-of-analysis-II.tex;MATH-ALLS-2/theory-of-analysis-II.tex	PROBLEM	source:theory-of-analysis; text:continuity; theme:fallback-to-volume-region	thematic section chosen only from broad volume fallback
SEM-162D2C854FF3	IMP-DL-11EDF39EA7-P006	II	Sequences of Functions	II/11--II/15	LOW	1	Downloads/theory-of-analysis-FD2.tex;MATH-ALLS-2/theory-of-analysis-FD2.tex	EXERCISE	source:theory-of-analysis; theme:fallback-to-volume-region	low volume-classification confidence; thematic section chosen only from broad volume fallback
SEM-164C8CBBD736	IMP-DL-2370D81D66-P019	II	Sequences of Functions	II/11--II/15	HIGH	28	Downloads/theory-of-analysis-FD.tex;MATH-ALLS-2/theory-of-analysis-FD.tex	EXERCISE_ITEM	source:theory-of-analysis; theme:fallback-to-volume-region	thematic section chosen only from broad volume fallback
SEM-1674986B5284	IMP-DL-2370D81D66-P062	II	Sequences of Functions	II/11--II/15	HIGH	28	Downloads/theory-of-analysis-FD.tex;MATH-ALLS-2/theory-of-analysis-FD.tex	EXERCISE_ITEM	source:theory-of-analysis; theme:fallback-to-volume-region	thematic section chosen only from broad volume fallback
SEM-18973F5EA74A	IMP-DL-316AE183C3-P018	II	Sequences of Functions	II/11--II/15	HIGH	52	Downloads/theory-of-analysis-functions.tex;MATH-ALLS-2/theory-of-analysis-functions.tex	EXERCISE_ITEM	source:theory-of-analysis,analysis-functions; theme:fallback-to-volume-region	thematic section chosen only from broad volume fallback
SEM-19E19984A1F0	IMP-DL-873C6F4098-P099	II	Sequences of Functions	II/11--II/15	HIGH	28	Downloads/theory-of-analysis-II.tex;MATH-ALLS-2/theory-of-analysis-II.tex	PROBLEM_ITEM	source:theory-of-analysis; theme:fallback-to-volume-region	thematic section chosen only from broad volume fallback
SEM-1AC2E18025B0	IMP-DL-873C6F4098-P053	II	Sequences of Functions	II/11--II/15	HIGH	28	Downloads/theory-of-analysis-II.tex;MATH-ALLS-2/theory-of-analysis-II.tex	PROBLEM_ITEM	source:theory-of-analysis; theme:fallback-to-volume-region	thematic section chosen only from broad volume fallback
SEM-1BC0D15F3823	IMP-DL-07D84009EA-P011	II	Sequences of Functions	II/11--II/15	HIGH	32	Downloads/merged_exercises_FULL_v2 (1).tex;Downloads/merged_exercises_FULL_v2.tex;Downloads/merged_exercises_corrected (1).tex;Downloads/merged_exercises_corrected (2).tex;Downloads/merged_exercises_corrected (3).tex;Downloads/merged_exercises_corrected (4).tex;Downloads/merged_exercises_corrected.tex;Downloads/theory-of-real-analysis.tex;MATH-ALLS-2/merged_exercises_FULL_v2 (1).tex;MATH-ALLS-2/merged_exercises_FULL_v2.tex;MATH-ALLS-2/merged_exercises_corrected (1).tex;MATH-ALLS-2/merged_exercises_corrected (2).tex;MATH-ALLS-2/merged_exercises_corrected (3).tex;MATH-ALLS-2/merged_exercises_corrected (4).tex;MATH-ALLS-2/merged_exercises_corrected.tex;MATH-ALLS-2/theory-of-real-analysis.tex	EXERCISE	source:real-analysis; theme:fallback-to-volume-region	thematic section chosen only from broad volume fallback
SEM-1C96DF23653C	IMP-DL-316AE183C3-P064	II	Sequences of Functions	II/11--II/15	HIGH	47	Downloads/theory-of-analysis-functions.tex;MATH-ALLS-2/theory-of-analysis-functions.tex	WORKED_EXAMPLE	source:theory-of-analysis,analysis-functions; theme:fallback-to-volume-region	thematic section chosen only from broad volume fallback
SEM-1D0A0A232C3D	IMP-DL-117191C0EC-P027	II	Sequences of Functions	II/11--II/15	HIGH	21	Downloads/theory-of-analysis-topics.tex;MATH-ALLS-2/theory-of-analysis-topics.tex	PROBLEM	source:theory-of-analysis; theme:fallback-to-volume-region	thematic section chosen only from broad volume fallback
SEM-1D164E1166CF	IMP-DL-183AD43C4C-PSR003618-1D164E11	II	Sequences of Functions	II/11--II/15	HIGH	32	Downloads/theory-of-real-analysis.tex;MATH-ALLS-2/theory-of-real-analysis.tex	EXAMPLE	source:real-analysis; theme:fallback-to-volume-region	thematic section chosen only from broad volume fallback
SEM-1E18D6601436	IMP-DL-E532B44856-P005	II	Sequences of Functions	II/11--II/15	HIGH	43	Downloads/theory-of-analysis-functions-II.tex;MATH-ALLS-2/theory-of-analysis-functions-II.tex	PROBLEM	source:theory-of-analysis,analysis-functions; theme:fallback-to-volume-region	thematic section chosen only from broad volume fallback
SEM-1F4649B121E7	IMP-DL-183AD43C4C-R001257-1F4649B1	II	Sequences of Functions	II/11--II/15	HIGH	32	Downloads/merged_exercises_FULL_v2 (1).tex;Downloads/theory-of-real-analysis.tex;MATH-ALLS-2/merged_exercises_FULL_v2 (1).tex;MATH-ALLS-2/theory-of-real-analysis.tex	EXERCISE	source:real-analysis; theme:fallback-to-volume-region	thematic section chosen only from broad volume fallback
SEM-1F558477AC38	IMP-DL-E532B44856-P018	II	Sequences of Functions	II/11--II/15	MEDIUM	6	Downloads/theory-of-analysis-functions-II.tex;MATH-ALLS-2/theory-of-analysis-functions-II.tex	EXERCISE	source:theory-of-analysis,analysis-functions; theme:fallback-to-volume-region	thematic section chosen only from broad volume fallback
SEM-20B3DE851C5F	IMP-DL-2370D81D66-P024	II	Sequences of Functions	II/11--II/15	HIGH	12	Downloads/theory-of-analysis-FD.tex;MATH-ALLS-2/theory-of-analysis-FD.tex	EXERCISE	source:theory-of-analysis; theme:fallback-to-volume-region	thematic section chosen only from broad volume fallback
SEM-20B7D643FDC3	IMP-DL-2370D81D66-P008	II	Sequences of Functions	II/11--II/15	HIGH	12	Downloads/theory-of-analysis-FD.tex;MATH-ALLS-2/theory-of-analysis-FD.tex	EXERCISE_ITEM	source:theory-of-analysis; theme:fallback-to-volume-region	thematic section chosen only from broad volume fallback
SEM-222406D1378B	IMP-DL-316AE183C3-P015	II	Sequences of Functions	II/11--II/15	HIGH	32	Downloads/theory-of-analysis-functions.tex;MATH-ALLS-2/theory-of-analysis-functions.tex	EXERCISE	source:theory-of-analysis,analysis-functions; theme:fallback-to-volume-region	thematic section chosen only from broad volume fallback
SEM-24DCF6343D42	IMP-DL-2370D81D66-P057	II	Sequences of Functions	II/11--II/15	HIGH	20	Downloads/theory-of-analysis-FD.tex;MATH-ALLS-2/theory-of-analysis-FD.tex	EXERCISE_ITEM	source:theory-of-analysis; theme:fallback-to-volume-region	thematic section chosen only from broad volume fallback
SEM-26A33F29034D	IMP-DL-183AD43C4C-R001237-26A33F29	II	Sequences of Functions	II/11--II/15	HIGH	16	Downloads/merged_exercises_FULL_v2 (1).tex;Downloads/theory-of-real-analysis.tex;MATH-ALLS-2/merged_exercises_FULL_v2 (1).tex;MATH-ALLS-2/theory-of-real-analysis.tex	EXERCISE	source:real-analysis; theme:fallback-to-volume-region	thematic section chosen only from broad volume fallback
SEM-271002B7AD6E	IMP-DL-316AE183C3-P057	II	Sequences of Functions	II/11--II/15	HIGH	52	Downloads/theory-of-analysis-functions.tex;MATH-ALLS-2/theory-of-analysis-functions.tex	EXERCISE_ITEM	source:theory-of-analysis,analysis-functions; theme:fallback-to-volume-region	thematic section chosen only from broad volume fallback
SEM-2926D3DB6411	IMP-DL-2370D81D66-P041	II	Sequences of Functions	II/11--II/15	HIGH	20	Downloads/theory-of-analysis-FD.tex;MATH-ALLS-2/theory-of-analysis-FD.tex	EXERCISE_ITEM	source:theory-of-analysis; theme:fallback-to-volume-region	thematic section chosen only from broad volume fallback
SEM-2BEE75C2A9F1	IMP-DL-117191C0EC-P035	II	Sequences of Functions	II/11--II/15	HIGH	28	Downloads/theory-of-analysis-topics.tex;MATH-ALLS-2/theory-of-analysis-topics.tex	PROBLEM_ITEM	source:theory-of-analysis; theme:fallback-to-volume-region	thematic section chosen only from broad volume fallback
SEM-2C4598EE9880	IMP-DL-15679DEE8D-P014	II	Sequences of Functions	II/11--II/15	HIGH	37	Downloads/theory-of-analysis - Copy.tex;Downloads/theory-of-analysis-numbers.tex;Downloads/theory-of-analysis.tex;MATH-ALLS-2/theory-of-analysis - Copy.tex;MATH-ALLS-2/theory-of-analysis-numbers.tex;MATH-ALLS-2/theory-of-analysis.tex	EXERCISE	source:theory-of-analysis; theme:fallback-to-volume-region	thematic section chosen only from broad volume fallback
SEM-2D186D342A38	IMP-DL-316AE183C3-P069	II	Sequences of Functions	II/11--II/15	HIGH	52	Downloads/theory-of-analysis-functions.tex;MATH-ALLS-2/theory-of-analysis-functions.tex	EXERCISE_ITEM	source:theory-of-analysis,analysis-functions; theme:fallback-to-volume-region	thematic section chosen only from broad volume fallback
SEM-2D232C07DAAB	IMP-DL-07D84009EA-P014	II	Sequences of Functions	II/11--II/15	HIGH	47	Downloads/merged_exercises_FULL_v2 (1).tex;Downloads/merged_exercises_FULL_v2.tex;Downloads/merged_exercises_corrected (1).tex;Downloads/merged_exercises_corrected (2).tex;Downloads/merged_exercises_corrected (3).tex;Downloads/merged_exercises_corrected (4).tex;Downloads/merged_exercises_corrected.tex;Downloads/theory-of-real-analysis.tex;MATH-ALLS-2/merged_exercises_FULL_v2 (1).tex;MATH-ALLS-2/merged_exercises_FULL_v2.tex;MATH-ALLS-2/merged_exercises_corrected (1).tex;MATH-ALLS-2/merged_exercises_corrected (2).tex;MATH-ALLS-2/merged_exercises_corrected (3).tex;MATH-ALLS-2/merged_exercises_corrected (4).tex;MATH-ALLS-2/merged_exercises_corrected.tex;MATH-ALLS-2/theory-of-real-analysis.tex	EXERCISE	source:real-analysis; text:continuity; theme:fallback-to-volume-region	thematic section chosen only from broad volume fallback
SEM-2D3F2DE85BD0	IMP-DL-316AE183C3-P075	II	Sequences of Functions	II/11--II/15	HIGH	52	Downloads/theory-of-analysis-functions.tex;MATH-ALLS-2/theory-of-analysis-functions.tex	EXERCISE_ITEM	source:theory-of-analysis,analysis-functions; theme:fallback-to-volume-region	thematic section chosen only from broad volume fallback
SEM-2D9A6F83D29F	IMP-DL-316AE183C3-P005	II	Sequences of Functions	II/11--II/15	HIGH	52	Downloads/theory-of-analysis-functions.tex;MATH-ALLS-2/theory-of-analysis-functions.tex	WORKED_EXAMPLE	source:theory-of-analysis,analysis-functions; theme:fallback-to-volume-region	thematic section chosen only from broad volume fallback
SEM-2E4040C58020	IMP-DL-2370D81D66-P077	II	Sequences of Functions	II/11--II/15	HIGH	12	Downloads/theory-of-analysis-FD.tex;MATH-ALLS-2/theory-of-analysis-FD.tex	EXERCISE	source:theory-of-analysis; theme:fallback-to-volume-region	thematic section chosen only from broad volume fallback
SEM-2F17A77D4971	IMP-DL-117191C0EC-P006	II	Sequences of Functions	II/11--II/15	HIGH	28	Downloads/theory-of-analysis-topics.tex;MATH-ALLS-2/theory-of-analysis-topics.tex	PROBLEM_ITEM	source:theory-of-analysis; theme:fallback-to-volume-region	thematic section chosen only from broad volume fallback
SEM-2F50B50B9C97	IMP-DL-E532B44856-P010	II	Sequences of Functions	II/11--II/15	HIGH	42	Downloads/theory-of-analysis-functions-II.tex;MATH-ALLS-2/theory-of-analysis-functions-II.tex	EXERCISE	source:theory-of-analysis,analysis-functions; theme:fallback-to-volume-region	thematic section chosen only from broad volume fallback
SEM-2FADDC7BA0E7	IMP-DL-183AD43C4C-R001185-2FADDC7B	II	Sequences of Functions	II/11--II/15	HIGH	32	Downloads/merged_exercises_FULL_v2 (1).tex;Downloads/theory-of-real-analysis.tex;MATH-ALLS-2/merged_exercises_FULL_v2 (1).tex;MATH-ALLS-2/theory-of-real-analysis.tex	EXERCISE	source:real-analysis; theme:fallback-to-volume-region	thematic section chosen only from broad volume fallback
SEM-2FFBC9E2D369	IMP-DL-3CA1CB77F7-P047	II	Sequences of Functions	II/11--II/15	HIGH	20	Downloads/theory-of-analysis-numbers.tex;MATH-ALLS-2/theory-of-analysis-numbers.tex	EXERCISE	source:theory-of-analysis; theme:fallback-to-volume-region	thematic section chosen only from broad volume fallback
SEM-30D330E5AC49	IMP-DL-E532B44856-P019	II	Sequences of Functions	II/11--II/15	HIGH	52	Downloads/theory-of-analysis-functions-II.tex;MATH-ALLS-2/theory-of-analysis-functions-II.tex	EXERCISE	source:theory-of-analysis,analysis-functions; theme:fallback-to-volume-region	thematic section chosen only from broad volume fallback
SEM-30D5620D4A60	IMP-DL-183AD43C4C-R001205-30D5620D	II	Sequences of Functions	II/11--II/15	HIGH	22	Downloads/merged_exercises_FULL_v2 (1).tex;Downloads/theory-of-real-analysis.tex;MATH-ALLS-2/merged_exercises_FULL_v2 (1).tex;MATH-ALLS-2/theory-of-real-analysis.tex	EXERCISE	source:real-analysis; text:real number; theme:fallback-to-volume-region	thematic section chosen only from broad volume fallback
SEM-3210CAF7D9AA	IMP-DL-07D84009EA-P013	II	Sequences of Functions	II/11--II/15	HIGH	32	Downloads/merged_exercises_FULL_v2 (1).tex;Downloads/merged_exercises_FULL_v2.tex;Downloads/merged_exercises_corrected (1).tex;Downloads/merged_exercises_corrected (2).tex;Downloads/merged_exercises_corrected (3).tex;Downloads/merged_exercises_corrected (4).tex;Downloads/merged_exercises_corrected.tex;Downloads/theory-of-real-analysis.tex;MATH-ALLS-2/merged_exercises_FULL_v2 (1).tex;MATH-ALLS-2/merged_exercises_FULL_v2.tex;MATH-ALLS-2/merged_exercises_corrected (1).tex;MATH-ALLS-2/merged_exercises_corrected (2).tex;MATH-ALLS-2/merged_exercises_corrected (3).tex;MATH-ALLS-2/merged_exercises_corrected (4).tex;MATH-ALLS-2/merged_exercises_corrected.tex;MATH-ALLS-2/theory-of-real-analysis.tex	EXERCISE	source:real-analysis; theme:fallback-to-volume-region	thematic section chosen only from broad volume fallback
SEM-32D51DB010BC	IMP-DL-E532B44856-P031	II	Sequences of Functions	II/11--II/15	HIGH	41	Downloads/theory-of-analysis-functions-II.tex;MATH-ALLS-2/theory-of-analysis-functions-II.tex	EXERCISE	source:theory-of-analysis,analysis-functions; text:continuity; theme:fallback-to-volume-region	thematic section chosen only from broad volume fallback
SEM-34040DA83353	IMP-DL-316AE183C3-P034	II	Sequences of Functions	II/11--II/15	HIGH	52	Downloads/theory-of-analysis-functions.tex;MATH-ALLS-2/theory-of-analysis-functions.tex	EXERCISE_ITEM	source:theory-of-analysis,analysis-functions; theme:fallback-to-volume-region	thematic section chosen only from broad volume fallback
SEM-34FB7F907158	IMP-DL-11EDF39EA7-P017	II	Sequences of Functions	II/11--II/15	HIGH	8	Downloads/theory-of-analysis-FD2.tex;MATH-ALLS-2/theory-of-analysis-FD2.tex	EXERCISE	source:theory-of-analysis; theme:fallback-to-volume-region	thematic section chosen only from broad volume fallback
SEM-3614A78F5F44	IMP-DL-2370D81D66-P014	II	Sequences of Functions	II/11--II/15	HIGH	19	Downloads/theory-of-analysis-FD.tex;MATH-ALLS-2/theory-of-analysis-FD.tex	EXERCISE	source:theory-of-analysis; theme:fallback-to-volume-region	thematic section chosen only from broad volume fallback
SEM-373791AF63A3	IMP-DL-2370D81D66-P032	II	Sequences of Functions	II/11--II/15	MEDIUM	4	Downloads/theory-of-analysis-FD.tex;MATH-ALLS-2/theory-of-analysis-FD.tex	WORKED_EXAMPLE	source:theory-of-analysis; theme:fallback-to-volume-region	thematic section chosen only from broad volume fallback
SEM-37B61858D959	IMP-DL-2370D81D66-P080	II	Sequences of Functions	II/11--II/15	HIGH	28	Downloads/theory-of-analysis-FD.tex;MATH-ALLS-2/theory-of-analysis-FD.tex	EXERCISE_ITEM	source:theory-of-analysis; theme:fallback-to-volume-region	thematic section chosen only from broad volume fallback
SEM-385357D080B8	IMP-DL-873C6F4098-P098	II	Sequences of Functions	II/11--II/15	HIGH	28	Downloads/theory-of-analysis-II.tex;MATH-ALLS-2/theory-of-analysis-II.tex	PROBLEM_ITEM	source:theory-of-analysis; theme:fallback-to-volume-region	thematic section chosen only from broad volume fallback
SEM-38729E5C45C0	IMP-DL-873C6F4098-P051	II	Sequences of Functions	II/11--II/15	HIGH	28	Downloads/theory-of-analysis-II.tex;MATH-ALLS-2/theory-of-analysis-II.tex	PROBLEM_ITEM	source:theory-of-analysis; theme:fallback-to-volume-region	thematic section chosen only from broad volume fallback
SEM-390348A87A68	IMP-DL-316AE183C3-P045	II	Sequences of Functions	II/11--II/15	HIGH	52	Downloads/theory-of-analysis-functions.tex;MATH-ALLS-2/theory-of-analysis-functions.tex	EXERCISE	source:theory-of-analysis,analysis-functions; theme:fallback-to-volume-region	thematic section chosen only from broad volume fallback
SEM-3939364119AD	IMP-DL-11EDF39EA7-P015	II	Sequences of Functions	II/11--II/15	HIGH	10	Downloads/theory-of-analysis-FD2.tex;MATH-ALLS-2/theory-of-analysis-FD2.tex	EXERCISE	source:theory-of-analysis; theme:fallback-to-volume-region	thematic section chosen only from broad volume fallback
SEM-3C19B5351C66	IMP-DL-183AD43C4C-R002004-3C19B535	II	Sequences of Functions	II/11--II/15	HIGH	32	Downloads/merged_exercises_FULL_v2 (1).tex;Downloads/theory-of-real-analysis.tex;MATH-ALLS-2/merged_exercises_FULL_v2 (1).tex;MATH-ALLS-2/theory-of-real-analysis.tex	EXERCISE	source:real-analysis; theme:fallback-to-volume-region	thematic section chosen only from broad volume fallback
SEM-3E0A3322CDFB	IMP-DL-2370D81D66-P058	II	Sequences of Functions	II/11--II/15	HIGH	15	Downloads/theory-of-analysis-FD.tex;MATH-ALLS-2/theory-of-analysis-FD.tex	EXERCISE_ITEM	source:theory-of-analysis; theme:fallback-to-volume-region	thematic section chosen only from broad volume fallback
SEM-3EF63326981B	IMP-DL-873C6F4098-P043	II	Sequences of Functions	II/11--II/15	HIGH	28	Downloads/theory-of-analysis-II.tex;MATH-ALLS-2/theory-of-analysis-II.tex	PROBLEM_ITEM	source:theory-of-analysis; theme:fallback-to-volume-region	thematic section chosen only from broad volume fallback
SEM-3F09880F3B4C	IMP-DL-183AD43C4C-R000718-3F09880F	II	Sequences of Functions	II/11--II/15	HIGH	32	Downloads/merged_exercises_FULL_v2 (1).tex;Downloads/theory-of-real-analysis.tex;MATH-ALLS-2/merged_exercises_FULL_v2 (1).tex;MATH-ALLS-2/theory-of-real-analysis.tex	EXERCISE	source:real-analysis; theme:fallback-to-volume-region	thematic section chosen only from broad volume fallback
SEM-3F9A051E058C	IMP-DL-2370D81D66-P055	II	Sequences of Functions	II/11--II/15	HIGH	28	Downloads/theory-of-analysis-FD.tex;MATH-ALLS-2/theory-of-analysis-FD.tex	EXERCISE_ITEM	source:theory-of-analysis; theme:fallback-to-volume-region	thematic section chosen only from broad volume fallback
SEM-3FF2E0E54A5B	IMP-DL-183AD43C4C-R001724-3FF2E0E5	II	Sequences of Functions	II/11--II/15	HIGH	32	Downloads/merged_exercises_FULL_v2 (1).tex;Downloads/theory-of-real-analysis.tex;MATH-ALLS-2/merged_exercises_FULL_v2 (1).tex;MATH-ALLS-2/theory-of-real-analysis.tex	EXERCISE	source:real-analysis; theme:fallback-to-volume-region	thematic section chosen only from broad volume fallback
SEM-404E62EDE2D4	IMP-DL-3CA1CB77F7-P048	II	Sequences of Functions	II/11--II/15	HIGH	28	Downloads/theory-of-analysis-numbers.tex;MATH-ALLS-2/theory-of-analysis-numbers.tex	EXERCISE	source:theory-of-analysis; theme:fallback-to-volume-region	thematic section chosen only from broad volume fallback
SEM-4085A8AA9ED5	IMP-DL-2370D81D66-P068	II	Sequences of Functions	II/11--II/15	HIGH	28	Downloads/theory-of-analysis-FD.tex;MATH-ALLS-2/theory-of-analysis-FD.tex	EXERCISE_ITEM	source:theory-of-analysis; theme:fallback-to-volume-region	thematic section chosen only from broad volume fallback
SEM-40B1E89C3A41	IMP-DL-EAE0F59552-P010	II	Sequences of Functions	II/11--II/15	HIGH	52	Downloads/theory-of-analysis-topology.tex;MATH-ALLS-2/theory-of-analysis-topology.tex	EXAMPLE;WORKED_EXAMPLE	source:theory-of-analysis,analysis-topology; theme:fallback-to-volume-region	thematic section chosen only from broad volume fallback
SEM-40DC2A7B1B05	IMP-DL-11EDF39EA7-P040	II	Sequences of Functions	II/11--II/15	HIGH	12	Downloads/theory-of-analysis-FD2.tex;MATH-ALLS-2/theory-of-analysis-FD2.tex	EXERCISE_ITEM	source:theory-of-analysis; theme:fallback-to-volume-region	thematic section chosen only from broad volume fallback
SEM-419CCE238399	IMP-DL-316AE183C3-P046	II	Sequences of Functions	II/11--II/15	HIGH	52	Downloads/theory-of-analysis-functions.tex;MATH-ALLS-2/theory-of-analysis-functions.tex	EXERCISE_ITEM	source:theory-of-analysis,analysis-functions; theme:fallback-to-volume-region	thematic section chosen only from broad volume fallback
SEM-41F7BD44BC2B	IMP-DL-316AE183C3-P067	II	Sequences of Functions	II/11--II/15	HIGH	52	Downloads/theory-of-analysis-functions.tex;MATH-ALLS-2/theory-of-analysis-functions.tex	EXERCISE_ITEM	source:theory-of-analysis,analysis-functions; theme:fallback-to-volume-region	thematic section chosen only from broad volume fallback
SEM-4238FFF50153	IMP-DL-183AD43C4C-R001154-4238FFF5	II	Sequences of Functions	II/11--II/15	HIGH	32	Downloads/merged_exercises_FULL_v2 (1).tex;Downloads/theory-of-real-analysis.tex;MATH-ALLS-2/merged_exercises_FULL_v2 (1).tex;MATH-ALLS-2/theory-of-real-analysis.tex	EXERCISE	source:real-analysis; theme:fallback-to-volume-region	thematic section chosen only from broad volume fallback
SEM-42E053A98E51	IMP-DL-316AE183C3-P076	II	Sequences of Functions	II/11--II/15	HIGH	52	Downloads/theory-of-analysis-functions.tex;MATH-ALLS-2/theory-of-analysis-functions.tex	EXERCISE_ITEM	source:theory-of-analysis,analysis-functions; theme:fallback-to-volume-region	thematic section chosen only from broad volume fallback
SEM-42F4EACA95A3	IMP-DL-E532B44856-P024	II	Sequences of Functions	II/11--II/15	HIGH	52	Downloads/theory-of-analysis-functions-II.tex;MATH-ALLS-2/theory-of-analysis-functions-II.tex	WORKED_EXAMPLE	source:theory-of-analysis,analysis-functions; theme:fallback-to-volume-region	thematic section chosen only from broad volume fallback
SEM-434E260EDA12	IMP-DL-E532B44856-P015	II	Sequences of Functions	II/11--II/15	HIGH	42	Downloads/theory-of-analysis-functions-II.tex;MATH-ALLS-2/theory-of-analysis-functions-II.tex	EXERCISE	source:theory-of-analysis,analysis-functions; theme:fallback-to-volume-region	thematic section chosen only from broad volume fallback
SEM-4354068C61F4	IMP-DL-2370D81D66-P030	II	Sequences of Functions	II/11--II/15	HIGH	28	Downloads/theory-of-analysis-FD.tex;MATH-ALLS-2/theory-of-analysis-FD.tex	WORKED_EXAMPLE	source:theory-of-analysis; theme:fallback-to-volume-region	thematic section chosen only from broad volume fallback
SEM-44B2954F2A4F	IMP-DL-2370D81D66-P040	II	Sequences of Functions	II/11--II/15	HIGH	19	Downloads/theory-of-analysis-FD.tex;MATH-ALLS-2/theory-of-analysis-FD.tex	EXERCISE_ITEM	source:theory-of-analysis; theme:fallback-to-volume-region	thematic section chosen only from broad volume fallback
SEM-44B985BC8A03	IMP-DL-316AE183C3-P036	II	Sequences of Functions	II/11--II/15	HIGH	36	Downloads/theory-of-analysis-functions.tex;MATH-ALLS-2/theory-of-analysis-functions.tex	EXERCISE_ITEM	source:theory-of-analysis,analysis-functions; theme:fallback-to-volume-region	thematic section chosen only from broad volume fallback
SEM-47F21A36EE3F	IMP-DL-117191C0EC-P062	II	Sequences of Functions	II/11--II/15	HIGH	28	Downloads/theory-of-analysis-topics.tex;MATH-ALLS-2/theory-of-analysis-topics.tex	PROBLEM	source:theory-of-analysis; theme:fallback-to-volume-region	thematic section chosen only from broad volume fallback
SEM-48826DDF8FEE	IMP-DL-15679DEE8D-P027	II	Sequences of Functions	II/11--II/15	HIGH	42	Downloads/theory-of-analysis - Copy.tex;Downloads/theory-of-analysis-numbers.tex;Downloads/theory-of-analysis.tex;MATH-ALLS-2/theory-of-analysis - Copy.tex;MATH-ALLS-2/theory-of-analysis-numbers.tex;MATH-ALLS-2/theory-of-analysis.tex	EXERCISE	source:theory-of-analysis; theme:fallback-to-volume-region	thematic section chosen only from broad volume fallback
SEM-4BCE001CE1D2	IMP-DL-873C6F4098-P018	II	Sequences of Functions	II/11--II/15	HIGH	28	Downloads/theory-of-analysis-II.tex;MATH-ALLS-2/theory-of-analysis-II.tex	PROBLEM_ITEM	source:theory-of-analysis; theme:fallback-to-volume-region	thematic section chosen only from broad volume fallback
SEM-4C6082A82B50	IMP-DL-873C6F4098-P034	II	Sequences of Functions	II/11--II/15	HIGH	20	Downloads/theory-of-analysis-II.tex;MATH-ALLS-2/theory-of-analysis-II.tex	PROBLEM_ITEM	source:theory-of-analysis; theme:fallback-to-volume-region	thematic section chosen only from broad volume fallback
SEM-4CAA48970752	IMP-DL-117191C0EC-P005	II	Sequences of Functions	II/11--II/15	HIGH	28	Downloads/theory-of-analysis-topics.tex;MATH-ALLS-2/theory-of-analysis-topics.tex	PROBLEM_ITEM	source:theory-of-analysis; theme:fallback-to-volume-region	thematic section chosen only from broad volume fallback
SEM-4D2E53ECD956	IMP-DL-117191C0EC-P061	II	Sequences of Functions	II/11--II/15	HIGH	20	Downloads/theory-of-analysis-topics.tex;MATH-ALLS-2/theory-of-analysis-topics.tex	PROBLEM	source:theory-of-analysis; theme:fallback-to-volume-region	thematic section chosen only from broad volume fallback
SEM-4DAAC86D67D3	IMP-DL-2370D81D66-P079	II	Sequences of Functions	II/11--II/15	HIGH	28	Downloads/theory-of-analysis-FD.tex;MATH-ALLS-2/theory-of-analysis-FD.tex	EXERCISE_ITEM	source:theory-of-analysis; theme:fallback-to-volume-region	thematic section chosen only from broad volume fallback
SEM-4DDA521D83F3	IMP-DL-316AE183C3-P021	II	Sequences of Functions	II/11--II/15	HIGH	52	Downloads/theory-of-analysis-functions.tex;MATH-ALLS-2/theory-of-analysis-functions.tex	EXERCISE_ITEM	source:theory-of-analysis,analysis-functions; theme:fallback-to-volume-region	thematic section chosen only from broad volume fallback
SEM-4E27A8A6DC4A	IMP-DL-873C6F4098-P050	II	Sequences of Functions	II/11--II/15	HIGH	34	Downloads/theory-of-analysis-II.tex;MATH-ALLS-2/theory-of-analysis-II.tex	PROBLEM	source:theory-of-analysis; text:real number; theme:fallback-to-volume-region	thematic section chosen only from broad volume fallback
SEM-4F887665D59A	IMP-DL-316AE183C3-P028	II	Sequences of Functions	II/11--II/15	HIGH	43	Downloads/theory-of-analysis-functions.tex;MATH-ALLS-2/theory-of-analysis-functions.tex	EXERCISE_ITEM	source:theory-of-analysis,analysis-functions; text:continuity; theme:fallback-to-volume-region	thematic section chosen only from broad volume fallback
SEM-4F970D5E7B81	IMP-DL-2370D81D66-P054	II	Sequences of Functions	II/11--II/15	HIGH	28	Downloads/theory-of-analysis-FD.tex;MATH-ALLS-2/theory-of-analysis-FD.tex	EXERCISE_ITEM	source:theory-of-analysis; theme:fallback-to-volume-region	thematic section chosen only from broad volume fallback
SEM-509B88AF5248	IMP-DL-183AD43C4C-R001096-509B88AF	II	Sequences of Functions	II/11--II/15	HIGH	32	Downloads/merged_exercises_FULL_v2 (1).tex;Downloads/theory-of-real-analysis.tex;MATH-ALLS-2/merged_exercises_FULL_v2 (1).tex;MATH-ALLS-2/theory-of-real-analysis.tex	EXERCISE	source:real-analysis; theme:fallback-to-volume-region	thematic section chosen only from broad volume fallback
SEM-5106A96091DE	IMP-DL-2370D81D66-P075	II	Sequences of Functions	II/11--II/15	HIGH	19	Downloads/theory-of-analysis-FD.tex;MATH-ALLS-2/theory-of-analysis-FD.tex	WORKED_EXAMPLE	source:theory-of-analysis; theme:fallback-to-volume-region	thematic section chosen only from broad volume fallback
SEM-518E6E00525D	IMP-DL-873C6F4098-P027	II	Sequences of Functions	II/11--II/15	HIGH	12	Downloads/theory-of-analysis-II.tex;MATH-ALLS-2/theory-of-analysis-II.tex	PROBLEM	source:theory-of-analysis; theme:fallback-to-volume-region	thematic section chosen only from broad volume fallback
SEM-5231528C993F	IMP-DL-11EDF39EA7-P002	II	Sequences of Functions	II/11--II/15	HIGH	20	Downloads/theory-of-analysis-FD2.tex;MATH-ALLS-2/theory-of-analysis-FD2.tex	WORKED_EXAMPLE	source:theory-of-analysis; theme:fallback-to-volume-region	thematic section chosen only from broad volume fallback
SEM-526A38FF40C6	IMP-DL-117191C0EC-P054	II	Sequences of Functions	II/11--II/15	HIGH	34	Downloads/theory-of-analysis-topics.tex;MATH-ALLS-2/theory-of-analysis-topics.tex	PROBLEM	source:theory-of-analysis; text:real number; theme:fallback-to-volume-region	thematic section chosen only from broad volume fallback
SEM-528A4C04E5AE	IMP-DL-316AE183C3-P059	II	Sequences of Functions	II/11--II/15	HIGH	52	Downloads/theory-of-analysis-functions.tex;MATH-ALLS-2/theory-of-analysis-functions.tex	EXERCISE_ITEM	source:theory-of-analysis,analysis-functions; theme:fallback-to-volume-region	thematic section chosen only from broad volume fallback
SEM-53B259AB7523	IMP-DL-316AE183C3-P038	II	Sequences of Functions	II/11--II/15	HIGH	52	Downloads/theory-of-analysis-functions.tex;MATH-ALLS-2/theory-of-analysis-functions.tex	EXERCISE_ITEM	source:theory-of-analysis,analysis-functions; theme:fallback-to-volume-region	thematic section chosen only from broad volume fallback
SEM-53E4BBEC3C5C	IMP-DL-11EDF39EA7-P003	II	Sequences of Functions	II/11--II/15	HIGH	11	Downloads/theory-of-analysis-FD2.tex;MATH-ALLS-2/theory-of-analysis-FD2.tex	WORKED_EXAMPLE	source:theory-of-analysis; theme:fallback-to-volume-region	thematic section chosen only from broad volume fallback
SEM-54A4A7C021F2	IMP-DL-316AE183C3-P041	II	Sequences of Functions	II/11--II/15	HIGH	38	Downloads/theory-of-analysis-functions.tex;MATH-ALLS-2/theory-of-analysis-functions.tex	EXERCISE_ITEM	source:theory-of-analysis,analysis-functions; theme:fallback-to-volume-region	thematic section chosen only from broad volume fallback
SEM-5528590DDF80	IMP-DL-890EB1F6EA-P018	II	Sequences of Functions	II/11--II/15	LOW	9	Downloads/merged_exercises_FULL_v2.tex;MATH-ALLS-2/merged_exercises_FULL_v2.tex	EXERCISE	text:uniform convergence; theme:uniform convergence	low volume-classification confidence
SEM-55AE026B26D1	IMP-DL-3CA1CB77F7-P040	II	Sequences of Functions	II/11--II/15	HIGH	28	Downloads/theory-of-analysis-numbers.tex;MATH-ALLS-2/theory-of-analysis-numbers.tex	EXAMPLE;WORKED_EXAMPLE	source:theory-of-analysis; theme:fallback-to-volume-region	thematic section chosen only from broad volume fallback
SEM-57FE18E8A925	IMP-DL-316AE183C3-P007	II	Sequences of Functions	II/11--II/15	HIGH	44	Downloads/theory-of-analysis-functions.tex;MATH-ALLS-2/theory-of-analysis-functions.tex	WORKED_EXAMPLE	source:theory-of-analysis,analysis-functions; theme:fallback-to-volume-region	thematic section chosen only from broad volume fallback
SEM-585DBEC84C4D	IMP-DL-2370D81D66-P072	II	Sequences of Functions	II/11--II/15	LOW	1	Downloads/theory-of-analysis-FD.tex;MATH-ALLS-2/theory-of-analysis-FD.tex	PROOF_EXERCISE_CANDIDATE	source:theory-of-analysis; theme:fallback-to-volume-region	low volume-classification confidence; thematic section chosen only from broad volume fallback
SEM-58EE4BEF8FA5	IMP-DL-873C6F4098-P017	II	Sequences of Functions	II/11--II/15	HIGH	33	Downloads/theory-of-analysis-II.tex;MATH-ALLS-2/theory-of-analysis-II.tex	PROBLEM	source:theory-of-analysis; text:continuity; theme:fallback-to-volume-region	thematic section chosen only from broad volume fallback
SEM-59432F8908A5	IMP-DL-15679DEE8D-P017	II	Sequences of Functions	II/11--II/15	HIGH	42	Downloads/theory-of-analysis - Copy.tex;Downloads/theory-of-analysis-numbers.tex;Downloads/theory-of-analysis.tex;MATH-ALLS-2/theory-of-analysis - Copy.tex;MATH-ALLS-2/theory-of-analysis-numbers.tex;MATH-ALLS-2/theory-of-analysis.tex	EXAMPLE;WORKED_EXAMPLE	source:theory-of-analysis; theme:fallback-to-volume-region	thematic section chosen only from broad volume fallback
SEM-5957B8E5ECE5	IMP-DL-316AE183C3-P020	II	Sequences of Functions	II/11--II/15	HIGH	47	Downloads/theory-of-analysis-functions.tex;MATH-ALLS-2/theory-of-analysis-functions.tex	EXERCISE_ITEM	source:theory-of-analysis,analysis-functions; theme:fallback-to-volume-region	thematic section chosen only from broad volume fallback
SEM-59763C633BB8	IMP-DL-2370D81D66-P067	II	Sequences of Functions	II/11--II/15	HIGH	28	Downloads/theory-of-analysis-FD.tex;MATH-ALLS-2/theory-of-analysis-FD.tex	EXERCISE_ITEM	source:theory-of-analysis; theme:fallback-to-volume-region	thematic section chosen only from broad volume fallback
SEM-597671D71182	IMP-DL-3CA1CB77F7-P030	II	Sequences of Functions	II/11--II/15	HIGH	20	Downloads/theory-of-analysis-numbers.tex;MATH-ALLS-2/theory-of-analysis-numbers.tex	EXERCISE	source:theory-of-analysis; theme:fallback-to-volume-region	thematic section chosen only from broad volume fallback
SEM-59C272D5CC01	IMP-DL-3CA1CB77F7-P029	II	Sequences of Functions	II/11--II/15	HIGH	42	Downloads/theory-of-analysis-numbers.tex;Downloads/theory-of-analysis.tex;MATH-ALLS-2/theory-of-analysis-numbers.tex;MATH-ALLS-2/theory-of-analysis.tex	EXERCISE	source:theory-of-analysis; theme:fallback-to-volume-region	thematic section chosen only from broad volume fallback
SEM-5A5AB4C002CF	IMP-DL-07D84009EA-P005	II	Sequences of Functions	II/11--II/15	HIGH	32	Downloads/merged_exercises_FULL_v2 (1).tex;Downloads/merged_exercises_FULL_v2.tex;Downloads/merged_exercises_corrected (1).tex;Downloads/merged_exercises_corrected (2).tex;Downloads/merged_exercises_corrected (3).tex;Downloads/merged_exercises_corrected (4).tex;Downloads/merged_exercises_corrected.tex;Downloads/theory-of-real-analysis.tex;MATH-ALLS-2/merged_exercises_FULL_v2 (1).tex;MATH-ALLS-2/merged_exercises_FULL_v2.tex;MATH-ALLS-2/merged_exercises_corrected (1).tex;MATH-ALLS-2/merged_exercises_corrected (2).tex;MATH-ALLS-2/merged_exercises_corrected (3).tex;MATH-ALLS-2/merged_exercises_corrected (4).tex;MATH-ALLS-2/merged_exercises_corrected.tex;MATH-ALLS-2/theory-of-real-analysis.tex	EXERCISE	source:real-analysis; theme:fallback-to-volume-region	thematic section chosen only from broad volume fallback
SEM-5ADF083C92AD	IMP-DL-E532B44856-P023	II	Sequences of Functions	II/11--II/15	HIGH	52	Downloads/theory-of-analysis-functions-II.tex;MATH-ALLS-2/theory-of-analysis-functions-II.tex	WORKED_EXAMPLE	source:theory-of-analysis,analysis-functions; theme:fallback-to-volume-region	thematic section chosen only from broad volume fallback
SEM-5BBCFC5E048C	IMP-DL-EAE0F59552-P003	II	Sequences of Functions	II/11--II/15	HIGH	52	Downloads/theory-of-analysis-topology.tex;MATH-ALLS-2/theory-of-analysis-topology.tex	PROBLEM_ITEM	source:theory-of-analysis,analysis-topology; theme:fallback-to-volume-region	thematic section chosen only from broad volume fallback
SEM-5CC0EFE10AF5	IMP-DL-117191C0EC-P026	II	Sequences of Functions	II/11--II/15	HIGH	12	Downloads/theory-of-analysis-topics.tex;MATH-ALLS-2/theory-of-analysis-topics.tex	PROBLEM	source:theory-of-analysis; theme:fallback-to-volume-region	thematic section chosen only from broad volume fallback
SEM-5CE23EC61EC8	IMP-DL-2370D81D66-P034	II	Sequences of Functions	II/11--II/15	HIGH	28	Downloads/theory-of-analysis-FD.tex;MATH-ALLS-2/theory-of-analysis-FD.tex	WORKED_EXAMPLE	source:theory-of-analysis; theme:fallback-to-volume-region	thematic section chosen only from broad volume fallback
SEM-5D37C9DF79E6	IMP-DL-117191C0EC-P020	II	Sequences of Functions	II/11--II/15	HIGH	29	Downloads/theory-of-analysis-topics.tex;MATH-ALLS-2/theory-of-analysis-topics.tex	PROBLEM	source:theory-of-analysis; text:continuity; theme:fallback-to-volume-region	thematic section chosen only from broad volume fallback
SEM-5D94F67A9646	IMP-DL-3D2DB27534-P006	II	Metric and Topological Foundations	II/01--II/07	LOW	8	Downloads/merged_exercises (1).tex;Downloads/merged_exercises.tex;MATH-ALLS-2/merged_exercises (1).tex;MATH-ALLS-2/merged_exercises.tex	EXERCISE	text:open set,closed set; theme:open set,closed set	low volume-classification confidence
SEM-5DA5B9BE83D2	IMP-DL-183AD43C4C-PSR003550-5DA5B9BE	II	Sequences of Functions	II/11--II/15	HIGH	32	Downloads/theory-of-real-analysis.tex;MATH-ALLS-2/theory-of-real-analysis.tex	EXAMPLE	source:real-analysis; theme:fallback-to-volume-region	thematic section chosen only from broad volume fallback
SEM-5E7E8AC20BD1	IMP-DL-2370D81D66-P043	II	Sequences of Functions	II/11--II/15	HIGH	28	Downloads/theory-of-analysis-FD.tex;MATH-ALLS-2/theory-of-analysis-FD.tex	EXERCISE_ITEM	source:theory-of-analysis; theme:fallback-to-volume-region	thematic section chosen only from broad volume fallback
SEM-5EDF3FFE2295	IMP-DL-183AD43C4C-R001902-5EDF3FFE	II	Sequences of Functions	II/11--II/15	HIGH	32	Downloads/merged_exercises_FULL_v2 (1).tex;Downloads/theory-of-real-analysis.tex;MATH-ALLS-2/merged_exercises_FULL_v2 (1).tex;MATH-ALLS-2/theory-of-real-analysis.tex	EXERCISE	source:real-analysis; theme:fallback-to-volume-region	thematic section chosen only from broad volume fallback
SEM-5FB0C1B80C81	IMP-DL-2370D81D66-P063	II	Sequences of Functions	II/11--II/15	HIGH	20	Downloads/theory-of-analysis-FD.tex;MATH-ALLS-2/theory-of-analysis-FD.tex	EXERCISE_ITEM	source:theory-of-analysis; theme:fallback-to-volume-region	thematic section chosen only from broad volume fallback
SEM-5FDBD0CC98CC	IMP-DL-2370D81D66-P016	II	Sequences of Functions	II/11--II/15	HIGH	28	Downloads/theory-of-analysis-FD.tex;MATH-ALLS-2/theory-of-analysis-FD.tex	EXERCISE_ITEM	source:theory-of-analysis; theme:fallback-to-volume-region	thematic section chosen only from broad volume fallback
SEM-618BAD29133C	IMP-DL-3D2DB27534-P014	II	Sequences of Functions	II/11--II/15	MEDIUM	15	Downloads/merged_exercises (1).tex;MATH-ALLS-2/merged_exercises (1).tex	EXERCISE	text:continuity; theme:fallback-to-volume-region	thematic section chosen only from broad volume fallback
SEM-62FF9A781B33	IMP-DL-117191C0EC-P013	II	Sequences of Functions	II/11--II/15	LOW	2	Downloads/theory-of-analysis-topics.tex;MATH-ALLS-2/theory-of-analysis-topics.tex	WORKED_EXAMPLE	source:theory-of-analysis; theme:fallback-to-volume-region	low volume-classification confidence; thematic section chosen only from broad volume fallback
SEM-6357CB8980FB	IMP-DL-316AE183C3-P027	II	Sequences of Functions	II/11--II/15	HIGH	52	Downloads/theory-of-analysis-functions.tex;MATH-ALLS-2/theory-of-analysis-functions.tex	EXERCISE_ITEM	source:theory-of-analysis,analysis-functions; theme:fallback-to-volume-region	thematic section chosen only from broad volume fallback
SEM-63F29293B7EE	IMP-DL-11EDF39EA7-P028	II	Sequences of Functions	II/11--II/15	HIGH	12	Downloads/theory-of-analysis-FD2.tex;MATH-ALLS-2/theory-of-analysis-FD2.tex	EXERCISE_ITEM	source:theory-of-analysis; theme:fallback-to-volume-region	thematic section chosen only from broad volume fallback
SEM-643752F5D4CB	IMP-DL-2370D81D66-P060	II	Sequences of Functions	II/11--II/15	HIGH	28	Downloads/theory-of-analysis-FD.tex;MATH-ALLS-2/theory-of-analysis-FD.tex	EXERCISE_ITEM	source:theory-of-analysis; theme:fallback-to-volume-region	thematic section chosen only from broad volume fallback
SEM-647889C989D0	IMP-DL-11EDF39EA7-ORR002739-647889C9	II	Sequences of Functions	II/11--II/15	MEDIUM	14	Downloads/theory-of-analysis-FD2.tex	EXERCISE	source:theory-of-analysis; theme:fallback-to-volume-region	thematic section chosen only from broad volume fallback
SEM-6659E504726B	IMP-DL-0A217E8BCD-P002	II	Sequences of Functions	II/11--II/15	LOW	9	Downloads/merged_exercises_FULL (1).tex;Downloads/merged_exercises_FULL.tex;Downloads/merged_exercises_corrected (4).tex;Downloads/merged_exercises_corrected (8).tex;Downloads/merged_exercises_corrected (9).tex;MATH-ALLS-2/merged_exercises_FULL (1).tex;MATH-ALLS-2/merged_exercises_FULL.tex;MATH-ALLS-2/merged_exercises_corrected (4).tex;MATH-ALLS-2/merged_exercises_corrected (8).tex;MATH-ALLS-2/merged_exercises_corrected (9).tex	EXERCISE	text:uniform convergence; theme:uniform convergence	low volume-classification confidence
SEM-675176AC7CAC	IMP-DL-11EDF39EA7-P038	II	Sequences of Functions	II/11--II/15	HIGH	28	Downloads/theory-of-analysis-FD2.tex;MATH-ALLS-2/theory-of-analysis-FD2.tex	EXERCISE_ITEM	source:theory-of-analysis; theme:fallback-to-volume-region	thematic section chosen only from broad volume fallback
SEM-68BBD25E5EB4	IMP-DL-316AE183C3-P074	II	Sequences of Functions	II/11--II/15	HIGH	44	Downloads/theory-of-analysis-functions.tex;MATH-ALLS-2/theory-of-analysis-functions.tex	EXERCISE_ITEM	source:theory-of-analysis,analysis-functions; theme:fallback-to-volume-region	thematic section chosen only from broad volume fallback
SEM-68CB834D6D11	IMP-DL-2370D81D66-P052	II	Sequences of Functions	II/11--II/15	HIGH	16	Downloads/theory-of-analysis-FD.tex;MATH-ALLS-2/theory-of-analysis-FD.tex	EXERCISE_ITEM	source:theory-of-analysis; theme:fallback-to-volume-region	thematic section chosen only from broad volume fallback
SEM-68F14622CCD0	IMP-DL-11EDF39EA7-P034	II	Sequences of Functions	II/11--II/15	HIGH	28	Downloads/theory-of-analysis-FD2.tex;MATH-ALLS-2/theory-of-analysis-FD2.tex	EXERCISE_ITEM	source:theory-of-analysis; theme:fallback-to-volume-region	thematic section chosen only from broad volume fallback
SEM-696E27226836	IMP-DL-183AD43C4C-PSR003602-696E2722	II	Sequences of Functions	II/11--II/15	HIGH	32	Downloads/theory-of-real-analysis.tex;MATH-ALLS-2/theory-of-real-analysis.tex	EXAMPLE	source:real-analysis; theme:fallback-to-volume-region	thematic section chosen only from broad volume fallback
SEM-69DD1FC6A8DB	IMP-DL-316AE183C3-P013	II	Sequences of Functions	II/11--II/15	HIGH	42	Downloads/theory-of-analysis-functions.tex;MATH-ALLS-2/theory-of-analysis-functions.tex	EXERCISE_ITEM	source:theory-of-analysis,analysis-functions; theme:fallback-to-volume-region	thematic section chosen only from broad volume fallback
SEM-6A30FB6F5072	IMP-DL-2370D81D66-P061	II	Sequences of Functions	II/11--II/15	MEDIUM	7	Downloads/theory-of-analysis-FD.tex;MATH-ALLS-2/theory-of-analysis-FD.tex	EXERCISE_ITEM	source:theory-of-analysis; theme:fallback-to-volume-region	thematic section chosen only from broad volume fallback
SEM-6ADF3FF2435D	IMP-DL-11EDF39EA7-P005	II	Sequences of Functions	II/11--II/15	HIGH	25	Downloads/theory-of-analysis-FD2.tex;MATH-ALLS-2/theory-of-analysis-FD2.tex	EXERCISE	source:theory-of-analysis; text:real number; theme:fallback-to-volume-region	thematic section chosen only from broad volume fallback
SEM-6B07223F6D24	IMP-DL-316AE183C3-P053	II	Sequences of Functions	II/11--II/15	HIGH	36	Downloads/theory-of-analysis-functions.tex;MATH-ALLS-2/theory-of-analysis-functions.tex	EXERCISE	source:theory-of-analysis,analysis-functions; theme:fallback-to-volume-region	thematic section chosen only from broad volume fallback
SEM-6C2B4C10337D	IMP-DL-117191C0EC-P028	II	Sequences of Functions	II/11--II/15	HIGH	19	Downloads/theory-of-analysis-topics.tex;MATH-ALLS-2/theory-of-analysis-topics.tex	PROBLEM	source:theory-of-analysis; theme:fallback-to-volume-region	thematic section chosen only from broad volume fallback
SEM-6C52BE12CB7A	IMP-DL-11EDF39EA7-P004	II	Sequences of Functions	II/11--II/15	HIGH	10	Downloads/theory-of-analysis-FD2.tex;MATH-ALLS-2/theory-of-analysis-FD2.tex	EXERCISE	source:theory-of-analysis; theme:fallback-to-volume-region	thematic section chosen only from broad volume fallback
SEM-6CAD893C3BF0	IMP-DL-183AD43C4C-PSR003570-6CAD893C	II	Sequences of Functions	II/11--II/15	HIGH	32	Downloads/theory-of-real-analysis.tex;MATH-ALLS-2/theory-of-real-analysis.tex	EXAMPLE	source:real-analysis; theme:fallback-to-volume-region	thematic section chosen only from broad volume fallback
SEM-6D5EA94464BB	IMP-DL-183AD43C4C-R000796-6D5EA944	II	Sequences of Functions	II/11--II/15	HIGH	32	Downloads/merged_exercises_FULL_v2 (1).tex;Downloads/theory-of-real-analysis.tex;MATH-ALLS-2/merged_exercises_FULL_v2 (1).tex;MATH-ALLS-2/theory-of-real-analysis.tex	EXERCISE	source:real-analysis; theme:fallback-to-volume-region	thematic section chosen only from broad volume fallback
SEM-6D977BA694F0	IMP-DL-2370D81D66-P037	II	Sequences of Functions	II/11--II/15	MEDIUM	7	Downloads/theory-of-analysis-FD.tex;MATH-ALLS-2/theory-of-analysis-FD.tex	WORKED_EXAMPLE	source:theory-of-analysis; theme:fallback-to-volume-region	thematic section chosen only from broad volume fallback
SEM-6DDBDFC43772	IMP-DL-E532B44856-P025	II	Sequences of Functions	II/11--II/15	HIGH	22	Downloads/theory-of-analysis-functions-II.tex;MATH-ALLS-2/theory-of-analysis-functions-II.tex	WORKED_EXAMPLE	source:theory-of-analysis,analysis-functions; theme:fallback-to-volume-region	thematic section chosen only from broad volume fallback
SEM-6E35886F4F25	IMP-DL-316AE183C3-P077	II	Sequences of Functions	II/11--II/15	HIGH	52	Downloads/theory-of-analysis-functions.tex;MATH-ALLS-2/theory-of-analysis-functions.tex	EXERCISE_ITEM	source:theory-of-analysis,analysis-functions; theme:fallback-to-volume-region	thematic section chosen only from broad volume fallback
SEM-6EF13A85B723	IMP-DL-316AE183C3-P063	II	Sequences of Functions	II/11--II/15	HIGH	52	Downloads/theory-of-analysis-functions.tex;MATH-ALLS-2/theory-of-analysis-functions.tex	EXERCISE_ITEM	source:theory-of-analysis,analysis-functions; theme:fallback-to-volume-region	thematic section chosen only from broad volume fallback
SEM-6F2609DFF447	IMP-DL-873C6F4098-P022	II	Sequences of Functions	II/11--II/15	HIGH	33	Downloads/theory-of-analysis-II.tex;MATH-ALLS-2/theory-of-analysis-II.tex	PROBLEM	source:theory-of-analysis; text:continuity; theme:fallback-to-volume-region	thematic section chosen only from broad volume fallback
SEM-6FCAB82841CC	IMP-DL-11EDF39EA7-P022	II	Sequences of Functions	II/11--II/15	HIGH	28	Downloads/theory-of-analysis-FD2.tex;MATH-ALLS-2/theory-of-analysis-FD2.tex	EXERCISE	source:theory-of-analysis; theme:fallback-to-volume-region	thematic section chosen only from broad volume fallback
SEM-701214546111	IMP-DL-117191C0EC-P019	II	Sequences of Functions	II/11--II/15	HIGH	8	Downloads/theory-of-analysis-topics.tex;MATH-ALLS-2/theory-of-analysis-topics.tex	PROBLEM	source:theory-of-analysis; theme:fallback-to-volume-region	thematic section chosen only from broad volume fallback
SEM-70FAEFC96F02	IMP-DL-316AE183C3-P019	II	Sequences of Functions	II/11--II/15	HIGH	52	Downloads/theory-of-analysis-functions.tex;MATH-ALLS-2/theory-of-analysis-functions.tex	EXERCISE_ITEM	source:theory-of-analysis,analysis-functions; theme:fallback-to-volume-region	thematic section chosen only from broad volume fallback
SEM-711C8E5F93E6	IMP-DL-183AD43C4C-R001984-711C8E5F	II	Sequences of Functions	II/11--II/15	HIGH	32	Downloads/merged_exercises_FULL_v2 (1).tex;Downloads/theory-of-real-analysis.tex;MATH-ALLS-2/merged_exercises_FULL_v2 (1).tex;MATH-ALLS-2/theory-of-real-analysis.tex	EXERCISE	source:real-analysis; theme:fallback-to-volume-region	thematic section chosen only from broad volume fallback
SEM-71511BB34785	IMP-DL-873C6F4098-P056	II	Sequences of Functions	II/11--II/15	HIGH	21	Downloads/theory-of-analysis-II.tex;MATH-ALLS-2/theory-of-analysis-II.tex	PROBLEM_ITEM	source:theory-of-analysis; theme:fallback-to-volume-region	thematic section chosen only from broad volume fallback
SEM-715C4FEAA0CB	IMP-DL-07D84009EA-P001	II	Sequences of Functions	II/11--II/15	HIGH	16	Downloads/merged_exercises_FULL_v2 (1).tex;Downloads/merged_exercises_FULL_v2.tex;Downloads/merged_exercises_corrected (1).tex;Downloads/merged_exercises_corrected (2).tex;Downloads/merged_exercises_corrected (3).tex;Downloads/merged_exercises_corrected (4).tex;Downloads/merged_exercises_corrected.tex;Downloads/theory-of-real-analysis.tex;MATH-ALLS-2/merged_exercises_FULL_v2 (1).tex;MATH-ALLS-2/merged_exercises_FULL_v2.tex;MATH-ALLS-2/merged_exercises_corrected (1).tex;MATH-ALLS-2/merged_exercises_corrected (2).tex;MATH-ALLS-2/merged_exercises_corrected (3).tex;MATH-ALLS-2/merged_exercises_corrected (4).tex;MATH-ALLS-2/merged_exercises_corrected.tex;MATH-ALLS-2/theory-of-real-analysis.tex	EXERCISE	source:real-analysis; theme:fallback-to-volume-region	thematic section chosen only from broad volume fallback
SEM-71AF11242227	IMP-DL-11EDF39EA7-P030	II	Sequences of Functions	II/11--II/15	HIGH	28	Downloads/theory-of-analysis-FD2.tex;MATH-ALLS-2/theory-of-analysis-FD2.tex	EXERCISE_ITEM	source:theory-of-analysis; theme:fallback-to-volume-region	thematic section chosen only from broad volume fallback
SEM-7276F7EF1D45	IMP-DL-316AE183C3-P079	II	Sequences of Functions	II/11--II/15	HIGH	38	Downloads/theory-of-analysis-functions.tex;MATH-ALLS-2/theory-of-analysis-functions.tex	EXERCISE	source:theory-of-analysis,analysis-functions; theme:fallback-to-volume-region	thematic section chosen only from broad volume fallback
SEM-7303F9A0944B	IMP-DL-11EDF39EA7-P032	II	Sequences of Functions	II/11--II/15	HIGH	18	Downloads/theory-of-analysis-FD2.tex;MATH-ALLS-2/theory-of-analysis-FD2.tex	EXERCISE_ITEM	source:theory-of-analysis; theme:fallback-to-volume-region	thematic section chosen only from broad volume fallback
SEM-744AF15F8D8B	IMP-DL-316AE183C3-P080	II	Sequences of Functions	II/11--II/15	HIGH	48	Downloads/theory-of-analysis-functions.tex;MATH-ALLS-2/theory-of-analysis-functions.tex	EXERCISE	source:theory-of-analysis,analysis-functions; theme:fallback-to-volume-region	thematic section chosen only from broad volume fallback
SEM-74E791D6168B	IMP-DL-E532B44856-P012	II	Sequences of Functions	II/11--II/15	HIGH	34	Downloads/theory-of-analysis-functions-II.tex;MATH-ALLS-2/theory-of-analysis-functions-II.tex	EXERCISE	source:theory-of-analysis,analysis-functions; theme:fallback-to-volume-region	thematic section chosen only from broad volume fallback
SEM-7500F564CB4A	IMP-DL-873C6F4098-P054	II	Sequences of Functions	II/11--II/15	HIGH	28	Downloads/theory-of-analysis-II.tex;MATH-ALLS-2/theory-of-analysis-II.tex	PROBLEM_ITEM	source:theory-of-analysis; theme:fallback-to-volume-region	thematic section chosen only from broad volume fallback
SEM-750404E5DEFB	IMP-DL-117191C0EC-P041	II	Sequences of Functions	II/11--II/15	HIGH	28	Downloads/theory-of-analysis-topics.tex;MATH-ALLS-2/theory-of-analysis-topics.tex	PROBLEM_ITEM	source:theory-of-analysis; theme:fallback-to-volume-region	thematic section chosen only from broad volume fallback
SEM-7688E485BF5D	IMP-DL-2370D81D66-P046	II	Sequences of Functions	II/11--II/15	HIGH	22	Downloads/theory-of-analysis-FD.tex;MATH-ALLS-2/theory-of-analysis-FD.tex	EXERCISE_ITEM	source:theory-of-analysis; theme:fallback-to-volume-region	thematic section chosen only from broad volume fallback
SEM-76D7C3A34AEA	IMP-DL-873C6F4098-P081	II	Sequences of Functions	II/11--II/15	HIGH	28	Downloads/theory-of-analysis-II.tex;MATH-ALLS-2/theory-of-analysis-II.tex	PROBLEM_ITEM	source:theory-of-analysis; theme:fallback-to-volume-region	thematic section chosen only from broad volume fallback
SEM-77515B048F43	IMP-DL-183AD43C4C-R001461-77515B04	II	Sequences of Functions	II/11--II/15	HIGH	24	Downloads/merged_exercises_FULL_v2 (1).tex;Downloads/theory-of-real-analysis.tex;MATH-ALLS-2/merged_exercises_FULL_v2 (1).tex;MATH-ALLS-2/theory-of-real-analysis.tex	EXERCISE	source:real-analysis; theme:fallback-to-volume-region	thematic section chosen only from broad volume fallback
SEM-77B0A1AB175E	IMP-DL-873C6F4098-P058	II	Sequences of Functions	II/11--II/15	HIGH	28	Downloads/theory-of-analysis-II.tex;MATH-ALLS-2/theory-of-analysis-II.tex	PROBLEM_ITEM	source:theory-of-analysis; theme:fallback-to-volume-region	thematic section chosen only from broad volume fallback
SEM-797FDECEFA4E	IMP-DL-2370D81D66-P039	II	Sequences of Functions	II/11--II/15	HIGH	28	Downloads/theory-of-analysis-FD.tex;MATH-ALLS-2/theory-of-analysis-FD.tex	EXERCISE_ITEM	source:theory-of-analysis; theme:fallback-to-volume-region	thematic section chosen only from broad volume fallback
SEM-79EB8D250E1B	IMP-DL-162DBE4483-P016	II	Sequences of Functions	II/11--II/15	HIGH	24	Downloads/merged_exercises_FULL_v2 (1).tex;Downloads/merged_exercises_FULL_v2.tex;Downloads/merged_exercises_corrected (2).tex;Downloads/merged_exercises_corrected (3).tex;Downloads/theory-of-real-analysis.tex;MATH-ALLS-2/merged_exercises_FULL_v2 (1).tex;MATH-ALLS-2/merged_exercises_FULL_v2.tex;MATH-ALLS-2/merged_exercises_corrected (2).tex;MATH-ALLS-2/merged_exercises_corrected (3).tex;MATH-ALLS-2/theory-of-real-analysis.tex	EXERCISE	source:real-analysis; theme:fallback-to-volume-region	thematic section chosen only from broad volume fallback
SEM-7A5DD3750E64	IMP-DL-873C6F4098-P092	II	Sequences of Functions	II/11--II/15	HIGH	28	Downloads/theory-of-analysis-II.tex;MATH-ALLS-2/theory-of-analysis-II.tex	PROBLEM_ITEM	source:theory-of-analysis; theme:fallback-to-volume-region	thematic section chosen only from broad volume fallback
SEM-7A900CC0C3E8	IMP-DL-873C6F4098-P029	II	Sequences of Functions	II/11--II/15	HIGH	20	Downloads/theory-of-analysis-II.tex;MATH-ALLS-2/theory-of-analysis-II.tex	PROBLEM	source:theory-of-analysis; theme:fallback-to-volume-region	thematic section chosen only from broad volume fallback
SEM-7D44BD995101	IMP-DL-873C6F4098-P014	II	Sequences of Functions	II/11--II/15	HIGH	28	Downloads/theory-of-analysis-II.tex;MATH-ALLS-2/theory-of-analysis-II.tex	PROBLEM_ITEM	source:theory-of-analysis; theme:fallback-to-volume-region	thematic section chosen only from broad volume fallback
SEM-7ED92BFE7B23	IMP-DL-117191C0EC-P038	II	Sequences of Functions	II/11--II/15	HIGH	28	Downloads/theory-of-analysis-topics.tex;MATH-ALLS-2/theory-of-analysis-topics.tex	PROBLEM_ITEM	source:theory-of-analysis; theme:fallback-to-volume-region	thematic section chosen only from broad volume fallback
SEM-7F56CD0F73B7	IMP-DL-07D84009EA-P003	II	Sequences of Functions	II/11--II/15	HIGH	32	Downloads/merged_exercises_FULL_v2 (1).tex;Downloads/merged_exercises_FULL_v2.tex;Downloads/merged_exercises_corrected (1).tex;Downloads/merged_exercises_corrected (2).tex;Downloads/merged_exercises_corrected (3).tex;Downloads/merged_exercises_corrected (4).tex;Downloads/merged_exercises_corrected.tex;Downloads/theory-of-real-analysis.tex;MATH-ALLS-2/merged_exercises_FULL_v2 (1).tex;MATH-ALLS-2/merged_exercises_FULL_v2.tex;MATH-ALLS-2/merged_exercises_corrected (1).tex;MATH-ALLS-2/merged_exercises_corrected (2).tex;MATH-ALLS-2/merged_exercises_corrected (3).tex;MATH-ALLS-2/merged_exercises_corrected (4).tex;MATH-ALLS-2/merged_exercises_corrected.tex;MATH-ALLS-2/theory-of-real-analysis.tex	EXERCISE	source:real-analysis; theme:fallback-to-volume-region	thematic section chosen only from broad volume fallback
SEM-8069336AF3F1	IMP-DL-07D84009EA-P002	II	Sequences of Functions	II/11--II/15	HIGH	32	Downloads/merged_exercises_FULL_v2 (1).tex;Downloads/merged_exercises_FULL_v2.tex;Downloads/merged_exercises_corrected (1).tex;Downloads/merged_exercises_corrected (2).tex;Downloads/merged_exercises_corrected (3).tex;Downloads/merged_exercises_corrected (4).tex;Downloads/merged_exercises_corrected.tex;Downloads/theory-of-real-analysis.tex;MATH-ALLS-2/merged_exercises_FULL_v2 (1).tex;MATH-ALLS-2/merged_exercises_FULL_v2.tex;MATH-ALLS-2/merged_exercises_corrected (1).tex;MATH-ALLS-2/merged_exercises_corrected (2).tex;MATH-ALLS-2/merged_exercises_corrected (3).tex;MATH-ALLS-2/merged_exercises_corrected (4).tex;MATH-ALLS-2/merged_exercises_corrected.tex;MATH-ALLS-2/theory-of-real-analysis.tex	EXERCISE	source:real-analysis; theme:fallback-to-volume-region	thematic section chosen only from broad volume fallback
SEM-82C1E33182C2	IMP-DL-316AE183C3-P058	II	Sequences of Functions	II/11--II/15	HIGH	42	Downloads/theory-of-analysis-functions.tex;MATH-ALLS-2/theory-of-analysis-functions.tex	EXERCISE_ITEM	source:theory-of-analysis,analysis-functions; theme:fallback-to-volume-region	thematic section chosen only from broad volume fallback
SEM-8383E1FD3433	IMP-DL-183AD43C4C-R000847-8383E1FD	II	Sequences of Functions	II/11--II/15	HIGH	32	Downloads/merged_exercises_FULL_v2 (1).tex;Downloads/theory-of-real-analysis.tex;MATH-ALLS-2/merged_exercises_FULL_v2 (1).tex;MATH-ALLS-2/theory-of-real-analysis.tex	EXERCISE	source:real-analysis; theme:fallback-to-volume-region	thematic section chosen only from broad volume fallback
SEM-83B8B4D1ACB7	IMP-DL-316AE183C3-P054	II	Sequences of Functions	II/11--II/15	HIGH	52	Downloads/theory-of-analysis-functions.tex;MATH-ALLS-2/theory-of-analysis-functions.tex	EXERCISE_ITEM	source:theory-of-analysis,analysis-functions; theme:fallback-to-volume-region	thematic section chosen only from broad volume fallback
SEM-83E9C38F5023	IMP-DL-3CA1CB77F7-P031	II	Sequences of Functions	II/11--II/15	HIGH	20	Downloads/theory-of-analysis-numbers.tex;MATH-ALLS-2/theory-of-analysis-numbers.tex	EXAMPLE;WORKED_EXAMPLE	source:theory-of-analysis; theme:fallback-to-volume-region	thematic section chosen only from broad volume fallback
SEM-84791F5DC248	IMP-DL-873C6F4098-P079	II	Sequences of Functions	II/11--II/15	HIGH	28	Downloads/theory-of-analysis-II.tex;MATH-ALLS-2/theory-of-analysis-II.tex	PROBLEM_ITEM	source:theory-of-analysis; theme:fallback-to-volume-region	thematic section chosen only from broad volume fallback
SEM-84BA5D01D534	IMP-DL-316AE183C3-P017	II	Sequences of Functions	II/11--II/15	HIGH	52	Downloads/theory-of-analysis-functions.tex;MATH-ALLS-2/theory-of-analysis-functions.tex	EXERCISE_ITEM	source:theory-of-analysis,analysis-functions; theme:fallback-to-volume-region	thematic section chosen only from broad volume fallback
SEM-88E68FDE7905	IMP-DL-2370D81D66-P022	II	Sequences of Functions	II/11--II/15	HIGH	20	Downloads/theory-of-analysis-FD.tex;MATH-ALLS-2/theory-of-analysis-FD.tex	EXERCISE_ITEM	source:theory-of-analysis; theme:fallback-to-volume-region	thematic section chosen only from broad volume fallback
SEM-8A1EFF7C9788	IMP-DL-2370D81D66-P042	II	Sequences of Functions	II/11--II/15	HIGH	28	Downloads/theory-of-analysis-FD.tex;MATH-ALLS-2/theory-of-analysis-FD.tex	EXERCISE_ITEM	source:theory-of-analysis; theme:fallback-to-volume-region	thematic section chosen only from broad volume fallback
SEM-8ACB84F900AE	IMP-DL-0EB9CBD958-P082	II	Metric and Topological Foundations	II/01--II/07	LOW	2	Downloads/theory-of-geometry.tex;MATH-ALLS-2/theory-of-geometry.tex	PROBLEM	text:metric space; theme:metric space	low volume-classification confidence
SEM-8B612451AFC4	IMP-DL-2370D81D66-P045	II	Sequences of Functions	II/11--II/15	HIGH	20	Downloads/theory-of-analysis-FD.tex;MATH-ALLS-2/theory-of-analysis-FD.tex	EXERCISE_ITEM	source:theory-of-analysis; theme:fallback-to-volume-region	thematic section chosen only from broad volume fallback
SEM-8B86DCA0DD20	IMP-DL-E532B44856-P011	II	Sequences of Functions	II/11--II/15	HIGH	22	Downloads/theory-of-analysis-functions-II.tex;MATH-ALLS-2/theory-of-analysis-functions-II.tex	EXERCISE	source:theory-of-analysis,analysis-functions; theme:fallback-to-volume-region	thematic section chosen only from broad volume fallback
SEM-8BAA67C054AB	IMP-DL-873C6F4098-P095	II	Sequences of Functions	II/11--II/15	HIGH	28	Downloads/theory-of-analysis-II.tex;MATH-ALLS-2/theory-of-analysis-II.tex	WORKED_EXAMPLE	source:theory-of-analysis; theme:fallback-to-volume-region	thematic section chosen only from broad volume fallback
SEM-8C17FB4CA3A6	IMP-DL-873C6F4098-P070	II	Sequences of Functions	II/11--II/15	HIGH	28	Downloads/theory-of-analysis-II.tex;MATH-ALLS-2/theory-of-analysis-II.tex	PROBLEM_ITEM	source:theory-of-analysis; theme:fallback-to-volume-region	thematic section chosen only from broad volume fallback
SEM-8D676F3BB58D	IMP-DL-3CA1CB77F7-P046	II	Sequences of Functions	II/11--II/15	HIGH	12	Downloads/theory-of-analysis-numbers.tex;MATH-ALLS-2/theory-of-analysis-numbers.tex	EXERCISE	source:theory-of-analysis; theme:fallback-to-volume-region	thematic section chosen only from broad volume fallback
SEM-8D8058F930C3	IMP-DL-873C6F4098-P008	II	Sequences of Functions	II/11--II/15	HIGH	28	Downloads/theory-of-analysis-II.tex;MATH-ALLS-2/theory-of-analysis-II.tex	PROBLEM	source:theory-of-analysis; theme:fallback-to-volume-region	thematic section chosen only from broad volume fallback
SEM-8E320EA37D26	IMP-DL-316AE183C3-P062	II	Sequences of Functions	II/11--II/15	HIGH	52	Downloads/theory-of-analysis-functions.tex;MATH-ALLS-2/theory-of-analysis-functions.tex	EXERCISE_ITEM	source:theory-of-analysis,analysis-functions; theme:fallback-to-volume-region	thematic section chosen only from broad volume fallback
SEM-90E406C5BF82	IMP-DL-316AE183C3-P048	II	Sequences of Functions	II/11--II/15	HIGH	52	Downloads/theory-of-analysis-functions.tex;MATH-ALLS-2/theory-of-analysis-functions.tex	EXERCISE_ITEM	source:theory-of-analysis,analysis-functions; theme:fallback-to-volume-region	thematic section chosen only from broad volume fallback
SEM-9172B7D9A8B5	IMP-DL-183AD43C4C-R001571-9172B7D9	II	Sequences of Functions	II/11--II/15	HIGH	32	Downloads/merged_exercises_FULL_v2 (1).tex;Downloads/theory-of-real-analysis.tex;MATH-ALLS-2/merged_exercises_FULL_v2 (1).tex;MATH-ALLS-2/theory-of-real-analysis.tex	EXERCISE	source:real-analysis; theme:fallback-to-volume-region	thematic section chosen only from broad volume fallback
SEM-91A95B646592	IMP-DL-316AE183C3-P070	II	Sequences of Functions	II/11--II/15	HIGH	52	Downloads/theory-of-analysis-functions.tex;MATH-ALLS-2/theory-of-analysis-functions.tex	EXERCISE_ITEM	source:theory-of-analysis,analysis-functions; theme:fallback-to-volume-region	thematic section chosen only from broad volume fallback
SEM-91C1ED2712C2	IMP-DL-873C6F4098-P025	II	Sequences of Functions	II/11--II/15	HIGH	28	Downloads/theory-of-analysis-II.tex;MATH-ALLS-2/theory-of-analysis-II.tex	PROBLEM_ITEM	source:theory-of-analysis; theme:fallback-to-volume-region	thematic section chosen only from broad volume fallback
SEM-94F45F4C27A1	IMP-DL-873C6F4098-P004	II	Sequences of Functions	II/11--II/15	HIGH	28	Downloads/theory-of-analysis-II.tex;MATH-ALLS-2/theory-of-analysis-II.tex	PROBLEM	source:theory-of-analysis; theme:fallback-to-volume-region	thematic section chosen only from broad volume fallback
SEM-94FA66FB20E3	IMP-DL-117191C0EC-P004	II	Sequences of Functions	II/11--II/15	HIGH	28	Downloads/theory-of-analysis-topics.tex;MATH-ALLS-2/theory-of-analysis-topics.tex	PROBLEM_ITEM	source:theory-of-analysis; theme:fallback-to-volume-region	thematic section chosen only from broad volume fallback
SEM-962C14A01CAB	IMP-DL-11EDF39EA7-P019	II	Sequences of Functions	II/11--II/15	HIGH	28	Downloads/theory-of-analysis-FD2.tex;MATH-ALLS-2/theory-of-analysis-FD2.tex	EXERCISE	source:theory-of-analysis; theme:fallback-to-volume-region	thematic section chosen only from broad volume fallback
SEM-97889C2A01FE	IMP-DL-11EDF39EA7-P001	II	Sequences of Functions	II/11--II/15	LOW	3	Downloads/theory-of-analysis-FD2.tex;MATH-ALLS-2/theory-of-analysis-FD2.tex	WORKED_EXAMPLE	source:theory-of-analysis; theme:fallback-to-volume-region	low volume-classification confidence; thematic section chosen only from broad volume fallback
SEM-97DE10868F0F	IMP-DL-11EDF39EA7-P035	II	Sequences of Functions	II/11--II/15	HIGH	28	Downloads/theory-of-analysis-FD2.tex;MATH-ALLS-2/theory-of-analysis-FD2.tex	EXERCISE_ITEM	source:theory-of-analysis; theme:fallback-to-volume-region	thematic section chosen only from broad volume fallback
SEM-9800CB7EEC9C	IMP-DL-11EDF39EA7-P007	II	Sequences of Functions	II/11--II/15	HIGH	18	Downloads/theory-of-analysis-FD2.tex;MATH-ALLS-2/theory-of-analysis-FD2.tex	EXERCISE	source:theory-of-analysis; theme:fallback-to-volume-region	thematic section chosen only from broad volume fallback
SEM-9912E1B02057	IMP-DL-316AE183C3-P072	II	Sequences of Functions	II/11--II/15	HIGH	44	Downloads/theory-of-analysis-functions.tex;MATH-ALLS-2/theory-of-analysis-functions.tex	EXERCISE_ITEM	source:theory-of-analysis,analysis-functions; theme:fallback-to-volume-region	thematic section chosen only from broad volume fallback
SEM-9B4612617A09	IMP-DL-316AE183C3-P050	II	Sequences of Functions	II/11--II/15	HIGH	44	Downloads/theory-of-analysis-functions.tex;MATH-ALLS-2/theory-of-analysis-functions.tex	EXERCISE	source:theory-of-analysis,analysis-functions; theme:fallback-to-volume-region	thematic section chosen only from broad volume fallback
SEM-9B5F196FD235	IMP-DL-2370D81D66-P028	II	Sequences of Functions	II/11--II/15	HIGH	28	Downloads/theory-of-analysis-FD.tex;MATH-ALLS-2/theory-of-analysis-FD.tex	EXERCISE_ITEM	source:theory-of-analysis; theme:fallback-to-volume-region	thematic section chosen only from broad volume fallback
SEM-9C4EF8ECA368	IMP-DL-E532B44856-P014	II	Sequences of Functions	II/11--II/15	HIGH	52	Downloads/theory-of-analysis-functions-II.tex;MATH-ALLS-2/theory-of-analysis-functions-II.tex	EXERCISE	source:theory-of-analysis,analysis-functions; theme:fallback-to-volume-region	thematic section chosen only from broad volume fallback
SEM-9E6A95322A7C	IMP-DL-316AE183C3-R004074-9E6A9532	II	Sequences of Functions	II/11--II/15	HIGH	48	Downloads/theory-of-analysis-functions.tex;MATH-ALLS-2/theory-of-analysis-functions.tex	EXAMPLE	source:theory-of-analysis,analysis-functions; theme:fallback-to-volume-region	thematic section chosen only from broad volume fallback
SEM-9EE9AECAC4C9	IMP-DL-117191C0EC-P055	II	Sequences of Functions	II/11--II/15	HIGH	28	Downloads/theory-of-analysis-topics.tex;MATH-ALLS-2/theory-of-analysis-topics.tex	PROBLEM	source:theory-of-analysis; theme:fallback-to-volume-region	thematic section chosen only from broad volume fallback
SEM-9F93ABAF8804	IMP-DL-316AE183C3-R004047-9F93ABAF	II	Sequences of Functions	II/11--II/15	HIGH	48	Downloads/theory-of-analysis-functions.tex;MATH-ALLS-2/theory-of-analysis-functions.tex	EXAMPLE	source:theory-of-analysis,analysis-functions; theme:fallback-to-volume-region	thematic section chosen only from broad volume fallback
SEM-A11204B1686C	IMP-DL-E532B44856-P022	II	Sequences of Functions	II/11--II/15	HIGH	42	Downloads/theory-of-analysis-functions-II.tex;MATH-ALLS-2/theory-of-analysis-functions-II.tex	WORKED_EXAMPLE	source:theory-of-analysis,analysis-functions; theme:fallback-to-volume-region	thematic section chosen only from broad volume fallback
SEM-A1819DC9707F	IMP-DL-316AE183C3-P006	II	Sequences of Functions	II/11--II/15	HIGH	52	Downloads/theory-of-analysis-functions.tex;MATH-ALLS-2/theory-of-analysis-functions.tex	WORKED_EXAMPLE	source:theory-of-analysis,analysis-functions; theme:fallback-to-volume-region	thematic section chosen only from broad volume fallback
SEM-A1897BD30D43	IMP-DL-2370D81D66-P051	II	Sequences of Functions	II/11--II/15	HIGH	28	Downloads/theory-of-analysis-FD.tex;MATH-ALLS-2/theory-of-analysis-FD.tex	EXERCISE_ITEM	source:theory-of-analysis; theme:fallback-to-volume-region	thematic section chosen only from broad volume fallback
SEM-A1E9C5FBBF9B	IMP-DL-15679DEE8D-P022	II	Sequences of Functions	II/11--II/15	HIGH	42	Downloads/theory-of-analysis - Copy.tex;Downloads/theory-of-analysis-numbers.tex;Downloads/theory-of-analysis.tex;MATH-ALLS-2/theory-of-analysis - Copy.tex;MATH-ALLS-2/theory-of-analysis-numbers.tex;MATH-ALLS-2/theory-of-analysis.tex	EXERCISE	source:theory-of-analysis; theme:fallback-to-volume-region	thematic section chosen only from broad volume fallback
SEM-A1E9CBFB356F	IMP-DL-2370D81D66-P011	II	Sequences of Functions	II/11--II/15	MEDIUM	4	Downloads/theory-of-analysis-FD.tex;MATH-ALLS-2/theory-of-analysis-FD.tex	EXERCISE	source:theory-of-analysis; theme:fallback-to-volume-region	thematic section chosen only from broad volume fallback
SEM-A299E5E1DB62	IMP-DL-183AD43C4C-PSR003586-A299E5E1	II	Sequences of Functions	II/11--II/15	HIGH	32	Downloads/theory-of-real-analysis.tex;MATH-ALLS-2/theory-of-real-analysis.tex	EXAMPLE	source:real-analysis; theme:fallback-to-volume-region	thematic section chosen only from broad volume fallback
SEM-A2A83F2E1B5E	IMP-DL-183AD43C4C-P026	II	Sequences of Functions	II/11--II/15	HIGH	32	Downloads/merged_exercises_FULL_v2 (1).tex;Downloads/theory-of-real-analysis.tex;MATH-ALLS-2/merged_exercises_FULL_v2 (1).tex;MATH-ALLS-2/theory-of-real-analysis.tex	EXERCISE	source:real-analysis; theme:fallback-to-volume-region	thematic section chosen only from broad volume fallback
SEM-A2D36DE93C6F	IMP-DL-316AE183C3-P055	II	Sequences of Functions	II/11--II/15	HIGH	45	Downloads/theory-of-analysis-functions.tex;MATH-ALLS-2/theory-of-analysis-functions.tex	EXERCISE_ITEM	source:theory-of-analysis,analysis-functions; theme:fallback-to-volume-region	thematic section chosen only from broad volume fallback
SEM-A3530BAA9105	IMP-DL-316AE183C3-P024	II	Sequences of Functions	II/11--II/15	HIGH	52	Downloads/theory-of-analysis-functions.tex;MATH-ALLS-2/theory-of-analysis-functions.tex	EXERCISE_ITEM	source:theory-of-analysis,analysis-functions; theme:fallback-to-volume-region	thematic section chosen only from broad volume fallback
SEM-A3F90D6D5714	IMP-DL-2370D81D66-R000113-A3F90D6D	II	Sequences of Functions	II/11--II/15	HIGH	18	Downloads/theory-of-analysis-FD.tex;MATH-ALLS-2/theory-of-analysis-FD.tex	EXERCISE	source:theory-of-analysis; theme:fallback-to-volume-region	thematic section chosen only from broad volume fallback
SEM-A586C3FA3B2B	IMP-DL-2370D81D66-P029	II	Sequences of Functions	II/11--II/15	HIGH	28	Downloads/theory-of-analysis-FD.tex;MATH-ALLS-2/theory-of-analysis-FD.tex	WORKED_EXAMPLE	source:theory-of-analysis; theme:fallback-to-volume-region	thematic section chosen only from broad volume fallback
SEM-A61611DB619A	IMP-DL-873C6F4098-P093	II	Sequences of Functions	II/11--II/15	HIGH	28	Downloads/theory-of-analysis-II.tex;MATH-ALLS-2/theory-of-analysis-II.tex	PROBLEM_ITEM	source:theory-of-analysis; theme:fallback-to-volume-region	thematic section chosen only from broad volume fallback
SEM-A75F3DE27955	IMP-DL-183AD43C4C-PSR003533-A75F3DE2	II	Sequences of Functions	II/11--II/15	HIGH	32	Downloads/theory-of-real-analysis.tex;MATH-ALLS-2/theory-of-real-analysis.tex	EXAMPLE	source:real-analysis; theme:fallback-to-volume-region	thematic section chosen only from broad volume fallback
SEM-A82B5A251392	IMP-DL-E69AEC0DA9-P020	II	Sequences of Functions	II/11--II/15	LOW	9	Downloads/merged_exercises_corrected (4).tex;MATH-ALLS-2/merged_exercises_corrected (4).tex	EXERCISE	text:uniform convergence; theme:uniform convergence	low volume-classification confidence
SEM-A845D9D4052F	IMP-DL-EAE0F59552-P005	II	Sequences of Functions	II/11--II/15	HIGH	52	Downloads/theory-of-analysis-topology.tex;MATH-ALLS-2/theory-of-analysis-topology.tex	PROBLEM_ITEM	source:theory-of-analysis,analysis-topology; theme:fallback-to-volume-region	thematic section chosen only from broad volume fallback
SEM-A8FD3D2ECD5D	IMP-DL-183AD43C4C-R001524-A8FD3D2E	II	Sequences of Functions	II/11--II/15	HIGH	32	Downloads/merged_exercises_FULL_v2 (1).tex;Downloads/theory-of-real-analysis.tex;MATH-ALLS-2/merged_exercises_FULL_v2 (1).tex;MATH-ALLS-2/theory-of-real-analysis.tex	EXERCISE	source:real-analysis; theme:fallback-to-volume-region	thematic section chosen only from broad volume fallback
SEM-A9BF610A31BD	IMP-DL-117191C0EC-P003	II	Sequences of Functions	II/11--II/15	HIGH	28	Downloads/theory-of-analysis-topics.tex;MATH-ALLS-2/theory-of-analysis-topics.tex	PROBLEM_ITEM	source:theory-of-analysis; theme:fallback-to-volume-region	thematic section chosen only from broad volume fallback
SEM-AAC9A3625808	IMP-DL-15679DEE8D-P011	II	Sequences of Functions	II/11--II/15	HIGH	34	Downloads/theory-of-analysis - Copy.tex;Downloads/theory-of-analysis-numbers.tex;Downloads/theory-of-analysis.tex;MATH-ALLS-2/theory-of-analysis - Copy.tex;MATH-ALLS-2/theory-of-analysis-numbers.tex;MATH-ALLS-2/theory-of-analysis.tex	PROBLEM	source:theory-of-analysis; theme:fallback-to-volume-region	thematic section chosen only from broad volume fallback
SEM-AED4DC85B8CB	IMP-DL-183AD43C4C-PSR003193-AED4DC85	II	Sequences of Functions	II/11--II/15	HIGH	32	Downloads/theory-of-real-analysis.tex;MATH-ALLS-2/theory-of-real-analysis.tex	EXAMPLE	source:real-analysis; theme:fallback-to-volume-region	thematic section chosen only from broad volume fallback
SEM-AF04236BB358	IMP-DL-2370D81D66-P035	II	Sequences of Functions	II/11--II/15	HIGH	28	Downloads/theory-of-analysis-FD.tex;MATH-ALLS-2/theory-of-analysis-FD.tex	WORKED_EXAMPLE	source:theory-of-analysis; theme:fallback-to-volume-region	thematic section chosen only from broad volume fallback
SEM-B0FD08F1281F	IMP-DL-316AE183C3-P029	II	Sequences of Functions	II/11--II/15	HIGH	42	Downloads/theory-of-analysis-functions.tex;MATH-ALLS-2/theory-of-analysis-functions.tex	EXERCISE_ITEM	source:theory-of-analysis,analysis-functions; theme:fallback-to-volume-region	thematic section chosen only from broad volume fallback
SEM-B1F4E100BD82	IMP-DL-316AE183C3-P042	II	Sequences of Functions	II/11--II/15	HIGH	38	Downloads/theory-of-analysis-functions.tex;MATH-ALLS-2/theory-of-analysis-functions.tex	EXERCISE_ITEM	source:theory-of-analysis,analysis-functions; theme:fallback-to-volume-region	thematic section chosen only from broad volume fallback
SEM-B2BDCA378FB7	IMP-DL-EAE0F59552-P002	II	Sequences of Functions	II/11--II/15	HIGH	57	Downloads/theory-of-analysis-topology.tex;MATH-ALLS-2/theory-of-analysis-topology.tex	PROBLEM	source:theory-of-analysis,analysis-topology; text:continuity; theme:fallback-to-volume-region	thematic section chosen only from broad volume fallback
SEM-B36FF5436553	IMP-DL-2370D81D66-P020	II	Sequences of Functions	II/11--II/15	HIGH	28	Downloads/theory-of-analysis-FD.tex;MATH-ALLS-2/theory-of-analysis-FD.tex	EXERCISE_ITEM	source:theory-of-analysis; theme:fallback-to-volume-region	thematic section chosen only from broad volume fallback
SEM-B39B2C4FE9DC	IMP-DL-11EDF39EA7-P037	II	Sequences of Functions	II/11--II/15	HIGH	28	Downloads/theory-of-analysis-FD2.tex;MATH-ALLS-2/theory-of-analysis-FD2.tex	EXERCISE_ITEM	source:theory-of-analysis; theme:fallback-to-volume-region	thematic section chosen only from broad volume fallback
SEM-B4A31E2774F3	IMP-DL-EAE0F59552-P013	II	Sequences of Functions	II/11--II/15	HIGH	52	Downloads/theory-of-analysis-topology.tex;MATH-ALLS-2/theory-of-analysis-topology.tex	PROBLEM	source:theory-of-analysis,analysis-topology; theme:fallback-to-volume-region	thematic section chosen only from broad volume fallback
SEM-B4AE5BB889E7	IMP-DL-2370D81D66-P071	II	Sequences of Functions	II/11--II/15	HIGH	11	Downloads/theory-of-analysis-FD.tex;MATH-ALLS-2/theory-of-analysis-FD.tex	PROOF_EXERCISE_CANDIDATE	source:theory-of-analysis; theme:fallback-to-volume-region	thematic section chosen only from broad volume fallback
SEM-B5A7FF76EF0F	IMP-DL-117191C0EC-P057	II	Sequences of Functions	II/11--II/15	HIGH	12	Downloads/theory-of-analysis-topics.tex;MATH-ALLS-2/theory-of-analysis-topics.tex	PROBLEM	source:theory-of-analysis; theme:fallback-to-volume-region	thematic section chosen only from broad volume fallback
SEM-B7BD064DD406	IMP-DL-11EDF39EA7-R003965-B7BD064D	II	Sequences of Functions	II/11--II/15	HIGH	8	Downloads/theory-of-analysis-FD2.tex;MATH-ALLS-2/theory-of-analysis-FD2.tex	EXERCISE	source:theory-of-analysis; theme:fallback-to-volume-region	thematic section chosen only from broad volume fallback
SEM-B8F6F008B511	IMP-DL-316AE183C3-P023	II	Sequences of Functions	II/11--II/15	HIGH	42	Downloads/theory-of-analysis-functions.tex;MATH-ALLS-2/theory-of-analysis-functions.tex	EXERCISE_ITEM	source:theory-of-analysis,analysis-functions; theme:fallback-to-volume-region	thematic section chosen only from broad volume fallback
SEM-B973C2202E64	IMP-DL-873C6F4098-P046	II	Sequences of Functions	II/11--II/15	HIGH	20	Downloads/theory-of-analysis-II.tex;MATH-ALLS-2/theory-of-analysis-II.tex	WORKED_EXAMPLE	source:theory-of-analysis; theme:fallback-to-volume-region	thematic section chosen only from broad volume fallback
SEM-BA623FB10084	IMP-DL-CB3C80FF97-P030	II	Metric and Topological Foundations	II/01--II/07	LOW	2	Downloads/theory-of-complex-analysis-topology.tex;MATH-ALLS-2/theory-of-complex-analysis-topology.tex	PROBLEM_ITEM	source:analysis-topology; text:compact; theme:compact	low volume-classification confidence
SEM-BB4FEAA88809	IMP-DL-183AD43C4C-R001342-BB4FEAA8	II	Sequences of Functions	II/11--II/15	HIGH	32	Downloads/merged_exercises_FULL_v2 (1).tex;Downloads/theory-of-real-analysis.tex;MATH-ALLS-2/merged_exercises_FULL_v2 (1).tex;MATH-ALLS-2/theory-of-real-analysis.tex	EXERCISE	source:real-analysis; theme:fallback-to-volume-region	thematic section chosen only from broad volume fallback
SEM-BCEEEDE8AA87	IMP-DL-873C6F4098-P045	II	Sequences of Functions	II/11--II/15	HIGH	28	Downloads/theory-of-analysis-II.tex;MATH-ALLS-2/theory-of-analysis-II.tex	PROBLEM_ITEM	source:theory-of-analysis; theme:fallback-to-volume-region	thematic section chosen only from broad volume fallback
SEM-BD50D96B39D2	IMP-DL-873C6F4098-P007	II	Sequences of Functions	II/11--II/15	HIGH	27	Downloads/theory-of-analysis-II.tex;MATH-ALLS-2/theory-of-analysis-II.tex	PROBLEM	source:theory-of-analysis; text:continuity; theme:fallback-to-volume-region	thematic section chosen only from broad volume fallback
SEM-BDE58D2506E4	IMP-DL-3CA1CB77F7-P034	II	Sequences of Functions	II/11--II/15	HIGH	20	Downloads/theory-of-analysis-numbers.tex;MATH-ALLS-2/theory-of-analysis-numbers.tex	EXAMPLE;WORKED_EXAMPLE	source:theory-of-analysis; theme:fallback-to-volume-region	thematic section chosen only from broad volume fallback
SEM-BE832A990E29	IMP-DL-E532B44856-R003161-BE832A99	II	Sequences of Functions	II/11--II/15	HIGH	44	Downloads/theory-of-analysis-functions-II.tex;MATH-ALLS-2/theory-of-analysis-functions-II.tex	EXERCISE	source:theory-of-analysis,analysis-functions; theme:fallback-to-volume-region	thematic section chosen only from broad volume fallback
SEM-BECBF7A68BD1	IMP-DL-117191C0EC-P049	II	Sequences of Functions	II/11--II/15	HIGH	28	Downloads/theory-of-analysis-topics.tex;MATH-ALLS-2/theory-of-analysis-topics.tex	WORKED_EXAMPLE	source:theory-of-analysis; theme:fallback-to-volume-region	thematic section chosen only from broad volume fallback
SEM-BF0BCC49C75C	IMP-DL-2370D81D66-P050	II	Sequences of Functions	II/11--II/15	HIGH	28	Downloads/theory-of-analysis-FD.tex;MATH-ALLS-2/theory-of-analysis-FD.tex	EXERCISE_ITEM	source:theory-of-analysis; theme:fallback-to-volume-region	thematic section chosen only from broad volume fallback
SEM-BF292D88930A	IMP-DL-316AE183C3-P052	II	Sequences of Functions	II/11--II/15	HIGH	52	Downloads/theory-of-analysis-functions.tex;MATH-ALLS-2/theory-of-analysis-functions.tex	EXERCISE	source:theory-of-analysis,analysis-functions; theme:fallback-to-volume-region	thematic section chosen only from broad volume fallback
SEM-BF2CB857B443	IMP-DL-316AE183C3-P060	II	Sequences of Functions	II/11--II/15	HIGH	52	Downloads/theory-of-analysis-functions.tex;MATH-ALLS-2/theory-of-analysis-functions.tex	EXERCISE_ITEM	source:theory-of-analysis,analysis-functions; theme:fallback-to-volume-region	thematic section chosen only from broad volume fallback
SEM-BF4DD9BA9D45	IMP-DL-316AE183C3-P078	II	Sequences of Functions	II/11--II/15	HIGH	43	Downloads/theory-of-analysis-functions.tex;MATH-ALLS-2/theory-of-analysis-functions.tex	EXERCISE_ITEM	source:theory-of-analysis,analysis-functions; text:continuity; theme:fallback-to-volume-region	thematic section chosen only from broad volume fallback
SEM-C05DC81580DF	IMP-DL-E532B44856-P030	II	Sequences of Functions	II/11--II/15	HIGH	28	Downloads/theory-of-analysis-functions-II.tex;MATH-ALLS-2/theory-of-analysis-functions-II.tex	EXERCISE	source:theory-of-analysis,analysis-functions; theme:fallback-to-volume-region	thematic section chosen only from broad volume fallback
SEM-C0EF349397D3	IMP-DL-117191C0EC-P036	II	Sequences of Functions	II/11--II/15	HIGH	28	Downloads/theory-of-analysis-topics.tex;MATH-ALLS-2/theory-of-analysis-topics.tex	PROBLEM_ITEM	source:theory-of-analysis; theme:fallback-to-volume-region	thematic section chosen only from broad volume fallback
SEM-C23413E1FD55	IMP-DL-316AE183C3-P061	II	Sequences of Functions	II/11--II/15	HIGH	38	Downloads/theory-of-analysis-functions.tex;MATH-ALLS-2/theory-of-analysis-functions.tex	EXERCISE	source:theory-of-analysis,analysis-functions; text:continuity; theme:fallback-to-volume-region	thematic section chosen only from broad volume fallback
SEM-C44FCBD10C48	IMP-DL-316AE183C3-P026	II	Sequences of Functions	II/11--II/15	HIGH	57	Downloads/theory-of-analysis-functions.tex;MATH-ALLS-2/theory-of-analysis-functions.tex	EXERCISE_ITEM	source:theory-of-analysis,analysis-functions; text:continuity; theme:fallback-to-volume-region	thematic section chosen only from broad volume fallback
SEM-C92C0F73506C	IMP-DL-873C6F4098-P100	II	Sequences of Functions	II/11--II/15	HIGH	43	Downloads/theory-of-analysis-II.tex;MATH-ALLS-2/theory-of-analysis-II.tex	PROBLEM	source:theory-of-analysis; text:continuity; theme:fallback-to-volume-region	thematic section chosen only from broad volume fallback
SEM-C94CC1904D8F	IMP-DL-873C6F4098-P039	II	Metric and Topological Foundations	II/01--II/07	LOW	2	Downloads/theory-of-analysis-II.tex;MATH-ALLS-2/theory-of-analysis-II.tex	PROBLEM	source:theory-of-analysis; text:open set,compact,derivative; theme:open set,compact	low volume-classification confidence
SEM-CA2160381A20	IMP-DL-2370D81D66-P038	II	Sequences of Functions	II/11--II/15	HIGH	20	Downloads/theory-of-analysis-FD.tex;MATH-ALLS-2/theory-of-analysis-FD.tex	EXERCISE_ITEM	source:theory-of-analysis; theme:fallback-to-volume-region	thematic section chosen only from broad volume fallback
SEM-CAB19A85F68D	IMP-DL-11EDF39EA7-P042	II	Sequences of Functions	II/11--II/15	HIGH	20	Downloads/theory-of-analysis-FD2.tex;MATH-ALLS-2/theory-of-analysis-FD2.tex	EXERCISE_ITEM	source:theory-of-analysis; theme:fallback-to-volume-region	thematic section chosen only from broad volume fallback
SEM-CCDA222AF600	IMP-DL-873C6F4098-P030	II	Sequences of Functions	II/11--II/15	HIGH	12	Downloads/theory-of-analysis-II.tex;MATH-ALLS-2/theory-of-analysis-II.tex	PROBLEM	source:theory-of-analysis; theme:fallback-to-volume-region	thematic section chosen only from broad volume fallback
SEM-CDC8169DDA69	IMP-DL-316AE183C3-P082	II	Sequences of Functions	II/11--II/15	HIGH	44	Downloads/theory-of-analysis-functions.tex;MATH-ALLS-2/theory-of-analysis-functions.tex	EXERCISE	source:theory-of-analysis,analysis-functions; theme:fallback-to-volume-region	thematic section chosen only from broad volume fallback
SEM-CE49E0A4D73B	IMP-DL-117191C0EC-P042	II	Sequences of Functions	II/11--II/15	HIGH	28	Downloads/theory-of-analysis-topics.tex;MATH-ALLS-2/theory-of-analysis-topics.tex	PROBLEM_ITEM	source:theory-of-analysis; theme:fallback-to-volume-region	thematic section chosen only from broad volume fallback
SEM-CEA78CE675AA	IMP-DL-E532B44856-P028	II	Sequences of Functions	II/11--II/15	HIGH	52	Downloads/theory-of-analysis-functions-II.tex;MATH-ALLS-2/theory-of-analysis-functions-II.tex	EXERCISE	source:theory-of-analysis,analysis-functions; theme:fallback-to-volume-region	thematic section chosen only from broad volume fallback
SEM-CEBFD9605354	IMP-DL-873C6F4098-P059	II	Sequences of Functions	II/11--II/15	HIGH	19	Downloads/theory-of-analysis-II.tex;MATH-ALLS-2/theory-of-analysis-II.tex	PROBLEM_ITEM	source:theory-of-analysis; theme:fallback-to-volume-region	thematic section chosen only from broad volume fallback
SEM-D0D0384359BD	IMP-DL-2370D81D66-P047	II	Sequences of Functions	II/11--II/15	HIGH	22	Downloads/theory-of-analysis-FD.tex;MATH-ALLS-2/theory-of-analysis-FD.tex	EXERCISE_ITEM	source:theory-of-analysis; theme:fallback-to-volume-region	thematic section chosen only from broad volume fallback
SEM-D100C35C6470	IMP-DL-873C6F4098-P052	II	Sequences of Functions	II/11--II/15	HIGH	19	Downloads/theory-of-analysis-II.tex;MATH-ALLS-2/theory-of-analysis-II.tex	PROBLEM_ITEM	source:theory-of-analysis; theme:fallback-to-volume-region	thematic section chosen only from broad volume fallback
SEM-D1227829D623	IMP-DL-3CA1CB77F7-P037	II	Sequences of Functions	II/11--II/15	HIGH	12	Downloads/theory-of-analysis-numbers.tex;MATH-ALLS-2/theory-of-analysis-numbers.tex	EXERCISE	source:theory-of-analysis; theme:fallback-to-volume-region	thematic section chosen only from broad volume fallback
SEM-D1D538CB0794	IMP-DL-2370D81D66-P064	II	Sequences of Functions	II/11--II/15	HIGH	28	Downloads/theory-of-analysis-FD.tex;MATH-ALLS-2/theory-of-analysis-FD.tex	EXERCISE_ITEM	source:theory-of-analysis; theme:fallback-to-volume-region	thematic section chosen only from broad volume fallback
SEM-D29C8B724F0F	IMP-DL-07D84009EA-P008	II	Sequences of Functions	II/11--II/15	HIGH	16	Downloads/merged_exercises (1).tex;Downloads/merged_exercises.tex;Downloads/merged_exercises_FULL_v2 (1).tex;Downloads/merged_exercises_FULL_v2.tex;Downloads/merged_exercises_corrected (1).tex;Downloads/merged_exercises_corrected (2).tex;Downloads/merged_exercises_corrected (3).tex;Downloads/merged_exercises_corrected (4).tex;Downloads/merged_exercises_corrected.tex;Downloads/theory-of-real-analysis.tex;MATH-ALLS-2/merged_exercises (1).tex;MATH-ALLS-2/merged_exercises.tex;MATH-ALLS-2/merged_exercises_FULL_v2 (1).tex;MATH-ALLS-2/merged_exercises_FULL_v2.tex;MATH-ALLS-2/merged_exercises_corrected (1).tex;MATH-ALLS-2/merged_exercises_corrected (2).tex;MATH-ALLS-2/merged_exercises_corrected (3).tex;MATH-ALLS-2/merged_exercises_corrected (4).tex;MATH-ALLS-2/merged_exercises_corrected.tex;MATH-ALLS-2/theory-of-real-analysis.tex	EXERCISE	source:real-analysis; theme:fallback-to-volume-region	thematic section chosen only from broad volume fallback
SEM-D54D844BD6C1	IMP-DL-3CA1CB77F7-P033	II	Sequences of Functions	II/11--II/15	HIGH	28	Downloads/theory-of-analysis-numbers.tex;MATH-ALLS-2/theory-of-analysis-numbers.tex	EXERCISE	source:theory-of-analysis; theme:fallback-to-volume-region	thematic section chosen only from broad volume fallback
SEM-D56B67A705F1	IMP-DL-183AD43C4C-R000862-D56B67A7	II	Sequences of Functions	II/11--II/15	HIGH	32	Downloads/merged_exercises_FULL_v2 (1).tex;Downloads/theory-of-real-analysis.tex;MATH-ALLS-2/merged_exercises_FULL_v2 (1).tex;MATH-ALLS-2/theory-of-real-analysis.tex	EXERCISE	source:real-analysis; theme:fallback-to-volume-region	thematic section chosen only from broad volume fallback
SEM-D65222445195	IMP-DL-316AE183C3-P073	II	Sequences of Functions	II/11--II/15	HIGH	52	Downloads/theory-of-analysis-functions.tex;MATH-ALLS-2/theory-of-analysis-functions.tex	EXERCISE_ITEM	source:theory-of-analysis,analysis-functions; theme:fallback-to-volume-region	thematic section chosen only from broad volume fallback
SEM-D86664DB3FCE	IMP-DL-EAE0F59552-PSR001803-D86664DB	II	Sequences of Functions	II/11--II/15	HIGH	44	Downloads/theory-of-analysis-topology.tex;MATH-ALLS-2/theory-of-analysis-topology.tex	PROBLEM	source:theory-of-analysis,analysis-topology; theme:fallback-to-volume-region	thematic section chosen only from broad volume fallback
SEM-D8D13E8975AB	IMP-DL-183AD43C4C-R001651-D8D13E89	II	Sequences of Functions	II/11--II/15	HIGH	25	Downloads/merged_exercises_FULL_v2 (1).tex;Downloads/theory-of-real-analysis.tex;MATH-ALLS-2/merged_exercises_FULL_v2 (1).tex;MATH-ALLS-2/theory-of-real-analysis.tex	EXERCISE	source:real-analysis; theme:fallback-to-volume-region	thematic section chosen only from broad volume fallback
SEM-D9C52BABD130	IMP-DL-873C6F4098-P036	II	Sequences of Functions	II/11--II/15	HIGH	28	Downloads/theory-of-analysis-II.tex;MATH-ALLS-2/theory-of-analysis-II.tex	PROBLEM_ITEM	source:theory-of-analysis; theme:fallback-to-volume-region	thematic section chosen only from broad volume fallback
SEM-DBA3EA59EAEA	IMP-DL-3CA1CB77F7-P038	II	Sequences of Functions	II/11--II/15	HIGH	12	Downloads/theory-of-analysis-numbers.tex;MATH-ALLS-2/theory-of-analysis-numbers.tex	EXERCISE	source:theory-of-analysis; theme:fallback-to-volume-region	thematic section chosen only from broad volume fallback
SEM-DBB609E826F7	IMP-DL-873C6F4098-P015	II	Sequences of Functions	II/11--II/15	HIGH	28	Downloads/theory-of-analysis-II.tex;MATH-ALLS-2/theory-of-analysis-II.tex	PROBLEM_ITEM	source:theory-of-analysis; theme:fallback-to-volume-region	thematic section chosen only from broad volume fallback
SEM-DD2E15AA1E00	IMP-DL-316AE183C3-P081	II	Sequences of Functions	II/11--II/15	HIGH	52	Downloads/theory-of-analysis-functions.tex;MATH-ALLS-2/theory-of-analysis-functions.tex	WORKED_EXAMPLE	source:theory-of-analysis,analysis-functions; theme:fallback-to-volume-region	thematic section chosen only from broad volume fallback
SEM-DE3379E56FDC	IMP-DL-2370D81D66-P036	II	Sequences of Functions	II/11--II/15	HIGH	28	Downloads/theory-of-analysis-FD.tex;MATH-ALLS-2/theory-of-analysis-FD.tex	WORKED_EXAMPLE	source:theory-of-analysis; theme:fallback-to-volume-region	thematic section chosen only from broad volume fallback
SEM-DE67368DA8E0	IMP-DL-316AE183C3-P047	II	Sequences of Functions	II/11--II/15	HIGH	52	Downloads/theory-of-analysis-functions.tex;MATH-ALLS-2/theory-of-analysis-functions.tex	EXERCISE_ITEM	source:theory-of-analysis,analysis-functions; theme:fallback-to-volume-region	thematic section chosen only from broad volume fallback
SEM-DE88199256AF	IMP-DL-2370D81D66-P053	II	Sequences of Functions	II/11--II/15	HIGH	28	Downloads/theory-of-analysis-FD.tex;MATH-ALLS-2/theory-of-analysis-FD.tex	EXERCISE_ITEM	source:theory-of-analysis; theme:fallback-to-volume-region	thematic section chosen only from broad volume fallback
SEM-DF9D16E2C508	IMP-DL-E532B44856-P016	II	Sequences of Functions	II/11--II/15	HIGH	52	Downloads/theory-of-analysis-functions-II.tex;MATH-ALLS-2/theory-of-analysis-functions-II.tex	EXERCISE	source:theory-of-analysis,analysis-functions; theme:fallback-to-volume-region	thematic section chosen only from broad volume fallback
SEM-E1268B59BEE8	IMP-DL-2370D81D66-P026	II	Sequences of Functions	II/11--II/15	HIGH	28	Downloads/theory-of-analysis-FD.tex;MATH-ALLS-2/theory-of-analysis-FD.tex	EXERCISE_ITEM	source:theory-of-analysis; theme:fallback-to-volume-region	thematic section chosen only from broad volume fallback
SEM-E13CA8F0F932	IMP-DL-183AD43C4C-PSR003209-E13CA8F0	II	Sequences of Functions	II/11--II/15	HIGH	32	Downloads/theory-of-real-analysis.tex;MATH-ALLS-2/theory-of-real-analysis.tex	EXAMPLE	source:real-analysis; theme:fallback-to-volume-region	thematic section chosen only from broad volume fallback
SEM-E16FE9117217	IMP-DL-07D84009EA-P009	II	Sequences of Functions	II/11--II/15	HIGH	23	Downloads/merged_exercises_FULL_v2 (1).tex;Downloads/merged_exercises_FULL_v2.tex;Downloads/merged_exercises_corrected (1).tex;Downloads/merged_exercises_corrected (2).tex;Downloads/merged_exercises_corrected (3).tex;Downloads/merged_exercises_corrected (4).tex;Downloads/merged_exercises_corrected.tex;Downloads/theory-of-real-analysis.tex;MATH-ALLS-2/merged_exercises_FULL_v2 (1).tex;MATH-ALLS-2/merged_exercises_FULL_v2.tex;MATH-ALLS-2/merged_exercises_corrected (1).tex;MATH-ALLS-2/merged_exercises_corrected (2).tex;MATH-ALLS-2/merged_exercises_corrected (3).tex;MATH-ALLS-2/merged_exercises_corrected (4).tex;MATH-ALLS-2/merged_exercises_corrected.tex;MATH-ALLS-2/theory-of-real-analysis.tex	EXERCISE	source:real-analysis; theme:fallback-to-volume-region	thematic section chosen only from broad volume fallback
SEM-E2F2F9B214A3	IMP-DL-117191C0EC-P060	II	Sequences of Functions	II/11--II/15	HIGH	28	Downloads/theory-of-analysis-topics.tex;MATH-ALLS-2/theory-of-analysis-topics.tex	PROBLEM	source:theory-of-analysis; theme:fallback-to-volume-region	thematic section chosen only from broad volume fallback
SEM-E3CA0D68C51D	IMP-DL-873C6F4098-P060	II	Sequences of Functions	II/11--II/15	HIGH	22	Downloads/theory-of-analysis-II.tex;MATH-ALLS-2/theory-of-analysis-II.tex	PROBLEM_ITEM	source:theory-of-analysis; theme:fallback-to-volume-region	thematic section chosen only from broad volume fallback
SEM-E4493D18C9E9	IMP-DL-E532B44856-P021	II	Sequences of Functions	II/11--II/15	HIGH	44	Downloads/theory-of-analysis-functions-II.tex;MATH-ALLS-2/theory-of-analysis-functions-II.tex	WORKED_EXAMPLE	source:theory-of-analysis,analysis-functions; theme:fallback-to-volume-region	thematic section chosen only from broad volume fallback
SEM-E565875700F7	IMP-DL-11EDF39EA7-P036	II	Sequences of Functions	II/11--II/15	HIGH	28	Downloads/theory-of-analysis-FD2.tex;MATH-ALLS-2/theory-of-analysis-FD2.tex	EXERCISE_ITEM	source:theory-of-analysis; theme:fallback-to-volume-region	thematic section chosen only from broad volume fallback
SEM-E6091540495F	IMP-DL-183AD43C4C-R001421-E6091540	II	Sequences of Functions	II/11--II/15	HIGH	32	Downloads/merged_exercises_FULL_v2 (1).tex;Downloads/theory-of-real-analysis.tex;MATH-ALLS-2/merged_exercises_FULL_v2 (1).tex;MATH-ALLS-2/theory-of-real-analysis.tex	EXERCISE	source:real-analysis; theme:fallback-to-volume-region	thematic section chosen only from broad volume fallback
SEM-E7DB17CC614E	IMP-DL-316AE183C3-P022	II	Sequences of Functions	II/11--II/15	HIGH	52	Downloads/theory-of-analysis-functions.tex;MATH-ALLS-2/theory-of-analysis-functions.tex	EXERCISE_ITEM	source:theory-of-analysis,analysis-functions; theme:fallback-to-volume-region	thematic section chosen only from broad volume fallback
SEM-E9259FFF2842	IMP-DL-3CA1CB77F7-P041	II	Sequences of Functions	II/11--II/15	HIGH	28	Downloads/theory-of-analysis-numbers.tex;MATH-ALLS-2/theory-of-analysis-numbers.tex	EXAMPLE;WORKED_EXAMPLE	source:theory-of-analysis; theme:fallback-to-volume-region	thematic section chosen only from broad volume fallback
SEM-E98B0ADD862E	IMP-DL-873C6F4098-P033	II	Sequences of Functions	II/11--II/15	HIGH	33	Downloads/theory-of-analysis-II.tex;MATH-ALLS-2/theory-of-analysis-II.tex	PROBLEM_ITEM	source:theory-of-analysis; text:continuity; theme:fallback-to-volume-region	thematic section chosen only from broad volume fallback
SEM-E9CA6D6BD3B4	IMP-DL-E532B44856-P020	II	Sequences of Functions	II/11--II/15	HIGH	52	Downloads/theory-of-analysis-functions-II.tex;MATH-ALLS-2/theory-of-analysis-functions-II.tex	WORKED_EXAMPLE	source:theory-of-analysis,analysis-functions; theme:fallback-to-volume-region	thematic section chosen only from broad volume fallback
SEM-EAB551412316	IMP-DL-183AD43C4C-P015	II	Sequences of Functions	II/11--II/15	HIGH	24	Downloads/merged_exercises_FULL_v2 (1).tex;Downloads/merged_exercises_corrected (4).tex;Downloads/theory-of-real-analysis.tex;MATH-ALLS-2/merged_exercises_FULL_v2 (1).tex;MATH-ALLS-2/merged_exercises_corrected (4).tex;MATH-ALLS-2/theory-of-real-analysis.tex	EXERCISE	source:real-analysis; theme:fallback-to-volume-region	thematic section chosen only from broad volume fallback
SEM-EB43B8DCF08A	IMP-DL-183AD43C4C-R001946-EB43B8DC	II	Sequences of Functions	II/11--II/15	HIGH	32	Downloads/merged_exercises_FULL_v2 (1).tex;Downloads/theory-of-real-analysis.tex;MATH-ALLS-2/merged_exercises_FULL_v2 (1).tex;MATH-ALLS-2/theory-of-real-analysis.tex	EXERCISE	source:real-analysis; theme:fallback-to-volume-region	thematic section chosen only from broad volume fallback
SEM-EC31EEDE57CE	IMP-DL-117191C0EC-P018	II	Sequences of Functions	II/11--II/15	HIGH	28	Downloads/theory-of-analysis-topics.tex;MATH-ALLS-2/theory-of-analysis-topics.tex	PROBLEM	source:theory-of-analysis; theme:fallback-to-volume-region	thematic section chosen only from broad volume fallback
SEM-ECD407E12D75	IMP-DL-2370D81D66-P048	II	Sequences of Functions	II/11--II/15	HIGH	28	Downloads/theory-of-analysis-FD.tex;MATH-ALLS-2/theory-of-analysis-FD.tex	EXERCISE_ITEM	source:theory-of-analysis; theme:fallback-to-volume-region	thematic section chosen only from broad volume fallback
SEM-ECD9282EABD2	IMP-DL-316AE183C3-P033	II	Sequences of Functions	II/11--II/15	LOW	1	Downloads/theory-of-analysis-functions.tex;MATH-ALLS-2/theory-of-analysis-functions.tex	EXERCISE_ITEM	source:theory-of-analysis,analysis-functions; theme:fallback-to-volume-region	low volume-classification confidence; thematic section chosen only from broad volume fallback
SEM-EDE04C12E343	IMP-DL-316AE183C3-P016	II	Sequences of Functions	II/11--II/15	HIGH	52	Downloads/theory-of-analysis-functions.tex;MATH-ALLS-2/theory-of-analysis-functions.tex	EXERCISE_ITEM	source:theory-of-analysis,analysis-functions; theme:fallback-to-volume-region	thematic section chosen only from broad volume fallback
SEM-EDE0D29B35DF	IMP-DL-3CA1CB77F7-P049	II	Sequences of Functions	II/11--II/15	HIGH	34	Downloads/theory-of-analysis-numbers.tex;MATH-ALLS-2/theory-of-analysis-numbers.tex	EXERCISE	source:theory-of-analysis; text:real number; theme:fallback-to-volume-region	thematic section chosen only from broad volume fallback
SEM-EF5609E444BE	IMP-DL-11EDF39EA7-P023	II	Sequences of Functions	II/11--II/15	LOW	3	Downloads/theory-of-analysis-FD2.tex;MATH-ALLS-2/theory-of-analysis-FD2.tex	EXERCISE	source:theory-of-analysis; text:continuity; theme:fallback-to-volume-region	low volume-classification confidence; thematic section chosen only from broad volume fallback
SEM-F12A37DCDD55	IMP-DL-183AD43C4C-P024	II	Sequences of Functions	II/11--II/15	HIGH	32	Downloads/merged_exercises_FULL_v2 (1).tex;Downloads/theory-of-real-analysis.tex;MATH-ALLS-2/merged_exercises_FULL_v2 (1).tex;MATH-ALLS-2/theory-of-real-analysis.tex	EXERCISE	source:real-analysis; theme:fallback-to-volume-region	thematic section chosen only from broad volume fallback
SEM-F374DE5E563F	IMP-DL-873C6F4098-P024	II	Sequences of Functions	II/11--II/15	HIGH	28	Downloads/theory-of-analysis-II.tex;MATH-ALLS-2/theory-of-analysis-II.tex	PROBLEM_ITEM	source:theory-of-analysis; theme:fallback-to-volume-region	thematic section chosen only from broad volume fallback
SEM-F6236989D19A	IMP-DL-3CA1CB77F7-P042	II	Sequences of Functions	II/11--II/15	HIGH	12	Downloads/theory-of-analysis-numbers.tex;MATH-ALLS-2/theory-of-analysis-numbers.tex	EXERCISE	source:theory-of-analysis; theme:fallback-to-volume-region	thematic section chosen only from broad volume fallback
SEM-F8F9AFAFC465	IMP-DL-2370D81D66-P056	II	Sequences of Functions	II/11--II/15	HIGH	22	Downloads/theory-of-analysis-FD.tex;MATH-ALLS-2/theory-of-analysis-FD.tex	EXERCISE_ITEM	source:theory-of-analysis; theme:fallback-to-volume-region	thematic section chosen only from broad volume fallback
SEM-F8FFAE269366	IMP-DL-316AE183C3-P032	II	Sequences of Functions	II/11--II/15	HIGH	57	Downloads/theory-of-analysis-functions.tex;MATH-ALLS-2/theory-of-analysis-functions.tex	EXERCISE_ITEM	source:theory-of-analysis,analysis-functions; text:continuity; theme:fallback-to-volume-region	thematic section chosen only from broad volume fallback
SEM-F9DBD71655AD	IMP-DL-873C6F4098-P021	II	Sequences of Functions	II/11--II/15	HIGH	33	Downloads/theory-of-analysis-II.tex;MATH-ALLS-2/theory-of-analysis-II.tex	PROBLEM	source:theory-of-analysis; text:continuity; theme:fallback-to-volume-region	thematic section chosen only from broad volume fallback
SEM-FA4DE2337411	IMP-DL-873C6F4098-P065	II	Sequences of Functions	II/11--II/15	MEDIUM	4	Downloads/theory-of-analysis-II.tex;MATH-ALLS-2/theory-of-analysis-II.tex	PROBLEM	source:theory-of-analysis; theme:fallback-to-volume-region	thematic section chosen only from broad volume fallback
SEM-FC9F70CC882A	IMP-DL-316AE183C3-P004	II	Sequences of Functions	II/11--II/15	HIGH	52	Downloads/theory-of-analysis-functions.tex;MATH-ALLS-2/theory-of-analysis-functions.tex	WORKED_EXAMPLE	source:theory-of-analysis,analysis-functions; theme:fallback-to-volume-region	thematic section chosen only from broad volume fallback
SEM-FE3FC0F26533	IMP-DL-183AD43C4C-R000676-FE3FC0F2	II	Sequences of Functions	II/11--II/15	HIGH	24	Downloads/merged_exercises_FULL_v2 (1).tex;Downloads/theory-of-real-analysis.tex;MATH-ALLS-2/merged_exercises_FULL_v2 (1).tex;MATH-ALLS-2/theory-of-real-analysis.tex	EXERCISE	source:real-analysis; theme:fallback-to-volume-region	thematic section chosen only from broad volume fallback
SEM-0C538BDE557E	IMP-DL-3CA1CB77F7-P036	III	Measure and Integration	III/01--III/08	LOW	2	Downloads/theory-of-analysis-numbers.tex;MATH-ALLS-2/theory-of-analysis-numbers.tex	EXAMPLE;WORKED_EXAMPLE	text:measure,lebesgue,holder; theme:measure,lebesgue,holder	low volume-classification confidence
SEM-58B060B7C41E	IMP-DL-C78B44C750-P006	III	Sobolev and PDE Methods	III/20--III/28	LOW	8	Downloads/wiki-green.tex;MATH-ALLS-2/wiki-green.tex	WORKED_EXAMPLE	text:fundamental solution; theme:fundamental solution	low volume-classification confidence
SEM-5AC64B5D277C	IMP-DL-11EDF39EA7-P016	III	Fourier Analysis	III/09--III/14	LOW	2	Downloads/theory-of-analysis-FD2.tex;MATH-ALLS-2/theory-of-analysis-FD2.tex	WORKED_EXAMPLE	text:fourier; theme:fourier transform	low volume-classification confidence
SEM-C8FDC13CBB41	IMP-DL-11EDF39EA7-P010	III	Fourier Analysis	III/09--III/14	LOW	1	Downloads/theory-of-analysis-FD2.tex;MATH-ALLS-2/theory-of-analysis-FD2.tex	EXERCISE	text:fourier,schwartz; theme:fourier transform,schwartz	low volume-classification confidence
SEM-02C42CEC8A83	IMP-DL-CB3C80FF97-P027	IV	Special Functions	IV/19--IV/21	HIGH	12	Downloads/theory-of-complex-analysis-topology.tex;MATH-ALLS-2/theory-of-complex-analysis-topology.tex	WORKED_EXAMPLE	source:complex-analysis; theme:fallback-to-volume-region	thematic section chosen only from broad volume fallback
SEM-02FA0EAC3504	IMP-DL-336732908A-P008	IV	Special Functions	IV/19--IV/21	HIGH	36	Downloads/theory-of-complex-analysis-next.tex;MATH-ALLS-2/theory-of-complex-analysis-next.tex	WORKED_EXAMPLE	source:complex-analysis; theme:fallback-to-volume-region	thematic section chosen only from broad volume fallback
SEM-03E5A15B17E7	IMP-DL-336732908A-P003	IV	Special Functions	IV/19--IV/21	HIGH	36	Downloads/theory-of-complex-analysis-next.tex;MATH-ALLS-2/theory-of-complex-analysis-next.tex	WORKED_EXAMPLE	source:complex-analysis; theme:fallback-to-volume-region	thematic section chosen only from broad volume fallback
SEM-053E9E0FFCAA	IMP-DL-F77C60E8D1-P007	IV	Special Functions	IV/19--IV/21	HIGH	36	Downloads/theory-of-complex-analysis-next2.tex;MATH-ALLS-2/theory-of-complex-analysis-next2.tex	PROBLEM_ITEM	source:complex-analysis; theme:fallback-to-volume-region	thematic section chosen only from broad volume fallback
SEM-0CFB4B0EBD19	IMP-DL-AD9EFCAF62-P020	IV	Special Functions	IV/19--IV/21	HIGH	36	Downloads/theory-of-complex-analysis-2.tex;MATH-ALLS-2/theory-of-complex-analysis-2.tex	PROBLEM	source:complex-analysis; theme:fallback-to-volume-region	thematic section chosen only from broad volume fallback
SEM-0D8B237E846A	IMP-DL-CB3C80FF97-P024	IV	Special Functions	IV/19--IV/21	HIGH	12	Downloads/theory-of-complex-analysis-topology.tex;MATH-ALLS-2/theory-of-complex-analysis-topology.tex	PROBLEM_ITEM	source:complex-analysis; theme:fallback-to-volume-region	thematic section chosen only from broad volume fallback
SEM-0F4A0C3C3614	IMP-DL-0A181AC273-P008	IV	Special Functions	IV/19--IV/21	HIGH	17	Downloads/theory-of-complex-analysis.tex;MATH-ALLS-2/theory-of-complex-analysis.tex	EXERCISE_ITEM	source:complex-analysis; theme:fallback-to-volume-region	thematic section chosen only from broad volume fallback
SEM-1943F7F33D26	IMP-DL-CB3C80FF97-P021	IV	Special Functions	IV/19--IV/21	HIGH	12	Downloads/theory-of-complex-analysis-topology.tex;MATH-ALLS-2/theory-of-complex-analysis-topology.tex	PROBLEM_ITEM	source:complex-analysis; theme:fallback-to-volume-region	thematic section chosen only from broad volume fallback
SEM-20461B9274F9	IMP-DL-F77C60E8D1-P006	IV	Special Functions	IV/19--IV/21	HIGH	28	Downloads/theory-of-complex-analysis-next2.tex;MATH-ALLS-2/theory-of-complex-analysis-next2.tex	PROBLEM_ITEM	source:complex-analysis; theme:fallback-to-volume-region	thematic section chosen only from broad volume fallback
SEM-2310F4A20DF6	IMP-DL-F77C60E8D1-P004	IV	Special Functions	IV/19--IV/21	HIGH	28	Downloads/theory-of-complex-analysis-next2.tex;MATH-ALLS-2/theory-of-complex-analysis-next2.tex	WORKED_EXAMPLE	source:complex-analysis; theme:fallback-to-volume-region	thematic section chosen only from broad volume fallback
SEM-30DCB2E08175	IMP-DL-CB3C80FF97-P010	IV	Special Functions	IV/19--IV/21	HIGH	12	Downloads/theory-of-complex-analysis-topology.tex;MATH-ALLS-2/theory-of-complex-analysis-topology.tex	PROBLEM_ITEM	source:complex-analysis; theme:fallback-to-volume-region	thematic section chosen only from broad volume fallback
SEM-3419CCCE9E35	IMP-DL-CB3C80FF97-P004	IV	Special Functions	IV/19--IV/21	LOW	3	Downloads/theory-of-complex-analysis-topology.tex;MATH-ALLS-2/theory-of-complex-analysis-topology.tex	PROBLEM	source:complex-analysis; theme:fallback-to-volume-region	low volume-classification confidence; thematic section chosen only from broad volume fallback
SEM-3697CF1E41E7	IMP-DL-CB3C80FF97-P011	IV	Special Functions	IV/19--IV/21	HIGH	12	Downloads/theory-of-complex-analysis-topology.tex;MATH-ALLS-2/theory-of-complex-analysis-topology.tex	PROBLEM_ITEM	source:complex-analysis; theme:fallback-to-volume-region	thematic section chosen only from broad volume fallback
SEM-390719F48779	IMP-DL-CB3C80FF97-P026	IV	Special Functions	IV/19--IV/21	LOW	3	Downloads/theory-of-complex-analysis-topology.tex;MATH-ALLS-2/theory-of-complex-analysis-topology.tex	WORKED_EXAMPLE	source:complex-analysis; theme:fallback-to-volume-region	low volume-classification confidence; thematic section chosen only from broad volume fallback
SEM-3913DE66EC99	IMP-DL-CB3C80FF97-P033	IV	Special Functions	IV/19--IV/21	HIGH	12	Downloads/theory-of-complex-analysis-topology.tex;MATH-ALLS-2/theory-of-complex-analysis-topology.tex	PROBLEM_ITEM	source:complex-analysis; theme:fallback-to-volume-region	thematic section chosen only from broad volume fallback
SEM-3B41BC30D6F9	IMP-DL-887B7B83F4-P007	IV	Holomorphic Functions	IV/01--IV/06	LOW	3	Downloads/sheaves_notes_reorganized.tex	WORKED_EXAMPLE	text:holomorphic; theme:holomorphic	low volume-classification confidence
SEM-43B443B514D2	IMP-DL-0A181AC273-P033	IV	Special Functions	IV/19--IV/21	HIGH	54	Downloads/theory-of-complex-analysis-2.tex;Downloads/theory-of-complex-analysis.tex;MATH-ALLS-2/theory-of-complex-analysis-2.tex;MATH-ALLS-2/theory-of-complex-analysis.tex	PROBLEM_ITEM	source:complex-analysis; theme:fallback-to-volume-region	thematic section chosen only from broad volume fallback
SEM-449740892CD2	IMP-DL-CB3C80FF97-P015	IV	Special Functions	IV/19--IV/21	HIGH	12	Downloads/theory-of-complex-analysis-topology.tex;MATH-ALLS-2/theory-of-complex-analysis-topology.tex	PROBLEM_ITEM	source:complex-analysis; theme:fallback-to-volume-region	thematic section chosen only from broad volume fallback
SEM-46B5B93BE388	IMP-DL-CB3C80FF97-P020	IV	Special Functions	IV/19--IV/21	HIGH	12	Downloads/theory-of-complex-analysis-topology.tex;MATH-ALLS-2/theory-of-complex-analysis-topology.tex	PROBLEM_ITEM	source:complex-analysis; theme:fallback-to-volume-region	thematic section chosen only from broad volume fallback
SEM-4B7C15D83FAC	IMP-DL-CB3C80FF97-P023	IV	Special Functions	IV/19--IV/21	HIGH	8	Downloads/theory-of-complex-analysis-topology.tex;MATH-ALLS-2/theory-of-complex-analysis-topology.tex	WORKED_EXAMPLE	source:complex-analysis; theme:fallback-to-volume-region	thematic section chosen only from broad volume fallback
SEM-4E51DAB0CB20	IMP-DL-0E1AFE9FFD-P002	IV	Special Functions	IV/19--IV/21	HIGH	46	Downloads/theory-of-complex-analysis-all-maps-all.tex;Downloads/theory-of-complex-analysis-all-maps-all2.tex;Downloads/theory-of-complex-analysis-all-maps.tex;Downloads/theory-of-complex-analysis-all.tex;MATH-ALLS-2/theory-of-complex-analysis-all-maps-all.tex;MATH-ALLS-2/theory-of-complex-analysis-all-maps-all2.tex;MATH-ALLS-2/theory-of-complex-analysis-all-maps.tex;MATH-ALLS-2/theory-of-complex-analysis-all.tex	PROBLEM	source:complex-analysis; theme:fallback-to-volume-region	thematic section chosen only from broad volume fallback
SEM-4F524E9BAF01	IMP-DL-336732908A-P009	IV	Special Functions	IV/19--IV/21	HIGH	20	Downloads/theory-of-complex-analysis-next.tex;MATH-ALLS-2/theory-of-complex-analysis-next.tex	WORKED_EXAMPLE	source:complex-analysis; theme:fallback-to-volume-region	thematic section chosen only from broad volume fallback
SEM-50A9514DBF0B	IMP-DL-A99C7658F3-PSR002860-50A9514D	IV	Holomorphic Functions	IV/01--IV/06	LOW	3	Downloads/theory-of-algebraic-geometry-2.tex	EXAMPLE	text:holomorphic,residue; theme:holomorphic	low volume-classification confidence
SEM-59D4F972D519	IMP-DL-CB3C80FF97-P018	IV	Special Functions	IV/19--IV/21	HIGH	12	Downloads/theory-of-complex-analysis-topology.tex;MATH-ALLS-2/theory-of-complex-analysis-topology.tex	PROBLEM_ITEM	source:complex-analysis; theme:fallback-to-volume-region	thematic section chosen only from broad volume fallback
SEM-65029011F0B3	IMP-DL-0A181AC273-P005	IV	Special Functions	IV/19--IV/21	HIGH	21	Downloads/theory-of-complex-analysis.tex;MATH-ALLS-2/theory-of-complex-analysis.tex	EXERCISE_ITEM	source:complex-analysis; theme:fallback-to-volume-region	thematic section chosen only from broad volume fallback
SEM-6688D3E961DD	IMP-DL-0A181AC273-P002	IV	Special Functions	IV/19--IV/21	HIGH	21	Downloads/theory-of-complex-analysis.tex;MATH-ALLS-2/theory-of-complex-analysis.tex	EXERCISE_ITEM	source:complex-analysis; theme:fallback-to-volume-region	thematic section chosen only from broad volume fallback
SEM-669470C3CE88	IMP-DL-CB3C80FF97-P013	IV	Special Functions	IV/19--IV/21	HIGH	12	Downloads/theory-of-complex-analysis-topology.tex;MATH-ALLS-2/theory-of-complex-analysis-topology.tex	PROBLEM_ITEM	source:complex-analysis; theme:fallback-to-volume-region	thematic section chosen only from broad volume fallback
SEM-6865FF23EE6E	IMP-DL-CB3C80FF97-P019	IV	Special Functions	IV/19--IV/21	HIGH	12	Downloads/theory-of-complex-analysis-topology.tex;MATH-ALLS-2/theory-of-complex-analysis-topology.tex	PROBLEM_ITEM	source:complex-analysis; theme:fallback-to-volume-region	thematic section chosen only from broad volume fallback
SEM-68F12A044976	IMP-DL-CB3C80FF97-P041	IV	Special Functions	IV/19--IV/21	HIGH	8	Downloads/theory-of-complex-analysis-topology.tex;MATH-ALLS-2/theory-of-complex-analysis-topology.tex	PROBLEM_ITEM	source:complex-analysis; theme:fallback-to-volume-region	thematic section chosen only from broad volume fallback
SEM-7021774F0230	IMP-DL-CB3C80FF97-P035	IV	Special Functions	IV/19--IV/21	HIGH	12	Downloads/theory-of-complex-analysis-topology.tex;MATH-ALLS-2/theory-of-complex-analysis-topology.tex	PROBLEM_ITEM	source:complex-analysis; theme:fallback-to-volume-region	thematic section chosen only from broad volume fallback
SEM-75768A3FE667	IMP-DL-CB3C80FF97-P025	IV	Special Functions	IV/19--IV/21	HIGH	12	Downloads/theory-of-complex-analysis-topology.tex;MATH-ALLS-2/theory-of-complex-analysis-topology.tex	PROBLEM_ITEM	source:complex-analysis; theme:fallback-to-volume-region	thematic section chosen only from broad volume fallback
SEM-77E754ACFDA4	IMP-DL-CB3C80FF97-P032	IV	Special Functions	IV/19--IV/21	MEDIUM	4	Downloads/theory-of-complex-analysis-topology.tex;MATH-ALLS-2/theory-of-complex-analysis-topology.tex	PROBLEM_ITEM	source:complex-analysis; theme:fallback-to-volume-region	thematic section chosen only from broad volume fallback
SEM-797433B3E740	IMP-DL-336732908A-P004	IV	Special Functions	IV/19--IV/21	HIGH	36	Downloads/theory-of-complex-analysis-next.tex;MATH-ALLS-2/theory-of-complex-analysis-next.tex	WORKED_EXAMPLE	source:complex-analysis; theme:fallback-to-volume-region	thematic section chosen only from broad volume fallback
SEM-807910B08EEE	IMP-DL-CB3C80FF97-P017	IV	Special Functions	IV/19--IV/21	HIGH	12	Downloads/theory-of-complex-analysis-topology.tex;MATH-ALLS-2/theory-of-complex-analysis-topology.tex	PROBLEM_ITEM	source:complex-analysis; theme:fallback-to-volume-region	thematic section chosen only from broad volume fallback
SEM-845032C78371	IMP-DL-CB3C80FF97-P031	IV	Special Functions	IV/19--IV/21	HIGH	12	Downloads/theory-of-complex-analysis-topology.tex;MATH-ALLS-2/theory-of-complex-analysis-topology.tex	PROBLEM_ITEM	source:complex-analysis; theme:fallback-to-volume-region	thematic section chosen only from broad volume fallback
SEM-874F24B53ED1	IMP-DL-0A181AC273-P021	IV	Special Functions	IV/19--IV/21	HIGH	36	Downloads/theory-of-complex-analysis.tex;MATH-ALLS-2/theory-of-complex-analysis.tex	PROBLEM	source:complex-analysis; theme:fallback-to-volume-region	thematic section chosen only from broad volume fallback
SEM-8B71279FAF45	IMP-DL-CB3C80FF97-P039	IV	Special Functions	IV/19--IV/21	HIGH	12	Downloads/theory-of-complex-analysis-topology.tex;MATH-ALLS-2/theory-of-complex-analysis-topology.tex	PROBLEM_ITEM	source:complex-analysis; theme:fallback-to-volume-region	thematic section chosen only from broad volume fallback
SEM-9161BDADE535	IMP-DL-0A181AC273-P015	IV	Special Functions	IV/19--IV/21	HIGH	30	Downloads/theory-of-complex-analysis.tex;MATH-ALLS-2/theory-of-complex-analysis.tex	PROBLEM	source:complex-analysis; theme:fallback-to-volume-region	thematic section chosen only from broad volume fallback
SEM-98382F802054	IMP-DL-0A181AC273-P007	IV	Special Functions	IV/19--IV/21	HIGH	28	Downloads/theory-of-complex-analysis.tex;MATH-ALLS-2/theory-of-complex-analysis.tex	EXERCISE_ITEM	source:complex-analysis; theme:fallback-to-volume-region	thematic section chosen only from broad volume fallback
SEM-9AA3DC84B0CA	IMP-DL-0E1529C1F4-P001	IV	Special Functions	IV/19--IV/21	HIGH	36	Downloads/theory-of-complex-analysis-maps.tex;MATH-ALLS-2/theory-of-complex-analysis-maps.tex	WORKED_EXAMPLE	source:complex-analysis; theme:fallback-to-volume-region	thematic section chosen only from broad volume fallback
SEM-9D30659A53CE	IMP-DL-CB3C80FF97-P012	IV	Special Functions	IV/19--IV/21	HIGH	12	Downloads/theory-of-complex-analysis-topology.tex;MATH-ALLS-2/theory-of-complex-analysis-topology.tex	PROBLEM_ITEM	source:complex-analysis; theme:fallback-to-volume-region	thematic section chosen only from broad volume fallback
SEM-9F2F21FEAC68	IMP-DL-CB3C80FF97-P009	IV	Special Functions	IV/19--IV/21	HIGH	12	Downloads/theory-of-complex-analysis-topology.tex;MATH-ALLS-2/theory-of-complex-analysis-topology.tex	PROBLEM_ITEM	source:complex-analysis; theme:fallback-to-volume-region	thematic section chosen only from broad volume fallback
SEM-9F61202E0504	IMP-DL-CB3C80FF97-P029	IV	Special Functions	IV/19--IV/21	HIGH	12	Downloads/theory-of-complex-analysis-topology.tex;MATH-ALLS-2/theory-of-complex-analysis-topology.tex	PROBLEM_ITEM	source:complex-analysis; theme:fallback-to-volume-region	thematic section chosen only from broad volume fallback
SEM-A23804F2E410	IMP-DL-336732908A-P005	IV	Special Functions	IV/19--IV/21	HIGH	28	Downloads/theory-of-complex-analysis-next.tex;MATH-ALLS-2/theory-of-complex-analysis-next.tex	WORKED_EXAMPLE	source:complex-analysis; theme:fallback-to-volume-region	thematic section chosen only from broad volume fallback
SEM-A3D3CC629B20	IMP-DL-0A181AC273-P009	IV	Special Functions	IV/19--IV/21	LOW	2	Downloads/theory-of-complex-analysis.tex;MATH-ALLS-2/theory-of-complex-analysis.tex	EXERCISE_ITEM	source:complex-analysis; theme:fallback-to-volume-region	low volume-classification confidence; thematic section chosen only from broad volume fallback
SEM-A8BEBA3884E3	IMP-DL-CB3C80FF97-P040	IV	Special Functions	IV/19--IV/21	HIGH	8	Downloads/theory-of-complex-analysis-topology.tex;MATH-ALLS-2/theory-of-complex-analysis-topology.tex	PROBLEM_ITEM	source:complex-analysis; theme:fallback-to-volume-region	thematic section chosen only from broad volume fallback
SEM-ACEA000C2870	IMP-DL-CB3C80FF97-P043	IV	Special Functions	IV/19--IV/21	HIGH	12	Downloads/theory-of-complex-analysis-topology.tex;MATH-ALLS-2/theory-of-complex-analysis-topology.tex	WORKED_EXAMPLE	source:complex-analysis; theme:fallback-to-volume-region	thematic section chosen only from broad volume fallback
SEM-B64DDD3F3A10	IMP-DL-CB3C80FF97-P036	IV	Special Functions	IV/19--IV/21	HIGH	12	Downloads/theory-of-complex-analysis-topology.tex;MATH-ALLS-2/theory-of-complex-analysis-topology.tex	PROBLEM_ITEM	source:complex-analysis; theme:fallback-to-volume-region	thematic section chosen only from broad volume fallback
SEM-B7836E94C0A9	IMP-DL-0A181AC273-P006	IV	Special Functions	IV/19--IV/21	HIGH	32	Downloads/theory-of-complex-analysis.tex;MATH-ALLS-2/theory-of-complex-analysis.tex	EXERCISE_ITEM	source:complex-analysis; theme:fallback-to-volume-region	thematic section chosen only from broad volume fallback
SEM-B7FD8AFF20BC	IMP-DL-0A181AC273-P004	IV	Special Functions	IV/19--IV/21	HIGH	21	Downloads/theory-of-complex-analysis.tex;MATH-ALLS-2/theory-of-complex-analysis.tex	EXERCISE_ITEM	source:complex-analysis; theme:fallback-to-volume-region	thematic section chosen only from broad volume fallback
SEM-B8A4CB4DD583	IMP-DL-CB3C80FF97-P016	IV	Special Functions	IV/19--IV/21	HIGH	12	Downloads/theory-of-complex-analysis-topology.tex;MATH-ALLS-2/theory-of-complex-analysis-topology.tex	PROBLEM_ITEM	source:complex-analysis; theme:fallback-to-volume-region	thematic section chosen only from broad volume fallback
SEM-B9B09B8FFCE8	IMP-DL-0A181AC273-P022	IV	Special Functions	IV/19--IV/21	HIGH	12	Downloads/theory-of-complex-analysis.tex;MATH-ALLS-2/theory-of-complex-analysis.tex	PROBLEM	source:complex-analysis; theme:fallback-to-volume-region	thematic section chosen only from broad volume fallback
SEM-BDBF259BB697	IMP-DL-0A181AC273-P001	IV	Special Functions	IV/19--IV/21	HIGH	28	Downloads/theory-of-complex-analysis.tex;MATH-ALLS-2/theory-of-complex-analysis.tex	PROBLEM	source:complex-analysis; theme:fallback-to-volume-region	thematic section chosen only from broad volume fallback
SEM-BF5D712C01C2	IMP-DL-CB3C80FF97-P008	IV	Special Functions	IV/19--IV/21	HIGH	12	Downloads/theory-of-complex-analysis-topology.tex;MATH-ALLS-2/theory-of-complex-analysis-topology.tex	PROBLEM_ITEM	source:complex-analysis; theme:fallback-to-volume-region	thematic section chosen only from broad volume fallback
SEM-C91992CB8EEB	IMP-DL-CB3C80FF97-P003	IV	Special Functions	IV/19--IV/21	MEDIUM	4	Downloads/theory-of-complex-analysis-topology.tex;MATH-ALLS-2/theory-of-complex-analysis-topology.tex	PROBLEM	source:complex-analysis; theme:fallback-to-volume-region	thematic section chosen only from broad volume fallback
SEM-CB24CD5613FD	IMP-DL-336732908A-P010	IV	Special Functions	IV/19--IV/21	HIGH	43	Downloads/theory-of-complex-analysis-next.tex;MATH-ALLS-2/theory-of-complex-analysis-next.tex	PROBLEM	source:complex-analysis; text:contour; theme:fallback-to-volume-region	thematic section chosen only from broad volume fallback
SEM-CB935C4ABE2E	IMP-DL-0E1529C1F4-P005	IV	Special Functions	IV/19--IV/21	HIGH	36	Downloads/theory-of-complex-analysis-maps.tex;MATH-ALLS-2/theory-of-complex-analysis-maps.tex	WORKED_EXAMPLE	source:complex-analysis; theme:fallback-to-volume-region	thematic section chosen only from broad volume fallback
SEM-D0CB425487EC	IMP-DL-0A181AC273-P011	IV	Special Functions	IV/19--IV/21	HIGH	30	Downloads/theory-of-complex-analysis.tex;MATH-ALLS-2/theory-of-complex-analysis.tex	WORKED_EXAMPLE	source:complex-analysis; theme:fallback-to-volume-region	thematic section chosen only from broad volume fallback
SEM-D4AA04B2203C	IMP-DL-CB3C80FF97-P042	IV	Special Functions	IV/19--IV/21	HIGH	12	Downloads/theory-of-complex-analysis-topology.tex;MATH-ALLS-2/theory-of-complex-analysis-topology.tex	PROBLEM_ITEM	source:complex-analysis; theme:fallback-to-volume-region	thematic section chosen only from broad volume fallback
SEM-D4CB1846C9C0	IMP-DL-336732908A-P002	IV	Special Functions	IV/19--IV/21	HIGH	36	Downloads/theory-of-complex-analysis-next.tex;MATH-ALLS-2/theory-of-complex-analysis-next.tex	PROBLEM	source:complex-analysis; theme:fallback-to-volume-region	thematic section chosen only from broad volume fallback
SEM-D63943883A8E	IMP-DL-CB3C80FF97-P006	IV	Special Functions	IV/19--IV/21	HIGH	12	Downloads/theory-of-complex-analysis-topology.tex;MATH-ALLS-2/theory-of-complex-analysis-topology.tex	PROBLEM_ITEM	source:complex-analysis; theme:fallback-to-volume-region	thematic section chosen only from broad volume fallback
SEM-DEFC68843894	IMP-DL-CB3C80FF97-P001	IV	Special Functions	IV/19--IV/21	MEDIUM	4	Downloads/theory-of-complex-analysis-topology.tex;MATH-ALLS-2/theory-of-complex-analysis-topology.tex	PROBLEM	source:complex-analysis; theme:fallback-to-volume-region	thematic section chosen only from broad volume fallback
SEM-E1675C3981B2	IMP-DL-CB3C80FF97-P038	IV	Special Functions	IV/19--IV/21	HIGH	12	Downloads/theory-of-complex-analysis-topology.tex;MATH-ALLS-2/theory-of-complex-analysis-topology.tex	PROBLEM_ITEM	source:complex-analysis; theme:fallback-to-volume-region	thematic section chosen only from broad volume fallback
SEM-E263AA615615	IMP-DL-CB3C80FF97-P014	IV	Special Functions	IV/19--IV/21	HIGH	12	Downloads/theory-of-complex-analysis-topology.tex;MATH-ALLS-2/theory-of-complex-analysis-topology.tex	PROBLEM_ITEM	source:complex-analysis; theme:fallback-to-volume-region	thematic section chosen only from broad volume fallback
SEM-E8466B9D0270	IMP-DL-CB3C80FF97-P037	IV	Special Functions	IV/19--IV/21	HIGH	8	Downloads/theory-of-complex-analysis-topology.tex;MATH-ALLS-2/theory-of-complex-analysis-topology.tex	PROBLEM_ITEM	source:complex-analysis; theme:fallback-to-volume-region	thematic section chosen only from broad volume fallback
SEM-EB62685D643E	IMP-DL-4A78994322-ORR001194-EB62685D	IV	Special Functions	IV/19--IV/21	HIGH	18	Downloads/theory-of-complex-analysis-gamma.tex	PROBLEM	source:complex-analysis; theme:fallback-to-volume-region	thematic section chosen only from broad volume fallback
SEM-F0F7F7E4DA95	IMP-DL-CB3C80FF97-P028	IV	Special Functions	IV/19--IV/21	HIGH	12	Downloads/theory-of-complex-analysis-topology.tex;MATH-ALLS-2/theory-of-complex-analysis-topology.tex	WORKED_EXAMPLE	source:complex-analysis; theme:fallback-to-volume-region	thematic section chosen only from broad volume fallback
SEM-F8F89B9D698F	IMP-DL-336732908A-P006	IV	Special Functions	IV/19--IV/21	HIGH	36	Downloads/theory-of-complex-analysis-next.tex;MATH-ALLS-2/theory-of-complex-analysis-next.tex	WORKED_EXAMPLE	source:complex-analysis; theme:fallback-to-volume-region	thematic section chosen only from broad volume fallback
SEM-005A9BE2A45A	IMP-DL-592BD0798C-P024	V	Rings and Ideals	V/01--V/04	HIGH	40	Downloads/theory-of-commutative-algebra-8.tex;MATH_ALLS-3/theory-of-commutative-algebra-8.tex	WORKED_EXAMPLE	source:commutative-algebra; theme:fallback-to-volume-region	thematic section chosen only from broad volume fallback
SEM-0126D2057B40	IMP-DL-3C59D9EE8B-P107	V	Rings and Ideals	V/01--V/04	HIGH	40	Downloads/theory-of-commutative-algebra-5-professional-v2.tex;MATH_ALLS-3/theory-of-commutative-algebra-5-professional-v2.tex	PROBLEM_ITEM	source:commutative-algebra; theme:fallback-to-volume-region	thematic section chosen only from broad volume fallback
SEM-036B0A948EA3	IMP-DL-1068DBED71-P054	V	Rings and Ideals	V/01--V/04	HIGH	50	Downloads/theory-of-commutative-algebra-10.tex;Downloads/theory-of-commutative-algebra-9.tex;MATH_ALLS-3/theory-of-commutative-algebra-10.tex;MATH_ALLS-3/theory-of-commutative-algebra-9.tex	WORKED_EXAMPLE	source:commutative-algebra; theme:fallback-to-volume-region	thematic section chosen only from broad volume fallback
SEM-0506BF5BD072	IMP-DL-4DEBE28720-P005	V	Rings and Ideals	V/01--V/04	HIGH	40	Downloads/theory-of-commutative-algebra-13.tex;MATH_ALLS-3/theory-of-commutative-algebra-13.tex	WORKED_EXAMPLE	source:commutative-algebra; theme:fallback-to-volume-region	thematic section chosen only from broad volume fallback
SEM-058201661F0C	IMP-DL-3C59D9EE8B-P042	V	Rings and Ideals	V/01--V/04	HIGH	40	Downloads/theory-of-commutative-algebra-5-professional-v2.tex;MATH_ALLS-3/theory-of-commutative-algebra-5-professional-v2.tex	PROBLEM_ITEM	source:commutative-algebra; theme:fallback-to-volume-region	thematic section chosen only from broad volume fallback
SEM-066699CE02E7	IMP-DL-592BD0798C-P027	V	Rings and Ideals	V/01--V/04	HIGH	40	Downloads/theory-of-commutative-algebra-8.tex;MATH_ALLS-3/theory-of-commutative-algebra-8.tex	WORKED_EXAMPLE	source:commutative-algebra; theme:fallback-to-volume-region	thematic section chosen only from broad volume fallback
SEM-0913F8059F9F	IMP-DL-592BD0798C-P022	V	Rings and Ideals	V/01--V/04	HIGH	40	Downloads/theory-of-commutative-algebra-8.tex;MATH_ALLS-3/theory-of-commutative-algebra-8.tex	WORKED_EXAMPLE	source:commutative-algebra; theme:fallback-to-volume-region	thematic section chosen only from broad volume fallback
SEM-09955E959B7D	IMP-DL-D2CF6ADC46-P006	V	Rings and Ideals	V/01--V/04	HIGH	20	Downloads/theory-of-commutative-algebra-16.tex	WORKED_EXAMPLE	source:commutative-algebra; theme:fallback-to-volume-region	thematic section chosen only from broad volume fallback
SEM-0C35F17D594C	IMP-DL-4DEBE28720-P029	V	Rings and Ideals	V/01--V/04	HIGH	40	Downloads/theory-of-commutative-algebra-13.tex;MATH_ALLS-3/theory-of-commutative-algebra-13.tex	EXERCISE_ITEM	source:commutative-algebra; theme:fallback-to-volume-region	thematic section chosen only from broad volume fallback
SEM-0E05D515F24E	IMP-DL-3C59D9EE8B-P035	V	Rings and Ideals	V/01--V/04	HIGH	40	Downloads/theory-of-commutative-algebra-5-professional-v2.tex;MATH_ALLS-3/theory-of-commutative-algebra-5-professional-v2.tex	PROBLEM_ITEM	source:commutative-algebra; theme:fallback-to-volume-region	thematic section chosen only from broad volume fallback
SEM-0FD4EE522BB9	IMP-DL-494D52343C-P001	V	Rings and Ideals	V/01--V/04	HIGH	50	Downloads/theory-of-commutative-algebra-7 - Copy.tex;Downloads/theory-of-commutative-algebra-7.tex;MATH_ALLS-3/theory-of-commutative-algebra-7 - Copy.tex;MATH_ALLS-3/theory-of-commutative-algebra-7.tex	WORKED_EXAMPLE	source:commutative-algebra; theme:fallback-to-volume-region	thematic section chosen only from broad volume fallback
SEM-101FE3CF296D	IMP-DL-4DEBE28720-P058	V	Rings and Ideals	V/01--V/04	HIGH	32	Downloads/theory-of-commutative-algebra-13.tex;MATH_ALLS-3/theory-of-commutative-algebra-13.tex	EXERCISE_ITEM	source:commutative-algebra; theme:fallback-to-volume-region	thematic section chosen only from broad volume fallback
SEM-104D5F89C00F	IMP-DL-3C59D9EE8B-P054	V	Rings and Ideals	V/01--V/04	HIGH	40	Downloads/theory-of-commutative-algebra-5-professional-v2.tex;MATH_ALLS-3/theory-of-commutative-algebra-5-professional-v2.tex	PROBLEM_ITEM	source:commutative-algebra; theme:fallback-to-volume-region	thematic section chosen only from broad volume fallback
SEM-11720BF7319F	IMP-DL-592BD0798C-P048	V	Rings and Ideals	V/01--V/04	HIGH	40	Downloads/theory-of-commutative-algebra-8.tex;MATH_ALLS-3/theory-of-commutative-algebra-8.tex	WORKED_EXAMPLE	source:commutative-algebra; theme:fallback-to-volume-region	thematic section chosen only from broad volume fallback
SEM-125E951FCD14	IMP-DL-1068DBED71-P027	V	Rings and Ideals	V/01--V/04	HIGH	60	Downloads/theory-of-commutative-algebra-10.tex;Downloads/theory-of-commutative-algebra-9.tex;MATH_ALLS-3/theory-of-commutative-algebra-10.tex;MATH_ALLS-3/theory-of-commutative-algebra-9.tex	WORKED_EXAMPLE	source:commutative-algebra; theme:fallback-to-volume-region	thematic section chosen only from broad volume fallback
SEM-129B7C26F708	IMP-DL-314EAD1F3C-R002259-129B7C26	V	Homological Algebra	V/22--V/28	LOW	1	Downloads/theory-of-algebraic-topology-12.tex	EXAMPLE	text:module,tor ; theme:resolution,tor 	low volume-classification confidence
SEM-1315FCA9FD98	IMP-DL-1068DBED71-P024	V	Rings and Ideals	V/01--V/04	HIGH	60	Downloads/theory-of-commutative-algebra-10.tex;Downloads/theory-of-commutative-algebra-9.tex;MATH_ALLS-3/theory-of-commutative-algebra-10.tex;MATH_ALLS-3/theory-of-commutative-algebra-9.tex	WORKED_EXAMPLE	source:commutative-algebra; theme:fallback-to-volume-region	thematic section chosen only from broad volume fallback
SEM-15400B9E56E9	IMP-DL-592BD0798C-P029	V	Rings and Ideals	V/01--V/04	HIGH	40	Downloads/theory-of-commutative-algebra-8.tex;MATH_ALLS-3/theory-of-commutative-algebra-8.tex	WORKED_EXAMPLE	source:commutative-algebra; theme:fallback-to-volume-region	thematic section chosen only from broad volume fallback
SEM-1619D214AD3B	IMP-DL-ACE5A65961-SPR004189-1619D214	V	Rings and Ideals	V/01--V/04	HIGH	26	Downloads/theory-of-commutative-algebra-2.tex;MATH_ALLS-3/theory-of-commutative-algebra-2.tex	EXAMPLE	source:commutative-algebra; theme:fallback-to-volume-region	thematic section chosen only from broad volume fallback
SEM-17343DDDFCEB	IMP-DL-ACE5A65961-SPR004213-17343DDD	V	Rings and Ideals	V/01--V/04	HIGH	21	Downloads/theory-of-commutative-algebra-2.tex;MATH_ALLS-3/theory-of-commutative-algebra-2.tex	EXAMPLE	source:commutative-algebra; theme:fallback-to-volume-region	thematic section chosen only from broad volume fallback
SEM-1B1A4B26FA6B	IMP-DL-D18914CBBD-P027	V	Rings and Ideals	V/01--V/04	HIGH	40	Downloads/theory-of-commutative-algebra-11.tex;MATH_ALLS-3/theory-of-commutative-algebra-11.tex	WORKED_EXAMPLE	source:commutative-algebra; theme:fallback-to-volume-region	thematic section chosen only from broad volume fallback
SEM-1DE50A2AD9B1	IMP-DL-3C59D9EE8B-P121	V	Rings and Ideals	V/01--V/04	HIGH	36	Downloads/theory-of-commutative-algebra-5-professional-v2.tex;MATH_ALLS-3/theory-of-commutative-algebra-5-professional-v2.tex	PROBLEM_ITEM	source:commutative-algebra; theme:fallback-to-volume-region	thematic section chosen only from broad volume fallback
SEM-1E3039DDB8BD	IMP-DL-3C59D9EE8B-P041	V	Rings and Ideals	V/01--V/04	HIGH	40	Downloads/theory-of-commutative-algebra-5-professional-v2.tex;MATH_ALLS-3/theory-of-commutative-algebra-5-professional-v2.tex	PROBLEM_ITEM	source:commutative-algebra; theme:fallback-to-volume-region	thematic section chosen only from broad volume fallback
SEM-1EE378115AA8	IMP-DL-ACE5A65961-SPR004038-1EE37811	V	Rings and Ideals	V/01--V/04	HIGH	36	Downloads/theory-of-commutative-algebra-2.tex;MATH_ALLS-3/theory-of-commutative-algebra-2.tex	EXAMPLE	source:commutative-algebra; theme:fallback-to-volume-region	thematic section chosen only from broad volume fallback
SEM-1F4B77A57846	IMP-DL-4DEBE28720-P045	V	Rings and Ideals	V/01--V/04	HIGH	40	Downloads/theory-of-commutative-algebra-13.tex;MATH_ALLS-3/theory-of-commutative-algebra-13.tex	WORKED_EXAMPLE	source:commutative-algebra; theme:fallback-to-volume-region	thematic section chosen only from broad volume fallback
SEM-1F7B9DD3A0E3	IMP-DL-4DEBE28720-P042	V	Rings and Ideals	V/01--V/04	HIGH	40	Downloads/theory-of-commutative-algebra-13.tex;MATH_ALLS-3/theory-of-commutative-algebra-13.tex	WORKED_EXAMPLE	source:commutative-algebra; theme:fallback-to-volume-region	thematic section chosen only from broad volume fallback
SEM-206817664158	IMP-DL-D18914CBBD-P052	V	Rings and Ideals	V/01--V/04	HIGH	40	Downloads/theory-of-commutative-algebra-11.tex;MATH_ALLS-3/theory-of-commutative-algebra-11.tex	WORKED_EXAMPLE	source:commutative-algebra; theme:fallback-to-volume-region	thematic section chosen only from broad volume fallback
SEM-214AB78DDBAE	IMP-DL-D18914CBBD-P041	V	Rings and Ideals	V/01--V/04	HIGH	40	Downloads/theory-of-commutative-algebra-11.tex;MATH_ALLS-3/theory-of-commutative-algebra-11.tex	WORKED_EXAMPLE	source:commutative-algebra; theme:fallback-to-volume-region	thematic section chosen only from broad volume fallback
SEM-2296C66A6BF5	IMP-DL-494D52343C-P004	V	Rings and Ideals	V/01--V/04	HIGH	60	Downloads/theory-of-commutative-algebra-7 - Copy.tex;Downloads/theory-of-commutative-algebra-7.tex;MATH_ALLS-3/theory-of-commutative-algebra-7 - Copy.tex;MATH_ALLS-3/theory-of-commutative-algebra-7.tex	WORKED_EXAMPLE	source:commutative-algebra; theme:fallback-to-volume-region	thematic section chosen only from broad volume fallback
SEM-23B73A43B163	IMP-DL-3190BA882C-P010	V	Rings and Ideals	V/01--V/04	HIGH	40	Downloads/theory-of-commutative-algebra-15.tex;MATH_ALLS-3/theory-of-commutative-algebra-15.tex	EXERCISE_ITEM	source:commutative-algebra; theme:fallback-to-volume-region	thematic section chosen only from broad volume fallback
SEM-25215B38C67A	IMP-DL-4DEBE28720-P038	V	Rings and Ideals	V/01--V/04	MEDIUM	4	Downloads/theory-of-commutative-algebra-13.tex;MATH_ALLS-3/theory-of-commutative-algebra-13.tex	WORKED_EXAMPLE	source:commutative-algebra; theme:fallback-to-volume-region	thematic section chosen only from broad volume fallback
SEM-2577723BBE80	IMP-DL-3C59D9EE8B-P104	V	Rings and Ideals	V/01--V/04	HIGH	40	Downloads/theory-of-commutative-algebra-5-professional-v2.tex;MATH_ALLS-3/theory-of-commutative-algebra-5-professional-v2.tex	PROBLEM_ITEM	source:commutative-algebra; theme:fallback-to-volume-region	thematic section chosen only from broad volume fallback
SEM-274F02F069F5	IMP-DL-494D52343C-P005	V	Rings and Ideals	V/01--V/04	HIGH	60	Downloads/theory-of-commutative-algebra-7 - Copy.tex;Downloads/theory-of-commutative-algebra-7.tex;MATH_ALLS-3/theory-of-commutative-algebra-7 - Copy.tex;MATH_ALLS-3/theory-of-commutative-algebra-7.tex	WORKED_EXAMPLE	source:commutative-algebra; theme:fallback-to-volume-region	thematic section chosen only from broad volume fallback
SEM-277ACE769041	IMP-DL-38CE6DEB56-P045	V	Rings and Ideals	V/01--V/04	HIGH	40	Downloads/theory-of-commutative-algebra-14.tex;MATH_ALLS-3/theory-of-commutative-algebra-14.tex	EXERCISE	source:commutative-algebra; theme:fallback-to-volume-region	thematic section chosen only from broad volume fallback
SEM-2A9E2B186232	IMP-DL-D27460A55B-P009	V	Homological Algebra	V/22--V/28	LOW	2	Downloads/theory-of-algebraic-geometry-5.tex	PROBLEM	text:ext ; theme:ext 	low volume-classification confidence
SEM-2B45AF28C633	IMP-DL-3C59D9EE8B-P101	V	Rings and Ideals	V/01--V/04	HIGH	40	Downloads/theory-of-commutative-algebra-5-professional-v2.tex;MATH_ALLS-3/theory-of-commutative-algebra-5-professional-v2.tex	PROBLEM_ITEM	source:commutative-algebra; theme:fallback-to-volume-region	thematic section chosen only from broad volume fallback
SEM-2B4B448BFC5F	IMP-DL-3C59D9EE8B-P029	V	Rings and Ideals	V/01--V/04	HIGH	40	Downloads/theory-of-commutative-algebra-5-professional-v2.tex;MATH_ALLS-3/theory-of-commutative-algebra-5-professional-v2.tex	PROBLEM_ITEM	source:commutative-algebra; theme:fallback-to-volume-region	thematic section chosen only from broad volume fallback
SEM-2B77B6E41A25	IMP-DL-D18914CBBD-P013	V	Rings and Ideals	V/01--V/04	HIGH	40	Downloads/theory-of-commutative-algebra-11.tex;MATH_ALLS-3/theory-of-commutative-algebra-11.tex	WORKED_EXAMPLE	source:commutative-algebra; theme:fallback-to-volume-region	thematic section chosen only from broad volume fallback
SEM-2BF90647D1FA	IMP-DL-E12021E60A-P023	V	Homological Algebra	V/22--V/28	LOW	2	Downloads/theory-of-algebraic-topology-17.tex	WORKED_EXAMPLE	text:tor ,ext ; theme:tor ,ext 	low volume-classification confidence
SEM-2C8C36E5F5FC	IMP-DL-4DEBE28720-P043	V	Rings and Ideals	V/01--V/04	HIGH	40	Downloads/theory-of-commutative-algebra-13.tex;MATH_ALLS-3/theory-of-commutative-algebra-13.tex	WORKED_EXAMPLE	source:commutative-algebra; theme:fallback-to-volume-region	thematic section chosen only from broad volume fallback
SEM-2E43BD86F6A6	IMP-DL-3C59D9EE8B-P021	V	Rings and Ideals	V/01--V/04	HIGH	40	Downloads/theory-of-commutative-algebra-5-professional-v2.tex;MATH_ALLS-3/theory-of-commutative-algebra-5-professional-v2.tex	PROBLEM_ITEM	source:commutative-algebra; theme:fallback-to-volume-region	thematic section chosen only from broad volume fallback
SEM-2E5C06A5760F	IMP-DL-D2CF6ADC46-R001342-2E5C06A5	V	Rings and Ideals	V/01--V/04	HIGH	13	Downloads/theory-of-commutative-algebra-16.tex	EXAMPLE	source:commutative-algebra; theme:fallback-to-volume-region	thematic section chosen only from broad volume fallback
SEM-2F24AEECC18E	IMP-DL-3C59D9EE8B-P132	V	Rings and Ideals	V/01--V/04	HIGH	31	Downloads/theory-of-commutative-algebra-5-professional-v2.tex;MATH_ALLS-3/theory-of-commutative-algebra-5-professional-v2.tex	PROBLEM_ITEM	source:commutative-algebra; theme:fallback-to-volume-region	thematic section chosen only from broad volume fallback
SEM-305B81F52B64	IMP-DL-D18914CBBD-SPR000694-305B81F5	V	Rings and Ideals	V/01--V/04	HIGH	40	Downloads/theory-of-commutative-algebra-11.tex;MATH_ALLS-3/theory-of-commutative-algebra-11.tex	EXAMPLE	source:commutative-algebra; theme:fallback-to-volume-region	thematic section chosen only from broad volume fallback
SEM-30A648A49483	IMP-DL-A11279CC33-P003	V	Rings and Ideals	V/01--V/04	HIGH	40	Downloads/theory-of-commutative-algebra-6.tex;MATH_ALLS-3/theory-of-commutative-algebra-6.tex	WORKED_EXAMPLE	source:commutative-algebra; theme:fallback-to-volume-region	thematic section chosen only from broad volume fallback
SEM-31BD9A7C6F7E	IMP-DL-3190BA882C-P015	V	Rings and Ideals	V/01--V/04	HIGH	40	Downloads/theory-of-commutative-algebra-15.tex;MATH_ALLS-3/theory-of-commutative-algebra-15.tex	EXERCISE_ITEM	source:commutative-algebra; theme:fallback-to-volume-region	thematic section chosen only from broad volume fallback
SEM-31DFA797B201	IMP-DL-D27460A55B-P010	V	Homological Algebra	V/22--V/28	LOW	2	Downloads/theory-of-algebraic-geometry-5.tex	PROBLEM	text:ext ; theme:ext 	low volume-classification confidence
SEM-325ED120291E	IMP-DL-3C59D9EE8B-P126	V	Rings and Ideals	V/01--V/04	HIGH	35	Downloads/theory-of-commutative-algebra-5-professional-v2.tex;MATH_ALLS-3/theory-of-commutative-algebra-5-professional-v2.tex	PROBLEM_ITEM	source:commutative-algebra; theme:fallback-to-volume-region	thematic section chosen only from broad volume fallback
SEM-332554455760	IMP-DL-D18914CBBD-P026	V	Rings and Ideals	V/01--V/04	HIGH	40	Downloads/theory-of-commutative-algebra-11.tex;MATH_ALLS-3/theory-of-commutative-algebra-11.tex	WORKED_EXAMPLE	source:commutative-algebra; theme:fallback-to-volume-region	thematic section chosen only from broad volume fallback
SEM-335E0DB12185	IMP-DL-3C59D9EE8B-P022	V	Rings and Ideals	V/01--V/04	HIGH	40	Downloads/theory-of-commutative-algebra-5-professional-v2.tex;MATH_ALLS-3/theory-of-commutative-algebra-5-professional-v2.tex	PROBLEM_ITEM	source:commutative-algebra; theme:fallback-to-volume-region	thematic section chosen only from broad volume fallback
SEM-353EEF5B7B7E	IMP-DL-1068DBED71-P056	V	Rings and Ideals	V/01--V/04	HIGH	60	Downloads/theory-of-commutative-algebra-10.tex;Downloads/theory-of-commutative-algebra-9.tex;MATH_ALLS-3/theory-of-commutative-algebra-10.tex;MATH_ALLS-3/theory-of-commutative-algebra-9.tex	WORKED_EXAMPLE	source:commutative-algebra; theme:fallback-to-volume-region	thematic section chosen only from broad volume fallback
SEM-35CCA88E5871	IMP-DL-A11279CC33-P028	V	Rings and Ideals	V/01--V/04	HIGH	30	Downloads/theory-of-commutative-algebra-6.tex;MATH_ALLS-3/theory-of-commutative-algebra-6.tex	WORKED_EXAMPLE	source:commutative-algebra; theme:fallback-to-volume-region	thematic section chosen only from broad volume fallback
SEM-3747BBF343F8	IMP-DL-3C59D9EE8B-P045	V	Rings and Ideals	V/01--V/04	HIGH	60	Downloads/theory-of-commutative-algebra-5-professional-v2.tex;Downloads/theory-of-commutative-algebra-8.tex;MATH_ALLS-3/theory-of-commutative-algebra-5-professional-v2.tex;MATH_ALLS-3/theory-of-commutative-algebra-8.tex	PROBLEM_ITEM	source:commutative-algebra; theme:fallback-to-volume-region	thematic section chosen only from broad volume fallback
SEM-3992A2850B67	IMP-DL-A11279CC33-P022	V	Rings and Ideals	V/01--V/04	HIGH	31	Downloads/theory-of-commutative-algebra-6.tex;MATH_ALLS-3/theory-of-commutative-algebra-6.tex	WORKED_EXAMPLE	source:commutative-algebra; theme:fallback-to-volume-region	thematic section chosen only from broad volume fallback
SEM-39995A2E924F	IMP-DL-4DEBE28720-P031	V	Rings and Ideals	V/01--V/04	HIGH	40	Downloads/theory-of-commutative-algebra-13.tex;MATH_ALLS-3/theory-of-commutative-algebra-13.tex	EXERCISE_ITEM	source:commutative-algebra; theme:fallback-to-volume-region	thematic section chosen only from broad volume fallback
SEM-3A44CC5FA9EA	IMP-DL-1068DBED71-P036	V	Rings and Ideals	V/01--V/04	HIGH	51	Downloads/theory-of-commutative-algebra-10.tex;Downloads/theory-of-commutative-algebra-9.tex;MATH_ALLS-3/theory-of-commutative-algebra-10.tex;MATH_ALLS-3/theory-of-commutative-algebra-9.tex	WORKED_EXAMPLE	source:commutative-algebra; theme:fallback-to-volume-region	thematic section chosen only from broad volume fallback
SEM-3A6BDB941F86	IMP-DL-724FD8B7B1-SPR005024-3A6BDB94	V	Rings and Ideals	V/01--V/04	HIGH	22	Downloads/theory-of-commutative-algebra-1.tex;MATH_ALLS-3/theory-of-commutative-algebra-1.tex	EXAMPLE	source:commutative-algebra; theme:fallback-to-volume-region	thematic section chosen only from broad volume fallback
SEM-3B2373D8797C	IMP-DL-D18914CBBD-P034	V	Rings and Ideals	V/01--V/04	HIGH	40	Downloads/theory-of-commutative-algebra-11.tex;MATH_ALLS-3/theory-of-commutative-algebra-11.tex	WORKED_EXAMPLE	source:commutative-algebra; theme:fallback-to-volume-region	thematic section chosen only from broad volume fallback
SEM-3BF79E170DAF	IMP-DL-D18914CBBD-P017	V	Rings and Ideals	V/01--V/04	HIGH	40	Downloads/theory-of-commutative-algebra-11.tex;MATH_ALLS-3/theory-of-commutative-algebra-11.tex	WORKED_EXAMPLE	source:commutative-algebra; theme:fallback-to-volume-region	thematic section chosen only from broad volume fallback
SEM-3DE39B3172DE	IMP-DL-3190BA882C-P016	V	Rings and Ideals	V/01--V/04	HIGH	40	Downloads/theory-of-commutative-algebra-15.tex;MATH_ALLS-3/theory-of-commutative-algebra-15.tex	EXERCISE_ITEM	source:commutative-algebra; theme:fallback-to-volume-region	thematic section chosen only from broad volume fallback
SEM-3E0CD97A1C95	IMP-DL-1068DBED71-P034	V	Rings and Ideals	V/01--V/04	HIGH	42	Downloads/theory-of-commutative-algebra-10.tex;Downloads/theory-of-commutative-algebra-9.tex;MATH_ALLS-3/theory-of-commutative-algebra-10.tex;MATH_ALLS-3/theory-of-commutative-algebra-9.tex	WORKED_EXAMPLE	source:commutative-algebra; theme:fallback-to-volume-region	thematic section chosen only from broad volume fallback
SEM-3ED9DD52ACD0	IMP-DL-4DEBE28720-P028	V	Rings and Ideals	V/01--V/04	HIGH	32	Downloads/theory-of-commutative-algebra-13.tex;MATH_ALLS-3/theory-of-commutative-algebra-13.tex	EXERCISE_ITEM	source:commutative-algebra; theme:fallback-to-volume-region	thematic section chosen only from broad volume fallback
SEM-3F5F92B00751	IMP-DL-D18914CBBD-P050	V	Rings and Ideals	V/01--V/04	HIGH	40	Downloads/theory-of-commutative-algebra-11.tex;MATH_ALLS-3/theory-of-commutative-algebra-11.tex	WORKED_EXAMPLE	source:commutative-algebra; theme:fallback-to-volume-region	thematic section chosen only from broad volume fallback
SEM-4124E49ACDE9	IMP-DL-D18914CBBD-P028	V	Rings and Ideals	V/01--V/04	HIGH	32	Downloads/theory-of-commutative-algebra-11.tex;MATH_ALLS-3/theory-of-commutative-algebra-11.tex	WORKED_EXAMPLE	source:commutative-algebra; theme:fallback-to-volume-region	thematic section chosen only from broad volume fallback
SEM-421909AFFC02	IMP-DL-3C59D9EE8B-P056	V	Rings and Ideals	V/01--V/04	HIGH	40	Downloads/theory-of-commutative-algebra-5-professional-v2.tex;MATH_ALLS-3/theory-of-commutative-algebra-5-professional-v2.tex	PROBLEM_ITEM	source:commutative-algebra; theme:fallback-to-volume-region	thematic section chosen only from broad volume fallback
SEM-429050A3C52F	IMP-DL-2E134BF207-P052	V	Homological Algebra	V/22--V/28	LOW	2	Downloads/theory-of-algebraic-topology-5.tex	PROBLEM_ITEM	text:tor ,ext ; theme:tor ,ext 	low volume-classification confidence
SEM-4412D1844C93	IMP-DL-ACE5A65961-SPR004085-4412D184	V	Rings and Ideals	V/01--V/04	HIGH	36	Downloads/theory-of-commutative-algebra-2.tex;MATH_ALLS-3/theory-of-commutative-algebra-2.tex	EXAMPLE	source:commutative-algebra; theme:fallback-to-volume-region	thematic section chosen only from broad volume fallback
SEM-45F21D15315F	IMP-DL-592BD0798C-P026	V	Rings and Ideals	V/01--V/04	HIGH	40	Downloads/theory-of-commutative-algebra-8.tex;MATH_ALLS-3/theory-of-commutative-algebra-8.tex	WORKED_EXAMPLE	source:commutative-algebra; theme:fallback-to-volume-region	thematic section chosen only from broad volume fallback
SEM-45F294ED2F7F	IMP-DL-1068DBED71-P035	V	Rings and Ideals	V/01--V/04	HIGH	60	Downloads/theory-of-commutative-algebra-10.tex;Downloads/theory-of-commutative-algebra-9.tex;MATH_ALLS-3/theory-of-commutative-algebra-10.tex;MATH_ALLS-3/theory-of-commutative-algebra-9.tex	WORKED_EXAMPLE	source:commutative-algebra; theme:fallback-to-volume-region	thematic section chosen only from broad volume fallback
SEM-474132547D55	IMP-DL-D18914CBBD-P004	V	Rings and Ideals	V/01--V/04	HIGH	40	Downloads/theory-of-commutative-algebra-11.tex;MATH_ALLS-3/theory-of-commutative-algebra-11.tex	WORKED_EXAMPLE	source:commutative-algebra; theme:fallback-to-volume-region	thematic section chosen only from broad volume fallback
SEM-47549A35F718	IMP-DL-7A55205E2C-P012	V	Homological Algebra	V/22--V/28	LOW	2	Downloads/theory-of-geometry-4.tex;MATH-ALLS-2/theory-of-geometry-4.tex	PROBLEM	text:tor ; theme:tor 	low volume-classification confidence
SEM-4A8C79AB2F98	IMP-DL-31FF76D7B8-PSR003997-4A8C79AB	V	Homological Algebra	V/22--V/28	LOW	2	Downloads/theory-of-algebraic-topology-16.tex	EXAMPLE	text:tor ,ext ; theme:tor ,ext 	low volume-classification confidence
SEM-4BA3BCADBC52	IMP-DL-592BD0798C-P051	V	Rings and Ideals	V/01--V/04	HIGH	40	Downloads/theory-of-commutative-algebra-8.tex;MATH_ALLS-3/theory-of-commutative-algebra-8.tex	WORKED_EXAMPLE	source:commutative-algebra; theme:fallback-to-volume-region	thematic section chosen only from broad volume fallback
SEM-4D918DAEC3A7	IMP-DL-D18914CBBD-P031	V	Rings and Ideals	V/01--V/04	HIGH	40	Downloads/theory-of-commutative-algebra-11.tex;MATH_ALLS-3/theory-of-commutative-algebra-11.tex	WORKED_EXAMPLE	source:commutative-algebra; theme:fallback-to-volume-region	thematic section chosen only from broad volume fallback
SEM-4E9F9E8E944B	IMP-DL-4DEBE28720-P019	V	Rings and Ideals	V/01--V/04	HIGH	16	Downloads/theory-of-commutative-algebra-13.tex;MATH_ALLS-3/theory-of-commutative-algebra-13.tex	WORKED_EXAMPLE	source:commutative-algebra; theme:fallback-to-volume-region	thematic section chosen only from broad volume fallback
SEM-50A30F17F75A	IMP-DL-4DEBE28720-P074	V	Rings and Ideals	V/01--V/04	HIGH	32	Downloads/theory-of-commutative-algebra-13.tex;MATH_ALLS-3/theory-of-commutative-algebra-13.tex	WORKED_EXAMPLE	source:commutative-algebra; theme:fallback-to-volume-region	thematic section chosen only from broad volume fallback
SEM-518FD78EA1E6	IMP-DL-0EB9CBD958-P013	V	Homological Algebra	V/22--V/28	LOW	0	Downloads/theory-of-geometry.tex;MATH-ALLS-2/theory-of-geometry.tex	PROBLEM_ITEM	text:tor ,ext ; theme:tor ,ext 	low volume-classification confidence
SEM-55C3A9F10F91	IMP-DL-D18914CBBD-P010	V	Rings and Ideals	V/01--V/04	HIGH	40	Downloads/theory-of-commutative-algebra-11.tex;MATH_ALLS-3/theory-of-commutative-algebra-11.tex	WORKED_EXAMPLE	source:commutative-algebra; theme:fallback-to-volume-region	thematic section chosen only from broad volume fallback
SEM-57C772718482	IMP-DL-4DEBE28720-P057	V	Rings and Ideals	V/01--V/04	HIGH	40	Downloads/theory-of-commutative-algebra-13.tex;MATH_ALLS-3/theory-of-commutative-algebra-13.tex	EXERCISE_ITEM	source:commutative-algebra; theme:fallback-to-volume-region	thematic section chosen only from broad volume fallback
SEM-591119707AEF	IMP-DL-592BD0798C-P028	V	Rings and Ideals	V/01--V/04	HIGH	40	Downloads/theory-of-commutative-algebra-8.tex;MATH_ALLS-3/theory-of-commutative-algebra-8.tex	WORKED_EXAMPLE	source:commutative-algebra; theme:fallback-to-volume-region	thematic section chosen only from broad volume fallback
SEM-5A6578813FED	IMP-DL-4DEBE28720-P024	V	Rings and Ideals	V/01--V/04	HIGH	40	Downloads/theory-of-commutative-algebra-13.tex;MATH_ALLS-3/theory-of-commutative-algebra-13.tex	WORKED_EXAMPLE	source:commutative-algebra; theme:fallback-to-volume-region	thematic section chosen only from broad volume fallback
SEM-5B14139C93D6	IMP-DL-4DEBE28720-P054	V	Rings and Ideals	V/01--V/04	HIGH	40	Downloads/theory-of-commutative-algebra-13.tex;MATH_ALLS-3/theory-of-commutative-algebra-13.tex	EXERCISE_ITEM	source:commutative-algebra; theme:fallback-to-volume-region	thematic section chosen only from broad volume fallback
SEM-5B79633CB34E	IMP-DL-D18914CBBD-P030	V	Rings and Ideals	V/01--V/04	HIGH	40	Downloads/theory-of-commutative-algebra-11.tex;MATH_ALLS-3/theory-of-commutative-algebra-11.tex	WORKED_EXAMPLE	source:commutative-algebra; theme:fallback-to-volume-region	thematic section chosen only from broad volume fallback
SEM-5BCD83C4CB7F	IMP-DL-3C59D9EE8B-P015	V	Rings and Ideals	V/01--V/04	HIGH	40	Downloads/theory-of-commutative-algebra-5-professional-v2.tex;MATH_ALLS-3/theory-of-commutative-algebra-5-professional-v2.tex	PROBLEM_ITEM	source:commutative-algebra; theme:fallback-to-volume-region	thematic section chosen only from broad volume fallback
SEM-5CFB28CE5074	IMP-DL-D18914CBBD-R002253-5CFB28CE	V	Rings and Ideals	V/01--V/04	HIGH	40	Downloads/theory-of-commutative-algebra-11.tex;MATH_ALLS-3/theory-of-commutative-algebra-11.tex	EXAMPLE	source:commutative-algebra; theme:fallback-to-volume-region	thematic section chosen only from broad volume fallback
SEM-5D5C397A4D61	IMP-DL-A509E7ADEA-R000471-5D5C397A	V	Homological Algebra	V/22--V/28	LOW	8	Downloads/theory-of-disitrbutions.tex;MATH-ALLS-2/theory-of-disitrbutions.tex	EXERCISE	text:tor ; theme:tor 	low volume-classification confidence
SEM-5E755CCD0560	IMP-DL-592BD0798C-P005	V	Rings and Ideals	V/01--V/04	HIGH	40	Downloads/theory-of-commutative-algebra-8.tex;MATH_ALLS-3/theory-of-commutative-algebra-8.tex	WORKED_EXAMPLE	source:commutative-algebra; theme:fallback-to-volume-region	thematic section chosen only from broad volume fallback
SEM-5E854A212E68	IMP-DL-592BD0798C-P006	V	Rings and Ideals	V/01--V/04	HIGH	40	Downloads/theory-of-commutative-algebra-8.tex;MATH_ALLS-3/theory-of-commutative-algebra-8.tex	WORKED_EXAMPLE	source:commutative-algebra; theme:fallback-to-volume-region	thematic section chosen only from broad volume fallback
SEM-5E9AF9804EBA	IMP-DL-C451A3D75C-P001	V	Homological Algebra	V/22--V/28	LOW	8	Downloads/merged_exercises (2).tex;MATH-ALLS-2/merged_exercises (2).tex	EXERCISE	text:ext ; theme:ext 	low volume-classification confidence
SEM-5F2A5A0841BC	IMP-DL-4DEBE28720-P010	V	Rings and Ideals	V/01--V/04	HIGH	32	Downloads/theory-of-commutative-algebra-13.tex;MATH_ALLS-3/theory-of-commutative-algebra-13.tex	WORKED_EXAMPLE	source:commutative-algebra; theme:fallback-to-volume-region	thematic section chosen only from broad volume fallback
SEM-5F4F669D8D81	IMP-DL-3190BA882C-P004	V	Rings and Ideals	V/01--V/04	HIGH	40	Downloads/theory-of-commutative-algebra-15.tex;MATH_ALLS-3/theory-of-commutative-algebra-15.tex	EXERCISE_ITEM	source:commutative-algebra; theme:fallback-to-volume-region	thematic section chosen only from broad volume fallback
SEM-61FEA8FADAEC	IMP-DL-4DEBE28720-P026	V	Rings and Ideals	V/01--V/04	HIGH	30	Downloads/theory-of-commutative-algebra-13.tex;MATH_ALLS-3/theory-of-commutative-algebra-13.tex	EXERCISE_ITEM	source:commutative-algebra; theme:fallback-to-volume-region	thematic section chosen only from broad volume fallback
SEM-622D975392DC	IMP-DL-A11279CC33-P019	V	Rings and Ideals	V/01--V/04	HIGH	40	Downloads/theory-of-commutative-algebra-6.tex;MATH_ALLS-3/theory-of-commutative-algebra-6.tex	WORKED_EXAMPLE	source:commutative-algebra; theme:fallback-to-volume-region	thematic section chosen only from broad volume fallback
SEM-629A3588CE1E	IMP-DL-592BD0798C-P023	V	Rings and Ideals	V/01--V/04	HIGH	40	Downloads/theory-of-commutative-algebra-8.tex;MATH_ALLS-3/theory-of-commutative-algebra-8.tex	WORKED_EXAMPLE	source:commutative-algebra; theme:fallback-to-volume-region	thematic section chosen only from broad volume fallback
SEM-62C66044EC5F	IMP-DL-D18914CBBD-P025	V	Rings and Ideals	V/01--V/04	HIGH	40	Downloads/theory-of-commutative-algebra-11.tex;MATH_ALLS-3/theory-of-commutative-algebra-11.tex	WORKED_EXAMPLE	source:commutative-algebra; theme:fallback-to-volume-region	thematic section chosen only from broad volume fallback
SEM-637453BEC9B7	IMP-DL-D18914CBBD-P003	V	Rings and Ideals	V/01--V/04	HIGH	40	Downloads/theory-of-commutative-algebra-11.tex;MATH_ALLS-3/theory-of-commutative-algebra-11.tex	WORKED_EXAMPLE	source:commutative-algebra; theme:fallback-to-volume-region	thematic section chosen only from broad volume fallback
SEM-63B7FBE54949	IMP-DL-07D84009EA-P015	V	Homological Algebra	V/22--V/28	LOW	8	Downloads/merged_exercises_corrected (1).tex;Downloads/merged_exercises_corrected (2).tex;Downloads/merged_exercises_corrected (3).tex;MATH-ALLS-2/merged_exercises_corrected (1).tex;MATH-ALLS-2/merged_exercises_corrected (2).tex;MATH-ALLS-2/merged_exercises_corrected (3).tex	EXERCISE	text:ext ; theme:ext 	low volume-classification confidence
SEM-64459629704C	IMP-DL-D18914CBBD-P023	V	Rings and Ideals	V/01--V/04	HIGH	40	Downloads/theory-of-commutative-algebra-11.tex;MATH_ALLS-3/theory-of-commutative-algebra-11.tex	WORKED_EXAMPLE	source:commutative-algebra; theme:fallback-to-volume-region	thematic section chosen only from broad volume fallback
SEM-6630978385F9	IMP-DL-A11279CC33-P008	V	Rings and Ideals	V/01--V/04	HIGH	40	Downloads/theory-of-commutative-algebra-6.tex;MATH_ALLS-3/theory-of-commutative-algebra-6.tex	WORKED_EXAMPLE	source:commutative-algebra; theme:fallback-to-volume-region	thematic section chosen only from broad volume fallback
SEM-6778D4141DE9	IMP-DL-4DEBE28720-P007	V	Rings and Ideals	V/01--V/04	HIGH	32	Downloads/theory-of-commutative-algebra-13.tex;MATH_ALLS-3/theory-of-commutative-algebra-13.tex	WORKED_EXAMPLE	source:commutative-algebra; theme:fallback-to-volume-region	thematic section chosen only from broad volume fallback
SEM-67DED6AFC4D3	IMP-DL-592BD0798C-P025	V	Rings and Ideals	V/01--V/04	HIGH	40	Downloads/theory-of-commutative-algebra-8.tex;MATH_ALLS-3/theory-of-commutative-algebra-8.tex	WORKED_EXAMPLE	source:commutative-algebra; theme:fallback-to-volume-region	thematic section chosen only from broad volume fallback
SEM-684AADE57BB8	IMP-DL-D18914CBBD-P005	V	Rings and Ideals	V/01--V/04	HIGH	40	Downloads/theory-of-commutative-algebra-11.tex;MATH_ALLS-3/theory-of-commutative-algebra-11.tex	WORKED_EXAMPLE	source:commutative-algebra; theme:fallback-to-volume-region	thematic section chosen only from broad volume fallback
SEM-6A3CC2EAD725	IMP-DL-592BD0798C-P007	V	Rings and Ideals	V/01--V/04	HIGH	40	Downloads/theory-of-commutative-algebra-8.tex;MATH_ALLS-3/theory-of-commutative-algebra-8.tex	WORKED_EXAMPLE	source:commutative-algebra; theme:fallback-to-volume-region	thematic section chosen only from broad volume fallback
SEM-6B179FBD1735	IMP-DL-D18914CBBD-P057	V	Rings and Ideals	V/01--V/04	HIGH	40	Downloads/theory-of-commutative-algebra-11.tex;MATH_ALLS-3/theory-of-commutative-algebra-11.tex	WORKED_EXAMPLE	source:commutative-algebra; theme:fallback-to-volume-region	thematic section chosen only from broad volume fallback
SEM-6C9B3769AEA7	IMP-DL-3C59D9EE8B-P118	V	Rings and Ideals	V/01--V/04	HIGH	31	Downloads/theory-of-commutative-algebra-5-professional-v2.tex;MATH_ALLS-3/theory-of-commutative-algebra-5-professional-v2.tex	PROBLEM_ITEM	source:commutative-algebra; theme:fallback-to-volume-region	thematic section chosen only from broad volume fallback
SEM-6CC06B267141	IMP-DL-1068DBED71-P028	V	Rings and Ideals	V/01--V/04	HIGH	60	Downloads/theory-of-commutative-algebra-10.tex;Downloads/theory-of-commutative-algebra-9.tex;MATH_ALLS-3/theory-of-commutative-algebra-10.tex;MATH_ALLS-3/theory-of-commutative-algebra-9.tex	WORKED_EXAMPLE	source:commutative-algebra; theme:fallback-to-volume-region	thematic section chosen only from broad volume fallback
SEM-6DAA08EA557C	IMP-DL-D18914CBBD-R002258-6DAA08EA	V	Rings and Ideals	V/01--V/04	HIGH	40	Downloads/theory-of-commutative-algebra-11.tex;MATH_ALLS-3/theory-of-commutative-algebra-11.tex	EXAMPLE	source:commutative-algebra; theme:fallback-to-volume-region	thematic section chosen only from broad volume fallback
SEM-712630995088	IMP-DL-3C59D9EE8B-P019	V	Rings and Ideals	V/01--V/04	HIGH	40	Downloads/theory-of-commutative-algebra-5-professional-v2.tex;MATH_ALLS-3/theory-of-commutative-algebra-5-professional-v2.tex	PROBLEM_ITEM	source:commutative-algebra; theme:fallback-to-volume-region	thematic section chosen only from broad volume fallback
SEM-71B02EA93E8C	IMP-DL-592BD0798C-P050	V	Rings and Ideals	V/01--V/04	HIGH	40	Downloads/theory-of-commutative-algebra-8.tex;MATH_ALLS-3/theory-of-commutative-algebra-8.tex	WORKED_EXAMPLE	source:commutative-algebra; theme:fallback-to-volume-region	thematic section chosen only from broad volume fallback
SEM-71BDF49E71BC	IMP-DL-3190BA882C-P012	V	Rings and Ideals	V/01--V/04	HIGH	40	Downloads/theory-of-commutative-algebra-15.tex;MATH_ALLS-3/theory-of-commutative-algebra-15.tex	EXERCISE_ITEM	source:commutative-algebra; theme:fallback-to-volume-region	thematic section chosen only from broad volume fallback
SEM-71DF2725D265	IMP-DL-4DEBE28720-P008	V	Rings and Ideals	V/01--V/04	MEDIUM	6	Downloads/theory-of-commutative-algebra-13.tex;MATH_ALLS-3/theory-of-commutative-algebra-13.tex	WORKED_EXAMPLE	source:commutative-algebra; theme:fallback-to-volume-region	thematic section chosen only from broad volume fallback
SEM-7222F7A56E82	IMP-DL-ACE5A65961-SPR004057-7222F7A5	V	Rings and Ideals	V/01--V/04	HIGH	36	Downloads/theory-of-commutative-algebra-2.tex;MATH_ALLS-3/theory-of-commutative-algebra-2.tex	EXAMPLE	source:commutative-algebra; theme:fallback-to-volume-region	thematic section chosen only from broad volume fallback
SEM-760B3D3D309D	IMP-DL-A11279CC33-P011	V	Rings and Ideals	V/01--V/04	HIGH	31	Downloads/theory-of-commutative-algebra-6.tex;MATH_ALLS-3/theory-of-commutative-algebra-6.tex	WORKED_EXAMPLE	source:commutative-algebra; theme:fallback-to-volume-region	thematic section chosen only from broad volume fallback
SEM-770D84002162	IMP-DL-3190BA882C-P009	V	Rings and Ideals	V/01--V/04	HIGH	40	Downloads/theory-of-commutative-algebra-15.tex;MATH_ALLS-3/theory-of-commutative-algebra-15.tex	EXERCISE_ITEM	source:commutative-algebra; theme:fallback-to-volume-region	thematic section chosen only from broad volume fallback
SEM-7720F1059FEB	IMP-DL-1068DBED71-P022	V	Rings and Ideals	V/01--V/04	HIGH	60	Downloads/theory-of-commutative-algebra-10.tex;Downloads/theory-of-commutative-algebra-9.tex;MATH_ALLS-3/theory-of-commutative-algebra-10.tex;MATH_ALLS-3/theory-of-commutative-algebra-9.tex	WORKED_EXAMPLE	source:commutative-algebra; theme:fallback-to-volume-region	thematic section chosen only from broad volume fallback
SEM-79FC82D36AD6	IMP-DL-3C59D9EE8B-P039	V	Rings and Ideals	V/01--V/04	HIGH	40	Downloads/theory-of-commutative-algebra-5-professional-v2.tex;MATH_ALLS-3/theory-of-commutative-algebra-5-professional-v2.tex	PROBLEM_ITEM	source:commutative-algebra; theme:fallback-to-volume-region	thematic section chosen only from broad volume fallback
SEM-7B4B9F9DF415	IMP-DL-D18914CBBD-P014	V	Rings and Ideals	V/01--V/04	HIGH	40	Downloads/theory-of-commutative-algebra-11.tex;MATH_ALLS-3/theory-of-commutative-algebra-11.tex	WORKED_EXAMPLE	source:commutative-algebra; theme:fallback-to-volume-region	thematic section chosen only from broad volume fallback
SEM-7B9B162790D9	IMP-DL-A470D9BACB-P011	V	Homological Algebra	V/22--V/28	LOW	2	Downloads/theory-of-geometry-1.tex;MATH-ALLS-2/theory-of-geometry-1.tex	PROBLEM_ITEM	text:ext ; theme:ext 	low volume-classification confidence
SEM-7BF19DA10F95	IMP-DL-592BD0798C-P032	V	Rings and Ideals	V/01--V/04	HIGH	40	Downloads/theory-of-commutative-algebra-8.tex;MATH_ALLS-3/theory-of-commutative-algebra-8.tex	PROBLEM_ITEM	source:commutative-algebra; theme:fallback-to-volume-region	thematic section chosen only from broad volume fallback
SEM-7C20ECD712F3	IMP-DL-D18914CBBD-P012	V	Rings and Ideals	V/01--V/04	HIGH	40	Downloads/theory-of-commutative-algebra-11.tex;MATH_ALLS-3/theory-of-commutative-algebra-11.tex	WORKED_EXAMPLE	source:commutative-algebra; theme:fallback-to-volume-region	thematic section chosen only from broad volume fallback
SEM-7DD865F28511	IMP-DL-4DEBE28720-P096	V	Rings and Ideals	V/01--V/04	HIGH	40	Downloads/theory-of-commutative-algebra-13.tex;MATH_ALLS-3/theory-of-commutative-algebra-13.tex	WORKED_EXAMPLE	source:commutative-algebra; theme:fallback-to-volume-region	thematic section chosen only from broad volume fallback
SEM-7ECE049B3CB0	IMP-DL-D18914CBBD-P032	V	Rings and Ideals	V/01--V/04	HIGH	40	Downloads/theory-of-commutative-algebra-11.tex;MATH_ALLS-3/theory-of-commutative-algebra-11.tex	WORKED_EXAMPLE	source:commutative-algebra; theme:fallback-to-volume-region	thematic section chosen only from broad volume fallback
SEM-7FB6945B2F76	IMP-DL-31FF76D7B8-P008	V	Homological Algebra	V/22--V/28	LOW	1	Downloads/theory-of-algebraic-topology-16.tex	PROBLEM	text:tor ,ext ; theme:tor ,ext 	low volume-classification confidence
SEM-81DE36A2274B	IMP-DL-D18914CBBD-P053	V	Rings and Ideals	V/01--V/04	HIGH	40	Downloads/theory-of-commutative-algebra-11.tex;MATH_ALLS-3/theory-of-commutative-algebra-11.tex	WORKED_EXAMPLE	source:commutative-algebra; theme:fallback-to-volume-region	thematic section chosen only from broad volume fallback
SEM-8347F4DD0F5F	IMP-DL-A11279CC33-P018	V	Rings and Ideals	V/01--V/04	HIGH	40	Downloads/theory-of-commutative-algebra-6.tex;MATH_ALLS-3/theory-of-commutative-algebra-6.tex	WORKED_EXAMPLE	source:commutative-algebra; theme:fallback-to-volume-region	thematic section chosen only from broad volume fallback
SEM-880E5195727B	IMP-DL-1068DBED71-P023	V	Rings and Ideals	V/01--V/04	HIGH	60	Downloads/theory-of-commutative-algebra-10.tex;Downloads/theory-of-commutative-algebra-9.tex;MATH_ALLS-3/theory-of-commutative-algebra-10.tex;MATH_ALLS-3/theory-of-commutative-algebra-9.tex	WORKED_EXAMPLE	source:commutative-algebra; theme:fallback-to-volume-region	thematic section chosen only from broad volume fallback
SEM-88291EBE2458	IMP-DL-12C1A20716-P008	V	Homological Algebra	V/22--V/28	LOW	2	Downloads/theory-of-algebraic-topology-10.tex	PROBLEM	text:tor ,ext ; theme:tor ,ext 	low volume-classification confidence
SEM-88961BE200AE	IMP-DL-4DEBE28720-P037	V	Rings and Ideals	V/01--V/04	HIGH	32	Downloads/theory-of-commutative-algebra-13.tex;MATH_ALLS-3/theory-of-commutative-algebra-13.tex	WORKED_EXAMPLE	source:commutative-algebra; theme:fallback-to-volume-region	thematic section chosen only from broad volume fallback
SEM-889BF92F7E28	IMP-DL-A11279CC33-P017	V	Rings and Ideals	V/01--V/04	HIGH	40	Downloads/theory-of-commutative-algebra-6.tex;MATH_ALLS-3/theory-of-commutative-algebra-6.tex	WORKED_EXAMPLE	source:commutative-algebra; theme:fallback-to-volume-region	thematic section chosen only from broad volume fallback
SEM-8947B3369B02	IMP-DL-D2CF6ADC46-R001357-8947B336	V	Rings and Ideals	V/01--V/04	HIGH	20	Downloads/theory-of-commutative-algebra-16.tex	EXAMPLE	source:commutative-algebra; theme:fallback-to-volume-region	thematic section chosen only from broad volume fallback
SEM-8A893D9DA8FC	IMP-DL-A11279CC33-P027	V	Rings and Ideals	V/01--V/04	HIGH	40	Downloads/theory-of-commutative-algebra-6.tex;MATH_ALLS-3/theory-of-commutative-algebra-6.tex	WORKED_EXAMPLE	source:commutative-algebra; theme:fallback-to-volume-region	thematic section chosen only from broad volume fallback
SEM-8DAD281262D2	IMP-DL-592BD0798C-P047	V	Rings and Ideals	V/01--V/04	HIGH	40	Downloads/theory-of-commutative-algebra-8.tex;MATH_ALLS-3/theory-of-commutative-algebra-8.tex	WORKED_EXAMPLE	source:commutative-algebra; theme:fallback-to-volume-region	thematic section chosen only from broad volume fallback
SEM-8DF2B81B449E	IMP-DL-3C59D9EE8B-P055	V	Rings and Ideals	V/01--V/04	HIGH	40	Downloads/theory-of-commutative-algebra-5-professional-v2.tex;MATH_ALLS-3/theory-of-commutative-algebra-5-professional-v2.tex	PROBLEM_ITEM	source:commutative-algebra; theme:fallback-to-volume-region	thematic section chosen only from broad volume fallback
SEM-8E8F4538B84C	IMP-DL-1068DBED71-P032	V	Rings and Ideals	V/01--V/04	HIGH	51	Downloads/theory-of-commutative-algebra-10.tex;Downloads/theory-of-commutative-algebra-9.tex;MATH_ALLS-3/theory-of-commutative-algebra-10.tex;MATH_ALLS-3/theory-of-commutative-algebra-9.tex	WORKED_EXAMPLE	source:commutative-algebra; theme:fallback-to-volume-region	thematic section chosen only from broad volume fallback
SEM-92B4688F9DC1	IMP-DL-3C59D9EE8B-P148	V	Rings and Ideals	V/01--V/04	HIGH	40	Downloads/theory-of-commutative-algebra-5-professional-v2.tex;MATH_ALLS-3/theory-of-commutative-algebra-5-professional-v2.tex	PROBLEM_ITEM	source:commutative-algebra; theme:fallback-to-volume-region	thematic section chosen only from broad volume fallback
SEM-92C50EA573C6	IMP-DL-494D52343C-P014	V	Rings and Ideals	V/01--V/04	HIGH	60	Downloads/theory-of-commutative-algebra-7 - Copy.tex;Downloads/theory-of-commutative-algebra-7.tex;MATH_ALLS-3/theory-of-commutative-algebra-7 - Copy.tex;MATH_ALLS-3/theory-of-commutative-algebra-7.tex	WORKED_EXAMPLE	source:commutative-algebra; theme:fallback-to-volume-region	thematic section chosen only from broad volume fallback
SEM-937B2B0B7B21	IMP-DL-D18914CBBD-P054	V	Rings and Ideals	V/01--V/04	HIGH	40	Downloads/theory-of-commutative-algebra-11.tex;MATH_ALLS-3/theory-of-commutative-algebra-11.tex	WORKED_EXAMPLE	source:commutative-algebra; theme:fallback-to-volume-region	thematic section chosen only from broad volume fallback
SEM-9387AEC72500	IMP-DL-592BD0798C-P031	V	Rings and Ideals	V/01--V/04	HIGH	40	Downloads/theory-of-commutative-algebra-8.tex;MATH_ALLS-3/theory-of-commutative-algebra-8.tex	PROBLEM_ITEM	source:commutative-algebra; theme:fallback-to-volume-region	thematic section chosen only from broad volume fallback
SEM-94CD0DADD1F8	IMP-DL-68F65EDA24-P015	V	Homological Algebra	V/22--V/28	LOW	8	Downloads/merged_exercises_corrected.tex;MATH-ALLS-2/merged_exercises_corrected.tex	EXERCISE	text:ext ; theme:ext 	low volume-classification confidence
SEM-952A589965D1	IMP-DL-A5CEE6E541-PSR004375-952A5899	V	Homological Algebra	V/22--V/28	LOW	2	Downloads/theory-of-algebraic-geometry-8.tex	EXAMPLE	text:ext ; theme:ext 	low volume-classification confidence
SEM-95865ADF2603	IMP-DL-592BD0798C-P055	V	Rings and Ideals	V/01--V/04	HIGH	40	Downloads/theory-of-commutative-algebra-8.tex;MATH_ALLS-3/theory-of-commutative-algebra-8.tex	PROBLEM_ITEM	source:commutative-algebra; theme:fallback-to-volume-region	thematic section chosen only from broad volume fallback
SEM-9667869C099C	IMP-DL-3C59D9EE8B-P027	V	Rings and Ideals	V/01--V/04	HIGH	40	Downloads/theory-of-commutative-algebra-5-professional-v2.tex;MATH_ALLS-3/theory-of-commutative-algebra-5-professional-v2.tex	PROBLEM_ITEM	source:commutative-algebra; theme:fallback-to-volume-region	thematic section chosen only from broad volume fallback
SEM-97F5C474B4C3	IMP-DL-3C59D9EE8B-P061	V	Rings and Ideals	V/01--V/04	HIGH	40	Downloads/theory-of-commutative-algebra-5-professional-v2.tex;MATH_ALLS-3/theory-of-commutative-algebra-5-professional-v2.tex	PROBLEM_ITEM	source:commutative-algebra; theme:fallback-to-volume-region	thematic section chosen only from broad volume fallback
SEM-9A14D339DC96	IMP-DL-D18914CBBD-P009	V	Rings and Ideals	V/01--V/04	HIGH	40	Downloads/theory-of-commutative-algebra-11.tex;MATH_ALLS-3/theory-of-commutative-algebra-11.tex	WORKED_EXAMPLE	source:commutative-algebra; theme:fallback-to-volume-region	thematic section chosen only from broad volume fallback
SEM-9AD615491016	IMP-DL-592BD0798C-P036	V	Rings and Ideals	V/01--V/04	HIGH	40	Downloads/theory-of-commutative-algebra-8.tex;MATH_ALLS-3/theory-of-commutative-algebra-8.tex	PROBLEM_ITEM	source:commutative-algebra; theme:fallback-to-volume-region	thematic section chosen only from broad volume fallback
SEM-9B02CB2A99C1	IMP-DL-4DEBE28720-P023	V	Rings and Ideals	V/01--V/04	HIGH	30	Downloads/theory-of-commutative-algebra-13.tex;MATH_ALLS-3/theory-of-commutative-algebra-13.tex	WORKED_EXAMPLE	source:commutative-algebra; theme:fallback-to-volume-region	thematic section chosen only from broad volume fallback
SEM-9B8180200689	IMP-DL-A11279CC33-P007	V	Rings and Ideals	V/01--V/04	HIGH	40	Downloads/theory-of-commutative-algebra-6.tex;MATH_ALLS-3/theory-of-commutative-algebra-6.tex	WORKED_EXAMPLE	source:commutative-algebra; theme:fallback-to-volume-region	thematic section chosen only from broad volume fallback
SEM-9C84520F0700	IMP-DL-592BD0798C-P044	V	Rings and Ideals	V/01--V/04	HIGH	40	Downloads/theory-of-commutative-algebra-8.tex;MATH_ALLS-3/theory-of-commutative-algebra-8.tex	WORKED_EXAMPLE	source:commutative-algebra; theme:fallback-to-volume-region	thematic section chosen only from broad volume fallback
SEM-9D5182C4BF61	IMP-DL-12C1A20716-P016	V	Homological Algebra	V/22--V/28	LOW	2	Downloads/theory-of-algebraic-topology-10.tex	PROBLEM_ITEM	text:tensor product,ext ; theme:ext 	low volume-classification confidence
SEM-9E5864619162	IMP-DL-4DEBE28720-P046	V	Rings and Ideals	V/01--V/04	HIGH	30	Downloads/theory-of-commutative-algebra-13.tex;MATH_ALLS-3/theory-of-commutative-algebra-13.tex	WORKED_EXAMPLE	source:commutative-algebra; theme:fallback-to-volume-region	thematic section chosen only from broad volume fallback
SEM-9E5FAE307E59	IMP-DL-592BD0798C-P013	V	Rings and Ideals	V/01--V/04	HIGH	40	Downloads/theory-of-commutative-algebra-8.tex;MATH_ALLS-3/theory-of-commutative-algebra-8.tex	WORKED_EXAMPLE	source:commutative-algebra; theme:fallback-to-volume-region	thematic section chosen only from broad volume fallback
SEM-9F243C8D8488	IMP-DL-D18914CBBD-P051	V	Rings and Ideals	V/01--V/04	HIGH	40	Downloads/theory-of-commutative-algebra-11.tex;MATH_ALLS-3/theory-of-commutative-algebra-11.tex	WORKED_EXAMPLE	source:commutative-algebra; theme:fallback-to-volume-region	thematic section chosen only from broad volume fallback
SEM-A1DB9608D509	IMP-DL-592BD0798C-P046	V	Rings and Ideals	V/01--V/04	HIGH	40	Downloads/theory-of-commutative-algebra-8.tex;MATH_ALLS-3/theory-of-commutative-algebra-8.tex	WORKED_EXAMPLE	source:commutative-algebra; theme:fallback-to-volume-region	thematic section chosen only from broad volume fallback
SEM-A2D20713FB54	IMP-DL-A11279CC33-P002	V	Rings and Ideals	V/01--V/04	HIGH	40	Downloads/theory-of-commutative-algebra-6.tex;MATH_ALLS-3/theory-of-commutative-algebra-6.tex	WORKED_EXAMPLE	source:commutative-algebra; theme:fallback-to-volume-region	thematic section chosen only from broad volume fallback
SEM-A34D478678EF	IMP-DL-A11279CC33-P006	V	Rings and Ideals	V/01--V/04	HIGH	40	Downloads/theory-of-commutative-algebra-6.tex;MATH_ALLS-3/theory-of-commutative-algebra-6.tex	WORKED_EXAMPLE	source:commutative-algebra; theme:fallback-to-volume-region	thematic section chosen only from broad volume fallback
SEM-A55582677FB1	IMP-DL-3C59D9EE8B-P043	V	Rings and Ideals	V/01--V/04	HIGH	40	Downloads/theory-of-commutative-algebra-5-professional-v2.tex;MATH_ALLS-3/theory-of-commutative-algebra-5-professional-v2.tex	PROBLEM_ITEM	source:commutative-algebra; theme:fallback-to-volume-region	thematic section chosen only from broad volume fallback
SEM-A64F46297EE8	IMP-DL-1068DBED71-P030	V	Rings and Ideals	V/01--V/04	HIGH	60	Downloads/theory-of-commutative-algebra-10.tex;Downloads/theory-of-commutative-algebra-9.tex;MATH_ALLS-3/theory-of-commutative-algebra-10.tex;MATH_ALLS-3/theory-of-commutative-algebra-9.tex	WORKED_EXAMPLE	source:commutative-algebra; theme:fallback-to-volume-region	thematic section chosen only from broad volume fallback
SEM-A68C798D6BA3	IMP-DL-4DEBE28720-P030	V	Rings and Ideals	V/01--V/04	HIGH	40	Downloads/theory-of-commutative-algebra-13.tex;MATH_ALLS-3/theory-of-commutative-algebra-13.tex	EXERCISE_ITEM	source:commutative-algebra; theme:fallback-to-volume-region	thematic section chosen only from broad volume fallback
SEM-A7B282994025	IMP-DL-3C59D9EE8B-P059	V	Rings and Ideals	V/01--V/04	HIGH	40	Downloads/theory-of-commutative-algebra-5-professional-v2.tex;MATH_ALLS-3/theory-of-commutative-algebra-5-professional-v2.tex	PROBLEM_ITEM	source:commutative-algebra; theme:fallback-to-volume-region	thematic section chosen only from broad volume fallback
SEM-AA0E9BD72037	IMP-DL-ACE5A65961-SPR004163-AA0E9BD7	V	Rings and Ideals	V/01--V/04	HIGH	36	Downloads/theory-of-commutative-algebra-2.tex;MATH_ALLS-3/theory-of-commutative-algebra-2.tex	EXAMPLE	source:commutative-algebra; theme:fallback-to-volume-region	thematic section chosen only from broad volume fallback
SEM-AB10EF023C25	IMP-DL-4DEBE28720-P025	V	Rings and Ideals	V/01--V/04	HIGH	32	Downloads/theory-of-commutative-algebra-13.tex;MATH_ALLS-3/theory-of-commutative-algebra-13.tex	EXERCISE_ITEM	source:commutative-algebra; theme:fallback-to-volume-region	thematic section chosen only from broad volume fallback
SEM-AF878EE98535	IMP-DL-A11279CC33-P004	V	Rings and Ideals	V/01--V/04	HIGH	40	Downloads/theory-of-commutative-algebra-6.tex;MATH_ALLS-3/theory-of-commutative-algebra-6.tex	WORKED_EXAMPLE	source:commutative-algebra; theme:fallback-to-volume-region	thematic section chosen only from broad volume fallback
SEM-AFC7A05A7E33	IMP-DL-1068DBED71-P025	V	Rings and Ideals	V/01--V/04	HIGH	60	Downloads/theory-of-commutative-algebra-10.tex;Downloads/theory-of-commutative-algebra-9.tex;MATH_ALLS-3/theory-of-commutative-algebra-10.tex;MATH_ALLS-3/theory-of-commutative-algebra-9.tex	WORKED_EXAMPLE	source:commutative-algebra; theme:fallback-to-volume-region	thematic section chosen only from broad volume fallback
SEM-AFE5420D0D01	IMP-DL-E69AEC0DA9-P016	V	Homological Algebra	V/22--V/28	LOW	8	Downloads/merged_exercises_corrected (4).tex;MATH-ALLS-2/merged_exercises_corrected (4).tex	EXERCISE	text:ext ; theme:ext 	low volume-classification confidence
SEM-B10E3119E21C	IMP-DL-D18914CBBD-P048	V	Rings and Ideals	V/01--V/04	HIGH	40	Downloads/theory-of-commutative-algebra-11.tex;MATH_ALLS-3/theory-of-commutative-algebra-11.tex	WORKED_EXAMPLE	source:commutative-algebra; theme:fallback-to-volume-region	thematic section chosen only from broad volume fallback
SEM-B2D97037CD7A	IMP-DL-A11279CC33-P030	V	Rings and Ideals	V/01--V/04	HIGH	40	Downloads/theory-of-commutative-algebra-6.tex;MATH_ALLS-3/theory-of-commutative-algebra-6.tex	WORKED_EXAMPLE	source:commutative-algebra; theme:fallback-to-volume-region	thematic section chosen only from broad volume fallback
SEM-B2F52CEDAB21	IMP-DL-3C59D9EE8B-P063	V	Rings and Ideals	V/01--V/04	HIGH	40	Downloads/theory-of-commutative-algebra-5-professional-v2.tex;MATH_ALLS-3/theory-of-commutative-algebra-5-professional-v2.tex	PROBLEM_ITEM	source:commutative-algebra; theme:fallback-to-volume-region	thematic section chosen only from broad volume fallback
SEM-B3F0E3D2ECA7	IMP-DL-4DEBE28720-P050	V	Rings and Ideals	V/01--V/04	HIGH	40	Downloads/theory-of-commutative-algebra-13.tex;MATH_ALLS-3/theory-of-commutative-algebra-13.tex	WORKED_EXAMPLE	source:commutative-algebra; theme:fallback-to-volume-region	thematic section chosen only from broad volume fallback
SEM-B439D58D2B18	IMP-DL-494D52343C-P003	V	Rings and Ideals	V/01--V/04	HIGH	60	Downloads/theory-of-commutative-algebra-7 - Copy.tex;Downloads/theory-of-commutative-algebra-7.tex;MATH_ALLS-3/theory-of-commutative-algebra-7 - Copy.tex;MATH_ALLS-3/theory-of-commutative-algebra-7.tex	WORKED_EXAMPLE	source:commutative-algebra; theme:fallback-to-volume-region	thematic section chosen only from broad volume fallback
SEM-B44CA6302487	IMP-DL-D18914CBBD-R002270-B44CA630	V	Rings and Ideals	V/01--V/04	HIGH	40	Downloads/theory-of-commutative-algebra-11.tex;MATH_ALLS-3/theory-of-commutative-algebra-11.tex	EXAMPLE	source:commutative-algebra; theme:fallback-to-volume-region	thematic section chosen only from broad volume fallback
SEM-B819EA2CF377	IMP-DL-314EAD1F3C-R002778-B819EA2C	V	Modules and Tensor Products	V/09--V/14	LOW	3	Downloads/theory-of-algebraic-topology-12.tex	PROBLEM	text:module,tensor product,free resolution; theme:module,tensor product	low volume-classification confidence
SEM-B9839A8B3C42	IMP-DL-724FD8B7B1-SPR005037-B9839A8B	V	Rings and Ideals	V/01--V/04	HIGH	25	Downloads/theory-of-commutative-algebra-1.tex;MATH_ALLS-3/theory-of-commutative-algebra-1.tex	EXAMPLE	source:commutative-algebra; theme:fallback-to-volume-region	thematic section chosen only from broad volume fallback
SEM-BAF81938476D	IMP-DL-D18914CBBD-P008	V	Rings and Ideals	V/01--V/04	HIGH	40	Downloads/theory-of-commutative-algebra-11.tex;MATH_ALLS-3/theory-of-commutative-algebra-11.tex	WORKED_EXAMPLE	source:commutative-algebra; theme:fallback-to-volume-region	thematic section chosen only from broad volume fallback
SEM-BC4A39A6EBF1	IMP-DL-724FD8B7B1-SPR004960-BC4A39A6	V	Rings and Ideals	V/01--V/04	HIGH	40	Downloads/theory-of-commutative-algebra-1.tex;MATH_ALLS-3/theory-of-commutative-algebra-1.tex	EXAMPLE	source:commutative-algebra; theme:fallback-to-volume-region	thematic section chosen only from broad volume fallback
SEM-BD9097B14903	IMP-DL-D4351A3BBD-P014	V	Homological Algebra	V/22--V/28	LOW	2	Downloads/theory-of-geometry-IV.tex;MATH-ALLS-2/theory-of-geometry-IV.tex	PROBLEM_ITEM	text:tor ; theme:tor 	low volume-classification confidence
SEM-BDF727934580	IMP-DL-592BD0798C-P033	V	Rings and Ideals	V/01--V/04	HIGH	40	Downloads/theory-of-commutative-algebra-8.tex;MATH_ALLS-3/theory-of-commutative-algebra-8.tex	PROBLEM_ITEM	source:commutative-algebra; theme:fallback-to-volume-region	thematic section chosen only from broad volume fallback
SEM-C035382E022A	IMP-DL-1068DBED71-P033	V	Rings and Ideals	V/01--V/04	HIGH	42	Downloads/theory-of-commutative-algebra-10.tex;Downloads/theory-of-commutative-algebra-9.tex;MATH_ALLS-3/theory-of-commutative-algebra-10.tex;MATH_ALLS-3/theory-of-commutative-algebra-9.tex	WORKED_EXAMPLE	source:commutative-algebra; theme:fallback-to-volume-region	thematic section chosen only from broad volume fallback
SEM-C30D20A7CE0B	IMP-DL-890EB1F6EA-P015	V	Homological Algebra	V/22--V/28	LOW	8	Downloads/merged_exercises_FULL_v2.tex;MATH-ALLS-2/merged_exercises_FULL_v2.tex	EXERCISE	text:ext ; theme:ext 	low volume-classification confidence
SEM-C32BA74D717F	IMP-DL-4DEBE28720-P059	V	Rings and Ideals	V/01--V/04	HIGH	40	Downloads/theory-of-commutative-algebra-13.tex;MATH_ALLS-3/theory-of-commutative-algebra-13.tex	EXERCISE_ITEM	source:commutative-algebra; theme:fallback-to-volume-region	thematic section chosen only from broad volume fallback
SEM-C34DB336667C	IMP-DL-4DEBE28720-P056	V	Rings and Ideals	V/01--V/04	HIGH	40	Downloads/theory-of-commutative-algebra-13.tex;MATH_ALLS-3/theory-of-commutative-algebra-13.tex	EXERCISE_ITEM	source:commutative-algebra; theme:fallback-to-volume-region	thematic section chosen only from broad volume fallback
SEM-C3869144267E	IMP-DL-D18914CBBD-P016	V	Rings and Ideals	V/01--V/04	HIGH	40	Downloads/theory-of-commutative-algebra-11.tex;MATH_ALLS-3/theory-of-commutative-algebra-11.tex	WORKED_EXAMPLE	source:commutative-algebra; theme:fallback-to-volume-region	thematic section chosen only from broad volume fallback
SEM-C3C5A4CC4A19	IMP-DL-3C59D9EE8B-P077	V	Rings and Ideals	V/01--V/04	HIGH	40	Downloads/theory-of-commutative-algebra-5-professional-v2.tex;MATH_ALLS-3/theory-of-commutative-algebra-5-professional-v2.tex	PROBLEM_ITEM	source:commutative-algebra; theme:fallback-to-volume-region	thematic section chosen only from broad volume fallback
SEM-C482DFDFD60A	IMP-DL-535B6F59C6-SPR001992-C482DFDF	V	Rings and Ideals	V/01--V/04	HIGH	40	Downloads/theory-of-commutative-algebra-4.tex;MATH_ALLS-3/theory-of-commutative-algebra-4.tex	EXAMPLE	source:commutative-algebra; theme:fallback-to-volume-region	thematic section chosen only from broad volume fallback
SEM-C64E532F9581	IMP-DL-592BD0798C-P035	V	Rings and Ideals	V/01--V/04	HIGH	40	Downloads/theory-of-commutative-algebra-8.tex;MATH_ALLS-3/theory-of-commutative-algebra-8.tex	PROBLEM_ITEM	source:commutative-algebra; theme:fallback-to-volume-region	thematic section chosen only from broad volume fallback
SEM-C8405B11D05C	IMP-DL-B7B63B4C41-ORR000930-C8405B11	V	Rings and Ideals	V/01--V/04	HIGH	20	Downloads/theory-of-commutative-algebra-12.tex	PROBLEM	source:commutative-algebra; theme:fallback-to-volume-region	thematic section chosen only from broad volume fallback
SEM-C8A834E6B1C8	IMP-DL-D18914CBBD-P006	V	Rings and Ideals	V/01--V/04	HIGH	40	Downloads/theory-of-commutative-algebra-11.tex;MATH_ALLS-3/theory-of-commutative-algebra-11.tex	WORKED_EXAMPLE	source:commutative-algebra; theme:fallback-to-volume-region	thematic section chosen only from broad volume fallback
SEM-CA0A6E12E64E	IMP-DL-592BD0798C-P021	V	Rings and Ideals	V/01--V/04	HIGH	40	Downloads/theory-of-commutative-algebra-8.tex;MATH_ALLS-3/theory-of-commutative-algebra-8.tex	PROBLEM_ITEM	source:commutative-algebra; theme:fallback-to-volume-region	thematic section chosen only from broad volume fallback
SEM-CB79118F6210	IMP-DL-31FF76D7B8-P006	V	Homological Algebra	V/22--V/28	LOW	2	Downloads/theory-of-algebraic-topology-16.tex	WORKED_EXAMPLE	text:tor ,ext ; theme:tor ,ext 	low volume-classification confidence
SEM-CCBA0CD82FDA	IMP-DL-D18914CBBD-R002277-CCBA0CD8	V	Rings and Ideals	V/01--V/04	HIGH	40	Downloads/theory-of-commutative-algebra-11.tex;MATH_ALLS-3/theory-of-commutative-algebra-11.tex	EXAMPLE	source:commutative-algebra; theme:fallback-to-volume-region	thematic section chosen only from broad volume fallback
SEM-CCE9B5DD9E8C	IMP-DL-3C59D9EE8B-P116	V	Rings and Ideals	V/01--V/04	HIGH	31	Downloads/theory-of-commutative-algebra-5-professional-v2.tex;MATH_ALLS-3/theory-of-commutative-algebra-5-professional-v2.tex	PROBLEM_ITEM	source:commutative-algebra; theme:fallback-to-volume-region	thematic section chosen only from broad volume fallback
SEM-CDDE7440D20D	IMP-DL-1068DBED71-P026	V	Rings and Ideals	V/01--V/04	HIGH	60	Downloads/theory-of-commutative-algebra-10.tex;Downloads/theory-of-commutative-algebra-9.tex;MATH_ALLS-3/theory-of-commutative-algebra-10.tex;MATH_ALLS-3/theory-of-commutative-algebra-9.tex	WORKED_EXAMPLE	source:commutative-algebra; theme:fallback-to-volume-region	thematic section chosen only from broad volume fallback
SEM-CDE147877C62	IMP-DL-3C59D9EE8B-P060	V	Rings and Ideals	V/01--V/04	HIGH	40	Downloads/theory-of-commutative-algebra-5-professional-v2.tex;MATH_ALLS-3/theory-of-commutative-algebra-5-professional-v2.tex	PROBLEM_ITEM	source:commutative-algebra; theme:fallback-to-volume-region	thematic section chosen only from broad volume fallback
SEM-CF658F5AF5A1	IMP-DL-4DEBE28720-P003	V	Rings and Ideals	V/01--V/04	HIGH	40	Downloads/theory-of-commutative-algebra-13.tex;MATH_ALLS-3/theory-of-commutative-algebra-13.tex	WORKED_EXAMPLE	source:commutative-algebra; theme:fallback-to-volume-region	thematic section chosen only from broad volume fallback
SEM-D2A0B35D4E15	IMP-DL-D18914CBBD-P056	V	Rings and Ideals	V/01--V/04	HIGH	40	Downloads/theory-of-commutative-algebra-11.tex;MATH_ALLS-3/theory-of-commutative-algebra-11.tex	WORKED_EXAMPLE	source:commutative-algebra; theme:fallback-to-volume-region	thematic section chosen only from broad volume fallback
SEM-D303300B4C81	IMP-DL-3C59D9EE8B-P103	V	Rings and Ideals	V/01--V/04	HIGH	40	Downloads/theory-of-commutative-algebra-5-professional-v2.tex;MATH_ALLS-3/theory-of-commutative-algebra-5-professional-v2.tex	PROBLEM_ITEM	source:commutative-algebra; theme:fallback-to-volume-region	thematic section chosen only from broad volume fallback
SEM-D3A4E59534F2	IMP-DL-592BD0798C-P049	V	Rings and Ideals	V/01--V/04	HIGH	40	Downloads/theory-of-commutative-algebra-8.tex;MATH_ALLS-3/theory-of-commutative-algebra-8.tex	WORKED_EXAMPLE	source:commutative-algebra; theme:fallback-to-volume-region	thematic section chosen only from broad volume fallback
SEM-D3D426A988F7	IMP-DL-D2CF6ADC46-P002	V	Rings and Ideals	V/01--V/04	HIGH	20	Downloads/theory-of-commutative-algebra-16.tex	WORKED_EXAMPLE	source:commutative-algebra; theme:fallback-to-volume-region	thematic section chosen only from broad volume fallback
SEM-D3F2A251C622	IMP-DL-A11279CC33-P031	V	Rings and Ideals	V/01--V/04	HIGH	40	Downloads/theory-of-commutative-algebra-6.tex;MATH_ALLS-3/theory-of-commutative-algebra-6.tex	WORKED_EXAMPLE	source:commutative-algebra; theme:fallback-to-volume-region	thematic section chosen only from broad volume fallback
SEM-D4C2A2F5C9BC	IMP-DL-1068DBED71-P029	V	Rings and Ideals	V/01--V/04	HIGH	50	Downloads/theory-of-commutative-algebra-10.tex;Downloads/theory-of-commutative-algebra-9.tex;MATH_ALLS-3/theory-of-commutative-algebra-10.tex;MATH_ALLS-3/theory-of-commutative-algebra-9.tex	WORKED_EXAMPLE	source:commutative-algebra; theme:fallback-to-volume-region	thematic section chosen only from broad volume fallback
SEM-D51870F11775	IMP-DL-535B6F59C6-SPR001963-D51870F1	V	Rings and Ideals	V/01--V/04	HIGH	40	Downloads/theory-of-commutative-algebra-4.tex;MATH_ALLS-3/theory-of-commutative-algebra-4.tex	EXAMPLE	source:commutative-algebra; theme:fallback-to-volume-region	thematic section chosen only from broad volume fallback
SEM-D616C3903625	IMP-DL-ACE5A65961-SPR004247-D616C390	V	Rings and Ideals	V/01--V/04	HIGH	36	Downloads/theory-of-commutative-algebra-2.tex;MATH_ALLS-3/theory-of-commutative-algebra-2.tex	EXAMPLE	source:commutative-algebra; theme:fallback-to-volume-region	thematic section chosen only from broad volume fallback
SEM-D6ACBAA18D49	IMP-DL-3190BA882C-P006	V	Rings and Ideals	V/01--V/04	HIGH	40	Downloads/theory-of-commutative-algebra-15.tex;MATH_ALLS-3/theory-of-commutative-algebra-15.tex	EXERCISE_ITEM	source:commutative-algebra; theme:fallback-to-volume-region	thematic section chosen only from broad volume fallback
SEM-DADB8F97A205	IMP-DL-535B6F59C6-SPR001793-DADB8F97	V	Rings and Ideals	V/01--V/04	HIGH	40	Downloads/theory-of-commutative-algebra-4.tex;MATH_ALLS-3/theory-of-commutative-algebra-4.tex	EXAMPLE	source:commutative-algebra; theme:fallback-to-volume-region	thematic section chosen only from broad volume fallback
SEM-DBBE446256BA	IMP-DL-494D52343C-P002	V	Rings and Ideals	V/01--V/04	HIGH	52	Downloads/theory-of-commutative-algebra-7 - Copy.tex;Downloads/theory-of-commutative-algebra-7.tex;MATH_ALLS-3/theory-of-commutative-algebra-7 - Copy.tex;MATH_ALLS-3/theory-of-commutative-algebra-7.tex	WORKED_EXAMPLE	source:commutative-algebra; theme:fallback-to-volume-region	thematic section chosen only from broad volume fallback
SEM-DBD6C23DC6D2	IMP-DL-592BD0798C-P052	V	Rings and Ideals	V/01--V/04	HIGH	40	Downloads/theory-of-commutative-algebra-8.tex;MATH_ALLS-3/theory-of-commutative-algebra-8.tex	WORKED_EXAMPLE	source:commutative-algebra; theme:fallback-to-volume-region	thematic section chosen only from broad volume fallback
SEM-DC51EC51A508	IMP-DL-4DEBE28720-P078	V	Rings and Ideals	V/01--V/04	HIGH	33	Downloads/theory-of-commutative-algebra-13.tex;MATH_ALLS-3/theory-of-commutative-algebra-13.tex	WORKED_EXAMPLE	source:commutative-algebra; theme:fallback-to-volume-region	thematic section chosen only from broad volume fallback
SEM-DCB90C2A213C	IMP-DL-D18914CBBD-P033	V	Rings and Ideals	V/01--V/04	HIGH	40	Downloads/theory-of-commutative-algebra-11.tex;MATH_ALLS-3/theory-of-commutative-algebra-11.tex	WORKED_EXAMPLE	source:commutative-algebra; theme:fallback-to-volume-region	thematic section chosen only from broad volume fallback
SEM-DD9A3562A7BB	IMP-DL-D18914CBBD-P045	V	Rings and Ideals	V/01--V/04	HIGH	40	Downloads/theory-of-commutative-algebra-11.tex;MATH_ALLS-3/theory-of-commutative-algebra-11.tex	WORKED_EXAMPLE	source:commutative-algebra; theme:fallback-to-volume-region	thematic section chosen only from broad volume fallback
SEM-E0121607462C	IMP-DL-A11279CC33-P009	V	Rings and Ideals	V/01--V/04	HIGH	40	Downloads/theory-of-commutative-algebra-6.tex;MATH_ALLS-3/theory-of-commutative-algebra-6.tex	WORKED_EXAMPLE	source:commutative-algebra; theme:fallback-to-volume-region	thematic section chosen only from broad volume fallback
SEM-E020DF13261D	IMP-DL-38CE6DEB56-P050	V	Rings and Ideals	V/01--V/04	HIGH	40	Downloads/theory-of-commutative-algebra-14.tex;MATH_ALLS-3/theory-of-commutative-algebra-14.tex	EXERCISE	source:commutative-algebra; theme:fallback-to-volume-region	thematic section chosen only from broad volume fallback
SEM-E413DCB274F8	IMP-DL-D18914CBBD-P049	V	Rings and Ideals	V/01--V/04	HIGH	40	Downloads/theory-of-commutative-algebra-11.tex;MATH_ALLS-3/theory-of-commutative-algebra-11.tex	WORKED_EXAMPLE	source:commutative-algebra; theme:fallback-to-volume-region	thematic section chosen only from broad volume fallback
SEM-E59597CCD0B1	IMP-DL-3190BA882C-P005	V	Rings and Ideals	V/01--V/04	HIGH	35	Downloads/theory-of-commutative-algebra-15.tex;MATH_ALLS-3/theory-of-commutative-algebra-15.tex	EXERCISE_ITEM	source:commutative-algebra; theme:fallback-to-volume-region	thematic section chosen only from broad volume fallback
SEM-EC26CDA4806C	IMP-DL-104BB7EB92-P001	V	Homological Algebra	V/22--V/28	LOW	8	Downloads/merged_exercises (3).tex;MATH-ALLS-2/merged_exercises (3).tex	EXERCISE	text:ext ; theme:ext 	low volume-classification confidence
SEM-ED6497E962AE	IMP-DL-4DEBE28720-P053	V	Rings and Ideals	V/01--V/04	HIGH	32	Downloads/theory-of-commutative-algebra-13.tex;MATH_ALLS-3/theory-of-commutative-algebra-13.tex	EXERCISE_ITEM	source:commutative-algebra; theme:fallback-to-volume-region	thematic section chosen only from broad volume fallback
SEM-F042D30B41AB	IMP-DL-3C59D9EE8B-P151	V	Rings and Ideals	V/01--V/04	HIGH	40	Downloads/theory-of-commutative-algebra-5-professional-v2.tex;MATH_ALLS-3/theory-of-commutative-algebra-5-professional-v2.tex	PROBLEM_ITEM	source:commutative-algebra; theme:fallback-to-volume-region	thematic section chosen only from broad volume fallback
SEM-F1BF92B2DAC2	IMP-DL-3C59D9EE8B-P034	V	Rings and Ideals	V/01--V/04	HIGH	40	Downloads/theory-of-commutative-algebra-5-professional-v2.tex;MATH_ALLS-3/theory-of-commutative-algebra-5-professional-v2.tex	PROBLEM_ITEM	source:commutative-algebra; theme:fallback-to-volume-region	thematic section chosen only from broad volume fallback
SEM-F24918C811D0	IMP-DL-A11279CC33-P029	V	Rings and Ideals	V/01--V/04	HIGH	40	Downloads/theory-of-commutative-algebra-6.tex;MATH_ALLS-3/theory-of-commutative-algebra-6.tex	WORKED_EXAMPLE	source:commutative-algebra; theme:fallback-to-volume-region	thematic section chosen only from broad volume fallback
SEM-F30B78428D30	IMP-DL-ACE5A65961-SPR004111-F30B7842	V	Rings and Ideals	V/01--V/04	HIGH	36	Downloads/theory-of-commutative-algebra-2.tex;MATH_ALLS-3/theory-of-commutative-algebra-2.tex	EXAMPLE	source:commutative-algebra; theme:fallback-to-volume-region	thematic section chosen only from broad volume fallback
SEM-F6C5573B5257	IMP-DL-4DEBE28720-P047	V	Rings and Ideals	V/01--V/04	HIGH	20	Downloads/theory-of-commutative-algebra-13.tex;MATH_ALLS-3/theory-of-commutative-algebra-13.tex	WORKED_EXAMPLE	source:commutative-algebra; theme:fallback-to-volume-region	thematic section chosen only from broad volume fallback
SEM-F71BAC855BAC	IMP-DL-D18914CBBD-P002	V	Rings and Ideals	V/01--V/04	HIGH	40	Downloads/theory-of-commutative-algebra-11.tex;MATH_ALLS-3/theory-of-commutative-algebra-11.tex	WORKED_EXAMPLE	source:commutative-algebra; theme:fallback-to-volume-region	thematic section chosen only from broad volume fallback
SEM-F895C67A073B	IMP-DL-FD5C2608DA-P001	V	Rings and Ideals	V/01--V/04	HIGH	40	Downloads/theory-of-commutative-algebra-3.tex;MATH_ALLS-3/theory-of-commutative-algebra-3.tex	PROBLEM_ITEM	source:commutative-algebra; theme:fallback-to-volume-region	thematic section chosen only from broad volume fallback
SEM-FA2B76B1B438	IMP-DL-592BD0798C-P012	V	Rings and Ideals	V/01--V/04	HIGH	40	Downloads/theory-of-commutative-algebra-8.tex;MATH_ALLS-3/theory-of-commutative-algebra-8.tex	WORKED_EXAMPLE	source:commutative-algebra; theme:fallback-to-volume-region	thematic section chosen only from broad volume fallback
SEM-FA5E59DAF8CC	IMP-DL-3C59D9EE8B-P117	V	Rings and Ideals	V/01--V/04	HIGH	31	Downloads/theory-of-commutative-algebra-5-professional-v2.tex;MATH_ALLS-3/theory-of-commutative-algebra-5-professional-v2.tex	PROBLEM_ITEM	source:commutative-algebra; theme:fallback-to-volume-region	thematic section chosen only from broad volume fallback
SEM-FA8C35026314	IMP-DL-1068DBED71-P051	V	Rings and Ideals	V/01--V/04	HIGH	60	Downloads/theory-of-commutative-algebra-10.tex;Downloads/theory-of-commutative-algebra-9.tex;MATH_ALLS-3/theory-of-commutative-algebra-10.tex;MATH_ALLS-3/theory-of-commutative-algebra-9.tex	WORKED_EXAMPLE	source:commutative-algebra; theme:fallback-to-volume-region	thematic section chosen only from broad volume fallback
SEM-FAE113886DA8	IMP-DL-3C59D9EE8B-P143	V	Rings and Ideals	V/01--V/04	HIGH	31	Downloads/theory-of-commutative-algebra-5-professional-v2.tex;MATH_ALLS-3/theory-of-commutative-algebra-5-professional-v2.tex	PROBLEM_ITEM	source:commutative-algebra; theme:fallback-to-volume-region	thematic section chosen only from broad volume fallback
SEM-FB3BE41AA8CF	IMP-DL-4DEBE28720-P015	V	Rings and Ideals	V/01--V/04	HIGH	40	Downloads/theory-of-commutative-algebra-13.tex;MATH_ALLS-3/theory-of-commutative-algebra-13.tex	WORKED_EXAMPLE	source:commutative-algebra; theme:fallback-to-volume-region	thematic section chosen only from broad volume fallback
SEM-FB5A50D646D0	IMP-DL-592BD0798C-P053	V	Rings and Ideals	V/01--V/04	HIGH	40	Downloads/theory-of-commutative-algebra-8.tex;MATH_ALLS-3/theory-of-commutative-algebra-8.tex	WORKED_EXAMPLE	source:commutative-algebra; theme:fallback-to-volume-region	thematic section chosen only from broad volume fallback
SEM-FB959B32F00F	IMP-DL-3C59D9EE8B-P123	V	Rings and Ideals	V/01--V/04	HIGH	40	Downloads/theory-of-commutative-algebra-5-professional-v2.tex;MATH_ALLS-3/theory-of-commutative-algebra-5-professional-v2.tex	PROBLEM_ITEM	source:commutative-algebra; theme:fallback-to-volume-region	thematic section chosen only from broad volume fallback
SEM-FD807DA07E9B	IMP-DL-D18914CBBD-P035	V	Rings and Ideals	V/01--V/04	HIGH	40	Downloads/theory-of-commutative-algebra-11.tex;MATH_ALLS-3/theory-of-commutative-algebra-11.tex	WORKED_EXAMPLE	source:commutative-algebra; theme:fallback-to-volume-region	thematic section chosen only from broad volume fallback
SEM-FF83CDE8DE7C	IMP-DL-3C59D9EE8B-P120	V	Rings and Ideals	V/01--V/04	HIGH	40	Downloads/theory-of-commutative-algebra-5-professional-v2.tex;MATH_ALLS-3/theory-of-commutative-algebra-5-professional-v2.tex	PROBLEM_ITEM	source:commutative-algebra; theme:fallback-to-volume-region	thematic section chosen only from broad volume fallback
SEM-FFB3B162000D	IMP-DL-A11279CC33-P020	V	Rings and Ideals	V/01--V/04	HIGH	40	Downloads/theory-of-commutative-algebra-6.tex;MATH_ALLS-3/theory-of-commutative-algebra-6.tex	WORKED_EXAMPLE	source:commutative-algebra; theme:fallback-to-volume-region	thematic section chosen only from broad volume fallback
SEM-053BCFCAA511	IMP-DL-0E3E7EC766-P001	VI	Prime Spectra	VI/06--VI/11	LOW	1	Downloads/theory-of-algebraic-geometry-1.tex	PROBLEM	source:algebraic-geometry; text:zariski,spec; theme:prime ideal,spec,basic open	low volume-classification confidence
SEM-07044FE669BA	IMP-DL-6447F1B120-PSR004179-07044FE6	VI	Modules and Projective Geometry	VI/33--VI/38	LOW	3	Downloads/theory-of-algebraic-topology-11.tex	EXAMPLE	text:proj,projective space; theme:proj,projective space	low volume-classification confidence
SEM-09F0510DA194	IMP-DL-721195CCB5-PSR003927-09F0510D	VI	Sheaves	VI/12--VI/17	HIGH	17	Downloads/theory-of-algebraic-geometry-11.tex	EXAMPLE	source:algebraic-geometry; theme:fallback-to-volume-region	thematic section chosen only from broad volume fallback
SEM-0AC5FAFAEB5E	IMP-DL-887B7B83F4-P005	VI	Sheaves	VI/12--VI/17	LOW	3	Downloads/sheaves_notes_reorganized.tex	WORKED_EXAMPLE	text:sheaf; theme:presheaf,sheafification,sheaf	low volume-classification confidence
SEM-18AEE5F5CA47	IMP-DL-6B513C0C2F-PSR001026-18AEE5F5	VI	Sheaves	VI/12--VI/17	HIGH	14	Downloads/theory-of-algebraic-geometry-10.tex	EXAMPLE	source:algebraic-geometry; theme:fallback-to-volume-region	thematic section chosen only from broad volume fallback
SEM-231512036CF5	IMP-DL-887B7B83F4-P004	VI	Sheaves	VI/12--VI/17	LOW	3	Downloads/sheaves_notes_reorganized.tex	WORKED_EXAMPLE	text:sheaf; theme:presheaf,sheafification,sheaf	low volume-classification confidence
SEM-26C55E6952BD	IMP-DL-721195CCB5-PSR002879-26C55E69	VI	Sheaves	VI/12--VI/17	HIGH	22	Downloads/theory-of-algebraic-geometry-11.tex	EXAMPLE	source:algebraic-geometry; theme:fallback-to-volume-region	thematic section chosen only from broad volume fallback
SEM-28A04ED56B70	IMP-DL-887B7B83F4-P003	VI	Sheaves	VI/12--VI/17	LOW	3	Downloads/sheaves_notes_reorganized.tex	WORKED_EXAMPLE	text:sheaf; theme:presheaf,sheafification,sheaf	low volume-classification confidence
SEM-2BA97FA3E0AC	IMP-DL-98972A6B93-P001	VI	Modules and Projective Geometry	VI/33--VI/38	LOW	2	Downloads/theory-of-geometry-II.tex;MATH-ALLS-2/theory-of-geometry-II.tex	PROBLEM	text:spec,proj; theme:proj	low volume-classification confidence
SEM-3AA771B3C95A	IMP-DL-6B513C0C2F-PSR000993-3AA771B3	VI	Sheaves	VI/12--VI/17	HIGH	22	Downloads/theory-of-algebraic-geometry-10.tex	EXAMPLE	source:algebraic-geometry; theme:fallback-to-volume-region	thematic section chosen only from broad volume fallback
SEM-3ED7950C3E5A	IMP-DL-721195CCB5-PSR002748-3ED7950C	VI	Sheaves	VI/12--VI/17	HIGH	14	Downloads/theory-of-algebraic-geometry-11.tex	EXAMPLE	source:algebraic-geometry; theme:fallback-to-volume-region	thematic section chosen only from broad volume fallback
SEM-42C38B410BDF	IMP-DL-0E3E7EC766-P013	VI	Sheaves	VI/12--VI/17	HIGH	22	Downloads/theory-of-algebraic-geometry-1.tex	EXERCISE	source:algebraic-geometry; theme:fallback-to-volume-region	thematic section chosen only from broad volume fallback
SEM-4861BDC216B0	IMP-DL-A5CEE6E541-PSR004334-4861BDC2	VI	Prime Spectra	VI/06--VI/11	LOW	3	Downloads/theory-of-algebraic-geometry-8.tex	EXAMPLE	source:algebraic-geometry; theme:prime ideal,generic point	low volume-classification confidence
SEM-4BCE79538592	IMP-DL-3D2DB27534-P009	VI	Modules and Projective Geometry	VI/33--VI/38	LOW	9	Downloads/merged_exercises (1).tex;Downloads/merged_exercises.tex;MATH-ALLS-2/merged_exercises (1).tex;MATH-ALLS-2/merged_exercises.tex	EXERCISE	text:proj; theme:proj	low volume-classification confidence
SEM-4D5D79443A36	IMP-DL-721195CCB5-PSR002845-4D5D7944	VI	Sheaves	VI/12--VI/17	HIGH	18	Downloads/theory-of-algebraic-geometry-11.tex	EXAMPLE	source:algebraic-geometry; theme:fallback-to-volume-region	thematic section chosen only from broad volume fallback
SEM-55F3B5912F90	IMP-DL-721195CCB5-PSR002983-55F3B591	VI	Sheaves	VI/12--VI/17	HIGH	17	Downloads/theory-of-algebraic-geometry-11.tex	EXAMPLE	source:algebraic-geometry; theme:fallback-to-volume-region	thematic section chosen only from broad volume fallback
SEM-65272D41853F	IMP-DL-0EB9CBD958-PSR005364-65272D41	VI	Modules and Projective Geometry	VI/33--VI/38	LOW	3	Downloads/theory-of-geometry.tex;MATH-ALLS-2/theory-of-geometry.tex	PROBLEM	text:proj; theme:proj	low volume-classification confidence
SEM-6B86559842A7	IMP-DL-A99C7658F3-PSR003138-6B865598	VI	Sheaves	VI/12--VI/17	HIGH	14	Downloads/theory-of-algebraic-geometry-2.tex	EXAMPLE	source:algebraic-geometry; theme:fallback-to-volume-region	thematic section chosen only from broad volume fallback
SEM-7B30372C26C6	IMP-DL-721195CCB5-PSR002656-7B30372C	VI	Sheaves	VI/12--VI/17	MEDIUM	6	Downloads/theory-of-algebraic-geometry-11.tex	EXAMPLE	source:algebraic-geometry; theme:fallback-to-volume-region	thematic section chosen only from broad volume fallback
SEM-86C688F4D39C	IMP-DL-D148B51FB7-P016	VI	Classical Affine Geometry	VI/01--VI/05	LOW	3	Downloads/theory-of-differential-geometry-4.tex;MATH_ALLS-3/theory-of-differential-geometry-4.tex	PROBLEM	text:algebraic set,coordinate ring; theme:algebraic set,coordinate ring,affine algebraic	low volume-classification confidence
SEM-8CFAC83C03CA	IMP-DL-6B513C0C2F-PSR002377-8CFAC83C	VI	Sheaves	VI/12--VI/17	MEDIUM	6	Downloads/theory-of-algebraic-geometry-10.tex	EXAMPLE	source:algebraic-geometry; theme:fallback-to-volume-region	thematic section chosen only from broad volume fallback
SEM-91666D01DFE9	IMP-DL-721195CCB5-PSR003025-91666D01	VI	Sheaves	VI/12--VI/17	HIGH	22	Downloads/theory-of-algebraic-geometry-11.tex	EXAMPLE	source:algebraic-geometry; theme:fallback-to-volume-region	thematic section chosen only from broad volume fallback
SEM-965A137FBE9F	IMP-DL-6B513C0C2F-PSR006817-965A137F	VI	Sheaves	VI/12--VI/17	HIGH	14	Downloads/theory-of-algebraic-geometry-10.tex	EXAMPLE	source:algebraic-geometry; theme:fallback-to-volume-region	thematic section chosen only from broad volume fallback
SEM-97ACD800D801	IMP-DL-0E3E7EC766-P012	VI	Sheaves	VI/12--VI/17	HIGH	22	Downloads/theory-of-algebraic-geometry-1.tex	EXERCISE	source:algebraic-geometry; theme:fallback-to-volume-region	thematic section chosen only from broad volume fallback
SEM-97C9C255E5E9	IMP-DL-887B7B83F4-P001	VI	Sheaves	VI/12--VI/17	LOW	3	Downloads/sheaves_notes_reorganized.tex	WORKED_EXAMPLE	text:sheaf; theme:presheaf,sheafification,sheaf	low volume-classification confidence
SEM-C0DE0CE96C55	IMP-DL-A5CEE6E541-PSR003963-C0DE0CE9	VI	Prime Spectra	VI/06--VI/11	LOW	0	Downloads/theory-of-algebraic-geometry-8.tex	EXAMPLE	source:algebraic-geometry; text:spec; theme:prime ideal,spec,generic point,closed point	low volume-classification confidence
SEM-C1C6718938F1	IMP-DL-D4351A3BBD-P005	VI	Modules and Projective Geometry	VI/33--VI/38	LOW	3	Downloads/theory-of-geometry-IV.tex;MATH-ALLS-2/theory-of-geometry-IV.tex	PROBLEM	text:proj; theme:proj	low volume-classification confidence
SEM-C56EF4FF114B	IMP-DL-721195CCB5-PSR002818-C56EF4FF	VI	Sheaves	VI/12--VI/17	HIGH	14	Downloads/theory-of-algebraic-geometry-11.tex	EXAMPLE	source:algebraic-geometry; theme:fallback-to-volume-region	thematic section chosen only from broad volume fallback
SEM-C7285CE41319	IMP-DL-A99C7658F3-PSR002512-C7285CE4	VI	Sheaves	VI/12--VI/17	HIGH	14	Downloads/theory-of-algebraic-geometry-2.tex	EXAMPLE	source:algebraic-geometry; theme:fallback-to-volume-region	thematic section chosen only from broad volume fallback
SEM-D70DC83C24ED	IMP-DL-14663C23F1-P012	VI	Modules and Projective Geometry	VI/33--VI/38	LOW	1	Downloads/theory-of-geometry-III.tex;MATH-ALLS-2/theory-of-geometry-III.tex	PROBLEM_ITEM	text:spec,proj; theme:proj	low volume-classification confidence
SEM-D9BD98B7D514	IMP-DL-6B513C0C2F-PSR002442-D9BD98B7	VI	Sheaves	VI/12--VI/17	HIGH	14	Downloads/theory-of-algebraic-geometry-10.tex	EXAMPLE	source:algebraic-geometry; theme:fallback-to-volume-region	thematic section chosen only from broad volume fallback
SEM-E92E4D577F07	IMP-DL-721195CCB5-PSR002713-E92E4D57	VI	Sheaves	VI/12--VI/17	HIGH	14	Downloads/theory-of-algebraic-geometry-11.tex	EXAMPLE	source:algebraic-geometry; theme:fallback-to-volume-region	thematic section chosen only from broad volume fallback
SEM-EAE3DBB17BB9	IMP-DL-A99C7658F3-PSR003024-EAE3DBB1	VI	Sheaves	VI/12--VI/17	HIGH	14	Downloads/theory-of-algebraic-geometry-2.tex	EXAMPLE	source:algebraic-geometry; theme:fallback-to-volume-region	thematic section chosen only from broad volume fallback
SEM-FB4A6E54AE9D	IMP-DL-C3DACFE8A7-P014	VI	Sheaves	VI/12--VI/17	HIGH	22	Downloads/theory-of-algebraic-geometry-7.tex	WORKED_EXAMPLE	source:algebraic-geometry; theme:fallback-to-volume-region	thematic section chosen only from broad volume fallback
SEM-FC63C0C1571F	IMP-DL-721195CCB5-PSR003872-FC63C0C1	VI	Sheaves	VI/12--VI/17	HIGH	17	Downloads/theory-of-algebraic-geometry-11.tex	EXAMPLE	source:algebraic-geometry; theme:fallback-to-volume-region	thematic section chosen only from broad volume fallback
SEM-00CD3EAD2741	IMP-DL-40BD8D3E26-P008	VII	Smooth Manifolds	VII/01--VII/06	MEDIUM	22	Downloads/theory-of-geometry-2.tex;MATH-ALLS-2/theory-of-geometry-2.tex	WORKED_EXAMPLE	source:theory-of-geometry; theme:fallback-to-volume-region	thematic section chosen only from broad volume fallback
SEM-02FE386B962F	IMP-DL-14663C23F1-P014	VII	Smooth Manifolds	VII/01--VII/06	MEDIUM	22	Downloads/theory-of-geometry-III.tex;MATH-ALLS-2/theory-of-geometry-III.tex	WORKED_EXAMPLE	source:theory-of-geometry; theme:fallback-to-volume-region	thematic section chosen only from broad volume fallback
SEM-03CC025E602B	IMP-DL-8016517B0A-P010	VII	Smooth Manifolds	VII/01--VII/06	HIGH	48	Downloads/theory-of-differential-geometry-1.tex;MATH-ALLS-2/theory-of-differential-geometry-1.tex;MATH_ALLS-3/theory-of-differential-geometry-1.tex	PROBLEM_ITEM	source:differential-geometry; theme:fallback-to-volume-region	thematic section chosen only from broad volume fallback
SEM-05DC78F07787	IMP-DL-0EB9CBD958-P022	VII	Smooth Manifolds	VII/01--VII/06	MEDIUM	22	Downloads/theory-of-geometry.tex;MATH-ALLS-2/theory-of-geometry.tex	PROBLEM_ITEM	source:theory-of-geometry; theme:fallback-to-volume-region	thematic section chosen only from broad volume fallback
SEM-05ED0F066BE4	IMP-DL-8016517B0A-P023	VII	Smooth Manifolds	VII/01--VII/06	HIGH	66	Downloads/theory-of-differential-geometry-1.tex;MATH-ALLS-2/theory-of-differential-geometry-1.tex;MATH_ALLS-3/theory-of-differential-geometry-1.tex	PROBLEM_ITEM	source:differential-geometry; theme:fallback-to-volume-region	thematic section chosen only from broad volume fallback
SEM-06B8B1E5053E	IMP-DL-D4351A3BBD-P009	VII	Smooth Manifolds	VII/01--VII/06	MEDIUM	22	Downloads/theory-of-geometry-IV.tex;MATH-ALLS-2/theory-of-geometry-IV.tex	PROBLEM_ITEM	source:theory-of-geometry; theme:fallback-to-volume-region	thematic section chosen only from broad volume fallback
SEM-076BC1416696	IMP-DL-0EB9CBD958-P023	VII	Smooth Manifolds	VII/01--VII/06	MEDIUM	6	Downloads/theory-of-geometry.tex;MATH-ALLS-2/theory-of-geometry.tex	PROBLEM_ITEM	source:theory-of-geometry; theme:fallback-to-volume-region	thematic section chosen only from broad volume fallback
SEM-0B29EAA69E82	IMP-DL-D148B51FB7-P029	VII	Smooth Manifolds	VII/01--VII/06	HIGH	24	Downloads/theory-of-differential-geometry-4.tex;MATH_ALLS-3/theory-of-differential-geometry-4.tex	PROBLEM	source:differential-geometry; theme:fallback-to-volume-region	thematic section chosen only from broad volume fallback
SEM-0B7F7AACAB79	IMP-DL-3E276561C4-R000391-0B7F7AAC	VII	Smooth Manifolds	VII/01--VII/06	LOW	0	Downloads/theory-of-differential-geometry-3.tex;Downloads/theory-of-linear-algebra-1.tex;MATH_ALLS-3/theory-of-differential-geometry-3.tex;MATH_ALLS-3/theory-of-linear-algebra-1.tex	PROBLEM	source:differential-geometry; theme:fallback-to-volume-region	low volume-classification confidence; thematic section chosen only from broad volume fallback
SEM-0BD7BA2F6FCA	IMP-DL-D4351A3BBD-P002	VII	Smooth Manifolds	VII/01--VII/06	MEDIUM	22	Downloads/theory-of-geometry-IV.tex;MATH-ALLS-2/theory-of-geometry-IV.tex	WORKED_EXAMPLE	source:theory-of-geometry; theme:fallback-to-volume-region	thematic section chosen only from broad volume fallback
SEM-0DF2070D348A	IMP-DL-98972A6B93-P017	VII	Smooth Manifolds	VII/01--VII/06	MEDIUM	22	Downloads/theory-of-geometry-II.tex;MATH-ALLS-2/theory-of-geometry-II.tex	PROBLEM_ITEM	source:theory-of-geometry; theme:fallback-to-volume-region	thematic section chosen only from broad volume fallback
SEM-0E5E52153653	IMP-DL-0EB9CBD958-P058	VII	Smooth Manifolds	VII/01--VII/06	MEDIUM	22	Downloads/theory-of-geometry.tex;MATH-ALLS-2/theory-of-geometry.tex	PROBLEM_ITEM	source:theory-of-geometry; theme:fallback-to-volume-region	thematic section chosen only from broad volume fallback
SEM-0EDEE8795DBE	IMP-DL-8016517B0A-P011	VII	Smooth Manifolds	VII/01--VII/06	HIGH	50	Downloads/theory-of-differential-geometry-1.tex;MATH-ALLS-2/theory-of-differential-geometry-1.tex;MATH_ALLS-3/theory-of-differential-geometry-1.tex	PROBLEM_ITEM	source:differential-geometry; theme:fallback-to-volume-region	thematic section chosen only from broad volume fallback
SEM-0F799D523839	IMP-DL-A470D9BACB-R001055-0F799D52	VII	Smooth Manifolds	VII/01--VII/06	LOW	2	Downloads/theory-of-geometry-1.tex;MATH-ALLS-2/theory-of-geometry-1.tex	EXAMPLE	source:theory-of-geometry; theme:fallback-to-volume-region	low volume-classification confidence; thematic section chosen only from broad volume fallback
SEM-103A798704B4	IMP-DL-D4351A3BBD-P015	VII	Smooth Manifolds	VII/01--VII/06	MEDIUM	22	Downloads/theory-of-geometry-IV.tex;MATH-ALLS-2/theory-of-geometry-IV.tex	PROBLEM_ITEM	source:theory-of-geometry; theme:fallback-to-volume-region	thematic section chosen only from broad volume fallback
SEM-1090C1A23B70	IMP-DL-0EB9CBD958-P079	VII	Smooth Manifolds	VII/01--VII/06	MEDIUM	22	Downloads/theory-of-geometry.tex;MATH-ALLS-2/theory-of-geometry.tex	PROBLEM_ITEM	source:theory-of-geometry; theme:fallback-to-volume-region	thematic section chosen only from broad volume fallback
SEM-116C0ECEC5CC	IMP-DL-5431609247-P003	VII	Smooth Manifolds	VII/01--VII/06	HIGH	44	Downloads/theory-of-differential-geometry-5.tex;MATH_ALLS-3/theory-of-differential-geometry-5.tex	WORKED_EXAMPLE	source:differential-geometry; theme:fallback-to-volume-region	thematic section chosen only from broad volume fallback
SEM-134B52A95975	IMP-DL-D148B51FB7-P024	VII	Smooth Manifolds	VII/01--VII/06	HIGH	13	Downloads/theory-of-differential-geometry-4.tex;MATH_ALLS-3/theory-of-differential-geometry-4.tex	PROBLEM	source:differential-geometry; theme:fallback-to-volume-region	thematic section chosen only from broad volume fallback
SEM-14357183E136	IMP-DL-98972A6B93-P020	VII	Smooth Manifolds	VII/01--VII/06	MEDIUM	22	Downloads/theory-of-geometry-II.tex;MATH-ALLS-2/theory-of-geometry-II.tex	PROBLEM_ITEM	source:theory-of-geometry; theme:fallback-to-volume-region	thematic section chosen only from broad volume fallback
SEM-1446BEC667C7	IMP-DL-D4351A3BBD-P027	VII	Smooth Manifolds	VII/01--VII/06	MEDIUM	22	Downloads/theory-of-geometry-IV.tex;MATH-ALLS-2/theory-of-geometry-IV.tex	PROBLEM_ITEM	source:theory-of-geometry; theme:fallback-to-volume-region	thematic section chosen only from broad volume fallback
SEM-1667F9259575	IMP-DL-D148B51FB7-P006	VII	Smooth Manifolds	VII/01--VII/06	HIGH	34	Downloads/theory-of-differential-geometry-4.tex;MATH_ALLS-3/theory-of-differential-geometry-4.tex	WORKED_EXAMPLE	source:differential-geometry; theme:fallback-to-volume-region	thematic section chosen only from broad volume fallback
SEM-18ACB23A3215	IMP-DL-0EB9CBD958-P051	VII	Smooth Manifolds	VII/01--VII/06	MEDIUM	22	Downloads/theory-of-geometry.tex;MATH-ALLS-2/theory-of-geometry.tex	PROBLEM_ITEM	source:theory-of-geometry; theme:fallback-to-volume-region	thematic section chosen only from broad volume fallback
SEM-1B5F515B95EF	IMP-DL-0EB9CBD958-P014	VII	Smooth Manifolds	VII/01--VII/06	MEDIUM	22	Downloads/theory-of-geometry.tex;MATH-ALLS-2/theory-of-geometry.tex	PROBLEM	source:theory-of-geometry; theme:fallback-to-volume-region	thematic section chosen only from broad volume fallback
SEM-1B61D90041A5	IMP-DL-8016517B0A-P018	VII	Smooth Manifolds	VII/01--VII/06	HIGH	66	Downloads/theory-of-differential-geometry-1.tex;MATH-ALLS-2/theory-of-differential-geometry-1.tex;MATH_ALLS-3/theory-of-differential-geometry-1.tex	PROBLEM_ITEM	source:differential-geometry; theme:fallback-to-volume-region	thematic section chosen only from broad volume fallback
SEM-1C0735136414	IMP-DL-D148B51FB7-P002	VII	Smooth Manifolds	VII/01--VII/06	HIGH	34	Downloads/theory-of-differential-geometry-4.tex;MATH_ALLS-3/theory-of-differential-geometry-4.tex	PROBLEM_ITEM	source:differential-geometry; theme:fallback-to-volume-region	thematic section chosen only from broad volume fallback
SEM-1C3E47025F68	IMP-DL-0EB9CBD958-P050	VII	Smooth Manifolds	VII/01--VII/06	MEDIUM	18	Downloads/theory-of-geometry.tex;MATH-ALLS-2/theory-of-geometry.tex	PROBLEM_ITEM	source:theory-of-geometry; theme:fallback-to-volume-region	thematic section chosen only from broad volume fallback
SEM-1DCCB29D52A4	IMP-DL-8016517B0A-P004	VII	Smooth Manifolds	VII/01--VII/06	HIGH	66	Downloads/theory-of-differential-geometry-1.tex;MATH-ALLS-2/theory-of-differential-geometry-1.tex;MATH_ALLS-3/theory-of-differential-geometry-1.tex	PROBLEM_ITEM	source:differential-geometry; theme:fallback-to-volume-region	thematic section chosen only from broad volume fallback
SEM-1FECDC48823D	IMP-DL-E88547CF67-P028	VII	Smooth Manifolds	VII/01--VII/06	MEDIUM	22	Downloads/theory-of-geometry-3.tex;MATH-ALLS-2/theory-of-geometry-3.tex	PROBLEM_ITEM	source:theory-of-geometry; theme:fallback-to-volume-region	thematic section chosen only from broad volume fallback
SEM-210E16866ACD	IMP-DL-D148B51FB7-P037	VII	Smooth Manifolds	VII/01--VII/06	HIGH	35	Downloads/theory-of-differential-geometry-4.tex;MATH_ALLS-3/theory-of-differential-geometry-4.tex	PROBLEM	source:differential-geometry; theme:fallback-to-volume-region	thematic section chosen only from broad volume fallback
SEM-225B2E3661E3	IMP-DL-8016517B0A-P012	VII	Smooth Manifolds	VII/01--VII/06	HIGH	50	Downloads/theory-of-differential-geometry-1.tex;MATH-ALLS-2/theory-of-differential-geometry-1.tex;MATH_ALLS-3/theory-of-differential-geometry-1.tex	PROBLEM_ITEM	source:differential-geometry; theme:fallback-to-volume-region	thematic section chosen only from broad volume fallback
SEM-239B5D85B882	IMP-DL-8016517B0A-P005	VII	Smooth Manifolds	VII/01--VII/06	HIGH	66	Downloads/theory-of-differential-geometry-1.tex;MATH-ALLS-2/theory-of-differential-geometry-1.tex;MATH_ALLS-3/theory-of-differential-geometry-1.tex	PROBLEM_ITEM	source:differential-geometry; theme:fallback-to-volume-region	thematic section chosen only from broad volume fallback
SEM-24315627AD6F	IMP-DL-0EB9CBD958-P002	VII	Smooth Manifolds	VII/01--VII/06	MEDIUM	16	Downloads/theory-of-geometry.tex;MATH-ALLS-2/theory-of-geometry.tex	PROBLEM	source:theory-of-geometry; theme:fallback-to-volume-region	thematic section chosen only from broad volume fallback
SEM-254D1936C2EF	IMP-DL-98972A6B93-P038	VII	Smooth Manifolds	VII/01--VII/06	MEDIUM	14	Downloads/theory-of-geometry-II.tex;MATH-ALLS-2/theory-of-geometry-II.tex	PROBLEM_ITEM	source:theory-of-geometry; theme:fallback-to-volume-region	thematic section chosen only from broad volume fallback
SEM-256AED707E73	IMP-DL-0EB9CBD958-P029	VII	Smooth Manifolds	VII/01--VII/06	MEDIUM	22	Downloads/theory-of-geometry.tex;MATH-ALLS-2/theory-of-geometry.tex	PROBLEM_ITEM	source:theory-of-geometry; theme:fallback-to-volume-region	thematic section chosen only from broad volume fallback
SEM-2657D316C1BC	IMP-DL-8016517B0A-P031	VII	Smooth Manifolds	VII/01--VII/06	HIGH	13	Downloads/theory-of-differential-geometry-1.tex;MATH-ALLS-2/theory-of-differential-geometry-1.tex;MATH_ALLS-3/theory-of-differential-geometry-1.tex	PROBLEM	source:differential-geometry; theme:fallback-to-volume-region	thematic section chosen only from broad volume fallback
SEM-282CD6E525DA	IMP-DL-8016517B0A-P022	VII	Smooth Manifolds	VII/01--VII/06	HIGH	66	Downloads/theory-of-differential-geometry-1.tex;MATH-ALLS-2/theory-of-differential-geometry-1.tex;MATH_ALLS-3/theory-of-differential-geometry-1.tex	PROBLEM_ITEM	source:differential-geometry; theme:fallback-to-volume-region	thematic section chosen only from broad volume fallback
SEM-28BEC04CA062	IMP-DL-14663C23F1-P007	VII	Smooth Manifolds	VII/01--VII/06	MEDIUM	12	Downloads/theory-of-geometry-III.tex;MATH-ALLS-2/theory-of-geometry-III.tex	PROBLEM_ITEM	source:theory-of-geometry; theme:fallback-to-volume-region	thematic section chosen only from broad volume fallback
SEM-2923E7BEFE25	IMP-DL-D148B51FB7-P020	VII	Smooth Manifolds	VII/01--VII/06	LOW	0	Downloads/theory-of-differential-geometry-4.tex;MATH_ALLS-3/theory-of-differential-geometry-4.tex	PROBLEM	source:differential-geometry; theme:fallback-to-volume-region	low volume-classification confidence; thematic section chosen only from broad volume fallback
SEM-2A67418D9391	IMP-DL-D148B51FB7-P013	VII	Smooth Manifolds	VII/01--VII/06	MEDIUM	6	Downloads/theory-of-differential-geometry-4.tex;MATH_ALLS-3/theory-of-differential-geometry-4.tex	PROBLEM	source:differential-geometry; theme:fallback-to-volume-region	thematic section chosen only from broad volume fallback
SEM-2ABF18CE81B8	IMP-DL-98972A6B93-P040	VII	Smooth Manifolds	VII/01--VII/06	MEDIUM	22	Downloads/theory-of-geometry-II.tex;MATH-ALLS-2/theory-of-geometry-II.tex	PROBLEM_ITEM	source:theory-of-geometry; theme:fallback-to-volume-region	thematic section chosen only from broad volume fallback
SEM-2B842B053E3B	IMP-DL-0EB9CBD958-P074	VII	Smooth Manifolds	VII/01--VII/06	MEDIUM	14	Downloads/theory-of-geometry.tex;MATH-ALLS-2/theory-of-geometry.tex	PROBLEM_ITEM	source:theory-of-geometry; theme:fallback-to-volume-region	thematic section chosen only from broad volume fallback
SEM-2BB8DD579A5C	IMP-DL-D148B51FB7-P005	VII	Smooth Manifolds	VII/01--VII/06	HIGH	20	Downloads/theory-of-differential-geometry-4.tex;MATH_ALLS-3/theory-of-differential-geometry-4.tex	PROBLEM_ITEM	source:differential-geometry; theme:fallback-to-volume-region	thematic section chosen only from broad volume fallback
SEM-2BBD85BD486B	IMP-DL-0EB9CBD958-P010	VII	Smooth Manifolds	VII/01--VII/06	MEDIUM	22	Downloads/theory-of-geometry.tex;MATH-ALLS-2/theory-of-geometry.tex	PROBLEM	source:theory-of-geometry; theme:fallback-to-volume-region	thematic section chosen only from broad volume fallback
SEM-303E569D5729	IMP-DL-BD3A6D53D0-P016	VII	Smooth Manifolds	VII/01--VII/06	HIGH	42	Downloads/theory-of-differential-geometry-2.tex;MATH-ALLS-2/theory-of-differential-geometry-2.tex;MATH_ALLS-3/theory-of-differential-geometry-2.tex	PROBLEM	source:differential-geometry; theme:fallback-to-volume-region	thematic section chosen only from broad volume fallback
SEM-308425142F1B	IMP-DL-0EB9CBD958-P044	VII	Smooth Manifolds	VII/01--VII/06	MEDIUM	18	Downloads/theory-of-geometry.tex;MATH-ALLS-2/theory-of-geometry.tex	PROBLEM_ITEM	source:theory-of-geometry; theme:fallback-to-volume-region	thematic section chosen only from broad volume fallback
SEM-345ED6248695	IMP-DL-8016517B0A-P009	VII	Smooth Manifolds	VII/01--VII/06	HIGH	66	Downloads/theory-of-differential-geometry-1.tex;MATH-ALLS-2/theory-of-differential-geometry-1.tex;MATH_ALLS-3/theory-of-differential-geometry-1.tex	PROBLEM_ITEM	source:differential-geometry; theme:fallback-to-volume-region	thematic section chosen only from broad volume fallback
SEM-3462839F06D3	IMP-DL-8016517B0A-P019	VII	Smooth Manifolds	VII/01--VII/06	HIGH	66	Downloads/theory-of-differential-geometry-1.tex;MATH-ALLS-2/theory-of-differential-geometry-1.tex;MATH_ALLS-3/theory-of-differential-geometry-1.tex	PROBLEM_ITEM	source:differential-geometry; theme:fallback-to-volume-region	thematic section chosen only from broad volume fallback
SEM-381D1FA85C45	IMP-DL-0EB9CBD958-P077	VII	Smooth Manifolds	VII/01--VII/06	MEDIUM	22	Downloads/theory-of-geometry.tex;MATH-ALLS-2/theory-of-geometry.tex	PROBLEM_ITEM	source:theory-of-geometry; theme:fallback-to-volume-region	thematic section chosen only from broad volume fallback
SEM-385322231987	IMP-DL-D4351A3BBD-P028	VII	Smooth Manifolds	VII/01--VII/06	MEDIUM	6	Downloads/theory-of-geometry-IV.tex;MATH-ALLS-2/theory-of-geometry-IV.tex	PROBLEM_ITEM	source:theory-of-geometry; theme:fallback-to-volume-region	thematic section chosen only from broad volume fallback
SEM-38D7B2406788	IMP-DL-0EB9CBD958-P080	VII	Smooth Manifolds	VII/01--VII/06	MEDIUM	22	Downloads/theory-of-geometry.tex;MATH-ALLS-2/theory-of-geometry.tex	PROBLEM_ITEM	source:theory-of-geometry; theme:fallback-to-volume-region	thematic section chosen only from broad volume fallback
SEM-3A188EA68568	IMP-DL-8016517B0A-P014	VII	Smooth Manifolds	VII/01--VII/06	HIGH	57	Downloads/theory-of-differential-geometry-1.tex;MATH-ALLS-2/theory-of-differential-geometry-1.tex;MATH_ALLS-3/theory-of-differential-geometry-1.tex	PROBLEM_ITEM	source:differential-geometry; theme:fallback-to-volume-region	thematic section chosen only from broad volume fallback
SEM-3B5C637672F2	IMP-DL-0EB9CBD958-P060	VII	Smooth Manifolds	VII/01--VII/06	MEDIUM	22	Downloads/theory-of-geometry.tex;MATH-ALLS-2/theory-of-geometry.tex	PROBLEM_ITEM	source:theory-of-geometry; theme:fallback-to-volume-region	thematic section chosen only from broad volume fallback
SEM-3C9D9C3A88B8	IMP-DL-D148B51FB7-P010	VII	Smooth Manifolds	VII/01--VII/06	HIGH	14	Downloads/theory-of-differential-geometry-4.tex;MATH_ALLS-3/theory-of-differential-geometry-4.tex	PROBLEM_ITEM	source:differential-geometry; theme:fallback-to-volume-region	thematic section chosen only from broad volume fallback
SEM-3D165EF78A63	IMP-DL-3E276561C4-R000336-3D165EF7	VII	Smooth Manifolds	VII/01--VII/06	HIGH	8	Downloads/theory-of-differential-geometry-3.tex;Downloads/theory-of-linear-algebra-1.tex;MATH_ALLS-3/theory-of-differential-geometry-3.tex;MATH_ALLS-3/theory-of-linear-algebra-1.tex	PROBLEM	source:differential-geometry; theme:fallback-to-volume-region	thematic section chosen only from broad volume fallback
SEM-3D9AD1AD8DA5	IMP-DL-5431609247-P004	VII	Smooth Manifolds	VII/01--VII/06	HIGH	17	Downloads/theory-of-differential-geometry-5.tex;MATH_ALLS-3/theory-of-differential-geometry-5.tex	WORKED_EXAMPLE	source:differential-geometry; theme:fallback-to-volume-region	thematic section chosen only from broad volume fallback
SEM-409EDF2853D1	IMP-DL-D4351A3BBD-P010	VII	Smooth Manifolds	VII/01--VII/06	MEDIUM	6	Downloads/theory-of-geometry-IV.tex;MATH-ALLS-2/theory-of-geometry-IV.tex	PROBLEM_ITEM	source:theory-of-geometry; theme:fallback-to-volume-region	thematic section chosen only from broad volume fallback
SEM-42DAB994834E	IMP-DL-D148B51FB7-P026	VII	Smooth Manifolds	VII/01--VII/06	HIGH	26	Downloads/theory-of-differential-geometry-4.tex;MATH_ALLS-3/theory-of-differential-geometry-4.tex	PROBLEM	source:differential-geometry; theme:fallback-to-volume-region	thematic section chosen only from broad volume fallback
SEM-44DB87DB9F52	IMP-DL-8016517B0A-P021	VII	Smooth Manifolds	VII/01--VII/06	HIGH	66	Downloads/theory-of-differential-geometry-1.tex;MATH-ALLS-2/theory-of-differential-geometry-1.tex;MATH_ALLS-3/theory-of-differential-geometry-1.tex	PROBLEM_ITEM	source:differential-geometry; theme:fallback-to-volume-region	thematic section chosen only from broad volume fallback
SEM-459EE8CCD668	IMP-DL-0EB9CBD958-P008	VII	Smooth Manifolds	VII/01--VII/06	MEDIUM	16	Downloads/theory-of-geometry.tex;MATH-ALLS-2/theory-of-geometry.tex	PROBLEM	source:theory-of-geometry; theme:fallback-to-volume-region	thematic section chosen only from broad volume fallback
SEM-45DD86652C32	IMP-DL-40BD8D3E26-P001	VII	Smooth Manifolds	VII/01--VII/06	MEDIUM	22	Downloads/theory-of-geometry-2.tex;MATH-ALLS-2/theory-of-geometry-2.tex	PROBLEM_ITEM	source:theory-of-geometry; theme:fallback-to-volume-region	thematic section chosen only from broad volume fallback
SEM-48D46D316732	IMP-DL-0EB9CBD958-P019	VII	Smooth Manifolds	VII/01--VII/06	MEDIUM	22	Downloads/theory-of-geometry.tex;MATH-ALLS-2/theory-of-geometry.tex	PROBLEM_ITEM	source:theory-of-geometry; theme:fallback-to-volume-region	thematic section chosen only from broad volume fallback
SEM-49E68C431502	IMP-DL-BD3A6D53D0-P014	VII	Smooth Manifolds	VII/01--VII/06	HIGH	42	Downloads/theory-of-differential-geometry-2.tex;MATH-ALLS-2/theory-of-differential-geometry-2.tex;MATH_ALLS-3/theory-of-differential-geometry-2.tex	PROBLEM	source:differential-geometry; theme:fallback-to-volume-region	thematic section chosen only from broad volume fallback
SEM-4B78775E5D3F	IMP-DL-98972A6B93-P032	VII	Smooth Manifolds	VII/01--VII/06	MEDIUM	22	Downloads/theory-of-geometry-II.tex;MATH-ALLS-2/theory-of-geometry-II.tex	PROBLEM_ITEM	source:theory-of-geometry; theme:fallback-to-volume-region	thematic section chosen only from broad volume fallback
SEM-4D209382A2AE	IMP-DL-A470D9BACB-P006	VII	Smooth Manifolds	VII/01--VII/06	MEDIUM	22	Downloads/theory-of-geometry-1.tex;MATH-ALLS-2/theory-of-geometry-1.tex	PROBLEM	source:theory-of-geometry; theme:fallback-to-volume-region	thematic section chosen only from broad volume fallback
SEM-4DCE72B54592	IMP-DL-D4351A3BBD-P020	VII	Smooth Manifolds	VII/01--VII/06	MEDIUM	22	Downloads/theory-of-geometry-IV.tex;MATH-ALLS-2/theory-of-geometry-IV.tex	PROBLEM_ITEM	source:theory-of-geometry; theme:fallback-to-volume-region	thematic section chosen only from broad volume fallback
SEM-4DD943DDFD80	IMP-DL-0EB9CBD958-P061	VII	Smooth Manifolds	VII/01--VII/06	MEDIUM	22	Downloads/theory-of-geometry.tex;MATH-ALLS-2/theory-of-geometry.tex	PROBLEM_ITEM	source:theory-of-geometry; theme:fallback-to-volume-region	thematic section chosen only from broad volume fallback
SEM-4F50790C0F88	IMP-DL-5431609247-P005	VII	Smooth Manifolds	VII/01--VII/06	HIGH	26	Downloads/theory-of-differential-geometry-5.tex;MATH_ALLS-3/theory-of-differential-geometry-5.tex	WORKED_EXAMPLE	source:differential-geometry; theme:fallback-to-volume-region	thematic section chosen only from broad volume fallback
SEM-50C8862B6A7B	IMP-DL-0EB9CBD958-P043	VII	Smooth Manifolds	VII/01--VII/06	MEDIUM	18	Downloads/theory-of-geometry.tex;MATH-ALLS-2/theory-of-geometry.tex	PROBLEM_ITEM	source:theory-of-geometry; theme:fallback-to-volume-region	thematic section chosen only from broad volume fallback
SEM-51081497992E	IMP-DL-A470D9BACB-P013	VII	Smooth Manifolds	VII/01--VII/06	MEDIUM	22	Downloads/theory-of-geometry-1.tex;MATH-ALLS-2/theory-of-geometry-1.tex	PROBLEM_ITEM	source:theory-of-geometry; theme:fallback-to-volume-region	thematic section chosen only from broad volume fallback
SEM-516DCFCA3265	IMP-DL-0EB9CBD958-P012	VII	Smooth Manifolds	VII/01--VII/06	MEDIUM	14	Downloads/theory-of-geometry.tex;MATH-ALLS-2/theory-of-geometry.tex	PROBLEM_ITEM	source:theory-of-geometry; theme:fallback-to-volume-region	thematic section chosen only from broad volume fallback
SEM-528B09206269	IMP-DL-BD3A6D53D0-P006	VII	Smooth Manifolds	VII/01--VII/06	HIGH	58	Downloads/theory-of-differential-geometry-2.tex;MATH-ALLS-2/theory-of-differential-geometry-2.tex;MATH_ALLS-3/theory-of-differential-geometry-2.tex	PROBLEM	source:differential-geometry; theme:fallback-to-volume-region	thematic section chosen only from broad volume fallback
SEM-5337C8EB3AF6	IMP-DL-0EB9CBD958-P078	VII	Smooth Manifolds	VII/01--VII/06	MEDIUM	6	Downloads/theory-of-geometry.tex;MATH-ALLS-2/theory-of-geometry.tex	PROBLEM_ITEM	source:theory-of-geometry; theme:fallback-to-volume-region	thematic section chosen only from broad volume fallback
SEM-55C225FA399E	IMP-DL-D4351A3BBD-P012	VII	Smooth Manifolds	VII/01--VII/06	MEDIUM	6	Downloads/theory-of-geometry-IV.tex;MATH-ALLS-2/theory-of-geometry-IV.tex	PROBLEM_ITEM	source:theory-of-geometry; theme:fallback-to-volume-region	thematic section chosen only from broad volume fallback
SEM-562E4B06AD6C	IMP-DL-0EB9CBD958-P070	VII	Smooth Manifolds	VII/01--VII/06	MEDIUM	22	Downloads/theory-of-geometry.tex;MATH-ALLS-2/theory-of-geometry.tex	PROBLEM_ITEM	source:theory-of-geometry; theme:fallback-to-volume-region	thematic section chosen only from broad volume fallback
SEM-5780C82E8F07	IMP-DL-0EB9CBD958-P021	VII	Smooth Manifolds	VII/01--VII/06	MEDIUM	22	Downloads/theory-of-geometry.tex;MATH-ALLS-2/theory-of-geometry.tex	PROBLEM_ITEM	source:theory-of-geometry; theme:fallback-to-volume-region	thematic section chosen only from broad volume fallback
SEM-5883C9933A13	IMP-DL-14663C23F1-P010	VII	Smooth Manifolds	VII/01--VII/06	MEDIUM	14	Downloads/theory-of-geometry-III.tex;MATH-ALLS-2/theory-of-geometry-III.tex	PROBLEM_ITEM	source:theory-of-geometry; theme:fallback-to-volume-region	thematic section chosen only from broad volume fallback
SEM-593321F2F56F	IMP-DL-8016517B0A-P013	VII	Smooth Manifolds	VII/01--VII/06	HIGH	50	Downloads/theory-of-differential-geometry-1.tex;MATH-ALLS-2/theory-of-differential-geometry-1.tex;MATH_ALLS-3/theory-of-differential-geometry-1.tex	PROBLEM_ITEM	source:differential-geometry; theme:fallback-to-volume-region	thematic section chosen only from broad volume fallback
SEM-5AE435C4FC77	IMP-DL-0EB9CBD958-P064	VII	Smooth Manifolds	VII/01--VII/06	MEDIUM	15	Downloads/theory-of-geometry.tex;MATH-ALLS-2/theory-of-geometry.tex	PROBLEM_ITEM	source:theory-of-geometry; theme:fallback-to-volume-region	thematic section chosen only from broad volume fallback
SEM-5D257786AA17	IMP-DL-40BD8D3E26-P010	VII	Smooth Manifolds	VII/01--VII/06	MEDIUM	22	Downloads/theory-of-geometry-2.tex;MATH-ALLS-2/theory-of-geometry-2.tex	WORKED_EXAMPLE	source:theory-of-geometry; theme:fallback-to-volume-region	thematic section chosen only from broad volume fallback
SEM-5DE0B61FEBD3	IMP-DL-98972A6B93-P022	VII	Smooth Manifolds	VII/01--VII/06	MEDIUM	22	Downloads/theory-of-geometry-II.tex;MATH-ALLS-2/theory-of-geometry-II.tex	PROBLEM_ITEM	source:theory-of-geometry; theme:fallback-to-volume-region	thematic section chosen only from broad volume fallback
SEM-5FC8CA40E8B6	IMP-DL-0EB9CBD958-P007	VII	Smooth Manifolds	VII/01--VII/06	MEDIUM	18	Downloads/theory-of-geometry.tex;MATH-ALLS-2/theory-of-geometry.tex	WORKED_EXAMPLE	source:theory-of-geometry; theme:fallback-to-volume-region	thematic section chosen only from broad volume fallback
SEM-600ED72F69F6	IMP-DL-0EB9CBD958-P055	VII	Smooth Manifolds	VII/01--VII/06	MEDIUM	22	Downloads/theory-of-geometry.tex;MATH-ALLS-2/theory-of-geometry.tex	PROBLEM_ITEM	source:theory-of-geometry; theme:fallback-to-volume-region	thematic section chosen only from broad volume fallback
SEM-610AC1D8E830	IMP-DL-8016517B0A-P020	VII	Smooth Manifolds	VII/01--VII/06	HIGH	62	Downloads/theory-of-differential-geometry-1.tex;MATH-ALLS-2/theory-of-differential-geometry-1.tex;MATH_ALLS-3/theory-of-differential-geometry-1.tex	PROBLEM_ITEM	source:differential-geometry; theme:fallback-to-volume-region	thematic section chosen only from broad volume fallback
SEM-62351DF2FF04	IMP-DL-0EB9CBD958-P073	VII	Smooth Manifolds	VII/01--VII/06	MEDIUM	22	Downloads/theory-of-geometry.tex;MATH-ALLS-2/theory-of-geometry.tex	PROBLEM_ITEM	source:theory-of-geometry; theme:fallback-to-volume-region	thematic section chosen only from broad volume fallback
SEM-632D8E81A42C	IMP-DL-A470D9BACB-P002	VII	Smooth Manifolds	VII/01--VII/06	MEDIUM	22	Downloads/theory-of-geometry-1.tex;MATH-ALLS-2/theory-of-geometry-1.tex	PROBLEM_ITEM	source:theory-of-geometry; theme:fallback-to-volume-region	thematic section chosen only from broad volume fallback
SEM-64BD84334499	IMP-DL-5431609247-P002	VII	Smooth Manifolds	VII/01--VII/06	HIGH	10	Downloads/theory-of-differential-geometry-5.tex;MATH_ALLS-3/theory-of-differential-geometry-5.tex	WORKED_EXAMPLE	source:differential-geometry; theme:fallback-to-volume-region	thematic section chosen only from broad volume fallback
SEM-662FF280541A	IMP-DL-14663C23F1-P015	VII	Smooth Manifolds	VII/01--VII/06	MEDIUM	22	Downloads/theory-of-geometry-III.tex;MATH-ALLS-2/theory-of-geometry-III.tex	WORKED_EXAMPLE	source:theory-of-geometry; theme:fallback-to-volume-region	thematic section chosen only from broad volume fallback
SEM-66D070249988	IMP-DL-0EB9CBD958-P067	VII	Smooth Manifolds	VII/01--VII/06	MEDIUM	22	Downloads/theory-of-geometry.tex;MATH-ALLS-2/theory-of-geometry.tex	PROBLEM_ITEM	source:theory-of-geometry; theme:fallback-to-volume-region	thematic section chosen only from broad volume fallback
SEM-68ECBDA49CAC	IMP-DL-0EB9CBD958-P030	VII	Smooth Manifolds	VII/01--VII/06	MEDIUM	22	Downloads/theory-of-geometry.tex;MATH-ALLS-2/theory-of-geometry.tex	PROBLEM_ITEM	source:theory-of-geometry; theme:fallback-to-volume-region	thematic section chosen only from broad volume fallback
SEM-68FE12B06EE0	IMP-DL-A470D9BACB-P001	VII	Smooth Manifolds	VII/01--VII/06	MEDIUM	22	Downloads/theory-of-geometry-1.tex;MATH-ALLS-2/theory-of-geometry-1.tex	PROBLEM	source:theory-of-geometry; theme:fallback-to-volume-region	thematic section chosen only from broad volume fallback
SEM-6A3AB00782F4	IMP-DL-D148B51FB7-P028	VII	Smooth Manifolds	VII/01--VII/06	HIGH	44	Downloads/theory-of-differential-geometry-4.tex;MATH_ALLS-3/theory-of-differential-geometry-4.tex	PROBLEM	source:differential-geometry; theme:fallback-to-volume-region	thematic section chosen only from broad volume fallback
SEM-6AD768BAF711	IMP-DL-D148B51FB7-P033	VII	Smooth Manifolds	VII/01--VII/06	HIGH	26	Downloads/theory-of-differential-geometry-4.tex;MATH_ALLS-3/theory-of-differential-geometry-4.tex	PROBLEM	source:differential-geometry; theme:fallback-to-volume-region	thematic section chosen only from broad volume fallback
SEM-6C3496024613	IMP-DL-98972A6B93-P027	VII	Smooth Manifolds	VII/01--VII/06	MEDIUM	22	Downloads/theory-of-geometry-II.tex;MATH-ALLS-2/theory-of-geometry-II.tex	PROBLEM_ITEM	source:theory-of-geometry; theme:fallback-to-volume-region	thematic section chosen only from broad volume fallback
SEM-6CB264B16F94	IMP-DL-D4351A3BBD-P006	VII	Smooth Manifolds	VII/01--VII/06	MEDIUM	22	Downloads/theory-of-geometry-IV.tex;MATH-ALLS-2/theory-of-geometry-IV.tex	PROBLEM_ITEM	source:theory-of-geometry; theme:fallback-to-volume-region	thematic section chosen only from broad volume fallback
SEM-6D4077450824	IMP-DL-BD3A6D53D0-P005	VII	Smooth Manifolds	VII/01--VII/06	HIGH	42	Downloads/theory-of-differential-geometry-2.tex;MATH-ALLS-2/theory-of-differential-geometry-2.tex;MATH_ALLS-3/theory-of-differential-geometry-2.tex	PROBLEM	source:differential-geometry; theme:fallback-to-volume-region	thematic section chosen only from broad volume fallback
SEM-6EA2FD7D3F83	IMP-DL-887B7B83F4-P009	VII	Bundles and Forms	VII/07--VII/11	LOW	1	Downloads/sheaves_notes_reorganized.tex	WORKED_EXAMPLE	text:smooth manifold,differential form; theme:differential form	low volume-classification confidence
SEM-6F61B58EFC3D	IMP-DL-8016517B0A-P001	VII	Smooth Manifolds	VII/01--VII/06	HIGH	66	Downloads/theory-of-differential-geometry-1.tex;MATH-ALLS-2/theory-of-differential-geometry-1.tex;MATH_ALLS-3/theory-of-differential-geometry-1.tex	PROBLEM_ITEM	source:differential-geometry; theme:fallback-to-volume-region	thematic section chosen only from broad volume fallback
SEM-6F8645AD87F9	IMP-DL-40BD8D3E26-R002394-6F8645AD	VII	Smooth Manifolds	VII/01--VII/06	MEDIUM	10	Downloads/theory-of-geometry-2.tex;MATH-ALLS-2/theory-of-geometry-2.tex	PROBLEM	source:theory-of-geometry; theme:fallback-to-volume-region	thematic section chosen only from broad volume fallback
SEM-726CF7E6B395	IMP-DL-A470D9BACB-P009	VII	Smooth Manifolds	VII/01--VII/06	MEDIUM	22	Downloads/theory-of-geometry-1.tex;MATH-ALLS-2/theory-of-geometry-1.tex	PROBLEM	source:theory-of-geometry; theme:fallback-to-volume-region	thematic section chosen only from broad volume fallback
SEM-72A054B53608	IMP-DL-D148B51FB7-P019	VII	Smooth Manifolds	VII/01--VII/06	HIGH	44	Downloads/theory-of-differential-geometry-4.tex;MATH_ALLS-3/theory-of-differential-geometry-4.tex	PROBLEM	source:differential-geometry; theme:fallback-to-volume-region	thematic section chosen only from broad volume fallback
SEM-7358D7C962A6	IMP-DL-0EB9CBD958-P032	VII	Smooth Manifolds	VII/01--VII/06	MEDIUM	22	Downloads/theory-of-geometry.tex;MATH-ALLS-2/theory-of-geometry.tex	PROBLEM	source:theory-of-geometry; theme:fallback-to-volume-region	thematic section chosen only from broad volume fallback
SEM-7467277B71BD	IMP-DL-D148B51FB7-P031	VII	Smooth Manifolds	VII/01--VII/06	HIGH	35	Downloads/theory-of-differential-geometry-4.tex;MATH_ALLS-3/theory-of-differential-geometry-4.tex	PROBLEM	source:differential-geometry; theme:fallback-to-volume-region	thematic section chosen only from broad volume fallback
SEM-79F7D1842D32	IMP-DL-D148B51FB7-P007	VII	Smooth Manifolds	VII/01--VII/06	HIGH	44	Downloads/theory-of-differential-geometry-4.tex;MATH_ALLS-3/theory-of-differential-geometry-4.tex	WORKED_EXAMPLE	source:differential-geometry; theme:fallback-to-volume-region	thematic section chosen only from broad volume fallback
SEM-7A1621240C8A	IMP-DL-0EB9CBD958-P005	VII	Smooth Manifolds	VII/01--VII/06	MEDIUM	14	Downloads/theory-of-geometry.tex;MATH-ALLS-2/theory-of-geometry.tex	PROBLEM	source:theory-of-geometry; theme:fallback-to-volume-region	thematic section chosen only from broad volume fallback
SEM-7B8B2B36B4A9	IMP-DL-0EB9CBD958-P025	VII	Smooth Manifolds	VII/01--VII/06	MEDIUM	22	Downloads/theory-of-geometry.tex;MATH-ALLS-2/theory-of-geometry.tex	PROBLEM_ITEM	source:theory-of-geometry; theme:fallback-to-volume-region	thematic section chosen only from broad volume fallback
SEM-7BF3C5C35B45	IMP-DL-A470D9BACB-P014	VII	Smooth Manifolds	VII/01--VII/06	MEDIUM	22	Downloads/theory-of-geometry-1.tex;MATH-ALLS-2/theory-of-geometry-1.tex	PROBLEM_ITEM	source:theory-of-geometry; theme:fallback-to-volume-region	thematic section chosen only from broad volume fallback
SEM-7C83395726D9	IMP-DL-98972A6B93-P028	VII	Smooth Manifolds	VII/01--VII/06	MEDIUM	15	Downloads/theory-of-geometry-II.tex;MATH-ALLS-2/theory-of-geometry-II.tex	PROBLEM_ITEM	source:theory-of-geometry; theme:fallback-to-volume-region	thematic section chosen only from broad volume fallback
SEM-7F4CDD638976	IMP-DL-BD3A6D53D0-P030	VII	Smooth Manifolds	VII/01--VII/06	HIGH	46	Downloads/theory-of-differential-geometry-2.tex;MATH-ALLS-2/theory-of-differential-geometry-2.tex;MATH_ALLS-3/theory-of-differential-geometry-2.tex	PROBLEM	source:differential-geometry; theme:fallback-to-volume-region	thematic section chosen only from broad volume fallback
SEM-7FD45375DEDD	IMP-DL-0EB9CBD958-P081	VII	Smooth Manifolds	VII/01--VII/06	LOW	0	Downloads/theory-of-geometry.tex;MATH-ALLS-2/theory-of-geometry.tex	PROBLEM_ITEM	source:theory-of-geometry; theme:fallback-to-volume-region	low volume-classification confidence; thematic section chosen only from broad volume fallback
SEM-8016B8A7BB57	IMP-DL-98972A6B93-P019	VII	Smooth Manifolds	VII/01--VII/06	MEDIUM	22	Downloads/theory-of-geometry-II.tex;MATH-ALLS-2/theory-of-geometry-II.tex	PROBLEM_ITEM	source:theory-of-geometry; theme:fallback-to-volume-region	thematic section chosen only from broad volume fallback
SEM-822E47E2071A	IMP-DL-D148B51FB7-P009	VII	Smooth Manifolds	VII/01--VII/06	HIGH	44	Downloads/theory-of-differential-geometry-4.tex;MATH_ALLS-3/theory-of-differential-geometry-4.tex	PROBLEM_ITEM	source:differential-geometry; theme:fallback-to-volume-region	thematic section chosen only from broad volume fallback
SEM-829693F5C91E	IMP-DL-D148B51FB7-P001	VII	Smooth Manifolds	VII/01--VII/06	MEDIUM	4	Downloads/theory-of-differential-geometry-4.tex;MATH_ALLS-3/theory-of-differential-geometry-4.tex	PROBLEM	source:differential-geometry; theme:fallback-to-volume-region	thematic section chosen only from broad volume fallback
SEM-89217CA23242	IMP-DL-98972A6B93-P030	VII	Smooth Manifolds	VII/01--VII/06	MEDIUM	22	Downloads/theory-of-geometry-II.tex;MATH-ALLS-2/theory-of-geometry-II.tex	PROBLEM_ITEM	source:theory-of-geometry; theme:fallback-to-volume-region	thematic section chosen only from broad volume fallback
SEM-89514215AECB	IMP-DL-0EB9CBD958-P028	VII	Smooth Manifolds	VII/01--VII/06	MEDIUM	22	Downloads/theory-of-geometry.tex;MATH-ALLS-2/theory-of-geometry.tex	PROBLEM_ITEM	source:theory-of-geometry; theme:fallback-to-volume-region	thematic section chosen only from broad volume fallback
SEM-8BCE57869DB7	IMP-DL-E88547CF67-P029	VII	Smooth Manifolds	VII/01--VII/06	MEDIUM	18	Downloads/theory-of-geometry-3.tex;MATH-ALLS-2/theory-of-geometry-3.tex	PROBLEM_ITEM	source:theory-of-geometry; theme:fallback-to-volume-region	thematic section chosen only from broad volume fallback
SEM-8CF4DD0461ED	IMP-DL-D148B51FB7-P036	VII	Smooth Manifolds	VII/01--VII/06	HIGH	28	Downloads/theory-of-differential-geometry-4.tex;MATH_ALLS-3/theory-of-differential-geometry-4.tex	PROBLEM	source:differential-geometry; theme:fallback-to-volume-region	thematic section chosen only from broad volume fallback
SEM-8E0528BB9DA2	IMP-DL-D4351A3BBD-P017	VII	Smooth Manifolds	VII/01--VII/06	MEDIUM	22	Downloads/theory-of-geometry-IV.tex;MATH-ALLS-2/theory-of-geometry-IV.tex	PROBLEM_ITEM	source:theory-of-geometry; theme:fallback-to-volume-region	thematic section chosen only from broad volume fallback
SEM-916FBBE75791	IMP-DL-D148B51FB7-P004	VII	Smooth Manifolds	VII/01--VII/06	HIGH	44	Downloads/theory-of-differential-geometry-4.tex;MATH_ALLS-3/theory-of-differential-geometry-4.tex	PROBLEM_ITEM	source:differential-geometry; theme:fallback-to-volume-region	thematic section chosen only from broad volume fallback
SEM-9244AB9B9361	IMP-DL-0EB9CBD958-P045	VII	Smooth Manifolds	VII/01--VII/06	MEDIUM	18	Downloads/theory-of-geometry.tex;MATH-ALLS-2/theory-of-geometry.tex	PROBLEM_ITEM	source:theory-of-geometry; theme:fallback-to-volume-region	thematic section chosen only from broad volume fallback
SEM-944FE7561490	IMP-DL-5431609247-P001	VII	Smooth Manifolds	VII/01--VII/06	HIGH	17	Downloads/theory-of-differential-geometry-5.tex;MATH_ALLS-3/theory-of-differential-geometry-5.tex	WORKED_EXAMPLE	source:differential-geometry; theme:fallback-to-volume-region	thematic section chosen only from broad volume fallback
SEM-950C14C35542	IMP-DL-0EB9CBD958-P053	VII	Smooth Manifolds	VII/01--VII/06	MEDIUM	12	Downloads/theory-of-geometry.tex;MATH-ALLS-2/theory-of-geometry.tex	PROBLEM_ITEM	source:theory-of-geometry; theme:fallback-to-volume-region	thematic section chosen only from broad volume fallback
SEM-9526F0DB526B	IMP-DL-0EB9CBD958-P063	VII	Smooth Manifolds	VII/01--VII/06	MEDIUM	22	Downloads/theory-of-geometry.tex;MATH-ALLS-2/theory-of-geometry.tex	PROBLEM_ITEM	source:theory-of-geometry; theme:fallback-to-volume-region	thematic section chosen only from broad volume fallback
SEM-978BAE4BCD91	IMP-DL-E88547CF67-P007	VII	Smooth Manifolds	VII/01--VII/06	MEDIUM	22	Downloads/theory-of-geometry-3.tex;MATH-ALLS-2/theory-of-geometry-3.tex	PROBLEM_ITEM	source:theory-of-geometry; theme:fallback-to-volume-region	thematic section chosen only from broad volume fallback
SEM-980DF33B8AA2	IMP-DL-BD3A6D53D0-P010	VII	Smooth Manifolds	VII/01--VII/06	HIGH	36	Downloads/theory-of-differential-geometry-2.tex;MATH-ALLS-2/theory-of-differential-geometry-2.tex;MATH_ALLS-3/theory-of-differential-geometry-2.tex	PROBLEM	source:differential-geometry; theme:fallback-to-volume-region	thematic section chosen only from broad volume fallback
SEM-98E2975B1A16	IMP-DL-D4351A3BBD-P008	VII	Smooth Manifolds	VII/01--VII/06	MEDIUM	6	Downloads/theory-of-geometry-IV.tex;MATH-ALLS-2/theory-of-geometry-IV.tex	PROBLEM_ITEM	source:theory-of-geometry; theme:fallback-to-volume-region	thematic section chosen only from broad volume fallback
SEM-99711024591A	IMP-DL-0EB9CBD958-P049	VII	Smooth Manifolds	VII/01--VII/06	MEDIUM	22	Downloads/theory-of-geometry.tex;MATH-ALLS-2/theory-of-geometry.tex	PROBLEM_ITEM	source:theory-of-geometry; theme:fallback-to-volume-region	thematic section chosen only from broad volume fallback
SEM-9B6B9847631B	IMP-DL-0EB9CBD958-P020	VII	Smooth Manifolds	VII/01--VII/06	MEDIUM	22	Downloads/theory-of-geometry.tex;MATH-ALLS-2/theory-of-geometry.tex	PROBLEM_ITEM	source:theory-of-geometry; theme:fallback-to-volume-region	thematic section chosen only from broad volume fallback
SEM-9D06191170F1	IMP-DL-D4351A3BBD-P022	VII	Smooth Manifolds	VII/01--VII/06	MEDIUM	12	Downloads/theory-of-geometry-IV.tex;MATH-ALLS-2/theory-of-geometry-IV.tex	PROBLEM_ITEM	source:theory-of-geometry; theme:fallback-to-volume-region	thematic section chosen only from broad volume fallback
SEM-9D557FD659BD	IMP-DL-8016517B0A-PSR004148-9D557FD6	VII	Smooth Manifolds	VII/01--VII/06	HIGH	56	Downloads/theory-of-differential-geometry-1.tex;MATH-ALLS-2/theory-of-differential-geometry-1.tex;MATH_ALLS-3/theory-of-differential-geometry-1.tex	EXAMPLE	source:differential-geometry; theme:fallback-to-volume-region	thematic section chosen only from broad volume fallback
SEM-9DB7CD226924	IMP-DL-D148B51FB7-P034	VII	Smooth Manifolds	VII/01--VII/06	HIGH	44	Downloads/theory-of-differential-geometry-4.tex;MATH_ALLS-3/theory-of-differential-geometry-4.tex	PROBLEM	source:differential-geometry; theme:fallback-to-volume-region	thematic section chosen only from broad volume fallback
SEM-A1E1A8762DD4	IMP-DL-0EB9CBD958-P016	VII	Smooth Manifolds	VII/01--VII/06	MEDIUM	17	Downloads/theory-of-geometry.tex;MATH-ALLS-2/theory-of-geometry.tex	PROBLEM_ITEM	source:theory-of-geometry; theme:fallback-to-volume-region	thematic section chosen only from broad volume fallback
SEM-A23C6C8527B7	IMP-DL-40BD8D3E26-P003	VII	Smooth Manifolds	VII/01--VII/06	MEDIUM	14	Downloads/theory-of-geometry-2.tex;MATH-ALLS-2/theory-of-geometry-2.tex	PROBLEM_ITEM	source:theory-of-geometry; theme:fallback-to-volume-region	thematic section chosen only from broad volume fallback
SEM-A4C68832D18E	IMP-DL-D148B51FB7-P025	VII	Smooth Manifolds	VII/01--VII/06	HIGH	10	Downloads/theory-of-differential-geometry-4.tex;MATH_ALLS-3/theory-of-differential-geometry-4.tex	PROBLEM	source:differential-geometry; theme:fallback-to-volume-region	thematic section chosen only from broad volume fallback
SEM-A4F298B07366	IMP-DL-8016517B0A-P015	VII	Smooth Manifolds	VII/01--VII/06	HIGH	66	Downloads/theory-of-differential-geometry-1.tex;MATH-ALLS-2/theory-of-differential-geometry-1.tex;MATH_ALLS-3/theory-of-differential-geometry-1.tex	PROBLEM_ITEM	source:differential-geometry; theme:fallback-to-volume-region	thematic section chosen only from broad volume fallback
SEM-A75A92AC2091	IMP-DL-BD3A6D53D0-P004	VII	Smooth Manifolds	VII/01--VII/06	HIGH	12	Downloads/theory-of-differential-geometry-2.tex;MATH-ALLS-2/theory-of-differential-geometry-2.tex;MATH_ALLS-3/theory-of-differential-geometry-2.tex	PROBLEM	source:differential-geometry; theme:fallback-to-volume-region	thematic section chosen only from broad volume fallback
SEM-A941316ACC22	IMP-DL-98972A6B93-P023	VII	Smooth Manifolds	VII/01--VII/06	MEDIUM	22	Downloads/theory-of-geometry-II.tex;MATH-ALLS-2/theory-of-geometry-II.tex	PROBLEM_ITEM	source:theory-of-geometry; theme:fallback-to-volume-region	thematic section chosen only from broad volume fallback
SEM-ABC85F1C169C	IMP-DL-D148B51FB7-P003	VII	Smooth Manifolds	VII/01--VII/06	HIGH	40	Downloads/theory-of-differential-geometry-4.tex;MATH_ALLS-3/theory-of-differential-geometry-4.tex	PROBLEM_ITEM	source:differential-geometry; theme:fallback-to-volume-region	thematic section chosen only from broad volume fallback
SEM-AC75B958D19A	IMP-DL-0EB9CBD958-P038	VII	Smooth Manifolds	VII/01--VII/06	MEDIUM	4	Downloads/theory-of-geometry.tex;MATH-ALLS-2/theory-of-geometry.tex	WORKED_EXAMPLE	source:theory-of-geometry; theme:fallback-to-volume-region	thematic section chosen only from broad volume fallback
SEM-ADD7E5570B3A	IMP-DL-98972A6B93-P034	VII	Smooth Manifolds	VII/01--VII/06	MEDIUM	22	Downloads/theory-of-geometry-II.tex;MATH-ALLS-2/theory-of-geometry-II.tex	PROBLEM_ITEM	source:theory-of-geometry; theme:fallback-to-volume-region	thematic section chosen only from broad volume fallback
SEM-AE5E56B41BBF	IMP-DL-0EB9CBD958-P001	VII	Smooth Manifolds	VII/01--VII/06	MEDIUM	16	Downloads/theory-of-geometry.tex;MATH-ALLS-2/theory-of-geometry.tex	PROBLEM	source:theory-of-geometry; theme:fallback-to-volume-region	thematic section chosen only from broad volume fallback
SEM-AF364C1025F3	IMP-DL-0EB9CBD958-P006	VII	Smooth Manifolds	VII/01--VII/06	MEDIUM	22	Downloads/theory-of-geometry.tex;MATH-ALLS-2/theory-of-geometry.tex	PROBLEM_ITEM	source:theory-of-geometry; theme:fallback-to-volume-region	thematic section chosen only from broad volume fallback
SEM-AF6F1B916840	IMP-DL-7A55205E2C-P007	VII	Curves and Surfaces	VII/12--VII/19	LOW	1	Downloads/theory-of-geometry-4.tex;MATH-ALLS-2/theory-of-geometry-4.tex	PROBLEM	source:theory-of-geometry; text:curvature; theme:curvature,fundamental form	low volume-classification confidence
SEM-B16E50735AB8	IMP-DL-0EB9CBD958-P027	VII	Smooth Manifolds	VII/01--VII/06	MEDIUM	22	Downloads/theory-of-geometry.tex;MATH-ALLS-2/theory-of-geometry.tex	PROBLEM_ITEM	source:theory-of-geometry; theme:fallback-to-volume-region	thematic section chosen only from broad volume fallback
SEM-B2190CC90D73	IMP-DL-14663C23F1-P001	VII	Smooth Manifolds	VII/01--VII/06	MEDIUM	22	Downloads/theory-of-geometry-III.tex;MATH-ALLS-2/theory-of-geometry-III.tex	WORKED_EXAMPLE	source:theory-of-geometry; theme:fallback-to-volume-region	thematic section chosen only from broad volume fallback
SEM-B472DFC74346	IMP-DL-A470D9BACB-P003	VII	Smooth Manifolds	VII/01--VII/06	MEDIUM	22	Downloads/theory-of-geometry-1.tex;MATH-ALLS-2/theory-of-geometry-1.tex	PROBLEM_ITEM	source:theory-of-geometry; theme:fallback-to-volume-region	thematic section chosen only from broad volume fallback
SEM-B5A8C9DE6F97	IMP-DL-0EB9CBD958-P026	VII	Smooth Manifolds	VII/01--VII/06	MEDIUM	22	Downloads/theory-of-geometry.tex;MATH-ALLS-2/theory-of-geometry.tex	PROBLEM_ITEM	source:theory-of-geometry; theme:fallback-to-volume-region	thematic section chosen only from broad volume fallback
SEM-B61BF0660ADC	IMP-DL-0EB9CBD958-P046	VII	Smooth Manifolds	VII/01--VII/06	MEDIUM	18	Downloads/theory-of-geometry.tex;MATH-ALLS-2/theory-of-geometry.tex	PROBLEM_ITEM	source:theory-of-geometry; theme:fallback-to-volume-region	thematic section chosen only from broad volume fallback
SEM-B6281E537C41	IMP-DL-0EB9CBD958-P054	VII	Smooth Manifolds	VII/01--VII/06	MEDIUM	22	Downloads/theory-of-geometry.tex;MATH-ALLS-2/theory-of-geometry.tex	PROBLEM_ITEM	source:theory-of-geometry; theme:fallback-to-volume-region	thematic section chosen only from broad volume fallback
SEM-B8807EE1E6E1	IMP-DL-0EB9CBD958-P003	VII	Smooth Manifolds	VII/01--VII/06	MEDIUM	22	Downloads/theory-of-geometry.tex;MATH-ALLS-2/theory-of-geometry.tex	PROBLEM_ITEM	source:theory-of-geometry; theme:fallback-to-volume-region	thematic section chosen only from broad volume fallback
SEM-BA22E4A22FF3	IMP-DL-14663C23F1-P008	VII	Smooth Manifolds	VII/01--VII/06	MEDIUM	22	Downloads/theory-of-geometry-III.tex;MATH-ALLS-2/theory-of-geometry-III.tex	PROBLEM_ITEM	source:theory-of-geometry; theme:fallback-to-volume-region	thematic section chosen only from broad volume fallback
SEM-BA3308213A73	IMP-DL-98972A6B93-P036	VII	Smooth Manifolds	VII/01--VII/06	MEDIUM	22	Downloads/theory-of-geometry-II.tex;MATH-ALLS-2/theory-of-geometry-II.tex	PROBLEM_ITEM	source:theory-of-geometry; theme:fallback-to-volume-region	thematic section chosen only from broad volume fallback
SEM-BC1091665E04	IMP-DL-0EB9CBD958-P075	VII	Smooth Manifolds	VII/01--VII/06	MEDIUM	22	Downloads/theory-of-geometry.tex;MATH-ALLS-2/theory-of-geometry.tex	PROBLEM_ITEM	source:theory-of-geometry; theme:fallback-to-volume-region	thematic section chosen only from broad volume fallback
SEM-BD315889EB1B	IMP-DL-A470D9BACB-P026	VII	Smooth Manifolds	VII/01--VII/06	MEDIUM	7	Downloads/theory-of-geometry-1.tex;MATH-ALLS-2/theory-of-geometry-1.tex	WORKED_EXAMPLE	source:theory-of-geometry; theme:fallback-to-volume-region	thematic section chosen only from broad volume fallback
SEM-BD79FFA36658	IMP-DL-98972A6B93-P018	VII	Smooth Manifolds	VII/01--VII/06	MEDIUM	22	Downloads/theory-of-geometry-II.tex;MATH-ALLS-2/theory-of-geometry-II.tex	PROBLEM_ITEM	source:theory-of-geometry; theme:fallback-to-volume-region	thematic section chosen only from broad volume fallback
SEM-BDAEFE6F804C	IMP-DL-0EB9CBD958-P024	VII	Smooth Manifolds	VII/01--VII/06	MEDIUM	22	Downloads/theory-of-geometry.tex;MATH-ALLS-2/theory-of-geometry.tex	PROBLEM_ITEM	source:theory-of-geometry; theme:fallback-to-volume-region	thematic section chosen only from broad volume fallback
SEM-BF4933768DA3	IMP-DL-8016517B0A-P033	VII	Smooth Manifolds	VII/01--VII/06	HIGH	58	Downloads/theory-of-differential-geometry-1.tex;MATH-ALLS-2/theory-of-differential-geometry-1.tex;MATH_ALLS-3/theory-of-differential-geometry-1.tex	PROBLEM	source:differential-geometry; theme:fallback-to-volume-region	thematic section chosen only from broad volume fallback
SEM-C3EEC7CBA706	IMP-DL-E88547CF67-P004	VII	Smooth Manifolds	VII/01--VII/06	MEDIUM	22	Downloads/theory-of-geometry-3.tex;MATH-ALLS-2/theory-of-geometry-3.tex	PROBLEM_ITEM	source:theory-of-geometry; theme:fallback-to-volume-region	thematic section chosen only from broad volume fallback
SEM-C6CF9D14216C	IMP-DL-0EB9CBD958-P011	VII	Smooth Manifolds	VII/01--VII/06	MEDIUM	14	Downloads/theory-of-geometry.tex;MATH-ALLS-2/theory-of-geometry.tex	PROBLEM_ITEM	source:theory-of-geometry; theme:fallback-to-volume-region	thematic section chosen only from broad volume fallback
SEM-CA1E599C1CE8	IMP-DL-98972A6B93-P041	VII	Smooth Manifolds	VII/01--VII/06	MEDIUM	22	Downloads/theory-of-geometry-II.tex;MATH-ALLS-2/theory-of-geometry-II.tex	PROBLEM_ITEM	source:theory-of-geometry; theme:fallback-to-volume-region	thematic section chosen only from broad volume fallback
SEM-CA6D6CF115CD	IMP-DL-D4351A3BBD-P016	VII	Smooth Manifolds	VII/01--VII/06	MEDIUM	22	Downloads/theory-of-geometry-IV.tex;MATH-ALLS-2/theory-of-geometry-IV.tex	PROBLEM_ITEM	source:theory-of-geometry; theme:fallback-to-volume-region	thematic section chosen only from broad volume fallback
SEM-CB5AB445D318	IMP-DL-0EB9CBD958-P071	VII	Smooth Manifolds	VII/01--VII/06	MEDIUM	10	Downloads/theory-of-geometry.tex;MATH-ALLS-2/theory-of-geometry.tex	PROBLEM_ITEM	source:theory-of-geometry; theme:fallback-to-volume-region	thematic section chosen only from broad volume fallback
SEM-CB75E512F562	IMP-DL-E88547CF67-P008	VII	Smooth Manifolds	VII/01--VII/06	MEDIUM	22	Downloads/theory-of-geometry-3.tex;MATH-ALLS-2/theory-of-geometry-3.tex	PROBLEM_ITEM	source:theory-of-geometry; theme:fallback-to-volume-region	thematic section chosen only from broad volume fallback
SEM-CC2929EB8500	IMP-DL-8016517B0A-P002	VII	Smooth Manifolds	VII/01--VII/06	HIGH	62	Downloads/theory-of-differential-geometry-1.tex;MATH-ALLS-2/theory-of-differential-geometry-1.tex;MATH_ALLS-3/theory-of-differential-geometry-1.tex	PROBLEM_ITEM	source:differential-geometry; theme:fallback-to-volume-region	thematic section chosen only from broad volume fallback
SEM-CD0807481044	IMP-DL-D148B51FB7-P038	VII	Smooth Manifolds	VII/01--VII/06	HIGH	17	Downloads/theory-of-differential-geometry-4.tex;MATH_ALLS-3/theory-of-differential-geometry-4.tex	PROBLEM	source:differential-geometry; theme:fallback-to-volume-region	thematic section chosen only from broad volume fallback
SEM-D1D1D61CB6E8	IMP-DL-D4351A3BBD-P024	VII	Smooth Manifolds	VII/01--VII/06	MEDIUM	22	Downloads/theory-of-geometry-IV.tex;MATH-ALLS-2/theory-of-geometry-IV.tex	PROBLEM_ITEM	source:theory-of-geometry; theme:fallback-to-volume-region	thematic section chosen only from broad volume fallback
SEM-D2AF77CB46AA	IMP-DL-0EB9CBD958-P048	VII	Smooth Manifolds	VII/01--VII/06	MEDIUM	18	Downloads/theory-of-geometry.tex;MATH-ALLS-2/theory-of-geometry.tex	PROBLEM_ITEM	source:theory-of-geometry; theme:fallback-to-volume-region	thematic section chosen only from broad volume fallback
SEM-D39E61227C96	IMP-DL-0EB9CBD958-P052	VII	Smooth Manifolds	VII/01--VII/06	MEDIUM	22	Downloads/theory-of-geometry.tex;MATH-ALLS-2/theory-of-geometry.tex	PROBLEM_ITEM	source:theory-of-geometry; theme:fallback-to-volume-region	thematic section chosen only from broad volume fallback
SEM-D45196857E23	IMP-DL-0EB9CBD958-P033	VII	Smooth Manifolds	VII/01--VII/06	MEDIUM	22	Downloads/theory-of-geometry.tex;MATH-ALLS-2/theory-of-geometry.tex	PROBLEM	source:theory-of-geometry; theme:fallback-to-volume-region	thematic section chosen only from broad volume fallback
SEM-D4F64FD83EDC	IMP-DL-A470D9BACB-P010	VII	Smooth Manifolds	VII/01--VII/06	MEDIUM	22	Downloads/theory-of-geometry-1.tex;MATH-ALLS-2/theory-of-geometry-1.tex	PROBLEM_ITEM	source:theory-of-geometry; theme:fallback-to-volume-region	thematic section chosen only from broad volume fallback
SEM-DC08EA25C9D3	IMP-DL-0EB9CBD958-P056	VII	Smooth Manifolds	VII/01--VII/06	MEDIUM	22	Downloads/theory-of-geometry.tex;MATH-ALLS-2/theory-of-geometry.tex	PROBLEM_ITEM	source:theory-of-geometry; theme:fallback-to-volume-region	thematic section chosen only from broad volume fallback
SEM-DD67B43A62BA	IMP-DL-0EB9CBD958-P017	VII	Smooth Manifolds	VII/01--VII/06	MEDIUM	14	Downloads/theory-of-geometry.tex;MATH-ALLS-2/theory-of-geometry.tex	PROBLEM_ITEM	source:theory-of-geometry; theme:fallback-to-volume-region	thematic section chosen only from broad volume fallback
SEM-DE16353CF1B0	IMP-DL-0EB9CBD958-P066	VII	Smooth Manifolds	VII/01--VII/06	MEDIUM	22	Downloads/theory-of-geometry.tex;MATH-ALLS-2/theory-of-geometry.tex	PROBLEM_ITEM	source:theory-of-geometry; theme:fallback-to-volume-region	thematic section chosen only from broad volume fallback
SEM-DFCE908192B4	IMP-DL-14663C23F1-P011	VII	Smooth Manifolds	VII/01--VII/06	MEDIUM	22	Downloads/theory-of-geometry-III.tex;MATH-ALLS-2/theory-of-geometry-III.tex	PROBLEM_ITEM	source:theory-of-geometry; theme:fallback-to-volume-region	thematic section chosen only from broad volume fallback
SEM-E02AE0C72E33	IMP-DL-0EB9CBD958-P057	VII	Smooth Manifolds	VII/01--VII/06	MEDIUM	22	Downloads/theory-of-geometry.tex;MATH-ALLS-2/theory-of-geometry.tex	PROBLEM_ITEM	source:theory-of-geometry; theme:fallback-to-volume-region	thematic section chosen only from broad volume fallback
SEM-E0B8290840CD	IMP-DL-D4351A3BBD-P001	VII	Smooth Manifolds	VII/01--VII/06	MEDIUM	22	Downloads/theory-of-geometry-IV.tex;MATH-ALLS-2/theory-of-geometry-IV.tex	WORKED_EXAMPLE	source:theory-of-geometry; theme:fallback-to-volume-region	thematic section chosen only from broad volume fallback
SEM-E0E7D066853F	IMP-DL-D148B51FB7-P027	VII	Smooth Manifolds	VII/01--VII/06	HIGH	17	Downloads/theory-of-differential-geometry-4.tex;MATH_ALLS-3/theory-of-differential-geometry-4.tex	PROBLEM	source:differential-geometry; theme:fallback-to-volume-region	thematic section chosen only from broad volume fallback
SEM-E0FDE3907D10	IMP-DL-0EB9CBD958-P047	VII	Smooth Manifolds	VII/01--VII/06	MEDIUM	10	Downloads/theory-of-geometry.tex;MATH-ALLS-2/theory-of-geometry.tex	PROBLEM_ITEM	source:theory-of-geometry; theme:fallback-to-volume-region	thematic section chosen only from broad volume fallback
SEM-E10E6E5DD627	IMP-DL-BD3A6D53D0-P028	VII	Smooth Manifolds	VII/01--VII/06	HIGH	49	Downloads/theory-of-differential-geometry-2.tex;MATH-ALLS-2/theory-of-differential-geometry-2.tex;MATH_ALLS-3/theory-of-differential-geometry-2.tex	PROBLEM	source:differential-geometry; theme:fallback-to-volume-region	thematic section chosen only from broad volume fallback
SEM-E6163907F56F	IMP-DL-D4351A3BBD-P035	VII	Smooth Manifolds	VII/01--VII/06	MEDIUM	22	Downloads/theory-of-geometry-IV.tex;MATH-ALLS-2/theory-of-geometry-IV.tex	PROBLEM	source:theory-of-geometry; theme:fallback-to-volume-region	thematic section chosen only from broad volume fallback
SEM-E8A4B83201DD	IMP-DL-D4351A3BBD-P019	VII	Smooth Manifolds	VII/01--VII/06	MEDIUM	22	Downloads/theory-of-geometry-IV.tex;MATH-ALLS-2/theory-of-geometry-IV.tex	PROBLEM_ITEM	source:theory-of-geometry; theme:fallback-to-volume-region	thematic section chosen only from broad volume fallback
SEM-EA8B8D5C1F73	IMP-DL-D4351A3BBD-P007	VII	Smooth Manifolds	VII/01--VII/06	MEDIUM	6	Downloads/theory-of-geometry-IV.tex;MATH-ALLS-2/theory-of-geometry-IV.tex	PROBLEM_ITEM	source:theory-of-geometry; theme:fallback-to-volume-region	thematic section chosen only from broad volume fallback
SEM-EB232E6046CF	IMP-DL-98972A6B93-P035	VII	Smooth Manifolds	VII/01--VII/06	MEDIUM	22	Downloads/theory-of-geometry-II.tex;MATH-ALLS-2/theory-of-geometry-II.tex	PROBLEM_ITEM	source:theory-of-geometry; theme:fallback-to-volume-region	thematic section chosen only from broad volume fallback
SEM-EB9BC57E3427	IMP-DL-40BD8D3E26-R001159-EB9BC57E	VII	Smooth Manifolds	VII/01--VII/06	MEDIUM	22	Downloads/theory-of-geometry-2.tex;MATH-ALLS-2/theory-of-geometry-2.tex	EXERCISE	source:theory-of-geometry; theme:fallback-to-volume-region	thematic section chosen only from broad volume fallback
SEM-F1214FBE08EC	IMP-DL-0EB9CBD958-P059	VII	Smooth Manifolds	VII/01--VII/06	MEDIUM	22	Downloads/theory-of-geometry.tex;MATH-ALLS-2/theory-of-geometry.tex	PROBLEM_ITEM	source:theory-of-geometry; theme:fallback-to-volume-region	thematic section chosen only from broad volume fallback
SEM-F14CD9CC6677	IMP-DL-E88547CF67-P026	VII	Smooth Manifolds	VII/01--VII/06	LOW	2	Downloads/theory-of-geometry-3.tex;MATH-ALLS-2/theory-of-geometry-3.tex	PROBLEM_ITEM	source:theory-of-geometry; theme:fallback-to-volume-region	low volume-classification confidence; thematic section chosen only from broad volume fallback
SEM-F2E17060CD48	IMP-DL-E88547CF67-P010	VII	Smooth Manifolds	VII/01--VII/06	MEDIUM	22	Downloads/theory-of-geometry-3.tex;MATH-ALLS-2/theory-of-geometry-3.tex	PROBLEM_ITEM	source:theory-of-geometry; theme:fallback-to-volume-region	thematic section chosen only from broad volume fallback
SEM-F39B926C2FA5	IMP-DL-D148B51FB7-P008	VII	Smooth Manifolds	VII/01--VII/06	HIGH	44	Downloads/theory-of-differential-geometry-4.tex;MATH_ALLS-3/theory-of-differential-geometry-4.tex	PROBLEM_ITEM	source:differential-geometry; theme:fallback-to-volume-region	thematic section chosen only from broad volume fallback
SEM-F4787D7A8173	IMP-DL-0EB9CBD958-P009	VII	Smooth Manifolds	VII/01--VII/06	MEDIUM	16	Downloads/theory-of-geometry.tex;MATH-ALLS-2/theory-of-geometry.tex	WORKED_EXAMPLE	source:theory-of-geometry; theme:fallback-to-volume-region	thematic section chosen only from broad volume fallback
SEM-F47ECC5AA941	IMP-DL-A470D9BACB-P012	VII	Smooth Manifolds	VII/01--VII/06	MEDIUM	22	Downloads/theory-of-geometry-1.tex;MATH-ALLS-2/theory-of-geometry-1.tex	PROBLEM_ITEM	source:theory-of-geometry; theme:fallback-to-volume-region	thematic section chosen only from broad volume fallback
SEM-F51CB3FB3226	IMP-DL-0EB9CBD958-P068	VII	Smooth Manifolds	VII/01--VII/06	MEDIUM	22	Downloads/theory-of-geometry.tex;MATH-ALLS-2/theory-of-geometry.tex	PROBLEM_ITEM	source:theory-of-geometry; theme:fallback-to-volume-region	thematic section chosen only from broad volume fallback
SEM-F5F4142C72CD	IMP-DL-D4351A3BBD-P011	VII	Smooth Manifolds	VII/01--VII/06	MEDIUM	22	Downloads/theory-of-geometry-IV.tex;MATH-ALLS-2/theory-of-geometry-IV.tex	PROBLEM_ITEM	source:theory-of-geometry; theme:fallback-to-volume-region	thematic section chosen only from broad volume fallback
SEM-F8DC530CC0CE	IMP-DL-D148B51FB7-P021	VII	Smooth Manifolds	VII/01--VII/06	MEDIUM	7	Downloads/theory-of-differential-geometry-4.tex;MATH_ALLS-3/theory-of-differential-geometry-4.tex	PROBLEM	source:differential-geometry; theme:fallback-to-volume-region	thematic section chosen only from broad volume fallback
SEM-F9537A504BB0	IMP-DL-0EB9CBD958-P004	VII	Smooth Manifolds	VII/01--VII/06	MEDIUM	22	Downloads/theory-of-geometry.tex;MATH-ALLS-2/theory-of-geometry.tex	WORKED_EXAMPLE	source:theory-of-geometry; theme:fallback-to-volume-region	thematic section chosen only from broad volume fallback
SEM-F9803D58042A	IMP-DL-D4351A3BBD-P026	VII	Smooth Manifolds	VII/01--VII/06	MEDIUM	22	Downloads/theory-of-geometry-IV.tex;MATH-ALLS-2/theory-of-geometry-IV.tex	PROBLEM_ITEM	source:theory-of-geometry; theme:fallback-to-volume-region	thematic section chosen only from broad volume fallback
SEM-FA6057CB1FAD	IMP-DL-40BD8D3E26-P009	VII	Smooth Manifolds	VII/01--VII/06	MEDIUM	22	Downloads/theory-of-geometry-2.tex;MATH-ALLS-2/theory-of-geometry-2.tex	WORKED_EXAMPLE	source:theory-of-geometry; theme:fallback-to-volume-region	thematic section chosen only from broad volume fallback
SEM-FA8165D9EEC0	IMP-DL-E88547CF67-P024	VII	Smooth Manifolds	VII/01--VII/06	MEDIUM	22	Downloads/theory-of-geometry-3.tex;MATH-ALLS-2/theory-of-geometry-3.tex	PROBLEM_ITEM	source:theory-of-geometry; theme:fallback-to-volume-region	thematic section chosen only from broad volume fallback
SEM-FBCE1A71D55A	IMP-DL-0EB9CBD958-P040	VII	Smooth Manifolds	VII/01--VII/06	MEDIUM	14	Downloads/theory-of-geometry.tex;MATH-ALLS-2/theory-of-geometry.tex	WORKED_EXAMPLE	source:theory-of-geometry; theme:fallback-to-volume-region	thematic section chosen only from broad volume fallback
SEM-FCABBA898798	IMP-DL-D148B51FB7-P023	VII	Smooth Manifolds	VII/01--VII/06	HIGH	16	Downloads/theory-of-differential-geometry-4.tex;MATH_ALLS-3/theory-of-differential-geometry-4.tex	PROBLEM	source:differential-geometry; theme:fallback-to-volume-region	thematic section chosen only from broad volume fallback
SEM-FD682DE82CAD	IMP-DL-0EB9CBD958-P069	VII	Smooth Manifolds	VII/01--VII/06	MEDIUM	22	Downloads/theory-of-geometry.tex;MATH-ALLS-2/theory-of-geometry.tex	PROBLEM_ITEM	source:theory-of-geometry; theme:fallback-to-volume-region	thematic section chosen only from broad volume fallback
SEM-FDCC2936D70C	IMP-DL-A470D9BACB-R001506-FDCC2936	VII	Smooth Manifolds	VII/01--VII/06	MEDIUM	9	Downloads/theory-of-geometry-1.tex;MATH-ALLS-2/theory-of-geometry-1.tex	PROBLEM	source:theory-of-geometry; theme:fallback-to-volume-region	thematic section chosen only from broad volume fallback
SEM-01B92B5ABD6F	IMP-DL-D6E9B3BC73-P012	VIII	Homotopy	VIII/01--VIII/04	HIGH	60	Downloads/theory-of-algebraic-topology-1.tex;MATH_ALLS-3/theory-of-algebraic-topology-1.tex	WORKED_EXAMPLE	source:algebraic-topology,topology-; theme:fallback-to-volume-region	thematic section chosen only from broad volume fallback
SEM-0206920A20AD	IMP-DL-2E134BF207-F2R003994-0206920A	VIII	Homotopy	VIII/01--VIII/04	HIGH	14	Downloads/theory-of-algebraic-topology-5.tex	EXAMPLE	source:algebraic-topology,topology-; theme:fallback-to-volume-region	thematic section chosen only from broad volume fallback
SEM-027578D41AD9	IMP-DL-A978FB3162-P021	VIII	Homotopy	VIII/01--VIII/04	HIGH	22	Downloads/theory-of-algebraic-topology-4.tex	WORKED_EXAMPLE	source:algebraic-topology,topology-; theme:fallback-to-volume-region	thematic section chosen only from broad volume fallback
SEM-02FC50867652	IMP-DL-AE41E61130-P002	VIII	Homotopy	VIII/01--VIII/04	LOW	0	Downloads/exercise_4_solutions (1).tex;MATH-ALLS-2/exercise_4_solutions (1).tex	WORKED_EXAMPLE	weak lexical evidence; theme:fallback-to-volume-region	low volume-classification confidence; thematic section chosen only from broad volume fallback
SEM-0547F77CEA84	IMP-DL-2E134BF207-P045	VIII	Homotopy	VIII/01--VIII/04	HIGH	18	Downloads/theory-of-algebraic-topology-5.tex	PROBLEM_ITEM	source:algebraic-topology,topology-; theme:fallback-to-volume-region	thematic section chosen only from broad volume fallback
SEM-056DBF30AB99	IMP-DL-E0B80C696E-P002	VIII	Homotopy	VIII/01--VIII/04	HIGH	30	Downloads/theory-of-algebraic-topology-7.tex	WORKED_EXAMPLE	source:algebraic-topology,topology-; theme:fallback-to-volume-region	thematic section chosen only from broad volume fallback
SEM-05B11993D492	IMP-DL-12C1A20716-P017	VIII	Homotopy	VIII/01--VIII/04	HIGH	30	Downloads/theory-of-algebraic-topology-10.tex	PROBLEM_ITEM	source:algebraic-topology,topology-; theme:fallback-to-volume-region	thematic section chosen only from broad volume fallback
SEM-05B5AA010101	IMP-DL-A978FB3162-P029	VIII	Homotopy	VIII/01--VIII/04	HIGH	30	Downloads/theory-of-algebraic-topology-4.tex	PROBLEM_ITEM	source:algebraic-topology,topology-; theme:fallback-to-volume-region	thematic section chosen only from broad volume fallback
SEM-06644C24CED2	IMP-DL-0AC5ADA26C-P022	VIII	Homotopy	VIII/01--VIII/04	HIGH	30	Downloads/theory-of-algebraic-topology-8.tex	WORKED_EXAMPLE	source:algebraic-topology,topology-; theme:fallback-to-volume-region	thematic section chosen only from broad volume fallback
SEM-06A3308C595A	IMP-DL-2E134BF207-P030	VIII	Homotopy	VIII/01--VIII/04	HIGH	30	Downloads/theory-of-algebraic-topology-5.tex	PROBLEM_ITEM	source:algebraic-topology,topology-; theme:fallback-to-volume-region	thematic section chosen only from broad volume fallback
SEM-0742B8C348E5	IMP-DL-0AC5ADA26C-P025	VIII	Homotopy	VIII/01--VIII/04	HIGH	30	Downloads/theory-of-algebraic-topology-8.tex	WORKED_EXAMPLE	source:algebraic-topology,topology-; theme:fallback-to-volume-region	thematic section chosen only from broad volume fallback
SEM-082D34C6E33F	IMP-DL-12C1A20716-P007	VIII	Homotopy	VIII/01--VIII/04	HIGH	22	Downloads/theory-of-algebraic-topology-10.tex	PROBLEM	source:algebraic-topology,topology-; theme:fallback-to-volume-region	thematic section chosen only from broad volume fallback
SEM-08A0FFF407C8	IMP-DL-3D2DB27534-P002	VIII	Homotopy	VIII/01--VIII/04	LOW	0	Downloads/merged_exercises (1).tex;Downloads/merged_exercises.tex;MATH-ALLS-2/merged_exercises (1).tex;MATH-ALLS-2/merged_exercises.tex	EXERCISE	weak lexical evidence; theme:fallback-to-volume-region	low volume-classification confidence; thematic section chosen only from broad volume fallback
SEM-08EB54F17777	IMP-DL-E12021E60A-P014	VIII	Homotopy	VIII/01--VIII/04	HIGH	22	Downloads/theory-of-algebraic-topology-17.tex	WORKED_EXAMPLE	source:algebraic-topology,topology-; theme:fallback-to-volume-region	thematic section chosen only from broad volume fallback
SEM-0907FCBCA72A	IMP-DL-6447F1B120-PSR004855-0907FCBC	VIII	Homotopy	VIII/01--VIII/04	LOW	1	Downloads/theory-of-algebraic-topology-11.tex	EXAMPLE	source:algebraic-topology,topology-; theme:fallback-to-volume-region	low volume-classification confidence; thematic section chosen only from broad volume fallback
SEM-09140D1CA600	IMP-DL-E0B80C696E-P018	VIII	Homotopy	VIII/01--VIII/04	HIGH	30	Downloads/theory-of-algebraic-topology-7.tex	WORKED_EXAMPLE	source:algebraic-topology,topology-; theme:fallback-to-volume-region	thematic section chosen only from broad volume fallback
SEM-093D700ED3FD	IMP-DL-2E134BF207-P028	VIII	Homotopy	VIII/01--VIII/04	HIGH	30	Downloads/theory-of-algebraic-topology-5.tex	PROBLEM_ITEM	source:algebraic-topology,topology-; theme:fallback-to-volume-region	thematic section chosen only from broad volume fallback
SEM-0A3B7C3CA7BD	IMP-DL-AE41E61130-P003	VIII	Homotopy	VIII/01--VIII/04	LOW	0	Downloads/exercise_4_solutions (1).tex;MATH-ALLS-2/exercise_4_solutions (1).tex	WORKED_EXAMPLE	weak lexical evidence; theme:fallback-to-volume-region	low volume-classification confidence; thematic section chosen only from broad volume fallback
SEM-0A6B75F0A0BF	IMP-DL-314EAD1F3C-R002450-0A6B75F0	VIII	Homotopy	VIII/01--VIII/04	HIGH	30	Downloads/theory-of-algebraic-topology-12.tex	EXAMPLE	source:algebraic-topology,topology-; theme:fallback-to-volume-region	thematic section chosen only from broad volume fallback
SEM-0AA8D8FE2730	IMP-DL-2E134BF207-P006	VIII	Homotopy	VIII/01--VIII/04	HIGH	30	Downloads/theory-of-algebraic-topology-5.tex	PROBLEM_ITEM	source:algebraic-topology,topology-; theme:fallback-to-volume-region	thematic section chosen only from broad volume fallback
SEM-0AD8ACE73ACD	IMP-DL-0AC5ADA26C-P014	VIII	Homotopy	VIII/01--VIII/04	HIGH	22	Downloads/theory-of-algebraic-topology-8.tex	WORKED_EXAMPLE	source:algebraic-topology,topology-; theme:fallback-to-volume-region	thematic section chosen only from broad volume fallback
SEM-0B13B447A71C	IMP-DL-A978FB3162-P094	VIII	Homotopy	VIII/01--VIII/04	HIGH	30	Downloads/theory-of-algebraic-topology-4.tex	PROBLEM_ITEM	source:algebraic-topology,topology-; theme:fallback-to-volume-region	thematic section chosen only from broad volume fallback
SEM-0B335DDF9CF1	IMP-DL-1608308E70-P007	VIII	Homotopy	VIII/01--VIII/04	MEDIUM	6	Downloads/theory-of-algebraic-topology-14.tex	WORKED_EXAMPLE	source:algebraic-topology,topology-; theme:fallback-to-volume-region	thematic section chosen only from broad volume fallback
SEM-0B62F9ED964D	IMP-DL-A978FB3162-P034	VIII	Homotopy	VIII/01--VIII/04	HIGH	30	Downloads/theory-of-algebraic-topology-4.tex	PROBLEM_ITEM	source:algebraic-topology,topology-; theme:fallback-to-volume-region	thematic section chosen only from broad volume fallback
SEM-0C2F3AAB86E3	IMP-DL-2E134BF207-P042	VIII	Homotopy	VIII/01--VIII/04	HIGH	12	Downloads/theory-of-algebraic-topology-5.tex	PROBLEM_ITEM	source:algebraic-topology,topology-; theme:fallback-to-volume-region	thematic section chosen only from broad volume fallback
SEM-0D17A6CCC96F	IMP-DL-2E134BF207-P067	VIII	Homotopy	VIII/01--VIII/04	HIGH	30	Downloads/theory-of-algebraic-topology-5.tex	WORKED_EXAMPLE	source:algebraic-topology,topology-; theme:fallback-to-volume-region	thematic section chosen only from broad volume fallback
SEM-0D5CB94740C5	IMP-DL-0AC5ADA26C-P007	VIII	Homotopy	VIII/01--VIII/04	HIGH	30	Downloads/theory-of-algebraic-topology-8.tex	WORKED_EXAMPLE	source:algebraic-topology,topology-; theme:fallback-to-volume-region	thematic section chosen only from broad volume fallback
SEM-0DAAE54EEACB	IMP-DL-2E134BF207-P020	VIII	Homotopy	VIII/01--VIII/04	HIGH	30	Downloads/theory-of-algebraic-topology-5.tex	PROBLEM_ITEM	source:algebraic-topology,topology-; theme:fallback-to-volume-region	thematic section chosen only from broad volume fallback
SEM-0DC811665D6E	IMP-DL-2E134BF207-R002692-0DC81166	VIII	Homotopy	VIII/01--VIII/04	HIGH	30	Downloads/theory-of-algebraic-topology-5.tex	PROBLEM	source:algebraic-topology,topology-; theme:fallback-to-volume-region	thematic section chosen only from broad volume fallback
SEM-0EFDE7E12062	IMP-DL-2E134BF207-P014	VIII	Homotopy	VIII/01--VIII/04	HIGH	22	Downloads/theory-of-algebraic-topology-5.tex	PROBLEM_ITEM	source:algebraic-topology,topology-; theme:fallback-to-volume-region	thematic section chosen only from broad volume fallback
SEM-11CD78EC57A4	IMP-DL-E0B80C696E-P011	VIII	Homotopy	VIII/01--VIII/04	HIGH	18	Downloads/theory-of-algebraic-topology-7.tex	WORKED_EXAMPLE	source:algebraic-topology,topology-; theme:fallback-to-volume-region	thematic section chosen only from broad volume fallback
SEM-12349B228FB3	IMP-DL-2E134BF207-P060	VIII	Homotopy	VIII/01--VIII/04	HIGH	30	Downloads/theory-of-algebraic-topology-5.tex	WORKED_EXAMPLE	source:algebraic-topology,topology-; theme:fallback-to-volume-region	thematic section chosen only from broad volume fallback
SEM-124CF6AB5C8A	IMP-DL-A978FB3162-P033	VIII	Homotopy	VIII/01--VIII/04	HIGH	30	Downloads/theory-of-algebraic-topology-4.tex	PROBLEM_ITEM	source:algebraic-topology,topology-; theme:fallback-to-volume-region	thematic section chosen only from broad volume fallback
SEM-137D27B0337B	IMP-DL-31FF76D7B8-P002	VIII	Homotopy	VIII/01--VIII/04	HIGH	21	Downloads/theory-of-algebraic-topology-16.tex	WORKED_EXAMPLE	source:algebraic-topology,topology-; theme:fallback-to-volume-region	thematic section chosen only from broad volume fallback
SEM-13B597EF3E09	IMP-DL-35223EB1F7-P021	VIII	Homotopy	VIII/01--VIII/04	HIGH	22	Downloads/theory-of-algebraic-topology-6.tex	EXAMPLE;WORKED_EXAMPLE	source:algebraic-topology,topology-; theme:fallback-to-volume-region	thematic section chosen only from broad volume fallback
SEM-13F2A7EF87B1	IMP-DL-0AC5ADA26C-P021	VIII	Homotopy	VIII/01--VIII/04	HIGH	12	Downloads/theory-of-algebraic-topology-8.tex	WORKED_EXAMPLE	source:algebraic-topology,topology-; theme:fallback-to-volume-region	thematic section chosen only from broad volume fallback
SEM-142D7CA3BC6F	IMP-DL-E12021E60A-P033	VIII	Homotopy	VIII/01--VIII/04	HIGH	22	Downloads/theory-of-algebraic-topology-17.tex	WORKED_EXAMPLE	source:algebraic-topology,topology-; theme:fallback-to-volume-region	thematic section chosen only from broad volume fallback
SEM-14E42314A277	IMP-DL-A978FB3162-P084	VIII	Homotopy	VIII/01--VIII/04	HIGH	54	Downloads/theory-of-algebraic-topology-4.tex	WORKED_EXAMPLE	source:algebraic-topology,topology-; text:simplicial; theme:fallback-to-volume-region	thematic section chosen only from broad volume fallback
SEM-16226A55D200	IMP-DL-35223EB1F7-R002873-16226A55	VIII	Homotopy	VIII/01--VIII/04	HIGH	30	Downloads/theory-of-algebraic-topology-6.tex	EXAMPLE	source:algebraic-topology,topology-; theme:fallback-to-volume-region	thematic section chosen only from broad volume fallback
SEM-17910D63AE78	IMP-DL-2E134BF207-P041	VIII	Homotopy	VIII/01--VIII/04	HIGH	30	Downloads/theory-of-algebraic-topology-5.tex	PROBLEM_ITEM	source:algebraic-topology,topology-; theme:fallback-to-volume-region	thematic section chosen only from broad volume fallback
SEM-1839231A1DAC	IMP-DL-2E134BF207-P054	VIII	Homotopy	VIII/01--VIII/04	HIGH	30	Downloads/theory-of-algebraic-topology-5.tex	PROBLEM_ITEM	source:algebraic-topology,topology-; theme:fallback-to-volume-region	thematic section chosen only from broad volume fallback
SEM-18B94AFFA314	IMP-DL-E12021E60A-P004	VIII	Homotopy	VIII/01--VIII/04	HIGH	22	Downloads/theory-of-algebraic-topology-17.tex	WORKED_EXAMPLE	source:algebraic-topology,topology-; theme:fallback-to-volume-region	thematic section chosen only from broad volume fallback
SEM-1904BDA5CCD2	IMP-DL-A978FB3162-P069	VIII	Homotopy	VIII/01--VIII/04	HIGH	22	Downloads/theory-of-algebraic-topology-4.tex	PROBLEM_ITEM	source:algebraic-topology,topology-; theme:fallback-to-volume-region	thematic section chosen only from broad volume fallback
SEM-1A93A8D6C6AA	IMP-DL-2E134BF207-P015	VIII	Homotopy	VIII/01--VIII/04	HIGH	12	Downloads/theory-of-algebraic-topology-5.tex	PROBLEM_ITEM	source:algebraic-topology,topology-; theme:fallback-to-volume-region	thematic section chosen only from broad volume fallback
SEM-1ABBCE93CD6A	IMP-DL-18BC6F795C-P028	VIII	Homotopy	VIII/01--VIII/04	HIGH	22	Downloads/theory-of-algebraic-topology-9.tex	WORKED_EXAMPLE	source:algebraic-topology,topology-; theme:fallback-to-volume-region	thematic section chosen only from broad volume fallback
SEM-1BC7328EBAB0	IMP-DL-E0B80C696E-P021	VIII	Homotopy	VIII/01--VIII/04	HIGH	30	Downloads/theory-of-algebraic-topology-7.tex	WORKED_EXAMPLE	source:algebraic-topology,topology-; theme:fallback-to-volume-region	thematic section chosen only from broad volume fallback
SEM-1BEFDBA5BF98	IMP-DL-6447F1B120-P028	VIII	Homotopy	VIII/01--VIII/04	HIGH	23	Downloads/theory-of-algebraic-topology-11.tex	PROBLEM_ITEM	source:algebraic-topology,topology-; theme:fallback-to-volume-region	thematic section chosen only from broad volume fallback
SEM-1BFD9205BF57	IMP-DL-0AC5ADA26C-P013	VIII	Homotopy	VIII/01--VIII/04	HIGH	22	Downloads/theory-of-algebraic-topology-8.tex	WORKED_EXAMPLE	source:algebraic-topology,topology-; theme:fallback-to-volume-region	thematic section chosen only from broad volume fallback
SEM-1D3DAF5F23BE	IMP-DL-2E134BF207-P023	VIII	Homotopy	VIII/01--VIII/04	HIGH	30	Downloads/theory-of-algebraic-topology-5.tex	PROBLEM_ITEM	source:algebraic-topology,topology-; theme:fallback-to-volume-region	thematic section chosen only from broad volume fallback
SEM-1DCBAC879EBA	IMP-DL-3D2DB27534-P011	VIII	Homotopy	VIII/01--VIII/04	LOW	0	Downloads/merged_exercises (1).tex;Downloads/merged_exercises.tex;MATH-ALLS-2/merged_exercises (1).tex;MATH-ALLS-2/merged_exercises.tex	EXERCISE	weak lexical evidence; theme:fallback-to-volume-region	low volume-classification confidence; thematic section chosen only from broad volume fallback
SEM-1E7003BE9899	IMP-DL-12C1A20716-P003	VIII	Homotopy	VIII/01--VIII/04	HIGH	30	Downloads/theory-of-algebraic-topology-10.tex	EXERCISE_ITEM	source:algebraic-topology,topology-; theme:fallback-to-volume-region	thematic section chosen only from broad volume fallback
SEM-1F374454FFC7	IMP-DL-E12021E60A-P034	VIII	Homotopy	VIII/01--VIII/04	MEDIUM	6	Downloads/theory-of-algebraic-topology-17.tex	WORKED_EXAMPLE	source:algebraic-topology,topology-; theme:fallback-to-volume-region	thematic section chosen only from broad volume fallback
SEM-1FBC5A885E8A	IMP-DL-31FF76D7B8-P014	VIII	Homotopy	VIII/01--VIII/04	HIGH	23	Downloads/theory-of-algebraic-topology-16.tex	WORKED_EXAMPLE	source:algebraic-topology,topology-; theme:fallback-to-volume-region	thematic section chosen only from broad volume fallback
SEM-1FD608898056	IMP-DL-6447F1B120-R001884-1FD60889	VIII	Homotopy	VIII/01--VIII/04	HIGH	26	Downloads/theory-of-algebraic-topology-11.tex	EXAMPLE	source:algebraic-topology,topology-; theme:fallback-to-volume-region	thematic section chosen only from broad volume fallback
SEM-2090A9993830	IMP-DL-35223EB1F7-P004	VIII	Homotopy	VIII/01--VIII/04	HIGH	30	Downloads/theory-of-algebraic-topology-6.tex	WORKED_EXAMPLE	source:algebraic-topology,topology-; theme:fallback-to-volume-region	thematic section chosen only from broad volume fallback
SEM-210761CDBC74	IMP-DL-12C1A20716-P024	VIII	Homotopy	VIII/01--VIII/04	HIGH	30	Downloads/theory-of-algebraic-topology-10.tex	PROBLEM_ITEM	source:algebraic-topology,topology-; theme:fallback-to-volume-region	thematic section chosen only from broad volume fallback
SEM-2177247C815B	IMP-DL-E0B80C696E-P008	VIII	Homotopy	VIII/01--VIII/04	HIGH	18	Downloads/theory-of-algebraic-topology-7.tex	WORKED_EXAMPLE	source:algebraic-topology,topology-; theme:fallback-to-volume-region	thematic section chosen only from broad volume fallback
SEM-217B67F633DF	IMP-DL-314EAD1F3C-SPR004710-217B67F6	VIII	Homotopy	VIII/01--VIII/04	MEDIUM	6	Downloads/theory-of-algebraic-topology-12.tex	EXAMPLE	source:algebraic-topology,topology-; theme:fallback-to-volume-region	thematic section chosen only from broad volume fallback
SEM-22C1709850D4	IMP-DL-D6E9B3BC73-PSR004482-22C17098	VIII	Homotopy	VIII/01--VIII/04	HIGH	60	Downloads/theory-of-algebraic-topology-1.tex;MATH_ALLS-3/theory-of-algebraic-topology-1.tex	EXAMPLE	source:algebraic-topology,topology-; theme:fallback-to-volume-region	thematic section chosen only from broad volume fallback
SEM-2354A09B0026	IMP-DL-A978FB3162-P092	VIII	Homotopy	VIII/01--VIII/04	HIGH	54	Downloads/theory-of-algebraic-topology-4.tex	WORKED_EXAMPLE	source:algebraic-topology,topology-; text:simplicial; theme:fallback-to-volume-region	thematic section chosen only from broad volume fallback
SEM-23B81461854A	IMP-DL-D6E9B3BC73-PSR004202-23B81461	VIII	Homotopy	VIII/01--VIII/04	HIGH	42	Downloads/theory-of-algebraic-topology-1.tex;MATH_ALLS-3/theory-of-algebraic-topology-1.tex	EXAMPLE	source:algebraic-topology,topology-; theme:fallback-to-volume-region	thematic section chosen only from broad volume fallback
SEM-24F9939A17A0	IMP-DL-35223EB1F7-P001	VIII	Homotopy	VIII/01--VIII/04	HIGH	24	Downloads/theory-of-algebraic-topology-6.tex	WORKED_EXAMPLE	source:algebraic-topology,topology-; theme:fallback-to-volume-region	thematic section chosen only from broad volume fallback
SEM-2655F924A801	IMP-DL-35223EB1F7-P012	VIII	Homotopy	VIII/01--VIII/04	HIGH	22	Downloads/theory-of-algebraic-topology-6.tex	EXAMPLE;WORKED_EXAMPLE	source:algebraic-topology,topology-; theme:fallback-to-volume-region	thematic section chosen only from broad volume fallback
SEM-267AAD5ECB9D	IMP-DL-314EAD1F3C-SPR005005-267AAD5E	VIII	Homotopy	VIII/01--VIII/04	HIGH	18	Downloads/theory-of-algebraic-topology-12.tex	EXAMPLE	source:algebraic-topology,topology-; theme:fallback-to-volume-region	thematic section chosen only from broad volume fallback
SEM-26BDB378FFFB	IMP-DL-6447F1B120-P015	VIII	Homotopy	VIII/01--VIII/04	HIGH	18	Downloads/theory-of-algebraic-topology-11.tex	PROBLEM_ITEM	source:algebraic-topology,topology-; theme:fallback-to-volume-region	thematic section chosen only from broad volume fallback
SEM-2724A51B91B5	IMP-DL-D6E9B3BC73-P010	VIII	Homotopy	VIII/01--VIII/04	HIGH	60	Downloads/theory-of-algebraic-topology-1.tex;MATH_ALLS-3/theory-of-algebraic-topology-1.tex	WORKED_EXAMPLE	source:algebraic-topology,topology-; theme:fallback-to-volume-region	thematic section chosen only from broad volume fallback
SEM-274415152B83	IMP-DL-2E134BF207-P017	VIII	Homotopy	VIII/01--VIII/04	HIGH	30	Downloads/theory-of-algebraic-topology-5.tex	PROBLEM_ITEM	source:algebraic-topology,topology-; theme:fallback-to-volume-region	thematic section chosen only from broad volume fallback
SEM-283C9B8AF4E8	IMP-DL-18BC6F795C-P038	VIII	Homotopy	VIII/01--VIII/04	HIGH	30	Downloads/theory-of-algebraic-topology-9.tex	PROBLEM_ITEM	source:algebraic-topology,topology-; theme:fallback-to-volume-region	thematic section chosen only from broad volume fallback
SEM-2AF5527EC759	IMP-DL-3D2DB27534-P005	VIII	Homotopy	VIII/01--VIII/04	LOW	0	Downloads/merged_exercises (1).tex;Downloads/merged_exercises.tex;MATH-ALLS-2/merged_exercises (1).tex;MATH-ALLS-2/merged_exercises.tex	EXERCISE	weak lexical evidence; theme:fallback-to-volume-region	low volume-classification confidence; thematic section chosen only from broad volume fallback
SEM-2B0BF540D4C0	IMP-DL-314EAD1F3C-SPR004878-2B0BF540	VIII	Homotopy	VIII/01--VIII/04	HIGH	14	Downloads/theory-of-algebraic-topology-12.tex	EXAMPLE	source:algebraic-topology,topology-; theme:fallback-to-volume-region	thematic section chosen only from broad volume fallback
SEM-2BAD36E3360D	IMP-DL-D6E9B3BC73-P028	VIII	Homotopy	VIII/01--VIII/04	HIGH	60	Downloads/theory-of-algebraic-topology-1.tex;MATH_ALLS-3/theory-of-algebraic-topology-1.tex	PROBLEM_ITEM	source:algebraic-topology,topology-; theme:fallback-to-volume-region	thematic section chosen only from broad volume fallback
SEM-2CA1A43E0FA6	IMP-DL-E12021E60A-P016	VIII	Homotopy	VIII/01--VIII/04	HIGH	22	Downloads/theory-of-algebraic-topology-17.tex	WORKED_EXAMPLE	source:algebraic-topology,topology-; theme:fallback-to-volume-region	thematic section chosen only from broad volume fallback
SEM-2CE528EE498C	IMP-DL-12C1A20716-P015	VIII	Homotopy	VIII/01--VIII/04	HIGH	30	Downloads/theory-of-algebraic-topology-10.tex	PROBLEM_ITEM	source:algebraic-topology,topology-; theme:fallback-to-volume-region	thematic section chosen only from broad volume fallback
SEM-2D2B41B126E4	IMP-DL-2E134BF207-F2R003616-2D2B41B1	VIII	Homotopy	VIII/01--VIII/04	HIGH	22	Downloads/theory-of-algebraic-topology-5.tex	EXAMPLE	source:algebraic-topology,topology-; theme:fallback-to-volume-region	thematic section chosen only from broad volume fallback
SEM-2E269B554C8E	IMP-DL-A978FB3162-P038	VIII	Homotopy	VIII/01--VIII/04	HIGH	30	Downloads/theory-of-algebraic-topology-4.tex	PROBLEM_ITEM	source:algebraic-topology,topology-; theme:fallback-to-volume-region	thematic section chosen only from broad volume fallback
SEM-2E511927CF93	IMP-DL-12C1A20716-P029	VIII	Homotopy	VIII/01--VIII/04	HIGH	30	Downloads/theory-of-algebraic-topology-10.tex	PROBLEM	source:algebraic-topology,topology-; theme:fallback-to-volume-region	thematic section chosen only from broad volume fallback
SEM-2F6A74981EE8	IMP-DL-627841AC75-SPR004799-2F6A7498	VIII	Homotopy	VIII/01--VIII/04	HIGH	22	Downloads/theory-of-algebraic-topology-3.tex	EXAMPLE	source:algebraic-topology,topology-; theme:fallback-to-volume-region	thematic section chosen only from broad volume fallback
SEM-2FC5D82EE1E1	IMP-DL-6447F1B120-P027	VIII	Homotopy	VIII/01--VIII/04	HIGH	30	Downloads/theory-of-algebraic-topology-11.tex	PROBLEM_ITEM	source:algebraic-topology,topology-; theme:fallback-to-volume-region	thematic section chosen only from broad volume fallback
SEM-3017DE47FCBD	IMP-DL-E0B80C696E-P010	VIII	Homotopy	VIII/01--VIII/04	HIGH	18	Downloads/theory-of-algebraic-topology-7.tex	WORKED_EXAMPLE	source:algebraic-topology,topology-; theme:fallback-to-volume-region	thematic section chosen only from broad volume fallback
SEM-30F2D831685E	IMP-DL-0AC5ADA26C-P026	VIII	Homotopy	VIII/01--VIII/04	HIGH	26	Downloads/theory-of-algebraic-topology-8.tex	WORKED_EXAMPLE	source:algebraic-topology,topology-; theme:fallback-to-volume-region	thematic section chosen only from broad volume fallback
SEM-33159A7ABED2	IMP-DL-2E134BF207-P012	VIII	Homotopy	VIII/01--VIII/04	HIGH	30	Downloads/theory-of-algebraic-topology-5.tex	PROBLEM_ITEM	source:algebraic-topology,topology-; theme:fallback-to-volume-region	thematic section chosen only from broad volume fallback
SEM-33370F57D01C	IMP-DL-35223EB1F7-P018	VIII	Homotopy	VIII/01--VIII/04	HIGH	14	Downloads/theory-of-algebraic-topology-6.tex	EXAMPLE;WORKED_EXAMPLE	source:algebraic-topology,topology-; theme:fallback-to-volume-region	thematic section chosen only from broad volume fallback
SEM-339FF73D016A	IMP-DL-E12021E60A-P022	VIII	Homotopy	VIII/01--VIII/04	HIGH	14	Downloads/theory-of-algebraic-topology-17.tex	WORKED_EXAMPLE	source:algebraic-topology,topology-; theme:fallback-to-volume-region	thematic section chosen only from broad volume fallback
SEM-3459920F8B44	IMP-DL-314EAD1F3C-SPR004807-3459920F	VIII	Homotopy	VIII/01--VIII/04	HIGH	22	Downloads/theory-of-algebraic-topology-12.tex	EXAMPLE	source:algebraic-topology,topology-; theme:fallback-to-volume-region	thematic section chosen only from broad volume fallback
SEM-361E573114F5	IMP-DL-18BC6F795C-P039	VIII	Homotopy	VIII/01--VIII/04	HIGH	24	Downloads/theory-of-algebraic-topology-9.tex	PROBLEM_ITEM	source:algebraic-topology,topology-; theme:fallback-to-volume-region	thematic section chosen only from broad volume fallback
SEM-36D4BDA77775	IMP-DL-2E134BF207-R002973-36D4BDA7	VIII	Homotopy	VIII/01--VIII/04	HIGH	22	Downloads/theory-of-algebraic-topology-5.tex	PROBLEM	source:algebraic-topology,topology-; theme:fallback-to-volume-region	thematic section chosen only from broad volume fallback
SEM-3867D3DE437B	IMP-DL-D6E9B3BC73-P031	VIII	Homotopy	VIII/01--VIII/04	HIGH	60	Downloads/theory-of-algebraic-topology-1.tex;MATH_ALLS-3/theory-of-algebraic-topology-1.tex	PROBLEM_ITEM	source:algebraic-topology,topology-; theme:fallback-to-volume-region	thematic section chosen only from broad volume fallback
SEM-3ADFA900503F	IMP-DL-067214B351-PSR003604-3ADFA900	VIII	Homotopy	VIII/01--VIII/04	HIGH	30	Downloads/theory-of-algebraic-topology-15.tex	EXAMPLE	source:algebraic-topology,topology-; theme:fallback-to-volume-region	thematic section chosen only from broad volume fallback
SEM-3BEF2EAADB69	IMP-DL-E0B80C696E-P001	VIII	Homotopy	VIII/01--VIII/04	HIGH	26	Downloads/theory-of-algebraic-topology-7.tex	WORKED_EXAMPLE	source:algebraic-topology,topology-; theme:fallback-to-volume-region	thematic section chosen only from broad volume fallback
SEM-3C25C21F706B	IMP-DL-35223EB1F7-P020	VIII	Homotopy	VIII/01--VIII/04	HIGH	22	Downloads/theory-of-algebraic-topology-6.tex	EXAMPLE;WORKED_EXAMPLE	source:algebraic-topology,topology-; theme:fallback-to-volume-region	thematic section chosen only from broad volume fallback
SEM-3C59F1A8BE60	IMP-DL-A978FB3162-P042	VIII	Homotopy	VIII/01--VIII/04	HIGH	30	Downloads/theory-of-algebraic-topology-4.tex	PROBLEM_ITEM	source:algebraic-topology,topology-; theme:fallback-to-volume-region	thematic section chosen only from broad volume fallback
SEM-3C7A6B2436EC	IMP-DL-E12021E60A-P027	VIII	Homotopy	VIII/01--VIII/04	HIGH	14	Downloads/theory-of-algebraic-topology-17.tex	WORKED_EXAMPLE	source:algebraic-topology,topology-; theme:fallback-to-volume-region	thematic section chosen only from broad volume fallback
SEM-3C915DBA7B1E	IMP-DL-E12021E60A-P011	VIII	Homotopy	VIII/01--VIII/04	HIGH	30	Downloads/theory-of-algebraic-topology-17.tex	WORKED_EXAMPLE	source:algebraic-topology,topology-; theme:fallback-to-volume-region	thematic section chosen only from broad volume fallback
SEM-3DE9D4CE3AB4	IMP-DL-D6E9B3BC73-P005	VIII	Homotopy	VIII/01--VIII/04	HIGH	48	Downloads/theory-of-algebraic-topology-1.tex;MATH_ALLS-3/theory-of-algebraic-topology-1.tex	WORKED_EXAMPLE	source:algebraic-topology,topology-; theme:fallback-to-volume-region	thematic section chosen only from broad volume fallback
SEM-3EBB348CADAF	IMP-DL-18BC6F795C-P036	VIII	Homotopy	VIII/01--VIII/04	HIGH	30	Downloads/theory-of-algebraic-topology-9.tex	PROBLEM_ITEM	source:algebraic-topology,topology-; theme:fallback-to-volume-region	thematic section chosen only from broad volume fallback
SEM-3F0D8142D9C8	IMP-DL-067214B351-P007	VIII	Homotopy	VIII/01--VIII/04	HIGH	21	Downloads/theory-of-algebraic-topology-15.tex	PROBLEM	source:algebraic-topology,topology-; theme:fallback-to-volume-region	thematic section chosen only from broad volume fallback
SEM-3F39E428A8D1	IMP-DL-3D2DB27534-P004	VIII	Homotopy	VIII/01--VIII/04	LOW	0	Downloads/merged_exercises (1).tex;Downloads/merged_exercises.tex;MATH-ALLS-2/merged_exercises (1).tex;MATH-ALLS-2/merged_exercises.tex	EXERCISE	weak lexical evidence; theme:fallback-to-volume-region	low volume-classification confidence; thematic section chosen only from broad volume fallback
SEM-3F842EEC7FD9	IMP-DL-314EAD1F3C-SPR005303-3F842EEC	VIII	Homotopy	VIII/01--VIII/04	HIGH	14	Downloads/theory-of-algebraic-topology-12.tex	EXAMPLE	source:algebraic-topology,topology-; theme:fallback-to-volume-region	thematic section chosen only from broad volume fallback
SEM-400EA695D773	IMP-DL-31FF76D7B8-P005	VIII	Homotopy	VIII/01--VIII/04	HIGH	30	Downloads/theory-of-algebraic-topology-16.tex	WORKED_EXAMPLE	source:algebraic-topology,topology-; theme:fallback-to-volume-region	thematic section chosen only from broad volume fallback
SEM-401F68581F55	IMP-DL-A978FB3162-P077	VIII	Homotopy	VIII/01--VIII/04	HIGH	22	Downloads/theory-of-algebraic-topology-4.tex	WORKED_EXAMPLE	source:algebraic-topology,topology-; theme:fallback-to-volume-region	thematic section chosen only from broad volume fallback
SEM-4032FE77658F	IMP-DL-20E278E436-P027	VIII	Homotopy	VIII/01--VIII/04	LOW	0	Downloads/merged_exercises_FULL_v2 (1).tex;MATH-ALLS-2/merged_exercises_FULL_v2 (1).tex	EXERCISE	weak lexical evidence; theme:fallback-to-volume-region	low volume-classification confidence; thematic section chosen only from broad volume fallback
SEM-411F8A118B69	IMP-DL-E12021E60A-R005614-411F8A11	VIII	Homotopy	VIII/01--VIII/04	HIGH	26	Downloads/theory-of-algebraic-topology-17.tex	EXAMPLE	source:algebraic-topology,topology-; theme:fallback-to-volume-region	thematic section chosen only from broad volume fallback
SEM-4205203A1CB4	IMP-DL-A978FB3162-P079	VIII	Homotopy	VIII/01--VIII/04	HIGH	30	Downloads/theory-of-algebraic-topology-4.tex	PROBLEM_ITEM	source:algebraic-topology,topology-; theme:fallback-to-volume-region	thematic section chosen only from broad volume fallback
SEM-4322C028EBE9	IMP-DL-35223EB1F7-P011	VIII	Homotopy	VIII/01--VIII/04	HIGH	21	Downloads/theory-of-algebraic-topology-6.tex	EXAMPLE;WORKED_EXAMPLE	source:algebraic-topology,topology-; theme:fallback-to-volume-region	thematic section chosen only from broad volume fallback
SEM-4421BB9A638D	IMP-DL-12C1A20716-P009	VIII	Homotopy	VIII/01--VIII/04	HIGH	23	Downloads/theory-of-algebraic-topology-10.tex	PROBLEM_ITEM	source:algebraic-topology,topology-; theme:fallback-to-volume-region	thematic section chosen only from broad volume fallback
SEM-4444779028B8	IMP-DL-D6E9B3BC73-P002	VIII	Homotopy	VIII/01--VIII/04	HIGH	60	Downloads/theory-of-algebraic-topology-1.tex;MATH_ALLS-3/theory-of-algebraic-topology-1.tex	WORKED_EXAMPLE	source:algebraic-topology,topology-; theme:fallback-to-volume-region	thematic section chosen only from broad volume fallback
SEM-44911D077CE1	IMP-DL-E0B80C696E-P017	VIII	Homotopy	VIII/01--VIII/04	HIGH	30	Downloads/theory-of-algebraic-topology-7.tex	WORKED_EXAMPLE	source:algebraic-topology,topology-; theme:fallback-to-volume-region	thematic section chosen only from broad volume fallback
SEM-4498106BFDD1	IMP-DL-A978FB3162-P053	VIII	Homotopy	VIII/01--VIII/04	HIGH	38	Downloads/theory-of-algebraic-topology-4.tex	PROBLEM_ITEM	source:algebraic-topology,topology-; text:simplicial; theme:fallback-to-volume-region	thematic section chosen only from broad volume fallback
SEM-45503F508982	IMP-DL-0AC5ADA26C-P016	VIII	Homotopy	VIII/01--VIII/04	HIGH	30	Downloads/theory-of-algebraic-topology-8.tex	WORKED_EXAMPLE	source:algebraic-topology,topology-; theme:fallback-to-volume-region	thematic section chosen only from broad volume fallback
SEM-46406AEC70F9	IMP-DL-314EAD1F3C-SPR005499-46406AEC	VIII	Homotopy	VIII/01--VIII/04	HIGH	14	Downloads/theory-of-algebraic-topology-12.tex	EXAMPLE	source:algebraic-topology,topology-; theme:fallback-to-volume-region	thematic section chosen only from broad volume fallback
SEM-46E06F5E15E2	IMP-DL-2E134BF207-F2R003901-46E06F5E	VIII	Homotopy	VIII/01--VIII/04	HIGH	22	Downloads/theory-of-algebraic-topology-5.tex	EXAMPLE	source:algebraic-topology,topology-; theme:fallback-to-volume-region	thematic section chosen only from broad volume fallback
SEM-46E72D193ECD	IMP-DL-2E134BF207-R003107-46E72D19	VIII	Homotopy	VIII/01--VIII/04	HIGH	30	Downloads/theory-of-algebraic-topology-5.tex	PROBLEM	source:algebraic-topology,topology-; theme:fallback-to-volume-region	thematic section chosen only from broad volume fallback
SEM-470206D13696	IMP-DL-A978FB3162-P058	VIII	Homotopy	VIII/01--VIII/04	HIGH	22	Downloads/theory-of-algebraic-topology-4.tex	WORKED_EXAMPLE	source:algebraic-topology,topology-; theme:fallback-to-volume-region	thematic section chosen only from broad volume fallback
SEM-47CC23A46726	IMP-DL-E12021E60A-P030	VIII	Homotopy	VIII/01--VIII/04	HIGH	22	Downloads/theory-of-algebraic-topology-17.tex	WORKED_EXAMPLE	source:algebraic-topology,topology-; theme:fallback-to-volume-region	thematic section chosen only from broad volume fallback
SEM-483A31C3D8E5	IMP-DL-6447F1B120-P010	VIII	Homotopy	VIII/01--VIII/04	HIGH	26	Downloads/theory-of-algebraic-topology-11.tex	PROBLEM_ITEM	source:algebraic-topology,topology-; theme:fallback-to-volume-region	thematic section chosen only from broad volume fallback
SEM-4A01666760A5	IMP-DL-2E134BF207-F2R003944-4A016667	VIII	Homotopy	VIII/01--VIII/04	HIGH	24	Downloads/theory-of-algebraic-topology-5.tex	EXAMPLE	source:algebraic-topology,topology-; text:simplicial; theme:fallback-to-volume-region	thematic section chosen only from broad volume fallback
SEM-4CC60BF816E0	IMP-DL-31FF76D7B8-PSR005304-4CC60BF8	VIII	Homotopy	VIII/01--VIII/04	HIGH	10	Downloads/theory-of-algebraic-topology-16.tex	EXAMPLE	source:algebraic-topology,topology-; theme:fallback-to-volume-region	thematic section chosen only from broad volume fallback
SEM-4D19DD671F55	IMP-DL-0AC5ADA26C-P028	VIII	Homotopy	VIII/01--VIII/04	HIGH	30	Downloads/theory-of-algebraic-topology-8.tex	WORKED_EXAMPLE	source:algebraic-topology,topology-; theme:fallback-to-volume-region	thematic section chosen only from broad volume fallback
SEM-4D31AFCF5F68	IMP-DL-C78B44C750-P005	VIII	Homotopy	VIII/01--VIII/04	LOW	0	Downloads/wiki-green.tex;MATH-ALLS-2/wiki-green.tex	WORKED_EXAMPLE	weak lexical evidence; theme:fallback-to-volume-region	low volume-classification confidence; thematic section chosen only from broad volume fallback
SEM-4E6371E4E6AB	IMP-DL-A978FB3162-P046	VIII	Homology	VIII/15--VIII/21	LOW	3	Downloads/theory-of-algebraic-topology-4.tex	PROBLEM_ITEM	source:algebraic-topology,topology-; theme:euler characteristic	low volume-classification confidence
SEM-4ED5B335E82B	IMP-DL-12C1A20716-P004	VIII	Homotopy	VIII/01--VIII/04	HIGH	30	Downloads/theory-of-algebraic-topology-10.tex	EXERCISE_ITEM	source:algebraic-topology,topology-; theme:fallback-to-volume-region	thematic section chosen only from broad volume fallback
SEM-51C64429083A	IMP-DL-0AC5ADA26C-P001	VIII	Homotopy	VIII/01--VIII/04	HIGH	30	Downloads/theory-of-algebraic-topology-8.tex	WORKED_EXAMPLE	source:algebraic-topology,topology-; theme:fallback-to-volume-region	thematic section chosen only from broad volume fallback
SEM-529296CE6ECB	IMP-DL-0AC5ADA26C-P020	VIII	Homotopy	VIII/01--VIII/04	HIGH	12	Downloads/theory-of-algebraic-topology-8.tex	WORKED_EXAMPLE	source:algebraic-topology,topology-; theme:fallback-to-volume-region	thematic section chosen only from broad volume fallback
SEM-537399837784	IMP-DL-A978FB3162-P030	VIII	Homotopy	VIII/01--VIII/04	HIGH	30	Downloads/theory-of-algebraic-topology-4.tex	PROBLEM_ITEM	source:algebraic-topology,topology-; theme:fallback-to-volume-region	thematic section chosen only from broad volume fallback
SEM-542A6E1FA579	IMP-DL-12C1A20716-P011	VIII	Homotopy	VIII/01--VIII/04	HIGH	23	Downloads/theory-of-algebraic-topology-10.tex	PROBLEM_ITEM	source:algebraic-topology,topology-; theme:fallback-to-volume-region	thematic section chosen only from broad volume fallback
SEM-553722DD094A	IMP-DL-E0B80C696E-P006	VIII	Homotopy	VIII/01--VIII/04	HIGH	22	Downloads/theory-of-algebraic-topology-7.tex	WORKED_EXAMPLE	source:algebraic-topology,topology-; theme:fallback-to-volume-region	thematic section chosen only from broad volume fallback
SEM-5650C91D5E26	IMP-DL-067214B351-P001	VIII	Homotopy	VIII/01--VIII/04	HIGH	30	Downloads/theory-of-algebraic-topology-15.tex	PROBLEM	source:algebraic-topology,topology-; theme:fallback-to-volume-region	thematic section chosen only from broad volume fallback
SEM-56AA8360FFB2	IMP-DL-2E134BF207-P051	VIII	Homotopy	VIII/01--VIII/04	HIGH	21	Downloads/theory-of-algebraic-topology-5.tex	PROBLEM_ITEM	source:algebraic-topology,topology-; theme:fallback-to-volume-region	thematic section chosen only from broad volume fallback
SEM-5782DD1F97A1	IMP-DL-2B81C66D0F-R000819-5782DD1F	VIII	Homotopy	VIII/01--VIII/04	HIGH	52	Downloads/theory-of-algebraic-topology-2.tex;MATH_ALLS-3/theory-of-algebraic-topology-2.tex	EXAMPLE	source:algebraic-topology,topology-; theme:fallback-to-volume-region	thematic section chosen only from broad volume fallback
SEM-57F4C21C4804	IMP-DL-6447F1B120-R001975-57F4C21C	VIII	Homotopy	VIII/01--VIII/04	HIGH	18	Downloads/theory-of-algebraic-topology-11.tex	EXAMPLE	source:algebraic-topology,topology-; theme:fallback-to-volume-region	thematic section chosen only from broad volume fallback
SEM-5A6B587F8639	IMP-DL-C78B44C750-P009	VIII	Homotopy	VIII/01--VIII/04	LOW	0	Downloads/wiki-green.tex;MATH-ALLS-2/wiki-green.tex	WORKED_EXAMPLE	weak lexical evidence; theme:fallback-to-volume-region	low volume-classification confidence; thematic section chosen only from broad volume fallback
SEM-5C9045974764	IMP-DL-D6E9B3BC73-P003	VIII	Homotopy	VIII/01--VIII/04	HIGH	60	Downloads/theory-of-algebraic-topology-1.tex;MATH_ALLS-3/theory-of-algebraic-topology-1.tex	WORKED_EXAMPLE	source:algebraic-topology,topology-; theme:fallback-to-volume-region	thematic section chosen only from broad volume fallback
SEM-5D938AE87DEA	IMP-DL-A978FB3162-P093	VIII	Homotopy	VIII/01--VIII/04	HIGH	54	Downloads/theory-of-algebraic-topology-4.tex	WORKED_EXAMPLE	source:algebraic-topology,topology-; text:simplicial; theme:fallback-to-volume-region	thematic section chosen only from broad volume fallback
SEM-5DBB766F9FC2	IMP-DL-2E134BF207-P063	VIII	Homotopy	VIII/01--VIII/04	HIGH	30	Downloads/theory-of-algebraic-topology-5.tex	WORKED_EXAMPLE	source:algebraic-topology,topology-; theme:fallback-to-volume-region	thematic section chosen only from broad volume fallback
SEM-5E0FEE9D7FA9	IMP-DL-1608308E70-P001	VIII	Homotopy	VIII/01--VIII/04	HIGH	30	Downloads/theory-of-algebraic-topology-14.tex	PROBLEM	source:algebraic-topology,topology-; theme:fallback-to-volume-region	thematic section chosen only from broad volume fallback
SEM-5E86A3CC8CFC	IMP-DL-A978FB3162-P080	VIII	Homotopy	VIII/01--VIII/04	HIGH	30	Downloads/theory-of-algebraic-topology-4.tex	PROBLEM_ITEM	source:algebraic-topology,topology-; theme:fallback-to-volume-region	thematic section chosen only from broad volume fallback
SEM-5EBBC01436AC	IMP-DL-A978FB3162-P039	VIII	Homotopy	VIII/01--VIII/04	HIGH	30	Downloads/theory-of-algebraic-topology-4.tex	PROBLEM_ITEM	source:algebraic-topology,topology-; theme:fallback-to-volume-region	thematic section chosen only from broad volume fallback
SEM-5F1B6D97D204	IMP-DL-E12021E60A-R000640-5F1B6D97	VIII	Homotopy	VIII/01--VIII/04	HIGH	30	Downloads/theory-of-algebraic-topology-17.tex	EXAMPLE	source:algebraic-topology,topology-; theme:fallback-to-volume-region	thematic section chosen only from broad volume fallback
SEM-60860C155189	IMP-DL-2E134BF207-F2R003741-60860C15	VIII	Homotopy	VIII/01--VIII/04	HIGH	22	Downloads/theory-of-algebraic-topology-5.tex	EXAMPLE	source:algebraic-topology,topology-; theme:fallback-to-volume-region	thematic section chosen only from broad volume fallback
SEM-60A95457E8F0	IMP-DL-A978FB3162-P049	VIII	Homotopy	VIII/01--VIII/04	HIGH	30	Downloads/theory-of-algebraic-topology-4.tex	PROBLEM_ITEM	source:algebraic-topology,topology-; theme:fallback-to-volume-region	thematic section chosen only from broad volume fallback
SEM-60B5CBBCAAD4	IMP-DL-6447F1B120-P018	VIII	Homotopy	VIII/01--VIII/04	HIGH	23	Downloads/theory-of-algebraic-topology-11.tex	PROBLEM_ITEM	source:algebraic-topology,topology-; theme:fallback-to-volume-region	thematic section chosen only from broad volume fallback
SEM-622321FF104E	IMP-DL-E0B80C696E-P015	VIII	Homotopy	VIII/01--VIII/04	HIGH	30	Downloads/theory-of-algebraic-topology-7.tex	WORKED_EXAMPLE	source:algebraic-topology,topology-; theme:fallback-to-volume-region	thematic section chosen only from broad volume fallback
SEM-62286D5F403E	IMP-DL-31FF76D7B8-PSR003953-62286D5F	VIII	Homotopy	VIII/01--VIII/04	HIGH	20	Downloads/theory-of-algebraic-topology-16.tex	EXAMPLE	source:algebraic-topology,topology-; theme:fallback-to-volume-region	thematic section chosen only from broad volume fallback
SEM-62EDD0F88779	IMP-DL-2E134BF207-F2R003914-62EDD0F8	VIII	Homotopy	VIII/01--VIII/04	HIGH	26	Downloads/theory-of-algebraic-topology-5.tex	EXAMPLE	source:algebraic-topology,topology-; theme:fallback-to-volume-region	thematic section chosen only from broad volume fallback
SEM-64B1815C7868	IMP-DL-D6E9B3BC73-P011	VIII	Homotopy	VIII/01--VIII/04	HIGH	60	Downloads/theory-of-algebraic-topology-1.tex;MATH_ALLS-3/theory-of-algebraic-topology-1.tex	WORKED_EXAMPLE	source:algebraic-topology,topology-; theme:fallback-to-volume-region	thematic section chosen only from broad volume fallback
SEM-653F5B2B4FF3	IMP-DL-2E134BF207-R003065-653F5B2B	VIII	Homotopy	VIII/01--VIII/04	MEDIUM	6	Downloads/theory-of-algebraic-topology-5.tex	PROBLEM	source:algebraic-topology,topology-; theme:fallback-to-volume-region	thematic section chosen only from broad volume fallback
SEM-65591A05C670	IMP-DL-E0B80C696E-P004	VIII	Homotopy	VIII/01--VIII/04	HIGH	26	Downloads/theory-of-algebraic-topology-7.tex	WORKED_EXAMPLE	source:algebraic-topology,topology-; theme:fallback-to-volume-region	thematic section chosen only from broad volume fallback
SEM-65E4D7EFB347	IMP-DL-31FF76D7B8-PSR003737-65E4D7EF	VIII	Homotopy	VIII/01--VIII/04	HIGH	21	Downloads/theory-of-algebraic-topology-16.tex	EXAMPLE	source:algebraic-topology,topology-; theme:fallback-to-volume-region	thematic section chosen only from broad volume fallback
SEM-6613ECF84B7C	IMP-DL-A978FB3162-P056	VIII	Homotopy	VIII/01--VIII/04	HIGH	26	Downloads/theory-of-algebraic-topology-4.tex	WORKED_EXAMPLE	source:algebraic-topology,topology-; theme:fallback-to-volume-region	thematic section chosen only from broad volume fallback
SEM-669DF650C957	IMP-DL-314EAD1F3C-R002421-669DF650	VIII	Homotopy	VIII/01--VIII/04	HIGH	22	Downloads/theory-of-algebraic-topology-12.tex	PROBLEM	source:algebraic-topology,topology-; theme:fallback-to-volume-region	thematic section chosen only from broad volume fallback
SEM-6897B1BF0594	IMP-DL-0AC5ADA26C-P034	VIII	Homotopy	VIII/01--VIII/04	HIGH	22	Downloads/theory-of-algebraic-topology-8.tex	WORKED_EXAMPLE	source:algebraic-topology,topology-; theme:fallback-to-volume-region	thematic section chosen only from broad volume fallback
SEM-698588CAC48B	IMP-DL-35223EB1F7-P002	VIII	Homotopy	VIII/01--VIII/04	HIGH	22	Downloads/theory-of-algebraic-topology-6.tex	WORKED_EXAMPLE	source:algebraic-topology,topology-; theme:fallback-to-volume-region	thematic section chosen only from broad volume fallback
SEM-699D48C89DED	IMP-DL-2E134BF207-F2R003927-699D48C8	VIII	Homotopy	VIII/01--VIII/04	HIGH	22	Downloads/theory-of-algebraic-topology-5.tex	EXAMPLE	source:algebraic-topology,topology-; theme:fallback-to-volume-region	thematic section chosen only from broad volume fallback
SEM-6A100BA21465	IMP-DL-A978FB3162-P022	VIII	Homotopy	VIII/01--VIII/04	HIGH	22	Downloads/theory-of-algebraic-topology-4.tex	WORKED_EXAMPLE	source:algebraic-topology,topology-; theme:fallback-to-volume-region	thematic section chosen only from broad volume fallback
SEM-6A5F687308B2	IMP-DL-2E134BF207-P056	VIII	Homotopy	VIII/01--VIII/04	HIGH	30	Downloads/theory-of-algebraic-topology-5.tex	PROBLEM_ITEM	source:algebraic-topology,topology-; theme:fallback-to-volume-region	thematic section chosen only from broad volume fallback
SEM-6D2CCCEF82BE	IMP-DL-2E134BF207-P059	VIII	Homotopy	VIII/01--VIII/04	HIGH	30	Downloads/theory-of-algebraic-topology-5.tex	PROBLEM_ITEM	source:algebraic-topology,topology-; theme:fallback-to-volume-region	thematic section chosen only from broad volume fallback
SEM-6D3F1261C1E3	IMP-DL-31FF76D7B8-P015	VIII	Homotopy	VIII/01--VIII/04	HIGH	30	Downloads/theory-of-algebraic-topology-16.tex	WORKED_EXAMPLE	source:algebraic-topology,topology-; theme:fallback-to-volume-region	thematic section chosen only from broad volume fallback
SEM-6F849950D3AA	IMP-DL-D6E9B3BC73-P022	VIII	Homotopy	VIII/01--VIII/04	HIGH	60	Downloads/theory-of-algebraic-topology-1.tex;MATH_ALLS-3/theory-of-algebraic-topology-1.tex	WORKED_EXAMPLE	source:algebraic-topology,topology-; theme:fallback-to-volume-region	thematic section chosen only from broad volume fallback
SEM-703DB1963153	IMP-DL-2E134BF207-P002	VIII	Homotopy	VIII/01--VIII/04	HIGH	60	Downloads/theory-of-algebraic-topology-11.tex;Downloads/theory-of-algebraic-topology-5.tex	PROBLEM_ITEM	source:algebraic-topology,topology-; theme:fallback-to-volume-region	thematic section chosen only from broad volume fallback
SEM-70544D024A6D	IMP-DL-1608308E70-P002	VIII	Homotopy	VIII/01--VIII/04	HIGH	14	Downloads/theory-of-algebraic-topology-14.tex	PROBLEM	source:algebraic-topology,topology-; theme:fallback-to-volume-region	thematic section chosen only from broad volume fallback
SEM-70968F7836CB	IMP-DL-A978FB3162-P037	VIII	Homotopy	VIII/01--VIII/04	HIGH	30	Downloads/theory-of-algebraic-topology-4.tex	PROBLEM_ITEM	source:algebraic-topology,topology-; theme:fallback-to-volume-region	thematic section chosen only from broad volume fallback
SEM-70D65FE8EE2D	IMP-DL-C78B44C750-P007	VIII	Homotopy	VIII/01--VIII/04	LOW	0	Downloads/wiki-green.tex;MATH-ALLS-2/wiki-green.tex	WORKED_EXAMPLE	weak lexical evidence; theme:fallback-to-volume-region	low volume-classification confidence; thematic section chosen only from broad volume fallback
SEM-71ACD6F69FE1	IMP-DL-35223EB1F7-P019	VIII	Homotopy	VIII/01--VIII/04	HIGH	30	Downloads/theory-of-algebraic-topology-6.tex	EXAMPLE;WORKED_EXAMPLE	source:algebraic-topology,topology-; theme:fallback-to-volume-region	thematic section chosen only from broad volume fallback
SEM-7352A54C2512	IMP-DL-A978FB3162-P045	VIII	Homotopy	VIII/01--VIII/04	HIGH	30	Downloads/theory-of-algebraic-topology-4.tex	PROBLEM_ITEM	source:algebraic-topology,topology-; theme:fallback-to-volume-region	thematic section chosen only from broad volume fallback
SEM-73EC254D9C33	IMP-DL-E12021E60A-P018	VIII	Homotopy	VIII/01--VIII/04	MEDIUM	6	Downloads/theory-of-algebraic-topology-17.tex	WORKED_EXAMPLE	source:algebraic-topology,topology-; theme:fallback-to-volume-region	thematic section chosen only from broad volume fallback
SEM-76EDC5F9642A	IMP-DL-D6E9B3BC73-P025	VIII	Homotopy	VIII/01--VIII/04	HIGH	60	Downloads/theory-of-algebraic-topology-1.tex;MATH_ALLS-3/theory-of-algebraic-topology-1.tex	WORKED_EXAMPLE	source:algebraic-topology,topology-; theme:fallback-to-volume-region	thematic section chosen only from broad volume fallback
SEM-77343673F7D3	IMP-DL-A978FB3162-P086	VIII	Homotopy	VIII/01--VIII/04	HIGH	46	Downloads/theory-of-algebraic-topology-4.tex	WORKED_EXAMPLE	source:algebraic-topology,topology-; text:simplicial; theme:fallback-to-volume-region	thematic section chosen only from broad volume fallback
SEM-779B5F0D9467	IMP-DL-A978FB3162-P074	VIII	Homotopy	VIII/01--VIII/04	HIGH	26	Downloads/theory-of-algebraic-topology-4.tex	WORKED_EXAMPLE	source:algebraic-topology,topology-; theme:fallback-to-volume-region	thematic section chosen only from broad volume fallback
SEM-779D249D7DC5	IMP-DL-6447F1B120-PSR002601-779D249D	VIII	Homotopy	VIII/01--VIII/04	HIGH	30	Downloads/theory-of-algebraic-topology-11.tex	PROBLEM	source:algebraic-topology,topology-; theme:fallback-to-volume-region	thematic section chosen only from broad volume fallback
SEM-78578D070AAA	IMP-DL-A978FB3162-P078	VIII	Homotopy	VIII/01--VIII/04	HIGH	26	Downloads/theory-of-algebraic-topology-4.tex	PROBLEM_ITEM	source:algebraic-topology,topology-; theme:fallback-to-volume-region	thematic section chosen only from broad volume fallback
SEM-7A3654DD4E7D	IMP-DL-0AC5ADA26C-P033	VIII	Homotopy	VIII/01--VIII/04	HIGH	22	Downloads/theory-of-algebraic-topology-8.tex	WORKED_EXAMPLE	source:algebraic-topology,topology-; theme:fallback-to-volume-region	thematic section chosen only from broad volume fallback
SEM-7ADEDB8CF84A	IMP-DL-A978FB3162-P015	VIII	Homotopy	VIII/01--VIII/04	HIGH	22	Downloads/theory-of-algebraic-topology-4.tex	WORKED_EXAMPLE	source:algebraic-topology,topology-; theme:fallback-to-volume-region	thematic section chosen only from broad volume fallback
SEM-7B7103B60936	IMP-DL-2E134BF207-P025	VIII	Homotopy	VIII/01--VIII/04	HIGH	30	Downloads/theory-of-algebraic-topology-5.tex	PROBLEM_ITEM	source:algebraic-topology,topology-; theme:fallback-to-volume-region	thematic section chosen only from broad volume fallback
SEM-7B8E1FA483B8	IMP-DL-12C1A20716-P018	VIII	Homotopy	VIII/01--VIII/04	HIGH	30	Downloads/theory-of-algebraic-topology-10.tex	PROBLEM_ITEM	source:algebraic-topology,topology-; theme:fallback-to-volume-region	thematic section chosen only from broad volume fallback
SEM-7C0A3B782ABC	IMP-DL-6447F1B120-R002090-7C0A3B78	VIII	Homotopy	VIII/01--VIII/04	HIGH	22	Downloads/theory-of-algebraic-topology-11.tex	EXAMPLE	source:algebraic-topology,topology-; theme:fallback-to-volume-region	thematic section chosen only from broad volume fallback
SEM-7FB114CEAB85	IMP-DL-A978FB3162-P032	VIII	Homotopy	VIII/01--VIII/04	HIGH	30	Downloads/theory-of-algebraic-topology-4.tex	PROBLEM_ITEM	source:algebraic-topology,topology-; theme:fallback-to-volume-region	thematic section chosen only from broad volume fallback
SEM-7FF3387BE9B9	IMP-DL-18BC6F795C-P032	VIII	Homotopy	VIII/01--VIII/04	HIGH	24	Downloads/theory-of-algebraic-topology-9.tex	WORKED_EXAMPLE	source:algebraic-topology,topology-; theme:fallback-to-volume-region	thematic section chosen only from broad volume fallback
SEM-8064972C8E96	IMP-DL-2E134BF207-P037	VIII	Homotopy	VIII/01--VIII/04	HIGH	30	Downloads/theory-of-algebraic-topology-5.tex	PROBLEM_ITEM	source:algebraic-topology,topology-; theme:fallback-to-volume-region	thematic section chosen only from broad volume fallback
SEM-80D5D94705B0	IMP-DL-A978FB3162-P043	VIII	Homotopy	VIII/01--VIII/04	HIGH	21	Downloads/theory-of-algebraic-topology-4.tex	PROBLEM_ITEM	source:algebraic-topology,topology-; theme:fallback-to-volume-region	thematic section chosen only from broad volume fallback
SEM-80EA1481926C	IMP-DL-12C1A20716-P027	VIII	Homotopy	VIII/01--VIII/04	HIGH	22	Downloads/theory-of-algebraic-topology-10.tex	PROBLEM_ITEM	source:algebraic-topology,topology-; theme:fallback-to-volume-region	thematic section chosen only from broad volume fallback
SEM-8115C8776D41	IMP-DL-1608308E70-P015	VIII	Homotopy	VIII/01--VIII/04	HIGH	14	Downloads/theory-of-algebraic-topology-14.tex	WORKED_EXAMPLE	source:algebraic-topology,topology-; theme:fallback-to-volume-region	thematic section chosen only from broad volume fallback
SEM-81CA86AF0DC4	IMP-DL-1608308E70-P008	VIII	Homotopy	VIII/01--VIII/04	HIGH	14	Downloads/theory-of-algebraic-topology-14.tex	WORKED_EXAMPLE	source:algebraic-topology,topology-; theme:fallback-to-volume-region	thematic section chosen only from broad volume fallback
SEM-8238252A188C	IMP-DL-31FF76D7B8-P017	VIII	Homotopy	VIII/01--VIII/04	HIGH	24	Downloads/theory-of-algebraic-topology-16.tex	WORKED_EXAMPLE	source:algebraic-topology,topology-; theme:fallback-to-volume-region	thematic section chosen only from broad volume fallback
SEM-82CABD25DF79	IMP-DL-6447F1B120-P025	VIII	Homotopy	VIII/01--VIII/04	HIGH	30	Downloads/theory-of-algebraic-topology-11.tex	PROBLEM_ITEM	source:algebraic-topology,topology-; theme:fallback-to-volume-region	thematic section chosen only from broad volume fallback
SEM-84EAB38671AC	IMP-DL-2E134BF207-P044	VIII	Homotopy	VIII/01--VIII/04	HIGH	21	Downloads/theory-of-algebraic-topology-5.tex	PROBLEM_ITEM	source:algebraic-topology,topology-; theme:fallback-to-volume-region	thematic section chosen only from broad volume fallback
SEM-8518AF923587	IMP-DL-12C1A20716-P019	VIII	Homotopy	VIII/01--VIII/04	HIGH	30	Downloads/theory-of-algebraic-topology-10.tex	PROBLEM_ITEM	source:algebraic-topology,topology-; theme:fallback-to-volume-region	thematic section chosen only from broad volume fallback
SEM-856FD98DCD2A	IMP-DL-31FF76D7B8-PSR004891-856FD98D	VIII	Homotopy	VIII/01--VIII/04	HIGH	22	Downloads/theory-of-algebraic-topology-16.tex	EXAMPLE	source:algebraic-topology,topology-; theme:fallback-to-volume-region	thematic section chosen only from broad volume fallback
SEM-85780CDEDDE0	IMP-DL-12C1A20716-P022	VIII	Homotopy	VIII/01--VIII/04	HIGH	30	Downloads/theory-of-algebraic-topology-10.tex	PROBLEM_ITEM	source:algebraic-topology,topology-; theme:fallback-to-volume-region	thematic section chosen only from broad volume fallback
SEM-8622ACB31C50	IMP-DL-31FF76D7B8-P003	VIII	Homotopy	VIII/01--VIII/04	HIGH	21	Downloads/theory-of-algebraic-topology-16.tex	WORKED_EXAMPLE	source:algebraic-topology,topology-; theme:fallback-to-volume-region	thematic section chosen only from broad volume fallback
SEM-86B8D5F03FF1	IMP-DL-2E134BF207-P043	VIII	Homotopy	VIII/01--VIII/04	HIGH	30	Downloads/theory-of-algebraic-topology-5.tex	PROBLEM_ITEM	source:algebraic-topology,topology-; theme:fallback-to-volume-region	thematic section chosen only from broad volume fallback
SEM-885FB79E0C98	IMP-DL-31FF76D7B8-P016	VIII	Homotopy	VIII/01--VIII/04	HIGH	24	Downloads/theory-of-algebraic-topology-16.tex	WORKED_EXAMPLE	source:algebraic-topology,topology-; theme:fallback-to-volume-region	thematic section chosen only from broad volume fallback
SEM-89077F534E95	IMP-DL-31FF76D7B8-P001	VIII	Homotopy	VIII/01--VIII/04	HIGH	21	Downloads/theory-of-algebraic-topology-16.tex	WORKED_EXAMPLE	source:algebraic-topology,topology-; theme:fallback-to-volume-region	thematic section chosen only from broad volume fallback
SEM-89744F3DFCE4	IMP-DL-E12021E60A-P029	VIII	Homotopy	VIII/01--VIII/04	HIGH	22	Downloads/theory-of-algebraic-topology-17.tex	WORKED_EXAMPLE	source:algebraic-topology,topology-; theme:fallback-to-volume-region	thematic section chosen only from broad volume fallback
SEM-89BB97E28153	IMP-DL-D6E9B3BC73-P026	VIII	Homotopy	VIII/01--VIII/04	HIGH	60	Downloads/theory-of-algebraic-topology-1.tex;MATH_ALLS-3/theory-of-algebraic-topology-1.tex	WORKED_EXAMPLE	source:algebraic-topology,topology-; theme:fallback-to-volume-region	thematic section chosen only from broad volume fallback
SEM-8AE402B9C13A	IMP-DL-E12021E60A-P031	VIII	Homotopy	VIII/01--VIII/04	HIGH	22	Downloads/theory-of-algebraic-topology-17.tex	WORKED_EXAMPLE	source:algebraic-topology,topology-; theme:fallback-to-volume-region	thematic section chosen only from broad volume fallback
SEM-8BB02A8E7BFA	IMP-DL-18BC6F795C-P033	VIII	Homotopy	VIII/01--VIII/04	HIGH	30	Downloads/theory-of-algebraic-topology-9.tex	WORKED_EXAMPLE	source:algebraic-topology,topology-; theme:fallback-to-volume-region	thematic section chosen only from broad volume fallback
SEM-8C260209DE15	IMP-DL-A978FB3162-P012	VIII	Homotopy	VIII/01--VIII/04	HIGH	30	Downloads/theory-of-algebraic-topology-4.tex	WORKED_EXAMPLE	source:algebraic-topology,topology-; theme:fallback-to-volume-region	thematic section chosen only from broad volume fallback
SEM-8D04F0CADF26	IMP-DL-0AC5ADA26C-P019	VIII	Homotopy	VIII/01--VIII/04	HIGH	25	Downloads/theory-of-algebraic-topology-8.tex	WORKED_EXAMPLE	source:algebraic-topology,topology-; theme:fallback-to-volume-region	thematic section chosen only from broad volume fallback
SEM-8D759BEADD75	IMP-DL-1608308E70-P003	VIII	Homotopy	VIII/01--VIII/04	HIGH	22	Downloads/theory-of-algebraic-topology-14.tex	WORKED_EXAMPLE	source:algebraic-topology,topology-; theme:fallback-to-volume-region	thematic section chosen only from broad volume fallback
SEM-8DF3762E75BB	IMP-DL-2E134BF207-P032	VIII	Homotopy	VIII/01--VIII/04	HIGH	23	Downloads/theory-of-algebraic-topology-5.tex	PROBLEM_ITEM	source:algebraic-topology,topology-; theme:fallback-to-volume-region	thematic section chosen only from broad volume fallback
SEM-8F0EE1FB61FF	IMP-DL-2E134BF207-P021	VIII	Homotopy	VIII/01--VIII/04	HIGH	30	Downloads/theory-of-algebraic-topology-5.tex	PROBLEM_ITEM	source:algebraic-topology,topology-; theme:fallback-to-volume-region	thematic section chosen only from broad volume fallback
SEM-8F33C5B99356	IMP-DL-2B81C66D0F-P011	VIII	Homotopy	VIII/01--VIII/04	HIGH	30	Downloads/theory-of-algebraic-topology-2.tex	WORKED_EXAMPLE	source:algebraic-topology,topology-; theme:fallback-to-volume-region	thematic section chosen only from broad volume fallback
SEM-8F54AE4A3248	IMP-DL-31FF76D7B8-P012	VIII	Homotopy	VIII/01--VIII/04	HIGH	26	Downloads/theory-of-algebraic-topology-16.tex	WORKED_EXAMPLE	source:algebraic-topology,topology-; theme:fallback-to-volume-region	thematic section chosen only from broad volume fallback
SEM-8FA49351D1F1	IMP-DL-2E134BF207-P005	VIII	Homotopy	VIII/01--VIII/04	HIGH	30	Downloads/theory-of-algebraic-topology-5.tex	PROBLEM_ITEM	source:algebraic-topology,topology-; theme:fallback-to-volume-region	thematic section chosen only from broad volume fallback
SEM-8FC849A9EB16	IMP-DL-627841AC75-SPR001931-8FC849A9	VIII	Homotopy	VIII/01--VIII/04	MEDIUM	6	Downloads/theory-of-algebraic-topology-3.tex	PROBLEM	source:algebraic-topology,topology-; theme:fallback-to-volume-region	thematic section chosen only from broad volume fallback
SEM-90635967A325	IMP-DL-2E134BF207-P036	VIII	Homotopy	VIII/01--VIII/04	HIGH	30	Downloads/theory-of-algebraic-topology-5.tex	PROBLEM_ITEM	source:algebraic-topology,topology-; theme:fallback-to-volume-region	thematic section chosen only from broad volume fallback
SEM-914542112E40	IMP-DL-D6E9B3BC73-P023	VIII	Homotopy	VIII/01--VIII/04	HIGH	60	Downloads/theory-of-algebraic-topology-1.tex;MATH_ALLS-3/theory-of-algebraic-topology-1.tex	WORKED_EXAMPLE	source:algebraic-topology,topology-; theme:fallback-to-volume-region	thematic section chosen only from broad volume fallback
SEM-91964588736D	IMP-DL-A978FB3162-P031	VIII	Homotopy	VIII/01--VIII/04	HIGH	30	Downloads/theory-of-algebraic-topology-4.tex	PROBLEM_ITEM	source:algebraic-topology,topology-; theme:fallback-to-volume-region	thematic section chosen only from broad volume fallback
SEM-91C27D601120	IMP-DL-35223EB1F7-R002626-91C27D60	VIII	Homotopy	VIII/01--VIII/04	HIGH	24	Downloads/theory-of-algebraic-topology-6.tex	PROBLEM	source:algebraic-topology,topology-; theme:fallback-to-volume-region	thematic section chosen only from broad volume fallback
SEM-92C124908398	IMP-DL-A978FB3162-P057	VIII	Homotopy	VIII/01--VIII/04	HIGH	22	Downloads/theory-of-algebraic-topology-4.tex	WORKED_EXAMPLE	source:algebraic-topology,topology-; theme:fallback-to-volume-region	thematic section chosen only from broad volume fallback
SEM-92CDC610DB1B	IMP-DL-2E134BF207-P034	VIII	Homotopy	VIII/01--VIII/04	HIGH	23	Downloads/theory-of-algebraic-topology-5.tex	PROBLEM_ITEM	source:algebraic-topology,topology-; theme:fallback-to-volume-region	thematic section chosen only from broad volume fallback
SEM-9353E4926AAF	IMP-DL-E0B80C696E-P009	VIII	Homotopy	VIII/01--VIII/04	HIGH	24	Downloads/theory-of-algebraic-topology-7.tex	WORKED_EXAMPLE	source:algebraic-topology,topology-; theme:fallback-to-volume-region	thematic section chosen only from broad volume fallback
SEM-942727FE82DC	IMP-DL-314EAD1F3C-SPR005364-942727FE	VIII	Homotopy	VIII/01--VIII/04	HIGH	22	Downloads/theory-of-algebraic-topology-12.tex	EXAMPLE	source:algebraic-topology,topology-; theme:fallback-to-volume-region	thematic section chosen only from broad volume fallback
SEM-94AC528C43B1	IMP-DL-D6E9B3BC73-P030	VIII	Homotopy	VIII/01--VIII/04	HIGH	60	Downloads/theory-of-algebraic-topology-1.tex;MATH_ALLS-3/theory-of-algebraic-topology-1.tex	PROBLEM_ITEM	source:algebraic-topology,topology-; theme:fallback-to-volume-region	thematic section chosen only from broad volume fallback
SEM-94B335CC94E7	IMP-DL-3D2DB27534-P003	VIII	Homotopy	VIII/01--VIII/04	LOW	0	Downloads/merged_exercises (1).tex;Downloads/merged_exercises.tex;MATH-ALLS-2/merged_exercises (1).tex;MATH-ALLS-2/merged_exercises.tex	EXERCISE	weak lexical evidence; theme:fallback-to-volume-region	low volume-classification confidence; thematic section chosen only from broad volume fallback
SEM-94BD6E422A90	IMP-DL-0AC5ADA26C-P024	VIII	Homotopy	VIII/01--VIII/04	HIGH	30	Downloads/theory-of-algebraic-topology-8.tex	WORKED_EXAMPLE	source:algebraic-topology,topology-; theme:fallback-to-volume-region	thematic section chosen only from broad volume fallback
SEM-956A77BD50A8	IMP-DL-0AC5ADA26C-P032	VIII	Homotopy	VIII/01--VIII/04	HIGH	24	Downloads/theory-of-algebraic-topology-8.tex	WORKED_EXAMPLE	source:algebraic-topology,topology-; theme:fallback-to-volume-region	thematic section chosen only from broad volume fallback
SEM-96A45C81A1A8	IMP-DL-35223EB1F7-P014	VIII	Homotopy	VIII/01--VIII/04	HIGH	30	Downloads/theory-of-algebraic-topology-6.tex	EXAMPLE;WORKED_EXAMPLE	source:algebraic-topology,topology-; theme:fallback-to-volume-region	thematic section chosen only from broad volume fallback
SEM-97A838EA7144	IMP-DL-314EAD1F3C-R002080-97A838EA	VIII	Homotopy	VIII/01--VIII/04	MEDIUM	7	Downloads/theory-of-algebraic-topology-12.tex	EXAMPLE	source:algebraic-topology,topology-; theme:fallback-to-volume-region	thematic section chosen only from broad volume fallback
SEM-98814B72F95E	IMP-DL-6447F1B120-P014	VIII	Homotopy	VIII/01--VIII/04	HIGH	30	Downloads/theory-of-algebraic-topology-11.tex	PROBLEM_ITEM	source:algebraic-topology,topology-; theme:fallback-to-volume-region	thematic section chosen only from broad volume fallback
SEM-994AF4CA7E5E	IMP-DL-3D2DB27534-P007	VIII	Homotopy	VIII/01--VIII/04	LOW	0	Downloads/merged_exercises (1).tex;Downloads/merged_exercises.tex;MATH-ALLS-2/merged_exercises (1).tex;MATH-ALLS-2/merged_exercises.tex	EXERCISE	weak lexical evidence; theme:fallback-to-volume-region	low volume-classification confidence; thematic section chosen only from broad volume fallback
SEM-9AE399953A79	IMP-DL-2E134BF207-F2R004019-9AE39995	VIII	Homotopy	VIII/01--VIII/04	HIGH	23	Downloads/theory-of-algebraic-topology-5.tex	EXAMPLE	source:algebraic-topology,topology-; theme:fallback-to-volume-region	thematic section chosen only from broad volume fallback
SEM-9B5345BBF538	IMP-DL-C78B44C750-P004	VIII	Homotopy	VIII/01--VIII/04	LOW	0	Downloads/wiki-green.tex;MATH-ALLS-2/wiki-green.tex	WORKED_EXAMPLE	weak lexical evidence; theme:fallback-to-volume-region	low volume-classification confidence; thematic section chosen only from broad volume fallback
SEM-9D844D2AD4C2	IMP-DL-2B81C66D0F-R000750-9D844D2A	VIII	Homotopy	VIII/01--VIII/04	HIGH	60	Downloads/theory-of-algebraic-topology-2.tex;MATH_ALLS-3/theory-of-algebraic-topology-2.tex	EXAMPLE	source:algebraic-topology,topology-; theme:fallback-to-volume-region	thematic section chosen only from broad volume fallback
SEM-9F23FE7C86BD	IMP-DL-31FF76D7B8-P004	VIII	Homotopy	VIII/01--VIII/04	HIGH	14	Downloads/theory-of-algebraic-topology-16.tex	WORKED_EXAMPLE	source:algebraic-topology,topology-; theme:fallback-to-volume-region	thematic section chosen only from broad volume fallback
SEM-9F478257CE22	IMP-DL-2E134BF207-P046	VIII	Homotopy	VIII/01--VIII/04	HIGH	30	Downloads/theory-of-algebraic-topology-5.tex	PROBLEM_ITEM	source:algebraic-topology,topology-; theme:fallback-to-volume-region	thematic section chosen only from broad volume fallback
SEM-9FB54E8E0F69	IMP-DL-A978FB3162-P063	VIII	Homotopy	VIII/01--VIII/04	HIGH	30	Downloads/theory-of-algebraic-topology-4.tex	PROBLEM_ITEM	source:algebraic-topology,topology-; theme:fallback-to-volume-region	thematic section chosen only from broad volume fallback
SEM-A010F7091EFC	IMP-DL-E0B80C696E-P020	VIII	Homotopy	VIII/01--VIII/04	HIGH	30	Downloads/theory-of-algebraic-topology-7.tex	WORKED_EXAMPLE	source:algebraic-topology,topology-; theme:fallback-to-volume-region	thematic section chosen only from broad volume fallback
SEM-A0D6850D646A	IMP-DL-067214B351-PSR003628-A0D6850D	VIII	Homotopy	VIII/01--VIII/04	HIGH	10	Downloads/theory-of-algebraic-topology-15.tex	EXAMPLE	source:algebraic-topology,topology-; theme:fallback-to-volume-region	thematic section chosen only from broad volume fallback
SEM-A1410DC82FA4	IMP-DL-2E134BF207-P038	VIII	Homotopy	VIII/01--VIII/04	HIGH	24	Downloads/theory-of-algebraic-topology-5.tex	PROBLEM_ITEM	source:algebraic-topology,topology-; theme:fallback-to-volume-region	thematic section chosen only from broad volume fallback
SEM-A19592C576D8	IMP-DL-E0B80C696E-P016	VIII	Homotopy	VIII/01--VIII/04	HIGH	30	Downloads/theory-of-algebraic-topology-7.tex	WORKED_EXAMPLE	source:algebraic-topology,topology-; theme:fallback-to-volume-region	thematic section chosen only from broad volume fallback
SEM-A1D1146AEF49	IMP-DL-12C1A20716-P026	VIII	Homotopy	VIII/01--VIII/04	HIGH	30	Downloads/theory-of-algebraic-topology-10.tex	PROBLEM_ITEM	source:algebraic-topology,topology-; theme:fallback-to-volume-region	thematic section chosen only from broad volume fallback
SEM-A276FBFC448D	IMP-DL-2E134BF207-P024	VIII	Homotopy	VIII/01--VIII/04	HIGH	30	Downloads/theory-of-algebraic-topology-5.tex	PROBLEM_ITEM	source:algebraic-topology,topology-; theme:fallback-to-volume-region	thematic section chosen only from broad volume fallback
SEM-A28869287FAB	IMP-DL-12C1A20716-P005	VIII	Homotopy	VIII/01--VIII/04	HIGH	30	Downloads/theory-of-algebraic-topology-10.tex	EXERCISE_ITEM	source:algebraic-topology,topology-; theme:fallback-to-volume-region	thematic section chosen only from broad volume fallback
SEM-A41C9B1B3A0D	IMP-DL-E0B80C696E-P013	VIII	Homotopy	VIII/01--VIII/04	HIGH	30	Downloads/theory-of-algebraic-topology-7.tex	WORKED_EXAMPLE	source:algebraic-topology,topology-; theme:fallback-to-volume-region	thematic section chosen only from broad volume fallback
SEM-A4E3760D012B	IMP-DL-A978FB3162-P017	VIII	Homotopy	VIII/01--VIII/04	HIGH	30	Downloads/theory-of-algebraic-topology-4.tex	WORKED_EXAMPLE	source:algebraic-topology,topology-; theme:fallback-to-volume-region	thematic section chosen only from broad volume fallback
SEM-A55FB73BF2F0	IMP-DL-12C1A20716-P020	VIII	Homotopy	VIII/01--VIII/04	LOW	1	Downloads/theory-of-algebraic-topology-10.tex	PROBLEM_ITEM	source:algebraic-topology,topology-; text:homotopy,relative homology; theme:homotopy,contractible,degree of,antipodal	low volume-classification confidence
SEM-A57C709DE438	IMP-DL-12C1A20716-P031	VIII	Homotopy	VIII/01--VIII/04	LOW	0	Downloads/theory-of-algebraic-topology-10.tex	PROBLEM	source:algebraic-topology,topology-; theme:fallback-to-volume-region	low volume-classification confidence; thematic section chosen only from broad volume fallback
SEM-A5DC5779333B	IMP-DL-35223EB1F7-R003091-A5DC5779	VIII	Homotopy	VIII/01--VIII/04	HIGH	30	Downloads/theory-of-algebraic-topology-6.tex	EXAMPLE	source:algebraic-topology,topology-; theme:fallback-to-volume-region	thematic section chosen only from broad volume fallback
SEM-A5F7643712F9	IMP-DL-A978FB3162-P088	VIII	Homotopy	VIII/01--VIII/04	HIGH	50	Downloads/theory-of-algebraic-topology-4.tex	WORKED_EXAMPLE	source:algebraic-topology,topology-; text:simplicial; theme:fallback-to-volume-region	thematic section chosen only from broad volume fallback
SEM-A61DF272BBCA	IMP-DL-D6E9B3BC73-P008	VIII	Homotopy	VIII/01--VIII/04	HIGH	60	Downloads/theory-of-algebraic-topology-1.tex;MATH_ALLS-3/theory-of-algebraic-topology-1.tex	WORKED_EXAMPLE	source:algebraic-topology,topology-; theme:fallback-to-volume-region	thematic section chosen only from broad volume fallback
SEM-A7869135CEB7	IMP-DL-0AC5ADA26C-P003	VIII	Homotopy	VIII/01--VIII/04	HIGH	22	Downloads/theory-of-algebraic-topology-8.tex	WORKED_EXAMPLE	source:algebraic-topology,topology-; theme:fallback-to-volume-region	thematic section chosen only from broad volume fallback
SEM-A911E3673340	IMP-DL-0AC5ADA26C-P031	VIII	Homotopy	VIII/01--VIII/04	HIGH	18	Downloads/theory-of-algebraic-topology-8.tex	WORKED_EXAMPLE	source:algebraic-topology,topology-; theme:fallback-to-volume-region	thematic section chosen only from broad volume fallback
SEM-AA70D7C8236D	IMP-DL-35223EB1F7-P015	VIII	Homotopy	VIII/01--VIII/04	HIGH	30	Downloads/theory-of-algebraic-topology-6.tex	EXAMPLE;WORKED_EXAMPLE	source:algebraic-topology,topology-; theme:fallback-to-volume-region	thematic section chosen only from broad volume fallback
SEM-AAAC0CA93E85	IMP-DL-18BC6F795C-P029	VIII	Homotopy	VIII/01--VIII/04	HIGH	18	Downloads/theory-of-algebraic-topology-9.tex	WORKED_EXAMPLE	source:algebraic-topology,topology-; theme:fallback-to-volume-region	thematic section chosen only from broad volume fallback
SEM-AAB0067838D7	IMP-DL-18BC6F795C-P040	VIII	Homotopy	VIII/01--VIII/04	HIGH	18	Downloads/theory-of-algebraic-topology-9.tex	PROBLEM_ITEM	source:algebraic-topology,topology-; theme:fallback-to-volume-region	thematic section chosen only from broad volume fallback
SEM-ABFECDB69BCD	IMP-DL-E0B80C696E-P003	VIII	Homotopy	VIII/01--VIII/04	HIGH	26	Downloads/theory-of-algebraic-topology-7.tex	WORKED_EXAMPLE	source:algebraic-topology,topology-; theme:fallback-to-volume-region	thematic section chosen only from broad volume fallback
SEM-AC4914B2DA8E	IMP-DL-E4D9F7AB6B-P003	VIII	Homotopy	VIII/01--VIII/04	HIGH	30	Downloads/theory-of-algebraic-topology-13.tex	PROBLEM	source:algebraic-topology,topology-; theme:fallback-to-volume-region	thematic section chosen only from broad volume fallback
SEM-ACCBFCC2E70C	IMP-DL-2E134BF207-P011	VIII	Homotopy	VIII/01--VIII/04	HIGH	30	Downloads/theory-of-algebraic-topology-5.tex	PROBLEM_ITEM	source:algebraic-topology,topology-; theme:fallback-to-volume-region	thematic section chosen only from broad volume fallback
SEM-AD33F249D068	IMP-DL-A978FB3162-P016	VIII	Homotopy	VIII/01--VIII/04	HIGH	30	Downloads/theory-of-algebraic-topology-4.tex	WORKED_EXAMPLE	source:algebraic-topology,topology-; theme:fallback-to-volume-region	thematic section chosen only from broad volume fallback
SEM-AD7AD6BA00C3	IMP-DL-314EAD1F3C-R002123-AD7AD6BA	VIII	Homotopy	VIII/01--VIII/04	HIGH	15	Downloads/theory-of-algebraic-topology-12.tex	EXAMPLE	source:algebraic-topology,topology-; theme:fallback-to-volume-region	thematic section chosen only from broad volume fallback
SEM-AED63BBFB431	IMP-DL-2B81C66D0F-R000787-AED63BBF	VIII	Homotopy	VIII/01--VIII/04	HIGH	52	Downloads/theory-of-algebraic-topology-2.tex;MATH_ALLS-3/theory-of-algebraic-topology-2.tex	EXAMPLE	source:algebraic-topology,topology-; theme:fallback-to-volume-region	thematic section chosen only from broad volume fallback
SEM-AFF95A21BE20	IMP-DL-35223EB1F7-R002990-AFF95A21	VIII	Homotopy	VIII/01--VIII/04	HIGH	22	Downloads/theory-of-algebraic-topology-6.tex	EXAMPLE	source:algebraic-topology,topology-; theme:fallback-to-volume-region	thematic section chosen only from broad volume fallback
SEM-B0860554A5D4	IMP-DL-A978FB3162-P097	VIII	Homotopy	VIII/01--VIII/04	HIGH	30	Downloads/theory-of-algebraic-topology-4.tex	PROBLEM_ITEM	source:algebraic-topology,topology-; theme:fallback-to-volume-region	thematic section chosen only from broad volume fallback
SEM-B0DE4FFF192E	IMP-DL-A978FB3162-P085	VIII	Homotopy	VIII/01--VIII/04	HIGH	54	Downloads/theory-of-algebraic-topology-4.tex	WORKED_EXAMPLE	source:algebraic-topology,topology-; text:simplicial; theme:fallback-to-volume-region	thematic section chosen only from broad volume fallback
SEM-B17677234C1F	IMP-DL-35223EB1F7-P003	VIII	Homotopy	VIII/01--VIII/04	HIGH	22	Downloads/theory-of-algebraic-topology-6.tex	WORKED_EXAMPLE	source:algebraic-topology,topology-; theme:fallback-to-volume-region	thematic section chosen only from broad volume fallback
SEM-B1BECE0DE110	IMP-DL-2E134BF207-P026	VIII	Homotopy	VIII/01--VIII/04	HIGH	21	Downloads/theory-of-algebraic-topology-5.tex	PROBLEM_ITEM	source:algebraic-topology,topology-; theme:fallback-to-volume-region	thematic section chosen only from broad volume fallback
SEM-B22F5708F2A0	IMP-DL-A978FB3162-P014	VIII	Homotopy	VIII/01--VIII/04	HIGH	30	Downloads/theory-of-algebraic-topology-4.tex	WORKED_EXAMPLE	source:algebraic-topology,topology-; theme:fallback-to-volume-region	thematic section chosen only from broad volume fallback
SEM-B23BC1D6ED53	IMP-DL-0AC5ADA26C-P012	VIII	Homotopy	VIII/01--VIII/04	HIGH	21	Downloads/theory-of-algebraic-topology-8.tex	WORKED_EXAMPLE	source:algebraic-topology,topology-; theme:fallback-to-volume-region	thematic section chosen only from broad volume fallback
SEM-B2BB8047B44B	IMP-DL-D6E9B3BC73-PSR003218-B2BB8047	VIII	Homotopy	VIII/01--VIII/04	HIGH	42	Downloads/theory-of-algebraic-topology-1.tex;MATH_ALLS-3/theory-of-algebraic-topology-1.tex	PROBLEM	source:algebraic-topology,topology-; theme:fallback-to-volume-region	thematic section chosen only from broad volume fallback
SEM-B3BCA3D12FF4	IMP-DL-35223EB1F7-P016	VIII	Homotopy	VIII/01--VIII/04	HIGH	30	Downloads/theory-of-algebraic-topology-6.tex	EXAMPLE;WORKED_EXAMPLE	source:algebraic-topology,topology-; theme:fallback-to-volume-region	thematic section chosen only from broad volume fallback
SEM-B60D7DE22E87	IMP-DL-A978FB3162-P095	VIII	Homotopy	VIII/01--VIII/04	HIGH	38	Downloads/theory-of-algebraic-topology-4.tex	PROBLEM_ITEM	source:algebraic-topology,topology-; text:simplicial; theme:fallback-to-volume-region	thematic section chosen only from broad volume fallback
SEM-B7A190597DA3	IMP-DL-0AC5ADA26C-P018	VIII	Homotopy	VIII/01--VIII/04	HIGH	30	Downloads/theory-of-algebraic-topology-8.tex	WORKED_EXAMPLE	source:algebraic-topology,topology-; theme:fallback-to-volume-region	thematic section chosen only from broad volume fallback
SEM-B8AE3C3F24DC	IMP-DL-0AC5ADA26C-P002	VIII	Homotopy	VIII/01--VIII/04	HIGH	30	Downloads/theory-of-algebraic-topology-8.tex	WORKED_EXAMPLE	source:algebraic-topology,topology-; theme:fallback-to-volume-region	thematic section chosen only from broad volume fallback
SEM-B90D13B35FA6	IMP-DL-E12021E60A-P026	VIII	Homotopy	VIII/01--VIII/04	HIGH	14	Downloads/theory-of-algebraic-topology-17.tex	WORKED_EXAMPLE	source:algebraic-topology,topology-; theme:fallback-to-volume-region	thematic section chosen only from broad volume fallback
SEM-BA13904B56A5	IMP-DL-0AC5ADA26C-P029	VIII	Homotopy	VIII/01--VIII/04	HIGH	30	Downloads/theory-of-algebraic-topology-8.tex	WORKED_EXAMPLE	source:algebraic-topology,topology-; theme:fallback-to-volume-region	thematic section chosen only from broad volume fallback
SEM-BAEFE517D9AB	IMP-DL-12C1A20716-P033	VIII	Homotopy	VIII/01--VIII/04	HIGH	14	Downloads/theory-of-algebraic-topology-10.tex	PROBLEM	source:algebraic-topology,topology-; theme:fallback-to-volume-region	thematic section chosen only from broad volume fallback
SEM-BBE20017F9C9	IMP-DL-2E134BF207-R002712-BBE20017	VIII	Homotopy	VIII/01--VIII/04	MEDIUM	6	Downloads/theory-of-algebraic-topology-5.tex	PROBLEM	source:algebraic-topology,topology-; theme:fallback-to-volume-region	thematic section chosen only from broad volume fallback
SEM-BBEA14192454	IMP-DL-E0B80C696E-P012	VIII	Homotopy	VIII/01--VIII/04	HIGH	24	Downloads/theory-of-algebraic-topology-7.tex	WORKED_EXAMPLE	source:algebraic-topology,topology-; theme:fallback-to-volume-region	thematic section chosen only from broad volume fallback
SEM-BCCD82C1869E	IMP-DL-12C1A20716-P010	VIII	Homotopy	VIII/01--VIII/04	HIGH	23	Downloads/theory-of-algebraic-topology-10.tex	PROBLEM_ITEM	source:algebraic-topology,topology-; theme:fallback-to-volume-region	thematic section chosen only from broad volume fallback
SEM-BCF54A8EB2D9	IMP-DL-31FF76D7B8-PSR005343-BCF54A8E	VIII	Homotopy	VIII/01--VIII/04	HIGH	22	Downloads/theory-of-algebraic-topology-16.tex	EXAMPLE	source:algebraic-topology,topology-; theme:fallback-to-volume-region	thematic section chosen only from broad volume fallback
SEM-BD78F62D5675	IMP-DL-E0B80C696E-P023	VIII	Homotopy	VIII/01--VIII/04	HIGH	30	Downloads/theory-of-algebraic-topology-7.tex	WORKED_EXAMPLE	source:algebraic-topology,topology-; theme:fallback-to-volume-region	thematic section chosen only from broad volume fallback
SEM-BD79612705FF	IMP-DL-2E134BF207-P050	VIII	Homotopy	VIII/01--VIII/04	HIGH	30	Downloads/theory-of-algebraic-topology-5.tex	PROBLEM_ITEM	source:algebraic-topology,topology-; theme:fallback-to-volume-region	thematic section chosen only from broad volume fallback
SEM-BE0F0C583DA6	IMP-DL-E0B80C696E-P024	VIII	Homotopy	VIII/01--VIII/04	HIGH	26	Downloads/theory-of-algebraic-topology-7.tex	WORKED_EXAMPLE	source:algebraic-topology,topology-; theme:fallback-to-volume-region	thematic section chosen only from broad volume fallback
SEM-BE1E03C64BF9	IMP-DL-AE41E61130-P004	VIII	Homotopy	VIII/01--VIII/04	LOW	0	Downloads/exercise_4_solutions (1).tex;MATH-ALLS-2/exercise_4_solutions (1).tex	WORKED_EXAMPLE	weak lexical evidence; theme:fallback-to-volume-region	low volume-classification confidence; thematic section chosen only from broad volume fallback
SEM-BF2A9C12CF83	IMP-DL-A978FB3162-P041	VIII	Homotopy	VIII/01--VIII/04	HIGH	30	Downloads/theory-of-algebraic-topology-4.tex	PROBLEM_ITEM	source:algebraic-topology,topology-; theme:fallback-to-volume-region	thematic section chosen only from broad volume fallback
SEM-BF2C55FBD602	IMP-DL-2E134BF207-R003117-BF2C55FB	VIII	Homotopy	VIII/01--VIII/04	HIGH	30	Downloads/theory-of-algebraic-topology-5.tex	PROBLEM	source:algebraic-topology,topology-; theme:fallback-to-volume-region	thematic section chosen only from broad volume fallback
SEM-BFF8E883E2A3	IMP-DL-2E134BF207-R002324-BFF8E883	VIII	Homotopy	VIII/01--VIII/04	HIGH	30	Downloads/theory-of-algebraic-topology-5.tex	PROBLEM	source:algebraic-topology,topology-; theme:fallback-to-volume-region	thematic section chosen only from broad volume fallback
SEM-C03697477DC9	IMP-DL-A978FB3162-P010	VIII	Homotopy	VIII/01--VIII/04	HIGH	30	Downloads/theory-of-algebraic-topology-4.tex	WORKED_EXAMPLE	source:algebraic-topology,topology-; theme:fallback-to-volume-region	thematic section chosen only from broad volume fallback
SEM-C0D04AB194A6	IMP-DL-A978FB3162-P020	VIII	Homotopy	VIII/01--VIII/04	HIGH	22	Downloads/theory-of-algebraic-topology-4.tex	WORKED_EXAMPLE	source:algebraic-topology,topology-; theme:fallback-to-volume-region	thematic section chosen only from broad volume fallback
SEM-C3BC860B632D	IMP-DL-314EAD1F3C-R002571-C3BC860B	VIII	Homotopy	VIII/01--VIII/04	HIGH	14	Downloads/theory-of-algebraic-topology-12.tex	EXAMPLE	source:algebraic-topology,topology-; theme:fallback-to-volume-region	thematic section chosen only from broad volume fallback
SEM-C483C864DA67	IMP-DL-2E134BF207-P047	VIII	Homotopy	VIII/01--VIII/04	MEDIUM	6	Downloads/theory-of-algebraic-topology-5.tex	PROBLEM_ITEM	source:algebraic-topology,topology-; text:simplicial; theme:fallback-to-volume-region	thematic section chosen only from broad volume fallback
SEM-C52CCA60EBD1	IMP-DL-0AC5ADA26C-P017	VIII	Homotopy	VIII/01--VIII/04	HIGH	21	Downloads/theory-of-algebraic-topology-8.tex	WORKED_EXAMPLE	source:algebraic-topology,topology-; theme:fallback-to-volume-region	thematic section chosen only from broad volume fallback
SEM-C6880126D141	IMP-DL-2E134BF207-P049	VIII	Homotopy	VIII/01--VIII/04	HIGH	22	Downloads/theory-of-algebraic-topology-5.tex	PROBLEM_ITEM	source:algebraic-topology,topology-; theme:fallback-to-volume-region	thematic section chosen only from broad volume fallback
SEM-C7AECA89DC76	IMP-DL-6447F1B120-P004	VIII	Homotopy	VIII/01--VIII/04	HIGH	30	Downloads/theory-of-algebraic-topology-11.tex	PROBLEM_ITEM	source:algebraic-topology,topology-; theme:fallback-to-volume-region	thematic section chosen only from broad volume fallback
SEM-CBA7F143E4BF	IMP-DL-31FF76D7B8-P010	VIII	Homotopy	VIII/01--VIII/04	HIGH	26	Downloads/theory-of-algebraic-topology-16.tex	WORKED_EXAMPLE	source:algebraic-topology,topology-; theme:fallback-to-volume-region	thematic section chosen only from broad volume fallback
SEM-CC196327FD5E	IMP-DL-2E134BF207-P040	VIII	Homotopy	VIII/01--VIII/04	HIGH	30	Downloads/theory-of-algebraic-topology-5.tex	PROBLEM_ITEM	source:algebraic-topology,topology-; theme:fallback-to-volume-region	thematic section chosen only from broad volume fallback
SEM-CC923EAA3FEA	IMP-DL-E0B80C696E-P022	VIII	Homotopy	VIII/01--VIII/04	HIGH	30	Downloads/theory-of-algebraic-topology-7.tex	WORKED_EXAMPLE	source:algebraic-topology,topology-; theme:fallback-to-volume-region	thematic section chosen only from broad volume fallback
SEM-CCA0330F5D35	IMP-DL-A978FB3162-P061	VIII	Homotopy	VIII/01--VIII/04	HIGH	14	Downloads/theory-of-algebraic-topology-4.tex	WORKED_EXAMPLE	source:algebraic-topology,topology-; theme:fallback-to-volume-region	thematic section chosen only from broad volume fallback
SEM-CCAACE649128	IMP-DL-2E134BF207-P013	VIII	Homotopy	VIII/01--VIII/04	HIGH	30	Downloads/theory-of-algebraic-topology-5.tex	PROBLEM_ITEM	source:algebraic-topology,topology-; theme:fallback-to-volume-region	thematic section chosen only from broad volume fallback
SEM-CD6F40747115	IMP-DL-A978FB3162-P028	VIII	Homotopy	VIII/01--VIII/04	MEDIUM	6	Downloads/theory-of-algebraic-topology-4.tex	PROBLEM	source:algebraic-topology,topology-; theme:fallback-to-volume-region	thematic section chosen only from broad volume fallback
SEM-CDDD911A69B5	IMP-DL-2B81C66D0F-P013	VIII	Homotopy	VIII/01--VIII/04	HIGH	24	Downloads/theory-of-algebraic-topology-2.tex	WORKED_EXAMPLE	source:algebraic-topology,topology-; theme:fallback-to-volume-region	thematic section chosen only from broad volume fallback
SEM-CE197EDCB35C	IMP-DL-2E134BF207-P019	VIII	Homotopy	VIII/01--VIII/04	HIGH	30	Downloads/theory-of-algebraic-topology-5.tex	PROBLEM_ITEM	source:algebraic-topology,topology-; theme:fallback-to-volume-region	thematic section chosen only from broad volume fallback
SEM-CE32299F6E28	IMP-DL-A978FB3162-P019	VIII	Homotopy	VIII/01--VIII/04	HIGH	30	Downloads/theory-of-algebraic-topology-4.tex	WORKED_EXAMPLE	source:algebraic-topology,topology-; theme:fallback-to-volume-region	thematic section chosen only from broad volume fallback
SEM-CEF6AC51528F	IMP-DL-18BC6F795C-P042	VIII	Homotopy	VIII/01--VIII/04	MEDIUM	6	Downloads/theory-of-algebraic-topology-9.tex	PROBLEM	source:algebraic-topology,topology-; theme:fallback-to-volume-region	thematic section chosen only from broad volume fallback
SEM-D0E59EAB0F8D	IMP-DL-31FF76D7B8-PSR004118-D0E59EAB	VIII	Homotopy	VIII/01--VIII/04	HIGH	30	Downloads/theory-of-algebraic-topology-16.tex	EXAMPLE	source:algebraic-topology,topology-; theme:fallback-to-volume-region	thematic section chosen only from broad volume fallback
SEM-D0F3D3FC737B	IMP-DL-0AC5ADA26C-P008	VIII	Homotopy	VIII/01--VIII/04	HIGH	30	Downloads/theory-of-algebraic-topology-8.tex	WORKED_EXAMPLE	source:algebraic-topology,topology-; theme:fallback-to-volume-region	thematic section chosen only from broad volume fallback
SEM-D12C64532B06	IMP-DL-2E134BF207-R000312-D12C6453	VIII	Homology	VIII/15--VIII/21	LOW	3	Downloads/theory-of-algebraic-topology-5.tex	PROBLEM	source:algebraic-topology,topology-; theme:chain complex,euler characteristic	low volume-classification confidence
SEM-D2843242517C	IMP-DL-3D2DB27534-P013	VIII	Homotopy	VIII/01--VIII/04	LOW	0	Downloads/merged_exercises (1).tex;Downloads/merged_exercises.tex;MATH-ALLS-2/merged_exercises (1).tex;MATH-ALLS-2/merged_exercises.tex	EXERCISE	weak lexical evidence; theme:fallback-to-volume-region	low volume-classification confidence; thematic section chosen only from broad volume fallback
SEM-D2BDECA33144	IMP-DL-6447F1B120-P036	VIII	Homotopy	VIII/01--VIII/04	HIGH	26	Downloads/theory-of-algebraic-topology-11.tex	PROBLEM	source:algebraic-topology,topology-; theme:fallback-to-volume-region	thematic section chosen only from broad volume fallback
SEM-D47F5A9DAC6B	IMP-DL-E0B80C696E-P014	VIII	Homotopy	VIII/01--VIII/04	HIGH	30	Downloads/theory-of-algebraic-topology-7.tex	WORKED_EXAMPLE	source:algebraic-topology,topology-; theme:fallback-to-volume-region	thematic section chosen only from broad volume fallback
SEM-D5774FD55702	IMP-DL-A978FB3162-P059	VIII	Homotopy	VIII/01--VIII/04	HIGH	22	Downloads/theory-of-algebraic-topology-4.tex	WORKED_EXAMPLE	source:algebraic-topology,topology-; theme:fallback-to-volume-region	thematic section chosen only from broad volume fallback
SEM-D5E6F3438EAD	IMP-DL-35223EB1F7-R003061-D5E6F343	VIII	Homotopy	VIII/01--VIII/04	HIGH	30	Downloads/theory-of-algebraic-topology-6.tex	EXAMPLE	source:algebraic-topology,topology-; text:simplicial; theme:fallback-to-volume-region	thematic section chosen only from broad volume fallback
SEM-D719D88DF1E7	IMP-DL-2B81C66D0F-R000717-D719D88D	VIII	Homotopy	VIII/01--VIII/04	HIGH	60	Downloads/theory-of-algebraic-topology-2.tex;MATH_ALLS-3/theory-of-algebraic-topology-2.tex	EXAMPLE	source:algebraic-topology,topology-; theme:fallback-to-volume-region	thematic section chosen only from broad volume fallback
SEM-DABF42EB18CF	IMP-DL-2E134BF207-P035	VIII	Homotopy	VIII/01--VIII/04	HIGH	9	Downloads/theory-of-algebraic-topology-5.tex	PROBLEM_ITEM	source:algebraic-topology,topology-; theme:fallback-to-volume-region	thematic section chosen only from broad volume fallback
SEM-DAD02A50B877	IMP-DL-C78B44C750-P001	VIII	Homotopy	VIII/01--VIII/04	LOW	0	Downloads/wiki-green.tex;MATH-ALLS-2/wiki-green.tex	WORKED_EXAMPLE	weak lexical evidence; theme:fallback-to-volume-region	low volume-classification confidence; thematic section chosen only from broad volume fallback
SEM-DC64CCD8EA0A	IMP-DL-2E134BF207-P033	VIII	Homotopy	VIII/01--VIII/04	HIGH	23	Downloads/theory-of-algebraic-topology-5.tex	PROBLEM_ITEM	source:algebraic-topology,topology-; theme:fallback-to-volume-region	thematic section chosen only from broad volume fallback
SEM-DD021B6833C5	IMP-DL-2E134BF207-P048	VIII	Homotopy	VIII/01--VIII/04	HIGH	22	Downloads/theory-of-algebraic-topology-5.tex	PROBLEM_ITEM	source:algebraic-topology,topology-; theme:fallback-to-volume-region	thematic section chosen only from broad volume fallback
SEM-DD6BB3E34853	IMP-DL-0AC5ADA26C-P027	VIII	Homotopy	VIII/01--VIII/04	HIGH	22	Downloads/theory-of-algebraic-topology-8.tex	WORKED_EXAMPLE	source:algebraic-topology,topology-; theme:fallback-to-volume-region	thematic section chosen only from broad volume fallback
SEM-DD78DE19CA98	IMP-DL-35223EB1F7-R002763-DD78DE19	VIII	Homotopy	VIII/01--VIII/04	HIGH	14	Downloads/theory-of-algebraic-topology-6.tex	EXAMPLE	source:algebraic-topology,topology-; theme:fallback-to-volume-region	thematic section chosen only from broad volume fallback
SEM-DEC93257323B	IMP-DL-E0B80C696E-P005	VIII	Homotopy	VIII/01--VIII/04	MEDIUM	6	Downloads/theory-of-algebraic-topology-7.tex	WORKED_EXAMPLE	source:algebraic-topology,topology-; theme:fallback-to-volume-region	thematic section chosen only from broad volume fallback
SEM-DF7C126B0B1E	IMP-DL-A978FB3162-P036	VIII	Homotopy	VIII/01--VIII/04	HIGH	30	Downloads/theory-of-algebraic-topology-4.tex	PROBLEM_ITEM	source:algebraic-topology,topology-; theme:fallback-to-volume-region	thematic section chosen only from broad volume fallback
SEM-E0CA1B49A747	IMP-DL-D6E9B3BC73-PSR004085-E0CA1B49	VIII	Homotopy	VIII/01--VIII/04	HIGH	36	Downloads/theory-of-algebraic-topology-1.tex;MATH_ALLS-3/theory-of-algebraic-topology-1.tex	EXAMPLE	source:algebraic-topology,topology-; theme:fallback-to-volume-region	thematic section chosen only from broad volume fallback
SEM-E3D65104B5A1	IMP-DL-2E134BF207-F2R003500-E3D65104	VIII	Homotopy	VIII/01--VIII/04	HIGH	18	Downloads/theory-of-algebraic-topology-5.tex	EXAMPLE	source:algebraic-topology,topology-; theme:fallback-to-volume-region	thematic section chosen only from broad volume fallback
SEM-E4995B1E07B9	IMP-DL-2E134BF207-P029	VIII	Homotopy	VIII/01--VIII/04	HIGH	14	Downloads/theory-of-algebraic-topology-5.tex	PROBLEM_ITEM	source:algebraic-topology,topology-; text:simplicial; theme:fallback-to-volume-region	thematic section chosen only from broad volume fallback
SEM-E4DBAE7B909A	IMP-DL-C78B44C750-P003	VIII	Homotopy	VIII/01--VIII/04	LOW	0	Downloads/wiki-green.tex;MATH-ALLS-2/wiki-green.tex	WORKED_EXAMPLE	weak lexical evidence; theme:fallback-to-volume-region	low volume-classification confidence; thematic section chosen only from broad volume fallback
SEM-E60EFE73E012	IMP-DL-31FF76D7B8-P011	VIII	Homotopy	VIII/01--VIII/04	HIGH	26	Downloads/theory-of-algebraic-topology-16.tex	WORKED_EXAMPLE	source:algebraic-topology,topology-; theme:fallback-to-volume-region	thematic section chosen only from broad volume fallback
SEM-E641FC38BDC6	IMP-DL-31FF76D7B8-P013	VIII	Homotopy	VIII/01--VIII/04	HIGH	23	Downloads/theory-of-algebraic-topology-16.tex	WORKED_EXAMPLE	source:algebraic-topology,topology-; theme:fallback-to-volume-region	thematic section chosen only from broad volume fallback
SEM-E66B164188F5	IMP-DL-12C1A20716-P021	VIII	Homotopy	VIII/01--VIII/04	HIGH	30	Downloads/theory-of-algebraic-topology-10.tex	PROBLEM_ITEM	source:algebraic-topology,topology-; theme:fallback-to-volume-region	thematic section chosen only from broad volume fallback
SEM-E6A37D5DE92A	IMP-DL-31FF76D7B8-PSR004919-E6A37D5D	VIII	Homotopy	VIII/01--VIII/04	HIGH	26	Downloads/theory-of-algebraic-topology-16.tex	EXAMPLE	source:algebraic-topology,topology-; theme:fallback-to-volume-region	thematic section chosen only from broad volume fallback
SEM-E6E9AD7EEFB6	IMP-DL-A978FB3162-P064	VIII	Homotopy	VIII/01--VIII/04	HIGH	30	Downloads/theory-of-algebraic-topology-4.tex	PROBLEM_ITEM	source:algebraic-topology,topology-; theme:fallback-to-volume-region	thematic section chosen only from broad volume fallback
SEM-E6E9C1946136	IMP-DL-2E134BF207-P022	VIII	Homotopy	VIII/01--VIII/04	HIGH	30	Downloads/theory-of-algebraic-topology-5.tex	PROBLEM_ITEM	source:algebraic-topology,topology-; theme:fallback-to-volume-region	thematic section chosen only from broad volume fallback
SEM-E82006A1C3FC	IMP-DL-D6E9B3BC73-PSR004126-E82006A1	VIII	Homotopy	VIII/01--VIII/04	HIGH	42	Downloads/theory-of-algebraic-topology-1.tex;MATH_ALLS-3/theory-of-algebraic-topology-1.tex	EXAMPLE	source:algebraic-topology,topology-; theme:fallback-to-volume-region	thematic section chosen only from broad volume fallback
SEM-E831FFD05264	IMP-DL-6447F1B120-P030	VIII	Homotopy	VIII/01--VIII/04	HIGH	14	Downloads/theory-of-algebraic-topology-11.tex	WORKED_EXAMPLE	source:algebraic-topology,topology-; theme:fallback-to-volume-region	thematic section chosen only from broad volume fallback
SEM-E88FB45313E8	IMP-DL-0AC5ADA26C-P030	VIII	Homotopy	VIII/01--VIII/04	HIGH	22	Downloads/theory-of-algebraic-topology-8.tex	WORKED_EXAMPLE	source:algebraic-topology,topology-; theme:fallback-to-volume-region	thematic section chosen only from broad volume fallback
SEM-E8E53426DBAD	IMP-DL-A978FB3162-P040	VIII	Homotopy	VIII/01--VIII/04	HIGH	21	Downloads/theory-of-algebraic-topology-4.tex	PROBLEM_ITEM	source:algebraic-topology,topology-; theme:fallback-to-volume-region	thematic section chosen only from broad volume fallback
SEM-E9113FBFDEBB	IMP-DL-6447F1B120-R001927-E9113FBF	VIII	Homotopy	VIII/01--VIII/04	HIGH	26	Downloads/theory-of-algebraic-topology-11.tex	EXAMPLE	source:algebraic-topology,topology-; theme:fallback-to-volume-region	thematic section chosen only from broad volume fallback
SEM-EA0AA9DDF834	IMP-DL-A978FB3162-P054	VIII	Homotopy	VIII/01--VIII/04	HIGH	30	Downloads/theory-of-algebraic-topology-4.tex	PROBLEM_ITEM	source:algebraic-topology,topology-; theme:fallback-to-volume-region	thematic section chosen only from broad volume fallback
SEM-EBEFF8A1934D	IMP-DL-A978FB3162-P035	VIII	Homotopy	VIII/01--VIII/04	HIGH	30	Downloads/theory-of-algebraic-topology-4.tex	PROBLEM_ITEM	source:algebraic-topology,topology-; theme:fallback-to-volume-region	thematic section chosen only from broad volume fallback
SEM-EDA21FC2C379	IMP-DL-18BC6F795C-P001	VIII	Homotopy	VIII/01--VIII/04	HIGH	30	Downloads/theory-of-algebraic-topology-9.tex	WORKED_EXAMPLE	source:algebraic-topology,topology-; theme:fallback-to-volume-region	thematic section chosen only from broad volume fallback
SEM-EDDF3C0BDC2B	IMP-DL-E12021E60A-P032	VIII	Homotopy	VIII/01--VIII/04	HIGH	14	Downloads/theory-of-algebraic-topology-17.tex	WORKED_EXAMPLE	source:algebraic-topology,topology-; theme:fallback-to-volume-region	thematic section chosen only from broad volume fallback
SEM-EDE5711CC7D4	IMP-DL-D6E9B3BC73-PSR004046-EDE5711C	VIII	Homotopy	VIII/01--VIII/04	HIGH	36	Downloads/theory-of-algebraic-topology-1.tex;MATH_ALLS-3/theory-of-algebraic-topology-1.tex	EXAMPLE	source:algebraic-topology,topology-; theme:fallback-to-volume-region	thematic section chosen only from broad volume fallback
SEM-EDF24C4E8DBD	IMP-DL-2E134BF207-P003	VIII	Homotopy	VIII/01--VIII/04	HIGH	30	Downloads/theory-of-algebraic-topology-5.tex	PROBLEM_ITEM	source:algebraic-topology,topology-; theme:fallback-to-volume-region	thematic section chosen only from broad volume fallback
SEM-EE46FD1CCAD0	IMP-DL-D6E9B3BC73-P027	VIII	Homotopy	VIII/01--VIII/04	HIGH	60	Downloads/theory-of-algebraic-topology-1.tex;MATH_ALLS-3/theory-of-algebraic-topology-1.tex	PROBLEM	source:algebraic-topology,topology-; theme:fallback-to-volume-region	thematic section chosen only from broad volume fallback
SEM-EE482A3BFAEA	IMP-DL-0AC5ADA26C-P038	VIII	Homotopy	VIII/01--VIII/04	HIGH	30	Downloads/theory-of-algebraic-topology-8.tex	WORKED_EXAMPLE	source:algebraic-topology,topology-; theme:fallback-to-volume-region	thematic section chosen only from broad volume fallback
SEM-EE515A419AEE	IMP-DL-31FF76D7B8-PSR003834-EE515A41	VIII	Homotopy	VIII/01--VIII/04	HIGH	21	Downloads/theory-of-algebraic-topology-16.tex	EXAMPLE	source:algebraic-topology,topology-; theme:fallback-to-volume-region	thematic section chosen only from broad volume fallback
SEM-F0134AD1CEB2	IMP-DL-2B81C66D0F-P010	VIII	Homotopy	VIII/01--VIII/04	HIGH	30	Downloads/theory-of-algebraic-topology-2.tex	WORKED_EXAMPLE	source:algebraic-topology,topology-; theme:fallback-to-volume-region	thematic section chosen only from broad volume fallback
SEM-F06A416D7458	IMP-DL-D6E9B3BC73-P007	VIII	Homotopy	VIII/01--VIII/04	HIGH	55	Downloads/theory-of-algebraic-topology-1.tex;MATH_ALLS-3/theory-of-algebraic-topology-1.tex	WORKED_EXAMPLE	source:algebraic-topology,topology-; theme:fallback-to-volume-region	thematic section chosen only from broad volume fallback
SEM-F097D7F09A49	IMP-DL-6447F1B120-P016	VIII	Homotopy	VIII/01--VIII/04	HIGH	30	Downloads/theory-of-algebraic-topology-11.tex	PROBLEM_ITEM	source:algebraic-topology,topology-; theme:fallback-to-volume-region	thematic section chosen only from broad volume fallback
SEM-F15B2B75092F	IMP-DL-12C1A20716-P013	VIII	Homotopy	VIII/01--VIII/04	HIGH	30	Downloads/theory-of-algebraic-topology-10.tex	PROBLEM_ITEM	source:algebraic-topology,topology-; theme:fallback-to-volume-region	thematic section chosen only from broad volume fallback
SEM-F27E97F731B5	IMP-DL-627841AC75-SPR004681-F27E97F7	VIII	Homotopy	VIII/01--VIII/04	HIGH	30	Downloads/theory-of-algebraic-topology-3.tex	EXAMPLE	source:algebraic-topology,topology-; theme:fallback-to-volume-region	thematic section chosen only from broad volume fallback
SEM-F282DD1341E0	IMP-DL-0AC5ADA26C-P023	VIII	Homotopy	VIII/01--VIII/04	HIGH	30	Downloads/theory-of-algebraic-topology-8.tex	WORKED_EXAMPLE	source:algebraic-topology,topology-; theme:fallback-to-volume-region	thematic section chosen only from broad volume fallback
SEM-F42AACDFCC78	IMP-DL-2E134BF207-P039	VIII	Homotopy	VIII/01--VIII/04	HIGH	30	Downloads/theory-of-algebraic-topology-5.tex	PROBLEM_ITEM	source:algebraic-topology,topology-; theme:fallback-to-volume-region	thematic section chosen only from broad volume fallback
SEM-F4A2FEB27B73	IMP-DL-2E134BF207-P007	VIII	Homotopy	VIII/01--VIII/04	HIGH	38	Downloads/theory-of-algebraic-topology-5.tex	PROBLEM_ITEM	source:algebraic-topology,topology-; text:simplicial; theme:fallback-to-volume-region	thematic section chosen only from broad volume fallback
SEM-F4D016F23EB7	IMP-DL-6447F1B120-P013	VIII	Homotopy	VIII/01--VIII/04	HIGH	10	Downloads/theory-of-algebraic-topology-11.tex	PROBLEM_ITEM	source:algebraic-topology,topology-; theme:fallback-to-volume-region	thematic section chosen only from broad volume fallback
SEM-F5B06EE9AE8E	IMP-DL-6447F1B120-R002108-F5B06EE9	VIII	Homotopy	VIII/01--VIII/04	HIGH	9	Downloads/theory-of-algebraic-topology-11.tex	EXAMPLE	source:algebraic-topology,topology-; theme:fallback-to-volume-region	thematic section chosen only from broad volume fallback
SEM-F6122D5FA7A7	IMP-DL-35223EB1F7-R002856-F6122D5F	VIII	Homotopy	VIII/01--VIII/04	HIGH	30	Downloads/theory-of-algebraic-topology-6.tex	EXAMPLE	source:algebraic-topology,topology-; theme:fallback-to-volume-region	thematic section chosen only from broad volume fallback
SEM-F6B6BBD5AE3A	IMP-DL-0AC5ADA26C-P009	VIII	Homotopy	VIII/01--VIII/04	HIGH	12	Downloads/theory-of-algebraic-topology-8.tex	WORKED_EXAMPLE	source:algebraic-topology,topology-; theme:fallback-to-volume-region	thematic section chosen only from broad volume fallback
SEM-FA6F17124F91	IMP-DL-31FF76D7B8-PSR003910-FA6F1712	VIII	Homotopy	VIII/01--VIII/04	HIGH	23	Downloads/theory-of-algebraic-topology-16.tex	EXAMPLE	source:algebraic-topology,topology-; theme:fallback-to-volume-region	thematic section chosen only from broad volume fallback
SEM-FA83F1143CA0	IMP-DL-AE41E61130-P001	VIII	Homotopy	VIII/01--VIII/04	LOW	0	Downloads/exercise_4_solutions (1).tex;MATH-ALLS-2/exercise_4_solutions (1).tex	WORKED_EXAMPLE	weak lexical evidence; theme:fallback-to-volume-region	low volume-classification confidence; thematic section chosen only from broad volume fallback
SEM-FB13755CB27D	IMP-DL-A978FB3162-P044	VIII	Homotopy	VIII/01--VIII/04	MEDIUM	6	Downloads/theory-of-algebraic-topology-4.tex	PROBLEM_ITEM	source:algebraic-topology,topology-; theme:fallback-to-volume-region	thematic section chosen only from broad volume fallback
SEM-FB88908F422C	IMP-DL-E12021E60A-P013	VIII	Homotopy	VIII/01--VIII/04	MEDIUM	6	Downloads/theory-of-algebraic-topology-17.tex	WORKED_EXAMPLE	source:algebraic-topology,topology-; theme:fallback-to-volume-region	thematic section chosen only from broad volume fallback
SEM-FBC8204E4051	IMP-DL-2E134BF207-P070	VIII	Homotopy	VIII/01--VIII/04	HIGH	30	Downloads/theory-of-algebraic-topology-5.tex	WORKED_EXAMPLE	source:algebraic-topology,topology-; theme:fallback-to-volume-region	thematic section chosen only from broad volume fallback
SEM-FBEAB88DE417	IMP-DL-6447F1B120-P021	VIII	Homotopy	VIII/01--VIII/04	HIGH	30	Downloads/theory-of-algebraic-topology-11.tex	PROBLEM_ITEM	source:algebraic-topology,topology-; theme:fallback-to-volume-region	thematic section chosen only from broad volume fallback
SEM-FD884BD14B53	IMP-DL-2B81C66D0F-P004	VIII	Homotopy	VIII/01--VIII/04	HIGH	33	Downloads/theory-of-algebraic-topology-2.tex;MATH_ALLS-3/theory-of-algebraic-topology-2.tex	PROBLEM	source:algebraic-topology,topology-; theme:fallback-to-volume-region	thematic section chosen only from broad volume fallback
SEM-FEF4F39C1F83	IMP-DL-D6E9B3BC73-P013	VIII	Homotopy	VIII/01--VIII/04	HIGH	60	Downloads/theory-of-algebraic-topology-1.tex;MATH_ALLS-3/theory-of-algebraic-topology-1.tex	WORKED_EXAMPLE	source:algebraic-topology,topology-; theme:fallback-to-volume-region	thematic section chosen only from broad volume fallback
SEM-FFC197BEF7EE	IMP-DL-2E134BF207-P072	VIII	Homotopy	VIII/01--VIII/04	MEDIUM	6	Downloads/theory-of-algebraic-topology-5.tex	PROBLEM	source:algebraic-topology,topology-; theme:fallback-to-volume-region	thematic section chosen only from broad volume fallback
