companion_problem_id	semantic_unit_id	representative_problem_id	thematic_section	related_chapters	atlas_editorial_status	source_problem_ids	statement_source_file	statement_line_range	statement_status	solution_status	primary_solution_id	primary_solution_source_file	primary_solution_line_range	distinct_solution_variants	alternate_solution_ids	figure_requirement	figure_status	migration_status	notes
CP-II-0001	SEM-001139434CBB	IMP-DL-E532B44856-P026	Sequences of Functions	II/11--II/15	PLACEMENT_REVIEW_REQUIRED	IMP-DL-E532B44856-P026;IMP-M2-C037D998D4-P026	Downloads/theory-of-analysis-functions-II.tex	L2713-L2718	MIGRATED	MIGRATED_PRIMARY_SOLUTION	IMP-DL-E532B44856-S010	Downloads/theory-of-analysis-functions-II.tex	L2719-L2736	1		NO	PENDING_VISUAL_AUDIT	MIGRATED_TO_COMPANION	Reader-facing provenance suppressed; exact source lineage retained here.
CP-II-0002	SEM-009FEE5134D5	IMP-DL-183AD43C4C-R000829-009FEE51	Sequences of Functions	II/11--II/15	PLACEMENT_REVIEW_REQUIRED	IMP-DL-183AD43C4C-R000829-009FEE51;IMP-DL-20E278E436-R000771-009FEE51;IMP-M2-1895C43FC6-R000829-009FEE51;IMP-M2-50B0B212DD-R000771-009FEE51	Downloads/theory-of-real-analysis.tex	L829-L835	MIGRATED	MIGRATED_PRIMARY_SOLUTION	IMP-DL-183AD43C4C-S018	Downloads/theory-of-real-analysis.tex	L836-L844	1		NO	PENDING_VISUAL_AUDIT	MIGRATED_TO_COMPANION	Reader-facing provenance suppressed; exact source lineage retained here.
CP-II-0003	SEM-00AB997814DD	IMP-DL-2370D81D66-P025	Sequences of Functions	II/11--II/15	PLACEMENT_REVIEW_REQUIRED	IMP-DL-2370D81D66-P025;IMP-M2-D036BAB254-P025	Downloads/theory-of-analysis-FD.tex	L3958-L3958	MIGRATED	NO_RECONCILED_SOLUTION				0		NO	PENDING_VISUAL_AUDIT	MIGRATED_TO_COMPANION	Reader-facing provenance suppressed; exact source lineage retained here.
CP-II-0004	SEM-010E6F50F941	IMP-DL-2370D81D66-P059	Sequences of Functions	II/11--II/15	PLACEMENT_REVIEW_REQUIRED	IMP-DL-2370D81D66-P059;IMP-M2-D036BAB254-P059	Downloads/theory-of-analysis-FD.tex	L4810-L4819	MIGRATED	NO_RECONCILED_SOLUTION				0		NO	PENDING_VISUAL_AUDIT	MIGRATED_TO_COMPANION	Reader-facing provenance suppressed; exact source lineage retained here.
CP-II-0005	SEM-011471026624	IMP-DL-117191C0EC-P063	Approximation	II/20--II/25	READY_FOR_COMPANION_MIGRATION	IMP-DL-117191C0EC-P063;IMP-M2-40A546CAA2-P063	Downloads/theory-of-analysis-topics.tex	L4955-L5028	MIGRATED	NO_RECONCILED_SOLUTION				0		NO	PENDING_VISUAL_AUDIT	MIGRATED_TO_COMPANION	Reader-facing provenance suppressed; exact source lineage retained here.
CP-II-0006	SEM-0128CDAAFD77	IMP-DL-2370D81D66-P010	Metric and Topological Foundations	II/01--II/07	READY_FOR_COMPANION_MIGRATION	IMP-DL-2370D81D66-P010;IMP-M2-D036BAB254-P010	Downloads/theory-of-analysis-FD.tex	L2775-L2801	MIGRATED	NO_RECONCILED_SOLUTION				0		NO	PENDING_VISUAL_AUDIT	MIGRATED_TO_COMPANION	Reader-facing provenance suppressed; exact source lineage retained here.
CP-II-0007	SEM-0167F814819C	IMP-DL-183AD43C4C-R001387-0167F814	Sequences of Functions	II/11--II/15	PLACEMENT_REVIEW_REQUIRED	IMP-DL-183AD43C4C-R001387-0167F814;IMP-DL-20E278E436-R001329-0167F814;IMP-M2-1895C43FC6-R001387-0167F814;IMP-M2-50B0B212DD-R001329-0167F814	Downloads/theory-of-real-analysis.tex	L1387-L1400	MIGRATED	MIGRATED_PRIMARY_SOLUTION	IMP-DL-183AD43C4C-S034	Downloads/theory-of-real-analysis.tex	L1401-L1418	1		NO	PENDING_VISUAL_AUDIT	MIGRATED_TO_COMPANION	Reader-facing provenance suppressed; exact source lineage retained here.
CP-II-0008	SEM-0225913F5E63	IMP-DL-07D84009EA-P006	Metric and Topological Foundations	II/01--II/07	READY_FOR_COMPANION_MIGRATION	IMP-DL-07D84009EA-P006;IMP-DL-162DBE4483-P006;IMP-DL-183AD43C4C-P006;IMP-DL-20E278E436-P006;IMP-DL-68F65EDA24-P006;IMP-DL-890EB1F6EA-P006;IMP-DL-995E0CD19D-P006;IMP-DL-E69AEC0DA9-P006;IMP-M2-0EAC31ED0B-P006;IMP-M2-1403D223C9-P006;IMP-M2-1750FF4FF7-P006;IMP-M2-1895C43FC6-P006;IMP-M2-50B0B212DD-P006;IMP-M2-6D7FCEA253-P006;IMP-M2-9CEC4F97B5-P006;IMP-M2-BC23C57F39-P006	Downloads/merged_exercises_corrected (1).tex	L89-L97	MIGRATED	NO_RECONCILED_SOLUTION				0		NO	PENDING_VISUAL_AUDIT	MIGRATED_TO_COMPANION	Reader-facing provenance suppressed; exact source lineage retained here.
CP-II-0009	SEM-023E39D2420D	IMP-DL-EAE0F59552-P004	Sequences of Functions	II/11--II/15	PLACEMENT_REVIEW_REQUIRED	IMP-DL-EAE0F59552-P004;IMP-M2-7EA9DA1D72-P004	Downloads/theory-of-analysis-topology.tex	L167-L167	MIGRATED	NO_RECONCILED_SOLUTION				0		NO	PENDING_VISUAL_AUDIT	MIGRATED_TO_COMPANION	Reader-facing provenance suppressed; exact source lineage retained here.
CP-II-0010	SEM-0244D6CD2FE4	IMP-DL-3D2DB27534-P012	Calculus	II/08--II/10	PLACEMENT_REVIEW_REQUIRED	IMP-DL-3D2DB27534-P012;IMP-DL-5B1D955447-P012;IMP-M2-8108AF5CB9-P012;IMP-M2-AFF44384C1-P012	Downloads/merged_exercises (1).tex	L129-L135	MIGRATED	NO_RECONCILED_SOLUTION				0		NO	PENDING_VISUAL_AUDIT	MIGRATED_TO_COMPANION	Reader-facing provenance suppressed; exact source lineage retained here.
CP-II-0011	SEM-0285D3D2FF57	IMP-DL-11EDF39EA7-P041	Sequences of Functions	II/11--II/15	PLACEMENT_REVIEW_REQUIRED	IMP-DL-11EDF39EA7-P041;IMP-M2-68556E3D88-P041	Downloads/theory-of-analysis-FD2.tex	L5663-L5669	MIGRATED	NO_RECONCILED_SOLUTION				0		NO	PENDING_VISUAL_AUDIT	MIGRATED_TO_COMPANION	Reader-facing provenance suppressed; exact source lineage retained here.
CP-II-0012	SEM-03FD1A797ACA	IMP-DL-183AD43C4C-R000880-03FD1A79	Calculus	II/08--II/10	READY_FOR_COMPANION_MIGRATION	IMP-DL-183AD43C4C-R000880-03FD1A79;IMP-DL-20E278E436-R000822-03FD1A79;IMP-M2-1895C43FC6-R000880-03FD1A79;IMP-M2-50B0B212DD-R000822-03FD1A79	Downloads/theory-of-real-analysis.tex	L880-L892	MIGRATED	MIGRATED_PRIMARY_SOLUTION	IMP-DL-183AD43C4C-S021	Downloads/theory-of-real-analysis.tex	L893-L901	1		NO	PENDING_VISUAL_AUDIT	MIGRATED_TO_COMPANION	Reader-facing provenance suppressed; exact source lineage retained here.
CP-II-0013	SEM-052F0120DBFF	IMP-DL-15679DEE8D-P009	Metric and Topological Foundations	II/01--II/07	READY_FOR_COMPANION_MIGRATION	IMP-DL-15679DEE8D-P009;IMP-DL-3CA1CB77F7-P009;IMP-DL-E0A96454A5-P009;IMP-M2-1D2863B81A-P009;IMP-M2-D47CB97304-P009;IMP-M2-F08D4144EA-P009	Downloads/theory-of-analysis - Copy.tex	L882-L929	MIGRATED	NO_RECONCILED_SOLUTION				0		NO	PENDING_VISUAL_AUDIT	MIGRATED_TO_COMPANION	Reader-facing provenance suppressed; exact source lineage retained here.
CP-II-0014	SEM-0660F650C30E	IMP-DL-117191C0EC-P058	Approximation	II/20--II/25	READY_FOR_COMPANION_MIGRATION	IMP-DL-117191C0EC-P058;IMP-M2-40A546CAA2-P058	Downloads/theory-of-analysis-topics.tex	L4830-L4879	MIGRATED	NO_RECONCILED_SOLUTION				0		NO	PENDING_VISUAL_AUDIT	MIGRATED_TO_COMPANION	Reader-facing provenance suppressed; exact source lineage retained here.
CP-II-0015	SEM-06EA7C1F102D	IMP-DL-873C6F4098-P005	Sequences of Functions	II/11--II/15	READY_FOR_COMPANION_MIGRATION	IMP-DL-873C6F4098-P005;IMP-M2-CFC28ED568-P005	Downloads/theory-of-analysis-II.tex	L311-L342	MIGRATED	NO_RECONCILED_SOLUTION				0		NO	PENDING_VISUAL_AUDIT	MIGRATED_TO_COMPANION	Reader-facing provenance suppressed; exact source lineage retained here.
CP-II-0016	SEM-07431C44DB28	IMP-DL-CB3C80FF97-P005	Sequences of Functions	II/11--II/15	READY_FOR_COMPANION_MIGRATION	IMP-DL-CB3C80FF97-P005;IMP-M2-7B5A4788C1-P005	Downloads/theory-of-complex-analysis-topology.tex	L231-L240	MIGRATED	MIGRATED_PRIMARY_SOLUTION	IMP-DL-CB3C80FF97-S007	Downloads/theory-of-complex-analysis-topology.tex	L241-L248	1		NO	PENDING_VISUAL_AUDIT	MIGRATED_TO_COMPANION	Reader-facing provenance suppressed; exact source lineage retained here.
CP-II-0017	SEM-07AE3F445233	IMP-DL-873C6F4098-P061	Metric and Topological Foundations	II/01--II/07	READY_FOR_COMPANION_MIGRATION	IMP-DL-873C6F4098-P061;IMP-M2-CFC28ED568-P061	Downloads/theory-of-analysis-II.tex	L1755-L1797	MIGRATED	NO_RECONCILED_SOLUTION				0		NO	PENDING_VISUAL_AUDIT	MIGRATED_TO_COMPANION	Reader-facing provenance suppressed; exact source lineage retained here.
CP-II-0018	SEM-07F444F1C044	IMP-DL-15679DEE8D-P023	Fixed Points and Differential Equations	II/16--II/19	READY_FOR_COMPANION_MIGRATION	IMP-DL-15679DEE8D-P023;IMP-DL-15679DEE8D-R003444-07F444F1;IMP-DL-3CA1CB77F7-P023;IMP-DL-3CA1CB77F7-R003447-07F444F1;IMP-DL-E0A96454A5-P023;IMP-DL-E0A96454A5-R003444-07F444F1;IMP-M2-1D2863B81A-P023;IMP-M2-1D2863B81A-R003444-07F444F1;IMP-M2-D47CB97304-P023;IMP-M2-D47CB97304-R003444-07F444F1;IMP-M2-F08D4144EA-P023;IMP-M2-F08D4144EA-R003447-07F444F1	Downloads/theory-of-analysis - Copy.tex	L3444-L3457	MIGRATED	NO_RECONCILED_SOLUTION				0		NO	PENDING_VISUAL_AUDIT	MIGRATED_TO_COMPANION	Reader-facing provenance suppressed; exact source lineage retained here.
CP-II-0019	SEM-08B6E0B9E543	IMP-DL-117191C0EC-P053	Sequences of Functions	II/11--II/15	PLACEMENT_REVIEW_REQUIRED	IMP-DL-117191C0EC-P053;IMP-M2-40A546CAA2-P053	Downloads/theory-of-analysis-topics.tex	L4630-L4634	MIGRATED	MIGRATED_PRIMARY_SOLUTION	IMP-DL-117191C0EC-S024	Downloads/theory-of-analysis-topics.tex	L4635-L4653	1		NO	PENDING_VISUAL_AUDIT	MIGRATED_TO_COMPANION	Reader-facing provenance suppressed; exact source lineage retained here.
CP-II-0020	SEM-092E024E0052	IMP-DL-873C6F4098-P091	Sequences of Functions	II/11--II/15	PLACEMENT_REVIEW_REQUIRED	IMP-DL-873C6F4098-P091;IMP-M2-CFC28ED568-P091	Downloads/theory-of-analysis-II.tex	L3442-L3453	MIGRATED	MIGRATED_PRIMARY_SOLUTION	IMP-DL-873C6F4098-S024	Downloads/theory-of-analysis-II.tex	L3454-L3476	1		NO	PENDING_VISUAL_AUDIT	MIGRATED_TO_COMPANION	Reader-facing provenance suppressed; exact source lineage retained here.
CP-II-0021	SEM-0A4B209D8A05	IMP-DL-873C6F4098-P019	Metric and Topological Foundations	II/01--II/07	READY_FOR_COMPANION_MIGRATION	IMP-DL-873C6F4098-P019;IMP-M2-CFC28ED568-P019	Downloads/theory-of-analysis-II.tex	L742-L744	MIGRATED	NO_RECONCILED_SOLUTION				0		NO	PENDING_VISUAL_AUDIT	MIGRATED_TO_COMPANION	Reader-facing provenance suppressed; exact source lineage retained here.
CP-II-0022	SEM-0AB861EE6D36	IMP-DL-873C6F4098-P040	Metric and Topological Foundations	II/01--II/07	READY_FOR_COMPANION_MIGRATION	IMP-DL-873C6F4098-P040;IMP-M2-CFC28ED568-P040	Downloads/theory-of-analysis-II.tex	L1262-L1301	MIGRATED	NO_RECONCILED_SOLUTION				0		NO	PENDING_VISUAL_AUDIT	MIGRATED_TO_COMPANION	Reader-facing provenance suppressed; exact source lineage retained here.
CP-II-0023	SEM-0B763B250151	IMP-DL-873C6F4098-P086	Fixed Points and Differential Equations	II/16--II/19	READY_FOR_COMPANION_MIGRATION	IMP-DL-873C6F4098-P086;IMP-M2-CFC28ED568-P086	Downloads/theory-of-analysis-II.tex	L3263-L3284	MIGRATED	MIGRATED_PRIMARY_SOLUTION	IMP-DL-873C6F4098-S020	Downloads/theory-of-analysis-II.tex	L3285-L3307	1		NO	PENDING_VISUAL_AUDIT	MIGRATED_TO_COMPANION	Reader-facing provenance suppressed; exact source lineage retained here.
CP-II-0024	SEM-0BA4A918FAF4	IMP-DL-316AE183C3-P030	Sequences of Functions	II/11--II/15	PLACEMENT_REVIEW_REQUIRED	IMP-DL-316AE183C3-P030;IMP-M2-303BB87ACE-P030	Downloads/theory-of-analysis-functions.tex	L2159-L2160	MIGRATED	NO_RECONCILED_SOLUTION				0		NO	PENDING_VISUAL_AUDIT	MIGRATED_TO_COMPANION	Reader-facing provenance suppressed; exact source lineage retained here.
CP-II-0025	SEM-0BE096F9BC27	IMP-DL-183AD43C4C-R002184-0BE096F9	Sequences of Functions	II/11--II/15	PLACEMENT_REVIEW_REQUIRED	IMP-DL-183AD43C4C-R002184-0BE096F9;IMP-DL-20E278E436-R002126-0BE096F9;IMP-M2-1895C43FC6-R002184-0BE096F9;IMP-M2-50B0B212DD-R002126-0BE096F9	Downloads/theory-of-real-analysis.tex	L2184-L2217	MIGRATED	NO_RECONCILED_SOLUTION				0		NO	PENDING_VISUAL_AUDIT	MIGRATED_TO_COMPANION	Reader-facing provenance suppressed; exact source lineage retained here.
CP-II-0026	SEM-0D252253DB82	IMP-DL-117191C0EC-P017	Sequences of Functions	II/11--II/15	PLACEMENT_REVIEW_REQUIRED	IMP-DL-117191C0EC-P017;IMP-M2-40A546CAA2-P017	Downloads/theory-of-analysis-topics.tex	L1615-L1694	MIGRATED	NO_RECONCILED_SOLUTION				0		NO	PENDING_VISUAL_AUDIT	MIGRATED_TO_COMPANION	Reader-facing provenance suppressed; exact source lineage retained here.
CP-II-0027	SEM-0D80277403BB	IMP-DL-2370D81D66-P049	Sequences of Functions	II/11--II/15	PLACEMENT_REVIEW_REQUIRED	IMP-DL-2370D81D66-P049;IMP-M2-D036BAB254-P049	Downloads/theory-of-analysis-FD.tex	L4685-L4697	MIGRATED	NO_RECONCILED_SOLUTION				0		NO	PENDING_VISUAL_AUDIT	MIGRATED_TO_COMPANION	Reader-facing provenance suppressed; exact source lineage retained here.
CP-II-0028	SEM-0DE4E8C41D0A	IMP-DL-873C6F4098-P035	Metric and Topological Foundations	II/01--II/07	READY_FOR_COMPANION_MIGRATION	IMP-DL-873C6F4098-P035;IMP-M2-CFC28ED568-P035	Downloads/theory-of-analysis-II.tex	L1122-L1129	MIGRATED	NO_RECONCILED_SOLUTION				0		NO	PENDING_VISUAL_AUDIT	MIGRATED_TO_COMPANION	Reader-facing provenance suppressed; exact source lineage retained here.
CP-II-0029	SEM-0E705F9408F8	IMP-DL-11EDF39EA7-P021	Metric and Topological Foundations	II/01--II/07	READY_FOR_COMPANION_MIGRATION	IMP-DL-11EDF39EA7-P021;IMP-M2-68556E3D88-P021	Downloads/theory-of-analysis-FD2.tex	L3720-L3800	MIGRATED	NO_RECONCILED_SOLUTION				0		CANDIDATE	PENDING_VISUAL_AUDIT	MIGRATED_TO_COMPANION	Reader-facing provenance suppressed; exact source lineage retained here.
CP-II-0030	SEM-0E9397D2DC72	IMP-DL-117191C0EC-P002	Metric and Topological Foundations	II/01--II/07	READY_FOR_COMPANION_MIGRATION	IMP-DL-117191C0EC-P002;IMP-M2-40A546CAA2-P002	Downloads/theory-of-analysis-topics.tex	L475-L491	MIGRATED	MIGRATED_PRIMARY_SOLUTION	IMP-DL-117191C0EC-S003	Downloads/theory-of-analysis-topics.tex	L492-L512	1		NO	PENDING_VISUAL_AUDIT	MIGRATED_TO_COMPANION	Reader-facing provenance suppressed; exact source lineage retained here.
CP-II-0031	SEM-0ECF55B9BD85	IMP-DL-117191C0EC-P051	Sequences of Functions	II/11--II/15	PLACEMENT_REVIEW_REQUIRED	IMP-DL-117191C0EC-P051;IMP-M2-40A546CAA2-P051	Downloads/theory-of-analysis-topics.tex	L4508-L4529	MIGRATED	NO_RECONCILED_SOLUTION				0		NO	PENDING_VISUAL_AUDIT	MIGRATED_TO_COMPANION	Reader-facing provenance suppressed; exact source lineage retained here.
CP-II-0032	SEM-0ED2A55E55C2	IMP-DL-EAE0F59552-PSR001951-0ED2A55E	Calculus	II/08--II/10	READY_FOR_COMPANION_MIGRATION	IMP-DL-EAE0F59552-PSR001951-0ED2A55E;IMP-M2-7EA9DA1D72-PSR001951-0ED2A55E	Downloads/theory-of-analysis-topology.tex	L1951-L1974	MIGRATED	NO_RECONCILED_SOLUTION				0		YES	SOURCE_PRESENT_REVIEW_LATER	MIGRATED_TO_COMPANION	Reader-facing provenance suppressed; exact source lineage retained here.
CP-II-0033	SEM-0F7C6853CA34	IMP-DL-07D84009EA-P004	Sequences of Functions	II/11--II/15	PLACEMENT_REVIEW_REQUIRED	IMP-DL-07D84009EA-P004;IMP-DL-162DBE4483-P004;IMP-DL-183AD43C4C-P004;IMP-DL-20E278E436-P004;IMP-DL-68F65EDA24-P004;IMP-DL-890EB1F6EA-P004;IMP-DL-995E0CD19D-P004;IMP-DL-E69AEC0DA9-P004;IMP-M2-0EAC31ED0B-P004;IMP-M2-1403D223C9-P004;IMP-M2-1750FF4FF7-P004;IMP-M2-1895C43FC6-P004;IMP-M2-50B0B212DD-P004;IMP-M2-6D7FCEA253-P004;IMP-M2-9CEC4F97B5-P004;IMP-M2-BC23C57F39-P004	Downloads/merged_exercises_corrected (1).tex	L69-L77	MIGRATED	NO_RECONCILED_SOLUTION				0		NO	PENDING_VISUAL_AUDIT	MIGRATED_TO_COMPANION	Reader-facing provenance suppressed; exact source lineage retained here.
CP-II-0034	SEM-10A3DE8309CA	IMP-DL-11EDF39EA7-P033	Sequences of Functions	II/11--II/15	PLACEMENT_REVIEW_REQUIRED	IMP-DL-11EDF39EA7-P033;IMP-M2-68556E3D88-P033	Downloads/theory-of-analysis-FD2.tex	L5248-L5252	MIGRATED	NO_RECONCILED_SOLUTION				0		NO	PENDING_VISUAL_AUDIT	MIGRATED_TO_COMPANION	Reader-facing provenance suppressed; exact source lineage retained here.
CP-II-0035	SEM-1123495D6F71	IMP-DL-183AD43C4C-P031	Metric and Topological Foundations	II/01--II/07	READY_FOR_COMPANION_MIGRATION	IMP-DL-183AD43C4C-P031;IMP-M2-1895C43FC6-P031	Downloads/theory-of-real-analysis.tex	L2476-L2480	MIGRATED	NO_RECONCILED_SOLUTION				0		NO	PENDING_VISUAL_AUDIT	MIGRATED_TO_COMPANION	Reader-facing provenance suppressed; exact source lineage retained here.
CP-II-0036	SEM-113CB3B8A788	IMP-DL-15679DEE8D-P026	Sequences of Functions	II/11--II/15	PLACEMENT_REVIEW_REQUIRED	IMP-DL-15679DEE8D-P026;IMP-DL-15679DEE8D-R003625-113CB3B8;IMP-DL-3CA1CB77F7-P026;IMP-DL-3CA1CB77F7-R003628-113CB3B8;IMP-DL-E0A96454A5-P026;IMP-DL-E0A96454A5-R003625-113CB3B8;IMP-M2-1D2863B81A-P026;IMP-M2-1D2863B81A-R003625-113CB3B8;IMP-M2-D47CB97304-P026;IMP-M2-D47CB97304-R003625-113CB3B8;IMP-M2-F08D4144EA-P026;IMP-M2-F08D4144EA-R003628-113CB3B8	Downloads/theory-of-analysis - Copy.tex	L3625-L3632	MIGRATED	NO_RECONCILED_SOLUTION				0		NO	PENDING_VISUAL_AUDIT	MIGRATED_TO_COMPANION	Reader-facing provenance suppressed; exact source lineage retained here.
CP-II-0037	SEM-1149768E71D8	IMP-DL-873C6F4098-P002	Sequences of Functions	II/11--II/15	READY_FOR_COMPANION_MIGRATION	IMP-DL-873C6F4098-P002;IMP-M2-CFC28ED568-P002	Downloads/theory-of-analysis-II.tex	L169-L224	MIGRATED	NO_RECONCILED_SOLUTION				0		NO	PENDING_VISUAL_AUDIT	MIGRATED_TO_COMPANION	Reader-facing provenance suppressed; exact source lineage retained here.
CP-II-0038	SEM-116B2CA46027	IMP-DL-117191C0EC-P043	Approximation	II/20--II/25	READY_FOR_COMPANION_MIGRATION	IMP-DL-117191C0EC-P043;IMP-M2-40A546CAA2-P043	Downloads/theory-of-analysis-topics.tex	L4081-L4092	MIGRATED	NO_RECONCILED_SOLUTION				0		NO	PENDING_VISUAL_AUDIT	MIGRATED_TO_COMPANION	Reader-facing provenance suppressed; exact source lineage retained here.
CP-II-0039	SEM-121D997257AF	IMP-DL-316AE183C3-P035	Sequences of Functions	II/11--II/15	PLACEMENT_REVIEW_REQUIRED	IMP-DL-316AE183C3-P035;IMP-M2-303BB87ACE-P035	Downloads/theory-of-analysis-functions.tex	L2254-L2257	MIGRATED	NO_RECONCILED_SOLUTION				0		NO	PENDING_VISUAL_AUDIT	MIGRATED_TO_COMPANION	Reader-facing provenance suppressed; exact source lineage retained here.
CP-II-0040	SEM-130DABF37E50	IMP-DL-873C6F4098-P057	Sequences of Functions	II/11--II/15	PLACEMENT_REVIEW_REQUIRED	IMP-DL-873C6F4098-P057;IMP-M2-CFC28ED568-P057	Downloads/theory-of-analysis-II.tex	L1704-L1706	MIGRATED	NO_RECONCILED_SOLUTION				0		NO	PENDING_VISUAL_AUDIT	MIGRATED_TO_COMPANION	Reader-facing provenance suppressed; exact source lineage retained here.
CP-II-0041	SEM-1333ACC1B0B5	IMP-DL-873C6F4098-P078	Calculus	II/08--II/10	READY_FOR_COMPANION_MIGRATION	IMP-DL-873C6F4098-P078;IMP-M2-CFC28ED568-P078	Downloads/theory-of-analysis-II.tex	L2925-L2965	MIGRATED	MIGRATED_PRIMARY_SOLUTION	IMP-DL-873C6F4098-S017	Downloads/theory-of-analysis-II.tex	L2966-L2994	1		NO	PENDING_VISUAL_AUDIT	MIGRATED_TO_COMPANION	Reader-facing provenance suppressed; exact source lineage retained here.
CP-II-0042	SEM-1461BB965B9C	IMP-DL-117191C0EC-P014	Sequences of Functions	II/11--II/15	PLACEMENT_REVIEW_REQUIRED	IMP-DL-117191C0EC-P014;IMP-M2-40A546CAA2-P014	Downloads/theory-of-analysis-topics.tex	L1132-L1135	MIGRATED	NO_RECONCILED_SOLUTION				0		NO	PENDING_VISUAL_AUDIT	MIGRATED_TO_COMPANION	Reader-facing provenance suppressed; exact source lineage retained here.
CP-II-0043	SEM-14CC35D3177F	IMP-DL-873C6F4098-P031	Sequences of Functions	II/11--II/15	PLACEMENT_REVIEW_REQUIRED	IMP-DL-873C6F4098-P031;IMP-M2-CFC28ED568-P031	Downloads/theory-of-analysis-II.tex	L1041-L1052	MIGRATED	MIGRATED_PRIMARY_SOLUTION	IMP-DL-873C6F4098-S008	Downloads/theory-of-analysis-II.tex	L1053-L1073	1		NO	PENDING_VISUAL_AUDIT	MIGRATED_TO_COMPANION	Reader-facing provenance suppressed; exact source lineage retained here.
CP-II-0044	SEM-162D2C854FF3	IMP-DL-11EDF39EA7-P006	Sequences of Functions	II/11--II/15	PLACEMENT_REVIEW_REQUIRED	IMP-DL-11EDF39EA7-P006;IMP-M2-68556E3D88-P006	Downloads/theory-of-analysis-FD2.tex	L859-L871	MIGRATED	MIGRATED_PRIMARY_SOLUTION	IMP-DL-11EDF39EA7-S004	Downloads/theory-of-analysis-FD2.tex	L872-L904	1		NO	PENDING_VISUAL_AUDIT	MIGRATED_TO_COMPANION	Reader-facing provenance suppressed; exact source lineage retained here.
CP-II-0045	SEM-164C8CBBD736	IMP-DL-2370D81D66-P019	Sequences of Functions	II/11--II/15	PLACEMENT_REVIEW_REQUIRED	IMP-DL-2370D81D66-P019;IMP-M2-D036BAB254-P019	Downloads/theory-of-analysis-FD.tex	L3369-L3376	MIGRATED	NO_RECONCILED_SOLUTION				0		NO	PENDING_VISUAL_AUDIT	MIGRATED_TO_COMPANION	Reader-facing provenance suppressed; exact source lineage retained here.
CP-II-0046	SEM-1674986B5284	IMP-DL-2370D81D66-P062	Sequences of Functions	II/11--II/15	PLACEMENT_REVIEW_REQUIRED	IMP-DL-2370D81D66-P062;IMP-M2-D036BAB254-P062	Downloads/theory-of-analysis-FD.tex	L4850-L4853	MIGRATED	NO_RECONCILED_SOLUTION				0		NO	PENDING_VISUAL_AUDIT	MIGRATED_TO_COMPANION	Reader-facing provenance suppressed; exact source lineage retained here.
CP-II-0047	SEM-178B629FF10E	IMP-DL-117191C0EC-P008	Fixed Points and Differential Equations	II/16--II/19	READY_FOR_COMPANION_MIGRATION	IMP-DL-117191C0EC-P008;IMP-M2-40A546CAA2-P008	Downloads/theory-of-analysis-topics.tex	L628-L648	MIGRATED	MIGRATED_PRIMARY_SOLUTION	IMP-DL-117191C0EC-S004	Downloads/theory-of-analysis-topics.tex	L649-L683	1		CANDIDATE	PENDING_VISUAL_AUDIT	MIGRATED_TO_COMPANION	Reader-facing provenance suppressed; exact source lineage retained here.
CP-II-0048	SEM-186BB5F7F43B	IMP-DL-EAE0F59552-PSR002030-186BB5F7	Calculus	II/08--II/10	READY_FOR_COMPANION_MIGRATION	IMP-DL-EAE0F59552-PSR002030-186BB5F7;IMP-M2-7EA9DA1D72-PSR002030-186BB5F7	Downloads/theory-of-analysis-topology.tex	L2030-L2057	MIGRATED	NO_RECONCILED_SOLUTION				0		YES	SOURCE_PRESENT_REVIEW_LATER	MIGRATED_TO_COMPANION	Reader-facing provenance suppressed; exact source lineage retained here.
CP-II-0049	SEM-18973F5EA74A	IMP-DL-316AE183C3-P018	Sequences of Functions	II/11--II/15	PLACEMENT_REVIEW_REQUIRED	IMP-DL-316AE183C3-P018;IMP-M2-303BB87ACE-P018	Downloads/theory-of-analysis-functions.tex	L2057-L2057	MIGRATED	NO_RECONCILED_SOLUTION				0		NO	PENDING_VISUAL_AUDIT	MIGRATED_TO_COMPANION	Reader-facing provenance suppressed; exact source lineage retained here.
CP-II-0050	SEM-19E19984A1F0	IMP-DL-873C6F4098-P099	Sequences of Functions	II/11--II/15	PLACEMENT_REVIEW_REQUIRED	IMP-DL-873C6F4098-P099;IMP-M2-CFC28ED568-P099	Downloads/theory-of-analysis-II.tex	L3578-L3585	MIGRATED	NO_RECONCILED_SOLUTION				0		NO	PENDING_VISUAL_AUDIT	MIGRATED_TO_COMPANION	Reader-facing provenance suppressed; exact source lineage retained here.
CP-II-0051	SEM-1A3E9DE050FD	IMP-DL-117191C0EC-P046	Sequences of Functions	II/11--II/15	READY_FOR_COMPANION_MIGRATION	IMP-DL-117191C0EC-P046;IMP-M2-40A546CAA2-P046	Downloads/theory-of-analysis-topics.tex	L4343-L4384	MIGRATED	NO_RECONCILED_SOLUTION				0		NO	PENDING_VISUAL_AUDIT	MIGRATED_TO_COMPANION	Reader-facing provenance suppressed; exact source lineage retained here.
CP-II-0052	SEM-1A50735DE37F	IMP-DL-873C6F4098-P062	Metric and Topological Foundations	II/01--II/07	READY_FOR_COMPANION_MIGRATION	IMP-DL-873C6F4098-P062;IMP-M2-CFC28ED568-P062	Downloads/theory-of-analysis-II.tex	L1863-L2002	MIGRATED	NO_RECONCILED_SOLUTION				0		NO	PENDING_VISUAL_AUDIT	MIGRATED_TO_COMPANION	Reader-facing provenance suppressed; exact source lineage retained here.
CP-II-0053	SEM-1AC2E18025B0	IMP-DL-873C6F4098-P053	Sequences of Functions	II/11--II/15	PLACEMENT_REVIEW_REQUIRED	IMP-DL-873C6F4098-P053;IMP-M2-CFC28ED568-P053	Downloads/theory-of-analysis-II.tex	L1676-L1683	MIGRATED	NO_RECONCILED_SOLUTION				0		NO	PENDING_VISUAL_AUDIT	MIGRATED_TO_COMPANION	Reader-facing provenance suppressed; exact source lineage retained here.
CP-II-0054	SEM-1BC0D15F3823	IMP-DL-07D84009EA-P011	Sequences of Functions	II/11--II/15	PLACEMENT_REVIEW_REQUIRED	IMP-DL-07D84009EA-P011;IMP-DL-162DBE4483-P011;IMP-DL-183AD43C4C-P011;IMP-DL-20E278E436-P011;IMP-DL-68F65EDA24-P011;IMP-DL-890EB1F6EA-P011;IMP-DL-995E0CD19D-P011;IMP-DL-E69AEC0DA9-P011;IMP-M2-0EAC31ED0B-P011;IMP-M2-1403D223C9-P011;IMP-M2-1750FF4FF7-P011;IMP-M2-1895C43FC6-P011;IMP-M2-50B0B212DD-P011;IMP-M2-6D7FCEA253-P011;IMP-M2-9CEC4F97B5-P011;IMP-M2-BC23C57F39-P011	Downloads/merged_exercises_corrected (1).tex	L132-L138	MIGRATED	NO_RECONCILED_SOLUTION				0		NO	PENDING_VISUAL_AUDIT	MIGRATED_TO_COMPANION	Reader-facing provenance suppressed; exact source lineage retained here.
CP-II-0055	SEM-1C1ACA31D59D	IMP-DL-2370D81D66-P015	Calculus	II/08--II/10	READY_FOR_COMPANION_MIGRATION	IMP-DL-2370D81D66-P015;IMP-M2-D036BAB254-P015	Downloads/theory-of-analysis-FD.tex	L3354-L3355	MIGRATED	NO_RECONCILED_SOLUTION				0		NO	PENDING_VISUAL_AUDIT	MIGRATED_TO_COMPANION	Reader-facing provenance suppressed; exact source lineage retained here.
CP-II-0056	SEM-1C96DF23653C	IMP-DL-316AE183C3-P064	Sequences of Functions	II/11--II/15	PLACEMENT_REVIEW_REQUIRED	IMP-DL-316AE183C3-P064;IMP-M2-303BB87ACE-P064	Downloads/theory-of-analysis-functions.tex	L3440-L3445	MIGRATED	NO_RECONCILED_SOLUTION				0		NO	PENDING_VISUAL_AUDIT	MIGRATED_TO_COMPANION	Reader-facing provenance suppressed; exact source lineage retained here.
CP-II-0057	SEM-1D0A0A232C3D	IMP-DL-117191C0EC-P027	Sequences of Functions	II/11--II/15	PLACEMENT_REVIEW_REQUIRED	IMP-DL-117191C0EC-P027;IMP-M2-40A546CAA2-P027	Downloads/theory-of-analysis-topics.tex	L2737-L2748	MIGRATED	MIGRATED_PRIMARY_SOLUTION	IMP-DL-117191C0EC-S016	Downloads/theory-of-analysis-topics.tex	L2749-L2824	1		NO	PENDING_VISUAL_AUDIT	MIGRATED_TO_COMPANION	Reader-facing provenance suppressed; exact source lineage retained here.
CP-II-0058	SEM-1D164E1166CF	IMP-DL-183AD43C4C-PSR003618-1D164E11	Sequences of Functions	II/11--II/15	PLACEMENT_REVIEW_REQUIRED	IMP-DL-183AD43C4C-PSR003618-1D164E11;IMP-M2-1895C43FC6-PSR003618-1D164E11	Downloads/theory-of-real-analysis.tex	L3618-L3634	MIGRATED	NO_RECONCILED_SOLUTION				0		YES	SOURCE_PRESENT_REVIEW_LATER	MIGRATED_TO_COMPANION	Reader-facing provenance suppressed; exact source lineage retained here.
CP-II-0059	SEM-1DC80CB96E79	IMP-DL-EAE0F59552-PSR002113-1DC80CB9	Calculus	II/08--II/10	READY_FOR_COMPANION_MIGRATION	IMP-DL-EAE0F59552-PSR002113-1DC80CB9;IMP-M2-7EA9DA1D72-PSR002113-1DC80CB9	Downloads/theory-of-analysis-topology.tex	L2113-L2135	MIGRATED	NO_RECONCILED_SOLUTION				0		YES	SOURCE_PRESENT_REVIEW_LATER	MIGRATED_TO_COMPANION	Reader-facing provenance suppressed; exact source lineage retained here.
CP-II-0060	SEM-1E18D6601436	IMP-DL-E532B44856-P005	Sequences of Functions	II/11--II/15	PLACEMENT_REVIEW_REQUIRED	IMP-DL-E532B44856-P005;IMP-M2-C037D998D4-P005	Downloads/theory-of-analysis-functions-II.tex	L666-L749	MIGRATED	NO_RECONCILED_SOLUTION				0		NO	PENDING_VISUAL_AUDIT	MIGRATED_TO_COMPANION	Reader-facing provenance suppressed; exact source lineage retained here.
CP-II-0061	SEM-1E1DEC8CDBBC	IMP-DL-E532B44856-P017	Calculus	II/08--II/10	READY_FOR_COMPANION_MIGRATION	IMP-DL-E532B44856-P017;IMP-M2-C037D998D4-P017	Downloads/theory-of-analysis-functions-II.tex	L2354-L2379	MIGRATED	MIGRATED_PRIMARY_SOLUTION	IMP-DL-E532B44856-S007	Downloads/theory-of-analysis-functions-II.tex	L2380-L2386	1		NO	PENDING_VISUAL_AUDIT	MIGRATED_TO_COMPANION	Reader-facing provenance suppressed; exact source lineage retained here.
CP-II-0062	SEM-1F326861C85D	IMP-DL-2370D81D66-P070	Metric and Topological Foundations	II/01--II/07	READY_FOR_COMPANION_MIGRATION	IMP-DL-2370D81D66-P070;IMP-M2-D036BAB254-P070	Downloads/theory-of-analysis-FD.tex	L5500-L5504	MIGRATED	NO_RECONCILED_SOLUTION				0		NO	PENDING_VISUAL_AUDIT	MIGRATED_TO_COMPANION	Reader-facing provenance suppressed; exact source lineage retained here.
CP-II-0063	SEM-1F4649B121E7	IMP-DL-183AD43C4C-R001257-1F4649B1	Sequences of Functions	II/11--II/15	PLACEMENT_REVIEW_REQUIRED	IMP-DL-183AD43C4C-R001257-1F4649B1;IMP-DL-20E278E436-R001199-1F4649B1;IMP-M2-1895C43FC6-R001257-1F4649B1;IMP-M2-50B0B212DD-R001199-1F4649B1	Downloads/theory-of-real-analysis.tex	L1257-L1263	MIGRATED	MIGRATED_PRIMARY_SOLUTION	IMP-DL-183AD43C4C-S031	Downloads/theory-of-real-analysis.tex	L1264-L1283	1		NO	PENDING_VISUAL_AUDIT	MIGRATED_TO_COMPANION	Reader-facing provenance suppressed; exact source lineage retained here.
CP-II-0064	SEM-1F558477AC38	IMP-DL-E532B44856-P018	Sequences of Functions	II/11--II/15	PLACEMENT_REVIEW_REQUIRED	IMP-DL-E532B44856-P018;IMP-M2-C037D998D4-P018	Downloads/theory-of-analysis-functions-II.tex	L2430-L2453	MIGRATED	MIGRATED_PRIMARY_SOLUTION	IMP-DL-E532B44856-S008	Downloads/theory-of-analysis-functions-II.tex	L2454-L2472	1		NO	PENDING_VISUAL_AUDIT	MIGRATED_TO_COMPANION	Reader-facing provenance suppressed; exact source lineage retained here.
CP-II-0065	SEM-1F7709F1CE32	IMP-DL-117191C0EC-P044	Sequences of Functions	II/11--II/15	READY_FOR_COMPANION_MIGRATION	IMP-DL-117191C0EC-P044;IMP-M2-40A546CAA2-P044	Downloads/theory-of-analysis-topics.tex	L4093-L4183	MIGRATED	NO_RECONCILED_SOLUTION				0		YES	SOURCE_PRESENT_REVIEW_LATER	MIGRATED_TO_COMPANION	Reader-facing provenance suppressed; exact source lineage retained here.
CP-II-0066	SEM-20B3DE851C5F	IMP-DL-2370D81D66-P024	Sequences of Functions	II/11--II/15	PLACEMENT_REVIEW_REQUIRED	IMP-DL-2370D81D66-P024;IMP-M2-D036BAB254-P024	Downloads/theory-of-analysis-FD.tex	L3867-L3872	MIGRATED	MIGRATED_PRIMARY_SOLUTION	IMP-DL-2370D81D66-S008	Downloads/theory-of-analysis-FD.tex	L3873-L3879	1		NO	PENDING_VISUAL_AUDIT	MIGRATED_TO_COMPANION	Reader-facing provenance suppressed; exact source lineage retained here.
CP-II-0067	SEM-20B7D643FDC3	IMP-DL-2370D81D66-P008	Sequences of Functions	II/11--II/15	PLACEMENT_REVIEW_REQUIRED	IMP-DL-2370D81D66-P008;IMP-M2-D036BAB254-P008	Downloads/theory-of-analysis-FD.tex	L2700-L2709	MIGRATED	NO_RECONCILED_SOLUTION				0		NO	PENDING_VISUAL_AUDIT	MIGRATED_TO_COMPANION	Reader-facing provenance suppressed; exact source lineage retained here.
CP-II-0068	SEM-2187DEF0CAD0	IMP-DL-316AE183C3-P008	Sequences of Functions	II/11--II/15	READY_FOR_COMPANION_MIGRATION	IMP-DL-316AE183C3-P008;IMP-M2-303BB87ACE-P008	Downloads/theory-of-analysis-functions.tex	L1626-L1656	MIGRATED	NO_RECONCILED_SOLUTION				0		NO	PENDING_VISUAL_AUDIT	MIGRATED_TO_COMPANION	Reader-facing provenance suppressed; exact source lineage retained here.
CP-II-0069	SEM-21E578C1FD9A	IMP-DL-15679DEE8D-P006	Metric and Topological Foundations	II/01--II/07	READY_FOR_COMPANION_MIGRATION	IMP-DL-15679DEE8D-P006;IMP-DL-3CA1CB77F7-P006;IMP-DL-E0A96454A5-P006;IMP-M2-1D2863B81A-P006;IMP-M2-D47CB97304-P006;IMP-M2-F08D4144EA-P006	Downloads/theory-of-analysis - Copy.tex	L671-L677	MIGRATED	MIGRATED_PRIMARY_SOLUTION	IMP-DL-E0A96454A5-S011	Downloads/theory-of-analysis.tex	L678-L698	1		NO	PENDING_VISUAL_AUDIT	MIGRATED_TO_COMPANION	Reader-facing provenance suppressed; exact source lineage retained here.
CP-II-0070	SEM-22009F4E797B	IMP-DL-316AE183C3-P044	Metric and Topological Foundations	II/01--II/07	READY_FOR_COMPANION_MIGRATION	IMP-DL-316AE183C3-P044;IMP-M2-303BB87ACE-P044	Downloads/theory-of-analysis-functions.tex	L2447-L2460	MIGRATED	MIGRATED_PRIMARY_SOLUTION	IMP-DL-316AE183C3-S005	Downloads/theory-of-analysis-functions.tex	L2461-L2482	1		NO	PENDING_VISUAL_AUDIT	MIGRATED_TO_COMPANION	Reader-facing provenance suppressed; exact source lineage retained here.
CP-II-0071	SEM-222406D1378B	IMP-DL-316AE183C3-P015	Sequences of Functions	II/11--II/15	PLACEMENT_REVIEW_REQUIRED	IMP-DL-316AE183C3-P015;IMP-M2-303BB87ACE-P015	Downloads/theory-of-analysis-functions.tex	L2011-L2024	MIGRATED	MIGRATED_PRIMARY_SOLUTION	IMP-DL-316AE183C3-S002	Downloads/theory-of-analysis-functions.tex	L2025-L2040	1		NO	PENDING_VISUAL_AUDIT	MIGRATED_TO_COMPANION	Reader-facing provenance suppressed; exact source lineage retained here.
CP-II-0072	SEM-223DEFA96237	IMP-DL-316AE183C3-P014	Metric and Topological Foundations	II/01--II/07	READY_FOR_COMPANION_MIGRATION	IMP-DL-316AE183C3-P014;IMP-M2-303BB87ACE-P014	Downloads/theory-of-analysis-functions.tex	L2002-L2010	MIGRATED	NO_RECONCILED_SOLUTION				0		NO	PENDING_VISUAL_AUDIT	MIGRATED_TO_COMPANION	Reader-facing provenance suppressed; exact source lineage retained here.
CP-II-0073	SEM-2356636DB074	IMP-DL-15679DEE8D-P002	Metric and Topological Foundations	II/01--II/07	READY_FOR_COMPANION_MIGRATION	IMP-DL-15679DEE8D-P002;IMP-DL-15679DEE8D-P003;IMP-DL-3CA1CB77F7-P002;IMP-DL-3CA1CB77F7-P003;IMP-DL-E0A96454A5-P002;IMP-DL-E0A96454A5-P003;IMP-M2-1D2863B81A-P002;IMP-M2-1D2863B81A-P003;IMP-M2-D47CB97304-P002;IMP-M2-D47CB97304-P003;IMP-M2-F08D4144EA-P002;IMP-M2-F08D4144EA-P003	Downloads/theory-of-analysis - Copy.tex	L504-L506	MIGRATED	MIGRATED_PRIMARY_SOLUTION	IMP-DL-E0A96454A5-S009	Downloads/theory-of-analysis.tex	L552-L582	1		NO	PENDING_VISUAL_AUDIT	MIGRATED_TO_COMPANION	Reader-facing provenance suppressed; exact source lineage retained here.
CP-II-0074	SEM-2378D5C4E4F1	IMP-DL-183AD43C4C-PSR003276-2378D5C4	Sequences of Functions	II/11--II/15	READY_FOR_COMPANION_MIGRATION	IMP-DL-183AD43C4C-PSR003276-2378D5C4;IMP-M2-1895C43FC6-PSR003276-2378D5C4	Downloads/theory-of-real-analysis.tex	L3276-L3294	MIGRATED	NO_RECONCILED_SOLUTION				0		YES	SOURCE_PRESENT_REVIEW_LATER	MIGRATED_TO_COMPANION	Reader-facing provenance suppressed; exact source lineage retained here.
CP-II-0075	SEM-23A6F55DC560	IMP-DL-873C6F4098-P042	Metric and Topological Foundations	II/01--II/07	READY_FOR_COMPANION_MIGRATION	IMP-DL-873C6F4098-P042;IMP-M2-CFC28ED568-P042	Downloads/theory-of-analysis-II.tex	L1350-L1369	MIGRATED	MIGRATED_PRIMARY_SOLUTION	IMP-DL-873C6F4098-S009	Downloads/theory-of-analysis-II.tex	L1370-L1406	1		NO	PENDING_VISUAL_AUDIT	MIGRATED_TO_COMPANION	Reader-facing provenance suppressed; exact source lineage retained here.
CP-II-0076	SEM-240503B7C671	IMP-DL-117191C0EC-P040	Approximation	II/20--II/25	READY_FOR_COMPANION_MIGRATION	IMP-DL-117191C0EC-P040;IMP-M2-40A546CAA2-P040	Downloads/theory-of-analysis-topics.tex	L4013-L4042	MIGRATED	MIGRATED_PRIMARY_SOLUTION	IMP-DL-117191C0EC-S022	Downloads/theory-of-analysis-topics.tex	L4043-L4067	1		NO	PENDING_VISUAL_AUDIT	MIGRATED_TO_COMPANION	Reader-facing provenance suppressed; exact source lineage retained here.
CP-II-0077	SEM-24BEE7E5B99F	IMP-DL-873C6F4098-P088	Calculus	II/08--II/10	READY_FOR_COMPANION_MIGRATION	IMP-DL-873C6F4098-P088;IMP-M2-CFC28ED568-P088	Downloads/theory-of-analysis-II.tex	L3333-L3344	MIGRATED	MIGRATED_PRIMARY_SOLUTION	IMP-DL-873C6F4098-S022	Downloads/theory-of-analysis-II.tex	L3345-L3364	1		NO	PENDING_VISUAL_AUDIT	MIGRATED_TO_COMPANION	Reader-facing provenance suppressed; exact source lineage retained here.
CP-II-0078	SEM-24DCF6343D42	IMP-DL-2370D81D66-P057	Sequences of Functions	II/11--II/15	PLACEMENT_REVIEW_REQUIRED	IMP-DL-2370D81D66-P057;IMP-M2-D036BAB254-P057	Downloads/theory-of-analysis-FD.tex	L4790-L4800	MIGRATED	NO_RECONCILED_SOLUTION				0		NO	PENDING_VISUAL_AUDIT	MIGRATED_TO_COMPANION	Reader-facing provenance suppressed; exact source lineage retained here.
CP-II-0079	SEM-2579C0D17EE1	IMP-DL-873C6F4098-P013	Sequences of Functions	II/11--II/15	READY_FOR_COMPANION_MIGRATION	IMP-DL-873C6F4098-P013;IMP-M2-CFC28ED568-P013	Downloads/theory-of-analysis-II.tex	L675-L675	MIGRATED	NO_RECONCILED_SOLUTION				0		NO	PENDING_VISUAL_AUDIT	MIGRATED_TO_COMPANION	Reader-facing provenance suppressed; exact source lineage retained here.
CP-II-0080	SEM-26A33F29034D	IMP-DL-183AD43C4C-R001237-26A33F29	Sequences of Functions	II/11--II/15	PLACEMENT_REVIEW_REQUIRED	IMP-DL-183AD43C4C-R001237-26A33F29;IMP-DL-20E278E436-R001179-26A33F29;IMP-M2-1895C43FC6-R001237-26A33F29;IMP-M2-50B0B212DD-R001179-26A33F29	Downloads/theory-of-real-analysis.tex	L1237-L1243	MIGRATED	MIGRATED_PRIMARY_SOLUTION	IMP-DL-183AD43C4C-S030	Downloads/theory-of-real-analysis.tex	L1244-L1254	1		NO	PENDING_VISUAL_AUDIT	MIGRATED_TO_COMPANION	Reader-facing provenance suppressed; exact source lineage retained here.
CP-II-0081	SEM-271002B7AD6E	IMP-DL-316AE183C3-P057	Sequences of Functions	II/11--II/15	PLACEMENT_REVIEW_REQUIRED	IMP-DL-316AE183C3-P057;IMP-M2-303BB87ACE-P057	Downloads/theory-of-analysis-functions.tex	L3357-L3360	MIGRATED	NO_RECONCILED_SOLUTION				0		NO	PENDING_VISUAL_AUDIT	MIGRATED_TO_COMPANION	Reader-facing provenance suppressed; exact source lineage retained here.
CP-II-0082	SEM-275C3715B8A3	IMP-DL-183AD43C4C-P030	Metric and Topological Foundations	II/01--II/07	READY_FOR_COMPANION_MIGRATION	IMP-DL-183AD43C4C-P030;IMP-M2-1895C43FC6-P030	Downloads/theory-of-real-analysis.tex	L2471-L2474	MIGRATED	NO_RECONCILED_SOLUTION				0		NO	PENDING_VISUAL_AUDIT	MIGRATED_TO_COMPANION	Reader-facing provenance suppressed; exact source lineage retained here.
CP-II-0083	SEM-278AE5BFE5CC	IMP-DL-E532B44856-P013	Metric and Topological Foundations	II/01--II/07	READY_FOR_COMPANION_MIGRATION	IMP-DL-E532B44856-P013;IMP-M2-C037D998D4-P013	Downloads/theory-of-analysis-functions-II.tex	L2195-L2213	MIGRATED	MIGRATED_PRIMARY_SOLUTION	IMP-DL-E532B44856-S002	Downloads/theory-of-analysis-functions-II.tex	L2214-L2218	1		NO	PENDING_VISUAL_AUDIT	MIGRATED_TO_COMPANION	Reader-facing provenance suppressed; exact source lineage retained here.
CP-II-0084	SEM-278EF3C21D04	IMP-DL-873C6F4098-P009	Sequences of Functions	II/11--II/15	READY_FOR_COMPANION_MIGRATION	IMP-DL-873C6F4098-P009;IMP-M2-CFC28ED568-P009	Downloads/theory-of-analysis-II.tex	L552-L558	MIGRATED	NO_RECONCILED_SOLUTION				0		NO	PENDING_VISUAL_AUDIT	MIGRATED_TO_COMPANION	Reader-facing provenance suppressed; exact source lineage retained here.
CP-II-0085	SEM-28A69A2C0111	IMP-DL-117191C0EC-P009	Metric and Topological Foundations	II/01--II/07	READY_FOR_COMPANION_MIGRATION	IMP-DL-117191C0EC-P009;IMP-M2-40A546CAA2-P009	Downloads/theory-of-analysis-topics.tex	L690-L728	MIGRATED	MIGRATED_PRIMARY_SOLUTION	IMP-DL-117191C0EC-S005	Downloads/theory-of-analysis-topics.tex	L729-L755	1		NO	PENDING_VISUAL_AUDIT	MIGRATED_TO_COMPANION	Reader-facing provenance suppressed; exact source lineage retained here.
CP-II-0086	SEM-28C2E41FA4B8	IMP-DL-2370D81D66-P066	Metric and Topological Foundations	II/01--II/07	READY_FOR_COMPANION_MIGRATION	IMP-DL-2370D81D66-P066;IMP-M2-D036BAB254-P066	Downloads/theory-of-analysis-FD.tex	L5056-L5381	MIGRATED	MIGRATED_PRIMARY_SOLUTION;ALTERNATE_VARIANTS_RETAINED_IN_PROVENANCE	IMP-DL-2370D81D66-S013	Downloads/theory-of-analysis-FD.tex	L5932-L5942	6	IMP-DL-2370D81D66-S011;IMP-DL-2370D81D66-S012;IMP-DL-2370D81D66-S015;IMP-DL-2370D81D66-S010;IMP-DL-2370D81D66-S014	YES	SOURCE_PRESENT_REVIEW_LATER	MIGRATED_TO_COMPANION	Reader-facing provenance suppressed; exact source lineage retained here.
CP-II-0087	SEM-2926D3DB6411	IMP-DL-2370D81D66-P041	Sequences of Functions	II/11--II/15	PLACEMENT_REVIEW_REQUIRED	IMP-DL-2370D81D66-P041;IMP-M2-D036BAB254-P041	Downloads/theory-of-analysis-FD.tex	L4564-L4569	MIGRATED	NO_RECONCILED_SOLUTION				0		NO	PENDING_VISUAL_AUDIT	MIGRATED_TO_COMPANION	Reader-facing provenance suppressed; exact source lineage retained here.
CP-II-0088	SEM-29A4F2788D04	IMP-DL-2370D81D66-P031	Calculus	II/08--II/10	READY_FOR_COMPANION_MIGRATION	IMP-DL-2370D81D66-P031;IMP-M2-D036BAB254-P031	Downloads/theory-of-analysis-FD.tex	L4277-L4295	MIGRATED	NO_RECONCILED_SOLUTION				0		NO	PENDING_VISUAL_AUDIT	MIGRATED_TO_COMPANION	Reader-facing provenance suppressed; exact source lineage retained here.
CP-II-0089	SEM-2BEE75C2A9F1	IMP-DL-117191C0EC-P035	Sequences of Functions	II/11--II/15	PLACEMENT_REVIEW_REQUIRED	IMP-DL-117191C0EC-P035;IMP-M2-40A546CAA2-P035	Downloads/theory-of-analysis-topics.tex	L3877-L3883	MIGRATED	NO_RECONCILED_SOLUTION				0		NO	PENDING_VISUAL_AUDIT	MIGRATED_TO_COMPANION	Reader-facing provenance suppressed; exact source lineage retained here.
CP-II-0090	SEM-2C2B81FBA3C3	IMP-DL-11EDF39EA7-P029	Metric and Topological Foundations	II/01--II/07	READY_FOR_COMPANION_MIGRATION	IMP-DL-11EDF39EA7-P029;IMP-M2-68556E3D88-P029	Downloads/theory-of-analysis-FD2.tex	L4910-L4915	MIGRATED	NO_RECONCILED_SOLUTION				0		NO	PENDING_VISUAL_AUDIT	MIGRATED_TO_COMPANION	Reader-facing provenance suppressed; exact source lineage retained here.
CP-II-0091	SEM-2C4598EE9880	IMP-DL-15679DEE8D-P014	Sequences of Functions	II/11--II/15	PLACEMENT_REVIEW_REQUIRED	IMP-DL-15679DEE8D-P014;IMP-DL-15679DEE8D-R002718-2C4598EE;IMP-DL-3CA1CB77F7-P014;IMP-DL-3CA1CB77F7-R002721-2C4598EE;IMP-DL-E0A96454A5-P014;IMP-DL-E0A96454A5-R002718-2C4598EE;IMP-M2-1D2863B81A-P014;IMP-M2-1D2863B81A-R002718-2C4598EE;IMP-M2-D47CB97304-P014;IMP-M2-D47CB97304-R002718-2C4598EE;IMP-M2-F08D4144EA-P014;IMP-M2-F08D4144EA-R002721-2C4598EE	Downloads/theory-of-analysis - Copy.tex	L2718-L2726	MIGRATED	MIGRATED_PRIMARY_SOLUTION	IMP-DL-E0A96454A5-S015	Downloads/theory-of-analysis.tex	L2797-L2801	1		NO	PENDING_VISUAL_AUDIT	MIGRATED_TO_COMPANION	Reader-facing provenance suppressed; exact source lineage retained here.
CP-II-0092	SEM-2CD641868F4C	IMP-DL-EAE0F59552-P015	Metric and Topological Foundations	II/01--II/07	READY_FOR_COMPANION_MIGRATION	IMP-DL-EAE0F59552-P015;IMP-M2-7EA9DA1D72-P015	Downloads/theory-of-analysis-topology.tex	L944-L1028	MIGRATED	NO_RECONCILED_SOLUTION				0		NO	PENDING_VISUAL_AUDIT	MIGRATED_TO_COMPANION	Reader-facing provenance suppressed; exact source lineage retained here.
CP-II-0093	SEM-2D186D342A38	IMP-DL-316AE183C3-P069	Sequences of Functions	II/11--II/15	PLACEMENT_REVIEW_REQUIRED	IMP-DL-316AE183C3-P069;IMP-M2-303BB87ACE-P069	Downloads/theory-of-analysis-functions.tex	L3498-L3501	MIGRATED	NO_RECONCILED_SOLUTION				0		NO	PENDING_VISUAL_AUDIT	MIGRATED_TO_COMPANION	Reader-facing provenance suppressed; exact source lineage retained here.
CP-II-0094	SEM-2D232C07DAAB	IMP-DL-07D84009EA-P014	Sequences of Functions	II/11--II/15	PLACEMENT_REVIEW_REQUIRED	IMP-DL-07D84009EA-P014;IMP-DL-162DBE4483-P014;IMP-DL-183AD43C4C-P014;IMP-DL-20E278E436-P014;IMP-DL-68F65EDA24-P014;IMP-DL-890EB1F6EA-P014;IMP-DL-995E0CD19D-P014;IMP-DL-E69AEC0DA9-P014;IMP-M2-0EAC31ED0B-P014;IMP-M2-1403D223C9-P014;IMP-M2-1750FF4FF7-P014;IMP-M2-1895C43FC6-P014;IMP-M2-50B0B212DD-P014;IMP-M2-6D7FCEA253-P014;IMP-M2-9CEC4F97B5-P014;IMP-M2-BC23C57F39-P014	Downloads/merged_exercises_corrected (1).tex	L158-L190	MIGRATED	NO_RECONCILED_SOLUTION				0		NO	PENDING_VISUAL_AUDIT	MIGRATED_TO_COMPANION	Reader-facing provenance suppressed; exact source lineage retained here.
CP-II-0095	SEM-2D3F2DE85BD0	IMP-DL-316AE183C3-P075	Sequences of Functions	II/11--II/15	PLACEMENT_REVIEW_REQUIRED	IMP-DL-316AE183C3-P075;IMP-M2-303BB87ACE-P075	Downloads/theory-of-analysis-functions.tex	L3527-L3529	MIGRATED	NO_RECONCILED_SOLUTION				0		NO	PENDING_VISUAL_AUDIT	MIGRATED_TO_COMPANION	Reader-facing provenance suppressed; exact source lineage retained here.
CP-II-0096	SEM-2D50B0E84D66	IMP-DL-873C6F4098-P089	Calculus	II/08--II/10	READY_FOR_COMPANION_MIGRATION	IMP-DL-873C6F4098-P089;IMP-M2-CFC28ED568-P089	Downloads/theory-of-analysis-II.tex	L3373-L3393	MIGRATED	MIGRATED_PRIMARY_SOLUTION	IMP-DL-873C6F4098-S023	Downloads/theory-of-analysis-II.tex	L3394-L3402	1		NO	PENDING_VISUAL_AUDIT	MIGRATED_TO_COMPANION	Reader-facing provenance suppressed; exact source lineage retained here.
CP-II-0097	SEM-2D9A6F83D29F	IMP-DL-316AE183C3-P005	Sequences of Functions	II/11--II/15	PLACEMENT_REVIEW_REQUIRED	IMP-DL-316AE183C3-P005;IMP-M2-303BB87ACE-P005	Downloads/theory-of-analysis-functions.tex	L1550-L1564	MIGRATED	NO_RECONCILED_SOLUTION				0		NO	PENDING_VISUAL_AUDIT	MIGRATED_TO_COMPANION	Reader-facing provenance suppressed; exact source lineage retained here.
CP-II-0098	SEM-2DF9336C625C	IMP-DL-E532B44856-P033	Fixed Points and Differential Equations	II/16--II/19	READY_FOR_COMPANION_MIGRATION	IMP-DL-E532B44856-P033;IMP-M2-C037D998D4-P033	Downloads/theory-of-analysis-functions-II.tex	L3441-L3648	MIGRATED	NO_RECONCILED_SOLUTION				0		YES	SOURCE_PRESENT_REVIEW_LATER	MIGRATED_TO_COMPANION	Reader-facing provenance suppressed; exact source lineage retained here.
CP-II-0099	SEM-2E4040C58020	IMP-DL-2370D81D66-P077	Sequences of Functions	II/11--II/15	PLACEMENT_REVIEW_REQUIRED	IMP-DL-2370D81D66-P077;IMP-M2-D036BAB254-P077	Downloads/theory-of-analysis-FD.tex	L5824-L5873	MIGRATED	NO_RECONCILED_SOLUTION				0		NO	PENDING_VISUAL_AUDIT	MIGRATED_TO_COMPANION	Reader-facing provenance suppressed; exact source lineage retained here.
CP-II-0100	SEM-2E9B16CA6B3D	IMP-DL-873C6F4098-P103	Metric and Topological Foundations	II/01--II/07	READY_FOR_COMPANION_MIGRATION	IMP-DL-873C6F4098-P103;IMP-M2-CFC28ED568-P103	Downloads/theory-of-analysis-II.tex	L3771-L3860	MIGRATED	NO_RECONCILED_SOLUTION				0		NO	PENDING_VISUAL_AUDIT	MIGRATED_TO_COMPANION	Reader-facing provenance suppressed; exact source lineage retained here.
CP-II-0101	SEM-2F17A77D4971	IMP-DL-117191C0EC-P006	Sequences of Functions	II/11--II/15	PLACEMENT_REVIEW_REQUIRED	IMP-DL-117191C0EC-P006;IMP-M2-40A546CAA2-P006	Downloads/theory-of-analysis-topics.tex	L578-L580	MIGRATED	NO_RECONCILED_SOLUTION				0		NO	PENDING_VISUAL_AUDIT	MIGRATED_TO_COMPANION	Reader-facing provenance suppressed; exact source lineage retained here.
CP-II-0102	SEM-2F50B50B9C97	IMP-DL-E532B44856-P010	Sequences of Functions	II/11--II/15	PLACEMENT_REVIEW_REQUIRED	IMP-DL-E532B44856-P010;IMP-M2-C037D998D4-P010	Downloads/theory-of-analysis-functions-II.tex	L1966-L2003	MIGRATED	NO_RECONCILED_SOLUTION				0		NO	PENDING_VISUAL_AUDIT	MIGRATED_TO_COMPANION	Reader-facing provenance suppressed; exact source lineage retained here.
CP-II-0103	SEM-2FADDC7BA0E7	IMP-DL-183AD43C4C-R001185-2FADDC7B	Sequences of Functions	II/11--II/15	PLACEMENT_REVIEW_REQUIRED	IMP-DL-183AD43C4C-R001185-2FADDC7B;IMP-DL-20E278E436-R001127-2FADDC7B;IMP-M2-1895C43FC6-R001185-2FADDC7B;IMP-M2-50B0B212DD-R001127-2FADDC7B	Downloads/theory-of-real-analysis.tex	L1185-L1191	MIGRATED	MIGRATED_PRIMARY_SOLUTION	IMP-DL-183AD43C4C-S028	Downloads/theory-of-real-analysis.tex	L1192-L1202	1		NO	PENDING_VISUAL_AUDIT	MIGRATED_TO_COMPANION	Reader-facing provenance suppressed; exact source lineage retained here.
CP-II-0104	SEM-2FFBC9E2D369	IMP-DL-3CA1CB77F7-P047	Sequences of Functions	II/11--II/15	PLACEMENT_REVIEW_REQUIRED	IMP-DL-3CA1CB77F7-P047;IMP-DL-3CA1CB77F7-R005148-2FFBC9E2;IMP-M2-F08D4144EA-P047;IMP-M2-F08D4144EA-R005148-2FFBC9E2	Downloads/theory-of-analysis-numbers.tex	L5148-L5162	MIGRATED	MIGRATED_PRIMARY_SOLUTION	IMP-DL-3CA1CB77F7-S023	Downloads/theory-of-analysis-numbers.tex	L5164-L5210	1		NO	PENDING_VISUAL_AUDIT	MIGRATED_TO_COMPANION	Reader-facing provenance suppressed; exact source lineage retained here.
CP-II-0105	SEM-30D330E5AC49	IMP-DL-E532B44856-P019	Sequences of Functions	II/11--II/15	PLACEMENT_REVIEW_REQUIRED	IMP-DL-E532B44856-P019;IMP-M2-C037D998D4-P019	Downloads/theory-of-analysis-functions-II.tex	L2492-L2498	MIGRATED	MIGRATED_PRIMARY_SOLUTION	IMP-DL-E532B44856-S009	Downloads/theory-of-analysis-functions-II.tex	L2499-L2528	1		NO	PENDING_VISUAL_AUDIT	MIGRATED_TO_COMPANION	Reader-facing provenance suppressed; exact source lineage retained here.
CP-II-0106	SEM-30D5620D4A60	IMP-DL-183AD43C4C-R001205-30D5620D	Sequences of Functions	II/11--II/15	PLACEMENT_REVIEW_REQUIRED	IMP-DL-183AD43C4C-R001205-30D5620D;IMP-DL-20E278E436-R001147-30D5620D;IMP-M2-1895C43FC6-R001205-30D5620D;IMP-M2-50B0B212DD-R001147-30D5620D	Downloads/theory-of-real-analysis.tex	L1205-L1211	MIGRATED	MIGRATED_PRIMARY_SOLUTION	IMP-DL-183AD43C4C-S029	Downloads/theory-of-real-analysis.tex	L1212-L1234	1		NO	PENDING_VISUAL_AUDIT	MIGRATED_TO_COMPANION	Reader-facing provenance suppressed; exact source lineage retained here.
CP-II-0107	SEM-30DDFB74FCB0	IMP-DL-15679DEE8D-P016	Sequences of Functions	II/11--II/15	READY_FOR_COMPANION_MIGRATION	IMP-DL-15679DEE8D-P016;IMP-DL-15679DEE8D-R002922-30DDFB74;IMP-DL-3CA1CB77F7-P016;IMP-DL-3CA1CB77F7-R002925-30DDFB74;IMP-DL-E0A96454A5-P016;IMP-DL-E0A96454A5-R002922-30DDFB74;IMP-M2-1D2863B81A-P016;IMP-M2-1D2863B81A-R002922-30DDFB74;IMP-M2-D47CB97304-P016;IMP-M2-D47CB97304-R002922-30DDFB74;IMP-M2-F08D4144EA-P016;IMP-M2-F08D4144EA-R002925-30DDFB74	Downloads/theory-of-analysis - Copy.tex	L2922-L2929	MIGRATED	NO_RECONCILED_SOLUTION				0		NO	PENDING_VISUAL_AUDIT	MIGRATED_TO_COMPANION	Reader-facing provenance suppressed; exact source lineage retained here.
CP-II-0108	SEM-31EE84F05559	IMP-DL-CB3C80FF97-P044	Metric and Topological Foundations	II/01--II/07	READY_FOR_COMPANION_MIGRATION	IMP-DL-CB3C80FF97-P044;IMP-M2-7B5A4788C1-P044	Downloads/theory-of-complex-analysis-topology.tex	L1652-L2733	MIGRATED	MIGRATED_PRIMARY_SOLUTION;ALTERNATE_VARIANTS_RETAINED_IN_PROVENANCE	IMP-DL-CB3C80FF97-S024	Downloads/theory-of-complex-analysis-topology.tex	L2376-L2438	5	IMP-DL-CB3C80FF97-S022;IMP-DL-CB3C80FF97-S020;IMP-DL-CB3C80FF97-S023;IMP-DL-CB3C80FF97-S021	NO	PENDING_VISUAL_AUDIT	MIGRATED_TO_COMPANION	Reader-facing provenance suppressed; exact source lineage retained here.
CP-II-0109	SEM-3210CAF7D9AA	IMP-DL-07D84009EA-P013	Sequences of Functions	II/11--II/15	PLACEMENT_REVIEW_REQUIRED	IMP-DL-07D84009EA-P013;IMP-DL-162DBE4483-P013;IMP-DL-183AD43C4C-P013;IMP-DL-20E278E436-P013;IMP-DL-68F65EDA24-P013;IMP-DL-890EB1F6EA-P013;IMP-DL-995E0CD19D-P013;IMP-DL-E69AEC0DA9-P013;IMP-M2-0EAC31ED0B-P013;IMP-M2-1403D223C9-P013;IMP-M2-1750FF4FF7-P013;IMP-M2-1895C43FC6-P013;IMP-M2-50B0B212DD-P013;IMP-M2-6D7FCEA253-P013;IMP-M2-9CEC4F97B5-P013;IMP-M2-BC23C57F39-P013	Downloads/merged_exercises_corrected (1).tex	L147-L157	MIGRATED	NO_RECONCILED_SOLUTION				0		NO	PENDING_VISUAL_AUDIT	MIGRATED_TO_COMPANION	Reader-facing provenance suppressed; exact source lineage retained here.
CP-II-0110	SEM-32D51DB010BC	IMP-DL-E532B44856-P031	Sequences of Functions	II/11--II/15	PLACEMENT_REVIEW_REQUIRED	IMP-DL-E532B44856-P031;IMP-M2-C037D998D4-P031	Downloads/theory-of-analysis-functions-II.tex	L3029-L3160	MIGRATED	NO_RECONCILED_SOLUTION				0		NO	PENDING_VISUAL_AUDIT	MIGRATED_TO_COMPANION	Reader-facing provenance suppressed; exact source lineage retained here.
CP-II-0111	SEM-32E2827C8880	IMP-DL-117191C0EC-P059	Approximation	II/20--II/25	READY_FOR_COMPANION_MIGRATION	IMP-DL-117191C0EC-P059;IMP-M2-40A546CAA2-P059	Downloads/theory-of-analysis-topics.tex	L4880-L4896	MIGRATED	MIGRATED_PRIMARY_SOLUTION	IMP-DL-117191C0EC-S029	Downloads/theory-of-analysis-topics.tex	L4897-L4913	1		NO	PENDING_VISUAL_AUDIT	MIGRATED_TO_COMPANION	Reader-facing provenance suppressed; exact source lineage retained here.
CP-II-0112	SEM-33427BA4793F	IMP-DL-117191C0EC-P012	Fixed Points and Differential Equations	II/16--II/19	READY_FOR_COMPANION_MIGRATION	IMP-DL-117191C0EC-P012;IMP-M2-40A546CAA2-P012	Downloads/theory-of-analysis-topics.tex	L1036-L1051	MIGRATED	NO_RECONCILED_SOLUTION				0		NO	PENDING_VISUAL_AUDIT	MIGRATED_TO_COMPANION	Reader-facing provenance suppressed; exact source lineage retained here.
CP-II-0113	SEM-34040DA83353	IMP-DL-316AE183C3-P034	Sequences of Functions	II/11--II/15	PLACEMENT_REVIEW_REQUIRED	IMP-DL-316AE183C3-P034;IMP-M2-303BB87ACE-P034	Downloads/theory-of-analysis-functions.tex	L2249-L2253	MIGRATED	NO_RECONCILED_SOLUTION				0		NO	PENDING_VISUAL_AUDIT	MIGRATED_TO_COMPANION	Reader-facing provenance suppressed; exact source lineage retained here.
CP-II-0114	SEM-342CDE71220E	IMP-DL-CB3C80FF97-P022	Metric and Topological Foundations	II/01--II/07	READY_FOR_COMPANION_MIGRATION	IMP-DL-CB3C80FF97-P022;IMP-M2-7B5A4788C1-P022	Downloads/theory-of-complex-analysis-topology.tex	L941-L955	MIGRATED	MIGRATED_PRIMARY_SOLUTION;ALTERNATE_VARIANTS_RETAINED_IN_PROVENANCE	IMP-DL-CB3C80FF97-S016	Downloads/theory-of-complex-analysis-topology.tex	L961-L965	2	IMP-DL-CB3C80FF97-S015	NO	PENDING_VISUAL_AUDIT	MIGRATED_TO_COMPANION	Reader-facing provenance suppressed; exact source lineage retained here.
CP-II-0115	SEM-34ABEC497441	IMP-DL-183AD43C4C-R001054-34ABEC49	Sequences of Functions	II/11--II/15	READY_FOR_COMPANION_MIGRATION	IMP-DL-183AD43C4C-R001054-34ABEC49;IMP-DL-20E278E436-R000996-34ABEC49;IMP-M2-1895C43FC6-R001054-34ABEC49;IMP-M2-50B0B212DD-R000996-34ABEC49	Downloads/theory-of-real-analysis.tex	L1054-L1068	MIGRATED	MIGRATED_PRIMARY_SOLUTION	IMP-DL-183AD43C4C-S025	Downloads/theory-of-real-analysis.tex	L1069-L1094	1		NO	PENDING_VISUAL_AUDIT	MIGRATED_TO_COMPANION	Reader-facing provenance suppressed; exact source lineage retained here.
CP-II-0116	SEM-34FB7F907158	IMP-DL-11EDF39EA7-P017	Sequences of Functions	II/11--II/15	PLACEMENT_REVIEW_REQUIRED	IMP-DL-11EDF39EA7-P017;IMP-M2-68556E3D88-P017	Downloads/theory-of-analysis-FD2.tex	L2938-L2991	MIGRATED	MIGRATED_PRIMARY_SOLUTION	IMP-DL-11EDF39EA7-S013	Downloads/theory-of-analysis-FD2.tex	L2992-L3121	1		CANDIDATE	PENDING_VISUAL_AUDIT	MIGRATED_TO_COMPANION	Reader-facing provenance suppressed; exact source lineage retained here.
CP-II-0117	SEM-35E23954216B	IMP-DL-E532B44856-P027	Calculus	II/08--II/10	READY_FOR_COMPANION_MIGRATION	IMP-DL-E532B44856-P027;IMP-M2-C037D998D4-P027	Downloads/theory-of-analysis-functions-II.tex	L2737-L2747	MIGRATED	MIGRATED_PRIMARY_SOLUTION	IMP-DL-E532B44856-S011	Downloads/theory-of-analysis-functions-II.tex	L2748-L2777	1		NO	PENDING_VISUAL_AUDIT	MIGRATED_TO_COMPANION	Reader-facing provenance suppressed; exact source lineage retained here.
CP-II-0118	SEM-3614A78F5F44	IMP-DL-2370D81D66-P014	Sequences of Functions	II/11--II/15	PLACEMENT_REVIEW_REQUIRED	IMP-DL-2370D81D66-P014;IMP-M2-D036BAB254-P014	Downloads/theory-of-analysis-FD.tex	L3246-L3269	MIGRATED	MIGRATED_PRIMARY_SOLUTION	IMP-DL-2370D81D66-S007	Downloads/theory-of-analysis-FD.tex	L3270-L3333	1		NO	PENDING_VISUAL_AUDIT	MIGRATED_TO_COMPANION	Reader-facing provenance suppressed; exact source lineage retained here.
CP-II-0119	SEM-37265362BB2E	IMP-DL-15679DEE8D-P007	Fixed Points and Differential Equations	II/16--II/19	READY_FOR_COMPANION_MIGRATION	IMP-DL-15679DEE8D-P007;IMP-DL-3CA1CB77F7-P007;IMP-DL-E0A96454A5-P007;IMP-M2-1D2863B81A-P007;IMP-M2-D47CB97304-P007;IMP-M2-F08D4144EA-P007	Downloads/theory-of-analysis - Copy.tex	L784-L797	MIGRATED	MIGRATED_PRIMARY_SOLUTION	IMP-DL-E0A96454A5-S013	Downloads/theory-of-analysis.tex	L798-L819	1		NO	PENDING_VISUAL_AUDIT	MIGRATED_TO_COMPANION	Reader-facing provenance suppressed; exact source lineage retained here.
CP-II-0120	SEM-373791AF63A3	IMP-DL-2370D81D66-P032	Sequences of Functions	II/11--II/15	PLACEMENT_REVIEW_REQUIRED	IMP-DL-2370D81D66-P032;IMP-M2-D036BAB254-P032	Downloads/theory-of-analysis-FD.tex	L4296-L4325	MIGRATED	NO_RECONCILED_SOLUTION				0		YES	SOURCE_PRESENT_REVIEW_LATER	MIGRATED_TO_COMPANION	Reader-facing provenance suppressed; exact source lineage retained here.
CP-II-0121	SEM-37B61858D959	IMP-DL-2370D81D66-P080	Sequences of Functions	II/11--II/15	PLACEMENT_REVIEW_REQUIRED	IMP-DL-2370D81D66-P080;IMP-M2-D036BAB254-P080	Downloads/theory-of-analysis-FD.tex	L6098-L6103	MIGRATED	NO_RECONCILED_SOLUTION				0		NO	PENDING_VISUAL_AUDIT	MIGRATED_TO_COMPANION	Reader-facing provenance suppressed; exact source lineage retained here.
CP-II-0122	SEM-37DACB3E4DF8	IMP-DL-117191C0EC-P052	Metric and Topological Foundations	II/01--II/07	READY_FOR_COMPANION_MIGRATION	IMP-DL-117191C0EC-P052;IMP-M2-40A546CAA2-P052	Downloads/theory-of-analysis-topics.tex	L4530-L4629	MIGRATED	NO_RECONCILED_SOLUTION				0		CANDIDATE	PENDING_VISUAL_AUDIT	MIGRATED_TO_COMPANION	Reader-facing provenance suppressed; exact source lineage retained here.
CP-II-0123	SEM-385357D080B8	IMP-DL-873C6F4098-P098	Sequences of Functions	II/11--II/15	PLACEMENT_REVIEW_REQUIRED	IMP-DL-873C6F4098-P098;IMP-M2-CFC28ED568-P098	Downloads/theory-of-analysis-II.tex	L3576-L3577	MIGRATED	NO_RECONCILED_SOLUTION				0		NO	PENDING_VISUAL_AUDIT	MIGRATED_TO_COMPANION	Reader-facing provenance suppressed; exact source lineage retained here.
CP-II-0124	SEM-38729E5C45C0	IMP-DL-873C6F4098-P051	Sequences of Functions	II/11--II/15	PLACEMENT_REVIEW_REQUIRED	IMP-DL-873C6F4098-P051;IMP-M2-CFC28ED568-P051	Downloads/theory-of-analysis-II.tex	L1672-L1672	MIGRATED	NO_RECONCILED_SOLUTION				0		NO	PENDING_VISUAL_AUDIT	MIGRATED_TO_COMPANION	Reader-facing provenance suppressed; exact source lineage retained here.
CP-II-0125	SEM-390348A87A68	IMP-DL-316AE183C3-P045	Sequences of Functions	II/11--II/15	PLACEMENT_REVIEW_REQUIRED	IMP-DL-316AE183C3-P045;IMP-M2-303BB87ACE-P045	Downloads/theory-of-analysis-functions.tex	L2483-L2488	MIGRATED	MIGRATED_PRIMARY_SOLUTION	IMP-DL-316AE183C3-S006	Downloads/theory-of-analysis-functions.tex	L2489-L2501	1		NO	PENDING_VISUAL_AUDIT	MIGRATED_TO_COMPANION	Reader-facing provenance suppressed; exact source lineage retained here.
CP-II-0126	SEM-3939364119AD	IMP-DL-11EDF39EA7-P015	Sequences of Functions	II/11--II/15	PLACEMENT_REVIEW_REQUIRED	IMP-DL-11EDF39EA7-P015;IMP-M2-68556E3D88-P015	Downloads/theory-of-analysis-FD2.tex	L2798-L2807	MIGRATED	MIGRATED_PRIMARY_SOLUTION	IMP-DL-11EDF39EA7-S012	Downloads/theory-of-analysis-FD2.tex	L2808-L2866	1		NO	PENDING_VISUAL_AUDIT	MIGRATED_TO_COMPANION	Reader-facing provenance suppressed; exact source lineage retained here.
CP-II-0127	SEM-3A1EF35BA6E4	IMP-DL-E532B44856-P001	Metric and Topological Foundations	II/01--II/07	READY_FOR_COMPANION_MIGRATION	IMP-DL-E532B44856-P001;IMP-M2-C037D998D4-P001	Downloads/theory-of-analysis-functions-II.tex	L98-L263	MIGRATED	NO_RECONCILED_SOLUTION				0		NO	PENDING_VISUAL_AUDIT	MIGRATED_TO_COMPANION	Reader-facing provenance suppressed; exact source lineage retained here.
CP-II-0128	SEM-3C19B5351C66	IMP-DL-183AD43C4C-R002004-3C19B535	Sequences of Functions	II/11--II/15	PLACEMENT_REVIEW_REQUIRED	IMP-DL-183AD43C4C-R002004-3C19B535;IMP-DL-20E278E436-R001946-3C19B535;IMP-M2-1895C43FC6-R002004-3C19B535;IMP-M2-50B0B212DD-R001946-3C19B535	Downloads/theory-of-real-analysis.tex	L2004-L2011	MIGRATED	MIGRATED_PRIMARY_SOLUTION	IMP-DL-183AD43C4C-S052	Downloads/theory-of-real-analysis.tex	L2012-L2022	1		NO	PENDING_VISUAL_AUDIT	MIGRATED_TO_COMPANION	Reader-facing provenance suppressed; exact source lineage retained here.
CP-II-0129	SEM-3C7375177B68	IMP-DL-183AD43C4C-P021	Calculus	II/08--II/10	READY_FOR_COMPANION_MIGRATION	IMP-DL-183AD43C4C-P021;IMP-DL-20E278E436-P021;IMP-M2-1895C43FC6-P021;IMP-M2-50B0B212DD-P021	Downloads/theory-of-real-analysis.tex	L477-L556	MIGRATED	MIGRATED_PRIMARY_SOLUTION;ALTERNATE_VARIANTS_RETAINED_IN_PROVENANCE	IMP-DL-183AD43C4C-S006	Downloads/theory-of-real-analysis.tex	L515-L519	3	IMP-DL-183AD43C4C-S008;IMP-DL-183AD43C4C-S007	CANDIDATE	PENDING_VISUAL_AUDIT	MIGRATED_TO_COMPANION	Reader-facing provenance suppressed; exact source lineage retained here.
CP-II-0130	SEM-3CA8A42B6349	IMP-DL-873C6F4098-P068	Metric and Topological Foundations	II/01--II/07	READY_FOR_COMPANION_MIGRATION	IMP-DL-873C6F4098-P068;IMP-M2-CFC28ED568-P068	Downloads/theory-of-analysis-II.tex	L2448-L2452	MIGRATED	MIGRATED_PRIMARY_SOLUTION	IMP-DL-873C6F4098-S014	Downloads/theory-of-analysis-II.tex	L2453-L2472	1		NO	PENDING_VISUAL_AUDIT	MIGRATED_TO_COMPANION	Reader-facing provenance suppressed; exact source lineage retained here.
CP-II-0131	SEM-3CD2CA107ABD	IMP-DL-873C6F4098-P032	Metric and Topological Foundations	II/01--II/07	READY_FOR_COMPANION_MIGRATION	IMP-DL-873C6F4098-P032;IMP-M2-CFC28ED568-P032	Downloads/theory-of-analysis-II.tex	L1074-L1098	MIGRATED	NO_RECONCILED_SOLUTION				0		NO	PENDING_VISUAL_AUDIT	MIGRATED_TO_COMPANION	Reader-facing provenance suppressed; exact source lineage retained here.
CP-II-0132	SEM-3D8399EBA9B0	IMP-DL-873C6F4098-P105	Calculus	II/08--II/10	READY_FOR_COMPANION_MIGRATION	IMP-DL-873C6F4098-P105;IMP-M2-CFC28ED568-P105	Downloads/theory-of-analysis-II.tex	L3933-L3989	MIGRATED	NO_RECONCILED_SOLUTION				0		NO	PENDING_VISUAL_AUDIT	MIGRATED_TO_COMPANION	Reader-facing provenance suppressed; exact source lineage retained here.
CP-II-0133	SEM-3DA63F459DE4	IMP-DL-873C6F4098-P063	Metric and Topological Foundations	II/01--II/07	READY_FOR_COMPANION_MIGRATION	IMP-DL-873C6F4098-P063;IMP-M2-CFC28ED568-P063	Downloads/theory-of-analysis-II.tex	L2003-L2082	MIGRATED	NO_RECONCILED_SOLUTION				0		NO	PENDING_VISUAL_AUDIT	MIGRATED_TO_COMPANION	Reader-facing provenance suppressed; exact source lineage retained here.
CP-II-0134	SEM-3E0A3322CDFB	IMP-DL-2370D81D66-P058	Sequences of Functions	II/11--II/15	PLACEMENT_REVIEW_REQUIRED	IMP-DL-2370D81D66-P058;IMP-M2-D036BAB254-P058	Downloads/theory-of-analysis-FD.tex	L4801-L4809	MIGRATED	NO_RECONCILED_SOLUTION				0		NO	PENDING_VISUAL_AUDIT	MIGRATED_TO_COMPANION	Reader-facing provenance suppressed; exact source lineage retained here.
CP-II-0135	SEM-3E1C12DB9DDA	IMP-DL-EAE0F59552-PSR002979-3E1C12DB	Calculus	II/08--II/10	READY_FOR_COMPANION_MIGRATION	IMP-DL-EAE0F59552-PSR002979-3E1C12DB;IMP-M2-7EA9DA1D72-PSR002979-3E1C12DB	Downloads/theory-of-analysis-topology.tex	L2979-L3031	MIGRATED	NO_RECONCILED_SOLUTION				0		YES	SOURCE_PRESENT_REVIEW_LATER	MIGRATED_TO_COMPANION	Reader-facing provenance suppressed; exact source lineage retained here.
CP-II-0136	SEM-3E573B6DA63D	IMP-DL-EAE0F59552-P016	Metric and Topological Foundations	II/01--II/07	READY_FOR_COMPANION_MIGRATION	IMP-DL-EAE0F59552-P016;IMP-M2-7EA9DA1D72-P016	Downloads/theory-of-analysis-topology.tex	L1029-L1064	MIGRATED	NO_RECONCILED_SOLUTION				0		NO	PENDING_VISUAL_AUDIT	MIGRATED_TO_COMPANION	Reader-facing provenance suppressed; exact source lineage retained here.
CP-II-0137	SEM-3E9395642A2B	IMP-DL-E532B44856-P008	Metric and Topological Foundations	II/01--II/07	READY_FOR_COMPANION_MIGRATION	IMP-DL-E532B44856-P008;IMP-M2-C037D998D4-P008	Downloads/theory-of-analysis-functions-II.tex	L1254-L1281	MIGRATED	NO_RECONCILED_SOLUTION				0		NO	PENDING_VISUAL_AUDIT	MIGRATED_TO_COMPANION	Reader-facing provenance suppressed; exact source lineage retained here.
CP-II-0138	SEM-3EBBCA461141	IMP-DL-2370D81D66-P023	Metric and Topological Foundations	II/01--II/07	READY_FOR_COMPANION_MIGRATION	IMP-DL-2370D81D66-P023;IMP-M2-D036BAB254-P023	Downloads/theory-of-analysis-FD.tex	L3392-L3866	MIGRATED	NO_RECONCILED_SOLUTION				0		YES	SOURCE_PRESENT_REVIEW_LATER	MIGRATED_TO_COMPANION	Reader-facing provenance suppressed; exact source lineage retained here.
CP-II-0139	SEM-3EE85F862DE4	IMP-DL-873C6F4098-P097	Calculus	II/08--II/10	READY_FOR_COMPANION_MIGRATION	IMP-DL-873C6F4098-P097;IMP-M2-CFC28ED568-P097	Downloads/theory-of-analysis-II.tex	L3550-L3563	MIGRATED	MIGRATED_PRIMARY_SOLUTION	IMP-DL-873C6F4098-S026	Downloads/theory-of-analysis-II.tex	L3564-L3573	1		NO	PENDING_VISUAL_AUDIT	MIGRATED_TO_COMPANION	Reader-facing provenance suppressed; exact source lineage retained here.
CP-II-0140	SEM-3EF63326981B	IMP-DL-873C6F4098-P043	Sequences of Functions	II/11--II/15	PLACEMENT_REVIEW_REQUIRED	IMP-DL-873C6F4098-P043;IMP-M2-CFC28ED568-P043	Downloads/theory-of-analysis-II.tex	L1380-L1382	MIGRATED	NO_RECONCILED_SOLUTION				0		NO	PENDING_VISUAL_AUDIT	MIGRATED_TO_COMPANION	Reader-facing provenance suppressed; exact source lineage retained here.
CP-II-0141	SEM-3F09880F3B4C	IMP-DL-183AD43C4C-R000718-3F09880F	Sequences of Functions	II/11--II/15	PLACEMENT_REVIEW_REQUIRED	IMP-DL-183AD43C4C-R000718-3F09880F;IMP-DL-20E278E436-R000660-3F09880F;IMP-M2-1895C43FC6-R000718-3F09880F;IMP-M2-50B0B212DD-R000660-3F09880F	Downloads/theory-of-real-analysis.tex	L718-L747	MIGRATED	MIGRATED_PRIMARY_SOLUTION	IMP-DL-183AD43C4C-S016	Downloads/theory-of-real-analysis.tex	L748-L794	1		NO	PENDING_VISUAL_AUDIT	MIGRATED_TO_COMPANION	Reader-facing provenance suppressed; exact source lineage retained here.
CP-II-0142	SEM-3F9A051E058C	IMP-DL-2370D81D66-P055	Sequences of Functions	II/11--II/15	PLACEMENT_REVIEW_REQUIRED	IMP-DL-2370D81D66-P055;IMP-M2-D036BAB254-P055	Downloads/theory-of-analysis-FD.tex	L4781-L4782	MIGRATED	NO_RECONCILED_SOLUTION				0		NO	PENDING_VISUAL_AUDIT	MIGRATED_TO_COMPANION	Reader-facing provenance suppressed; exact source lineage retained here.
CP-II-0143	SEM-3FC77973B3DB	IMP-DL-3CA1CB77F7-P039	Approximation	II/20--II/25	READY_FOR_COMPANION_MIGRATION	IMP-DL-3CA1CB77F7-P039;IMP-DL-3CA1CB77F7-R004674-3FC77973;IMP-M2-F08D4144EA-P039;IMP-M2-F08D4144EA-R004674-3FC77973	Downloads/theory-of-analysis-numbers.tex	L4674-L4676	MIGRATED	MIGRATED_PRIMARY_SOLUTION	IMP-DL-3CA1CB77F7-S016	Downloads/theory-of-analysis-numbers.tex	L4678-L4709	1		NO	PENDING_VISUAL_AUDIT	MIGRATED_TO_COMPANION	Reader-facing provenance suppressed; exact source lineage retained here.
CP-II-0144	SEM-3FF2E0E54A5B	IMP-DL-183AD43C4C-R001724-3FF2E0E5	Sequences of Functions	II/11--II/15	PLACEMENT_REVIEW_REQUIRED	IMP-DL-183AD43C4C-R001724-3FF2E0E5;IMP-DL-20E278E436-R001666-3FF2E0E5;IMP-M2-1895C43FC6-R001724-3FF2E0E5;IMP-M2-50B0B212DD-R001666-3FF2E0E5	Downloads/theory-of-real-analysis.tex	L1724-L1726	MIGRATED	MIGRATED_PRIMARY_SOLUTION	IMP-DL-183AD43C4C-S040	Downloads/theory-of-real-analysis.tex	L1727-L1737	1		NO	PENDING_VISUAL_AUDIT	MIGRATED_TO_COMPANION	Reader-facing provenance suppressed; exact source lineage retained here.
CP-II-0145	SEM-3FFF8E756FF5	IMP-DL-316AE183C3-P040	Metric and Topological Foundations	II/01--II/07	READY_FOR_COMPANION_MIGRATION	IMP-DL-316AE183C3-P040;IMP-M2-303BB87ACE-P040	Downloads/theory-of-analysis-functions.tex	L2421-L2421	MIGRATED	NO_RECONCILED_SOLUTION				0		NO	PENDING_VISUAL_AUDIT	MIGRATED_TO_COMPANION	Reader-facing provenance suppressed; exact source lineage retained here.
CP-II-0146	SEM-400923D02F5C	IMP-DL-873C6F4098-P044	Metric and Topological Foundations	II/01--II/07	READY_FOR_COMPANION_MIGRATION	IMP-DL-873C6F4098-P044;IMP-M2-CFC28ED568-P044	Downloads/theory-of-analysis-II.tex	L1383-L1408	MIGRATED	NO_RECONCILED_SOLUTION				0		NO	PENDING_VISUAL_AUDIT	MIGRATED_TO_COMPANION	Reader-facing provenance suppressed; exact source lineage retained here.
CP-II-0147	SEM-404E62EDE2D4	IMP-DL-3CA1CB77F7-P048	Sequences of Functions	II/11--II/15	PLACEMENT_REVIEW_REQUIRED	IMP-DL-3CA1CB77F7-P048;IMP-DL-3CA1CB77F7-R005411-404E62ED;IMP-M2-F08D4144EA-P048;IMP-M2-F08D4144EA-R005411-404E62ED	Downloads/theory-of-analysis-numbers.tex	L5411-L5414	MIGRATED	MIGRATED_PRIMARY_SOLUTION	IMP-DL-3CA1CB77F7-S024	Downloads/theory-of-analysis-numbers.tex	L5416-L5430	1		NO	PENDING_VISUAL_AUDIT	MIGRATED_TO_COMPANION	Reader-facing provenance suppressed; exact source lineage retained here.
CP-II-0148	SEM-4085A8AA9ED5	IMP-DL-2370D81D66-P068	Sequences of Functions	II/11--II/15	PLACEMENT_REVIEW_REQUIRED	IMP-DL-2370D81D66-P068;IMP-M2-D036BAB254-P068	Downloads/theory-of-analysis-FD.tex	L5443-L5443	MIGRATED	NO_RECONCILED_SOLUTION				0		NO	PENDING_VISUAL_AUDIT	MIGRATED_TO_COMPANION	Reader-facing provenance suppressed; exact source lineage retained here.
CP-II-0149	SEM-40B1E89C3A41	IMP-DL-EAE0F59552-P010	Sequences of Functions	II/11--II/15	PLACEMENT_REVIEW_REQUIRED	IMP-DL-EAE0F59552-P010;IMP-DL-EAE0F59552-R000547-40B1E89C;IMP-M2-7EA9DA1D72-P010;IMP-M2-7EA9DA1D72-R000547-40B1E89C	Downloads/theory-of-analysis-topology.tex	L547-L559	MIGRATED	NO_RECONCILED_SOLUTION				0		NO	PENDING_VISUAL_AUDIT	MIGRATED_TO_COMPANION	Reader-facing provenance suppressed; exact source lineage retained here.
CP-II-0150	SEM-40DC2A7B1B05	IMP-DL-11EDF39EA7-P040	Sequences of Functions	II/11--II/15	PLACEMENT_REVIEW_REQUIRED	IMP-DL-11EDF39EA7-P040;IMP-M2-68556E3D88-P040	Downloads/theory-of-analysis-FD2.tex	L5653-L5662	MIGRATED	NO_RECONCILED_SOLUTION				0		NO	PENDING_VISUAL_AUDIT	MIGRATED_TO_COMPANION	Reader-facing provenance suppressed; exact source lineage retained here.
CP-II-0151	SEM-419CCE238399	IMP-DL-316AE183C3-P046	Sequences of Functions	II/11--II/15	PLACEMENT_REVIEW_REQUIRED	IMP-DL-316AE183C3-P046;IMP-M2-303BB87ACE-P046	Downloads/theory-of-analysis-functions.tex	L2547-L2548	MIGRATED	NO_RECONCILED_SOLUTION				0		NO	PENDING_VISUAL_AUDIT	MIGRATED_TO_COMPANION	Reader-facing provenance suppressed; exact source lineage retained here.
CP-II-0152	SEM-419D62D6DA4C	IMP-DL-873C6F4098-P006	Sequences of Functions	II/11--II/15	READY_FOR_COMPANION_MIGRATION	IMP-DL-873C6F4098-P006;IMP-M2-CFC28ED568-P006	Downloads/theory-of-analysis-II.tex	L343-L454	MIGRATED	NO_RECONCILED_SOLUTION				0		NO	PENDING_VISUAL_AUDIT	MIGRATED_TO_COMPANION	Reader-facing provenance suppressed; exact source lineage retained here.
CP-II-0153	SEM-41DE55B8CD75	IMP-DL-117191C0EC-P001	Metric and Topological Foundations	II/01--II/07	READY_FOR_COMPANION_MIGRATION	IMP-DL-117191C0EC-P001;IMP-M2-40A546CAA2-P001	Downloads/theory-of-analysis-topics.tex	L277-L474	MIGRATED	NO_RECONCILED_SOLUTION				0		NO	PENDING_VISUAL_AUDIT	MIGRATED_TO_COMPANION	Reader-facing provenance suppressed; exact source lineage retained here.
CP-II-0154	SEM-41F7BD44BC2B	IMP-DL-316AE183C3-P067	Sequences of Functions	II/11--II/15	PLACEMENT_REVIEW_REQUIRED	IMP-DL-316AE183C3-P067;IMP-M2-303BB87ACE-P067	Downloads/theory-of-analysis-functions.tex	L3489-L3490	MIGRATED	NO_RECONCILED_SOLUTION				0		NO	PENDING_VISUAL_AUDIT	MIGRATED_TO_COMPANION	Reader-facing provenance suppressed; exact source lineage retained here.
CP-II-0155	SEM-42167B9CB160	IMP-DL-EAE0F59552-PSR002479-42167B9C	Sequences of Functions	II/11--II/15	READY_FOR_COMPANION_MIGRATION	IMP-DL-EAE0F59552-PSR002479-42167B9C;IMP-M2-7EA9DA1D72-PSR002479-42167B9C	Downloads/theory-of-analysis-topology.tex	L2479-L2978	MIGRATED	NO_RECONCILED_SOLUTION				0		YES	SOURCE_PRESENT_REVIEW_LATER	MIGRATED_TO_COMPANION	Reader-facing provenance suppressed; exact source lineage retained here.
CP-II-0156	SEM-4238FFF50153	IMP-DL-183AD43C4C-R001154-4238FFF5	Sequences of Functions	II/11--II/15	PLACEMENT_REVIEW_REQUIRED	IMP-DL-183AD43C4C-R001154-4238FFF5;IMP-DL-20E278E436-R001096-4238FFF5;IMP-M2-1895C43FC6-R001154-4238FFF5;IMP-M2-50B0B212DD-R001096-4238FFF5	Downloads/theory-of-real-analysis.tex	L1154-L1160	MIGRATED	MIGRATED_PRIMARY_SOLUTION	IMP-DL-183AD43C4C-S027	Downloads/theory-of-real-analysis.tex	L1161-L1182	1		NO	PENDING_VISUAL_AUDIT	MIGRATED_TO_COMPANION	Reader-facing provenance suppressed; exact source lineage retained here.
CP-II-0157	SEM-42E053A98E51	IMP-DL-316AE183C3-P076	Sequences of Functions	II/11--II/15	PLACEMENT_REVIEW_REQUIRED	IMP-DL-316AE183C3-P076;IMP-M2-303BB87ACE-P076	Downloads/theory-of-analysis-functions.tex	L3530-L3531	MIGRATED	NO_RECONCILED_SOLUTION				0		NO	PENDING_VISUAL_AUDIT	MIGRATED_TO_COMPANION	Reader-facing provenance suppressed; exact source lineage retained here.
CP-II-0158	SEM-42F4EACA95A3	IMP-DL-E532B44856-P024	Sequences of Functions	II/11--II/15	PLACEMENT_REVIEW_REQUIRED	IMP-DL-E532B44856-P024;IMP-M2-C037D998D4-P024	Downloads/theory-of-analysis-functions-II.tex	L2661-L2674	MIGRATED	NO_RECONCILED_SOLUTION				0		NO	PENDING_VISUAL_AUDIT	MIGRATED_TO_COMPANION	Reader-facing provenance suppressed; exact source lineage retained here.
CP-II-0159	SEM-43311E3BDC32	IMP-DL-2370D81D66-SPR000869-43311E3B	Fixed Points and Differential Equations	II/16--II/19	READY_FOR_COMPANION_MIGRATION	IMP-DL-2370D81D66-SPR000869-43311E3B;IMP-M2-D036BAB254-SPR000869-43311E3B	Downloads/theory-of-analysis-FD.tex	L869-L951	MIGRATED	NO_RECONCILED_SOLUTION				0		YES	SOURCE_PRESENT_REVIEW_LATER	MIGRATED_TO_COMPANION	Reader-facing provenance suppressed; exact source lineage retained here.
CP-II-0160	SEM-434E260EDA12	IMP-DL-E532B44856-P015	Sequences of Functions	II/11--II/15	PLACEMENT_REVIEW_REQUIRED	IMP-DL-E532B44856-P015;IMP-M2-C037D998D4-P015	Downloads/theory-of-analysis-functions-II.tex	L2270-L2273	MIGRATED	MIGRATED_PRIMARY_SOLUTION	IMP-DL-E532B44856-S004	Downloads/theory-of-analysis-functions-II.tex	L2274-L2309	1		NO	PENDING_VISUAL_AUDIT	MIGRATED_TO_COMPANION	Reader-facing provenance suppressed; exact source lineage retained here.
CP-II-0161	SEM-4354068C61F4	IMP-DL-2370D81D66-P030	Sequences of Functions	II/11--II/15	PLACEMENT_REVIEW_REQUIRED	IMP-DL-2370D81D66-P030;IMP-M2-D036BAB254-P030	Downloads/theory-of-analysis-FD.tex	L4263-L4276	MIGRATED	NO_RECONCILED_SOLUTION				0		NO	PENDING_VISUAL_AUDIT	MIGRATED_TO_COMPANION	Reader-facing provenance suppressed; exact source lineage retained here.
CP-II-0162	SEM-435D6C0E7F03	IMP-DL-873C6F4098-P067	Metric and Topological Foundations	II/01--II/07	READY_FOR_COMPANION_MIGRATION	IMP-DL-873C6F4098-P067;IMP-M2-CFC28ED568-P067	Downloads/theory-of-analysis-II.tex	L2369-L2374	MIGRATED	MIGRATED_PRIMARY_SOLUTION	IMP-DL-873C6F4098-S013	Downloads/theory-of-analysis-II.tex	L2375-L2395	1		NO	PENDING_VISUAL_AUDIT	MIGRATED_TO_COMPANION	Reader-facing provenance suppressed; exact source lineage retained here.
CP-II-0163	SEM-4454A0989B4E	IMP-DL-15679DEE8D-P028	Approximation	II/20--II/25	READY_FOR_COMPANION_MIGRATION	IMP-DL-15679DEE8D-P028;IMP-DL-15679DEE8D-R003724-4454A098;IMP-DL-3CA1CB77F7-P028;IMP-DL-3CA1CB77F7-R003727-4454A098;IMP-DL-E0A96454A5-P028;IMP-DL-E0A96454A5-R003724-4454A098;IMP-M2-1D2863B81A-P028;IMP-M2-1D2863B81A-R003724-4454A098;IMP-M2-D47CB97304-P028;IMP-M2-D47CB97304-R003724-4454A098;IMP-M2-F08D4144EA-P028;IMP-M2-F08D4144EA-R003727-4454A098	Downloads/theory-of-analysis - Copy.tex	L3724-L3728	MIGRATED	NO_RECONCILED_SOLUTION				0		NO	PENDING_VISUAL_AUDIT	MIGRATED_TO_COMPANION	Reader-facing provenance suppressed; exact source lineage retained here.
CP-II-0164	SEM-44B2954F2A4F	IMP-DL-2370D81D66-P040	Sequences of Functions	II/11--II/15	PLACEMENT_REVIEW_REQUIRED	IMP-DL-2370D81D66-P040;IMP-M2-D036BAB254-P040	Downloads/theory-of-analysis-FD.tex	L4563-L4563	MIGRATED	NO_RECONCILED_SOLUTION				0		NO	PENDING_VISUAL_AUDIT	MIGRATED_TO_COMPANION	Reader-facing provenance suppressed; exact source lineage retained here.
CP-II-0165	SEM-44B985BC8A03	IMP-DL-316AE183C3-P036	Sequences of Functions	II/11--II/15	PLACEMENT_REVIEW_REQUIRED	IMP-DL-316AE183C3-P036;IMP-M2-303BB87ACE-P036	Downloads/theory-of-analysis-functions.tex	L2258-L2261	MIGRATED	NO_RECONCILED_SOLUTION				0		NO	PENDING_VISUAL_AUDIT	MIGRATED_TO_COMPANION	Reader-facing provenance suppressed; exact source lineage retained here.
CP-II-0166	SEM-469E0D1924A5	IMP-DL-2370D81D66-P081	Metric and Topological Foundations	II/01--II/07	READY_FOR_COMPANION_MIGRATION	IMP-DL-2370D81D66-P081;IMP-M2-D036BAB254-P081	Downloads/theory-of-analysis-FD.tex	L6169-L6184	MIGRATED	NO_RECONCILED_SOLUTION				0		NO	PENDING_VISUAL_AUDIT	MIGRATED_TO_COMPANION	Reader-facing provenance suppressed; exact source lineage retained here.
CP-II-0167	SEM-47048A6FAE05	IMP-DL-117191C0EC-P045	Sequences of Functions	II/11--II/15	READY_FOR_COMPANION_MIGRATION	IMP-DL-117191C0EC-P045;IMP-M2-40A546CAA2-P045	Downloads/theory-of-analysis-topics.tex	L4184-L4342	MIGRATED	NO_RECONCILED_SOLUTION				0		NO	PENDING_VISUAL_AUDIT	MIGRATED_TO_COMPANION	Reader-facing provenance suppressed; exact source lineage retained here.
CP-II-0168	SEM-47EA7F0AC3C2	IMP-DL-15679DEE8D-P019	Metric and Topological Foundations	II/01--II/07	READY_FOR_COMPANION_MIGRATION	IMP-DL-15679DEE8D-P019;IMP-DL-15679DEE8D-R003121-47EA7F0A;IMP-DL-3CA1CB77F7-P019;IMP-DL-3CA1CB77F7-R003124-47EA7F0A;IMP-DL-E0A96454A5-P019;IMP-DL-E0A96454A5-R003121-47EA7F0A;IMP-M2-1D2863B81A-P019;IMP-M2-1D2863B81A-R003121-47EA7F0A;IMP-M2-D47CB97304-P019;IMP-M2-D47CB97304-R003121-47EA7F0A;IMP-M2-F08D4144EA-P019;IMP-M2-F08D4144EA-R003124-47EA7F0A	Downloads/theory-of-analysis - Copy.tex	L3121-L3146	MIGRATED	NO_RECONCILED_SOLUTION				0		NO	PENDING_VISUAL_AUDIT	MIGRATED_TO_COMPANION	Reader-facing provenance suppressed; exact source lineage retained here.
CP-II-0169	SEM-47F21A36EE3F	IMP-DL-117191C0EC-P062	Sequences of Functions	II/11--II/15	PLACEMENT_REVIEW_REQUIRED	IMP-DL-117191C0EC-P062;IMP-M2-40A546CAA2-P062	Downloads/theory-of-analysis-topics.tex	L4945-L4949	MIGRATED	MIGRATED_PRIMARY_SOLUTION	IMP-DL-117191C0EC-S031	Downloads/theory-of-analysis-topics.tex	L4950-L4954	1		NO	PENDING_VISUAL_AUDIT	MIGRATED_TO_COMPANION	Reader-facing provenance suppressed; exact source lineage retained here.
CP-II-0170	SEM-48826DDF8FEE	IMP-DL-15679DEE8D-P027	Sequences of Functions	II/11--II/15	PLACEMENT_REVIEW_REQUIRED	IMP-DL-15679DEE8D-P027;IMP-DL-15679DEE8D-R003633-48826DDF;IMP-DL-3CA1CB77F7-P027;IMP-DL-3CA1CB77F7-R003636-48826DDF;IMP-DL-E0A96454A5-P027;IMP-DL-E0A96454A5-R003633-48826DDF;IMP-M2-1D2863B81A-P027;IMP-M2-1D2863B81A-R003633-48826DDF;IMP-M2-D47CB97304-P027;IMP-M2-D47CB97304-R003633-48826DDF;IMP-M2-F08D4144EA-P027;IMP-M2-F08D4144EA-R003636-48826DDF	Downloads/theory-of-analysis - Copy.tex	L3633-L3636	MIGRATED	NO_RECONCILED_SOLUTION				0		NO	PENDING_VISUAL_AUDIT	MIGRATED_TO_COMPANION	Reader-facing provenance suppressed; exact source lineage retained here.
CP-II-0171	SEM-4AAE98142612	IMP-DL-183AD43C4C-R001014-4AAE9814	Calculus	II/08--II/10	READY_FOR_COMPANION_MIGRATION	IMP-DL-183AD43C4C-R001014-4AAE9814;IMP-DL-20E278E436-R000956-4AAE9814;IMP-M2-1895C43FC6-R001014-4AAE9814;IMP-M2-50B0B212DD-R000956-4AAE9814	Downloads/theory-of-real-analysis.tex	L1014-L1031	MIGRATED	MIGRATED_PRIMARY_SOLUTION	IMP-DL-183AD43C4C-S024	Downloads/theory-of-real-analysis.tex	L1032-L1051	1		NO	PENDING_VISUAL_AUDIT	MIGRATED_TO_COMPANION	Reader-facing provenance suppressed; exact source lineage retained here.
CP-II-0172	SEM-4B2B736E2C2E	IMP-DL-183AD43C4C-R001784-4B2B736E	Calculus	II/08--II/10	READY_FOR_COMPANION_MIGRATION	IMP-DL-183AD43C4C-R001784-4B2B736E;IMP-DL-20E278E436-R001726-4B2B736E;IMP-M2-1895C43FC6-R001784-4B2B736E;IMP-M2-50B0B212DD-R001726-4B2B736E	Downloads/theory-of-real-analysis.tex	L1784-L1790	MIGRATED	MIGRATED_PRIMARY_SOLUTION	IMP-DL-183AD43C4C-S043	Downloads/theory-of-real-analysis.tex	L1791-L1798	1		NO	PENDING_VISUAL_AUDIT	MIGRATED_TO_COMPANION	Reader-facing provenance suppressed; exact source lineage retained here.
CP-II-0173	SEM-4BCE001CE1D2	IMP-DL-873C6F4098-P018	Sequences of Functions	II/11--II/15	PLACEMENT_REVIEW_REQUIRED	IMP-DL-873C6F4098-P018;IMP-M2-CFC28ED568-P018	Downloads/theory-of-analysis-II.tex	L739-L741	MIGRATED	NO_RECONCILED_SOLUTION				0		NO	PENDING_VISUAL_AUDIT	MIGRATED_TO_COMPANION	Reader-facing provenance suppressed; exact source lineage retained here.
CP-II-0174	SEM-4C4483F76CBD	IMP-DL-15679DEE8D-P021	Fixed Points and Differential Equations	II/16--II/19	READY_FOR_COMPANION_MIGRATION	IMP-DL-15679DEE8D-P021;IMP-DL-15679DEE8D-R003356-4C4483F7;IMP-DL-3CA1CB77F7-P021;IMP-DL-3CA1CB77F7-R003359-4C4483F7;IMP-DL-E0A96454A5-P021;IMP-DL-E0A96454A5-R003356-4C4483F7;IMP-M2-1D2863B81A-P021;IMP-M2-1D2863B81A-R003356-4C4483F7;IMP-M2-D47CB97304-P021;IMP-M2-D47CB97304-R003356-4C4483F7;IMP-M2-F08D4144EA-P021;IMP-M2-F08D4144EA-R003359-4C4483F7	Downloads/theory-of-analysis - Copy.tex	L3356-L3366	MIGRATED	NO_RECONCILED_SOLUTION				0		NO	PENDING_VISUAL_AUDIT	MIGRATED_TO_COMPANION	Reader-facing provenance suppressed; exact source lineage retained here.
CP-II-0175	SEM-4C6082A82B50	IMP-DL-873C6F4098-P034	Sequences of Functions	II/11--II/15	PLACEMENT_REVIEW_REQUIRED	IMP-DL-873C6F4098-P034;IMP-M2-CFC28ED568-P034	Downloads/theory-of-analysis-II.tex	L1109-L1121	MIGRATED	NO_RECONCILED_SOLUTION				0		NO	PENDING_VISUAL_AUDIT	MIGRATED_TO_COMPANION	Reader-facing provenance suppressed; exact source lineage retained here.
CP-II-0176	SEM-4CAA48970752	IMP-DL-117191C0EC-P005	Sequences of Functions	II/11--II/15	PLACEMENT_REVIEW_REQUIRED	IMP-DL-117191C0EC-P005;IMP-M2-40A546CAA2-P005	Downloads/theory-of-analysis-topics.tex	L574-L577	MIGRATED	NO_RECONCILED_SOLUTION				0		NO	PENDING_VISUAL_AUDIT	MIGRATED_TO_COMPANION	Reader-facing provenance suppressed; exact source lineage retained here.
CP-II-0177	SEM-4D2E53ECD956	IMP-DL-117191C0EC-P061	Sequences of Functions	II/11--II/15	PLACEMENT_REVIEW_REQUIRED	IMP-DL-117191C0EC-P061;IMP-M2-40A546CAA2-P061	Downloads/theory-of-analysis-topics.tex	L4929-L4938	MIGRATED	MIGRATED_PRIMARY_SOLUTION	IMP-DL-117191C0EC-S030	Downloads/theory-of-analysis-topics.tex	L4939-L4944	1		NO	PENDING_VISUAL_AUDIT	MIGRATED_TO_COMPANION	Reader-facing provenance suppressed; exact source lineage retained here.
CP-II-0178	SEM-4DAAC86D67D3	IMP-DL-2370D81D66-P079	Sequences of Functions	II/11--II/15	PLACEMENT_REVIEW_REQUIRED	IMP-DL-2370D81D66-P079;IMP-M2-D036BAB254-P079	Downloads/theory-of-analysis-FD.tex	L6092-L6097	MIGRATED	NO_RECONCILED_SOLUTION				0		NO	PENDING_VISUAL_AUDIT	MIGRATED_TO_COMPANION	Reader-facing provenance suppressed; exact source lineage retained here.
CP-II-0179	SEM-4DDA521D83F3	IMP-DL-316AE183C3-P021	Sequences of Functions	II/11--II/15	PLACEMENT_REVIEW_REQUIRED	IMP-DL-316AE183C3-P021;IMP-M2-303BB87ACE-P021	Downloads/theory-of-analysis-functions.tex	L2064-L2064	MIGRATED	NO_RECONCILED_SOLUTION				0		NO	PENDING_VISUAL_AUDIT	MIGRATED_TO_COMPANION	Reader-facing provenance suppressed; exact source lineage retained here.
CP-II-0180	SEM-4E13AE6414C5	IMP-DL-E532B44856-P007	Metric and Topological Foundations	II/01--II/07	READY_FOR_COMPANION_MIGRATION	IMP-DL-E532B44856-P007;IMP-M2-C037D998D4-P007	Downloads/theory-of-analysis-functions-II.tex	L1214-L1253	MIGRATED	NO_RECONCILED_SOLUTION				0		NO	PENDING_VISUAL_AUDIT	MIGRATED_TO_COMPANION	Reader-facing provenance suppressed; exact source lineage retained here.
CP-II-0181	SEM-4E27A8A6DC4A	IMP-DL-873C6F4098-P050	Sequences of Functions	II/11--II/15	PLACEMENT_REVIEW_REQUIRED	IMP-DL-873C6F4098-P050;IMP-M2-CFC28ED568-P050	Downloads/theory-of-analysis-II.tex	L1644-L1651	MIGRATED	MIGRATED_PRIMARY_SOLUTION	IMP-DL-873C6F4098-S011	Downloads/theory-of-analysis-II.tex	L1652-L1667	1		NO	PENDING_VISUAL_AUDIT	MIGRATED_TO_COMPANION	Reader-facing provenance suppressed; exact source lineage retained here.
CP-II-0182	SEM-4E8780081E97	IMP-DL-117191C0EC-P030	Fixed Points and Differential Equations	II/16--II/19	READY_FOR_COMPANION_MIGRATION	IMP-DL-117191C0EC-P030;IMP-M2-40A546CAA2-P030	Downloads/theory-of-analysis-topics.tex	L2978-L3008	MIGRATED	MIGRATED_PRIMARY_SOLUTION	IMP-DL-117191C0EC-S019	Downloads/theory-of-analysis-topics.tex	L3009-L3028	1		NO	PENDING_VISUAL_AUDIT	MIGRATED_TO_COMPANION	Reader-facing provenance suppressed; exact source lineage retained here.
CP-II-0183	SEM-4F887665D59A	IMP-DL-316AE183C3-P028	Sequences of Functions	II/11--II/15	PLACEMENT_REVIEW_REQUIRED	IMP-DL-316AE183C3-P028;IMP-M2-303BB87ACE-P028	Downloads/theory-of-analysis-functions.tex	L2103-L2156	MIGRATED	MIGRATED_PRIMARY_SOLUTION	IMP-DL-316AE183C3-S004	Downloads/theory-of-analysis-functions.tex	L2110-L2164	1		NO	PENDING_VISUAL_AUDIT	MIGRATED_TO_COMPANION	Reader-facing provenance suppressed; exact source lineage retained here.
CP-II-0184	SEM-4F8EDCD6FD62	IMP-DL-EAE0F59552-PSR002253-4F8EDCD6	Calculus	II/08--II/10	READY_FOR_COMPANION_MIGRATION	IMP-DL-EAE0F59552-PSR002253-4F8EDCD6;IMP-M2-7EA9DA1D72-PSR002253-4F8EDCD6	Downloads/theory-of-analysis-topology.tex	L2253-L2280	MIGRATED	MIGRATED_PRIMARY_SOLUTION	IMP-DL-EAE0F59552-S011	Downloads/theory-of-analysis-topology.tex	L2281-L2337	1		YES	SOURCE_PRESENT_REVIEW_LATER	MIGRATED_TO_COMPANION	Reader-facing provenance suppressed; exact source lineage retained here.
CP-II-0185	SEM-4F95BE70D4E1	IMP-DL-873C6F4098-P049	Metric and Topological Foundations	II/01--II/07	READY_FOR_COMPANION_MIGRATION	IMP-DL-873C6F4098-P049;IMP-M2-CFC28ED568-P049	Downloads/theory-of-analysis-II.tex	L1583-L1643	MIGRATED	NO_RECONCILED_SOLUTION				0		NO	PENDING_VISUAL_AUDIT	MIGRATED_TO_COMPANION	Reader-facing provenance suppressed; exact source lineage retained here.
CP-II-0186	SEM-4F970D5E7B81	IMP-DL-2370D81D66-P054	Sequences of Functions	II/11--II/15	PLACEMENT_REVIEW_REQUIRED	IMP-DL-2370D81D66-P054;IMP-M2-D036BAB254-P054	Downloads/theory-of-analysis-FD.tex	L4774-L4780	MIGRATED	NO_RECONCILED_SOLUTION				0		NO	PENDING_VISUAL_AUDIT	MIGRATED_TO_COMPANION	Reader-facing provenance suppressed; exact source lineage retained here.
CP-II-0187	SEM-509B88AF5248	IMP-DL-183AD43C4C-R001096-509B88AF	Sequences of Functions	II/11--II/15	PLACEMENT_REVIEW_REQUIRED	IMP-DL-183AD43C4C-R001096-509B88AF;IMP-DL-183AD43C4C-R001284-509B88AF;IMP-DL-20E278E436-R001038-509B88AF;IMP-DL-20E278E436-R001226-509B88AF;IMP-M2-1895C43FC6-R001096-509B88AF;IMP-M2-1895C43FC6-R001284-509B88AF;IMP-M2-50B0B212DD-R001038-509B88AF;IMP-M2-50B0B212DD-R001226-509B88AF	Downloads/theory-of-real-analysis.tex	L1096-L1121	MIGRATED	MIGRATED_PRIMARY_SOLUTION	IMP-DL-183AD43C4C-S032	Downloads/theory-of-real-analysis.tex	L1310-L1339	1		NO	PENDING_VISUAL_AUDIT	MIGRATED_TO_COMPANION	Reader-facing provenance suppressed; exact source lineage retained here.
CP-II-0188	SEM-5106A96091DE	IMP-DL-2370D81D66-P075	Sequences of Functions	II/11--II/15	PLACEMENT_REVIEW_REQUIRED	IMP-DL-2370D81D66-P075;IMP-M2-D036BAB254-P075	Downloads/theory-of-analysis-FD.tex	L5773-L5788	MIGRATED	NO_RECONCILED_SOLUTION				0		YES	SOURCE_PRESENT_REVIEW_LATER	MIGRATED_TO_COMPANION	Reader-facing provenance suppressed; exact source lineage retained here.
CP-II-0189	SEM-518E6E00525D	IMP-DL-873C6F4098-P027	Sequences of Functions	II/11--II/15	PLACEMENT_REVIEW_REQUIRED	IMP-DL-873C6F4098-P027;IMP-M2-CFC28ED568-P027	Downloads/theory-of-analysis-II.tex	L900-L910	MIGRATED	NO_RECONCILED_SOLUTION				0		NO	PENDING_VISUAL_AUDIT	MIGRATED_TO_COMPANION	Reader-facing provenance suppressed; exact source lineage retained here.
CP-II-0190	SEM-51C57284C4C3	IMP-DL-183AD43C4C-R000971-51C57284	Calculus	II/08--II/10	READY_FOR_COMPANION_MIGRATION	IMP-DL-183AD43C4C-R000971-51C57284;IMP-DL-20E278E436-R000913-51C57284;IMP-M2-1895C43FC6-R000971-51C57284;IMP-M2-50B0B212DD-R000913-51C57284	Downloads/theory-of-real-analysis.tex	L971-L988	MIGRATED	MIGRATED_PRIMARY_SOLUTION	IMP-DL-183AD43C4C-S023	Downloads/theory-of-real-analysis.tex	L989-L1012	1		NO	PENDING_VISUAL_AUDIT	MIGRATED_TO_COMPANION	Reader-facing provenance suppressed; exact source lineage retained here.
CP-II-0191	SEM-52113F3BADF3	IMP-DL-EAE0F59552-PSR001859-52113F3B	Metric and Topological Foundations	II/01--II/07	READY_FOR_COMPANION_MIGRATION	IMP-DL-EAE0F59552-PSR001859-52113F3B;IMP-M2-7EA9DA1D72-PSR001859-52113F3B	Downloads/theory-of-analysis-topology.tex	L1859-L1876	MIGRATED	NO_RECONCILED_SOLUTION				0		YES	SOURCE_PRESENT_REVIEW_LATER	MIGRATED_TO_COMPANION	Reader-facing provenance suppressed; exact source lineage retained here.
CP-II-0192	SEM-5231528C993F	IMP-DL-11EDF39EA7-P002	Sequences of Functions	II/11--II/15	PLACEMENT_REVIEW_REQUIRED	IMP-DL-11EDF39EA7-P002;IMP-M2-68556E3D88-P002	Downloads/theory-of-analysis-FD2.tex	L448-L452	MIGRATED	NO_RECONCILED_SOLUTION				0		NO	PENDING_VISUAL_AUDIT	MIGRATED_TO_COMPANION	Reader-facing provenance suppressed; exact source lineage retained here.
CP-II-0193	SEM-526A38FF40C6	IMP-DL-117191C0EC-P054	Sequences of Functions	II/11--II/15	PLACEMENT_REVIEW_REQUIRED	IMP-DL-117191C0EC-P054;IMP-M2-40A546CAA2-P054	Downloads/theory-of-analysis-topics.tex	L4654-L4660	MIGRATED	MIGRATED_PRIMARY_SOLUTION	IMP-DL-117191C0EC-S025	Downloads/theory-of-analysis-topics.tex	L4661-L4666	1		NO	PENDING_VISUAL_AUDIT	MIGRATED_TO_COMPANION	Reader-facing provenance suppressed; exact source lineage retained here.
CP-II-0194	SEM-528A4C04E5AE	IMP-DL-316AE183C3-P059	Sequences of Functions	II/11--II/15	PLACEMENT_REVIEW_REQUIRED	IMP-DL-316AE183C3-P059;IMP-M2-303BB87ACE-P059	Downloads/theory-of-analysis-functions.tex	L3366-L3368	MIGRATED	NO_RECONCILED_SOLUTION				0		NO	PENDING_VISUAL_AUDIT	MIGRATED_TO_COMPANION	Reader-facing provenance suppressed; exact source lineage retained here.
CP-II-0195	SEM-53B259AB7523	IMP-DL-316AE183C3-P038	Sequences of Functions	II/11--II/15	PLACEMENT_REVIEW_REQUIRED	IMP-DL-316AE183C3-P038;IMP-M2-303BB87ACE-P038	Downloads/theory-of-analysis-functions.tex	L2334-L2335	MIGRATED	NO_RECONCILED_SOLUTION				0		NO	PENDING_VISUAL_AUDIT	MIGRATED_TO_COMPANION	Reader-facing provenance suppressed; exact source lineage retained here.
CP-II-0196	SEM-53E4BBEC3C5C	IMP-DL-11EDF39EA7-P003	Sequences of Functions	II/11--II/15	PLACEMENT_REVIEW_REQUIRED	IMP-DL-11EDF39EA7-P003;IMP-M2-68556E3D88-P003	Downloads/theory-of-analysis-FD2.tex	L453-L457	MIGRATED	NO_RECONCILED_SOLUTION				0		NO	PENDING_VISUAL_AUDIT	MIGRATED_TO_COMPANION	Reader-facing provenance suppressed; exact source lineage retained here.
CP-II-0197	SEM-53F5A3E303F4	IMP-DL-117191C0EC-P031	Fixed Points and Differential Equations	II/16--II/19	READY_FOR_COMPANION_MIGRATION	IMP-DL-117191C0EC-P031;IMP-M2-40A546CAA2-P031	Downloads/theory-of-analysis-topics.tex	L3045-L3081	MIGRATED	MIGRATED_PRIMARY_SOLUTION	IMP-DL-117191C0EC-S020	Downloads/theory-of-analysis-topics.tex	L3082-L3098	1		NO	PENDING_VISUAL_AUDIT	MIGRATED_TO_COMPANION	Reader-facing provenance suppressed; exact source lineage retained here.
CP-II-0198	SEM-5434EC9525B5	IMP-DL-3CA1CB77F7-P045	Approximation	II/20--II/25	READY_FOR_COMPANION_MIGRATION	IMP-DL-3CA1CB77F7-P045;IMP-DL-3CA1CB77F7-R004947-5434EC95;IMP-M2-F08D4144EA-P045;IMP-M2-F08D4144EA-R004947-5434EC95	Downloads/theory-of-analysis-numbers.tex	L4947-L4958	MIGRATED	MIGRATED_PRIMARY_SOLUTION	IMP-DL-3CA1CB77F7-S021	Downloads/theory-of-analysis-numbers.tex	L4960-L4988	1		NO	PENDING_VISUAL_AUDIT	MIGRATED_TO_COMPANION	Reader-facing provenance suppressed; exact source lineage retained here.
CP-II-0199	SEM-54A4A7C021F2	IMP-DL-316AE183C3-P041	Sequences of Functions	II/11--II/15	PLACEMENT_REVIEW_REQUIRED	IMP-DL-316AE183C3-P041;IMP-M2-303BB87ACE-P041	Downloads/theory-of-analysis-functions.tex	L2422-L2422	MIGRATED	NO_RECONCILED_SOLUTION				0		NO	PENDING_VISUAL_AUDIT	MIGRATED_TO_COMPANION	Reader-facing provenance suppressed; exact source lineage retained here.
CP-II-0200	SEM-5528590DDF80	IMP-DL-890EB1F6EA-P018	Sequences of Functions	II/11--II/15	PLACEMENT_REVIEW_REQUIRED	IMP-DL-890EB1F6EA-P018;IMP-M2-6D7FCEA253-P018	Downloads/merged_exercises_FULL_v2.tex	L309-L323	MIGRATED	MIGRATED_PRIMARY_SOLUTION	IMP-DL-890EB1F6EA-S001	Downloads/merged_exercises_FULL_v2.tex	L313-L315	1		NO	PENDING_VISUAL_AUDIT	MIGRATED_TO_COMPANION	Reader-facing provenance suppressed; exact source lineage retained here.
CP-II-0201	SEM-55AE026B26D1	IMP-DL-3CA1CB77F7-P040	Sequences of Functions	II/11--II/15	PLACEMENT_REVIEW_REQUIRED	IMP-DL-3CA1CB77F7-P040;IMP-DL-3CA1CB77F7-R004712-55AE026B;IMP-M2-F08D4144EA-P040;IMP-M2-F08D4144EA-R004712-55AE026B	Downloads/theory-of-analysis-numbers.tex	L4712-L4726	MIGRATED	NO_RECONCILED_SOLUTION				0		NO	PENDING_VISUAL_AUDIT	MIGRATED_TO_COMPANION	Reader-facing provenance suppressed; exact source lineage retained here.
CP-II-0202	SEM-56A0F0C18CBD	IMP-DL-183AD43C4C-R000904-56A0F0C1	Calculus	II/08--II/10	READY_FOR_COMPANION_MIGRATION	IMP-DL-183AD43C4C-R000904-56A0F0C1;IMP-DL-20E278E436-R000846-56A0F0C1;IMP-M2-1895C43FC6-R000904-56A0F0C1;IMP-M2-50B0B212DD-R000846-56A0F0C1	Downloads/theory-of-real-analysis.tex	L904-L935	MIGRATED	MIGRATED_PRIMARY_SOLUTION	IMP-DL-183AD43C4C-S022	Downloads/theory-of-real-analysis.tex	L936-L968	1		NO	PENDING_VISUAL_AUDIT	MIGRATED_TO_COMPANION	Reader-facing provenance suppressed; exact source lineage retained here.
CP-II-0203	SEM-57BD00FE7709	IMP-DL-316AE183C3-P031	Metric and Topological Foundations	II/01--II/07	READY_FOR_COMPANION_MIGRATION	IMP-DL-316AE183C3-P031;IMP-M2-303BB87ACE-P031	Downloads/theory-of-analysis-functions.tex	L2161-L2195	MIGRATED	NO_RECONCILED_SOLUTION				0		CANDIDATE	PENDING_VISUAL_AUDIT	MIGRATED_TO_COMPANION	Reader-facing provenance suppressed; exact source lineage retained here.
CP-II-0204	SEM-57FE18E8A925	IMP-DL-316AE183C3-P007	Sequences of Functions	II/11--II/15	PLACEMENT_REVIEW_REQUIRED	IMP-DL-316AE183C3-P007;IMP-M2-303BB87ACE-P007	Downloads/theory-of-analysis-functions.tex	L1582-L1597	MIGRATED	NO_RECONCILED_SOLUTION				0		NO	PENDING_VISUAL_AUDIT	MIGRATED_TO_COMPANION	Reader-facing provenance suppressed; exact source lineage retained here.
CP-II-0205	SEM-585DBEC84C4D	IMP-DL-2370D81D66-P072	Sequences of Functions	II/11--II/15	PLACEMENT_REVIEW_REQUIRED	IMP-DL-2370D81D66-P072;IMP-M2-D036BAB254-P072	Downloads/theory-of-analysis-FD.tex	L5575-L5591	MIGRATED	NO_RECONCILED_SOLUTION				0		NO	PENDING_VISUAL_AUDIT	MIGRATED_TO_COMPANION	Reader-facing provenance suppressed; exact source lineage retained here.
CP-II-0206	SEM-58EE4BEF8FA5	IMP-DL-873C6F4098-P017	Sequences of Functions	II/11--II/15	PLACEMENT_REVIEW_REQUIRED	IMP-DL-873C6F4098-P017;IMP-M2-CFC28ED568-P017	Downloads/theory-of-analysis-II.tex	L727-L736	MIGRATED	MIGRATED_PRIMARY_SOLUTION	IMP-DL-873C6F4098-S006	Downloads/theory-of-analysis-II.tex	L737-L792	1		NO	PENDING_VISUAL_AUDIT	MIGRATED_TO_COMPANION	Reader-facing provenance suppressed; exact source lineage retained here.
CP-II-0207	SEM-59432F8908A5	IMP-DL-15679DEE8D-P017	Sequences of Functions	II/11--II/15	PLACEMENT_REVIEW_REQUIRED	IMP-DL-15679DEE8D-P017;IMP-DL-15679DEE8D-R002976-59432F89;IMP-DL-3CA1CB77F7-P017;IMP-DL-3CA1CB77F7-R002979-59432F89;IMP-DL-E0A96454A5-P017;IMP-DL-E0A96454A5-R002976-59432F89;IMP-M2-1D2863B81A-P017;IMP-M2-1D2863B81A-R002976-59432F89;IMP-M2-D47CB97304-P017;IMP-M2-D47CB97304-R002976-59432F89;IMP-M2-F08D4144EA-P017;IMP-M2-F08D4144EA-R002979-59432F89	Downloads/theory-of-analysis - Copy.tex	L2976-L2984	MIGRATED	NO_RECONCILED_SOLUTION				0		NO	PENDING_VISUAL_AUDIT	MIGRATED_TO_COMPANION	Reader-facing provenance suppressed; exact source lineage retained here.
CP-II-0208	SEM-5957B8E5ECE5	IMP-DL-316AE183C3-P020	Sequences of Functions	II/11--II/15	PLACEMENT_REVIEW_REQUIRED	IMP-DL-316AE183C3-P020;IMP-M2-303BB87ACE-P020	Downloads/theory-of-analysis-functions.tex	L2059-L2063	MIGRATED	NO_RECONCILED_SOLUTION				0		NO	PENDING_VISUAL_AUDIT	MIGRATED_TO_COMPANION	Reader-facing provenance suppressed; exact source lineage retained here.
CP-II-0209	SEM-59763C633BB8	IMP-DL-2370D81D66-P067	Sequences of Functions	II/11--II/15	PLACEMENT_REVIEW_REQUIRED	IMP-DL-2370D81D66-P067;IMP-M2-D036BAB254-P067	Downloads/theory-of-analysis-FD.tex	L5442-L5442	MIGRATED	NO_RECONCILED_SOLUTION				0		NO	PENDING_VISUAL_AUDIT	MIGRATED_TO_COMPANION	Reader-facing provenance suppressed; exact source lineage retained here.
CP-II-0210	SEM-597671D71182	IMP-DL-3CA1CB77F7-P030	Sequences of Functions	II/11--II/15	PLACEMENT_REVIEW_REQUIRED	IMP-DL-3CA1CB77F7-P030;IMP-DL-3CA1CB77F7-R003898-597671D7;IMP-M2-F08D4144EA-P030;IMP-M2-F08D4144EA-R003898-597671D7	Downloads/theory-of-analysis-numbers.tex	L3898-L3904	MIGRATED	NO_RECONCILED_SOLUTION				0		NO	PENDING_VISUAL_AUDIT	MIGRATED_TO_COMPANION	Reader-facing provenance suppressed; exact source lineage retained here.
CP-II-0211	SEM-59C272D5CC01	IMP-DL-3CA1CB77F7-P029	Sequences of Functions	II/11--II/15	PLACEMENT_REVIEW_REQUIRED	IMP-DL-3CA1CB77F7-P029;IMP-DL-3CA1CB77F7-R003868-59C272D5;IMP-DL-E0A96454A5-P029;IMP-DL-E0A96454A5-R003865-59C272D5;IMP-M2-1D2863B81A-P029;IMP-M2-1D2863B81A-R003865-59C272D5;IMP-M2-F08D4144EA-P029;IMP-M2-F08D4144EA-R003868-59C272D5	Downloads/theory-of-analysis-numbers.tex	L3868-L3894	MIGRATED	NO_RECONCILED_SOLUTION				0		NO	PENDING_VISUAL_AUDIT	MIGRATED_TO_COMPANION	Reader-facing provenance suppressed; exact source lineage retained here.
CP-II-0212	SEM-59D2D35E8BEA	IMP-DL-2370D81D66-P021	Calculus	II/08--II/10	READY_FOR_COMPANION_MIGRATION	IMP-DL-2370D81D66-P021;IMP-M2-D036BAB254-P021	Downloads/theory-of-analysis-FD.tex	L3384-L3386	MIGRATED	NO_RECONCILED_SOLUTION				0		NO	PENDING_VISUAL_AUDIT	MIGRATED_TO_COMPANION	Reader-facing provenance suppressed; exact source lineage retained here.
CP-II-0213	SEM-5A5AB4C002CF	IMP-DL-07D84009EA-P005	Sequences of Functions	II/11--II/15	PLACEMENT_REVIEW_REQUIRED	IMP-DL-07D84009EA-P005;IMP-DL-162DBE4483-P005;IMP-DL-183AD43C4C-P005;IMP-DL-20E278E436-P005;IMP-DL-68F65EDA24-P005;IMP-DL-890EB1F6EA-P005;IMP-DL-995E0CD19D-P005;IMP-DL-E69AEC0DA9-P005;IMP-M2-0EAC31ED0B-P005;IMP-M2-1403D223C9-P005;IMP-M2-1750FF4FF7-P005;IMP-M2-1895C43FC6-P005;IMP-M2-50B0B212DD-P005;IMP-M2-6D7FCEA253-P005;IMP-M2-9CEC4F97B5-P005;IMP-M2-BC23C57F39-P005	Downloads/merged_exercises_corrected (1).tex	L78-L88	MIGRATED	NO_RECONCILED_SOLUTION				0		NO	PENDING_VISUAL_AUDIT	MIGRATED_TO_COMPANION	Reader-facing provenance suppressed; exact source lineage retained here.
CP-II-0214	SEM-5ADF083C92AD	IMP-DL-E532B44856-P023	Sequences of Functions	II/11--II/15	PLACEMENT_REVIEW_REQUIRED	IMP-DL-E532B44856-P023;IMP-M2-C037D998D4-P023	Downloads/theory-of-analysis-functions-II.tex	L2652-L2660	MIGRATED	NO_RECONCILED_SOLUTION				0		NO	PENDING_VISUAL_AUDIT	MIGRATED_TO_COMPANION	Reader-facing provenance suppressed; exact source lineage retained here.
CP-II-0215	SEM-5AEE21742B4E	IMP-DL-15679DEE8D-P001	Metric and Topological Foundations	II/01--II/07	READY_FOR_COMPANION_MIGRATION	IMP-DL-15679DEE8D-P001;IMP-DL-3CA1CB77F7-P001;IMP-DL-E0A96454A5-P001;IMP-M2-1D2863B81A-P001;IMP-M2-D47CB97304-P001;IMP-M2-F08D4144EA-P001	Downloads/theory-of-analysis - Copy.tex	L401-L407	MIGRATED	MIGRATED_PRIMARY_SOLUTION;ALTERNATE_VARIANTS_RETAINED_IN_PROVENANCE	IMP-DL-E0A96454A5-S007	Downloads/theory-of-analysis.tex	L408-L445	2	IMP-DL-11EDF39EA7-S010	NO	PENDING_VISUAL_AUDIT	MIGRATED_TO_COMPANION	Reader-facing provenance suppressed; exact source lineage retained here.
CP-II-0216	SEM-5B34EAEA8412	IMP-DL-117191C0EC-P029	Approximation	II/20--II/25	READY_FOR_COMPANION_MIGRATION	IMP-DL-117191C0EC-P029;IMP-M2-40A546CAA2-P029	Downloads/theory-of-analysis-topics.tex	L2951-L2959	MIGRATED	MIGRATED_PRIMARY_SOLUTION	IMP-DL-117191C0EC-S018	Downloads/theory-of-analysis-topics.tex	L2960-L2969	1		NO	PENDING_VISUAL_AUDIT	MIGRATED_TO_COMPANION	Reader-facing provenance suppressed; exact source lineage retained here.
CP-II-0217	SEM-5B7B5498D5B7	IMP-DL-15679DEE8D-R002311-5B7B5498	Approximation	II/20--II/25	READY_FOR_COMPANION_MIGRATION	IMP-DL-15679DEE8D-R002311-5B7B5498;IMP-DL-3CA1CB77F7-R002314-5B7B5498;IMP-DL-E0A96454A5-R002311-5B7B5498;IMP-M2-1D2863B81A-R002311-5B7B5498;IMP-M2-D47CB97304-R002311-5B7B5498;IMP-M2-F08D4144EA-R002314-5B7B5498	Downloads/theory-of-analysis - Copy.tex	L2311-L2352	MIGRATED	NO_RECONCILED_SOLUTION				0		YES	SOURCE_PRESENT_REVIEW_LATER	MIGRATED_TO_COMPANION	Reader-facing provenance suppressed; exact source lineage retained here.
CP-II-0218	SEM-5B9E04ADB11F	IMP-DL-EAE0F59552-R000173-5B9E04AD	Metric and Topological Foundations	II/01--II/07	READY_FOR_COMPANION_MIGRATION	IMP-DL-EAE0F59552-R000173-5B9E04AD;IMP-M2-7EA9DA1D72-R000173-5B9E04AD	Downloads/theory-of-analysis-topology.tex	L173-L186	MIGRATED	NO_RECONCILED_SOLUTION				0		NO	PENDING_VISUAL_AUDIT	MIGRATED_TO_COMPANION	Reader-facing provenance suppressed; exact source lineage retained here.
CP-II-0219	SEM-5BBCFC5E048C	IMP-DL-EAE0F59552-P003	Sequences of Functions	II/11--II/15	PLACEMENT_REVIEW_REQUIRED	IMP-DL-EAE0F59552-P003;IMP-M2-7EA9DA1D72-P003	Downloads/theory-of-analysis-topology.tex	L166-L166	MIGRATED	NO_RECONCILED_SOLUTION				0		NO	PENDING_VISUAL_AUDIT	MIGRATED_TO_COMPANION	Reader-facing provenance suppressed; exact source lineage retained here.
CP-II-0220	SEM-5CC0EFE10AF5	IMP-DL-117191C0EC-P026	Sequences of Functions	II/11--II/15	PLACEMENT_REVIEW_REQUIRED	IMP-DL-117191C0EC-P026;IMP-M2-40A546CAA2-P026	Downloads/theory-of-analysis-topics.tex	L2682-L2690	MIGRATED	MIGRATED_PRIMARY_SOLUTION	IMP-DL-117191C0EC-S015	Downloads/theory-of-analysis-topics.tex	L2691-L2723	1		NO	PENDING_VISUAL_AUDIT	MIGRATED_TO_COMPANION	Reader-facing provenance suppressed; exact source lineage retained here.
CP-II-0221	SEM-5CE23EC61EC8	IMP-DL-2370D81D66-P034	Sequences of Functions	II/11--II/15	PLACEMENT_REVIEW_REQUIRED	IMP-DL-2370D81D66-P034;IMP-M2-D036BAB254-P034	Downloads/theory-of-analysis-FD.tex	L4432-L4456	MIGRATED	NO_RECONCILED_SOLUTION				0		NO	PENDING_VISUAL_AUDIT	MIGRATED_TO_COMPANION	Reader-facing provenance suppressed; exact source lineage retained here.
CP-II-0222	SEM-5D37C9DF79E6	IMP-DL-117191C0EC-P020	Sequences of Functions	II/11--II/15	PLACEMENT_REVIEW_REQUIRED	IMP-DL-117191C0EC-P020;IMP-M2-40A546CAA2-P020	Downloads/theory-of-analysis-topics.tex	L2025-L2048	MIGRATED	MIGRATED_PRIMARY_SOLUTION	IMP-DL-117191C0EC-S011	Downloads/theory-of-analysis-topics.tex	L2049-L2058	1		NO	PENDING_VISUAL_AUDIT	MIGRATED_TO_COMPANION	Reader-facing provenance suppressed; exact source lineage retained here.
CP-II-0223	SEM-5D94F67A9646	IMP-DL-3D2DB27534-P006	Metric and Topological Foundations	II/01--II/07	PLACEMENT_REVIEW_REQUIRED	IMP-DL-3D2DB27534-P006;IMP-DL-5B1D955447-P006;IMP-M2-8108AF5CB9-P006;IMP-M2-AFF44384C1-P006	Downloads/merged_exercises (1).tex	L84-L91	MIGRATED	NO_RECONCILED_SOLUTION				0		NO	PENDING_VISUAL_AUDIT	MIGRATED_TO_COMPANION	Reader-facing provenance suppressed; exact source lineage retained here.
CP-II-0224	SEM-5DA5B9BE83D2	IMP-DL-183AD43C4C-PSR003550-5DA5B9BE	Sequences of Functions	II/11--II/15	PLACEMENT_REVIEW_REQUIRED	IMP-DL-183AD43C4C-PSR003550-5DA5B9BE;IMP-M2-1895C43FC6-PSR003550-5DA5B9BE	Downloads/theory-of-real-analysis.tex	L3550-L3567	MIGRATED	NO_RECONCILED_SOLUTION				0		YES	SOURCE_PRESENT_REVIEW_LATER	MIGRATED_TO_COMPANION	Reader-facing provenance suppressed; exact source lineage retained here.
CP-II-0225	SEM-5E48344D927D	IMP-DL-316AE183C3-P012	Calculus	II/08--II/10	READY_FOR_COMPANION_MIGRATION	IMP-DL-316AE183C3-P012;IMP-M2-303BB87ACE-P012	Downloads/theory-of-analysis-functions.tex	L1970-L1987	MIGRATED	MIGRATED_PRIMARY_SOLUTION	IMP-DL-316AE183C3-S001	Downloads/theory-of-analysis-functions.tex	L1988-L1997	1		NO	PENDING_VISUAL_AUDIT	MIGRATED_TO_COMPANION	Reader-facing provenance suppressed; exact source lineage retained here.
CP-II-0226	SEM-5E7E8AC20BD1	IMP-DL-2370D81D66-P043	Sequences of Functions	II/11--II/15	PLACEMENT_REVIEW_REQUIRED	IMP-DL-2370D81D66-P043;IMP-M2-D036BAB254-P043	Downloads/theory-of-analysis-FD.tex	L4571-L4571	MIGRATED	NO_RECONCILED_SOLUTION				0		NO	PENDING_VISUAL_AUDIT	MIGRATED_TO_COMPANION	Reader-facing provenance suppressed; exact source lineage retained here.
CP-II-0227	SEM-5EDF3FFE2295	IMP-DL-183AD43C4C-R001902-5EDF3FFE	Sequences of Functions	II/11--II/15	PLACEMENT_REVIEW_REQUIRED	IMP-DL-183AD43C4C-R001902-5EDF3FFE;IMP-DL-20E278E436-R001844-5EDF3FFE;IMP-M2-1895C43FC6-R001902-5EDF3FFE;IMP-M2-50B0B212DD-R001844-5EDF3FFE	Downloads/theory-of-real-analysis.tex	L1902-L1907	MIGRATED	MIGRATED_PRIMARY_SOLUTION	IMP-DL-183AD43C4C-S048	Downloads/theory-of-real-analysis.tex	L1908-L1919	1		NO	PENDING_VISUAL_AUDIT	MIGRATED_TO_COMPANION	Reader-facing provenance suppressed; exact source lineage retained here.
CP-II-0228	SEM-5FB0C1B80C81	IMP-DL-2370D81D66-P063	Sequences of Functions	II/11--II/15	PLACEMENT_REVIEW_REQUIRED	IMP-DL-2370D81D66-P063;IMP-M2-D036BAB254-P063	Downloads/theory-of-analysis-FD.tex	L4854-L4856	MIGRATED	NO_RECONCILED_SOLUTION				0		NO	PENDING_VISUAL_AUDIT	MIGRATED_TO_COMPANION	Reader-facing provenance suppressed; exact source lineage retained here.
CP-II-0229	SEM-5FB728303BE9	IMP-DL-E532B44856-R003169-5FB72830	Metric and Topological Foundations	II/01--II/07	READY_FOR_COMPANION_MIGRATION	IMP-DL-E532B44856-R003169-5FB72830;IMP-M2-C037D998D4-R003169-5FB72830	Downloads/theory-of-analysis-functions-II.tex	L3169-L3253	MIGRATED	NO_RECONCILED_SOLUTION				0		NO	PENDING_VISUAL_AUDIT	MIGRATED_TO_COMPANION	Reader-facing provenance suppressed; exact source lineage retained here.
CP-II-0230	SEM-5FC49D4CB8F5	IMP-DL-873C6F4098-P047	Metric and Topological Foundations	II/01--II/07	READY_FOR_COMPANION_MIGRATION	IMP-DL-873C6F4098-P047;IMP-M2-CFC28ED568-P047	Downloads/theory-of-analysis-II.tex	L1430-L1445	MIGRATED	MIGRATED_PRIMARY_SOLUTION	IMP-DL-873C6F4098-S010	Downloads/theory-of-analysis-II.tex	L1446-L1496	1		NO	PENDING_VISUAL_AUDIT	MIGRATED_TO_COMPANION	Reader-facing provenance suppressed; exact source lineage retained here.
CP-II-0231	SEM-5FDBD0CC98CC	IMP-DL-2370D81D66-P016	Sequences of Functions	II/11--II/15	PLACEMENT_REVIEW_REQUIRED	IMP-DL-2370D81D66-P016;IMP-M2-D036BAB254-P016	Downloads/theory-of-analysis-FD.tex	L3356-L3357	MIGRATED	NO_RECONCILED_SOLUTION				0		NO	PENDING_VISUAL_AUDIT	MIGRATED_TO_COMPANION	Reader-facing provenance suppressed; exact source lineage retained here.
CP-II-0232	SEM-618BAD29133C	IMP-DL-3D2DB27534-P014	Sequences of Functions	II/11--II/15	PLACEMENT_REVIEW_REQUIRED	IMP-DL-3D2DB27534-P014;IMP-M2-AFF44384C1-P014	Downloads/merged_exercises (1).tex	L149-L179	MIGRATED	NO_RECONCILED_SOLUTION				0		NO	PENDING_VISUAL_AUDIT	MIGRATED_TO_COMPANION	Reader-facing provenance suppressed; exact source lineage retained here.
CP-II-0233	SEM-62FF9A781B33	IMP-DL-117191C0EC-P013	Sequences of Functions	II/11--II/15	PLACEMENT_REVIEW_REQUIRED	IMP-DL-117191C0EC-P013;IMP-M2-40A546CAA2-P013	Downloads/theory-of-analysis-topics.tex	L1129-L1131	MIGRATED	NO_RECONCILED_SOLUTION				0		NO	PENDING_VISUAL_AUDIT	MIGRATED_TO_COMPANION	Reader-facing provenance suppressed; exact source lineage retained here.
CP-II-0234	SEM-6357CB8980FB	IMP-DL-316AE183C3-P027	Sequences of Functions	II/11--II/15	PLACEMENT_REVIEW_REQUIRED	IMP-DL-316AE183C3-P027;IMP-M2-303BB87ACE-P027	Downloads/theory-of-analysis-functions.tex	L2102-L2102	MIGRATED	NO_RECONCILED_SOLUTION				0		NO	PENDING_VISUAL_AUDIT	MIGRATED_TO_COMPANION	Reader-facing provenance suppressed; exact source lineage retained here.
CP-II-0235	SEM-63F29293B7EE	IMP-DL-11EDF39EA7-P028	Sequences of Functions	II/11--II/15	PLACEMENT_REVIEW_REQUIRED	IMP-DL-11EDF39EA7-P028;IMP-M2-68556E3D88-P028	Downloads/theory-of-analysis-FD2.tex	L4894-L4909	MIGRATED	NO_RECONCILED_SOLUTION				0		NO	PENDING_VISUAL_AUDIT	MIGRATED_TO_COMPANION	Reader-facing provenance suppressed; exact source lineage retained here.
CP-II-0236	SEM-643752F5D4CB	IMP-DL-2370D81D66-P060	Sequences of Functions	II/11--II/15	PLACEMENT_REVIEW_REQUIRED	IMP-DL-2370D81D66-P060;IMP-M2-D036BAB254-P060	Downloads/theory-of-analysis-FD.tex	L4820-L4830	MIGRATED	NO_RECONCILED_SOLUTION				0		NO	PENDING_VISUAL_AUDIT	MIGRATED_TO_COMPANION	Reader-facing provenance suppressed; exact source lineage retained here.
CP-II-0237	SEM-647889C989D0	IMP-DL-11EDF39EA7-ORR002739-647889C9	Sequences of Functions	II/11--II/15	PLACEMENT_REVIEW_REQUIRED	IMP-DL-11EDF39EA7-ORR002739-647889C9	Downloads/theory-of-analysis-FD2.tex	L2739-L2755	MIGRATED	MIGRATED_PRIMARY_SOLUTION	IMP-DL-11EDF39EA7-S011	Downloads/theory-of-analysis-FD2.tex	L2757-L2797	1		NO	PENDING_VISUAL_AUDIT	MIGRATED_TO_COMPANION	Reader-facing provenance suppressed; exact source lineage retained here.
CP-II-0238	SEM-6506AC8B7316	IMP-DL-A470D9BACB-R000910-6506AC8B	Fixed Points and Differential Equations	II/16--II/19	READY_FOR_COMPANION_MIGRATION	IMP-DL-A470D9BACB-R000910-6506AC8B;IMP-M2-2850FB9A8A-R000910-6506AC8B	Downloads/theory-of-geometry-1.tex	L910-L915	MIGRATED	NO_RECONCILED_SOLUTION				0		NO	PENDING_VISUAL_AUDIT	MIGRATED_TO_COMPANION	Reader-facing provenance suppressed; exact source lineage retained here.
CP-II-0239	SEM-6659E504726B	IMP-DL-0A217E8BCD-P002	Sequences of Functions	II/11--II/15	PLACEMENT_REVIEW_REQUIRED	IMP-DL-0A217E8BCD-P002;IMP-DL-24F3C73572-P002;IMP-DL-37DE380B2B-P002;IMP-DL-94DDCADD19-P002;IMP-DL-E69AEC0DA9-P018;IMP-DL-E69AEC0DA9-P019;IMP-M2-7B5FF567F8-P002;IMP-M2-92BD895D6F-P002;IMP-M2-9973B94511-P002;IMP-M2-BC23C57F39-P018;IMP-M2-BC23C57F39-P019;IMP-M2-DE72D4A50D-P002	Downloads/merged_exercises_FULL.tex	L40-L49	MIGRATED	NO_RECONCILED_SOLUTION				0		NO	PENDING_VISUAL_AUDIT	MIGRATED_TO_COMPANION	Reader-facing provenance suppressed; exact source lineage retained here.
CP-II-0240	SEM-675176AC7CAC	IMP-DL-11EDF39EA7-P038	Sequences of Functions	II/11--II/15	PLACEMENT_REVIEW_REQUIRED	IMP-DL-11EDF39EA7-P038;IMP-M2-68556E3D88-P038	Downloads/theory-of-analysis-FD2.tex	L5280-L5286	MIGRATED	NO_RECONCILED_SOLUTION				0		NO	PENDING_VISUAL_AUDIT	MIGRATED_TO_COMPANION	Reader-facing provenance suppressed; exact source lineage retained here.
CP-II-0241	SEM-678AB57BFA1F	IMP-DL-0421543680-P001	Sequences of Functions	II/11--II/15	READY_FOR_COMPANION_MIGRATION	IMP-DL-0421543680-P001;IMP-DL-0A217E8BCD-P001;IMP-DL-183AD43C4C-P017;IMP-DL-20E278E436-P017;IMP-DL-2105C1635F-P001;IMP-DL-24F3C73572-P001;IMP-DL-37DE380B2B-P001;IMP-DL-77AFEAC262-P001;IMP-DL-890EB1F6EA-P017;IMP-DL-94DDCADD19-P001;IMP-DL-E1A3534053-P001;IMP-DL-E69AEC0DA9-P017;IMP-M2-1895C43FC6-P017;IMP-M2-247F11AD55-P001;IMP-M2-42249FE2F6-P001;IMP-M2-50B0B212DD-P017;IMP-M2-525599455D-P001;IMP-M2-6D7FCEA253-P017;IMP-M2-7B5FF567F8-P001;IMP-M2-92BD895D6F-P001;IMP-M2-9973B94511-P001;IMP-M2-BC23C57F39-P017;IMP-M2-DE72D4A50D-P001;IMP-M2-F3944A3F22-P001	Downloads/merged_exercises_corrected (6).tex	L3-L37	MIGRATED	NO_RECONCILED_SOLUTION				0		NO	PENDING_VISUAL_AUDIT	MIGRATED_TO_COMPANION	Reader-facing provenance suppressed; exact source lineage retained here.
CP-II-0242	SEM-68199EE6C785	IMP-DL-15679DEE8D-P005	Fixed Points and Differential Equations	II/16--II/19	READY_FOR_COMPANION_MIGRATION	IMP-DL-15679DEE8D-P005;IMP-DL-3CA1CB77F7-P005;IMP-DL-E0A96454A5-P005;IMP-M2-1D2863B81A-P005;IMP-M2-D47CB97304-P005;IMP-M2-F08D4144EA-P005	Downloads/theory-of-analysis - Copy.tex	L635-L670	MIGRATED	NO_RECONCILED_SOLUTION				0		YES	SOURCE_PRESENT_REVIEW_LATER	MIGRATED_TO_COMPANION	Reader-facing provenance suppressed; exact source lineage retained here.
CP-II-0243	SEM-68BBD25E5EB4	IMP-DL-316AE183C3-P074	Sequences of Functions	II/11--II/15	PLACEMENT_REVIEW_REQUIRED	IMP-DL-316AE183C3-P074;IMP-M2-303BB87ACE-P074	Downloads/theory-of-analysis-functions.tex	L3524-L3526	MIGRATED	NO_RECONCILED_SOLUTION				0		NO	PENDING_VISUAL_AUDIT	MIGRATED_TO_COMPANION	Reader-facing provenance suppressed; exact source lineage retained here.
CP-II-0244	SEM-68CB834D6D11	IMP-DL-2370D81D66-P052	Sequences of Functions	II/11--II/15	PLACEMENT_REVIEW_REQUIRED	IMP-DL-2370D81D66-P052;IMP-M2-D036BAB254-P052	Downloads/theory-of-analysis-FD.tex	L4717-L4765	MIGRATED	NO_RECONCILED_SOLUTION				0		NO	PENDING_VISUAL_AUDIT	MIGRATED_TO_COMPANION	Reader-facing provenance suppressed; exact source lineage retained here.
CP-II-0245	SEM-68F14622CCD0	IMP-DL-11EDF39EA7-P034	Sequences of Functions	II/11--II/15	PLACEMENT_REVIEW_REQUIRED	IMP-DL-11EDF39EA7-P034;IMP-M2-68556E3D88-P034	Downloads/theory-of-analysis-FD2.tex	L5253-L5264	MIGRATED	NO_RECONCILED_SOLUTION				0		NO	PENDING_VISUAL_AUDIT	MIGRATED_TO_COMPANION	Reader-facing provenance suppressed; exact source lineage retained here.
CP-II-0246	SEM-696E27226836	IMP-DL-183AD43C4C-PSR003602-696E2722	Sequences of Functions	II/11--II/15	PLACEMENT_REVIEW_REQUIRED	IMP-DL-183AD43C4C-PSR003602-696E2722;IMP-M2-1895C43FC6-PSR003602-696E2722	Downloads/theory-of-real-analysis.tex	L3602-L3617	MIGRATED	NO_RECONCILED_SOLUTION				0		YES	SOURCE_PRESENT_REVIEW_LATER	MIGRATED_TO_COMPANION	Reader-facing provenance suppressed; exact source lineage retained here.
CP-II-0247	SEM-69DD1FC6A8DB	IMP-DL-316AE183C3-P013	Sequences of Functions	II/11--II/15	PLACEMENT_REVIEW_REQUIRED	IMP-DL-316AE183C3-P013;IMP-M2-303BB87ACE-P013	Downloads/theory-of-analysis-functions.tex	L2000-L2001	MIGRATED	NO_RECONCILED_SOLUTION				0		NO	PENDING_VISUAL_AUDIT	MIGRATED_TO_COMPANION	Reader-facing provenance suppressed; exact source lineage retained here.
CP-II-0248	SEM-6A30FB6F5072	IMP-DL-2370D81D66-P061	Sequences of Functions	II/11--II/15	PLACEMENT_REVIEW_REQUIRED	IMP-DL-2370D81D66-P061;IMP-M2-D036BAB254-P061	Downloads/theory-of-analysis-FD.tex	L4831-L4849	MIGRATED	NO_RECONCILED_SOLUTION				0		NO	PENDING_VISUAL_AUDIT	MIGRATED_TO_COMPANION	Reader-facing provenance suppressed; exact source lineage retained here.
CP-II-0249	SEM-6AB7FE804492	IMP-DL-EAE0F59552-PSR001065-6AB7FE80	Metric and Topological Foundations	II/01--II/07	READY_FOR_COMPANION_MIGRATION	IMP-DL-EAE0F59552-PSR001065-6AB7FE80;IMP-M2-7EA9DA1D72-PSR001065-6AB7FE80	Downloads/theory-of-analysis-topology.tex	L1065-L1646	MIGRATED	MIGRATED_PRIMARY_SOLUTION;ALTERNATE_VARIANTS_RETAINED_IN_PROVENANCE	IMP-DL-EAE0F59552-S006	Downloads/theory-of-analysis-topology.tex	L1820-L1851	5	IMP-DL-EAE0F59552-S010;IMP-DL-EAE0F59552-S009;IMP-DL-EAE0F59552-S007;IMP-DL-EAE0F59552-S008	YES	SOURCE_PRESENT_REVIEW_LATER	MIGRATED_TO_COMPANION	Reader-facing provenance suppressed; exact source lineage retained here.
CP-II-0250	SEM-6ADF3FF2435D	IMP-DL-11EDF39EA7-P005	Sequences of Functions	II/11--II/15	PLACEMENT_REVIEW_REQUIRED	IMP-DL-11EDF39EA7-P005;IMP-M2-68556E3D88-P005	Downloads/theory-of-analysis-FD2.tex	L768-L783	MIGRATED	MIGRATED_PRIMARY_SOLUTION	IMP-DL-11EDF39EA7-S003	Downloads/theory-of-analysis-FD2.tex	L784-L858	1		NO	PENDING_VISUAL_AUDIT	MIGRATED_TO_COMPANION	Reader-facing provenance suppressed; exact source lineage retained here.
CP-II-0251	SEM-6B07223F6D24	IMP-DL-316AE183C3-P053	Sequences of Functions	II/11--II/15	PLACEMENT_REVIEW_REQUIRED	IMP-DL-316AE183C3-P053;IMP-M2-303BB87ACE-P053	Downloads/theory-of-analysis-functions.tex	L3252-L3267	MIGRATED	MIGRATED_PRIMARY_SOLUTION	IMP-DL-316AE183C3-S009	Downloads/theory-of-analysis-functions.tex	L3268-L3285	1		NO	PENDING_VISUAL_AUDIT	MIGRATED_TO_COMPANION	Reader-facing provenance suppressed; exact source lineage retained here.
CP-II-0252	SEM-6BA69B0B2A57	IMP-DL-183AD43C4C-P022	Calculus	II/08--II/10	READY_FOR_COMPANION_MIGRATION	IMP-DL-183AD43C4C-P022;IMP-DL-20E278E436-P022;IMP-DL-9EC07956DD-P001;IMP-M2-1895C43FC6-P022;IMP-M2-50B0B212DD-P022;IMP-M2-844641160C-P001	Downloads/theory-of-real-analysis.tex	L557-L568	MIGRATED	MIGRATED_PRIMARY_SOLUTION	IMP-DL-9EC07956DD-S001	Downloads/ex38g_ex39.tex	L14-L21	1		NO	PENDING_VISUAL_AUDIT	MIGRATED_TO_COMPANION	Reader-facing provenance suppressed; exact source lineage retained here.
CP-II-0253	SEM-6C2B4C10337D	IMP-DL-117191C0EC-P028	Sequences of Functions	II/11--II/15	PLACEMENT_REVIEW_REQUIRED	IMP-DL-117191C0EC-P028;IMP-M2-40A546CAA2-P028	Downloads/theory-of-analysis-topics.tex	L2929-L2941	MIGRATED	MIGRATED_PRIMARY_SOLUTION	IMP-DL-117191C0EC-S017	Downloads/theory-of-analysis-topics.tex	L2942-L2950	1		NO	PENDING_VISUAL_AUDIT	MIGRATED_TO_COMPANION	Reader-facing provenance suppressed; exact source lineage retained here.
CP-II-0254	SEM-6C52BE12CB7A	IMP-DL-11EDF39EA7-P004	Sequences of Functions	II/11--II/15	PLACEMENT_REVIEW_REQUIRED	IMP-DL-11EDF39EA7-P004;IMP-M2-68556E3D88-P004	Downloads/theory-of-analysis-FD2.tex	L729-L741	MIGRATED	MIGRATED_PRIMARY_SOLUTION	IMP-DL-11EDF39EA7-S002	Downloads/theory-of-analysis-FD2.tex	L742-L767	1		NO	PENDING_VISUAL_AUDIT	MIGRATED_TO_COMPANION	Reader-facing provenance suppressed; exact source lineage retained here.
CP-II-0255	SEM-6CAD893C3BF0	IMP-DL-183AD43C4C-PSR003570-6CAD893C	Sequences of Functions	II/11--II/15	PLACEMENT_REVIEW_REQUIRED	IMP-DL-183AD43C4C-PSR003570-6CAD893C;IMP-M2-1895C43FC6-PSR003570-6CAD893C	Downloads/theory-of-real-analysis.tex	L3570-L3585	MIGRATED	NO_RECONCILED_SOLUTION				0		YES	SOURCE_PRESENT_REVIEW_LATER	MIGRATED_TO_COMPANION	Reader-facing provenance suppressed; exact source lineage retained here.
CP-II-0256	SEM-6D5EA94464BB	IMP-DL-183AD43C4C-R000796-6D5EA944	Sequences of Functions	II/11--II/15	PLACEMENT_REVIEW_REQUIRED	IMP-DL-183AD43C4C-R000796-6D5EA944;IMP-DL-20E278E436-R000738-6D5EA944;IMP-M2-1895C43FC6-R000796-6D5EA944;IMP-M2-50B0B212DD-R000738-6D5EA944	Downloads/theory-of-real-analysis.tex	L796-L807	MIGRATED	MIGRATED_PRIMARY_SOLUTION	IMP-DL-183AD43C4C-S017	Downloads/theory-of-real-analysis.tex	L808-L827	1		NO	PENDING_VISUAL_AUDIT	MIGRATED_TO_COMPANION	Reader-facing provenance suppressed; exact source lineage retained here.
CP-II-0257	SEM-6D94F1A1261B	IMP-DL-2370D81D66-P078	Metric and Topological Foundations	II/01--II/07	READY_FOR_COMPANION_MIGRATION	IMP-DL-2370D81D66-P078;IMP-M2-D036BAB254-P078	Downloads/theory-of-analysis-FD.tex	L5943-L5964	MIGRATED	NO_RECONCILED_SOLUTION				0		NO	PENDING_VISUAL_AUDIT	MIGRATED_TO_COMPANION	Reader-facing provenance suppressed; exact source lineage retained here.
CP-II-0258	SEM-6D977BA694F0	IMP-DL-2370D81D66-P037	Sequences of Functions	II/11--II/15	PLACEMENT_REVIEW_REQUIRED	IMP-DL-2370D81D66-P037;IMP-M2-D036BAB254-P037	Downloads/theory-of-analysis-FD.tex	L4502-L4554	MIGRATED	NO_RECONCILED_SOLUTION				0		YES	SOURCE_PRESENT_REVIEW_LATER	MIGRATED_TO_COMPANION	Reader-facing provenance suppressed; exact source lineage retained here.
CP-II-0259	SEM-6DDBDFC43772	IMP-DL-E532B44856-P025	Sequences of Functions	II/11--II/15	PLACEMENT_REVIEW_REQUIRED	IMP-DL-E532B44856-P025;IMP-M2-C037D998D4-P025	Downloads/theory-of-analysis-functions-II.tex	L2675-L2712	MIGRATED	NO_RECONCILED_SOLUTION				0		YES	SOURCE_PRESENT_REVIEW_LATER	MIGRATED_TO_COMPANION	Reader-facing provenance suppressed; exact source lineage retained here.
CP-II-0260	SEM-6E0F48D861A3	IMP-DL-873C6F4098-P085	Calculus	II/08--II/10	READY_FOR_COMPANION_MIGRATION	IMP-DL-873C6F4098-P085;IMP-M2-CFC28ED568-P085	Downloads/theory-of-analysis-II.tex	L3161-L3211	MIGRATED	MIGRATED_PRIMARY_SOLUTION	IMP-DL-873C6F4098-S019	Downloads/theory-of-analysis-II.tex	L3212-L3262	1		NO	PENDING_VISUAL_AUDIT	MIGRATED_TO_COMPANION	Reader-facing provenance suppressed; exact source lineage retained here.
CP-II-0261	SEM-6E35886F4F25	IMP-DL-316AE183C3-P077	Sequences of Functions	II/11--II/15	PLACEMENT_REVIEW_REQUIRED	IMP-DL-316AE183C3-P077;IMP-M2-303BB87ACE-P077	Downloads/theory-of-analysis-functions.tex	L3532-L3535	MIGRATED	NO_RECONCILED_SOLUTION				0		NO	PENDING_VISUAL_AUDIT	MIGRATED_TO_COMPANION	Reader-facing provenance suppressed; exact source lineage retained here.
CP-II-0262	SEM-6EE5C55956C0	IMP-DL-183AD43C4C-P020	Metric and Topological Foundations	II/01--II/07	READY_FOR_COMPANION_MIGRATION	IMP-DL-183AD43C4C-P020;IMP-DL-20E278E436-P020;IMP-DL-D171CB8A69-P001;IMP-DL-DCF8055ABA-P001;IMP-M2-1895C43FC6-P020;IMP-M2-47AEA48DAF-P001;IMP-M2-50B0B212DD-P020;IMP-M2-E61801FB4F-P001	Downloads/theory-of-real-analysis.tex	L426-L476	MIGRATED	MIGRATED_PRIMARY_SOLUTION;ALTERNATE_VARIANTS_RETAINED_IN_PROVENANCE	IMP-DL-183AD43C4C-S005	Downloads/theory-of-real-analysis.tex	L469-L474	3	IMP-DL-183AD43C4C-S003;IMP-DL-183AD43C4C-S004	NO	PENDING_VISUAL_AUDIT	MIGRATED_TO_COMPANION	Reader-facing provenance suppressed; exact source lineage retained here.
CP-II-0263	SEM-6EF13A85B723	IMP-DL-316AE183C3-P063	Sequences of Functions	II/11--II/15	PLACEMENT_REVIEW_REQUIRED	IMP-DL-316AE183C3-P063;IMP-M2-303BB87ACE-P063	Downloads/theory-of-analysis-functions.tex	L3420-L3426	MIGRATED	NO_RECONCILED_SOLUTION				0		NO	PENDING_VISUAL_AUDIT	MIGRATED_TO_COMPANION	Reader-facing provenance suppressed; exact source lineage retained here.
CP-II-0264	SEM-6F2609DFF447	IMP-DL-873C6F4098-P022	Sequences of Functions	II/11--II/15	PLACEMENT_REVIEW_REQUIRED	IMP-DL-873C6F4098-P022;IMP-M2-CFC28ED568-P022	Downloads/theory-of-analysis-II.tex	L825-L831	MIGRATED	MIGRATED_PRIMARY_SOLUTION	IMP-DL-873C6F4098-S007	Downloads/theory-of-analysis-II.tex	L832-L854	1		NO	PENDING_VISUAL_AUDIT	MIGRATED_TO_COMPANION	Reader-facing provenance suppressed; exact source lineage retained here.
CP-II-0265	SEM-6FBE6C663220	IMP-DL-873C6F4098-P077	Metric and Topological Foundations	II/01--II/07	READY_FOR_COMPANION_MIGRATION	IMP-DL-873C6F4098-P077;IMP-M2-CFC28ED568-P077	Downloads/theory-of-analysis-II.tex	L2812-L2924	MIGRATED	NO_RECONCILED_SOLUTION				0		NO	PENDING_VISUAL_AUDIT	MIGRATED_TO_COMPANION	Reader-facing provenance suppressed; exact source lineage retained here.
CP-II-0266	SEM-6FCAB82841CC	IMP-DL-11EDF39EA7-P022	Sequences of Functions	II/11--II/15	PLACEMENT_REVIEW_REQUIRED	IMP-DL-11EDF39EA7-P022;IMP-M2-68556E3D88-P022	Downloads/theory-of-analysis-FD2.tex	L3801-L3888	MIGRATED	NO_RECONCILED_SOLUTION				0		NO	PENDING_VISUAL_AUDIT	MIGRATED_TO_COMPANION	Reader-facing provenance suppressed; exact source lineage retained here.
CP-II-0267	SEM-701214546111	IMP-DL-117191C0EC-P019	Sequences of Functions	II/11--II/15	PLACEMENT_REVIEW_REQUIRED	IMP-DL-117191C0EC-P019;IMP-M2-40A546CAA2-P019	Downloads/theory-of-analysis-topics.tex	L1849-L1937	MIGRATED	MIGRATED_PRIMARY_SOLUTION	IMP-DL-117191C0EC-S010	Downloads/theory-of-analysis-topics.tex	L1938-L1964	1		NO	PENDING_VISUAL_AUDIT	MIGRATED_TO_COMPANION	Reader-facing provenance suppressed; exact source lineage retained here.
CP-II-0268	SEM-709083B7585F	IMP-DL-873C6F4098-P064	Metric and Topological Foundations	II/01--II/07	READY_FOR_COMPANION_MIGRATION	IMP-DL-873C6F4098-P064;IMP-M2-CFC28ED568-P064	Downloads/theory-of-analysis-II.tex	L2083-L2134	MIGRATED	NO_RECONCILED_SOLUTION				0		NO	PENDING_VISUAL_AUDIT	MIGRATED_TO_COMPANION	Reader-facing provenance suppressed; exact source lineage retained here.
CP-II-0269	SEM-709C83D45C88	IMP-DL-183AD43C4C-P028	Metric and Topological Foundations	II/01--II/07	READY_FOR_COMPANION_MIGRATION	IMP-DL-183AD43C4C-P028;IMP-M2-1895C43FC6-P028	Downloads/theory-of-real-analysis.tex	L2460-L2464	MIGRATED	NO_RECONCILED_SOLUTION				0		NO	PENDING_VISUAL_AUDIT	MIGRATED_TO_COMPANION	Reader-facing provenance suppressed; exact source lineage retained here.
CP-II-0270	SEM-70FAEFC96F02	IMP-DL-316AE183C3-P019	Sequences of Functions	II/11--II/15	PLACEMENT_REVIEW_REQUIRED	IMP-DL-316AE183C3-P019;IMP-M2-303BB87ACE-P019	Downloads/theory-of-analysis-functions.tex	L2058-L2058	MIGRATED	NO_RECONCILED_SOLUTION				0		NO	PENDING_VISUAL_AUDIT	MIGRATED_TO_COMPANION	Reader-facing provenance suppressed; exact source lineage retained here.
CP-II-0271	SEM-71080D5B6B37	IMP-DL-316AE183C3-P071	Metric and Topological Foundations	II/01--II/07	READY_FOR_COMPANION_MIGRATION	IMP-DL-316AE183C3-P071;IMP-M2-303BB87ACE-P071	Downloads/theory-of-analysis-functions.tex	L3505-L3511	MIGRATED	NO_RECONCILED_SOLUTION				0		NO	PENDING_VISUAL_AUDIT	MIGRATED_TO_COMPANION	Reader-facing provenance suppressed; exact source lineage retained here.
CP-II-0272	SEM-711C8E5F93E6	IMP-DL-183AD43C4C-R001984-711C8E5F	Sequences of Functions	II/11--II/15	PLACEMENT_REVIEW_REQUIRED	IMP-DL-183AD43C4C-R001984-711C8E5F;IMP-DL-20E278E436-R001926-711C8E5F;IMP-M2-1895C43FC6-R001984-711C8E5F;IMP-M2-50B0B212DD-R001926-711C8E5F	Downloads/theory-of-real-analysis.tex	L1984-L2003	MIGRATED	NO_RECONCILED_SOLUTION				0		NO	PENDING_VISUAL_AUDIT	MIGRATED_TO_COMPANION	Reader-facing provenance suppressed; exact source lineage retained here.
CP-II-0273	SEM-71511BB34785	IMP-DL-873C6F4098-P056	Sequences of Functions	II/11--II/15	PLACEMENT_REVIEW_REQUIRED	IMP-DL-873C6F4098-P056;IMP-M2-CFC28ED568-P056	Downloads/theory-of-analysis-II.tex	L1689-L1703	MIGRATED	MIGRATED_PRIMARY_SOLUTION	IMP-DL-873C6F4098-S012	Downloads/theory-of-analysis-II.tex	L1699-L1759	1		NO	PENDING_VISUAL_AUDIT	MIGRATED_TO_COMPANION	Reader-facing provenance suppressed; exact source lineage retained here.
CP-II-0274	SEM-715C4FEAA0CB	IMP-DL-07D84009EA-P001	Sequences of Functions	II/11--II/15	PLACEMENT_REVIEW_REQUIRED	IMP-DL-07D84009EA-P001;IMP-DL-162DBE4483-P001;IMP-DL-183AD43C4C-P001;IMP-DL-20E278E436-P001;IMP-DL-68F65EDA24-P001;IMP-DL-890EB1F6EA-P001;IMP-DL-995E0CD19D-P001;IMP-DL-E69AEC0DA9-P001;IMP-M2-0EAC31ED0B-P001;IMP-M2-1403D223C9-P001;IMP-M2-1750FF4FF7-P001;IMP-M2-1895C43FC6-P001;IMP-M2-50B0B212DD-P001;IMP-M2-6D7FCEA253-P001;IMP-M2-9CEC4F97B5-P001;IMP-M2-BC23C57F39-P001	Downloads/merged_exercises_corrected (1).tex	L13-L46	MIGRATED	NO_RECONCILED_SOLUTION				0		NO	PENDING_VISUAL_AUDIT	MIGRATED_TO_COMPANION	Reader-facing provenance suppressed; exact source lineage retained here.
CP-II-0275	SEM-71AF11242227	IMP-DL-11EDF39EA7-P030	Sequences of Functions	II/11--II/15	PLACEMENT_REVIEW_REQUIRED	IMP-DL-11EDF39EA7-P030;IMP-M2-68556E3D88-P030	Downloads/theory-of-analysis-FD2.tex	L4916-L4926	MIGRATED	NO_RECONCILED_SOLUTION				0		NO	PENDING_VISUAL_AUDIT	MIGRATED_TO_COMPANION	Reader-facing provenance suppressed; exact source lineage retained here.
CP-II-0276	SEM-7276F7EF1D45	IMP-DL-316AE183C3-P079	Sequences of Functions	II/11--II/15	PLACEMENT_REVIEW_REQUIRED	IMP-DL-316AE183C3-P079;IMP-M2-303BB87ACE-P079	Downloads/theory-of-analysis-functions.tex	L3697-L3713	MIGRATED	MIGRATED_PRIMARY_SOLUTION	IMP-DL-316AE183C3-S012	Downloads/theory-of-analysis-functions.tex	L3714-L3748	1		NO	PENDING_VISUAL_AUDIT	MIGRATED_TO_COMPANION	Reader-facing provenance suppressed; exact source lineage retained here.
CP-II-0277	SEM-7303F9A0944B	IMP-DL-11EDF39EA7-P032	Sequences of Functions	II/11--II/15	PLACEMENT_REVIEW_REQUIRED	IMP-DL-11EDF39EA7-P032;IMP-M2-68556E3D88-P032	Downloads/theory-of-analysis-FD2.tex	L5239-L5247	MIGRATED	NO_RECONCILED_SOLUTION				0		NO	PENDING_VISUAL_AUDIT	MIGRATED_TO_COMPANION	Reader-facing provenance suppressed; exact source lineage retained here.
CP-II-0278	SEM-7385E9AAF67B	IMP-DL-873C6F4098-P096	Fixed Points and Differential Equations	II/16--II/19	READY_FOR_COMPANION_MIGRATION	IMP-DL-873C6F4098-P096;IMP-M2-CFC28ED568-P096	Downloads/theory-of-analysis-II.tex	L3528-L3549	MIGRATED	NO_RECONCILED_SOLUTION				0		NO	PENDING_VISUAL_AUDIT	MIGRATED_TO_COMPANION	Reader-facing provenance suppressed; exact source lineage retained here.
CP-II-0279	SEM-73C3993F5C70	IMP-DL-873C6F4098-P087	Calculus	II/08--II/10	READY_FOR_COMPANION_MIGRATION	IMP-DL-873C6F4098-P087;IMP-M2-CFC28ED568-P087	Downloads/theory-of-analysis-II.tex	L3308-L3318	MIGRATED	MIGRATED_PRIMARY_SOLUTION	IMP-DL-873C6F4098-S021	Downloads/theory-of-analysis-II.tex	L3319-L3332	1		CANDIDATE	PENDING_VISUAL_AUDIT	MIGRATED_TO_COMPANION	Reader-facing provenance suppressed; exact source lineage retained here.
CP-II-0280	SEM-7402CDFCCD8F	IMP-DL-183AD43C4C-R000569-7402CDFC	Calculus	II/08--II/10	READY_FOR_COMPANION_MIGRATION	IMP-DL-183AD43C4C-R000569-7402CDFC;IMP-DL-20E278E436-R000511-7402CDFC;IMP-M2-1895C43FC6-R000569-7402CDFC;IMP-M2-50B0B212DD-R000511-7402CDFC	Downloads/theory-of-real-analysis.tex	L569-L576	MIGRATED	MIGRATED_PRIMARY_SOLUTION;ALTERNATE_VARIANTS_RETAINED_IN_PROVENANCE	IMP-DL-183AD43C4C-S013	Downloads/theory-of-real-analysis.tex	L660-L665	5	IMP-DL-183AD43C4C-S014;IMP-DL-183AD43C4C-S012;IMP-DL-183AD43C4C-S010;IMP-DL-183AD43C4C-S011	NO	PENDING_VISUAL_AUDIT	MIGRATED_TO_COMPANION	Reader-facing provenance suppressed; exact source lineage retained here.
CP-II-0281	SEM-744AF15F8D8B	IMP-DL-316AE183C3-P080	Sequences of Functions	II/11--II/15	PLACEMENT_REVIEW_REQUIRED	IMP-DL-316AE183C3-P080;IMP-M2-303BB87ACE-P080	Downloads/theory-of-analysis-functions.tex	L3755-L3764	MIGRATED	MIGRATED_PRIMARY_SOLUTION	IMP-DL-316AE183C3-S013	Downloads/theory-of-analysis-functions.tex	L3765-L3769	1		NO	PENDING_VISUAL_AUDIT	MIGRATED_TO_COMPANION	Reader-facing provenance suppressed; exact source lineage retained here.
CP-II-0282	SEM-74689FFF44C6	IMP-DL-EAE0F59552-P007	Metric and Topological Foundations	II/01--II/07	READY_FOR_COMPANION_MIGRATION	IMP-DL-EAE0F59552-P007;IMP-M2-7EA9DA1D72-P007	Downloads/theory-of-analysis-topology.tex	L339-L438	MIGRATED	NO_RECONCILED_SOLUTION				0		NO	PENDING_VISUAL_AUDIT	MIGRATED_TO_COMPANION	Reader-facing provenance suppressed; exact source lineage retained here.
CP-II-0283	SEM-74E791D6168B	IMP-DL-E532B44856-P012	Sequences of Functions	II/11--II/15	PLACEMENT_REVIEW_REQUIRED	IMP-DL-E532B44856-P012;IMP-M2-C037D998D4-P012	Downloads/theory-of-analysis-functions-II.tex	L2091-L2141	MIGRATED	MIGRATED_PRIMARY_SOLUTION	IMP-DL-E532B44856-S001	Downloads/theory-of-analysis-functions-II.tex	L2142-L2194	1		CANDIDATE	PENDING_VISUAL_AUDIT	MIGRATED_TO_COMPANION	Reader-facing provenance suppressed; exact source lineage retained here.
CP-II-0284	SEM-7500F564CB4A	IMP-DL-873C6F4098-P054	Sequences of Functions	II/11--II/15	PLACEMENT_REVIEW_REQUIRED	IMP-DL-873C6F4098-P054;IMP-M2-CFC28ED568-P054	Downloads/theory-of-analysis-II.tex	L1684-L1685	MIGRATED	NO_RECONCILED_SOLUTION				0		NO	PENDING_VISUAL_AUDIT	MIGRATED_TO_COMPANION	Reader-facing provenance suppressed; exact source lineage retained here.
CP-II-0285	SEM-750404E5DEFB	IMP-DL-117191C0EC-P041	Sequences of Functions	II/11--II/15	PLACEMENT_REVIEW_REQUIRED	IMP-DL-117191C0EC-P041;IMP-M2-40A546CAA2-P041	Downloads/theory-of-analysis-topics.tex	L4070-L4076	MIGRATED	NO_RECONCILED_SOLUTION				0		NO	PENDING_VISUAL_AUDIT	MIGRATED_TO_COMPANION	Reader-facing provenance suppressed; exact source lineage retained here.
CP-II-0286	SEM-75C636C490A6	IMP-DL-E532B44856-PSR001282-75C636C4	Metric and Topological Foundations	II/01--II/07	READY_FOR_COMPANION_MIGRATION	IMP-DL-E532B44856-PSR001282-75C636C4;IMP-M2-C037D998D4-PSR001282-75C636C4	Downloads/theory-of-analysis-functions-II.tex	L1282-L1291	MIGRATED	NO_RECONCILED_SOLUTION				0		YES	SOURCE_PRESENT_REVIEW_LATER	MIGRATED_TO_COMPANION	Reader-facing provenance suppressed; exact source lineage retained here.
CP-II-0287	SEM-7688E485BF5D	IMP-DL-2370D81D66-P046	Sequences of Functions	II/11--II/15	PLACEMENT_REVIEW_REQUIRED	IMP-DL-2370D81D66-P046;IMP-M2-D036BAB254-P046	Downloads/theory-of-analysis-FD.tex	L4663-L4668	MIGRATED	NO_RECONCILED_SOLUTION				0		NO	PENDING_VISUAL_AUDIT	MIGRATED_TO_COMPANION	Reader-facing provenance suppressed; exact source lineage retained here.
CP-II-0288	SEM-76D7C3A34AEA	IMP-DL-873C6F4098-P081	Sequences of Functions	II/11--II/15	PLACEMENT_REVIEW_REQUIRED	IMP-DL-873C6F4098-P081;IMP-M2-CFC28ED568-P081	Downloads/theory-of-analysis-II.tex	L3093-L3096	MIGRATED	NO_RECONCILED_SOLUTION				0		NO	PENDING_VISUAL_AUDIT	MIGRATED_TO_COMPANION	Reader-facing provenance suppressed; exact source lineage retained here.
CP-II-0289	SEM-77515B048F43	IMP-DL-183AD43C4C-R001461-77515B04	Sequences of Functions	II/11--II/15	PLACEMENT_REVIEW_REQUIRED	IMP-DL-183AD43C4C-R001461-77515B04;IMP-DL-20E278E436-R001403-77515B04;IMP-M2-1895C43FC6-R001461-77515B04;IMP-M2-50B0B212DD-R001403-77515B04	Downloads/theory-of-real-analysis.tex	L1461-L1484	MIGRATED	MIGRATED_PRIMARY_SOLUTION	IMP-DL-183AD43C4C-S036	Downloads/theory-of-real-analysis.tex	L1485-L1522	1		NO	PENDING_VISUAL_AUDIT	MIGRATED_TO_COMPANION	Reader-facing provenance suppressed; exact source lineage retained here.
CP-II-0290	SEM-77B0A1AB175E	IMP-DL-873C6F4098-P058	Sequences of Functions	II/11--II/15	PLACEMENT_REVIEW_REQUIRED	IMP-DL-873C6F4098-P058;IMP-M2-CFC28ED568-P058	Downloads/theory-of-analysis-II.tex	L1707-L1707	MIGRATED	NO_RECONCILED_SOLUTION				0		NO	PENDING_VISUAL_AUDIT	MIGRATED_TO_COMPANION	Reader-facing provenance suppressed; exact source lineage retained here.
CP-II-0291	SEM-7822B77D2205	IMP-DL-E532B44856-P003	Metric and Topological Foundations	II/01--II/07	READY_FOR_COMPANION_MIGRATION	IMP-DL-E532B44856-P003;IMP-M2-C037D998D4-P003	Downloads/theory-of-analysis-functions-II.tex	L492-L578	MIGRATED	NO_RECONCILED_SOLUTION				0		NO	PENDING_VISUAL_AUDIT	MIGRATED_TO_COMPANION	Reader-facing provenance suppressed; exact source lineage retained here.
CP-II-0292	SEM-797FDECEFA4E	IMP-DL-2370D81D66-P039	Sequences of Functions	II/11--II/15	PLACEMENT_REVIEW_REQUIRED	IMP-DL-2370D81D66-P039;IMP-M2-D036BAB254-P039	Downloads/theory-of-analysis-FD.tex	L4562-L4562	MIGRATED	NO_RECONCILED_SOLUTION				0		NO	PENDING_VISUAL_AUDIT	MIGRATED_TO_COMPANION	Reader-facing provenance suppressed; exact source lineage retained here.
CP-II-0293	SEM-79AEBD1BD68F	IMP-DL-07D84009EA-P007	Metric and Topological Foundations	II/01--II/07	READY_FOR_COMPANION_MIGRATION	IMP-DL-07D84009EA-P007;IMP-DL-162DBE4483-P007;IMP-DL-183AD43C4C-P007;IMP-DL-20E278E436-P007;IMP-DL-68F65EDA24-P007;IMP-DL-890EB1F6EA-P007;IMP-DL-995E0CD19D-P007;IMP-DL-E69AEC0DA9-P007;IMP-M2-0EAC31ED0B-P007;IMP-M2-1403D223C9-P007;IMP-M2-1750FF4FF7-P007;IMP-M2-1895C43FC6-P007;IMP-M2-50B0B212DD-P007;IMP-M2-6D7FCEA253-P007;IMP-M2-9CEC4F97B5-P007;IMP-M2-BC23C57F39-P007	Downloads/merged_exercises_corrected (1).tex	L98-L107	MIGRATED	NO_RECONCILED_SOLUTION				0		NO	PENDING_VISUAL_AUDIT	MIGRATED_TO_COMPANION	Reader-facing provenance suppressed; exact source lineage retained here.
CP-II-0294	SEM-79EB8D250E1B	IMP-DL-162DBE4483-P016	Sequences of Functions	II/11--II/15	PLACEMENT_REVIEW_REQUIRED	IMP-DL-162DBE4483-P016;IMP-DL-183AD43C4C-P016;IMP-DL-20E278E436-P016;IMP-DL-890EB1F6EA-P016;IMP-DL-995E0CD19D-P016;IMP-M2-0EAC31ED0B-P016;IMP-M2-1403D223C9-P016;IMP-M2-1895C43FC6-P016;IMP-M2-50B0B212DD-P016;IMP-M2-6D7FCEA253-P016	Downloads/merged_exercises_corrected (3).tex	L228-L264	MIGRATED	NO_RECONCILED_SOLUTION				0		NO	PENDING_VISUAL_AUDIT	MIGRATED_TO_COMPANION	Reader-facing provenance suppressed; exact source lineage retained here.
CP-II-0295	SEM-7A5DD3750E64	IMP-DL-873C6F4098-P092	Sequences of Functions	II/11--II/15	PLACEMENT_REVIEW_REQUIRED	IMP-DL-873C6F4098-P092;IMP-M2-CFC28ED568-P092	Downloads/theory-of-analysis-II.tex	L3479-L3479	MIGRATED	NO_RECONCILED_SOLUTION				0		NO	PENDING_VISUAL_AUDIT	MIGRATED_TO_COMPANION	Reader-facing provenance suppressed; exact source lineage retained here.
CP-II-0296	SEM-7A900CC0C3E8	IMP-DL-873C6F4098-P029	Sequences of Functions	II/11--II/15	PLACEMENT_REVIEW_REQUIRED	IMP-DL-873C6F4098-P029;IMP-M2-CFC28ED568-P029	Downloads/theory-of-analysis-II.tex	L966-L990	MIGRATED	NO_RECONCILED_SOLUTION				0		NO	PENDING_VISUAL_AUDIT	MIGRATED_TO_COMPANION	Reader-facing provenance suppressed; exact source lineage retained here.
CP-II-0297	SEM-7A923C6A984D	IMP-DL-316AE183C3-P068	Metric and Topological Foundations	II/01--II/07	READY_FOR_COMPANION_MIGRATION	IMP-DL-316AE183C3-P068;IMP-M2-303BB87ACE-P068	Downloads/theory-of-analysis-functions.tex	L3491-L3497	MIGRATED	NO_RECONCILED_SOLUTION				0		NO	PENDING_VISUAL_AUDIT	MIGRATED_TO_COMPANION	Reader-facing provenance suppressed; exact source lineage retained here.
CP-II-0298	SEM-7AF2C525E5E0	IMP-DL-2370D81D66-P018	Calculus	II/08--II/10	READY_FOR_COMPANION_MIGRATION	IMP-DL-2370D81D66-P018;IMP-M2-D036BAB254-P018	Downloads/theory-of-analysis-FD.tex	L3360-L3368	MIGRATED	NO_RECONCILED_SOLUTION				0		NO	PENDING_VISUAL_AUDIT	MIGRATED_TO_COMPANION	Reader-facing provenance suppressed; exact source lineage retained here.
CP-II-0299	SEM-7B97825BE571	IMP-DL-183AD43C4C-P025	Metric and Topological Foundations	II/01--II/07	READY_FOR_COMPANION_MIGRATION	IMP-DL-183AD43C4C-P025;IMP-DL-20E278E436-P025;IMP-M2-1895C43FC6-P025;IMP-M2-50B0B212DD-P025	Downloads/theory-of-real-analysis.tex	L2309-L2336	MIGRATED	MIGRATED_PRIMARY_SOLUTION	IMP-DL-183AD43C4C-S056	Downloads/theory-of-real-analysis.tex	L2320-L2334	1		NO	PENDING_VISUAL_AUDIT	MIGRATED_TO_COMPANION	Reader-facing provenance suppressed; exact source lineage retained here.
CP-II-0300	SEM-7BBD8A181385	IMP-DL-EAE0F59552-PSR001730-7BBD8A18	Metric and Topological Foundations	II/01--II/07	READY_FOR_COMPANION_MIGRATION	IMP-DL-EAE0F59552-PSR001730-7BBD8A18;IMP-M2-7EA9DA1D72-PSR001730-7BBD8A18	Downloads/theory-of-analysis-topology.tex	L1730-L1802	MIGRATED	NO_RECONCILED_SOLUTION				0		YES	SOURCE_PRESENT_REVIEW_LATER	MIGRATED_TO_COMPANION	Reader-facing provenance suppressed; exact source lineage retained here.
CP-II-0301	SEM-7D36CDD5DB74	IMP-DL-316AE183C3-P065	Metric and Topological Foundations	II/01--II/07	READY_FOR_COMPANION_MIGRATION	IMP-DL-316AE183C3-P065;IMP-M2-303BB87ACE-P065	Downloads/theory-of-analysis-functions.tex	L3446-L3463	MIGRATED	MIGRATED_PRIMARY_SOLUTION	IMP-DL-316AE183C3-S011	Downloads/theory-of-analysis-functions.tex	L3464-L3484	1		NO	PENDING_VISUAL_AUDIT	MIGRATED_TO_COMPANION	Reader-facing provenance suppressed; exact source lineage retained here.
CP-II-0302	SEM-7D44BD995101	IMP-DL-873C6F4098-P014	Sequences of Functions	II/11--II/15	PLACEMENT_REVIEW_REQUIRED	IMP-DL-873C6F4098-P014;IMP-M2-CFC28ED568-P014	Downloads/theory-of-analysis-II.tex	L676-L676	MIGRATED	NO_RECONCILED_SOLUTION				0		NO	PENDING_VISUAL_AUDIT	MIGRATED_TO_COMPANION	Reader-facing provenance suppressed; exact source lineage retained here.
CP-II-0303	SEM-7D5D14C32326	IMP-DL-117191C0EC-P016	Metric and Topological Foundations	II/01--II/07	READY_FOR_COMPANION_MIGRATION	IMP-DL-117191C0EC-P016;IMP-M2-40A546CAA2-P016	Downloads/theory-of-analysis-topics.tex	L1369-L1614	MIGRATED	NO_RECONCILED_SOLUTION				0		NO	PENDING_VISUAL_AUDIT	MIGRATED_TO_COMPANION	Reader-facing provenance suppressed; exact source lineage retained here.
CP-II-0304	SEM-7D9FC9CEA10A	IMP-DL-11EDF39EA7-P009	Metric and Topological Foundations	II/01--II/07	READY_FOR_COMPANION_MIGRATION	IMP-DL-11EDF39EA7-P009;IMP-M2-68556E3D88-P009	Downloads/theory-of-analysis-FD2.tex	L1176-L1498	MIGRATED	NO_RECONCILED_SOLUTION				0		YES	SOURCE_PRESENT_REVIEW_LATER	MIGRATED_TO_COMPANION	Reader-facing provenance suppressed; exact source lineage retained here.
CP-II-0305	SEM-7EC1330C3314	IMP-DL-183AD43C4C-R002218-7EC1330C	Calculus	II/08--II/10	READY_FOR_COMPANION_MIGRATION	IMP-DL-183AD43C4C-R002218-7EC1330C;IMP-DL-20E278E436-R002160-7EC1330C;IMP-M2-1895C43FC6-R002218-7EC1330C;IMP-M2-50B0B212DD-R002160-7EC1330C	Downloads/theory-of-real-analysis.tex	L2218-L2237	MIGRATED	MIGRATED_PRIMARY_SOLUTION	IMP-DL-183AD43C4C-S055	Downloads/theory-of-real-analysis.tex	L2238-L2244	1		NO	PENDING_VISUAL_AUDIT	MIGRATED_TO_COMPANION	Reader-facing provenance suppressed; exact source lineage retained here.
CP-II-0306	SEM-7ED92BFE7B23	IMP-DL-117191C0EC-P038	Sequences of Functions	II/11--II/15	PLACEMENT_REVIEW_REQUIRED	IMP-DL-117191C0EC-P038;IMP-M2-40A546CAA2-P038	Downloads/theory-of-analysis-topics.tex	L3895-L3897	MIGRATED	NO_RECONCILED_SOLUTION				0		NO	PENDING_VISUAL_AUDIT	MIGRATED_TO_COMPANION	Reader-facing provenance suppressed; exact source lineage retained here.
CP-II-0307	SEM-7F56CD0F73B7	IMP-DL-07D84009EA-P003	Sequences of Functions	II/11--II/15	PLACEMENT_REVIEW_REQUIRED	IMP-DL-07D84009EA-P003;IMP-DL-162DBE4483-P003;IMP-DL-183AD43C4C-P003;IMP-DL-20E278E436-P003;IMP-DL-68F65EDA24-P003;IMP-DL-890EB1F6EA-P003;IMP-DL-995E0CD19D-P003;IMP-DL-E69AEC0DA9-P003;IMP-M2-0EAC31ED0B-P003;IMP-M2-1403D223C9-P003;IMP-M2-1750FF4FF7-P003;IMP-M2-1895C43FC6-P003;IMP-M2-50B0B212DD-P003;IMP-M2-6D7FCEA253-P003;IMP-M2-9CEC4F97B5-P003;IMP-M2-BC23C57F39-P003	Downloads/merged_exercises_corrected (1).tex	L58-L68	MIGRATED	NO_RECONCILED_SOLUTION				0		NO	PENDING_VISUAL_AUDIT	MIGRATED_TO_COMPANION	Reader-facing provenance suppressed; exact source lineage retained here.
CP-II-0308	SEM-8069336AF3F1	IMP-DL-07D84009EA-P002	Sequences of Functions	II/11--II/15	PLACEMENT_REVIEW_REQUIRED	IMP-DL-07D84009EA-P002;IMP-DL-162DBE4483-P002;IMP-DL-183AD43C4C-P002;IMP-DL-20E278E436-P002;IMP-DL-68F65EDA24-P002;IMP-DL-890EB1F6EA-P002;IMP-DL-995E0CD19D-P002;IMP-DL-E69AEC0DA9-P002;IMP-M2-0EAC31ED0B-P002;IMP-M2-1403D223C9-P002;IMP-M2-1750FF4FF7-P002;IMP-M2-1895C43FC6-P002;IMP-M2-50B0B212DD-P002;IMP-M2-6D7FCEA253-P002;IMP-M2-9CEC4F97B5-P002;IMP-M2-BC23C57F39-P002	Downloads/merged_exercises_corrected (1).tex	L47-L57	MIGRATED	NO_RECONCILED_SOLUTION				0		NO	PENDING_VISUAL_AUDIT	MIGRATED_TO_COMPANION	Reader-facing provenance suppressed; exact source lineage retained here.
CP-II-0309	SEM-80742A5C69F8	IMP-DL-316AE183C3-P039	Metric and Topological Foundations	II/01--II/07	READY_FOR_COMPANION_MIGRATION	IMP-DL-316AE183C3-P039;IMP-M2-303BB87ACE-P039	Downloads/theory-of-analysis-functions.tex	L2336-L2420	MIGRATED	NO_RECONCILED_SOLUTION				0		CANDIDATE	PENDING_VISUAL_AUDIT	MIGRATED_TO_COMPANION	Reader-facing provenance suppressed; exact source lineage retained here.
CP-II-0310	SEM-80AEE9931E3E	IMP-DL-EAE0F59552-P014	Metric and Topological Foundations	II/01--II/07	READY_FOR_COMPANION_MIGRATION	IMP-DL-EAE0F59552-P014;IMP-M2-7EA9DA1D72-P014	Downloads/theory-of-analysis-topology.tex	L715-L943	MIGRATED	NO_RECONCILED_SOLUTION				0		CANDIDATE	PENDING_VISUAL_AUDIT	MIGRATED_TO_COMPANION	Reader-facing provenance suppressed; exact source lineage retained here.
CP-II-0311	SEM-813021A62CDF	IMP-DL-15679DEE8D-P012	Fixed Points and Differential Equations	II/16--II/19	READY_FOR_COMPANION_MIGRATION	IMP-DL-15679DEE8D-P012;IMP-DL-3CA1CB77F7-P012;IMP-DL-E0A96454A5-P012;IMP-M2-1D2863B81A-P012;IMP-M2-D47CB97304-P012;IMP-M2-F08D4144EA-P012	Downloads/theory-of-analysis - Copy.tex	L1003-L1108	MIGRATED	NO_RECONCILED_SOLUTION				0		YES	SOURCE_PRESENT_REVIEW_LATER	MIGRATED_TO_COMPANION	Reader-facing provenance suppressed; exact source lineage retained here.
CP-II-0312	SEM-82C1E33182C2	IMP-DL-316AE183C3-P058	Sequences of Functions	II/11--II/15	PLACEMENT_REVIEW_REQUIRED	IMP-DL-316AE183C3-P058;IMP-M2-303BB87ACE-P058	Downloads/theory-of-analysis-functions.tex	L3361-L3365	MIGRATED	NO_RECONCILED_SOLUTION				0		NO	PENDING_VISUAL_AUDIT	MIGRATED_TO_COMPANION	Reader-facing provenance suppressed; exact source lineage retained here.
CP-II-0313	SEM-8383E1FD3433	IMP-DL-183AD43C4C-R000847-8383E1FD	Sequences of Functions	II/11--II/15	PLACEMENT_REVIEW_REQUIRED	IMP-DL-183AD43C4C-R000847-8383E1FD;IMP-DL-20E278E436-R000789-8383E1FD;IMP-M2-1895C43FC6-R000847-8383E1FD;IMP-M2-50B0B212DD-R000789-8383E1FD	Downloads/theory-of-real-analysis.tex	L847-L849	MIGRATED	MIGRATED_PRIMARY_SOLUTION	IMP-DL-183AD43C4C-S019	Downloads/theory-of-real-analysis.tex	L850-L859	1		NO	PENDING_VISUAL_AUDIT	MIGRATED_TO_COMPANION	Reader-facing provenance suppressed; exact source lineage retained here.
CP-II-0314	SEM-83B8B4D1ACB7	IMP-DL-316AE183C3-P054	Sequences of Functions	II/11--II/15	PLACEMENT_REVIEW_REQUIRED	IMP-DL-316AE183C3-P054;IMP-M2-303BB87ACE-P054	Downloads/theory-of-analysis-functions.tex	L3288-L3289	MIGRATED	NO_RECONCILED_SOLUTION				0		NO	PENDING_VISUAL_AUDIT	MIGRATED_TO_COMPANION	Reader-facing provenance suppressed; exact source lineage retained here.
CP-II-0315	SEM-83C5091533FC	IMP-DL-E532B44856-P004	Fixed Points and Differential Equations	II/16--II/19	READY_FOR_COMPANION_MIGRATION	IMP-DL-E532B44856-P004;IMP-M2-C037D998D4-P004	Downloads/theory-of-analysis-functions-II.tex	L579-L665	MIGRATED	NO_RECONCILED_SOLUTION				0		NO	PENDING_VISUAL_AUDIT	MIGRATED_TO_COMPANION	Reader-facing provenance suppressed; exact source lineage retained here.
CP-II-0316	SEM-83E9C38F5023	IMP-DL-3CA1CB77F7-P031	Sequences of Functions	II/11--II/15	PLACEMENT_REVIEW_REQUIRED	IMP-DL-3CA1CB77F7-P031;IMP-DL-3CA1CB77F7-R004025-83E9C38F;IMP-M2-F08D4144EA-P031;IMP-M2-F08D4144EA-R004025-83E9C38F	Downloads/theory-of-analysis-numbers.tex	L4025-L4039	MIGRATED	NO_RECONCILED_SOLUTION				0		NO	PENDING_VISUAL_AUDIT	MIGRATED_TO_COMPANION	Reader-facing provenance suppressed; exact source lineage retained here.
CP-II-0317	SEM-84564BA1C635	IMP-DL-873C6F4098-P011	Calculus	II/08--II/10	READY_FOR_COMPANION_MIGRATION	IMP-DL-873C6F4098-P011;IMP-M2-CFC28ED568-P011	Downloads/theory-of-analysis-II.tex	L578-L600	MIGRATED	MIGRATED_PRIMARY_SOLUTION	IMP-DL-873C6F4098-S004	Downloads/theory-of-analysis-II.tex	L601-L618	1		NO	PENDING_VISUAL_AUDIT	MIGRATED_TO_COMPANION	Reader-facing provenance suppressed; exact source lineage retained here.
CP-II-0318	SEM-84791F5DC248	IMP-DL-873C6F4098-P079	Sequences of Functions	II/11--II/15	PLACEMENT_REVIEW_REQUIRED	IMP-DL-873C6F4098-P079;IMP-M2-CFC28ED568-P079	Downloads/theory-of-analysis-II.tex	L3008-L3008	MIGRATED	NO_RECONCILED_SOLUTION				0		NO	PENDING_VISUAL_AUDIT	MIGRATED_TO_COMPANION	Reader-facing provenance suppressed; exact source lineage retained here.
CP-II-0319	SEM-84BA5D01D534	IMP-DL-316AE183C3-P017	Sequences of Functions	II/11--II/15	PLACEMENT_REVIEW_REQUIRED	IMP-DL-316AE183C3-P017;IMP-M2-303BB87ACE-P017	Downloads/theory-of-analysis-functions.tex	L2044-L2056	MIGRATED	NO_RECONCILED_SOLUTION				0		NO	PENDING_VISUAL_AUDIT	MIGRATED_TO_COMPANION	Reader-facing provenance suppressed; exact source lineage retained here.
CP-II-0320	SEM-84D7296FA0C7	IMP-DL-11EDF39EA7-P018	Metric and Topological Foundations	II/01--II/07	READY_FOR_COMPANION_MIGRATION	IMP-DL-11EDF39EA7-P018;IMP-M2-68556E3D88-P018	Downloads/theory-of-analysis-FD2.tex	L3194-L3256	MIGRATED	MIGRATED_PRIMARY_SOLUTION	IMP-DL-11EDF39EA7-S014	Downloads/theory-of-analysis-FD2.tex	L3257-L3304	1		NO	PENDING_VISUAL_AUDIT	MIGRATED_TO_COMPANION	Reader-facing provenance suppressed; exact source lineage retained here.
CP-II-0321	SEM-862807194EF6	IMP-DL-A470D9BACB-P015	Metric and Topological Foundations	II/01--II/07	READY_FOR_COMPANION_MIGRATION	IMP-DL-A470D9BACB-P015;IMP-M2-2850FB9A8A-P015	Downloads/theory-of-geometry-1.tex	L743-L836	MIGRATED	NO_RECONCILED_SOLUTION				0		YES	SOURCE_PRESENT_REVIEW_LATER	MIGRATED_TO_COMPANION	Reader-facing provenance suppressed; exact source lineage retained here.
CP-II-0322	SEM-8694EB6B3886	IMP-DL-117191C0EC-P056	Metric and Topological Foundations	II/01--II/07	READY_FOR_COMPANION_MIGRATION	IMP-DL-117191C0EC-P056;IMP-M2-40A546CAA2-P056	Downloads/theory-of-analysis-topics.tex	L4686-L4786	MIGRATED	MIGRATED_PRIMARY_SOLUTION	IMP-DL-117191C0EC-S027	Downloads/theory-of-analysis-topics.tex	L4787-L4815	1		NO	PENDING_VISUAL_AUDIT	MIGRATED_TO_COMPANION	Reader-facing provenance suppressed; exact source lineage retained here.
CP-II-0323	SEM-86E3FA257854	IMP-DL-873C6F4098-P071	Metric and Topological Foundations	II/01--II/07	READY_FOR_COMPANION_MIGRATION	IMP-DL-873C6F4098-P071;IMP-M2-CFC28ED568-P071	Downloads/theory-of-analysis-II.tex	L2484-L2490	MIGRATED	NO_RECONCILED_SOLUTION				0		NO	PENDING_VISUAL_AUDIT	MIGRATED_TO_COMPANION	Reader-facing provenance suppressed; exact source lineage retained here.
CP-II-0324	SEM-86F3B19E4E13	IMP-DL-183AD43C4C-PSR002637-86F3B19E	Sequences of Functions	II/11--II/15	READY_FOR_COMPANION_MIGRATION	IMP-DL-183AD43C4C-PSR002637-86F3B19E;IMP-M2-1895C43FC6-PSR002637-86F3B19E	Downloads/theory-of-real-analysis.tex	L2637-L3175	MIGRATED	NO_RECONCILED_SOLUTION				0		YES	SOURCE_PRESENT_REVIEW_LATER	MIGRATED_TO_COMPANION	Reader-facing provenance suppressed; exact source lineage retained here.
CP-II-0325	SEM-8701ED810909	IMP-DL-183AD43C4C-R001881-8701ED81	Calculus	II/08--II/10	READY_FOR_COMPANION_MIGRATION	IMP-DL-183AD43C4C-R001881-8701ED81;IMP-DL-20E278E436-R001823-8701ED81;IMP-M2-1895C43FC6-R001881-8701ED81;IMP-M2-50B0B212DD-R001823-8701ED81	Downloads/theory-of-real-analysis.tex	L1881-L1901	MIGRATED	NO_RECONCILED_SOLUTION				0		NO	PENDING_VISUAL_AUDIT	MIGRATED_TO_COMPANION	Reader-facing provenance suppressed; exact source lineage retained here.
CP-II-0326	SEM-87EB24683FC3	IMP-DL-07D84009EA-P010	Metric and Topological Foundations	II/01--II/07	READY_FOR_COMPANION_MIGRATION	IMP-DL-07D84009EA-P010;IMP-DL-162DBE4483-P010;IMP-DL-183AD43C4C-P010;IMP-DL-20E278E436-P010;IMP-DL-68F65EDA24-P010;IMP-DL-890EB1F6EA-P010;IMP-DL-995E0CD19D-P010;IMP-DL-E69AEC0DA9-P010;IMP-M2-0EAC31ED0B-P010;IMP-M2-1403D223C9-P010;IMP-M2-1750FF4FF7-P010;IMP-M2-1895C43FC6-P010;IMP-M2-50B0B212DD-P010;IMP-M2-6D7FCEA253-P010;IMP-M2-9CEC4F97B5-P010;IMP-M2-BC23C57F39-P010	Downloads/merged_exercises_corrected (1).tex	L123-L131	MIGRATED	NO_RECONCILED_SOLUTION				0		NO	PENDING_VISUAL_AUDIT	MIGRATED_TO_COMPANION	Reader-facing provenance suppressed; exact source lineage retained here.
CP-II-0327	SEM-88E68FDE7905	IMP-DL-2370D81D66-P022	Sequences of Functions	II/11--II/15	PLACEMENT_REVIEW_REQUIRED	IMP-DL-2370D81D66-P022;IMP-M2-D036BAB254-P022	Downloads/theory-of-analysis-FD.tex	L3387-L3391	MIGRATED	NO_RECONCILED_SOLUTION				0		NO	PENDING_VISUAL_AUDIT	MIGRATED_TO_COMPANION	Reader-facing provenance suppressed; exact source lineage retained here.
CP-II-0328	SEM-89852AACD4BA	IMP-DL-183AD43C4C-R001740-89852AAC	Calculus	II/08--II/10	READY_FOR_COMPANION_MIGRATION	IMP-DL-183AD43C4C-R001740-89852AAC;IMP-DL-20E278E436-R001682-89852AAC;IMP-M2-1895C43FC6-R001740-89852AAC;IMP-M2-50B0B212DD-R001682-89852AAC	Downloads/theory-of-real-analysis.tex	L1740-L1749	MIGRATED	MIGRATED_PRIMARY_SOLUTION	IMP-DL-183AD43C4C-S041	Downloads/theory-of-real-analysis.tex	L1750-L1764	1		NO	PENDING_VISUAL_AUDIT	MIGRATED_TO_COMPANION	Reader-facing provenance suppressed; exact source lineage retained here.
CP-II-0329	SEM-8A1EFF7C9788	IMP-DL-2370D81D66-P042	Sequences of Functions	II/11--II/15	PLACEMENT_REVIEW_REQUIRED	IMP-DL-2370D81D66-P042;IMP-M2-D036BAB254-P042	Downloads/theory-of-analysis-FD.tex	L4570-L4570	MIGRATED	NO_RECONCILED_SOLUTION				0		NO	PENDING_VISUAL_AUDIT	MIGRATED_TO_COMPANION	Reader-facing provenance suppressed; exact source lineage retained here.
CP-II-0330	SEM-8A6C9F110EF0	IMP-DL-316AE183C3-P066	Metric and Topological Foundations	II/01--II/07	READY_FOR_COMPANION_MIGRATION	IMP-DL-316AE183C3-P066;IMP-M2-303BB87ACE-P066	Downloads/theory-of-analysis-functions.tex	L3487-L3488	MIGRATED	NO_RECONCILED_SOLUTION				0		NO	PENDING_VISUAL_AUDIT	MIGRATED_TO_COMPANION	Reader-facing provenance suppressed; exact source lineage retained here.
CP-II-0331	SEM-8A6ED3D9838A	IMP-DL-3CA1CB77F7-P032	Approximation	II/20--II/25	READY_FOR_COMPANION_MIGRATION	IMP-DL-3CA1CB77F7-P032;IMP-DL-3CA1CB77F7-R004111-8A6ED3D9;IMP-M2-F08D4144EA-P032;IMP-M2-F08D4144EA-R004111-8A6ED3D9	Downloads/theory-of-analysis-numbers.tex	L4111-L4136	MIGRATED	NO_RECONCILED_SOLUTION				0		NO	PENDING_VISUAL_AUDIT	MIGRATED_TO_COMPANION	Reader-facing provenance suppressed; exact source lineage retained here.
CP-II-0332	SEM-8A7CEE507444	IMP-DL-EAE0F59552-P008	Metric and Topological Foundations	II/01--II/07	READY_FOR_COMPANION_MIGRATION	IMP-DL-EAE0F59552-P008;IMP-M2-7EA9DA1D72-P008	Downloads/theory-of-analysis-topology.tex	L439-L483	MIGRATED	NO_RECONCILED_SOLUTION				0		NO	PENDING_VISUAL_AUDIT	MIGRATED_TO_COMPANION	Reader-facing provenance suppressed; exact source lineage retained here.
CP-II-0333	SEM-8ACB84F900AE	IMP-DL-0EB9CBD958-P082	Metric and Topological Foundations	II/01--II/07	PLACEMENT_REVIEW_REQUIRED	IMP-DL-0EB9CBD958-P082;IMP-M2-F4C85D52DC-P082	Downloads/theory-of-geometry.tex	L4833-L5094	MIGRATED	NO_RECONCILED_SOLUTION				0		NO	PENDING_VISUAL_AUDIT	MIGRATED_TO_COMPANION	Reader-facing provenance suppressed; exact source lineage retained here.
CP-II-0334	SEM-8AF325C12E89	IMP-DL-873C6F4098-P073	Metric and Topological Foundations	II/01--II/07	READY_FOR_COMPANION_MIGRATION	IMP-DL-873C6F4098-P073;IMP-M2-CFC28ED568-P073	Downloads/theory-of-analysis-II.tex	L2496-L2539	MIGRATED	NO_RECONCILED_SOLUTION				0		NO	PENDING_VISUAL_AUDIT	MIGRATED_TO_COMPANION	Reader-facing provenance suppressed; exact source lineage retained here.
CP-II-0335	SEM-8B612451AFC4	IMP-DL-2370D81D66-P045	Sequences of Functions	II/11--II/15	PLACEMENT_REVIEW_REQUIRED	IMP-DL-2370D81D66-P045;IMP-M2-D036BAB254-P045	Downloads/theory-of-analysis-FD.tex	L4657-L4662	MIGRATED	NO_RECONCILED_SOLUTION				0		NO	PENDING_VISUAL_AUDIT	MIGRATED_TO_COMPANION	Reader-facing provenance suppressed; exact source lineage retained here.
CP-II-0336	SEM-8B86DCA0DD20	IMP-DL-E532B44856-P011	Sequences of Functions	II/11--II/15	PLACEMENT_REVIEW_REQUIRED	IMP-DL-E532B44856-P011;IMP-M2-C037D998D4-P011	Downloads/theory-of-analysis-functions-II.tex	L2004-L2090	MIGRATED	NO_RECONCILED_SOLUTION				0		NO	PENDING_VISUAL_AUDIT	MIGRATED_TO_COMPANION	Reader-facing provenance suppressed; exact source lineage retained here.
CP-II-0337	SEM-8BAA67C054AB	IMP-DL-873C6F4098-P095	Sequences of Functions	II/11--II/15	PLACEMENT_REVIEW_REQUIRED	IMP-DL-873C6F4098-P095;IMP-M2-CFC28ED568-P095	Downloads/theory-of-analysis-II.tex	L3516-L3527	MIGRATED	NO_RECONCILED_SOLUTION				0		NO	PENDING_VISUAL_AUDIT	MIGRATED_TO_COMPANION	Reader-facing provenance suppressed; exact source lineage retained here.
CP-II-0338	SEM-8BFF6914B644	IMP-DL-EAE0F59552-P001	Metric and Topological Foundations	II/01--II/07	READY_FOR_COMPANION_MIGRATION	IMP-DL-EAE0F59552-P001;IMP-M2-7EA9DA1D72-P001	Downloads/theory-of-analysis-topology.tex	L98-L113	MIGRATED	MIGRATED_PRIMARY_SOLUTION	IMP-DL-EAE0F59552-S001	Downloads/theory-of-analysis-topology.tex	L114-L124	1		NO	PENDING_VISUAL_AUDIT	MIGRATED_TO_COMPANION	Reader-facing provenance suppressed; exact source lineage retained here.
CP-II-0339	SEM-8C17FB4CA3A6	IMP-DL-873C6F4098-P070	Sequences of Functions	II/11--II/15	PLACEMENT_REVIEW_REQUIRED	IMP-DL-873C6F4098-P070;IMP-M2-CFC28ED568-P070	Downloads/theory-of-analysis-II.tex	L2479-L2483	MIGRATED	NO_RECONCILED_SOLUTION				0		NO	PENDING_VISUAL_AUDIT	MIGRATED_TO_COMPANION	Reader-facing provenance suppressed; exact source lineage retained here.
CP-II-0340	SEM-8CB501198E41	IMP-DL-117191C0EC-P023	Approximation	II/20--II/25	READY_FOR_COMPANION_MIGRATION	IMP-DL-117191C0EC-P023;IMP-M2-40A546CAA2-P023	Downloads/theory-of-analysis-topics.tex	L2235-L2324	MIGRATED	NO_RECONCILED_SOLUTION				0		NO	PENDING_VISUAL_AUDIT	MIGRATED_TO_COMPANION	Reader-facing provenance suppressed; exact source lineage retained here.
CP-II-0341	SEM-8D676F3BB58D	IMP-DL-3CA1CB77F7-P046	Sequences of Functions	II/11--II/15	PLACEMENT_REVIEW_REQUIRED	IMP-DL-3CA1CB77F7-P046;IMP-DL-3CA1CB77F7-R005100-8D676F3B;IMP-M2-F08D4144EA-P046;IMP-M2-F08D4144EA-R005100-8D676F3B	Downloads/theory-of-analysis-numbers.tex	L5100-L5110	MIGRATED	MIGRATED_PRIMARY_SOLUTION	IMP-DL-3CA1CB77F7-S022	Downloads/theory-of-analysis-numbers.tex	L5124-L5145	1		NO	PENDING_VISUAL_AUDIT	MIGRATED_TO_COMPANION	Reader-facing provenance suppressed; exact source lineage retained here.
CP-II-0342	SEM-8D8058F930C3	IMP-DL-873C6F4098-P008	Sequences of Functions	II/11--II/15	PLACEMENT_REVIEW_REQUIRED	IMP-DL-873C6F4098-P008;IMP-M2-CFC28ED568-P008	Downloads/theory-of-analysis-II.tex	L522-L529	MIGRATED	MIGRATED_PRIMARY_SOLUTION	IMP-DL-873C6F4098-S002	Downloads/theory-of-analysis-II.tex	L530-L545	1		NO	PENDING_VISUAL_AUDIT	MIGRATED_TO_COMPANION	Reader-facing provenance suppressed; exact source lineage retained here.
CP-II-0343	SEM-8E320EA37D26	IMP-DL-316AE183C3-P062	Sequences of Functions	II/11--II/15	PLACEMENT_REVIEW_REQUIRED	IMP-DL-316AE183C3-P062;IMP-M2-303BB87ACE-P062	Downloads/theory-of-analysis-functions.tex	L3414-L3419	MIGRATED	NO_RECONCILED_SOLUTION				0		NO	PENDING_VISUAL_AUDIT	MIGRATED_TO_COMPANION	Reader-facing provenance suppressed; exact source lineage retained here.
CP-II-0344	SEM-8E42962687D4	IMP-DL-15679DEE8D-P015	Sequences of Functions	II/11--II/15	READY_FOR_COMPANION_MIGRATION	IMP-DL-15679DEE8D-P015;IMP-DL-15679DEE8D-R002803-8E429626;IMP-DL-3CA1CB77F7-P015;IMP-DL-3CA1CB77F7-R002806-8E429626;IMP-DL-E0A96454A5-P015;IMP-DL-E0A96454A5-R002803-8E429626;IMP-M2-1D2863B81A-P015;IMP-M2-1D2863B81A-R002803-8E429626;IMP-M2-D47CB97304-P015;IMP-M2-D47CB97304-R002803-8E429626;IMP-M2-F08D4144EA-P015;IMP-M2-F08D4144EA-R002806-8E429626	Downloads/theory-of-analysis - Copy.tex	L2803-L2818	MIGRATED	NO_RECONCILED_SOLUTION				0		NO	PENDING_VISUAL_AUDIT	MIGRATED_TO_COMPANION	Reader-facing provenance suppressed; exact source lineage retained here.
CP-II-0345	SEM-8F2878D6E86F	IMP-DL-117191C0EC-P015	Fixed Points and Differential Equations	II/16--II/19	READY_FOR_COMPANION_MIGRATION	IMP-DL-117191C0EC-P015;IMP-M2-40A546CAA2-P015	Downloads/theory-of-analysis-topics.tex	L1282-L1303	MIGRATED	MIGRATED_PRIMARY_SOLUTION	IMP-DL-117191C0EC-S008	Downloads/theory-of-analysis-topics.tex	L1304-L1368	1		NO	PENDING_VISUAL_AUDIT	MIGRATED_TO_COMPANION	Reader-facing provenance suppressed; exact source lineage retained here.
CP-II-0346	SEM-8FDF4DEF0F30	IMP-DL-117191C0EC-P025	Approximation	II/20--II/25	READY_FOR_COMPANION_MIGRATION	IMP-DL-117191C0EC-P025;IMP-M2-40A546CAA2-P025	Downloads/theory-of-analysis-topics.tex	L2537-L2587	MIGRATED	MIGRATED_PRIMARY_SOLUTION	IMP-DL-117191C0EC-S014	Downloads/theory-of-analysis-topics.tex	L2588-L2611	1		NO	PENDING_VISUAL_AUDIT	MIGRATED_TO_COMPANION	Reader-facing provenance suppressed; exact source lineage retained here.
CP-II-0347	SEM-90A5D491B031	IMP-DL-EAE0F59552-PSR002338-90A5D491	Sequences of Functions	II/11--II/15	READY_FOR_COMPANION_MIGRATION	IMP-DL-EAE0F59552-PSR002338-90A5D491;IMP-M2-7EA9DA1D72-PSR002338-90A5D491	Downloads/theory-of-analysis-topology.tex	L2338-L2478	MIGRATED	NO_RECONCILED_SOLUTION				0		YES	SOURCE_PRESENT_REVIEW_LATER	MIGRATED_TO_COMPANION	Reader-facing provenance suppressed; exact source lineage retained here.
CP-II-0348	SEM-90E406C5BF82	IMP-DL-316AE183C3-P048	Sequences of Functions	II/11--II/15	PLACEMENT_REVIEW_REQUIRED	IMP-DL-316AE183C3-P048;IMP-M2-303BB87ACE-P048	Downloads/theory-of-analysis-functions.tex	L2555-L2699	MIGRATED	NO_RECONCILED_SOLUTION				0		CANDIDATE	PENDING_VISUAL_AUDIT	MIGRATED_TO_COMPANION	Reader-facing provenance suppressed; exact source lineage retained here.
CP-II-0349	SEM-9132716C735A	IMP-DL-873C6F4098-P075	Fixed Points and Differential Equations	II/16--II/19	READY_FOR_COMPANION_MIGRATION	IMP-DL-873C6F4098-P075;IMP-M2-CFC28ED568-P075	Downloads/theory-of-analysis-II.tex	L2585-L2726	MIGRATED	NO_RECONCILED_SOLUTION				0		NO	PENDING_VISUAL_AUDIT	MIGRATED_TO_COMPANION	Reader-facing provenance suppressed; exact source lineage retained here.
CP-II-0350	SEM-9172B7D9A8B5	IMP-DL-183AD43C4C-R001571-9172B7D9	Sequences of Functions	II/11--II/15	PLACEMENT_REVIEW_REQUIRED	IMP-DL-183AD43C4C-R001571-9172B7D9;IMP-DL-20E278E436-R001513-9172B7D9;IMP-M2-1895C43FC6-R001571-9172B7D9;IMP-M2-50B0B212DD-R001513-9172B7D9	Downloads/theory-of-real-analysis.tex	L1571-L1599	MIGRATED	MIGRATED_PRIMARY_SOLUTION	IMP-DL-183AD43C4C-S038	Downloads/theory-of-real-analysis.tex	L1600-L1630	1		NO	PENDING_VISUAL_AUDIT	MIGRATED_TO_COMPANION	Reader-facing provenance suppressed; exact source lineage retained here.
CP-II-0351	SEM-91A95B646592	IMP-DL-316AE183C3-P070	Sequences of Functions	II/11--II/15	PLACEMENT_REVIEW_REQUIRED	IMP-DL-316AE183C3-P070;IMP-M2-303BB87ACE-P070	Downloads/theory-of-analysis-functions.tex	L3502-L3504	MIGRATED	NO_RECONCILED_SOLUTION				0		NO	PENDING_VISUAL_AUDIT	MIGRATED_TO_COMPANION	Reader-facing provenance suppressed; exact source lineage retained here.
CP-II-0352	SEM-91C1ED2712C2	IMP-DL-873C6F4098-P025	Sequences of Functions	II/11--II/15	PLACEMENT_REVIEW_REQUIRED	IMP-DL-873C6F4098-P025;IMP-M2-CFC28ED568-P025	Downloads/theory-of-analysis-II.tex	L849-L854	MIGRATED	NO_RECONCILED_SOLUTION				0		NO	PENDING_VISUAL_AUDIT	MIGRATED_TO_COMPANION	Reader-facing provenance suppressed; exact source lineage retained here.
CP-II-0353	SEM-91DA99432451	IMP-DL-117191C0EC-P032	Approximation	II/20--II/25	READY_FOR_COMPANION_MIGRATION	IMP-DL-117191C0EC-P032;IMP-M2-40A546CAA2-P032	Downloads/theory-of-analysis-topics.tex	L3436-L3535	MIGRATED	NO_RECONCILED_SOLUTION				0		NO	PENDING_VISUAL_AUDIT	MIGRATED_TO_COMPANION	Reader-facing provenance suppressed; exact source lineage retained here.
CP-II-0354	SEM-94D8D56CD62B	IMP-DL-873C6F4098-P090	Calculus	II/08--II/10	READY_FOR_COMPANION_MIGRATION	IMP-DL-873C6F4098-P090;IMP-M2-CFC28ED568-P090	Downloads/theory-of-analysis-II.tex	L3409-L3441	MIGRATED	NO_RECONCILED_SOLUTION				0		NO	PENDING_VISUAL_AUDIT	MIGRATED_TO_COMPANION	Reader-facing provenance suppressed; exact source lineage retained here.
CP-II-0355	SEM-94F45F4C27A1	IMP-DL-873C6F4098-P004	Sequences of Functions	II/11--II/15	PLACEMENT_REVIEW_REQUIRED	IMP-DL-873C6F4098-P004;IMP-M2-CFC28ED568-P004	Downloads/theory-of-analysis-II.tex	L270-L276	MIGRATED	MIGRATED_PRIMARY_SOLUTION	IMP-DL-873C6F4098-S001	Downloads/theory-of-analysis-II.tex	L277-L310	1		NO	PENDING_VISUAL_AUDIT	MIGRATED_TO_COMPANION	Reader-facing provenance suppressed; exact source lineage retained here.
CP-II-0356	SEM-94FA66FB20E3	IMP-DL-117191C0EC-P004	Sequences of Functions	II/11--II/15	PLACEMENT_REVIEW_REQUIRED	IMP-DL-117191C0EC-P004;IMP-M2-40A546CAA2-P004	Downloads/theory-of-analysis-topics.tex	L573-L573	MIGRATED	NO_RECONCILED_SOLUTION				0		NO	PENDING_VISUAL_AUDIT	MIGRATED_TO_COMPANION	Reader-facing provenance suppressed; exact source lineage retained here.
CP-II-0357	SEM-955FABA812CB	IMP-DL-EAE0F59552-R000187-955FABA8	Metric and Topological Foundations	II/01--II/07	READY_FOR_COMPANION_MIGRATION	IMP-DL-EAE0F59552-R000187-955FABA8;IMP-M2-7EA9DA1D72-R000187-955FABA8	Downloads/theory-of-analysis-topology.tex	L187-L207	MIGRATED	NO_RECONCILED_SOLUTION				0		NO	PENDING_VISUAL_AUDIT	MIGRATED_TO_COMPANION	Reader-facing provenance suppressed; exact source lineage retained here.
CP-II-0358	SEM-962C14A01CAB	IMP-DL-11EDF39EA7-P019	Sequences of Functions	II/11--II/15	PLACEMENT_REVIEW_REQUIRED	IMP-DL-11EDF39EA7-P019;IMP-M2-68556E3D88-P019	Downloads/theory-of-analysis-FD2.tex	L3305-L3398	MIGRATED	MIGRATED_PRIMARY_SOLUTION	IMP-DL-11EDF39EA7-S015	Downloads/theory-of-analysis-FD2.tex	L3399-L3503	1		CANDIDATE	PENDING_VISUAL_AUDIT	MIGRATED_TO_COMPANION	Reader-facing provenance suppressed; exact source lineage retained here.
CP-II-0359	SEM-962DDFAED141	IMP-DL-117191C0EC-P024	Approximation	II/20--II/25	READY_FOR_COMPANION_MIGRATION	IMP-DL-117191C0EC-P024;IMP-M2-40A546CAA2-P024	Downloads/theory-of-analysis-topics.tex	L2325-L2343	MIGRATED	MIGRATED_PRIMARY_SOLUTION	IMP-DL-117191C0EC-S013	Downloads/theory-of-analysis-topics.tex	L2344-L2395	1		NO	PENDING_VISUAL_AUDIT	MIGRATED_TO_COMPANION	Reader-facing provenance suppressed; exact source lineage retained here.
CP-II-0360	SEM-97889C2A01FE	IMP-DL-11EDF39EA7-P001	Sequences of Functions	II/11--II/15	PLACEMENT_REVIEW_REQUIRED	IMP-DL-11EDF39EA7-P001;IMP-M2-68556E3D88-P001	Downloads/theory-of-analysis-FD2.tex	L440-L447	MIGRATED	NO_RECONCILED_SOLUTION				0		NO	PENDING_VISUAL_AUDIT	MIGRATED_TO_COMPANION	Reader-facing provenance suppressed; exact source lineage retained here.
CP-II-0361	SEM-97DE10868F0F	IMP-DL-11EDF39EA7-P035	Sequences of Functions	II/11--II/15	PLACEMENT_REVIEW_REQUIRED	IMP-DL-11EDF39EA7-P035;IMP-M2-68556E3D88-P035	Downloads/theory-of-analysis-FD2.tex	L5265-L5266	MIGRATED	NO_RECONCILED_SOLUTION				0		NO	PENDING_VISUAL_AUDIT	MIGRATED_TO_COMPANION	Reader-facing provenance suppressed; exact source lineage retained here.
CP-II-0362	SEM-9800CB7EEC9C	IMP-DL-11EDF39EA7-P007	Sequences of Functions	II/11--II/15	PLACEMENT_REVIEW_REQUIRED	IMP-DL-11EDF39EA7-P007;IMP-M2-68556E3D88-P007	Downloads/theory-of-analysis-FD2.tex	L905-L914	MIGRATED	MIGRATED_PRIMARY_SOLUTION;ALTERNATE_VARIANTS_RETAINED_IN_PROVENANCE	IMP-DL-11EDF39EA7-S005	Downloads/theory-of-analysis-FD2.tex	L915-L940	4	IMP-DL-11EDF39EA7-S007;IMP-DL-11EDF39EA7-S006;IMP-DL-11EDF39EA7-S008	NO	PENDING_VISUAL_AUDIT	MIGRATED_TO_COMPANION	Reader-facing provenance suppressed; exact source lineage retained here.
CP-II-0363	SEM-9821478259BF	IMP-DL-117191C0EC-P037	Approximation	II/20--II/25	READY_FOR_COMPANION_MIGRATION	IMP-DL-117191C0EC-P037;IMP-M2-40A546CAA2-P037	Downloads/theory-of-analysis-topics.tex	L3891-L3894	MIGRATED	NO_RECONCILED_SOLUTION				0		NO	PENDING_VISUAL_AUDIT	MIGRATED_TO_COMPANION	Reader-facing provenance suppressed; exact source lineage retained here.
CP-II-0364	SEM-9912E1B02057	IMP-DL-316AE183C3-P072	Sequences of Functions	II/11--II/15	PLACEMENT_REVIEW_REQUIRED	IMP-DL-316AE183C3-P072;IMP-M2-303BB87ACE-P072	Downloads/theory-of-analysis-functions.tex	L3512-L3517	MIGRATED	NO_RECONCILED_SOLUTION				0		NO	PENDING_VISUAL_AUDIT	MIGRATED_TO_COMPANION	Reader-facing provenance suppressed; exact source lineage retained here.
CP-II-0365	SEM-99838B3A8C95	IMP-DL-117191C0EC-P007	Metric and Topological Foundations	II/01--II/07	READY_FOR_COMPANION_MIGRATION	IMP-DL-117191C0EC-P007;IMP-M2-40A546CAA2-P007	Downloads/theory-of-analysis-topics.tex	L581-L610	MIGRATED	NO_RECONCILED_SOLUTION				0		NO	PENDING_VISUAL_AUDIT	MIGRATED_TO_COMPANION	Reader-facing provenance suppressed; exact source lineage retained here.
CP-II-0366	SEM-99871CB616BF	IMP-DL-11EDF39EA7-P025	Sequences of Functions	II/11--II/15	READY_FOR_COMPANION_MIGRATION	IMP-DL-11EDF39EA7-P025;IMP-M2-68556E3D88-P025	Downloads/theory-of-analysis-FD2.tex	L4115-L4184	MIGRATED	NO_RECONCILED_SOLUTION				0		NO	PENDING_VISUAL_AUDIT	MIGRATED_TO_COMPANION	Reader-facing provenance suppressed; exact source lineage retained here.
CP-II-0367	SEM-9AA951E4E9B4	IMP-DL-2370D81D66-P027	Metric and Topological Foundations	II/01--II/07	READY_FOR_COMPANION_MIGRATION	IMP-DL-2370D81D66-P027;IMP-M2-D036BAB254-P027	Downloads/theory-of-analysis-FD.tex	L3960-L3969	MIGRATED	NO_RECONCILED_SOLUTION				0		NO	PENDING_VISUAL_AUDIT	MIGRATED_TO_COMPANION	Reader-facing provenance suppressed; exact source lineage retained here.
CP-II-0368	SEM-9B4612617A09	IMP-DL-316AE183C3-P050	Sequences of Functions	II/11--II/15	PLACEMENT_REVIEW_REQUIRED	IMP-DL-316AE183C3-P050;IMP-M2-303BB87ACE-P050	Downloads/theory-of-analysis-functions.tex	L3190-L3206	MIGRATED	MIGRATED_PRIMARY_SOLUTION	IMP-DL-316AE183C3-S007	Downloads/theory-of-analysis-functions.tex	L3207-L3215	1		NO	PENDING_VISUAL_AUDIT	MIGRATED_TO_COMPANION	Reader-facing provenance suppressed; exact source lineage retained here.
CP-II-0369	SEM-9B5F196FD235	IMP-DL-2370D81D66-P028	Sequences of Functions	II/11--II/15	PLACEMENT_REVIEW_REQUIRED	IMP-DL-2370D81D66-P028;IMP-M2-D036BAB254-P028	Downloads/theory-of-analysis-FD.tex	L3970-L3971	MIGRATED	NO_RECONCILED_SOLUTION				0		NO	PENDING_VISUAL_AUDIT	MIGRATED_TO_COMPANION	Reader-facing provenance suppressed; exact source lineage retained here.
CP-II-0370	SEM-9B7A60974A20	IMP-DL-183AD43C4C-PSR003251-9B7A6097	Sequences of Functions	II/11--II/15	READY_FOR_COMPANION_MIGRATION	IMP-DL-183AD43C4C-PSR003251-9B7A6097;IMP-M2-1895C43FC6-PSR003251-9B7A6097	Downloads/theory-of-real-analysis.tex	L3251-L3275	MIGRATED	NO_RECONCILED_SOLUTION				0		YES	SOURCE_PRESENT_REVIEW_LATER	MIGRATED_TO_COMPANION	Reader-facing provenance suppressed; exact source lineage retained here.
CP-II-0371	SEM-9BDBF9B702E0	IMP-DL-E532B44856-P029	Calculus	II/08--II/10	READY_FOR_COMPANION_MIGRATION	IMP-DL-E532B44856-P029;IMP-M2-C037D998D4-P029	Downloads/theory-of-analysis-functions-II.tex	L2813-L2827	MIGRATED	MIGRATED_PRIMARY_SOLUTION	IMP-DL-E532B44856-S013	Downloads/theory-of-analysis-functions-II.tex	L2828-L2870	1		NO	PENDING_VISUAL_AUDIT	MIGRATED_TO_COMPANION	Reader-facing provenance suppressed; exact source lineage retained here.
CP-II-0372	SEM-9C09DE5B55BB	IMP-DL-117191C0EC-P047	Metric and Topological Foundations	II/01--II/07	READY_FOR_COMPANION_MIGRATION	IMP-DL-117191C0EC-P047;IMP-M2-40A546CAA2-P047	Downloads/theory-of-analysis-topics.tex	L4385-L4459	MIGRATED	NO_RECONCILED_SOLUTION				0		CANDIDATE	PENDING_VISUAL_AUDIT	MIGRATED_TO_COMPANION	Reader-facing provenance suppressed; exact source lineage retained here.
CP-II-0373	SEM-9C2FDD073304	IMP-DL-3CA1CB77F7-P044	Approximation	II/20--II/25	READY_FOR_COMPANION_MIGRATION	IMP-DL-3CA1CB77F7-P044;IMP-DL-3CA1CB77F7-R004862-9C2FDD07;IMP-M2-F08D4144EA-P044;IMP-M2-F08D4144EA-R004862-9C2FDD07	Downloads/theory-of-analysis-numbers.tex	L4862-L4873	MIGRATED	MIGRATED_PRIMARY_SOLUTION;ALTERNATE_VARIANTS_RETAINED_IN_PROVENANCE	IMP-DL-3CA1CB77F7-S020	Downloads/theory-of-analysis-numbers.tex	L4914-L4945	2	IMP-DL-3CA1CB77F7-S019	NO	PENDING_VISUAL_AUDIT	MIGRATED_TO_COMPANION	Reader-facing provenance suppressed; exact source lineage retained here.
CP-II-0374	SEM-9C4EF8ECA368	IMP-DL-E532B44856-P014	Sequences of Functions	II/11--II/15	PLACEMENT_REVIEW_REQUIRED	IMP-DL-E532B44856-P014;IMP-M2-C037D998D4-P014	Downloads/theory-of-analysis-functions-II.tex	L2253-L2258	MIGRATED	MIGRATED_PRIMARY_SOLUTION	IMP-DL-E532B44856-S003	Downloads/theory-of-analysis-functions-II.tex	L2259-L2269	1		NO	PENDING_VISUAL_AUDIT	MIGRATED_TO_COMPANION	Reader-facing provenance suppressed; exact source lineage retained here.
CP-II-0375	SEM-9CD994A79F3E	IMP-DL-873C6F4098-P084	Metric and Topological Foundations	II/01--II/07	READY_FOR_COMPANION_MIGRATION	IMP-DL-873C6F4098-P084;IMP-M2-CFC28ED568-P084	Downloads/theory-of-analysis-II.tex	L3100-L3160	MIGRATED	NO_RECONCILED_SOLUTION				0		NO	PENDING_VISUAL_AUDIT	MIGRATED_TO_COMPANION	Reader-facing provenance suppressed; exact source lineage retained here.
CP-II-0376	SEM-9E6A95322A7C	IMP-DL-316AE183C3-R004074-9E6A9532	Sequences of Functions	II/11--II/15	PLACEMENT_REVIEW_REQUIRED	IMP-DL-316AE183C3-R004074-9E6A9532;IMP-M2-303BB87ACE-R004074-9E6A9532	Downloads/theory-of-analysis-functions.tex	L4074-L4108	MIGRATED	NO_RECONCILED_SOLUTION				0		NO	PENDING_VISUAL_AUDIT	MIGRATED_TO_COMPANION	Reader-facing provenance suppressed; exact source lineage retained here.
CP-II-0377	SEM-9E84283BF6C5	IMP-DL-117191C0EC-P033	Fixed Points and Differential Equations	II/16--II/19	READY_FOR_COMPANION_MIGRATION	IMP-DL-117191C0EC-P033;IMP-M2-40A546CAA2-P033	Downloads/theory-of-analysis-topics.tex	L3536-L3593	MIGRATED	NO_RECONCILED_SOLUTION				0		NO	PENDING_VISUAL_AUDIT	MIGRATED_TO_COMPANION	Reader-facing provenance suppressed; exact source lineage retained here.
CP-II-0378	SEM-9EE9AECAC4C9	IMP-DL-117191C0EC-P055	Sequences of Functions	II/11--II/15	PLACEMENT_REVIEW_REQUIRED	IMP-DL-117191C0EC-P055;IMP-M2-40A546CAA2-P055	Downloads/theory-of-analysis-topics.tex	L4667-L4675	MIGRATED	MIGRATED_PRIMARY_SOLUTION	IMP-DL-117191C0EC-S026	Downloads/theory-of-analysis-topics.tex	L4676-L4685	1		NO	PENDING_VISUAL_AUDIT	MIGRATED_TO_COMPANION	Reader-facing provenance suppressed; exact source lineage retained here.
CP-II-0379	SEM-9F93ABAF8804	IMP-DL-316AE183C3-R004047-9F93ABAF	Sequences of Functions	II/11--II/15	PLACEMENT_REVIEW_REQUIRED	IMP-DL-316AE183C3-R004047-9F93ABAF;IMP-M2-303BB87ACE-R004047-9F93ABAF	Downloads/theory-of-analysis-functions.tex	L4047-L4073	MIGRATED	NO_RECONCILED_SOLUTION				0		NO	PENDING_VISUAL_AUDIT	MIGRATED_TO_COMPANION	Reader-facing provenance suppressed; exact source lineage retained here.
CP-II-0380	SEM-A11204B1686C	IMP-DL-E532B44856-P022	Sequences of Functions	II/11--II/15	PLACEMENT_REVIEW_REQUIRED	IMP-DL-E532B44856-P022;IMP-M2-C037D998D4-P022	Downloads/theory-of-analysis-functions-II.tex	L2630-L2651	MIGRATED	NO_RECONCILED_SOLUTION				0		NO	PENDING_VISUAL_AUDIT	MIGRATED_TO_COMPANION	Reader-facing provenance suppressed; exact source lineage retained here.
CP-II-0381	SEM-A1819DC9707F	IMP-DL-316AE183C3-P006	Sequences of Functions	II/11--II/15	PLACEMENT_REVIEW_REQUIRED	IMP-DL-316AE183C3-P006;IMP-M2-303BB87ACE-P006	Downloads/theory-of-analysis-functions.tex	L1568-L1578	MIGRATED	NO_RECONCILED_SOLUTION				0		NO	PENDING_VISUAL_AUDIT	MIGRATED_TO_COMPANION	Reader-facing provenance suppressed; exact source lineage retained here.
CP-II-0382	SEM-A1897BD30D43	IMP-DL-2370D81D66-P051	Sequences of Functions	II/11--II/15	PLACEMENT_REVIEW_REQUIRED	IMP-DL-2370D81D66-P051;IMP-M2-D036BAB254-P051	Downloads/theory-of-analysis-FD.tex	L4707-L4716	MIGRATED	NO_RECONCILED_SOLUTION				0		NO	PENDING_VISUAL_AUDIT	MIGRATED_TO_COMPANION	Reader-facing provenance suppressed; exact source lineage retained here.
CP-II-0383	SEM-A1A39D2DBBC9	IMP-DL-11EDF39EA7-P008	Metric and Topological Foundations	II/01--II/07	READY_FOR_COMPANION_MIGRATION	IMP-DL-11EDF39EA7-P008;IMP-M2-68556E3D88-P008	Downloads/theory-of-analysis-FD2.tex	L1070-L1078	MIGRATED	MIGRATED_PRIMARY_SOLUTION	IMP-DL-11EDF39EA7-S009	Downloads/theory-of-analysis-FD2.tex	L1079-L1175	1		NO	PENDING_VISUAL_AUDIT	MIGRATED_TO_COMPANION	Reader-facing provenance suppressed; exact source lineage retained here.
CP-II-0384	SEM-A1E9C5FBBF9B	IMP-DL-15679DEE8D-P022	Sequences of Functions	II/11--II/15	PLACEMENT_REVIEW_REQUIRED	IMP-DL-15679DEE8D-P022;IMP-DL-15679DEE8D-R003370-A1E9C5FB;IMP-DL-3CA1CB77F7-P022;IMP-DL-3CA1CB77F7-R003373-A1E9C5FB;IMP-DL-E0A96454A5-P022;IMP-DL-E0A96454A5-R003370-A1E9C5FB;IMP-M2-1D2863B81A-P022;IMP-M2-1D2863B81A-R003370-A1E9C5FB;IMP-M2-D47CB97304-P022;IMP-M2-D47CB97304-R003370-A1E9C5FB;IMP-M2-F08D4144EA-P022;IMP-M2-F08D4144EA-R003373-A1E9C5FB	Downloads/theory-of-analysis - Copy.tex	L3370-L3376	MIGRATED	NO_RECONCILED_SOLUTION				0		NO	PENDING_VISUAL_AUDIT	MIGRATED_TO_COMPANION	Reader-facing provenance suppressed; exact source lineage retained here.
CP-II-0385	SEM-A1E9CBFB356F	IMP-DL-2370D81D66-P011	Sequences of Functions	II/11--II/15	PLACEMENT_REVIEW_REQUIRED	IMP-DL-2370D81D66-P011;IMP-M2-D036BAB254-P011	Downloads/theory-of-analysis-FD.tex	L2802-L2825	MIGRATED	NO_RECONCILED_SOLUTION				0		NO	PENDING_VISUAL_AUDIT	MIGRATED_TO_COMPANION	Reader-facing provenance suppressed; exact source lineage retained here.
CP-II-0386	SEM-A299E5E1DB62	IMP-DL-183AD43C4C-PSR003586-A299E5E1	Sequences of Functions	II/11--II/15	PLACEMENT_REVIEW_REQUIRED	IMP-DL-183AD43C4C-PSR003586-A299E5E1;IMP-M2-1895C43FC6-PSR003586-A299E5E1	Downloads/theory-of-real-analysis.tex	L3586-L3601	MIGRATED	NO_RECONCILED_SOLUTION				0		YES	SOURCE_PRESENT_REVIEW_LATER	MIGRATED_TO_COMPANION	Reader-facing provenance suppressed; exact source lineage retained here.
CP-II-0387	SEM-A2A83F2E1B5E	IMP-DL-183AD43C4C-P026	Sequences of Functions	II/11--II/15	PLACEMENT_REVIEW_REQUIRED	IMP-DL-183AD43C4C-P026;IMP-DL-20E278E436-P026;IMP-M2-1895C43FC6-P026;IMP-M2-50B0B212DD-P026	Downloads/theory-of-real-analysis.tex	L2337-L2381	MIGRATED	NO_RECONCILED_SOLUTION				0		NO	PENDING_VISUAL_AUDIT	MIGRATED_TO_COMPANION	Reader-facing provenance suppressed; exact source lineage retained here.
CP-II-0388	SEM-A2D36DE93C6F	IMP-DL-316AE183C3-P055	Sequences of Functions	II/11--II/15	PLACEMENT_REVIEW_REQUIRED	IMP-DL-316AE183C3-P055;IMP-M2-303BB87ACE-P055	Downloads/theory-of-analysis-functions.tex	L3290-L3302	MIGRATED	NO_RECONCILED_SOLUTION				0		NO	PENDING_VISUAL_AUDIT	MIGRATED_TO_COMPANION	Reader-facing provenance suppressed; exact source lineage retained here.
CP-II-0389	SEM-A3530BAA9105	IMP-DL-316AE183C3-P024	Sequences of Functions	II/11--II/15	PLACEMENT_REVIEW_REQUIRED	IMP-DL-316AE183C3-P024;IMP-M2-303BB87ACE-P024	Downloads/theory-of-analysis-functions.tex	L2084-L2084	MIGRATED	NO_RECONCILED_SOLUTION				0		NO	PENDING_VISUAL_AUDIT	MIGRATED_TO_COMPANION	Reader-facing provenance suppressed; exact source lineage retained here.
CP-II-0390	SEM-A3F90D6D5714	IMP-DL-2370D81D66-R000113-A3F90D6D	Sequences of Functions	II/11--II/15	PLACEMENT_REVIEW_REQUIRED	IMP-DL-2370D81D66-R000113-A3F90D6D;IMP-M2-D036BAB254-R000113-A3F90D6D	Downloads/theory-of-analysis-FD.tex	L113-L119	MIGRATED	NO_RECONCILED_SOLUTION				0		NO	PENDING_VISUAL_AUDIT	MIGRATED_TO_COMPANION	Reader-facing provenance suppressed; exact source lineage retained here.
CP-II-0391	SEM-A52621154376	IMP-DL-873C6F4098-P080	Metric and Topological Foundations	II/01--II/07	READY_FOR_COMPANION_MIGRATION	IMP-DL-873C6F4098-P080;IMP-M2-CFC28ED568-P080	Downloads/theory-of-analysis-II.tex	L3009-L3092	MIGRATED	MIGRATED_PRIMARY_SOLUTION	IMP-DL-873C6F4098-S018	Downloads/theory-of-analysis-II.tex	L3027-L3056	1		NO	PENDING_VISUAL_AUDIT	MIGRATED_TO_COMPANION	Reader-facing provenance suppressed; exact source lineage retained here.
CP-II-0392	SEM-A586C3FA3B2B	IMP-DL-2370D81D66-P029	Sequences of Functions	II/11--II/15	PLACEMENT_REVIEW_REQUIRED	IMP-DL-2370D81D66-P029;IMP-M2-D036BAB254-P029	Downloads/theory-of-analysis-FD.tex	L4245-L4262	MIGRATED	NO_RECONCILED_SOLUTION				0		NO	PENDING_VISUAL_AUDIT	MIGRATED_TO_COMPANION	Reader-facing provenance suppressed; exact source lineage retained here.
CP-II-0393	SEM-A594472E5FAA	IMP-DL-316AE183C3-P043	Metric and Topological Foundations	II/01--II/07	READY_FOR_COMPANION_MIGRATION	IMP-DL-316AE183C3-P043;IMP-M2-303BB87ACE-P043	Downloads/theory-of-analysis-functions.tex	L2424-L2446	MIGRATED	NO_RECONCILED_SOLUTION				0		NO	PENDING_VISUAL_AUDIT	MIGRATED_TO_COMPANION	Reader-facing provenance suppressed; exact source lineage retained here.
CP-II-0394	SEM-A61611DB619A	IMP-DL-873C6F4098-P093	Sequences of Functions	II/11--II/15	PLACEMENT_REVIEW_REQUIRED	IMP-DL-873C6F4098-P093;IMP-M2-CFC28ED568-P093	Downloads/theory-of-analysis-II.tex	L3480-L3483	MIGRATED	NO_RECONCILED_SOLUTION				0		NO	PENDING_VISUAL_AUDIT	MIGRATED_TO_COMPANION	Reader-facing provenance suppressed; exact source lineage retained here.
CP-II-0395	SEM-A674028C677D	IMP-DL-316AE183C3-R003798-A674028C	Metric and Topological Foundations	II/01--II/07	READY_FOR_COMPANION_MIGRATION	IMP-DL-316AE183C3-R003798-A674028C;IMP-M2-303BB87ACE-R003798-A674028C	Downloads/theory-of-analysis-functions.tex	L3798-L4046	MIGRATED	NO_RECONCILED_SOLUTION				0		CANDIDATE	PENDING_VISUAL_AUDIT	MIGRATED_TO_COMPANION	Reader-facing provenance suppressed; exact source lineage retained here.
CP-II-0396	SEM-A6DCFC66FC2D	IMP-DL-EAE0F59552-P011	Metric and Topological Foundations	II/01--II/07	READY_FOR_COMPANION_MIGRATION	IMP-DL-EAE0F59552-P011;IMP-M2-7EA9DA1D72-P011	Downloads/theory-of-analysis-topology.tex	L561-L621	MIGRATED	NO_RECONCILED_SOLUTION				0		NO	PENDING_VISUAL_AUDIT	MIGRATED_TO_COMPANION	Reader-facing provenance suppressed; exact source lineage retained here.
CP-II-0397	SEM-A75F3DE27955	IMP-DL-183AD43C4C-PSR003533-A75F3DE2	Sequences of Functions	II/11--II/15	PLACEMENT_REVIEW_REQUIRED	IMP-DL-183AD43C4C-PSR003533-A75F3DE2;IMP-M2-1895C43FC6-PSR003533-A75F3DE2	Downloads/theory-of-real-analysis.tex	L3533-L3549	MIGRATED	NO_RECONCILED_SOLUTION				0		YES	SOURCE_PRESENT_REVIEW_LATER	MIGRATED_TO_COMPANION	Reader-facing provenance suppressed; exact source lineage retained here.
CP-II-0398	SEM-A82B5A251392	IMP-DL-E69AEC0DA9-P020	Sequences of Functions	II/11--II/15	PLACEMENT_REVIEW_REQUIRED	IMP-DL-E69AEC0DA9-P020;IMP-M2-BC23C57F39-P020	Downloads/merged_exercises_corrected (4).tex	L325-L336	MIGRATED	NO_RECONCILED_SOLUTION				0		NO	PENDING_VISUAL_AUDIT	MIGRATED_TO_COMPANION	Reader-facing provenance suppressed; exact source lineage retained here.
CP-II-0399	SEM-A845D9D4052F	IMP-DL-EAE0F59552-P005	Sequences of Functions	II/11--II/15	PLACEMENT_REVIEW_REQUIRED	IMP-DL-EAE0F59552-P005;IMP-M2-7EA9DA1D72-P005	Downloads/theory-of-analysis-topology.tex	L168-L172	MIGRATED	NO_RECONCILED_SOLUTION				0		NO	PENDING_VISUAL_AUDIT	MIGRATED_TO_COMPANION	Reader-facing provenance suppressed; exact source lineage retained here.
CP-II-0400	SEM-A8FD3D2ECD5D	IMP-DL-183AD43C4C-R001524-A8FD3D2E	Sequences of Functions	II/11--II/15	PLACEMENT_REVIEW_REQUIRED	IMP-DL-183AD43C4C-R001524-A8FD3D2E;IMP-DL-20E278E436-R001466-A8FD3D2E;IMP-M2-1895C43FC6-R001524-A8FD3D2E;IMP-M2-50B0B212DD-R001466-A8FD3D2E	Downloads/theory-of-real-analysis.tex	L1524-L1541	MIGRATED	MIGRATED_PRIMARY_SOLUTION	IMP-DL-183AD43C4C-S037	Downloads/theory-of-real-analysis.tex	L1542-L1569	1		NO	PENDING_VISUAL_AUDIT	MIGRATED_TO_COMPANION	Reader-facing provenance suppressed; exact source lineage retained here.
CP-II-0401	SEM-A9AEF92EDC1B	IMP-DL-873C6F4098-P012	Sequences of Functions	II/11--II/15	READY_FOR_COMPANION_MIGRATION	IMP-DL-873C6F4098-P012;IMP-M2-CFC28ED568-P012	Downloads/theory-of-analysis-II.tex	L619-L623	MIGRATED	MIGRATED_PRIMARY_SOLUTION	IMP-DL-873C6F4098-S005	Downloads/theory-of-analysis-II.tex	L624-L631	1		NO	PENDING_VISUAL_AUDIT	MIGRATED_TO_COMPANION	Reader-facing provenance suppressed; exact source lineage retained here.
CP-II-0402	SEM-A9BF610A31BD	IMP-DL-117191C0EC-P003	Sequences of Functions	II/11--II/15	PLACEMENT_REVIEW_REQUIRED	IMP-DL-117191C0EC-P003;IMP-M2-40A546CAA2-P003	Downloads/theory-of-analysis-topics.tex	L572-L572	MIGRATED	NO_RECONCILED_SOLUTION				0		NO	PENDING_VISUAL_AUDIT	MIGRATED_TO_COMPANION	Reader-facing provenance suppressed; exact source lineage retained here.
CP-II-0403	SEM-AAC9A3625808	IMP-DL-15679DEE8D-P011	Sequences of Functions	II/11--II/15	PLACEMENT_REVIEW_REQUIRED	IMP-DL-15679DEE8D-P011;IMP-DL-3CA1CB77F7-P011;IMP-DL-E0A96454A5-P011;IMP-M2-1D2863B81A-P011;IMP-M2-D47CB97304-P011;IMP-M2-F08D4144EA-P011	Downloads/theory-of-analysis - Copy.tex	L963-L1002	MIGRATED	NO_RECONCILED_SOLUTION				0		NO	PENDING_VISUAL_AUDIT	MIGRATED_TO_COMPANION	Reader-facing provenance suppressed; exact source lineage retained here.
CP-II-0404	SEM-ABA4F3EAA38F	IMP-DL-11EDF39EA7-P026	Sequences of Functions	II/11--II/15	READY_FOR_COMPANION_MIGRATION	IMP-DL-11EDF39EA7-P026;IMP-M2-68556E3D88-P026	Downloads/theory-of-analysis-FD2.tex	L4185-L4408	MIGRATED	NO_RECONCILED_SOLUTION				0		YES	SOURCE_PRESENT_REVIEW_LATER	MIGRATED_TO_COMPANION	Reader-facing provenance suppressed; exact source lineage retained here.
CP-II-0405	SEM-ABABC84D7DE1	IMP-DL-117191C0EC-P034	Approximation	II/20--II/25	READY_FOR_COMPANION_MIGRATION	IMP-DL-117191C0EC-P034;IMP-M2-40A546CAA2-P034	Downloads/theory-of-analysis-topics.tex	L3594-L3642	MIGRATED	MIGRATED_PRIMARY_SOLUTION	IMP-DL-117191C0EC-S021	Downloads/theory-of-analysis-topics.tex	L3643-L3692	1		NO	PENDING_VISUAL_AUDIT	MIGRATED_TO_COMPANION	Reader-facing provenance suppressed; exact source lineage retained here.
CP-II-0406	SEM-AC6B13E12DA5	IMP-DL-E12021E60A-R005664-AC6B13E1	Metric and Topological Foundations	II/01--II/07	READY_FOR_COMPANION_MIGRATION	IMP-DL-E12021E60A-R005664-AC6B13E1	Downloads/theory-of-algebraic-topology-17.tex	L5664-L5814	MIGRATED	NO_RECONCILED_SOLUTION				0		NO	PENDING_VISUAL_AUDIT	MIGRATED_TO_COMPANION	Reader-facing provenance suppressed; exact source lineage retained here.
CP-II-0407	SEM-AD3962171709	IMP-DL-117191C0EC-P048	Metric and Topological Foundations	II/01--II/07	READY_FOR_COMPANION_MIGRATION	IMP-DL-117191C0EC-P048;IMP-M2-40A546CAA2-P048	Downloads/theory-of-analysis-topics.tex	L4460-L4472	MIGRATED	MIGRATED_PRIMARY_SOLUTION	IMP-DL-117191C0EC-S023	Downloads/theory-of-analysis-topics.tex	L4473-L4477	1		NO	PENDING_VISUAL_AUDIT	MIGRATED_TO_COMPANION	Reader-facing provenance suppressed; exact source lineage retained here.
CP-II-0408	SEM-AED4DC85B8CB	IMP-DL-183AD43C4C-PSR003193-AED4DC85	Sequences of Functions	II/11--II/15	PLACEMENT_REVIEW_REQUIRED	IMP-DL-183AD43C4C-PSR003193-AED4DC85;IMP-M2-1895C43FC6-PSR003193-AED4DC85	Downloads/theory-of-real-analysis.tex	L3193-L3208	MIGRATED	NO_RECONCILED_SOLUTION				0		YES	SOURCE_PRESENT_REVIEW_LATER	MIGRATED_TO_COMPANION	Reader-facing provenance suppressed; exact source lineage retained here.
CP-II-0409	SEM-AF04236BB358	IMP-DL-2370D81D66-P035	Sequences of Functions	II/11--II/15	PLACEMENT_REVIEW_REQUIRED	IMP-DL-2370D81D66-P035;IMP-M2-D036BAB254-P035	Downloads/theory-of-analysis-FD.tex	L4468-L4484	MIGRATED	NO_RECONCILED_SOLUTION				0		NO	PENDING_VISUAL_AUDIT	MIGRATED_TO_COMPANION	Reader-facing provenance suppressed; exact source lineage retained here.
CP-II-0410	SEM-AF88C42C694C	IMP-DL-3CA1CB77F7-P043	Approximation	II/20--II/25	READY_FOR_COMPANION_MIGRATION	IMP-DL-3CA1CB77F7-P043;IMP-DL-3CA1CB77F7-R004816-AF88C42C;IMP-M2-F08D4144EA-P043;IMP-M2-F08D4144EA-R004816-AF88C42C	Downloads/theory-of-analysis-numbers.tex	L4816-L4825	MIGRATED	MIGRATED_PRIMARY_SOLUTION	IMP-DL-3CA1CB77F7-S018	Downloads/theory-of-analysis-numbers.tex	L4827-L4860	1		NO	PENDING_VISUAL_AUDIT	MIGRATED_TO_COMPANION	Reader-facing provenance suppressed; exact source lineage retained here.
CP-II-0411	SEM-B023B74AAC3D	IMP-DL-EAE0F59552-P012	Metric and Topological Foundations	II/01--II/07	READY_FOR_COMPANION_MIGRATION	IMP-DL-EAE0F59552-P012;IMP-M2-7EA9DA1D72-P012	Downloads/theory-of-analysis-topology.tex	L622-L671	MIGRATED	NO_RECONCILED_SOLUTION				0		NO	PENDING_VISUAL_AUDIT	MIGRATED_TO_COMPANION	Reader-facing provenance suppressed; exact source lineage retained here.
CP-II-0412	SEM-B0FD08F1281F	IMP-DL-316AE183C3-P029	Sequences of Functions	II/11--II/15	PLACEMENT_REVIEW_REQUIRED	IMP-DL-316AE183C3-P029;IMP-M2-303BB87ACE-P029	Downloads/theory-of-analysis-functions.tex	L2157-L2158	MIGRATED	NO_RECONCILED_SOLUTION				0		NO	PENDING_VISUAL_AUDIT	MIGRATED_TO_COMPANION	Reader-facing provenance suppressed; exact source lineage retained here.
CP-II-0413	SEM-B16484449786	IMP-DL-E532B44856-P002	Metric and Topological Foundations	II/01--II/07	READY_FOR_COMPANION_MIGRATION	IMP-DL-E532B44856-P002;IMP-M2-C037D998D4-P002	Downloads/theory-of-analysis-functions-II.tex	L264-L491	MIGRATED	NO_RECONCILED_SOLUTION				0		NO	PENDING_VISUAL_AUDIT	MIGRATED_TO_COMPANION	Reader-facing provenance suppressed; exact source lineage retained here.
CP-II-0414	SEM-B1F4E100BD82	IMP-DL-316AE183C3-P042	Sequences of Functions	II/11--II/15	PLACEMENT_REVIEW_REQUIRED	IMP-DL-316AE183C3-P042;IMP-M2-303BB87ACE-P042	Downloads/theory-of-analysis-functions.tex	L2423-L2423	MIGRATED	NO_RECONCILED_SOLUTION				0		CANDIDATE	PENDING_VISUAL_AUDIT	MIGRATED_TO_COMPANION	Reader-facing provenance suppressed; exact source lineage retained here.
CP-II-0415	SEM-B2AAAAB6916C	IMP-DL-316AE183C3-P051	Metric and Topological Foundations	II/01--II/07	READY_FOR_COMPANION_MIGRATION	IMP-DL-316AE183C3-P051;IMP-M2-303BB87ACE-P051	Downloads/theory-of-analysis-functions.tex	L3216-L3223	MIGRATED	NO_RECONCILED_SOLUTION				0		NO	PENDING_VISUAL_AUDIT	MIGRATED_TO_COMPANION	Reader-facing provenance suppressed; exact source lineage retained here.
CP-II-0416	SEM-B2BDCA378FB7	IMP-DL-EAE0F59552-P002	Sequences of Functions	II/11--II/15	PLACEMENT_REVIEW_REQUIRED	IMP-DL-EAE0F59552-P002;IMP-M2-7EA9DA1D72-P002	Downloads/theory-of-analysis-topology.tex	L145-L153	MIGRATED	MIGRATED_PRIMARY_SOLUTION	IMP-DL-EAE0F59552-S004	Downloads/theory-of-analysis-topology.tex	L154-L163	1		NO	PENDING_VISUAL_AUDIT	MIGRATED_TO_COMPANION	Reader-facing provenance suppressed; exact source lineage retained here.
CP-II-0417	SEM-B3664D5977FF	IMP-DL-873C6F4098-P106	Calculus	II/08--II/10	READY_FOR_COMPANION_MIGRATION	IMP-DL-873C6F4098-P106;IMP-M2-CFC28ED568-P106	Downloads/theory-of-analysis-II.tex	L3990-L4203	MIGRATED	NO_RECONCILED_SOLUTION				0		YES	SOURCE_PRESENT_REVIEW_LATER	MIGRATED_TO_COMPANION	Reader-facing provenance suppressed; exact source lineage retained here.
CP-II-0418	SEM-B36FF5436553	IMP-DL-2370D81D66-P020	Sequences of Functions	II/11--II/15	PLACEMENT_REVIEW_REQUIRED	IMP-DL-2370D81D66-P020;IMP-M2-D036BAB254-P020	Downloads/theory-of-analysis-FD.tex	L3377-L3383	MIGRATED	NO_RECONCILED_SOLUTION				0		NO	PENDING_VISUAL_AUDIT	MIGRATED_TO_COMPANION	Reader-facing provenance suppressed; exact source lineage retained here.
CP-II-0419	SEM-B39B2C4FE9DC	IMP-DL-11EDF39EA7-P037	Sequences of Functions	II/11--II/15	PLACEMENT_REVIEW_REQUIRED	IMP-DL-11EDF39EA7-P037;IMP-M2-68556E3D88-P037	Downloads/theory-of-analysis-FD2.tex	L5273-L5279	MIGRATED	NO_RECONCILED_SOLUTION				0		NO	PENDING_VISUAL_AUDIT	MIGRATED_TO_COMPANION	Reader-facing provenance suppressed; exact source lineage retained here.
CP-II-0420	SEM-B3BEE64BA993	IMP-DL-117191C0EC-P022	Sequences of Functions	II/11--II/15	READY_FOR_COMPANION_MIGRATION	IMP-DL-117191C0EC-P022;IMP-M2-40A546CAA2-P022	Downloads/theory-of-analysis-topics.tex	L2174-L2234	MIGRATED	NO_RECONCILED_SOLUTION				0		NO	PENDING_VISUAL_AUDIT	MIGRATED_TO_COMPANION	Reader-facing provenance suppressed; exact source lineage retained here.
CP-II-0421	SEM-B4A31E2774F3	IMP-DL-EAE0F59552-P013	Sequences of Functions	II/11--II/15	PLACEMENT_REVIEW_REQUIRED	IMP-DL-EAE0F59552-P013;IMP-M2-7EA9DA1D72-P013	Downloads/theory-of-analysis-topology.tex	L672-L676	MIGRATED	MIGRATED_PRIMARY_SOLUTION	IMP-DL-EAE0F59552-S005	Downloads/theory-of-analysis-topology.tex	L677-L702	1		NO	PENDING_VISUAL_AUDIT	MIGRATED_TO_COMPANION	Reader-facing provenance suppressed; exact source lineage retained here.
CP-II-0422	SEM-B4AE5BB889E7	IMP-DL-2370D81D66-P071	Sequences of Functions	II/11--II/15	PLACEMENT_REVIEW_REQUIRED	IMP-DL-2370D81D66-P071;IMP-M2-D036BAB254-P071	Downloads/theory-of-analysis-FD.tex	L5523-L5540	MIGRATED	NO_RECONCILED_SOLUTION				0		NO	PENDING_VISUAL_AUDIT	MIGRATED_TO_COMPANION	Reader-facing provenance suppressed; exact source lineage retained here.
CP-II-0423	SEM-B53AD55A5411	IMP-DL-15679DEE8D-P025	Sequences of Functions	II/11--II/15	READY_FOR_COMPANION_MIGRATION	IMP-DL-15679DEE8D-P025;IMP-DL-15679DEE8D-R003594-B53AD55A;IMP-DL-3CA1CB77F7-P025;IMP-DL-3CA1CB77F7-R003597-B53AD55A;IMP-DL-E0A96454A5-P025;IMP-DL-E0A96454A5-R003594-B53AD55A;IMP-M2-1D2863B81A-P025;IMP-M2-1D2863B81A-R003594-B53AD55A;IMP-M2-D47CB97304-P025;IMP-M2-D47CB97304-R003594-B53AD55A;IMP-M2-F08D4144EA-P025;IMP-M2-F08D4144EA-R003597-B53AD55A	Downloads/theory-of-analysis - Copy.tex	L3594-L3603	MIGRATED	NO_RECONCILED_SOLUTION				0		NO	PENDING_VISUAL_AUDIT	MIGRATED_TO_COMPANION	Reader-facing provenance suppressed; exact source lineage retained here.
CP-II-0424	SEM-B579FDB9768B	IMP-DL-316AE183C3-P056	Metric and Topological Foundations	II/01--II/07	READY_FOR_COMPANION_MIGRATION	IMP-DL-316AE183C3-P056;IMP-M2-303BB87ACE-P056	Downloads/theory-of-analysis-functions.tex	L3303-L3356	MIGRATED	NO_RECONCILED_SOLUTION				0		CANDIDATE	PENDING_VISUAL_AUDIT	MIGRATED_TO_COMPANION	Reader-facing provenance suppressed; exact source lineage retained here.
CP-II-0425	SEM-B5A7FF76EF0F	IMP-DL-117191C0EC-P057	Sequences of Functions	II/11--II/15	PLACEMENT_REVIEW_REQUIRED	IMP-DL-117191C0EC-P057;IMP-M2-40A546CAA2-P057	Downloads/theory-of-analysis-topics.tex	L4816-L4820	MIGRATED	MIGRATED_PRIMARY_SOLUTION	IMP-DL-117191C0EC-S028	Downloads/theory-of-analysis-topics.tex	L4821-L4829	1		NO	PENDING_VISUAL_AUDIT	MIGRATED_TO_COMPANION	Reader-facing provenance suppressed; exact source lineage retained here.
CP-II-0426	SEM-B5BEF99D3F65	IMP-DL-2370D81D66-P017	Metric and Topological Foundations	II/01--II/07	READY_FOR_COMPANION_MIGRATION	IMP-DL-2370D81D66-P017;IMP-M2-D036BAB254-P017	Downloads/theory-of-analysis-FD.tex	L3358-L3359	MIGRATED	NO_RECONCILED_SOLUTION				0		NO	PENDING_VISUAL_AUDIT	MIGRATED_TO_COMPANION	Reader-facing provenance suppressed; exact source lineage retained here.
CP-II-0427	SEM-B7BD064DD406	IMP-DL-11EDF39EA7-R003965-B7BD064D	Sequences of Functions	II/11--II/15	PLACEMENT_REVIEW_REQUIRED	IMP-DL-11EDF39EA7-R003965-B7BD064D;IMP-M2-68556E3D88-R003965-B7BD064D	Downloads/theory-of-analysis-FD2.tex	L3965-L4028	MIGRATED	NO_RECONCILED_SOLUTION				0		YES	SOURCE_PRESENT_REVIEW_LATER	MIGRATED_TO_COMPANION	Reader-facing provenance suppressed; exact source lineage retained here.
CP-II-0428	SEM-B8C419411ACB	IMP-DL-873C6F4098-P104	Calculus	II/08--II/10	READY_FOR_COMPANION_MIGRATION	IMP-DL-873C6F4098-P104;IMP-M2-CFC28ED568-P104	Downloads/theory-of-analysis-II.tex	L3861-L3932	MIGRATED	NO_RECONCILED_SOLUTION				0		NO	PENDING_VISUAL_AUDIT	MIGRATED_TO_COMPANION	Reader-facing provenance suppressed; exact source lineage retained here.
CP-II-0429	SEM-B8D2D1E56561	IMP-DL-873C6F4098-P094	Calculus	II/08--II/10	READY_FOR_COMPANION_MIGRATION	IMP-DL-873C6F4098-P094;IMP-M2-CFC28ED568-P094	Downloads/theory-of-analysis-II.tex	L3484-L3498	MIGRATED	MIGRATED_PRIMARY_SOLUTION	IMP-DL-873C6F4098-S025	Downloads/theory-of-analysis-II.tex	L3499-L3515	1		NO	PENDING_VISUAL_AUDIT	MIGRATED_TO_COMPANION	Reader-facing provenance suppressed; exact source lineage retained here.
CP-II-0430	SEM-B8F6F008B511	IMP-DL-316AE183C3-P023	Sequences of Functions	II/11--II/15	PLACEMENT_REVIEW_REQUIRED	IMP-DL-316AE183C3-P023;IMP-M2-303BB87ACE-P023	Downloads/theory-of-analysis-functions.tex	L2066-L2083	MIGRATED	MIGRATED_PRIMARY_SOLUTION	IMP-DL-316AE183C3-S003	Downloads/theory-of-analysis-functions.tex	L2069-L2081	1		NO	PENDING_VISUAL_AUDIT	MIGRATED_TO_COMPANION	Reader-facing provenance suppressed; exact source lineage retained here.
CP-II-0431	SEM-B973C2202E64	IMP-DL-873C6F4098-P046	Sequences of Functions	II/11--II/15	PLACEMENT_REVIEW_REQUIRED	IMP-DL-873C6F4098-P046;IMP-M2-CFC28ED568-P046	Downloads/theory-of-analysis-II.tex	L1423-L1429	MIGRATED	NO_RECONCILED_SOLUTION				0		NO	PENDING_VISUAL_AUDIT	MIGRATED_TO_COMPANION	Reader-facing provenance suppressed; exact source lineage retained here.
CP-II-0432	SEM-B99E00A0CC45	IMP-DL-873C6F4098-P001	Sequences of Functions	II/11--II/15	READY_FOR_COMPANION_MIGRATION	IMP-DL-873C6F4098-P001;IMP-M2-CFC28ED568-P001	Downloads/theory-of-analysis-II.tex	L108-L168	MIGRATED	NO_RECONCILED_SOLUTION				0		NO	PENDING_VISUAL_AUDIT	MIGRATED_TO_COMPANION	Reader-facing provenance suppressed; exact source lineage retained here.
CP-II-0433	SEM-B9B5F36F702C	IMP-DL-873C6F4098-P026	Calculus	II/08--II/10	READY_FOR_COMPANION_MIGRATION	IMP-DL-873C6F4098-P026;IMP-M2-CFC28ED568-P026	Downloads/theory-of-analysis-II.tex	L855-L899	MIGRATED	NO_RECONCILED_SOLUTION				0		YES	SOURCE_PRESENT_REVIEW_LATER	MIGRATED_TO_COMPANION	Reader-facing provenance suppressed; exact source lineage retained here.
CP-II-0434	SEM-BA623FB10084	IMP-DL-CB3C80FF97-P030	Metric and Topological Foundations	II/01--II/07	PLACEMENT_REVIEW_REQUIRED	IMP-DL-CB3C80FF97-P030;IMP-M2-7B5A4788C1-P030	Downloads/theory-of-complex-analysis-topology.tex	L1125-L1125	MIGRATED	NO_RECONCILED_SOLUTION				0		NO	PENDING_VISUAL_AUDIT	MIGRATED_TO_COMPANION	Reader-facing provenance suppressed; exact source lineage retained here.
CP-II-0435	SEM-BA886D9EE8DE	IMP-DL-15679DEE8D-P010	Calculus	II/08--II/10	READY_FOR_COMPANION_MIGRATION	IMP-DL-15679DEE8D-P010;IMP-DL-3CA1CB77F7-P010;IMP-DL-E0A96454A5-P010;IMP-M2-1D2863B81A-P010;IMP-M2-D47CB97304-P010;IMP-M2-F08D4144EA-P010	Downloads/theory-of-analysis - Copy.tex	L930-L962	MIGRATED	NO_RECONCILED_SOLUTION				0		NO	PENDING_VISUAL_AUDIT	MIGRATED_TO_COMPANION	Reader-facing provenance suppressed; exact source lineage retained here.
CP-II-0436	SEM-BB4B6CADA076	IMP-DL-183AD43C4C-R002037-BB4B6CAD	Calculus	II/08--II/10	READY_FOR_COMPANION_MIGRATION	IMP-DL-183AD43C4C-R002037-BB4B6CAD;IMP-DL-20E278E436-R001979-BB4B6CAD;IMP-M2-1895C43FC6-R002037-BB4B6CAD;IMP-M2-50B0B212DD-R001979-BB4B6CAD	Downloads/theory-of-real-analysis.tex	L2037-L2061	MIGRATED	NO_RECONCILED_SOLUTION				0		NO	PENDING_VISUAL_AUDIT	MIGRATED_TO_COMPANION	Reader-facing provenance suppressed; exact source lineage retained here.
CP-II-0437	SEM-BB4FEAA88809	IMP-DL-183AD43C4C-R001342-BB4FEAA8	Sequences of Functions	II/11--II/15	PLACEMENT_REVIEW_REQUIRED	IMP-DL-183AD43C4C-R001342-BB4FEAA8;IMP-DL-20E278E436-R001284-BB4FEAA8;IMP-M2-1895C43FC6-R001342-BB4FEAA8;IMP-M2-50B0B212DD-R001284-BB4FEAA8	Downloads/theory-of-real-analysis.tex	L1342-L1351	MIGRATED	MIGRATED_PRIMARY_SOLUTION	IMP-DL-183AD43C4C-S033	Downloads/theory-of-real-analysis.tex	L1352-L1384	1		NO	PENDING_VISUAL_AUDIT	MIGRATED_TO_COMPANION	Reader-facing provenance suppressed; exact source lineage retained here.
CP-II-0438	SEM-BC471B4F1FEA	IMP-DL-183AD43C4C-R001921-BC471B4F	Calculus	II/08--II/10	READY_FOR_COMPANION_MIGRATION	IMP-DL-183AD43C4C-R001921-BC471B4F;IMP-DL-20E278E436-R001863-BC471B4F;IMP-M2-1895C43FC6-R001921-BC471B4F;IMP-M2-50B0B212DD-R001863-BC471B4F	Downloads/theory-of-real-analysis.tex	L1921-L1929	MIGRATED	MIGRATED_PRIMARY_SOLUTION;ALTERNATE_VARIANTS_RETAINED_IN_PROVENANCE	IMP-DL-183AD43C4C-S049	Downloads/theory-of-real-analysis.tex	L1930-L1933	2	IMP-DL-183AD43C4C-S050	NO	PENDING_VISUAL_AUDIT	MIGRATED_TO_COMPANION	Reader-facing provenance suppressed; exact source lineage retained here.
CP-II-0439	SEM-BCEEEDE8AA87	IMP-DL-873C6F4098-P045	Sequences of Functions	II/11--II/15	PLACEMENT_REVIEW_REQUIRED	IMP-DL-873C6F4098-P045;IMP-M2-CFC28ED568-P045	Downloads/theory-of-analysis-II.tex	L1409-L1420	MIGRATED	NO_RECONCILED_SOLUTION				0		NO	PENDING_VISUAL_AUDIT	MIGRATED_TO_COMPANION	Reader-facing provenance suppressed; exact source lineage retained here.
CP-II-0440	SEM-BD50D96B39D2	IMP-DL-873C6F4098-P007	Sequences of Functions	II/11--II/15	PLACEMENT_REVIEW_REQUIRED	IMP-DL-873C6F4098-P007;IMP-M2-CFC28ED568-P007	Downloads/theory-of-analysis-II.tex	L455-L521	MIGRATED	NO_RECONCILED_SOLUTION				0		NO	PENDING_VISUAL_AUDIT	MIGRATED_TO_COMPANION	Reader-facing provenance suppressed; exact source lineage retained here.
CP-II-0441	SEM-BD5B573CE16A	IMP-DL-873C6F4098-P037	Metric and Topological Foundations	II/01--II/07	READY_FOR_COMPANION_MIGRATION	IMP-DL-873C6F4098-P037;IMP-M2-CFC28ED568-P037	Downloads/theory-of-analysis-II.tex	L1141-L1144	MIGRATED	NO_RECONCILED_SOLUTION				0		NO	PENDING_VISUAL_AUDIT	MIGRATED_TO_COMPANION	Reader-facing provenance suppressed; exact source lineage retained here.
CP-II-0442	SEM-BDBCBC29F263	IMP-DL-183AD43C4C-PSR003225-BDBCBC29	Sequences of Functions	II/11--II/15	READY_FOR_COMPANION_MIGRATION	IMP-DL-183AD43C4C-PSR003225-BDBCBC29;IMP-M2-1895C43FC6-PSR003225-BDBCBC29	Downloads/theory-of-real-analysis.tex	L3225-L3239	MIGRATED	NO_RECONCILED_SOLUTION				0		YES	SOURCE_PRESENT_REVIEW_LATER	MIGRATED_TO_COMPANION	Reader-facing provenance suppressed; exact source lineage retained here.
CP-II-0443	SEM-BDC27F3BB8DC	IMP-DL-183AD43C4C-P029	Metric and Topological Foundations	II/01--II/07	READY_FOR_COMPANION_MIGRATION	IMP-DL-183AD43C4C-P029;IMP-M2-1895C43FC6-P029	Downloads/theory-of-real-analysis.tex	L2466-L2469	MIGRATED	NO_RECONCILED_SOLUTION				0		NO	PENDING_VISUAL_AUDIT	MIGRATED_TO_COMPANION	Reader-facing provenance suppressed; exact source lineage retained here.
CP-II-0444	SEM-BDE58D2506E4	IMP-DL-3CA1CB77F7-P034	Sequences of Functions	II/11--II/15	PLACEMENT_REVIEW_REQUIRED	IMP-DL-3CA1CB77F7-P034;IMP-DL-3CA1CB77F7-R004307-BDE58D25;IMP-M2-F08D4144EA-P034;IMP-M2-F08D4144EA-R004307-BDE58D25	Downloads/theory-of-analysis-numbers.tex	L4307-L4335	MIGRATED	NO_RECONCILED_SOLUTION				0		NO	PENDING_VISUAL_AUDIT	MIGRATED_TO_COMPANION	Reader-facing provenance suppressed; exact source lineage retained here.
CP-II-0445	SEM-BE7DC3A6A18F	IMP-DL-11EDF39EA7-P043	Metric and Topological Foundations	II/01--II/07	READY_FOR_COMPANION_MIGRATION	IMP-DL-11EDF39EA7-P043;IMP-M2-68556E3D88-P043	Downloads/theory-of-analysis-FD2.tex	L5681-L5914	MIGRATED	NO_RECONCILED_SOLUTION				0		NO	PENDING_VISUAL_AUDIT	MIGRATED_TO_COMPANION	Reader-facing provenance suppressed; exact source lineage retained here.
CP-II-0446	SEM-BE832A990E29	IMP-DL-E532B44856-R003161-BE832A99	Sequences of Functions	II/11--II/15	PLACEMENT_REVIEW_REQUIRED	IMP-DL-E532B44856-R003161-BE832A99;IMP-M2-C037D998D4-R003161-BE832A99	Downloads/theory-of-analysis-functions-II.tex	L3161-L3168	MIGRATED	MIGRATED_PRIMARY_SOLUTION	IMP-DL-E532B44856-S014	Downloads/theory-of-analysis-functions-II.tex	L3254-L3440	1		NO	PENDING_VISUAL_AUDIT	MIGRATED_TO_COMPANION	Reader-facing provenance suppressed; exact source lineage retained here.
CP-II-0447	SEM-BECBF7A68BD1	IMP-DL-117191C0EC-P049	Sequences of Functions	II/11--II/15	PLACEMENT_REVIEW_REQUIRED	IMP-DL-117191C0EC-P049;IMP-M2-40A546CAA2-P049	Downloads/theory-of-analysis-topics.tex	L4478-L4485	MIGRATED	NO_RECONCILED_SOLUTION				0		NO	PENDING_VISUAL_AUDIT	MIGRATED_TO_COMPANION	Reader-facing provenance suppressed; exact source lineage retained here.
CP-II-0448	SEM-BF0BCC49C75C	IMP-DL-2370D81D66-P050	Sequences of Functions	II/11--II/15	PLACEMENT_REVIEW_REQUIRED	IMP-DL-2370D81D66-P050;IMP-M2-D036BAB254-P050	Downloads/theory-of-analysis-FD.tex	L4698-L4706	MIGRATED	NO_RECONCILED_SOLUTION				0		NO	PENDING_VISUAL_AUDIT	MIGRATED_TO_COMPANION	Reader-facing provenance suppressed; exact source lineage retained here.
CP-II-0449	SEM-BF292D88930A	IMP-DL-316AE183C3-P052	Sequences of Functions	II/11--II/15	PLACEMENT_REVIEW_REQUIRED	IMP-DL-316AE183C3-P052;IMP-M2-303BB87ACE-P052	Downloads/theory-of-analysis-functions.tex	L3224-L3232	MIGRATED	MIGRATED_PRIMARY_SOLUTION	IMP-DL-316AE183C3-S008	Downloads/theory-of-analysis-functions.tex	L3233-L3245	1		NO	PENDING_VISUAL_AUDIT	MIGRATED_TO_COMPANION	Reader-facing provenance suppressed; exact source lineage retained here.
CP-II-0450	SEM-BF2CB857B443	IMP-DL-316AE183C3-P060	Sequences of Functions	II/11--II/15	PLACEMENT_REVIEW_REQUIRED	IMP-DL-316AE183C3-P060;IMP-M2-303BB87ACE-P060	Downloads/theory-of-analysis-functions.tex	L3369-L3373	MIGRATED	NO_RECONCILED_SOLUTION				0		NO	PENDING_VISUAL_AUDIT	MIGRATED_TO_COMPANION	Reader-facing provenance suppressed; exact source lineage retained here.
CP-II-0451	SEM-BF4DD9BA9D45	IMP-DL-316AE183C3-P078	Sequences of Functions	II/11--II/15	PLACEMENT_REVIEW_REQUIRED	IMP-DL-316AE183C3-P078;IMP-M2-303BB87ACE-P078	Downloads/theory-of-analysis-functions.tex	L3536-L3696	MIGRATED	NO_RECONCILED_SOLUTION				0		YES	SOURCE_PRESENT_REVIEW_LATER	MIGRATED_TO_COMPANION	Reader-facing provenance suppressed; exact source lineage retained here.
CP-II-0452	SEM-BF5AE0F2518B	IMP-DL-873C6F4098-P003	Sequences of Functions	II/11--II/15	READY_FOR_COMPANION_MIGRATION	IMP-DL-873C6F4098-P003;IMP-M2-CFC28ED568-P003	Downloads/theory-of-analysis-II.tex	L225-L269	MIGRATED	NO_RECONCILED_SOLUTION				0		NO	PENDING_VISUAL_AUDIT	MIGRATED_TO_COMPANION	Reader-facing provenance suppressed; exact source lineage retained here.
CP-II-0453	SEM-BF78A9602F80	IMP-DL-EAE0F59552-R000484-BF78A960	Metric and Topological Foundations	II/01--II/07	READY_FOR_COMPANION_MIGRATION	IMP-DL-EAE0F59552-R000484-BF78A960;IMP-M2-7EA9DA1D72-R000484-BF78A960	Downloads/theory-of-analysis-topology.tex	L484-L546	MIGRATED	NO_RECONCILED_SOLUTION				0		NO	PENDING_VISUAL_AUDIT	MIGRATED_TO_COMPANION	Reader-facing provenance suppressed; exact source lineage retained here.
CP-II-0454	SEM-BFBABE149CBF	IMP-DL-3D9778F7D6-P001	Calculus	II/08--II/10	READY_FOR_COMPANION_MIGRATION	IMP-DL-3D9778F7D6-P001;IMP-M2-1B079427AF-P001	Downloads/ex3_8_takagi.tex	L11-L91	MIGRATED	MIGRATED_PRIMARY_SOLUTION;ALTERNATE_VARIANTS_RETAINED_IN_PROVENANCE	IMP-DL-3D9778F7D6-S001	Downloads/ex3_8_takagi.tex	L49-L53	3	IMP-DL-3D9778F7D6-S003;IMP-DL-3D9778F7D6-S002	CANDIDATE	PENDING_VISUAL_AUDIT	MIGRATED_TO_COMPANION	Reader-facing provenance suppressed; exact source lineage retained here.
CP-II-0455	SEM-C05DC81580DF	IMP-DL-E532B44856-P030	Sequences of Functions	II/11--II/15	PLACEMENT_REVIEW_REQUIRED	IMP-DL-E532B44856-P030;IMP-M2-C037D998D4-P030	Downloads/theory-of-analysis-functions-II.tex	L2947-L3028	MIGRATED	NO_RECONCILED_SOLUTION				0		NO	PENDING_VISUAL_AUDIT	MIGRATED_TO_COMPANION	Reader-facing provenance suppressed; exact source lineage retained here.
CP-II-0456	SEM-C0EF349397D3	IMP-DL-117191C0EC-P036	Sequences of Functions	II/11--II/15	PLACEMENT_REVIEW_REQUIRED	IMP-DL-117191C0EC-P036;IMP-M2-40A546CAA2-P036	Downloads/theory-of-analysis-topics.tex	L3884-L3890	MIGRATED	NO_RECONCILED_SOLUTION				0		NO	PENDING_VISUAL_AUDIT	MIGRATED_TO_COMPANION	Reader-facing provenance suppressed; exact source lineage retained here.
CP-II-0457	SEM-C23413E1FD55	IMP-DL-316AE183C3-P061	Sequences of Functions	II/11--II/15	PLACEMENT_REVIEW_REQUIRED	IMP-DL-316AE183C3-P061;IMP-M2-303BB87ACE-P061	Downloads/theory-of-analysis-functions.tex	L3374-L3411	MIGRATED	MIGRATED_PRIMARY_SOLUTION	IMP-DL-316AE183C3-S010	Downloads/theory-of-analysis-functions.tex	L3412-L3439	1		NO	PENDING_VISUAL_AUDIT	MIGRATED_TO_COMPANION	Reader-facing provenance suppressed; exact source lineage retained here.
CP-II-0458	SEM-C2C103CD42B2	IMP-DL-A470D9BACB-P022	Metric and Topological Foundations	II/01--II/07	READY_FOR_COMPANION_MIGRATION	IMP-DL-A470D9BACB-P022;IMP-M2-2850FB9A8A-P022	Downloads/theory-of-geometry-1.tex	L1975-L2125	MIGRATED	NO_RECONCILED_SOLUTION				0		YES	SOURCE_PRESENT_REVIEW_LATER	MIGRATED_TO_COMPANION	Reader-facing provenance suppressed; exact source lineage retained here.
CP-II-0459	SEM-C2C448DFA8FB	IMP-DL-183AD43C4C-R002062-C2C448DF	Calculus	II/08--II/10	READY_FOR_COMPANION_MIGRATION	IMP-DL-183AD43C4C-R002062-C2C448DF;IMP-DL-20E278E436-R002004-C2C448DF;IMP-M2-1895C43FC6-R002062-C2C448DF;IMP-M2-50B0B212DD-R002004-C2C448DF	Downloads/theory-of-real-analysis.tex	L2062-L2068	MIGRATED	MIGRATED_PRIMARY_SOLUTION;ALTERNATE_VARIANTS_RETAINED_IN_PROVENANCE	IMP-DL-183AD43C4C-S053	Downloads/theory-of-real-analysis.tex	L2069-L2080	2	IMP-DL-183AD43C4C-S054	NO	PENDING_VISUAL_AUDIT	MIGRATED_TO_COMPANION	Reader-facing provenance suppressed; exact source lineage retained here.
CP-II-0460	SEM-C39244D9401A	IMP-DL-15679DEE8D-P018	Metric and Topological Foundations	II/01--II/07	READY_FOR_COMPANION_MIGRATION	IMP-DL-15679DEE8D-P018;IMP-DL-15679DEE8D-R002996-C39244D9;IMP-DL-3CA1CB77F7-P018;IMP-DL-3CA1CB77F7-R002999-C39244D9;IMP-DL-E0A96454A5-P018;IMP-DL-E0A96454A5-R002996-C39244D9;IMP-M2-1D2863B81A-P018;IMP-M2-1D2863B81A-R002996-C39244D9;IMP-M2-D47CB97304-P018;IMP-M2-D47CB97304-R002996-C39244D9;IMP-M2-F08D4144EA-P018;IMP-M2-F08D4144EA-R002999-C39244D9	Downloads/theory-of-analysis - Copy.tex	L2996-L3005	MIGRATED	NO_RECONCILED_SOLUTION				0		NO	PENDING_VISUAL_AUDIT	MIGRATED_TO_COMPANION	Reader-facing provenance suppressed; exact source lineage retained here.
CP-II-0461	SEM-C3D1A3C58448	IMP-DL-873C6F4098-P074	Fixed Points and Differential Equations	II/16--II/19	READY_FOR_COMPANION_MIGRATION	IMP-DL-873C6F4098-P074;IMP-M2-CFC28ED568-P074	Downloads/theory-of-analysis-II.tex	L2540-L2543	MIGRATED	MIGRATED_PRIMARY_SOLUTION;ALTERNATE_VARIANTS_RETAINED_IN_PROVENANCE	IMP-DL-873C6F4098-S015	Downloads/theory-of-analysis-II.tex	L2542-L2543	2	IMP-DL-873C6F4098-S016	NO	PENDING_VISUAL_AUDIT	MIGRATED_TO_COMPANION	Reader-facing provenance suppressed; exact source lineage retained here.
CP-II-0462	SEM-C40978D8F3C8	IMP-DL-183AD43C4C-R002111-C40978D8	Fixed Points and Differential Equations	II/16--II/19	READY_FOR_COMPANION_MIGRATION	IMP-DL-183AD43C4C-R002111-C40978D8;IMP-DL-20E278E436-R002053-C40978D8;IMP-M2-1895C43FC6-R002111-C40978D8;IMP-M2-50B0B212DD-R002053-C40978D8	Downloads/theory-of-real-analysis.tex	L2111-L2183	MIGRATED	NO_RECONCILED_SOLUTION				0		CANDIDATE	PENDING_VISUAL_AUDIT	MIGRATED_TO_COMPANION	Reader-facing provenance suppressed; exact source lineage retained here.
CP-II-0463	SEM-C44FCBD10C48	IMP-DL-316AE183C3-P026	Sequences of Functions	II/11--II/15	PLACEMENT_REVIEW_REQUIRED	IMP-DL-316AE183C3-P026;IMP-M2-303BB87ACE-P026	Downloads/theory-of-analysis-functions.tex	L2101-L2101	MIGRATED	NO_RECONCILED_SOLUTION				0		NO	PENDING_VISUAL_AUDIT	MIGRATED_TO_COMPANION	Reader-facing provenance suppressed; exact source lineage retained here.
CP-II-0464	SEM-C4F3958023DA	IMP-DL-117191C0EC-P011	Fixed Points and Differential Equations	II/16--II/19	READY_FOR_COMPANION_MIGRATION	IMP-DL-117191C0EC-P011;IMP-M2-40A546CAA2-P011	Downloads/theory-of-analysis-topics.tex	L985-L1009	MIGRATED	MIGRATED_PRIMARY_SOLUTION	IMP-DL-117191C0EC-S007	Downloads/theory-of-analysis-topics.tex	L1010-L1035	1		NO	PENDING_VISUAL_AUDIT	MIGRATED_TO_COMPANION	Reader-facing provenance suppressed; exact source lineage retained here.
CP-II-0465	SEM-C5388F7FEA40	IMP-DL-183AD43C4C-PSR003176-C5388F7F	Sequences of Functions	II/11--II/15	READY_FOR_COMPANION_MIGRATION	IMP-DL-183AD43C4C-PSR003176-C5388F7F;IMP-M2-1895C43FC6-PSR003176-C5388F7F	Downloads/theory-of-real-analysis.tex	L3176-L3192	MIGRATED	NO_RECONCILED_SOLUTION				0		YES	SOURCE_PRESENT_REVIEW_LATER	MIGRATED_TO_COMPANION	Reader-facing provenance suppressed; exact source lineage retained here.
CP-II-0466	SEM-C6B2755AA7F6	IMP-DL-117191C0EC-P021	Approximation	II/20--II/25	READY_FOR_COMPANION_MIGRATION	IMP-DL-117191C0EC-P021;IMP-M2-40A546CAA2-P021	Downloads/theory-of-analysis-topics.tex	L2067-L2087	MIGRATED	MIGRATED_PRIMARY_SOLUTION	IMP-DL-117191C0EC-S012	Downloads/theory-of-analysis-topics.tex	L2088-L2097	1		NO	PENDING_VISUAL_AUDIT	MIGRATED_TO_COMPANION	Reader-facing provenance suppressed; exact source lineage retained here.
CP-II-0467	SEM-C8CBF56547EA	IMP-DL-3D2DB27534-P010	Metric and Topological Foundations	II/01--II/07	READY_FOR_COMPANION_MIGRATION	IMP-DL-3D2DB27534-P010;IMP-DL-5B1D955447-P010;IMP-M2-8108AF5CB9-P010;IMP-M2-AFF44384C1-P010	Downloads/merged_exercises (1).tex	L115-L122	MIGRATED	NO_RECONCILED_SOLUTION				0		NO	PENDING_VISUAL_AUDIT	MIGRATED_TO_COMPANION	Reader-facing provenance suppressed; exact source lineage retained here.
CP-II-0468	SEM-C8CD57653EF2	IMP-DL-873C6F4098-P055	Metric and Topological Foundations	II/01--II/07	READY_FOR_COMPANION_MIGRATION	IMP-DL-873C6F4098-P055;IMP-M2-CFC28ED568-P055	Downloads/theory-of-analysis-II.tex	L1686-L1688	MIGRATED	NO_RECONCILED_SOLUTION				0		NO	PENDING_VISUAL_AUDIT	MIGRATED_TO_COMPANION	Reader-facing provenance suppressed; exact source lineage retained here.
CP-II-0469	SEM-C910E9FF3137	IMP-DL-873C6F4098-P076	Fixed Points and Differential Equations	II/16--II/19	READY_FOR_COMPANION_MIGRATION	IMP-DL-873C6F4098-P076;IMP-M2-CFC28ED568-P076	Downloads/theory-of-analysis-II.tex	L2727-L2811	MIGRATED	NO_RECONCILED_SOLUTION				0		NO	PENDING_VISUAL_AUDIT	MIGRATED_TO_COMPANION	Reader-facing provenance suppressed; exact source lineage retained here.
CP-II-0470	SEM-C92C0F73506C	IMP-DL-873C6F4098-P100	Sequences of Functions	II/11--II/15	PLACEMENT_REVIEW_REQUIRED	IMP-DL-873C6F4098-P100;IMP-M2-CFC28ED568-P100	Downloads/theory-of-analysis-II.tex	L3586-L3649	MIGRATED	NO_RECONCILED_SOLUTION				0		NO	PENDING_VISUAL_AUDIT	MIGRATED_TO_COMPANION	Reader-facing provenance suppressed; exact source lineage retained here.
CP-II-0471	SEM-C94CC1904D8F	IMP-DL-873C6F4098-P039	Metric and Topological Foundations	II/01--II/07	PLACEMENT_REVIEW_REQUIRED	IMP-DL-873C6F4098-P039;IMP-M2-CFC28ED568-P039	Downloads/theory-of-analysis-II.tex	L1155-L1261	MIGRATED	NO_RECONCILED_SOLUTION				0		NO	PENDING_VISUAL_AUDIT	MIGRATED_TO_COMPANION	Reader-facing provenance suppressed; exact source lineage retained here.
CP-II-0472	SEM-CA2160381A20	IMP-DL-2370D81D66-P038	Sequences of Functions	II/11--II/15	PLACEMENT_REVIEW_REQUIRED	IMP-DL-2370D81D66-P038;IMP-M2-D036BAB254-P038	Downloads/theory-of-analysis-FD.tex	L4561-L4561	MIGRATED	NO_RECONCILED_SOLUTION				0		NO	PENDING_VISUAL_AUDIT	MIGRATED_TO_COMPANION	Reader-facing provenance suppressed; exact source lineage retained here.
CP-II-0473	SEM-CA4B2C7CBC95	IMP-DL-873C6F4098-P101	Calculus	II/08--II/10	READY_FOR_COMPANION_MIGRATION	IMP-DL-873C6F4098-P101;IMP-M2-CFC28ED568-P101	Downloads/theory-of-analysis-II.tex	L3650-L3694	MIGRATED	NO_RECONCILED_SOLUTION				0		NO	PENDING_VISUAL_AUDIT	MIGRATED_TO_COMPANION	Reader-facing provenance suppressed; exact source lineage retained here.
CP-II-0474	SEM-CAB19A85F68D	IMP-DL-11EDF39EA7-P042	Sequences of Functions	II/11--II/15	PLACEMENT_REVIEW_REQUIRED	IMP-DL-11EDF39EA7-P042;IMP-M2-68556E3D88-P042	Downloads/theory-of-analysis-FD2.tex	L5670-L5680	MIGRATED	NO_RECONCILED_SOLUTION				0		NO	PENDING_VISUAL_AUDIT	MIGRATED_TO_COMPANION	Reader-facing provenance suppressed; exact source lineage retained here.
CP-II-0475	SEM-CAF3913055AD	IMP-DL-873C6F4098-P069	Metric and Topological Foundations	II/01--II/07	READY_FOR_COMPANION_MIGRATION	IMP-DL-873C6F4098-P069;IMP-M2-CFC28ED568-P069	Downloads/theory-of-analysis-II.tex	L2475-L2478	MIGRATED	NO_RECONCILED_SOLUTION				0		NO	PENDING_VISUAL_AUDIT	MIGRATED_TO_COMPANION	Reader-facing provenance suppressed; exact source lineage retained here.
CP-II-0476	SEM-CB87F7F1B2D0	IMP-DL-316AE183C3-P010	Approximation	II/20--II/25	READY_FOR_COMPANION_MIGRATION	IMP-DL-316AE183C3-P010;IMP-M2-303BB87ACE-P010	Downloads/theory-of-analysis-functions.tex	L1769-L1796	MIGRATED	NO_RECONCILED_SOLUTION				0		NO	PENDING_VISUAL_AUDIT	MIGRATED_TO_COMPANION	Reader-facing provenance suppressed; exact source lineage retained here.
CP-II-0477	SEM-CCB5A4D802A8	IMP-DL-2370D81D66-SPR000653-CCB5A4D8	Calculus	II/08--II/10	READY_FOR_COMPANION_MIGRATION	IMP-DL-2370D81D66-SPR000653-CCB5A4D8;IMP-M2-D036BAB254-SPR000653-CCB5A4D8	Downloads/theory-of-analysis-FD.tex	L653-L868	MIGRATED	NO_RECONCILED_SOLUTION				0		YES	SOURCE_PRESENT_REVIEW_LATER	MIGRATED_TO_COMPANION	Reader-facing provenance suppressed; exact source lineage retained here.
CP-II-0478	SEM-CCDA222AF600	IMP-DL-873C6F4098-P030	Sequences of Functions	II/11--II/15	PLACEMENT_REVIEW_REQUIRED	IMP-DL-873C6F4098-P030;IMP-M2-CFC28ED568-P030	Downloads/theory-of-analysis-II.tex	L991-L1040	MIGRATED	NO_RECONCILED_SOLUTION				0		NO	PENDING_VISUAL_AUDIT	MIGRATED_TO_COMPANION	Reader-facing provenance suppressed; exact source lineage retained here.
CP-II-0479	SEM-CD1542B10963	IMP-DL-873C6F4098-P010	Metric and Topological Foundations	II/01--II/07	READY_FOR_COMPANION_MIGRATION	IMP-DL-873C6F4098-P010;IMP-M2-CFC28ED568-P010	Downloads/theory-of-analysis-II.tex	L559-L577	MIGRATED	MIGRATED_PRIMARY_SOLUTION	IMP-DL-873C6F4098-S003	Downloads/theory-of-analysis-II.tex	L570-L577	1		NO	PENDING_VISUAL_AUDIT	MIGRATED_TO_COMPANION	Reader-facing provenance suppressed; exact source lineage retained here.
CP-II-0480	SEM-CD1CC6E3C392	IMP-DL-316AE183C3-P002	Approximation	II/20--II/25	READY_FOR_COMPANION_MIGRATION	IMP-DL-316AE183C3-P002;IMP-M2-303BB87ACE-P002	Downloads/theory-of-analysis-functions.tex	L517-L820	MIGRATED	NO_RECONCILED_SOLUTION				0		NO	PENDING_VISUAL_AUDIT	MIGRATED_TO_COMPANION	Reader-facing provenance suppressed; exact source lineage retained here.
CP-II-0481	SEM-CDC8169DDA69	IMP-DL-316AE183C3-P082	Sequences of Functions	II/11--II/15	PLACEMENT_REVIEW_REQUIRED	IMP-DL-316AE183C3-P082;IMP-M2-303BB87ACE-P082	Downloads/theory-of-analysis-functions.tex	L3776-L3787	MIGRATED	MIGRATED_PRIMARY_SOLUTION	IMP-DL-316AE183C3-S014	Downloads/theory-of-analysis-functions.tex	L3788-L3795	1		NO	PENDING_VISUAL_AUDIT	MIGRATED_TO_COMPANION	Reader-facing provenance suppressed; exact source lineage retained here.
CP-II-0482	SEM-CE49E0A4D73B	IMP-DL-117191C0EC-P042	Sequences of Functions	II/11--II/15	PLACEMENT_REVIEW_REQUIRED	IMP-DL-117191C0EC-P042;IMP-M2-40A546CAA2-P042	Downloads/theory-of-analysis-topics.tex	L4077-L4080	MIGRATED	NO_RECONCILED_SOLUTION				0		NO	PENDING_VISUAL_AUDIT	MIGRATED_TO_COMPANION	Reader-facing provenance suppressed; exact source lineage retained here.
CP-II-0483	SEM-CEA78CE675AA	IMP-DL-E532B44856-P028	Sequences of Functions	II/11--II/15	PLACEMENT_REVIEW_REQUIRED	IMP-DL-E532B44856-P028;IMP-M2-C037D998D4-P028	Downloads/theory-of-analysis-functions-II.tex	L2778-L2787	MIGRATED	MIGRATED_PRIMARY_SOLUTION	IMP-DL-E532B44856-S012	Downloads/theory-of-analysis-functions-II.tex	L2788-L2812	1		NO	PENDING_VISUAL_AUDIT	MIGRATED_TO_COMPANION	Reader-facing provenance suppressed; exact source lineage retained here.
CP-II-0484	SEM-CEBFD9605354	IMP-DL-873C6F4098-P059	Sequences of Functions	II/11--II/15	PLACEMENT_REVIEW_REQUIRED	IMP-DL-873C6F4098-P059;IMP-M2-CFC28ED568-P059	Downloads/theory-of-analysis-II.tex	L1708-L1750	MIGRATED	NO_RECONCILED_SOLUTION				0		NO	PENDING_VISUAL_AUDIT	MIGRATED_TO_COMPANION	Reader-facing provenance suppressed; exact source lineage retained here.
CP-II-0485	SEM-D05379580DE3	IMP-DL-117191C0EC-P039	Approximation	II/20--II/25	READY_FOR_COMPANION_MIGRATION	IMP-DL-117191C0EC-P039;IMP-M2-40A546CAA2-P039	Downloads/theory-of-analysis-topics.tex	L3898-L4012	MIGRATED	NO_RECONCILED_SOLUTION				0		NO	PENDING_VISUAL_AUDIT	MIGRATED_TO_COMPANION	Reader-facing provenance suppressed; exact source lineage retained here.
CP-II-0486	SEM-D0D0384359BD	IMP-DL-2370D81D66-P047	Sequences of Functions	II/11--II/15	PLACEMENT_REVIEW_REQUIRED	IMP-DL-2370D81D66-P047;IMP-M2-D036BAB254-P047	Downloads/theory-of-analysis-FD.tex	L4669-L4680	MIGRATED	NO_RECONCILED_SOLUTION				0		NO	PENDING_VISUAL_AUDIT	MIGRATED_TO_COMPANION	Reader-facing provenance suppressed; exact source lineage retained here.
CP-II-0487	SEM-D100C35C6470	IMP-DL-873C6F4098-P052	Sequences of Functions	II/11--II/15	PLACEMENT_REVIEW_REQUIRED	IMP-DL-873C6F4098-P052;IMP-M2-CFC28ED568-P052	Downloads/theory-of-analysis-II.tex	L1673-L1675	MIGRATED	NO_RECONCILED_SOLUTION				0		NO	PENDING_VISUAL_AUDIT	MIGRATED_TO_COMPANION	Reader-facing provenance suppressed; exact source lineage retained here.
CP-II-0488	SEM-D1227829D623	IMP-DL-3CA1CB77F7-P037	Sequences of Functions	II/11--II/15	PLACEMENT_REVIEW_REQUIRED	IMP-DL-3CA1CB77F7-P037;IMP-DL-3CA1CB77F7-R004392-D1227829;IMP-M2-F08D4144EA-P037;IMP-M2-F08D4144EA-R004392-D1227829	Downloads/theory-of-analysis-numbers.tex	L4392-L4411	MIGRATED	NO_RECONCILED_SOLUTION				0		NO	PENDING_VISUAL_AUDIT	MIGRATED_TO_COMPANION	Reader-facing provenance suppressed; exact source lineage retained here.
CP-II-0489	SEM-D1D538CB0794	IMP-DL-2370D81D66-P064	Sequences of Functions	II/11--II/15	PLACEMENT_REVIEW_REQUIRED	IMP-DL-2370D81D66-P064;IMP-M2-D036BAB254-P064	Downloads/theory-of-analysis-FD.tex	L4857-L4858	MIGRATED	NO_RECONCILED_SOLUTION				0		NO	PENDING_VISUAL_AUDIT	MIGRATED_TO_COMPANION	Reader-facing provenance suppressed; exact source lineage retained here.
CP-II-0490	SEM-D29C8B724F0F	IMP-DL-07D84009EA-P008	Sequences of Functions	II/11--II/15	PLACEMENT_REVIEW_REQUIRED	IMP-DL-07D84009EA-P008;IMP-DL-162DBE4483-P008;IMP-DL-183AD43C4C-P008;IMP-DL-20E278E436-P008;IMP-DL-3D2DB27534-P008;IMP-DL-5B1D955447-P008;IMP-DL-68F65EDA24-P008;IMP-DL-890EB1F6EA-P008;IMP-DL-995E0CD19D-P008;IMP-DL-E69AEC0DA9-P008;IMP-M2-0EAC31ED0B-P008;IMP-M2-1403D223C9-P008;IMP-M2-1750FF4FF7-P008;IMP-M2-1895C43FC6-P008;IMP-M2-50B0B212DD-P008;IMP-M2-6D7FCEA253-P008;IMP-M2-8108AF5CB9-P008;IMP-M2-9CEC4F97B5-P008;IMP-M2-AFF44384C1-P008;IMP-M2-BC23C57F39-P008	Downloads/merged_exercises_corrected (1).tex	L108-L114	MIGRATED	NO_RECONCILED_SOLUTION				0		NO	PENDING_VISUAL_AUDIT	MIGRATED_TO_COMPANION	Reader-facing provenance suppressed; exact source lineage retained here.
CP-II-0491	SEM-D54D844BD6C1	IMP-DL-3CA1CB77F7-P033	Sequences of Functions	II/11--II/15	PLACEMENT_REVIEW_REQUIRED	IMP-DL-3CA1CB77F7-P033;IMP-DL-3CA1CB77F7-R004168-D54D844B;IMP-M2-F08D4144EA-P033;IMP-M2-F08D4144EA-R004168-D54D844B	Downloads/theory-of-analysis-numbers.tex	L4168-L4181	MIGRATED	NO_RECONCILED_SOLUTION				0		NO	PENDING_VISUAL_AUDIT	MIGRATED_TO_COMPANION	Reader-facing provenance suppressed; exact source lineage retained here.
CP-II-0492	SEM-D55FF1450A44	IMP-DL-15679DEE8D-P004	Metric and Topological Foundations	II/01--II/07	READY_FOR_COMPANION_MIGRATION	IMP-DL-15679DEE8D-P004;IMP-DL-3CA1CB77F7-P004;IMP-DL-E0A96454A5-P004;IMP-M2-1D2863B81A-P004;IMP-M2-D47CB97304-P004;IMP-M2-F08D4144EA-P004	Downloads/theory-of-analysis - Copy.tex	L627-L629	MIGRATED	MIGRATED_PRIMARY_SOLUTION;ALTERNATE_VARIANTS_RETAINED_IN_PROVENANCE	IMP-DL-E0A96454A5-S010	Downloads/theory-of-analysis.tex	L630-L634	2	IMP-DL-E0A96454A5-S012	NO	PENDING_VISUAL_AUDIT	MIGRATED_TO_COMPANION	Reader-facing provenance suppressed; exact source lineage retained here.
CP-II-0493	SEM-D56B67A705F1	IMP-DL-183AD43C4C-R000862-D56B67A7	Sequences of Functions	II/11--II/15	PLACEMENT_REVIEW_REQUIRED	IMP-DL-183AD43C4C-R000862-D56B67A7;IMP-DL-20E278E436-R000804-D56B67A7;IMP-M2-1895C43FC6-R000862-D56B67A7;IMP-M2-50B0B212DD-R000804-D56B67A7	Downloads/theory-of-real-analysis.tex	L862-L867	MIGRATED	MIGRATED_PRIMARY_SOLUTION	IMP-DL-183AD43C4C-S020	Downloads/theory-of-real-analysis.tex	L868-L877	1		NO	PENDING_VISUAL_AUDIT	MIGRATED_TO_COMPANION	Reader-facing provenance suppressed; exact source lineage retained here.
CP-II-0494	SEM-D59627EA97A4	IMP-DL-873C6F4098-P041	Metric and Topological Foundations	II/01--II/07	READY_FOR_COMPANION_MIGRATION	IMP-DL-873C6F4098-P041;IMP-M2-CFC28ED568-P041	Downloads/theory-of-analysis-II.tex	L1302-L1349	MIGRATED	NO_RECONCILED_SOLUTION				0		NO	PENDING_VISUAL_AUDIT	MIGRATED_TO_COMPANION	Reader-facing provenance suppressed; exact source lineage retained here.
CP-II-0495	SEM-D5E8DF901B2D	IMP-DL-183AD43C4C-P027	Metric and Topological Foundations	II/01--II/07	READY_FOR_COMPANION_MIGRATION	IMP-DL-183AD43C4C-P027;IMP-M2-1895C43FC6-P027	Downloads/theory-of-real-analysis.tex	L2382-L2457	MIGRATED	NO_RECONCILED_SOLUTION				0		YES	SOURCE_PRESENT_REVIEW_LATER	MIGRATED_TO_COMPANION	Reader-facing provenance suppressed; exact source lineage retained here.
CP-II-0496	SEM-D5F9D524B20F	IMP-DL-15679DEE8D-P020	Approximation	II/20--II/25	READY_FOR_COMPANION_MIGRATION	IMP-DL-15679DEE8D-P020;IMP-DL-15679DEE8D-R003247-D5F9D524;IMP-DL-3CA1CB77F7-P020;IMP-DL-3CA1CB77F7-R003250-D5F9D524;IMP-DL-E0A96454A5-P020;IMP-DL-E0A96454A5-R003247-D5F9D524;IMP-M2-1D2863B81A-P020;IMP-M2-1D2863B81A-R003247-D5F9D524;IMP-M2-D47CB97304-P020;IMP-M2-D47CB97304-R003247-D5F9D524;IMP-M2-F08D4144EA-P020;IMP-M2-F08D4144EA-R003250-D5F9D524	Downloads/theory-of-analysis - Copy.tex	L3247-L3252	MIGRATED	NO_RECONCILED_SOLUTION				0		NO	PENDING_VISUAL_AUDIT	MIGRATED_TO_COMPANION	Reader-facing provenance suppressed; exact source lineage retained here.
CP-II-0497	SEM-D65222445195	IMP-DL-316AE183C3-P073	Sequences of Functions	II/11--II/15	PLACEMENT_REVIEW_REQUIRED	IMP-DL-316AE183C3-P073;IMP-M2-303BB87ACE-P073	Downloads/theory-of-analysis-functions.tex	L3518-L3523	MIGRATED	NO_RECONCILED_SOLUTION				0		NO	PENDING_VISUAL_AUDIT	MIGRATED_TO_COMPANION	Reader-facing provenance suppressed; exact source lineage retained here.
CP-II-0498	SEM-D69992C159D6	IMP-DL-316AE183C3-P025	Metric and Topological Foundations	II/01--II/07	READY_FOR_COMPANION_MIGRATION	IMP-DL-316AE183C3-P025;IMP-M2-303BB87ACE-P025	Downloads/theory-of-analysis-functions.tex	L2085-L2100	MIGRATED	NO_RECONCILED_SOLUTION				0		NO	PENDING_VISUAL_AUDIT	MIGRATED_TO_COMPANION	Reader-facing provenance suppressed; exact source lineage retained here.
CP-II-0499	SEM-D6A0CEB942EA	IMP-DL-07D84009EA-P012	Calculus	II/08--II/10	READY_FOR_COMPANION_MIGRATION	IMP-DL-07D84009EA-P012;IMP-DL-162DBE4483-P012;IMP-DL-183AD43C4C-P012;IMP-DL-20E278E436-P012;IMP-DL-68F65EDA24-P012;IMP-DL-890EB1F6EA-P012;IMP-DL-995E0CD19D-P012;IMP-DL-E69AEC0DA9-P012;IMP-M2-0EAC31ED0B-P012;IMP-M2-1403D223C9-P012;IMP-M2-1750FF4FF7-P012;IMP-M2-1895C43FC6-P012;IMP-M2-50B0B212DD-P012;IMP-M2-6D7FCEA253-P012;IMP-M2-9CEC4F97B5-P012;IMP-M2-BC23C57F39-P012	Downloads/merged_exercises_corrected (1).tex	L139-L146	MIGRATED	NO_RECONCILED_SOLUTION				0		NO	PENDING_VISUAL_AUDIT	MIGRATED_TO_COMPANION	Reader-facing provenance suppressed; exact source lineage retained here.
CP-II-0500	SEM-D6EE82644012	IMP-DL-873C6F4098-P048	Metric and Topological Foundations	II/01--II/07	READY_FOR_COMPANION_MIGRATION	IMP-DL-873C6F4098-P048;IMP-M2-CFC28ED568-P048	Downloads/theory-of-analysis-II.tex	L1501-L1582	MIGRATED	NO_RECONCILED_SOLUTION				0		NO	PENDING_VISUAL_AUDIT	MIGRATED_TO_COMPANION	Reader-facing provenance suppressed; exact source lineage retained here.
CP-II-0501	SEM-D86664DB3FCE	IMP-DL-EAE0F59552-PSR001803-D86664DB	Sequences of Functions	II/11--II/15	PLACEMENT_REVIEW_REQUIRED	IMP-DL-EAE0F59552-PSR001803-D86664DB;IMP-M2-7EA9DA1D72-PSR001803-D86664DB	Downloads/theory-of-analysis-topology.tex	L1803-L1819	MIGRATED	NO_RECONCILED_SOLUTION				0		YES	SOURCE_PRESENT_REVIEW_LATER	MIGRATED_TO_COMPANION	Reader-facing provenance suppressed; exact source lineage retained here.
CP-II-0502	SEM-D8D13E8975AB	IMP-DL-183AD43C4C-R001651-D8D13E89	Sequences of Functions	II/11--II/15	PLACEMENT_REVIEW_REQUIRED	IMP-DL-183AD43C4C-R001651-D8D13E89;IMP-DL-20E278E436-R001593-D8D13E89;IMP-M2-1895C43FC6-R001651-D8D13E89;IMP-M2-50B0B212DD-R001593-D8D13E89	Downloads/theory-of-real-analysis.tex	L1651-L1681	MIGRATED	MIGRATED_PRIMARY_SOLUTION	IMP-DL-183AD43C4C-S039	Downloads/theory-of-real-analysis.tex	L1682-L1722	1		NO	PENDING_VISUAL_AUDIT	MIGRATED_TO_COMPANION	Reader-facing provenance suppressed; exact source lineage retained here.
CP-II-0503	SEM-D9C52BABD130	IMP-DL-873C6F4098-P036	Sequences of Functions	II/11--II/15	PLACEMENT_REVIEW_REQUIRED	IMP-DL-873C6F4098-P036;IMP-M2-CFC28ED568-P036	Downloads/theory-of-analysis-II.tex	L1130-L1140	MIGRATED	NO_RECONCILED_SOLUTION				0		NO	PENDING_VISUAL_AUDIT	MIGRATED_TO_COMPANION	Reader-facing provenance suppressed; exact source lineage retained here.
CP-II-0504	SEM-DBA3EA59EAEA	IMP-DL-3CA1CB77F7-P038	Sequences of Functions	II/11--II/15	PLACEMENT_REVIEW_REQUIRED	IMP-DL-3CA1CB77F7-P038;IMP-DL-3CA1CB77F7-R004464-DBA3EA59;IMP-M2-F08D4144EA-P038;IMP-M2-F08D4144EA-R004464-DBA3EA59	Downloads/theory-of-analysis-numbers.tex	L4464-L4483	MIGRATED	NO_RECONCILED_SOLUTION				0		NO	PENDING_VISUAL_AUDIT	MIGRATED_TO_COMPANION	Reader-facing provenance suppressed; exact source lineage retained here.
CP-II-0505	SEM-DBB609E826F7	IMP-DL-873C6F4098-P015	Sequences of Functions	II/11--II/15	PLACEMENT_REVIEW_REQUIRED	IMP-DL-873C6F4098-P015;IMP-M2-CFC28ED568-P015	Downloads/theory-of-analysis-II.tex	L677-L677	MIGRATED	NO_RECONCILED_SOLUTION				0		NO	PENDING_VISUAL_AUDIT	MIGRATED_TO_COMPANION	Reader-facing provenance suppressed; exact source lineage retained here.
CP-II-0506	SEM-DCCCA01F831A	IMP-DL-873C6F4098-P038	Metric and Topological Foundations	II/01--II/07	READY_FOR_COMPANION_MIGRATION	IMP-DL-873C6F4098-P038;IMP-M2-CFC28ED568-P038	Downloads/theory-of-analysis-II.tex	L1145-L1154	MIGRATED	NO_RECONCILED_SOLUTION				0		NO	PENDING_VISUAL_AUDIT	MIGRATED_TO_COMPANION	Reader-facing provenance suppressed; exact source lineage retained here.
CP-II-0507	SEM-DD2E15AA1E00	IMP-DL-316AE183C3-P081	Sequences of Functions	II/11--II/15	PLACEMENT_REVIEW_REQUIRED	IMP-DL-316AE183C3-P081;IMP-M2-303BB87ACE-P081	Downloads/theory-of-analysis-functions.tex	L3770-L3775	MIGRATED	NO_RECONCILED_SOLUTION				0		NO	PENDING_VISUAL_AUDIT	MIGRATED_TO_COMPANION	Reader-facing provenance suppressed; exact source lineage retained here.
CP-II-0508	SEM-DDE2C0B6F3CF	IMP-DL-117191C0EC-P010	Metric and Topological Foundations	II/01--II/07	READY_FOR_COMPANION_MIGRATION	IMP-DL-117191C0EC-P010;IMP-M2-40A546CAA2-P010	Downloads/theory-of-analysis-topics.tex	L779-L865	MIGRATED	MIGRATED_PRIMARY_SOLUTION	IMP-DL-117191C0EC-S006	Downloads/theory-of-analysis-topics.tex	L866-L885	1		NO	PENDING_VISUAL_AUDIT	MIGRATED_TO_COMPANION	Reader-facing provenance suppressed; exact source lineage retained here.
CP-II-0509	SEM-DE3379E56FDC	IMP-DL-2370D81D66-P036	Sequences of Functions	II/11--II/15	PLACEMENT_REVIEW_REQUIRED	IMP-DL-2370D81D66-P036;IMP-M2-D036BAB254-P036	Downloads/theory-of-analysis-FD.tex	L4485-L4501	MIGRATED	NO_RECONCILED_SOLUTION				0		NO	PENDING_VISUAL_AUDIT	MIGRATED_TO_COMPANION	Reader-facing provenance suppressed; exact source lineage retained here.
CP-II-0510	SEM-DE5D21799F37	IMP-DL-316AE183C3-P009	Approximation	II/20--II/25	READY_FOR_COMPANION_MIGRATION	IMP-DL-316AE183C3-P009;IMP-M2-303BB87ACE-P009	Downloads/theory-of-analysis-functions.tex	L1657-L1768	MIGRATED	NO_RECONCILED_SOLUTION				0		YES	SOURCE_PRESENT_REVIEW_LATER	MIGRATED_TO_COMPANION	Reader-facing provenance suppressed; exact source lineage retained here.
CP-II-0511	SEM-DE67368DA8E0	IMP-DL-316AE183C3-P047	Sequences of Functions	II/11--II/15	PLACEMENT_REVIEW_REQUIRED	IMP-DL-316AE183C3-P047;IMP-M2-303BB87ACE-P047	Downloads/theory-of-analysis-functions.tex	L2549-L2554	MIGRATED	NO_RECONCILED_SOLUTION				0		NO	PENDING_VISUAL_AUDIT	MIGRATED_TO_COMPANION	Reader-facing provenance suppressed; exact source lineage retained here.
CP-II-0512	SEM-DE88199256AF	IMP-DL-2370D81D66-P053	Sequences of Functions	II/11--II/15	PLACEMENT_REVIEW_REQUIRED	IMP-DL-2370D81D66-P053;IMP-M2-D036BAB254-P053	Downloads/theory-of-analysis-FD.tex	L4766-L4773	MIGRATED	NO_RECONCILED_SOLUTION				0		NO	PENDING_VISUAL_AUDIT	MIGRATED_TO_COMPANION	Reader-facing provenance suppressed; exact source lineage retained here.
CP-II-0513	SEM-DF9D16E2C508	IMP-DL-E532B44856-P016	Sequences of Functions	II/11--II/15	PLACEMENT_REVIEW_REQUIRED	IMP-DL-E532B44856-P016;IMP-M2-C037D998D4-P016	Downloads/theory-of-analysis-functions-II.tex	L2310-L2314	MIGRATED	MIGRATED_PRIMARY_SOLUTION;ALTERNATE_VARIANTS_RETAINED_IN_PROVENANCE	IMP-DL-E532B44856-S005	Downloads/theory-of-analysis-functions-II.tex	L2315-L2321	2	IMP-DL-E532B44856-S006	NO	PENDING_VISUAL_AUDIT	MIGRATED_TO_COMPANION	Reader-facing provenance suppressed; exact source lineage retained here.
CP-II-0514	SEM-E0EEC95791C7	IMP-DL-EAE0F59552-PSR001647-E0EEC957	Metric and Topological Foundations	II/01--II/07	READY_FOR_COMPANION_MIGRATION	IMP-DL-EAE0F59552-PSR001647-E0EEC957;IMP-M2-7EA9DA1D72-PSR001647-E0EEC957	Downloads/theory-of-analysis-topology.tex	L1647-L1729	MIGRATED	NO_RECONCILED_SOLUTION				0		YES	SOURCE_PRESENT_REVIEW_LATER	MIGRATED_TO_COMPANION	Reader-facing provenance suppressed; exact source lineage retained here.
CP-II-0515	SEM-E1268B59BEE8	IMP-DL-2370D81D66-P026	Sequences of Functions	II/11--II/15	PLACEMENT_REVIEW_REQUIRED	IMP-DL-2370D81D66-P026;IMP-M2-D036BAB254-P026	Downloads/theory-of-analysis-FD.tex	L3959-L3959	MIGRATED	NO_RECONCILED_SOLUTION				0		NO	PENDING_VISUAL_AUDIT	MIGRATED_TO_COMPANION	Reader-facing provenance suppressed; exact source lineage retained here.
CP-II-0516	SEM-E13CA8F0F932	IMP-DL-183AD43C4C-PSR003209-E13CA8F0	Sequences of Functions	II/11--II/15	PLACEMENT_REVIEW_REQUIRED	IMP-DL-183AD43C4C-PSR003209-E13CA8F0;IMP-M2-1895C43FC6-PSR003209-E13CA8F0	Downloads/theory-of-real-analysis.tex	L3209-L3224	MIGRATED	NO_RECONCILED_SOLUTION				0		YES	SOURCE_PRESENT_REVIEW_LATER	MIGRATED_TO_COMPANION	Reader-facing provenance suppressed; exact source lineage retained here.
CP-II-0517	SEM-E16FE9117217	IMP-DL-07D84009EA-P009	Sequences of Functions	II/11--II/15	PLACEMENT_REVIEW_REQUIRED	IMP-DL-07D84009EA-P009;IMP-DL-162DBE4483-P009;IMP-DL-183AD43C4C-P009;IMP-DL-20E278E436-P009;IMP-DL-68F65EDA24-P009;IMP-DL-890EB1F6EA-P009;IMP-DL-995E0CD19D-P009;IMP-DL-E69AEC0DA9-P009;IMP-M2-0EAC31ED0B-P009;IMP-M2-1403D223C9-P009;IMP-M2-1750FF4FF7-P009;IMP-M2-1895C43FC6-P009;IMP-M2-50B0B212DD-P009;IMP-M2-6D7FCEA253-P009;IMP-M2-9CEC4F97B5-P009;IMP-M2-BC23C57F39-P009	Downloads/merged_exercises_corrected (1).tex	L115-L122	MIGRATED	NO_RECONCILED_SOLUTION				0		NO	PENDING_VISUAL_AUDIT	MIGRATED_TO_COMPANION	Reader-facing provenance suppressed; exact source lineage retained here.
CP-II-0518	SEM-E2F2F9B214A3	IMP-DL-117191C0EC-P060	Sequences of Functions	II/11--II/15	PLACEMENT_REVIEW_REQUIRED	IMP-DL-117191C0EC-P060;IMP-M2-40A546CAA2-P060	Downloads/theory-of-analysis-topics.tex	L4914-L4928	MIGRATED	NO_RECONCILED_SOLUTION				0		NO	PENDING_VISUAL_AUDIT	MIGRATED_TO_COMPANION	Reader-facing provenance suppressed; exact source lineage retained here.
CP-II-0519	SEM-E3CA0D68C51D	IMP-DL-873C6F4098-P060	Sequences of Functions	II/11--II/15	PLACEMENT_REVIEW_REQUIRED	IMP-DL-873C6F4098-P060;IMP-M2-CFC28ED568-P060	Downloads/theory-of-analysis-II.tex	L1751-L1754	MIGRATED	NO_RECONCILED_SOLUTION				0		NO	PENDING_VISUAL_AUDIT	MIGRATED_TO_COMPANION	Reader-facing provenance suppressed; exact source lineage retained here.
CP-II-0520	SEM-E409D3EABFDF	IMP-DL-183AD43C4C-P019	Metric and Topological Foundations	II/01--II/07	READY_FOR_COMPANION_MIGRATION	IMP-DL-183AD43C4C-P019;IMP-DL-20E278E436-P019;IMP-DL-D171CB8A69-P002;IMP-M2-1895C43FC6-P019;IMP-M2-47AEA48DAF-P002;IMP-M2-50B0B212DD-P019	Downloads/theory-of-real-analysis.tex	L383-L425	MIGRATED	MIGRATED_PRIMARY_SOLUTION	IMP-DL-183AD43C4C-S002	Downloads/theory-of-real-analysis.tex	L391-L423	1		NO	PENDING_VISUAL_AUDIT	MIGRATED_TO_COMPANION	Reader-facing provenance suppressed; exact source lineage retained here.
CP-II-0521	SEM-E4493D18C9E9	IMP-DL-E532B44856-P021	Sequences of Functions	II/11--II/15	PLACEMENT_REVIEW_REQUIRED	IMP-DL-E532B44856-P021;IMP-M2-C037D998D4-P021	Downloads/theory-of-analysis-functions-II.tex	L2609-L2629	MIGRATED	NO_RECONCILED_SOLUTION				0		NO	PENDING_VISUAL_AUDIT	MIGRATED_TO_COMPANION	Reader-facing provenance suppressed; exact source lineage retained here.
CP-II-0522	SEM-E565875700F7	IMP-DL-11EDF39EA7-P036	Sequences of Functions	II/11--II/15	PLACEMENT_REVIEW_REQUIRED	IMP-DL-11EDF39EA7-P036;IMP-M2-68556E3D88-P036	Downloads/theory-of-analysis-FD2.tex	L5267-L5272	MIGRATED	NO_RECONCILED_SOLUTION				0		NO	PENDING_VISUAL_AUDIT	MIGRATED_TO_COMPANION	Reader-facing provenance suppressed; exact source lineage retained here.
CP-II-0523	SEM-E582002CBCB5	IMP-DL-873C6F4098-P023	Metric and Topological Foundations	II/01--II/07	READY_FOR_COMPANION_MIGRATION	IMP-DL-873C6F4098-P023;IMP-M2-CFC28ED568-P023	Downloads/theory-of-analysis-II.tex	L841-L841	MIGRATED	NO_RECONCILED_SOLUTION				0		NO	PENDING_VISUAL_AUDIT	MIGRATED_TO_COMPANION	Reader-facing provenance suppressed; exact source lineage retained here.
CP-II-0524	SEM-E6091540495F	IMP-DL-183AD43C4C-R001421-E6091540	Sequences of Functions	II/11--II/15	PLACEMENT_REVIEW_REQUIRED	IMP-DL-183AD43C4C-R001421-E6091540;IMP-DL-20E278E436-R001363-E6091540;IMP-M2-1895C43FC6-R001421-E6091540;IMP-M2-50B0B212DD-R001363-E6091540	Downloads/theory-of-real-analysis.tex	L1421-L1436	MIGRATED	MIGRATED_PRIMARY_SOLUTION	IMP-DL-183AD43C4C-S035	Downloads/theory-of-real-analysis.tex	L1437-L1458	1		NO	PENDING_VISUAL_AUDIT	MIGRATED_TO_COMPANION	Reader-facing provenance suppressed; exact source lineage retained here.
CP-II-0525	SEM-E7DB17CC614E	IMP-DL-316AE183C3-P022	Sequences of Functions	II/11--II/15	PLACEMENT_REVIEW_REQUIRED	IMP-DL-316AE183C3-P022;IMP-M2-303BB87ACE-P022	Downloads/theory-of-analysis-functions.tex	L2065-L2065	MIGRATED	NO_RECONCILED_SOLUTION				0		NO	PENDING_VISUAL_AUDIT	MIGRATED_TO_COMPANION	Reader-facing provenance suppressed; exact source lineage retained here.
CP-II-0526	SEM-E9259FFF2842	IMP-DL-3CA1CB77F7-P041	Sequences of Functions	II/11--II/15	PLACEMENT_REVIEW_REQUIRED	IMP-DL-3CA1CB77F7-P041;IMP-DL-3CA1CB77F7-R004728-E9259FFF;IMP-M2-F08D4144EA-P041;IMP-M2-F08D4144EA-R004728-E9259FFF	Downloads/theory-of-analysis-numbers.tex	L4728-L4744	MIGRATED	NO_RECONCILED_SOLUTION				0		NO	PENDING_VISUAL_AUDIT	MIGRATED_TO_COMPANION	Reader-facing provenance suppressed; exact source lineage retained here.
CP-II-0527	SEM-E98B0ADD862E	IMP-DL-873C6F4098-P033	Sequences of Functions	II/11--II/15	PLACEMENT_REVIEW_REQUIRED	IMP-DL-873C6F4098-P033;IMP-M2-CFC28ED568-P033	Downloads/theory-of-analysis-II.tex	L1101-L1108	MIGRATED	NO_RECONCILED_SOLUTION				0		NO	PENDING_VISUAL_AUDIT	MIGRATED_TO_COMPANION	Reader-facing provenance suppressed; exact source lineage retained here.
CP-II-0528	SEM-E998E307A0E7	IMP-DL-183AD43C4C-R001766-E998E307	Calculus	II/08--II/10	READY_FOR_COMPANION_MIGRATION	IMP-DL-183AD43C4C-R001766-E998E307;IMP-DL-20E278E436-R001708-E998E307;IMP-M2-1895C43FC6-R001766-E998E307;IMP-M2-50B0B212DD-R001708-E998E307	Downloads/theory-of-real-analysis.tex	L1766-L1772	MIGRATED	MIGRATED_PRIMARY_SOLUTION	IMP-DL-183AD43C4C-S042	Downloads/theory-of-real-analysis.tex	L1773-L1781	1		NO	PENDING_VISUAL_AUDIT	MIGRATED_TO_COMPANION	Reader-facing provenance suppressed; exact source lineage retained here.
CP-II-0529	SEM-E9CA6D6BD3B4	IMP-DL-E532B44856-P020	Sequences of Functions	II/11--II/15	PLACEMENT_REVIEW_REQUIRED	IMP-DL-E532B44856-P020;IMP-M2-C037D998D4-P020	Downloads/theory-of-analysis-functions-II.tex	L2600-L2608	MIGRATED	NO_RECONCILED_SOLUTION				0		NO	PENDING_VISUAL_AUDIT	MIGRATED_TO_COMPANION	Reader-facing provenance suppressed; exact source lineage retained here.
CP-II-0530	SEM-EA820D135559	IMP-DL-316AE183C3-P011	Metric and Topological Foundations	II/01--II/07	READY_FOR_COMPANION_MIGRATION	IMP-DL-316AE183C3-P011;IMP-M2-303BB87ACE-P011	Downloads/theory-of-analysis-functions.tex	L1797-L1969	MIGRATED	NO_RECONCILED_SOLUTION				0		YES	SOURCE_PRESENT_REVIEW_LATER	MIGRATED_TO_COMPANION	Reader-facing provenance suppressed; exact source lineage retained here.
CP-II-0531	SEM-EAB551412316	IMP-DL-183AD43C4C-P015	Sequences of Functions	II/11--II/15	PLACEMENT_REVIEW_REQUIRED	IMP-DL-183AD43C4C-P015;IMP-DL-20E278E436-P015;IMP-DL-E69AEC0DA9-P015;IMP-M2-1895C43FC6-P015;IMP-M2-50B0B212DD-P015;IMP-M2-BC23C57F39-P015	Downloads/theory-of-real-analysis.tex	L264-L297	MIGRATED	NO_RECONCILED_SOLUTION				0		NO	PENDING_VISUAL_AUDIT	MIGRATED_TO_COMPANION	Reader-facing provenance suppressed; exact source lineage retained here.
CP-II-0532	SEM-EAD4D3FC0AF8	IMP-DL-15679DEE8D-P024	Metric and Topological Foundations	II/01--II/07	READY_FOR_COMPANION_MIGRATION	IMP-DL-15679DEE8D-P024;IMP-DL-15679DEE8D-R003509-EAD4D3FC;IMP-DL-3CA1CB77F7-P024;IMP-DL-3CA1CB77F7-R003512-EAD4D3FC;IMP-DL-E0A96454A5-P024;IMP-DL-E0A96454A5-R003509-EAD4D3FC;IMP-M2-1D2863B81A-P024;IMP-M2-1D2863B81A-R003509-EAD4D3FC;IMP-M2-D47CB97304-P024;IMP-M2-D47CB97304-R003509-EAD4D3FC;IMP-M2-F08D4144EA-P024;IMP-M2-F08D4144EA-R003512-EAD4D3FC	Downloads/theory-of-analysis - Copy.tex	L3509-L3516	MIGRATED	NO_RECONCILED_SOLUTION				0		NO	PENDING_VISUAL_AUDIT	MIGRATED_TO_COMPANION	Reader-facing provenance suppressed; exact source lineage retained here.
CP-II-0533	SEM-EB115E4A0685	IMP-DL-CB3C80FF97-P002	Metric and Topological Foundations	II/01--II/07	READY_FOR_COMPANION_MIGRATION	IMP-DL-CB3C80FF97-P002;IMP-M2-7B5A4788C1-P002	Downloads/theory-of-complex-analysis-topology.tex	L104-L135	MIGRATED	NO_RECONCILED_SOLUTION				0		NO	PENDING_VISUAL_AUDIT	MIGRATED_TO_COMPANION	Reader-facing provenance suppressed; exact source lineage retained here.
CP-II-0534	SEM-EB43B8DCF08A	IMP-DL-183AD43C4C-R001946-EB43B8DC	Sequences of Functions	II/11--II/15	PLACEMENT_REVIEW_REQUIRED	IMP-DL-183AD43C4C-R001946-EB43B8DC;IMP-DL-20E278E436-R001888-EB43B8DC;IMP-M2-1895C43FC6-R001946-EB43B8DC;IMP-M2-50B0B212DD-R001888-EB43B8DC	Downloads/theory-of-real-analysis.tex	L1946-L1976	MIGRATED	MIGRATED_PRIMARY_SOLUTION	IMP-DL-183AD43C4C-S051	Downloads/theory-of-real-analysis.tex	L1977-L1982	1		NO	PENDING_VISUAL_AUDIT	MIGRATED_TO_COMPANION	Reader-facing provenance suppressed; exact source lineage retained here.
CP-II-0535	SEM-EB832D3EA99C	IMP-DL-183AD43C4C-R001801-EB832D3E	Calculus	II/08--II/10	READY_FOR_COMPANION_MIGRATION	IMP-DL-183AD43C4C-R001801-EB832D3E;IMP-DL-20E278E436-R001743-EB832D3E;IMP-M2-1895C43FC6-R001801-EB832D3E;IMP-M2-50B0B212DD-R001743-EB832D3E	Downloads/theory-of-real-analysis.tex	L1801-L1806	MIGRATED	MIGRATED_PRIMARY_SOLUTION	IMP-DL-183AD43C4C-S044	Downloads/theory-of-real-analysis.tex	L1807-L1820	1		NO	PENDING_VISUAL_AUDIT	MIGRATED_TO_COMPANION	Reader-facing provenance suppressed; exact source lineage retained here.
CP-II-0536	SEM-EC31EEDE57CE	IMP-DL-117191C0EC-P018	Sequences of Functions	II/11--II/15	PLACEMENT_REVIEW_REQUIRED	IMP-DL-117191C0EC-P018;IMP-M2-40A546CAA2-P018	Downloads/theory-of-analysis-topics.tex	L1695-L1707	MIGRATED	MIGRATED_PRIMARY_SOLUTION	IMP-DL-117191C0EC-S009	Downloads/theory-of-analysis-topics.tex	L1708-L1749	1		NO	PENDING_VISUAL_AUDIT	MIGRATED_TO_COMPANION	Reader-facing provenance suppressed; exact source lineage retained here.
CP-II-0537	SEM-ECD407E12D75	IMP-DL-2370D81D66-P048	Sequences of Functions	II/11--II/15	PLACEMENT_REVIEW_REQUIRED	IMP-DL-2370D81D66-P048;IMP-M2-D036BAB254-P048	Downloads/theory-of-analysis-FD.tex	L4681-L4684	MIGRATED	NO_RECONCILED_SOLUTION				0		NO	PENDING_VISUAL_AUDIT	MIGRATED_TO_COMPANION	Reader-facing provenance suppressed; exact source lineage retained here.
CP-II-0538	SEM-ECD9282EABD2	IMP-DL-316AE183C3-P033	Sequences of Functions	II/11--II/15	PLACEMENT_REVIEW_REQUIRED	IMP-DL-316AE183C3-P033;IMP-M2-303BB87ACE-P033	Downloads/theory-of-analysis-functions.tex	L2197-L2248	MIGRATED	NO_RECONCILED_SOLUTION				0		NO	PENDING_VISUAL_AUDIT	MIGRATED_TO_COMPANION	Reader-facing provenance suppressed; exact source lineage retained here.
CP-II-0539	SEM-ED5A8F12536E	IMP-DL-316AE183C3-P037	Metric and Topological Foundations	II/01--II/07	READY_FOR_COMPANION_MIGRATION	IMP-DL-316AE183C3-P037;IMP-M2-303BB87ACE-P037	Downloads/theory-of-analysis-functions.tex	L2262-L2333	MIGRATED	NO_RECONCILED_SOLUTION				0		NO	PENDING_VISUAL_AUDIT	MIGRATED_TO_COMPANION	Reader-facing provenance suppressed; exact source lineage retained here.
CP-II-0540	SEM-ED84DD91450B	IMP-DL-2370D81D66-P009	Metric and Topological Foundations	II/01--II/07	READY_FOR_COMPANION_MIGRATION	IMP-DL-2370D81D66-P009;IMP-M2-D036BAB254-P009	Downloads/theory-of-analysis-FD.tex	L2710-L2774	MIGRATED	NO_RECONCILED_SOLUTION				0		NO	PENDING_VISUAL_AUDIT	MIGRATED_TO_COMPANION	Reader-facing provenance suppressed; exact source lineage retained here.
CP-II-0541	SEM-EDE04C12E343	IMP-DL-316AE183C3-P016	Sequences of Functions	II/11--II/15	PLACEMENT_REVIEW_REQUIRED	IMP-DL-316AE183C3-P016;IMP-M2-303BB87ACE-P016	Downloads/theory-of-analysis-functions.tex	L2043-L2043	MIGRATED	NO_RECONCILED_SOLUTION				0		NO	PENDING_VISUAL_AUDIT	MIGRATED_TO_COMPANION	Reader-facing provenance suppressed; exact source lineage retained here.
CP-II-0542	SEM-EDE0D29B35DF	IMP-DL-3CA1CB77F7-P049	Sequences of Functions	II/11--II/15	PLACEMENT_REVIEW_REQUIRED	IMP-DL-3CA1CB77F7-P049;IMP-DL-3CA1CB77F7-R005432-EDE0D29B;IMP-M2-F08D4144EA-P049;IMP-M2-F08D4144EA-R005432-EDE0D29B	Downloads/theory-of-analysis-numbers.tex	L5432-L5438	MIGRATED	MIGRATED_PRIMARY_SOLUTION	IMP-DL-3CA1CB77F7-S025	Downloads/theory-of-analysis-numbers.tex	L5440-L5452	1		NO	PENDING_VISUAL_AUDIT	MIGRATED_TO_COMPANION	Reader-facing provenance suppressed; exact source lineage retained here.
CP-II-0543	SEM-EF5609E444BE	IMP-DL-11EDF39EA7-P023	Sequences of Functions	II/11--II/15	PLACEMENT_REVIEW_REQUIRED	IMP-DL-11EDF39EA7-P023;IMP-M2-68556E3D88-P023	Downloads/theory-of-analysis-FD2.tex	L3889-L3964	MIGRATED	NO_RECONCILED_SOLUTION				0		CANDIDATE	PENDING_VISUAL_AUDIT	MIGRATED_TO_COMPANION	Reader-facing provenance suppressed; exact source lineage retained here.
CP-II-0544	SEM-EF7C2F652B06	IMP-DL-873C6F4098-P020	Metric and Topological Foundations	II/01--II/07	READY_FOR_COMPANION_MIGRATION	IMP-DL-873C6F4098-P020;IMP-M2-CFC28ED568-P020	Downloads/theory-of-analysis-II.tex	L745-L792	MIGRATED	NO_RECONCILED_SOLUTION				0		YES	SOURCE_PRESENT_REVIEW_LATER	MIGRATED_TO_COMPANION	Reader-facing provenance suppressed; exact source lineage retained here.
CP-II-0545	SEM-F101633E978D	IMP-DL-873C6F4098-P082	Metric and Topological Foundations	II/01--II/07	READY_FOR_COMPANION_MIGRATION	IMP-DL-873C6F4098-P082;IMP-M2-CFC28ED568-P082	Downloads/theory-of-analysis-II.tex	L3097-L3098	MIGRATED	NO_RECONCILED_SOLUTION				0		NO	PENDING_VISUAL_AUDIT	MIGRATED_TO_COMPANION	Reader-facing provenance suppressed; exact source lineage retained here.
CP-II-0546	SEM-F12A37DCDD55	IMP-DL-183AD43C4C-P024	Sequences of Functions	II/11--II/15	PLACEMENT_REVIEW_REQUIRED	IMP-DL-183AD43C4C-P024;IMP-DL-20E278E436-P024;IMP-M2-1895C43FC6-P024;IMP-M2-50B0B212DD-P024	Downloads/theory-of-real-analysis.tex	L2248-L2308	MIGRATED	NO_RECONCILED_SOLUTION				0		NO	PENDING_VISUAL_AUDIT	MIGRATED_TO_COMPANION	Reader-facing provenance suppressed; exact source lineage retained here.
CP-II-0547	SEM-F1A1CB31C7F7	IMP-DL-873C6F4098-P083	Metric and Topological Foundations	II/01--II/07	READY_FOR_COMPANION_MIGRATION	IMP-DL-873C6F4098-P083;IMP-M2-CFC28ED568-P083	Downloads/theory-of-analysis-II.tex	L3099-L3099	MIGRATED	NO_RECONCILED_SOLUTION				0		NO	PENDING_VISUAL_AUDIT	MIGRATED_TO_COMPANION	Reader-facing provenance suppressed; exact source lineage retained here.
CP-II-0548	SEM-F1C82F39F7EF	IMP-DL-873C6F4098-P066	Metric and Topological Foundations	II/01--II/07	READY_FOR_COMPANION_MIGRATION	IMP-DL-873C6F4098-P066;IMP-M2-CFC28ED568-P066	Downloads/theory-of-analysis-II.tex	L2259-L2368	MIGRATED	NO_RECONCILED_SOLUTION				0		NO	PENDING_VISUAL_AUDIT	MIGRATED_TO_COMPANION	Reader-facing provenance suppressed; exact source lineage retained here.
CP-II-0549	SEM-F1E19004BC02	IMP-DL-117191C0EC-P050	Metric and Topological Foundations	II/01--II/07	READY_FOR_COMPANION_MIGRATION	IMP-DL-117191C0EC-P050;IMP-M2-40A546CAA2-P050	Downloads/theory-of-analysis-topics.tex	L4486-L4507	MIGRATED	NO_RECONCILED_SOLUTION				0		NO	PENDING_VISUAL_AUDIT	MIGRATED_TO_COMPANION	Reader-facing provenance suppressed; exact source lineage retained here.
CP-II-0550	SEM-F23F9ACBE91F	IMP-DL-316AE183C3-PSR001390-F23F9ACB	Approximation	II/20--II/25	READY_FOR_COMPANION_MIGRATION	IMP-DL-316AE183C3-PSR001390-F23F9ACB;IMP-M2-303BB87ACE-PSR001390-F23F9ACB	Downloads/theory-of-analysis-functions.tex	L1390-L1474	MIGRATED	NO_RECONCILED_SOLUTION				0		YES	SOURCE_PRESENT_REVIEW_LATER	MIGRATED_TO_COMPANION	Reader-facing provenance suppressed; exact source lineage retained here.
CP-II-0551	SEM-F27509F3AEEF	IMP-DL-316AE183C3-P049	Metric and Topological Foundations	II/01--II/07	READY_FOR_COMPANION_MIGRATION	IMP-DL-316AE183C3-P049;IMP-M2-303BB87ACE-P049	Downloads/theory-of-analysis-functions.tex	L2700-L3189	MIGRATED	NO_RECONCILED_SOLUTION				0		YES	SOURCE_PRESENT_REVIEW_LATER	MIGRATED_TO_COMPANION	Reader-facing provenance suppressed; exact source lineage retained here.
CP-II-0552	SEM-F2B95AE68859	IMP-DL-183AD43C4C-R001822-F2B95AE6	Calculus	II/08--II/10	READY_FOR_COMPANION_MIGRATION	IMP-DL-183AD43C4C-R001822-F2B95AE6;IMP-DL-20E278E436-R001764-F2B95AE6;IMP-M2-1895C43FC6-R001822-F2B95AE6;IMP-M2-50B0B212DD-R001764-F2B95AE6	Downloads/theory-of-real-analysis.tex	L1822-L1832	MIGRATED	MIGRATED_PRIMARY_SOLUTION;ALTERNATE_VARIANTS_RETAINED_IN_PROVENANCE	IMP-DL-183AD43C4C-S046	Downloads/theory-of-real-analysis.tex	L1854-L1860	3	IMP-DL-183AD43C4C-S045;IMP-DL-183AD43C4C-S047	NO	PENDING_VISUAL_AUDIT	MIGRATED_TO_COMPANION	Reader-facing provenance suppressed; exact source lineage retained here.
CP-II-0553	SEM-F374DE5E563F	IMP-DL-873C6F4098-P024	Sequences of Functions	II/11--II/15	PLACEMENT_REVIEW_REQUIRED	IMP-DL-873C6F4098-P024;IMP-M2-CFC28ED568-P024	Downloads/theory-of-analysis-II.tex	L842-L848	MIGRATED	NO_RECONCILED_SOLUTION				0		NO	PENDING_VISUAL_AUDIT	MIGRATED_TO_COMPANION	Reader-facing provenance suppressed; exact source lineage retained here.
CP-II-0554	SEM-F56B01CF9E23	IMP-DL-CB3C80FF97-P007	Metric and Topological Foundations	II/01--II/07	READY_FOR_COMPANION_MIGRATION	IMP-DL-CB3C80FF97-P007;IMP-M2-7B5A4788C1-P007	Downloads/theory-of-complex-analysis-topology.tex	L602-L602	MIGRATED	NO_RECONCILED_SOLUTION				0		NO	PENDING_VISUAL_AUDIT	MIGRATED_TO_COMPANION	Reader-facing provenance suppressed; exact source lineage retained here.
CP-II-0555	SEM-F6236989D19A	IMP-DL-3CA1CB77F7-P042	Sequences of Functions	II/11--II/15	PLACEMENT_REVIEW_REQUIRED	IMP-DL-3CA1CB77F7-P042;IMP-DL-3CA1CB77F7-R004753-F6236989;IMP-M2-F08D4144EA-P042;IMP-M2-F08D4144EA-R004753-F6236989	Downloads/theory-of-analysis-numbers.tex	L4753-L4755	MIGRATED	MIGRATED_PRIMARY_SOLUTION	IMP-DL-3CA1CB77F7-S017	Downloads/theory-of-analysis-numbers.tex	L4757-L4796	1		NO	PENDING_VISUAL_AUDIT	MIGRATED_TO_COMPANION	Reader-facing provenance suppressed; exact source lineage retained here.
CP-II-0556	SEM-F8E7009D086F	IMP-DL-873C6F4098-P016	Sequences of Functions	II/11--II/15	READY_FOR_COMPANION_MIGRATION	IMP-DL-873C6F4098-P016;IMP-M2-CFC28ED568-P016	Downloads/theory-of-analysis-II.tex	L678-L726	MIGRATED	NO_RECONCILED_SOLUTION				0		CANDIDATE	PENDING_VISUAL_AUDIT	MIGRATED_TO_COMPANION	Reader-facing provenance suppressed; exact source lineage retained here.
CP-II-0557	SEM-F8F9AFAFC465	IMP-DL-2370D81D66-P056	Sequences of Functions	II/11--II/15	PLACEMENT_REVIEW_REQUIRED	IMP-DL-2370D81D66-P056;IMP-M2-D036BAB254-P056	Downloads/theory-of-analysis-FD.tex	L4783-L4789	MIGRATED	NO_RECONCILED_SOLUTION				0		NO	PENDING_VISUAL_AUDIT	MIGRATED_TO_COMPANION	Reader-facing provenance suppressed; exact source lineage retained here.
CP-II-0558	SEM-F8FFAE269366	IMP-DL-316AE183C3-P032	Sequences of Functions	II/11--II/15	PLACEMENT_REVIEW_REQUIRED	IMP-DL-316AE183C3-P032;IMP-M2-303BB87ACE-P032	Downloads/theory-of-analysis-functions.tex	L2196-L2196	MIGRATED	NO_RECONCILED_SOLUTION				0		NO	PENDING_VISUAL_AUDIT	MIGRATED_TO_COMPANION	Reader-facing provenance suppressed; exact source lineage retained here.
CP-II-0559	SEM-F9A5FC892B7B	IMP-DL-2370D81D66-P076	Calculus	II/08--II/10	READY_FOR_COMPANION_MIGRATION	IMP-DL-2370D81D66-P076;IMP-M2-D036BAB254-P076	Downloads/theory-of-analysis-FD.tex	L5789-L5823	MIGRATED	NO_RECONCILED_SOLUTION				0		YES	SOURCE_PRESENT_REVIEW_LATER	MIGRATED_TO_COMPANION	Reader-facing provenance suppressed; exact source lineage retained here.
CP-II-0560	SEM-F9DBD71655AD	IMP-DL-873C6F4098-P021	Sequences of Functions	II/11--II/15	PLACEMENT_REVIEW_REQUIRED	IMP-DL-873C6F4098-P021;IMP-M2-CFC28ED568-P021	Downloads/theory-of-analysis-II.tex	L793-L824	MIGRATED	NO_RECONCILED_SOLUTION				0		YES	SOURCE_PRESENT_REVIEW_LATER	MIGRATED_TO_COMPANION	Reader-facing provenance suppressed; exact source lineage retained here.
CP-II-0561	SEM-FA4DE2337411	IMP-DL-873C6F4098-P065	Sequences of Functions	II/11--II/15	PLACEMENT_REVIEW_REQUIRED	IMP-DL-873C6F4098-P065;IMP-M2-CFC28ED568-P065	Downloads/theory-of-analysis-II.tex	L2135-L2258	MIGRATED	NO_RECONCILED_SOLUTION				0		NO	PENDING_VISUAL_AUDIT	MIGRATED_TO_COMPANION	Reader-facing provenance suppressed; exact source lineage retained here.
CP-II-0562	SEM-FAA96477B50B	IMP-DL-183AD43C4C-P018	Sequences of Functions	II/11--II/15	READY_FOR_COMPANION_MIGRATION	IMP-DL-183AD43C4C-P018;IMP-DL-20E278E436-P018;IMP-DL-77AFEAC262-P002;IMP-M2-1895C43FC6-P018;IMP-M2-50B0B212DD-P018;IMP-M2-F3944A3F22-P002	Downloads/theory-of-real-analysis.tex	L372-L382	MIGRATED	MIGRATED_PRIMARY_SOLUTION	IMP-DL-183AD43C4C-S001	Downloads/theory-of-real-analysis.tex	L376-L378	1		NO	PENDING_VISUAL_AUDIT	MIGRATED_TO_COMPANION	Reader-facing provenance suppressed; exact source lineage retained here.
CP-II-0563	SEM-FB9F2415F395	IMP-DL-873C6F4098-P028	Sequences of Functions	II/11--II/15	READY_FOR_COMPANION_MIGRATION	IMP-DL-873C6F4098-P028;IMP-M2-CFC28ED568-P028	Downloads/theory-of-analysis-II.tex	L911-L965	MIGRATED	NO_RECONCILED_SOLUTION				0		YES	SOURCE_PRESENT_REVIEW_LATER	MIGRATED_TO_COMPANION	Reader-facing provenance suppressed; exact source lineage retained here.
CP-II-0564	SEM-FBE3D029EDE2	IMP-DL-2370D81D66-P012	Metric and Topological Foundations	II/01--II/07	READY_FOR_COMPANION_MIGRATION	IMP-DL-2370D81D66-P012;IMP-M2-D036BAB254-P012	Downloads/theory-of-analysis-FD.tex	L2826-L2952	MIGRATED	MIGRATED_PRIMARY_SOLUTION;ALTERNATE_VARIANTS_RETAINED_IN_PROVENANCE	IMP-DL-2370D81D66-S002	Downloads/theory-of-analysis-FD.tex	L2839-L2870	3	IMP-DL-2370D81D66-S004;IMP-DL-2370D81D66-S003	NO	PENDING_VISUAL_AUDIT	MIGRATED_TO_COMPANION	Reader-facing provenance suppressed; exact source lineage retained here.
CP-II-0565	SEM-FC341A60021A	IMP-DL-CB3C80FF97-P034	Calculus	II/08--II/10	READY_FOR_COMPANION_MIGRATION	IMP-DL-CB3C80FF97-P034;IMP-M2-7B5A4788C1-P034	Downloads/theory-of-complex-analysis-topology.tex	L1302-L1354	MIGRATED	NO_RECONCILED_SOLUTION				0		NO	PENDING_VISUAL_AUDIT	MIGRATED_TO_COMPANION	Reader-facing provenance suppressed; exact source lineage retained here.
CP-II-0566	SEM-FC9F70CC882A	IMP-DL-316AE183C3-P004	Sequences of Functions	II/11--II/15	PLACEMENT_REVIEW_REQUIRED	IMP-DL-316AE183C3-P004;IMP-M2-303BB87ACE-P004	Downloads/theory-of-analysis-functions.tex	L1528-L1546	MIGRATED	NO_RECONCILED_SOLUTION				0		NO	PENDING_VISUAL_AUDIT	MIGRATED_TO_COMPANION	Reader-facing provenance suppressed; exact source lineage retained here.
CP-II-0567	SEM-FD2BE391C520	IMP-DL-15679DEE8D-P008	Fixed Points and Differential Equations	II/16--II/19	READY_FOR_COMPANION_MIGRATION	IMP-DL-15679DEE8D-P008;IMP-DL-3CA1CB77F7-P008;IMP-DL-E0A96454A5-P008;IMP-M2-1D2863B81A-P008;IMP-M2-D47CB97304-P008;IMP-M2-F08D4144EA-P008	Downloads/theory-of-analysis - Copy.tex	L831-L836	MIGRATED	MIGRATED_PRIMARY_SOLUTION	IMP-DL-E0A96454A5-S014	Downloads/theory-of-analysis.tex	L837-L881	1		NO	PENDING_VISUAL_AUDIT	MIGRATED_TO_COMPANION	Reader-facing provenance suppressed; exact source lineage retained here.
CP-II-0568	SEM-FDD1411D0238	IMP-DL-873C6F4098-P072	Metric and Topological Foundations	II/01--II/07	READY_FOR_COMPANION_MIGRATION	IMP-DL-873C6F4098-P072;IMP-M2-CFC28ED568-P072	Downloads/theory-of-analysis-II.tex	L2491-L2495	MIGRATED	NO_RECONCILED_SOLUTION				0		NO	PENDING_VISUAL_AUDIT	MIGRATED_TO_COMPANION	Reader-facing provenance suppressed; exact source lineage retained here.
CP-II-0569	SEM-FE3F6396F242	IMP-DL-2370D81D66-P013	Metric and Topological Foundations	II/01--II/07	READY_FOR_COMPANION_MIGRATION	IMP-DL-2370D81D66-P013;IMP-M2-D036BAB254-P013	Downloads/theory-of-analysis-FD.tex	L2953-L3245	MIGRATED	MIGRATED_PRIMARY_SOLUTION;ALTERNATE_VARIANTS_RETAINED_IN_PROVENANCE	IMP-DL-2370D81D66-S005	Downloads/theory-of-analysis-FD.tex	L2966-L3002	2	IMP-DL-2370D81D66-S006	YES	SOURCE_PRESENT_REVIEW_LATER	MIGRATED_TO_COMPANION	Reader-facing provenance suppressed; exact source lineage retained here.
CP-II-0570	SEM-FE3FC0F26533	IMP-DL-183AD43C4C-R000676-FE3FC0F2	Sequences of Functions	II/11--II/15	PLACEMENT_REVIEW_REQUIRED	IMP-DL-183AD43C4C-R000676-FE3FC0F2;IMP-DL-20E278E436-R000618-FE3FC0F2;IMP-M2-1895C43FC6-R000676-FE3FC0F2;IMP-M2-50B0B212DD-R000618-FE3FC0F2	Downloads/theory-of-real-analysis.tex	L676-L692	MIGRATED	MIGRATED_PRIMARY_SOLUTION	IMP-DL-183AD43C4C-S015	Downloads/theory-of-real-analysis.tex	L693-L715	1		NO	PENDING_VISUAL_AUDIT	MIGRATED_TO_COMPANION	Reader-facing provenance suppressed; exact source lineage retained here.
