target_chapter	term	trusted_geometry_family	source_file	line	nearest_heading	excerpt
VII/42	ridge	NO	ALL_TEX_AND_FIGURES/tex/Downloads/theory-of-algebraic-geometry-1.tex	1980	Clopen Sets Come from Idempotents	otents} \begin{theorem} Clopen subsets of \(\Spec A\) correspond exactly to idempotents of \(A\). More precisely, if \(e\in A\) is idempotent, then \(D(e)\) is clopen, and every clopen subset of \(\Spec A\) is of the form \(D(e)\) for some idempotent \(e\in A\). \end{theorem} This theorem is one of the clearest bridges between algebra and topology: \[ \boxed{ \text{idempotents in }A \quad\longleftrightarrow\quad \text{clopen subsets of }\Spec A. } \] \subsection{Disconnected Spectra and Product Rings} \begin{theorem} For a ring \(A\), the following are equivalent: \begin{enumerate}[label=\roman*)] \item \(\Spec A\) is disconnected. \item \(A\) has a nontrivial idempotent. \item There exist nonzero orthogonal idempotents \(e_1,e_2\in A\) such that \[ e_1e_2=0, \qquad e_1+e_2=1. \] \item
VII/05	cotangent	NO	ALL_TEX_AND_FIGURES/tex/Downloads/theory-of-algebraic-geometry-10.tex	279	Step 1: If \(\varphi\) is a closed immersion	athcal L_P \quad\text{and}\quad s_Q\in \mathfrak m_Q\mathcal L_Q, \] or the reverse. Thus \(V\) separates points. Now fix a closed point \(P\in X\). Since \(\varphi\) is a closed immersion, it induces an isomorphism on Zariski tangent spaces: \[ T_PX \cong T_{\varphi(P)}\varphi(X). \] Equivalently, the induced map on cotangent spaces \[ \mathfrak m_{\varphi(P)}/\mathfrak m_{\varphi(P)}^2 \longrightarrow \mathfrak m_P/\mathfrak m_P^2 \] is surjective. The local affine coordinates on \(\mathbb P^n_k\) are ratios of the sections \(s_i/s_j\). Therefore their first-order variations generate the cotangent space of \(X\) at \(P\). This says exactly that \[ \{s\in V\mid s_P\in \mathfrak m_P\mathcal L_P\} \] spans \[ \mathfrak m_P\mathcal L_P/\mathfrak m_P^2\mathcal L_P. \] Hence \(V\) separates tangent vectors. \subsection*{Step 2: I
VII/05	cotangent	NO	ALL_TEX_AND_FIGURES/tex/Downloads/theory-of-algebraic-geometry-10.tex	287	Step 1: If \(\varphi\) is a closed immersion	(X). \] Equivalently, the induced map on cotangent spaces \[ \mathfrak m_{\varphi(P)}/\mathfrak m_{\varphi(P)}^2 \longrightarrow \mathfrak m_P/\mathfrak m_P^2 \] is surjective. The local affine coordinates on \(\mathbb P^n_k\) are ratios of the sections \(s_i/s_j\). Therefore their first-order variations generate the cotangent space of \(X\) at \(P\). This says exactly that \[ \{s\in V\mid s_P\in \mathfrak m_P\mathcal L_P\} \] spans \[ \mathfrak m_P\mathcal L_P/\mathfrak m_P^2\mathcal L_P. \] Hence \(V\) separates tangent vectors. \subsection*{Step 2: If \(V\) separates points and tangent vectors} Assume now that conditions (a) and (b) hold. Since \(X\) is projective, the morphism \[ \varphi:X\to \mathbb P^n_k \] is proper. Therefore \(\varphi(X)\) is closed in \(\mathbb P^n_k\). By condition (a), distinct closed points of
VII/05	cotangent	NO	ALL_TEX_AND_FIGURES/tex/Downloads/theory-of-algebraic-geometry-10.tex	321	Step 2: If \(V\) separates points and tangent vectors	ongrightarrow \varphi_*\mathcal O_X. \] On affine charts of \(\mathbb P^n_k\), the coordinate functions are generated by ratios \[ \frac{s_i}{s_j}. \] Condition (b) says that these functions generate all first-order directions at every point of \(X\). Equivalently, for every closed point \(P\in X\), the induced map on cotangent spaces is surjective: \[ \mathfrak m_{\varphi(P)}/\mathfrak m_{\varphi(P)}^2 \longrightarrow \mathfrak m_P/\mathfrak m_P^2. \] Therefore the induced morphism on local rings \[ \mathcal O_{\mathbb P^n_k,\varphi(P)} \longrightarrow \mathcal O_{X,P} \] is surjective. Hence \(\varphi^\#\) is surjective, so \(\varphi\) identifies \(X\) with a closed subscheme of \(\mathbb P^n_k\). Since \(\varphi(X)\) is already closed, we conclude that \[ \varphi:X\hookrightarrow \mathbb P^n_k \] is a closed immersion. \sub
VII/05	cotangent	NO	ALL_TEX_AND_FIGURES/tex/Downloads/theory-of-algebraic-geometry-10.tex	688	Linear Systems and Closed Immersions	This means that for distinct closed points \[ P\neq Q, \] there is a section \(s\in V\) that vanishes at one point but not at the other. Geometrically, this prevents two different points from being mapped to the same point of projective space. Second, \(V\) must separate tangent vectors. At a closed point \(P\), the cotangent space is \[ \mathfrak m_P/\mathfrak m_P^2. \] The sections of \(V\) vanishing at \(P\) should generate this space. This means that the morphism does not collapse first-order infinitesimal directions. Thus, the criterion is: \[ \boxed{ \varphi:X\to \mathbb P^n \text{ is a closed immersion} \iff V \text{ separates points and tangent vectors.} } \] The condition of separating points controls the underlying topological embedding, while separating tangent vectors controls the infinitesimal scheme struct
VII/05	cotangent	NO	ALL_TEX_AND_FIGURES/tex/Downloads/theory-of-algebraic-geometry-10.tex	866	Theory: Sections, Affine Schemes, and Acyclic Resolutions	other. This prevents \(\varphi\) from identifying different points of \(X\). Separating tangent vectors means that, for each closed point \(P\in X\), the sections of \(V\) vanishing at \(P\) generate \[ \mathfrak m_P\mathcal L_P/\mathfrak m_P^2\mathcal L_P. \] After trivializing \(\mathcal L\) near \(P\), this is the cotangent space \[ \mathfrak m_P/\mathfrak m_P^2. \] Thus the morphism also preserves first-order infinitesimal information. Hence one has the criterion \[ \boxed{ \varphi:X\to \mathbb P^n_k \text{ is a closed immersion} \iff V\text{ separates points and tangent vectors.} } \] The second result concerns affine schemes. If \[ X=\operatorname{Spec}A, \] then quasi-coherent sheaves on \(X\) are equivalent to \(A\)-modules. For every \(A\)-module \(M\), there is an associated quasi-coherent sheaf \(\widetilde M\),
VII/05	cotangent	NO	ALL_TEX_AND_FIGURES/tex/Downloads/theory-of-algebraic-geometry-10.tex	6071	Connection with Tangent Spaces	N. \] For sufficiently positive \(d\), these morphisms often become closed immersions. Hence the closed immersion criterion explains how projective varieties are embedded into projective space using homogeneous coordinates. \subsection{Connection with Tangent Spaces} Separating tangent vectors is a condition on the cotangent space \[ \mathfrak m_P/\mathfrak m_P^2. \] The Zariski tangent space is its dual: \[ T_PX = \operatorname{Hom}_k \left( \mathfrak m_P/\mathfrak m_P^2, k \right). \] Thus a morphism separates tangent vectors when its coordinate functions detect all first-order directions at a point. In this way, the closed immersion criterion is closely connected with: \[ \text{Zariski tangent spaces,} \] \[ \text{differentials,} \] \[ \text{smoothness,} \] and \[ \text{the Jacobian criterion.} \] The basic relationsh
VII/05	cotangent	NO	ALL_TEX_AND_FIGURES/tex/Downloads/theory-of-algebraic-geometry-10.tex	6534	Example: Tangent Spaces and Differentials	ghtarrow \mathbb P^2. \] Thus different graded pieces produce different projective realizations of the same variety. \subsection{Example: Tangent Spaces and Differentials} Consider the parabola \[ X=V(y-x^2) \subseteq \mathbb A^2. \] At the origin \[ P=(0,0), \] the maximal ideal is \[ \mathfrak m_P=(x,y). \] The cotangent space is \[ \mathfrak m_P/\mathfrak m_P^2. \] Since \[ y=x^2, \] we have \[ y\in \mathfrak m_P^2. \] Therefore \[ \mathfrak m_P/\mathfrak m_P^2 = \langle x\rangle. \] Hence \[ \dim T_PX=1. \] The tangent line is simply the \(x\)-axis. This illustrates how first-order information is extracted from \[ \mathfrak m_P/\mathfrak m_P^2. \] \subsection{Example: Serre's Affineness Criterion} Let \[ X=\operatorname{Spec}k[x]. \] Then \(X\) is affine, and for every quasi-coherent sheaf \(\mathcal F\), \[ H^i
VII/05	cotangent	NO	ALL_TEX_AND_FIGURES/tex/Downloads/theory-of-algebraic-geometry-11.tex	2973	Example 10: Differentials Detect Singular Points	mathcal O_X\,dx\oplus\mathcal O_X\,dy} {(df)}. \] Compute \[ df=2x\,dx-3y^2\,dy. \] Thus \[ \Omega_{\mathcal O_X/k} = \frac{\mathcal O_X\,dx\oplus\mathcal O_X\,dy} {(2x\,dx-3y^2\,dy)}. \] At the origin $(0,0)$, the relation becomes \[ 0=0. \] So there is no linear relation between $dx$ and $dy$ at the origin. The cotangent space has dimension $2$, but the curve should have dimension $1$. This indicates that the origin is singular. Thus differentials detect the cusp singularity of \[ x^2=y^3. \] \subsection{Example 11: Smooth Hypersurface Differential Relation} Let \[ X=V(f)\subseteq\mathbb A_k^2 \] with \[ f=x^2+y^2-1. \] Then \[ df=2x\,dx+2y\,dy. \] The module of differentials is \[ \Omega_{\mathcal O_X/k} = \frac{\mathcal O_X\,dx\oplus\mathcal O_X\,dy} {(2x\,dx+2y\,dy)}. \] At a point $(a,b)\in X$, not both partial
VII/05	cotangent	NO	ALL_TEX_AND_FIGURES/tex/Downloads/theory-of-algebraic-geometry-11.tex	4869	Step 5: Tangent separation and local coordinates	s}{s_i}\in \mathfrak m_P. \] Since $s_i(P)\neq0$, multiplication by $s_i^{-1}$ gives an isomorphism \[ \mathfrak m_P\mathcal L_P/\mathfrak m_P^2\mathcal L_P \cong \mathfrak m_P/\mathfrak m_P^2. \] Condition (b) therefore says that the classes of the functions \[ \frac{s}{s_i}, \qquad s\in V,\quad s(P)=0, \] span the cotangent space \[ \mathfrak m_P/\mathfrak m_P^2. \] But the functions \[ \frac{s_j}{s_i} \] are exactly the pullbacks of affine coordinate functions from the chart \[ D_+(y_i)\subseteq \mathbb P_k^n. \] Hence the image of the local ring \[ \mathcal O_{Y,Q} \] inside \[ \mathcal O_{X,P} \] contains enough functions to generate \[ \mathfrak m_P/\mathfrak m_P^2. \] Equivalently, the induced map on cotangent spaces \[ \mathfrak m_Q/\mathfrak m_Q^2 \longrightarrow \mathfrak m_P/\mathfrak m_P^2 \] is surjective. Dua
VII/05	cotangent	NO	ALL_TEX_AND_FIGURES/tex/Downloads/theory-of-algebraic-geometry-11.tex	4896	Step 5: Tangent separation and local coordinates	_j}{s_i} \] are exactly the pullbacks of affine coordinate functions from the chart \[ D_+(y_i)\subseteq \mathbb P_k^n. \] Hence the image of the local ring \[ \mathcal O_{Y,Q} \] inside \[ \mathcal O_{X,P} \] contains enough functions to generate \[ \mathfrak m_P/\mathfrak m_P^2. \] Equivalently, the induced map on cotangent spaces \[ \mathfrak m_Q/\mathfrak m_Q^2 \longrightarrow \mathfrak m_P/\mathfrak m_P^2 \] is surjective. Dually, the tangent map \[ T_PX\longrightarrow T_QY \] is injective. Thus condition (b) says that $\varphi$ does not collapse infinitesimal directions. \subsection*{Step 6: Surjectivity of the local ring maps} Let \[ A=\mathcal O_{Y,Q}, \qquad B=\mathcal O_{X,P}. \] We have a local homomorphism \[ A\longrightarrow B. \] Its image contains constants and maps the maximal ideal of $A$ into the maxima
VII/05	cotangent	NO	ALL_TEX_AND_FIGURES/tex/Downloads/theory-of-algebraic-geometry-11.tex	5199	Step 3: The sections separate tangent vectors	at \(P\). Since \[ u(P)\neq0, \qquad v(P)=0, \] the section \(v\) vanishes at \(P\). Trivializing \(\mathcal O_{\mathbb P^1}(1)\) by the nonvanishing section \(u\), we get \[ \frac vu=t. \] Modulo \((t^2)\), the class of \(t\) generates \[ \mathfrak m_P/\mathfrak m_P^2. \] Therefore the vanishing sections span the cotangent space at \(P\). The same argument works at every point of \(\mathbb P^1\), after choosing a chart where one of \(u\) or \(v\) is nonzero. Hence the sections separate tangent vectors. \subsubsection*{Conclusion} The sections \(u,v\) generate \(\mathcal O_{\mathbb P^1}(1)\), separate points, and separate tangent vectors. Therefore, by the closed immersion criterion, \[ \varphi:\mathbb P^1\to\mathbb P^1 \] is a closed immersion. Indeed, \[ \boxed{ \varphi([u:v])=[u:v] } \] is simply the identity morph
VII/05	cotangent	NO	ALL_TEX_AND_FIGURES/tex/Downloads/theory-of-algebraic-geometry-11.tex	5435	Step 3: Tangent separation at \texorpdfstring{$P=[1:0]$	\(\varphi\), \[ [1:t]\longmapsto [1:t:t^2]. \] Now use the affine chart \(X\neq0\) in \(\mathbb P^2\), with affine coordinates \[ A=\frac YX, \qquad B=\frac ZX. \] Then the morphism becomes \[ A=t, \qquad B=t^2. \] The local ring of \(\mathbb P^1\) at \(P\) is \[ k[t]_{(t)}. \] Its maximal ideal is \[ (t). \] The cotangent space is \[ \mathfrak m_P/\mathfrak m_P^2=(t)/(t^2). \] Modulo \((t^2)\), we have \[ A=t, \qquad B=t^2\equiv0. \] Thus the pullback of the affine coordinate \(A\) gives the generator \(t\) of \[ \mathfrak m_P/\mathfrak m_P^2. \] Therefore the induced map on cotangent spaces is surjective. Equivalently, the tangent map is injective. So the morphism separates tangent vectors at \(P=[1:0]\). \subsubsection*{Step 4: Tangent separation at an arbitrary point} The same argument works at every point. On a
VII/05	cotangent	NO	ALL_TEX_AND_FIGURES/tex/Downloads/theory-of-algebraic-geometry-11.tex	5452	Step 3: Tangent separation at \texorpdfstring{$P=[1:0]$	_{(t)}. \] Its maximal ideal is \[ (t). \] The cotangent space is \[ \mathfrak m_P/\mathfrak m_P^2=(t)/(t^2). \] Modulo \((t^2)\), we have \[ A=t, \qquad B=t^2\equiv0. \] Thus the pullback of the affine coordinate \(A\) gives the generator \(t\) of \[ \mathfrak m_P/\mathfrak m_P^2. \] Therefore the induced map on cotangent spaces is surjective. Equivalently, the tangent map is injective. So the morphism separates tangent vectors at \(P=[1:0]\). \subsubsection*{Step 4: Tangent separation at an arbitrary point} The same argument works at every point. On any affine chart of \(\mathbb P^1\), after choosing a local coordinate \(t\), the morphism has the local form \[ t\longmapsto (t,t^2) \] up to a change of coordinates. The important feature is that the first coordinate has linear term \(t\). Therefore, modulo \(t^2\), t
VII/05	cotangent	NO	ALL_TEX_AND_FIGURES/tex/Downloads/theory-of-algebraic-geometry-11.tex	5477	Step 4: Tangent separation at an arbitrary point	m has the local form \[ t\longmapsto (t,t^2) \] up to a change of coordinates. The important feature is that the first coordinate has linear term \(t\). Therefore, modulo \(t^2\), the pullback of a coordinate function from \(\mathbb P^2\) gives the generator of \[ \mathfrak m_P/\mathfrak m_P^2. \] Hence the induced cotangent map is surjective at every point. So the sections \[ u^2,\ uv,\ v^2 \] separate tangent vectors everywhere. \subsubsection*{Step 5: The image is the conic} We already showed that the image is contained in \[ V(XZ-Y^2). \] Conversely, let \[ [X:Y:Z]\in V(XZ-Y^2)\subseteq \mathbb P^2. \] If \(X\neq0\), then write \[ t=\frac YX. \] Since \[ XZ=Y^2, \] we have \[ \frac ZX=\left(\frac YX\right)^2=t^2. \] Thus \[ [X:Y:Z]=[1:t:t^2]=\varphi([1:t]). \] If \(X=0\), then the equation \[ XZ-Y^2=0 \] gives \[
VII/42	ridge	NO	ALL_TEX_AND_FIGURES/tex/Downloads/theory-of-algebraic-geometry-7.tex	2821	Fibre as a Cartesian square	"} Every fibre is a pullback. \[ \begin{tikzcd} X_{\mathfrak{p}} \arrow[r] \arrow[d] & X \arrow[d,""f""] \\ \operatorname{Spec}\kappa(\mathfrak{p}) \arrow[r] & \operatorname{Spec}A \end{tikzcd} \] Here \[ X_{\mathfrak{p}} = X\times_{\operatorname{Spec}A}\operatorname{Spec}\kappa(\mathfrak{p}). \] This is the bridge between Problem 9 and Problem 10. \subsubsection{Fibre computation recipe} \[ \begin{array}{c|c|c} \textbf{Step} & \textbf{Operation} & \textbf{Meaning} \\ \hline 1 & \mathfrak{p}\in \operatorname{Spec}A & \text{choose a point of the base} \\ \hline 2 & \kappa(\mathfrak{p})=\operatorname{Frac}(A/\mathfrak{p}) & \text{compute the residue field} \\ \hline 3 & B\otimes_A\kappa(\mathfrak{p}) & \text{specialize the coordinate ring} \\ \hline 4 & \operatorname{Spec}\left(B\otimes_A\kappa"
VII/42	ridge	NO	ALL_TEX_AND_FIGURES/tex/Downloads/theory-of-algebraic-geometry-8.tex	1196	Varieties and Function Fields	X=\trdeg_k K(X). } \] This formula says that the dimension of \(X\) is the number of algebraically independent parameters needed to describe rational functions on \(X\). For example, \[ K(\mathbb A^n_k)=k(x_1,\dots,x_n), \] and \[ \trdeg_k k(x_1,\dots,x_n)=n. \] Therefore, \[ \dim \mathbb A^n_k=n. \] This gives a bridge between geometry and field theory: \[ \boxed{ \text{geometric dimension} = \text{number of independent transcendental parameters}. } \] \subsection{Local Rings and Local Dimension} Let \(X\) be a scheme and let \(x\in X\). The local ring at \(x\) is denoted \[ \mathcal O_{X,x}. \] This ring describes regular functions defined near \(x\). In the affine case, if \[ X=\Spec A \] and \(x\) corresponds to the prime ideal \(\mathfrak p\subseteq A\), then \[ \mathcal O_{X,x}=A_{\mathfrak p}. \] The dimension
VII/42	ridge	NO	ALL_TEX_AND_FIGURES/tex/Downloads/theory-of-algebraic-topology-10.tex	1132	B	ong \mathbb Z,\quad H_1\cong \mathbb Z,\quad H_n=0 \ (n\ge 2), \] \[ H_*(T^2\setminus \mathring{D}^2): \qquad H_0\cong \mathbb Z,\quad H_1\cong \mathbb Z^2,\quad H_n=0 \ (n\ge 2), \] \[ H_*(\Sigma_2): \qquad H_0\cong \mathbb Z,\quad H_1\cong \mathbb Z^4,\quad H_2\cong \mathbb Z,\quad H_n=0 \ (n\ge 3). \] \subsection{Bridge between Exercises 5 and 6} Although Exercises 5 and 6 look different, they are both based on the same general philosophy of homological algebra: \begin{itemize} \item build a chain complex from the situation, \item compare complexes using exact sequences, \item read topological information from homology groups. \end{itemize} In Exercise 5, the comparison is encoded by the mapping cone of a chain map. In Exercise 6, the comparison is encoded by the short exact sequence \[ 0\to C_*(A)\to C_*(X)\to C_*(X,
VII/42	ridge	NO	ALL_TEX_AND_FIGURES/tex/Downloads/theory-of-algebraic-topology-10.tex	4435	12. Conceptual summary	mplex is acyclic. This is why the mapping cone is so powerful in Problems 5, 14, and 15: \[ \text{chain map} \;\longrightarrow\; \text{mapping cone} \;\longrightarrow\; \text{acyclicity or contractibility} \;\longrightarrow\; \text{strong conclusion about }f. \] Thus \(\operatorname{Cone}(f)\) is one of the central bridge constructions between algebraic structure and homological information. \end{document}
VII/42	ridge	NO	ALL_TEX_AND_FIGURES/tex/Downloads/theory-of-algebraic-topology-11.tex	1622	Summary of the examples	lic group actions; \item Moore spaces show how a degree-\(m\) attaching map creates a \(\mathbb Z/m\)-summand; \item wedge sums of spheres and Moore spaces allow us to realize arbitrary finitely generated abelian groups as homology groups of finite CW complexes. \end{itemize} Thus these examples provide a concrete bridge between the abstract theory of cellular homology and explicit geometric constructions. % --- Required packages in preamble --- % \usepackage{graphicx} % \usepackage{float} % optional, for [H] % \usepackage{subcaption} % optional, if you want subfigures later \subsection{Diagrams for Problems 3--5} \begin{figure}[htbp] \centering \includegraphics[width=\textwidth]{quotient_space_constructions_and_homology.png} \caption{Low-dimensional quotient examples for Problem~3. The quotient $ (D^1\times S^1)/(S^0\t
VII/42	ridge	NO	ALL_TEX_AND_FIGURES/tex/Downloads/theory-of-algebraic-topology-13.tex	3234	Part IV. A covering of \(T^2\) by three contractible open subsets	his covers the middle of the \(2\)-cell. Since it is an open disk, \(U_2\) is contractible. \item \(U_1\): an open regular neighborhood of a tree joining the middle parts of the two \(1\)-cells. In the square picture, this appears as thin strips near the middle portions of the boundary edges, together with a small bridge through the interior. Since a regular neighborhood of a tree in a surface is an open disk, \(U_1\) is contractible. \end{enumerate} Choosing the neighborhoods large enough, these three open sets cover the whole torus: \[ T^2=U_0\cup U_1\cup U_2. \] The following picture is schematic. Opposite edges of the square are identified. \[ \begin{tikzpicture}[scale=4, line cap=round, line join=round] % square \draw[thick] (0,0) rectangle (1,1); % edge labels and arrows \draw[->, thick] (0.22,0) -- (0.78,0);
VII/42	ridge	NO	ALL_TEX_AND_FIGURES/tex/Downloads/theory-of-algebraic-topology-13.tex	3267	Part IV. A covering of \(T^2\) by three contractible open subsets	, thick] (0,0.22) -- (0,0.78); \node[left] at (0,0.5) {$b$}; \draw[->, thick] (1,0.78) -- (1,0.22); \node[right] at (1,0.5) {$b$}; % U2 central disk \fill[green!25, rounded corners=8pt] (0.25,0.25) rectangle (0.75,0.75); \node[green!45!black, font=\bfseries] at (0.5,0.5) {$U_2$}; % U1 boundary strips and bridge \draw[blue!25, line width=18pt] (0.25,0.03) -- (0.75,0.03); \draw[blue!25, line width=18pt] (0.25,0.97) -- (0.75,0.97); \draw[blue!25, line width=18pt] (0.03,0.25) -- (0.03,0.75); \draw[blue!25, line width=18pt] (0.97,0.25) -- (0.97,0.75); \draw[blue!25, line width=18pt] (0.5,0.03) .. controls (0.45,0.22) and (0.22,0.45) .. (0.03,0.5); \node[blue!60!black, font=\bfseries] at (0.23,0.28) {$U_1$}; % U0 corner neighborhoods \foreach \x/\y in {0/0,1/0,0/1,1/1} { \fill[red!25] (\x,\y) circle (0.12);
VII/42	ridge	NO	ALL_TEX_AND_FIGURES/tex/Downloads/theory-of-algebraic-topology-13.tex	4746	A geometric picture of a three-set cover of \(T^2\)	thick] (0,0.22) -- (0,0.78); \node[left] at (0,0.5) {$b$}; \draw[->, thick] (1,0.78) -- (1,0.22); \node[right] at (1,0.5) {$b$}; % U2 central disk \fill[green!25, rounded corners=8pt] (0.25,0.25) rectangle (0.75,0.75); \node[green!45!black, font=\bfseries] at (0.5,0.5) {$U_2$}; % U1 strips near edges and bridge \draw[blue!25, line width=18pt] (0.25,0.03) -- (0.75,0.03); \draw[blue!25, line width=18pt] (0.25,0.97) -- (0.75,0.97); \draw[blue!25, line width=18pt] (0.03,0.25) -- (0.03,0.75); \draw[blue!25, line width=18pt] (0.97,0.25) -- (0.97,0.75); \draw[blue!25, line width=18pt] (0.5,0.03) .. controls (0.45,0.22) and (0.22,0.45) .. (0.03,0.5); \node[blue!60!black, font=\bfseries] at (0.23,0.28) {$U_1$}; % U0 corner neighborhoods \foreach \x/\y in {0/0,1/0,0/1,1/1} { \fill[red!25] (\x,\y) circle (0.12
VII/42	ridge	NO	ALL_TEX_AND_FIGURES/tex/Downloads/theory-of-algebraic-topology-3.tex	3532	Degree of a covering and index of a subgroup	of index \(n\) in \(F_2\). Therefore: \begin{itemize} \item degree \(2\) coverings correspond to index \(2\) subgroups of \(F_2\), \item degree \(3\) coverings correspond to index \(3\) subgroups of \(F_2\), \item infinite-sheeted coverings correspond to infinite-index subgroups. \end{itemize} This is the basic bridge between topology and group theory in Problems 5 and 6. \bigskip \subsection{Why permutation representations appear} Suppose \[ H\leq F_2 \] has finite index \(n\). Then \(F_2\) acts on the set of left cosets \[ F_2/H. \] This produces a homomorphism \[ \rho:F_2\to S_n, \] called the \emph{coset action} or \emph{monodromy representation}. Since \[ F_2=\langle a,b\rangle, \] the action is determined by the images of the generators: \[ \sigma_a=\rho(a),\qquad \sigma_b=\rho(b). \] Thus every finite-sheeted c
VII/42	ridge	NO	ALL_TEX_AND_FIGURES/tex/Downloads/theory-of-algebraic-topology-4.tex	487	Covering spaces and subgroups of the fundamental group	8(iii). Although \(a^2=b^2=1\), there is no contradiction in \(ab\) having infinite order. In fact this is the generic behavior in a free product: relations inside the factors do not create unexpected relations between mixed words. \subsection{Covering spaces and subgroups of the fundamental group} One of the main bridges between topology and group theory is the classification of covering spaces. \medskip \textbf{Theorem (classification of covering spaces).} Let \(X\) be connected, locally path-connected, and semilocally simply connected. Then connected covering spaces of \(X\), up to isomorphism, correspond to subgroups of \(\pi_1(X,x_0)\), up to conjugacy. \medskip If \[ p:\widetilde X\to X \] is a connected covering and \(\widetilde x_0\in p^{-1}(x_0)\), then the induced subgroup \[ p_*\pi_1(\widetilde X,\widetilde x_0
VII/42	ridge	NO	ALL_TEX_AND_FIGURES/tex/Downloads/theory-of-algebraic-topology-4.tex	2158	Conceptual summary	ology of graphs, one sees free groups geometrically. A connected graph is homotopy equivalent to a bouquet of circles, and its fundamental group is therefore free. Covering spaces of graphs then explain why subgroups of free groups are again free. \end{itemize} Thus, in both problems, the fundamental group acts as a bridge between geometry and algebra. \section{The fundamental group: definitions, theory, and examples} \subsection{Basic idea and motivation} The fundamental group is one of the central invariants of algebraic topology. It measures, in algebraic form, the existence of nontrivial loops in a space. Very roughly: \begin{itemize} \item if every loop can be continuously contracted to a point, the space is simply connected and its fundamental group is trivial; \item if some loops cannot be contracted, the fundamen
VII/42	ridge	NO	ALL_TEX_AND_FIGURES/tex/Downloads/theory-of-algebraic-topology-4.tex	2675	Summary	pological invariants. Its basic examples already reveal much of topology: \[ \pi_1(\mathbb R^n)=0,\qquad \pi_1(S^1)\cong \mathbb Z,\qquad \pi_1(T^2)\cong \mathbb Z^2,\qquad \pi_1\!\left(\bigvee^n S^1\right)\cong F_n. \] In the study of graphs, link complements, and covering spaces, the fundamental group serves as a bridge between geometry and algebra. \section{Problem 1 Abstract simplicial complexes, geometric realizations, and realization in Euclidean space} \subsection{Definitions and background} \textbf{Abstract simplicial complex.} An \emph{abstract simplicial complex} consists of a finite set \(V_X\) (called the \emph{vertices}) and a collection \(X\) of subsets of \(V_X\) (called the \emph{simplices}) such that \[ \sigma\in X,\ \tau\subseteq \sigma \quad \Longrightarrow \quad \tau\in X. \] Thus \(X\) is closed under t
VII/42	ridge	NO	ALL_TEX_AND_FIGURES/tex/Downloads/theory-of-algebraic-topology-4.tex	5057	Summary	d spheres; \item proving null-homotopy results such as \[ S^m\to S^n \quad (m<n); \] \item pushing loops into the \(1\)-skeleton and homotopies into the \(2\)-skeleton; \item reformulating existence and nonexistence questions in combinatorial terms. \end{itemize} Thus simplicial approximation is one of the key bridges between topology and the combinatorics of simplicial complexes. \end{document}
VII/42	ridge	NO	ALL_TEX_AND_FIGURES/tex/Downloads/theory-of-algebraic-topology-7.tex	1883	Summary	ot boundaries. \end{itemize} This explains the central definition \[ H_n(X)=\frac{\ker d_n}{\operatorname{im} d_{n+1}}. \] So one can read homology as: \begin{quote} the group of closed \(n\)-dimensional chains, modulo those closed chains that already come from filling something in. \end{quote} That is the clean bridge between the algebraic definition and the geometric intuition of holes. \section{Graph homology: definitions, intuition, and worked examples} Graph homology is one of the simplest and most concrete examples of homology theory. A graph may be regarded as a topological space built out of \begin{itemize}[leftmargin=2em] \item \emph{vertices}, which are \(0\)-dimensional cells, and \item \emph{edges}, which are \(1\)-dimensional cells. \end{itemize} Since a graph has no \(2\)-dimensional faces,
VII/42	ridge	NO	ALL_TEX_AND_FIGURES/tex/Downloads/theory-of-algebraic-topology-7.tex	2362	Linear algebra viewpoint	ogy can be computed by ordinary linear algebra over \(\mathbb{Z}\): \begin{itemize}[leftmargin=2em] \item the cycles are the elements of \(\ker(\partial_1)\), \item for graphs, \(H_1(G)=\ker(\partial_1)\), \item \(H_0(G)\) describes connected components. \end{itemize} So graph homology is a very concrete bridge between topology and algebra. \subsection{Important conceptual point about ``holes''} When one says that a graph has ``holes,'' this does \emph{not} simply mean bounded regions in some particular drawing of the graph in the plane. A graph can be drawn in many different ways, but its homology does not change. Homology counts independent loops in the graph as a topological space. In a graph, a ``hole'' means an independent cycle that is not the boundary of a \(2\)-dimensional piece. Since graphs have n
VII/42	ridge	NO	ALL_TEX_AND_FIGURES/tex/Downloads/theory-of-algebraic-topology-8.tex	896	Why polygonal models are so important	re useful because they connect: \begin{itemize} \item geometry: draw a polygon and glue edges, \item combinatorics: count vertices, edges, and faces, \item topology: identify the resulting surface, \item algebra: later read off fundamental groups and homology presentations. \end{itemize} They are one of the best bridges between concrete pictures and abstract invariants. \subsection{Summary} The polygonal model of a surface gives one of the fastest routes to the Euler characteristic. For the torus: \[ aba^{-1}b^{-1}\quad \Longrightarrow \quad c_0=1,\ c_1=2,\ c_2=1,\ \chi=0. \] For the projective plane: \[ aa\quad \Longrightarrow \quad c_0=1,\ c_1=1,\ c_2=1,\ \chi=1. \] For the Klein bottle: \[ abab\quad \Longrightarrow \quad c_0=1,\ c_1=2,\ c_2=1,\ \chi=0. \] In general: \[ \chi(\Sigma_g)=2-2g,\qquad \chi(S_n)=2-n. \]
VII/42	ridge	NO	ALL_TEX_AND_FIGURES/tex/Downloads/theory-of-algebraic-topology-8.tex	926	From polygon words to presentations of the fundamental group	tures: they are concrete computational tools for topology. \section{From polygon words to presentations of the fundamental group} A polygonal model of a surface does not only allow us to compute the Euler characteristic. It also gives a direct presentation of the fundamental group. This is one of the most important bridges between geometry and algebra in topology. \subsection{General principle} Suppose a closed surface is obtained from a polygon whose boundary is labeled by a cyclic word \[ w \] in symbols \(a,b,c,\dots\), with appropriate inverses when orientations are reversed. After the edge identifications: \begin{itemize} \item all vertices often collapse to a single \(0\)-cell, \item each pair of identified edges gives a \(1\)-cell, \item the interior of the polygon becomes one \(2\)-cell. \end{itemize} Thus the q
VII/11	green's theorem	NO	ALL_TEX_AND_FIGURES/tex/Downloads/theory-of-algebraic-topology-9.tex	1744	Stokes' theorem	why exact forms vanish on cycles.} In full generality, if \(M\) is an oriented manifold with boundary and \(\eta\) is a compactly supported \((n-1)\)-form, then \[ \int_M d\eta = \int_{\partial M}\eta. \] This generalizes several classical theorems from vector calculus, including the fundamental theorem of calculus, Green's theorem, the divergence theorem, and the classical form of Stokes' theorem. It is also the reason exact forms do not contribute to cohomology: when integrated over closed cycles, they always give zero. \subsection{The de Rham theorem} \textbf{The central theorem says that de Rham cohomology equals singular cohomology with real coefficients.} For every smooth manifold \(M\), \[ H^k_{\mathrm{dR}}(M)\cong H^k(M;\mathbb{R}). \] This is one of the most beautiful theorems in topology and geometry. The left-ha
VII/11	divergence theorem	NO	ALL_TEX_AND_FIGURES/tex/Downloads/theory-of-algebraic-topology-9.tex	1744	Stokes' theorem	sh on cycles.} In full generality, if \(M\) is an oriented manifold with boundary and \(\eta\) is a compactly supported \((n-1)\)-form, then \[ \int_M d\eta = \int_{\partial M}\eta. \] This generalizes several classical theorems from vector calculus, including the fundamental theorem of calculus, Green's theorem, the divergence theorem, and the classical form of Stokes' theorem. It is also the reason exact forms do not contribute to cohomology: when integrated over closed cycles, they always give zero. \subsection{The de Rham theorem} \textbf{The central theorem says that de Rham cohomology equals singular cohomology with real coefficients.} For every smooth manifold \(M\), \[ H^k_{\mathrm{dR}}(M)\cong H^k(M;\mathbb{R}). \] This is one of the most beautiful theorems in topology and geometry. The left-hand side is defined an
VII/14	surface patch	NO	ALL_TEX_AND_FIGURES/tex/Downloads/theory-of-algebraic-topology-9.tex	1307	A useful comparison table	]\} & \text{point} & \text{smallest simplicial complex} \\ \{[v_0],[v_1],[v_0,v_1]\} & \text{interval} & \text{basic 1-dimensional example} \\ \text{boundary of triangle} & S^1 & \text{first essential loop} \\ \text{filled triangle} & D^2 & \text{contractible 2-complex} \\ \text{two triangles sharing edge} & \text{surface patch} & \text{valid gluing rule} \\ \text{boundary of tetrahedron} & S^2 & \text{sphere from triangles} \\ \text{full tetrahedron} & \text{solid tetrahedron} & \text{contractible 3-complex} \\ \text{finite graph} & \text{graph} & \text{1-dimensional complex} \\ \text{disconnected union} & \text{several components} & \text{need not be connected} \\ \text{triangulated torus} & T^2 & \text{rich homology} \end{array} \] \subsubsection{Conceptual importance} Simplicial complexes are important because the
VII/42	ridge	NO	ALL_TEX_AND_FIGURES/tex/Downloads/theory-of-algebraic-topology-9.tex	853	Final summary	} \[ (g\circ f)_*=g_*\circ f_*, \qquad (\operatorname{id})_*=\operatorname{id}. \] \subsection{Final summary} A simplicial map between simplicial complexes induces homomorphisms on chain groups, and because these commute with the boundary operator, they descend to homomorphisms on homology groups. This provides the bridge from topology to algebra not only for spaces, but also for maps between spaces. For \(S^1\), self-maps act on \[ H_1(S^1)\cong \mathbb{Z} \] by multiplication by the degree. For \(S^2\), self-maps act on \[ H_2(S^2)\cong \mathbb{Z} \] by multiplication by the degree. For the torus, self-maps act on \[ H_1(T^2)\cong \mathbb{Z}^2 \] by integer matrices and on \[ H_2(T^2)\cong \mathbb{Z} \] by multiplication by the degree. The examples of inclusions, constant maps, reflections, antipodal maps, and projection
VII/42	ridge	NO	ALL_TEX_AND_FIGURES/tex/Downloads/theory-of-algebraic-topology-9.tex	1329	Conceptual importance	es, tetrahedra, and higher-dimensional simplices. Once a space is described as a simplicial complex, one can define: \begin{itemize} \item chain groups, \item boundary maps, \item cycles and boundaries, \item homology groups, \item and induced maps on homology. \end{itemize} So simplicial complexes provide the bridge between geometry and algebra. \subsubsection{Summary} To recognize a simplicial complex, one should remember two basic rules: \begin{itemize} \item every simplex must come with all of its faces, \item simplices may meet only in common faces. \end{itemize} The best examples to keep in mind are: \begin{itemize} \item a point, \item an interval, \item the boundary of a triangle, \item a filled triangle, \item two triangles sharing an edge, \item the boundary of a tetrahedron, \item a graph, \item a
VII/42	ridge	NO	ALL_TEX_AND_FIGURES/tex/Downloads/theory-of-algebraic-topology-9.tex	1356	De Rham Cohomology	{itemize} These examples show how simplicial complexes range from the simplest discrete objects to important spaces such as circles, spheres, and tori, while still retaining a clean combinatorial structure that makes homology computable. \section{De Rham Cohomology} De Rham cohomology is one of the most important bridges between differential geometry and topology. It begins with smooth differential forms on a manifold and the exterior derivative, and from these purely differential objects it produces invariants that depend only on the global topology of the space. The central idea is simple but deep: locally, many differential forms look like derivatives of other forms, but globally this can fail, and that failure records the presence of topological holes. \subsection{Differential forms} \textbf{Differential forms are the
VII/11	divergence theorem	NO	ALL_TEX_AND_FIGURES/tex/Downloads/theory-of-analysis-FD.tex	1942	Green function for $-\Delta$ in $\mathbb{R	1}{r}u'(r). \] Thus away from the origin $-\Delta G=0$ becomes \[ g''(r) + \frac{1}{r}g'(r) = 0. \] Writing $v(r)=g'(r)$, this is $v'(r) + \frac{1}{r}v(r)=0$, or equivalently $(rv(r))'=0$, so $v(r)=C/r$ and hence \[ g(r) = C\log r + D. \] To fix the constant $C$ we integrate $-\Delta G$ over a disc $B_R$ and apply the divergence theorem: \[ \int_{B_R} -\Delta G\,dx = \int_{\partial B_R} -\frac{\partial G}{\partial n}\,dS. \] If $G(x) = A\log|x|$, then $\partial G/\partial r = A/r$ and on $\partial B_R$ we obtain \[ -\frac{\partial G}{\partial n} = -\frac{A}{R}. \] Since $dS = R\,d\theta$ on the circle of radius $R$, \[ \int_{\partial B_R} -\frac{\partial G}{\partial n}\,dS = \int_0^{2\pi} \Bigl(-\frac{A}{R}\Bigr)R\,d\theta = -2\pi A. \] We require this flux to equal $1$ (because $-\Delta G = \delta_0$), hence $-2\pi A = 1$ and $
VII/42	ridge	NO	ALL_TEX_AND_FIGURES/tex/Downloads/theory-of-analysis-topology.tex	672	Problem 10: A quotient that b	ct of discrete spaces is again discrete (hence metrizable). \item $S^1\times[0,1]$ is metrizable; for instance, with \[ d\big((\theta,t),(\phi,s)\big) =\sqrt{\,d_{S^1}(\theta,\phi)^2 + |t-s|^2\,}, \] where $d_{S^1}$ is the arc-length distance on the circle. \end{itemize} \section*{Problem 10: A quotient that bridges two intervals} \paragraph{Statement.} Let $X=[0,1]\cup[2,3]$ with the subspace topology of $\mathbb{R}$ and define $x\sim y$ iff $x=y$ or $\{x,y\}=\{1,2\}$. Show that $X/\!\sim$ is homeomorphic to $[0,2]$ with the usual topology. \paragraph{Solution.} Define $F:X\to[0,2]$ by \[ F(x)= \begin{cases} x,& x\in[0,1],\\[2pt] x-1,& x\in[2,3]. \end{cases} \] Then $F$ is continuous (it is continuous on each closed piece, and $F(1)=1=F(2)$), and it is constant on $\sim$-classes (the only nontrivial c
VII/42	ridge	NO	ALL_TEX_AND_FIGURES/tex/Downloads/theory-of-commutative-algebra-1.tex	4805	5.5. Example: group algebra	algebras, operator rings, and other noncommutative objects. \subsubsection*{5.5. Example: group algebra} If \(k[G]\) is the group algebra of a finite group \(G\), then its center consists of linear combinations of class sums. So the center reflects conjugacy structure in the group. This is already a deep bridge between group theory and ring theory. \subsection*{6. Algebras} \subsubsection*{6.1. Definition of a \(k\)-algebra} A \(k\)-algebra \(B\) is a ring together with a ring homomorphism \[ k\to Z(B). \] So elements of \(k\) act as scalars, and they must commute with elements of \(B\). In the commutative setting, one often just says a \(k\)-algebra is a commutative ring \(B\) with a ring map \[ k\to B. \] The center appears in the general definition because scalars should behave centrally.
VII/42	ridge	NO	ALL_TEX_AND_FIGURES/tex/Downloads/theory-of-commutative-algebra-10.tex	4890	Summary	rightarrow K \longrightarrow F \longrightarrow M \longrightarrow 0, \] where \(F\) is free; \item then \[ \operatorname{pd}_A(K)=\operatorname{pd}_A(M)-1 \] and \[ \operatorname{depth}(K)=\operatorname{depth}(M)+1; \] \item induction finishes the argument. \end{itemize} This theorem is one of the clearest bridges between regular sequences, depth, and free resolutions. \end{document}
VII/42	ridge	NO	ALL_TEX_AND_FIGURES/tex/Downloads/theory-of-commutative-algebra-12.tex	2973	General philosophy	e are two basic constructions: \begin{itemize} \item first form the quotient \(A/I\), \item then extend scalars from \(A\) to \(B\) by tensoring with \(B\). \end{itemize} The fundamental fact is that these two operations commute: \[ (A/I)\otimes_A B \cong B/IB. \] This simple formula is one of the most important bridges between quotients and tensor products. It says: \begin{quote} If one first imposes the relations defining \(I\), and then changes the base ring from \(A\) to \(B\), one gets the same result as first changing scalars to \(B\), then imposing the transported relations. \end{quote} \subsubsection{Polynomial rings and change of scalars} Let \(k\to K\) be a field extension. Then \[ k[x_1,\dots,x_n]\otimes_k K \cong K[x_1,\dots,x_n]. \] So tensoring a polynomial ring with a larger field just changes the coeff
VII/42	ridge	NO	ALL_TEX_AND_FIGURES/tex/Downloads/theory-of-commutative-algebra-13.tex	615	Quotients commute with tensoring	}\mathbb C\cong \mathbb C[t]. \] So tensoring enlarges the coefficient field. \subsubsection{Quotients commute with tensoring} A fundamental fact is: \[ (A/I)\otimes_A B\cong B/IB. \] In the polynomial setting, this becomes \[ \bigl(k[x_1,\dots,x_n]/I\bigr)\otimes_k K \cong K[x_1,\dots,x_n]/IK. \] This is the key bridge between quotients and base change. \subsection{Step-by-step tensoring examples} \subsubsection{Example: a linear factor} Let \[ A=\mathbb R[t]/(t-1)\cong \mathbb R. \] Tensor with \(\mathbb C\): \[ A\otimes_{\mathbb R}\mathbb C \cong \mathbb C[t]/(t-1) \cong \mathbb C. \] Nothing splits. \subsubsection{Example: an irreducible quadratic} Let \[ A=\mathbb R[t]/(t^2+1)\cong \mathbb C. \] Now tensor with \(\mathbb C\): \[ A\otimes_{\mathbb R}\mathbb C \cong \mathbb C[t]/(t^2+1). \] But \[ t^2+1=(t-i)(t+i) \]
VII/42	ridge	NO	ALL_TEX_AND_FIGURES/tex/Downloads/theory-of-commutative-algebra-16.tex	711	Final perspective	s exact because it is tensoring with a flat module. \item Quotienting often destroys left exactness because quotient modules are usually not flat. \end{itemize} So the key structural principles are: \[ \text{flatness controls tensor} \qquad\text{and}\qquad \text{projectivity controls Hom.} \] These ideas form the bridge from concrete exact sequence computations to the deeper machinery of homological algebra. \section{Kernels, images, cokernels, and many concrete examples} \textbf{Purpose.} In the previous sections, we repeatedly computed kernels and images in order to check exactness. A closely related notion, which appears constantly in algebra and homological algebra, is the \emph{cokernel}. This section gives clean definitions of kernel, image, and cokernel, explains their meaning, and works through many concrete examp
VII/05	cotangent	NO	ALL_TEX_AND_FIGURES/tex/Downloads/theory-of-commutative-algebra-2.tex	3572	Problem 5 --- Jacobian criterion for regularity at the origin	his is equivalent to \[ n-\operatorname{rank}J(0)=d, \] that is, \[ \operatorname{rank}J(0)=n-d. \] Thus \(A\) is a regular local ring if and only if the Jacobian matrix at the origin has rank \(n-d\). \medskip \textbf{Geometric interpretation.} The space \[ \mathfrak m_A/\mathfrak m_A^2 \] is the cotangent space at the point \(\bar{\mathfrak m}\), and its dual is the Zariski tangent space. The Jacobian matrix gives the linear equations defining the tangent space, so \[ \dim(\text{tangent space})=n-\operatorname{rank}J(0). \] Regularity means that this tangent-space dimension equals the local dimension \(d\). \section*{Theory for Problem 5: local rings, regular local rings, and the Jacobian criterion} \subsection*{1. Why the problem is local} We consider \[ A=\bigl(k[x_1,\dots,x_n]/I\bigr)_{
VII/05	cotangent	NO	ALL_TEX_AND_FIGURES/tex/Downloads/theory-of-commutative-algebra-2.tex	3631	4. The maximal ideal and first-order information	hfrak m)\), \begin{itemize} \item \(\mathfrak m\) consists of functions vanishing at the point; \item \(\mathfrak m^2\) consists of functions vanishing to second order or higher. \end{itemize} Therefore the quotient \[ \mathfrak m/\mathfrak m^2 \] records only first-order information. It is called the \emph{cotangent space}. Its dual \[ (\mathfrak m/\mathfrak m^2)^\vee \] is the \emph{Zariski tangent space}. \subsection*{5. Embedding dimension} The number \[ \operatorname{embdim}(A):=\dim_{A/\mathfrak m}(\mathfrak m/\mathfrak m^2) \] is called the \emph{embedding dimension} of the local ring \(A\). It is the dimension of the tangent space. For example, in \[ k[x_1,\dots,x_n]_{(x_1,\dots,x_n)}, \] the maximal ideal is generated by \(x_1,\dots,x_n\), and their classes form a basis of \(\mathfrak m/\
VII/05	cotangent	NO	ALL_TEX_AND_FIGURES/tex/Downloads/theory-of-commutative-algebra-2.tex	3804	Deep theory: tangent space,	inear parts of the defining equations, so it computes the tangent-space dimension: \[ \dim_k(\mathfrak m_A/\mathfrak m_A^2)=n-\operatorname{rank}J(0). \] The ring is regular exactly when this equals the local dimension \(d\), that is, \[ \operatorname{rank}J(0)=n-d. \] \section*{Deep theory: tangent space, cotangent space, smoothness, singular points, and the Jacobian criterion} \subsection*{1. Why tangent space appears in algebra} In geometry, one studies a space near a point by replacing it with its first-order linear approximation: tangent line, tangent plane, or tangent affine subspace. In commutative algebra, this first-order information is encoded by \[ \mathfrak m/\mathfrak m^2, \] where \((A,\mathfrak m)\) is the local ring at the point. Thus the Jacobian criterion expresses the principle that a
VII/05	cotangent	NO	ALL_TEX_AND_FIGURES/tex/Downloads/theory-of-commutative-algebra-2.tex	3830	3.	e local functions near \(x\); \item elements of \(\mathfrak m\) are functions vanishing at \(x\); \item elements of \(\mathfrak m^2\) vanish to second order or higher. \end{itemize} Hence the quotient \[ \mathfrak m/\mathfrak m^2 \] retains only the first-order part of vanishing functions. \subsection*{3. Cotangent space} If \(k(x)=A/\mathfrak m\) is the residue field, then \[ \mathfrak m/\mathfrak m^2 \] is a finite-dimensional \(k(x)\)-vector space called the \emph{cotangent space} at \(x\). \subsection*{4. Tangent space} The \emph{Zariski tangent space} at \(x\) is defined as \[ T_xX:=\operatorname{Hom}_{k(x)}(\mathfrak m/\mathfrak m^2,\;k(x)). \] Therefore \[ \dim T_xX=\dim_{k(x)}(\mathfrak m/\mathfrak m^2). \] So the dimensions of tangent and cotangent space are the same. \subsection*{5.
VII/05	cotangent	NO	ALL_TEX_AND_FIGURES/tex/Downloads/theory-of-commutative-algebra-2.tex	3836	3. Cotangent space	\end{itemize} Hence the quotient \[ \mathfrak m/\mathfrak m^2 \] retains only the first-order part of vanishing functions. \subsection*{3. Cotangent space} If \(k(x)=A/\mathfrak m\) is the residue field, then \[ \mathfrak m/\mathfrak m^2 \] is a finite-dimensional \(k(x)\)-vector space called the \emph{cotangent space} at \(x\). \subsection*{4. Tangent space} The \emph{Zariski tangent space} at \(x\) is defined as \[ T_xX:=\operatorname{Hom}_{k(x)}(\mathfrak m/\mathfrak m^2,\;k(x)). \] Therefore \[ \dim T_xX=\dim_{k(x)}(\mathfrak m/\mathfrak m^2). \] So the dimensions of tangent and cotangent space are the same. \subsection*{5. Tangent space in affine space} For \[ A=k[x_1,\dots,x_n]_{(x_1,\dots,x_n)}, \] the maximal ideal is \[ \mathfrak m=(x_1,\dots,x_n), \] and the classes of \(x_1,
VII/05	cotangent	NO	ALL_TEX_AND_FIGURES/tex/Downloads/theory-of-commutative-algebra-2.tex	3848	4. Tangent space	ce called the \emph{cotangent space} at \(x\). \subsection*{4. Tangent space} The \emph{Zariski tangent space} at \(x\) is defined as \[ T_xX:=\operatorname{Hom}_{k(x)}(\mathfrak m/\mathfrak m^2,\;k(x)). \] Therefore \[ \dim T_xX=\dim_{k(x)}(\mathfrak m/\mathfrak m^2). \] So the dimensions of tangent and cotangent space are the same. \subsection*{5. Tangent space in affine space} For \[ A=k[x_1,\dots,x_n]_{(x_1,\dots,x_n)}, \] the maximal ideal is \[ \mathfrak m=(x_1,\dots,x_n), \] and the classes of \(x_1,\dots,x_n\) form a basis of \[ \mathfrak m/\mathfrak m^2. \] Hence \[ \dim_k(\mathfrak m/\mathfrak m^2)=n, \] so the tangent space of \(\mathbb A^n\) at the origin has dimension \(n\). \subsection*{6. Tangent space of a quotient} Let \[ A=\bigl(k[x_1,\dots,x_n]/I\bigr)_{\bar{\mathfra
VII/05	cotangent	NO	ALL_TEX_AND_FIGURES/tex/Downloads/theory-of-commutative-algebra-2.tex	3884	6. Tangent space of a quotient	of \(\mathbb A^n\) at the origin has dimension \(n\). \subsection*{6. Tangent space of a quotient} Let \[ A=\bigl(k[x_1,\dots,x_n]/I\bigr)_{\bar{\mathfrak m}}, \qquad \bar{\mathfrak m}=(x_1,\dots,x_n)/I. \] Then \[ \mathfrak m_A/\mathfrak m_A^2 \cong (x_1,\dots,x_n)/(I+(x_1,\dots,x_n)^2). \] Thus the cotangent space is obtained from the ambient first-order directions by quotienting out the linear parts of the equations in \(I\). \subsection*{7. Linearization and the Jacobian matrix} If \[ f\in (x_1,\dots,x_n), \] then modulo \[ (x_1,\dots,x_n)^2, \] only the linear part survives: \[ f \equiv \sum_{j=1}^n \frac{\partial f}{\partial x_j}(0)\,x_j \pmod{(x_1,\dots,x_n)^2}. \] Therefore the Jacobian matrix \[ J(0)=\left(\frac{\partial f_i}{\partial x_j}(0)\right) \] records the linear equation
VII/05	cotangent	NO	ALL_TEX_AND_FIGURES/tex/Downloads/theory-of-commutative-algebra-2.tex	4005	"14. Relation with K\""ahler differentials"	"] The Jacobian rank counts how many independent linear equations survive to first order. Thus the tangent space has dimension \[ n-r \] when the point is smooth. \subsection*{14. Relation with K\""ahler differentials} A deeper viewpoint uses the module of differentials \(\Omega_{A/k}\). At a point \(x\), the cotangent space is closely related to \[ \Omega_{A/k}\otimes_A k(x). \] Thus the Jacobian criterion can also be understood as saying that the differentials have the correct rank. \subsection*{15. Regular local rings as local models of smoothness} A regular local ring behaves, to first order, like a polynomial ring in exactly \(\dim A\) variables. This is why regular local rings are the algebraic local models of smooth points. \subsection*{16. Regular versus smooth} Regularity is an intrinsic propert"
VII/05	cotangent	NO	ALL_TEX_AND_FIGURES/tex/Downloads/theory-of-commutative-algebra-2.tex	4314	Zariski tangent space on concrete examples	(x\) is defined by \[ T_xX:=\operatorname{Hom}_{k(x)}\!\bigl(\mathfrak m_x/\mathfrak m_x^2,\;k(x)\bigr), \] where \[ k(x)=\mathcal O_{X,x}/\mathfrak m_x \] is the residue field of the point \(x\). Therefore \[ \dim T_xX=\dim_{k(x)}(\mathfrak m_x/\mathfrak m_x^2). \] So the tangent space is dual to the cotangent space \(\mathfrak m_x/\mathfrak m_x^2\), and tangent and cotangent space have the same dimension. \bigskip \textbf{Interpretation.} The ideal \(\mathfrak m_x\) consists of germs of functions vanishing at the point \(x\). The square \(\mathfrak m_x^2\) consists of functions vanishing to second order or higher. Hence \[ \mathfrak m_x/\mathfrak m_x^2 \] captures only the \emph{first-order} vanishing behavior near the point. Its dual therefore measures first-order directions through the point, i.e.
VII/05	cotangent	NO	ALL_TEX_AND_FIGURES/tex/Downloads/theory-of-commutative-algebra-2.tex	5059	16. Conceptual summary	em \(\mathfrak m_x/\mathfrak m_x^2\) records first-order vanishing data; \item its dual \[ T_xX=\operatorname{Hom}_{k(x)}(\mathfrak m_x/\mathfrak m_x^2,k(x)) \] is the space of first-order directions through the point. \end{itemize} So one may think of \[ \mathfrak m_x/\mathfrak m_x^2 \] as the \emph{cotangent space}, and \[ T_xX \] as the \emph{tangent space}, i.e. the best linear approximation to the scheme near the point. \subsection*{17. One-line intuition} A useful slogan is: \[ \boxed{ \text{The Zariski tangent space is what remains after keeping only the linear part of the local equations at the point.} } \] That is exactly why: \begin{itemize} \item smooth points give the expected tangent dimension; \item singular points give a tangent space that is too large; \item nilpote
VII/42	ridge	NO	ALL_TEX_AND_FIGURES/tex/Downloads/theory-of-commutative-algebra-2.tex	2608	1. What is \(\operatorname{Spec	ectra, kinds of points, and deep examples} \subsection*{1. What is \(\operatorname{Spec}(A)\)?} For a commutative ring \(A\), the spectrum \[ \operatorname{Spec}(A) \] is the set of all prime ideals of \(A\). Thus a point of \(\operatorname{Spec}(A)\) is a prime ideal \[ \mathfrak p\subseteq A. \] This is the basic bridge between algebra and geometry: ideals, quotients, dimension, and localization are encoded as geometric features of the spectrum. \subsection*{2. Zariski closed sets} For an ideal \(I\subseteq A\), define \[ V(I):=\{\mathfrak p\in \operatorname{Spec}(A)\mid I\subseteq \mathfrak p\}. \] These are the closed sets of the Zariski topology. Important special case: \[ V(f):=V((f))=\{\mathfrak p\mid f\in \mathfrak p\}. \] Also, \[ V(I)=V(\sqrt I), \] so closed sets depend only on radicals. \subsection*{3. Basic o
VII/37	limit set	NO	ALL_TEX_AND_FIGURES/tex/Downloads/theory-of-commutative-algebra-3.tex	2712	11. Comparison table: exactness and tensor description	projlim M/I^nM \text{ comes from }M \\ \hline \end{array} \] \subsection*{11. Comparison table: exactness and tensor description} \[ \begin{array}{|c|c|} \hline \text{Statement} & \text{When true} \\ \hline 0\to \widehat{M_1}\to \widehat{M_2}\to \widehat{M_3}\text{ exact} & \text{from left exactness in inverse-limit setting} \\ \hline \text{surjectivity on the right} & \text{needs extra hypotheses} \\ \hline 0\to \widehat{M_1}\to \widehat{M_2}\to \widehat{M_3}\to 0 & A \text{ Noetherian, }M_i\text{ finitely generated} \\ \hline \widehat A\otimes_A M\to \widehat M \text{ surjective} & M \text{ finitely generated} \\ \hline \widehat A\otimes_A M\cong \widehat M & A \text{ Noetherian, }M \text{ finitely generated} \\ \hline \end{array} \] \subsection*{12. Formal neighborhood picture} For \[ A=k[x],\qquad I=(x
VII/42	ridge	NO	ALL_TEX_AND_FIGURES/tex/Downloads/theory-of-commutative-algebra-5-professional-v2.tex	3784	3.3. Depth	cal ring \((A,\mathfrak m)\) is the maximal length of an \(M\)-regular sequence contained in \(\mathfrak m\). A fundamental homological characterization is \[ \operatorname{depth}(M) = \min\{\,i\ge 0 \mid \operatorname{Ext}_A^i(k,M)\neq 0\,\}, \qquad k=A/\mathfrak m. \] This equivalence is one of the most important bridges between commutative algebra and homological algebra. \subsection*{3.4. Cohen--Macaulay rings} A Noetherian local ring \(A\) is called \emph{Cohen--Macaulay} if \[ \operatorname{depth}(A)=\dim A. \] More generally, a finitely generated module \(M\) is Cohen--Macaulay if \[ \operatorname{depth}(M)=\dim M. \] This means the module or ring has as many independent regular parameters as its dimension allows. Cohen--Macaulay rings are homologically “as good as possible” relative to their dimension. \subsectio
VII/42	ridge	NO	ALL_TEX_AND_FIGURES/tex/Downloads/theory-of-commutative-algebra-5-professional.tex	3786	3.3. Depth	cal ring \((A,\mathfrak m)\) is the maximal length of an \(M\)-regular sequence contained in \(\mathfrak m\). A fundamental homological characterization is \[ \operatorname{depth}(M) = \min\{\,i\ge 0 \mid \operatorname{Ext}_A^i(k,M)\neq 0\,\}, \qquad k=A/\mathfrak m. \] This equivalence is one of the most important bridges between commutative algebra and homological algebra. \subsection*{3.4. Cohen--Macaulay rings} A Noetherian local ring \(A\) is called \emph{Cohen--Macaulay} if \[ \operatorname{depth}(A)=\dim A. \] More generally, a finitely generated module \(M\) is Cohen--Macaulay if \[ \operatorname{depth}(M)=\dim M. \] This means the module or ring has as many independent regular parameters as its dimension allows. Cohen--Macaulay rings are homologically “as good as possible” relative to their dimension. \subsectio
VII/42	ridge	NO	ALL_TEX_AND_FIGURES/tex/Downloads/theory-of-commutative-algebra-5.tex	4869	3.3. Depth	cal ring \((A,\mathfrak m)\) is the maximal length of an \(M\)-regular sequence contained in \(\mathfrak m\). A fundamental homological characterization is \[ \operatorname{depth}(M) = \min\{\,i\ge 0 \mid \operatorname{Ext}_A^i(k,M)\neq 0\,\}, \qquad k=A/\mathfrak m. \] This equivalence is one of the most important bridges between commutative algebra and homological algebra. \subsection*{3.4. Cohen--Macaulay rings} A Noetherian local ring \(A\) is called \emph{Cohen--Macaulay} if \[ \operatorname{depth}(A)=\dim A. \] More generally, a finitely generated module \(M\) is Cohen--Macaulay if \[ \operatorname{depth}(M)=\dim M. \] This means the module or ring has as many independent regular parameters as its dimension allows. Cohen--Macaulay rings are homologically “as good as possible” relative to their dimension. \subsectio
VII/42	ridge	NO	ALL_TEX_AND_FIGURES/tex/Downloads/theory-of-commutative-algebra-6.tex	2362	13. Final summary	n a domain such as \(k[x]\), every nonzero annihilator is trivial; \item in quotient rings such as \(k[x]/(x^2)\) or \(k[x,y]/(xy)\), annihilators become nontrivial and reveal zero-divisor structure; \item prime annihilators are exactly the source of associated primes. \end{itemize} Thus annihilators form the bridge between concrete multiplication computations and the abstract prime-ideal structure of the ring. \section{Annihilators, minimal primes, and associated primes for modules: concrete examples} \subsection{1. Annihilators for modules: the basic definitions} Let \(R\) be a ring and let \(M\) be an \(R\)-module. For an element \(m\in M\), the annihilator of \(m\) is \[ \Ann_R(m)=\{r\in R:rm=0\}. \] This is an ideal of \(R\). The annihilator of the whole module \(M\) is \[ \Ann_R(M)=\{r\in R:rM=
VII/42	ridge	NO	ALL_TEX_AND_FIGURES/tex/Downloads/theory-of-commutative-algebra-7 - Copy.tex	3662	10. Final interpretation	licit computations show the following pattern: \begin{itemize} \item \(\Min(A/I)\) describes the geometric irreducible components of the underlying set. \item \(\Ass_A(A/I)\) detects not only minimal components, but also possible embedded components. \item The concrete annihilators \(\Ann_A(\overline f)\) are the bridge between the module \(A/I\) and the prime ideals that appear in \(\Ass_A(A/I)\). \end{itemize} The most important example remains \[ k[x,y]/(x^2,xy), \] because it shows explicitly how the two annihilators \[ \Ann_A(\overline y)=(x), \qquad \Ann_A(\overline x)=(x,y) \] produce \[ \Ass_A(A/(x^2,xy))=\{(x),(x,y)\}, \] while the only minimal prime is \[ \Min(A/(x^2,xy))=\{(x)\}. \] \section*{Local rings, domination, valuation rings, value groups, and valuations} \textbf{Convention.} Throughout, all rings are c
VII/42	ridge	NO	ALL_TEX_AND_FIGURES/tex/Downloads/theory-of-commutative-algebra-7.tex	3670	10. Final interpretation	licit computations show the following pattern: \begin{itemize} \item \(\Min(A/I)\) describes the geometric irreducible components of the underlying set. \item \(\Ass_A(A/I)\) detects not only minimal components, but also possible embedded components. \item The concrete annihilators \(\Ann_A(\overline f)\) are the bridge between the module \(A/I\) and the prime ideals that appear in \(\Ass_A(A/I)\). \end{itemize} The most important example remains \[ k[x,y]/(x^2,xy), \] because it shows explicitly how the two annihilators \[ \Ann_A(\overline y)=(x), \qquad \Ann_A(\overline x)=(x,y) \] produce \[ \Ass_A(A/(x^2,xy))=\{(x),(x,y)\}, \] while the only minimal prime is \[ \Min(A/(x^2,xy))=\{(x)\}. \] \section{Local rings, domination, valuation rings, value groups, and valuations} \textbf{Convention.} Throughout, all rings are co
VII/42	ridge	NO	ALL_TEX_AND_FIGURES/tex/Downloads/theory-of-commutative-algebra-8.tex	714	20. Conceptual summary of the b	only then by the second. For example, \[ (0,1)>0, \qquad (1,-1000)>(0,100000), \] because lexicographic order compares the first coordinate first. This leads to valuation rings whose maximal ideals reflect a more refined hierarchy of sizes than in the one-dimensional case. \subsection{20. Conceptual summary of the bridge} The theory fits together as follows: \[ \text{ordered abelian group} \longrightarrow \text{group ring } k[\Gamma] \longrightarrow \text{valuation } v_0 \longrightarrow \text{fraction field valuation } v \longrightarrow \text{valuation ring } A_v \longrightarrow \text{local ring with maximal ideal } \mathfrak m_v. \] So Problems 7--8 provide a general machine for constructing valuation rings from ordered abelian groups. \subsection{21. Comparison table} \[ \begin{array}{|c|c|c|} \hline \text{Object} &
VII/42	ridge	NO	ALL_TEX_AND_FIGURES/tex/Downloads/theory-of-commutative-algebra-8.tex	2179	Group rings, ordered abelian groups, and valuations: theory and concrete examples	oups, and valuations: theory and concrete examples} \textbf{Goal.} Problem 8 gives a general construction \[ \text{ordered abelian group } \Gamma \longrightarrow \text{group ring } k[\Gamma] \longrightarrow \text{valuation } v_0 \longrightarrow \text{valuation on } \Frac(k[\Gamma]). \] This is one of the fundamental bridges in valuation theory. We now explain the construction carefully, with concrete examples and step-by-step computations. \subsection{1. The group ring \(k[\Gamma]\)} Let \(k\) be a field and let \(\Gamma\) be an abelian group. \textbf{Definition.} The \emph{group ring} \(k[\Gamma]\) is the \(k\)-vector space with basis \[ \{z^\gamma : \gamma\in \Gamma\}, \] and multiplication determined by \[ z^\gamma z^\delta = z^{\gamma+\delta}. \] So a general element of \(k[\Gamma]\) is a finite sum \[ f=\sum_{i\in I}
VII/42	ridge	NO	ALL_TEX_AND_FIGURES/tex/Downloads/theory-of-commutative-algebra-9.tex	4890	Summary	rightarrow K \longrightarrow F \longrightarrow M \longrightarrow 0, \] where \(F\) is free; \item then \[ \operatorname{pd}_A(K)=\operatorname{pd}_A(M)-1 \] and \[ \operatorname{depth}(K)=\operatorname{depth}(M)+1; \] \item induction finishes the argument. \end{itemize} This theorem is one of the clearest bridges between regular sequences, depth, and free resolutions. \end{document}
VII/05	cotangent	NO	ALL_TEX_AND_FIGURES/tex/Downloads/theory-of-complex-analysis-2.tex	1238		equate with the bank expression. \medskip \emph{Pitfalls.} (1) Be consistent with the branch cut; (2) ensure the circular arcs vanish (conditions on $\Re\mu$); (3) avoid poles on the cut (move the cut, or indent and take principal values if needed). % ---------- Problem 7 (restated) ---------- \paragraph{Problem 7 (cotangent trick and square contour).} Let $N\in\mathbb N$ and let $\gamma_N$ be the square contour with vertices $(\pm1\pm i)\bigl(N+\tfrac12\bigr)$, oriented positively. \begin{enumerate}[label=(\roman*)] \item Show that there exists a constant $C>0$, independent of $N$, such that \[ |\cot(\pi z)|<C \qquad \text{for all } z\in\gamma_N . \] \item By integrating $\displaystyle \frac{\pi\cot(\pi z)}{z^{2}+1}$ around $\gamma_N$, prove that \[ \sum_{n=0}^{\infty}\frac{1}{n^{2}+1}\;=\;\frac{1+\pi\coth\pi}{2}\, .
VII/05	cotangent	NO	ALL_TEX_AND_FIGURES/tex/Downloads/theory-of-complex-analysis-2.tex	1330		e \[ \Res(G;i)+\Res(G;-i) =\frac{\pi\csc(\pi i)}{2i}+\frac{\pi\csc(-\pi i)}{-2i} =-\pi\,\mathrm{csch}\,\pi. \] Thus \[ \sum_{n\in\mathbb Z}\frac{(-1)^{n}}{n^{2}+1} =\pi\,\mathrm{csch}\,\pi, \qquad \boxed{\ \sum_{n=0}^{\infty}\frac{(-1)^{n}}{n^{2}+1} =\frac{1+\pi\,\mathrm{csch}\,\pi}{2}\ }. \] \qed \paragraph{Complex cotangent: identities and geometry.} \emph{Core identities.} For $z=x+iy$, \[ \sin(\pi z)=\sin(\pi x)\cosh(\pi y)+i\cos(\pi x)\sinh(\pi y),\quad \cos(\pi z)=\cos(\pi x)\cosh(\pi y)-i\sin(\pi x)\sinh(\pi y), \] hence \[ |\sin(\pi z)|^2=\sin^2(\pi x)+\sinh^2(\pi y),\qquad |\cos(\pi z)|^2=\cos^2(\pi x)+\sinh^2(\pi y). \] Also \[ \cot z=i\,\coth(iz)=i\,\frac{e^{2iz}+1}{e^{2iz}-1}. \] \emph{Poles, residues, partial fractions.} $\cot$ has simple poles at $k\pi$ with residue $1$; $\pi\cot(\pi z)$ has simple poles at int
VII/05	1-form	NO	ALL_TEX_AND_FIGURES/tex/Downloads/theory-of-complex-analysis-next.tex	290	Practical	\,dz=0.\ } \] \paragraph{Remarks.} On multiply connected regions, the sum of boundary integrals (with orientations) vanishes. Goursat’s theorem proves the same result without assuming the continuity of the first partials, which is why it is preferred as the foundational proof in complex analysis. \section*{Practical 1-forms and calculations (plane and beyond)} \subsection*{A. Plane examples} \paragraph{A1. Area as a line integral.} For $\alpha = x\,dy$ or $\tilde\alpha=\tfrac12(x\,dy-y\,dx)$, \[ d\alpha=d\tilde\alpha=dx\wedge dy,\qquad \oint_{\partial D} x\,dy = \iint_D 1\,dx\,dy = \operatorname{Area}(D), \quad \oint_{\partial D} \tfrac12(x\,dy-y\,dx) = \operatorname{Area}(D). \] \emph{Ellipse:} For $C:\, x^2/a^2+y^2/b^2=1$, $\displaystyle \oint_C \tfrac12(x\,dy-y\,dx)=\pi ab$. \paragraph{A2. Polynomial field via Green.} Le
VII/05	1-form	NO	ALL_TEX_AND_FIGURES/tex/Downloads/theory-of-complex-analysis-next.tex	312	A. Plane examples	b^2=1$, $\displaystyle \oint_C \tfrac12(x\,dy-y\,dx)=\pi ab$. \paragraph{A2. Polynomial field via Green.} Let $\omega=(x^2-y)\,dx+(x+y^2)\,dy$. Then \[ d\omega=(x+y^2)_x-(x^2-y)_y=2. \] On the unit disk, $\displaystyle \oint_{x^2+y^2=1} \omega = \iint_{x^2+y^2\le1} 2\,dx\,dy=2\pi$. \paragraph{A3. Closed vs exact.} A 1-form $\omega=P\,dx+Q\,dy$ is closed if $P_y=Q_x$. On simply connected domains, closed $\Rightarrow$ exact. \emph{Exact:} $\omega=2x\,dx+2y\,dy=d(x^2+y^2)$, hence $\oint\omega=0$. \emph{Closed but not exact (punctured plane):} \[ \eta=\frac{-y}{x^2+y^2}\,dx+\frac{x}{x^2+y^2}\,dy,\qquad d\eta=0 \text{ on }\mathbb R^2\!\setminus\!\{0\}. \] Yet $\displaystyle \oint_{x^2+y^2=1} \eta = 2\pi$. \subsection*{B. Complex-coordinate viewpoint} \paragraph{B1. $dz$, $d\bar z$ and $\partial_{\bar z}$.} With $z=x+iy$, $dz=dx
VII/05	1-form	NO	ALL_TEX_AND_FIGURES/tex/Downloads/theory-of-complex-analysis-next.tex	1030	Quick recipe (what to try first)	"\; \phi(B)-\phi(A)\;=\; (xy)\Big|_{A}^{B}. \] For the segment from \((0,0)\) to \((1,2)\), \[ \int_C (y\,dx+x\,dy) \;=\; (xy)\Big|_{(0,0)}^{(1,2)} \;=\; (1\cdot 2)-(0\cdot 0) \;=\; 2. \] Because \(\omega\) is exact, the value \(2\) is the same for any path joining these endpoints. %===================== Line segment, 1-form, and ""work"" (LaTeX) =====================% \section*{Line segment $C$, the $1$-form, and why the integral is ``work''} \paragraph{What is $C$?} $C$ is the path of integration. Here it is the straight line segment from $(0,0)$ to $(1,2)$. A convenient parametrization is \[ x(t)=t,\qquad y(t)=2t,\qquad t\in[0,1], \] so that the image is exactly the portion of the line $y=2x$ joining the two endpoints. Orientation: increasing $t$ runs from $(0,0)$ to $(1,2)$. \paragraph{What is the $1$-form?} A (differential)"
VII/05	1-form	NO	ALL_TEX_AND_FIGURES/tex/Downloads/theory-of-complex-analysis-next.tex	1536	The	"dfrac{2\pi}{\sqrt{25-16}} =\dfrac{10\pi}{16}-\dfrac{9\pi}{16} =\dfrac{\pi}{16} \cdot (10-9) =\dfrac{\pi}{4}. \) %==========================================================================================% %===================== The little engine behind ""area via boundary integral"" =====================% \section*{The 1-form and its exterior derivative} Start with the $1$-form \[ \alpha \;=\; \frac12\,(x\,dy - y\,dx). \] \paragraph{Rules to use.} \begin{align*} \text{(Product rule)}\qquad & d(f\,\beta) \;=\; df\wedge \beta \;+\; f\,d\beta,\\[2pt] \text{(Nilpotence)}\qquad & d^2=0 \ \Rightarrow\ d(dx)=d(dy)=0,\\[2pt] \text{(Antisymmetry)}\qquad & dy\wedge dx \;=\; -\,dx\wedge dy,\quad dx\wedge dx=0,\ dy\wedge dy=0. \end{align*} \paragraph{Compute $d\alpha$ step by step.} \begin{align*} d\alpha &= \frac12\bigl(d(x\,dy) - d"
VII/11	green's theorem	NO	ALL_TEX_AND_FIGURES/tex/Downloads/theory-of-complex-analysis-next.tex	377	A1) Area from a line integral	uchy’s theorem gives $0$. \section*{A) Warm-ups on the plane} \subsection*{A1) Area from a line integral} Take the $1$-form \[ \alpha = x\,dy, \] or the symmetrized area form \[ \tilde\alpha = \tfrac{1}{2}\,\bigl(x\,dy - y\,dx\bigr). \] Then \[ d\alpha = dx \wedge dy, \] and \[ d\tilde\alpha = dx \wedge dy. \] By Green's theorem, \[ \oint_{\partial D} x\,dy \;=\; \iint_{D} 1\,dx\,dy, \] hence \[ \oint_{\partial D} x\,dy \;=\; \operatorname{Area}(D). \] Also, \[ \oint_{\partial D} \tfrac{1}{2}\,\bigl(x\,dy - y\,dx\bigr) \;=\; \iint_{D} dx \wedge dy, \] so \[ \oint_{\partial D} \tfrac{1}{2}\,\bigl(x\,dy - y\,dx\bigr) \;=\; \operatorname{Area}(D). \] \paragraph{Example (ellipse).} For the ellipse \[ C:\quad \frac{x^{2}}{a^{2}} + \frac{y^{2}}{b^{2}} = 1, \] we have \[ \oint_{C} \tfrac{1}{2}\,\bigl(x\,dy - y\,dx\bigr) \;=\; \p
VII/11	green's theorem	NO	ALL_TEX_AND_FIGURES/tex/Downloads/theory-of-complex-analysis-next.tex	404	A1) Area from a line integral	y - y\,dx\bigr) \;=\; \operatorname{Area}(D). \] \paragraph{Example (ellipse).} For the ellipse \[ C:\quad \frac{x^{2}}{a^{2}} + \frac{y^{2}}{b^{2}} = 1, \] we have \[ \oint_{C} \tfrac{1}{2}\,\bigl(x\,dy - y\,dx\bigr) \;=\; \pi a b. \] (You can parametrize $x=a\cos t$, $y=b\sin t$ and compute directly, or just invoke Green's theorem.) \subsection*{A2) Circulation and flux of a polynomial vector field} Let \[ \omega \;=\; (x^{2} - y)\,dx \;+\; (x + y^{2})\,dy. \] Then \[ d\omega \;=\; \bigl(\partial_{x}(x + y^{2}) - \partial_{y}(x^{2} - y)\bigr)\,dx\wedge dy, \] so \[ d\omega \;=\; \bigl(1 - (-1)\bigr)\,dx\wedge dy \;=\; 2\,dx\wedge dy. \] Over the unit circle $C: x^{2} + y^{2} = 1$ (and unit disk), \[ \oint_{C} \omega \;=\; \iint_{x^{2} + y^{2} \le 1} 2\,dx\,dy, \] hence \[ \oint_{C} \omega \;=\; 2\,\pi. \] \subsection*{A3
VII/11	green's theorem	NO	ALL_TEX_AND_FIGURES/tex/Downloads/theory-of-complex-analysis-next.tex	531	C) Quick polygon area (shoelace via Green)	ise order (for $k=1,\dots,n$), and setting $(x_{n+1},y_{n+1})=(x_{1},y_{1})$, the area can be written as \[ \operatorname{Area}(D) \;=\; \oint_{\partial D} x\,dy, \] and also as the shoelace sum \[ \operatorname{Area}(D) \;=\; \frac{1}{2}\,\sum_{k=1}^{n} \Bigl(x_{k}\,y_{k+1} \;-\; x_{k+1}\,y_{k}\Bigr). \] This is just Green's theorem with the choice $\alpha = x\,dy$. \section*{Further tips} To decide a line integral \[ \oint_{C} \bigl(P\,dx + Q\,dy\bigr), \] first compute \[ M_{x} - L_{y} \;=\; \partial_{x}Q \;-\; \partial_{y}P. \] If $M_{x} - L_{y}$ is constant or simple, use Green's theorem immediately. If $M_{x} - L_{y}=0$, try to find a potential $\phi$ (exactness) or check the topology of the domain for holes that can obstruct exactness. In complex problems, it is often useful to rewrite integrals in the Cauchy/Residue s
VII/11	green's theorem	NO	ALL_TEX_AND_FIGURES/tex/Downloads/theory-of-complex-analysis-next.tex	543	Further tips	\,y_{k+1} \;-\; x_{k+1}\,y_{k}\Bigr). \] This is just Green's theorem with the choice $\alpha = x\,dy$. \section*{Further tips} To decide a line integral \[ \oint_{C} \bigl(P\,dx + Q\,dy\bigr), \] first compute \[ M_{x} - L_{y} \;=\; \partial_{x}Q \;-\; \partial_{y}P. \] If $M_{x} - L_{y}$ is constant or simple, use Green's theorem immediately. If $M_{x} - L_{y}=0$, try to find a potential $\phi$ (exactness) or check the topology of the domain for holes that can obstruct exactness. In complex problems, it is often useful to rewrite integrals in the Cauchy/Residue style \[ \frac{1}{i}\,\oint \frac{f(z)}{z-a}\,dz, \] and apply Cauchy’s integral formula or the residue theorem when singularities are present. If there are no singularities in the region bounded by the curve, then by Cauchy’s theorem \[ \oint f(z)\,dz \;=\; 0. \]
VII/11	green's theorem	NO	ALL_TEX_AND_FIGURES/tex/Downloads/theory-of-complex-analysis-next.tex	741	Conventions	,dx\bigr). } \] The symmetric form \(\;\tfrac12\oint(x\,dy - y\,dx)\;\) is rotation-invariant in look and often numerically more stable (errors in the two terms tend to cancel). \section*{Conventions} We write a $1$-form on the plane as $\omega=L\,dx+M\,dy$. For a positively oriented (CCW) boundary $C=\partial D$, Green's theorem says \[ \oint_{C} (L\,dx+M\,dy) \;=\; \iint_{D} \bigl(\partial_x M - \partial_y L\bigr)\,dx\,dy. \] For complex line integrals on a circle, we often parametrize $z=Re^{it}$, $dz=iRe^{it}\,dt$. \bigskip %----------------------------------------------% \section*{1) Straight segment: direct parametrization} \textbf{Compute} $\displaystyle \int_{C}(y\,dx+x\,dy)$ for the segment from $(0,0)$ to $(1,2)$. \paragraph{Parametrization.} Let $r(t)=(x(t),y(t))=(t,2t)$, $t\in[0,1]$. Then $dx=dt$ and $dy=2\,dt
VII/11	green's theorem	NO	ALL_TEX_AND_FIGURES/tex/Downloads/theory-of-complex-analysis-next.tex	816	3) Use	{1} = (-\sin t)(-\sin t)\,dt+(\cos t)(\cos t)\,dt = \bigl(\sin^{2}t+\cos^{2}t\bigr)\,dt = dt. \] \paragraph{Integral.} \[ \oint_{C}\eta=\int_{0}^{2\pi}dt=2\pi. \] (Real twin of the complex identity $\displaystyle \oint \frac{dz}{z}=2\pi i$.) \bigskip %----------------------------------------------% \section*{3) Use Green's theorem instead of piecewise parametrization} Let $\omega=(x^{2}-y)\,dx+(x+y^{2})\,dy$ on the triangle with vertices $(0,0)\to(1,0)\to(1,1)\to(0,0)$. \paragraph{Curl (scalar).} \[ d\omega=(\partial_x M-\partial_y L)\,dx\wedge dy = \bigl(\partial_x(x+y^{2})-\partial_y(x^{2}-y)\bigr)\,dx\wedge dy = (1-(-1))\,dx\wedge dy = 2\,dx\wedge dy. \] \paragraph{Area of $D$.} Right triangle of legs $1$: $\operatorname{Area}(D)=\tfrac12$. \paragraph{Integral.} \[ \oint_{\partial D}\omega = \iint_{D} 2\,dx\,dy = 2\cdot
VII/11	green's theorem	NO	ALL_TEX_AND_FIGURES/tex/Downloads/theory-of-complex-analysis-next.tex	988	Quick recipe (what to try first)	D}\omega = \iint_{D} 2\,dx\,dy = 2. \] \bigskip %----------------------------------------------% \section*{Quick recipe (what to try first)} \begin{itemize}[leftmargin=1.25em] \item If the field is given as $\omega=L\,dx+M\,dy$, compute $M_x-L_y$. \begin{itemize} \item If $M_x-L_y$ is constant or simple, jump to Green's theorem. \item If $M_x-L_y=0$ on a simply connected domain, try a potential $\phi$ with $\omega=d\phi$ (exactness). \item If there is a hole (punctures), expect nonzero loop integrals even when $M_x-L_y=0$. \end{itemize} \item For complex integrals on circles, parametrize $z=Re^{it}$ or use Cauchy/Residue when singularities lie inside; otherwise use Cauchy’s theorem ($\oint f(z)\,dz=0$). \end{itemize} \paragraph{Why is it a line segment?} We parametrize \[ x(t)=t,\qquad y(t)=2t,\qquad t\in[0,1]. \]
VII/11	green's theorem	NO	ALL_TEX_AND_FIGURES/tex/Downloads/theory-of-complex-analysis-next.tex	1200	Paths giving prescribed values	W around $2$).} \] Any integer pair $(n_0,n_2)$ solving the linear Diophantine equation yields a valid $\gamma$ (e.g.\ a concatenation of small circles around $0$ and $2$ with the prescribed orientations). %==================================================================================% %===================== What Green's Theorem Actually Says (LaTeX) =====================% \section*{What Green's Theorem Actually Says} Let $D\subset\mathbb{R}^2$ be a region with positively oriented (counterclockwise) boundary $C=\partial D$, and let $L,M$ be $C^1$ functions on an open set containing $\overline{D}$. Green's theorem states \[ \oint_{C}\!\bigl(L\,dx+M\,dy\bigr) \;=\; \iint_{D}\!\bigl(M_{x}-L_{y}\bigr)\,dx\,dy. \] \emph{Interpretation:} the curve in the line integral must be \emph{the boundary of the region} appearing in the do
VII/11	green's theorem	NO	ALL_TEX_AND_FIGURES/tex/Downloads/theory-of-complex-analysis-next.tex	1201	What	ne equation yields a valid $\gamma$ (e.g.\ a concatenation of small circles around $0$ and $2$ with the prescribed orientations). %==================================================================================% %===================== What Green's Theorem Actually Says (LaTeX) =====================% \section*{What Green's Theorem Actually Says} Let $D\subset\mathbb{R}^2$ be a region with positively oriented (counterclockwise) boundary $C=\partial D$, and let $L,M$ be $C^1$ functions on an open set containing $\overline{D}$. Green's theorem states \[ \oint_{C}\!\bigl(L\,dx+M\,dy\bigr) \;=\; \iint_{D}\!\bigl(M_{x}-L_{y}\bigr)\,dx\,dy. \] \emph{Interpretation:} the curve in the line integral must be \emph{the boundary of the region} appearing in the double integral. \bigskip \paragraph{1) $D$ = unit disk, $C$ = its boundary
VII/11	green's theorem	NO	ALL_TEX_AND_FIGURES/tex/Downloads/theory-of-complex-analysis-next.tex	1205	What Green's Theorem Actually Says	%===================== What Green's Theorem Actually Says (LaTeX) =====================% \section*{What Green's Theorem Actually Says} Let $D\subset\mathbb{R}^2$ be a region with positively oriented (counterclockwise) boundary $C=\partial D$, and let $L,M$ be $C^1$ functions on an open set containing $\overline{D}$. Green's theorem states \[ \oint_{C}\!\bigl(L\,dx+M\,dy\bigr) \;=\; \iint_{D}\!\bigl(M_{x}-L_{y}\bigr)\,dx\,dy. \] \emph{Interpretation:} the curve in the line integral must be \emph{the boundary of the region} appearing in the double integral. \bigskip \paragraph{1) $D$ = unit disk, $C$ = its boundary (unit circle).} Green applies directly: \[ \oint_{|z|=1}\!\bigl(L\,dx+M\,dy\bigr) \;=\; \iint_{\{|z|\le 1\}}\!\bigl(M_{x}-L_{y}\bigr)\,dx\,dy. \] \bigskip \paragraph{2) $D$ = unit disk, but $C$ is a larger circle
VII/42	ridge	NO	ALL_TEX_AND_FIGURES/tex/Downloads/theory-of-complex-analysis-topology.tex	502	6. Analysis--to--cosmology b	balls). Standard cosmological spatial geometry (FLRW slices with $k=-1,0,+1$) is Riemannian (Euclidean/hyperbolic/spherical), \emph{not} ultrametric. Ultrametrics arise in $p$--adic models or hierarchical clustering, not in the usual large-scale spatial metric of the universe. \subsection*{6. Analysis--to--cosmology bridge (summary)} Given a spatial slice $(\Sigma_t,g_{ij})$, define a metric-space distance by path-length: \[ d_{\Sigma_t}(x,y) \;=\; \inf_{\gamma:x\to y} \int_\gamma \sqrt{g_{ij}\,dx^i dx^j}. \] For $k=0$, $g_{ij}=a(t)^2\,\delta_{ij}$ in comoving Cartesian coordinates, so $d_{\Sigma_t}(x,y)=a(t)\,\|\vec x-\vec y\|_2$, a scaled Euclidean metric. \section*{Hamming and Edit Distances on Fixed-Length Strings} Let $X_L$ be the set of strings of length $L\in\mathbb{N}$ over a fixed alphabet. For $s,s'\in X_L$ define \
VII/05	1-form	NO	ALL_TEX_AND_FIGURES/tex/Downloads/theory-of-complex-analysis.tex	1151		Show that if $z_0\in U$, then for any disk $D=D(z_0,r)\Subset U$ there exists a holomorphic $f:D\to\mathbb C$ with $\Re f=u$ on $D$. Show by an example that this need not hold globally. \medskip \paragraph{Background.} A $C^2$ real function $u$ is \emph{harmonic} if \[ \Delta u \;=\; u_{xx}+u_{yy} \;=\; 0. \] Set the 1-form \[ \alpha \;=\; -\,u_y\,dx \;+\; u_x\,dy. \] A short calculation gives \[ d\alpha \;=\; (u_{xx}+u_{yy})\,dx\wedge dy \;=\; \Delta u\,dx\wedge dy. \] Hence if $u$ is harmonic, $\alpha$ is \emph{closed} ($d\alpha=0$). On a simply connected domain (e.g.\ a disk), every closed 1-form is \emph{exact}, so there exists $v$ with $dv=\alpha$, i.e. \[ v_x=-u_y, \qquad v_y=u_x. \] Then the Cauchy–Riemann equations hold for $(u,v)$ and $f:=u+iv$ is holomorphic with $\Re f=u$. \smallskip On non–simply connected domains
VII/05	1-form	NO	ALL_TEX_AND_FIGURES/tex/Downloads/theory-of-complex-analysis.tex	1160		;=\; u_{xx}+u_{yy} \;=\; 0. \] Set the 1-form \[ \alpha \;=\; -\,u_y\,dx \;+\; u_x\,dy. \] A short calculation gives \[ d\alpha \;=\; (u_{xx}+u_{yy})\,dx\wedge dy \;=\; \Delta u\,dx\wedge dy. \] Hence if $u$ is harmonic, $\alpha$ is \emph{closed} ($d\alpha=0$). On a simply connected domain (e.g.\ a disk), every closed 1-form is \emph{exact}, so there exists $v$ with $dv=\alpha$, i.e. \[ v_x=-u_y, \qquad v_y=u_x. \] Then the Cauchy–Riemann equations hold for $(u,v)$ and $f:=u+iv$ is holomorphic with $\Re f=u$. \smallskip On non–simply connected domains a closed form need not be exact; a certificate is a nonzero loop integral \[ \oint_\gamma \alpha \;\neq\; 0 \qquad\text{for some closed curve }\gamma\subset U. \] \medskip \paragraph{Solution.} \emph{Local existence on a disk.} Fix $z_0\in U$ and $D=D(z_0,r)\Subset U$. Since $u$
VII/05	cotangent	YES	ALL_TEX_AND_FIGURES/tex/Downloads/theory-of-differential-geometry-1.tex	362		f)\,g(p)+f(p)\,d(g). \] \paragraph{\textbf{Leibniz rule.}} The product rule above; it implies $d(1)=0$ and $d(\mathfrak{m}_p^2)=0$. \paragraph{\textbf{Space of derivations.}} \[ \mathrm{Der}_{\mathbb{R}}(\mathcal{O}_{X,p},\mathbb{R}) \] denotes all derivations; it is an $\mathbb{R}$-vector space. \paragraph{\textbf{Cotangent space via $\mathfrak{m}_p/\mathfrak{m}_p^2$.}} There is a natural identification $\mathfrak{m}_p/\mathfrak{m}_p^2 \cong T_p^*X$, and hence \[ T_pX \cong \mathrm{Hom}_{\mathbb{R}}(\mathfrak{m}_p/\mathfrak{m}_p^2,\mathbb{R}) \cong \mathrm{Der}_{\mathbb{R}}(\mathcal{O}_{X,p},\mathbb{R}). \] \paragraph{\textbf{Natural isomorphism.}} An isomorphism defined canonically (coordinate-free), not depending on arbitrary choices (e.g.\ charts), and compatible with smooth maps. \subsection*{Smooth structure terminolo
VII/05	cotangent	YES	ALL_TEX_AND_FIGURES/tex/Downloads/theory-of-differential-geometry-1.tex	2015	Theory for Problem 10: Derivations of germs and the tangent space	ightarrow \mathfrak{m}_p/\mathfrak{m}_p^2 \xrightarrow{\;\;\bar d\;\;} \mathbb{R}. \] In particular, \[ \mathrm{Der}_{\mathbb{R}}(\mathcal{O}_{X,p},\mathbb{R}) \;\cong\; \mathrm{Hom}_{\mathbb{R}}\bigl(\mathfrak{m}_p/\mathfrak{m}_p^2,\mathbb{R}\bigr). \] The quotient $\mathfrak{m}_p/\mathfrak{m}_p^2$ is the (algebraic) cotangent space $T_p^*X$, and its dual is the tangent space $T_pX$. \paragraph{(10.3) Tangent vectors as directional derivatives.} A tangent vector $v\in T_pX$ defines a derivation by directional differentiation: \[ d_v([f]) \;:=\; v(f) \;=\; \left.\frac{d}{dt}\right|_{t=0} (f\circ \gamma)(t), \] where $\gamma$ is any smooth curve with $\gamma(0)=p$ and $\gamma'(0)=v$. This satisfies the Leibniz rule, hence gives a map \[ T_pX \longrightarrow \mathrm{Der}_{\mathbb{R}}(\mathcal{O}_{X,p},\mathbb{R}),\qquad v\mapsto
VII/05	cotangent	YES	ALL_TEX_AND_FIGURES/tex/Downloads/theory-of-differential-geometry-1.tex	3058	Differential forms: 1-forms and $p$-forms (with examples on $S^2$ and a cone)	================== % Differential forms: 1-forms and p-forms (definitions + examples) % Sphere and cone examples + Green/Stokes link % ============================================================ \subsection*{Differential forms: 1-forms and $p$-forms (with examples on $S^2$ and a cone)} \paragraph{Tangent spaces and cotangent spaces.} Let $M$ be a smooth manifold and $x\in M$. The \emph{tangent space} $T_xM$ is the vector space of tangent vectors at $x$. The \emph{cotangent space} at $x$ is the dual space \[ T_x^*M := \mathrm{Hom}(T_xM,\mathbb{R}), \] the space of linear functionals on $T_xM$. \paragraph{1-forms.} A \emph{(smooth) 1-form} on $M$ is a smooth assignment \[ \alpha: x \mapsto \alpha_x \in T_x^*M, \] so that for each $x$, $\alpha_x: T_xM \to \mathbb{R}$ is linear and depends smoothly on $x$. Equivalently, a 1-form
VII/05	cotangent	YES	ALL_TEX_AND_FIGURES/tex/Downloads/theory-of-differential-geometry-1.tex	3061	Differential forms: 1-forms and $p$-forms (with examples on $S^2$ and a cone)	============================================ \subsection*{Differential forms: 1-forms and $p$-forms (with examples on $S^2$ and a cone)} \paragraph{Tangent spaces and cotangent spaces.} Let $M$ be a smooth manifold and $x\in M$. The \emph{tangent space} $T_xM$ is the vector space of tangent vectors at $x$. The \emph{cotangent space} at $x$ is the dual space \[ T_x^*M := \mathrm{Hom}(T_xM,\mathbb{R}), \] the space of linear functionals on $T_xM$. \paragraph{1-forms.} A \emph{(smooth) 1-form} on $M$ is a smooth assignment \[ \alpha: x \mapsto \alpha_x \in T_x^*M, \] so that for each $x$, $\alpha_x: T_xM \to \mathbb{R}$ is linear and depends smoothly on $x$. Equivalently, a 1-form is a smooth covector field. In local coordinates $(x^1,\dots,x^n)$ on an open set $U\subset M$, every 1-form has the form \[ \alpha = \sum_{i=1}^n a_
VII/05	covector	YES	ALL_TEX_AND_FIGURES/tex/Downloads/theory-of-differential-geometry-1.tex	3073	Differential forms: 1-forms and $p$-forms (with examples on $S^2$ and a cone)	{Hom}(T_xM,\mathbb{R}), \] the space of linear functionals on $T_xM$. \paragraph{1-forms.} A \emph{(smooth) 1-form} on $M$ is a smooth assignment \[ \alpha: x \mapsto \alpha_x \in T_x^*M, \] so that for each $x$, $\alpha_x: T_xM \to \mathbb{R}$ is linear and depends smoothly on $x$. Equivalently, a 1-form is a smooth covector field. In local coordinates $(x^1,\dots,x^n)$ on an open set $U\subset M$, every 1-form has the form \[ \alpha = \sum_{i=1}^n a_i(x)\, dx^i, \] where $a_i\in C^\infty(U)$ and $dx^i$ are the coordinate 1-forms characterized by $dx^i\!\left(\frac{\partial}{\partial x^j}\right)=\delta^i_j$. \paragraph{Example in $\mathbb{R}^2$.} A standard 1-form is \[ \alpha = P(x,y)\,dx + Q(x,y)\,dy, \] where $P,Q$ are smooth functions. If $v=(v_x,v_y)\in T_{(x,y)}\mathbb{R}^2\cong\mathbb{R}^2$, then \[ \alpha_{(x,y)}(v)=
VII/05	covector	YES	ALL_TEX_AND_FIGURES/tex/Downloads/theory-of-differential-geometry-1.tex	3294	From calculus to differential forms: $dy$, $y'(x)=\frac{dy	==================================================== \subsection*{From calculus to differential forms: $dy$, $y'(x)=\frac{dy}{dx}$, and building $1$- and $p$-forms} \paragraph{0-forms, 1-forms, $p$-forms.} A \emph{$0$-form} on a manifold $M$ is just a smooth function $f\in C^\infty(M)$. A \emph{$1$-form} is a smooth covector field $\alpha\in\Omega^1(M)$, i.e.\ for each $x\in M$, \[ \alpha_x \in T_x^*M=\mathrm{Hom}(T_xM,\mathbb{R}). \] More generally, a \emph{$p$-form} $\omega\in\Omega^p(M)$ assigns to each $x\in M$ an alternating multilinear map \[ \omega_x : \underbrace{T_xM\times\cdots\times T_xM}_{p\ \text{times}} \to \mathbb{R}, \qquad \omega_x \in \Lambda^p(T_x^*M). \] Alternating means swapping two arguments changes sign; in particular, if two arguments coincide then the value is $0$. \subsubsection*{The differential $d
VII/05	1-form	YES	ALL_TEX_AND_FIGURES/tex/Downloads/theory-of-differential-geometry-1.tex	2808	Theory for Problem 3: Pullback of $\mathcal O_{\mathbb{CP	\] since $z\in \mathbb Cz$ and $z\neq 0$ on the unit sphere. A nowhere-zero section of a complex line bundle trivialises it, hence \[ H^*\mathcal O_{\mathbb{CP}^n}(-1)\cong S^{2n+1}\times \mathbb C. \] % ============================================================ % Problem 4: Divisibility by a nowhere-zero 1-form % ============================================================ \subsection*{Problem 4: Divisibility by a nowhere-zero $1$-form} \noindent \textbf{Problem statement.} Let $\alpha$ be a nowhere-zero $1$-form on a manifold $X$, and let $\beta$ be a $p$-form. Show: (i) if $\beta=\alpha\wedge\gamma$ for some $(p-1)$-form $\gamma$, then $\alpha\wedge\beta=0$; (ii) conversely, if $\alpha\wedge\beta=0$ then there exists a $(p-1)$-form $\gamma$ with $\beta=\alpha\wedge\gamma$ (hint: work locally, then use
VII/05	1-form	YES	ALL_TEX_AND_FIGURES/tex/Downloads/theory-of-differential-geometry-1.tex	2887	Problem 4: Divisibility by a nowhere-zero $1$-form	form by graded commutativity.) % ============================================================ % Problem 5: de Rham cohomology of spheres via U_± % ============================================================ % ============================================================ % Theory: Problem 4 (nowhere-zero 1-form and divisibility) % ============================================================ \subsection*{Theory for Problem 4: Nowhere-zero $1$-forms and ``divisibility''} \paragraph{Wedge product basics.} For differential forms the wedge product is bilinear and alternating. In particular, for any $1$-form $\alpha$, \[ \alpha\wedge\alpha=0. \] More generally, for $\omega\in\Omega^p(X)$ and $\eta\in\Omega^q(X)$ one has graded commutativity \[ \omega\wedge\eta = (-1)^{pq}\,\eta\wedge\omega. \] Hence if $p
VII/05	1-form	YES	ALL_TEX_AND_FIGURES/tex/Downloads/theory-of-differential-geometry-1.tex	3052		; \draw[arrowG] (decomp.south) to[out=-90,in=180] (exact.west); \end{tikzpicture}% } \caption{Problem 4: the local decomposition $\beta=\alpha\wedge\eta+\zeta$ and why $\alpha\wedge\beta=0$ forces $\zeta=0$.} \end{figure} % ============================================================ % Differential forms: 1-forms and p-forms (definitions + examples) % Sphere and cone examples + Green/Stokes link % ============================================================ \subsection*{Differential forms: 1-forms and $p$-forms (with examples on $S^2$ and a cone)} \paragraph{Tangent spaces and cotangent spaces.} Let $M$ be a smooth manifold and $x\in M$. The \emph{tangent space} $T_xM$ is the vector space of tangent vectors at $x$. The \emph{cotangent space} at $x$ is the dual space \[ T_x^*M := \mathrm{Hom}(T_xM,\mathbb{R}), \] t
VII/05	1-form	YES	ALL_TEX_AND_FIGURES/tex/Downloads/theory-of-differential-geometry-1.tex	3056	Differential forms:	dge\beta=0$ forces $\zeta=0$.} \end{figure} % ============================================================ % Differential forms: 1-forms and p-forms (definitions + examples) % Sphere and cone examples + Green/Stokes link % ============================================================ \subsection*{Differential forms: 1-forms and $p$-forms (with examples on $S^2$ and a cone)} \paragraph{Tangent spaces and cotangent spaces.} Let $M$ be a smooth manifold and $x\in M$. The \emph{tangent space} $T_xM$ is the vector space of tangent vectors at $x$. The \emph{cotangent space} at $x$ is the dual space \[ T_x^*M := \mathrm{Hom}(T_xM,\mathbb{R}), \] the space of linear functionals on $T_xM$. \paragraph{1-forms.} A \emph{(smooth) 1-form} on $M$ is a smooth assignment \[ \alpha: x \mapsto \alpha_x \in T_x^*M, \] so that for each $x$, $\a
VII/05	1-form	YES	ALL_TEX_AND_FIGURES/tex/Downloads/theory-of-differential-geometry-1.tex	3067	Differential forms: 1-forms and $p$-forms (with examples on $S^2$ and a cone)	graph{Tangent spaces and cotangent spaces.} Let $M$ be a smooth manifold and $x\in M$. The \emph{tangent space} $T_xM$ is the vector space of tangent vectors at $x$. The \emph{cotangent space} at $x$ is the dual space \[ T_x^*M := \mathrm{Hom}(T_xM,\mathbb{R}), \] the space of linear functionals on $T_xM$. \paragraph{1-forms.} A \emph{(smooth) 1-form} on $M$ is a smooth assignment \[ \alpha: x \mapsto \alpha_x \in T_x^*M, \] so that for each $x$, $\alpha_x: T_xM \to \mathbb{R}$ is linear and depends smoothly on $x$. Equivalently, a 1-form is a smooth covector field. In local coordinates $(x^1,\dots,x^n)$ on an open set $U\subset M$, every 1-form has the form \[ \alpha = \sum_{i=1}^n a_i(x)\, dx^i, \] where $a_i\in C^\infty(U)$ and $dx^i$ are the coordinate 1-forms characterized by $dx^i\!\left(\frac{\partial}{\partial x^j}\rig
VII/05	1-form	YES	ALL_TEX_AND_FIGURES/tex/Downloads/theory-of-differential-geometry-1.tex	3068	Differential forms: 1-forms and $p$-forms (with examples on $S^2$ and a cone)	tangent spaces.} Let $M$ be a smooth manifold and $x\in M$. The \emph{tangent space} $T_xM$ is the vector space of tangent vectors at $x$. The \emph{cotangent space} at $x$ is the dual space \[ T_x^*M := \mathrm{Hom}(T_xM,\mathbb{R}), \] the space of linear functionals on $T_xM$. \paragraph{1-forms.} A \emph{(smooth) 1-form} on $M$ is a smooth assignment \[ \alpha: x \mapsto \alpha_x \in T_x^*M, \] so that for each $x$, $\alpha_x: T_xM \to \mathbb{R}$ is linear and depends smoothly on $x$. Equivalently, a 1-form is a smooth covector field. In local coordinates $(x^1,\dots,x^n)$ on an open set $U\subset M$, every 1-form has the form \[ \alpha = \sum_{i=1}^n a_i(x)\, dx^i, \] where $a_i\in C^\infty(U)$ and $dx^i$ are the coordinate 1-forms characterized by $dx^i\!\left(\frac{\partial}{\partial x^j}\right)=\delta^i_j$. \paragrap
VII/05	1-form	YES	ALL_TEX_AND_FIGURES/tex/Downloads/theory-of-differential-geometry-1.tex	3073	Differential forms: 1-forms and $p$-forms (with examples on $S^2$ and a cone)	[ T_x^*M := \mathrm{Hom}(T_xM,\mathbb{R}), \] the space of linear functionals on $T_xM$. \paragraph{1-forms.} A \emph{(smooth) 1-form} on $M$ is a smooth assignment \[ \alpha: x \mapsto \alpha_x \in T_x^*M, \] so that for each $x$, $\alpha_x: T_xM \to \mathbb{R}$ is linear and depends smoothly on $x$. Equivalently, a 1-form is a smooth covector field. In local coordinates $(x^1,\dots,x^n)$ on an open set $U\subset M$, every 1-form has the form \[ \alpha = \sum_{i=1}^n a_i(x)\, dx^i, \] where $a_i\in C^\infty(U)$ and $dx^i$ are the coordinate 1-forms characterized by $dx^i\!\left(\frac{\partial}{\partial x^j}\right)=\delta^i_j$. \paragraph{Example in $\mathbb{R}^2$.} A standard 1-form is \[ \alpha = P(x,y)\,dx + Q(x,y)\,dy, \] where $P,Q$ are smooth functions. If $v=(v_x,v_y)\in T_{(x,y)}\mathbb{R}^2\cong\mathbb{R}^2$, then \[
VII/05	1-form	YES	ALL_TEX_AND_FIGURES/tex/Downloads/theory-of-differential-geometry-1.tex	3075	Differential forms: 1-forms and $p$-forms (with examples on $S^2$ and a cone)	A \emph{(smooth) 1-form} on $M$ is a smooth assignment \[ \alpha: x \mapsto \alpha_x \in T_x^*M, \] so that for each $x$, $\alpha_x: T_xM \to \mathbb{R}$ is linear and depends smoothly on $x$. Equivalently, a 1-form is a smooth covector field. In local coordinates $(x^1,\dots,x^n)$ on an open set $U\subset M$, every 1-form has the form \[ \alpha = \sum_{i=1}^n a_i(x)\, dx^i, \] where $a_i\in C^\infty(U)$ and $dx^i$ are the coordinate 1-forms characterized by $dx^i\!\left(\frac{\partial}{\partial x^j}\right)=\delta^i_j$. \paragraph{Example in $\mathbb{R}^2$.} A standard 1-form is \[ \alpha = P(x,y)\,dx + Q(x,y)\,dy, \] where $P,Q$ are smooth functions. If $v=(v_x,v_y)\in T_{(x,y)}\mathbb{R}^2\cong\mathbb{R}^2$, then \[ \alpha_{(x,y)}(v)=P(x,y)\,v_x + Q(x,y)\,v_y. \] \paragraph{Line integrals of 1-forms.} If $\gamma:[a,b]\to M
VII/05	1-form	YES	ALL_TEX_AND_FIGURES/tex/Downloads/theory-of-differential-geometry-1.tex	3079	Differential forms: 1-forms and $p$-forms (with examples on $S^2$ and a cone)	$, $\alpha_x: T_xM \to \mathbb{R}$ is linear and depends smoothly on $x$. Equivalently, a 1-form is a smooth covector field. In local coordinates $(x^1,\dots,x^n)$ on an open set $U\subset M$, every 1-form has the form \[ \alpha = \sum_{i=1}^n a_i(x)\, dx^i, \] where $a_i\in C^\infty(U)$ and $dx^i$ are the coordinate 1-forms characterized by $dx^i\!\left(\frac{\partial}{\partial x^j}\right)=\delta^i_j$. \paragraph{Example in $\mathbb{R}^2$.} A standard 1-form is \[ \alpha = P(x,y)\,dx + Q(x,y)\,dy, \] where $P,Q$ are smooth functions. If $v=(v_x,v_y)\in T_{(x,y)}\mathbb{R}^2\cong\mathbb{R}^2$, then \[ \alpha_{(x,y)}(v)=P(x,y)\,v_x + Q(x,y)\,v_y. \] \paragraph{Line integrals of 1-forms.} If $\gamma:[a,b]\to M$ is a smooth curve, the integral of a 1-form along $\gamma$ is defined by pullback: \[ \int_\gamma \alpha := \int_a^b \
VII/05	1-form	YES	ALL_TEX_AND_FIGURES/tex/Downloads/theory-of-differential-geometry-1.tex	3083	Differential forms: 1-forms and $p$-forms (with examples on $S^2$ and a cone)	dinates $(x^1,\dots,x^n)$ on an open set $U\subset M$, every 1-form has the form \[ \alpha = \sum_{i=1}^n a_i(x)\, dx^i, \] where $a_i\in C^\infty(U)$ and $dx^i$ are the coordinate 1-forms characterized by $dx^i\!\left(\frac{\partial}{\partial x^j}\right)=\delta^i_j$. \paragraph{Example in $\mathbb{R}^2$.} A standard 1-form is \[ \alpha = P(x,y)\,dx + Q(x,y)\,dy, \] where $P,Q$ are smooth functions. If $v=(v_x,v_y)\in T_{(x,y)}\mathbb{R}^2\cong\mathbb{R}^2$, then \[ \alpha_{(x,y)}(v)=P(x,y)\,v_x + Q(x,y)\,v_y. \] \paragraph{Line integrals of 1-forms.} If $\gamma:[a,b]\to M$ is a smooth curve, the integral of a 1-form along $\gamma$ is defined by pullback: \[ \int_\gamma \alpha := \int_a^b \gamma^*\alpha. \] In coordinates, if $\alpha=P\,dx+Q\,dy$ and $\gamma(t)=(x(t),y(t))$, then \[ \gamma^*\alpha = P(x(t),y(t))\,x'(t)\,dt + Q
VII/05	1-form	YES	ALL_TEX_AND_FIGURES/tex/Downloads/theory-of-differential-geometry-1.tex	3092	Differential forms: 1-forms and $p$-forms (with examples on $S^2$ and a cone)	ial}{\partial x^j}\right)=\delta^i_j$. \paragraph{Example in $\mathbb{R}^2$.} A standard 1-form is \[ \alpha = P(x,y)\,dx + Q(x,y)\,dy, \] where $P,Q$ are smooth functions. If $v=(v_x,v_y)\in T_{(x,y)}\mathbb{R}^2\cong\mathbb{R}^2$, then \[ \alpha_{(x,y)}(v)=P(x,y)\,v_x + Q(x,y)\,v_y. \] \paragraph{Line integrals of 1-forms.} If $\gamma:[a,b]\to M$ is a smooth curve, the integral of a 1-form along $\gamma$ is defined by pullback: \[ \int_\gamma \alpha := \int_a^b \gamma^*\alpha. \] In coordinates, if $\alpha=P\,dx+Q\,dy$ and $\gamma(t)=(x(t),y(t))$, then \[ \gamma^*\alpha = P(x(t),y(t))\,x'(t)\,dt + Q(x(t),y(t))\,y'(t)\,dt, \] hence \[ \int_\gamma \alpha = \int_a^b \Big(P(x(t),y(t))x'(t)+Q(x(t),y(t))y'(t)\Big)\,dt. \] \paragraph{$p$-forms.} A \emph{$p$-form} on $M$ is a smooth assignment \[ \omega: x \mapsto \omega_x \in \Lam
VII/05	1-form	YES	ALL_TEX_AND_FIGURES/tex/Downloads/theory-of-differential-geometry-1.tex	3093	Differential forms: 1-forms and $p$-forms (with examples on $S^2$ and a cone)	{R}^2$.} A standard 1-form is \[ \alpha = P(x,y)\,dx + Q(x,y)\,dy, \] where $P,Q$ are smooth functions. If $v=(v_x,v_y)\in T_{(x,y)}\mathbb{R}^2\cong\mathbb{R}^2$, then \[ \alpha_{(x,y)}(v)=P(x,y)\,v_x + Q(x,y)\,v_y. \] \paragraph{Line integrals of 1-forms.} If $\gamma:[a,b]\to M$ is a smooth curve, the integral of a 1-form along $\gamma$ is defined by pullback: \[ \int_\gamma \alpha := \int_a^b \gamma^*\alpha. \] In coordinates, if $\alpha=P\,dx+Q\,dy$ and $\gamma(t)=(x(t),y(t))$, then \[ \gamma^*\alpha = P(x(t),y(t))\,x'(t)\,dt + Q(x(t),y(t))\,y'(t)\,dt, \] hence \[ \int_\gamma \alpha = \int_a^b \Big(P(x(t),y(t))x'(t)+Q(x(t),y(t))y'(t)\Big)\,dt. \] \paragraph{$p$-forms.} A \emph{$p$-form} on $M$ is a smooth assignment \[ \omega: x \mapsto \omega_x \in \Lambda^p(T_x^*M), \] where $\Lambda^p(T_x^*M)$ is the space of alternatin
VII/05	1-form	YES	ALL_TEX_AND_FIGURES/tex/Downloads/theory-of-differential-geometry-1.tex	3133	Differential forms: 1-forms and $p$-forms (with examples on $S^2$ and a cone)	in general a $p$-form integrates over oriented $p$-dimensional submanifolds (or $p$-chains). An $n$-form on an $n$-manifold is a \emph{volume form} (locally it looks like a density times $dx^1\wedge\cdots\wedge dx^n$). \paragraph{Examples in $\mathbb{R}^3$.} Using coordinates $(x,y,z)$, typical examples are: \[ \text{1-form: } \alpha = x\,dx + y\,dy + z\,dz,\qquad \text{2-form: } dx\wedge dy,\qquad \text{3-form: } dx\wedge dy\wedge dz. \] The 2-form $dx\wedge dy$ measures oriented area in the $xy$-plane, while $dx\wedge dy\wedge dz$ is the standard oriented volume form. % ------------------------------------------------------------ % Sphere examples % ------------------------------------------------------------ \subsubsection*{Examples on the sphere $S^2$} \paragraph{A 1-form on $S^2$ via restriction from $\mathbb{R}^3$.} Let
VII/05	1-form	YES	ALL_TEX_AND_FIGURES/tex/Downloads/theory-of-differential-geometry-1.tex	3145	Examples on the sphere $S^2$	e dy$ measures oriented area in the $xy$-plane, while $dx\wedge dy\wedge dz$ is the standard oriented volume form. % ------------------------------------------------------------ % Sphere examples % ------------------------------------------------------------ \subsubsection*{Examples on the sphere $S^2$} \paragraph{A 1-form on $S^2$ via restriction from $\mathbb{R}^3$.} Let $\iota:S^2\hookrightarrow \mathbb{R}^3$ be the inclusion, with ambient coordinates $(x,y,z)$. Consider the 1-form on $\mathbb{R}^3$ \[ \beta = -y\,dx + x\,dy. \] Define a 1-form on $S^2$ by restriction (pullback): \[ \alpha := \iota^*\beta. \] This 1-form measures ``rotation'' around the $z$-axis. \paragraph{Integral of $\alpha$ along a latitude circle.} Fix $z_0\in(-1,1)$ and let $r=\sqrt{1-z_0^2}$. The latitude circle at height $z=z_0$ is \[ \gamma(t)=(r\
VII/05	1-form	YES	ALL_TEX_AND_FIGURES/tex/Downloads/theory-of-differential-geometry-1.tex	3147	Examples on the sphere $S^2$	------------- % Sphere examples % ------------------------------------------------------------ \subsubsection*{Examples on the sphere $S^2$} \paragraph{A 1-form on $S^2$ via restriction from $\mathbb{R}^3$.} Let $\iota:S^2\hookrightarrow \mathbb{R}^3$ be the inclusion, with ambient coordinates $(x,y,z)$. Consider the 1-form on $\mathbb{R}^3$ \[ \beta = -y\,dx + x\,dy. \] Define a 1-form on $S^2$ by restriction (pullback): \[ \alpha := \iota^*\beta. \] This 1-form measures ``rotation'' around the $z$-axis. \paragraph{Integral of $\alpha$ along a latitude circle.} Fix $z_0\in(-1,1)$ and let $r=\sqrt{1-z_0^2}$. The latitude circle at height $z=z_0$ is \[ \gamma(t)=(r\cos t,\ r\sin t,\ z_0),\qquad t\in[0,2\pi]. \] Along $\gamma$ we have \[ dx = -r\sin t\,dt,\qquad dy = r\cos t\,dt, \] and thus \[ \beta(\gamma'(t))\,dt = \big(-y\,d
VII/05	1-form	YES	ALL_TEX_AND_FIGURES/tex/Downloads/theory-of-differential-geometry-1.tex	3151	Examples on the sphere $S^2$	------------------------------ \subsubsection*{Examples on the sphere $S^2$} \paragraph{A 1-form on $S^2$ via restriction from $\mathbb{R}^3$.} Let $\iota:S^2\hookrightarrow \mathbb{R}^3$ be the inclusion, with ambient coordinates $(x,y,z)$. Consider the 1-form on $\mathbb{R}^3$ \[ \beta = -y\,dx + x\,dy. \] Define a 1-form on $S^2$ by restriction (pullback): \[ \alpha := \iota^*\beta. \] This 1-form measures ``rotation'' around the $z$-axis. \paragraph{Integral of $\alpha$ along a latitude circle.} Fix $z_0\in(-1,1)$ and let $r=\sqrt{1-z_0^2}$. The latitude circle at height $z=z_0$ is \[ \gamma(t)=(r\cos t,\ r\sin t,\ z_0),\qquad t\in[0,2\pi]. \] Along $\gamma$ we have \[ dx = -r\sin t\,dt,\qquad dy = r\cos t\,dt, \] and thus \[ \beta(\gamma'(t))\,dt = \big(-y\,dx + x\,dy\big)\Big|_{\gamma(t)} = -(r\sin t)(-r\sin t\,dt) + (r\
VII/05	1-form	YES	ALL_TEX_AND_FIGURES/tex/Downloads/theory-of-differential-geometry-1.tex	3155	Examples on the sphere $S^2$	\paragraph{A 1-form on $S^2$ via restriction from $\mathbb{R}^3$.} Let $\iota:S^2\hookrightarrow \mathbb{R}^3$ be the inclusion, with ambient coordinates $(x,y,z)$. Consider the 1-form on $\mathbb{R}^3$ \[ \beta = -y\,dx + x\,dy. \] Define a 1-form on $S^2$ by restriction (pullback): \[ \alpha := \iota^*\beta. \] This 1-form measures ``rotation'' around the $z$-axis. \paragraph{Integral of $\alpha$ along a latitude circle.} Fix $z_0\in(-1,1)$ and let $r=\sqrt{1-z_0^2}$. The latitude circle at height $z=z_0$ is \[ \gamma(t)=(r\cos t,\ r\sin t,\ z_0),\qquad t\in[0,2\pi]. \] Along $\gamma$ we have \[ dx = -r\sin t\,dt,\qquad dy = r\cos t\,dt, \] and thus \[ \beta(\gamma'(t))\,dt = \big(-y\,dx + x\,dy\big)\Big|_{\gamma(t)} = -(r\sin t)(-r\sin t\,dt) + (r\cos t)(r\cos t\,dt)=r^2\,dt. \] Hence \[ \int_\gamma \alpha = \int_\gamma \iot
VII/05	1-form	YES	ALL_TEX_AND_FIGURES/tex/Downloads/theory-of-differential-geometry-1.tex	3201	Examples on a cone (via parametrization)	- \subsubsection*{Examples on a cone (via parametrization)} \paragraph{Cone parametrization.} Consider the cone in $\mathbb{R}^3$ (without the tip) parametrized by \[ F(r,\theta)=(r\cos\theta,\ r\sin\theta,\ a r), \qquad r>0,\ \theta\in[0,2\pi), \] where $a>0$ controls the slope. \paragraph{Pulling back the rotation 1-form $\beta=-y\,dx+x\,dy$.} Let $\beta=-y\,dx + x\,dy$ on $\mathbb{R}^3$. We compute $F^*\beta$. Along $F$ we have \[ x=r\cos\theta,\qquad y=r\sin\theta, \] and \[ dx=\cos\theta\,dr - r\sin\theta\,d\theta,\qquad dy=\sin\theta\,dr + r\cos\theta\,d\theta. \] Therefore \begin{align*} F^*\beta &= -(r\sin\theta)\,dx + (r\cos\theta)\,dy \\ &= -(r\sin\theta)\big(\cos\theta\,dr - r\sin\theta\,d\theta\big) + (r\cos\theta)\big(\sin\theta\,dr + r\cos\theta\,d\theta\big) \\ &= \big(-r\sin\theta\cos\theta + r\cos\theta\s
VII/05	1-form	YES	ALL_TEX_AND_FIGURES/tex/Downloads/theory-of-differential-geometry-1.tex	3256	Exterior derivative and the Green/Stokes connection	} r\sqrt{1+a^2}\, d\theta\,dr = \pi\sqrt{1+a^2}\,(r_2^2-r_1^2). \] % ------------------------------------------------------------ % Stokes/Green link % ------------------------------------------------------------ \subsubsection*{Exterior derivative and the Green/Stokes connection} \paragraph{Exterior derivative on a 1-form in $\mathbb{R}^2$.} Let $\alpha=P\,dx+Q\,dy$ on an open set in $\mathbb{R}^2$. Then \[ d\alpha = d(P\,dx)+d(Q\,dy)=dP\wedge dx + dQ\wedge dy. \] Writing $dP=P_x\,dx+P_y\,dy$ and $dQ=Q_x\,dx+Q_y\,dy$ gives \[ d\alpha = (P_x\,dx+P_y\,dy)\wedge dx + (Q_x\,dx+Q_y\,dy)\wedge dy = P_y\,dy\wedge dx + Q_x\,dx\wedge dy. \] Since $dy\wedge dx=-dx\wedge dy$, we obtain \[ d\alpha = \left(\frac{\partial Q}{\partial x}-\frac{\partial P}{\partial y}\right)\,dx\wedge dy. \] \paragraph{Stokes' theorem (Green's theorem as a
VII/05	1-form	YES	ALL_TEX_AND_FIGURES/tex/Downloads/theory-of-differential-geometry-1.tex	3286	Exterior derivative and the Green/Stokes connection	ve for $d\alpha$, this becomes the classical Green's theorem: \[ \int_{\partial\Omega} (P\,dx+Q\,dy) = \int_{\Omega} \left(\frac{\partial Q}{\partial x}-\frac{\partial P}{\partial y}\right)\,dx\,dy. \] % ============================================================ % Calculus vs differential forms: dy, y'(x), building 1-forms and p-forms % Extended explanation + many examples + pullback viewpoint % ============================================================ \subsection*{From calculus to differential forms: $dy$, $y'(x)=\frac{dy}{dx}$, and building $1$- and $p$-forms} \paragraph{0-forms, 1-forms, $p$-forms.} A \emph{$0$-form} on a manifold $M$ is just a smooth function $f\in C^\infty(M)$. A \emph{$1$-form} is a smooth covector field $\alpha\in\Omega^1(M)$, i.e.\ for each $x\in M$, \[ \alpha_x \in T_x^*M=\mathrm{Hom}(T_xM,\math
VII/05	1-form	YES	ALL_TEX_AND_FIGURES/tex/Downloads/theory-of-differential-geometry-1.tex	3292	From calculus to differential forms: $dy$, $y'(x)=\frac{dy	vs differential forms: dy, y'(x), building 1-forms and p-forms % Extended explanation + many examples + pullback viewpoint % ============================================================ \subsection*{From calculus to differential forms: $dy$, $y'(x)=\frac{dy}{dx}$, and building $1$- and $p$-forms} \paragraph{0-forms, 1-forms, $p$-forms.} A \emph{$0$-form} on a manifold $M$ is just a smooth function $f\in C^\infty(M)$. A \emph{$1$-form} is a smooth covector field $\alpha\in\Omega^1(M)$, i.e.\ for each $x\in M$, \[ \alpha_x \in T_x^*M=\mathrm{Hom}(T_xM,\mathbb{R}). \] More generally, a \emph{$p$-form} $\omega\in\Omega^p(M)$ assigns to each $x\in M$ an alternating multilinear map \[ \omega_x : \underbrace{T_xM\times\cdots\times T_xM}_{p\ \text{times}} \to \mathbb{R}, \qquad \omega_x \in \Lambda^p(T_x^*M). \] Alternating means swap
VII/05	1-form	YES	ALL_TEX_AND_FIGURES/tex/Downloads/theory-of-differential-geometry-1.tex	3305	The differential $df$ is a	ternating multilinear map \[ \omega_x : \underbrace{T_xM\times\cdots\times T_xM}_{p\ \text{times}} \to \mathbb{R}, \qquad \omega_x \in \Lambda^p(T_x^*M). \] Alternating means swapping two arguments changes sign; in particular, if two arguments coincide then the value is $0$. \subsubsection*{The differential $df$ is a 1-form} \paragraph{Definition of the differential.} Let $f\in C^\infty(M)$ be a smooth function. Its \emph{differential} (or \emph{exterior derivative} in degree $0$) is the 1-form $df\in\Omega^1(M)$ defined by \[ (df)_x(v) := v(f)\qquad \text{for }x\in M,\ v\in T_xM, \] where $v(f)$ denotes the directional derivative of $f$ along the tangent vector $v$. \paragraph{Coordinate formula.} On a coordinate chart $(U; x^1,\dots,x^n)$, any tangent vector at $x\in U$ can be written \[ v=\sum_{i=1}^n v^i \frac{\partial}{\
VII/05	1-form	YES	ALL_TEX_AND_FIGURES/tex/Downloads/theory-of-differential-geometry-1.tex	3309	The differential $df$ is a 1-form	swapping two arguments changes sign; in particular, if two arguments coincide then the value is $0$. \subsubsection*{The differential $df$ is a 1-form} \paragraph{Definition of the differential.} Let $f\in C^\infty(M)$ be a smooth function. Its \emph{differential} (or \emph{exterior derivative} in degree $0$) is the 1-form $df\in\Omega^1(M)$ defined by \[ (df)_x(v) := v(f)\qquad \text{for }x\in M,\ v\in T_xM, \] where $v(f)$ denotes the directional derivative of $f$ along the tangent vector $v$. \paragraph{Coordinate formula.} On a coordinate chart $(U; x^1,\dots,x^n)$, any tangent vector at $x\in U$ can be written \[ v=\sum_{i=1}^n v^i \frac{\partial}{\partial x^i}\Big|_x. \] Then \[ (df)_x(v)=\sum_{i=1}^n v^i \frac{\partial f}{\partial x^i}(x), \] so as a 1-form we have the standard expression \[ df=\sum_{i=1}^n \frac{\part
VII/05	1-form	YES	ALL_TEX_AND_FIGURES/tex/Downloads/theory-of-differential-geometry-1.tex	3324	The differential $df$ is a 1-form	nal derivative of $f$ along the tangent vector $v$. \paragraph{Coordinate formula.} On a coordinate chart $(U; x^1,\dots,x^n)$, any tangent vector at $x\in U$ can be written \[ v=\sum_{i=1}^n v^i \frac{\partial}{\partial x^i}\Big|_x. \] Then \[ (df)_x(v)=\sum_{i=1}^n v^i \frac{\partial f}{\partial x^i}(x), \] so as a 1-form we have the standard expression \[ df=\sum_{i=1}^n \frac{\partial f}{\partial x^i}\,dx^i. \] \subsubsection*{Why $dy$ is a 1-form, and how it relates to $y'(x)=\frac{dy}{dx}$} \paragraph{One-dimensional case ($M=\mathbb{R}$).} Let $x$ be the coordinate on $\mathbb{R}$ and let $y=y(x)$ be a smooth function. Then $y'(x)=\frac{dy}{dx}$ is a \emph{number} depending on $x$ (a $0$-form). The symbol $dy$ is the \emph{differential} of the function $y$, hence a \emph{1-form}: \[ dy = d(y) \in \Omega^1(\mathbb{R}).
VII/05	1-form	YES	ALL_TEX_AND_FIGURES/tex/Downloads/theory-of-differential-geometry-1.tex	3329	Why $dy$ is a	y tangent vector at $x\in U$ can be written \[ v=\sum_{i=1}^n v^i \frac{\partial}{\partial x^i}\Big|_x. \] Then \[ (df)_x(v)=\sum_{i=1}^n v^i \frac{\partial f}{\partial x^i}(x), \] so as a 1-form we have the standard expression \[ df=\sum_{i=1}^n \frac{\partial f}{\partial x^i}\,dx^i. \] \subsubsection*{Why $dy$ is a 1-form, and how it relates to $y'(x)=\frac{dy}{dx}$} \paragraph{One-dimensional case ($M=\mathbb{R}$).} Let $x$ be the coordinate on $\mathbb{R}$ and let $y=y(x)$ be a smooth function. Then $y'(x)=\frac{dy}{dx}$ is a \emph{number} depending on $x$ (a $0$-form). The symbol $dy$ is the \emph{differential} of the function $y$, hence a \emph{1-form}: \[ dy = d(y) \in \Omega^1(\mathbb{R}). \] By the coordinate formula, \[ dy = \frac{dy}{dx}\,dx = y'(x)\,dx. \] This is the precise relationship: \begin{itemize} \item $y
VII/05	1-form	YES	ALL_TEX_AND_FIGURES/tex/Downloads/theory-of-differential-geometry-1.tex	3334	Why $dy$ is a 1-form, and how it relates to $y'(x)=\frac{dy	lates to $y'(x)=\frac{dy}{dx}$} \paragraph{One-dimensional case ($M=\mathbb{R}$).} Let $x$ be the coordinate on $\mathbb{R}$ and let $y=y(x)$ be a smooth function. Then $y'(x)=\frac{dy}{dx}$ is a \emph{number} depending on $x$ (a $0$-form). The symbol $dy$ is the \emph{differential} of the function $y$, hence a \emph{1-form}: \[ dy = d(y) \in \Omega^1(\mathbb{R}). \] By the coordinate formula, \[ dy = \frac{dy}{dx}\,dx = y'(x)\,dx. \] This is the precise relationship: \begin{itemize} \item $y'(x)$ is a scalar function (a $0$-form), \item $dx$ is the basic 1-form on $\mathbb{R}$, \item $dy$ is a 1-form obtained as their product. \end{itemize} \paragraph{Evaluation on a tangent vector.} In $T_x\mathbb{R}$, the canonical basis vector is $\frac{\partial}{\partial x}\big|_x$. Evaluating $dy$ on it recovers the usual derivative:
VII/05	1-form	YES	ALL_TEX_AND_FIGURES/tex/Downloads/theory-of-differential-geometry-1.tex	3345	Why $dy$ is a 1-form, and how it relates to $y'(x)=\frac{dy	symbol $dy$ is the \emph{differential} of the function $y$, hence a \emph{1-form}: \[ dy = d(y) \in \Omega^1(\mathbb{R}). \] By the coordinate formula, \[ dy = \frac{dy}{dx}\,dx = y'(x)\,dx. \] This is the precise relationship: \begin{itemize} \item $y'(x)$ is a scalar function (a $0$-form), \item $dx$ is the basic 1-form on $\mathbb{R}$, \item $dy$ is a 1-form obtained as their product. \end{itemize} \paragraph{Evaluation on a tangent vector.} In $T_x\mathbb{R}$, the canonical basis vector is $\frac{\partial}{\partial x}\big|_x$. Evaluating $dy$ on it recovers the usual derivative: \[ dy\!\left(\frac{\partial}{\partial x}\right)=\frac{dy}{dx}=y'(x). \] More generally, if $v=a\,\frac{\partial}{\partial x}$, then \[ dy(v)=a\,y'(x). \] So \emph{a 1-form is something you feed a tangent vector to obtain a number.} \subsubsecti
VII/05	1-form	YES	ALL_TEX_AND_FIGURES/tex/Downloads/theory-of-differential-geometry-1.tex	3346	Why $dy$ is a 1-form, and how it relates to $y'(x)=\frac{dy	f the function $y$, hence a \emph{1-form}: \[ dy = d(y) \in \Omega^1(\mathbb{R}). \] By the coordinate formula, \[ dy = \frac{dy}{dx}\,dx = y'(x)\,dx. \] This is the precise relationship: \begin{itemize} \item $y'(x)$ is a scalar function (a $0$-form), \item $dx$ is the basic 1-form on $\mathbb{R}$, \item $dy$ is a 1-form obtained as their product. \end{itemize} \paragraph{Evaluation on a tangent vector.} In $T_x\mathbb{R}$, the canonical basis vector is $\frac{\partial}{\partial x}\big|_x$. Evaluating $dy$ on it recovers the usual derivative: \[ dy\!\left(\frac{\partial}{\partial x}\right)=\frac{dy}{dx}=y'(x). \] More generally, if $v=a\,\frac{\partial}{\partial x}$, then \[ dy(v)=a\,y'(x). \] So \emph{a 1-form is something you feed a tangent vector to obtain a number.} \subsubsection*{Differentials $dx$, $dy$ in $\mathbb{
VII/05	1-form	YES	ALL_TEX_AND_FIGURES/tex/Downloads/theory-of-differential-geometry-1.tex	3359	Why $dy$ is a 1-form, and how it relates to $y'(x)=\frac{dy	gent vector.} In $T_x\mathbb{R}$, the canonical basis vector is $\frac{\partial}{\partial x}\big|_x$. Evaluating $dy$ on it recovers the usual derivative: \[ dy\!\left(\frac{\partial}{\partial x}\right)=\frac{dy}{dx}=y'(x). \] More generally, if $v=a\,\frac{\partial}{\partial x}$, then \[ dy(v)=a\,y'(x). \] So \emph{a 1-form is something you feed a tangent vector to obtain a number.} \subsubsection*{Differentials $dx$, $dy$ in $\mathbb{R}^2$ and the meaning of $\frac{dy}{dx}$} \paragraph{Basic 1-forms on $\mathbb{R}^2$.} In $\mathbb{R}^2$ with coordinates $(x,y)$, the coordinate 1-forms $dx$ and $dy$ satisfy \[ dx\!\left(\frac{\partial}{\partial x}\right)=1,\quad dx\!\left(\frac{\partial}{\partial y}\right)=0, \qquad dy\!\left(\frac{\partial}{\partial x}\right)=0,\quad dy\!\left(\frac{\partial}{\partial y}\right)=1. \] A gener
VII/05	1-form	YES	ALL_TEX_AND_FIGURES/tex/Downloads/theory-of-differential-geometry-1.tex	3363	Differentials $dx$, $dy$ in $\mathbb{R	l}{\partial x}\right)=\frac{dy}{dx}=y'(x). \] More generally, if $v=a\,\frac{\partial}{\partial x}$, then \[ dy(v)=a\,y'(x). \] So \emph{a 1-form is something you feed a tangent vector to obtain a number.} \subsubsection*{Differentials $dx$, $dy$ in $\mathbb{R}^2$ and the meaning of $\frac{dy}{dx}$} \paragraph{Basic 1-forms on $\mathbb{R}^2$.} In $\mathbb{R}^2$ with coordinates $(x,y)$, the coordinate 1-forms $dx$ and $dy$ satisfy \[ dx\!\left(\frac{\partial}{\partial x}\right)=1,\quad dx\!\left(\frac{\partial}{\partial y}\right)=0, \qquad dy\!\left(\frac{\partial}{\partial x}\right)=0,\quad dy\!\left(\frac{\partial}{\partial y}\right)=1. \] A general 1-form is \[ \alpha = P(x,y)\,dx + Q(x,y)\,dy, \] and it acts on a tangent vector $v=v^x\frac{\partial}{\partial x}+v^y\frac{\partial}{\partial y}$ by \[ \alpha(v)=P(x,y)\,v^x +
VII/05	1-form	YES	ALL_TEX_AND_FIGURES/tex/Downloads/theory-of-differential-geometry-1.tex	3364	Differentials $dx$, $dy$ in $\mathbb{R	\partial x}$, then \[ dy(v)=a\,y'(x). \] So \emph{a 1-form is something you feed a tangent vector to obtain a number.} \subsubsection*{Differentials $dx$, $dy$ in $\mathbb{R}^2$ and the meaning of $\frac{dy}{dx}$} \paragraph{Basic 1-forms on $\mathbb{R}^2$.} In $\mathbb{R}^2$ with coordinates $(x,y)$, the coordinate 1-forms $dx$ and $dy$ satisfy \[ dx\!\left(\frac{\partial}{\partial x}\right)=1,\quad dx\!\left(\frac{\partial}{\partial y}\right)=0, \qquad dy\!\left(\frac{\partial}{\partial x}\right)=0,\quad dy\!\left(\frac{\partial}{\partial y}\right)=1. \] A general 1-form is \[ \alpha = P(x,y)\,dx + Q(x,y)\,dy, \] and it acts on a tangent vector $v=v^x\frac{\partial}{\partial x}+v^y\frac{\partial}{\partial y}$ by \[ \alpha(v)=P(x,y)\,v^x + Q(x,y)\,v^y. \] \paragraph{Differential of a function in $\mathbb{R}^2$.} If $f=f(x,y)
VII/05	1-form	YES	ALL_TEX_AND_FIGURES/tex/Downloads/theory-of-differential-geometry-1.tex	3370	Differentials $dx$, $dy$ in $\mathbb{R	^2$.} In $\mathbb{R}^2$ with coordinates $(x,y)$, the coordinate 1-forms $dx$ and $dy$ satisfy \[ dx\!\left(\frac{\partial}{\partial x}\right)=1,\quad dx\!\left(\frac{\partial}{\partial y}\right)=0, \qquad dy\!\left(\frac{\partial}{\partial x}\right)=0,\quad dy\!\left(\frac{\partial}{\partial y}\right)=1. \] A general 1-form is \[ \alpha = P(x,y)\,dx + Q(x,y)\,dy, \] and it acts on a tangent vector $v=v^x\frac{\partial}{\partial x}+v^y\frac{\partial}{\partial y}$ by \[ \alpha(v)=P(x,y)\,v^x + Q(x,y)\,v^y. \] \paragraph{Differential of a function in $\mathbb{R}^2$.} If $f=f(x,y)$ then \[ df=f_x\,dx+f_y\,dy. \] \paragraph{The ratio $\frac{dy}{dx}$ along a parametrized curve.} Let $\gamma(t)=(x(t),y(t))$ be a smooth curve with $x'(t)\neq 0$. Then $\gamma'(t)\in T_{\gamma(t)}\mathbb{R}^2$ and \[ dx(\gamma'(t))=\frac{d}{dt}(x(t))=x
VII/05	1-form	YES	ALL_TEX_AND_FIGURES/tex/Downloads/theory-of-differential-geometry-1.tex	3393	Differentials $dx$, $dy$ in $\mathbb{R	ratio $\frac{dy}{dx}$ along a parametrized curve.} Let $\gamma(t)=(x(t),y(t))$ be a smooth curve with $x'(t)\neq 0$. Then $\gamma'(t)\in T_{\gamma(t)}\mathbb{R}^2$ and \[ dx(\gamma'(t))=\frac{d}{dt}(x(t))=x'(t), \qquad dy(\gamma'(t))=\frac{d}{dt}(y(t))=y'(t). \] Hence the classical slope is the ratio of evaluations of 1-forms on the same tangent vector: \[ \frac{dy}{dx}\Big|_{\gamma(t)}=\frac{dy(\gamma'(t))}{dx(\gamma'(t))}=\frac{y'(t)}{x'(t)}. \] This explains conceptually why $dx$ and $dy$ are fundamental and $\frac{dy}{dx}$ is derived from them. \subsubsection*{How to build 1-forms directly from calculus data} \paragraph{Recipe for 1-forms.} In coordinates $(x^1,\dots,x^n)$, any expression of the form \[ \alpha = \sum_{i=1}^n a_i(x)\,dx^i \] is a 1-form, where the coefficients $a_i$ are smooth functions. \paragraph{Example
VII/05	1-form	YES	ALL_TEX_AND_FIGURES/tex/Downloads/theory-of-differential-geometry-1.tex	3399	How to build	nce the classical slope is the ratio of evaluations of 1-forms on the same tangent vector: \[ \frac{dy}{dx}\Big|_{\gamma(t)}=\frac{dy(\gamma'(t))}{dx(\gamma'(t))}=\frac{y'(t)}{x'(t)}. \] This explains conceptually why $dx$ and $dy$ are fundamental and $\frac{dy}{dx}$ is derived from them. \subsubsection*{How to build 1-forms directly from calculus data} \paragraph{Recipe for 1-forms.} In coordinates $(x^1,\dots,x^n)$, any expression of the form \[ \alpha = \sum_{i=1}^n a_i(x)\,dx^i \] is a 1-form, where the coefficients $a_i$ are smooth functions. \paragraph{Examples.} On $\mathbb{R}$: $\alpha=f(x)\,dx$. \\ On $\mathbb{R}^2$: $\alpha=P(x,y)\,dx+Q(x,y)\,dy$. \\ On $\mathbb{R}^3$: $\alpha = x\,dx+y\,dy+z\,dz$. \subsubsection*{How to build $p$-forms: wedge products} \paragraph{Wedge product and alternation.} Given 1-forms $\al
VII/05	1-form	YES	ALL_TEX_AND_FIGURES/tex/Downloads/theory-of-differential-geometry-1.tex	3401	How to build 1-forms directly from calculus data	ms on the same tangent vector: \[ \frac{dy}{dx}\Big|_{\gamma(t)}=\frac{dy(\gamma'(t))}{dx(\gamma'(t))}=\frac{y'(t)}{x'(t)}. \] This explains conceptually why $dx$ and $dy$ are fundamental and $\frac{dy}{dx}$ is derived from them. \subsubsection*{How to build 1-forms directly from calculus data} \paragraph{Recipe for 1-forms.} In coordinates $(x^1,\dots,x^n)$, any expression of the form \[ \alpha = \sum_{i=1}^n a_i(x)\,dx^i \] is a 1-form, where the coefficients $a_i$ are smooth functions. \paragraph{Examples.} On $\mathbb{R}$: $\alpha=f(x)\,dx$. \\ On $\mathbb{R}^2$: $\alpha=P(x,y)\,dx+Q(x,y)\,dy$. \\ On $\mathbb{R}^3$: $\alpha = x\,dx+y\,dy+z\,dz$. \subsubsection*{How to build $p$-forms: wedge products} \paragraph{Wedge product and alternation.} Given 1-forms $\alpha,\beta\in\Omega^1(M)$, their wedge product $\alpha\wedge\
VII/05	1-form	YES	ALL_TEX_AND_FIGURES/tex/Downloads/theory-of-differential-geometry-1.tex	3406	How to build 1-forms directly from calculus data	'(t)}. \] This explains conceptually why $dx$ and $dy$ are fundamental and $\frac{dy}{dx}$ is derived from them. \subsubsection*{How to build 1-forms directly from calculus data} \paragraph{Recipe for 1-forms.} In coordinates $(x^1,\dots,x^n)$, any expression of the form \[ \alpha = \sum_{i=1}^n a_i(x)\,dx^i \] is a 1-form, where the coefficients $a_i$ are smooth functions. \paragraph{Examples.} On $\mathbb{R}$: $\alpha=f(x)\,dx$. \\ On $\mathbb{R}^2$: $\alpha=P(x,y)\,dx+Q(x,y)\,dy$. \\ On $\mathbb{R}^3$: $\alpha = x\,dx+y\,dy+z\,dz$. \subsubsection*{How to build $p$-forms: wedge products} \paragraph{Wedge product and alternation.} Given 1-forms $\alpha,\beta\in\Omega^1(M)$, their wedge product $\alpha\wedge\beta\in\Omega^2(M)$ is an alternating bilinear form. It satisfies \[ \alpha\wedge\beta = -\,\beta\wedge\alpha,\qquad
VII/05	1-form	YES	ALL_TEX_AND_FIGURES/tex/Downloads/theory-of-differential-geometry-1.tex	3416	How to build $p$-forms: wedge products	re the coefficients $a_i$ are smooth functions. \paragraph{Examples.} On $\mathbb{R}$: $\alpha=f(x)\,dx$. \\ On $\mathbb{R}^2$: $\alpha=P(x,y)\,dx+Q(x,y)\,dy$. \\ On $\mathbb{R}^3$: $\alpha = x\,dx+y\,dy+z\,dz$. \subsubsection*{How to build $p$-forms: wedge products} \paragraph{Wedge product and alternation.} Given 1-forms $\alpha,\beta\in\Omega^1(M)$, their wedge product $\alpha\wedge\beta\in\Omega^2(M)$ is an alternating bilinear form. It satisfies \[ \alpha\wedge\beta = -\,\beta\wedge\alpha,\qquad \alpha\wedge\alpha=0. \] In coordinates, a basis for $p$-forms is given by wedges of the coordinate 1-forms: \[ dx^{i_1}\wedge\cdots\wedge dx^{i_p}\qquad (i_1<\cdots<i_p). \] \paragraph{Typical $2$-forms and $3$-forms in Euclidean space.} In $\mathbb{R}^2$, a general 2-form looks like \[ \omega = f(x,y)\,dx\wedge dy, \] and in $
VII/05	1-form	YES	ALL_TEX_AND_FIGURES/tex/Downloads/theory-of-differential-geometry-1.tex	3421	How to build $p$-forms: wedge products	roduct and alternation.} Given 1-forms $\alpha,\beta\in\Omega^1(M)$, their wedge product $\alpha\wedge\beta\in\Omega^2(M)$ is an alternating bilinear form. It satisfies \[ \alpha\wedge\beta = -\,\beta\wedge\alpha,\qquad \alpha\wedge\alpha=0. \] In coordinates, a basis for $p$-forms is given by wedges of the coordinate 1-forms: \[ dx^{i_1}\wedge\cdots\wedge dx^{i_p}\qquad (i_1<\cdots<i_p). \] \paragraph{Typical $2$-forms and $3$-forms in Euclidean space.} In $\mathbb{R}^2$, a general 2-form looks like \[ \omega = f(x,y)\,dx\wedge dy, \] and in $\mathbb{R}^3$, a general 3-form looks like \[ \eta = g(x,y,z)\,dx\wedge dy\wedge dz. \] The 2-form $dx\wedge dy$ represents oriented area density in the plane, and $dx\wedge dy\wedge dz$ represents oriented volume density in $\mathbb{R}^3$. \subsubsection*{A fundamental example: $du\wedg
VII/05	1-form	YES	ALL_TEX_AND_FIGURES/tex/Downloads/theory-of-differential-geometry-1.tex	3441	A fundamental example: $du\wedge dv$ and the Jacobian determinant	sity in the plane, and $dx\wedge dy\wedge dz$ represents oriented volume density in $\mathbb{R}^3$. \subsubsection*{A fundamental example: $du\wedge dv$ and the Jacobian determinant} \paragraph{Two functions define a 2-form.} Let $u=u(x,y)$ and $v=v(x,y)$ be smooth functions on $\mathbb{R}^2$. Then $du$ and $dv$ are 1-forms and $du\wedge dv$ is a 2-form. Compute in coordinates: \[ du=u_x\,dx+u_y\,dy,\qquad dv=v_x\,dx+v_y\,dy. \] Then \begin{align*} du\wedge dv &=(u_x\,dx+u_y\,dy)\wedge(v_x\,dx+v_y\,dy) \\ &=u_xv_y\,dx\wedge dy + u_yv_x\,dy\wedge dx \\ &=(u_xv_y-u_yv_x)\,dx\wedge dy. \end{align*} The coefficient $u_xv_y-u_yv_x$ is the Jacobian determinant \[ \det\begin{pmatrix}u_x & u_y\\ v_x & v_y\end{pmatrix}. \] Thus wedge products naturally produce determinants, which is why differential forms encode change-of-variable
VII/05	1-form	YES	ALL_TEX_AND_FIGURES/tex/Downloads/theory-of-differential-geometry-1.tex	3464	Pullback viewpoint: forms along curves and surfaces	obian determinant \[ \det\begin{pmatrix}u_x & u_y\\ v_x & v_y\end{pmatrix}. \] Thus wedge products naturally produce determinants, which is why differential forms encode change-of-variables and orientation very efficiently. \subsubsection*{Pullback viewpoint: forms along curves and surfaces} \paragraph{Pullback of a 1-form to a curve (line integrals).} If $\alpha$ is a 1-form on $M$ and $\gamma:[a,b]\to M$ is a smooth curve, then $\gamma^*\alpha$ is a 1-form on $[a,b]$, hence of the form $h(t)\,dt$, and we define \[ \int_\gamma \alpha := \int_a^b \gamma^*\alpha. \] In $\mathbb{R}^2$, for $\alpha=P\,dx+Q\,dy$ and $\gamma(t)=(x(t),y(t))$, \[ \gamma^*\alpha = \big(P(x(t),y(t))x'(t)+Q(x(t),y(t))y'(t)\big)\,dt, \] so \[ \int_\gamma \alpha = \int_a^b \big(P(x(t),y(t))x'(t)+Q(x(t),y(t))y'(t)\big)\,dt. \] \paragraph{Pullback of a 2-f
VII/05	1-form	YES	ALL_TEX_AND_FIGURES/tex/Downloads/theory-of-differential-geometry-1.tex	3465	Pullback viewpoint: forms along curves and surfaces	x & v_y\end{pmatrix}. \] Thus wedge products naturally produce determinants, which is why differential forms encode change-of-variables and orientation very efficiently. \subsubsection*{Pullback viewpoint: forms along curves and surfaces} \paragraph{Pullback of a 1-form to a curve (line integrals).} If $\alpha$ is a 1-form on $M$ and $\gamma:[a,b]\to M$ is a smooth curve, then $\gamma^*\alpha$ is a 1-form on $[a,b]$, hence of the form $h(t)\,dt$, and we define \[ \int_\gamma \alpha := \int_a^b \gamma^*\alpha. \] In $\mathbb{R}^2$, for $\alpha=P\,dx+Q\,dy$ and $\gamma(t)=(x(t),y(t))$, \[ \gamma^*\alpha = \big(P(x(t),y(t))x'(t)+Q(x(t),y(t))y'(t)\big)\,dt, \] so \[ \int_\gamma \alpha = \int_a^b \big(P(x(t),y(t))x'(t)+Q(x(t),y(t))y'(t)\big)\,dt. \] \paragraph{Pullback of a 2-form to a parametrized surface.} If $\omega$ is a 2-for
VII/05	1-form	YES	ALL_TEX_AND_FIGURES/tex/Downloads/theory-of-differential-geometry-1.tex	3485	Exterior derivative in degree 1 and Green/Stokes link (calculus to geometry)	} If $\omega$ is a 2-form on $\mathbb{R}^3$ and $F:U\subset\mathbb{R}^2\to \mathbb{R}^3$ parametrizes a surface, then $F^*\omega$ is a 2-form on $U$ and can be integrated over $U$. \subsubsection*{Exterior derivative in degree 1 and Green/Stokes link (calculus to geometry)} \paragraph{Exterior derivative of a planar 1-form.} Let $\alpha=P\,dx+Q\,dy$ on an open set in $\mathbb{R}^2$. Then \[ d\alpha = \left(\frac{\partial Q}{\partial x}-\frac{\partial P}{\partial y}\right)\,dx\wedge dy. \] This is a coordinate computation using $d(dx)=d(dy)=0$ and the product rule. \paragraph{Stokes' theorem (Green's theorem as a special case).} If $\Omega\subset\mathbb{R}^2$ is a compact region with smooth boundary $\partial\Omega$ (or, more generally, a compact oriented $2$-manifold-with-boundary), Stokes' theorem states \[ \int_{\partial\Om
VII/05	1-form	YES	ALL_TEX_AND_FIGURES/tex/Downloads/theory-of-differential-geometry-1.tex	3568	(A) Spherical coordinates $(\theta,\phi)$	is from the parametrization.} At $p=F(\theta,\phi)$, the partial derivatives span the tangent plane: \[ F_\theta(\theta,\phi),\quad F_\phi(\theta,\phi)\ \in\ T_{F(\theta,\phi)}S^2, \] and (away from the poles) they form a basis of $T_{F(\theta,\phi)}S^2$. \paragraph{Forms in spherical coordinates.} On this chart, any 1-form can be written as \[ \alpha = A(\theta,\phi)\,d\theta + B(\theta,\phi)\,d\phi, \] and any 2-form as \[ \omega = f(\theta,\phi)\,d\theta\wedge d\phi. \] The standard area form on the unit sphere is \[ \omega_{S^2}=\sin\theta\,d\theta\wedge d\phi, \qquad \int_{S^2}\omega_{S^2}=4\pi. \] \subsection*{(B) Stereographic coordinates $(u,v)$ (charts covering $S^2$ by two maps)} \paragraph{Stereographic projection from the north pole.} Let $N=(0,0,1)$. The stereographic projection from $N$ maps \[ \pi_N:S^2\setminu
VII/05	1-form	YES	ALL_TEX_AND_FIGURES/tex/Downloads/theory-of-differential-geometry-1.tex	5088	(A) Spherical coordinates $(\theta,\phi)$	the parametrization.} At $p=F(\theta,\phi)$, the partial derivatives span the tangent plane: \[ F_\theta(\theta,\phi),\quad F_\phi(\theta,\phi)\ \in\ T_{F(\theta,\phi)}S^2, \] and (away from the poles) they form a basis of $T_{F(\theta,\phi)}S^2$. \paragraph{Forms in spherical coordinates.} On this chart, any 1-form can be written as \[ \alpha = A(\theta,\phi)\,d\theta + B(\theta,\phi)\,d\phi, \] and any 2-form as \[ \omega = f(\theta,\phi)\,d\theta\wedge d\phi. \] The standard area form on the unit sphere is \[ \omega_{S^2}=\sin\theta\,d\theta\wedge d\phi, \qquad \int_{S^2}\omega_{S^2}=4\pi. \] \subsection*{(B) Stereographic coordinates $(u,v)$ (charts covering $S^2$ by two maps)} \paragraph{Stereographic projection from the north pole.} Let $N=(0,0,1)$. The stereographic projection from $N$ maps \
VII/05	1-form	YES	ALL_TEX_AND_FIGURES/tex/Downloads/theory-of-differential-geometry-1.tex	5256	Problem 9: Green's theorem via Stokes' theorem (pullback of a	n$ for which $\mathbb{RP}^n$ is orientable. You may assume without proof that $\pi$ is locally a diffeomorphism. \item[(c)] By combining these ideas with Q5 and Q7, compute $H^n_{\mathrm{dR}}(\mathbb{RP}^n)$ for all $n$. \end{enumerate} \subsection*{Problem 9: Green's theorem via Stokes' theorem (pullback of a 1-form)} Let $\Sigma$ be a compact $2$-manifold-with-boundary, let $F : \Sigma \to \mathbb{R}^2$ be a smooth map, and let $\alpha$ be the $1$-form $P\,dx + Q\,dy$ on $\mathbb{R}^2$ (where $P$ and $Q$ are smooth functions). Prove a version of Green's theorem by applying Stokes to $F^{*}\alpha$. \end{document}
VII/11	green's theorem	YES	ALL_TEX_AND_FIGURES/tex/Downloads/theory-of-differential-geometry-1.tex	3271	Exterior derivative and the Green/Stokes connection	$ and $dQ=Q_x\,dx+Q_y\,dy$ gives \[ d\alpha = (P_x\,dx+P_y\,dy)\wedge dx + (Q_x\,dx+Q_y\,dy)\wedge dy = P_y\,dy\wedge dx + Q_x\,dx\wedge dy. \] Since $dy\wedge dx=-dx\wedge dy$, we obtain \[ d\alpha = \left(\frac{\partial Q}{\partial x}-\frac{\partial P}{\partial y}\right)\,dx\wedge dy. \] \paragraph{Stokes' theorem (Green's theorem as a special case).} If $\Omega\subset\mathbb{R}^2$ is a compact region with smooth boundary $\partial\Omega$ (or more generally a compact oriented $2$-manifold-with-boundary), Stokes' theorem says \[ \int_{\partial\Omega}\alpha = \int_{\Omega} d\alpha. \] With the formula above for $d\alpha$, this becomes the classical Green's theorem: \[ \int_{\partial\Omega} (P\,dx+Q\,dy) = \int_{\Omega} \left(\frac{\partial Q}{\partial x}-\frac{\partial P}{\partial y}\right)\,dx\,dy. \] % ======================
VII/11	green's theorem	YES	ALL_TEX_AND_FIGURES/tex/Downloads/theory-of-differential-geometry-1.tex	3278	Exterior derivative and the Green/Stokes connection	a special case).} If $\Omega\subset\mathbb{R}^2$ is a compact region with smooth boundary $\partial\Omega$ (or more generally a compact oriented $2$-manifold-with-boundary), Stokes' theorem says \[ \int_{\partial\Omega}\alpha = \int_{\Omega} d\alpha. \] With the formula above for $d\alpha$, this becomes the classical Green's theorem: \[ \int_{\partial\Omega} (P\,dx+Q\,dy) = \int_{\Omega} \left(\frac{\partial Q}{\partial x}-\frac{\partial P}{\partial y}\right)\,dx\,dy. \] % ============================================================ % Calculus vs differential forms: dy, y'(x), building 1-forms and p-forms % Extended explanation + many examples + pullback viewpoint % ============================================================ \subsection*{From calculus to differential forms: $dy$, $y'(x)=\frac{dy}{dx}$, and building $1$- and
VII/11	green's theorem	YES	ALL_TEX_AND_FIGURES/tex/Downloads/theory-of-differential-geometry-1.tex	3492	Exterior derivative in degree 1 and Green/Stokes link (calculus to geometry)	graph{Exterior derivative of a planar 1-form.} Let $\alpha=P\,dx+Q\,dy$ on an open set in $\mathbb{R}^2$. Then \[ d\alpha = \left(\frac{\partial Q}{\partial x}-\frac{\partial P}{\partial y}\right)\,dx\wedge dy. \] This is a coordinate computation using $d(dx)=d(dy)=0$ and the product rule. \paragraph{Stokes' theorem (Green's theorem as a special case).} If $\Omega\subset\mathbb{R}^2$ is a compact region with smooth boundary $\partial\Omega$ (or, more generally, a compact oriented $2$-manifold-with-boundary), Stokes' theorem states \[ \int_{\partial\Omega}\alpha = \int_{\Omega} d\alpha. \] Substituting the formula for $d\alpha$ yields the classical Green's theorem: \[ \int_{\partial\Omega} (P\,dx+Q\,dy) = \int_{\Omega} \left(\frac{\partial Q}{\partial x}-\frac{\partial P}{\partial y}\right)\,dx\,dy. \] \subsubsection*{Summary (
VII/11	green's theorem	YES	ALL_TEX_AND_FIGURES/tex/Downloads/theory-of-differential-geometry-1.tex	3498	Exterior derivative in degree 1 and Green/Stokes link (calculus to geometry)	s a special case).} If $\Omega\subset\mathbb{R}^2$ is a compact region with smooth boundary $\partial\Omega$ (or, more generally, a compact oriented $2$-manifold-with-boundary), Stokes' theorem states \[ \int_{\partial\Omega}\alpha = \int_{\Omega} d\alpha. \] Substituting the formula for $d\alpha$ yields the classical Green's theorem: \[ \int_{\partial\Omega} (P\,dx+Q\,dy) = \int_{\Omega} \left(\frac{\partial Q}{\partial x}-\frac{\partial P}{\partial y}\right)\,dx\,dy. \] \subsubsection*{Summary (calculus dictionary)} \begin{itemize} \item A function $f$ is a $0$-form. \item Its differential $df$ is a $1$-form. \item In one variable, $dy = y'(x)\,dx$ and $y'(x)=dy\!\left(\frac{\partial}{\partial x}\right)$. \item A general $1$-form looks like $\sum a_i\,dx^i$ and integrates along curves. \item A general $p$-form is built f
VII/11	green's theorem	YES	ALL_TEX_AND_FIGURES/tex/Downloads/theory-of-differential-geometry-1.tex	3512	Summary (calculus dictionary)	rtial x}\right)$. \item A general $1$-form looks like $\sum a_i\,dx^i$ and integrates along curves. \item A general $p$-form is built from wedge products of $1$-forms and integrates over $p$-dimensional oriented domains. \item Wedge products encode determinants (Jacobians), and $d(Pdx+Qdy)$ encodes the curl term in Green's theorem. \end{itemize} % ============================================================ % Sphere S^2: tangent spaces, charts/coordinates, and forms % + simple TikZ charts % ============================================================ \subsection*{The sphere $S^2$: tangent spaces and local coordinates (charts)} \paragraph{Sphere as a submanifold of $\mathbb{R}^3$.} Consider the unit sphere \[ S^2=\{(x,y,z)\in\mathbb{R}^3:\ x^2+y^2+z^2=1\}. \] It is a smooth $2$-dimensional manifold embedded in $\mathbb{R}
VII/11	green's theorem	YES	ALL_TEX_AND_FIGURES/tex/Downloads/theory-of-differential-geometry-1.tex	5256	Problem 9:	\pi: S^n \to \mathbb{RP}^n$, deduce the values of $n$ for which $\mathbb{RP}^n$ is orientable. You may assume without proof that $\pi$ is locally a diffeomorphism. \item[(c)] By combining these ideas with Q5 and Q7, compute $H^n_{\mathrm{dR}}(\mathbb{RP}^n)$ for all $n$. \end{enumerate} \subsection*{Problem 9: Green's theorem via Stokes' theorem (pullback of a 1-form)} Let $\Sigma$ be a compact $2$-manifold-with-boundary, let $F : \Sigma \to \mathbb{R}^2$ be a smooth map, and let $\alpha$ be the $1$-form $P\,dx + Q\,dy$ on $\mathbb{R}^2$ (where $P$ and $Q$ are smooth functions). Prove a version of Green's theorem by applying Stokes to $F^{*}\alpha$. \end{document}
VII/11	green's theorem	YES	ALL_TEX_AND_FIGURES/tex/Downloads/theory-of-differential-geometry-1.tex	5259	Problem 9: Green's theorem via Stokes' theorem (pullback of a 1-form)	\subsection*{Problem 9: Green's theorem via Stokes' theorem (pullback of a 1-form)} Let $\Sigma$ be a compact $2$-manifold-with-boundary, let $F : \Sigma \to \mathbb{R}^2$ be a smooth map, and let $\alpha$ be the $1$-form $P\,dx + Q\,dy$ on $\mathbb{R}^2$ (where $P$ and $Q$ are smooth functions). Prove a version of Green's theorem by applying Stokes to $F^{*}\alpha$. \end{document}
VII/14	parametrized surface	YES	ALL_TEX_AND_FIGURES/tex/Downloads/theory-of-differential-geometry-1.tex	3479	Pullback viewpoint: forms along curves and surfaces	\gamma \alpha := \int_a^b \gamma^*\alpha. \] In $\mathbb{R}^2$, for $\alpha=P\,dx+Q\,dy$ and $\gamma(t)=(x(t),y(t))$, \[ \gamma^*\alpha = \big(P(x(t),y(t))x'(t)+Q(x(t),y(t))y'(t)\big)\,dt, \] so \[ \int_\gamma \alpha = \int_a^b \big(P(x(t),y(t))x'(t)+Q(x(t),y(t))y'(t)\big)\,dt. \] \paragraph{Pullback of a 2-form to a parametrized surface.} If $\omega$ is a 2-form on $\mathbb{R}^3$ and $F:U\subset\mathbb{R}^2\to \mathbb{R}^3$ parametrizes a surface, then $F^*\omega$ is a 2-form on $U$ and can be integrated over $U$. \subsubsection*{Exterior derivative in degree 1 and Green/Stokes link (calculus to geometry)} \paragraph{Exterior derivative of a planar 1-form.} Let $\alpha=P\,dx+Q\,dy$ on an open set in $\mathbb{R}^2$. Then \[ d\alpha = \left(\frac{\partial Q}{\partial x}-\frac{\partial P}{\partial y}\right)\,dx\wedge dy. \] Thi
VII/05	1-form	YES	ALL_TEX_AND_FIGURES/tex/Downloads/theory-of-differential-geometry-2.tex	412	(A) Spherical coordinates $(\theta,\phi)$	the parametrization.} At $p=F(\theta,\phi)$, the partial derivatives span the tangent plane: \[ F_\theta(\theta,\phi),\quad F_\phi(\theta,\phi)\ \in\ T_{F(\theta,\phi)}S^2, \] and (away from the poles) they form a basis of $T_{F(\theta,\phi)}S^2$. \paragraph{Forms in spherical coordinates.} On this chart, any 1-form can be written as \[ \alpha = A(\theta,\phi)\,d\theta + B(\theta,\phi)\,d\phi, \] and any 2-form as \[ \omega = f(\theta,\phi)\,d\theta\wedge d\phi. \] The standard area form on the unit sphere is \[ \omega_{S^2}=\sin\theta\,d\theta\wedge d\phi, \qquad \int_{S^2}\omega_{S^2}=4\pi. \] \subsection*{(B) Stereographic coordinates $(u,v)$ (charts covering $S^2$ by two maps)} \paragraph{Stereographic projection from the north pole.} Let $N=(0,0,1)$. The stereographic projection from $N$ maps \
VII/05	1-form	YES	ALL_TEX_AND_FIGURES/tex/Downloads/theory-of-differential-geometry-2.tex	714	Problem 9: Green's theorem via Stokes' theorem (pullback of a	es} \] Equivalently, for all $k$, \[ H^k_{\mathrm{dR}}(\mathbb{RP}^n)\cong \begin{cases} \mathbb{R}, & k=0,\\ 0, & 0<k<n,\\ \mathbb{R}, & k=n \text{ and } n \text{ odd},\\ 0, & k=n \text{ and } n \text{ even}. \end{cases} \] \subsection*{Problem 9: Green's theorem via Stokes' theorem (pullback of a 1-form)} Let $\Sigma$ be a compact $2$-manifold-with-boundary, let $F : \Sigma \to \mathbb{R}^2$ be a smooth map, and let $\alpha$ be the $1$-form $P\,dx + Q\,dy$ on $\mathbb{R}^2$ (where $P$ and $Q$ are smooth functions). Prove a version of Green's theorem by applying Stokes to $F^{*}\alpha$. \bigskip \textbf{Problem 9. Green's theorem via Stokes' theorem (pullback of a $1$-form)} \textbf{Solution.} Let $\Sigma$ be a compact oriented $2$-manifold with boundary, let $F:\Sigma\to\mathbb{R}^2$ be smooth,
VII/05	1-form	YES	ALL_TEX_AND_FIGURES/tex/Downloads/theory-of-differential-geometry-2.tex	1658	Theory for Problem 11 (Maurer--Cartan form and structure equations)	urer--Cartan form.} The (left) Maurer--Cartan form is the $\mathfrak g$-valued $1$-form \[ \theta\in\Omega^1(G;\mathfrak g),\qquad \theta_g:=(dL_{g^{-1}})_g:T_gG\to\mathfrak g. \] It satisfies $(L_h)^*\theta=\theta$ and $\theta_e=\mathrm{id}_{\mathfrak g}$. For matrix groups, $\theta=g^{-1}dg$. \textbf{Left-invariant 1-forms.} A $1$-form $\alpha$ is left-invariant if $(L_h)^*\alpha=\alpha$ for all $h$. Left-invariant $1$-forms correspond to $\mathfrak g^*$ via $\alpha_g(v)=\lambda(\theta_g(v))$ for $\lambda\in\mathfrak g^*$. \textbf{Structure constants and components.} Choose a basis $\{e_i\}$ of $\mathfrak g$ and dual left-invariant forms $\{\omega^i\}$. If $[e_i,e_j]=\sum_k c_{ij}^k e_k$, then \[ d\omega^k=-\frac12\sum_{i,j} c_{ij}^k\,\omega^i\wedge\omega^j. \] \textbf{Maurer--Cartan equation.} In $\mathfrak g$-valued form,
VII/11	green's theorem	YES	ALL_TEX_AND_FIGURES/tex/Downloads/theory-of-differential-geometry-2.tex	714	Problem 9:	& n \text{ odd},\\ 0, & n \text{ even}. \end{cases} \] Equivalently, for all $k$, \[ H^k_{\mathrm{dR}}(\mathbb{RP}^n)\cong \begin{cases} \mathbb{R}, & k=0,\\ 0, & 0<k<n,\\ \mathbb{R}, & k=n \text{ and } n \text{ odd},\\ 0, & k=n \text{ and } n \text{ even}. \end{cases} \] \subsection*{Problem 9: Green's theorem via Stokes' theorem (pullback of a 1-form)} Let $\Sigma$ be a compact $2$-manifold-with-boundary, let $F : \Sigma \to \mathbb{R}^2$ be a smooth map, and let $\alpha$ be the $1$-form $P\,dx + Q\,dy$ on $\mathbb{R}^2$ (where $P$ and $Q$ are smooth functions). Prove a version of Green's theorem by applying Stokes to $F^{*}\alpha$. \bigskip \textbf{Problem 9. Green's theorem via Stokes' theorem (pullback of a $1$-form)} \textbf{Solution.} Let $\Sigma$ be a compact oriented $2$-manifold with
VII/11	green's theorem	YES	ALL_TEX_AND_FIGURES/tex/Downloads/theory-of-differential-geometry-2.tex	717	Problem 9: Green's theorem via Stokes' theorem (pullback of a 1-form)	\subsection*{Problem 9: Green's theorem via Stokes' theorem (pullback of a 1-form)} Let $\Sigma$ be a compact $2$-manifold-with-boundary, let $F : \Sigma \to \mathbb{R}^2$ be a smooth map, and let $\alpha$ be the $1$-form $P\,dx + Q\,dy$ on $\mathbb{R}^2$ (where $P$ and $Q$ are smooth functions). Prove a version of Green's theorem by applying Stokes to $F^{*}\alpha$. \bigskip \textbf{Problem 9. Green's theorem via Stokes' theorem (pullback of a $1$-form)} \textbf{Solution.} Let $\Sigma$ be a compact oriented $2$-manifold with boundary, let $F:\Sigma\to\mathbb{R}^2$ be smooth, and let \[ \alpha = P\,dx + Q\,dy \] be a $1$-form on $\mathbb{R}^2$, where $P,Q$ are smooth functions. Apply Stokes' theorem to the pulled-back $1$-form $F^*\alpha$ on $\Sigma$: \[ \int_{\partial\Sigma} F^*\alpha = \int_{\Sigma} d(F
VII/11	green's theorem	YES	ALL_TEX_AND_FIGURES/tex/Downloads/theory-of-differential-geometry-2.tex	721	Problem 9: Green's theorem via Stokes' theorem (pullback of a 1-form)	t $\Sigma$ be a compact $2$-manifold-with-boundary, let $F : \Sigma \to \mathbb{R}^2$ be a smooth map, and let $\alpha$ be the $1$-form $P\,dx + Q\,dy$ on $\mathbb{R}^2$ (where $P$ and $Q$ are smooth functions). Prove a version of Green's theorem by applying Stokes to $F^{*}\alpha$. \bigskip \textbf{Problem 9. Green's theorem via Stokes' theorem (pullback of a $1$-form)} \textbf{Solution.} Let $\Sigma$ be a compact oriented $2$-manifold with boundary, let $F:\Sigma\to\mathbb{R}^2$ be smooth, and let \[ \alpha = P\,dx + Q\,dy \] be a $1$-form on $\mathbb{R}^2$, where $P,Q$ are smooth functions. Apply Stokes' theorem to the pulled-back $1$-form $F^*\alpha$ on $\Sigma$: \[ \int_{\partial\Sigma} F^*\alpha = \int_{\Sigma} d(F^*\alpha). \] Using naturality of the exterior derivative ($d\circ F^* = F^*\circ d$)
VII/11	green's theorem	YES	ALL_TEX_AND_FIGURES/tex/Downloads/theory-of-differential-geometry-2.tex	776	Problem 9: Green's theorem via Stokes' theorem (pullback of a 1-form)	ves the Green/Stokes identity: \[ \int_{\partial\Sigma}\Big( (P\circ F)\,du + (Q\circ F)\,dv\Big) = \int_{\Sigma} \Big(\big(\tfrac{\partial Q}{\partial x}-\tfrac{\partial P}{\partial y}\big)\circ F\Big)\,du\wedge dv. \] When $\Sigma\subset\mathbb{R}^2$ and $F$ is the inclusion map, this reduces to the classical Green's theorem. \subsection*{Problem 10*. Hairy ball theorem via antipodal map and de Rham cohomology} \textbf{Statement.} For even $n>2$ there is no nowhere-zero tangent vector field on $S^n$. Prove this by: (a) showing that a nowhere-zero tangent field on $S^n$ induces a homotopy from $\mathrm{id}_{S^n}$ to the antipodal map, and (b) using de Rham cohomology to show that no such homotopy exists. \textbf{Solution.} \textbf{(a)} Assume there exists a nowhere-zero tangent vector field $V$ on $S^n$. Define th
VII/22	levi-civita	YES	ALL_TEX_AND_FIGURES/tex/Downloads/theory-of-differential-geometry-2.tex	2271	Problem 7 (Coordinates: $\nabla g$, torsion, Lie derivative, and geodesics)	with an arbitrary connection whose local connection $1$-forms have components $\Gamma^i{}_{jk}$. \[ \text{(a) Find coordinate expressions for } \nabla g \text{ and the torsion } T, \text{ and deduce } \Gamma_{kij}=\frac12(\partial_i g_{kj}+\partial_j g_{ik}-\partial_k g_{ij}). \] Now assume that the connection is the Levi-Civita connection. \[ \text{(b) Given a vector field } v \text{ on } X,\text{ show } (\mathcal{L}_v g)_{ij}=\partial_i(g_{kj}v^k)+\partial_j(g_{ik}v^k)-v^k\Gamma_{kij}. \] \[ \text{(c) If } \gamma \text{ is stationary for } E(\gamma)=\int_0^1 g(\dot\gamma,\dot\gamma)\,dt,\text{ show } \ddot\gamma^k+\Gamma^k{}_{ij}\dot\gamma^i\dot\gamma^j=0. \] \textbf{Solution.} \textbf{(a)} In coordinates $(x^i)$ define \[ \nabla_{\partial_i}\partial_j \;=\;\Gamma^k{}_{ij}\,\partial_k. \] Let \[ g_{ij}\;=\;g(\partial_i,\par
VII/22	levi-civita	YES	ALL_TEX_AND_FIGURES/tex/Downloads/theory-of-differential-geometry-2.tex	2308	Problem 7 (Coordinates: $\nabla g$, torsion, Lie derivative, and geodesics)	,\partial_k. \] Let \[ g_{ij}\;=\;g(\partial_i,\partial_j). \] Then \[ (\nabla_k g)_{ij} \;=\; \partial_k g_{ij} \;-\; \Gamma^\ell{}_{ki}\,g_{\ell j} \;-\; \Gamma^\ell{}_{kj}\,g_{i\ell}. \] The torsion tensor has components (since $[\partial_i,\partial_j]=0$) \[ T^k{}_{ij} \;=\; \Gamma^k{}_{ij}-\Gamma^k{}_{ji}. \] For Levi-Civita we impose \[ (\nabla_k g)_{ij}=0 \] and \[ T^k{}_{ij}=0. \] Define \[ \Gamma_{kij}\;=\;g_{k\ell}\Gamma^\ell{}_{ij}. \] Then one obtains the Christoffel formula \[ \Gamma_{kij} \;=\; \frac12\Bigl(\partial_i g_{kj}+\partial_j g_{ik}-\partial_k g_{ij}\Bigr). \] \textbf{(b)} For Levi-Civita, \[ (\mathcal{L}_v g)_{ij} \;=\; \nabla_i v_j+\nabla_j v_i. \] With \[ v\;=\;v^k\partial_k \] and \[ v_j\;=\;g_{jk}v^k, \] we have \[ \nabla_i v_j \;=\; \partial_i(g_{jk}v^k)-v^k\Gamma_{kij}. \] Similarly, \[ \nabla_j v
VII/22	levi-civita	YES	ALL_TEX_AND_FIGURES/tex/Downloads/theory-of-differential-geometry-2.tex	2328	Problem 7 (Coordinates: $\nabla g$, torsion, Lie derivative, and geodesics)	}_{ij}-\Gamma^k{}_{ji}. \] For Levi-Civita we impose \[ (\nabla_k g)_{ij}=0 \] and \[ T^k{}_{ij}=0. \] Define \[ \Gamma_{kij}\;=\;g_{k\ell}\Gamma^\ell{}_{ij}. \] Then one obtains the Christoffel formula \[ \Gamma_{kij} \;=\; \frac12\Bigl(\partial_i g_{kj}+\partial_j g_{ik}-\partial_k g_{ij}\Bigr). \] \textbf{(b)} For Levi-Civita, \[ (\mathcal{L}_v g)_{ij} \;=\; \nabla_i v_j+\nabla_j v_i. \] With \[ v\;=\;v^k\partial_k \] and \[ v_j\;=\;g_{jk}v^k, \] we have \[ \nabla_i v_j \;=\; \partial_i(g_{jk}v^k)-v^k\Gamma_{kij}. \] Similarly, \[ \nabla_j v_i \;=\; \partial_j(g_{ik}v^k)-v^k\Gamma_{kji}. \] Since Levi-Civita has $\Gamma_{kij}=\Gamma_{kji}$, the resulting identity is \[ (\mathcal{L}_v g)_{ij} \;=\; \partial_i(g_{kj}v^k)+\partial_j(g_{ik}v^k)-2\,v^k\Gamma_{kij}. \] (If one defines $\widetilde\Gamma_{kij}:=2\Gamma_{kij}$, this
VII/22	levi-civita	YES	ALL_TEX_AND_FIGURES/tex/Downloads/theory-of-differential-geometry-2.tex	2354	Problem 7 (Coordinates: $\nabla g$, torsion, Lie derivative, and geodesics)	ij}\Bigr). \] \textbf{(b)} For Levi-Civita, \[ (\mathcal{L}_v g)_{ij} \;=\; \nabla_i v_j+\nabla_j v_i. \] With \[ v\;=\;v^k\partial_k \] and \[ v_j\;=\;g_{jk}v^k, \] we have \[ \nabla_i v_j \;=\; \partial_i(g_{jk}v^k)-v^k\Gamma_{kij}. \] Similarly, \[ \nabla_j v_i \;=\; \partial_j(g_{ik}v^k)-v^k\Gamma_{kji}. \] Since Levi-Civita has $\Gamma_{kij}=\Gamma_{kji}$, the resulting identity is \[ (\mathcal{L}_v g)_{ij} \;=\; \partial_i(g_{kj}v^k)+\partial_j(g_{ik}v^k)-2\,v^k\Gamma_{kij}. \] (If one defines $\widetilde\Gamma_{kij}:=2\Gamma_{kij}$, this matches the statement with coefficient $1$.) \textbf{(c)} Let $\gamma_s(t)$ be a variation with fixed endpoints and variational field \[ W(t)\;=\;\left.\frac{\partial}{\partial s}\right|_{s=0}\gamma_s(t), \qquad W(0)=W(1)=0. \] Then \[ \left.\frac{d}{ds}\right|_{s=0}E(\gamma_s) \;=\; 2\
VII/22	koszul formula	YES	ALL_TEX_AND_FIGURES/tex/Downloads/theory-of-differential-geometry-2.tex	2612	Extended theory for Problem 8 — Connections, torsion, curvature, and flatness	\] where \[ R^{\ell}{}_{kij} = \partial_i\Gamma^\ell_{jk} - \partial_j\Gamma^\ell_{ik} + \Gamma^\ell_{im}\Gamma^m_{jk} - \Gamma^\ell_{jm}\Gamma^m_{ik}. \] \textbf{Levi--Civita connection.} On a Riemannian manifold $(X,g)$ there is a unique connection satisfying \[ \nabla g=0, \] \[ T=0. \] It is characterized by the Koszul formula \[ 2g(\nabla_u v,w) = u\,g(v,w)+v\,g(u,w)-w\,g(u,v) + g([u,v],w)-g([u,w],v)-g([v,w],u). \] \textbf{Flatness.} A Riemannian manifold is \emph{flat} if \[ R=0. \] On a contractible neighborhood, $R=0$ implies parallel transport is path-independent, hence there exist local fields $E_i$ such that \[ \nabla E_i=0. \] Metric compatibility implies \[ g(E_i,E_j)=\delta_{ij}. \] If $T=0$, then \[ 0=T(E_i,E_j)=\nabla_{E_i}E_j-\nabla_{E_j}E_i-[E_i,E_j], \] and therefore \[ [E_i,E_j]=0. \] Commuting frames aris
VII/26	riemann curvature	YES	ALL_TEX_AND_FIGURES/tex/Downloads/theory-of-differential-geometry-2.tex	2415	Problem 8(b) — Vanishing curvature and Euclidean coordinates	rdinate patches on which \[ g=\sum_i (dx^i)^2. \] Such a metric is called \emph{flat}. \textit{Hint:} Use the fact that if $\{v_i\}$ is a flat fibrewise basis of vector fields, then $v_i$ arises as coordinate vector fields $\partial_{x^i}$ iff $[v_i,v_j]=0$ for all $i,j$. \textbf{Solution.} $(\Rightarrow)$ Assume the Riemann curvature tensor $R$ of the Levi--Civita connection $\nabla$ is zero. Let $U\subset X$ be a small contractible open set and choose $p\in U$. Pick an orthonormal basis $\{e_1,\dots,e_n\}$ of $T_pX$. Since $R=0$ and $U$ is contractible, parallel transport in $U$ is path-independent, hence defines smooth vector fields $\{E_1,\dots,E_n\}$ on $U$ with \[ \nabla E_i=0. \] Metric compatibility $\nabla g=0$ implies \[ g(E_i,E_j)=\delta_{ij} \] on $U$. Because $\nabla$ is torsion-free, \[ 0=T(E_i,E_j)=\nabla_{E_i}E_
VII/26	riemann curvature	YES	ALL_TEX_AND_FIGURES/tex/Downloads/theory-of-differential-geometry-2.tex	2486	Theory for Problem 8 — Connections, torsion, curvature, and flatness	,w)=\nabla_v w-\nabla_w v-[v,w]. \] In particular, the identity in Problem 8(a) is just a rearrangement of this definition. The curvature of $\nabla$ is \[ R(u,v)w=\nabla_u\nabla_v w-\nabla_v\nabla_u w-\nabla_{[u,v]}w. \] For the Levi--Civita connection (the unique connection with $\nabla g=0$ and $T=0$), this is the Riemann curvature tensor. A Riemannian manifold is \emph{flat} if \[ R=0. \] On a contractible open set, the condition $R=0$ implies parallel transport is path-independent, hence one can build a local frame $\{E_i\}$ such that \[ \nabla E_i=0. \] Metric compatibility implies orthonormality is preserved, so \[ g(E_i,E_j)=\delta_{ij}. \] If the connection is torsion-free, then \[ 0=T(E_i,E_j)=\nabla_{E_i}E_j-\nabla_{E_j}E_i-[E_i,E_j], \] and since $\nabla_{E_i}E_j=0$ this gives \[ [E_i,E_j]=0. \] If a local frame sa
VII/26	curvature tensor	YES	ALL_TEX_AND_FIGURES/tex/Downloads/theory-of-differential-geometry-2.tex	2415	Problem 8(b) — Vanishing curvature and Euclidean coordinates	patches on which \[ g=\sum_i (dx^i)^2. \] Such a metric is called \emph{flat}. \textit{Hint:} Use the fact that if $\{v_i\}$ is a flat fibrewise basis of vector fields, then $v_i$ arises as coordinate vector fields $\partial_{x^i}$ iff $[v_i,v_j]=0$ for all $i,j$. \textbf{Solution.} $(\Rightarrow)$ Assume the Riemann curvature tensor $R$ of the Levi--Civita connection $\nabla$ is zero. Let $U\subset X$ be a small contractible open set and choose $p\in U$. Pick an orthonormal basis $\{e_1,\dots,e_n\}$ of $T_pX$. Since $R=0$ and $U$ is contractible, parallel transport in $U$ is path-independent, hence defines smooth vector fields $\{E_1,\dots,E_n\}$ on $U$ with \[ \nabla E_i=0. \] Metric compatibility $\nabla g=0$ implies \[ g(E_i,E_j)=\delta_{ij} \] on $U$. Because $\nabla$ is torsion-free, \[ 0=T(E_i,E_j)=\nabla_{E_i}E_j-\nabla
VII/26	curvature tensor	YES	ALL_TEX_AND_FIGURES/tex/Downloads/theory-of-differential-geometry-2.tex	2457	Problem 8(b) — Vanishing curvature and Euclidean coordinates	_{ij}=g(\partial_{x^i},\partial_{x^j})=g(E_i,E_j)=\delta_{ij}, \] and hence \[ g=\sum_i (dx^i)^2. \] $(\Leftarrow)$ Conversely, if on a coordinate patch we have \[ g=\sum_i (dx^i)^2, \] then the metric components satisfy $g_{ij}=\delta_{ij}$, so all Christoffel symbols vanish, \[ \Gamma^k_{ij}=0, \] and therefore the curvature tensor is zero, \[ R=0. \] \subsection*{Theory for Problem 8 — Connections, torsion, curvature, and flatness} A (linear/affine) connection on $TX$ is an $\mathbb{R}$-bilinear map \[ \nabla:\Gamma(TX)\times\Gamma(TX)\to\Gamma(TX), \] written $(v,w)\mapsto \nabla_v w$, such that \[ \nabla_{fv}w=f\,\nabla_v w, \] \[ \nabla_v(fw)=v(f)\,w+f\,\nabla_v w. \] The torsion of $\nabla$ is the $(1,2)$-tensor \[ T(v,w)=\nabla_v w-\nabla_w v-[v,w]. \] In particular, the identity in Problem 8(a) is just a rearrangeme
VII/26	curvature tensor	YES	ALL_TEX_AND_FIGURES/tex/Downloads/theory-of-differential-geometry-2.tex	2486	Theory for Problem 8 — Connections, torsion, curvature, and flatness	la_v w-\nabla_w v-[v,w]. \] In particular, the identity in Problem 8(a) is just a rearrangement of this definition. The curvature of $\nabla$ is \[ R(u,v)w=\nabla_u\nabla_v w-\nabla_v\nabla_u w-\nabla_{[u,v]}w. \] For the Levi--Civita connection (the unique connection with $\nabla g=0$ and $T=0$), this is the Riemann curvature tensor. A Riemannian manifold is \emph{flat} if \[ R=0. \] On a contractible open set, the condition $R=0$ implies parallel transport is path-independent, hence one can build a local frame $\{E_i\}$ such that \[ \nabla E_i=0. \] Metric compatibility implies orthonormality is preserved, so \[ g(E_i,E_j)=\delta_{ij}. \] If the connection is torsion-free, then \[ 0=T(E_i,E_j)=\nabla_{E_i}E_j-\nabla_{E_j}E_i-[E_i,E_j], \] and since $\nabla_{E_i}E_j=0$ this gives \[ [E_i,E_j]=0. \] If a local frame satisfies
VII/26	curvature tensor	YES	ALL_TEX_AND_FIGURES/tex/Downloads/theory-of-differential-geometry-2.tex	2581	Extended theory for Problem 8 — Connections, torsion, curvature, and flatness	\] In coordinates, \[ [v,w] = \Bigl(v^i\partial_i w^k-w^i\partial_i v^k\Bigr)\partial_k. \] \textbf{Torsion.} The torsion tensor of $\nabla$ is \[ T(v,w)=\nabla_v w-\nabla_w v-[v,w]. \] In a coordinate basis, \[ T(\partial_i,\partial_j) = \bigl(\Gamma^k_{ij}-\Gamma^k_{ji}\bigr)\partial_k. \] \textbf{Curvature.} The curvature tensor is \[ R(u,v)w=\nabla_u\nabla_v w-\nabla_v\nabla_u w-\nabla_{[u,v]}w. \] In coordinates, \[ R(\partial_i,\partial_j)\partial_k = R^{\ell}{}_{kij}\,\partial_\ell, \] where \[ R^{\ell}{}_{kij} = \partial_i\Gamma^\ell_{jk} - \partial_j\Gamma^\ell_{ik} + \Gamma^\ell_{im}\Gamma^m_{jk} - \Gamma^\ell_{jm}\Gamma^m_{ik}. \] \textbf{Levi--Civita connection.} On a Riemannian manifold $(X,g)$ there is a unique connection satisfying \[ \nabla g=0, \] \[ T=0. \] It is characterized by the Koszul formula \[ 2g(\n
VII/14	surface patch	YES	ALL_TEX_AND_FIGURES/tex/Downloads/theory-of-differential-geometry-5.tex	453	What is a cubic	"ooth cubics are elliptic curves; singular irreducible cubics are rational.} \end{figure} \begin{figure}[h] \centering \begin{tikzpicture}[scale=1.0] % axes \draw[->] (0,0) -- (5,0) node[right] {$x$}; \draw[->] (0,0) -- (0,3.5) node[above] {$y$}; \draw[->] (0,0) -- (-1.2,-1.0) node[below left] {$z$}; % ""surface patch"" (schematic) \draw[thick] plot[smooth cycle] coordinates {(1.2,1.0) (2.0,2.6) (3.4,2.2) (3.2,1.2) (2.2,0.6)}; \draw[thick] plot[smooth] coordinates {(1.4,1.2) (2.2,2.0) (3.0,1.8)}; \draw[thick] plot[smooth] coordinates {(1.7,0.9) (2.5,1.6) (3.1,1.3)}; \node at (3.3,3.2) {cubic surface in $\mathbb A^3$}; \node at (3.3,2.8) {$Z(f(x,y,z))$}; \end{tikzpicture} \caption{In $\mathbb A^3$ (or $\mathbb P^3$), a cubic is typically a \emph{surface}: one degree-3 equation cuts out a 2D object.} \e"
VII/14	surface patch	YES	ALL_TEX_AND_FIGURES/tex/Downloads/theory-of-differential-geometry-5.tex	472	What is a cubic	"is typically a \emph{surface}: one degree-3 equation cuts out a 2D object.} \end{figure} \begin{figure}[h] \centering \begin{tikzpicture}[scale=1.0] % axes \draw[->] (0,0) -- (5,0) node[right] {$x$}; \draw[->] (0,0) -- (0,3.5) node[above] {$y$}; \draw[->] (0,0) -- (-1.2,-1.0) node[below left] {$z$}; % ""surface patch"" (schematic) \draw[thick] plot[smooth cycle] coordinates {(1.2,1.0) (2.0,2.6) (3.4,2.2) (3.2,1.2) (2.2,0.6)}; \draw[thick] plot[smooth] coordinates {(1.4,1.2) (2.2,2.0) (3.0,1.8)}; \draw[thick] plot[smooth] coordinates {(1.7,0.9) (2.5,1.6) (3.1,1.3)}; \node at (3.3,3.2) {cubic surface in $\mathbb A^3$}; \node at (3.3,2.8) {$Z(f(x,y,z))$}; \end{tikzpicture} \caption{In $\mathbb A^3$ (or $\mathbb P^3$), a cubic is typically a \emph{surface}: one degree-3 equation cuts out a 2D object.} \e"
VII/38	discrete geodesic	YES	ALL_TEX_AND_FIGURES/tex/Downloads/theory-of-differential-geometry-MATH3D.tex	196	Exact geodesics on triangle meshes (classic	s effectively lets A* shortcut within local face neighborhoods. \end{itemize} \textbf{Pros:} fewer zig-zags. \\ \textbf{Cons:} can ``cut corners'' incorrectly on coarse meshes. \medskip This is the easiest solver change if minimal math is required. \subsubsection*{Exact geodesics on triangle meshes (classic discrete geodesics)} These compute \emph{exact shortest paths} on polyhedral (triangulated) surfaces. \paragraph{Chen--Han algorithm.} Exact shortest paths on polyhedral surfaces. \begin{itemize} \item \textbf{Pros:} exact on the mesh surface. \item \textbf{Cons:} complex to implement robustly. \end{itemize} \paragraph{Mitchell--Mount--Papadimitriou (MMP).} Also exact on polyhedral surfaces. \begin{itemize} \item \textbf{Pros:} exact. \item \textbf{Cons:} even more complex than Chen--Han. \end{
VII/39	dijkstra	YES	ALL_TEX_AND_FIGURES/tex/Downloads/theory-of-differential-geometry-MATH3D.tex	168	Problem: ``edge-walk'' zig-zag artifacts	Path on Surface % ========================================================= \section{Geodesic Path on Surface (Mesh vs. Implicit)} \subsection{Problem: ``edge-walk'' zig-zag artifacts} The current path looks like a jagged polyline because it is effectively a \emph{shortest path constrained to mesh edges} (i.e., Dijkstra/A* on the vertex-edge graph). On coarse triangle meshes (e.g., Marching Cubes output), this produces visible ``staircasing'' and corner kinks. \subsection{Practical solver options (easy win $\rightarrow$ gold standard)} \subsubsection*{A* / Dijkstra on a richer graph (cheap upgrade, still graph-based)} \textbf{Goal:} reduce zig-zag by allowing paths to cut across faces, not only follow edges. \paragraph{Add face diagonals / local shortcuts.} Add extra edges such as: \begin{itemize} \item co
VII/39	dijkstra	YES	ALL_TEX_AND_FIGURES/tex/Downloads/theory-of-differential-geometry-MATH3D.tex	173	A* /	vely a \emph{shortest path constrained to mesh edges} (i.e., Dijkstra/A* on the vertex-edge graph). On coarse triangle meshes (e.g., Marching Cubes output), this produces visible ``staircasing'' and corner kinks. \subsection{Practical solver options (easy win $\rightarrow$ gold standard)} \subsubsection*{A* / Dijkstra on a richer graph (cheap upgrade, still graph-based)} \textbf{Goal:} reduce zig-zag by allowing paths to cut across faces, not only follow edges. \paragraph{Add face diagonals / local shortcuts.} Add extra edges such as: \begin{itemize} \item connect vertices across quads (if you can detect them), \item connect 2-ring neighbors (neighbors-of-neighbors) with weight equal to straight Euclidean distance. \end{itemize} \textbf{Pros:} simple, fast. \\ \textbf{Cons:} still not a true geodesic; can s
VII/39	dijkstra	YES	ALL_TEX_AND_FIGURES/tex/Downloads/theory-of-differential-geometry-MATH3D.tex	246	Fast Marching Method (FMM) on the mesh	handles noisy/coarse meshes well, widely used. \\ \textbf{Cons:} requires $L/M$ construction + sparse linear system solves. \subsubsection*{Fast Marching Method (FMM) on the mesh} Compute distance by propagating a front on the triangulated surface. \begin{itemize} \item \textbf{Pros:} more accurate than edge Dijkstra; classic PDE approach. \item \textbf{Cons:} harder than A*; often less pleasant than Heat Method in practice. \end{itemize} \subsubsection*{Intrinsic triangulation / edge flips (high quality, more work)} Build an \emph{intrinsic Delaunay triangulation} (IDT) to improve geodesic stability on poor meshes, then run geodesic algorithms on the intrinsic mesh. \begin{itemize} \item \textbf{Pros:} accurate and stable even on low-quality triangulations. \item \textbf{Cons:} significant implementation
VII/39	exact geodesic	YES	ALL_TEX_AND_FIGURES/tex/Downloads/theory-of-differential-geometry-MATH3D.tex	196		ct mesh edges). \begin{itemize} \item This effectively lets A* shortcut within local face neighborhoods. \end{itemize} \textbf{Pros:} fewer zig-zags. \\ \textbf{Cons:} can ``cut corners'' incorrectly on coarse meshes. \medskip This is the easiest solver change if minimal math is required. \subsubsection*{Exact geodesics on triangle meshes (classic discrete geodesics)} These compute \emph{exact shortest paths} on polyhedral (triangulated) surfaces. \paragraph{Chen--Han algorithm.} Exact shortest paths on polyhedral surfaces. \begin{itemize} \item \textbf{Pros:} exact on the mesh surface. \item \textbf{Cons:} complex to implement robustly. \end{itemize} \paragraph{Mitchell--Mount--Papadimitriou (MMP).} Also exact on polyhedral surfaces. \begin{itemize} \item \textbf{Pros:} exact. \item \textbf{Con
VII/40	heat method	YES	ALL_TEX_AND_FIGURES/tex/Downloads/theory-of-differential-geometry-MATH3D.tex	213		t on the mesh surface. \item \textbf{Cons:} complex to implement robustly. \end{itemize} \paragraph{Mitchell--Mount--Papadimitriou (MMP).} Also exact on polyhedral surfaces. \begin{itemize} \item \textbf{Pros:} exact. \item \textbf{Cons:} even more complex than Chen--Han. \end{itemize} \subsubsection*{Heat Method (best practical solver for apps)} This is the \emph{go-to} geodesic distance solver in graphics: smooth, robust, and relatively straightforward if sparse linear solves are available. \paragraph{High-level pipeline.} Let $L$ be the Laplace--Beltrami operator (discrete cotan Laplacian) and $M$ the mass matrix. \begin{enumerate} \item \textbf{Heat diffusion (short time $t$):} \[ (M + tL)\,u = M\,\delta_s \] where $\delta_s$ is a point source at the start vertex (or barycentric point source
VII/40	heat method	YES	ALL_TEX_AND_FIGURES/tex/Downloads/theory-of-differential-geometry-MATH3D.tex	247	Fast Marching Method (FMM) on the mesh	sparse linear system solves. \subsubsection*{Fast Marching Method (FMM) on the mesh} Compute distance by propagating a front on the triangulated surface. \begin{itemize} \item \textbf{Pros:} more accurate than edge Dijkstra; classic PDE approach. \item \textbf{Cons:} harder than A*; often less pleasant than Heat Method in practice. \end{itemize} \subsubsection*{Intrinsic triangulation / edge flips (high quality, more work)} Build an \emph{intrinsic Delaunay triangulation} (IDT) to improve geodesic stability on poor meshes, then run geodesic algorithms on the intrinsic mesh. \begin{itemize} \item \textbf{Pros:} accurate and stable even on low-quality triangulations. \item \textbf{Cons:} significant implementation effort. \end{itemize} \subsection{What to do for Marching Cubes implicit surfaces} \sub
VII/40	heat method	YES	ALL_TEX_AND_FIGURES/tex/Downloads/theory-of-differential-geometry-MATH3D.tex	272	Real solver (next milestone)	item Laplacian-smooth the polyline (few iterations), \item project smoothed points back onto the implicit surface $f(x,y,z)=0$ (Newton projection), \item do this \emph{uniformly across all implicit surfaces} (not only spheres). \end{itemize} \subsubsection*{Real solver (next milestone)} Implement the \textbf{Heat Method} on the welded indexed mesh: \begin{itemize} \item produces a smooth distance field $\phi$, \item extracting the path via backtracing yields a clean, stable geodesic, \item directly addresses the zig-zag ``edge-walk'' artifact. \end{itemize} \subsection{Geodesics directly on an implicit surface $f(x,y,z)=0$ (ODE formulation)} Let \[ S = \{x\in\R^3 : f(x)=0\},\qquad g(x)=\nabla f(x),\qquad n(x)=\frac{g(x)}{\|g(x)\|}. \] A curve $x(s)\in S$ is a geodesic (parameterized by arc-length $s$) i
VII/40	heat method	YES	ALL_TEX_AND_FIGURES/tex/Downloads/theory-of-differential-geometry-MATH3D.tex	407	Recommendation	If \[ f(x,y,z)=x^2+y^2+z^2-1, \quad\text{then}\quad \nabla f=(2x,2y,2z), \] and if \[ f(x,y,z)=x\sin(y)+e^z, \quad\text{then}\quad \nabla f=\bigl(\sin(y),\,x\cos(y),\,e^z\bigr). \] \subsection{Recommendation} \begin{itemize} \item \textbf{Shippable solution:} triangulate (Marching Cubes) $\rightarrow$ Heat Method on the mesh $\rightarrow$ backtrace to obtain the path. \item \textbf{Experimental ``pure implicit'' mode:} ODE + shooting + projection each step (more fragile but elegant). \end{itemize} % ========================================================= % SECTION 2 (Top-level): Surface Pipelines / Meshing Strategy % ========================================================= \section{Math3D Surface Meshing Strategy (Implicit / Explicit / Parametric / Weierstrass)} \subsection{Goal} Keep meshing \te
VII/40	heat method	YES	ALL_TEX_AND_FIGURES/tex/Downloads/theory-of-differential-geometry-MATH3D.tex	566		extbf{Use CGAL} for analytic implicit $f(x,y,z)=0$ when you want the best surface quality. \item \textbf{Use VTK} for volumetric/SDF preview meshes and fast previews/drafts. \item Keep \textbf{one UI mental model}: one quality slider that controls refinement in the appropriate space. \end{itemize} \subsection*{Heat Method Geodesics on a Triangulated Patch (Implementation Notes)} We assume a triangle mesh patch \[ V=\{p_i\}_{i=1}^N\subset\mathbb{R}^3,\qquad F=\{(i,j,k)\}\subset\{1,\dots,N\}^3, \] with oriented faces \(f=(i,j,k)\). A point \(x\) lying in a face \(f\) is represented by \[ x = b_i p_i + b_j p_j + b_k p_k, \qquad (b_i,b_j,b_k)\in\Delta^2,\;\; b_i+b_j+b_k=1,\;\; b_\ell\ge 0, \] i.e.\ by its \emph{barycentric} coordinates in that face. \subsubsection*{Precompute and cache per mesh} All quant
VII/05	1-form	YES	ALL_TEX_AND_FIGURES/tex/Downloads/theory-of-differential-geometry-topics.tex	565	Ridges and valleys for minimal surfaces (Weierstrass representation)	t d_i$ where $\hat d_i$ is the principal direction represented in $(u,v)$. % ------------------------------------------------------------ \subsection*{Ridges and valleys for minimal surfaces (Weierstrass representation)} Let a minimal surface be given by Weierstrass data $(g,\omega)$ (meromorphic $g$ and holomorphic 1-form $\omega$), with immersion \[ \phi(z)=\Re\int \Big(\tfrac12(1-g^2)\omega,\ \tfrac{i}{2}(1+g^2)\omega,\ g\omega\Big). \] Minimality implies mean curvature $H=0$, hence \[ k_1 = -k_2. \] Therefore ridge/valley structure is symmetric, and it is often more robust to study extrema of the curvature magnitude \[ |k|:=|k_1|=|k_2|, \] rather than treating two unrelated families. \medskip \noindent \textbf{Practical computation.} In an interactive tool one typically samples $\phi(u,v)$ and then applies the \emph{param
VII/14	regular surface	YES	ALL_TEX_AND_FIGURES/tex/Downloads/theory-of-differential-geometry-topics.tex	218	Principal directions and curvature lines (what Math3D is drawing)	etitle % ============================================================ % Principal directions & curvature lines — core theory (Math3D) % ============================================================ \subsection*{Principal directions and curvature lines (what Math3D is drawing)} Let $S\subset\mathbb{R}^3$ be a smooth regular surface and let $p\in S$. \subsubsection*{1) Normal, shape operator, principal curvatures} Choose a (locally defined) unit normal field $n$ along $S$ (possible on any orientable patch). The \emph{shape operator} (a.k.a.\ Weingarten map) at $p$ is the linear map \[ S_p:T_pS\to T_pS, \qquad S_p(v)= -\,D_v n, \] where $D_v n$ denotes the directional derivative of the normal field in the direction $v$ (in $\mathbb{R}^3$). Geometrically: $S_p$ measures how the normal rotates when you move tangentially. The
VII/14	regular surface	YES	ALL_TEX_AND_FIGURES/tex/Downloads/theory-of-differential-geometry-topics.tex	376	7) Principal curvatures and directions on the cone	rac{m}{u(1+m^2)}. \] If $\alpha$ is the angle between the generator and the axis, then $m=\cot\alpha$, and \[ k_2=\frac{\cos\alpha}{u}. \] \paragraph{Consequences.} \[ K=k_1k_2=0 \quad\text{(developable surface away from the apex),} \qquad k_2\sim \frac{1}{u}\ \text{blows up as }u\to 0. \] The apex is singular (not a regular surface point). \subsubsection*{8) Expected curvature-line picture on the cone} \begin{itemize} \item Curvature lines for $d_1$: straight rulings (generators), i.e.\ straight lines on the cone. \item Curvature lines for $d_2$: circles $u=\mathrm{const}$, i.e.\ intersections with planes $z=\mathrm{const}$. \end{itemize} \noindent So if Math3D integrates principal directions on a cone: one family should appear as straight lines running along the cone, and the other family should wrap around as rings. %
VII/42	curvature line	YES	ALL_TEX_AND_FIGURES/tex/Downloads/theory-of-differential-geometry-topics.tex	213		"kings, mark=at position 0.18 with {\arrow{Stealth[length=2.2mm]}} } }, % p10loop must NOT use ""expanded"" p10loop/.style={thick} } \title{Differential Geometry Topics 1} \author{} \date{} \begin{document} \maketitle % ============================================================ % Principal directions & curvature lines — core theory (Math3D) % ============================================================ \subsection*{Principal directions and curvature lines (what Math3D is drawing)} Let $S\subset\mathbb{R}^3$ be a smooth regular surface and let $p\in S$. \subsubsection*{1) Normal, shape operator, principal curvatures} Choose a (locally defined) unit normal field $n$ along $S$ (possible on any orientable patch). The \emph{shape operator} (a.k.a.\ Weingarten map) at $p$ is the linear map \[ S_p:T_pS\to T_pS, \qq"
VII/42	curvature line	YES	ALL_TEX_AND_FIGURES/tex/Downloads/theory-of-differential-geometry-topics.tex	216	Principal directions and	title{Differential Geometry Topics 1} \author{} \date{} \begin{document} \maketitle % ============================================================ % Principal directions & curvature lines — core theory (Math3D) % ============================================================ \subsection*{Principal directions and curvature lines (what Math3D is drawing)} Let $S\subset\mathbb{R}^3$ be a smooth regular surface and let $p\in S$. \subsubsection*{1) Normal, shape operator, principal curvatures} Choose a (locally defined) unit normal field $n$ along $S$ (possible on any orientable patch). The \emph{shape operator} (a.k.a.\ Weingarten map) at $p$ is the linear map \[ S_p:T_pS\to T_pS, \qquad S_p(v)= -\,D_v n, \] where $D_v n$ denotes the directional derivative of the normal field in the direction $v$ (in $\mathbb{R}^3$). Geom
VII/42	curvature line	YES	ALL_TEX_AND_FIGURES/tex/Downloads/theory-of-differential-geometry-topics.tex	236	1) Normal, shape operator, principal curvatures	mal rotates when you move tangentially. The \emph{principal curvatures} $k_1,k_2$ at $p$ are the eigenvalues of $S_p$. The corresponding eigenvectors (in $T_pS$) are the \emph{principal directions} $d_1,d_2$. At a generic point (where $k_1\neq k_2$), these directions are orthogonal and determined up to sign. A \emph{curvature line} is a curve $\gamma(s)\subset S$ whose tangent is everywhere aligned with a principal direction field: \[ \gamma'(s)\ \parallel\ d_1(\gamma(s)) \qquad\text{or}\qquad \gamma'(s)\ \parallel\ d_2(\gamma(s)). \] \noindent \textbf{Math3D viewpoint.} Curvature lines are obtained by numerically integrating the direction field $d_1$ or $d_2$ over the surface, i.e.\ tracing streamlines of principal directions. \subsubsection*{Implicit surface case $F(x,y,z)=0$: principal directions at a point} Assume $F:\ma
VII/42	curvature line	YES	ALL_TEX_AND_FIGURES/tex/Downloads/theory-of-differential-geometry-topics.tex	244	1) Normal, shape operator, principal curvatures	rections are orthogonal and determined up to sign. A \emph{curvature line} is a curve $\gamma(s)\subset S$ whose tangent is everywhere aligned with a principal direction field: \[ \gamma'(s)\ \parallel\ d_1(\gamma(s)) \qquad\text{or}\qquad \gamma'(s)\ \parallel\ d_2(\gamma(s)). \] \noindent \textbf{Math3D viewpoint.} Curvature lines are obtained by numerically integrating the direction field $d_1$ or $d_2$ over the surface, i.e.\ tracing streamlines of principal directions. \subsubsection*{Implicit surface case $F(x,y,z)=0$: principal directions at a point} Assume $F:\mathbb{R}^3\to\mathbb{R}$ is smooth and $p$ is a regular point: \[ \nabla F(p)\neq 0. \] \paragraph{2) Normal from the gradient.} Let \[ g=\nabla F(p), \qquad n=\frac{g}{\|g\|}. \] Then $T_pS=\{v\in\mathbb{R}^3:\ g\cdot v=0\}$ and $n$ is the unit normal. \par
VII/42	curvature line	YES	ALL_TEX_AND_FIGURES/tex/Downloads/theory-of-differential-geometry-topics.tex	381	8) Expected curvature-line picture on the cone	=\frac{\cos\alpha}{u}. \] \paragraph{Consequences.} \[ K=k_1k_2=0 \quad\text{(developable surface away from the apex),} \qquad k_2\sim \frac{1}{u}\ \text{blows up as }u\to 0. \] The apex is singular (not a regular surface point). \subsubsection*{8) Expected curvature-line picture on the cone} \begin{itemize} \item Curvature lines for $d_1$: straight rulings (generators), i.e.\ straight lines on the cone. \item Curvature lines for $d_2$: circles $u=\mathrm{const}$, i.e.\ intersections with planes $z=\mathrm{const}$. \end{itemize} \noindent So if Math3D integrates principal directions on a cone: one family should appear as straight lines running along the cone, and the other family should wrap around as rings. % ============================================================ % Ridges & Valleys (general + implicit/explicit/par
VII/42	curvature line	YES	ALL_TEX_AND_FIGURES/tex/Downloads/theory-of-differential-geometry-topics.tex	382	8) Expected curvature-line picture on the cone	away from the apex),} \qquad k_2\sim \frac{1}{u}\ \text{blows up as }u\to 0. \] The apex is singular (not a regular surface point). \subsubsection*{8) Expected curvature-line picture on the cone} \begin{itemize} \item Curvature lines for $d_1$: straight rulings (generators), i.e.\ straight lines on the cone. \item Curvature lines for $d_2$: circles $u=\mathrm{const}$, i.e.\ intersections with planes $z=\mathrm{const}$. \end{itemize} \noindent So if Math3D integrates principal directions on a cone: one family should appear as straight lines running along the cone, and the other family should wrap around as rings. % ============================================================ % Ridges & Valleys (general + implicit/explicit/param/Weierstrass) % ============================================================ \subsection*{Ridges
VII/42	curvature line	YES	ALL_TEX_AND_FIGURES/tex/Downloads/theory-of-differential-geometry-topics.tex	405	Ridges and valleys on surfaces (general theory)	a regular point. Choose a unit normal field $n$ (locally). The \emph{shape operator} (Weingarten map) is \[ S_p:T_pS\to T_pS,\qquad S_p(v)=-D_v n, \] and its eigenvalues $k_1(p)\ge k_2(p)$ are the \emph{principal curvatures} with corresponding unit eigenvectors (principal directions) $d_1(p),d_2(p)\in T_pS$. A \emph{curvature line} is a curve $\gamma(s)\subset S$ whose tangent satisfies \[ \gamma'(s)\ \parallel\ d_1(\gamma(s)) \quad\text{or}\quad \gamma'(s)\ \parallel\ d_2(\gamma(s)). \] \medskip \noindent \textbf{Directional derivative on the surface.} For a scalar field $f$ on $S$ define the directional derivative along a tangent unit vector $v\in T_pS$ by \[ \partial_v f(p) := \nabla_S f(p)\cdot v, \] where $\nabla_S$ denotes the surface gradient. \medskip \noindent \textbf{Ridge/valley conditions (canonical).} A \emph{$k
VII/42	ridge	YES	ALL_TEX_AND_FIGURES/tex/Downloads/theory-of-differential-geometry-topics.tex	392	8) Expected curvature-line picture on the cone	$, i.e.\ intersections with planes $z=\mathrm{const}$. \end{itemize} \noindent So if Math3D integrates principal directions on a cone: one family should appear as straight lines running along the cone, and the other family should wrap around as rings. % ============================================================ % Ridges & Valleys (general + implicit/explicit/param/Weierstrass) % ============================================================ \subsection*{Ridges and valleys on surfaces (general theory)} Let $S\subset\mathbb{R}^3$ be a smooth oriented surface and let $p\in S$ be a regular point. Choose a unit normal field $n$ (locally). The \emph{shape operator} (Weingarten map) is \[ S_p:T_pS\to T_pS,\qquad S_p(v)=-D_v n, \] and its eigenvalues $k_1(p)\ge k_2(p)$ are the \emph{principal curvatures} with corresponding unit eig
VII/42	ridge	YES	ALL_TEX_AND_FIGURES/tex/Downloads/theory-of-differential-geometry-topics.tex	395		mily should appear as straight lines running along the cone, and the other family should wrap around as rings. % ============================================================ % Ridges & Valleys (general + implicit/explicit/param/Weierstrass) % ============================================================ \subsection*{Ridges and valleys on surfaces (general theory)} Let $S\subset\mathbb{R}^3$ be a smooth oriented surface and let $p\in S$ be a regular point. Choose a unit normal field $n$ (locally). The \emph{shape operator} (Weingarten map) is \[ S_p:T_pS\to T_pS,\qquad S_p(v)=-D_v n, \] and its eigenvalues $k_1(p)\ge k_2(p)$ are the \emph{principal curvatures} with corresponding unit eigenvectors (principal directions) $d_1(p),d_2(p)\in T_pS$. A \emph{curvature line} is a curve $\gamma(s)\subset S$ whose tangent satisfies \[
VII/42	ridge	YES	ALL_TEX_AND_FIGURES/tex/Downloads/theory-of-differential-geometry-topics.tex	423	Ridges and valleys on surfaces (general theory)	el\ d_2(\gamma(s)). \] \medskip \noindent \textbf{Directional derivative on the surface.} For a scalar field $f$ on $S$ define the directional derivative along a tangent unit vector $v\in T_pS$ by \[ \partial_v f(p) := \nabla_S f(p)\cdot v, \] where $\nabla_S$ denotes the surface gradient. \medskip \noindent \textbf{Ridge/valley conditions (canonical).} A \emph{$k_1$-ridge} is the locus where $k_1$ has a local \emph{maximum} along its own principal direction: \[ \partial_{d_1}k_1 = 0, \qquad \partial^2_{d_1}k_1 < 0. \] A \emph{$k_2$-valley} is the locus where $k_2$ has a local \emph{minimum} along its own principal direction: \[ \partial_{d_2}k_2 = 0, \qquad \partial^2_{d_2}k_2 > 0. \] (Other conventions also consider $k_1$-valleys or $k_2$-ridges by flipping the second-derivative sign.) \medskip \noindent \textbf{Practical s
VII/42	ridge	YES	ALL_TEX_AND_FIGURES/tex/Downloads/theory-of-differential-geometry-topics.tex	424	Ridges and valleys on surfaces (general theory)	irectional derivative on the surface.} For a scalar field $f$ on $S$ define the directional derivative along a tangent unit vector $v\in T_pS$ by \[ \partial_v f(p) := \nabla_S f(p)\cdot v, \] where $\nabla_S$ denotes the surface gradient. \medskip \noindent \textbf{Ridge/valley conditions (canonical).} A \emph{$k_1$-ridge} is the locus where $k_1$ has a local \emph{maximum} along its own principal direction: \[ \partial_{d_1}k_1 = 0, \qquad \partial^2_{d_1}k_1 < 0. \] A \emph{$k_2$-valley} is the locus where $k_2$ has a local \emph{minimum} along its own principal direction: \[ \partial_{d_2}k_2 = 0, \qquad \partial^2_{d_2}k_2 > 0. \] (Other conventions also consider $k_1$-valleys or $k_2$-ridges by flipping the second-derivative sign.) \medskip \noindent \textbf{Practical stability notes.} At \emph{umbilics} ($k_1\approx k_2
VII/42	ridge	YES	ALL_TEX_AND_FIGURES/tex/Downloads/theory-of-differential-geometry-topics.tex	436	Ridges and valleys on surfaces (general theory)	ong its own principal direction: \[ \partial_{d_1}k_1 = 0, \qquad \partial^2_{d_1}k_1 < 0. \] A \emph{$k_2$-valley} is the locus where $k_2$ has a local \emph{minimum} along its own principal direction: \[ \partial_{d_2}k_2 = 0, \qquad \partial^2_{d_2}k_2 > 0. \] (Other conventions also consider $k_1$-valleys or $k_2$-ridges by flipping the second-derivative sign.) \medskip \noindent \textbf{Practical stability notes.} At \emph{umbilics} ($k_1\approx k_2$) the principal directions are ill-conditioned; on nearly flat regions ($|k_i|\approx 0$) derivative estimates are noise-dominated. Numerically one typically gates detection by \[ |k_1-k_2|>\varepsilon \quad\text{and/or}\quad |k_i|>\kappa_{\min}, \] together with additional smoothing or robust finite-difference schemes. % -------------------------------------------------------
VII/42	ridge	YES	ALL_TEX_AND_FIGURES/tex/Downloads/theory-of-differential-geometry-topics.tex	451		approx 0$) derivative estimates are noise-dominated. Numerically one typically gates detection by \[ |k_1-k_2|>\varepsilon \quad\text{and/or}\quad |k_i|>\kappa_{\min}, \] together with additional smoothing or robust finite-difference schemes. % ------------------------------------------------------------ \subsection*{Ridges and valleys for an implicit surface $F(x,y,z)=0$} Assume $F:\mathbb{R}^3\to\mathbb{R}$ is smooth and $p\in S=\{F=0\}$ is regular, i.e.\ $\nabla F(p)\neq 0$. Let \[ g=\nabla F(p),\qquad n=\frac{g}{\|g\|},\qquad H=\mathrm{Hess}\,F(p). \] For a tangent vector $v\in T_pS$ (so $g\cdot v=0$), a useful identity is \[ D_v n = \frac{1}{\|g\|}\,H v \;-\; \frac{g^\top H v}{\|g\|^3}\,g. \] The shape operator is then obtained by projecting back to the tangent plane: \[ S_p(v)= -\,\Pi_T(D_v n), \qquad \Pi_T = I - n n^\to
VII/42	ridge	YES	ALL_TEX_AND_FIGURES/tex/Downloads/theory-of-differential-geometry-topics.tex	481	Ridges and valleys for an implicit surface $F(x,y,z)=0$	_T(D_v n), \qquad \Pi_T = I - n n^\top. \] To compute $(k_i,d_i)$ numerically, build an orthonormal tangent basis $(t_1,t_2)$ at $p$ and form the $2\times 2$ matrix \[ A_{ij}=\langle S_p(t_j),t_i\rangle,\qquad i,j\in\{1,2\}. \] Eigenpairs of $A$ give the principal curvatures and directions. \medskip \noindent \textbf{Ridge/valley derivatives.} Exact evaluation of $\partial_{d_i}k_i$ involves third derivatives of $F$ (since $k_i$ depends on $H$). A robust alternative is a \emph{finite difference on the surface}: \[ \partial_{d_i}k_i(p)\ \approx\ \frac{k_i(p_+)-k_i(p_-)}{2h}, \] where $p_\pm$ are obtained by stepping in $\mathbb{R}^3$ and projecting back to $F=0$: \[ \tilde p_\pm = p \pm h\,d_i(p), \qquad p_\pm \approx \mathrm{ProjectToSurface}(\tilde p_\pm). \] A simple projection step uses Newton correction along the gradient:
VII/42	ridge	YES	ALL_TEX_AND_FIGURES/tex/Downloads/theory-of-differential-geometry-topics.tex	500		= p \pm h\,d_i(p), \qquad p_\pm \approx \mathrm{ProjectToSurface}(\tilde p_\pm). \] A simple projection step uses Newton correction along the gradient: \[ q \leftarrow q - \frac{F(q)}{\|\nabla F(q)\|^2}\,\nabla F(q), \] applied once or twice. % ------------------------------------------------------------ \subsection*{Ridges and valleys for an explicit graph $z=f(x,y)$} For the graph surface $\phi(x,y)=(x,y,f(x,y))$, the unit normal is \[ n=\frac{(-f_x,-f_y,1)}{\sqrt{1+f_x^2+f_y^2}}. \] Principal curvatures and directions can be computed from the first and second fundamental forms in terms of $f_x,f_y,f_{xx},f_{xy},f_{yy}$ (standard differential geometry formulas). \medskip \noindent \textbf{Ridge/valley derivatives.} In analytic form, ridge tests involve third derivatives of $f$. In practice one may compute $k_i$ on a grid an
VII/42	ridge	YES	ALL_TEX_AND_FIGURES/tex/Downloads/theory-of-differential-geometry-topics.tex	511	Ridges and valleys for an explicit graph $z=f(x,y)$	raph surface $\phi(x,y)=(x,y,f(x,y))$, the unit normal is \[ n=\frac{(-f_x,-f_y,1)}{\sqrt{1+f_x^2+f_y^2}}. \] Principal curvatures and directions can be computed from the first and second fundamental forms in terms of $f_x,f_y,f_{xx},f_{xy},f_{yy}$ (standard differential geometry formulas). \medskip \noindent \textbf{Ridge/valley derivatives.} In analytic form, ridge tests involve third derivatives of $f$. In practice one may compute $k_i$ on a grid and approximate \[ \partial_{d_i}k_i \approx \frac{k_i(x_+,y_+)-k_i(x_-,y_-)}{2h}, \] where $(x_\pm,y_\pm)=(x,y)\pm h\,\hat d_i$ and $\hat d_i$ is the principal direction represented in the parameter plane. (No surface projection is needed for graphs.) % ------------------------------------------------------------ \subsection*{Ridges and valleys for a parametric surface $\phi(u,v)$
VII/42	ridge	YES	ALL_TEX_AND_FIGURES/tex/Downloads/theory-of-differential-geometry-topics.tex	512	Ridges and valleys for an explicit graph $z=f(x,y)$	it normal is \[ n=\frac{(-f_x,-f_y,1)}{\sqrt{1+f_x^2+f_y^2}}. \] Principal curvatures and directions can be computed from the first and second fundamental forms in terms of $f_x,f_y,f_{xx},f_{xy},f_{yy}$ (standard differential geometry formulas). \medskip \noindent \textbf{Ridge/valley derivatives.} In analytic form, ridge tests involve third derivatives of $f$. In practice one may compute $k_i$ on a grid and approximate \[ \partial_{d_i}k_i \approx \frac{k_i(x_+,y_+)-k_i(x_-,y_-)}{2h}, \] where $(x_\pm,y_\pm)=(x,y)\pm h\,\hat d_i$ and $\hat d_i$ is the principal direction represented in the parameter plane. (No surface projection is needed for graphs.) % ------------------------------------------------------------ \subsection*{Ridges and valleys for a parametric surface $\phi(u,v)$} Let $\phi:U\subset\mathbb{R}^2\to\mathbb{R
VII/42	ridge	YES	ALL_TEX_AND_FIGURES/tex/Downloads/theory-of-differential-geometry-topics.tex	521		imate \[ \partial_{d_i}k_i \approx \frac{k_i(x_+,y_+)-k_i(x_-,y_-)}{2h}, \] where $(x_\pm,y_\pm)=(x,y)\pm h\,\hat d_i$ and $\hat d_i$ is the principal direction represented in the parameter plane. (No surface projection is needed for graphs.) % ------------------------------------------------------------ \subsection*{Ridges and valleys for a parametric surface $\phi(u,v)$} Let $\phi:U\subset\mathbb{R}^2\to\mathbb{R}^3$ be a regular parametrization. Compute first derivatives $\phi_u,\phi_v$ and second derivatives $\phi_{uu},\phi_{uv},\phi_{vv}$. The first fundamental form is \[ E=\langle\phi_u,\phi_u\rangle,\quad F=\langle\phi_u,\phi_v\rangle,\quad G=\langle\phi_v,\phi_v\rangle, \qquad I=\begin{pmatrix}E&F\\F&G\end{pmatrix}. \] The unit normal is \[ n=\frac{\phi_u\times\phi_v}{\|\phi_u\times\phi_v\|}. \] The second fundamental
VII/42	ridge	YES	ALL_TEX_AND_FIGURES/tex/Downloads/theory-of-differential-geometry-topics.tex	554	Ridges and valleys for a parametric surface $\phi(u,v)$	, \qquad II=\begin{pmatrix}L&M\\M&N\end{pmatrix}. \] The shape operator matrix in the $(\phi_u,\phi_v)$ basis is \[ S = I^{-1}II. \] Eigenpairs of $S$ give principal curvatures $k_i$ and principal directions in parameter coordinates, which can be mapped to tangent vectors in $\mathbb{R}^3$. \medskip \noindent \textbf{Ridge/valley derivatives (practical).} Exact formulas require derivatives of $S$ (hence third derivatives of $\phi$ and connection terms). A robust viewer-friendly approach is finite differencing in parameter space along principal directions: \[ \partial_{d_i}k_i(u,v)\ \approx\ \frac{k_i(u_+,v_+)-k_i(u_-,v_-)}{2h}, \] with $(u_\pm,v_\pm)=(u,v)\pm h\,\hat d_i$ where $\hat d_i$ is the principal direction represented in $(u,v)$. % ------------------------------------------------------------ \subsection*{Ridges and va
VII/42	ridge	YES	ALL_TEX_AND_FIGURES/tex/Downloads/theory-of-differential-geometry-topics.tex	563		erencing in parameter space along principal directions: \[ \partial_{d_i}k_i(u,v)\ \approx\ \frac{k_i(u_+,v_+)-k_i(u_-,v_-)}{2h}, \] with $(u_\pm,v_\pm)=(u,v)\pm h\,\hat d_i$ where $\hat d_i$ is the principal direction represented in $(u,v)$. % ------------------------------------------------------------ \subsection*{Ridges and valleys for minimal surfaces (Weierstrass representation)} Let a minimal surface be given by Weierstrass data $(g,\omega)$ (meromorphic $g$ and holomorphic 1-form $\omega$), with immersion \[ \phi(z)=\Re\int \Big(\tfrac12(1-g^2)\omega,\ \tfrac{i}{2}(1+g^2)\omega,\ g\omega\Big). \] Minimality implies mean curvature $H=0$, hence \[ k_1 = -k_2. \] Therefore ridge/valley structure is symmetric, and it is often more robust to study extrema of the curvature magnitude \[ |k|:=|k_1|=|k_2|, \] rather than treati
VII/42	ridge	YES	ALL_TEX_AND_FIGURES/tex/Downloads/theory-of-differential-geometry-topics.tex	574	Ridges and valleys for minimal surfaces (Weierstrass representation)	ass representation)} Let a minimal surface be given by Weierstrass data $(g,\omega)$ (meromorphic $g$ and holomorphic 1-form $\omega$), with immersion \[ \phi(z)=\Re\int \Big(\tfrac12(1-g^2)\omega,\ \tfrac{i}{2}(1+g^2)\omega,\ g\omega\Big). \] Minimality implies mean curvature $H=0$, hence \[ k_1 = -k_2. \] Therefore ridge/valley structure is symmetric, and it is often more robust to study extrema of the curvature magnitude \[ |k|:=|k_1|=|k_2|, \] rather than treating two unrelated families. \medskip \noindent \textbf{Practical computation.} In an interactive tool one typically samples $\phi(u,v)$ and then applies the \emph{parametric} pipeline above to obtain $(k_i,d_i)$ and approximate $\partial_{d_i}k_i$ (or $\partial_{d_i}|k|$) by finite differences. % ============================================================ % R
VII/42	ridge	YES	ALL_TEX_AND_FIGURES/tex/Downloads/theory-of-differential-geometry-topics.tex	590	Ridges and valleys for minimal surfaces (Weierstrass representation)	textbf{Practical computation.} In an interactive tool one typically samples $\phi(u,v)$ and then applies the \emph{parametric} pipeline above to obtain $(k_i,d_i)$ and approximate $\partial_{d_i}k_i$ (or $\partial_{d_i}|k|$) by finite differences. % ============================================================ % Ridges / valleys overview (mesh-based, Math3D-friendly) % ============================================================ \subsection*{Ridges and valleys on a triangle mesh (overview)} \paragraph{Input (per mesh vertex $v$).} \[ p_v\in\mathbb{R}^3,\qquad n_v\in\mathbb{S}^2,\qquad k_1(v)\ge k_2(v),\qquad d_1(v),d_2(v)\in T_vS,\ \ \|d_i(v)\|=1. \] \paragraph{Output.} Polylines approximating \emph{ridges} and \emph{valleys} (with a type label), robustly clipped near umbilics and boundaries. \paragraph
VII/42	ridge	YES	ALL_TEX_AND_FIGURES/tex/Downloads/theory-of-differential-geometry-topics.tex	593		above to obtain $(k_i,d_i)$ and approximate $\partial_{d_i}k_i$ (or $\partial_{d_i}|k|$) by finite differences. % ============================================================ % Ridges / valleys overview (mesh-based, Math3D-friendly) % ============================================================ \subsection*{Ridges and valleys on a triangle mesh (overview)} \paragraph{Input (per mesh vertex $v$).} \[ p_v\in\mathbb{R}^3,\qquad n_v\in\mathbb{S}^2,\qquad k_1(v)\ge k_2(v),\qquad d_1(v),d_2(v)\in T_vS,\ \ \|d_i(v)\|=1. \] \paragraph{Output.} Polylines approximating \emph{ridges} and \emph{valleys} (with a type label), robustly clipped near umbilics and boundaries. \paragraph{Key idea.} Build a signed scalar field \[ g_1(v)=\partial_{d_1}k_1(v)=\nabla_S k_1(v)\cdot d_1(v), \] trace the zero set $g_1=0$ o
VII/42	ridge	YES	ALL_TEX_AND_FIGURES/tex/Downloads/theory-of-differential-geometry-topics.tex	603	Ridges and valleys on a triangle mesh (overview)	============================ \subsection*{Ridges and valleys on a triangle mesh (overview)} \paragraph{Input (per mesh vertex $v$).} \[ p_v\in\mathbb{R}^3,\qquad n_v\in\mathbb{S}^2,\qquad k_1(v)\ge k_2(v),\qquad d_1(v),d_2(v)\in T_vS,\ \ \|d_i(v)\|=1. \] \paragraph{Output.} Polylines approximating \emph{ridges} and \emph{valleys} (with a type label), robustly clipped near umbilics and boundaries. \paragraph{Key idea.} Build a signed scalar field \[ g_1(v)=\partial_{d_1}k_1(v)=\nabla_S k_1(v)\cdot d_1(v), \] trace the zero set $g_1=0$ on the mesh (triangle-by-triangle), then keep only those points where $k_1$ is a \emph{true extremum} along the $d_1$ direction (max $\Rightarrow$ ridge, min $\Rightarrow$ valley). % ------------------------------------------------------------ % Step 0 — knobs that preve
VII/42	ridge	YES	ALL_TEX_AND_FIGURES/tex/Downloads/theory-of-differential-geometry-topics.tex	612	Ridges and valleys on a triangle mesh (overview)	mbilics and boundaries. \paragraph{Key idea.} Build a signed scalar field \[ g_1(v)=\partial_{d_1}k_1(v)=\nabla_S k_1(v)\cdot d_1(v), \] trace the zero set $g_1=0$ on the mesh (triangle-by-triangle), then keep only those points where $k_1$ is a \emph{true extremum} along the $d_1$ direction (max $\Rightarrow$ ridge, min $\Rightarrow$ valley). % ------------------------------------------------------------ % Step 0 — knobs that prevent explosions % ------------------------------------------------------------ \subsection*{Step 0 — knobs that prevent explosions (practical gating)} \paragraph{Geometry gating (umbilics / flat regions).} \emph{Anisotropy gate (umbilic avoidance):} \[ A(v)=\frac{|k_1(v)-k_2(v)|}{|k_1(v)|+|k_2(v)|+\varepsilon}, \qquad\text{require } A(v)\ge A_{\min}, \] with typical $A_{\min}\
VII/42	ridge	YES	ALL_TEX_AND_FIGURES/tex/Downloads/theory-of-differential-geometry-topics.tex	807	3.3 Stitch segments into polylines (edge-walk)	djacent triangle) $\Rightarrow$ open polyline end, \item you return to the start $\Rightarrow$ closed loop, \item you exceed \texttt{max\_segments\_per\_polyline} $\Rightarrow$ stop (safety cap). \end{itemize} \end{itemize} % ------------------------------------------------------------ % Step 4 — classify ridge vs valley (stable extremum test) % ------------------------------------------------------------ \subsection*{Step 4 — classify each polyline as ridge vs valley (stable extremum test)} The set $g_1=0$ contains both maxima and minima candidates of $k_1$ along $d_1$. We keep only points that are genuine extrema using a robust discrete proxy. \subsubsection*{4.1 Interpolate $d_1$ and $k_1$ at a polyline point} For a point $x$ on a segment inside triangle $T=(a,b,c)$, compute barycentric weights $(\
VII/42	ridge	YES	ALL_TEX_AND_FIGURES/tex/Downloads/theory-of-differential-geometry-topics.tex	810	Step 4 — classify each polyline as	per\_polyline} $\Rightarrow$ stop (safety cap). \end{itemize} \end{itemize} % ------------------------------------------------------------ % Step 4 — classify ridge vs valley (stable extremum test) % ------------------------------------------------------------ \subsection*{Step 4 — classify each polyline as ridge vs valley (stable extremum test)} The set $g_1=0$ contains both maxima and minima candidates of $k_1$ along $d_1$. We keep only points that are genuine extrema using a robust discrete proxy. \subsubsection*{4.1 Interpolate $d_1$ and $k_1$ at a polyline point} For a point $x$ on a segment inside triangle $T=(a,b,c)$, compute barycentric weights $(\lambda_a,\lambda_b,\lambda_c)$. Using triangle-aligned directions $d_a,d_b,d_c$, define \[ d(x)=\mathrm{normalize}\bigl(\lambda_a d_a + \lambda_b d_b
VII/42	ridge	YES	ALL_TEX_AND_FIGURES/tex/Downloads/theory-of-differential-geometry-topics.tex	847	4.3 Extremum test (	from the current triangle, hop across edges if the closest point lies outside, and stop after \texttt{proj\_max\_steps} (e.g.\ 20). This mirrors a streamline-style projection step. Let the projected points be $x_+$ and $x_-$, and interpolate $k_1$ there to get $k_+$ and $k_-$. \subsubsection*{4.3 Extremum test (ridge vs valley)} Use a noise margin \[ \delta_k=\delta_{\mathrm{factor}}\cdot |k(x)|, \qquad \delta_{\mathrm{factor}}\in[0.02,0.10]. \] \emph{Ridge} (local maximum of $k_1$ along $d_1$): \[ k(x)>k_+ + \delta_k \quad\text{and}\quad k(x)>k_- + \delta_k. \] \emph{Valley} (local minimum of $k_1$ along $d_1$): \[ k(x)<k_+ - \delta_k \quad\text{and}\quad k(x)<k_- - \delta_k. \] Keep only ridge points for ridge polylines and valley points for valley polylines. Optionally split a polyline where
VII/42	ridge	YES	ALL_TEX_AND_FIGURES/tex/Downloads/theory-of-differential-geometry-topics.tex	855	4.3 Extremum test (ridge vs valley)	mline-style projection step. Let the projected points be $x_+$ and $x_-$, and interpolate $k_1$ there to get $k_+$ and $k_-$. \subsubsection*{4.3 Extremum test (ridge vs valley)} Use a noise margin \[ \delta_k=\delta_{\mathrm{factor}}\cdot |k(x)|, \qquad \delta_{\mathrm{factor}}\in[0.02,0.10]. \] \emph{Ridge} (local maximum of $k_1$ along $d_1$): \[ k(x)>k_+ + \delta_k \quad\text{and}\quad k(x)>k_- + \delta_k. \] \emph{Valley} (local minimum of $k_1$ along $d_1$): \[ k(x)<k_+ - \delta_k \quad\text{and}\quad k(x)<k_- - \delta_k. \] Keep only ridge points for ridge polylines and valley points for valley polylines. Optionally split a polyline where the classification changes. \medskip \noindent \textbf{Remark.} This replaces a strict second-derivative condition (e.g.\ $\partial_{d_1}^2 k_1<0$
VII/42	ridge	YES	ALL_TEX_AND_FIGURES/tex/Downloads/theory-of-differential-geometry-topics.tex	869	4.3 Extremum test (ridge vs valley)	\qquad \delta_{\mathrm{factor}}\in[0.02,0.10]. \] \emph{Ridge} (local maximum of $k_1$ along $d_1$): \[ k(x)>k_+ + \delta_k \quad\text{and}\quad k(x)>k_- + \delta_k. \] \emph{Valley} (local minimum of $k_1$ along $d_1$): \[ k(x)<k_+ - \delta_k \quad\text{and}\quad k(x)<k_- - \delta_k. \] Keep only ridge points for ridge polylines and valley points for valley polylines. Optionally split a polyline where the classification changes. \medskip \noindent \textbf{Remark.} This replaces a strict second-derivative condition (e.g.\ $\partial_{d_1}^2 k_1<0$ for ridges) with a stable discrete test based on sampling and projection. % ------------------------------------------------------------ % Step 5 — final cleanup % ------------------------------------------------------------ \subsection*{Step 5 — fin
VII/42	ridge	YES	ALL_TEX_AND_FIGURES/tex/Downloads/theory-of-differential-geometry-topics.tex	875	4.3 Extremum test (ridge vs valley)	\text{and}\quad k(x)<k_- - \delta_k. \] Keep only ridge points for ridge polylines and valley points for valley polylines. Optionally split a polyline where the classification changes. \medskip \noindent \textbf{Remark.} This replaces a strict second-derivative condition (e.g.\ $\partial_{d_1}^2 k_1<0$ for ridges) with a stable discrete test based on sampling and projection. % ------------------------------------------------------------ % Step 5 — final cleanup % ------------------------------------------------------------ \subsection*{Step 5 — final cleanup (must-have for stability)} After classification: \begin{itemize} \item Drop polylines shorter than \texttt{min\_polyline\_length}. \item Optionally simplify (Douglas--Peucker) with \[ \texttt{simp\_eps}=0.25\cdot \mathrm{avgEdgeLen}. \]
VII/42	valley	YES	ALL_TEX_AND_FIGURES/tex/Downloads/theory-of-differential-geometry-topics.tex	392	8) Expected curvature-line picture on the cone	intersections with planes $z=\mathrm{const}$. \end{itemize} \noindent So if Math3D integrates principal directions on a cone: one family should appear as straight lines running along the cone, and the other family should wrap around as rings. % ============================================================ % Ridges & Valleys (general + implicit/explicit/param/Weierstrass) % ============================================================ \subsection*{Ridges and valleys on surfaces (general theory)} Let $S\subset\mathbb{R}^3$ be a smooth oriented surface and let $p\in S$ be a regular point. Choose a unit normal field $n$ (locally). The \emph{shape operator} (Weingarten map) is \[ S_p:T_pS\to T_pS,\qquad S_p(v)=-D_v n, \] and its eigenvalues $k_1(p)\ge k_2(p)$ are the \emph{principal curvatures} with corresponding unit eigenvectors
VII/42	valley	YES	ALL_TEX_AND_FIGURES/tex/Downloads/theory-of-differential-geometry-topics.tex	395	Ridges and	appear as straight lines running along the cone, and the other family should wrap around as rings. % ============================================================ % Ridges & Valleys (general + implicit/explicit/param/Weierstrass) % ============================================================ \subsection*{Ridges and valleys on surfaces (general theory)} Let $S\subset\mathbb{R}^3$ be a smooth oriented surface and let $p\in S$ be a regular point. Choose a unit normal field $n$ (locally). The \emph{shape operator} (Weingarten map) is \[ S_p:T_pS\to T_pS,\qquad S_p(v)=-D_v n, \] and its eigenvalues $k_1(p)\ge k_2(p)$ are the \emph{principal curvatures} with corresponding unit eigenvectors (principal directions) $d_1(p),d_2(p)\in T_pS$. A \emph{curvature line} is a curve $\gamma(s)\subset S$ whose tangent satisfies \[ \gamma'(s)\
VII/42	valley	YES	ALL_TEX_AND_FIGURES/tex/Downloads/theory-of-differential-geometry-topics.tex	423	Ridges and valleys on surfaces (general theory)	2(\gamma(s)). \] \medskip \noindent \textbf{Directional derivative on the surface.} For a scalar field $f$ on $S$ define the directional derivative along a tangent unit vector $v\in T_pS$ by \[ \partial_v f(p) := \nabla_S f(p)\cdot v, \] where $\nabla_S$ denotes the surface gradient. \medskip \noindent \textbf{Ridge/valley conditions (canonical).} A \emph{$k_1$-ridge} is the locus where $k_1$ has a local \emph{maximum} along its own principal direction: \[ \partial_{d_1}k_1 = 0, \qquad \partial^2_{d_1}k_1 < 0. \] A \emph{$k_2$-valley} is the locus where $k_2$ has a local \emph{minimum} along its own principal direction: \[ \partial_{d_2}k_2 = 0, \qquad \partial^2_{d_2}k_2 > 0. \] (Other conventions also consider $k_1$-valleys or $k_2$-ridges by flipping the second-derivative sign.) \medskip \noindent \textbf{Practical stabili
VII/42	valley	YES	ALL_TEX_AND_FIGURES/tex/Downloads/theory-of-differential-geometry-topics.tex	430	Ridges and valleys on surfaces (general theory)	nabla_S f(p)\cdot v, \] where $\nabla_S$ denotes the surface gradient. \medskip \noindent \textbf{Ridge/valley conditions (canonical).} A \emph{$k_1$-ridge} is the locus where $k_1$ has a local \emph{maximum} along its own principal direction: \[ \partial_{d_1}k_1 = 0, \qquad \partial^2_{d_1}k_1 < 0. \] A \emph{$k_2$-valley} is the locus where $k_2$ has a local \emph{minimum} along its own principal direction: \[ \partial_{d_2}k_2 = 0, \qquad \partial^2_{d_2}k_2 > 0. \] (Other conventions also consider $k_1$-valleys or $k_2$-ridges by flipping the second-derivative sign.) \medskip \noindent \textbf{Practical stability notes.} At \emph{umbilics} ($k_1\approx k_2$) the principal directions are ill-conditioned; on nearly flat regions ($|k_i|\approx 0$) derivative estimates are noise-dominated. Numerically one typically gates dete
VII/42	valley	YES	ALL_TEX_AND_FIGURES/tex/Downloads/theory-of-differential-geometry-topics.tex	436	Ridges and valleys on surfaces (general theory)	\emph{maximum} along its own principal direction: \[ \partial_{d_1}k_1 = 0, \qquad \partial^2_{d_1}k_1 < 0. \] A \emph{$k_2$-valley} is the locus where $k_2$ has a local \emph{minimum} along its own principal direction: \[ \partial_{d_2}k_2 = 0, \qquad \partial^2_{d_2}k_2 > 0. \] (Other conventions also consider $k_1$-valleys or $k_2$-ridges by flipping the second-derivative sign.) \medskip \noindent \textbf{Practical stability notes.} At \emph{umbilics} ($k_1\approx k_2$) the principal directions are ill-conditioned; on nearly flat regions ($|k_i|\approx 0$) derivative estimates are noise-dominated. Numerically one typically gates detection by \[ |k_1-k_2|>\varepsilon \quad\text{and/or}\quad |k_i|>\kappa_{\min}, \] together with additional smoothing or robust finite-difference schemes. % --------------------------------------
VII/42	valley	YES	ALL_TEX_AND_FIGURES/tex/Downloads/theory-of-differential-geometry-topics.tex	451	Ridges and	derivative estimates are noise-dominated. Numerically one typically gates detection by \[ |k_1-k_2|>\varepsilon \quad\text{and/or}\quad |k_i|>\kappa_{\min}, \] together with additional smoothing or robust finite-difference schemes. % ------------------------------------------------------------ \subsection*{Ridges and valleys for an implicit surface $F(x,y,z)=0$} Assume $F:\mathbb{R}^3\to\mathbb{R}$ is smooth and $p\in S=\{F=0\}$ is regular, i.e.\ $\nabla F(p)\neq 0$. Let \[ g=\nabla F(p),\qquad n=\frac{g}{\|g\|},\qquad H=\mathrm{Hess}\,F(p). \] For a tangent vector $v\in T_pS$ (so $g\cdot v=0$), a useful identity is \[ D_v n = \frac{1}{\|g\|}\,H v \;-\; \frac{g^\top H v}{\|g\|^3}\,g. \] The shape operator is then obtained by projecting back to the tangent plane: \[ S_p(v)= -\,\Pi_T(D_v n), \qquad \Pi_T = I - n n^\top. \] To co
VII/42	valley	YES	ALL_TEX_AND_FIGURES/tex/Downloads/theory-of-differential-geometry-topics.tex	481	Ridges and valleys for an implicit surface $F(x,y,z)=0$	n), \qquad \Pi_T = I - n n^\top. \] To compute $(k_i,d_i)$ numerically, build an orthonormal tangent basis $(t_1,t_2)$ at $p$ and form the $2\times 2$ matrix \[ A_{ij}=\langle S_p(t_j),t_i\rangle,\qquad i,j\in\{1,2\}. \] Eigenpairs of $A$ give the principal curvatures and directions. \medskip \noindent \textbf{Ridge/valley derivatives.} Exact evaluation of $\partial_{d_i}k_i$ involves third derivatives of $F$ (since $k_i$ depends on $H$). A robust alternative is a \emph{finite difference on the surface}: \[ \partial_{d_i}k_i(p)\ \approx\ \frac{k_i(p_+)-k_i(p_-)}{2h}, \] where $p_\pm$ are obtained by stepping in $\mathbb{R}^3$ and projecting back to $F=0$: \[ \tilde p_\pm = p \pm h\,d_i(p), \qquad p_\pm \approx \mathrm{ProjectToSurface}(\tilde p_\pm). \] A simple projection step uses Newton correction along the gradient: \[ q \
VII/42	valley	YES	ALL_TEX_AND_FIGURES/tex/Downloads/theory-of-differential-geometry-topics.tex	500	Ridges and	d_i(p), \qquad p_\pm \approx \mathrm{ProjectToSurface}(\tilde p_\pm). \] A simple projection step uses Newton correction along the gradient: \[ q \leftarrow q - \frac{F(q)}{\|\nabla F(q)\|^2}\,\nabla F(q), \] applied once or twice. % ------------------------------------------------------------ \subsection*{Ridges and valleys for an explicit graph $z=f(x,y)$} For the graph surface $\phi(x,y)=(x,y,f(x,y))$, the unit normal is \[ n=\frac{(-f_x,-f_y,1)}{\sqrt{1+f_x^2+f_y^2}}. \] Principal curvatures and directions can be computed from the first and second fundamental forms in terms of $f_x,f_y,f_{xx},f_{xy},f_{yy}$ (standard differential geometry formulas). \medskip \noindent \textbf{Ridge/valley derivatives.} In analytic form, ridge tests involve third derivatives of $f$. In practice one may compute $k_i$ on a grid and approxima
VII/42	valley	YES	ALL_TEX_AND_FIGURES/tex/Downloads/theory-of-differential-geometry-topics.tex	511	Ridges and valleys for an explicit graph $z=f(x,y)$	urface $\phi(x,y)=(x,y,f(x,y))$, the unit normal is \[ n=\frac{(-f_x,-f_y,1)}{\sqrt{1+f_x^2+f_y^2}}. \] Principal curvatures and directions can be computed from the first and second fundamental forms in terms of $f_x,f_y,f_{xx},f_{xy},f_{yy}$ (standard differential geometry formulas). \medskip \noindent \textbf{Ridge/valley derivatives.} In analytic form, ridge tests involve third derivatives of $f$. In practice one may compute $k_i$ on a grid and approximate \[ \partial_{d_i}k_i \approx \frac{k_i(x_+,y_+)-k_i(x_-,y_-)}{2h}, \] where $(x_\pm,y_\pm)=(x,y)\pm h\,\hat d_i$ and $\hat d_i$ is the principal direction represented in the parameter plane. (No surface projection is needed for graphs.) % ------------------------------------------------------------ \subsection*{Ridges and valleys for a parametric surface $\phi(u,v)$} Let
VII/42	valley	YES	ALL_TEX_AND_FIGURES/tex/Downloads/theory-of-differential-geometry-topics.tex	521	Ridges and	artial_{d_i}k_i \approx \frac{k_i(x_+,y_+)-k_i(x_-,y_-)}{2h}, \] where $(x_\pm,y_\pm)=(x,y)\pm h\,\hat d_i$ and $\hat d_i$ is the principal direction represented in the parameter plane. (No surface projection is needed for graphs.) % ------------------------------------------------------------ \subsection*{Ridges and valleys for a parametric surface $\phi(u,v)$} Let $\phi:U\subset\mathbb{R}^2\to\mathbb{R}^3$ be a regular parametrization. Compute first derivatives $\phi_u,\phi_v$ and second derivatives $\phi_{uu},\phi_{uv},\phi_{vv}$. The first fundamental form is \[ E=\langle\phi_u,\phi_u\rangle,\quad F=\langle\phi_u,\phi_v\rangle,\quad G=\langle\phi_v,\phi_v\rangle, \qquad I=\begin{pmatrix}E&F\\F&G\end{pmatrix}. \] The unit normal is \[ n=\frac{\phi_u\times\phi_v}{\|\phi_u\times\phi_v\|}. \] The second fundamental form coeffi
VII/42	valley	YES	ALL_TEX_AND_FIGURES/tex/Downloads/theory-of-differential-geometry-topics.tex	554	Ridges and valleys for a parametric surface $\phi(u,v)$	ad II=\begin{pmatrix}L&M\\M&N\end{pmatrix}. \] The shape operator matrix in the $(\phi_u,\phi_v)$ basis is \[ S = I^{-1}II. \] Eigenpairs of $S$ give principal curvatures $k_i$ and principal directions in parameter coordinates, which can be mapped to tangent vectors in $\mathbb{R}^3$. \medskip \noindent \textbf{Ridge/valley derivatives (practical).} Exact formulas require derivatives of $S$ (hence third derivatives of $\phi$ and connection terms). A robust viewer-friendly approach is finite differencing in parameter space along principal directions: \[ \partial_{d_i}k_i(u,v)\ \approx\ \frac{k_i(u_+,v_+)-k_i(u_-,v_-)}{2h}, \] with $(u_\pm,v_\pm)=(u,v)\pm h\,\hat d_i$ where $\hat d_i$ is the principal direction represented in $(u,v)$. % ------------------------------------------------------------ \subsection*{Ridges and valleys
VII/42	valley	YES	ALL_TEX_AND_FIGURES/tex/Downloads/theory-of-differential-geometry-topics.tex	563	Ridges and	parameter space along principal directions: \[ \partial_{d_i}k_i(u,v)\ \approx\ \frac{k_i(u_+,v_+)-k_i(u_-,v_-)}{2h}, \] with $(u_\pm,v_\pm)=(u,v)\pm h\,\hat d_i$ where $\hat d_i$ is the principal direction represented in $(u,v)$. % ------------------------------------------------------------ \subsection*{Ridges and valleys for minimal surfaces (Weierstrass representation)} Let a minimal surface be given by Weierstrass data $(g,\omega)$ (meromorphic $g$ and holomorphic 1-form $\omega$), with immersion \[ \phi(z)=\Re\int \Big(\tfrac12(1-g^2)\omega,\ \tfrac{i}{2}(1+g^2)\omega,\ g\omega\Big). \] Minimality implies mean curvature $H=0$, hence \[ k_1 = -k_2. \] Therefore ridge/valley structure is symmetric, and it is often more robust to study extrema of the curvature magnitude \[ |k|:=|k_1|=|k_2|, \] rather than treating two unre
VII/42	valley	YES	ALL_TEX_AND_FIGURES/tex/Downloads/theory-of-differential-geometry-topics.tex	574	Ridges and valleys for minimal surfaces (Weierstrass representation)	presentation)} Let a minimal surface be given by Weierstrass data $(g,\omega)$ (meromorphic $g$ and holomorphic 1-form $\omega$), with immersion \[ \phi(z)=\Re\int \Big(\tfrac12(1-g^2)\omega,\ \tfrac{i}{2}(1+g^2)\omega,\ g\omega\Big). \] Minimality implies mean curvature $H=0$, hence \[ k_1 = -k_2. \] Therefore ridge/valley structure is symmetric, and it is often more robust to study extrema of the curvature magnitude \[ |k|:=|k_1|=|k_2|, \] rather than treating two unrelated families. \medskip \noindent \textbf{Practical computation.} In an interactive tool one typically samples $\phi(u,v)$ and then applies the \emph{parametric} pipeline above to obtain $(k_i,d_i)$ and approximate $\partial_{d_i}k_i$ (or $\partial_{d_i}|k|$) by finite differences. % ============================================================ % Ridges
VII/42	valley	YES	ALL_TEX_AND_FIGURES/tex/Downloads/theory-of-differential-geometry-topics.tex	590	Ridges and valleys for minimal surfaces (Weierstrass representation)	actical computation.} In an interactive tool one typically samples $\phi(u,v)$ and then applies the \emph{parametric} pipeline above to obtain $(k_i,d_i)$ and approximate $\partial_{d_i}k_i$ (or $\partial_{d_i}|k|$) by finite differences. % ============================================================ % Ridges / valleys overview (mesh-based, Math3D-friendly) % ============================================================ \subsection*{Ridges and valleys on a triangle mesh (overview)} \paragraph{Input (per mesh vertex $v$).} \[ p_v\in\mathbb{R}^3,\qquad n_v\in\mathbb{S}^2,\qquad k_1(v)\ge k_2(v),\qquad d_1(v),d_2(v)\in T_vS,\ \ \|d_i(v)\|=1. \] \paragraph{Output.} Polylines approximating \emph{ridges} and \emph{valleys} (with a type label), robustly clipped near umbilics and boundaries. \paragraph{Key idea
VII/42	valley	YES	ALL_TEX_AND_FIGURES/tex/Downloads/theory-of-differential-geometry-topics.tex	593	Ridges and	tain $(k_i,d_i)$ and approximate $\partial_{d_i}k_i$ (or $\partial_{d_i}|k|$) by finite differences. % ============================================================ % Ridges / valleys overview (mesh-based, Math3D-friendly) % ============================================================ \subsection*{Ridges and valleys on a triangle mesh (overview)} \paragraph{Input (per mesh vertex $v$).} \[ p_v\in\mathbb{R}^3,\qquad n_v\in\mathbb{S}^2,\qquad k_1(v)\ge k_2(v),\qquad d_1(v),d_2(v)\in T_vS,\ \ \|d_i(v)\|=1. \] \paragraph{Output.} Polylines approximating \emph{ridges} and \emph{valleys} (with a type label), robustly clipped near umbilics and boundaries. \paragraph{Key idea.} Build a signed scalar field \[ g_1(v)=\partial_{d_1}k_1(v)=\nabla_S k_1(v)\cdot d_1(v), \] trace the zero set $g_1=0$ on the mesh
VII/42	valley	YES	ALL_TEX_AND_FIGURES/tex/Downloads/theory-of-differential-geometry-topics.tex	603	Ridges and valleys on a triangle mesh (overview)	========== \subsection*{Ridges and valleys on a triangle mesh (overview)} \paragraph{Input (per mesh vertex $v$).} \[ p_v\in\mathbb{R}^3,\qquad n_v\in\mathbb{S}^2,\qquad k_1(v)\ge k_2(v),\qquad d_1(v),d_2(v)\in T_vS,\ \ \|d_i(v)\|=1. \] \paragraph{Output.} Polylines approximating \emph{ridges} and \emph{valleys} (with a type label), robustly clipped near umbilics and boundaries. \paragraph{Key idea.} Build a signed scalar field \[ g_1(v)=\partial_{d_1}k_1(v)=\nabla_S k_1(v)\cdot d_1(v), \] trace the zero set $g_1=0$ on the mesh (triangle-by-triangle), then keep only those points where $k_1$ is a \emph{true extremum} along the $d_1$ direction (max $\Rightarrow$ ridge, min $\Rightarrow$ valley). % ------------------------------------------------------------ % Step 0 — knobs that prevent explosions % -
VII/42	valley	YES	ALL_TEX_AND_FIGURES/tex/Downloads/theory-of-differential-geometry-topics.tex	612	Ridges and valleys on a triangle mesh (overview)	\paragraph{Key idea.} Build a signed scalar field \[ g_1(v)=\partial_{d_1}k_1(v)=\nabla_S k_1(v)\cdot d_1(v), \] trace the zero set $g_1=0$ on the mesh (triangle-by-triangle), then keep only those points where $k_1$ is a \emph{true extremum} along the $d_1$ direction (max $\Rightarrow$ ridge, min $\Rightarrow$ valley). % ------------------------------------------------------------ % Step 0 — knobs that prevent explosions % ------------------------------------------------------------ \subsection*{Step 0 — knobs that prevent explosions (practical gating)} \paragraph{Geometry gating (umbilics / flat regions).} \emph{Anisotropy gate (umbilic avoidance):} \[ A(v)=\frac{|k_1(v)-k_2(v)|}{|k_1(v)|+|k_2(v)|+\varepsilon}, \qquad\text{require } A(v)\ge A_{\min}, \] with typical $A_{\min}\in[0.15,0.30]$. \emph{
VII/42	valley	YES	ALL_TEX_AND_FIGURES/tex/Downloads/theory-of-differential-geometry-topics.tex	807	3.3 Stitch segments into polylines (edge-walk)	riangle) $\Rightarrow$ open polyline end, \item you return to the start $\Rightarrow$ closed loop, \item you exceed \texttt{max\_segments\_per\_polyline} $\Rightarrow$ stop (safety cap). \end{itemize} \end{itemize} % ------------------------------------------------------------ % Step 4 — classify ridge vs valley (stable extremum test) % ------------------------------------------------------------ \subsection*{Step 4 — classify each polyline as ridge vs valley (stable extremum test)} The set $g_1=0$ contains both maxima and minima candidates of $k_1$ along $d_1$. We keep only points that are genuine extrema using a robust discrete proxy. \subsubsection*{4.1 Interpolate $d_1$ and $k_1$ at a polyline point} For a point $x$ on a segment inside triangle $T=(a,b,c)$, compute barycentric weights $(\lambda_a,
VII/42	valley	YES	ALL_TEX_AND_FIGURES/tex/Downloads/theory-of-differential-geometry-topics.tex	810	Step 4 — classify each polyline as ridge vs	line} $\Rightarrow$ stop (safety cap). \end{itemize} \end{itemize} % ------------------------------------------------------------ % Step 4 — classify ridge vs valley (stable extremum test) % ------------------------------------------------------------ \subsection*{Step 4 — classify each polyline as ridge vs valley (stable extremum test)} The set $g_1=0$ contains both maxima and minima candidates of $k_1$ along $d_1$. We keep only points that are genuine extrema using a robust discrete proxy. \subsubsection*{4.1 Interpolate $d_1$ and $k_1$ at a polyline point} For a point $x$ on a segment inside triangle $T=(a,b,c)$, compute barycentric weights $(\lambda_a,\lambda_b,\lambda_c)$. Using triangle-aligned directions $d_a,d_b,d_c$, define \[ d(x)=\mathrm{normalize}\bigl(\lambda_a d_a + \lambda_b d_b + \lambd
VII/42	valley	YES	ALL_TEX_AND_FIGURES/tex/Downloads/theory-of-differential-geometry-topics.tex	847	4.3 Extremum test (ridge vs	current triangle, hop across edges if the closest point lies outside, and stop after \texttt{proj\_max\_steps} (e.g.\ 20). This mirrors a streamline-style projection step. Let the projected points be $x_+$ and $x_-$, and interpolate $k_1$ there to get $k_+$ and $k_-$. \subsubsection*{4.3 Extremum test (ridge vs valley)} Use a noise margin \[ \delta_k=\delta_{\mathrm{factor}}\cdot |k(x)|, \qquad \delta_{\mathrm{factor}}\in[0.02,0.10]. \] \emph{Ridge} (local maximum of $k_1$ along $d_1$): \[ k(x)>k_+ + \delta_k \quad\text{and}\quad k(x)>k_- + \delta_k. \] \emph{Valley} (local minimum of $k_1$ along $d_1$): \[ k(x)<k_+ - \delta_k \quad\text{and}\quad k(x)<k_- - \delta_k. \] Keep only ridge points for ridge polylines and valley points for valley polylines. Optionally split a polyline where the class
VII/42	valley	YES	ALL_TEX_AND_FIGURES/tex/Downloads/theory-of-differential-geometry-topics.tex	862	4.3 Extremum test (ridge vs valley)	. \subsubsection*{4.3 Extremum test (ridge vs valley)} Use a noise margin \[ \delta_k=\delta_{\mathrm{factor}}\cdot |k(x)|, \qquad \delta_{\mathrm{factor}}\in[0.02,0.10]. \] \emph{Ridge} (local maximum of $k_1$ along $d_1$): \[ k(x)>k_+ + \delta_k \quad\text{and}\quad k(x)>k_- + \delta_k. \] \emph{Valley} (local minimum of $k_1$ along $d_1$): \[ k(x)<k_+ - \delta_k \quad\text{and}\quad k(x)<k_- - \delta_k. \] Keep only ridge points for ridge polylines and valley points for valley polylines. Optionally split a polyline where the classification changes. \medskip \noindent \textbf{Remark.} This replaces a strict second-derivative condition (e.g.\ $\partial_{d_1}^2 k_1<0$ for ridges) with a stable discrete test based on sampling and projection. % -----------------------------------------------
VII/42	valley	YES	ALL_TEX_AND_FIGURES/tex/Downloads/theory-of-differential-geometry-topics.tex	869	4.3 Extremum test (ridge vs valley)	.02,0.10]. \] \emph{Ridge} (local maximum of $k_1$ along $d_1$): \[ k(x)>k_+ + \delta_k \quad\text{and}\quad k(x)>k_- + \delta_k. \] \emph{Valley} (local minimum of $k_1$ along $d_1$): \[ k(x)<k_+ - \delta_k \quad\text{and}\quad k(x)<k_- - \delta_k. \] Keep only ridge points for ridge polylines and valley points for valley polylines. Optionally split a polyline where the classification changes. \medskip \noindent \textbf{Remark.} This replaces a strict second-derivative condition (e.g.\ $\partial_{d_1}^2 k_1<0$ for ridges) with a stable discrete test based on sampling and projection. % ------------------------------------------------------------ % Step 5 — final cleanup % ------------------------------------------------------------ \subsection*{Step 5 — final cleanup (must-have for stability)}
VII/05	covector	YES	ALL_TEX_AND_FIGURES/tex/Downloads/theory-of-geometry-1.tex	3306	Why $df_{(a,d)	\left(\frac{\partial f}{\partial x}(a,d),\frac{\partial f}{\partial y}(a,d)\right)\cdot(\Delta a,\Delta d) = \nabla f(a,d)\cdot(\Delta a,\Delta d). \] Hence \[ df_{(a,d)}(\Delta a,\Delta d)=\nabla f(a,d)\cdot(\Delta a,\Delta d). \] \medskip \noindent\textbf{Conceptual reason.} The differential $df_p$ is a covector (linear functional). In Euclidean space with the standard inner product $\langle\cdot,\cdot\rangle$, every covector $L$ can be represented uniquely as \[ L(h)=\langle v,h\rangle \quad\text{for a unique vector }v. \] The gradient is precisely this representing vector: it is defined by \[ df_p(h)=\langle \nabla f(p),h\rangle\qquad\text{for all }h\in\mathbb{R}^2. \] For the standard inner product, $\langle u,v\rangle=u\cdot v$, giving the stated formula. \end{document}
VII/05	covector	YES	ALL_TEX_AND_FIGURES/tex/Downloads/theory-of-geometry-1.tex	3307	Why $df_{(a,d)	a f(a,d)\cdot(\Delta a,\Delta d). \] Hence \[ df_{(a,d)}(\Delta a,\Delta d)=\nabla f(a,d)\cdot(\Delta a,\Delta d). \] \medskip \noindent\textbf{Conceptual reason.} The differential $df_p$ is a covector (linear functional). In Euclidean space with the standard inner product $\langle\cdot,\cdot\rangle$, every covector $L$ can be represented uniquely as \[ L(h)=\langle v,h\rangle \quad\text{for a unique vector }v. \] The gradient is precisely this representing vector: it is defined by \[ df_p(h)=\langle \nabla f(p),h\rangle\qquad\text{for all }h\in\mathbb{R}^2. \] For the standard inner product, $\langle u,v\rangle=u\cdot v$, giving the stated formula. \end{document}
VII/14	surface patch	YES	ALL_TEX_AND_FIGURES/tex/Downloads/theory-of-geometry-2.tex	2845	Theory: normal curvature, principal curvatures, and mean curvature	======== % Background fills % ========================= \begin{pgfonlayer}{bg} \fill[PlaneGray!12] (A) -- (B) -- (C) -- (D) -- cycle; \fill[SectionPurple!10] (E) -- (F) -- (G) -- (H) -- cycle; \end{pgfonlayer} % ========================= % Geometry (main layer) % ========================= % surface patch \draw[very thick, SurfBlue] (-3,-0.8) .. controls (-1,-0.2) and (1,-0.2) .. (3,-0.8); \draw[very thick, SurfBlue] (-3, 0.8) .. controls (-1, 0.2) and (1, 0.2) .. (3, 0.8); \draw[very thick, SurfBlue] (-3,-0.8) .. controls (-2,0) and (-1,0) .. (-3,0.8); \draw[very thick, SurfBlue] ( 3,-0.8) .. controls ( 2,0) and ( 1,0) .. ( 3,0.8); % tangent plane border \draw[very thick, PlaneGray] (A) -- (B) -- (C) -- (D) -- cycle; % normal-section plane border \draw[very thick, dashed, Section
VII/42	curvature line	YES	ALL_TEX_AND_FIGURES/tex/Downloads/theory-of-geometry-2.tex	2721	Problem 7. Mean curvature as an average of normal curvatures	H=\frac1\pi\int_0^\pi k_n(\theta)\,d\theta. \] (Using $[0,\pi]$ is natural since $k_n(\theta)$ has period $\pi$.) \bigskip \begin{figure}[H] \centering \includegraphics[width=0.72\linewidth]{problem7_kn_vs_theta.png} \caption{Problem 7: Normal curvature $k_n(\theta)$ versus direction angle $\theta$, with the mean curvature line $H$.} \end{figure} \subsection*{Theory: normal curvature, principal curvatures, and mean curvature} Let $S\subset\mathbb R^3$ be a smooth surface and $p\in S$. Fix a unit normal $N$ near $p$. For a unit tangent direction $t\in T_pS$ ($\|t\|=1$), the \emph{normal curvature} $k_n(t)$ is the (signed) curvature at $p$ of the normal section curve obtained by intersecting $S$ with the plane spanned by $t$ and $N(p)$. Equivalently, using the shape operator (Weingarten map) \[ S_p:T_pS\to T_pS,\qquad
VII/42	curvature line	YES	ALL_TEX_AND_FIGURES/tex/Downloads/theory-of-geometry-2.tex	3071	Problem 8. Gaussian and mean curvature of a surface of revolution	2\left(-\frac{g'}{f}+f''g'-f'g''\right). \] (The sign of $H$ depends on the chosen orientation of $N$, while $K$ does not.) \begin{figure}[H] \centering \includegraphics[width=0.72\linewidth]{problem7_kn_vs_theta.png} \caption{Problem 7: Normal curvature $k_n(\theta)$ versus direction angle $\theta$, with the mean curvature line $H$.} \end{figure} \begin{figure}[H] \centering \includegraphics[width=0.62\linewidth]{problem8_generating_curve_torus.png} \caption{Problem 8: Example profile curve $(f(v),g(v))$ (torus). The parameter $v$ is arclength along the profile.} \end{figure} \begin{figure}[H] \centering \includegraphics[width=0.72\linewidth]{problem8_K_vs_v_torus.png} \caption{Problem 8 (torus example): Gaussian curvature $K(v)$ along the profile parameter $v$.} \end{figure} \begin{figure}[H] \centering \include
VII/05	1-form	YES	ALL_TEX_AND_FIGURES/tex/Downloads/theory-of-geometry-3.tex	2855	Problem 7: Weierstrass data: immersion criterion	es of $g$ and the order of its zero at such a point is \emph{exactly twice} the order of the pole of $g$. \medskip \textbf{Solution.} In Weierstrass form one may write (up to an overall constant depending on convention) \[ \phi_z = \big((1-g^2)f,\; i(1+g^2)f,\; 2gf\big), \] a holomorphic $\mathbb C^3$-valued 1-form. The map is an immersion iff $\phi_z\neq 0$ everywhere. If $g$ is holomorphic at $p$ and $f(p)=0$, then all components of $\phi_z$ vanish at $p$, so $\phi$ is not an immersion. Hence $f$ may vanish only at poles of $g$. Now let $p$ be a pole of $g$ of order $m$. Choose a local coordinate $z$ with $z(p)=0$ and write \[ g(z)=a z^{-m}+\cdots,\quad a\neq 0;\qquad f(z)=b z^{n}+\cdots,\quad b\neq 0. \] Then \[ (1-g^2)f \sim (-a^2)b\,z^{n-2m},\qquad (1+g^2)f\sim (a^2)b\,z^{n-2m},\qquad 2gf\sim 2ab\,z^{
VII/05	1-form	YES	ALL_TEX_AND_FIGURES/tex/Downloads/theory-of-geometry-3.tex	2897	Weierstrass--Enneper representation (parametrization of minimal surfaces)	lent to harmonicity of $X$: \[ H\equiv 0 \quad\Longleftrightarrow\quad X_{uu}+X_{vv}=0 \quad\Longleftrightarrow\quad X \text{ is harmonic componentwise.} \] \medskip \textbf{Weierstrass data.} Choose \[ g:\Omega\to\widehat{\mathbb{C}} \quad\text{(meromorphic)},\qquad \eta = h(z)\,dz \quad\text{(holomorphic 1-form)}, \] such that zeros of $\eta$ cancel poles/zeros of $g$ so that the expressions below are holomorphic. Define holomorphic 1-forms \[ \phi_1=\frac12\left(\frac{1}{g}-g\right)\eta,\qquad \phi_2=\frac{i}{2}\left(\frac{1}{g}+g\right)\eta,\qquad \phi_3=\eta. \] They satisfy the key identity \[ \phi_1^2+\phi_2^2+\phi_3^2=0. \] \medskip \textbf{Representation theorem.} Define \[ X(z)=\Re\int^z (\phi_1,\phi_2,\phi_3). \] Then $X:\Omega\to\mathbb{R}^3$ is a \emph{conformal minimal immersion}
VII/05	1-form	YES	ALL_TEX_AND_FIGURES/tex/Downloads/theory-of-geometry-3.tex	2901	Weierstrass--Enneper representation (parametrization of minimal surfaces)	onic componentwise.} \] \medskip \textbf{Weierstrass data.} Choose \[ g:\Omega\to\widehat{\mathbb{C}} \quad\text{(meromorphic)},\qquad \eta = h(z)\,dz \quad\text{(holomorphic 1-form)}, \] such that zeros of $\eta$ cancel poles/zeros of $g$ so that the expressions below are holomorphic. Define holomorphic 1-forms \[ \phi_1=\frac12\left(\frac{1}{g}-g\right)\eta,\qquad \phi_2=\frac{i}{2}\left(\frac{1}{g}+g\right)\eta,\qquad \phi_3=\eta. \] They satisfy the key identity \[ \phi_1^2+\phi_2^2+\phi_3^2=0. \] \medskip \textbf{Representation theorem.} Define \[ X(z)=\Re\int^z (\phi_1,\phi_2,\phi_3). \] Then $X:\Omega\to\mathbb{R}^3$ is a \emph{conformal minimal immersion} (away from points where all $\phi_k$ vanish). Conversely, every conformal minimal immersion on a simply connected domain arises this wa
VII/14	regular surface	YES	ALL_TEX_AND_FIGURES/tex/Downloads/theory-of-geometry-3.tex	1472	Levi--Civita connection	W(t)=Df_{\alpha(t)}(V(t))$}; \end{tikzpicture} \caption{An isometry $f$ pushes forward a vector field $V$ along $\alpha$ to the vector field $W(t)=Df_{\alpha(t)}(V(t))$ along $\gamma=f\circ\alpha$.} \end{figure} \subsubsection*{Levi--Civita connection} Let $(M,g)$ be a Riemannian manifold (in particular, a regular surface with the first fundamental form). A \emph{connection} on $TM$ is a map \[ \nabla:\Gamma(TM)\times \Gamma(TM)\to \Gamma(TM),\qquad (X,Y)\mapsto \nabla_X Y, \] called the \emph{covariant derivative}, such that for all smooth functions $f$ and vector fields $X,Y,Z$: \begin{enumerate} \item $\nabla_{fX+Y}Z = f\nabla_X Z + \nabla_Y Z$, \item $\nabla_X(Y+Z)=\nabla_XY+\nabla_XZ$, \item $\nabla_X(fY)=X(f)\,Y + f\nabla_XY$. \end{enumerate} \medskip There exists a unique connection $\nabla$ s
VII/14	regular surface	YES	ALL_TEX_AND_FIGURES/tex/Downloads/theory-of-geometry-3.tex	2754	Problem 6 (Minimal surfaces and conformality of the Gauss map)	ently, if $X:U\to S$ is a parametrization with $X(u,v)=(X^1(u,v),X^2(u,v),X^3(u,v))$, then \[ x^k|_S \circ X = x^k\circ X = X^k(u,v), \] so the restricted coordinates are exactly the component functions of the immersion $X$. \subsection*{Problem 6 (Minimal surfaces and conformality of the Gauss map)} Let $S$ be a regular surface without umbilical points. Prove that $S$ is minimal iff the Gauss map $N:S\to S^2$ satisfies \[ \langle dN_p(v_1), dN_p(v_2)\rangle = \lambda(p)\,\langle v_1,v_2\rangle \] for all $p\in S$ and all $v_1,v_2\in T_pS$, where $\lambda(p)\neq 0$ depends only on $p$. By considering stereographic projection deduce that isothermal coordinates exist around a nonplanar point in a minimal surface. \medskip \textbf{Solution.} Let $S_p:T_pS\to T_pS$ be the shape operator. The Weingarten relation is
VII/14	parametrized surface	YES	ALL_TEX_AND_FIGURES/tex/Downloads/theory-of-geometry-3.tex	3624	Where do $\phi_x$ and $\phi_y$ come from?	rivative produces $\Phi=2\phi_z\in\mathbb C^3$ with $\Phi\cdot\Phi=0$; and the functions $f=\Phi_1-i\Phi_2$ and $g=\Phi_3/f$ encode $\Phi$, with $g$ representing the Gauss map (stereographic coordinate) and $f\,dz$ controlling the conformal scale. \medskip \subsubsection*{Where do $\phi_x$ and $\phi_y$ come from?} A parametrized surface patch is a smooth map \[ \phi : D \subset \mathbb R^2 \to \mathbb R^3,\qquad (x,y)\mapsto \phi(x,y). \] Hence it has the usual partial derivatives with respect to the two real parameters: \[ \phi_x(x,y)=\frac{\partial \phi}{\partial x}(x,y),\qquad \phi_y(x,y)=\frac{\partial \phi}{\partial y}(x,y). \] Writing $\phi=(\phi^1,\phi^2,\phi^3)$, these are \[ \phi_x=\big(\partial_x\phi^1,\partial_x\phi^2,\partial_x\phi^3\big)\in\mathbb R^3, \qquad \phi_y=\big(\partial_y\phi^1,\partial_y\phi^2,\partial_
VII/14	surface patch	YES	ALL_TEX_AND_FIGURES/tex/Downloads/theory-of-geometry-3.tex	521	Examples and intuition	"t{ lbl/.style={fill=white, fill opacity=1, text opacity=1, inner sep=2pt, rounded corners=1.2pt}, } % --- Direction a: take a = e_z for a clean ""height"" picture --- \coordinate (O) at (0,0,0); \draw[->, ultra thick, DirRed] (O) -- (0,0,2.8); \node[lbl] at (0,0,3.05) {$a$}; % --- A shaded ""surface patch"" (schematic compact surface piece) --- % (just a blob-like patch with a bit of waviness) \coordinate (S1) at (-2.4,-1.3, 0.25); \coordinate (S2) at (-2.0, 0.9, 0.80); \coordinate (S3) at (-0.6, 2.1, 1.10); \coordinate (S4) at ( 1.2, 1.7, 0.85); \coordinate (S5) at ( 2.5, 0.2, 0.45); \coordinate (S6) at ( 2.0,-1.7, 0.15); \coordinate (S7) at ( 0.2,-2.5, 0.55); \coordinate (S8) at (-1.7,-2.2, 0.35); % fill first (so edges/lines are visible) \fill[SurfBlue!12] (S1)"
VII/14	surface patch	YES	ALL_TEX_AND_FIGURES/tex/Downloads/theory-of-geometry-3.tex	764	Examples and intuition	60,60} \definecolor{Gray}{RGB}{110,110,110} % Opaque labels (prevents occlusion) \tikzset{ lbl/.style={fill=white, fill opacity=1, text opacity=1, inner sep=2pt, rounded corners=1.2pt}, arr/.style={->, very thick}, } % ========================================================== % LEFT: surface patch B ⊂ S % ========================================================== \begin{scope}[shift={(-4.8,0,0)}] % A schematic curved surface patch boundary \coordinate (A) at (-1.8,-1.1, 0.25); \coordinate (B) at ( 1.6,-1.0, 0.10); \coordinate (C) at ( 1.9, 1.2, 0.55); \coordinate (D) at (-1.5, 1.1, 0.75); % Fill patch (curvy quadrilateral) \fill[SurfBlue!14] (A) .. controls (-0.8,-1.2,0.35) and (0.8,-1.2,0.15) .. (B) .. controls (2.2,-0.2,0.05) and (2.2,0.8,0.
VII/14	surface patch	YES	ALL_TEX_AND_FIGURES/tex/Downloads/theory-of-geometry-3.tex	768	Examples and intuition	t opacity=1, inner sep=2pt, rounded corners=1.2pt}, arr/.style={->, very thick}, } % ========================================================== % LEFT: surface patch B ⊂ S % ========================================================== \begin{scope}[shift={(-4.8,0,0)}] % A schematic curved surface patch boundary \coordinate (A) at (-1.8,-1.1, 0.25); \coordinate (B) at ( 1.6,-1.0, 0.10); \coordinate (C) at ( 1.9, 1.2, 0.55); \coordinate (D) at (-1.5, 1.1, 0.75); % Fill patch (curvy quadrilateral) \fill[SurfBlue!14] (A) .. controls (-0.8,-1.2,0.35) and (0.8,-1.2,0.15) .. (B) .. controls (2.2,-0.2,0.05) and (2.2,0.8,0.45) .. (C) .. controls (0.7,1.55,0.75) and (-0.5,1.5,0.85) .. (D) .. controls (-2.1,0.4,0.95) and (-2.2,-0.4,0.45) .. cycle; \draw[ver
VII/14	surface patch	YES	ALL_TEX_AND_FIGURES/tex/Downloads/theory-of-geometry-3.tex	3624	Where do $\phi_x$ and $\phi_y$ come from?	uces $\Phi=2\phi_z\in\mathbb C^3$ with $\Phi\cdot\Phi=0$; and the functions $f=\Phi_1-i\Phi_2$ and $g=\Phi_3/f$ encode $\Phi$, with $g$ representing the Gauss map (stereographic coordinate) and $f\,dz$ controlling the conformal scale. \medskip \subsubsection*{Where do $\phi_x$ and $\phi_y$ come from?} A parametrized surface patch is a smooth map \[ \phi : D \subset \mathbb R^2 \to \mathbb R^3,\qquad (x,y)\mapsto \phi(x,y). \] Hence it has the usual partial derivatives with respect to the two real parameters: \[ \phi_x(x,y)=\frac{\partial \phi}{\partial x}(x,y),\qquad \phi_y(x,y)=\frac{\partial \phi}{\partial y}(x,y). \] Writing $\phi=(\phi^1,\phi^2,\phi^3)$, these are \[ \phi_x=\big(\partial_x\phi^1,\partial_x\phi^2,\partial_x\phi^3\big)\in\mathbb R^3, \qquad \phi_y=\big(\partial_y\phi^1,\partial_y\phi^2,\partial_y\phi^3\big)\
VII/14	surface patch	YES	ALL_TEX_AND_FIGURES/tex/Downloads/theory-of-geometry-3.tex	4632		de is compact (Hopf--Rinow), implying $S$ is compact. \medskip \textbf{Schematic charts (optional).} The following figures are schematic (topological cartoons), but are useful to remember what each part says. \begin{figure}[H] \centering \begin{tikzpicture}[scale=1.05, line cap=round, line join=round] % surface patch (cartoon) \draw[thick] (-2,0) .. controls (-1,1.2) and (1,1.2) .. (2,0) .. controls (1,-1.1) and (-1,-1.1) .. cycle; % points \fill (-0.9,0.3) circle (1.5pt) node[above left] {$p$}; \fill ( 1.0,0.2) circle (1.5pt) node[above right] {$q$}; % two curves \draw[thick] (-0.9,0.3) .. controls (-0.2,0.9) and (0.4,0.9) .. (1.0,0.2) node[midway,above] {$\alpha$}; \draw[thick,dashed] (-0.9,0.3) .. controls (-0.4,-0.2) and (0.4,-0.4) .. (1.0,0.2) node[midway,below] {$\beta$}; \no
VII/14	surface patch	YES	ALL_TEX_AND_FIGURES/tex/Downloads/theory-of-geometry-3.tex	4650		ashed] (-0.9,0.3) .. controls (-0.4,-0.2) and (0.4,-0.4) .. (1.0,0.2) node[midway,below] {$\beta$}; \node at (0,-1.55) {$d(p,q)=\inf\{\ell(\alpha):\alpha\in\Omega(p,q)\}$.}; \end{tikzpicture} \end{figure} \begin{figure}[H] \centering \begin{tikzpicture}[scale=1.05, line cap=round, line join=round] % surface patch (cartoon) \draw[thick] (-2,0) .. controls (-1,1.2) and (1,1.2) .. (2,0) .. controls (1,-1.1) and (-1,-1.1) .. cycle; % point p \fill (-1.2,-0.1) circle (1.5pt) node[left] {$p$}; % ray \draw[thick,->] (-1.2,-0.1) .. controls (-0.2,0.8) and (0.8,0.9) .. (1.6,0.2) node[above right] {$\gamma$}; \node at (0,-1.55) {$\gamma$ is a ray if $d(p,\gamma(s))=s$ for all $s\ge 0$.}; \end{tikzpicture} \end{figure} \begin{figure}[H] \centering \begin{tikzpicture}[scale=1.05, line cap
VII/22	levi-civita	YES	ALL_TEX_AND_FIGURES/tex/Downloads/theory-of-geometry-3.tex	4287	Problem 11. Curvature, geodesics, and local isometry	r coordinates determines the metric.} Fix $p\in S$ and introduce geodesic polar coordinates $(r,\theta)$ around $p$ (for $r$ small). In these coordinates the metric takes the form \[ ds^2 = dr^2 + G(r,\theta)^2\,d\theta^2, \qquad G(0,\theta)=0,\quad G_r(0,\theta)=1. \] A standard computation (using the Levi-Civita connection in these coordinates) yields the ODE \[ G_{rr}(r,\theta)+K(r,\theta)\,G(r,\theta)=0, \] where $K(r,\theta)$ is the Gauss curvature in the same polar coordinates. Assume the property from (iii): for each fixed direction $\theta$, the curvature functions along the corresponding radial geodesics agree between $S_1$ and $S_2$. Then the functions $G_1(r,\theta)$ and $G_2(r,\theta)$ satisfy the same ODE in $r$ with the same initial conditions, hence \[ G_1(r,\theta)=G_2(r,\thet
VII/05	covector	YES	ALL_TEX_AND_FIGURES/tex/Downloads/theory-of-geometry-4.tex	1055	Covariant vs. contravariant components (index notation)	e can \emph{lower an index}: \[ V_i \;:=\; g_{ij}\,V^j. \] The numbers $V_i$ (lower indices) are the \textbf{covariant components}; they transform with the inverse Jacobian: \[ V_{i'}=\frac{\partial u^{j}}{\partial u^{i'}}\,V_j. \] (Conceptually: contravariant components describe vectors; covariant components describe covectors/linear functionals. The metric converts between them.) \subsection*{Covariant derivative along a curve and the geodesic ODE} Let $V(t)=V^k(t)\,\partial_k$ be a vector field along $\gamma(t)$, and write $\dot\gamma(t)=u'^i(t)\,\partial_i$. Because the basis $\partial_k$ changes from point to point, the naive derivative $\frac{dV^k}{dt}$ is not intrinsic. The \textbf{covariant derivative along $\gamma$} is \[ \frac{D V^k}{dt} \;=\; \frac{dV^k}{dt} + \Gamma^k_{ij}(\gamma(t))\,u'^i(t)\,V^j(t), \qquad\text{s
VII/05	1-form	YES	ALL_TEX_AND_FIGURES/tex/Downloads/theory-of-geometry-4.tex	1880	Problem 10 (Holonomy angle and Gaussian curvature)	\psi(\ell)-\psi(0)=\int_R K\,dA. \] Let $S$ be a connected surface. Use the above to show that if the parallel transport between any two points does not depend on the curve joining the points, then the Gaussian curvature of $S$ is zero. \textbf{Solution.} \textit{Setup: an orthonormal frame and the connection 1-form.} Since $\phi$ is orthogonal, write the first fundamental form as \[ ds^2 = E\,du^2 + G\,dv^2 \qquad (F=0), \] and define an oriented orthonormal frame on $\phi(U)$ by \[ e_1=\frac{\phi_u}{\sqrt{E}},\qquad e_2=\frac{\phi_v}{\sqrt{G}}. \] Let $\omega_{12}$ be the Levi--Civita connection 1-form of this frame, characterized by \[ \nabla e_1 = \omega_{12}\, e_2,\qquad \nabla e_2 = -\omega_{12}\, e_1, \] equivalently $\omega_{12}(X)=\langle \nabla_X e_1, e_2\rangle$. \textit{Step 1: relate the ang
VII/05	1-form	YES	ALL_TEX_AND_FIGURES/tex/Downloads/theory-of-geometry-4.tex	1889	Problem 10 (Holonomy angle and Gaussian curvature)	d the connection 1-form.} Since $\phi$ is orthogonal, write the first fundamental form as \[ ds^2 = E\,du^2 + G\,dv^2 \qquad (F=0), \] and define an oriented orthonormal frame on $\phi(U)$ by \[ e_1=\frac{\phi_u}{\sqrt{E}},\qquad e_2=\frac{\phi_v}{\sqrt{G}}. \] Let $\omega_{12}$ be the Levi--Civita connection 1-form of this frame, characterized by \[ \nabla e_1 = \omega_{12}\, e_2,\qquad \nabla e_2 = -\omega_{12}\, e_1, \] equivalently $\omega_{12}(X)=\langle \nabla_X e_1, e_2\rangle$. \textit{Step 1: relate the angle change to $\omega_{12}$.} Along $\alpha(t)$, write the transported unit vector $W(t)$ in the frame: \[ W(t)=\cos\psi(t)\,e_1(\alpha(t))+\sin\psi(t)\,e_2(\alpha(t)). \] Differentiate covariantly along $\alpha$ and use that $W$ is parallel: \[ \nabla_{\alpha'}W = 0. \] Using the frame relatio
VII/05	1-form	YES	ALL_TEX_AND_FIGURES/tex/Downloads/theory-of-geometry-4.tex	2026	Theory for Problem 10: parallel transport, connection	, then by Stokes' theorem, \[ \int_\alpha \omega_{12}=\int_{\partial R}\omega_{12}=\int_R d\omega_{12} =\int_R K\,dA. \] Combining this with (3) gives the holonomy formula used in Problem~10: \[ \boxed{\,\psi(\ell)-\psi(0)=\int_R K\,dA\,}. \] \subsubsection*{Theory for Problem 10: parallel transport, connection 1-form, and holonomy} Let $S$ be an oriented surface with the induced Riemannian metric and Levi--Civita connection $\nabla$. \paragraph{1) Oriented orthonormal frame and the connection $1$-form.} Let $(e_1,e_2)$ be a local \emph{oriented orthonormal tangent frame} on an open set $U\subset S$. There exists a unique $1$-form $\omega_{12}$ on $U$ (the \emph{connection $1$-form}) such that for every tangent vector field $X$ \[ \nabla_X e_1 \;=\; \omega_{12}(X)\,e_2, \qquad \nabla_X e_2 \;=\; -\omega_{12}(X
VII/14	surface patch	YES	ALL_TEX_AND_FIGURES/tex/Downloads/theory-of-geometry-4.tex	1177	Diagram: decomposition of ambient acceleration and covariant acceleration	}{RGB}{55,120,200} \definecolor{velOrange}{RGB}{230,140,40} \definecolor{accRed}{RGB}{220,60,60} \definecolor{normGreen}{RGB}{40,150,90} % --- Point p --- \coordinate (P) at (0,0,0); \fill (P) circle (2.2pt); \node[below left, xshift=-6pt, yshift=-2pt] at (P) {$p=\gamma(t)$}; % --- A small curved surface patch (schematic) --- \def\a{0.10} \def\b{0.06} % Draw a light mesh on the surface \foreach \x in {-1.4,-1.0,...,1.4} { \draw[thin, color=meshgray, opacity=0.28] plot[variable=\y, domain=-1.2:1.2, samples=20] ({\x},{\y},{\a*\x*\x - \b*\y*\y}); } \foreach \y in {-1.2,-0.8,...,1.2} { \draw[thin, color=meshgray, opacity=0.28] plot[variable=\x, domain=-1.4:1.4, samples=20] ({\x},{\y},{\a*\x*\x - \b*\y*\y}); } % --- Tangent plane at p (parallelogram) --- \coordinate (A)
VII/14	surface patch	YES	ALL_TEX_AND_FIGURES/tex/Downloads/theory-of-geometry-4.tex	1957	Problem 10 (Holonomy angle and Gaussian curvature)	tends to its value at the point). Hence $K(p)=0$ for all $p$, i.e.\ $K\equiv 0$ on $S$. \paragraph{Examples.} \begin{itemize} \item On the unit sphere $S^2$, $K\equiv 1$, so the angle change after transporting around a region $R$ equals $\mathrm{Area}(R)$ on the sphere. \item On a plane (or any developable surface patch), $K\equiv 0$, and parallel transport is path-independent locally: the holonomy angle around any small loop is $0$. \end{itemize} \subsubsection*{Theory (Problem 10): parallel transport, connection form, and curvature} Let $S$ be an oriented surface with the induced Riemannian metric and Levi--Civita connection $\nabla$. \paragraph{1) Oriented orthonormal frame and the connection $1$-form.} Let $(e_1,e_2)$ be a local oriented orthonormal tangent frame on an open set $U\subset S$. There exists
VII/14	surface patch	YES	ALL_TEX_AND_FIGURES/tex/Downloads/theory-of-geometry-4.tex	2142	Theory for Problem 10: parallel transport, connection 1-form, and holonomy	10eq/.style={font=\Large, P10Gray} } % Convenience: oriented arrow on a path \tikzset{ ->-/.style={ decoration={markings, mark=at position #1 with {\arrow{Latex[length=2.5mm,width=2mm]}}}, postaction={decorate} }, ->-/.default=0.65 } % ------------------------------------------------- % FIGURE 1: Surface patch + loop + transported vector % ------------------------------------------------- \begin{figure}[H] \centering \begin{tikzpicture}[p10, scale=1.15] \path[p10region, fill=P10Blue!08] (0,0) .. controls (1.6,1.2) and (3.0,1.0) .. (3.2,0) .. controls (3.3,-1.1) and (1.8,-1.3) .. (0.3,-0.8) .. controls (-0.6,-0.5) and (-0.5,0.6) .. cycle; % label moved slightly up \node[p10note, anchor=south] at (2.50,0.98) {$S$ (local patch)}; % Loop alpha = boundary of R \draw[p10loop] (1.7,0.0)
VII/14	surface patch	YES	ALL_TEX_AND_FIGURES/tex/Downloads/theory-of-geometry-4.tex	2179		node[anchor=west, p10note, xshift=14pt, yshift=6pt] {$W(\ell)$}; \draw[P10Red!85!black, p10thin] (3.30,0.10) arc[start angle=18, end angle=35, radius=0.55]; % move slightly up/right \node[p10note, P10Red!85!black] at (3.68,0.34) {$\Delta\psi$}; \end{tikzpicture} \caption{Loop $\alpha=\partial R$ on a surface patch: parallel transport around $\alpha$ returns a rotated vector; the net rotation is the holonomy angle $\Delta\psi$.} \label{fig:p10-setup-tikz} \end{figure} % ------------------------------------------------- % FIGURE 2: Tangent plane frame + angle psi(t) % ------------------------------------------------- \begin{figure}[H] \centering \begin{tikzpicture}[p10, scale=1.15] % Tangent plane patch \path[fill=black!5, draw=black!25, line width=0.7pt] (-2.2,-1.1) -- (2.2,-1.1) -- (2.
VII/22	koszul formula	YES	ALL_TEX_AND_FIGURES/tex/Downloads/theory-of-geometry-4.tex	1379	Christoffel symbols from the Levi--Civita connection (and application to $ds^2=du^2+G\,dv^2$)	(Koszul) formula in coordinates.} Let $(S,g)$ be a Riemannian surface and let $(x^1,x^2)$ be local coordinates with $\partial_i:=\frac{\partial}{\partial x^i}$. The Levi--Civita connection $\nabla$ is characterized by torsion-freeness and metric-compatibility. In coordinates, since $[\partial_i,\partial_j]=0$, the Koszul formula reduces to \[ 2\big\langle \nabla_{\partial_i}\partial_j,\partial_k\big\rangle = \partial_i\langle \partial_j,\partial_k\rangle +\partial_j\langle \partial_i,\partial_k\rangle -\partial_k\langle \partial_i,\partial_j\rangle. \] Writing $g_{ij}=\langle \partial_i,\partial_j\rangle$, this becomes \[ 2\big\langle \nabla_{\partial_i}\partial_j,\partial_k\big\rangle = \partial_i g_{jk}+\partial_j g_{ik}-\partial_k g_{ij}. \] Expanding $\nabla_{\partial_i}\partial_j$ in the coordinate basis,
VII/14	regular surface	YES	ALL_TEX_AND_FIGURES/tex/Downloads/theory-of-geometry-II.tex	2652	Ruled, developable and (strictly) convex surfaces	ns “built from straight lines’’; it does \emph{not} by itself impose any condition on the curvature. \bigskip \paragraph{Developable surfaces.} A surface $\Sigma$ is called \emph{developable} if it can be unfolded onto the plane without stretching or tearing, i.e.\ if it is locally isometric to the plane. For regular surfaces in $\mathbb{R}^3$ this is equivalent to \emph{vanishing Gaussian curvature}: \[ K\equiv 0 \quad\Longleftrightarrow\quad \text{$\Sigma$ is (locally) developable}. \] Among ruled surfaces one has the classical classification: a smooth ruled surface with $K=0$ is locally a piece of a plane, a cylinder, a cone, or a tangent developable of a space curve. Examples of \emph{developable ruled} surfaces: \begin{itemize} \item Plane ($K=0$). \item Circular cylinder ($K=0$). \item Right ci
VII/14	parametrized surface	YES	ALL_TEX_AND_FIGURES/tex/Downloads/theory-of-geometry-II.tex	2217	Problem 8 – A ruled surface with negative Gauss curvature	an example of a \emph{ruled surface}: one which is locally swept out by a moving Euclidean straight line.) \begin{enumerate} \item Sketch $\Sigma$. \item Prove that $\Sigma$ is a smooth surface. \item Show that the Gauss curvature $\kappa$ of $\Sigma$ is everywhere negative. \end{enumerate} \paragraph{Theory.} A parametrized surface $\sigma(u,v)$ is \emph{regular} if $\sigma_u\times\sigma_v\neq 0$ everywhere. The first fundamental form has coefficients \[ E=\sigma_u\cdot\sigma_u,\quad F=\sigma_u\cdot\sigma_v,\quad G=\sigma_v\cdot\sigma_v. \] The second fundamental form has coefficients \[ e=\sigma_{uu}\cdot n,\quad f=\sigma_{uv}\cdot n,\quad g=\sigma_{vv}\cdot n, \] where $n=\dfrac{\sigma_u\times\sigma_v}{|\sigma_u\times\sigma_v|}$ is the unit normal. The Gauss curvature is \[ K=\frac{eg-f^2}{EG-F^2}. \] For convenience o
VII/14	surface patch	YES	ALL_TEX_AND_FIGURES/tex/Downloads/theory-of-geometry-II.tex	1774	Gauss map and its basic properties	^2+1$ the Gauss map image is the open spherical annulus \[ n(\Sigma) = \{\,q\in S^2 : |q_3|<1/\sqrt{2}\,\}, \] while for a plane it is a single point and for the unit sphere it is all of $S^2$. \end{remark} \begin{figure}[h] \centering \begin{tikzpicture}[scale=1.3] %--------------------------- % Left: surface patch %--------------------------- % surface \draw[thick,blue!60] (-1,-0.2) .. controls (-0.3,0.3) and (0.5,-0.3) .. (1,0.2); \node[blue!60] at (-1.1,0.2) {$\Sigma$}; % point p on surface \coordinate (P) at (0,0); \filldraw[black] (P) circle (1pt) node[below left] {$p$}; % tangent line at p \draw[thick,gray!70] (-0.9,0.15) -- (0.9,-0.15); \node[gray!70] at (0.95,-0.2) {$T_p\Sigma$}; % normal at p \draw[->,thick,red] (P) -- ++(0,1) node[above] {$n(p)$}; %----------
VII/14	surface patch	YES	ALL_TEX_AND_FIGURES/tex/Downloads/theory-of-geometry-II.tex	1831	Gauss map and its basic properties	\Sigma\to S^2$}; \end{tikzpicture} \caption{The Gauss map assigns to each point $p\in\Sigma$ its unit normal vector $n(p)$, viewed as a point on the unit sphere $S^2$.} \label{fig:gauss-map} \end{figure} \begin{figure}[h] \centering \begin{tikzpicture}[scale=1.3] %--------------------------- % Left: surface patch %--------------------------- % surface \draw[thick,blue!60] (-1,-0.2) .. controls (-0.3,0.3) and (0.5,-0.3) .. (1,0.2); \node[blue!60] at (-1.1,0.2) {$\Sigma$}; % point p on surface \coordinate (P) at (0,0); \filldraw[black] (P) circle (1pt) node[below left] {$p$}; % tangent line at p \draw[thick,gray!70] (-0.9,0.15) -- (0.9,-0.15); \node[gray!70] at (0.95,-0.2) {$T_p\Sigma$}; % normal at p \draw[->,thick,red] (P) -- ++(0,1) node[above] {$n(p)$}; %----------
VII/14	regular surface	YES	ALL_TEX_AND_FIGURES/tex/Downloads/theory-of-geometry-III.tex	312	Ruled, developable and convex surfaces	\item Plane: $\sigma(u,v)=(u,v,0)$. \item Cylinder: $\sigma(u,v)=(\cos u,\sin u,v)$. \item Cone: $\sigma(u,v)=(v\cos u,v\sin u,v)$. \item Helicoid: $\sigma(u,v)=(v\cos u,v\sin u,au)$. \item Hyperbolic paraboloid: $\sigma(u,v)=(u,v,uv)$. \end{enumerate} \end{example} \begin{definition}[Developable surface] A regular surface $\Sigma\subset\mathbb{R}^3$ is called \emph{developable} if it is locally isometric to the plane (it can be unfolded onto $\mathbb{R}^2$ without stretching). For regular surfaces this is equivalent to vanishing Gauss curvature: \[ \Sigma \text{ developable } \quad\Longleftrightarrow\quad K\equiv0. \] \end{definition} Among ruled surfaces, a smooth ruled surface with $K=0$ is locally a piece of a plane, cylinder, cone or a tangent developable of a space curve. Ruled surfaces with $K\neq0$ (s
VII/14	regular surface	YES	ALL_TEX_AND_FIGURES/tex/Downloads/theory-of-geometry-III.tex	314	Ruled, developable and convex surfaces	u,au)$. \item Hyperbolic paraboloid: $\sigma(u,v)=(u,v,uv)$. \end{enumerate} \end{example} \begin{definition}[Developable surface] A regular surface $\Sigma\subset\mathbb{R}^3$ is called \emph{developable} if it is locally isometric to the plane (it can be unfolded onto $\mathbb{R}^2$ without stretching). For regular surfaces this is equivalent to vanishing Gauss curvature: \[ \Sigma \text{ developable } \quad\Longleftrightarrow\quad K\equiv0. \] \end{definition} Among ruled surfaces, a smooth ruled surface with $K=0$ is locally a piece of a plane, cylinder, cone or a tangent developable of a space curve. Ruled surfaces with $K\neq0$ (such as the helicoid or the hyperbolic paraboloid, which have $K<0$) are \emph{non--developable}. \begin{definition}[Convex and strictly convex surfaces] A set $R\subset\mathbb{R}^
VII/14	parametrized surface	YES	ALL_TEX_AND_FIGURES/tex/Downloads/theory-of-geometry-III.tex	2740	Examples of isometric and non--isometric surfaces	auss curvatures coincide. This is Gauss' \emph{theorema egregium}. \subsection*{Examples of isometric and non--isometric surfaces with first fundamental form $du^{2}+G(u,v)\,dv^{2}$} In this section we collect concrete examples illustrating the abstract setting of Problem~E2, where the first fundamental form of a parametrized surface has the special form \[ I = du^{2} + G(u,v)\,dv^{2}, \] i.e.\ $E=1$, $F=0$ and $G=G(u,v)$. In all examples below we work with coordinates $(u,v)$ on a parameter domain $V\subset\mathbb{R}^{2}$ and a parametrization $\sigma:V\to\Sigma\subset\mathbb{R}^{3}$. Recall from E2 that for such an \emph{allowable} parametrization the Gauss curvature satisfies \[ \kappa = -\frac{(\sqrt{G})_{uu}}{\sqrt{G}}. \] \subsubsection*{1. Isometric pair: plane strip and cylinder strip} We first consider a pair o
VII/36	psl(2,c)	YES	ALL_TEX_AND_FIGURES/tex/Downloads/theory-of-geometry-III.tex	1445	Möbius transformations, \texorpdfstring{$\mathrm{PSL	map of the form \[ z\longmapsto \frac{\alpha z+\beta}{-\overline{\beta}\,z+\overline{\alpha}},\qquad |\alpha|^{2}+|\beta|^{2}=1, \] and these are precisely the orientation--preserving isometries of $S^{2}$. \end{enumerate} \subsection*{Möbius transformations, \texorpdfstring{$\mathrm{PSL}(2,\mathbb{C})$}{PSL(2,C)}, and the action on $S^{2}$} In this subsection we explain in detail why the Möbius group can be identified with $\mathrm{PSL}(2,\mathbb{C})$ and why, after identifying $\widehat{\mathbb{C}} = \mathbb{C}\cup\{\infty\}$ with $S^{2}\subset\mathbb{R}^3$ via stereographic projection, this group acts on the abstract smooth surface $S^2$ by diffeomorphisms. \subsubsection*{1. The Riemann sphere and stereographic projection} We consider the unit sphere \[ S^{2} = \{(x,y,t)\in\mathbb{R}^{3} : x^{2}+
VII/26	riemann curvature	YES	ALL_TEX_AND_FIGURES/tex/Downloads/theory-of-geometry-IV.tex	1044	2. Flat metrics	rticular, it is locally Euclidean. \subsubsection*{2. Flat metrics} A Riemannian metric $g$ on $M$ is called \emph{flat} if its curvature tensor vanishes identically. In dimension $2$ this means that the Gauss curvature $K$ satisfies \[ K(p) = 0 \quad\text{for all } p\in M, \] and in any dimension it means that the Riemann curvature tensor $R_{ijkl}$ is zero everywhere. Flatness is a \emph{curvature} condition; it does not directly say anything about the global topology of $M$. Important examples include: \begin{itemize} \item $\mathbb{R}^{n}$ with the standard Euclidean metric, \item quotient spaces such as flat tori $\mathbb{R}^{n}/\Lambda$ for a lattice $\Lambda$. \end{itemize} In the case of the product torus $T = S^{1}\times S^{1}$, we have identified $T$ with the quotient \[ \mathbb{R}^{2}/(2\pi\mathbb{Z})^{2} \]
VII/26	curvature tensor	YES	ALL_TEX_AND_FIGURES/tex/Downloads/theory-of-geometry-IV.tex	1044	2. Flat metrics	, it is locally Euclidean. \subsubsection*{2. Flat metrics} A Riemannian metric $g$ on $M$ is called \emph{flat} if its curvature tensor vanishes identically. In dimension $2$ this means that the Gauss curvature $K$ satisfies \[ K(p) = 0 \quad\text{for all } p\in M, \] and in any dimension it means that the Riemann curvature tensor $R_{ijkl}$ is zero everywhere. Flatness is a \emph{curvature} condition; it does not directly say anything about the global topology of $M$. Important examples include: \begin{itemize} \item $\mathbb{R}^{n}$ with the standard Euclidean metric, \item quotient spaces such as flat tori $\mathbb{R}^{n}/\Lambda$ for a lattice $\Lambda$. \end{itemize} In the case of the product torus $T = S^{1}\times S^{1}$, we have identified $T$ with the quotient \[ \mathbb{R}^{2}/(2\pi\mathbb{Z})^{2} \] and show
VII/37	kleinian	YES	ALL_TEX_AND_FIGURES/tex/Downloads/theory-of-geometry-IV.tex	410	6. Discrete subgroups: Fuchsian and	hbb{H}$. \end{itemize} In $\mathrm{PSL}(2,\mathbb{C})$ one has a similar classification into elliptic, parabolic and loxodromic elements, now using the complex trace. The fixed point picture generalizes to the action on the Riemann sphere and on hyperbolic $3$--space. \subsection*{6. Discrete subgroups: Fuchsian and Kleinian groups} Discrete subgroups of $\mathrm{PSL}(2,\mathbb{R})$ and $\mathrm{PSL}(2,\mathbb{C})$ play a central role in geometry. \begin{itemize} \item A \emph{Fuchsian group} is a discrete subgroup $\Gamma\subset\mathrm{PSL}(2,\mathbb{R})$. The quotient $\mathbb{H}/\Gamma$ carries a natural hyperbolic metric and often has the structure of a Riemann surface of finite type. \item A \emph{Kleinian group} is a discrete subgroup $\Gamma\subset\mathrm{PSL}(2,\mathbb{C})$. Such a group acts on $\mathbb{H}^
VII/37	kleinian	YES	ALL_TEX_AND_FIGURES/tex/Downloads/theory-of-geometry-IV.tex	420	6. Discrete subgroups: Fuchsian and Kleinian groups	PSL}(2,\mathbb{C})$ play a central role in geometry. \begin{itemize} \item A \emph{Fuchsian group} is a discrete subgroup $\Gamma\subset\mathrm{PSL}(2,\mathbb{R})$. The quotient $\mathbb{H}/\Gamma$ carries a natural hyperbolic metric and often has the structure of a Riemann surface of finite type. \item A \emph{Kleinian group} is a discrete subgroup $\Gamma\subset\mathrm{PSL}(2,\mathbb{C})$. Such a group acts on $\mathbb{H}^{3}$ by hyperbolic isometries and on the Riemann sphere by Möbius transformations; the quotient geometry $\mathbb{H}^{3}/\Gamma$ and the induced action on the limit set on the sphere at infinity are fundamental objects in $3$--dimensional hyperbolic geometry and complex dynamics. \end{itemize} \subsection*{7. Summary} \begin{itemize} \item Algebraically, $\mathrm{PSL}(2,\Bbbk)$ is the quotien
VII/37	limit set	YES	ALL_TEX_AND_FIGURES/tex/Downloads/theory-of-geometry-IV.tex	424	6. Discrete subgroups: Fuchsian and Kleinian groups	n surface of finite type. \item A \emph{Kleinian group} is a discrete subgroup $\Gamma\subset\mathrm{PSL}(2,\mathbb{C})$. Such a group acts on $\mathbb{H}^{3}$ by hyperbolic isometries and on the Riemann sphere by Möbius transformations; the quotient geometry $\mathbb{H}^{3}/\Gamma$ and the induced action on the limit set on the sphere at infinity are fundamental objects in $3$--dimensional hyperbolic geometry and complex dynamics. \end{itemize} \subsection*{7. Summary} \begin{itemize} \item Algebraically, $\mathrm{PSL}(2,\Bbbk)$ is the quotient of $\mathrm{SL}(2,\Bbbk)$ by its centre $\{\pm I\}$. \item Geometrically, $\mathrm{PSL}(2,\mathbb{C})$ is the group of Möbius transformations of the Riemann sphere $\widehat{\mathbb{C}}$ and the group of orientation–preserving isometries of hyperbolic $3$--space $\mathbb{
