companion_problem_id	solution_provenance	quality_status	priority	problem_words	solution_words	math_density	title_present	theory_needed	examples_recommended	extensions_recommended	flags	finding	required_action
CP-II-0006	CANONICAL_AUTHORED	A_STRONG	P3	136	310	15	YES	OPTIONAL	OPTIONAL	OPTIONAL		substantial solution with no deterministic blocker/rewrite trigger	Retain; copy-edit into the Part III six-part convention where useful.
CP-II-0008	CANONICAL_AUTHORED	B_POLISH	P2	81	201	6	NO	OPTIONAL	YES	OPTIONAL	MISSING_DESCRIPTIVE_TITLE	needs descriptive problem name	Polish to the Part III convention: title, exact statement, focused theory if needed, fuller worked steps, and useful examples/extensions.
CP-II-0013	CANONICAL_AUTHORED	A_STRONG	P3	224	240	10	YES	OPTIONAL	OPTIONAL	OPTIONAL		substantial solution with no deterministic blocker/rewrite trigger	Retain; copy-edit into the Part III six-part convention where useful.
CP-II-0017	CANONICAL_AUTHORED	A_STRONG	P3	283	265	7	YES	YES	OPTIONAL	OPTIONAL		substantial solution with no deterministic blocker/rewrite trigger	Retain; copy-edit into the Part III six-part convention where useful.
CP-II-0021	CANONICAL_AUTHORED	B_POLISH	P2	33	96	9	YES	OPTIONAL	YES	OPTIONAL	TERSE_SOLUTION	solution needs expansion	Polish to the Part III convention: title, exact statement, focused theory if needed, fuller worked steps, and useful examples/extensions.
CP-II-0022	CANONICAL_AUTHORED	A_STRONG	P3	323	168	12	YES	YES	OPTIONAL	OPTIONAL		substantial solution with no deterministic blocker/rewrite trigger	Retain; copy-edit into the Part III six-part convention where useful.
CP-II-0028	CANONICAL_AUTHORED	A_STRONG	P3	71	165	6	YES	OPTIONAL	OPTIONAL	OPTIONAL		substantial solution with no deterministic blocker/rewrite trigger	Retain; copy-edit into the Part III six-part convention where useful.
CP-II-0029	CANONICAL_AUTHORED	A_STRONG	P3	459	234	13	YES	YES	OPTIONAL	OPTIONAL		substantial solution with no deterministic blocker/rewrite trigger	Retain; copy-edit into the Part III six-part convention where useful.
CP-II-0030	SOURCE_BACKED	B_POLISH	P2	96	103	1	YES	OPTIONAL	YES	OPTIONAL	TERSE_SOLUTION	solution needs expansion	Polish to the Part III convention: title, exact statement, focused theory if needed, fuller worked steps, and useful examples/extensions.
CP-II-0035	CANONICAL_AUTHORED	B_POLISH	P2	35	98	5	YES	OPTIONAL	YES	OPTIONAL	TERSE_SOLUTION	solution needs expansion	Polish to the Part III convention: title, exact statement, focused theory if needed, fuller worked steps, and useful examples/extensions.
CP-II-0052	CANONICAL_AUTHORED	A_STRONG	P3	1174	425	18	YES	YES	OPTIONAL	OPTIONAL	LONG_PROBLEM_BODY	substantial solution with no deterministic blocker/rewrite trigger	Retain; copy-edit into the Part III six-part convention where useful.
CP-II-0062	CANONICAL_AUTHORED	A_STRONG	P3	33	111	8	YES	OPTIONAL	OPTIONAL	OPTIONAL		substantial solution with no deterministic blocker/rewrite trigger	Retain; copy-edit into the Part III six-part convention where useful.
CP-II-0069	SOURCE_BACKED	B_POLISH	P2	89	99	2	YES	OPTIONAL	YES	OPTIONAL	TERSE_SOLUTION	solution needs expansion	Polish to the Part III convention: title, exact statement, focused theory if needed, fuller worked steps, and useful examples/extensions.
CP-II-0070	SOURCE_BACKED	A_STRONG	P3	113	182	28	YES	OPTIONAL	OPTIONAL	OPTIONAL		substantial solution with no deterministic blocker/rewrite trigger	Retain; copy-edit into the Part III six-part convention where useful.
CP-II-0072	CANONICAL_AUTHORED	B_POLISH	P2	24	80	4	YES	OPTIONAL	YES	OPTIONAL	TERSE_SOLUTION	solution needs expansion	Polish to the Part III convention: title, exact statement, focused theory if needed, fuller worked steps, and useful examples/extensions.
CP-II-0073	SOURCE_BACKED	A_STRONG	P3	73	136	18	YES	OPTIONAL	OPTIONAL	OPTIONAL		substantial solution with no deterministic blocker/rewrite trigger	Retain; copy-edit into the Part III six-part convention where useful.
CP-II-0075	SOURCE_BACKED	A_STRONG	P3	143	244	28	YES	OPTIONAL	OPTIONAL	OPTIONAL		substantial solution with no deterministic blocker/rewrite trigger	Retain; copy-edit into the Part III six-part convention where useful.
CP-II-0082	CANONICAL_AUTHORED	B_POLISH	P2	24	71	6	YES	OPTIONAL	YES	OPTIONAL	TERSE_SOLUTION	solution needs expansion	Polish to the Part III convention: title, exact statement, focused theory if needed, fuller worked steps, and useful examples/extensions.
CP-II-0083	SOURCE_BACKED	A_STRONG	P3	188	500	25	YES	OPTIONAL	OPTIONAL	OPTIONAL		substantial solution with no deterministic blocker/rewrite trigger	Retain; copy-edit into the Part III six-part convention where useful.
CP-II-0085	SOURCE_BACKED	A_STRONG	P3	155	112	2	YES	OPTIONAL	OPTIONAL	OPTIONAL		substantial solution with no deterministic blocker/rewrite trigger	Retain; copy-edit into the Part III six-part convention where useful.
CP-II-0086	SOURCE_BACKED	A_STRONG	P3	172	246	10	YES	OPTIONAL	OPTIONAL	OPTIONAL	SOURCE_CORRECTION_PRESENT	substantial solution with no deterministic blocker/rewrite trigger	Retain; copy-edit into the Part III six-part convention where useful.
CP-II-0090	CANONICAL_AUTHORED	A_STRONG	P3	35	153	12	YES	OPTIONAL	OPTIONAL	OPTIONAL		substantial solution with no deterministic blocker/rewrite trigger	Retain; copy-edit into the Part III six-part convention where useful.
CP-II-0092	CANONICAL_AUTHORED	A_STRONG	P3	384	248	11	YES	YES	OPTIONAL	OPTIONAL		substantial solution with no deterministic blocker/rewrite trigger	Retain; copy-edit into the Part III six-part convention where useful.
CP-II-0100	CANONICAL_AUTHORED	A_STRONG	P3	434	256	19	YES	YES	OPTIONAL	OPTIONAL		substantial solution with no deterministic blocker/rewrite trigger	Retain; copy-edit into the Part III six-part convention where useful.
CP-II-0108	SOURCE_BACKED	A_STRONG	P3	105	208	7	YES	OPTIONAL	OPTIONAL	OPTIONAL	SOURCE_CORRECTION_PRESENT	substantial solution with no deterministic blocker/rewrite trigger	Retain; copy-edit into the Part III six-part convention where useful.
CP-II-0114	SOURCE_BACKED	A_STRONG	P3	121	153	4	YES	OPTIONAL	OPTIONAL	OPTIONAL		substantial solution with no deterministic blocker/rewrite trigger	Retain; copy-edit into the Part III six-part convention where useful.
CP-II-0122	CANONICAL_AUTHORED	A_STRONG	P3	591	190	11	YES	YES	OPTIONAL	OPTIONAL		substantial solution with no deterministic blocker/rewrite trigger	Retain; copy-edit into the Part III six-part convention where useful.
CP-II-0127	CANONICAL_AUTHORED	A_STRONG	P3	145	266	5	YES	OPTIONAL	OPTIONAL	OPTIONAL	SOURCE_CORRECTION_PRESENT	substantial solution with no deterministic blocker/rewrite trigger	Retain; copy-edit into the Part III six-part convention where useful.
CP-II-0130	SOURCE_BACKED	A_STRONG	P3	45	142	22	YES	OPTIONAL	OPTIONAL	OPTIONAL		substantial solution with no deterministic blocker/rewrite trigger	Retain; copy-edit into the Part III six-part convention where useful.
CP-II-0131	CANONICAL_AUTHORED	A_STRONG	P3	191	265	10	YES	OPTIONAL	OPTIONAL	OPTIONAL		substantial solution with no deterministic blocker/rewrite trigger	Retain; copy-edit into the Part III six-part convention where useful.
CP-II-0133	CANONICAL_AUTHORED	A_STRONG	P3	537	197	11	YES	YES	OPTIONAL	OPTIONAL		substantial solution with no deterministic blocker/rewrite trigger	Retain; copy-edit into the Part III six-part convention where useful.
CP-II-0136	CANONICAL_AUTHORED	A_STRONG	P3	240	215	11	YES	OPTIONAL	OPTIONAL	OPTIONAL		substantial solution with no deterministic blocker/rewrite trigger	Retain; copy-edit into the Part III six-part convention where useful.
CP-II-0137	CANONICAL_AUTHORED	A_STRONG	P3	163	159	10	YES	OPTIONAL	OPTIONAL	OPTIONAL		substantial solution with no deterministic blocker/rewrite trigger	Retain; copy-edit into the Part III six-part convention where useful.
CP-II-0138	CANONICAL_AUTHORED	A_STRONG	P3	1035	322	23	YES	YES	OPTIONAL	OPTIONAL	LONG_PROBLEM_BODY	substantial solution with no deterministic blocker/rewrite trigger	Retain; copy-edit into the Part III six-part convention where useful.
CP-II-0145	CANONICAL_AUTHORED	A_STRONG	P3	15	174	6	YES	OPTIONAL	OPTIONAL	OPTIONAL		substantial solution with no deterministic blocker/rewrite trigger	Retain; copy-edit into the Part III six-part convention where useful.
CP-II-0146	CANONICAL_AUTHORED	A_STRONG	P3	170	251	18	YES	OPTIONAL	OPTIONAL	OPTIONAL		substantial solution with no deterministic blocker/rewrite trigger	Retain; copy-edit into the Part III six-part convention where useful.
CP-II-0153	CANONICAL_AUTHORED	A_STRONG	P3	774	247	16	YES	YES	OPTIONAL	OPTIONAL		substantial solution with no deterministic blocker/rewrite trigger	Retain; copy-edit into the Part III six-part convention where useful.
CP-II-0162	SOURCE_BACKED	A_STRONG	P3	62	119	4	YES	OPTIONAL	OPTIONAL	OPTIONAL		substantial solution with no deterministic blocker/rewrite trigger	Retain; copy-edit into the Part III six-part convention where useful.
CP-II-0166	CANONICAL_AUTHORED	B_POLISH	P2	42	85	7	YES	OPTIONAL	YES	OPTIONAL	TERSE_SOLUTION	solution needs expansion	Polish to the Part III convention: title, exact statement, focused theory if needed, fuller worked steps, and useful examples/extensions.
CP-II-0168	CANONICAL_AUTHORED	A_STRONG	P3	145	224	14	YES	OPTIONAL	OPTIONAL	OPTIONAL		substantial solution with no deterministic blocker/rewrite trigger	Retain; copy-edit into the Part III six-part convention where useful.
CP-II-0180	CANONICAL_AUTHORED	A_STRONG	P3	219	193	13	YES	OPTIONAL	OPTIONAL	OPTIONAL		substantial solution with no deterministic blocker/rewrite trigger	Retain; copy-edit into the Part III six-part convention where useful.
CP-II-0185	CANONICAL_AUTHORED	A_STRONG	P3	506	322	18	YES	YES	OPTIONAL	OPTIONAL		substantial solution with no deterministic blocker/rewrite trigger	Retain; copy-edit into the Part III six-part convention where useful.
CP-II-0191	CANONICAL_AUTHORED	A_STRONG	P3	81	224	15	YES	OPTIONAL	OPTIONAL	OPTIONAL		substantial solution with no deterministic blocker/rewrite trigger	Retain; copy-edit into the Part III six-part convention where useful.
CP-II-0203	CANONICAL_AUTHORED	A_STRONG	P3	215	167	12	YES	OPTIONAL	OPTIONAL	OPTIONAL		substantial solution with no deterministic blocker/rewrite trigger	Retain; copy-edit into the Part III six-part convention where useful.
CP-II-0215	SOURCE_BACKED	A_STRONG	P3	30	148	14	YES	OPTIONAL	OPTIONAL	OPTIONAL		substantial solution with no deterministic blocker/rewrite trigger	Retain; copy-edit into the Part III six-part convention where useful.
CP-II-0218	CANONICAL_AUTHORED	A_STRONG	P3	156	195	13	YES	OPTIONAL	OPTIONAL	OPTIONAL		substantial solution with no deterministic blocker/rewrite trigger	Retain; copy-edit into the Part III six-part convention where useful.
CP-II-0223	CANONICAL_AUTHORED	B_POLISH	P2	78	191	9	NO	OPTIONAL	YES	OPTIONAL	MISSING_DESCRIPTIVE_TITLE	needs descriptive problem name	Polish to the Part III convention: title, exact statement, focused theory if needed, fuller worked steps, and useful examples/extensions.
CP-II-0229	CANONICAL_AUTHORED	A_STRONG	P3	442	486	35	YES	YES	OPTIONAL	OPTIONAL		substantial solution with no deterministic blocker/rewrite trigger	Retain; copy-edit into the Part III six-part convention where useful.
CP-II-0230	SOURCE_BACKED	A_STRONG	P3	151	311	42	YES	OPTIONAL	OPTIONAL	OPTIONAL		substantial solution with no deterministic blocker/rewrite trigger	Retain; copy-edit into the Part III six-part convention where useful.
CP-II-0249	SOURCE_BACKED	A_STRONG	P3	92	248	5	YES	OPTIONAL	OPTIONAL	OPTIONAL	SOURCE_CORRECTION_PRESENT	substantial solution with no deterministic blocker/rewrite trigger	Retain; copy-edit into the Part III six-part convention where useful.
CP-II-0257	CANONICAL_AUTHORED	A_STRONG	P3	101	151	9	YES	OPTIONAL	OPTIONAL	OPTIONAL		substantial solution with no deterministic blocker/rewrite trigger	Retain; copy-edit into the Part III six-part convention where useful.
CP-II-0262	SOURCE_BACKED	A_STRONG	P3	114	192	5	YES	OPTIONAL	OPTIONAL	OPTIONAL		substantial solution with no deterministic blocker/rewrite trigger	Retain; copy-edit into the Part III six-part convention where useful.
CP-II-0265	CANONICAL_AUTHORED	A_STRONG	P3	525	283	24	YES	YES	OPTIONAL	OPTIONAL		substantial solution with no deterministic blocker/rewrite trigger	Retain; copy-edit into the Part III six-part convention where useful.
CP-II-0268	CANONICAL_AUTHORED	A_STRONG	P3	525	362	15	YES	YES	OPTIONAL	OPTIONAL		substantial solution with no deterministic blocker/rewrite trigger	Retain; copy-edit into the Part III six-part convention where useful.
CP-II-0269	CANONICAL_AUTHORED	B_POLISH	P2	36	100	8	YES	OPTIONAL	YES	OPTIONAL	TERSE_SOLUTION	solution needs expansion	Polish to the Part III convention: title, exact statement, focused theory if needed, fuller worked steps, and useful examples/extensions.
CP-II-0271	CANONICAL_AUTHORED	A_STRONG	P3	36	220	13	YES	OPTIONAL	OPTIONAL	OPTIONAL		substantial solution with no deterministic blocker/rewrite trigger	Retain; copy-edit into the Part III six-part convention where useful.
CP-II-0282	CANONICAL_AUTHORED	A_STRONG	P3	583	239	11	YES	YES	OPTIONAL	OPTIONAL		substantial solution with no deterministic blocker/rewrite trigger	Retain; copy-edit into the Part III six-part convention where useful.
CP-II-0286	CANONICAL_AUTHORED	A_STRONG	P3	54	146	11	YES	OPTIONAL	OPTIONAL	OPTIONAL		substantial solution with no deterministic blocker/rewrite trigger	Retain; copy-edit into the Part III six-part convention where useful.
CP-II-0291	CANONICAL_AUTHORED	A_STRONG	P3	526	190	17	YES	YES	OPTIONAL	OPTIONAL		substantial solution with no deterministic blocker/rewrite trigger	Retain; copy-edit into the Part III six-part convention where useful.
CP-II-0293	CANONICAL_AUTHORED	A_STRONG	P3	109	207	11	YES	OPTIONAL	OPTIONAL	OPTIONAL		substantial solution with no deterministic blocker/rewrite trigger	Retain; copy-edit into the Part III six-part convention where useful.
CP-II-0297	CANONICAL_AUTHORED	B_POLISH	P2	40	185	8	NO	OPTIONAL	YES	OPTIONAL	MISSING_DESCRIPTIVE_TITLE	needs descriptive problem name	Polish to the Part III convention: title, exact statement, focused theory if needed, fuller worked steps, and useful examples/extensions.
CP-II-0299	SOURCE_BACKED	B_POLISH	P2	56	70	9	YES	OPTIONAL	YES	OPTIONAL	TERSE_SOLUTION	solution needs expansion	Polish to the Part III convention: title, exact statement, focused theory if needed, fuller worked steps, and useful examples/extensions.
CP-II-0300	CANONICAL_AUTHORED	A_STRONG	P3	317	285	15	YES	YES	OPTIONAL	OPTIONAL		substantial solution with no deterministic blocker/rewrite trigger	Retain; copy-edit into the Part III six-part convention where useful.
CP-II-0301	SOURCE_BACKED	B_POLISH	P2	115	98	4	YES	OPTIONAL	YES	OPTIONAL	TERSE_SOLUTION	solution needs expansion	Polish to the Part III convention: title, exact statement, focused theory if needed, fuller worked steps, and useful examples/extensions.
CP-II-0303	CANONICAL_AUTHORED	A_STRONG	P3	150	268	11	YES	OPTIONAL	OPTIONAL	OPTIONAL	SOURCE_CORRECTION_PRESENT	substantial solution with no deterministic blocker/rewrite trigger	Retain; copy-edit into the Part III six-part convention where useful.
CP-II-0304	CANONICAL_AUTHORED	A_STRONG	P3	1340	312	12	YES	YES	OPTIONAL	OPTIONAL	LONG_PROBLEM_BODY	substantial solution with no deterministic blocker/rewrite trigger	Retain; copy-edit into the Part III six-part convention where useful.
CP-II-0309	CANONICAL_AUTHORED	A_STRONG	P3	480	146	6	YES	YES	OPTIONAL	OPTIONAL		substantial solution with no deterministic blocker/rewrite trigger	Retain; copy-edit into the Part III six-part convention where useful.
CP-II-0310	CANONICAL_AUTHORED	A_STRONG	P3	160	388	16	YES	OPTIONAL	OPTIONAL	OPTIONAL	SOURCE_CORRECTION_PRESENT	substantial solution with no deterministic blocker/rewrite trigger	Retain; copy-edit into the Part III six-part convention where useful.
CP-II-0320	SOURCE_BACKED	A_STRONG	P3	364	301	40	YES	YES	OPTIONAL	OPTIONAL		substantial solution with no deterministic blocker/rewrite trigger	Retain; copy-edit into the Part III six-part convention where useful.
CP-II-0321	CANONICAL_AUTHORED	A_STRONG	P3	544	252	15	YES	YES	OPTIONAL	OPTIONAL		substantial solution with no deterministic blocker/rewrite trigger	Retain; copy-edit into the Part III six-part convention where useful.
CP-II-0322	SOURCE_BACKED	A_STRONG	P3	178	273	10	YES	OPTIONAL	OPTIONAL	OPTIONAL	SOURCE_CORRECTION_PRESENT	substantial solution with no deterministic blocker/rewrite trigger	Retain; copy-edit into the Part III six-part convention where useful.
CP-II-0323	CANONICAL_AUTHORED	A_STRONG	P3	76	154	6	YES	OPTIONAL	OPTIONAL	OPTIONAL		substantial solution with no deterministic blocker/rewrite trigger	Retain; copy-edit into the Part III six-part convention where useful.
CP-II-0326	CANONICAL_AUTHORED	A_STRONG	P3	64	175	13	YES	OPTIONAL	OPTIONAL	OPTIONAL		substantial solution with no deterministic blocker/rewrite trigger	Retain; copy-edit into the Part III six-part convention where useful.
CP-II-0330	CANONICAL_AUTHORED	A_STRONG	P3	26	164	7	YES	OPTIONAL	OPTIONAL	OPTIONAL		substantial solution with no deterministic blocker/rewrite trigger	Retain; copy-edit into the Part III six-part convention where useful.
CP-II-0332	CANONICAL_AUTHORED	A_STRONG	P3	460	247	17	YES	YES	OPTIONAL	OPTIONAL		substantial solution with no deterministic blocker/rewrite trigger	Retain; copy-edit into the Part III six-part convention where useful.
CP-II-0333	CANONICAL_AUTHORED	A_STRONG	P3	1138	363	24	YES	YES	OPTIONAL	OPTIONAL	LONG_PROBLEM_BODY	substantial solution with no deterministic blocker/rewrite trigger	Retain; copy-edit into the Part III six-part convention where useful.
CP-II-0334	CANONICAL_AUTHORED	A_STRONG	P3	256	223	11	YES	OPTIONAL	OPTIONAL	OPTIONAL		substantial solution with no deterministic blocker/rewrite trigger	Retain; copy-edit into the Part III six-part convention where useful.
CP-II-0338	SOURCE_BACKED	A_STRONG	P3	167	152	2	YES	OPTIONAL	OPTIONAL	OPTIONAL		substantial solution with no deterministic blocker/rewrite trigger	Retain; copy-edit into the Part III six-part convention where useful.
CP-II-0357	CANONICAL_AUTHORED	A_STRONG	P3	144	200	11	YES	OPTIONAL	OPTIONAL	OPTIONAL		substantial solution with no deterministic blocker/rewrite trigger	Retain; copy-edit into the Part III six-part convention where useful.
CP-II-0365	CANONICAL_AUTHORED	A_STRONG	P3	100	153	8	YES	OPTIONAL	OPTIONAL	OPTIONAL		substantial solution with no deterministic blocker/rewrite trigger	Retain; copy-edit into the Part III six-part convention where useful.
CP-II-0367	CANONICAL_AUTHORED	B_POLISH	P2	29	78	4	YES	OPTIONAL	YES	OPTIONAL	TERSE_SOLUTION	solution needs expansion	Polish to the Part III convention: title, exact statement, focused theory if needed, fuller worked steps, and useful examples/extensions.
CP-II-0372	CANONICAL_AUTHORED	A_STRONG	P3	572	327	10	YES	YES	OPTIONAL	OPTIONAL		substantial solution with no deterministic blocker/rewrite trigger	Retain; copy-edit into the Part III six-part convention where useful.
CP-II-0375	CANONICAL_AUTHORED	A_STRONG	P3	349	319	8	YES	YES	OPTIONAL	OPTIONAL		substantial solution with no deterministic blocker/rewrite trigger	Retain; copy-edit into the Part III six-part convention where useful.
CP-II-0383	SOURCE_BACKED	A_STRONG	P3	60	442	37	YES	OPTIONAL	OPTIONAL	OPTIONAL		substantial solution with no deterministic blocker/rewrite trigger	Retain; copy-edit into the Part III six-part convention where useful.
CP-II-0391	SOURCE_BACKED	A_STRONG	P3	54	124	20	YES	OPTIONAL	OPTIONAL	OPTIONAL		substantial solution with no deterministic blocker/rewrite trigger	Retain; copy-edit into the Part III six-part convention where useful.
CP-II-0393	CANONICAL_AUTHORED	A_STRONG	P3	83	141	4	YES	OPTIONAL	OPTIONAL	OPTIONAL		substantial solution with no deterministic blocker/rewrite trigger	Retain; copy-edit into the Part III six-part convention where useful.
CP-II-0395	CANONICAL_AUTHORED	A_STRONG	P3	104	206	3	YES	OPTIONAL	OPTIONAL	OPTIONAL	SOURCE_CORRECTION_PRESENT	substantial solution with no deterministic blocker/rewrite trigger	Retain; copy-edit into the Part III six-part convention where useful.
CP-II-0396	CANONICAL_AUTHORED	A_STRONG	P3	298	242	8	YES	YES	OPTIONAL	OPTIONAL		substantial solution with no deterministic blocker/rewrite trigger	Retain; copy-edit into the Part III six-part convention where useful.
CP-II-0406	CANONICAL_AUTHORED	A_STRONG	P3	700	257	11	YES	YES	OPTIONAL	OPTIONAL		substantial solution with no deterministic blocker/rewrite trigger	Retain; copy-edit into the Part III six-part convention where useful.
CP-II-0407	SOURCE_BACKED	A_STRONG	P3	72	144	3	YES	OPTIONAL	OPTIONAL	OPTIONAL		substantial solution with no deterministic blocker/rewrite trigger	Retain; copy-edit into the Part III six-part convention where useful.
CP-II-0411	CANONICAL_AUTHORED	A_STRONG	P3	279	157	10	YES	YES	OPTIONAL	OPTIONAL		substantial solution with no deterministic blocker/rewrite trigger	Retain; copy-edit into the Part III six-part convention where useful.
CP-II-0413	CANONICAL_AUTHORED	A_STRONG	P3	958	263	10	YES	YES	OPTIONAL	OPTIONAL		substantial solution with no deterministic blocker/rewrite trigger	Retain; copy-edit into the Part III six-part convention where useful.
CP-II-0415	CANONICAL_AUTHORED	A_STRONG	P3	51	162	7	YES	OPTIONAL	OPTIONAL	OPTIONAL		substantial solution with no deterministic blocker/rewrite trigger	Retain; copy-edit into the Part III six-part convention where useful.
CP-II-0424	CANONICAL_AUTHORED	A_STRONG	P3	339	266	10	YES	YES	OPTIONAL	OPTIONAL		substantial solution with no deterministic blocker/rewrite trigger	Retain; copy-edit into the Part III six-part convention where useful.
CP-II-0426	CANONICAL_AUTHORED	B_POLISH	P2	20	74	7	YES	OPTIONAL	YES	OPTIONAL	TERSE_SOLUTION	solution needs expansion	Polish to the Part III convention: title, exact statement, focused theory if needed, fuller worked steps, and useful examples/extensions.
CP-II-0434	CANONICAL_AUTHORED	A_STRONG	P3	111	288	5	YES	OPTIONAL	OPTIONAL	OPTIONAL	SOURCE_CORRECTION_PRESENT	substantial solution with no deterministic blocker/rewrite trigger	Retain; copy-edit into the Part III six-part convention where useful.
CP-II-0441	CANONICAL_AUTHORED	A_STRONG	P3	44	125	6	YES	OPTIONAL	OPTIONAL	OPTIONAL		substantial solution with no deterministic blocker/rewrite trigger	Retain; copy-edit into the Part III six-part convention where useful.
CP-II-0443	CANONICAL_AUTHORED	B_POLISH	P2	20	83	5	YES	OPTIONAL	YES	OPTIONAL	TERSE_SOLUTION	solution needs expansion	Polish to the Part III convention: title, exact statement, focused theory if needed, fuller worked steps, and useful examples/extensions.
CP-II-0445	CANONICAL_AUTHORED	A_STRONG	P3	922	268	14	YES	YES	OPTIONAL	OPTIONAL		substantial solution with no deterministic blocker/rewrite trigger	Retain; copy-edit into the Part III six-part convention where useful.
CP-II-0453	CANONICAL_AUTHORED	A_STRONG	P3	452	270	15	YES	YES	OPTIONAL	OPTIONAL		substantial solution with no deterministic blocker/rewrite trigger	Retain; copy-edit into the Part III six-part convention where useful.
CP-II-0458	CANONICAL_AUTHORED	A_STRONG	P3	783	215	11	YES	YES	OPTIONAL	OPTIONAL		substantial solution with no deterministic blocker/rewrite trigger	Retain; copy-edit into the Part III six-part convention where useful.
CP-II-0460	CANONICAL_AUTHORED	A_STRONG	P3	96	229	7	YES	OPTIONAL	OPTIONAL	OPTIONAL		substantial solution with no deterministic blocker/rewrite trigger	Retain; copy-edit into the Part III six-part convention where useful.
CP-II-0467	CANONICAL_AUTHORED	A_STRONG	P3	61	134	12	YES	OPTIONAL	OPTIONAL	OPTIONAL		substantial solution with no deterministic blocker/rewrite trigger	Retain; copy-edit into the Part III six-part convention where useful.
CP-II-0468	CANONICAL_AUTHORED	A_STRONG	P3	44	135	7	YES	OPTIONAL	OPTIONAL	OPTIONAL		substantial solution with no deterministic blocker/rewrite trigger	Retain; copy-edit into the Part III six-part convention where useful.
CP-II-0471	CANONICAL_AUTHORED	A_STRONG	P3	876	427	18	YES	YES	OPTIONAL	OPTIONAL		substantial solution with no deterministic blocker/rewrite trigger	Retain; copy-edit into the Part III six-part convention where useful.
CP-II-0475	CANONICAL_AUTHORED	A_STRONG	P3	30	176	7	YES	OPTIONAL	OPTIONAL	OPTIONAL		substantial solution with no deterministic blocker/rewrite trigger	Retain; copy-edit into the Part III six-part convention where useful.
CP-II-0479	SOURCE_BACKED	B_POLISH	P2	69	74	16	YES	OPTIONAL	YES	OPTIONAL	TERSE_SOLUTION	solution needs expansion	Polish to the Part III convention: title, exact statement, focused theory if needed, fuller worked steps, and useful examples/extensions.
CP-II-0492	SOURCE_BACKED	B_POLISH	P2	25	48	7	NO	OPTIONAL	YES	OPTIONAL	MISSING_DESCRIPTIVE_TITLE;TERSE_SOLUTION	needs descriptive problem name; solution needs expansion	Polish to the Part III convention: title, exact statement, focused theory if needed, fuller worked steps, and useful examples/extensions.
CP-II-0494	CANONICAL_AUTHORED	A_STRONG	P3	267	183	9	YES	YES	OPTIONAL	OPTIONAL		substantial solution with no deterministic blocker/rewrite trigger	Retain; copy-edit into the Part III six-part convention where useful.
CP-II-0495	CANONICAL_AUTHORED	A_STRONG	P3	235	125	7	YES	OPTIONAL	OPTIONAL	OPTIONAL		substantial solution with no deterministic blocker/rewrite trigger	Retain; copy-edit into the Part III six-part convention where useful.
CP-II-0498	CANONICAL_AUTHORED	A_STRONG	P3	57	222	18	YES	OPTIONAL	OPTIONAL	OPTIONAL		substantial solution with no deterministic blocker/rewrite trigger	Retain; copy-edit into the Part III six-part convention where useful.
CP-II-0500	CANONICAL_AUTHORED	A_STRONG	P3	561	305	17	YES	YES	OPTIONAL	OPTIONAL		substantial solution with no deterministic blocker/rewrite trigger	Retain; copy-edit into the Part III six-part convention where useful.
CP-II-0506	CANONICAL_AUTHORED	A_STRONG	P3	71	169	8	YES	OPTIONAL	OPTIONAL	OPTIONAL		substantial solution with no deterministic blocker/rewrite trigger	Retain; copy-edit into the Part III six-part convention where useful.
CP-II-0508	SOURCE_BACKED	A_STRONG	P3	160	223	12	YES	OPTIONAL	OPTIONAL	OPTIONAL		substantial solution with no deterministic blocker/rewrite trigger	Retain; copy-edit into the Part III six-part convention where useful.
CP-II-0514	CANONICAL_AUTHORED	A_STRONG	P3	355	308	12	YES	YES	OPTIONAL	OPTIONAL		substantial solution with no deterministic blocker/rewrite trigger	Retain; copy-edit into the Part III six-part convention where useful.
CP-II-0520	SOURCE_BACKED	A_STRONG	P3	49	290	44	YES	OPTIONAL	OPTIONAL	OPTIONAL		substantial solution with no deterministic blocker/rewrite trigger	Retain; copy-edit into the Part III six-part convention where useful.
CP-II-0523	CANONICAL_AUTHORED	A_STRONG	P3	93	178	6	YES	OPTIONAL	OPTIONAL	OPTIONAL	SOURCE_CORRECTION_PRESENT	substantial solution with no deterministic blocker/rewrite trigger	Retain; copy-edit into the Part III six-part convention where useful.
CP-II-0530	CANONICAL_AUTHORED	A_STRONG	P3	629	351	15	YES	YES	OPTIONAL	OPTIONAL		substantial solution with no deterministic blocker/rewrite trigger	Retain; copy-edit into the Part III six-part convention where useful.
CP-II-0532	CANONICAL_AUTHORED	A_STRONG	P3	48	125	11	YES	OPTIONAL	OPTIONAL	OPTIONAL		substantial solution with no deterministic blocker/rewrite trigger	Retain; copy-edit into the Part III six-part convention where useful.
CP-II-0533	CANONICAL_AUTHORED	A_STRONG	P3	110	124	7	YES	OPTIONAL	OPTIONAL	OPTIONAL		substantial solution with no deterministic blocker/rewrite trigger	Retain; copy-edit into the Part III six-part convention where useful.
CP-II-0539	CANONICAL_AUTHORED	A_STRONG	P3	435	168	11	YES	YES	OPTIONAL	OPTIONAL		substantial solution with no deterministic blocker/rewrite trigger	Retain; copy-edit into the Part III six-part convention where useful.
CP-II-0540	CANONICAL_AUTHORED	A_STRONG	P3	311	232	11	YES	YES	OPTIONAL	OPTIONAL		substantial solution with no deterministic blocker/rewrite trigger	Retain; copy-edit into the Part III six-part convention where useful.
CP-II-0544	CANONICAL_AUTHORED	A_STRONG	P3	96	164	8	YES	OPTIONAL	OPTIONAL	OPTIONAL	SOURCE_CORRECTION_PRESENT	substantial solution with no deterministic blocker/rewrite trigger	Retain; copy-edit into the Part III six-part convention where useful.
CP-II-0545	CANONICAL_AUTHORED	A_STRONG	P3	117	157	4	YES	OPTIONAL	OPTIONAL	OPTIONAL	SOURCE_CORRECTION_PRESENT	substantial solution with no deterministic blocker/rewrite trigger	Retain; copy-edit into the Part III six-part convention where useful.
CP-II-0547	CANONICAL_AUTHORED	A_STRONG	P3	120	189	2	YES	OPTIONAL	OPTIONAL	OPTIONAL	SOURCE_CORRECTION_PRESENT	substantial solution with no deterministic blocker/rewrite trigger	Retain; copy-edit into the Part III six-part convention where useful.
CP-II-0548	CANONICAL_AUTHORED	A_STRONG	P3	705	350	17	YES	YES	OPTIONAL	OPTIONAL		substantial solution with no deterministic blocker/rewrite trigger	Retain; copy-edit into the Part III six-part convention where useful.
CP-II-0549	CANONICAL_AUTHORED	A_STRONG	P3	128	153	9	YES	OPTIONAL	OPTIONAL	OPTIONAL		substantial solution with no deterministic blocker/rewrite trigger	Retain; copy-edit into the Part III six-part convention where useful.
CP-II-0551	CANONICAL_AUTHORED	A_STRONG	P3	121	252	12	YES	OPTIONAL	OPTIONAL	OPTIONAL	SOURCE_CORRECTION_PRESENT	substantial solution with no deterministic blocker/rewrite trigger	Retain; copy-edit into the Part III six-part convention where useful.
CP-II-0554	CANONICAL_AUTHORED	A_STRONG	P3	44	181	11	YES	OPTIONAL	OPTIONAL	OPTIONAL		substantial solution with no deterministic blocker/rewrite trigger	Retain; copy-edit into the Part III six-part convention where useful.
CP-II-0564	SOURCE_BACKED	A_STRONG	P3	480	135	20	YES	YES	OPTIONAL	OPTIONAL		substantial solution with no deterministic blocker/rewrite trigger	Retain; copy-edit into the Part III six-part convention where useful.
CP-II-0568	CANONICAL_AUTHORED	A_STRONG	P3	37	135	8	YES	OPTIONAL	OPTIONAL	OPTIONAL		substantial solution with no deterministic blocker/rewrite trigger	Retain; copy-edit into the Part III six-part convention where useful.
CP-II-0569	SOURCE_BACKED	A_STRONG	P3	141	307	12	YES	OPTIONAL	OPTIONAL	OPTIONAL	SOURCE_CORRECTION_PRESENT	substantial solution with no deterministic blocker/rewrite trigger	Retain; copy-edit into the Part III six-part convention where useful.
CP-II-0010	CANONICAL_AUTHORED	B_POLISH	P2	31	85	6	YES	OPTIONAL	YES	OPTIONAL	TERSE_SOLUTION	solution needs expansion	Polish to the Part III convention: title, exact statement, focused theory if needed, fuller worked steps, and useful examples/extensions.
CP-II-0012	SOURCE_BACKED	B_POLISH	P2	36	61	18	YES	OPTIONAL	YES	OPTIONAL	TERSE_SOLUTION	solution needs expansion	Polish to the Part III convention: title, exact statement, focused theory if needed, fuller worked steps, and useful examples/extensions.
CP-II-0032	CANONICAL_AUTHORED	A_STRONG	P3	141	245	14	YES	OPTIONAL	OPTIONAL	OPTIONAL		substantial solution with no deterministic blocker/rewrite trigger	Retain; copy-edit into the Part III six-part convention where useful.
CP-II-0041	SOURCE_BACKED	A_STRONG	P3	191	112	16	YES	OPTIONAL	OPTIONAL	OPTIONAL		substantial solution with no deterministic blocker/rewrite trigger	Retain; copy-edit into the Part III six-part convention where useful.
CP-II-0048	CANONICAL_AUTHORED	A_STRONG	P3	127	222	15	YES	OPTIONAL	OPTIONAL	OPTIONAL		substantial solution with no deterministic blocker/rewrite trigger	Retain; copy-edit into the Part III six-part convention where useful.
CP-II-0055	CANONICAL_AUTHORED	A_STRONG	P3	27	122	8	YES	OPTIONAL	OPTIONAL	OPTIONAL		substantial solution with no deterministic blocker/rewrite trigger	Retain; copy-edit into the Part III six-part convention where useful.
CP-II-0059	CANONICAL_AUTHORED	A_STRONG	P3	149	199	15	YES	OPTIONAL	OPTIONAL	OPTIONAL		substantial solution with no deterministic blocker/rewrite trigger	Retain; copy-edit into the Part III six-part convention where useful.
CP-II-0061	SOURCE_BACKED	A_STRONG	P3	237	695	33	YES	OPTIONAL	OPTIONAL	OPTIONAL		substantial solution with no deterministic blocker/rewrite trigger	Retain; copy-edit into the Part III six-part convention where useful.
CP-II-0077	SOURCE_BACKED	B_POLISH	P2	76	87	13	YES	OPTIONAL	YES	OPTIONAL	TERSE_SOLUTION	solution needs expansion	Polish to the Part III convention: title, exact statement, focused theory if needed, fuller worked steps, and useful examples/extensions.
CP-II-0088	CANONICAL_AUTHORED	A_STRONG	P3	44	141	6	YES	OPTIONAL	OPTIONAL	OPTIONAL		substantial solution with no deterministic blocker/rewrite trigger	Retain; copy-edit into the Part III six-part convention where useful.
CP-II-0096	SOURCE_BACKED	B_POLISH	P2	86	47	9	YES	OPTIONAL	YES	OPTIONAL	TERSE_SOLUTION	solution needs expansion	Polish to the Part III convention: title, exact statement, focused theory if needed, fuller worked steps, and useful examples/extensions.
CP-II-0117	SOURCE_BACKED	A_STRONG	P3	82	161	18	YES	OPTIONAL	OPTIONAL	OPTIONAL		substantial solution with no deterministic blocker/rewrite trigger	Retain; copy-edit into the Part III six-part convention where useful.
CP-II-0129	SOURCE_BACKED	A_STRONG	P3	290	637	27	YES	YES	OPTIONAL	OPTIONAL		substantial solution with no deterministic blocker/rewrite trigger	Retain; copy-edit into the Part III six-part convention where useful.
CP-II-0132	CANONICAL_AUTHORED	A_STRONG	P3	265	181	13	YES	YES	OPTIONAL	OPTIONAL		substantial solution with no deterministic blocker/rewrite trigger	Retain; copy-edit into the Part III six-part convention where useful.
CP-II-0135	CANONICAL_AUTHORED	A_STRONG	P3	222	180	12	YES	OPTIONAL	OPTIONAL	OPTIONAL		substantial solution with no deterministic blocker/rewrite trigger	Retain; copy-edit into the Part III six-part convention where useful.
CP-II-0139	SOURCE_BACKED	B_POLISH	P2	70	69	16	YES	OPTIONAL	YES	OPTIONAL	TERSE_SOLUTION	solution needs expansion	Polish to the Part III convention: title, exact statement, focused theory if needed, fuller worked steps, and useful examples/extensions.
CP-II-0171	SOURCE_BACKED	A_STRONG	P3	114	150	14	YES	OPTIONAL	OPTIONAL	OPTIONAL		substantial solution with no deterministic blocker/rewrite trigger	Retain; copy-edit into the Part III six-part convention where useful.
CP-II-0172	SOURCE_BACKED	B_POLISH	P2	25	33	9	YES	OPTIONAL	YES	OPTIONAL	TERSE_SOLUTION	solution needs expansion	Polish to the Part III convention: title, exact statement, focused theory if needed, fuller worked steps, and useful examples/extensions.
CP-II-0184	SOURCE_BACKED	A_STRONG	P3	123	230	31	YES	OPTIONAL	OPTIONAL	OPTIONAL		substantial solution with no deterministic blocker/rewrite trigger	Retain; copy-edit into the Part III six-part convention where useful.
CP-II-0190	SOURCE_BACKED	A_STRONG	P3	74	170	21	YES	OPTIONAL	OPTIONAL	OPTIONAL		substantial solution with no deterministic blocker/rewrite trigger	Retain; copy-edit into the Part III six-part convention where useful.
CP-II-0202	SOURCE_BACKED	A_STRONG	P3	135	209	22	YES	OPTIONAL	OPTIONAL	OPTIONAL		substantial solution with no deterministic blocker/rewrite trigger	Retain; copy-edit into the Part III six-part convention where useful.
CP-II-0212	CANONICAL_AUTHORED	A_STRONG	P3	114	227	14	YES	OPTIONAL	OPTIONAL	OPTIONAL	SOURCE_CORRECTION_PRESENT	substantial solution with no deterministic blocker/rewrite trigger	Retain; copy-edit into the Part III six-part convention where useful.
CP-II-0225	SOURCE_BACKED	B_POLISH	P2	68	57	9	YES	OPTIONAL	YES	OPTIONAL	TERSE_SOLUTION	solution needs expansion	Polish to the Part III convention: title, exact statement, focused theory if needed, fuller worked steps, and useful examples/extensions.
CP-II-0252	SOURCE_BACKED	B_POLISH	P2	22	78	9	YES	OPTIONAL	YES	OPTIONAL	TERSE_SOLUTION	solution needs expansion	Polish to the Part III convention: title, exact statement, focused theory if needed, fuller worked steps, and useful examples/extensions.
CP-II-0260	SOURCE_BACKED	A_STRONG	P3	259	173	29	YES	OPTIONAL	OPTIONAL	OPTIONAL		substantial solution with no deterministic blocker/rewrite trigger	Retain; copy-edit into the Part III six-part convention where useful.
CP-II-0279	SOURCE_BACKED	B_POLISH	P2	90	72	17	YES	OPTIONAL	YES	OPTIONAL	TERSE_SOLUTION	solution needs expansion	Polish to the Part III convention: title, exact statement, focused theory if needed, fuller worked steps, and useful examples/extensions.
CP-II-0280	SOURCE_BACKED	B_POLISH	P2	46	69	4	YES	OPTIONAL	YES	OPTIONAL	TERSE_SOLUTION	solution needs expansion	Polish to the Part III convention: title, exact statement, focused theory if needed, fuller worked steps, and useful examples/extensions.
CP-II-0298	CANONICAL_AUTHORED	A_STRONG	P3	35	151	11	YES	OPTIONAL	OPTIONAL	OPTIONAL		substantial solution with no deterministic blocker/rewrite trigger	Retain; copy-edit into the Part III six-part convention where useful.
CP-II-0305	SOURCE_BACKED	A_STRONG	P3	151	310	10	YES	OPTIONAL	OPTIONAL	OPTIONAL	SOURCE_CORRECTION_PRESENT	substantial solution with no deterministic blocker/rewrite trigger	Retain; copy-edit into the Part III six-part convention where useful.
CP-II-0317	SOURCE_BACKED	A_STRONG	P3	138	162	26	YES	OPTIONAL	OPTIONAL	OPTIONAL		substantial solution with no deterministic blocker/rewrite trigger	Retain; copy-edit into the Part III six-part convention where useful.
CP-II-0325	CANONICAL_AUTHORED	A_STRONG	P3	55	116	9	YES	OPTIONAL	OPTIONAL	OPTIONAL		substantial solution with no deterministic blocker/rewrite trigger	Retain; copy-edit into the Part III six-part convention where useful.
CP-II-0328	SOURCE_BACKED	B_POLISH	P2	35	83	7	YES	OPTIONAL	YES	OPTIONAL	TERSE_SOLUTION	solution needs expansion	Polish to the Part III convention: title, exact statement, focused theory if needed, fuller worked steps, and useful examples/extensions.
CP-II-0354	CANONICAL_AUTHORED	A_STRONG	P3	125	251	17	YES	OPTIONAL	OPTIONAL	OPTIONAL		substantial solution with no deterministic blocker/rewrite trigger	Retain; copy-edit into the Part III six-part convention where useful.
CP-II-0371	SOURCE_BACKED	A_STRONG	P3	88	241	26	YES	OPTIONAL	OPTIONAL	OPTIONAL		substantial solution with no deterministic blocker/rewrite trigger	Retain; copy-edit into the Part III six-part convention where useful.
CP-II-0417	CANONICAL_AUTHORED	A_STRONG	P3	936	245	16	YES	YES	OPTIONAL	OPTIONAL		substantial solution with no deterministic blocker/rewrite trigger	Retain; copy-edit into the Part III six-part convention where useful.
CP-II-0428	CANONICAL_AUTHORED	A_STRONG	P3	213	161	11	YES	OPTIONAL	OPTIONAL	OPTIONAL		substantial solution with no deterministic blocker/rewrite trigger	Retain; copy-edit into the Part III six-part convention where useful.
CP-II-0429	SOURCE_BACKED	B_POLISH	P2	59	27	5	YES	OPTIONAL	YES	OPTIONAL	TERSE_SOLUTION	solution needs expansion	Polish to the Part III convention: title, exact statement, focused theory if needed, fuller worked steps, and useful examples/extensions.
CP-II-0433	CANONICAL_AUTHORED	A_STRONG	P3	77	136	10	YES	OPTIONAL	OPTIONAL	OPTIONAL		substantial solution with no deterministic blocker/rewrite trigger	Retain; copy-edit into the Part III six-part convention where useful.
CP-II-0435	CANONICAL_AUTHORED	A_STRONG	P3	207	263	13	YES	OPTIONAL	OPTIONAL	OPTIONAL		substantial solution with no deterministic blocker/rewrite trigger	Retain; copy-edit into the Part III six-part convention where useful.
CP-II-0436	CANONICAL_AUTHORED	A_STRONG	P3	73	146	7	YES	OPTIONAL	OPTIONAL	OPTIONAL		substantial solution with no deterministic blocker/rewrite trigger	Retain; copy-edit into the Part III six-part convention where useful.
CP-II-0438	SOURCE_BACKED	B_POLISH	P2	24	68	8	YES	OPTIONAL	YES	OPTIONAL	TERSE_SOLUTION	solution needs expansion	Polish to the Part III convention: title, exact statement, focused theory if needed, fuller worked steps, and useful examples/extensions.
CP-II-0454	SOURCE_BACKED	A_STRONG	P3	289	637	27	YES	YES	OPTIONAL	OPTIONAL		substantial solution with no deterministic blocker/rewrite trigger	Retain; copy-edit into the Part III six-part convention where useful.
CP-II-0459	SOURCE_BACKED	B_POLISH	P2	26	45	7	YES	OPTIONAL	YES	OPTIONAL	TERSE_SOLUTION	solution needs expansion	Polish to the Part III convention: title, exact statement, focused theory if needed, fuller worked steps, and useful examples/extensions.
CP-II-0473	CANONICAL_AUTHORED	A_STRONG	P3	216	186	13	YES	OPTIONAL	OPTIONAL	OPTIONAL		substantial solution with no deterministic blocker/rewrite trigger	Retain; copy-edit into the Part III six-part convention where useful.
CP-II-0477	CANONICAL_AUTHORED	A_STRONG	P3	896	281	15	YES	YES	OPTIONAL	OPTIONAL		substantial solution with no deterministic blocker/rewrite trigger	Retain; copy-edit into the Part III six-part convention where useful.
CP-II-0499	CANONICAL_AUTHORED	B_POLISH	P2	34	74	6	YES	OPTIONAL	YES	OPTIONAL	TERSE_SOLUTION	solution needs expansion	Polish to the Part III convention: title, exact statement, focused theory if needed, fuller worked steps, and useful examples/extensions.
CP-II-0528	SOURCE_BACKED	B_POLISH	P2	27	62	10	YES	OPTIONAL	YES	OPTIONAL	TERSE_SOLUTION	solution needs expansion	Polish to the Part III convention: title, exact statement, focused theory if needed, fuller worked steps, and useful examples/extensions.
CP-II-0535	SOURCE_BACKED	B_POLISH	P2	42	40	9	YES	OPTIONAL	YES	OPTIONAL	TERSE_SOLUTION	solution needs expansion	Polish to the Part III convention: title, exact statement, focused theory if needed, fuller worked steps, and useful examples/extensions.
CP-II-0552	SOURCE_BACKED	B_POLISH	P2	33	52	5	YES	OPTIONAL	YES	OPTIONAL	TERSE_SOLUTION	solution needs expansion	Polish to the Part III convention: title, exact statement, focused theory if needed, fuller worked steps, and useful examples/extensions.
CP-II-0559	CANONICAL_AUTHORED	A_STRONG	P3	66	122	11	YES	OPTIONAL	OPTIONAL	OPTIONAL		substantial solution with no deterministic blocker/rewrite trigger	Retain; copy-edit into the Part III six-part convention where useful.
CP-II-0565	CANONICAL_AUTHORED	A_STRONG	P3	346	127	6	YES	YES	OPTIONAL	OPTIONAL		substantial solution with no deterministic blocker/rewrite trigger	Retain; copy-edit into the Part III six-part convention where useful.
CP-II-0001	SOURCE_BACKED	B_POLISH	P2	25	90	9	NO	OPTIONAL	YES	OPTIONAL	MISSING_DESCRIPTIVE_TITLE;TERSE_SOLUTION	needs descriptive problem name; solution needs expansion	Polish to the Part III convention: title, exact statement, focused theory if needed, fuller worked steps, and useful examples/extensions.
CP-II-0002	SOURCE_BACKED	B_POLISH	P2	30	58	10	YES	OPTIONAL	YES	OPTIONAL	TERSE_SOLUTION	solution needs expansion	Polish to the Part III convention: title, exact statement, focused theory if needed, fuller worked steps, and useful examples/extensions.
CP-II-0003	CANONICAL_AUTHORED	B_POLISH	P2	33	50	6	YES	OPTIONAL	YES	OPTIONAL	TERSE_SOLUTION	solution needs expansion	Polish to the Part III convention: title, exact statement, focused theory if needed, fuller worked steps, and useful examples/extensions.
CP-II-0004	CANONICAL_AUTHORED	B_POLISH	P2	33	165	7	NO	OPTIONAL	YES	OPTIONAL	MISSING_DESCRIPTIVE_TITLE	needs descriptive problem name	Polish to the Part III convention: title, exact statement, focused theory if needed, fuller worked steps, and useful examples/extensions.
CP-II-0007	SOURCE_BACKED	B_POLISH	P2	78	123	16	NO	OPTIONAL	YES	OPTIONAL	MISSING_DESCRIPTIVE_TITLE	needs descriptive problem name	Polish to the Part III convention: title, exact statement, focused theory if needed, fuller worked steps, and useful examples/extensions.
CP-II-0009	CANONICAL_AUTHORED	A_STRONG	P3	20	121	6	YES	OPTIONAL	OPTIONAL	OPTIONAL		substantial solution with no deterministic blocker/rewrite trigger	Retain; copy-edit into the Part III six-part convention where useful.
CP-II-0011	CANONICAL_AUTHORED	B_POLISH	P2	35	163	12	NO	OPTIONAL	YES	OPTIONAL	MISSING_DESCRIPTIVE_TITLE	needs descriptive problem name	Polish to the Part III convention: title, exact statement, focused theory if needed, fuller worked steps, and useful examples/extensions.
CP-II-0015	CANONICAL_AUTHORED	A_STRONG	P3	203	224	13	YES	OPTIONAL	OPTIONAL	OPTIONAL		substantial solution with no deterministic blocker/rewrite trigger	Retain; copy-edit into the Part III six-part convention where useful.
CP-II-0016	SOURCE_BACKED	B_POLISH	P2	95	62	10	YES	OPTIONAL	YES	OPTIONAL	TERSE_SOLUTION	solution needs expansion	Polish to the Part III convention: title, exact statement, focused theory if needed, fuller worked steps, and useful examples/extensions.
CP-II-0019	SOURCE_BACKED	B_POLISH	P2	18	102	15	YES	OPTIONAL	YES	OPTIONAL	TERSE_SOLUTION	solution needs expansion	Polish to the Part III convention: title, exact statement, focused theory if needed, fuller worked steps, and useful examples/extensions.
CP-II-0020	SOURCE_BACKED	B_POLISH	P2	73	83	15	YES	OPTIONAL	YES	OPTIONAL	TERSE_SOLUTION	solution needs expansion	Polish to the Part III convention: title, exact statement, focused theory if needed, fuller worked steps, and useful examples/extensions.
CP-II-0024	CANONICAL_AUTHORED	B_POLISH	P2	21	93	6	YES	OPTIONAL	YES	OPTIONAL	TERSE_SOLUTION	solution needs expansion	Polish to the Part III convention: title, exact statement, focused theory if needed, fuller worked steps, and useful examples/extensions.
CP-II-0025	CANONICAL_AUTHORED	B_POLISH	P2	216	94	9	YES	OPTIONAL	YES	OPTIONAL	TERSE_SOLUTION	solution needs expansion	Polish to the Part III convention: title, exact statement, focused theory if needed, fuller worked steps, and useful examples/extensions.
CP-II-0026	CANONICAL_AUTHORED	A_STRONG	P3	416	254	13	YES	YES	OPTIONAL	OPTIONAL		substantial solution with no deterministic blocker/rewrite trigger	Retain; copy-edit into the Part III six-part convention where useful.
CP-II-0027	CANONICAL_AUTHORED	B_POLISH	P2	42	112	7	NO	OPTIONAL	YES	OPTIONAL	MISSING_DESCRIPTIVE_TITLE	needs descriptive problem name	Polish to the Part III convention: title, exact statement, focused theory if needed, fuller worked steps, and useful examples/extensions.
CP-II-0031	CANONICAL_AUTHORED	A_STRONG	P3	108	239	12	YES	OPTIONAL	OPTIONAL	OPTIONAL	SOURCE_CORRECTION_PRESENT	substantial solution with no deterministic blocker/rewrite trigger	Retain; copy-edit into the Part III six-part convention where useful.
CP-II-0033	CANONICAL_AUTHORED	B_POLISH	P2	68	135	14	NO	OPTIONAL	YES	OPTIONAL	MISSING_DESCRIPTIVE_TITLE	needs descriptive problem name	Polish to the Part III convention: title, exact statement, focused theory if needed, fuller worked steps, and useful examples/extensions.
CP-II-0034	CANONICAL_AUTHORED	B_POLISH	P2	20	155	7	NO	OPTIONAL	YES	OPTIONAL	MISSING_DESCRIPTIVE_TITLE	needs descriptive problem name	Polish to the Part III convention: title, exact statement, focused theory if needed, fuller worked steps, and useful examples/extensions.
CP-II-0036	CANONICAL_AUTHORED	B_POLISH	P2	46	108	8	NO	OPTIONAL	YES	OPTIONAL	MISSING_DESCRIPTIVE_TITLE;TERSE_SOLUTION	needs descriptive problem name; solution needs expansion	Polish to the Part III convention: title, exact statement, focused theory if needed, fuller worked steps, and useful examples/extensions.
CP-II-0037	CANONICAL_AUTHORED	A_STRONG	P3	277	138	18	YES	YES	OPTIONAL	OPTIONAL		substantial solution with no deterministic blocker/rewrite trigger	Retain; copy-edit into the Part III six-part convention where useful.
CP-II-0039	CANONICAL_AUTHORED	B_POLISH	P2	29	73	4	YES	OPTIONAL	YES	OPTIONAL	TERSE_SOLUTION	solution needs expansion	Polish to the Part III convention: title, exact statement, focused theory if needed, fuller worked steps, and useful examples/extensions.
CP-II-0040	CANONICAL_AUTHORED	A_STRONG	P3	39	118	6	YES	OPTIONAL	OPTIONAL	OPTIONAL		substantial solution with no deterministic blocker/rewrite trigger	Retain; copy-edit into the Part III six-part convention where useful.
CP-II-0042	CANONICAL_AUTHORED	B_POLISH	P2	40	97	9	NO	OPTIONAL	YES	OPTIONAL	MISSING_DESCRIPTIVE_TITLE;TERSE_SOLUTION	needs descriptive problem name; solution needs expansion	Polish to the Part III convention: title, exact statement, focused theory if needed, fuller worked steps, and useful examples/extensions.
CP-II-0043	SOURCE_BACKED	B_POLISH	P2	73	98	9	YES	OPTIONAL	YES	OPTIONAL	TERSE_SOLUTION	solution needs expansion	Polish to the Part III convention: title, exact statement, focused theory if needed, fuller worked steps, and useful examples/extensions.
CP-II-0044	SOURCE_BACKED	B_POLISH	P2	68	132	16	NO	OPTIONAL	YES	OPTIONAL	MISSING_DESCRIPTIVE_TITLE	needs descriptive problem name	Polish to the Part III convention: title, exact statement, focused theory if needed, fuller worked steps, and useful examples/extensions.
CP-II-0045	CANONICAL_AUTHORED	B_POLISH	P2	41	112	8	NO	OPTIONAL	YES	OPTIONAL	MISSING_DESCRIPTIVE_TITLE	needs descriptive problem name	Polish to the Part III convention: title, exact statement, focused theory if needed, fuller worked steps, and useful examples/extensions.
CP-II-0046	CANONICAL_AUTHORED	B_POLISH	P2	55	105	5	YES	OPTIONAL	YES	OPTIONAL	TERSE_SOLUTION	solution needs expansion	Polish to the Part III convention: title, exact statement, focused theory if needed, fuller worked steps, and useful examples/extensions.
CP-II-0049	CANONICAL_AUTHORED	B_POLISH	P2	18	133	5	NO	OPTIONAL	YES	OPTIONAL	MISSING_DESCRIPTIVE_TITLE	needs descriptive problem name	Polish to the Part III convention: title, exact statement, focused theory if needed, fuller worked steps, and useful examples/extensions.
CP-II-0050	CANONICAL_AUTHORED	B_POLISH	P2	22	90	5	NO	OPTIONAL	YES	OPTIONAL	MISSING_DESCRIPTIVE_TITLE;TERSE_SOLUTION	needs descriptive problem name; solution needs expansion	Polish to the Part III convention: title, exact statement, focused theory if needed, fuller worked steps, and useful examples/extensions.
CP-II-0051	CANONICAL_AUTHORED	A_STRONG	P3	220	116	9	YES	OPTIONAL	OPTIONAL	OPTIONAL		substantial solution with no deterministic blocker/rewrite trigger	Retain; copy-edit into the Part III six-part convention where useful.
CP-II-0053	CANONICAL_AUTHORED	B_POLISH	P2	109	180	10	YES	OPTIONAL	YES	OPTIONAL	MANY_SHORTCUT_PHRASES	too many shortcut phrases replace proof detail	Polish to the Part III convention: title, exact statement, focused theory if needed, fuller worked steps, and useful examples/extensions.
CP-II-0054	CANONICAL_AUTHORED	A_STRONG	P3	50	155	11	YES	OPTIONAL	OPTIONAL	OPTIONAL		substantial solution with no deterministic blocker/rewrite trigger	Retain; copy-edit into the Part III six-part convention where useful.
CP-II-0056	CANONICAL_AUTHORED	B_POLISH	P2	29	83	10	YES	OPTIONAL	YES	OPTIONAL	TERSE_SOLUTION	solution needs expansion	Polish to the Part III convention: title, exact statement, focused theory if needed, fuller worked steps, and useful examples/extensions.
CP-II-0057	SOURCE_BACKED	A_STRONG	P3	99	515	50	YES	OPTIONAL	OPTIONAL	OPTIONAL		substantial solution with no deterministic blocker/rewrite trigger	Retain; copy-edit into the Part III six-part convention where useful.
CP-II-0058	CANONICAL_AUTHORED	B_POLISH	P2	11	106	9	YES	OPTIONAL	YES	OPTIONAL	TERSE_SOLUTION	solution needs expansion	Polish to the Part III convention: title, exact statement, focused theory if needed, fuller worked steps, and useful examples/extensions.
CP-II-0060	CANONICAL_AUTHORED	A_STRONG	P3	382	152	13	YES	YES	OPTIONAL	OPTIONAL		substantial solution with no deterministic blocker/rewrite trigger	Retain; copy-edit into the Part III six-part convention where useful.
CP-II-0063	SOURCE_BACKED	B_POLISH	P2	12	93	10	NO	OPTIONAL	YES	OPTIONAL	MISSING_DESCRIPTIVE_TITLE;TERSE_SOLUTION	needs descriptive problem name; solution needs expansion	Polish to the Part III convention: title, exact statement, focused theory if needed, fuller worked steps, and useful examples/extensions.
CP-II-0064	SOURCE_BACKED	A_STRONG	P3	147	279	15	YES	OPTIONAL	OPTIONAL	OPTIONAL		substantial solution with no deterministic blocker/rewrite trigger	Retain; copy-edit into the Part III six-part convention where useful.
CP-II-0065	CANONICAL_AUTHORED	A_STRONG	P3	357	207	15	YES	YES	OPTIONAL	OPTIONAL		substantial solution with no deterministic blocker/rewrite trigger	Retain; copy-edit into the Part III six-part convention where useful.
CP-II-0066	SOURCE_BACKED	A_STRONG	P3	44	172	8	YES	OPTIONAL	OPTIONAL	OPTIONAL		substantial solution with no deterministic blocker/rewrite trigger	Retain; copy-edit into the Part III six-part convention where useful.
CP-II-0067	CANONICAL_AUTHORED	A_STRONG	P3	50	173	12	YES	OPTIONAL	OPTIONAL	OPTIONAL		substantial solution with no deterministic blocker/rewrite trigger	Retain; copy-edit into the Part III six-part convention where useful.
CP-II-0068	CANONICAL_AUTHORED	A_STRONG	P3	187	280	12	YES	OPTIONAL	OPTIONAL	OPTIONAL	SOURCE_CORRECTION_PRESENT	substantial solution with no deterministic blocker/rewrite trigger	Retain; copy-edit into the Part III six-part convention where useful.
CP-II-0071	SOURCE_BACKED	B_POLISH	P2	75	62	9	YES	OPTIONAL	YES	OPTIONAL	TERSE_SOLUTION	solution needs expansion	Polish to the Part III convention: title, exact statement, focused theory if needed, fuller worked steps, and useful examples/extensions.
CP-II-0074	CANONICAL_AUTHORED	B_POLISH	P2	26	73	5	YES	OPTIONAL	YES	OPTIONAL	TERSE_SOLUTION	solution needs expansion	Polish to the Part III convention: title, exact statement, focused theory if needed, fuller worked steps, and useful examples/extensions.
CP-II-0078	CANONICAL_AUTHORED	B_POLISH	P2	61	163	9	NO	OPTIONAL	YES	OPTIONAL	MISSING_DESCRIPTIVE_TITLE	needs descriptive problem name	Polish to the Part III convention: title, exact statement, focused theory if needed, fuller worked steps, and useful examples/extensions.
CP-II-0079	CANONICAL_AUTHORED	B_POLISH	P2	50	44	3	YES	OPTIONAL	YES	OPTIONAL	TERSE_SOLUTION	solution needs expansion	Polish to the Part III convention: title, exact statement, focused theory if needed, fuller worked steps, and useful examples/extensions.
CP-II-0080	SOURCE_BACKED	B_POLISH	P2	23	49	5	NO	OPTIONAL	YES	OPTIONAL	MISSING_DESCRIPTIVE_TITLE;TERSE_SOLUTION	needs descriptive problem name; solution needs expansion	Polish to the Part III convention: title, exact statement, focused theory if needed, fuller worked steps, and useful examples/extensions.
CP-II-0081	CANONICAL_AUTHORED	A_STRONG	P3	41	156	10	YES	OPTIONAL	OPTIONAL	OPTIONAL		substantial solution with no deterministic blocker/rewrite trigger	Retain; copy-edit into the Part III six-part convention where useful.
CP-II-0084	CANONICAL_AUTHORED	B_POLISH	P2	41	98	9	YES	OPTIONAL	YES	OPTIONAL	TERSE_SOLUTION	solution needs expansion	Polish to the Part III convention: title, exact statement, focused theory if needed, fuller worked steps, and useful examples/extensions.
CP-II-0087	CANONICAL_AUTHORED	B_POLISH	P2	65	85	4	YES	OPTIONAL	YES	OPTIONAL	TERSE_SOLUTION	solution needs expansion	Polish to the Part III convention: title, exact statement, focused theory if needed, fuller worked steps, and useful examples/extensions.
CP-II-0089	CANONICAL_AUTHORED	A_STRONG	P3	41	131	9	YES	OPTIONAL	OPTIONAL	OPTIONAL		substantial solution with no deterministic blocker/rewrite trigger	Retain; copy-edit into the Part III six-part convention where useful.
CP-II-0091	SOURCE_BACKED	A_STRONG	P3	51	154	7	YES	OPTIONAL	OPTIONAL	OPTIONAL		substantial solution with no deterministic blocker/rewrite trigger	Retain; copy-edit into the Part III six-part convention where useful.
CP-II-0093	CANONICAL_AUTHORED	A_STRONG	P3	37	143	9	YES	OPTIONAL	OPTIONAL	OPTIONAL		substantial solution with no deterministic blocker/rewrite trigger	Retain; copy-edit into the Part III six-part convention where useful.
CP-II-0094	CANONICAL_AUTHORED	A_STRONG	P3	65	168	15	YES	OPTIONAL	OPTIONAL	OPTIONAL		substantial solution with no deterministic blocker/rewrite trigger	Retain; copy-edit into the Part III six-part convention where useful.
CP-II-0095	CANONICAL_AUTHORED	B_POLISH	P2	30	83	7	YES	OPTIONAL	YES	OPTIONAL	TERSE_SOLUTION	solution needs expansion	Polish to the Part III convention: title, exact statement, focused theory if needed, fuller worked steps, and useful examples/extensions.
CP-II-0097	CANONICAL_AUTHORED	B_POLISH	P2	72	147	9	NO	OPTIONAL	YES	OPTIONAL	MISSING_DESCRIPTIVE_TITLE	needs descriptive problem name	Polish to the Part III convention: title, exact statement, focused theory if needed, fuller worked steps, and useful examples/extensions.
CP-II-0099	CANONICAL_AUTHORED	A_STRONG	P3	191	173	13	YES	OPTIONAL	OPTIONAL	OPTIONAL		substantial solution with no deterministic blocker/rewrite trigger	Retain; copy-edit into the Part III six-part convention where useful.
CP-II-0101	CANONICAL_AUTHORED	B_POLISH	P2	27	64	4	YES	OPTIONAL	YES	OPTIONAL	TERSE_SOLUTION	solution needs expansion	Polish to the Part III convention: title, exact statement, focused theory if needed, fuller worked steps, and useful examples/extensions.
CP-II-0102	CANONICAL_AUTHORED	B_POLISH	P2	157	105	9	YES	OPTIONAL	YES	OPTIONAL	TERSE_SOLUTION	solution needs expansion	Polish to the Part III convention: title, exact statement, focused theory if needed, fuller worked steps, and useful examples/extensions.
CP-II-0103	SOURCE_BACKED	B_POLISH	P2	20	39	7	NO	OPTIONAL	YES	OPTIONAL	MISSING_DESCRIPTIVE_TITLE;TERSE_SOLUTION	needs descriptive problem name; solution needs expansion	Polish to the Part III convention: title, exact statement, focused theory if needed, fuller worked steps, and useful examples/extensions.
CP-II-0104	SOURCE_BACKED	B_POLISH	P2	68	199	27	NO	OPTIONAL	YES	OPTIONAL	MISSING_DESCRIPTIVE_TITLE	needs descriptive problem name	Polish to the Part III convention: title, exact statement, focused theory if needed, fuller worked steps, and useful examples/extensions.
CP-II-0105	SOURCE_BACKED	B_POLISH	P2	40	125	11	NO	OPTIONAL	YES	OPTIONAL	MISSING_DESCRIPTIVE_TITLE	needs descriptive problem name	Polish to the Part III convention: title, exact statement, focused theory if needed, fuller worked steps, and useful examples/extensions.
CP-II-0106	SOURCE_BACKED	B_POLISH	P2	30	97	11	YES	OPTIONAL	YES	OPTIONAL	TERSE_SOLUTION	solution needs expansion	Polish to the Part III convention: title, exact statement, focused theory if needed, fuller worked steps, and useful examples/extensions.
CP-II-0107	CANONICAL_AUTHORED	B_POLISH	P2	42	99	6	NO	OPTIONAL	YES	OPTIONAL	MISSING_DESCRIPTIVE_TITLE;TERSE_SOLUTION	needs descriptive problem name; solution needs expansion	Polish to the Part III convention: title, exact statement, focused theory if needed, fuller worked steps, and useful examples/extensions.
CP-II-0109	CANONICAL_AUTHORED	A_STRONG	P3	105	235	15	YES	OPTIONAL	OPTIONAL	OPTIONAL		substantial solution with no deterministic blocker/rewrite trigger	Retain; copy-edit into the Part III six-part convention where useful.
CP-II-0110	CANONICAL_AUTHORED	A_STRONG	P3	666	324	20	YES	YES	OPTIONAL	OPTIONAL		substantial solution with no deterministic blocker/rewrite trigger	Retain; copy-edit into the Part III six-part convention where useful.
CP-II-0113	CANONICAL_AUTHORED	A_STRONG	P3	32	114	10	YES	OPTIONAL	OPTIONAL	OPTIONAL		substantial solution with no deterministic blocker/rewrite trigger	Retain; copy-edit into the Part III six-part convention where useful.
CP-II-0115	SOURCE_BACKED	A_STRONG	P3	83	158	19	YES	OPTIONAL	OPTIONAL	OPTIONAL		substantial solution with no deterministic blocker/rewrite trigger	Retain; copy-edit into the Part III six-part convention where useful.
CP-II-0116	SOURCE_BACKED	A_STRONG	P3	150	462	50	YES	OPTIONAL	OPTIONAL	OPTIONAL		substantial solution with no deterministic blocker/rewrite trigger	Retain; copy-edit into the Part III six-part convention where useful.
CP-II-0118	SOURCE_BACKED	B_POLISH	P2	88	284	37	NO	OPTIONAL	OPTIONAL	OPTIONAL	MISSING_DESCRIPTIVE_TITLE	needs descriptive problem name	Polish to the Part III convention: title, exact statement, focused theory if needed, fuller worked steps, and useful examples/extensions.
CP-II-0120	CANONICAL_AUTHORED	B_POLISH	P2	55	79	5	YES	OPTIONAL	YES	OPTIONAL	TERSE_SOLUTION	solution needs expansion	Polish to the Part III convention: title, exact statement, focused theory if needed, fuller worked steps, and useful examples/extensions.
CP-II-0121	CANONICAL_AUTHORED	B_POLISH	P2	22	60	5	NO	OPTIONAL	YES	OPTIONAL	MISSING_DESCRIPTIVE_TITLE;TERSE_SOLUTION	needs descriptive problem name; solution needs expansion	Polish to the Part III convention: title, exact statement, focused theory if needed, fuller worked steps, and useful examples/extensions.
CP-II-0123	CANONICAL_AUTHORED	B_POLISH	P2	26	109	8	NO	OPTIONAL	YES	OPTIONAL	MISSING_DESCRIPTIVE_TITLE;TERSE_SOLUTION	needs descriptive problem name; solution needs expansion	Polish to the Part III convention: title, exact statement, focused theory if needed, fuller worked steps, and useful examples/extensions.
CP-II-0124	CANONICAL_AUTHORED	B_POLISH	P2	49	99	6	YES	OPTIONAL	YES	OPTIONAL	TERSE_SOLUTION	solution needs expansion	Polish to the Part III convention: title, exact statement, focused theory if needed, fuller worked steps, and useful examples/extensions.
CP-II-0125	SOURCE_BACKED	B_POLISH	P2	38	94	18	YES	OPTIONAL	YES	OPTIONAL	TERSE_SOLUTION	solution needs expansion	Polish to the Part III convention: title, exact statement, focused theory if needed, fuller worked steps, and useful examples/extensions.
CP-II-0126	SOURCE_BACKED	B_POLISH	P2	40	185	15	NO	OPTIONAL	YES	OPTIONAL	MISSING_DESCRIPTIVE_TITLE	needs descriptive problem name	Polish to the Part III convention: title, exact statement, focused theory if needed, fuller worked steps, and useful examples/extensions.
CP-II-0128	SOURCE_BACKED	B_POLISH	P2	36	63	6	NO	OPTIONAL	YES	OPTIONAL	MISSING_DESCRIPTIVE_TITLE;TERSE_SOLUTION	needs descriptive problem name; solution needs expansion	Polish to the Part III convention: title, exact statement, focused theory if needed, fuller worked steps, and useful examples/extensions.
CP-II-0134	CANONICAL_AUTHORED	A_STRONG	P3	39	145	11	YES	OPTIONAL	OPTIONAL	OPTIONAL		substantial solution with no deterministic blocker/rewrite trigger	Retain; copy-edit into the Part III six-part convention where useful.
CP-II-0140	CANONICAL_AUTHORED	B_POLISH	P2	56	63	6	YES	OPTIONAL	YES	OPTIONAL	TERSE_SOLUTION	solution needs expansion	Polish to the Part III convention: title, exact statement, focused theory if needed, fuller worked steps, and useful examples/extensions.
CP-II-0141	SOURCE_BACKED	B_POLISH	P2	91	170	21	NO	OPTIONAL	YES	OPTIONAL	MISSING_DESCRIPTIVE_TITLE	needs descriptive problem name	Polish to the Part III convention: title, exact statement, focused theory if needed, fuller worked steps, and useful examples/extensions.
CP-II-0142	CANONICAL_AUTHORED	A_STRONG	P3	43	111	8	YES	OPTIONAL	OPTIONAL	OPTIONAL		substantial solution with no deterministic blocker/rewrite trigger	Retain; copy-edit into the Part III six-part convention where useful.
CP-II-0144	SOURCE_BACKED	B_POLISH	P2	12	34	7	NO	OPTIONAL	YES	OPTIONAL	MISSING_DESCRIPTIVE_TITLE;TERSE_SOLUTION	needs descriptive problem name; solution needs expansion	Polish to the Part III convention: title, exact statement, focused theory if needed, fuller worked steps, and useful examples/extensions.
CP-II-0147	SOURCE_BACKED	B_POLISH	P2	43	111	15	NO	OPTIONAL	YES	OPTIONAL	MISSING_DESCRIPTIVE_TITLE	needs descriptive problem name	Polish to the Part III convention: title, exact statement, focused theory if needed, fuller worked steps, and useful examples/extensions.
CP-II-0148	CANONICAL_AUTHORED	B_POLISH	P2	47	34	3	YES	OPTIONAL	YES	OPTIONAL	TERSE_SOLUTION	solution needs expansion	Polish to the Part III convention: title, exact statement, focused theory if needed, fuller worked steps, and useful examples/extensions.
CP-II-0149	CANONICAL_AUTHORED	A_STRONG	P3	95	165	9	YES	OPTIONAL	OPTIONAL	OPTIONAL		substantial solution with no deterministic blocker/rewrite trigger	Retain; copy-edit into the Part III six-part convention where useful.
CP-II-0150	CANONICAL_AUTHORED	B_POLISH	P2	54	121	11	NO	OPTIONAL	YES	OPTIONAL	MISSING_DESCRIPTIVE_TITLE	needs descriptive problem name	Polish to the Part III convention: title, exact statement, focused theory if needed, fuller worked steps, and useful examples/extensions.
CP-II-0151	CANONICAL_AUTHORED	A_STRONG	P3	23	121	9	YES	OPTIONAL	OPTIONAL	OPTIONAL		substantial solution with no deterministic blocker/rewrite trigger	Retain; copy-edit into the Part III six-part convention where useful.
CP-II-0152	CANONICAL_AUTHORED	A_STRONG	P3	715	181	14	YES	YES	OPTIONAL	OPTIONAL		substantial solution with no deterministic blocker/rewrite trigger	Retain; copy-edit into the Part III six-part convention where useful.
CP-II-0154	CANONICAL_AUTHORED	A_STRONG	P3	26	131	5	YES	OPTIONAL	OPTIONAL	OPTIONAL		substantial solution with no deterministic blocker/rewrite trigger	Retain; copy-edit into the Part III six-part convention where useful.
CP-II-0155	CANONICAL_AUTHORED	A_STRONG	P3	50	204	14	YES	OPTIONAL	OPTIONAL	OPTIONAL		substantial solution with no deterministic blocker/rewrite trigger	Retain; copy-edit into the Part III six-part convention where useful.
CP-II-0156	SOURCE_BACKED	B_POLISH	P2	17	76	11	NO	OPTIONAL	YES	OPTIONAL	MISSING_DESCRIPTIVE_TITLE;TERSE_SOLUTION	needs descriptive problem name; solution needs expansion	Polish to the Part III convention: title, exact statement, focused theory if needed, fuller worked steps, and useful examples/extensions.
CP-II-0157	CANONICAL_AUTHORED	B_POLISH	P2	37	93	5	YES	OPTIONAL	YES	OPTIONAL	TERSE_SOLUTION	solution needs expansion	Polish to the Part III convention: title, exact statement, focused theory if needed, fuller worked steps, and useful examples/extensions.
CP-II-0158	CANONICAL_AUTHORED	A_STRONG	P3	71	205	14	YES	OPTIONAL	OPTIONAL	OPTIONAL		substantial solution with no deterministic blocker/rewrite trigger	Retain; copy-edit into the Part III six-part convention where useful.
CP-II-0160	SOURCE_BACKED	B_POLISH	P2	40	105	7	YES	OPTIONAL	YES	OPTIONAL	TERSE_SOLUTION	solution needs expansion	Polish to the Part III convention: title, exact statement, focused theory if needed, fuller worked steps, and useful examples/extensions.
CP-II-0161	CANONICAL_AUTHORED	A_STRONG	P3	29	147	7	YES	OPTIONAL	OPTIONAL	OPTIONAL		substantial solution with no deterministic blocker/rewrite trigger	Retain; copy-edit into the Part III six-part convention where useful.
CP-II-0164	CANONICAL_AUTHORED	B_POLISH	P2	34	49	2	YES	OPTIONAL	YES	OPTIONAL	TERSE_SOLUTION	solution needs expansion	Polish to the Part III convention: title, exact statement, focused theory if needed, fuller worked steps, and useful examples/extensions.
CP-II-0165	CANONICAL_AUTHORED	B_POLISH	P2	25	90	6	YES	OPTIONAL	YES	OPTIONAL	TERSE_SOLUTION	solution needs expansion	Polish to the Part III convention: title, exact statement, focused theory if needed, fuller worked steps, and useful examples/extensions.
CP-II-0167	CANONICAL_AUTHORED	A_STRONG	P3	888	364	16	YES	YES	OPTIONAL	OPTIONAL	SOURCE_CORRECTION_PRESENT	substantial solution with no deterministic blocker/rewrite trigger	Retain; copy-edit into the Part III six-part convention where useful.
CP-II-0169	SOURCE_BACKED	B_POLISH	P2	29	57	9	YES	OPTIONAL	YES	OPTIONAL	TERSE_SOLUTION	solution needs expansion	Polish to the Part III convention: title, exact statement, focused theory if needed, fuller worked steps, and useful examples/extensions.
CP-II-0170	CANONICAL_AUTHORED	A_STRONG	P3	44	217	12	YES	OPTIONAL	OPTIONAL	OPTIONAL		substantial solution with no deterministic blocker/rewrite trigger	Retain; copy-edit into the Part III six-part convention where useful.
CP-II-0173	CANONICAL_AUTHORED	A_STRONG	P3	32	115	8	YES	OPTIONAL	OPTIONAL	OPTIONAL		substantial solution with no deterministic blocker/rewrite trigger	Retain; copy-edit into the Part III six-part convention where useful.
CP-II-0175	CANONICAL_AUTHORED	A_STRONG	P3	90	145	10	YES	OPTIONAL	OPTIONAL	OPTIONAL		substantial solution with no deterministic blocker/rewrite trigger	Retain; copy-edit into the Part III six-part convention where useful.
CP-II-0176	CANONICAL_AUTHORED	B_POLISH	P2	20	117	5	NO	OPTIONAL	YES	OPTIONAL	MISSING_DESCRIPTIVE_TITLE	needs descriptive problem name	Polish to the Part III convention: title, exact statement, focused theory if needed, fuller worked steps, and useful examples/extensions.
CP-II-0177	SOURCE_BACKED	B_POLISH	P2	57	57	7	YES	OPTIONAL	YES	OPTIONAL	TERSE_SOLUTION	solution needs expansion	Polish to the Part III convention: title, exact statement, focused theory if needed, fuller worked steps, and useful examples/extensions.
CP-II-0178	CANONICAL_AUTHORED	B_POLISH	P2	18	52	3	NO	OPTIONAL	YES	OPTIONAL	MISSING_DESCRIPTIVE_TITLE;TERSE_SOLUTION	needs descriptive problem name; solution needs expansion	Polish to the Part III convention: title, exact statement, focused theory if needed, fuller worked steps, and useful examples/extensions.
CP-II-0179	CANONICAL_AUTHORED	A_STRONG	P3	77	192	6	YES	OPTIONAL	OPTIONAL	OPTIONAL		substantial solution with no deterministic blocker/rewrite trigger	Retain; copy-edit into the Part III six-part convention where useful.
CP-II-0181	SOURCE_BACKED	A_STRONG	P3	73	123	16	YES	OPTIONAL	OPTIONAL	OPTIONAL		substantial solution with no deterministic blocker/rewrite trigger	Retain; copy-edit into the Part III six-part convention where useful.
CP-II-0183	SOURCE_BACKED	A_STRONG	P3	221	259	52	YES	OPTIONAL	OPTIONAL	OPTIONAL		substantial solution with no deterministic blocker/rewrite trigger	Retain; copy-edit into the Part III six-part convention where useful.
CP-II-0186	CANONICAL_AUTHORED	B_POLISH	P2	22	92	7	NO	OPTIONAL	YES	OPTIONAL	MISSING_DESCRIPTIVE_TITLE;TERSE_SOLUTION	needs descriptive problem name; solution needs expansion	Polish to the Part III convention: title, exact statement, focused theory if needed, fuller worked steps, and useful examples/extensions.
CP-II-0187	SOURCE_BACKED	B_POLISH	P2	80	101	15	YES	OPTIONAL	YES	OPTIONAL	TERSE_SOLUTION	solution needs expansion	Polish to the Part III convention: title, exact statement, focused theory if needed, fuller worked steps, and useful examples/extensions.
CP-II-0188	CANONICAL_AUTHORED	B_POLISH	P2	30	86	6	YES	OPTIONAL	YES	OPTIONAL	TERSE_SOLUTION	solution needs expansion	Polish to the Part III convention: title, exact statement, focused theory if needed, fuller worked steps, and useful examples/extensions.
CP-II-0189	CANONICAL_AUTHORED	A_STRONG	P3	138	303	12	YES	OPTIONAL	OPTIONAL	OPTIONAL	SOURCE_CORRECTION_PRESENT	substantial solution with no deterministic blocker/rewrite trigger	Retain; copy-edit into the Part III six-part convention where useful.
CP-II-0192	CANONICAL_AUTHORED	B_POLISH	P2	14	69	4	YES	OPTIONAL	YES	OPTIONAL	TERSE_SOLUTION	solution needs expansion	Polish to the Part III convention: title, exact statement, focused theory if needed, fuller worked steps, and useful examples/extensions.
CP-II-0193	SOURCE_BACKED	B_POLISH	P2	46	82	10	YES	OPTIONAL	YES	OPTIONAL	TERSE_SOLUTION	solution needs expansion	Polish to the Part III convention: title, exact statement, focused theory if needed, fuller worked steps, and useful examples/extensions.
CP-II-0194	CANONICAL_AUTHORED	A_STRONG	P3	28	142	5	YES	OPTIONAL	OPTIONAL	OPTIONAL		substantial solution with no deterministic blocker/rewrite trigger	Retain; copy-edit into the Part III six-part convention where useful.
CP-II-0195	CANONICAL_AUTHORED	B_POLISH	P2	31	118	10	NO	OPTIONAL	YES	OPTIONAL	MISSING_DESCRIPTIVE_TITLE	needs descriptive problem name	Polish to the Part III convention: title, exact statement, focused theory if needed, fuller worked steps, and useful examples/extensions.
CP-II-0196	CANONICAL_AUTHORED	B_POLISH	P2	19	109	9	YES	OPTIONAL	YES	OPTIONAL	TERSE_SOLUTION	solution needs expansion	Polish to the Part III convention: title, exact statement, focused theory if needed, fuller worked steps, and useful examples/extensions.
CP-II-0199	CANONICAL_AUTHORED	A_STRONG	P3	20	137	6	YES	OPTIONAL	OPTIONAL	OPTIONAL		substantial solution with no deterministic blocker/rewrite trigger	Retain; copy-edit into the Part III six-part convention where useful.
CP-II-0200	SOURCE_BACKED	B_POLISH	P2	57	56	11	YES	OPTIONAL	YES	OPTIONAL	TERSE_SOLUTION	solution needs expansion	Polish to the Part III convention: title, exact statement, focused theory if needed, fuller worked steps, and useful examples/extensions.
CP-II-0201	CANONICAL_AUTHORED	B_POLISH	P2	60	109	6	NO	OPTIONAL	YES	OPTIONAL	MISSING_DESCRIPTIVE_TITLE;TERSE_SOLUTION	needs descriptive problem name; solution needs expansion	Polish to the Part III convention: title, exact statement, focused theory if needed, fuller worked steps, and useful examples/extensions.
CP-II-0204	CANONICAL_AUTHORED	B_POLISH	P2	46	99	10	YES	OPTIONAL	YES	OPTIONAL	TERSE_SOLUTION	solution needs expansion	Polish to the Part III convention: title, exact statement, focused theory if needed, fuller worked steps, and useful examples/extensions.
CP-II-0205	CANONICAL_AUTHORED	B_POLISH	P2	73	142	9	NO	OPTIONAL	YES	OPTIONAL	MISSING_DESCRIPTIVE_TITLE	needs descriptive problem name	Polish to the Part III convention: title, exact statement, focused theory if needed, fuller worked steps, and useful examples/extensions.
CP-II-0206	SOURCE_BACKED	A_STRONG	P3	40	111	18	YES	OPTIONAL	OPTIONAL	OPTIONAL		substantial solution with no deterministic blocker/rewrite trigger	Retain; copy-edit into the Part III six-part convention where useful.
CP-II-0207	CANONICAL_AUTHORED	B_POLISH	P2	66	107	10	NO	OPTIONAL	YES	OPTIONAL	MISSING_DESCRIPTIVE_TITLE;TERSE_SOLUTION	needs descriptive problem name; solution needs expansion	Polish to the Part III convention: title, exact statement, focused theory if needed, fuller worked steps, and useful examples/extensions.
CP-II-0208	CANONICAL_AUTHORED	B_POLISH	P2	45	43	1	YES	OPTIONAL	YES	OPTIONAL	TERSE_SOLUTION	solution needs expansion	Polish to the Part III convention: title, exact statement, focused theory if needed, fuller worked steps, and useful examples/extensions.
CP-II-0209	CANONICAL_AUTHORED	B_POLISH	P2	45	98	5	YES	OPTIONAL	YES	OPTIONAL	TERSE_SOLUTION	solution needs expansion	Polish to the Part III convention: title, exact statement, focused theory if needed, fuller worked steps, and useful examples/extensions.
CP-II-0210	CANONICAL_AUTHORED	B_POLISH	P2	46	285	16	NO	OPTIONAL	OPTIONAL	OPTIONAL	MISSING_DESCRIPTIVE_TITLE	needs descriptive problem name	Polish to the Part III convention: title, exact statement, focused theory if needed, fuller worked steps, and useful examples/extensions.
CP-II-0211	CANONICAL_AUTHORED	A_STRONG	P3	141	264	17	YES	OPTIONAL	OPTIONAL	OPTIONAL		substantial solution with no deterministic blocker/rewrite trigger	Retain; copy-edit into the Part III six-part convention where useful.
CP-II-0213	CANONICAL_AUTHORED	B_POLISH	P2	99	127	11	NO	OPTIONAL	YES	OPTIONAL	MISSING_DESCRIPTIVE_TITLE	needs descriptive problem name	Polish to the Part III convention: title, exact statement, focused theory if needed, fuller worked steps, and useful examples/extensions.
CP-II-0214	CANONICAL_AUTHORED	B_POLISH	P2	57	106	7	NO	OPTIONAL	YES	OPTIONAL	MISSING_DESCRIPTIVE_TITLE;TERSE_SOLUTION	needs descriptive problem name; solution needs expansion	Polish to the Part III convention: title, exact statement, focused theory if needed, fuller worked steps, and useful examples/extensions.
CP-II-0219	CANONICAL_AUTHORED	B_POLISH	P2	22	87	6	YES	OPTIONAL	YES	OPTIONAL	TERSE_SOLUTION	solution needs expansion	Polish to the Part III convention: title, exact statement, focused theory if needed, fuller worked steps, and useful examples/extensions.
CP-II-0220	SOURCE_BACKED	B_POLISH	P2	50	144	12	NO	OPTIONAL	YES	OPTIONAL	MISSING_DESCRIPTIVE_TITLE	needs descriptive problem name	Polish to the Part III convention: title, exact statement, focused theory if needed, fuller worked steps, and useful examples/extensions.
CP-II-0221	CANONICAL_AUTHORED	B_POLISH	P2	76	114	7	NO	OPTIONAL	YES	OPTIONAL	MISSING_DESCRIPTIVE_TITLE	needs descriptive problem name	Polish to the Part III convention: title, exact statement, focused theory if needed, fuller worked steps, and useful examples/extensions.
CP-II-0222	SOURCE_BACKED	B_POLISH	P2	109	51	6	YES	OPTIONAL	YES	OPTIONAL	TERSE_SOLUTION	solution needs expansion	Polish to the Part III convention: title, exact statement, focused theory if needed, fuller worked steps, and useful examples/extensions.
CP-II-0224	CANONICAL_AUTHORED	B_POLISH	P2	9	90	8	YES	OPTIONAL	YES	OPTIONAL	TERSE_SOLUTION	solution needs expansion	Polish to the Part III convention: title, exact statement, focused theory if needed, fuller worked steps, and useful examples/extensions.
CP-II-0226	CANONICAL_AUTHORED	B_POLISH	P2	47	49	2	YES	OPTIONAL	YES	OPTIONAL	TERSE_SOLUTION	solution needs expansion	Polish to the Part III convention: title, exact statement, focused theory if needed, fuller worked steps, and useful examples/extensions.
CP-II-0227	SOURCE_BACKED	B_POLISH	P2	10	106	8	NO	OPTIONAL	YES	OPTIONAL	MISSING_DESCRIPTIVE_TITLE;TERSE_SOLUTION	needs descriptive problem name; solution needs expansion	Polish to the Part III convention: title, exact statement, focused theory if needed, fuller worked steps, and useful examples/extensions.
CP-II-0228	CANONICAL_AUTHORED	B_POLISH	P2	21	205	11	NO	OPTIONAL	YES	OPTIONAL	MISSING_DESCRIPTIVE_TITLE	needs descriptive problem name	Polish to the Part III convention: title, exact statement, focused theory if needed, fuller worked steps, and useful examples/extensions.
CP-II-0231	CANONICAL_AUTHORED	A_STRONG	P3	20	133	9	YES	OPTIONAL	OPTIONAL	OPTIONAL		substantial solution with no deterministic blocker/rewrite trigger	Retain; copy-edit into the Part III six-part convention where useful.
CP-II-0232	CANONICAL_AUTHORED	A_STRONG	P3	221	156	14	YES	OPTIONAL	OPTIONAL	OPTIONAL		substantial solution with no deterministic blocker/rewrite trigger	Retain; copy-edit into the Part III six-part convention where useful.
CP-II-0233	CANONICAL_AUTHORED	B_POLISH	P2	38	87	6	NO	OPTIONAL	YES	OPTIONAL	MISSING_DESCRIPTIVE_TITLE;TERSE_SOLUTION	needs descriptive problem name; solution needs expansion	Polish to the Part III convention: title, exact statement, focused theory if needed, fuller worked steps, and useful examples/extensions.
CP-II-0234	CANONICAL_AUTHORED	B_POLISH	P2	15	89	7	NO	OPTIONAL	YES	OPTIONAL	MISSING_DESCRIPTIVE_TITLE;TERSE_SOLUTION	needs descriptive problem name; solution needs expansion	Polish to the Part III convention: title, exact statement, focused theory if needed, fuller worked steps, and useful examples/extensions.
CP-II-0235	CANONICAL_AUTHORED	B_POLISH	P2	49	124	10	NO	OPTIONAL	YES	OPTIONAL	MISSING_DESCRIPTIVE_TITLE	needs descriptive problem name	Polish to the Part III convention: title, exact statement, focused theory if needed, fuller worked steps, and useful examples/extensions.
CP-II-0236	CANONICAL_AUTHORED	B_POLISH	P2	33	97	9	NO	OPTIONAL	YES	OPTIONAL	MISSING_DESCRIPTIVE_TITLE;TERSE_SOLUTION	needs descriptive problem name; solution needs expansion	Polish to the Part III convention: title, exact statement, focused theory if needed, fuller worked steps, and useful examples/extensions.
CP-II-0237	SOURCE_BACKED	A_STRONG	P3	66	199	12	YES	OPTIONAL	OPTIONAL	OPTIONAL		substantial solution with no deterministic blocker/rewrite trigger	Retain; copy-edit into the Part III six-part convention where useful.
CP-II-0239	CANONICAL_AUTHORED	B_POLISH	P2	113	71	4	YES	OPTIONAL	YES	OPTIONAL	TERSE_SOLUTION	solution needs expansion	Polish to the Part III convention: title, exact statement, focused theory if needed, fuller worked steps, and useful examples/extensions.
CP-II-0240	CANONICAL_AUTHORED	B_POLISH	P2	14	198	10	NO	OPTIONAL	YES	OPTIONAL	MISSING_DESCRIPTIVE_TITLE	needs descriptive problem name	Polish to the Part III convention: title, exact statement, focused theory if needed, fuller worked steps, and useful examples/extensions.
CP-II-0241	CANONICAL_AUTHORED	A_STRONG	P3	295	199	15	YES	YES	OPTIONAL	OPTIONAL		substantial solution with no deterministic blocker/rewrite trigger	Retain; copy-edit into the Part III six-part convention where useful.
CP-II-0243	CANONICAL_AUTHORED	B_POLISH	P2	30	107	8	YES	OPTIONAL	YES	OPTIONAL	TERSE_SOLUTION	solution needs expansion	Polish to the Part III convention: title, exact statement, focused theory if needed, fuller worked steps, and useful examples/extensions.
CP-II-0244	CANONICAL_AUTHORED	B_POLISH	P2	177	117	12	NO	OPTIONAL	YES	OPTIONAL	MISSING_DESCRIPTIVE_TITLE	needs descriptive problem name	Polish to the Part III convention: title, exact statement, focused theory if needed, fuller worked steps, and useful examples/extensions.
CP-II-0245	CANONICAL_AUTHORED	B_POLISH	P2	66	170	8	NO	OPTIONAL	YES	OPTIONAL	MISSING_DESCRIPTIVE_TITLE	needs descriptive problem name	Polish to the Part III convention: title, exact statement, focused theory if needed, fuller worked steps, and useful examples/extensions.
CP-II-0246	CANONICAL_AUTHORED	B_POLISH	P2	13	66	8	YES	OPTIONAL	YES	OPTIONAL	TERSE_SOLUTION	solution needs expansion	Polish to the Part III convention: title, exact statement, focused theory if needed, fuller worked steps, and useful examples/extensions.
CP-II-0247	CANONICAL_AUTHORED	B_POLISH	P2	34	137	9	NO	OPTIONAL	YES	OPTIONAL	MISSING_DESCRIPTIVE_TITLE	needs descriptive problem name	Polish to the Part III convention: title, exact statement, focused theory if needed, fuller worked steps, and useful examples/extensions.
CP-II-0248	CANONICAL_AUTHORED	A_STRONG	P3	39	150	8	YES	OPTIONAL	OPTIONAL	OPTIONAL		substantial solution with no deterministic blocker/rewrite trigger	Retain; copy-edit into the Part III six-part convention where useful.
CP-II-0250	SOURCE_BACKED	A_STRONG	P3	66	367	45	YES	OPTIONAL	OPTIONAL	OPTIONAL		substantial solution with no deterministic blocker/rewrite trigger	Retain; copy-edit into the Part III six-part convention where useful.
CP-II-0251	SOURCE_BACKED	A_STRONG	P3	95	166	24	YES	OPTIONAL	OPTIONAL	OPTIONAL		substantial solution with no deterministic blocker/rewrite trigger	Retain; copy-edit into the Part III six-part convention where useful.
CP-II-0253	SOURCE_BACKED	A_STRONG	P3	89	116	25	YES	OPTIONAL	OPTIONAL	OPTIONAL		substantial solution with no deterministic blocker/rewrite trigger	Retain; copy-edit into the Part III six-part convention where useful.
CP-II-0254	SOURCE_BACKED	B_POLISH	P2	42	135	15	NO	OPTIONAL	YES	OPTIONAL	MISSING_DESCRIPTIVE_TITLE	needs descriptive problem name	Polish to the Part III convention: title, exact statement, focused theory if needed, fuller worked steps, and useful examples/extensions.
CP-II-0255	CANONICAL_AUTHORED	B_POLISH	P2	10	86	7	YES	OPTIONAL	YES	OPTIONAL	TERSE_SOLUTION	solution needs expansion	Polish to the Part III convention: title, exact statement, focused theory if needed, fuller worked steps, and useful examples/extensions.
CP-II-0256	SOURCE_BACKED	B_POLISH	P2	31	161	22	NO	OPTIONAL	YES	OPTIONAL	MISSING_DESCRIPTIVE_TITLE	needs descriptive problem name	Polish to the Part III convention: title, exact statement, focused theory if needed, fuller worked steps, and useful examples/extensions.
CP-II-0258	CANONICAL_AUTHORED	B_POLISH	P2	61	105	9	YES	OPTIONAL	YES	OPTIONAL	TERSE_SOLUTION	solution needs expansion	Polish to the Part III convention: title, exact statement, focused theory if needed, fuller worked steps, and useful examples/extensions.
CP-II-0259	CANONICAL_AUTHORED	B_POLISH	P2	47	112	8	NO	OPTIONAL	YES	OPTIONAL	MISSING_DESCRIPTIVE_TITLE	needs descriptive problem name	Polish to the Part III convention: title, exact statement, focused theory if needed, fuller worked steps, and useful examples/extensions.
CP-II-0261	CANONICAL_AUTHORED	A_STRONG	P3	40	196	6	YES	OPTIONAL	OPTIONAL	OPTIONAL		substantial solution with no deterministic blocker/rewrite trigger	Retain; copy-edit into the Part III six-part convention where useful.
CP-II-0263	CANONICAL_AUTHORED	B_POLISH	P2	45	97	7	YES	OPTIONAL	YES	OPTIONAL	TERSE_SOLUTION	solution needs expansion	Polish to the Part III convention: title, exact statement, focused theory if needed, fuller worked steps, and useful examples/extensions.
CP-II-0264	SOURCE_BACKED	B_POLISH	P2	33	104	18	YES	OPTIONAL	YES	OPTIONAL	TERSE_SOLUTION	solution needs expansion	Polish to the Part III convention: title, exact statement, focused theory if needed, fuller worked steps, and useful examples/extensions.
CP-II-0266	CANONICAL_AUTHORED	A_STRONG	P3	297	246	9	YES	YES	OPTIONAL	OPTIONAL		substantial solution with no deterministic blocker/rewrite trigger	Retain; copy-edit into the Part III six-part convention where useful.
CP-II-0267	SOURCE_BACKED	A_STRONG	P3	425	123	23	YES	YES	OPTIONAL	OPTIONAL		substantial solution with no deterministic blocker/rewrite trigger	Retain; copy-edit into the Part III six-part convention where useful.
CP-II-0270	CANONICAL_AUTHORED	B_POLISH	P2	41	57	2	YES	OPTIONAL	YES	OPTIONAL	TERSE_SOLUTION	solution needs expansion	Polish to the Part III convention: title, exact statement, focused theory if needed, fuller worked steps, and useful examples/extensions.
CP-II-0272	CANONICAL_AUTHORED	B_POLISH	P2	58	110	6	NO	OPTIONAL	YES	OPTIONAL	MISSING_DESCRIPTIVE_TITLE	needs descriptive problem name	Polish to the Part III convention: title, exact statement, focused theory if needed, fuller worked steps, and useful examples/extensions.
CP-II-0273	SOURCE_BACKED	A_STRONG	P3	50	367	44	YES	OPTIONAL	OPTIONAL	OPTIONAL		substantial solution with no deterministic blocker/rewrite trigger	Retain; copy-edit into the Part III six-part convention where useful.
CP-II-0274	CANONICAL_AUTHORED	A_STRONG	P3	179	225	20	YES	OPTIONAL	OPTIONAL	OPTIONAL		substantial solution with no deterministic blocker/rewrite trigger	Retain; copy-edit into the Part III six-part convention where useful.
CP-II-0275	CANONICAL_AUTHORED	B_POLISH	P2	48	128	8	NO	OPTIONAL	YES	OPTIONAL	MISSING_DESCRIPTIVE_TITLE	needs descriptive problem name	Polish to the Part III convention: title, exact statement, focused theory if needed, fuller worked steps, and useful examples/extensions.
CP-II-0276	SOURCE_BACKED	A_STRONG	P3	120	152	27	YES	OPTIONAL	OPTIONAL	OPTIONAL		substantial solution with no deterministic blocker/rewrite trigger	Retain; copy-edit into the Part III six-part convention where useful.
CP-II-0277	CANONICAL_AUTHORED	A_STRONG	P3	49	239	12	YES	OPTIONAL	OPTIONAL	OPTIONAL		substantial solution with no deterministic blocker/rewrite trigger	Retain; copy-edit into the Part III six-part convention where useful.
CP-II-0281	SOURCE_BACKED	A_STRONG	P3	65	132	8	YES	OPTIONAL	OPTIONAL	OPTIONAL		substantial solution with no deterministic blocker/rewrite trigger	Retain; copy-edit into the Part III six-part convention where useful.
CP-II-0283	SOURCE_BACKED	A_STRONG	P3	168	190	19	YES	OPTIONAL	OPTIONAL	OPTIONAL		substantial solution with no deterministic blocker/rewrite trigger	Retain; copy-edit into the Part III six-part convention where useful.
CP-II-0284	CANONICAL_AUTHORED	B_POLISH	P2	31	92	3	YES	OPTIONAL	YES	OPTIONAL	TERSE_SOLUTION	solution needs expansion	Polish to the Part III convention: title, exact statement, focused theory if needed, fuller worked steps, and useful examples/extensions.
CP-II-0285	CANONICAL_AUTHORED	A_STRONG	P3	34	118	6	YES	OPTIONAL	OPTIONAL	OPTIONAL		substantial solution with no deterministic blocker/rewrite trigger	Retain; copy-edit into the Part III six-part convention where useful.
CP-II-0287	CANONICAL_AUTHORED	B_POLISH	P2	24	50	6	NO	OPTIONAL	YES	OPTIONAL	MISSING_DESCRIPTIVE_TITLE;TERSE_SOLUTION	needs descriptive problem name; solution needs expansion	Polish to the Part III convention: title, exact statement, focused theory if needed, fuller worked steps, and useful examples/extensions.
CP-II-0288	CANONICAL_AUTHORED	B_POLISH	P2	24	81	4	NO	OPTIONAL	YES	OPTIONAL	MISSING_DESCRIPTIVE_TITLE;TERSE_SOLUTION	needs descriptive problem name; solution needs expansion	Polish to the Part III convention: title, exact statement, focused theory if needed, fuller worked steps, and useful examples/extensions.
CP-II-0289	SOURCE_BACKED	A_STRONG	P3	71	144	11	YES	OPTIONAL	OPTIONAL	OPTIONAL		substantial solution with no deterministic blocker/rewrite trigger	Retain; copy-edit into the Part III six-part convention where useful.
CP-II-0290	CANONICAL_AUTHORED	B_POLISH	P2	18	83	4	YES	OPTIONAL	YES	OPTIONAL	TERSE_SOLUTION	solution needs expansion	Polish to the Part III convention: title, exact statement, focused theory if needed, fuller worked steps, and useful examples/extensions.
CP-II-0292	CANONICAL_AUTHORED	B_POLISH	P2	33	39	1	YES	OPTIONAL	YES	OPTIONAL	TERSE_SOLUTION	solution needs expansion	Polish to the Part III convention: title, exact statement, focused theory if needed, fuller worked steps, and useful examples/extensions.
CP-II-0294	CANONICAL_AUTHORED	A_STRONG	P3	206	188	15	YES	OPTIONAL	OPTIONAL	OPTIONAL		substantial solution with no deterministic blocker/rewrite trigger	Retain; copy-edit into the Part III six-part convention where useful.
CP-II-0295	CANONICAL_AUTHORED	B_POLISH	P2	11	78	6	YES	OPTIONAL	YES	OPTIONAL	TERSE_SOLUTION	solution needs expansion	Polish to the Part III convention: title, exact statement, focused theory if needed, fuller worked steps, and useful examples/extensions.
CP-II-0296	CANONICAL_AUTHORED	A_STRONG	P3	216	320	21	YES	OPTIONAL	OPTIONAL	OPTIONAL		substantial solution with no deterministic blocker/rewrite trigger	Retain; copy-edit into the Part III six-part convention where useful.
CP-II-0302	CANONICAL_AUTHORED	B_POLISH	P2	19	99	9	NO	OPTIONAL	YES	OPTIONAL	MISSING_DESCRIPTIVE_TITLE;TERSE_SOLUTION	needs descriptive problem name; solution needs expansion	Polish to the Part III convention: title, exact statement, focused theory if needed, fuller worked steps, and useful examples/extensions.
CP-II-0306	CANONICAL_AUTHORED	B_POLISH	P2	61	33	2	YES	OPTIONAL	YES	OPTIONAL	TERSE_SOLUTION	solution needs expansion	Polish to the Part III convention: title, exact statement, focused theory if needed, fuller worked steps, and useful examples/extensions.
CP-II-0307	CANONICAL_AUTHORED	B_POLISH	P2	47	120	7	NO	OPTIONAL	YES	OPTIONAL	MISSING_DESCRIPTIVE_TITLE	needs descriptive problem name	Polish to the Part III convention: title, exact statement, focused theory if needed, fuller worked steps, and useful examples/extensions.
CP-II-0308	CANONICAL_AUTHORED	A_STRONG	P3	91	156	14	YES	OPTIONAL	OPTIONAL	OPTIONAL		substantial solution with no deterministic blocker/rewrite trigger	Retain; copy-edit into the Part III six-part convention where useful.
CP-II-0312	CANONICAL_AUTHORED	A_STRONG	P3	44	181	6	YES	OPTIONAL	OPTIONAL	OPTIONAL	SOURCE_CORRECTION_PRESENT	substantial solution with no deterministic blocker/rewrite trigger	Retain; copy-edit into the Part III six-part convention where useful.
CP-II-0313	SOURCE_BACKED	B_POLISH	P2	10	45	5	NO	OPTIONAL	YES	OPTIONAL	MISSING_DESCRIPTIVE_TITLE;TERSE_SOLUTION	needs descriptive problem name; solution needs expansion	Polish to the Part III convention: title, exact statement, focused theory if needed, fuller worked steps, and useful examples/extensions.
CP-II-0314	CANONICAL_AUTHORED	B_POLISH	P2	43	134	8	NO	OPTIONAL	YES	OPTIONAL	MISSING_DESCRIPTIVE_TITLE	needs descriptive problem name	Polish to the Part III convention: title, exact statement, focused theory if needed, fuller worked steps, and useful examples/extensions.
CP-II-0316	CANONICAL_AUTHORED	A_STRONG	P3	59	167	11	YES	OPTIONAL	OPTIONAL	OPTIONAL		substantial solution with no deterministic blocker/rewrite trigger	Retain; copy-edit into the Part III six-part convention where useful.
CP-II-0318	CANONICAL_AUTHORED	B_POLISH	P2	35	65	2	YES	OPTIONAL	YES	OPTIONAL	TERSE_SOLUTION	solution needs expansion	Polish to the Part III convention: title, exact statement, focused theory if needed, fuller worked steps, and useful examples/extensions.
CP-II-0319	CANONICAL_AUTHORED	A_STRONG	P3	41	111	8	YES	OPTIONAL	OPTIONAL	OPTIONAL		substantial solution with no deterministic blocker/rewrite trigger	Retain; copy-edit into the Part III six-part convention where useful.
CP-II-0324	CANONICAL_AUTHORED	A_STRONG	P3	83	234	12	YES	OPTIONAL	OPTIONAL	OPTIONAL		substantial solution with no deterministic blocker/rewrite trigger	Retain; copy-edit into the Part III six-part convention where useful.
CP-II-0327	CANONICAL_AUTHORED	A_STRONG	P3	26	118	9	YES	OPTIONAL	OPTIONAL	OPTIONAL		substantial solution with no deterministic blocker/rewrite trigger	Retain; copy-edit into the Part III six-part convention where useful.
CP-II-0329	CANONICAL_AUTHORED	A_STRONG	P3	13	129	9	YES	OPTIONAL	OPTIONAL	OPTIONAL		substantial solution with no deterministic blocker/rewrite trigger	Retain; copy-edit into the Part III six-part convention where useful.
CP-II-0335	CANONICAL_AUTHORED	B_POLISH	P2	30	89	4	YES	OPTIONAL	YES	OPTIONAL	TERSE_SOLUTION	solution needs expansion	Polish to the Part III convention: title, exact statement, focused theory if needed, fuller worked steps, and useful examples/extensions.
CP-II-0336	CANONICAL_AUTHORED	A_STRONG	P3	389	307	16	YES	YES	OPTIONAL	OPTIONAL		substantial solution with no deterministic blocker/rewrite trigger	Retain; copy-edit into the Part III six-part convention where useful.
CP-II-0337	CANONICAL_AUTHORED	B_POLISH	P2	35	80	6	NO	OPTIONAL	YES	OPTIONAL	MISSING_DESCRIPTIVE_TITLE;TERSE_SOLUTION	needs descriptive problem name; solution needs expansion	Polish to the Part III convention: title, exact statement, focused theory if needed, fuller worked steps, and useful examples/extensions.
CP-II-0339	CANONICAL_AUTHORED	A_STRONG	P3	47	119	9	YES	OPTIONAL	OPTIONAL	OPTIONAL		substantial solution with no deterministic blocker/rewrite trigger	Retain; copy-edit into the Part III six-part convention where useful.
CP-II-0341	SOURCE_BACKED	A_STRONG	P3	49	179	32	YES	OPTIONAL	OPTIONAL	OPTIONAL		substantial solution with no deterministic blocker/rewrite trigger	Retain; copy-edit into the Part III six-part convention where useful.
CP-II-0342	SOURCE_BACKED	B_POLISH	P2	63	96	13	YES	OPTIONAL	YES	OPTIONAL	TERSE_SOLUTION	solution needs expansion	Polish to the Part III convention: title, exact statement, focused theory if needed, fuller worked steps, and useful examples/extensions.
CP-II-0343	CANONICAL_AUTHORED	B_POLISH	P2	39	71	6	YES	OPTIONAL	YES	OPTIONAL	TERSE_SOLUTION	solution needs expansion	Polish to the Part III convention: title, exact statement, focused theory if needed, fuller worked steps, and useful examples/extensions.
CP-II-0344	CANONICAL_AUTHORED	A_STRONG	P3	86	168	8	YES	OPTIONAL	OPTIONAL	OPTIONAL		substantial solution with no deterministic blocker/rewrite trigger	Retain; copy-edit into the Part III six-part convention where useful.
CP-II-0347	CANONICAL_AUTHORED	A_STRONG	P3	670	439	18	YES	YES	OPTIONAL	OPTIONAL		substantial solution with no deterministic blocker/rewrite trigger	Retain; copy-edit into the Part III six-part convention where useful.
CP-II-0348	CANONICAL_AUTHORED	A_STRONG	P3	668	380	19	YES	YES	OPTIONAL	OPTIONAL		substantial solution with no deterministic blocker/rewrite trigger	Retain; copy-edit into the Part III six-part convention where useful.
CP-II-0350	SOURCE_BACKED	A_STRONG	P3	118	138	9	YES	OPTIONAL	OPTIONAL	OPTIONAL		substantial solution with no deterministic blocker/rewrite trigger	Retain; copy-edit into the Part III six-part convention where useful.
CP-II-0351	CANONICAL_AUTHORED	A_STRONG	P3	25	113	9	YES	OPTIONAL	OPTIONAL	OPTIONAL		substantial solution with no deterministic blocker/rewrite trigger	Retain; copy-edit into the Part III six-part convention where useful.
CP-II-0352	CANONICAL_AUTHORED	A_STRONG	P3	31	139	14	YES	OPTIONAL	OPTIONAL	OPTIONAL		substantial solution with no deterministic blocker/rewrite trigger	Retain; copy-edit into the Part III six-part convention where useful.
CP-II-0355	SOURCE_BACKED	A_STRONG	P3	54	139	26	YES	OPTIONAL	OPTIONAL	OPTIONAL		substantial solution with no deterministic blocker/rewrite trigger	Retain; copy-edit into the Part III six-part convention where useful.
CP-II-0356	CANONICAL_AUTHORED	B_POLISH	P2	30	55	1	YES	OPTIONAL	YES	OPTIONAL	TERSE_SOLUTION	solution needs expansion	Polish to the Part III convention: title, exact statement, focused theory if needed, fuller worked steps, and useful examples/extensions.
CP-II-0358	SOURCE_BACKED	A_STRONG	P3	474	515	55	YES	YES	OPTIONAL	OPTIONAL		substantial solution with no deterministic blocker/rewrite trigger	Retain; copy-edit into the Part III six-part convention where useful.
CP-II-0360	CANONICAL_AUTHORED	A_STRONG	P3	33	124	8	YES	OPTIONAL	OPTIONAL	OPTIONAL		substantial solution with no deterministic blocker/rewrite trigger	Retain; copy-edit into the Part III six-part convention where useful.
CP-II-0361	CANONICAL_AUTHORED	B_POLISH	P2	15	141	6	NO	OPTIONAL	YES	OPTIONAL	MISSING_DESCRIPTIVE_TITLE	needs descriptive problem name	Polish to the Part III convention: title, exact statement, focused theory if needed, fuller worked steps, and useful examples/extensions.
CP-II-0362	SOURCE_BACKED	B_POLISH	P2	33	94	8	YES	OPTIONAL	YES	OPTIONAL	TERSE_SOLUTION	solution needs expansion	Polish to the Part III convention: title, exact statement, focused theory if needed, fuller worked steps, and useful examples/extensions.
CP-II-0364	CANONICAL_AUTHORED	B_POLISH	P2	45	86	6	YES	OPTIONAL	YES	OPTIONAL	TERSE_SOLUTION	solution needs expansion	Polish to the Part III convention: title, exact statement, focused theory if needed, fuller worked steps, and useful examples/extensions.
CP-II-0366	CANONICAL_AUTHORED	A_STRONG	P3	207	273	16	YES	OPTIONAL	OPTIONAL	OPTIONAL		substantial solution with no deterministic blocker/rewrite trigger	Retain; copy-edit into the Part III six-part convention where useful.
CP-II-0368	SOURCE_BACKED	B_POLISH	P2	98	82	18	YES	OPTIONAL	YES	OPTIONAL	TERSE_SOLUTION	solution needs expansion	Polish to the Part III convention: title, exact statement, focused theory if needed, fuller worked steps, and useful examples/extensions.
CP-II-0369	CANONICAL_AUTHORED	B_POLISH	P2	36	65	7	YES	OPTIONAL	YES	OPTIONAL	TERSE_SOLUTION	solution needs expansion	Polish to the Part III convention: title, exact statement, focused theory if needed, fuller worked steps, and useful examples/extensions.
CP-II-0370	CANONICAL_AUTHORED	B_POLISH	P2	43	52	4	YES	OPTIONAL	YES	OPTIONAL	TERSE_SOLUTION	solution needs expansion	Polish to the Part III convention: title, exact statement, focused theory if needed, fuller worked steps, and useful examples/extensions.
CP-II-0374	SOURCE_BACKED	B_POLISH	P2	48	72	12	YES	OPTIONAL	YES	OPTIONAL	TERSE_SOLUTION	solution needs expansion	Polish to the Part III convention: title, exact statement, focused theory if needed, fuller worked steps, and useful examples/extensions.
CP-II-0376	CANONICAL_AUTHORED	B_POLISH	P2	185	81	9	YES	OPTIONAL	YES	OPTIONAL	TERSE_SOLUTION	solution needs expansion	Polish to the Part III convention: title, exact statement, focused theory if needed, fuller worked steps, and useful examples/extensions.
CP-II-0378	SOURCE_BACKED	B_POLISH	P2	32	66	7	YES	OPTIONAL	YES	OPTIONAL	TERSE_SOLUTION	solution needs expansion	Polish to the Part III convention: title, exact statement, focused theory if needed, fuller worked steps, and useful examples/extensions.
CP-II-0379	CANONICAL_AUTHORED	B_POLISH	P2	125	84	12	YES	OPTIONAL	YES	OPTIONAL	TERSE_SOLUTION	solution needs expansion	Polish to the Part III convention: title, exact statement, focused theory if needed, fuller worked steps, and useful examples/extensions.
CP-II-0380	CANONICAL_AUTHORED	A_STRONG	P3	94	182	10	YES	OPTIONAL	OPTIONAL	OPTIONAL		substantial solution with no deterministic blocker/rewrite trigger	Retain; copy-edit into the Part III six-part convention where useful.
CP-II-0381	CANONICAL_AUTHORED	B_POLISH	P2	55	117	8	NO	OPTIONAL	YES	OPTIONAL	MISSING_DESCRIPTIVE_TITLE	needs descriptive problem name	Polish to the Part III convention: title, exact statement, focused theory if needed, fuller worked steps, and useful examples/extensions.
CP-II-0382	CANONICAL_AUTHORED	B_POLISH	P2	33	57	2	NO	OPTIONAL	YES	OPTIONAL	MISSING_DESCRIPTIVE_TITLE;TERSE_SOLUTION	needs descriptive problem name; solution needs expansion	Polish to the Part III convention: title, exact statement, focused theory if needed, fuller worked steps, and useful examples/extensions.
CP-II-0384	CANONICAL_AUTHORED	B_POLISH	P2	35	107	5	YES	OPTIONAL	YES	OPTIONAL	TERSE_SOLUTION	solution needs expansion	Polish to the Part III convention: title, exact statement, focused theory if needed, fuller worked steps, and useful examples/extensions.
CP-II-0385	CANONICAL_AUTHORED	A_STRONG	P3	70	169	11	YES	OPTIONAL	OPTIONAL	OPTIONAL		substantial solution with no deterministic blocker/rewrite trigger	Retain; copy-edit into the Part III six-part convention where useful.
CP-II-0386	CANONICAL_AUTHORED	B_POLISH	P2	12	44	5	YES	OPTIONAL	YES	OPTIONAL	TERSE_SOLUTION	solution needs expansion	Polish to the Part III convention: title, exact statement, focused theory if needed, fuller worked steps, and useful examples/extensions.
CP-II-0387	CANONICAL_AUTHORED	B_POLISH	P2	151	97	7	YES	OPTIONAL	YES	OPTIONAL	TERSE_SOLUTION	solution needs expansion	Polish to the Part III convention: title, exact statement, focused theory if needed, fuller worked steps, and useful examples/extensions.
CP-II-0388	CANONICAL_AUTHORED	A_STRONG	P3	89	123	6	YES	OPTIONAL	OPTIONAL	OPTIONAL		substantial solution with no deterministic blocker/rewrite trigger	Retain; copy-edit into the Part III six-part convention where useful.
CP-II-0389	CANONICAL_AUTHORED	A_STRONG	P3	25	167	9	YES	OPTIONAL	OPTIONAL	OPTIONAL		substantial solution with no deterministic blocker/rewrite trigger	Retain; copy-edit into the Part III six-part convention where useful.
CP-II-0390	CANONICAL_AUTHORED	B_POLISH	P2	24	70	2	YES	OPTIONAL	YES	OPTIONAL	TERSE_SOLUTION	solution needs expansion	Polish to the Part III convention: title, exact statement, focused theory if needed, fuller worked steps, and useful examples/extensions.
CP-II-0392	CANONICAL_AUTHORED	B_POLISH	P2	42	53	4	NO	OPTIONAL	YES	OPTIONAL	MISSING_DESCRIPTIVE_TITLE;TERSE_SOLUTION	needs descriptive problem name; solution needs expansion	Polish to the Part III convention: title, exact statement, focused theory if needed, fuller worked steps, and useful examples/extensions.
CP-II-0394	CANONICAL_AUTHORED	B_POLISH	P2	10	44	6	YES	OPTIONAL	YES	OPTIONAL	TERSE_SOLUTION	solution needs expansion	Polish to the Part III convention: title, exact statement, focused theory if needed, fuller worked steps, and useful examples/extensions.
CP-II-0397	CANONICAL_AUTHORED	B_POLISH	P2	8	43	5	YES	OPTIONAL	YES	OPTIONAL	TERSE_SOLUTION	solution needs expansion	Polish to the Part III convention: title, exact statement, focused theory if needed, fuller worked steps, and useful examples/extensions.
CP-II-0398	CANONICAL_AUTHORED	B_POLISH	P2	113	64	3	YES	OPTIONAL	YES	OPTIONAL	TERSE_SOLUTION	solution needs expansion	Polish to the Part III convention: title, exact statement, focused theory if needed, fuller worked steps, and useful examples/extensions.
CP-II-0399	CANONICAL_AUTHORED	B_POLISH	P2	14	88	4	YES	OPTIONAL	YES	OPTIONAL	TERSE_SOLUTION	solution needs expansion	Polish to the Part III convention: title, exact statement, focused theory if needed, fuller worked steps, and useful examples/extensions.
CP-II-0400	SOURCE_BACKED	B_POLISH	P2	67	129	12	NO	OPTIONAL	YES	OPTIONAL	MISSING_DESCRIPTIVE_TITLE	needs descriptive problem name	Polish to the Part III convention: title, exact statement, focused theory if needed, fuller worked steps, and useful examples/extensions.
CP-II-0401	SOURCE_BACKED	B_POLISH	P2	26	98	5	YES	OPTIONAL	YES	OPTIONAL	TERSE_SOLUTION	solution needs expansion	Polish to the Part III convention: title, exact statement, focused theory if needed, fuller worked steps, and useful examples/extensions.
CP-II-0402	CANONICAL_AUTHORED	B_POLISH	P2	35	55	2	YES	OPTIONAL	YES	OPTIONAL	TERSE_SOLUTION	solution needs expansion	Polish to the Part III convention: title, exact statement, focused theory if needed, fuller worked steps, and useful examples/extensions.
CP-II-0403	CANONICAL_AUTHORED	A_STRONG	P3	203	240	13	YES	OPTIONAL	OPTIONAL	OPTIONAL		substantial solution with no deterministic blocker/rewrite trigger	Retain; copy-edit into the Part III six-part convention where useful.
CP-II-0404	CANONICAL_AUTHORED	A_STRONG	P3	768	255	16	YES	YES	OPTIONAL	OPTIONAL		substantial solution with no deterministic blocker/rewrite trigger	Retain; copy-edit into the Part III six-part convention where useful.
CP-II-0408	CANONICAL_AUTHORED	A_STRONG	P3	26	111	11	YES	OPTIONAL	OPTIONAL	OPTIONAL		substantial solution with no deterministic blocker/rewrite trigger	Retain; copy-edit into the Part III six-part convention where useful.
CP-II-0409	CANONICAL_AUTHORED	B_POLISH	P2	45	78	8	NO	OPTIONAL	YES	OPTIONAL	MISSING_DESCRIPTIVE_TITLE;TERSE_SOLUTION	needs descriptive problem name; solution needs expansion	Polish to the Part III convention: title, exact statement, focused theory if needed, fuller worked steps, and useful examples/extensions.
CP-II-0412	CANONICAL_AUTHORED	B_POLISH	P2	21	53	7	NO	OPTIONAL	YES	OPTIONAL	MISSING_DESCRIPTIVE_TITLE;TERSE_SOLUTION	needs descriptive problem name; solution needs expansion	Polish to the Part III convention: title, exact statement, focused theory if needed, fuller worked steps, and useful examples/extensions.
CP-II-0414	CANONICAL_AUTHORED	A_STRONG	P3	24	139	2	YES	OPTIONAL	OPTIONAL	OPTIONAL		substantial solution with no deterministic blocker/rewrite trigger	Retain; copy-edit into the Part III six-part convention where useful.
CP-II-0416	SOURCE_BACKED	B_POLISH	P2	70	83	6	YES	OPTIONAL	YES	OPTIONAL	TERSE_SOLUTION	solution needs expansion	Polish to the Part III convention: title, exact statement, focused theory if needed, fuller worked steps, and useful examples/extensions.
CP-II-0418	CANONICAL_AUTHORED	B_POLISH	P2	33	91	6	YES	OPTIONAL	YES	OPTIONAL	TERSE_SOLUTION	solution needs expansion	Polish to the Part III convention: title, exact statement, focused theory if needed, fuller worked steps, and useful examples/extensions.
CP-II-0419	CANONICAL_AUTHORED	B_POLISH	P2	24	146	8	NO	OPTIONAL	YES	OPTIONAL	MISSING_DESCRIPTIVE_TITLE;SOURCE_CORRECTION_PRESENT	needs descriptive problem name; source correction/restoration should be editorially normalized	Polish to the Part III convention: title, exact statement, focused theory if needed, fuller worked steps, and useful examples/extensions.
CP-II-0420	CANONICAL_AUTHORED	A_STRONG	P3	349	262	13	YES	YES	OPTIONAL	OPTIONAL		substantial solution with no deterministic blocker/rewrite trigger	Retain; copy-edit into the Part III six-part convention where useful.
CP-II-0421	SOURCE_BACKED	B_POLISH	P2	40	142	22	NO	OPTIONAL	YES	OPTIONAL	MISSING_DESCRIPTIVE_TITLE	needs descriptive problem name	Polish to the Part III convention: title, exact statement, focused theory if needed, fuller worked steps, and useful examples/extensions.
CP-II-0422	CANONICAL_AUTHORED	A_STRONG	P3	81	136	7	YES	OPTIONAL	OPTIONAL	OPTIONAL		substantial solution with no deterministic blocker/rewrite trigger	Retain; copy-edit into the Part III six-part convention where useful.
CP-II-0423	CANONICAL_AUTHORED	B_POLISH	P2	53	77	8	NO	OPTIONAL	YES	OPTIONAL	MISSING_DESCRIPTIVE_TITLE;TERSE_SOLUTION	needs descriptive problem name; solution needs expansion	Polish to the Part III convention: title, exact statement, focused theory if needed, fuller worked steps, and useful examples/extensions.
CP-II-0425	SOURCE_BACKED	B_POLISH	P2	18	41	8	YES	OPTIONAL	YES	OPTIONAL	TERSE_SOLUTION	solution needs expansion	Polish to the Part III convention: title, exact statement, focused theory if needed, fuller worked steps, and useful examples/extensions.
CP-II-0427	CANONICAL_AUTHORED	A_STRONG	P3	174	176	10	YES	OPTIONAL	OPTIONAL	OPTIONAL		substantial solution with no deterministic blocker/rewrite trigger	Retain; copy-edit into the Part III six-part convention where useful.
CP-II-0430	SOURCE_BACKED	B_POLISH	P2	28	121	14	NO	OPTIONAL	YES	OPTIONAL	MISSING_DESCRIPTIVE_TITLE	needs descriptive problem name	Polish to the Part III convention: title, exact statement, focused theory if needed, fuller worked steps, and useful examples/extensions.
CP-II-0431	CANONICAL_AUTHORED	B_POLISH	P2	42	91	6	NO	OPTIONAL	YES	OPTIONAL	MISSING_DESCRIPTIVE_TITLE;TERSE_SOLUTION	needs descriptive problem name; solution needs expansion	Polish to the Part III convention: title, exact statement, focused theory if needed, fuller worked steps, and useful examples/extensions.
CP-II-0432	CANONICAL_AUTHORED	A_STRONG	P3	578	360	19	YES	YES	OPTIONAL	OPTIONAL	SOURCE_CORRECTION_PRESENT	substantial solution with no deterministic blocker/rewrite trigger	Retain; copy-edit into the Part III six-part convention where useful.
CP-II-0437	SOURCE_BACKED	B_POLISH	P2	31	98	12	NO	OPTIONAL	YES	OPTIONAL	MISSING_DESCRIPTIVE_TITLE;TERSE_SOLUTION	needs descriptive problem name; solution needs expansion	Polish to the Part III convention: title, exact statement, focused theory if needed, fuller worked steps, and useful examples/extensions.
CP-II-0439	CANONICAL_AUTHORED	A_STRONG	P3	62	207	10	YES	OPTIONAL	OPTIONAL	OPTIONAL		substantial solution with no deterministic blocker/rewrite trigger	Retain; copy-edit into the Part III six-part convention where useful.
CP-II-0440	CANONICAL_AUTHORED	A_STRONG	P3	479	322	13	YES	YES	OPTIONAL	OPTIONAL	SOURCE_CORRECTION_PRESENT	substantial solution with no deterministic blocker/rewrite trigger	Retain; copy-edit into the Part III six-part convention where useful.
CP-II-0442	CANONICAL_AUTHORED	B_POLISH	P2	25	56	5	YES	OPTIONAL	YES	OPTIONAL	TERSE_SOLUTION	solution needs expansion	Polish to the Part III convention: title, exact statement, focused theory if needed, fuller worked steps, and useful examples/extensions.
CP-II-0444	CANONICAL_AUTHORED	A_STRONG	P3	142	160	10	YES	OPTIONAL	OPTIONAL	OPTIONAL		substantial solution with no deterministic blocker/rewrite trigger	Retain; copy-edit into the Part III six-part convention where useful.
CP-II-0446	SOURCE_BACKED	A_STRONG	P3	28	951	105	YES	OPTIONAL	OPTIONAL	OPTIONAL		substantial solution with no deterministic blocker/rewrite trigger	Retain; copy-edit into the Part III six-part convention where useful.
CP-II-0447	CANONICAL_AUTHORED	A_STRONG	P3	52	120	4	YES	OPTIONAL	OPTIONAL	OPTIONAL		substantial solution with no deterministic blocker/rewrite trigger	Retain; copy-edit into the Part III six-part convention where useful.
CP-II-0448	CANONICAL_AUTHORED	B_POLISH	P2	26	93	9	YES	OPTIONAL	YES	OPTIONAL	TERSE_SOLUTION	solution needs expansion	Polish to the Part III convention: title, exact statement, focused theory if needed, fuller worked steps, and useful examples/extensions.
CP-II-0449	SOURCE_BACKED	B_POLISH	P2	34	62	13	YES	OPTIONAL	YES	OPTIONAL	TERSE_SOLUTION	solution needs expansion	Polish to the Part III convention: title, exact statement, focused theory if needed, fuller worked steps, and useful examples/extensions.
CP-II-0450	CANONICAL_AUTHORED	A_STRONG	P3	50	160	11	YES	OPTIONAL	OPTIONAL	OPTIONAL		substantial solution with no deterministic blocker/rewrite trigger	Retain; copy-edit into the Part III six-part convention where useful.
CP-II-0451	CANONICAL_AUTHORED	A_STRONG	P3	113	406	23	YES	OPTIONAL	OPTIONAL	OPTIONAL		substantial solution with no deterministic blocker/rewrite trigger	Retain; copy-edit into the Part III six-part convention where useful.
CP-II-0452	CANONICAL_AUTHORED	A_STRONG	P3	259	151	13	YES	OPTIONAL	OPTIONAL	OPTIONAL		substantial solution with no deterministic blocker/rewrite trigger	Retain; copy-edit into the Part III six-part convention where useful.
CP-II-0455	CANONICAL_AUTHORED	A_STRONG	P3	384	362	25	YES	YES	OPTIONAL	OPTIONAL	SOURCE_CORRECTION_PRESENT	substantial solution with no deterministic blocker/rewrite trigger	Retain; copy-edit into the Part III six-part convention where useful.
CP-II-0456	CANONICAL_AUTHORED	B_POLISH	P2	33	95	6	YES	OPTIONAL	YES	OPTIONAL	TERSE_SOLUTION	solution needs expansion	Polish to the Part III convention: title, exact statement, focused theory if needed, fuller worked steps, and useful examples/extensions.
CP-II-0457	SOURCE_BACKED	A_STRONG	P3	196	140	20	YES	OPTIONAL	OPTIONAL	OPTIONAL		substantial solution with no deterministic blocker/rewrite trigger	Retain; copy-edit into the Part III six-part convention where useful.
CP-II-0463	CANONICAL_AUTHORED	B_POLISH	P2	12	60	5	NO	OPTIONAL	YES	OPTIONAL	MISSING_DESCRIPTIVE_TITLE;TERSE_SOLUTION	needs descriptive problem name; solution needs expansion	Polish to the Part III convention: title, exact statement, focused theory if needed, fuller worked steps, and useful examples/extensions.
CP-II-0465	CANONICAL_AUTHORED	B_POLISH	P2	24	92	5	YES	OPTIONAL	YES	OPTIONAL	TERSE_SOLUTION	solution needs expansion	Polish to the Part III convention: title, exact statement, focused theory if needed, fuller worked steps, and useful examples/extensions.
CP-II-0470	CANONICAL_AUTHORED	A_STRONG	P3	303	262	21	YES	YES	OPTIONAL	OPTIONAL		substantial solution with no deterministic blocker/rewrite trigger	Retain; copy-edit into the Part III six-part convention where useful.
CP-II-0472	CANONICAL_AUTHORED	B_POLISH	P2	13	84	3	YES	OPTIONAL	YES	OPTIONAL	TERSE_SOLUTION	solution needs expansion	Polish to the Part III convention: title, exact statement, focused theory if needed, fuller worked steps, and useful examples/extensions.
CP-II-0474	CANONICAL_AUTHORED	B_POLISH	P2	46	211	14	NO	OPTIONAL	YES	OPTIONAL	MISSING_DESCRIPTIVE_TITLE	needs descriptive problem name	Polish to the Part III convention: title, exact statement, focused theory if needed, fuller worked steps, and useful examples/extensions.
CP-II-0478	CANONICAL_AUTHORED	A_STRONG	P3	229	266	16	YES	OPTIONAL	OPTIONAL	OPTIONAL		substantial solution with no deterministic blocker/rewrite trigger	Retain; copy-edit into the Part III six-part convention where useful.
CP-II-0481	SOURCE_BACKED	B_POLISH	P2	90	52	14	YES	OPTIONAL	YES	OPTIONAL	TERSE_SOLUTION	solution needs expansion	Polish to the Part III convention: title, exact statement, focused theory if needed, fuller worked steps, and useful examples/extensions.
CP-II-0482	CANONICAL_AUTHORED	B_POLISH	P2	21	94	6	YES	OPTIONAL	YES	OPTIONAL	TERSE_SOLUTION	solution needs expansion	Polish to the Part III convention: title, exact statement, focused theory if needed, fuller worked steps, and useful examples/extensions.
CP-II-0483	SOURCE_BACKED	B_POLISH	P2	26	101	11	NO	OPTIONAL	YES	OPTIONAL	MISSING_DESCRIPTIVE_TITLE;TERSE_SOLUTION	needs descriptive problem name; solution needs expansion	Polish to the Part III convention: title, exact statement, focused theory if needed, fuller worked steps, and useful examples/extensions.
CP-II-0484	CANONICAL_AUTHORED	A_STRONG	P3	207	313	16	YES	OPTIONAL	OPTIONAL	OPTIONAL	SOURCE_CORRECTION_PRESENT;MANY_SHORTCUT_PHRASES	substantial solution with no deterministic blocker/rewrite trigger	Retain; copy-edit into the Part III six-part convention where useful.
CP-II-0486	CANONICAL_AUTHORED	B_POLISH	P2	31	77	7	NO	OPTIONAL	YES	OPTIONAL	MISSING_DESCRIPTIVE_TITLE;TERSE_SOLUTION	needs descriptive problem name; solution needs expansion	Polish to the Part III convention: title, exact statement, focused theory if needed, fuller worked steps, and useful examples/extensions.
CP-II-0487	CANONICAL_AUTHORED	A_STRONG	P3	42	131	8	YES	OPTIONAL	OPTIONAL	OPTIONAL		substantial solution with no deterministic blocker/rewrite trigger	Retain; copy-edit into the Part III six-part convention where useful.
CP-II-0488	CANONICAL_AUTHORED	A_STRONG	P3	64	304	22	YES	OPTIONAL	OPTIONAL	OPTIONAL		substantial solution with no deterministic blocker/rewrite trigger	Retain; copy-edit into the Part III six-part convention where useful.
CP-II-0489	CANONICAL_AUTHORED	B_POLISH	P2	12	93	5	NO	OPTIONAL	YES	OPTIONAL	MISSING_DESCRIPTIVE_TITLE;TERSE_SOLUTION	needs descriptive problem name; solution needs expansion	Polish to the Part III convention: title, exact statement, focused theory if needed, fuller worked steps, and useful examples/extensions.
CP-II-0490	CANONICAL_AUTHORED	A_STRONG	P3	64	141	11	YES	OPTIONAL	OPTIONAL	OPTIONAL		substantial solution with no deterministic blocker/rewrite trigger	Retain; copy-edit into the Part III six-part convention where useful.
CP-II-0491	CANONICAL_AUTHORED	A_STRONG	P3	67	170	10	YES	OPTIONAL	OPTIONAL	OPTIONAL		substantial solution with no deterministic blocker/rewrite trigger	Retain; copy-edit into the Part III six-part convention where useful.
CP-II-0493	SOURCE_BACKED	B_POLISH	P2	16	97	6	NO	OPTIONAL	YES	OPTIONAL	MISSING_DESCRIPTIVE_TITLE;TERSE_SOLUTION	needs descriptive problem name; solution needs expansion	Polish to the Part III convention: title, exact statement, focused theory if needed, fuller worked steps, and useful examples/extensions.
CP-II-0497	CANONICAL_AUTHORED	A_STRONG	P3	26	122	5	YES	OPTIONAL	OPTIONAL	OPTIONAL		substantial solution with no deterministic blocker/rewrite trigger	Retain; copy-edit into the Part III six-part convention where useful.
CP-II-0501	CANONICAL_AUTHORED	A_STRONG	P3	85	134	9	YES	OPTIONAL	OPTIONAL	OPTIONAL		substantial solution with no deterministic blocker/rewrite trigger	Retain; copy-edit into the Part III six-part convention where useful.
CP-II-0502	SOURCE_BACKED	A_STRONG	P3	104	160	12	YES	OPTIONAL	OPTIONAL	OPTIONAL		substantial solution with no deterministic blocker/rewrite trigger	Retain; copy-edit into the Part III six-part convention where useful.
CP-II-0503	CANONICAL_AUTHORED	B_POLISH	P2	48	100	7	YES	OPTIONAL	YES	OPTIONAL	TERSE_SOLUTION	solution needs expansion	Polish to the Part III convention: title, exact statement, focused theory if needed, fuller worked steps, and useful examples/extensions.
CP-II-0504	CANONICAL_AUTHORED	A_STRONG	P3	69	284	19	YES	OPTIONAL	OPTIONAL	OPTIONAL		substantial solution with no deterministic blocker/rewrite trigger	Retain; copy-edit into the Part III six-part convention where useful.
CP-II-0505	CANONICAL_AUTHORED	B_POLISH	P2	40	70	1	YES	OPTIONAL	YES	OPTIONAL	TERSE_SOLUTION	solution needs expansion	Polish to the Part III convention: title, exact statement, focused theory if needed, fuller worked steps, and useful examples/extensions.
CP-II-0507	CANONICAL_AUTHORED	A_STRONG	P3	30	167	8	YES	OPTIONAL	OPTIONAL	OPTIONAL		substantial solution with no deterministic blocker/rewrite trigger	Retain; copy-edit into the Part III six-part convention where useful.
CP-II-0509	CANONICAL_AUTHORED	B_POLISH	P2	57	109	10	YES	OPTIONAL	YES	OPTIONAL	TERSE_SOLUTION	solution needs expansion	Polish to the Part III convention: title, exact statement, focused theory if needed, fuller worked steps, and useful examples/extensions.
CP-II-0511	CANONICAL_AUTHORED	A_STRONG	P3	29	122	13	YES	OPTIONAL	OPTIONAL	OPTIONAL		substantial solution with no deterministic blocker/rewrite trigger	Retain; copy-edit into the Part III six-part convention where useful.
CP-II-0512	CANONICAL_AUTHORED	B_POLISH	P2	22	95	6	NO	OPTIONAL	YES	OPTIONAL	MISSING_DESCRIPTIVE_TITLE;TERSE_SOLUTION	needs descriptive problem name; solution needs expansion	Polish to the Part III convention: title, exact statement, focused theory if needed, fuller worked steps, and useful examples/extensions.
CP-II-0513	SOURCE_BACKED	B_POLISH	P2	34	86	5	NO	OPTIONAL	YES	OPTIONAL	MISSING_DESCRIPTIVE_TITLE;TERSE_SOLUTION	needs descriptive problem name; solution needs expansion	Polish to the Part III convention: title, exact statement, focused theory if needed, fuller worked steps, and useful examples/extensions.
CP-II-0515	CANONICAL_AUTHORED	B_POLISH	P2	19	60	2	YES	OPTIONAL	YES	OPTIONAL	TERSE_SOLUTION	solution needs expansion	Polish to the Part III convention: title, exact statement, focused theory if needed, fuller worked steps, and useful examples/extensions.
CP-II-0516	CANONICAL_AUTHORED	A_STRONG	P3	20	133	8	YES	OPTIONAL	OPTIONAL	OPTIONAL		substantial solution with no deterministic blocker/rewrite trigger	Retain; copy-edit into the Part III six-part convention where useful.
CP-II-0517	CANONICAL_AUTHORED	A_STRONG	P3	63	146	9	YES	OPTIONAL	OPTIONAL	OPTIONAL		substantial solution with no deterministic blocker/rewrite trigger	Retain; copy-edit into the Part III six-part convention where useful.
CP-II-0518	CANONICAL_AUTHORED	A_STRONG	P3	119	193	15	YES	OPTIONAL	OPTIONAL	OPTIONAL		substantial solution with no deterministic blocker/rewrite trigger	Retain; copy-edit into the Part III six-part convention where useful.
CP-II-0519	CANONICAL_AUTHORED	A_STRONG	P3	52	191	6	YES	OPTIONAL	OPTIONAL	OPTIONAL		substantial solution with no deterministic blocker/rewrite trigger	Retain; copy-edit into the Part III six-part convention where useful.
CP-II-0521	CANONICAL_AUTHORED	B_POLISH	P2	86	199	13	NO	OPTIONAL	YES	OPTIONAL	MISSING_DESCRIPTIVE_TITLE	needs descriptive problem name	Polish to the Part III convention: title, exact statement, focused theory if needed, fuller worked steps, and useful examples/extensions.
CP-II-0522	CANONICAL_AUTHORED	B_POLISH	P2	26	161	10	NO	OPTIONAL	YES	OPTIONAL	MISSING_DESCRIPTIVE_TITLE	needs descriptive problem name	Polish to the Part III convention: title, exact statement, focused theory if needed, fuller worked steps, and useful examples/extensions.
CP-II-0524	SOURCE_BACKED	B_POLISH	P2	51	88	8	NO	OPTIONAL	YES	OPTIONAL	MISSING_DESCRIPTIVE_TITLE;TERSE_SOLUTION	needs descriptive problem name; solution needs expansion	Polish to the Part III convention: title, exact statement, focused theory if needed, fuller worked steps, and useful examples/extensions.
CP-II-0525	CANONICAL_AUTHORED	B_POLISH	P2	12	86	9	NO	OPTIONAL	YES	OPTIONAL	MISSING_DESCRIPTIVE_TITLE;TERSE_SOLUTION	needs descriptive problem name; solution needs expansion	Polish to the Part III convention: title, exact statement, focused theory if needed, fuller worked steps, and useful examples/extensions.
CP-II-0526	CANONICAL_AUTHORED	B_POLISH	P2	102	142	8	NO	OPTIONAL	YES	OPTIONAL	MISSING_DESCRIPTIVE_TITLE	needs descriptive problem name	Polish to the Part III convention: title, exact statement, focused theory if needed, fuller worked steps, and useful examples/extensions.
CP-II-0527	CANONICAL_AUTHORED	B_POLISH	P2	72	105	7	YES	OPTIONAL	YES	OPTIONAL	TERSE_SOLUTION	solution needs expansion	Polish to the Part III convention: title, exact statement, focused theory if needed, fuller worked steps, and useful examples/extensions.
CP-II-0529	CANONICAL_AUTHORED	B_POLISH	P2	62	95	4	NO	OPTIONAL	YES	OPTIONAL	MISSING_DESCRIPTIVE_TITLE;TERSE_SOLUTION	needs descriptive problem name; solution needs expansion	Polish to the Part III convention: title, exact statement, focused theory if needed, fuller worked steps, and useful examples/extensions.
CP-II-0531	CANONICAL_AUTHORED	B_POLISH	P2	195	110	9	NO	OPTIONAL	YES	OPTIONAL	MISSING_DESCRIPTIVE_TITLE	needs descriptive problem name	Polish to the Part III convention: title, exact statement, focused theory if needed, fuller worked steps, and useful examples/extensions.
CP-II-0534	SOURCE_BACKED	A_STRONG	P3	81	125	7	YES	OPTIONAL	OPTIONAL	OPTIONAL		substantial solution with no deterministic blocker/rewrite trigger	Retain; copy-edit into the Part III six-part convention where useful.
CP-II-0536	SOURCE_BACKED	A_STRONG	P3	55	240	39	YES	OPTIONAL	OPTIONAL	OPTIONAL		substantial solution with no deterministic blocker/rewrite trigger	Retain; copy-edit into the Part III six-part convention where useful.
CP-II-0537	CANONICAL_AUTHORED	B_POLISH	P2	28	88	6	YES	OPTIONAL	YES	OPTIONAL	TERSE_SOLUTION	solution needs expansion	Polish to the Part III convention: title, exact statement, focused theory if needed, fuller worked steps, and useful examples/extensions.
CP-II-0538	CANONICAL_AUTHORED	A_STRONG	P3	181	202	10	YES	OPTIONAL	OPTIONAL	OPTIONAL		substantial solution with no deterministic blocker/rewrite trigger	Retain; copy-edit into the Part III six-part convention where useful.
CP-II-0541	CANONICAL_AUTHORED	B_POLISH	P2	17	91	7	YES	OPTIONAL	YES	OPTIONAL	TERSE_SOLUTION	solution needs expansion	Polish to the Part III convention: title, exact statement, focused theory if needed, fuller worked steps, and useful examples/extensions.
CP-II-0542	SOURCE_BACKED	B_POLISH	P2	44	100	14	YES	OPTIONAL	YES	OPTIONAL	TERSE_SOLUTION	solution needs expansion	Polish to the Part III convention: title, exact statement, focused theory if needed, fuller worked steps, and useful examples/extensions.
CP-II-0543	CANONICAL_AUTHORED	A_STRONG	P3	360	144	10	YES	YES	OPTIONAL	OPTIONAL		substantial solution with no deterministic blocker/rewrite trigger	Retain; copy-edit into the Part III six-part convention where useful.
CP-II-0546	CANONICAL_AUTHORED	B_POLISH	P2	215	102	11	YES	OPTIONAL	YES	OPTIONAL	TERSE_SOLUTION	solution needs expansion	Polish to the Part III convention: title, exact statement, focused theory if needed, fuller worked steps, and useful examples/extensions.
CP-II-0553	CANONICAL_AUTHORED	B_POLISH	P2	17	72	6	NO	OPTIONAL	YES	OPTIONAL	MISSING_DESCRIPTIVE_TITLE;TERSE_SOLUTION	needs descriptive problem name; solution needs expansion	Polish to the Part III convention: title, exact statement, focused theory if needed, fuller worked steps, and useful examples/extensions.
CP-II-0555	SOURCE_BACKED	B_POLISH	P2	19	224	23	NO	OPTIONAL	YES	OPTIONAL	MISSING_DESCRIPTIVE_TITLE	needs descriptive problem name	Polish to the Part III convention: title, exact statement, focused theory if needed, fuller worked steps, and useful examples/extensions.
CP-II-0556	CANONICAL_AUTHORED	A_STRONG	P3	332	257	11	YES	YES	OPTIONAL	OPTIONAL		substantial solution with no deterministic blocker/rewrite trigger	Retain; copy-edit into the Part III six-part convention where useful.
CP-II-0557	CANONICAL_AUTHORED	B_POLISH	P2	29	81	6	NO	OPTIONAL	YES	OPTIONAL	MISSING_DESCRIPTIVE_TITLE;TERSE_SOLUTION	needs descriptive problem name; solution needs expansion	Polish to the Part III convention: title, exact statement, focused theory if needed, fuller worked steps, and useful examples/extensions.
CP-II-0558	CANONICAL_AUTHORED	B_POLISH	P2	14	45	2	NO	OPTIONAL	YES	OPTIONAL	MISSING_DESCRIPTIVE_TITLE;TERSE_SOLUTION	needs descriptive problem name; solution needs expansion	Polish to the Part III convention: title, exact statement, focused theory if needed, fuller worked steps, and useful examples/extensions.
CP-II-0560	CANONICAL_AUTHORED	A_STRONG	P3	181	178	15	YES	OPTIONAL	OPTIONAL	OPTIONAL		substantial solution with no deterministic blocker/rewrite trigger	Retain; copy-edit into the Part III six-part convention where useful.
CP-II-0561	CANONICAL_AUTHORED	A_STRONG	P3	589	370	24	YES	YES	OPTIONAL	OPTIONAL		substantial solution with no deterministic blocker/rewrite trigger	Retain; copy-edit into the Part III six-part convention where useful.
CP-II-0562	SOURCE_BACKED	B_POLISH	P2	57	56	11	YES	OPTIONAL	YES	OPTIONAL	TERSE_SOLUTION	solution needs expansion	Polish to the Part III convention: title, exact statement, focused theory if needed, fuller worked steps, and useful examples/extensions.
CP-II-0563	CANONICAL_AUTHORED	A_STRONG	P3	269	207	13	YES	YES	OPTIONAL	OPTIONAL		substantial solution with no deterministic blocker/rewrite trigger	Retain; copy-edit into the Part III six-part convention where useful.
CP-II-0566	CANONICAL_AUTHORED	B_POLISH	P2	63	80	9	NO	OPTIONAL	YES	OPTIONAL	MISSING_DESCRIPTIVE_TITLE;TERSE_SOLUTION	needs descriptive problem name; solution needs expansion	Polish to the Part III convention: title, exact statement, focused theory if needed, fuller worked steps, and useful examples/extensions.
CP-II-0570	SOURCE_BACKED	B_POLISH	P2	105	127	17	NO	OPTIONAL	YES	OPTIONAL	MISSING_DESCRIPTIVE_TITLE	needs descriptive problem name	Polish to the Part III convention: title, exact statement, focused theory if needed, fuller worked steps, and useful examples/extensions.
CP-II-0018	CANONICAL_AUTHORED	B_POLISH	P2	93	110	6	NO	OPTIONAL	YES	OPTIONAL	MISSING_DESCRIPTIVE_TITLE	needs descriptive problem name	Polish to the Part III convention: title, exact statement, focused theory if needed, fuller worked steps, and useful examples/extensions.
CP-II-0023	SOURCE_BACKED	A_STRONG	P3	159	134	19	YES	OPTIONAL	OPTIONAL	OPTIONAL		substantial solution with no deterministic blocker/rewrite trigger	Retain; copy-edit into the Part III six-part convention where useful.
CP-II-0047	SOURCE_BACKED	A_STRONG	P3	94	134	2	YES	OPTIONAL	OPTIONAL	OPTIONAL		substantial solution with no deterministic blocker/rewrite trigger	Retain; copy-edit into the Part III six-part convention where useful.
CP-II-0098	CANONICAL_AUTHORED	A_STRONG	P3	503	167	13	YES	YES	OPTIONAL	OPTIONAL		substantial solution with no deterministic blocker/rewrite trigger	Retain; copy-edit into the Part III six-part convention where useful.
CP-II-0112	CANONICAL_AUTHORED	B_POLISH	P2	49	101	10	YES	OPTIONAL	YES	OPTIONAL	TERSE_SOLUTION	solution needs expansion	Polish to the Part III convention: title, exact statement, focused theory if needed, fuller worked steps, and useful examples/extensions.
CP-II-0119	SOURCE_BACKED	B_POLISH	P2	79	96	14	YES	OPTIONAL	YES	OPTIONAL	TERSE_SOLUTION	solution needs expansion	Polish to the Part III convention: title, exact statement, focused theory if needed, fuller worked steps, and useful examples/extensions.
CP-II-0159	CANONICAL_AUTHORED	B_POLISH	P2	79	88	11	YES	OPTIONAL	YES	OPTIONAL	TERSE_SOLUTION	solution needs expansion	Polish to the Part III convention: title, exact statement, focused theory if needed, fuller worked steps, and useful examples/extensions.
CP-II-0174	CANONICAL_AUTHORED	B_POLISH	P2	95	170	8	NO	OPTIONAL	YES	OPTIONAL	MISSING_DESCRIPTIVE_TITLE	needs descriptive problem name	Polish to the Part III convention: title, exact statement, focused theory if needed, fuller worked steps, and useful examples/extensions.
CP-II-0182	SOURCE_BACKED	B_POLISH	P2	148	100	19	YES	OPTIONAL	YES	OPTIONAL	TERSE_SOLUTION	solution needs expansion	Polish to the Part III convention: title, exact statement, focused theory if needed, fuller worked steps, and useful examples/extensions.
CP-II-0197	SOURCE_BACKED	B_POLISH	P2	168	107	16	YES	OPTIONAL	YES	OPTIONAL	TERSE_SOLUTION	solution needs expansion	Polish to the Part III convention: title, exact statement, focused theory if needed, fuller worked steps, and useful examples/extensions.
CP-II-0238	CANONICAL_AUTHORED	A_STRONG	P3	60	172	7	YES	OPTIONAL	OPTIONAL	OPTIONAL		substantial solution with no deterministic blocker/rewrite trigger	Retain; copy-edit into the Part III six-part convention where useful.
CP-II-0242	CANONICAL_AUTHORED	A_STRONG	P3	86	174	5	YES	OPTIONAL	OPTIONAL	OPTIONAL		substantial solution with no deterministic blocker/rewrite trigger	Retain; copy-edit into the Part III six-part convention where useful.
CP-II-0278	CANONICAL_AUTHORED	A_STRONG	P3	106	156	12	YES	OPTIONAL	OPTIONAL	OPTIONAL		substantial solution with no deterministic blocker/rewrite trigger	Retain; copy-edit into the Part III six-part convention where useful.
CP-II-0311	CANONICAL_AUTHORED	A_STRONG	P3	268	199	8	YES	YES	OPTIONAL	OPTIONAL		substantial solution with no deterministic blocker/rewrite trigger	Retain; copy-edit into the Part III six-part convention where useful.
CP-II-0315	CANONICAL_AUTHORED	A_STRONG	P3	202	300	18	YES	OPTIONAL	OPTIONAL	OPTIONAL	SOURCE_CORRECTION_PRESENT	substantial solution with no deterministic blocker/rewrite trigger	Retain; copy-edit into the Part III six-part convention where useful.
CP-II-0345	SOURCE_BACKED	A_STRONG	P3	82	361	34	YES	OPTIONAL	OPTIONAL	OPTIONAL		substantial solution with no deterministic blocker/rewrite trigger	Retain; copy-edit into the Part III six-part convention where useful.
CP-II-0349	CANONICAL_AUTHORED	A_STRONG	P3	696	221	15	YES	YES	OPTIONAL	OPTIONAL		substantial solution with no deterministic blocker/rewrite trigger	Retain; copy-edit into the Part III six-part convention where useful.
CP-II-0377	CANONICAL_AUTHORED	B_POLISH	P2	209	204	14	NO	OPTIONAL	YES	OPTIONAL	MISSING_DESCRIPTIVE_TITLE	needs descriptive problem name	Polish to the Part III convention: title, exact statement, focused theory if needed, fuller worked steps, and useful examples/extensions.
CP-II-0461	SOURCE_BACKED	B_POLISH	P2	29	134	7	NO	OPTIONAL	YES	OPTIONAL	MISSING_DESCRIPTIVE_TITLE	needs descriptive problem name	Polish to the Part III convention: title, exact statement, focused theory if needed, fuller worked steps, and useful examples/extensions.
CP-II-0462	CANONICAL_AUTHORED	B_POLISH	P2	53	97	11	NO	OPTIONAL	YES	OPTIONAL	MISSING_DESCRIPTIVE_TITLE;TERSE_SOLUTION	needs descriptive problem name; solution needs expansion	Polish to the Part III convention: title, exact statement, focused theory if needed, fuller worked steps, and useful examples/extensions.
CP-II-0464	SOURCE_BACKED	A_STRONG	P3	130	131	25	YES	OPTIONAL	OPTIONAL	OPTIONAL		substantial solution with no deterministic blocker/rewrite trigger	Retain; copy-edit into the Part III six-part convention where useful.
CP-II-0469	CANONICAL_AUTHORED	A_STRONG	P3	53	143	12	YES	OPTIONAL	OPTIONAL	OPTIONAL		substantial solution with no deterministic blocker/rewrite trigger	Retain; copy-edit into the Part III six-part convention where useful.
CP-II-0567	SOURCE_BACKED	B_POLISH	P2	34	186	19	NO	OPTIONAL	YES	OPTIONAL	MISSING_DESCRIPTIVE_TITLE	needs descriptive problem name	Polish to the Part III convention: title, exact statement, focused theory if needed, fuller worked steps, and useful examples/extensions.
CP-II-0005	CANONICAL_AUTHORED	A_STRONG	P3	100	213	13	YES	OPTIONAL	OPTIONAL	OPTIONAL		substantial solution with no deterministic blocker/rewrite trigger	Retain; copy-edit into the Part III six-part convention where useful.
CP-II-0014	CANONICAL_AUTHORED	A_STRONG	P3	328	268	23	YES	YES	OPTIONAL	OPTIONAL		substantial solution with no deterministic blocker/rewrite trigger	Retain; copy-edit into the Part III six-part convention where useful.
CP-II-0038	CANONICAL_AUTHORED	A_STRONG	P3	50	118	11	YES	OPTIONAL	OPTIONAL	OPTIONAL		substantial solution with no deterministic blocker/rewrite trigger	Retain; copy-edit into the Part III six-part convention where useful.
CP-II-0076	SOURCE_BACKED	B_POLISH	P2	160	92	12	YES	OPTIONAL	YES	OPTIONAL	TERSE_SOLUTION	solution needs expansion	Polish to the Part III convention: title, exact statement, focused theory if needed, fuller worked steps, and useful examples/extensions.
CP-II-0111	SOURCE_BACKED	B_POLISH	P2	90	80	10	YES	OPTIONAL	YES	OPTIONAL	TERSE_SOLUTION	solution needs expansion	Polish to the Part III convention: title, exact statement, focused theory if needed, fuller worked steps, and useful examples/extensions.
CP-II-0143	SOURCE_BACKED	B_POLISH	P2	20	124	10	NO	OPTIONAL	YES	OPTIONAL	MISSING_DESCRIPTIVE_TITLE	needs descriptive problem name	Polish to the Part III convention: title, exact statement, focused theory if needed, fuller worked steps, and useful examples/extensions.
CP-II-0163	CANONICAL_AUTHORED	A_STRONG	P3	62	157	11	YES	OPTIONAL	OPTIONAL	OPTIONAL		substantial solution with no deterministic blocker/rewrite trigger	Retain; copy-edit into the Part III six-part convention where useful.
CP-II-0198	SOURCE_BACKED	B_POLISH	P2	68	139	15	NO	OPTIONAL	YES	OPTIONAL	MISSING_DESCRIPTIVE_TITLE	needs descriptive problem name	Polish to the Part III convention: title, exact statement, focused theory if needed, fuller worked steps, and useful examples/extensions.
CP-II-0216	SOURCE_BACKED	A_STRONG	P3	27	115	7	YES	OPTIONAL	OPTIONAL	OPTIONAL		substantial solution with no deterministic blocker/rewrite trigger	Retain; copy-edit into the Part III six-part convention where useful.
CP-II-0217	CANONICAL_AUTHORED	A_STRONG	P3	242	129	12	YES	OPTIONAL	OPTIONAL	OPTIONAL		substantial solution with no deterministic blocker/rewrite trigger	Retain; copy-edit into the Part III six-part convention where useful.
CP-II-0331	CANONICAL_AUTHORED	A_STRONG	P3	162	262	15	YES	OPTIONAL	OPTIONAL	OPTIONAL		substantial solution with no deterministic blocker/rewrite trigger	Retain; copy-edit into the Part III six-part convention where useful.
CP-II-0340	CANONICAL_AUTHORED	A_STRONG	P3	505	245	16	YES	YES	OPTIONAL	OPTIONAL		substantial solution with no deterministic blocker/rewrite trigger	Retain; copy-edit into the Part III six-part convention where useful.
CP-II-0346	SOURCE_BACKED	A_STRONG	P3	250	179	22	YES	OPTIONAL	OPTIONAL	OPTIONAL		substantial solution with no deterministic blocker/rewrite trigger	Retain; copy-edit into the Part III six-part convention where useful.
CP-II-0353	CANONICAL_AUTHORED	A_STRONG	P3	519	350	17	YES	YES	OPTIONAL	OPTIONAL		substantial solution with no deterministic blocker/rewrite trigger	Retain; copy-edit into the Part III six-part convention where useful.
CP-II-0359	SOURCE_BACKED	A_STRONG	P3	117	227	29	YES	OPTIONAL	OPTIONAL	OPTIONAL		substantial solution with no deterministic blocker/rewrite trigger	Retain; copy-edit into the Part III six-part convention where useful.
CP-II-0363	CANONICAL_AUTHORED	B_POLISH	P2	68	107	2	YES	OPTIONAL	YES	OPTIONAL	TERSE_SOLUTION	solution needs expansion	Polish to the Part III convention: title, exact statement, focused theory if needed, fuller worked steps, and useful examples/extensions.
CP-II-0373	SOURCE_BACKED	B_POLISH	P2	58	183	22	NO	OPTIONAL	YES	OPTIONAL	MISSING_DESCRIPTIVE_TITLE	needs descriptive problem name	Polish to the Part III convention: title, exact statement, focused theory if needed, fuller worked steps, and useful examples/extensions.
CP-II-0405	SOURCE_BACKED	A_STRONG	P3	199	266	25	YES	OPTIONAL	OPTIONAL	OPTIONAL		substantial solution with no deterministic blocker/rewrite trigger	Retain; copy-edit into the Part III six-part convention where useful.
CP-II-0410	SOURCE_BACKED	B_POLISH	P2	45	151	14	NO	OPTIONAL	YES	OPTIONAL	MISSING_DESCRIPTIVE_TITLE	needs descriptive problem name	Polish to the Part III convention: title, exact statement, focused theory if needed, fuller worked steps, and useful examples/extensions.
CP-II-0466	SOURCE_BACKED	B_POLISH	P2	124	77	14	YES	OPTIONAL	YES	OPTIONAL	TERSE_SOLUTION	solution needs expansion	Polish to the Part III convention: title, exact statement, focused theory if needed, fuller worked steps, and useful examples/extensions.
CP-II-0476	CANONICAL_AUTHORED	A_STRONG	P3	130	168	17	YES	OPTIONAL	OPTIONAL	OPTIONAL		substantial solution with no deterministic blocker/rewrite trigger	Retain; copy-edit into the Part III six-part convention where useful.
CP-II-0480	CANONICAL_AUTHORED	A_STRONG	P3	1496	506	28	YES	YES	OPTIONAL	OPTIONAL	LONG_PROBLEM_BODY;SOURCE_CORRECTION_PRESENT	substantial solution with no deterministic blocker/rewrite trigger	Retain; copy-edit into the Part III six-part convention where useful.
CP-II-0485	CANONICAL_AUTHORED	A_STRONG	P3	72	303	22	YES	OPTIONAL	OPTIONAL	OPTIONAL		substantial solution with no deterministic blocker/rewrite trigger	Retain; copy-edit into the Part III six-part convention where useful.
CP-II-0496	CANONICAL_AUTHORED	B_POLISH	P2	30	93	5	YES	OPTIONAL	YES	OPTIONAL	TERSE_SOLUTION	solution needs expansion	Polish to the Part III convention: title, exact statement, focused theory if needed, fuller worked steps, and useful examples/extensions.
CP-II-0510	CANONICAL_AUTHORED	B_POLISH	P2	257	198	16	NO	OPTIONAL	YES	OPTIONAL	MISSING_DESCRIPTIVE_TITLE	needs descriptive problem name	Polish to the Part III convention: title, exact statement, focused theory if needed, fuller worked steps, and useful examples/extensions.
CP-II-0550	CANONICAL_AUTHORED	A_STRONG	P3	256	239	16	YES	OPTIONAL	OPTIONAL	OPTIONAL		substantial solution with no deterministic blocker/rewrite trigger	Retain; copy-edit into the Part III six-part convention where useful.
